#include "charizardSprite.h"

const unsigned short charizardBack[CHARIZARD_BACK_WIDTH * CHARIZARD_BACK_HEIGHT] = {
    0xF81F, 0xF81F, 0xF81F, 0xF81F, 0xF81F, 0xF81F, 0xF81F, 0xF81F, 0xF81F, 0xF81F, 0xF81F, 0xF81F, 0xF81F, 0xF81F, 0xF81F, 0xF81F,
    0xF81F, 0xF81F, 0xF81F, 0xF81F, 0xF81F, 0xF81F, 0xF81F, 0xF81F, 0xF81F, 0xF81F, 0xF81F, 0xF81F, 0xF81F, 0xF81F, 0xF81F, 0xF81F,
    0xF81F, 0xF81F, 0xF81F, 0xF81F, 0xF81F, 0xF81F, 0xF81F, 0xF81F, 0xF81F, 0xF81F, 0xF81F, 0xF81F, 0xF81F, 0xF81F, 0xF81F, 0xF81F,
    0xF81F, 0xF81F, 0xF81F, 0xF81F, 0xF81F, 0xF81F, 0xF81F, 0xF81F, 0xF81F, 0xF81F, 0xF81F, 0xF81F, 0xF81F, 0xF81F, 0xF81F, 0xF81F,
    0xF81F, 0xF81F, 0xF81F, 0xF81F, 0xF81F, 0xF81F, 0xF81F, 0xF81F, 0xF81F, 0xF81F, 0xF81F, 0xF81F, 0xF81F, 0xF81F, 0xF81F, 0xF81F,
    0xF81F, 0xF81F, 0xF81F, 0xF81F, 0xF81F, 0xF81F, 0xF81F, 0xF81F, 0xF81F, 0xF81F, 0xF81F, 0xF81F, 0xF81F, 0xF81F, 0xF81F, 0xF81F,
    0xF81F, 0xF81F, 0xF81F, 0xF81F, 0xF81F, 0xF81F, 0xF81F, 0xF81F, 0xF81F, 0xF81F, 0xF81F, 0xF81F, 0xF81F, 0xF81F, 0xF81F, 0xF81F,
    0xF81F, 0xF81F, 0xF81F, 0xF81F, 0xF81F, 0xF81F, 0xF81F, 0xF81F, 0xF81F, 0xF81F, 0xF81F, 0xF81F, 0xF81F, 0xF81F, 0xF81F, 0xF81F,
    0xF81F, 0xF81F, 0xF81F, 0xF81F, 0xF81F, 0xF81F, 0xF81F, 0xF81F, 0xF81F, 0xF81F, 0xF81F, 0xF81F, 0xF81F, 0xF81F, 0xF81F, 0xF81F,
    0xF81F, 0xF81F, 0xF81F, 0xF81F, 0xF81F, 0xF81F, 0xF81F, 0xF81F, 0xF81F, 0xF81F, 0xF81F, 0xF81F, 0xF81F, 0xF81F, 0xF81F, 0xF81F,
    0xF81F, 0xF81F, 0xF81F, 0xF81F, 0xF81F, 0xF81F, 0xF81F, 0xF81F, 0xF81F, 0xF81F, 0xF81F, 0xF81F, 0xF81F, 0xF81F, 0xF81F, 0xF81F,
    0xF81F, 0xF81F, 0xF81F, 0xF81F, 0xF81F, 0xF81F, 0xF81F, 0xF81F, 0xF81F, 0xF81F, 0xF81F, 0xF81F, 0xF81F, 0xF81F, 0xF81F, 0xF81F,
    0xF81F, 0xF81F, 0xF81F, 0xF81F, 0xF81F, 0xF81F, 0xF81F, 0xF81F, 0xF81F, 0xF81F, 0xF81F, 0xF81F, 0xF81F, 0xF81F, 0xF81F, 0xF81F,
    0xF81F, 0xF81F, 0xF81F, 0xF81F, 0xF81F, 0xF81F, 0xF81F, 0xF81F, 0xF81F, 0xF81F, 0xF81F, 0xF81F, 0xF81F, 0xF81F, 0xF81F, 0xF81F,
    0xF81F, 0xF81F, 0xF81F, 0xF81F, 0xF81F, 0xF81F, 0xF81F, 0xF81F, 0xF81F, 0xF81F, 0xF81F, 0xF81F, 0xF81F, 0xF81F, 0xF81F, 0xF81F,
    0xF81F, 0xF81F, 0xF81F, 0xF81F, 0xF81F, 0xF81F, 0xF81F, 0xF81F, 0xF81F, 0xF81F, 0xF81F, 0xF81F, 0xF81F, 0xF81F, 0xF81F, 0xF81F,
    0xF81F, 0xF81F, 0xF81F, 0xF81F, 0xF81F, 0xF81F, 0xF81F, 0xF81F, 0xF81F, 0xF81F, 0xF81F, 0xF81F, 0xF81F, 0xF81F, 0xF81F, 0xF81F,
    0xF81F, 0xF81F, 0xF81F, 0xF81F, 0xF81F, 0xF81F, 0xF81F, 0xF81F, 0xF81F, 0xF81F, 0xF81F, 0xF81F, 0xF81F, 0xF81F, 0xF81F, 0xF81F,
    0xF81F, 0xF81F, 0xF81F, 0xF81F, 0xF81F, 0xF81F, 0xF81F, 0xF81F, 0xF81F, 0xF81F, 0xF81F, 0xF81F, 0xF81F, 0xF81F, 0xF81F, 0xF81F,
    0xF81F, 0xF81F, 0xF81F, 0xF81F, 0xF81F, 0xF81F, 0xF81F, 0xF81F, 0xF81F, 0xF81F, 0xF81F, 0xF81F, 0xF81F, 0xF81F, 0xF81F, 0xF81F,
    0xF81F, 0xF81F, 0xF81F, 0xF81F, 0xF81F, 0xF81F, 0xF81F, 0xF81F, 0xF81F, 0xF81F, 0xF81F, 0xF81F, 0xF81F, 0xF81F, 0xF81F, 0xF81F,
    0xF81F, 0xF81F, 0xF81F, 0xF81F, 0xF81F, 0xF81F, 0xF81F, 0xF81F, 0xF81F, 0xF81F, 0xF81F, 0xF81F, 0xF81F, 0xF81F, 0xF81F, 0xF81F,
    0xF81F, 0xF81F, 0xF81F, 0xF81F, 0xF81F, 0xF81F, 0xF81F, 0xF81F, 0xF81F, 0xF81F, 0xF81F, 0xF81F, 0xF81F, 0xF81F, 0xF81F, 0xF81F,
    0xF81F, 0xF81F, 0xF81F, 0xF81F, 0xF81F, 0xF81F, 0xF81F, 0xF81F, 0xF81F, 0xF81F, 0xF81F, 0xF81F, 0xF81F, 0xF81F, 0xF81F, 0xF81F,
    0xF81F, 0xF81F, 0xF81F, 0xF81F, 0xF81F, 0xF81F, 0xF81F, 0xF81F, 0xF81F, 0xF81F, 0xF81F, 0xF81F, 0xF81F, 0xF81F, 0xF81F, 0xF81F,
    0xF81F, 0xF81F, 0xF81F, 0xF81F, 0xF81F, 0xF81F, 0xF81F, 0xF81F, 0xF81F, 0xF81F, 0xF81F, 0xF81F, 0xF81F, 0xF81F, 0xF81F, 0xF81F,
    0xF81F, 0xF81F, 0xF81F, 0xF81F, 0xF81F, 0xF81F, 0xF81F, 0xF81F, 0xF81F, 0xE202, 0xF81F, 0xF81F, 0xF81F, 0xF81F, 0xF81F, 0xF81F,
    0xF81F, 0xF81F, 0xF81F, 0xF81F, 0xF81F, 0xF81F, 0xF81F, 0xF81F, 0xF81F, 0xF81F, 0xF81F, 0xF81F, 0xF81F, 0xF81F, 0xF81F, 0xF81F,
    0xF81F, 0xF81F, 0xF81F, 0xF81F, 0xF81F, 0xF81F, 0xF81F, 0xF81F, 0xF81F, 0xF81F, 0xF81F, 0xF81F, 0xF81F, 0xF81F, 0xF81F, 0xF81F,
    0xF81F, 0xF81F, 0xF81F, 0xF81F, 0xF81F, 0xF81F, 0xF81F, 0xF81F, 0xF81F, 0xF81F, 0xF81F, 0xF81F, 0xF81F, 0xF81F, 0xF81F, 0xF81F,
    0xF81F, 0xF81F, 0xF81F, 0xF81F, 0xF81F, 0xF81F, 0xF81F, 0xF81F, 0xF81F, 0xF81F, 0xF81F, 0xF81F, 0xF81F, 0xF81F, 0xF81F, 0xF81F,
    0xF81F, 0xF81F, 0xF81F, 0xF81F, 0xF81F, 0xF81F, 0xF81F, 0xF81F, 0xF81F, 0xF81F, 0xF81F, 0xF81F, 0xF81F, 0xF81F, 0xF81F, 0xF81F,
    0xF81F, 0xF81F, 0xF81F, 0xF81F, 0xF81F, 0xF81F, 0xF81F, 0xF81F, 0xF81F, 0xE202, 0xF81F, 0xF81F, 0xF81F, 0xF81F, 0xF81F, 0xF81F,
    0xF81F, 0xF81F, 0xF81F, 0xF81F, 0xF81F, 0xF81F, 0xF81F, 0xF81F, 0xF81F, 0xF81F, 0xF81F, 0xF81F, 0xF81F, 0xF81F, 0xF81F, 0xF81F,
    0xF81F, 0xF81F, 0xF81F, 0xF81F, 0xF81F, 0xF81F, 0xF81F, 0xF81F, 0xF81F, 0xF81F, 0xF81F, 0xF81F, 0xF81F, 0xF81F, 0xF81F, 0xF81F,
    0xF81F, 0xF81F, 0xF81F, 0xF81F, 0xF81F, 0xF81F, 0xF81F, 0xF81F, 0xF81F, 0xF81F, 0xF81F, 0xF81F, 0xF81F, 0xF81F, 0xF81F, 0xF81F,
    0xF81F, 0xF81F, 0xF81F, 0xF81F, 0xF81F, 0xF81F, 0xF81F, 0xF81F, 0xF81F, 0xF81F, 0xF81F, 0xF81F, 0xF81F, 0xF81F, 0xF81F, 0xF81F,
    0xF81F, 0xF81F, 0xF81F, 0xF81F, 0xF81F, 0xF81F, 0xF81F, 0xF81F, 0xF81F, 0xF81F, 0xF81F, 0xF81F, 0xF81F, 0xF81F, 0xF81F, 0xF81F,
    0xF81F, 0xF81F, 0xF81F, 0xF81F, 0xF81F, 0xF81F, 0xF81F, 0xF81F, 0xF81F, 0xE202, 0xE202, 0xF81F, 0xF81F, 0xF81F, 0xF81F, 0xF81F,
    0xF81F, 0xF81F, 0xF81F, 0xF81F, 0xF81F, 0xF81F, 0xF81F, 0xF81F, 0xF81F, 0xF81F, 0xF81F, 0xF81F, 0xF81F, 0xF81F, 0xF81F, 0xF81F,
    0xF81F, 0xF81F, 0xF81F, 0xF81F, 0xF81F, 0xF81F, 0xF81F, 0xF81F, 0xF81F, 0xF81F, 0xF81F, 0xF81F, 0xF81F, 0xF81F, 0xF81F, 0xF81F,
    0xF81F, 0xF81F, 0xF81F, 0xF81F, 0xF81F, 0xF81F, 0xF81F, 0xF81F, 0xF81F, 0xF81F, 0xF81F, 0xF81F, 0xF81F, 0xF81F, 0xF81F, 0xF81F,
    0xF81F, 0xF81F, 0xF81F, 0xF81F, 0xF81F, 0xF81F, 0xF81F, 0xF81F, 0xF81F, 0xF81F, 0xF81F, 0xF81F, 0xF81F, 0xF81F, 0xF81F, 0xF81F,
    0xF81F, 0xF81F, 0xF81F, 0xF81F, 0xF81F, 0xF81F, 0xF81F, 0xF81F, 0xF81F, 0xF81F, 0xF81F, 0xF81F, 0xF81F, 0xF81F, 0xF81F, 0xF81F,
    0xF81F, 0xF81F, 0xF81F, 0xF81F, 0xF81F, 0xF81F, 0xF81F, 0xF81F, 0xF81F, 0xE202, 0xE202, 0xE202, 0xE202, 0xF81F, 0xF81F, 0xF81F,
    0xF81F, 0xF81F, 0xF81F, 0xF81F, 0xF81F, 0xF81F, 0xF81F, 0xF81F, 0xF81F, 0xF81F, 0xF81F, 0xF81F, 0xF81F, 0xF81F, 0xF81F, 0xF81F,
    0xF81F, 0xF81F, 0xF81F, 0xF81F, 0xF81F, 0xF81F, 0xF81F, 0xF81F, 0xF81F, 0xF81F, 0xF81F, 0xF81F, 0xF81F, 0xF81F, 0xF81F, 0xF81F,
    0xF81F, 0xF81F, 0xF81F, 0xF81F, 0xF81F, 0xF81F, 0xF81F, 0xF81F, 0xF81F, 0xF81F, 0xF81F, 0xF81F, 0xF81F, 0xF81F, 0xF81F, 0xF81F,
    0xF81F, 0xF81F, 0xF81F, 0xF81F, 0xF81F, 0xF81F, 0xF81F, 0xF81F, 0xF81F, 0xF81F, 0xF81F, 0xF81F, 0xF81F, 0xF81F, 0xF81F, 0xF81F,
    0xF81F, 0xF81F, 0xF81F, 0xF81F, 0xF81F, 0xF81F, 0xF81F, 0xF81F, 0xF81F, 0xF81F, 0xF81F, 0xF81F, 0xF81F, 0xF81F, 0xF81F, 0xF81F,
    0xF81F, 0xF81F, 0xF81F, 0xF81F, 0xF81F, 0xF81F, 0xF81F, 0xF81F, 0xF81F, 0xF81F, 0xE202, 0xE202, 0xE202, 0xE202, 0xF81F, 0xF81F,
    0xF81F, 0xF81F, 0xF81F, 0xF81F, 0xF81F, 0xF81F, 0xF81F, 0xF81F, 0xF81F, 0xF81F, 0xF81F, 0xF81F, 0xF81F, 0xF81F, 0xF81F, 0xF81F,
    0xF81F, 0xF81F, 0xF81F, 0xF81F, 0xF81F, 0xF81F, 0xF81F, 0xF81F, 0xF81F, 0xF81F, 0xF81F, 0xF81F, 0xF81F, 0xF81F, 0xF81F, 0xF81F,
    0xF81F, 0xF81F, 0xF81F, 0xF81F, 0xF81F, 0xF81F, 0xF81F, 0xF81F, 0xF81F, 0xF81F, 0xF81F, 0xF81F, 0xF81F, 0xF81F, 0xF81F, 0xF81F,
    0xF81F, 0xF81F, 0xF81F, 0xF81F, 0xF81F, 0xF81F, 0xF81F, 0xF81F, 0xF81F, 0xF81F, 0xF81F, 0xF81F, 0xF81F, 0xF81F, 0xF81F, 0xF81F,
    0xF81F, 0xF81F, 0xF81F, 0xF81F, 0xF81F, 0xF81F, 0xF81F, 0xF81F, 0xF81F, 0xF81F, 0xF81F, 0xF81F, 0xF81F, 0xF81F, 0xF81F, 0xF81F,
    0xF81F, 0xF81F, 0xF81F, 0xF81F, 0xF81F, 0xF81F, 0xF81F, 0xF81F, 0xF81F, 0xF81F, 0xF81F, 0xE202, 0xE202, 0xE202, 0xE202, 0xF81F,
    0xF81F, 0xF81F, 0xF81F, 0xF81F, 0xF81F, 0xF81F, 0xF81F, 0xF81F, 0xF81F, 0xF81F, 0xF81F, 0xF81F, 0xF81F, 0xF81F, 0xF81F, 0xF81F,
    0xF81F, 0xF81F, 0xF81F, 0xF81F, 0xF81F, 0xF81F, 0xF81F, 0xF81F, 0xF81F, 0xF81F, 0xF81F, 0xF81F, 0xF81F, 0xF81F, 0xF81F, 0xF81F,
    0xF81F, 0xF81F, 0xF81F, 0xF81F, 0xF81F, 0xF81F, 0xF81F, 0xF81F, 0xF81F, 0xF81F, 0xF81F, 0xF81F, 0xF81F, 0xF81F, 0xF81F, 0xF81F,
    0xF81F, 0xF81F, 0xF81F, 0xF81F, 0xF81F, 0xF81F, 0xF81F, 0xF81F, 0xF81F, 0xF81F, 0xF81F, 0xF81F, 0xF81F, 0xF81F, 0xF81F, 0xF81F,
    0xF81F, 0xF81F, 0xF81F, 0xF81F, 0xF81F, 0xF81F, 0xF81F, 0xF81F, 0xF81F, 0xF81F, 0xF81F, 0xF81F, 0xF81F, 0xF81F, 0xF81F, 0xF81F,
    0xF81F, 0xF81F, 0xF81F, 0xF81F, 0xF81F, 0xF81F, 0xF81F, 0xF81F, 0xF81F, 0xF81F, 0x8183, 0xE202, 0xE202, 0xF522, 0xE202, 0xE202,
    0xF81F, 0xF81F, 0xF81F, 0xF81F, 0xF81F, 0xF81F, 0xF81F, 0xF81F, 0xF81F, 0xF81F, 0xF81F, 0xF81F, 0xF81F, 0xF81F, 0xF81F, 0xF81F,
    0xF81F, 0xF81F, 0xF81F, 0xF81F, 0xF81F, 0xF81F, 0xF81F, 0xF81F, 0xF81F, 0xF81F, 0xF81F, 0xF81F, 0xF81F, 0xF81F, 0xF81F, 0xF81F,
    0xF81F, 0xF81F, 0xF81F, 0xF81F, 0xF81F, 0xF81F, 0xF81F, 0xF81F, 0xF81F, 0xF81F, 0xF81F, 0xF81F, 0xF81F, 0xF81F, 0xF81F, 0xF81F,
    0xF81F, 0xF81F, 0xF81F, 0xF81F, 0xF81F, 0xF81F, 0xF81F, 0xF81F, 0xF81F, 0xF81F, 0xF81F, 0xF81F, 0xF81F, 0xF81F, 0xF81F, 0xF81F,
    0xF81F, 0xF81F, 0xF81F, 0xF81F, 0xF81F, 0xF81F, 0xF81F, 0xF81F, 0xF81F, 0xF81F, 0xF81F, 0xF81F, 0xF81F, 0xF81F, 0xF81F, 0xF81F,
    0xF81F, 0xF81F, 0xF81F, 0xF81F, 0xF81F, 0xF81F, 0xF81F, 0x8183, 0x8183, 0xE202, 0xE202, 0xE202, 0xE202, 0xE202, 0xFEA2, 0xE202,
    0xF81F, 0xF81F, 0xF81F, 0xF81F, 0xF81F, 0xF81F, 0xF81F, 0xF81F, 0xF81F, 0xF81F, 0xF81F, 0xF81F, 0xF81F, 0xF81F, 0xF81F, 0xF81F,
    0xF81F, 0xF81F, 0xF81F, 0xF81F, 0xF81F, 0xF81F, 0xF81F, 0xF81F, 0xF81F, 0xF81F, 0xF81F, 0xF81F, 0xF81F, 0xF81F, 0xF81F, 0xF81F,
    0xF81F, 0xF81F, 0xF81F, 0xF81F, 0xF81F, 0xF81F, 0xF81F, 0xF81F, 0xF81F, 0xF81F, 0xF81F, 0xF81F, 0xF81F, 0xF81F, 0xF81F, 0xF81F,
    0xF81F, 0xF81F, 0xF81F, 0xF81F, 0xF81F, 0xF81F, 0xF81F, 0xF81F, 0xF81F, 0xF81F, 0xF81F, 0xF81F, 0xF81F, 0xF81F, 0xF81F, 0xF81F,
    0xF81F, 0xF81F, 0xF81F, 0xF81F, 0xF81F, 0xF81F, 0xF81F, 0xF81F, 0xF81F, 0xF81F, 0xF81F, 0xF81F, 0xF81F, 0xF81F, 0xF81F, 0xF81F,
    0xF81F, 0xF81F, 0xF81F, 0xF81F, 0xF81F, 0xF81F, 0x8183, 0xE202, 0xCA88, 0xE202, 0xFEA2, 0xF522, 0xE202, 0xFEA2, 0xF522, 0xE202,
    0xF81F, 0xF81F, 0xF81F, 0xF81F, 0xF81F, 0xF81F, 0xF81F, 0xF81F, 0xF81F, 0xF81F, 0xF81F, 0xF81F, 0xF81F, 0xF81F, 0xF81F, 0xF81F,
    0xF81F, 0xF81F, 0xF81F, 0xF81F, 0xF81F, 0xF81F, 0xF81F, 0xF81F, 0xF81F, 0xF81F, 0xF81F, 0xF81F, 0xF81F, 0xF81F, 0xF81F, 0xF81F,
    0xF81F, 0xF81F, 0xF81F, 0xF81F, 0xF81F, 0xF81F, 0xF81F, 0xF81F, 0xF81F, 0xF81F, 0xF81F, 0xF81F, 0xF81F, 0xF81F, 0xF81F, 0xF81F,
    0xF81F, 0xF81F, 0xF81F, 0xF81F, 0xF81F, 0xF81F, 0xF81F, 0xF81F, 0xF81F, 0xF81F, 0xF81F, 0xF81F, 0xF81F, 0xF81F, 0xF81F, 0xF81F,
    0xF81F, 0xF81F, 0xF81F, 0xF81F, 0xF81F, 0xF81F, 0xF81F, 0xF81F, 0xF81F, 0xF81F, 0xF81F, 0xF81F, 0xF81F, 0xF81F, 0xF81F, 0xF81F,
    0xF81F, 0xF81F, 0xF81F, 0xF81F, 0xF81F, 0xCA88, 0xE202, 0xE202, 0xE202, 0xF522, 0xFEA2, 0xFEA2, 0xFEA2, 0xFEA2, 0xE202, 0xF81F,
    0xF81F, 0xF81F, 0xF81F, 0xF81F, 0xF81F, 0xF81F, 0xF81F, 0xF81F, 0xF81F, 0xF81F, 0xF81F, 0xF81F, 0xF81F, 0xF81F, 0xF81F, 0xF81F,
    0xF81F, 0xF81F, 0xF81F, 0xF81F, 0xF81F, 0xF81F, 0xF81F, 0x8183, 0x0000, 0xF81F, 0xF81F, 0xF81F, 0xF81F, 0xF81F, 0xF81F, 0xF81F,
    0xF81F, 0xF81F, 0xF81F, 0xF81F, 0xF81F, 0xF81F, 0xF81F, 0xF81F, 0xF81F, 0xF81F, 0xF81F, 0xF81F, 0xF81F, 0xF81F, 0xF81F, 0xF81F,
    0xF81F, 0xF81F, 0xF81F, 0xF81F, 0xF81F, 0xF81F, 0xF81F, 0xF81F, 0xF81F, 0xF81F, 0xF81F, 0xF81F, 0xF81F, 0xF81F, 0xF81F, 0xF81F,
    0xF81F, 0xF81F, 0xF81F, 0xF81F, 0xF81F, 0xF81F, 0xF81F, 0xF81F, 0xF81F, 0xF81F, 0xF81F, 0x8183, 0x8183, 0x8183, 0x8183, 0x8183,
    0xF81F, 0xF81F, 0xF81F, 0x8183, 0x8183, 0xE202, 0xE202, 0xE202, 0xE202, 0xFEA2, 0xFEA2, 0xFEA2, 0xFEA2, 0xF522, 0xE202, 0xF81F,
    0xF81F, 0xF81F, 0xF81F, 0xF81F, 0xF81F, 0xF81F, 0xF81F, 0xF81F, 0xF81F, 0xF81F, 0xF81F, 0xF81F, 0xF81F, 0xF81F, 0xF81F, 0xF81F,
    0xF81F, 0xF81F, 0xF81F, 0xF81F, 0xF81F, 0xF81F, 0x8183, 0xEC05, 0xEC05, 0x0000, 0xF81F, 0xF81F, 0xF81F, 0xF81F, 0xF81F, 0xF81F,
    0xF81F, 0xF81F, 0xF81F, 0xF81F, 0xF81F, 0xF81F, 0xF81F, 0xF81F, 0xF81F, 0xF81F, 0xF81F, 0xF81F, 0xF81F, 0xF81F, 0xF81F, 0xF81F,
    0xF81F, 0xF81F, 0xF81F, 0xF81F, 0xF81F, 0xF81F, 0xF81F, 0xF81F, 0xF81F, 0xF81F, 0xF81F, 0xF81F, 0xF81F, 0xF81F, 0xF81F, 0xF81F,
    0xF81F, 0xF81F, 0xF81F, 0xF81F, 0xF81F, 0xF81F, 0xF81F, 0xF81F, 0x8183, 0x8183, 0x8183, 0xEC05, 0xEC05, 0xEC05, 0xEC05, 0xEC05,
    0x8183, 0x8183, 0x8183, 0xEC05, 0xEC05, 0xE202, 0xE202, 0xE202, 0xE202, 0xF522, 0xFEA2, 0xFEA2, 0xFEA2, 0xE202, 0xE202, 0xE202,
    0xF81F, 0xF81F, 0xF81F, 0xF81F, 0xF81F, 0xF81F, 0xF81F, 0xF81F, 0xF81F, 0xF81F, 0xF81F, 0xF81F, 0xF81F, 0xF81F, 0xF81F, 0xF81F,
    0xF81F, 0xF81F, 0xF81F, 0xF81F, 0xF81F, 0xF81F, 0x8183, 0xEC05, 0xEC05, 0x0000, 0xF81F, 0xF81F, 0xF81F, 0xF81F, 0xF81F, 0xF81F,
    0xF81F, 0xF81F, 0xF81F, 0xF81F, 0xF81F, 0xF81F, 0xF81F, 0xF81F, 0xF81F, 0xF81F, 0xF81F, 0xF81F, 0xF81F, 0xF81F, 0xF81F, 0xF81F,
    0xF81F, 0xF81F, 0xF81F, 0xF81F, 0xF81F, 0xF81F, 0xF81F, 0xF81F, 0xF81F, 0xF81F, 0xF81F, 0xF81F, 0xF81F, 0xF81F, 0xF81F, 0xF81F,
    0xF81F, 0xF81F, 0xF81F, 0xF81F, 0xF81F, 0xF81F, 0xCA88, 0xCA88, 0xEC05, 0xEC05, 0xEC05, 0xEC05, 0xEC05, 0xEC05, 0xEC05, 0xEC05,
    0xEC05, 0xEC05, 0xEC05, 0xEC05, 0xE202, 0xE202, 0xE202, 0xE202, 0xE202, 0xE202, 0xFEA2, 0xFEA2, 0xFEA2, 0xE202, 0xFEA2, 0xE202,
    0xE202, 0xF81F, 0xF81F, 0xF81F, 0xF81F, 0xF81F, 0xF81F, 0xF81F, 0xF81F, 0xF81F, 0xF81F, 0xF81F, 0xF81F, 0xF81F, 0xF81F, 0xF81F,
    0xF81F, 0xF81F, 0xF81F, 0xF81F, 0xF81F, 0x8183, 0xEC05, 0xEC05, 0x0000, 0xF81F, 0xF81F, 0xF81F, 0xF81F, 0xF81F, 0xF81F, 0xF81F,
    0xF81F, 0xF81F, 0xF81F, 0xF81F, 0xF81F, 0xF81F, 0xF81F, 0xF81F, 0xF81F, 0xF81F, 0xF81F, 0xF81F, 0xF81F, 0xF81F, 0xF81F, 0xF81F,
    0xF81F, 0xF81F, 0xF81F, 0xF81F, 0xF81F, 0xF81F, 0xF81F, 0xF81F, 0xF81F, 0xF81F, 0xF81F, 0xF81F, 0xF81F, 0xF81F, 0xF81F, 0xF81F,
    0xF81F, 0xF81F, 0xF81F, 0xCA88, 0xCA88, 0xCA88, 0xEC05, 0xEC05, 0xEC05, 0xEC05, 0xEC05, 0xEC05, 0xEC05, 0xEC05, 0xEC05, 0xEC05,
    0xEC05, 0xEC05, 0xEC05, 0xEC05, 0xE202, 0xE202, 0xF522, 0xE202, 0xE202, 0xE202, 0xF522, 0xFEA2, 0xFEA2, 0xF522, 0xFEA2, 0xF522,
    0xE202, 0xF81F, 0xF81F, 0xF81F, 0xF81F, 0xF81F, 0xF81F, 0xF81F, 0xF81F, 0xF81F, 0xF81F, 0xF81F, 0xF81F, 0xF81F, 0xF81F, 0xF81F,
    0xF81F, 0xF81F, 0xF81F, 0xF81F, 0x8183, 0xEC05, 0xEC05, 0x8183, 0x0000, 0xF81F, 0xF81F, 0xF81F, 0xF81F, 0xF81F, 0xF81F, 0xF81F,
    0xF81F, 0xF81F, 0xF81F, 0xF81F, 0xF81F, 0xF81F, 0xF81F, 0xF81F, 0xF81F, 0xF81F, 0xF81F, 0xF81F, 0xF81F, 0xF81F, 0xF81F, 0xF81F,
    0xF81F, 0xF81F, 0xF81F, 0xF81F, 0xF81F, 0xF81F, 0xF81F, 0xF81F, 0xF81F, 0xF81F, 0xF81F, 0xF81F, 0xF81F, 0xF81F, 0xF81F, 0xF81F,
    0xF81F, 0xCA88, 0xCA88, 0xEC05, 0xEC05, 0xEC05, 0xEC05, 0xEC05, 0xEC05, 0xEC05, 0xEC05, 0xEC05, 0xEC05, 0xEC05, 0xEC05, 0xEC05,
    0xEC05, 0xEC05, 0xEC05, 0xE202, 0xE202, 0xE202, 0xFEA2, 0xF522, 0xE202, 0xE202, 0xE202, 0xFEA2, 0xFEA2, 0xFEA2, 0xFEA2, 0xFEA2,
    0xE202, 0xF81F, 0xF81F, 0xF81F, 0xF81F, 0xF81F, 0xF81F, 0xF81F, 0xF81F, 0xF81F, 0xF81F, 0xF81F, 0xF81F, 0xF81F, 0xF81F, 0xF81F,
    0xF81F, 0xF81F, 0xF81F, 0xF81F, 0x8183, 0xEC05, 0xEC05, 0x0000, 0xF81F, 0xF81F, 0xF81F, 0xF81F, 0xF81F, 0xF81F, 0xF81F, 0xF81F,
    0xF81F, 0xF81F, 0xF81F, 0xF81F, 0xF81F, 0xF81F, 0xF81F, 0xF81F, 0xF81F, 0xF81F, 0xF81F, 0xF81F, 0xF81F, 0xF81F, 0xF81F, 0xF81F,
    0xF81F, 0xF81F, 0xF81F, 0xF81F, 0xF81F, 0xF81F, 0xF81F, 0xF81F, 0xF81F, 0xF81F, 0xF81F, 0xF81F, 0xF81F, 0xF81F, 0xF81F, 0xF81F,
    0x8183, 0xEC05, 0xEC05, 0xEC05, 0xEC05, 0xEC05, 0xEC05, 0xEC05, 0xEC05, 0xEC05, 0xEC05, 0xEC05, 0xEC05, 0xEC05, 0xEC05, 0xEC05,
    0xEC05, 0xCA88, 0x8183, 0xE202, 0xE202, 0xE202, 0xFEA2, 0xFEA2, 0xE202, 0xE202, 0xF522, 0xFEA2, 0xFEA2, 0xFEA2, 0xFEA2, 0xF522,
    0xE202, 0xE202, 0xF81F, 0xF81F, 0xF81F, 0xF81F, 0xF81F, 0xF81F, 0xF81F, 0xF81F, 0xF81F, 0xF81F, 0xF81F, 0xF81F, 0xF81F, 0xF81F,
    0xF81F, 0xF81F, 0xF81F, 0x8183, 0xEC05, 0xEC05, 0xEC05, 0x0000, 0xF81F, 0xF81F, 0xF81F, 0xF81F, 0xF81F, 0xF81F, 0xF81F, 0xF81F,
    0xF81F, 0xF81F, 0xF81F, 0xF81F, 0xF81F, 0xF81F, 0xF81F, 0xF81F, 0xF81F, 0xF81F, 0xF81F, 0xF81F, 0xF81F, 0xF81F, 0xF81F, 0xF81F,
    0xF81F, 0xF81F, 0xF81F, 0xF81F, 0xF81F, 0xF81F, 0xF81F, 0xF81F, 0xF81F, 0xF81F, 0xF81F, 0xF81F, 0xF81F, 0xF81F, 0xF81F, 0x8183,
    0xEC05, 0xEC05, 0xEC05, 0xEC05, 0xEC05, 0xEC05, 0xEC05, 0xEC05, 0xEC05, 0xEC05, 0xEC05, 0xEC05, 0xEC05, 0xEC05, 0xEC05, 0xEC05,
    0x8183, 0x8183, 0xCA88, 0xCA88, 0xE202, 0xE202, 0xFEA2, 0xFEA2, 0xFEA2, 0xFEA2, 0xFEA2, 0xFEA2, 0xFEA2, 0xF522, 0xFEA2, 0xE202,
    0xE202, 0xE202, 0xF81F, 0xF81F, 0xF81F, 0xF81F, 0xF81F, 0xF81F, 0xF81F, 0xF81F, 0xF81F, 0xF81F, 0xF81F, 0xF81F, 0xF81F, 0xF81F,
    0xF81F, 0xF81F, 0x8183, 0xEC05, 0xEC05, 0xEC05, 0x0000, 0xF81F, 0xF81F, 0xF81F, 0xF81F, 0xF81F, 0xF81F, 0xF81F, 0xF81F, 0xF81F,
    0xF81F, 0xF81F, 0xF81F, 0xF81F, 0xF81F, 0xF81F, 0xF81F, 0xF81F, 0xF81F, 0xF81F, 0xF81F, 0xF81F, 0xF81F, 0xF81F, 0xF81F, 0xF81F,
    0xF81F, 0xF81F, 0xF81F, 0xF81F, 0xF81F, 0xF81F, 0xF81F, 0xF81F, 0xF81F, 0xF81F, 0xF81F, 0xF81F, 0xF81F, 0xF81F, 0xF81F, 0x8183,
    0xEC05, 0xEC05, 0xEC05, 0xEC05, 0xEC05, 0xEC05, 0xEC05, 0xEC05, 0xEC05, 0xEC05, 0xEC05, 0xEC05, 0xEC05, 0xEC05, 0xCA88, 0x8183,
    0xCA88, 0xCA88, 0xCA88, 0xCA88, 0xE202, 0xE202, 0xF522, 0xFEA2, 0xFEA2, 0xFEA2, 0xFEA2, 0xFEA2, 0xFEA2, 0xF522, 0xE202, 0xE202,
    0xE202, 0xE202, 0xF81F, 0xF81F, 0xF81F, 0xF81F, 0xF81F, 0xF81F, 0xF81F, 0xF81F, 0xF81F, 0xF81F, 0xF81F, 0xF81F, 0xF81F, 0xF81F,
    0xF81F, 0xF81F, 0x8183, 0xEC05, 0xEC05, 0xEC05, 0x0000, 0xF81F, 0xF81F, 0xF81F, 0xF81F, 0xF81F, 0xF81F, 0xF81F, 0xF81F, 0xF81F,
    0xF81F, 0xF81F, 0xF81F, 0xF81F, 0xF81F, 0xF81F, 0xF81F, 0xF81F, 0xF81F, 0xF81F, 0xF81F, 0xF81F, 0xF81F, 0xF81F, 0xF81F, 0xF81F,
    0xF81F, 0xF81F, 0xF81F, 0xF81F, 0xF81F, 0xF81F, 0xF81F, 0xF81F, 0xF81F, 0xF81F, 0xF81F, 0xF81F, 0xF81F, 0xF81F, 0xF81F, 0xCA88,
    0xEC05, 0xEC05, 0xEC05, 0xEC05, 0xEC05, 0xEC05, 0xEC05, 0xEC05, 0xEC05, 0xEC05, 0xEC05, 0xEC05, 0xEC05, 0x8183, 0x8183, 0xCA88,
    0xCA88, 0xCA88, 0xCA88, 0xCA88, 0xCA88, 0xE202, 0xE202, 0xFEA2, 0xF522, 0xFEA2, 0xFEA2, 0xFEA2, 0xFEA2, 0xE202, 0xE202, 0xE202,
    0xE202, 0xF81F, 0xF81F, 0xF81F, 0xF81F, 0xF81F, 0xF81F, 0xF81F, 0xF81F, 0xF81F, 0xF81F, 0xF81F, 0xF81F, 0xF81F, 0xF81F, 0xF81F,
    0xF81F, 0x8183, 0xEC05, 0xEC05, 0xEC05, 0x8183, 0x0000, 0xF81F, 0xF81F, 0xF81F, 0xF81F, 0xF81F, 0xF81F, 0xF81F, 0xF81F, 0xF81F,
    0xF81F, 0xF81F, 0xF81F, 0xF81F, 0xF81F, 0xF81F, 0xF81F, 0xF81F, 0xF81F, 0xF81F, 0xF81F, 0xF81F, 0xF81F, 0xF81F, 0xF81F, 0xF81F,
    0xF81F, 0xF81F, 0xF81F, 0xF81F, 0xF81F, 0xF81F, 0xF81F, 0xF81F, 0xF81F, 0xF81F, 0xF81F, 0xF81F, 0xF81F, 0xF81F, 0x8183, 0xEC05,
    0xEC05, 0xEC05, 0xEC05, 0xEC05, 0xEC05, 0xEC05, 0xEC05, 0xEC05, 0xEC05, 0xEC05, 0xEC05, 0xCA88, 0x8183, 0xCA88, 0xCA88, 0xCA88,
    0xCA88, 0xCA88, 0xCA88, 0xCA88, 0xCA88, 0x8183, 0xF81F, 0xE202, 0xF522, 0xFEA2, 0xFEA2, 0xFEA2, 0xF522, 0xE202, 0xF81F, 0xF81F,
    0xF81F, 0xF81F, 0xF81F, 0xF81F, 0xF81F, 0xF81F, 0xF81F, 0xF81F, 0xF81F, 0xF81F, 0xF81F, 0xF81F, 0xF81F, 0xF81F, 0xF81F, 0xF81F,
    0xF81F, 0x8183, 0xEC05, 0xEC05, 0xEC05, 0x8183, 0x0000, 0xF81F, 0xF81F, 0xF81F, 0xF81F, 0xF81F, 0xF81F, 0xF81F, 0xF81F, 0xF81F,
    0xF81F, 0xF81F, 0xF81F, 0xF81F, 0xF81F, 0xF81F, 0xF81F, 0xF81F, 0xF81F, 0xF81F, 0xF81F, 0xF81F, 0xF81F, 0xF81F, 0xF81F, 0xF81F,
    0xF81F, 0xF81F, 0xF81F, 0xF81F, 0xF81F, 0xF81F, 0xF81F, 0xF81F, 0xF81F, 0xF81F, 0xF81F, 0xF81F, 0xF81F, 0xF81F, 0xCA88, 0xEC05,
    0xEC05, 0xEC05, 0xEC05, 0xEC05, 0xEC05, 0xEC05, 0xEC05, 0xEC05, 0xEC05, 0xEC05, 0x8183, 0xCA88, 0xCA88, 0xCA88, 0xCA88, 0xCA88,
    0xCA88, 0xCA88, 0xCA88, 0xCA88, 0xCA88, 0x8183, 0xF81F, 0xE202, 0xE202, 0xFEA2, 0xFEA2, 0xFEA2, 0xE202, 0xE202, 0xF81F, 0xF81F,
    0xF81F, 0xF81F, 0xF81F, 0xF81F, 0xF81F, 0xF81F, 0xF81F, 0xF81F, 0xF81F, 0xF81F, 0xF81F, 0xF81F, 0xF81F, 0xF81F, 0xF81F, 0xF81F,
    0x8183, 0xEC05, 0xEC05, 0xEC05, 0x8183, 0xCA88, 0x0000, 0xCA88, 0xCA88, 0xF81F, 0xF81F, 0xF81F, 0xF81F, 0xF81F, 0xF81F, 0xF81F,
    0xF81F, 0xF81F, 0xF81F, 0xF81F, 0xF81F, 0xF81F, 0xF81F, 0xF81F, 0xF81F, 0xF81F, 0xF81F, 0xF81F, 0xF81F, 0xF81F, 0xF81F, 0xF81F,
    0xF81F, 0xF81F, 0xF81F, 0xF81F, 0xF81F, 0xF81F, 0xF81F, 0xF81F, 0xF81F, 0xF81F, 0xF81F, 0xF81F, 0xF81F, 0xF81F, 0xCA88, 0xEC05,
    0xEC05, 0xEC05, 0xEC05, 0xEC05, 0xEC05, 0xEC05, 0xEC05, 0xEC05, 0xEC05, 0x8183, 0xCA88, 0xCA88, 0xCA88, 0xCA88, 0xCA88, 0xCA88,
    0xCA88, 0xCA88, 0xCA88, 0xCA88, 0xCA88, 0x8183, 0xF81F, 0xF81F, 0xE202, 0x8183, 0xFEA2, 0x8183, 0xE202, 0xF81F, 0xF81F, 0xF81F,
    0xF81F, 0xF81F, 0xF81F, 0xF81F, 0xF81F, 0xF81F, 0xF81F, 0xF81F, 0xF81F, 0xF81F, 0xF81F, 0xF81F, 0xF81F, 0xF81F, 0xF81F, 0xF81F,
    0x8183, 0xEC05, 0xEC05, 0xEC05, 0x8183, 0xCA88, 0x0000, 0xEC05, 0xEC05, 0xCA88, 0xF81F, 0xF81F, 0xF81F, 0xF81F, 0xF81F, 0xF81F,
    0xF81F, 0xF81F, 0xF81F, 0xF81F, 0xF81F, 0xF81F, 0xF81F, 0xF81F, 0xF81F, 0xF81F, 0xF81F, 0xF81F, 0xF81F, 0xF81F, 0xF81F, 0xF81F,
    0xF81F, 0xF81F, 0xF81F, 0xF81F, 0xF81F, 0xF81F, 0xF81F, 0xF81F, 0xF81F, 0xF81F, 0xF81F, 0xF81F, 0xF81F, 0x8183, 0xEC05, 0xEC05,
    0xEC05, 0xEC05, 0xEC05, 0xEC05, 0xEC05, 0xEC05, 0xEC05, 0xEC05, 0x8183, 0xCA88, 0xCA88, 0xCA88, 0xCA88, 0xCA88, 0xCA88, 0xCA88,
    0xCA88, 0xCA88, 0xCA88, 0xCA88, 0xCA88, 0xCA88, 0x8183, 0xF81F, 0xF81F, 0x0000, 0xCA88, 0x8183, 0xF81F, 0xF81F, 0xF81F, 0xF81F,
    0xF81F, 0xF81F, 0xF81F, 0xF81F, 0xF81F, 0xF81F, 0xF81F, 0xF81F, 0xF81F, 0xF81F, 0xF81F, 0xF81F, 0xF81F, 0xF81F, 0xF81F, 0x8183,
    0xEC05, 0xEC05, 0xEC05, 0x8183, 0xCA88, 0xCA88, 0x0000, 0xEC05, 0xEC05, 0xCA88, 0xF81F, 0xF81F, 0xF81F, 0xF81F, 0xF81F, 0xF81F,
    0xF81F, 0xF81F, 0xF81F, 0xF81F, 0xF81F, 0xF81F, 0xF81F, 0xF81F, 0xF81F, 0xF81F, 0xF81F, 0xF81F, 0xF81F, 0xF81F, 0xF81F, 0xF81F,
    0xF81F, 0xF81F, 0xF81F, 0xF81F, 0xF81F, 0xF81F, 0xF81F, 0xF81F, 0xF81F, 0xF81F, 0xF81F, 0xF81F, 0xF81F, 0xCA88, 0xEC05, 0xEC05,
    0xEC05, 0xEC05, 0xEC05, 0xEC05, 0xEC05, 0xEC05, 0xEC05, 0xCA88, 0xCA88, 0xCA88, 0xCA88, 0xCA88, 0xCA88, 0xCA88, 0xCA88, 0xCA88,
    0xCA88, 0xCA88, 0xCA88, 0xCA88, 0xCA88, 0xCA88, 0x8183, 0xF81F, 0x0000, 0xCA88, 0xCA88, 0x8183, 0xF81F, 0xF81F, 0xF81F, 0xF81F,
    0xF81F, 0xF81F, 0xF81F, 0xF81F, 0xF81F, 0xF81F, 0xF81F, 0xF81F, 0xF81F, 0xF81F, 0xF81F, 0xF81F, 0xF81F, 0xF81F, 0xF81F, 0x8183,
    0xEC05, 0xEC05, 0xEC05, 0x8183, 0xCA88, 0x2392, 0x0000, 0xEC05, 0xEC05, 0xEC05, 0x8183, 0xF81F, 0xF81F, 0xF81F, 0xF81F, 0xF81F,
    0xF81F, 0xF81F, 0xF81F, 0xF81F, 0xF81F, 0xF81F, 0xF81F, 0xF81F, 0xF81F, 0xF81F, 0xF81F, 0xF81F, 0xF81F, 0xF81F, 0xF81F, 0xF81F,
    0xF81F, 0xF81F, 0xF81F, 0xF81F, 0xF81F, 0xF81F, 0xF81F, 0xF81F, 0xF81F, 0xF81F, 0xF81F, 0xF81F, 0xF81F, 0xCA88, 0xEC05, 0xEC05,
    0xEC05, 0xEC05, 0xEC05, 0xEC05, 0xEC05, 0xEC05, 0xCA88, 0xCA88, 0xCA88, 0xCA88, 0xCA88, 0xCA88, 0xCA88, 0xCA88, 0xCA88, 0xCA88,
    0xCA88, 0xCA88, 0xCA88, 0xCA88, 0xCA88, 0xCA88, 0x8183, 0xF81F, 0x0000, 0xCA88, 0xCA88, 0x8183, 0xF81F, 0xF81F, 0xF81F, 0xF81F,
    0xF81F, 0xF81F, 0xF81F, 0xF81F, 0xF81F, 0xF81F, 0xF81F, 0xF81F, 0xF81F, 0xF81F, 0xF81F, 0xF81F, 0xF81F, 0xF81F, 0x8183, 0xEC05,
    0xEC05, 0xEC05, 0xEC05, 0xCA88, 0xCA88, 0x2392, 0x0000, 0x8183, 0xEC05, 0xEC05, 0xEC05, 0xCA88, 0xF81F, 0xF81F, 0xF81F, 0xF81F,
    0xF81F, 0xF81F, 0xF81F, 0xF81F, 0xF81F, 0xF81F, 0xF81F, 0xF81F, 0xF81F, 0xF81F, 0xF81F, 0xF81F, 0xF81F, 0xF81F, 0xF81F, 0xF81F,
    0xF81F, 0xF81F, 0xF81F, 0xF81F, 0xF81F, 0xF81F, 0xF81F, 0xF81F, 0xF81F, 0xF81F, 0xF81F, 0xF81F, 0xCA88, 0xEC05, 0xEC05, 0xEC05,
    0xEC05, 0xEC05, 0xEC05, 0xEC05, 0xCA88, 0xCA88, 0xCA88, 0xCA88, 0xCA88, 0xCA88, 0xCA88, 0xCA88, 0xCA88, 0xCA88, 0xCA88, 0xCA88,
    0xCA88, 0xCA88, 0xCA88, 0xCA88, 0xCA88, 0xCA88, 0xCA88, 0x0000, 0xEC05, 0xCA88, 0x8183, 0xF81F, 0xF81F, 0xF81F, 0xF81F, 0xF81F,
    0xF81F, 0xF81F, 0xF81F, 0xF81F, 0xF81F, 0xF81F, 0xF81F, 0xF81F, 0xF81F, 0xF81F, 0xF81F, 0xF81F, 0xF81F, 0xF81F, 0x8183, 0xEC05,
    0xEC05, 0xEC05, 0x8183, 0xCA88, 0xCA88, 0x2392, 0x0000, 0x0000, 0xEC05, 0xEC05, 0xEC05, 0x8183, 0xF81F, 0xF81F, 0xF81F, 0xF81F,
    0xF81F, 0xF81F, 0xF81F, 0xF81F, 0xF81F, 0xF81F, 0xF81F, 0xF81F, 0xF81F, 0xF81F, 0xF81F, 0xF81F, 0xF81F, 0xF81F, 0xF81F, 0xF81F,
    0xF81F, 0xF81F, 0xF81F, 0xF81F, 0xF81F, 0xF81F, 0xF81F, 0xF81F, 0xF81F, 0xF81F, 0xF81F, 0xF81F, 0xCA88, 0xEC05, 0xEC05, 0xEC05,
    0xEC05, 0xEC05, 0xEC05, 0xCA88, 0xCA88, 0xCA88, 0xCA88, 0xCA88, 0xCA88, 0xCA88, 0xCA88, 0xCA88, 0xCA88, 0xCA88, 0xCA88, 0xCA88,
    0xCA88, 0xCA88, 0xCA88, 0xCA88, 0xCA88, 0xCA88, 0xCA88, 0x0000, 0xEC05, 0xEC05, 0x8183, 0xF81F, 0xF81F, 0xF81F, 0xF81F, 0xF81F,
    0xF81F, 0xF81F, 0xF81F, 0xF81F, 0xF81F, 0xF81F, 0xF81F, 0xF81F, 0xF81F, 0xF81F, 0xF81F, 0xF81F, 0xF81F, 0x8183, 0xEC05, 0xEC05,
    0xEC05, 0xEC05, 0xCA88, 0xCA88, 0x2392, 0x2392, 0x0000, 0xF81F, 0x8183, 0xEC05, 0xEC05, 0xEC05, 0x8183, 0xF81F, 0xF81F, 0xF81F,
    0xF81F, 0xF81F, 0xF81F, 0xF81F, 0xF81F, 0xF81F, 0xF81F, 0xF81F, 0xF81F, 0xF81F, 0xF81F, 0xF81F, 0xF81F, 0xF81F, 0xF81F, 0xF81F,
    0xF81F, 0xF81F, 0xF81F, 0xF81F, 0xF81F, 0xF81F, 0xF81F, 0xF81F, 0xF81F, 0xF81F, 0xF81F, 0x8183, 0xEC05, 0xEC05, 0xEC05, 0xEC05,
    0xEC05, 0xEC05, 0xCA88, 0xCA88, 0xCA88, 0xCA88, 0xCA88, 0xCA88, 0xCA88, 0xCA88, 0xCA88, 0xCA88, 0xCA88, 0xCA88, 0xCA88, 0xCA88,
    0xCA88, 0xCA88, 0xCA88, 0xCA88, 0xCA88, 0xCA88, 0x0000, 0xEC05, 0xEC05, 0xEC05, 0x8183, 0xF81F, 0xF81F, 0xF81F, 0xF81F, 0xF81F,
    0xF81F, 0xF81F, 0xF81F, 0xF81F, 0xF81F, 0xF81F, 0xF81F, 0xF81F, 0xF81F, 0xF81F, 0xF81F, 0xF81F, 0xF81F, 0x8183, 0xEC05, 0xEC05,
    0xEC05, 0x8183, 0xCA88, 0xCA88, 0x2392, 0x0A0A, 0x8183, 0x8183, 0x0000, 0xCA88, 0xEC05, 0xEC05, 0xEC05, 0xCA88, 0xF81F, 0xF81F,
    0xF81F, 0xF81F, 0xF81F, 0xF81F, 0xF81F, 0xF81F, 0xF81F, 0xF81F, 0xF81F, 0xF81F, 0xF81F, 0xF81F, 0xF81F, 0xF81F, 0xF81F, 0xF81F,
    0xF81F, 0xF81F, 0xF81F, 0xF81F, 0xF81F, 0xF81F, 0xF81F, 0xF81F, 0xF81F, 0xF81F, 0xF81F, 0xCA88, 0xEC05, 0xEC05, 0xEC05, 0xEC05,
    0xEC05, 0xCA88, 0xCA88, 0xCA88, 0xCA88, 0xCA88, 0xCA88, 0xCA88, 0xCA88, 0xCA88, 0xCA88, 0xCA88, 0xCA88, 0xCA88, 0xCA88, 0xCA88,
    0xCA88, 0xCA88, 0xCA88, 0xCA88, 0xCA88, 0x0000, 0xEC05, 0xEC05, 0xEC05, 0x0000, 0xF81F, 0xF81F, 0xF81F, 0xF81F, 0xF81F, 0xF81F,
    0xF81F, 0xF81F, 0xF81F, 0xF81F, 0xF81F, 0xF81F, 0xF81F, 0xF81F, 0xF81F, 0xF81F, 0xF81F, 0xF81F, 0x8183, 0x8183, 0xEC05, 0xEC05,
    0xEC05, 0xCA88, 0xCA88, 0xCA88, 0x2392, 0x0A0A, 0xCA88, 0xCA88, 0x8183, 0xCA88, 0xEC05, 0xEC05, 0xEC05, 0xEC05, 0x8183, 0x8183,
    0xF81F, 0xF81F, 0xF81F, 0xF81F, 0xF81F, 0xF81F, 0xF81F, 0xF81F, 0xF81F, 0xF81F, 0xF81F, 0xF81F, 0xF81F, 0xF81F, 0xF81F, 0xF81F,
    0xF81F, 0xF81F, 0xF81F, 0xF81F, 0xF81F, 0xF81F, 0xF81F, 0xF81F, 0xF81F, 0xF81F, 0x8183, 0xEC05, 0xEC05, 0xEC05, 0xEC05, 0xEC05,
    0xCA88, 0xCA88, 0xCA88, 0xCA88, 0xCA88, 0xCA88, 0xCA88, 0xCA88, 0xCA88, 0xCA88, 0xCA88, 0xCA88, 0xCA88, 0xCA88, 0xCA88, 0xCA88,
    0xCA88, 0xCA88, 0xCA88, 0xCA88, 0x0000, 0xEC05, 0xEC05, 0xEC05, 0xEC05, 0x0000, 0xF81F, 0xF81F, 0xF81F, 0xF81F, 0xF81F, 0xF81F,
    0xF81F, 0xF81F, 0xF81F, 0xF81F, 0xF81F, 0xF81F, 0xF81F, 0xF81F, 0xF81F, 0xF81F, 0xF81F, 0xF81F, 0x8183, 0xEC05, 0xEC05, 0xEC05,
    0x8183, 0xCA88, 0xCA88, 0x2392, 0x2392, 0x0A0A, 0xCA88, 0xCA88, 0xCA88, 0xCA88, 0xCA88, 0xEC05, 0xEC05, 0xEC05, 0xEC05, 0xEC05,
    0x8183, 0xF81F, 0xF81F, 0xF81F, 0xF81F, 0xF81F, 0xF81F, 0xF81F, 0xF81F, 0xF81F, 0xF81F, 0xF81F, 0xF81F, 0xF81F, 0xF81F, 0xF81F,
    0xF81F, 0xF81F, 0xF81F, 0xF81F, 0xF81F, 0xF81F, 0xF81F, 0xF81F, 0xF81F, 0xF81F, 0xCA88, 0xEC05, 0xEC05, 0xEC05, 0xEC05, 0xCA88,
    0xCA88, 0xCA88, 0xCA88, 0xCA88, 0xCA88, 0xCA88, 0xCA88, 0xCA88, 0xCA88, 0xCA88, 0xCA88, 0xCA88, 0xCA88, 0xCA88, 0xCA88, 0xCA88,
    0xCA88, 0xCA88, 0x8183, 0x8183, 0xEC05, 0xEC05, 0xEC05, 0xEC05, 0x0000, 0xCA88, 0x8183, 0xF81F, 0xF81F, 0xF81F, 0xF81F, 0xF81F,
    0xF81F, 0xF81F, 0xF81F, 0xF81F, 0xF81F, 0xF81F, 0xF81F, 0xF81F, 0xF81F, 0xF81F, 0xF81F, 0x8183, 0xEC05, 0xEC05, 0xEC05, 0xEC05,
    0xCA88, 0xCA88, 0xCA88, 0x2392, 0x2392, 0x0A0A, 0x8183, 0xCA88, 0xCA88, 0xCA88, 0xCA88, 0xCA88, 0xEC05, 0xEC05, 0xEC05, 0xEC05,
    0xEC05, 0x8183, 0x8183, 0xF81F, 0xF81F, 0xF81F, 0xF81F, 0xF81F, 0xF81F, 0xF81F, 0xF81F, 0xF81F, 0xF81F, 0xF81F, 0xF81F, 0xF81F,
    0xF81F, 0xF81F, 0xF81F, 0xF81F, 0xF81F, 0xF81F, 0xF81F, 0xF81F, 0xF81F, 0x8183, 0xEC05, 0xEC05, 0xEC05, 0xCA88, 0xCA88, 0xCA88,
    0xCA88, 0xCA88, 0xCA88, 0xCA88, 0xCA88, 0xCA88, 0xCA88, 0xCA88, 0xCA88, 0xCA88, 0xCA88, 0xCA88, 0xCA88, 0xCA88, 0xCA88, 0xCA88,
    0xCA88, 0x8183, 0xCA88, 0xEC05, 0xEC05, 0xEC05, 0xEC05, 0x0000, 0xCA88, 0xEC05, 0xEC05, 0x8183, 0x8183, 0x0000, 0xF81F, 0xF81F,
    0xF81F, 0xF81F, 0xF81F, 0xF81F, 0xF81F, 0xF81F, 0xF81F, 0xF81F, 0xF81F, 0x8183, 0x8183, 0xEC05, 0xEC05, 0xEC05, 0xEC05, 0xEC05,
    0xCA88, 0xCA88, 0x2392, 0x2392, 0x2392, 0x0A0A, 0xCA88, 0xCA88, 0xCA88, 0xCA88, 0xCA88, 0xCA88, 0xCA88, 0xEC05, 0xEC05, 0xEC05,
    0xEC05, 0xEDAB, 0xEDAB, 0x8183, 0xF81F, 0xF81F, 0xF81F, 0xF81F, 0xF81F, 0xF81F, 0xF81F, 0xF81F, 0xF81F, 0xF81F, 0xF81F, 0xF81F,
    0xF81F, 0xF81F, 0xF81F, 0xF81F, 0xF81F, 0xF81F, 0xF81F, 0xF81F, 0xF81F, 0xCA88, 0xEC05, 0xEC05, 0xCA88, 0xCA88, 0xCA88, 0xCA88,
    0xCA88, 0xCA88, 0xCA88, 0x0000, 0x0000, 0x0000, 0x8183, 0xCA88, 0xCA88, 0xCA88, 0xCA88, 0xCA88, 0xCA88, 0xCA88, 0xCA88, 0x8183,
    0x8183, 0xEC05, 0xEC05, 0xEC05, 0xEC05, 0xEC05, 0xCA88, 0x0000, 0xEC05, 0xEC05, 0xEC05, 0xEC05, 0xCA88, 0xCA88, 0x0000, 0xF81F,
    0xF81F, 0xF81F, 0xF81F, 0xF81F, 0xF81F, 0xF81F, 0xF81F, 0xF81F, 0x8183, 0xEC05, 0xEC05, 0xEC05, 0xEC05, 0xEC05, 0xEC05, 0xEC05,
    0xCA88, 0x2392, 0x2392, 0x2392, 0x0A0A, 0xCA88, 0xCA88, 0xCA88, 0xCA88, 0xCA88, 0xCA88, 0xCA88, 0xCA88, 0xCA88, 0xEC05, 0xEC05,
    0xEC05, 0xEC05, 0xEDAB, 0x8183, 0xF81F, 0xF81F, 0xF81F, 0xF81F, 0xF81F, 0xF81F, 0xF81F, 0xF81F, 0xF81F, 0xF81F, 0xF81F, 0xF81F,
    0xF81F, 0xF81F, 0xF81F, 0xF81F, 0xF81F, 0xF81F, 0xF81F, 0xF81F, 0x8183, 0xEC05, 0xEC05, 0xCA88, 0xCA88, 0xCA88, 0xCA88, 0xCA88,
    0x0000, 0x0000, 0x0000, 0xF81F, 0xF81F, 0xF81F, 0xF81F, 0x8183, 0xCA88, 0xCA88, 0xCA88, 0xCA88, 0xCA88, 0xCA88, 0x8183, 0xCA88,
    0xEC05, 0xEC05, 0xEC05, 0xEC05, 0xEC05, 0xEC05, 0x8183, 0xEC05, 0xEC05, 0xCA88, 0xCA88, 0xCA88, 0xCA88, 0xCA88, 0x0000, 0xF81F,
    0xF81F, 0xF81F, 0xF81F, 0xF81F, 0xF81F, 0xF81F, 0xF81F, 0x0000, 0x8183, 0xEC05, 0xEC05, 0xEC05, 0xEC05, 0xEC05, 0xEC05, 0xCA88,
    0xCA88, 0x2392, 0x2392, 0x2392, 0x0A0A, 0xCA88, 0xCA88, 0xCA88, 0xCA88, 0xCA88, 0xCA88, 0xCA88, 0xCA88, 0xEC05, 0xEC05, 0xCA88,
    0xCA88, 0xEC05, 0xEC05, 0xEDAB, 0x0000, 0xF81F, 0xF81F, 0xF81F, 0xF81F, 0xF81F, 0xF81F, 0xF81F, 0xF81F, 0xF81F, 0xF81F, 0xF81F,
    0xF81F, 0xF81F, 0xF81F, 0xF81F, 0xF81F, 0xF81F, 0xF81F, 0xF81F, 0xCA88, 0xEC05, 0xCA88, 0xCA88, 0xCA88, 0xCA88, 0x0000, 0x0000,
    0xF81F, 0xF81F, 0xF81F, 0xF81F, 0xF81F, 0xF81F, 0xF81F, 0xF81F, 0x8183, 0xCA88, 0xCA88, 0xCA88, 0xCA88, 0x8183, 0xEC05, 0xEC05,
    0xEC05, 0xEC05, 0xEC05, 0xEC05, 0xEC05, 0x0000, 0xCA88, 0xCA88, 0xCA88, 0xCA88, 0xCA88, 0xCA88, 0xCA88, 0xCA88, 0x0000, 0xF81F,
    0xF81F, 0xF81F, 0xF81F, 0xF81F, 0xF81F, 0x0000, 0x0000, 0xEC05, 0x8183, 0xEC05, 0xEC05, 0xEC05, 0xEC05, 0xEC05, 0xEC05, 0xCA88,
    0xCA88, 0x2392, 0x2392, 0x0A0A, 0xCA88, 0xCA88, 0xCA88, 0xCA88, 0xCA88, 0xCA88, 0xCA88, 0xCA88, 0xCA88, 0xEC05, 0xEC05, 0xEC05,
    0x8183, 0xCE79, 0x8183, 0xEC05, 0x0000, 0xF81F, 0xF81F, 0xF81F, 0xF81F, 0xF81F, 0xF81F, 0xF81F, 0xF81F, 0xF81F, 0xF81F, 0xF81F,
    0xF81F, 0xF81F, 0xF81F, 0xF81F, 0xF81F, 0xF81F, 0xF81F, 0x8183, 0xCA88, 0xCA88, 0xCA88, 0xCA88, 0x8183, 0x0000, 0xF81F, 0xF81F,
    0xF81F, 0xF81F, 0xF81F, 0xF81F, 0xF81F, 0xF81F, 0xF81F, 0xF81F, 0x8183, 0xCA88, 0xCA88, 0x8183, 0x8183, 0xEC05, 0xEC05, 0xEC05,
    0xEC05, 0xEC05, 0xEC05, 0xEEEF, 0x0000, 0xCA88, 0xCA88, 0xCA88, 0xCA88, 0xCA88, 0xCA88, 0xCA88, 0xCA88, 0xCA88, 0x0000, 0xF81F,
    0xF81F, 0xF81F, 0xF81F, 0x0000, 0x0000, 0xEC05, 0xEC05, 0xEC05, 0x8183, 0xCA88, 0xEC05, 0xEC05, 0xEC05, 0xEC05, 0xEC05, 0xCA88,
    0xCA88, 0x2392, 0x2392, 0x0A0A, 0xCA88, 0xCA88, 0xCA88, 0xCA88, 0xCA88, 0xCA88, 0xCA88, 0xCA88, 0xCA88, 0xEC05, 0xEC05, 0xEC05,
    0xCA88, 0xFFFF, 0x2392, 0x0000, 0xF81F, 0xF81F, 0xF81F, 0xF81F, 0xF81F, 0xF81F, 0xF81F, 0xF81F, 0xF81F, 0xF81F, 0xF81F, 0xF81F,
    0xF81F, 0xF81F, 0xF81F, 0xF81F, 0xF81F, 0xF81F, 0xF81F, 0x8183, 0xCA88, 0xCA88, 0xCA88, 0x0000, 0xF81F, 0xF81F, 0xF81F, 0xF81F,
    0xF81F, 0xF81F, 0xF81F, 0xF81F, 0xF81F, 0xF81F, 0xF81F, 0xF81F, 0x8183, 0xCA88, 0x8183, 0xCA88, 0xEC05, 0xEC05, 0xEC05, 0xEC05,
    0xEC05, 0xEDAB, 0xEEEF, 0x0000, 0xCA88, 0xCA88, 0xCA88, 0xCA88, 0xCA88, 0xCA88, 0xCA88, 0xCA88, 0xCA88, 0xCA88, 0x0000, 0xF81F,
    0xF81F, 0x8183, 0x8183, 0xEC05, 0xEC05, 0xEC05, 0xEC05, 0x8183, 0xCA88, 0xCA88, 0xEC05, 0xEC05, 0xEC05, 0xEC05, 0xEC05, 0xCA88,
    0x2392, 0x2392, 0x2392, 0x0A0A, 0x0000, 0x8183, 0x8183, 0xCA88, 0xCA88, 0xCA88, 0xCA88, 0xCA88, 0xCA88, 0xCA88, 0xEC05, 0xEC05,
    0xCA88, 0xFFFF, 0x0000, 0xF81F, 0xF81F, 0xF81F, 0xF81F, 0xF81F, 0xF81F, 0xF81F, 0xF81F, 0xF81F, 0xF81F, 0xF81F, 0xF81F, 0xF81F,
    0xF81F, 0xF81F, 0xF81F, 0xF81F, 0xF81F, 0xF81F, 0x8183, 0xCA88, 0xCA88, 0xCA88, 0x8183, 0xF81F, 0xF81F, 0xF81F, 0xF81F, 0xF81F,
    0xF81F, 0xF81F, 0xF81F, 0xF81F, 0xF81F, 0xF81F, 0xF81F, 0xF81F, 0xF81F, 0x8183, 0xEC05, 0xEC05, 0xEC05, 0xEC05, 0xEC05, 0xEDAB,
    0xEEEF, 0xEEEF, 0x0000, 0x8183, 0xCA88, 0xCA88, 0xCA88, 0xCA88, 0xCA88, 0xCA88, 0xCA88, 0xCA88, 0xCA88, 0xCA88, 0x0000, 0xF81F,
    0x8183, 0xEC05, 0xEC05, 0xEC05, 0xEC05, 0xEC05, 0xEC05, 0x8183, 0xCA88, 0xCA88, 0xCA88, 0xEC05, 0xEC05, 0xEC05, 0xCA88, 0xCA88,
    0x2392, 0x2392, 0x2392, 0x0A0A, 0xF81F, 0x0000, 0xCA88, 0x8183, 0xCA88, 0xCA88, 0xCA88, 0xCA88, 0xCA88, 0xCA88, 0xCA88, 0xEC05,
    0xEC05, 0xCA88, 0xEC05, 0x8183, 0xF81F, 0xF81F, 0xF81F, 0xF81F, 0xF81F, 0xF81F, 0xF81F, 0xF81F, 0xF81F, 0xF81F, 0xF81F, 0xF81F,
    0xF81F, 0xF81F, 0xF81F, 0xF81F, 0xF81F, 0xF81F, 0x8183, 0xCA88, 0xCA88, 0x8183, 0xF81F, 0xF81F, 0xF81F, 0xF81F, 0xF81F, 0xF81F,
    0xF81F, 0xF81F, 0xF81F, 0xF81F, 0xF81F, 0xF81F, 0xF81F, 0xF81F, 0x0000, 0xEC05, 0xEC05, 0xEC05, 0xEC05, 0xEDAB, 0xEEEF, 0xEEEF,
    0xEEEF, 0x0000, 0xF81F, 0xF81F, 0x8183, 0xCA88, 0xCA88, 0xCA88, 0xCA88, 0xCA88, 0xCA88, 0xCA88, 0xCA88, 0xCA88, 0xCA88, 0x0000,
    0xEC05, 0xEC05, 0xEC05, 0xEC05, 0xEC05, 0xEC05, 0x8183, 0xCA88, 0xCA88, 0xCA88, 0xCA88, 0xEC05, 0xEC05, 0xEC05, 0xCA88, 0xCA88,
    0x2392, 0x2392, 0x2392, 0x0A0A, 0xF81F, 0x0000, 0xCA88, 0xCA88, 0xCA88, 0xCA88, 0xCA88, 0xCA88, 0x8183, 0x8183, 0x8183, 0xCA88,
    0xEC05, 0xEC05, 0xEC05, 0xCA88, 0xF81F, 0xF81F, 0xF81F, 0xF81F, 0xF81F, 0xF81F, 0xF81F, 0xF81F, 0xF81F, 0xF81F, 0xF81F, 0xF81F,
    0xF81F, 0xF81F, 0xF81F, 0xF81F, 0xF81F, 0xF81F, 0x8183, 0xCA88, 0x8183, 0xF81F, 0xF81F, 0xF81F, 0xF81F, 0xF81F, 0xF81F, 0xF81F,
    0xF81F, 0xF81F, 0xF81F, 0xF81F, 0xF81F, 0xF81F, 0xF81F, 0xF81F, 0x8183, 0xEC05, 0xEC05, 0xEC05, 0xEEEF, 0xEEEF, 0xEEEF, 0xEEEF,
    0x0000, 0xF81F, 0xF81F, 0xF81F, 0x8183, 0xCA88, 0xCA88, 0xCA88, 0xCA88, 0xCA88, 0xCA88, 0xCA88, 0xCA88, 0xCA88, 0xCA88, 0xCA88,
    0x8183, 0xEC05, 0xEC05, 0xEC05, 0xEC05, 0x8183, 0xCA88, 0xCA88, 0xCA88, 0xCA88, 0xCA88, 0xEC05, 0xEC05, 0xEC05, 0xCA88, 0x2392,
    0x2392, 0x0A0A, 0x0A0A, 0xF81F, 0xF81F, 0x0000, 0xCA88, 0xCA88, 0xCA88, 0xCA88, 0xCA88, 0xCA88, 0xCA88, 0x0000, 0x0000, 0x0000,
    0xCA88, 0xEC05, 0xEC05, 0xEC05, 0x8183, 0xF81F, 0xF81F, 0xF81F, 0xF81F, 0xF81F, 0xF81F, 0xF81F, 0xF81F, 0xF81F, 0xF81F, 0xF81F,
    0xF81F, 0xF81F, 0xF81F, 0xF81F, 0xF81F, 0x8183, 0xCA88, 0xCA88, 0x8183, 0xF81F, 0xF81F, 0xF81F, 0xF81F, 0xF81F, 0xF81F, 0xF81F,
    0xF81F, 0xF81F, 0xF81F, 0xF81F, 0xF81F, 0xF81F, 0xF81F, 0x0000, 0xEC05, 0xEC05, 0xEC05, 0xEEEF, 0xEEEF, 0xEEEF, 0xEEEF, 0xEDAB,
    0x0000, 0xF81F, 0xF81F, 0xF81F, 0xF81F, 0x0000, 0x0000, 0x0000, 0x0000, 0xCA88, 0xCA88, 0xCA88, 0xCA88, 0xCA88, 0xCA88, 0xCA88,
    0xEC05, 0xCA88, 0xEC05, 0xEC05, 0x8183, 0xCA88, 0xCA88, 0xCA88, 0xCA88, 0xCA88, 0xCA88, 0xEC05, 0xEC05, 0xCA88, 0x2392, 0x2392,
    0x0A0A, 0xF81F, 0xF81F, 0xF81F, 0xF81F, 0x0000, 0xCA88, 0xCA88, 0xCA88, 0xCA88, 0xCA88, 0xCA88, 0x0000, 0x0000, 0x0000, 0x0000,
    0x0000, 0x8183, 0xCA88, 0xEC05, 0xEC05, 0x8183, 0xF81F, 0xF81F, 0xF81F, 0xF81F, 0xF81F, 0xF81F, 0xF81F, 0xF81F, 0xF81F, 0xF81F,
    0xF81F, 0xF81F, 0xF81F, 0xF81F, 0xF81F, 0x8183, 0xCA88, 0x8183, 0xF81F, 0xF81F, 0xF81F, 0xF81F, 0xF81F, 0xF81F, 0xF81F, 0xF81F,
    0xF81F, 0xF81F, 0xF81F, 0xF81F, 0xF81F, 0xF81F, 0x0000, 0xEC05, 0xEC05, 0xEC05, 0xEEEF, 0xEEEF, 0xEEEF, 0xEEEF, 0xEEEF, 0x0000,
    0xF81F, 0xF81F, 0xF81F, 0xF81F, 0xF81F, 0xF81F, 0xF81F, 0xF81F, 0xF81F, 0x0000, 0x0000, 0x0000, 0xCA88, 0xCA88, 0xCA88, 0xEC05,
    0xEC05, 0xEC05, 0xEC05, 0xEC05, 0xEC05, 0xCA88, 0xCA88, 0xCA88, 0xCA88, 0xCA88, 0xEC05, 0xEC05, 0xEC05, 0xCA88, 0x2392, 0x0A0A,
    0xF81F, 0xF81F, 0xF81F, 0xF81F, 0xF81F, 0x0000, 0xCA88, 0xCA88, 0xCA88, 0xCA88, 0xCA88, 0xCA88, 0x0000, 0xF81F, 0x0000, 0x0000,
    0x0000, 0x0000, 0xCA88, 0xCA88, 0xEC05, 0xEC05, 0x8183, 0xF81F, 0xF81F, 0xF81F, 0xF81F, 0xF81F, 0xF81F, 0xF81F, 0xF81F, 0xF81F,
    0xF81F, 0xF81F, 0xF81F, 0xF81F, 0x8183, 0xCA88, 0xCA88, 0x8183, 0xF81F, 0xF81F, 0xF81F, 0xF81F, 0xF81F, 0xF81F, 0xF81F, 0xF81F,
    0xF81F, 0xF81F, 0xF81F, 0xF81F, 0xF81F, 0xF81F, 0x8183, 0xEC05, 0xEC05, 0xEDAB, 0xEEEF, 0xEEEF, 0xEEEF, 0xEEEF, 0xEDAB, 0x0000,
    0xF81F, 0xF81F, 0xF81F, 0xF81F, 0xF81F, 0xF81F, 0xF81F, 0x8183, 0x8183, 0xEC05, 0xEC05, 0x0000, 0x8183, 0xEC05, 0xEC05, 0xEC05,
    0xEC05, 0xEC05, 0xEC05, 0xEC05, 0xEC05, 0xCA88, 0xCA88, 0x8183, 0x8183, 0xCA88, 0xEC05, 0xEC05, 0xEC05, 0x2392, 0x0A0A, 0xF81F,
    0xF81F, 0xF81F, 0xF81F, 0xF81F, 0xF81F, 0xF81F, 0x8183, 0xCA88, 0xCA88, 0xCA88, 0xCA88, 0x0000, 0xF81F, 0xF81F, 0xF81F, 0x0000,
    0x0000, 0x0000, 0x0000, 0xCA88, 0xCA88, 0xEC05, 0xCA88, 0x8183, 0xF81F, 0xF81F, 0xF81F, 0xF81F, 0xF81F, 0xF81F, 0xF81F, 0xF81F,
    0xF81F, 0xF81F, 0xF81F, 0xF81F, 0x8183, 0xCA88, 0x8183, 0xF81F, 0xF81F, 0xF81F, 0xF81F, 0xF81F, 0xF81F, 0xF81F, 0xF81F, 0xF81F,
    0xF81F, 0xF81F, 0xF81F, 0xF81F, 0xF81F, 0x0000, 0xEC05, 0xEC05, 0xEC05, 0xEEEF, 0xEEEF, 0xEEEF, 0xEEEF, 0xEEEF, 0x8183, 0xF81F,
    0xF81F, 0xF81F, 0xF81F, 0xF81F, 0xF81F, 0xF81F, 0x8183, 0xEC05, 0xEC05, 0xEC05, 0x8183, 0xCA88, 0x8183, 0xEC05, 0xEC05, 0xEC05,
    0xEC05, 0xEC05, 0xEC05, 0xEC05, 0xEC05, 0x8183, 0x8183, 0xEC05, 0xCA88, 0x8183, 0xEC05, 0xEC05, 0xCA88, 0x2392, 0x0A0A, 0xF81F,
    0xF81F, 0xF81F, 0xF81F, 0xF81F, 0xF81F, 0xF81F, 0x0000, 0xCA88, 0xCA88, 0xCA88, 0xCA88, 0x0000, 0xF81F, 0xF81F, 0xF81F, 0xF81F,
    0xF81F, 0x0000, 0x0000, 0xFFFF, 0x8183, 0xCA88, 0xCA88, 0x0000, 0xF81F, 0xF81F, 0xF81F, 0xF81F, 0xF81F, 0xF81F, 0xF81F, 0xF81F,
    0xF81F, 0xF81F, 0xF81F, 0xF81F, 0xF81F, 0x8183, 0x8183, 0xF81F, 0xF81F, 0xF81F, 0xF81F, 0xF81F, 0xF81F, 0xF81F, 0xF81F, 0xF81F,
    0xF81F, 0xF81F, 0xF81F, 0xF81F, 0xF81F, 0x8183, 0xEC05, 0xEC05, 0xEEEF, 0xEEEF, 0xEEEF, 0xEEEF, 0xEEEF, 0xEDAB, 0x0000, 0xF81F,
    0xF81F, 0xF81F, 0xF81F, 0xF81F, 0xF81F, 0xF81F, 0x8183, 0xEC05, 0xEC05, 0x8183, 0xCA88, 0xCA88, 0xCA88, 0xEC05, 0xEC05, 0xEC05,
    0xEC05, 0xEC05, 0xEC05, 0xEC05, 0xEC05, 0xEC05, 0xCA88, 0xCA88, 0xCA88, 0x8183, 0xEC05, 0xEC05, 0x2392, 0x0A0A, 0xEC05, 0x8183,
    0xF81F, 0xF81F, 0xF81F, 0xF81F, 0xF81F, 0xF81F, 0x0000, 0xCA88, 0xCA88, 0xCA88, 0xCA88, 0x0000, 0xF81F, 0xF81F, 0xF81F, 0xF81F,
    0xF81F, 0xF81F, 0x0000, 0x0000, 0x0000, 0xCA88, 0x0000, 0xF81F, 0xF81F, 0xF81F, 0xF81F, 0xF81F, 0xF81F, 0xF81F, 0xF81F, 0xF81F,
    0xF81F, 0xF81F, 0xF81F, 0xF81F, 0xF81F, 0xF81F, 0xF81F, 0xF81F, 0xF81F, 0xF81F, 0xF81F, 0xF81F, 0xF81F, 0xF81F, 0xF81F, 0xF81F,
    0xF81F, 0xF81F, 0xF81F, 0xF81F, 0x0000, 0xEC05, 0xEC05, 0xEDAB, 0xEEEF, 0xEEEF, 0xEEEF, 0xEEEF, 0xEEEF, 0xEC05, 0x0000, 0xF81F,
    0xF81F, 0xF81F, 0xF81F, 0xF81F, 0xF81F, 0xF81F, 0x8183, 0xCA88, 0x0000, 0xCA88, 0xCA88, 0xCA88, 0xCA88, 0xCA88, 0xEC05, 0xEC05,
    0xEC05, 0xEC05, 0xEC05, 0xEC05, 0xCA88, 0xCA88, 0xCA88, 0xCA88, 0x8183, 0xEC05, 0xEC05, 0xCA88, 0x8183, 0xEC05, 0xEC05, 0x8183,
    0xF81F, 0xF81F, 0xF81F, 0xF81F, 0xF81F, 0xF81F, 0x0000, 0xCA88, 0xCA88, 0xCA88, 0xCA88, 0x8183, 0x8183, 0xF81F, 0xF81F, 0xF81F,
    0xF81F, 0xF81F, 0xF81F, 0xF81F, 0x0000, 0x0000, 0xF81F, 0xF81F, 0xF81F, 0xF81F, 0xF81F, 0xF81F, 0xF81F, 0xF81F, 0xF81F, 0xF81F,
    0xF81F, 0xF81F, 0xF81F, 0xF81F, 0xF81F, 0xF81F, 0xF81F, 0xF81F, 0xF81F, 0xF81F, 0xF81F, 0xF81F, 0xF81F, 0xF81F, 0xF81F, 0xF81F,
    0xF81F, 0xF81F, 0xF81F, 0xF81F, 0x8183, 0xEC05, 0xEC05, 0xEEEF, 0xEEEF, 0xEEEF, 0xEEEF, 0xEEEF, 0xEDAB, 0xEC05, 0x0000, 0xF81F,
    0xF81F, 0xF81F, 0xF81F, 0xF81F, 0xF81F, 0xF81F, 0x8183, 0xCA88, 0x8183, 0xCA88, 0xCA88, 0xCA88, 0xCA88, 0xCA88, 0xCA88, 0xEC05,
    0xEC05, 0xEC05, 0xCA88, 0xCA88, 0xCA88, 0xCA88, 0xCA88, 0xCA88, 0x8183, 0xEC05, 0xEC05, 0x8183, 0xEC05, 0xEC05, 0xEC05, 0xEC05,
    0x8183, 0xF81F, 0xF81F, 0xF81F, 0xF81F, 0xF81F, 0xF81F, 0x0000, 0xCA88, 0xCA88, 0xCA88, 0x8183, 0xFFFF, 0x0000, 0xF81F, 0xF81F,
    0xF81F, 0xF81F, 0xF81F, 0xF81F, 0xF81F, 0xF81F, 0xF81F, 0xF81F, 0xF81F, 0xF81F, 0xF81F, 0xF81F, 0xF81F, 0xF81F, 0xF81F, 0xF81F,
    0xF81F, 0xF81F, 0xF81F, 0xF81F, 0xF81F, 0xF81F, 0xF81F, 0xF81F, 0xF81F, 0xF81F, 0xF81F, 0xF81F, 0xF81F, 0xF81F, 0xF81F, 0xF81F,
    0xF81F, 0xF81F, 0xF81F, 0xF81F, 0x8183, 0xEC05, 0xEDAB, 0xEEEF, 0xEEEF, 0xEEEF, 0xEEEF, 0xEEEF, 0xEC05, 0xEC05, 0x0000, 0xF81F,
    0xF81F, 0xF81F, 0xF81F, 0xF81F, 0xF81F, 0xF81F, 0x8183, 0x0000, 0xCA88, 0xCA88, 0xCA88, 0xCA88, 0xCA88, 0xCA88, 0xCA88, 0xCA88,
    0xCA88, 0xCA88, 0xCA88, 0xCA88, 0xCA88, 0xCA88, 0xCA88, 0xCA88, 0x8183, 0xEC05, 0xEC05, 0x8183, 0xEC05, 0xEC05, 0xEC05, 0xEC05,
    0x8183, 0xF81F, 0xF81F, 0xF81F, 0xF81F, 0xF81F, 0xF81F, 0xF81F, 0x0000, 0x0000, 0xCA88, 0xCA88, 0x0000, 0x0000, 0xF81F, 0xF81F,
    0xF81F, 0xF81F, 0xF81F, 0xF81F, 0xF81F, 0xF81F, 0xF81F, 0xF81F, 0xF81F, 0xF81F, 0xF81F, 0xF81F, 0xF81F, 0xF81F, 0xF81F, 0xF81F,
    0xF81F, 0xF81F, 0xF81F, 0xF81F, 0xF81F, 0xF81F, 0xF81F, 0xF81F, 0xF81F, 0xF81F, 0xF81F, 0xF81F, 0xF81F, 0xF81F, 0xF81F, 0xF81F,
    0xF81F, 0xF81F, 0xF81F, 0x0000, 0xEC05, 0xEC05, 0xEEEF, 0xEEEF, 0xEEEF, 0xEEEF, 0xEEEF, 0xEDAB, 0xEC05, 0xEC05, 0x0000, 0xF81F,
    0xF81F, 0xF81F, 0xF81F, 0xF81F, 0xF81F, 0xF81F, 0x0000, 0xCA88, 0xCA88, 0xCA88, 0xCA88, 0xCA88, 0xCA88, 0xCA88, 0xCA88, 0xCA88,
    0xCA88, 0xCA88, 0xCA88, 0xCA88, 0xCA88, 0xCA88, 0xCA88, 0xCA88, 0x8183, 0xEC05, 0xCA88, 0x8183, 0xCA88, 0xCA88, 0xEC05, 0x8183,
    0x0000, 0xF81F, 0xF81F, 0xF81F, 0xF81F, 0xF81F, 0xF81F, 0xF81F, 0xF81F, 0xF81F, 0x0000, 0x0000, 0xF81F, 0xF81F, 0xF81F, 0xF81F,
    0xF81F, 0xF81F, 0xF81F, 0xF81F, 0xF81F, 0xF81F, 0xF81F, 0xF81F, 0xF81F, 0xF81F, 0xF81F, 0xF81F, 0xF81F, 0xF81F, 0xF81F, 0xF81F,
    0xF81F, 0xF81F, 0xF81F, 0xF81F, 0xF81F, 0xF81F, 0xF81F, 0xF81F, 0xF81F, 0xF81F, 0xF81F, 0xF81F, 0xF81F, 0xF81F, 0xF81F, 0xF81F,
    0xF81F, 0xF81F, 0xF81F, 0x0000, 0xEC05, 0xEC05, 0xEEEF, 0xEEEF, 0xEEEF, 0xEEEF, 0xEEEF, 0xEC05, 0xEC05, 0xEC05, 0x0000, 0xF81F,
    0xF81F, 0xF81F, 0xF81F, 0xF81F, 0xF81F, 0xF81F, 0x0000, 0xCA88, 0xCA88, 0xCA88, 0xCA88, 0xCA88, 0xCA88, 0xCA88, 0xCA88, 0xCA88,
    0xCA88, 0xCA88, 0xCA88, 0xCA88, 0xCA88, 0xCA88, 0xCA88, 0x8183, 0xEC05, 0xEC05, 0x8183, 0xCA88, 0xCA88, 0xCA88, 0xCA88, 0x0000,
    0xF81F, 0xF81F, 0xF81F, 0xF81F, 0xF81F, 0xF81F, 0xF81F, 0xF81F, 0xF81F, 0xF81F, 0xF81F, 0xF81F, 0xF81F, 0xF81F, 0xF81F, 0xF81F,
    0xF81F, 0xF81F, 0xF81F, 0xF81F, 0xF81F, 0xF81F, 0xF81F, 0xF81F, 0xF81F, 0xF81F, 0xF81F, 0xF81F, 0xF81F, 0xF81F, 0xF81F, 0xF81F,
    0xF81F, 0xF81F, 0xF81F, 0xF81F, 0xF81F, 0xF81F, 0xF81F, 0xF81F, 0xF81F, 0xF81F, 0xF81F, 0xF81F, 0xF81F, 0xF81F, 0xF81F, 0xF81F,
    0xF81F, 0xF81F, 0xF81F, 0x0000, 0xEC05, 0xEDAB, 0xEEEF, 0xEEEF, 0xEEEF, 0xEEEF, 0xEEEF, 0xEC05, 0xEC05, 0xEC05, 0xEC05, 0x0000,
    0xF81F, 0xF81F, 0xF81F, 0xF81F, 0xF81F, 0x0000, 0xCA88, 0xCA88, 0xCA88, 0xCA88, 0xCA88, 0xCA88, 0xCA88, 0xCA88, 0xCA88, 0xCA88,
    0xCA88, 0xCA88, 0xCA88, 0xCA88, 0xCA88, 0xCA88, 0xCA88, 0x8183, 0xEC05, 0xEC05, 0x8183, 0xCA88, 0xCA88, 0xCA88, 0x0000, 0x8183,
    0xF81F, 0xF81F, 0xF81F, 0xF81F, 0xF81F, 0xF81F, 0xF81F, 0xF81F, 0xF81F, 0xF81F, 0xF81F, 0xF81F, 0xF81F, 0xF81F, 0xF81F, 0xF81F,
    0xF81F, 0xF81F, 0xF81F, 0xF81F, 0xF81F, 0xF81F, 0xF81F, 0xF81F, 0xF81F, 0xF81F, 0xF81F, 0xF81F, 0xF81F, 0xF81F, 0xF81F, 0xF81F,
    0xF81F, 0xF81F, 0xF81F, 0xF81F, 0xF81F, 0xF81F, 0xF81F, 0xF81F, 0xF81F, 0xF81F, 0xF81F, 0xF81F, 0xF81F, 0xF81F, 0xF81F, 0xF81F,
    0xF81F, 0xF81F, 0xF81F, 0x0000, 0xCA88, 0xEEEF, 0xEEEF, 0xEEEF, 0xEEEF, 0xEEEF, 0xEEEF, 0xEC05, 0xEC05, 0xEC05, 0xCA88, 0x0000,
    0xF81F, 0xF81F, 0xF81F, 0xF81F, 0xF81F, 0x8183, 0xCA88, 0xCA88, 0xCA88, 0xCA88, 0xCA88, 0xCA88, 0xCA88, 0xCA88, 0xCA88, 0xCA88,
    0xCA88, 0xCA88, 0xCA88, 0xCA88, 0xCA88, 0xCA88, 0xCA88, 0x8183, 0xEC05, 0xCA88, 0x8183, 0xCA88, 0xCA88, 0xCA88, 0x0000, 0x8183,
    0xF81F, 0xF81F, 0xF81F, 0xF81F, 0xF81F, 0xF81F, 0xF81F, 0xF81F, 0xF81F, 0xF81F, 0xF81F, 0xF81F, 0xF81F, 0xF81F, 0xF81F, 0xF81F,
    0xF81F, 0xF81F, 0xF81F, 0xF81F, 0xF81F, 0xF81F, 0xF81F, 0xF81F, 0xF81F, 0xF81F, 0xF81F, 0xF81F, 0xF81F, 0xF81F, 0xF81F, 0xF81F,
    0xF81F, 0xF81F, 0xF81F, 0xF81F, 0xF81F, 0xF81F, 0xF81F, 0xF81F, 0xF81F, 0xF81F, 0xF81F, 0xF81F, 0xF81F, 0xF81F, 0xF81F, 0xF81F,
    0xF81F, 0xF81F, 0xF81F, 0x0000, 0xCA88, 0xEDAB, 0xEEEF, 0xEEEF, 0xEEEF, 0xEEEF, 0xEEEF, 0xEDAB, 0xEC05, 0xCA88, 0xCA88, 0x0000,
    0xF81F, 0xF81F, 0xF81F, 0xF81F, 0x0000, 0xCA88, 0xCA88, 0xCA88, 0xCA88, 0xCA88, 0xCA88, 0xCA88, 0xCA88, 0xCA88, 0xCA88, 0xCA88,
    0xCA88, 0xCA88, 0xCA88, 0xCA88, 0xCA88, 0xCA88, 0xCA88, 0xCA88, 0x8183, 0x8183, 0x0000, 0xCA88, 0xCA88, 0xCA88, 0x0000, 0xEDAB,
    0x8183, 0xF81F, 0xF81F, 0xF81F, 0xF81F, 0xF81F, 0xF81F, 0xF81F, 0xF81F, 0xF81F, 0xF81F, 0xF81F, 0xF81F, 0xF81F, 0xF81F, 0xF81F,
    0xF81F, 0xF81F, 0xF81F, 0xF81F, 0xF81F, 0xF81F, 0xF81F, 0xF81F, 0xF81F, 0xF81F, 0xF81F, 0xF81F, 0xF81F, 0xF81F, 0xF81F, 0xF81F,
    0xF81F, 0xF81F, 0xF81F, 0xF81F, 0xF81F, 0xF81F, 0xF81F, 0xF81F, 0xF81F, 0xF81F, 0xF81F, 0xF81F, 0xF81F, 0xF81F, 0xF81F, 0xF81F,
    0xF81F, 0xF81F, 0xF81F, 0x0000, 0xCA88, 0xEDAB, 0xEDAB, 0xEDAB, 0xEEEF, 0xEEEF, 0xEEEF, 0xEEEF, 0xCA88, 0xCA88, 0xCA88, 0xCA88,
    0x0000, 0xF81F, 0xF81F, 0x0000, 0xCA88, 0xCA88, 0xCA88, 0xCA88, 0xCA88, 0xCA88, 0xCA88, 0xCA88, 0xCA88, 0xCA88, 0xCA88, 0xCA88,
    0xCA88, 0xCA88, 0xCA88, 0xCA88, 0xCA88, 0xCA88, 0xCA88, 0xCA88, 0xCA88, 0xCA88, 0x0000, 0xCA88, 0xCA88, 0xCA88, 0x8183, 0xEDAB,
    0x8183, 0xF81F, 0xF81F, 0xF81F, 0xF81F, 0xF81F, 0xF81F, 0xF81F, 0xF81F, 0xF81F, 0xF81F, 0xF81F, 0xF81F, 0xF81F, 0xF81F, 0xF81F,
    0xF81F, 0xF81F, 0xF81F, 0xF81F, 0xF81F, 0xF81F, 0xF81F, 0xF81F, 0xF81F, 0xF81F, 0xF81F, 0xF81F, 0xF81F, 0xF81F, 0xF81F, 0xF81F,
    0xF81F, 0xF81F, 0xF81F, 0xF81F, 0xF81F, 0xF81F, 0xF81F, 0xF81F, 0xF81F, 0xF81F, 0xF81F, 0xF81F, 0xF81F, 0xF81F, 0xF81F, 0xF81F,
    0xF81F, 0xF81F, 0xF81F, 0xF81F, 0x0000, 0xEDAB, 0xEDAB, 0xEDAB, 0xEDAB, 0xEDAB, 0xEDAB, 0xEDAB, 0xCA88, 0xCA88, 0xCA88, 0xCA88,
    0x0000, 0xF81F, 0x8183, 0xCA88, 0xCA88, 0xCA88, 0xCA88, 0xCA88, 0xCA88, 0xCA88, 0xCA88, 0xCA88, 0xCA88, 0xCA88, 0xCA88, 0xCA88,
    0xCA88, 0xCA88, 0xCA88, 0xCA88, 0xCA88, 0xCA88, 0xCA88, 0xCA88, 0xCA88, 0xCA88, 0x0000, 0x8183, 0xCA88, 0xCA88, 0x8183, 0xEDAB,
    0x8183, 0xF81F, 0xF81F, 0xF81F, 0xF81F, 0xF81F, 0xF81F, 0xF81F, 0xF81F, 0xF81F, 0xF81F, 0xF81F, 0xF81F, 0xF81F, 0xF81F, 0xF81F,
    0xF81F, 0xF81F, 0xF81F, 0xF81F, 0xF81F, 0xF81F, 0xF81F, 0xF81F, 0xF81F, 0xF81F, 0xF81F, 0xF81F, 0xF81F, 0xF81F, 0xF81F, 0xF81F,
    0xF81F, 0xF81F, 0xF81F, 0xF81F, 0xF81F, 0xF81F, 0xF81F, 0xF81F, 0xF81F, 0xF81F, 0xF81F, 0xF81F, 0xF81F, 0xF81F, 0xF81F, 0xF81F,
    0xF81F, 0xF81F, 0xF81F, 0xF81F, 0x0000, 0xEDAB, 0xEDAB, 0xEDAB, 0xEDAB, 0xEDAB, 0xEDAB, 0xEDAB, 0xEC05, 0xCA88, 0xCA88, 0xCA88,
    0xCA88, 0x0000, 0xCA88, 0xCA88, 0xCA88, 0xCA88, 0xCA88, 0xCA88, 0xCA88, 0xCA88, 0xCA88, 0xCA88, 0xCA88, 0xCA88, 0xCA88, 0xCA88,
    0xCA88, 0xCA88, 0xCA88, 0xCA88, 0xCA88, 0xCA88, 0xCA88, 0xCA88, 0xCA88, 0xCA88, 0xCA88, 0x0000, 0xCA88, 0xCA88, 0xCA88, 0x8183,
    0x8183, 0x8183, 0xF81F, 0xF81F, 0xF81F, 0xCA88, 0xCA88, 0xCA88, 0x8183, 0xF81F, 0xF81F, 0xF81F, 0xF81F, 0xF81F, 0xF81F, 0xF81F,
    0xF81F, 0xF81F, 0xF81F, 0xF81F, 0xF81F, 0xF81F, 0xF81F, 0xF81F, 0xF81F, 0xF81F, 0xF81F, 0xF81F, 0xF81F, 0xF81F, 0xF81F, 0xF81F,
    0xF81F, 0xF81F, 0xF81F, 0xF81F, 0xF81F, 0xF81F, 0xF81F, 0xF81F, 0xF81F, 0xF81F, 0xF81F, 0xF81F, 0xF81F, 0xF81F, 0xF81F, 0xF81F,
    0xF81F, 0xF81F, 0xF81F, 0xF81F, 0x0000, 0xEDAB, 0xEDAB, 0xEDAB, 0xEDAB, 0xEDAB, 0xEDAB, 0xEDAB, 0xEDAB, 0xCA88, 0xCA88, 0xCA88,
    0xCA88, 0xCA88, 0x0000, 0xCA88, 0xCA88, 0xCA88, 0xCA88, 0xCA88, 0xCA88, 0xCA88, 0xCA88, 0xCA88, 0xCA88, 0xCA88, 0xCA88, 0xCA88,
    0xCA88, 0xCA88, 0xCA88, 0xCA88, 0xCA88, 0xCA88, 0xCA88, 0xCA88, 0xCA88, 0xCA88, 0xCA88, 0x0000, 0xCA88, 0xCA88, 0xCA88, 0xCA88,
    0xEC05, 0xEC05, 0xCA88, 0x8183, 0x8183, 0xEC05, 0xEC05, 0xEC05, 0xCA88, 0x8183, 0xF81F, 0xF81F, 0xF81F, 0xF81F, 0xF81F, 0xF81F,
    0xF81F, 0xF81F, 0xF81F, 0xF81F, 0xF81F, 0xF81F, 0xF81F, 0xF81F, 0xF81F, 0xF81F, 0xF81F, 0xF81F, 0xF81F, 0xF81F, 0xF81F, 0xF81F,
    0xF81F, 0xF81F, 0xF81F, 0xF81F, 0xF81F, 0xF81F, 0xF81F, 0xF81F, 0xF81F, 0xF81F, 0xF81F, 0xF81F, 0xF81F, 0xF81F, 0xF81F, 0xF81F,
    0xF81F, 0xF81F, 0xF81F, 0xF81F, 0xF81F, 0x0000, 0xEDAB, 0xEDAB, 0xEDAB, 0xEDAB, 0xEDAB, 0xEDAB, 0xEDAB, 0xCA88, 0xCA88, 0xCA88,
    0xCA88, 0xCA88, 0xCA88, 0x0000, 0x0000, 0xCA88, 0xCA88, 0xCA88, 0xCA88, 0xCA88, 0xCA88, 0xCA88, 0xCA88, 0xCA88, 0xCA88, 0xCA88,
    0xCA88, 0xCA88, 0xCA88, 0xCA88, 0xCA88, 0xCA88, 0xCA88, 0xCA88, 0xCA88, 0xCA88, 0xCA88, 0x8183, 0x8183, 0xCA88, 0xCA88, 0xCA88,
    0xCA88, 0xEC05, 0xEC05, 0xEC05, 0xEC05, 0xEC05, 0xEC05, 0xCA88, 0xCA88, 0x0000, 0xF81F, 0xF81F, 0xF81F, 0xF81F, 0xF81F, 0xF81F,
    0xF81F, 0xF81F, 0xF81F, 0xF81F, 0xF81F, 0xF81F, 0xF81F, 0xF81F, 0xF81F, 0xF81F, 0xF81F, 0xF81F, 0xF81F, 0xF81F, 0xF81F, 0xF81F,
    0xF81F, 0xF81F, 0xF81F, 0xF81F, 0xF81F, 0xF81F, 0xF81F, 0xF81F, 0xF81F, 0xF81F, 0xF81F, 0xF81F, 0xF81F, 0xF81F, 0xF81F, 0xF81F,
    0xF81F, 0xF81F, 0xF81F, 0xF81F, 0xF81F, 0x0000, 0xEDAB, 0xEDAB, 0xEDAB, 0xEDAB, 0xEDAB, 0xEDAB, 0xEDAB, 0xEC05, 0xCA88, 0xCA88,
    0xCA88, 0xCA88, 0xCA88, 0xCA88, 0xCA88, 0x8183, 0x8183, 0xCA88, 0xCA88, 0xCA88, 0xCA88, 0xCA88, 0xCA88, 0xCA88, 0xCA88, 0xCA88,
    0xCA88, 0xCA88, 0xCA88, 0xCA88, 0xCA88, 0xCA88, 0xCA88, 0xCA88, 0xCA88, 0xCA88, 0xCA88, 0xCA88, 0x0000, 0x0000, 0x0000, 0x8183,
    0xCA88, 0xEC05, 0xEC05, 0xEC05, 0xEC05, 0xEC05, 0xEC05, 0xEC05, 0xEC05, 0xEC05, 0x8183, 0xF81F, 0xF81F, 0xF81F, 0xF81F, 0xF81F,
    0xF81F, 0xF81F, 0xF81F, 0xF81F, 0xF81F, 0xF81F, 0xF81F, 0xF81F, 0xF81F, 0xF81F, 0xF81F, 0xF81F, 0xF81F, 0xF81F, 0xF81F, 0xF81F,
    0xF81F, 0xF81F, 0xF81F, 0xF81F, 0xF81F, 0xF81F, 0xF81F, 0xF81F, 0xF81F, 0xF81F, 0xF81F, 0xF81F, 0xF81F, 0xF81F, 0xF81F, 0xF81F,
    0xF81F, 0xF81F, 0xF81F, 0xF81F, 0xF81F, 0x0000, 0xEDAB, 0xEDAB, 0xEDAB, 0xEDAB, 0xEDAB, 0xEDAB, 0xEDAB, 0xEDAB, 0xCA88, 0xCA88,
    0xCA88, 0xCA88, 0xCA88, 0xCA88, 0xCA88, 0xCA88, 0xCA88, 0xCA88, 0xCA88, 0xCA88, 0xCA88, 0xCA88, 0xCA88, 0xCA88, 0xCA88, 0xCA88,
    0xCA88, 0xCA88, 0xCA88, 0xCA88, 0xCA88, 0xCA88, 0x8183, 0xCA88, 0xCA88, 0xCA88, 0xCA88, 0xCA88, 0xCA88, 0xCA88, 0xCA88, 0x0000,
    0x0000, 0x0000, 0x0000, 0x0000, 0x0000, 0xCA88, 0xEC05, 0xEC05, 0xEC05, 0xCA88, 0xCA88, 0x0000, 0xF81F, 0xF81F, 0xF81F, 0xF81F,
    0xF81F, 0xF81F, 0xF81F, 0xF81F, 0xF81F, 0xF81F, 0xF81F, 0xF81F, 0xF81F, 0xF81F, 0xF81F, 0xF81F, 0xF81F, 0xF81F, 0xF81F, 0xF81F,
    0xF81F, 0xF81F, 0xF81F, 0xF81F, 0xF81F, 0xF81F, 0xF81F, 0xF81F, 0xF81F, 0xF81F, 0xF81F, 0xF81F, 0xF81F, 0xF81F, 0xF81F, 0xF81F,
    0xF81F, 0xF81F, 0xF81F, 0xF81F, 0xF81F, 0xF81F, 0x0000, 0xEDAB, 0xEDAB, 0xEDAB, 0xEDAB, 0xEDAB, 0xEDAB, 0xEDAB, 0xEC05, 0xCA88,
    0xCA88, 0xCA88, 0xCA88, 0xCA88, 0xCA88, 0xCA88, 0xCA88, 0xCA88, 0xCA88, 0xCA88, 0xCA88, 0xCA88, 0xCA88, 0xCA88, 0xCA88, 0xCA88,
    0xCA88, 0xCA88, 0xCA88, 0xCA88, 0xCA88, 0x8183, 0xCA88, 0xCA88, 0xCA88, 0xCA88, 0xCA88, 0xCA88, 0xCA88, 0xCA88, 0xCA88, 0xCA88,
    0x8183, 0xF81F, 0xF81F, 0xF81F, 0xF81F, 0x0000, 0x0000, 0xCA88, 0xCA88, 0xCA88, 0xCA88, 0x0000, 0xF81F, 0xF81F, 0xF81F, 0xF81F,
    0xF81F, 0xF81F, 0xF81F, 0xF81F, 0xF81F, 0xF81F, 0xF81F, 0xF81F, 0xF81F, 0xF81F, 0xF81F, 0xF81F, 0xF81F, 0xF81F, 0xF81F, 0xF81F,
    0xF81F, 0xF81F, 0xF81F, 0xF81F, 0xF81F, 0xF81F, 0xF81F, 0xF81F, 0xF81F, 0xF81F, 0xF81F, 0xF81F, 0xF81F, 0xF81F, 0xF81F, 0xF81F,
    0xF81F, 0xF81F, 0xF81F, 0xF81F, 0xF81F, 0xF81F, 0x0000, 0xEDAB, 0xEDAB, 0xEDAB, 0xEDAB, 0xEDAB, 0xEDAB, 0xEDAB, 0xEDAB, 0xCA88,
    0xCA88, 0xCA88, 0xCA88, 0xCA88, 0xCA88, 0xCA88, 0xCA88, 0xCA88, 0xCA88, 0xCA88, 0xCA88, 0xCA88, 0xCA88, 0xCA88, 0xCA88, 0xCA88,
    0xCA88, 0xCA88, 0xCA88, 0xCA88, 0x8183, 0xCA88, 0xCA88, 0xCA88, 0xCA88, 0xCA88, 0xCA88, 0xCA88, 0xCA88, 0xCA88, 0xCA88, 0xCA88,
    0xCA88, 0x8183, 0xF81F, 0xF81F, 0xF81F, 0xF81F, 0xF81F, 0x8183, 0xCE79, 0xCA88, 0x0000, 0xF81F, 0xF81F, 0xF81F, 0xF81F, 0xF81F,
    0xF81F, 0xF81F, 0xF81F, 0xF81F, 0xF81F, 0xF81F, 0xF81F, 0xF81F, 0xF81F, 0xF81F, 0xF81F, 0xF81F, 0xF81F, 0xF81F, 0xF81F, 0xF81F,
    0xF81F, 0xF81F, 0xF81F, 0xF81F, 0xF81F, 0xF81F, 0xF81F, 0xF81F, 0xF81F, 0xF81F, 0xF81F, 0xF81F, 0xF81F, 0xF81F, 0xF81F, 0xF81F,
    0xF81F, 0xF81F, 0xF81F, 0xF81F, 0xF81F, 0xF81F, 0xF81F, 0x0000, 0xEDAB, 0xEDAB, 0xEDAB, 0xEDAB, 0xEDAB, 0xEDAB, 0xEDAB, 0xEC05,
    0xCA88, 0xCA88, 0xCA88, 0xCA88, 0xCA88, 0xCA88, 0xCA88, 0xCA88, 0xCA88, 0xCA88, 0xCA88, 0xCA88, 0xCA88, 0xCA88, 0xCA88, 0xCA88,
    0xCA88, 0xCA88, 0xCA88, 0xCA88, 0x8183, 0xCA88, 0xCA88, 0xCA88, 0xCA88, 0xCA88, 0xCA88, 0xCA88, 0xCA88, 0xCA88, 0xCA88, 0xCA88,
    0xEC05, 0xEC05, 0x8183, 0xF81F, 0xF81F, 0xF81F, 0xF81F, 0x0000, 0x0000, 0x0000, 0xF81F, 0xF81F, 0xF81F, 0xF81F, 0xF81F, 0xF81F,
    0xF81F, 0xF81F, 0xF81F, 0xF81F, 0xF81F, 0xF81F, 0xF81F, 0xF81F, 0xF81F, 0xF81F, 0xF81F, 0xF81F, 0xF81F, 0xF81F, 0xF81F, 0xF81F,
    0xF81F, 0xF81F, 0xF81F, 0xF81F, 0xF81F, 0xF81F, 0xF81F, 0xF81F, 0xF81F, 0xF81F, 0xF81F, 0xF81F, 0xF81F, 0xF81F, 0xF81F, 0xF81F,
    0xF81F, 0xF81F, 0xF81F, 0xF81F, 0xF81F, 0xF81F, 0xF81F, 0x0000, 0xEDAB, 0xEDAB, 0xEDAB, 0xEDAB, 0xEDAB, 0xEDAB, 0xEDAB, 0xEDAB,
    0xCA88, 0xCA88, 0xCA88, 0xCA88, 0xCA88, 0xCA88, 0xCA88, 0xCA88, 0xCA88, 0xCA88, 0xCA88, 0xCA88, 0xCA88, 0xCA88, 0xCA88, 0xCA88,
    0xCA88, 0xCA88, 0xCA88, 0xCA88, 0xCA88, 0xCA88, 0xCA88, 0xCA88, 0xCA88, 0xCA88, 0xCA88, 0xCA88, 0xCA88, 0xCA88, 0xEC05, 0xEC05,
    0xEC05, 0xEC05, 0xCA88, 0xF81F, 0xF81F, 0xF81F, 0xF81F, 0xF81F, 0xF81F, 0xF81F, 0xF81F, 0xF81F, 0xF81F, 0xF81F, 0xF81F, 0xF81F,
    0xF81F, 0xF81F, 0xF81F, 0xF81F, 0xF81F, 0xF81F, 0xF81F, 0xF81F, 0xF81F, 0xF81F, 0xF81F, 0xF81F, 0xF81F, 0xF81F, 0xF81F, 0xF81F,
    0xF81F, 0xF81F, 0xF81F, 0xF81F, 0xF81F, 0xF81F, 0xF81F, 0xF81F, 0xF81F, 0xF81F, 0xF81F, 0xF81F, 0xF81F, 0xF81F, 0xF81F, 0xF81F,
    0xF81F, 0xF81F, 0xF81F, 0xF81F, 0xF81F, 0xF81F, 0xF81F, 0xF81F, 0x0000, 0xEDAB, 0xEDAB, 0xEDAB, 0xEDAB, 0xEDAB, 0xEDAB, 0xEDAB,
    0xEDAB, 0xCA88, 0xCA88, 0xCA88, 0xCA88, 0xCA88, 0xCA88, 0xCA88, 0xCA88, 0xCA88, 0xCA88, 0xCA88, 0xCA88, 0xCA88, 0xCA88, 0xCA88,
    0xCA88, 0xCA88, 0xCA88, 0xCA88, 0xCA88, 0xCA88, 0xCA88, 0xCA88, 0xCA88, 0xCA88, 0xCA88, 0xCA88, 0xCA88, 0xCA88, 0xEC05, 0xEC05,
    0xEC05, 0xEC05, 0xEC05, 0xCA88, 0xF81F, 0xF81F, 0xF81F, 0xF81F, 0xF81F, 0xF81F, 0xF81F, 0xF81F, 0xF81F, 0xF81F, 0xF81F, 0xF81F,
    0xF81F, 0xF81F, 0xF81F, 0xF81F, 0xF81F, 0xF81F, 0xF81F, 0xF81F, 0xF81F, 0xF81F, 0xF81F, 0xF81F, 0xF81F, 0xF81F, 0xF81F, 0xF81F,
    0xF81F, 0xF81F, 0xF81F, 0xF81F, 0xF81F, 0xF81F, 0xF81F, 0xF81F, 0xF81F, 0xF81F, 0xF81F, 0xF81F, 0xF81F, 0xF81F, 0xF81F, 0xF81F,
    0xF81F, 0xF81F, 0xF81F, 0xF81F, 0xF81F, 0xF81F, 0xF81F, 0xF81F, 0x0000, 0xEC05, 0xEDAB, 0xEDAB, 0xEDAB, 0xEDAB, 0xEDAB, 0xEDAB,
    0xEDAB, 0xEDAB, 0xCA88, 0xCA88, 0xCA88, 0xCA88, 0xCA88, 0xCA88, 0xCA88, 0xCA88, 0xCA88, 0xCA88, 0xCA88, 0xCA88, 0xCA88, 0xCA88,
    0xCA88, 0xCA88, 0xCA88, 0x8183, 0xCA88, 0xCA88, 0xCA88, 0xCA88, 0xCA88, 0xCA88, 0xCA88, 0xCA88, 0xCA88, 0xCA88, 0xCA88, 0xEC05,
    0xEC05, 0xEC05, 0xEC05, 0xCA88, 0xF81F, 0xF81F, 0xF81F, 0xF81F, 0xF81F, 0xF81F, 0xF81F, 0xF81F, 0xF81F, 0xF81F, 0xF81F, 0xF81F,
    0xF81F, 0xF81F, 0xF81F, 0xF81F, 0xF81F, 0xF81F, 0xF81F, 0xF81F, 0xF81F, 0xF81F, 0xF81F, 0xF81F, 0xF81F, 0xF81F, 0xF81F, 0xF81F,
    0xF81F, 0xF81F, 0xF81F, 0xF81F, 0xF81F, 0xF81F, 0xF81F, 0xF81F, 0xF81F, 0xF81F, 0xF81F, 0xF81F, 0xF81F, 0xF81F, 0xF81F, 0xF81F,
    0xF81F, 0xF81F, 0xF81F, 0xF81F, 0xF81F, 0xF81F, 0xF81F, 0xF81F, 0xF81F, 0x0000, 0xEDAB, 0xEDAB, 0xEDAB, 0xEDAB, 0xEDAB, 0xEDAB,
    0xEDAB, 0xEDAB, 0xEDAB, 0xEC05, 0xCA88, 0xCA88, 0xCA88, 0xCA88, 0xCA88, 0xCA88, 0xCA88, 0xCA88, 0xCA88, 0xCA88, 0xCA88, 0xCA88,
    0xCA88, 0xCA88, 0xCA88, 0x8183, 0xCA88, 0xCA88, 0xCA88, 0xCA88, 0xCA88, 0xCA88, 0xCA88, 0xCA88, 0xCA88, 0xCA88, 0xCA88, 0xEC05,
    0xEC05, 0xEC05, 0xEC05, 0xCA88, 0xF81F, 0xF81F, 0xF81F, 0xF81F, 0xF81F, 0xF81F, 0xF81F, 0xF81F, 0xF81F, 0xF81F, 0xF81F, 0xF81F,
    0xF81F, 0xF81F, 0xF81F, 0xF81F, 0xF81F, 0xF81F, 0xF81F, 0xF81F, 0xF81F, 0xF81F, 0xF81F, 0xF81F, 0xF81F, 0xF81F, 0xF81F, 0xF81F,
    0xF81F, 0xF81F, 0xF81F, 0xF81F, 0xF81F, 0xF81F, 0xF81F, 0xF81F, 0xF81F, 0xF81F, 0xF81F, 0xF81F, 0xF81F, 0xF81F, 0xF81F, 0xF81F,
    0xF81F, 0xF81F, 0xF81F, 0xF81F, 0xF81F, 0xF81F, 0xF81F, 0xF81F, 0xF81F, 0xF81F, 0x0000, 0xEDAB, 0xEDAB, 0xEDAB, 0xEDAB, 0xEDAB,
    0xEDAB, 0xEDAB, 0xEDAB, 0xEDAB, 0xEDAB, 0xCA88, 0xCA88, 0xCA88, 0xCA88, 0xCA88, 0xCA88, 0xCA88, 0xCA88, 0xCA88, 0xCA88, 0xCA88,
    0xCA88, 0xCA88, 0xCA88, 0x8183, 0xCA88, 0xCA88, 0xCA88, 0xCA88, 0xCA88, 0xCA88, 0xCA88, 0xCA88, 0xCA88, 0xCA88, 0xCA88, 0xEC05,
    0xEC05, 0xEC05, 0xEC05, 0xEC05, 0xCA88, 0xF81F, 0xF81F, 0xF81F, 0xF81F, 0xF81F, 0xF81F, 0xF81F, 0xF81F, 0xF81F, 0xF81F, 0xF81F,
    0xF81F, 0xF81F, 0xF81F, 0xF81F, 0xF81F, 0xF81F, 0xF81F, 0xF81F, 0xF81F, 0xF81F, 0xF81F, 0xF81F, 0xF81F, 0xF81F, 0xF81F, 0xF81F,
    0xF81F, 0xF81F, 0xF81F, 0xF81F, 0xF81F, 0xF81F, 0xF81F, 0xF81F, 0xF81F, 0xF81F, 0xF81F, 0xF81F, 0xF81F, 0xF81F, 0xF81F, 0xF81F,
    0xF81F, 0xF81F, 0xF81F, 0xF81F, 0xF81F, 0xF81F, 0xF81F, 0xF81F, 0xF81F, 0xF81F, 0xF81F, 0x0000, 0xEDAB, 0xEDAB, 0xEDAB, 0xEDAB,
    0xEDAB, 0xEDAB, 0xEDAB, 0xEDAB, 0xEDAB, 0xEDAB, 0xEDAB, 0xCA88, 0xCA88, 0xCA88, 0xCA88, 0xCA88, 0xCA88, 0xCA88, 0xCA88, 0xCA88,
    0xCA88, 0xCA88, 0xCA88, 0xCA88, 0x8183, 0xCA88, 0xCA88, 0xCA88, 0xCA88, 0xCA88, 0xCA88, 0xCA88, 0xCA88, 0xCA88, 0xCA88, 0xEC05,
    0xEC05, 0xEC05, 0xEC05, 0xEC05, 0xCA88, 0xF81F, 0xF81F, 0xF81F, 0xF81F, 0xF81F, 0xF81F, 0xF81F, 0xF81F, 0xF81F, 0xF81F, 0xF81F,
    0xF81F, 0xF81F, 0xF81F, 0xF81F, 0xF81F, 0xF81F, 0xF81F, 0xF81F, 0xF81F, 0xF81F, 0xF81F, 0xF81F, 0xF81F, 0xF81F, 0xF81F, 0xF81F,
    0xF81F, 0xF81F, 0xF81F, 0xF81F, 0xF81F, 0xF81F, 0xF81F, 0xF81F, 0xF81F, 0xF81F, 0xF81F, 0xF81F, 0xF81F, 0xF81F, 0xF81F, 0xF81F,
    0xF81F, 0xF81F, 0xF81F, 0xF81F, 0xF81F, 0xF81F, 0xF81F, 0xF81F, 0xF81F, 0xF81F, 0xF81F, 0xF81F, 0x0000, 0xEC05, 0xEDAB, 0xEDAB,
    0xEDAB, 0xEDAB, 0xEDAB, 0xEDAB, 0xEDAB, 0xEDAB, 0xEDAB, 0xEDAB, 0xEDAB, 0xCA88, 0xCA88, 0xCA88, 0xCA88, 0xCA88, 0xCA88, 0xCA88,
    0xCA88, 0xCA88, 0xCA88, 0xCA88, 0x8183, 0xCA88, 0xCA88, 0xCA88, 0xCA88, 0xCA88, 0xCA88, 0xCA88, 0xCA88, 0xCA88, 0xCA88, 0xCA88,
    0xEC05, 0xEC05, 0xEC05, 0xEC05, 0x8183, 0xF81F, 0xF81F, 0xF81F, 0xF81F, 0xF81F, 0xF81F, 0xF81F, 0xF81F, 0xF81F, 0xF81F, 0xF81F,
    0xF81F, 0xF81F, 0xF81F, 0xF81F, 0xF81F, 0xF81F, 0xF81F, 0xF81F, 0xF81F, 0xF81F, 0xF81F, 0xF81F, 0xF81F, 0xF81F, 0xF81F, 0xF81F,
    0xF81F, 0xF81F, 0xF81F, 0xF81F, 0xF81F, 0xF81F, 0xF81F, 0xF81F, 0xF81F, 0xF81F, 0xF81F, 0xF81F, 0xF81F, 0xF81F, 0xF81F, 0xF81F,
    0xF81F, 0xF81F, 0xF81F, 0xF81F, 0xF81F, 0xF81F, 0xF81F, 0xF81F, 0xF81F, 0xF81F, 0xF81F, 0xF81F, 0xF81F, 0x0000, 0x0000, 0xEDAB,
    0xEDAB, 0xEDAB, 0xEDAB, 0xEDAB, 0xEDAB, 0xEDAB, 0xEDAB, 0xEDAB, 0xEDAB, 0xEDAB, 0xEDAB, 0xEC05, 0xCA88, 0xCA88, 0xCA88, 0xCA88,
    0xCA88, 0xCA88, 0xCA88, 0xCA88, 0xCA88, 0x8183, 0xCA88, 0xCA88, 0xCA88, 0xCA88, 0xCA88, 0xCA88, 0xCA88, 0xCA88, 0xCA88, 0xCA88,
    0xEC05, 0xCA88, 0xEC05, 0xCA88, 0x8183, 0xF81F, 0xF81F, 0xF81F, 0xF81F, 0xF81F, 0xF81F, 0xF81F, 0xF81F, 0xF81F, 0xF81F, 0xF81F,
    0xF81F, 0xF81F, 0xF81F, 0xF81F, 0xF81F, 0xF81F, 0xF81F, 0xF81F, 0xF81F, 0xF81F, 0xF81F, 0xF81F, 0xF81F, 0xF81F, 0xF81F, 0xF81F,
    0xF81F, 0xF81F, 0xF81F, 0xF81F, 0xF81F, 0xF81F, 0xF81F, 0xF81F, 0xF81F, 0xF81F, 0xF81F, 0xF81F, 0xF81F, 0xF81F, 0xF81F, 0xF81F,
    0xF81F, 0xF81F, 0xF81F, 0xF81F, 0xF81F, 0xF81F, 0xF81F, 0xF81F, 0xF81F, 0xF81F, 0xF81F, 0xF81F, 0xF81F, 0xF81F, 0xF81F, 0x0000,
    0x0000, 0xEDAB, 0xEDAB, 0xEDAB, 0xEDAB, 0xEDAB, 0xEDAB, 0xEDAB, 0xEDAB, 0xEDAB, 0xEDAB, 0xEDAB, 0xEDAB, 0xEDAB, 0xEDAB, 0xEC05,
    0xEC05, 0xCA88, 0xCA88, 0xCA88, 0xCA88, 0xCA88, 0x8183, 0xCA88, 0xCA88, 0xCA88, 0xCA88, 0xCA88, 0xCA88, 0xCA88, 0xCA88, 0xCA88,
    0xCA88, 0xEC05, 0xCA88, 0xEC05, 0x0000, 0xF81F, 0xF81F, 0xF81F, 0xF81F, 0xF81F, 0xF81F, 0xF81F, 0xF81F, 0xF81F, 0xF81F, 0xF81F,
    0xF81F, 0xF81F, 0xF81F, 0xF81F, 0xF81F, 0xF81F, 0xF81F, 0xF81F, 0xF81F, 0xF81F, 0xF81F, 0xF81F, 0xF81F, 0xF81F, 0xF81F, 0xF81F,
    0xF81F, 0xF81F, 0xF81F, 0xF81F, 0xF81F, 0xF81F, 0xF81F, 0xF81F, 0xF81F, 0xF81F, 0xF81F, 0xF81F, 0xF81F, 0xF81F, 0xF81F, 0xF81F,
    0xF81F, 0xF81F, 0xF81F, 0xF81F, 0xF81F, 0xF81F, 0xF81F, 0xF81F, 0xF81F, 0xF81F, 0xF81F, 0xF81F, 0xF81F, 0xF81F, 0xF81F, 0x8183,
    0xCA88, 0x0000, 0x0000, 0xEDAB, 0xEDAB, 0xEDAB, 0xEDAB, 0xEDAB, 0xEDAB, 0xEDAB, 0xEDAB, 0xEDAB, 0xEDAB, 0xEDAB, 0xEDAB, 0xEDAB,
    0xEDAB, 0xEDAB, 0xEDAB, 0xEDAB, 0xEDAB, 0xEDAB, 0x8183, 0xCA88, 0xCA88, 0xCA88, 0xCA88, 0xCA88, 0xCA88, 0xCA88, 0xCA88, 0xCA88,
    0xCA88, 0xCA88, 0xEC05, 0xCA88, 0x0000, 0xF81F, 0xF81F, 0xF81F, 0xF81F, 0xF81F, 0xF81F, 0xF81F, 0xF81F, 0xF81F, 0xF81F, 0xF81F,
    0xF81F, 0xF81F, 0xF81F, 0xF81F, 0xF81F, 0xF81F, 0xF81F, 0xF81F, 0xF81F, 0xF81F, 0xF81F, 0xF81F, 0xF81F, 0xF81F, 0xF81F, 0xF81F,
    0xF81F, 0xF81F, 0xF81F, 0xF81F, 0xF81F, 0xF81F, 0xF81F, 0xF81F, 0xF81F, 0xF81F, 0xF81F, 0xF81F, 0xF81F, 0xF81F, 0xF81F, 0xF81F,
    0xF81F, 0xF81F, 0xF81F, 0xF81F, 0xF81F, 0xF81F, 0xF81F, 0xF81F, 0xF81F, 0xF81F, 0xF81F, 0xF81F, 0xF81F, 0xF81F, 0x8183, 0xCA88,
    0xCA88, 0xCA88, 0xCA88, 0x0000, 0x0000, 0x0000, 0xEDAB, 0xEDAB, 0xEDAB, 0xEDAB, 0xEDAB, 0xEDAB, 0xEDAB, 0xEDAB, 0xEDAB, 0xEDAB,
    0xEDAB, 0xEDAB, 0xEDAB, 0xEDAB, 0xEDAB, 0xEDAB, 0xEDAB, 0x8183, 0xCA88, 0xCA88, 0xCA88, 0xCA88, 0xCA88, 0xCA88, 0xCA88, 0xCA88,
    0xCA88, 0xCA88, 0xCA88, 0x0000, 0xF81F, 0xF81F, 0xF81F, 0xF81F, 0xF81F, 0xF81F, 0xF81F, 0xF81F, 0xF81F, 0xF81F, 0xF81F, 0xF81F,
    0xF81F, 0xF81F, 0xF81F, 0xF81F, 0xF81F, 0xF81F, 0xF81F, 0xF81F, 0xF81F, 0xF81F, 0xF81F, 0xF81F, 0xF81F, 0xF81F, 0xF81F, 0xF81F,
    0xF81F, 0xF81F, 0xF81F, 0xF81F, 0xF81F, 0xF81F, 0xF81F, 0xF81F, 0xF81F, 0xF81F, 0xF81F, 0xF81F, 0xF81F, 0xF81F, 0xF81F, 0xF81F,
    0xF81F, 0xF81F, 0xF81F, 0xF81F, 0xF81F, 0xF81F, 0xF81F, 0xF81F, 0xF81F, 0xF81F, 0xF81F, 0xF81F, 0xF81F, 0xF81F, 0x0000, 0xCA88,
    0xCA88, 0xCA88, 0xCA88, 0xCA88, 0xCA88, 0xCA88, 0x0000, 0x0000, 0x0000, 0x0000, 0xEDAB, 0xEDAB, 0xEDAB, 0xEDAB, 0xEDAB, 0xEDAB,
    0xEDAB, 0xEDAB, 0xEDAB, 0xEDAB, 0x0000, 0x0000, 0x0000, 0x0000, 0xCA88, 0xCA88, 0xCA88, 0xCA88, 0xCA88, 0xCA88, 0xCA88, 0xCA88,
    0xCA88, 0xCA88, 0xCA88, 0x0000, 0xF81F, 0xF81F, 0xF81F, 0xF81F, 0xF81F, 0xF81F, 0xF81F, 0xF81F, 0xF81F, 0xF81F, 0xF81F, 0xF81F,
    0xF81F, 0xF81F, 0xF81F, 0xF81F, 0xF81F, 0xF81F, 0xF81F, 0xF81F, 0xF81F, 0xF81F, 0xF81F, 0xF81F, 0xF81F, 0xF81F, 0xF81F, 0xF81F,
    0xF81F, 0xF81F, 0xF81F, 0xF81F, 0xF81F, 0xF81F, 0xF81F, 0xF81F, 0xF81F, 0xF81F, 0xF81F, 0xF81F, 0xF81F, 0xF81F, 0xF81F, 0xF81F,
    0xF81F, 0xF81F, 0xF81F, 0xF81F, 0xF81F, 0xF81F, 0xF81F, 0xF81F, 0xF81F, 0xF81F, 0xF81F, 0xF81F, 0xF81F, 0xF81F, 0x0000, 0xCA88,
    0xCA88, 0xCA88, 0xCA88, 0xCA88, 0xCA88, 0xCA88, 0xCA88, 0xCA88, 0x630C, 0xF81F, 0x0000, 0x0000, 0x0000, 0x0000, 0x0000, 0x0000,
    0x0000, 0x0000, 0x0000, 0x0000, 0xF81F, 0xF81F, 0xF81F, 0x0000, 0xCA88, 0xCA88, 0xCA88, 0xCA88, 0xCA88, 0xCA88, 0xCA88, 0xCA88,
    0xCA88, 0xCA88, 0x0000, 0xF81F, 0xF81F, 0xF81F, 0xF81F, 0xF81F, 0xF81F, 0xF81F, 0xF81F, 0xF81F, 0xF81F, 0xF81F, 0xF81F, 0xF81F,
    0xF81F, 0xF81F, 0xF81F, 0xF81F, 0xF81F, 0xF81F, 0xF81F, 0xF81F, 0xF81F, 0xF81F, 0xF81F, 0xF81F, 0xF81F, 0xF81F, 0xF81F, 0xF81F,
    0xF81F, 0xF81F, 0xF81F, 0xF81F, 0xF81F, 0xF81F, 0xF81F, 0xF81F, 0xF81F, 0xF81F, 0xF81F, 0xF81F, 0xF81F, 0xF81F, 0xF81F, 0xF81F,
    0xF81F, 0xF81F, 0xF81F, 0xF81F, 0xF81F, 0xF81F, 0xF81F, 0xF81F, 0xF81F, 0xF81F, 0xF81F, 0xF81F, 0xF81F, 0xF81F, 0xF81F, 0x8183,
    0xCA88, 0xCA88, 0xCA88, 0xCA88, 0xCA88, 0xCA88, 0xCA88, 0xCA88, 0xCE79, 0x630C, 0xF81F, 0xF81F, 0xF81F, 0xF81F, 0xF81F, 0xF81F,
    0xF81F, 0xF81F, 0xF81F, 0xF81F, 0xF81F, 0xF81F, 0x0000, 0xCA88, 0xCA88, 0xCA88, 0xCA88, 0xCA88, 0xCA88, 0xCA88, 0xCA88, 0xCA88,
    0xCA88, 0x0000, 0xF81F, 0xF81F, 0xF81F, 0xF81F, 0xF81F, 0xF81F, 0xF81F, 0xF81F, 0xF81F, 0xF81F, 0xF81F, 0xF81F, 0xF81F, 0xF81F,
    0xF81F, 0xF81F, 0xF81F, 0xF81F, 0xF81F, 0xF81F, 0xF81F, 0xF81F, 0xF81F, 0xF81F, 0xF81F, 0xF81F, 0xF81F, 0xF81F, 0xF81F, 0xF81F,
    0xF81F, 0xF81F, 0xF81F, 0xF81F, 0xF81F, 0xF81F, 0xF81F, 0xF81F, 0xF81F, 0xF81F, 0xF81F, 0xF81F, 0xF81F, 0xF81F, 0xF81F, 0xF81F,
    0xF81F, 0xF81F, 0xF81F, 0xF81F, 0xF81F, 0xF81F, 0xF81F, 0xF81F, 0xF81F, 0xF81F, 0xF81F, 0xF81F, 0xF81F, 0xF81F, 0xF81F, 0x0000,
    0x8183, 0xCA88, 0xCA88, 0xCA88, 0xCA88, 0xCA88, 0xCA88, 0x8183, 0xCE79, 0x630C, 0xF81F, 0xF81F, 0xF81F, 0xF81F, 0xF81F, 0xF81F,
    0xF81F, 0xF81F, 0xF81F, 0xF81F, 0xF81F, 0xF81F, 0x0000, 0xCA88, 0xCA88, 0xCA88, 0xCA88, 0xCA88, 0xCA88, 0xCA88, 0xCA88, 0xCA88,
    0xCA88, 0x0000, 0xF81F, 0xF81F, 0xF81F, 0xF81F, 0xF81F, 0xF81F, 0xF81F, 0xF81F, 0xF81F, 0xF81F, 0xF81F, 0xF81F, 0xF81F, 0xF81F,
    0xF81F, 0xF81F, 0xF81F, 0xF81F, 0xF81F, 0xF81F, 0xF81F, 0xF81F, 0xF81F, 0xF81F, 0xF81F, 0xF81F, 0xF81F, 0xF81F, 0xF81F, 0xF81F,
    0xF81F, 0xF81F, 0xF81F, 0xF81F, 0xF81F, 0xF81F, 0xF81F, 0xF81F, 0xF81F, 0xF81F, 0xF81F, 0xF81F, 0xF81F, 0xF81F, 0xF81F, 0xF81F,
    0xF81F, 0xF81F, 0xF81F, 0xF81F, 0xF81F, 0xF81F, 0xF81F, 0xF81F, 0xF81F, 0xF81F, 0xF81F, 0xF81F, 0xF81F, 0xF81F, 0xF81F, 0xF81F,
    0x0000, 0x0000, 0x0000, 0x0000, 0x0000, 0x0000, 0x0000, 0x0000, 0x0000, 0xF81F, 0xF81F, 0xF81F, 0xF81F, 0xF81F, 0xF81F, 0xF81F,
    0xF81F, 0xF81F, 0xF81F, 0xF81F, 0xF81F, 0xF81F, 0x0000, 0xCA88, 0xCA88, 0xCA88, 0xCA88, 0xCA88, 0xCA88, 0xCA88, 0xCA88, 0xCA88,
    0xEC05, 0x0000, 0xF81F, 0xF81F, 0xF81F, 0xF81F, 0xF81F, 0xF81F, 0xF81F, 0xF81F, 0xF81F, 0xF81F, 0xF81F, 0xF81F, 0xF81F, 0xF81F,
    0xF81F, 0xF81F, 0xF81F, 0xF81F, 0xF81F, 0xF81F, 0xF81F, 0xF81F, 0xF81F, 0xF81F, 0xF81F, 0xF81F, 0xF81F, 0xF81F, 0xF81F, 0xF81F,
    0xF81F, 0xF81F, 0xF81F, 0xF81F, 0xF81F, 0xF81F, 0xF81F, 0xF81F, 0xF81F, 0xF81F, 0xF81F, 0xF81F, 0xF81F, 0xF81F, 0xF81F, 0xF81F,
    0xF81F, 0xF81F, 0xF81F, 0xF81F, 0xF81F, 0xF81F, 0xF81F, 0xF81F, 0xF81F, 0xF81F, 0xF81F, 0xF81F, 0xF81F, 0xF81F, 0xF81F, 0xF81F,
    0xF81F, 0xF81F, 0xF81F, 0xF81F, 0xF81F, 0xF81F, 0xF81F, 0xF81F, 0xF81F, 0xF81F, 0xF81F, 0xF81F, 0xF81F, 0xF81F, 0xF81F, 0xF81F,
    0xF81F, 0xF81F, 0xF81F, 0xF81F, 0xF81F, 0xF81F, 0xF81F, 0x0000, 0xCA88, 0xCA88, 0xCA88, 0xCA88, 0xCA88, 0xCA88, 0xCA88, 0xCA88,
    0xEC05, 0xCE79, 0x630C, 0xF81F, 0xF81F, 0xF81F, 0xF81F, 0xF81F, 0xF81F, 0xF81F, 0xF81F, 0xF81F, 0xF81F, 0xF81F, 0xF81F, 0xF81F,
    0xF81F, 0xF81F, 0xF81F, 0xF81F, 0xF81F, 0xF81F, 0xF81F, 0xF81F, 0xF81F, 0xF81F, 0xF81F, 0xF81F, 0xF81F, 0xF81F, 0xF81F, 0xF81F,
    0xF81F, 0xF81F, 0xF81F, 0xF81F, 0xF81F, 0xF81F, 0xF81F, 0xF81F, 0xF81F, 0xF81F, 0xF81F, 0xF81F, 0xF81F, 0xF81F, 0xF81F, 0xF81F,
    0xF81F, 0xF81F, 0xF81F, 0xF81F, 0xF81F, 0xF81F, 0xF81F, 0xF81F, 0xF81F, 0xF81F, 0xF81F, 0xF81F, 0xF81F, 0xF81F, 0xF81F, 0xF81F,
    0xF81F, 0xF81F, 0xF81F, 0xF81F, 0xF81F, 0xF81F, 0xF81F, 0xF81F, 0xF81F, 0xF81F, 0xF81F, 0xF81F, 0xF81F, 0xF81F, 0xF81F, 0xF81F,
    0xF81F, 0xF81F, 0xF81F, 0xF81F, 0xF81F, 0xF81F, 0xF81F, 0x0000, 0x8183, 0xCA88, 0xCA88, 0xCA88, 0xCA88, 0xCA88, 0xCA88, 0xCA88,
    0xCA88, 0xFFFF, 0xCE79, 0x0000, 0xF81F, 0xF81F, 0xF81F, 0xF81F, 0xF81F, 0xF81F, 0xF81F, 0xF81F, 0xF81F, 0xF81F, 0xF81F, 0xF81F,
    0xF81F, 0xF81F, 0xF81F, 0xF81F, 0xF81F, 0xF81F, 0xF81F, 0xF81F, 0xF81F, 0xF81F, 0xF81F, 0xF81F, 0xF81F, 0xF81F, 0xF81F, 0xF81F,
    0xF81F, 0xF81F, 0xF81F, 0xF81F, 0xF81F, 0xF81F, 0xF81F, 0xF81F, 0xF81F, 0xF81F, 0xF81F, 0xF81F, 0xF81F, 0xF81F, 0xF81F, 0xF81F,
    0xF81F, 0xF81F, 0xF81F, 0xF81F, 0xF81F, 0xF81F, 0xF81F, 0xF81F, 0xF81F, 0xF81F, 0xF81F, 0xF81F, 0xF81F, 0xF81F, 0xF81F, 0xF81F,
    0xF81F, 0xF81F, 0xF81F, 0xF81F, 0xF81F, 0xF81F, 0xF81F, 0xF81F, 0xF81F, 0xF81F, 0xF81F, 0xF81F, 0xF81F, 0xF81F, 0xF81F, 0xF81F,
    0xF81F, 0xF81F, 0xF81F, 0xF81F, 0xF81F, 0xF81F, 0xF81F, 0xF81F, 0x0000, 0x0000, 0x0000, 0x8183, 0xCA88, 0xCA88, 0xCA88, 0xCA88,
    0x8183, 0x0000, 0x0000, 0x630C, 0xF81F, 0xF81F, 0xF81F, 0xF81F, 0xF81F, 0xF81F, 0xF81F, 0xF81F, 0xF81F, 0xF81F, 0xF81F, 0xF81F,
    0xF81F, 0xF81F, 0xF81F, 0xF81F, 0xF81F, 0xF81F, 0xF81F, 0xF81F, 0xF81F, 0xF81F, 0xF81F, 0xF81F, 0xF81F, 0xF81F, 0xF81F, 0xF81F,
    0xF81F, 0xF81F, 0xF81F, 0xF81F, 0xF81F, 0xF81F, 0xF81F, 0xF81F, 0xF81F, 0xF81F, 0xF81F, 0xF81F, 0xF81F, 0xF81F, 0xF81F, 0xF81F,
    0xF81F, 0xF81F, 0xF81F, 0xF81F, 0xF81F, 0xF81F, 0xF81F, 0xF81F, 0xF81F, 0xF81F, 0xF81F, 0xF81F, 0xF81F, 0xF81F, 0xF81F, 0xF81F,
    0xF81F, 0xF81F, 0xF81F, 0xF81F, 0xF81F, 0xF81F, 0xF81F, 0xF81F, 0xF81F, 0xF81F, 0xF81F, 0xF81F, 0xF81F, 0xF81F, 0xF81F, 0xF81F,
    0xF81F, 0xF81F, 0xF81F, 0xF81F, 0xF81F, 0xF81F, 0xF81F, 0xF81F, 0xF81F, 0xF81F, 0xF81F, 0x0000, 0x0000, 0x0000, 0x0000, 0x0000,
    0xF81F, 0xF81F, 0xF81F, 0xF81F, 0xF81F, 0xF81F, 0xF81F, 0xF81F, 0xF81F, 0xF81F, 0xF81F, 0xF81F, 0xF81F, 0xF81F, 0xF81F, 0xF81F,
    0xF81F, 0xF81F, 0xF81F, 0xF81F, 0xF81F, 0xF81F, 0xF81F, 0xF81F, 0xF81F, 0xF81F, 0xF81F, 0xF81F, 0xF81F, 0xF81F, 0xF81F, 0xF81F,
    0xF81F, 0xF81F, 0xF81F, 0xF81F, 0xF81F, 0xF81F, 0xF81F, 0xF81F, 0xF81F, 0xF81F, 0xF81F, 0xF81F, 0xF81F, 0xF81F, 0xF81F, 0xF81F,
    0xF81F, 0xF81F, 0xF81F, 0xF81F, 0xF81F, 0xF81F, 0xF81F, 0xF81F, 0xF81F, 0xF81F, 0xF81F, 0xF81F, 0xF81F, 0xF81F, 0xF81F, 0xF81F,
    0xF81F, 0xF81F, 0xF81F, 0xF81F, 0xF81F, 0xF81F, 0xF81F, 0xF81F, 0xF81F, 0xF81F, 0xF81F, 0xF81F, 0xF81F, 0xF81F, 0xF81F, 0xF81F,
    0xF81F, 0xF81F, 0xF81F, 0xF81F, 0xF81F, 0xF81F, 0xF81F, 0xF81F, 0xF81F, 0xF81F, 0xF81F, 0xF81F, 0xF81F, 0xF81F, 0xF81F, 0xF81F,
    0xF81F, 0xF81F, 0xF81F, 0xF81F, 0xF81F, 0xF81F, 0xF81F, 0xF81F, 0xF81F, 0xF81F, 0xF81F, 0xF81F, 0xF81F, 0xF81F, 0xF81F, 0xF81F,
    0xF81F, 0xF81F, 0xF81F, 0xF81F, 0xF81F, 0xF81F, 0xF81F, 0xF81F, 0xF81F, 0xF81F, 0xF81F, 0xF81F, 0xF81F, 0xF81F, 0xF81F, 0xF81F,
    0xF81F, 0xF81F, 0xF81F, 0xF81F, 0xF81F, 0xF81F, 0xF81F, 0xF81F, 0xF81F, 0xF81F, 0xF81F, 0xF81F, 0xF81F, 0xF81F, 0xF81F, 0xF81F,
    0xF81F, 0xF81F, 0xF81F, 0xF81F, 0xF81F, 0xF81F, 0xF81F, 0xF81F, 0xF81F, 0xF81F, 0xF81F, 0xF81F, 0xF81F, 0xF81F, 0xF81F, 0xF81F,
    0xF81F, 0xF81F, 0xF81F, 0xF81F, 0xF81F, 0xF81F, 0xF81F, 0xF81F, 0xF81F, 0xF81F, 0xF81F, 0xF81F, 0xF81F, 0xF81F, 0xF81F, 0xF81F,
    0xF81F, 0xF81F, 0xF81F, 0xF81F, 0xF81F, 0xF81F, 0xF81F, 0xF81F, 0xF81F, 0xF81F, 0xF81F, 0xF81F, 0xF81F, 0xF81F, 0xF81F, 0xF81F,
    0xF81F, 0xF81F, 0xF81F, 0xF81F, 0xF81F, 0xF81F, 0xF81F, 0xF81F, 0xF81F, 0xF81F, 0xF81F, 0xF81F, 0xF81F, 0xF81F, 0xF81F, 0xF81F,
    0xF81F, 0xF81F, 0xF81F, 0xF81F, 0xF81F, 0xF81F, 0xF81F, 0xF81F, 0xF81F, 0xF81F, 0xF81F, 0xF81F, 0xF81F, 0xF81F, 0xF81F, 0xF81F,
    0xF81F, 0xF81F, 0xF81F, 0xF81F, 0xF81F, 0xF81F, 0xF81F, 0xF81F, 0xF81F, 0xF81F, 0xF81F, 0xF81F, 0xF81F, 0xF81F, 0xF81F, 0xF81F,
    0xF81F, 0xF81F, 0xF81F, 0xF81F, 0xF81F, 0xF81F, 0xF81F, 0xF81F, 0xF81F, 0xF81F, 0xF81F, 0xF81F, 0xF81F, 0xF81F, 0xF81F, 0xF81F,
    0xF81F, 0xF81F, 0xF81F, 0xF81F, 0xF81F, 0xF81F, 0xF81F, 0xF81F, 0xF81F, 0xF81F, 0xF81F, 0xF81F, 0xF81F, 0xF81F, 0xF81F, 0xF81F,
    0xF81F, 0xF81F, 0xF81F, 0xF81F, 0xF81F, 0xF81F, 0xF81F, 0xF81F, 0xF81F, 0xF81F, 0xF81F, 0xF81F, 0xF81F, 0xF81F, 0xF81F, 0xF81F,
    0xF81F, 0xF81F, 0xF81F, 0xF81F, 0xF81F, 0xF81F, 0xF81F, 0xF81F, 0xF81F, 0xF81F, 0xF81F, 0xF81F, 0xF81F, 0xF81F, 0xF81F, 0xF81F,
    0xF81F, 0xF81F, 0xF81F, 0xF81F, 0xF81F, 0xF81F, 0xF81F, 0xF81F, 0xF81F, 0xF81F, 0xF81F, 0xF81F, 0xF81F, 0xF81F, 0xF81F, 0xF81F,
    0xF81F, 0xF81F, 0xF81F, 0xF81F, 0xF81F, 0xF81F, 0xF81F, 0xF81F, 0xF81F, 0xF81F, 0xF81F, 0xF81F, 0xF81F, 0xF81F, 0xF81F, 0xF81F,
    0xF81F, 0xF81F, 0xF81F, 0xF81F, 0xF81F, 0xF81F, 0xF81F, 0xF81F, 0xF81F, 0xF81F, 0xF81F, 0xF81F, 0xF81F, 0xF81F, 0xF81F, 0xF81F,
    0xF81F, 0xF81F, 0xF81F, 0xF81F, 0xF81F, 0xF81F, 0xF81F, 0xF81F, 0xF81F, 0xF81F, 0xF81F, 0xF81F, 0xF81F, 0xF81F, 0xF81F, 0xF81F,
    0xF81F, 0xF81F, 0xF81F, 0xF81F, 0xF81F, 0xF81F, 0xF81F, 0xF81F, 0xF81F, 0xF81F, 0xF81F, 0xF81F, 0xF81F, 0xF81F, 0xF81F, 0xF81F,
    0xF81F, 0xF81F, 0xF81F, 0xF81F, 0xF81F, 0xF81F, 0xF81F, 0xF81F, 0xF81F, 0xF81F, 0xF81F, 0xF81F, 0xF81F, 0xF81F, 0xF81F, 0xF81F,
    0xF81F, 0xF81F, 0xF81F, 0xF81F, 0xF81F, 0xF81F, 0xF81F, 0xF81F, 0xF81F, 0xF81F, 0xF81F, 0xF81F, 0xF81F, 0xF81F, 0xF81F, 0xF81F,
    0xF81F, 0xF81F, 0xF81F, 0xF81F, 0xF81F, 0xF81F, 0xF81F, 0xF81F, 0xF81F, 0xF81F, 0xF81F, 0xF81F, 0xF81F, 0xF81F, 0xF81F, 0xF81F,
    0xF81F, 0xF81F, 0xF81F, 0xF81F, 0xF81F, 0xF81F, 0xF81F, 0xF81F, 0xF81F, 0xF81F, 0xF81F, 0xF81F, 0xF81F, 0xF81F, 0xF81F, 0xF81F,
    0xF81F, 0xF81F, 0xF81F, 0xF81F, 0xF81F, 0xF81F, 0xF81F, 0xF81F, 0xF81F, 0xF81F, 0xF81F, 0xF81F, 0xF81F, 0xF81F, 0xF81F, 0xF81F,
    0xF81F, 0xF81F, 0xF81F, 0xF81F, 0xF81F, 0xF81F, 0xF81F, 0xF81F, 0xF81F, 0xF81F, 0xF81F, 0xF81F, 0xF81F, 0xF81F, 0xF81F, 0xF81F,
    0xF81F, 0xF81F, 0xF81F, 0xF81F, 0xF81F, 0xF81F, 0xF81F, 0xF81F, 0xF81F, 0xF81F, 0xF81F, 0xF81F, 0xF81F, 0xF81F, 0xF81F, 0xF81F,
    0xF81F, 0xF81F, 0xF81F, 0xF81F, 0xF81F, 0xF81F, 0xF81F, 0xF81F, 0xF81F, 0xF81F, 0xF81F, 0xF81F, 0xF81F, 0xF81F, 0xF81F, 0xF81F,
    0xF81F, 0xF81F, 0xF81F, 0xF81F, 0xF81F, 0xF81F, 0xF81F, 0xF81F, 0xF81F, 0xF81F, 0xF81F, 0xF81F, 0xF81F, 0xF81F, 0xF81F, 0xF81F,
    0xF81F, 0xF81F, 0xF81F, 0xF81F, 0xF81F, 0xF81F, 0xF81F, 0xF81F, 0xF81F, 0xF81F, 0xF81F, 0xF81F, 0xF81F, 0xF81F, 0xF81F, 0xF81F,
    0xF81F, 0xF81F, 0xF81F, 0xF81F, 0xF81F, 0xF81F, 0xF81F, 0xF81F, 0xF81F, 0xF81F, 0xF81F, 0xF81F, 0xF81F, 0xF81F, 0xF81F, 0xF81F,
    0xF81F, 0xF81F, 0xF81F, 0xF81F, 0xF81F, 0xF81F, 0xF81F, 0xF81F, 0xF81F, 0xF81F, 0xF81F, 0xF81F, 0xF81F, 0xF81F, 0xF81F, 0xF81F,
    0xF81F, 0xF81F, 0xF81F, 0xF81F, 0xF81F, 0xF81F, 0xF81F, 0xF81F, 0xF81F, 0xF81F, 0xF81F, 0xF81F, 0xF81F, 0xF81F, 0xF81F, 0xF81F,
    0xF81F, 0xF81F, 0xF81F, 0xF81F, 0xF81F, 0xF81F, 0xF81F, 0xF81F, 0xF81F, 0xF81F, 0xF81F, 0xF81F, 0xF81F, 0xF81F, 0xF81F, 0xF81F,
    0xF81F, 0xF81F, 0xF81F, 0xF81F, 0xF81F, 0xF81F, 0xF81F, 0xF81F, 0xF81F, 0xF81F, 0xF81F, 0xF81F, 0xF81F, 0xF81F, 0xF81F, 0xF81F,
    0xF81F, 0xF81F, 0xF81F, 0xF81F, 0xF81F, 0xF81F, 0xF81F, 0xF81F, 0xF81F, 0xF81F, 0xF81F, 0xF81F, 0xF81F, 0xF81F, 0xF81F, 0xF81F,
    0xF81F, 0xF81F, 0xF81F, 0xF81F, 0xF81F, 0xF81F, 0xF81F, 0xF81F, 0xF81F, 0xF81F, 0xF81F, 0xF81F, 0xF81F, 0xF81F, 0xF81F, 0xF81F,
    0xF81F, 0xF81F, 0xF81F, 0xF81F, 0xF81F, 0xF81F, 0xF81F, 0xF81F, 0xF81F, 0xF81F, 0xF81F, 0xF81F, 0xF81F, 0xF81F, 0xF81F, 0xF81F,
    0xF81F, 0xF81F, 0xF81F, 0xF81F, 0xF81F, 0xF81F, 0xF81F, 0xF81F, 0xF81F, 0xF81F, 0xF81F, 0xF81F, 0xF81F, 0xF81F, 0xF81F, 0xF81F,
    0xF81F, 0xF81F, 0xF81F, 0xF81F, 0xF81F, 0xF81F, 0xF81F, 0xF81F, 0xF81F, 0xF81F, 0xF81F, 0xF81F, 0xF81F, 0xF81F, 0xF81F, 0xF81F,
    0xF81F, 0xF81F, 0xF81F, 0xF81F, 0xF81F, 0xF81F, 0xF81F, 0xF81F, 0xF81F, 0xF81F, 0xF81F, 0xF81F, 0xF81F, 0xF81F, 0xF81F, 0xF81F,
    0xF81F, 0xF81F, 0xF81F, 0xF81F, 0xF81F, 0xF81F, 0xF81F, 0xF81F, 0xF81F, 0xF81F, 0xF81F, 0xF81F, 0xF81F, 0xF81F, 0xF81F, 0xF81F,
    0xF81F, 0xF81F, 0xF81F, 0xF81F, 0xF81F, 0xF81F, 0xF81F, 0xF81F, 0xF81F, 0xF81F, 0xF81F, 0xF81F, 0xF81F, 0xF81F, 0xF81F, 0xF81F,
    0xF81F, 0xF81F, 0xF81F, 0xF81F, 0xF81F, 0xF81F, 0xF81F, 0xF81F, 0xF81F, 0xF81F, 0xF81F, 0xF81F, 0xF81F, 0xF81F, 0xF81F, 0xF81F,
    0xF81F, 0xF81F, 0xF81F, 0xF81F, 0xF81F, 0xF81F, 0xF81F, 0xF81F, 0xF81F, 0xF81F, 0xF81F, 0xF81F, 0xF81F, 0xF81F, 0xF81F, 0xF81F,
    0xF81F, 0xF81F, 0xF81F, 0xF81F, 0xF81F, 0xF81F, 0xF81F, 0xF81F, 0xF81F, 0xF81F, 0xF81F, 0xF81F, 0xF81F, 0xF81F, 0xF81F, 0xF81F,
    0xF81F, 0xF81F, 0xF81F, 0xF81F, 0xF81F, 0xF81F, 0xF81F, 0xF81F, 0xF81F, 0xF81F, 0xF81F, 0xF81F, 0xF81F, 0xF81F, 0xF81F, 0xF81F,
    0xF81F, 0xF81F, 0xF81F, 0xF81F, 0xF81F, 0xF81F, 0xF81F, 0xF81F, 0xF81F, 0xF81F, 0xF81F, 0xF81F, 0xF81F, 0xF81F, 0xF81F, 0xF81F,
    0xF81F, 0xF81F, 0xF81F, 0xF81F, 0xF81F, 0xF81F, 0xF81F, 0xF81F, 0xF81F, 0xF81F, 0xF81F, 0xF81F, 0xF81F, 0xF81F, 0xF81F, 0xF81F,
    0xF81F, 0xF81F, 0xF81F, 0xF81F, 0xF81F, 0xF81F, 0xF81F, 0xF81F, 0xF81F, 0xF81F, 0xF81F, 0xF81F, 0xF81F, 0xF81F, 0xF81F, 0xF81F,
    0xF81F, 0xF81F, 0xF81F, 0xF81F, 0xF81F, 0xF81F, 0xF81F, 0xF81F, 0xF81F, 0xF81F, 0xF81F, 0xF81F, 0xF81F, 0xF81F, 0xF81F, 0xF81F,
    0xF81F, 0xF81F, 0xF81F, 0xF81F, 0xF81F, 0xF81F, 0xF81F, 0xF81F, 0xF81F, 0xF81F, 0xF81F, 0xF81F, 0xF81F, 0xF81F, 0xF81F, 0xF81F
};

const unsigned short charizardFront[CHARIZARD_FRONT_WIDTH * CHARIZARD_FRONT_HEIGHT] = {
    0xF81F, 0xF81F, 0xF81F, 0xF81F, 0xF81F, 0xF81F, 0xF81F, 0xF81F, 0xF81F, 0xF81F, 0xF81F, 0xF81F, 0xF81F, 0xF81F, 0xF81F, 0xF81F,
    0xF81F, 0xF81F, 0xF81F, 0xF81F, 0xF81F, 0xF81F, 0xF81F, 0xF81F, 0xF81F, 0xF81F, 0xF81F, 0xF81F, 0xF81F, 0xF81F, 0xF81F, 0xF81F,
    0xF81F, 0xF81F, 0xF81F, 0xF81F, 0xF81F, 0xF81F, 0xF81F, 0xF81F, 0xF81F, 0xF81F, 0xF81F, 0xF81F, 0xF81F, 0xF81F, 0xF81F, 0xF81F,
    0xF81F, 0xF81F, 0xF81F, 0xF81F, 0xF81F, 0xF81F, 0xF81F, 0xF81F, 0xF81F, 0xF81F, 0xF81F, 0xF81F, 0xF81F, 0xF81F, 0xF81F, 0xF81F,
    0xF81F, 0xF81F, 0xF81F, 0xF81F, 0xF81F, 0xF81F, 0xF81F, 0xF81F, 0xF81F, 0xF81F, 0xF81F, 0xF81F, 0xF81F, 0xF81F, 0xF81F, 0xF81F,
    0xF81F, 0xF81F, 0xF81F, 0xF81F, 0xF81F, 0xF81F, 0xF81F, 0xF81F, 0xF81F, 0xF81F, 0xF81F, 0xF81F, 0xF81F, 0xF81F, 0xF81F, 0xF81F,
    0xF81F, 0xF81F, 0xF81F, 0xF81F, 0xF81F, 0xF81F, 0xF81F, 0xF81F, 0xF81F, 0xF81F, 0xF81F, 0xF81F, 0xF81F, 0xF81F, 0xF81F, 0xF81F,
    0xF81F, 0xF81F, 0xF81F, 0xF81F, 0xF81F, 0xF81F, 0xF81F, 0xF81F, 0xF81F, 0xF81F, 0xF81F, 0xF81F, 0xF81F, 0xF81F, 0xF81F, 0xF81F,
    0xF81F, 0xF81F, 0xF81F, 0xF81F, 0xF81F, 0xF81F, 0xF81F, 0xF81F, 0xF81F, 0xF81F, 0xF81F, 0xF81F, 0xF81F, 0xF81F, 0xF81F, 0xF81F,
    0xF81F, 0xF81F, 0xF81F, 0xF81F, 0xF81F, 0xF81F, 0xF81F, 0xF81F, 0xF81F, 0xF81F, 0xF81F, 0xF81F, 0xF81F, 0xF81F, 0xF81F, 0xF81F,
    0xF81F, 0xF81F, 0xF81F, 0xF81F, 0xF81F, 0xF81F, 0xF81F, 0xF81F, 0xF81F, 0xF81F, 0xF81F, 0xF81F, 0xF81F, 0xF81F, 0xF81F, 0xF81F,
    0xF81F, 0xF81F, 0xF81F, 0xF81F, 0xF81F, 0xF81F, 0xF81F, 0xF81F, 0xF81F, 0xF81F, 0xF81F, 0xF81F, 0xF81F, 0xF81F, 0xF81F, 0xF81F,
    0xF81F, 0xF81F, 0xF81F, 0xF81F, 0xF81F, 0xF81F, 0xF81F, 0xF81F, 0xF81F, 0xF81F, 0xF81F, 0xF81F, 0xF81F, 0xF81F, 0xF81F, 0xF81F,
    0xF81F, 0xF81F, 0xF81F, 0xF81F, 0xF81F, 0xF81F, 0xF81F, 0xF81F, 0xF81F, 0xF81F, 0xF81F, 0xF81F, 0xF81F, 0xF81F, 0xF81F, 0xF81F,
    0xF81F, 0xF81F, 0xF81F, 0xF81F, 0xF81F, 0xF81F, 0xF81F, 0xF81F, 0xF81F, 0xF81F, 0xF81F, 0xF81F, 0xF81F, 0xF81F, 0xF81F, 0xF81F,
    0xF81F, 0xF81F, 0xF81F, 0xF81F, 0xF81F, 0xF81F, 0xF81F, 0xF81F, 0xF81F, 0xF81F, 0xF81F, 0xF81F, 0xF81F, 0xF81F, 0xF81F, 0xF81F,
    0xF81F, 0xF81F, 0xF81F, 0xF81F, 0xF81F, 0xF81F, 0xF81F, 0xF81F, 0xF81F, 0xF81F, 0xF81F, 0xF81F, 0xF81F, 0xF81F, 0xF81F, 0xF81F,
    0xF81F, 0xF81F, 0xF81F, 0xF81F, 0xF81F, 0xF81F, 0xF81F, 0xF81F, 0xF81F, 0xF81F, 0xF81F, 0xF81F, 0xF81F, 0xF81F, 0xF81F, 0xF81F,
    0xF81F, 0xF81F, 0xF81F, 0xF81F, 0xF81F, 0xF81F, 0xF81F, 0xF81F, 0xF81F, 0xF81F, 0xF81F, 0xF81F, 0xF81F, 0xF81F, 0xF81F, 0xF81F,
    0xF81F, 0xF81F, 0xF81F, 0xF81F, 0xF81F, 0xF81F, 0xF81F, 0xF81F, 0xF81F, 0xF81F, 0xF81F, 0xF81F, 0xF81F, 0xF81F, 0xF81F, 0xF81F,
    0xF81F, 0xF81F, 0xF81F, 0xF81F, 0xF81F, 0xF81F, 0xF81F, 0xF81F, 0xF81F, 0xF81F, 0xF81F, 0xF81F, 0xF81F, 0xF81F, 0xF81F, 0xF81F,
    0xF81F, 0xF81F, 0xF81F, 0xF81F, 0xF81F, 0xF81F, 0xF81F, 0xF81F, 0xF81F, 0xF81F, 0xF81F, 0xF81F, 0xF81F, 0xF81F, 0xF81F, 0xF81F,
    0xF81F, 0xF81F, 0xF81F, 0xF81F, 0xF81F, 0xF81F, 0xF81F, 0xF81F, 0xF81F, 0xF81F, 0xF81F, 0xF81F, 0xF81F, 0xF81F, 0xF81F, 0xF81F,
    0xF81F, 0xF81F, 0xF81F, 0xF81F, 0xF81F, 0xF81F, 0xF81F, 0xF81F, 0xF81F, 0xF81F, 0xF81F, 0xF81F, 0xF81F, 0xF81F, 0xF81F, 0xF81F,
    0xF81F, 0xF81F, 0xF81F, 0xF81F, 0xF81F, 0xF81F, 0xF81F, 0xF81F, 0xF81F, 0xF81F, 0xF81F, 0xF81F, 0xF81F, 0xF81F, 0xF81F, 0xF81F,
    0xF81F, 0xF81F, 0xF81F, 0xF81F, 0xF81F, 0xF81F, 0xF81F, 0xF81F, 0xF81F, 0xF81F, 0xF81F, 0xF81F, 0xF81F, 0xF81F, 0xF81F, 0xF81F,
    0xF81F, 0xF81F, 0xF81F, 0xF81F, 0xF81F, 0xF81F, 0xF81F, 0xF81F, 0xF81F, 0xF81F, 0xF81F, 0xF81F, 0xF81F, 0xF81F, 0xF81F, 0xF81F,
    0xF81F, 0xF81F, 0xF81F, 0xF81F, 0xF81F, 0xF81F, 0xF81F, 0xF81F, 0xF81F, 0xF81F, 0xF81F, 0xF81F, 0xF81F, 0xF81F, 0xF81F, 0xF81F,
    0xF81F, 0xF81F, 0xF81F, 0xF81F, 0xF81F, 0xF81F, 0xF81F, 0xF81F, 0xF81F, 0xF81F, 0xF81F, 0xF81F, 0xF81F, 0xF81F, 0xF81F, 0xF81F,
    0xF81F, 0xF81F, 0xF81F, 0xF81F, 0xF81F, 0xF81F, 0xF81F, 0xF81F, 0xF81F, 0xF81F, 0xF81F, 0xF81F, 0xF81F, 0xF81F, 0xF81F, 0xF81F,
    0xF81F, 0xF81F, 0xF81F, 0xF81F, 0xF81F, 0xF81F, 0xF81F, 0xF81F, 0xF81F, 0xF81F, 0xF81F, 0xF81F, 0xF81F, 0xF81F, 0xF81F, 0xF81F,
    0xF81F, 0xF81F, 0xF81F, 0xF81F, 0xF81F, 0xF81F, 0xF81F, 0xF81F, 0xF81F, 0xF81F, 0xF81F, 0xF81F, 0xF81F, 0xF81F, 0xF81F, 0xF81F,
    0xF81F, 0xF81F, 0xF81F, 0xF81F, 0xF81F, 0xF81F, 0xF81F, 0xF81F, 0xF81F, 0xF81F, 0xF81F, 0xF81F, 0xF81F, 0xF81F, 0xF81F, 0xF81F,
    0xF81F, 0xF81F, 0xF81F, 0xF81F, 0xF81F, 0xF81F, 0xF81F, 0xF81F, 0xF81F, 0xF81F, 0xF81F, 0xF81F, 0xF81F, 0xF81F, 0xF81F, 0xF81F,
    0xF81F, 0xF81F, 0xF81F, 0xF81F, 0xF81F, 0xF81F, 0xF81F, 0xF81F, 0xF81F, 0xF81F, 0xF81F, 0xF81F, 0xF81F, 0xF81F, 0xF81F, 0xF81F,
    0xF81F, 0xF81F, 0xF81F, 0xF81F, 0xF81F, 0xF81F, 0xF81F, 0xF81F, 0xF81F, 0xF81F, 0xF81F, 0xF81F, 0xF81F, 0xF81F, 0xF81F, 0xF81F,
    0xF81F, 0xF81F, 0xF81F, 0xF81F, 0xF81F, 0xF81F, 0xF81F, 0xF81F, 0xF81F, 0xF81F, 0xF81F, 0xF81F, 0xF81F, 0xF81F, 0xF81F, 0xF81F,
    0xF81F, 0xF81F, 0xF81F, 0xF81F, 0xF81F, 0xF81F, 0xF81F, 0xF81F, 0xF81F, 0xF81F, 0xF81F, 0xF81F, 0xF81F, 0xF81F, 0xF81F, 0xF81F,
    0xF81F, 0xF81F, 0xF81F, 0xF81F, 0xF81F, 0xF81F, 0xF81F, 0xF81F, 0xF81F, 0xF81F, 0xF81F, 0xF81F, 0xF81F, 0xF81F, 0xF81F, 0xF81F,
    0xF81F, 0xF81F, 0xF81F, 0xF81F, 0xF81F, 0xF81F, 0xF81F, 0xF81F, 0xF81F, 0xF81F, 0xF81F, 0xF81F, 0xF81F, 0xF81F, 0xF81F, 0xF81F,
    0xF81F, 0xF81F, 0xF81F, 0xF81F, 0xF81F, 0xF81F, 0xF81F, 0xF81F, 0xF81F, 0xF81F, 0xF81F, 0xF81F, 0xF81F, 0xF81F, 0xF81F, 0xF81F,
    0xF81F, 0xF81F, 0xF81F, 0xF81F, 0xF81F, 0xF81F, 0xF81F, 0xF81F, 0xF81F, 0xF81F, 0xF81F, 0xF81F, 0xF81F, 0xF81F, 0xF81F, 0xF81F,
    0xF81F, 0xF81F, 0xF81F, 0xF81F, 0xF81F, 0xF81F, 0xF81F, 0xF81F, 0xF81F, 0xF81F, 0xF81F, 0xF81F, 0xF81F, 0xF81F, 0xF81F, 0xF81F,
    0xF81F, 0xF81F, 0xF81F, 0xF81F, 0xF81F, 0xF81F, 0xF81F, 0xF81F, 0xF81F, 0xF81F, 0xF81F, 0xF81F, 0xF81F, 0xF81F, 0xF81F, 0xF81F,
    0xF81F, 0xF81F, 0xF81F, 0xF81F, 0xF81F, 0xF81F, 0xF81F, 0xF81F, 0xF81F, 0xF81F, 0xF81F, 0xF81F, 0xF81F, 0xF81F, 0xF81F, 0xF81F,
    0xF81F, 0xF81F, 0xF81F, 0xF81F, 0xF81F, 0xF81F, 0xF81F, 0xF81F, 0xF81F, 0xF81F, 0xF81F, 0xF81F, 0xF81F, 0xF81F, 0xF81F, 0xF81F,
    0xF81F, 0xF81F, 0xF81F, 0xF81F, 0xF81F, 0xF81F, 0xF81F, 0xF81F, 0xF81F, 0xF81F, 0xF81F, 0xF81F, 0xF81F, 0xF81F, 0xF81F, 0xF81F,
    0xF81F, 0xF81F, 0xF81F, 0xF81F, 0xF81F, 0xF81F, 0xF81F, 0xF81F, 0xF81F, 0xF81F, 0xF81F, 0xF81F, 0xF81F, 0xF81F, 0xF81F, 0xF81F,
    0xF81F, 0xF81F, 0xF81F, 0xF81F, 0xF81F, 0xF81F, 0xF81F, 0xF81F, 0xF81F, 0xF81F, 0xF81F, 0xF81F, 0xF81F, 0xF81F, 0xF81F, 0xF81F,
    0xF81F, 0xF81F, 0xF81F, 0xF81F, 0xF81F, 0xF81F, 0xF81F, 0xF81F, 0xF81F, 0xF81F, 0xF81F, 0xF81F, 0xF81F, 0xF81F, 0xF81F, 0xF81F,
    0xF81F, 0xF81F, 0xE202, 0xF81F, 0xF81F, 0xF81F, 0xF81F, 0xF81F, 0xF81F, 0xF81F, 0xF81F, 0xF81F, 0xF81F, 0xF81F, 0xF81F, 0xF81F,
    0xF81F, 0xF81F, 0xF81F, 0xF81F, 0xF81F, 0xF81F, 0xF81F, 0xF81F, 0xF81F, 0xF81F, 0xF81F, 0xF81F, 0xF81F, 0xF81F, 0xF81F, 0xF81F,
    0xF81F, 0xF81F, 0xF81F, 0xF81F, 0xF81F, 0xF81F, 0xF81F, 0xF81F, 0xF81F, 0xF81F, 0xF81F, 0xF81F, 0xF81F, 0xF81F, 0xF81F, 0xF81F,
    0xF81F, 0xF81F, 0xF81F, 0xF81F, 0xF81F, 0xF81F, 0xF81F, 0xF81F, 0xF81F, 0xF81F, 0xF81F, 0xF81F, 0xF81F, 0xF81F, 0xF81F, 0xF81F,
    0xF81F, 0xF81F, 0xF81F, 0xF81F, 0xF81F, 0xF81F, 0xF81F, 0xF81F, 0xF81F, 0xF81F, 0xF81F, 0xF81F, 0xF81F, 0xF81F, 0xF81F, 0xF81F,
    0xF81F, 0xF81F, 0xF81F, 0xF81F, 0xF81F, 0xF81F, 0xF81F, 0xF81F, 0xF81F, 0xF81F, 0xF81F, 0xF81F, 0xF81F, 0xF81F, 0xF81F, 0xF81F,
    0xF81F, 0xE202, 0xE202, 0xF81F, 0xF81F, 0xE202, 0xE202, 0xF81F, 0xF81F, 0xF81F, 0xF81F, 0xF81F, 0xF81F, 0xF81F, 0xF81F, 0xF81F,
    0xF81F, 0xF81F, 0xF81F, 0xF81F, 0xF81F, 0xF81F, 0xF81F, 0xF81F, 0xF81F, 0xF81F, 0xF81F, 0xF81F, 0xF81F, 0xF81F, 0xF81F, 0xF81F,
    0xF81F, 0xF81F, 0xF81F, 0xF81F, 0xF81F, 0xF81F, 0xF81F, 0xF81F, 0xF81F, 0xF81F, 0xF81F, 0xF81F, 0xF81F, 0xF81F, 0xF81F, 0xF81F,
    0xF81F, 0xF81F, 0xF81F, 0xF81F, 0xF81F, 0xF81F, 0xF81F, 0xF81F, 0xF81F, 0xF81F, 0xF81F, 0xF81F, 0xF81F, 0xF81F, 0xF81F, 0xF81F,
    0xF81F, 0xF81F, 0xF81F, 0xF81F, 0xF81F, 0xF81F, 0xF81F, 0xF81F, 0xF81F, 0xF81F, 0xF81F, 0xF81F, 0xF81F, 0xF81F, 0xF81F, 0xF81F,
    0xF81F, 0xF81F, 0xF81F, 0xF81F, 0xF81F, 0xF81F, 0xF81F, 0xF81F, 0xF81F, 0xF81F, 0xF81F, 0xF81F, 0xF81F, 0xF81F, 0xF81F, 0xF81F,
    0xF81F, 0xE202, 0xE202, 0xE202, 0xE202, 0xE202, 0xE202, 0xE202, 0xF81F, 0xF81F, 0xF81F, 0xF81F, 0xF81F, 0xF81F, 0xF81F, 0xF81F,
    0xF81F, 0xF81F, 0xF81F, 0xF81F, 0xF81F, 0xF81F, 0xF81F, 0xF81F, 0xF81F, 0xF81F, 0xF81F, 0xF81F, 0xF81F, 0xF81F, 0xF81F, 0xF81F,
    0xF81F, 0xF81F, 0xF81F, 0xF81F, 0xF81F, 0xF81F, 0xF81F, 0xF81F, 0xF81F, 0xF81F, 0xF81F, 0xF81F, 0xF81F, 0xF81F, 0xF81F, 0xF81F,
    0xF81F, 0xF81F, 0xF81F, 0xF81F, 0xF81F, 0xF81F, 0xF81F, 0xF81F, 0xF81F, 0xF81F, 0xF81F, 0xF81F, 0xF81F, 0xF81F, 0xF81F, 0xF81F,
    0xF81F, 0xF81F, 0xF81F, 0xF81F, 0xF81F, 0xF81F, 0xF81F, 0xF81F, 0xF81F, 0xF81F, 0xF81F, 0xF81F, 0xF81F, 0xF81F, 0xF81F, 0xF81F,
    0xF81F, 0xF81F, 0xF81F, 0xF81F, 0xF81F, 0xF81F, 0xF81F, 0xF81F, 0xF81F, 0xF81F, 0xF81F, 0xF81F, 0xF81F, 0xF81F, 0xF81F, 0xF81F,
    0xF81F, 0xF81F, 0xE202, 0xE202, 0xE202, 0xE202, 0xE202, 0xE202, 0xF81F, 0xF81F, 0xF81F, 0xF81F, 0xF81F, 0xF81F, 0xF81F, 0xF81F,
    0xF81F, 0xF81F, 0xF81F, 0xF81F, 0xF81F, 0xF81F, 0xF81F, 0xF81F, 0xF81F, 0xF81F, 0xF81F, 0xF81F, 0xF81F, 0xF81F, 0xF81F, 0xF81F,
    0xF81F, 0xF81F, 0xF81F, 0xF81F, 0xF81F, 0xF81F, 0xF81F, 0xF81F, 0xF81F, 0xF81F, 0xF81F, 0xF81F, 0xF81F, 0xF81F, 0xF81F, 0xF81F,
    0xF81F, 0xF81F, 0xF81F, 0xF81F, 0xF81F, 0xF81F, 0xF81F, 0xF81F, 0xF81F, 0xF81F, 0xF81F, 0xF81F, 0xF81F, 0xF81F, 0xF81F, 0xF81F,
    0xF81F, 0xF81F, 0xF81F, 0xF81F, 0xF81F, 0xF81F, 0xF81F, 0xF81F, 0xF81F, 0xF81F, 0xF81F, 0xF81F, 0xF81F, 0xF81F, 0xF81F, 0xF81F,
    0xF81F, 0xF81F, 0xF81F, 0xF81F, 0xF81F, 0xF81F, 0xF81F, 0xF81F, 0xF81F, 0xF81F, 0xF81F, 0xF81F, 0xF81F, 0xF81F, 0xF81F, 0xF81F,
    0xF81F, 0xF81F, 0xF81F, 0xE202, 0xF522, 0xE202, 0xE202, 0xE202, 0xE202, 0xF81F, 0xF81F, 0xF81F, 0xF81F, 0xF81F, 0xF81F, 0xF81F,
    0xF81F, 0xF81F, 0xF81F, 0xF81F, 0xF81F, 0xF81F, 0xF81F, 0xF81F, 0xF81F, 0xF81F, 0xF81F, 0xF81F, 0xF81F, 0xF81F, 0xF81F, 0xF81F,
    0xF81F, 0xF81F, 0xF81F, 0xF81F, 0xF81F, 0xF81F, 0xF81F, 0xF81F, 0xF81F, 0xF81F, 0xF81F, 0xF81F, 0xF81F, 0xF81F, 0xF81F, 0xF81F,
    0xF81F, 0xF81F, 0xF81F, 0xF81F, 0xF81F, 0xF81F, 0xF81F, 0xF81F, 0xF81F, 0xF81F, 0xF81F, 0xF81F, 0xF81F, 0xF81F, 0xF81F, 0xF81F,
    0xF81F, 0xF81F, 0xF81F, 0xF81F, 0xF81F, 0xF81F, 0xF81F, 0xF81F, 0xF81F, 0xF81F, 0xF81F, 0xF81F, 0xF81F, 0xF81F, 0xF81F, 0xF81F,
    0xF81F, 0xF81F, 0xF81F, 0xF81F, 0xF81F, 0xF81F, 0xF81F, 0xF81F, 0xF81F, 0xF81F, 0xF81F, 0xF81F, 0xF81F, 0xF81F, 0xF81F, 0xF81F,
    0xF81F, 0xF81F, 0xF81F, 0xF81F, 0xE202, 0xFEA2, 0xE202, 0xE202, 0xE202, 0xE202, 0xE202, 0xF81F, 0xF81F, 0xF81F, 0xF81F, 0xF81F,
    0xF81F, 0xF81F, 0xF81F, 0xF81F, 0xF81F, 0xF81F, 0xF81F, 0xF81F, 0xF81F, 0xF81F, 0xF81F, 0xF81F, 0xF81F, 0xF81F, 0xF81F, 0xF81F,
    0xF81F, 0xF81F, 0xF81F, 0xF81F, 0xF81F, 0xF81F, 0xF81F, 0xF81F, 0xF81F, 0xF81F, 0xF81F, 0xF81F, 0xF81F, 0xF81F, 0xF81F, 0xF81F,
    0xF81F, 0xF81F, 0xF81F, 0xF81F, 0xF81F, 0xF81F, 0xF81F, 0xF81F, 0xF81F, 0xF81F, 0xF81F, 0xF81F, 0xF81F, 0xF81F, 0xF81F, 0xF81F,
    0xF81F, 0xF81F, 0xF81F, 0xF81F, 0xF81F, 0xF81F, 0xF81F, 0xF81F, 0xF81F, 0xF81F, 0xF81F, 0xF81F, 0xF81F, 0xF81F, 0xF81F, 0xF81F,
    0xF81F, 0xF81F, 0xF81F, 0xF81F, 0xF81F, 0xF81F, 0xF81F, 0xF81F, 0xF81F, 0xF81F, 0xF81F, 0xF81F, 0xF81F, 0xF81F, 0xF81F, 0xF81F,
    0xF81F, 0xF81F, 0xF81F, 0xE202, 0xE202, 0xF522, 0xFEA2, 0xE202, 0xF522, 0xFEA2, 0xE202, 0xF81F, 0xE202, 0xE202, 0xF81F, 0xF81F,
    0xF81F, 0xF81F, 0xF81F, 0xF81F, 0x8183, 0x8183, 0xF81F, 0xF81F, 0xF81F, 0xF81F, 0xF81F, 0xF81F, 0xF81F, 0xF81F, 0xF81F, 0xF81F,
    0xF81F, 0xF81F, 0xF81F, 0xF81F, 0xF81F, 0xF81F, 0xF81F, 0xF81F, 0xF81F, 0xF81F, 0xF81F, 0xF81F, 0xF81F, 0xF81F, 0xF81F, 0xF81F,
    0xF81F, 0xF81F, 0xF81F, 0xF81F, 0xF81F, 0xF81F, 0xF81F, 0xF81F, 0xF81F, 0xF81F, 0xF81F, 0xF81F, 0xF81F, 0xF81F, 0xF81F, 0xF81F,
    0xF81F, 0xF81F, 0xF81F, 0xF81F, 0xF81F, 0xF81F, 0xF81F, 0xF81F, 0xF81F, 0xF81F, 0xF81F, 0xF81F, 0xF81F, 0xF81F, 0xF81F, 0xF81F,
    0xF81F, 0xF81F, 0xF81F, 0xF81F, 0xF81F, 0xF81F, 0xF81F, 0xF81F, 0xF81F, 0xF81F, 0xF81F, 0xF81F, 0xF81F, 0xF81F, 0x8183, 0x8183,
    0xF81F, 0xF81F, 0xF81F, 0xE202, 0xE202, 0xE202, 0xFEA2, 0xFEA2, 0xFEA2, 0xFEA2, 0xF522, 0xE202, 0xE202, 0xE202, 0xF81F, 0xF81F,
    0xF81F, 0xF81F, 0xF81F, 0x8183, 0xEDAB, 0xEDAB, 0x8183, 0xF81F, 0xF81F, 0xF81F, 0xF81F, 0xF81F, 0xF81F, 0xF81F, 0xF81F, 0xF81F,
    0xF81F, 0xF81F, 0xF81F, 0xF81F, 0xF81F, 0xF81F, 0xF81F, 0xF81F, 0xF81F, 0xF81F, 0xF81F, 0xF81F, 0xF81F, 0xF81F, 0xF81F, 0xF81F,
    0xF81F, 0xF81F, 0xF81F, 0xF81F, 0xF81F, 0xF81F, 0xF81F, 0xF81F, 0xF81F, 0xF81F, 0xF81F, 0xF81F, 0xF81F, 0xF81F, 0xF81F, 0xF81F,
    0xF81F, 0xF81F, 0xF81F, 0xF81F, 0xF81F, 0xF81F, 0xF81F, 0xF81F, 0xF81F, 0xF81F, 0xF81F, 0xF81F, 0xF81F, 0xF81F, 0xF81F, 0xF81F,
    0xF81F, 0xF81F, 0xF81F, 0xF81F, 0xF81F, 0xF81F, 0xF81F, 0xF81F, 0xF81F, 0xF81F, 0xF81F, 0xF81F, 0xF81F, 0x8183, 0xEDAB, 0xEDAB,
    0x8183, 0xF81F, 0xF81F, 0xF81F, 0xF81F, 0xE202, 0xF522, 0xFEA2, 0xFEA2, 0xFEA2, 0xFEA2, 0xE202, 0xE202, 0xE202, 0xF81F, 0xF81F,
    0xF81F, 0xF81F, 0xF81F, 0x8183, 0xEDAB, 0xEDAB, 0xCA88, 0xCA88, 0xF81F, 0xF81F, 0xF81F, 0xF81F, 0xF81F, 0xF81F, 0xF81F, 0xF81F,
    0xF81F, 0xF81F, 0xF81F, 0xF81F, 0xF81F, 0xF81F, 0xF81F, 0xF81F, 0xF81F, 0xF81F, 0xF81F, 0xF81F, 0xF81F, 0xF81F, 0xF81F, 0xF81F,
    0xF81F, 0xF81F, 0xF81F, 0xF81F, 0xF81F, 0xF81F, 0xF81F, 0xF81F, 0xF81F, 0xF81F, 0xF81F, 0xF81F, 0xF81F, 0xF81F, 0xF81F, 0xF81F,
    0xF81F, 0xF81F, 0xF81F, 0xF81F, 0xF81F, 0xF81F, 0xF81F, 0xF81F, 0xF81F, 0xF81F, 0xF81F, 0xF81F, 0xF81F, 0xF81F, 0xF81F, 0xF81F,
    0xF81F, 0xF81F, 0xF81F, 0xF81F, 0xF81F, 0xF81F, 0xF81F, 0xF81F, 0xF81F, 0xF81F, 0xF81F, 0xF81F, 0x8183, 0xCA88, 0xEDAB, 0xEDAB,
    0x8183, 0xF81F, 0xF81F, 0xF81F, 0xE202, 0xE202, 0xE202, 0xFEA2, 0xFEA2, 0xFEA2, 0xF522, 0xE202, 0xE202, 0xE202, 0xE202, 0xF81F,
    0xF81F, 0xF81F, 0xF81F, 0x0000, 0xCA88, 0xEC05, 0xEC05, 0x8183, 0xCA88, 0xF81F, 0xF81F, 0xF81F, 0xF81F, 0x8183, 0x8183, 0x8183,
    0x8183, 0x8183, 0x8183, 0xF81F, 0xF81F, 0xF81F, 0xF81F, 0xF81F, 0xF81F, 0xF81F, 0xF81F, 0xF81F, 0xF81F, 0xF81F, 0xF81F, 0xF81F,
    0xF81F, 0xF81F, 0xF81F, 0xF81F, 0xF81F, 0xF81F, 0xF81F, 0xF81F, 0xF81F, 0xF81F, 0xF81F, 0xF81F, 0xF81F, 0xF81F, 0xF81F, 0xF81F,
    0xF81F, 0xF81F, 0xF81F, 0xF81F, 0xF81F, 0xF81F, 0xF81F, 0xF81F, 0xF81F, 0xF81F, 0xF81F, 0xF81F, 0xF81F, 0xF81F, 0xF81F, 0xF81F,
    0xF81F, 0xF81F, 0xF81F, 0xF81F, 0xF81F, 0xF81F, 0xF81F, 0xF81F, 0xF81F, 0xF81F, 0xF81F, 0xF81F, 0x8183, 0xEC05, 0xEC05, 0x8183,
    0xF81F, 0xF81F, 0xF81F, 0xE202, 0xE202, 0xFEA2, 0xE202, 0xFEA2, 0xFEA2, 0xFEA2, 0xE202, 0xE202, 0xE202, 0xE202, 0xE202, 0xE202,
    0xE202, 0xF81F, 0xF81F, 0xF81F, 0x0000, 0xEC05, 0xEC05, 0xEC05, 0xEC05, 0xCA88, 0x8183, 0x8183, 0x8183, 0xEC05, 0xEC05, 0xEC05,
    0xEC05, 0xEC05, 0xEC05, 0x8183, 0x8183, 0xF81F, 0xF81F, 0xF81F, 0xF81F, 0xF81F, 0xF81F, 0xF81F, 0xF81F, 0xF81F, 0xF81F, 0xF81F,
    0xF81F, 0xF81F, 0xF81F, 0xF81F, 0xF81F, 0xF81F, 0xF81F, 0xF81F, 0xF81F, 0xF81F, 0xF81F, 0xF81F, 0xF81F, 0xF81F, 0xF81F, 0xF81F,
    0xF81F, 0xF81F, 0xF81F, 0xF81F, 0xF81F, 0xF81F, 0xF81F, 0xF81F, 0xF81F, 0xF81F, 0xF81F, 0xF81F, 0xF81F, 0xF81F, 0xF81F, 0xF81F,
    0xF81F, 0xF81F, 0xF81F, 0xF81F, 0xF81F, 0xF81F, 0x8183, 0x8183, 0x8183, 0xF81F, 0xF81F, 0x8183, 0xEC05, 0xEC05, 0xEC05, 0x8183,
    0xF81F, 0xF81F, 0xF81F, 0xE202, 0xF522, 0xFEA2, 0xF522, 0xFEA2, 0xFEA2, 0xF522, 0xE202, 0xE202, 0xE202, 0xF522, 0xE202, 0xE202,
    0xE202, 0xF81F, 0xF81F, 0xF81F, 0x0000, 0xCA88, 0xEC05, 0xEC05, 0xEC05, 0xEC05, 0xEC05, 0xEC05, 0xEC05, 0xEC05, 0xEC05, 0xEC05,
    0xEC05, 0xEC05, 0xEC05, 0xEC05, 0xEC05, 0xCA88, 0xCA88, 0xF81F, 0xF81F, 0xF81F, 0xF81F, 0xF81F, 0xF81F, 0xF81F, 0xF81F, 0xF81F,
    0xF81F, 0xF81F, 0xF81F, 0xF81F, 0xF81F, 0xF81F, 0xF81F, 0xF81F, 0xF81F, 0xF81F, 0xF81F, 0xF81F, 0xF81F, 0xF81F, 0xF81F, 0xF81F,
    0xF81F, 0xF81F, 0xF81F, 0xF81F, 0xF81F, 0xF81F, 0xF81F, 0xF81F, 0xF81F, 0xF81F, 0xF81F, 0xF81F, 0xF81F, 0xF81F, 0xF81F, 0xF81F,
    0xF81F, 0xF81F, 0xF81F, 0xF81F, 0xF81F, 0x8183, 0xEC05, 0xEC05, 0xEC05, 0x8183, 0x8183, 0xEC05, 0xEC05, 0xEC05, 0xCA88, 0x8183,
    0xF81F, 0xF81F, 0xF81F, 0xE202, 0xFEA2, 0xFEA2, 0xFEA2, 0xFEA2, 0xFEA2, 0xE202, 0xE202, 0xE202, 0xF522, 0xFEA2, 0xE202, 0xE202,
    0xE202, 0xF81F, 0xF81F, 0xF81F, 0xF81F, 0x0000, 0xEC05, 0xEC05, 0xEC05, 0xEC05, 0xEC05, 0xEC05, 0xEC05, 0xCA88, 0x8183, 0x8183,
    0x8183, 0x8183, 0x8183, 0xCA88, 0xEC05, 0xEC05, 0xEC05, 0xCA88, 0xCA88, 0xCA88, 0xF81F, 0xF81F, 0xF81F, 0xF81F, 0xF81F, 0xF81F,
    0xF81F, 0xF81F, 0xF81F, 0xF81F, 0xF81F, 0xF81F, 0xF81F, 0xF81F, 0xF81F, 0xF81F, 0xF81F, 0xF81F, 0xF81F, 0xF81F, 0xF81F, 0xF81F,
    0xF81F, 0xF81F, 0xF81F, 0xF81F, 0xF81F, 0xF81F, 0xF81F, 0xF81F, 0xF81F, 0xF81F, 0xF81F, 0xF81F, 0xF81F, 0xF81F, 0xF81F, 0xF81F,
    0xF81F, 0xF81F, 0xF81F, 0x8183, 0x8183, 0xEC05, 0xEC05, 0xEC05, 0xEC05, 0xEC05, 0xEC05, 0xEC05, 0xEC05, 0xEC05, 0x8183, 0xF81F,
    0xF81F, 0xF81F, 0xF81F, 0xE202, 0xF522, 0xFEA2, 0xFEA2, 0xFEA2, 0xFEA2, 0xF522, 0xE202, 0xE202, 0xFEA2, 0xFEA2, 0xE202, 0xE202,
    0xF81F, 0xF81F, 0xF81F, 0xF81F, 0xF81F, 0x0000, 0xEC05, 0xEC05, 0xEC05, 0xEC05, 0x0000, 0x0000, 0x0000, 0x0A0A, 0x0A0A, 0x0A0A,
    0x0A0A, 0x0A0A, 0x0A0A, 0x0A0A, 0x8183, 0xCA88, 0xEC05, 0xEC05, 0xEC05, 0xEC05, 0xCA88, 0xCA88, 0xF81F, 0xF81F, 0xF81F, 0xF81F,
    0xF81F, 0xF81F, 0xF81F, 0xF81F, 0xF81F, 0xF81F, 0xF81F, 0xF81F, 0xF81F, 0xF81F, 0xF81F, 0xF81F, 0xF81F, 0xF81F, 0xF81F, 0xF81F,
    0xF81F, 0xF81F, 0xF81F, 0xF81F, 0xF81F, 0xF81F, 0xF81F, 0xF81F, 0xF81F, 0xF81F, 0xF81F, 0xF81F, 0xF81F, 0xF81F, 0xF81F, 0xF81F,
    0xF81F, 0xF81F, 0x8183, 0xEC05, 0xEC05, 0xEC05, 0xEC05, 0xEC05, 0xEC05, 0xEC05, 0xEC05, 0xEC05, 0xEC05, 0xEC05, 0x8183, 0xF81F,
    0xF81F, 0xF81F, 0xF81F, 0xF81F, 0xE202, 0xFEA2, 0xF522, 0xFEA2, 0xFEA2, 0xFEA2, 0xFEA2, 0xFEA2, 0xFEA2, 0xFEA2, 0xE202, 0xE202,
    0xF81F, 0xF81F, 0xF81F, 0xF81F, 0xF81F, 0xF81F, 0x8183, 0xEC05, 0xEC05, 0x0000, 0x0A0A, 0x0A0A, 0x0A0A, 0x0A0A, 0x0A0A, 0x0A0A,
    0x2392, 0x2392, 0x2392, 0x2392, 0x2392, 0x0A0A, 0x0A0A, 0xCA88, 0xEC05, 0xEDAB, 0xEDAB, 0xEDAB, 0xCA88, 0xF81F, 0xF81F, 0xF81F,
    0xF81F, 0xF81F, 0xF81F, 0xF81F, 0xF81F, 0xF81F, 0xF81F, 0xF81F, 0xF81F, 0xF81F, 0xF81F, 0xF81F, 0xF81F, 0xF81F, 0xF81F, 0xF81F,
    0xF81F, 0xF81F, 0xF81F, 0xF81F, 0xF81F, 0xF81F, 0xF81F, 0xF81F, 0xF81F, 0xF81F, 0xF81F, 0xF81F, 0xF81F, 0xF81F, 0xF81F, 0xF81F,
    0xF81F, 0x8183, 0xEC05, 0xEC05, 0xEC05, 0x0000, 0x0000, 0x0000, 0x0000, 0xCA88, 0xEC05, 0xEC05, 0xEC05, 0xEC05, 0x8183, 0xF81F,
    0xF81F, 0xF81F, 0xF81F, 0xF81F, 0xF81F, 0xE202, 0xF522, 0xFEA2, 0xFEA2, 0xFEA2, 0xFEA2, 0xFEA2, 0xFEA2, 0xF522, 0xE202, 0xE202,
    0xF81F, 0xF81F, 0xF81F, 0xF81F, 0xF81F, 0xF81F, 0x8183, 0xEC05, 0x0000, 0x0A0A, 0x0A0A, 0x0A0A, 0x0A0A, 0x0A0A, 0x2392, 0x2392,
    0x2392, 0x2392, 0x2392, 0x2392, 0x2392, 0x2392, 0x2392, 0x0A0A, 0x0A0A, 0xCA88, 0xEDAB, 0xEDAB, 0xEDAB, 0x8183, 0xF81F, 0xF81F,
    0xF81F, 0xF81F, 0xF81F, 0xF81F, 0xF81F, 0xF81F, 0xF81F, 0xF81F, 0xF81F, 0xF81F, 0xF81F, 0xF81F, 0xF81F, 0xF81F, 0xF81F, 0xF81F,
    0xF81F, 0xF81F, 0xF81F, 0xF81F, 0xF81F, 0xF81F, 0xF81F, 0xF81F, 0xF81F, 0xF81F, 0xF81F, 0xF81F, 0xF81F, 0xF81F, 0xF81F, 0xF81F,
    0x8183, 0xEC05, 0xEC05, 0x0A0A, 0x0A0A, 0x0A0A, 0x0A0A, 0x0A0A, 0x0A0A, 0x0A0A, 0x0000, 0xCA88, 0xEC05, 0xEC05, 0x8183, 0xF81F,
    0xF81F, 0xF81F, 0xF81F, 0xF81F, 0xE202, 0xE202, 0xE202, 0xFEA2, 0xFEA2, 0xFEA2, 0xFEA2, 0xF522, 0xFEA2, 0xE202, 0xE202, 0xF81F,
    0xF81F, 0xF81F, 0xF81F, 0xF81F, 0xF81F, 0xF81F, 0x8183, 0xEC05, 0x0000, 0x0A0A, 0x0A0A, 0x0A0A, 0x0A0A, 0x2392, 0x2392, 0x2392,
    0x2392, 0x2392, 0x2392, 0x2392, 0x2392, 0x2392, 0x2392, 0x2392, 0x2392, 0x0A0A, 0xCA88, 0xEC05, 0xEC05, 0xCA88, 0xF81F, 0xF81F,
    0xF81F, 0xF81F, 0xF81F, 0xF81F, 0xF81F, 0xF81F, 0xF81F, 0xF81F, 0xF81F, 0xF81F, 0xF81F, 0xF81F, 0xF81F, 0xF81F, 0xF81F, 0xF81F,
    0xF81F, 0xF81F, 0xF81F, 0xF81F, 0xF81F, 0xF81F, 0xF81F, 0xF81F, 0xF81F, 0xF81F, 0xF81F, 0xF81F, 0xF81F, 0xF81F, 0x8183, 0x8183,
    0xEC05, 0xEC05, 0x0A0A, 0x0A0A, 0x0A0A, 0x0A0A, 0x0A0A, 0x0A0A, 0x0A0A, 0x0A0A, 0x0A0A, 0x0000, 0xEC05, 0xEC05, 0xCA88, 0x8183,
    0xF81F, 0xF81F, 0xF81F, 0xF81F, 0xE202, 0xE202, 0xE202, 0xF522, 0xFEA2, 0xFEA2, 0xFEA2, 0xF522, 0xE202, 0xF81F, 0xF81F, 0xF81F,
    0xF81F, 0xF81F, 0xF81F, 0xF81F, 0xF81F, 0xF81F, 0x8183, 0xEC05, 0x0000, 0x0A0A, 0x0A0A, 0x0A0A, 0x0A0A, 0x2392, 0x2392, 0x2392,
    0x2392, 0x2392, 0x2392, 0x2392, 0x2392, 0x2392, 0x2392, 0x2392, 0x2392, 0x2392, 0x0A0A, 0xCA88, 0xEC05, 0xCA88, 0xF81F, 0xF81F,
    0xF81F, 0xF81F, 0xF81F, 0xF81F, 0xF81F, 0xF81F, 0xF81F, 0xF81F, 0xF81F, 0xF81F, 0xF81F, 0xF81F, 0xF81F, 0xF81F, 0xF81F, 0xF81F,
    0xF81F, 0xF81F, 0xF81F, 0xF81F, 0xF81F, 0xF81F, 0xF81F, 0xF81F, 0xF81F, 0xF81F, 0xF81F, 0xF81F, 0xF81F, 0x8183, 0xEC05, 0xEC05,
    0xEC05, 0x0A0A, 0x0A0A, 0x0A0A, 0x0A0A, 0x0A0A, 0x0A0A, 0x0A0A, 0x0A0A, 0x0A0A, 0x0A0A, 0x0A0A, 0x0000, 0xEC05, 0xEC05, 0x8183,
    0xF81F, 0xF81F, 0xF81F, 0xF81F, 0xF81F, 0xE202, 0xE202, 0xE202, 0xFEA2, 0xFEA2, 0xFEA2, 0xE202, 0xE202, 0xF81F, 0xF81F, 0xF81F,
    0xF81F, 0xF81F, 0xF81F, 0xF81F, 0xF81F, 0xF81F, 0x8183, 0xEC05, 0x0000, 0x0A0A, 0x0A0A, 0x0A0A, 0x0A0A, 0x2392, 0x2392, 0x2392,
    0x2392, 0x2392, 0x2392, 0x2392, 0x2392, 0x2392, 0x2392, 0x2392, 0x2392, 0x2392, 0x0A0A, 0xCA88, 0xEC05, 0xEC05, 0x8183, 0xF81F,
    0xF81F, 0xF81F, 0xF81F, 0xF81F, 0xF81F, 0xF81F, 0xF81F, 0xF81F, 0xF81F, 0xF81F, 0xF81F, 0xF81F, 0xF81F, 0xF81F, 0xF81F, 0xF81F,
    0xF81F, 0xF81F, 0xF81F, 0xF81F, 0xF81F, 0xF81F, 0xF81F, 0xF81F, 0xF81F, 0xF81F, 0xF81F, 0xF81F, 0xF81F, 0x8183, 0xCA88, 0xEC05,
    0x0A0A, 0x0A0A, 0x0A0A, 0x0A0A, 0x0A0A, 0x0A0A, 0x0A0A, 0x0A0A, 0x0A0A, 0x0A0A, 0x0A0A, 0x0A0A, 0x0000, 0xEC05, 0xEC05, 0x8183,
    0xF81F, 0xF81F, 0xF81F, 0xF81F, 0xF81F, 0xF81F, 0xF81F, 0xE202, 0x8183, 0xFEA2, 0x8183, 0xE202, 0xF81F, 0xF81F, 0xF81F, 0xF81F,
    0xF81F, 0xF81F, 0xF81F, 0xF81F, 0xF81F, 0xF81F, 0x8183, 0xEC05, 0x0000, 0x0A0A, 0x0A0A, 0x0A0A, 0x0A0A, 0x0A0A, 0x2392, 0x2392,
    0x2392, 0x2392, 0x2392, 0x2392, 0x2392, 0x2392, 0x2392, 0x2392, 0x2392, 0x2392, 0x2392, 0x0A0A, 0xCA88, 0xEC05, 0xCA88, 0xF81F,
    0xF81F, 0xF81F, 0xF81F, 0xF81F, 0xF81F, 0xF81F, 0xF81F, 0xF81F, 0xF81F, 0xF81F, 0xF81F, 0xF81F, 0xF81F, 0xF81F, 0xF81F, 0xF81F,
    0xF81F, 0xF81F, 0xF81F, 0xF81F, 0xF81F, 0xF81F, 0xF81F, 0xF81F, 0xF81F, 0xF81F, 0xF81F, 0xF81F, 0xF81F, 0x8183, 0xCA88, 0x0A0A,
    0x0A0A, 0x0A0A, 0x0A0A, 0x0A0A, 0x0A0A, 0x0A0A, 0x0A0A, 0x0A0A, 0x0A0A, 0x0A0A, 0x0A0A, 0x0A0A, 0x0A0A, 0x0000, 0xEC05, 0x8183,
    0xF81F, 0xF81F, 0xF81F, 0xF81F, 0xF81F, 0xF81F, 0xF81F, 0xF81F, 0x8183, 0xEC05, 0xEC05, 0x8183, 0xF81F, 0xF81F, 0xF81F, 0xF81F,
    0xF81F, 0xF81F, 0xF81F, 0xF81F, 0xF81F, 0xF81F, 0x8183, 0xEC05, 0x0000, 0x0A0A, 0x0A0A, 0x0A0A, 0x0A0A, 0x0A0A, 0x2392, 0x2392,
    0x2392, 0x2392, 0x2392, 0x2392, 0x2392, 0x2392, 0x2392, 0x2392, 0x2392, 0x2392, 0x2392, 0x0A0A, 0xCA88, 0xEC05, 0xCA88, 0xF81F,
    0xF81F, 0xF81F, 0xF81F, 0xF81F, 0xF81F, 0xF81F, 0xF81F, 0xF81F, 0xF81F, 0xF81F, 0xF81F, 0xF81F, 0xF81F, 0xF81F, 0xF81F, 0xF81F,
    0xF81F, 0xF81F, 0xF81F, 0xF81F, 0xF81F, 0xF81F, 0xF81F, 0xF81F, 0xF81F, 0xF81F, 0xF81F, 0xF81F, 0xF81F, 0x8183, 0xCA88, 0x0A0A,
    0x0A0A, 0x0A0A, 0x0A0A, 0x0A0A, 0x0A0A, 0x0A0A, 0x0A0A, 0x0A0A, 0x0A0A, 0x0A0A, 0x0A0A, 0x0A0A, 0x0A0A, 0x0000, 0xEC05, 0xEC05,
    0x8183, 0xF81F, 0xF81F, 0xF81F, 0xF81F, 0xF81F, 0xF81F, 0xF81F, 0xF81F, 0x8183, 0xEC05, 0xEC05, 0x8183, 0xF81F, 0xF81F, 0xF81F,
    0xF81F, 0xF81F, 0xF81F, 0xF81F, 0xF81F, 0xF81F, 0x8183, 0xEC05, 0x0000, 0x0A0A, 0x0A0A, 0x0A0A, 0x0A0A, 0x0A0A, 0x2392, 0x2392,
    0x2392, 0x2392, 0x2392, 0x2392, 0x2392, 0x2392, 0x2392, 0x2392, 0x2392, 0x2392, 0x2392, 0x0A0A, 0x0A0A, 0xEC05, 0xEC05, 0x8183,
    0xF81F, 0xF81F, 0xF81F, 0xF81F, 0xF81F, 0xF81F, 0xF81F, 0xF81F, 0xF81F, 0xF81F, 0xF81F, 0xF81F, 0xF81F, 0xF81F, 0xF81F, 0xF81F,
    0xF81F, 0xF81F, 0xF81F, 0xF81F, 0xF81F, 0xF81F, 0xF81F, 0xF81F, 0xF81F, 0xF81F, 0xF81F, 0xF81F, 0x8183, 0xCA88, 0xCA88, 0x0A0A,
    0x0A0A, 0x0A0A, 0x0A0A, 0x0A0A, 0x0A0A, 0x0A0A, 0x0A0A, 0x0A0A, 0x0A0A, 0x0A0A, 0x0A0A, 0x0A0A, 0x0A0A, 0x0A0A, 0x0A0A, 0xEC05,
    0x8183, 0xF81F, 0xF81F, 0xF81F, 0xF81F, 0xF81F, 0xF81F, 0xF81F, 0xF81F, 0x8183, 0xEC05, 0xEC05, 0xCA88, 0x8183, 0xF81F, 0xF81F,
    0xF81F, 0xF81F, 0xF81F, 0xF81F, 0xF81F, 0x8183, 0xCA88, 0xEC05, 0x0000, 0x0A0A, 0x0A0A, 0x0A0A, 0x0A0A, 0x0A0A, 0x0A0A, 0x2392,
    0x2392, 0x2392, 0x2392, 0x2392, 0x2392, 0x2392, 0x2392, 0x2392, 0x2392, 0x2392, 0x2392, 0x0A0A, 0x0A0A, 0xCA88, 0xEC05, 0xCA88,
    0xF81F, 0xF81F, 0xF81F, 0xF81F, 0xF81F, 0xF81F, 0xF81F, 0xF81F, 0xF81F, 0xF81F, 0xF81F, 0xF81F, 0xF81F, 0xF81F, 0xF81F, 0xF81F,
    0xF81F, 0xF81F, 0xF81F, 0xF81F, 0xF81F, 0xF81F, 0xF81F, 0xF81F, 0xF81F, 0xF81F, 0xF81F, 0xF81F, 0x8183, 0xCA88, 0x0A0A, 0x0A0A,
    0x0A0A, 0x0A0A, 0x0A0A, 0x0A0A, 0x0A0A, 0x0A0A, 0x0A0A, 0x0A0A, 0x0A0A, 0x0A0A, 0x0A0A, 0x0A0A, 0x0A0A, 0x0A0A, 0x0A0A, 0xEC05,
    0x8183, 0xF81F, 0xF81F, 0xF81F, 0xF81F, 0xF81F, 0xF81F, 0xF81F, 0xF81F, 0xF81F, 0x8183, 0xCA88, 0xCA88, 0xCA88, 0x8183, 0xF81F,
    0xF81F, 0xF81F, 0xF81F, 0xF81F, 0xF81F, 0x8183, 0xEC05, 0xEC05, 0x0000, 0x0A0A, 0x0A0A, 0x0A0A, 0x0A0A, 0x0A0A, 0x0A0A, 0x2392,
    0x2392, 0x2392, 0x2392, 0x2392, 0x2392, 0x2392, 0x2392, 0x2392, 0x2392, 0x2392, 0x2392, 0x0A0A, 0x0A0A, 0xCA88, 0xEC05, 0xCA88,
    0xF81F, 0xF81F, 0xF81F, 0xF81F, 0xF81F, 0xF81F, 0xF81F, 0xF81F, 0xF81F, 0xF81F, 0xF81F, 0xF81F, 0xF81F, 0xF81F, 0xF81F, 0xF81F,
    0xF81F, 0xF81F, 0xF81F, 0xF81F, 0xF81F, 0xF81F, 0xF81F, 0xF81F, 0xF81F, 0xF81F, 0xF81F, 0x8183, 0xCA88, 0xCA88, 0x0A0A, 0x0A0A,
    0x0A0A, 0x0A0A, 0x0A0A, 0x8183, 0x8183, 0x0A0A, 0x0A0A, 0x0A0A, 0x0A0A, 0x0A0A, 0x0A0A, 0x0A0A, 0x0A0A, 0x0A0A, 0x0A0A, 0xEC05,
    0xEC05, 0x8183, 0xF81F, 0xF81F, 0xF81F, 0xF81F, 0xF81F, 0xF81F, 0xF81F, 0xF81F, 0x8183, 0xCA88, 0xCA88, 0xCA88, 0xCA88, 0x8183,
    0x8183, 0xF81F, 0xF81F, 0xF81F, 0xF81F, 0x8183, 0xEC05, 0xCA88, 0x0A0A, 0x0A0A, 0x0A0A, 0x0A0A, 0x0A0A, 0x0A0A, 0x0A0A, 0x2392,
    0x2392, 0x2392, 0x2392, 0x2392, 0x2392, 0x2392, 0x2392, 0x2392, 0x2392, 0x2392, 0x2392, 0x0A0A, 0x0A0A, 0x0A0A, 0xEC05, 0xEC05,
    0x8183, 0xF81F, 0xF81F, 0xF81F, 0xF81F, 0xF81F, 0xF81F, 0xF81F, 0xF81F, 0xF81F, 0xF81F, 0xF81F, 0xF81F, 0xF81F, 0xF81F, 0xF81F,
    0xF81F, 0xF81F, 0xF81F, 0xF81F, 0xF81F, 0xF81F, 0xF81F, 0xF81F, 0xF81F, 0xF81F, 0xF81F, 0x8183, 0xCA88, 0xCA88, 0x0A0A, 0x0A0A,
    0x0A0A, 0x0A0A, 0x8183, 0xCA88, 0xCA88, 0x0000, 0x0A0A, 0x0A0A, 0x0A0A, 0x0A0A, 0x0A0A, 0x8183, 0x8183, 0x0A0A, 0x0A0A, 0x0A0A,
    0xEC05, 0x8183, 0xF81F, 0xF81F, 0xF81F, 0xF81F, 0xF81F, 0xF81F, 0xF81F, 0xF81F, 0xF81F, 0x8183, 0xCA88, 0xCA88, 0xCA88, 0xCA88,
    0xCA88, 0x8183, 0x8183, 0xF81F, 0x0000, 0xCA88, 0xCA88, 0x0A0A, 0x0A0A, 0x0A0A, 0x0A0A, 0x0A0A, 0x0A0A, 0x0A0A, 0x0A0A, 0x0A0A,
    0x2392, 0x2392, 0x2392, 0x2392, 0x2392, 0x2392, 0x2392, 0x2392, 0x2392, 0x2392, 0x0A0A, 0x0A0A, 0x0A0A, 0x0A0A, 0xCA88, 0xEC05,
    0xCA88, 0xF81F, 0xF81F, 0xF81F, 0xF81F, 0xF81F, 0xF81F, 0xF81F, 0xF81F, 0xF81F, 0xF81F, 0xF81F, 0xF81F, 0xF81F, 0xF81F, 0xF81F,
    0xF81F, 0xF81F, 0xF81F, 0xF81F, 0xF81F, 0xF81F, 0xF81F, 0xF81F, 0xF81F, 0xF81F, 0x8183, 0xCA88, 0xCA88, 0x0A0A, 0x0A0A, 0x0A0A,
    0x0A0A, 0x0A0A, 0x8183, 0xCA88, 0xCA88, 0x0000, 0x0A0A, 0x0A0A, 0x0A0A, 0x0A0A, 0x8183, 0xEC05, 0xEC05, 0x0000, 0x0A0A, 0x0A0A,
    0xCA88, 0xCA88, 0x0000, 0xF81F, 0xF81F, 0xF81F, 0xF81F, 0xF81F, 0xF81F, 0xF81F, 0xF81F, 0xF81F, 0x8183, 0xCA88, 0xCA88, 0xCA88,
    0xCA88, 0xCA88, 0xCA88, 0x8183, 0x8183, 0xCA88, 0xCA88, 0x0A0A, 0x0A0A, 0x0A0A, 0x0A0A, 0x0A0A, 0x0A0A, 0x0A0A, 0x0A0A, 0x0A0A,
    0x2392, 0x2392, 0x2392, 0x2392, 0x2392, 0x2392, 0x2392, 0x2392, 0x2392, 0x2392, 0x0A0A, 0x0A0A, 0x0A0A, 0x0A0A, 0xCA88, 0xEC05,
    0xCA88, 0xF81F, 0xF81F, 0xF81F, 0xF81F, 0xF81F, 0xF81F, 0xF81F, 0xF81F, 0xF81F, 0xF81F, 0xF81F, 0xF81F, 0xF81F, 0xF81F, 0xF81F,
    0xF81F, 0xF81F, 0xF81F, 0xF81F, 0xF81F, 0xF81F, 0xF81F, 0xF81F, 0xF81F, 0x0000, 0xCA88, 0xCA88, 0x0A0A, 0x0A0A, 0x0A0A, 0x0A0A,
    0x0A0A, 0x8183, 0xCA88, 0xCA88, 0xCA88, 0x0000, 0x0A0A, 0x0A0A, 0x0A0A, 0x8183, 0xEC05, 0xEC05, 0xCA88, 0x0000, 0x0A0A, 0x0A0A,
    0x8183, 0xCA88, 0xCA88, 0x0000, 0xF81F, 0xF81F, 0xF81F, 0xF81F, 0xF81F, 0xF81F, 0xF81F, 0xF81F, 0xF81F, 0x8183, 0xCA88, 0xCA88,
    0xCA88, 0xCA88, 0xCA88, 0x0000, 0xCA88, 0xCA88, 0x0A0A, 0x0A0A, 0x0A0A, 0x0A0A, 0x0A0A, 0x0A0A, 0x0A0A, 0x0A0A, 0x0A0A, 0x0A0A,
    0x2392, 0x2392, 0x2392, 0x2392, 0x2392, 0x2392, 0x2392, 0x2392, 0x2392, 0x2392, 0x0A0A, 0x0A0A, 0x0A0A, 0x0A0A, 0x0A0A, 0xEC05,
    0xEC05, 0x8183, 0xF81F, 0xF81F, 0xF81F, 0xF81F, 0xF81F, 0xF81F, 0xF81F, 0xF81F, 0xF81F, 0xF81F, 0xF81F, 0xF81F, 0xF81F, 0xF81F,
    0xF81F, 0xF81F, 0xF81F, 0xF81F, 0xF81F, 0xF81F, 0xF81F, 0xF81F, 0xF81F, 0x0000, 0xCA88, 0x0A0A, 0x0A0A, 0x0A0A, 0x0A0A, 0x0A0A,
    0x0A0A, 0x8183, 0xCA88, 0xCA88, 0x0000, 0xF81F, 0x0A0A, 0x0A0A, 0x8183, 0xEC05, 0xEC05, 0xEC05, 0x0000, 0x0A0A, 0x0A0A, 0x0A0A,
    0x0A0A, 0x8183, 0xCA88, 0xCA88, 0x0000, 0x0000, 0xF81F, 0xF81F, 0xF81F, 0xF81F, 0xF81F, 0xF81F, 0xF81F, 0xF81F, 0x8183, 0x8183,
    0xCA88, 0x0000, 0x0000, 0xCA88, 0xCA88, 0x0A0A, 0x0A0A, 0x0A0A, 0x0A0A, 0x0A0A, 0x0A0A, 0x0A0A, 0x0A0A, 0x0A0A, 0x0A0A, 0x0A0A,
    0x0A0A, 0x2392, 0x2392, 0x2392, 0x2392, 0x2392, 0x2392, 0x2392, 0x2392, 0x2392, 0x0A0A, 0x0A0A, 0x0A0A, 0x0A0A, 0x0A0A, 0xCA88,
    0xEC05, 0xCA88, 0xF81F, 0xF81F, 0xF81F, 0xF81F, 0xF81F, 0xF81F, 0xF81F, 0xF81F, 0xF81F, 0xF81F, 0xF81F, 0xF81F, 0xF81F, 0xF81F,
    0xF81F, 0xF81F, 0xF81F, 0xF81F, 0xF81F, 0xF81F, 0xF81F, 0xF81F, 0xF81F, 0x0000, 0xCA88, 0x0A0A, 0x0A0A, 0x0A0A, 0x0A0A, 0x0A0A,
    0x0A0A, 0x8183, 0xCA88, 0xCA88, 0x0000, 0xF81F, 0xF81F, 0x8183, 0xEC05, 0xEC05, 0xEC05, 0x0000, 0xF81F, 0x0A0A, 0x0A0A, 0x0A0A,
    0x0A0A, 0x0A0A, 0x0A0A, 0xCA88, 0xCA88, 0xCA88, 0x8183, 0xF81F, 0xF81F, 0xF81F, 0xF81F, 0xF81F, 0xF81F, 0xF81F, 0xF81F, 0x0000,
    0x0000, 0xEC05, 0xCA88, 0xCA88, 0x0A0A, 0x0A0A, 0x0A0A, 0x0A0A, 0x0A0A, 0x0A0A, 0x0A0A, 0x0A0A, 0x0A0A, 0x0A0A, 0x0A0A, 0x0A0A,
    0x0A0A, 0x2392, 0x2392, 0x2392, 0x2392, 0x2392, 0x2392, 0x2392, 0x2392, 0x2392, 0x0A0A, 0x0A0A, 0x0A0A, 0x0A0A, 0x0A0A, 0x0A0A,
    0xEC05, 0xEC05, 0x8183, 0xF81F, 0xF81F, 0xF81F, 0xF81F, 0xF81F, 0xF81F, 0xF81F, 0xF81F, 0xF81F, 0xF81F, 0xF81F, 0xF81F, 0xF81F,
    0xF81F, 0xF81F, 0xF81F, 0xF81F, 0xF81F, 0xF81F, 0xF81F, 0xF81F, 0xF81F, 0x0000, 0xCA88, 0x0A0A, 0x0A0A, 0x0A0A, 0x0A0A, 0x0A0A,
    0x0000, 0xCA88, 0xCA88, 0xCA88, 0x0000, 0x8183, 0x8183, 0xEC05, 0xEC05, 0xEC05, 0x8183, 0xF81F, 0xF81F, 0xF81F, 0x0A0A, 0x0A0A,
    0x0A0A, 0x0A0A, 0x0A0A, 0x0A0A, 0xCA88, 0xCA88, 0xCA88, 0x8183, 0xF81F, 0xF81F, 0xF81F, 0xF81F, 0xF81F, 0xF81F, 0x0000, 0xEC05,
    0xEC05, 0xEC05, 0xCA88, 0x0000, 0x0A0A, 0x0A0A, 0x2392, 0x0A0A, 0x0A0A, 0x0A0A, 0x0A0A, 0x0A0A, 0x0A0A, 0x0A0A, 0x0A0A, 0x0A0A,
    0x0A0A, 0x0A0A, 0x2392, 0x2392, 0x2392, 0x2392, 0x2392, 0x0A0A, 0x0A0A, 0x0A0A, 0x0A0A, 0x0A0A, 0x0A0A, 0x0A0A, 0x0A0A, 0x0A0A,
    0xCA88, 0xCA88, 0x0000, 0xF81F, 0xF81F, 0xF81F, 0xF81F, 0xF81F, 0xF81F, 0xF81F, 0xF81F, 0xF81F, 0xF81F, 0xF81F, 0xF81F, 0xF81F,
    0xF81F, 0xF81F, 0xF81F, 0xF81F, 0xF81F, 0xF81F, 0xF81F, 0xF81F, 0xF81F, 0x0000, 0xCA88, 0xCA88, 0x0A0A, 0x0A0A, 0x0A0A, 0x0A0A,
    0x0000, 0xCA88, 0x8183, 0x8183, 0xEC05, 0xCA88, 0xEC05, 0xEC05, 0xEC05, 0xEC05, 0x0000, 0xF81F, 0xF81F, 0xF81F, 0xF81F, 0x0A0A,
    0x0A0A, 0x0A0A, 0x0A0A, 0x0000, 0x0000, 0x0000, 0x0000, 0x8183, 0xF81F, 0xF81F, 0xF81F, 0xF81F, 0xF81F, 0xF81F, 0x8183, 0xEC05,
    0xEC05, 0xCA88, 0x0000, 0x0A0A, 0x0A0A, 0x0A0A, 0x0A0A, 0x2392, 0x0A0A, 0x0A0A, 0x0A0A, 0x0A0A, 0x0A0A, 0x0A0A, 0x0A0A, 0x0A0A,
    0x0A0A, 0x0A0A, 0x2392, 0x2392, 0x2392, 0x2392, 0x0A0A, 0xF81F, 0xF81F, 0x0000, 0x0A0A, 0x0A0A, 0x0A0A, 0x0A0A, 0x0A0A, 0x0A0A,
    0x0A0A, 0xCA88, 0x0000, 0xF81F, 0xF81F, 0xF81F, 0xF81F, 0xF81F, 0xF81F, 0xF81F, 0xF81F, 0xF81F, 0xF81F, 0xF81F, 0xF81F, 0xF81F,
    0xF81F, 0xF81F, 0xF81F, 0xF81F, 0xF81F, 0xF81F, 0xF81F, 0xF81F, 0xF81F, 0xF81F, 0x8183, 0xCA88, 0x0A0A, 0x0A0A, 0x0A0A, 0x0000,
    0xCA88, 0xEC05, 0xEC05, 0xEC05, 0xEC05, 0xEC05, 0xEC05, 0xEC05, 0xEC05, 0x0000, 0xF81F, 0xF81F, 0xF81F, 0xF81F, 0xF81F, 0x0A0A,
    0x0000, 0x0000, 0x0000, 0xEC05, 0xEC05, 0xEC05, 0xEC05, 0x0000, 0x0000, 0x0000, 0xF81F, 0xF81F, 0xF81F, 0x8183, 0xCA88, 0xCA88,
    0xCA88, 0x0000, 0x0A0A, 0x0A0A, 0x0A0A, 0x0A0A, 0x2392, 0x0A0A, 0x2392, 0x0A0A, 0x0A0A, 0x0A0A, 0x0A0A, 0x0A0A, 0x0A0A, 0x0A0A,
    0x0A0A, 0x0A0A, 0x2392, 0x2392, 0x2392, 0x0A0A, 0xF81F, 0xF81F, 0xF81F, 0xF81F, 0x0000, 0x0A0A, 0x0A0A, 0x0A0A, 0x0A0A, 0x0A0A,
    0x0A0A, 0xCA88, 0x0000, 0xF81F, 0xF81F, 0xF81F, 0xF81F, 0xF81F, 0xF81F, 0xF81F, 0xF81F, 0xF81F, 0xF81F, 0xF81F, 0xF81F, 0xF81F,
    0xF81F, 0xF81F, 0xF81F, 0xF81F, 0xF81F, 0xF81F, 0xF81F, 0xF81F, 0xF81F, 0xF81F, 0x8183, 0xCA88, 0x0A0A, 0x0A0A, 0x0A0A, 0x0000,
    0xEC05, 0xEC05, 0xEC05, 0xEC05, 0xEC05, 0xEC05, 0xEC05, 0xEC05, 0xEC05, 0x0000, 0x0000, 0xF81F, 0xF81F, 0x0000, 0x0000, 0x0000,
    0xEC05, 0xEC05, 0xEC05, 0xEC05, 0xEC05, 0xEC05, 0xEC05, 0xEC05, 0xEC05, 0xCA88, 0x0000, 0x0000, 0xF81F, 0x8183, 0xCA88, 0xCA88,
    0xCA88, 0x0000, 0x0A0A, 0x0A0A, 0x0A0A, 0x0A0A, 0x0A0A, 0x2392, 0x0A0A, 0x0A0A, 0x0A0A, 0x0000, 0x0000, 0x0000, 0x0A0A, 0x0A0A,
    0x0A0A, 0x0A0A, 0x0A0A, 0x2392, 0x0A0A, 0xF81F, 0xF81F, 0xF81F, 0xF81F, 0xF81F, 0xF81F, 0x0000, 0x0A0A, 0x0A0A, 0x0A0A, 0x0A0A,
    0x0A0A, 0xCA88, 0x0000, 0xF81F, 0xF81F, 0xF81F, 0xF81F, 0xF81F, 0xF81F, 0xF81F, 0xF81F, 0xF81F, 0xF81F, 0xF81F, 0xF81F, 0xF81F,
    0xF81F, 0xF81F, 0xF81F, 0xF81F, 0xF81F, 0xF81F, 0xF81F, 0xF81F, 0xF81F, 0xF81F, 0xF81F, 0x8183, 0xCA88, 0x0A0A, 0x0000, 0xEC05,
    0xEC05, 0xEC05, 0xEC05, 0xEC05, 0xEC05, 0xEC05, 0xEC05, 0xEC05, 0xEC05, 0xEC05, 0x8183, 0x0000, 0x0000, 0x0000, 0xCA88, 0xEC05,
    0xEC05, 0xEC05, 0xEC05, 0xEC05, 0xEC05, 0xEC05, 0xEC05, 0xEC05, 0xEC05, 0xEC05, 0xEC05, 0xCA88, 0x0000, 0x0000, 0xCA88, 0xCA88,
    0x0A0A, 0x0A0A, 0x0A0A, 0x0A0A, 0x0A0A, 0x0A0A, 0x2392, 0x0A0A, 0x2392, 0x0A0A, 0x0A0A, 0xCA88, 0xCA88, 0xCA88, 0x0000, 0x0000,
    0x0000, 0x0A0A, 0x0A0A, 0x2392, 0x0A0A, 0xF81F, 0xF81F, 0xF81F, 0xF81F, 0xF81F, 0xF81F, 0xF81F, 0x0000, 0x0A0A, 0x0A0A, 0x0A0A,
    0x0A0A, 0xCA88, 0x0000, 0xF81F, 0xF81F, 0xF81F, 0xF81F, 0xF81F, 0xF81F, 0xF81F, 0xF81F, 0xF81F, 0xF81F, 0xF81F, 0xF81F, 0xF81F,
    0xF81F, 0xF81F, 0xF81F, 0xF81F, 0xF81F, 0xF81F, 0xF81F, 0xF81F, 0xF81F, 0xF81F, 0xF81F, 0x8183, 0xCA88, 0x0000, 0xEC05, 0xEC05,
    0xEC05, 0xEC05, 0xEC05, 0xEC05, 0xEC05, 0xEC05, 0xEC05, 0xEC05, 0xEC05, 0xEC05, 0xEC05, 0x8183, 0xCA88, 0xCA88, 0xCA88, 0xCA88,
    0xEC05, 0xEC05, 0xEC05, 0xEC05, 0xEC05, 0xEC05, 0xEC05, 0xEC05, 0xEC05, 0xEC05, 0xEC05, 0xEC05, 0xEC05, 0xCA88, 0x0000, 0xCA88,
    0x0A0A, 0x0A0A, 0x0A0A, 0x0A0A, 0x0A0A, 0x0A0A, 0x0A0A, 0x2392, 0x0A0A, 0xF81F, 0xF81F, 0x8183, 0xCA88, 0xCA88, 0xCA88, 0xCA88,
    0xCA88, 0x0000, 0x0A0A, 0x0A0A, 0x8183, 0xF81F, 0xF81F, 0xF81F, 0xF81F, 0xF81F, 0xF81F, 0xF81F, 0x0000, 0x0A0A, 0x0A0A, 0x0A0A,
    0x0A0A, 0xCA88, 0x0000, 0xF81F, 0xF81F, 0xF81F, 0xF81F, 0xF81F, 0xF81F, 0xF81F, 0xF81F, 0xF81F, 0xF81F, 0xF81F, 0xF81F, 0xF81F,
    0xF81F, 0xF81F, 0xF81F, 0xF81F, 0xF81F, 0xF81F, 0xF81F, 0xF81F, 0xF81F, 0xF81F, 0xF81F, 0xF81F, 0x0000, 0xEC05, 0xEC05, 0xEC05,
    0xEC05, 0xEC05, 0xEC05, 0xEC05, 0xEC05, 0xEC05, 0xEC05, 0xEC05, 0xEC05, 0xEC05, 0xEC05, 0xEC05, 0xCA88, 0xCA88, 0xCA88, 0xCA88,
    0xCA88, 0xEC05, 0xEC05, 0xEC05, 0xEC05, 0xEC05, 0xEC05, 0xEC05, 0xEC05, 0xEC05, 0xEC05, 0xEC05, 0xEC05, 0xEC05, 0xEC05, 0x0000,
    0x0A0A, 0x0A0A, 0x0A0A, 0x0A0A, 0x0A0A, 0x0A0A, 0x0A0A, 0x0A0A, 0xF81F, 0xF81F, 0xF81F, 0xF81F, 0x0000, 0xCA88, 0xCA88, 0xCA88,
    0xCA88, 0xCA88, 0x0000, 0x0A0A, 0xCA88, 0x8183, 0xF81F, 0xF81F, 0xF81F, 0xF81F, 0xF81F, 0xF81F, 0x0000, 0x0A0A, 0x0A0A, 0x0A0A,
    0x0A0A, 0xCA88, 0x0000, 0xF81F, 0xF81F, 0xF81F, 0xF81F, 0xF81F, 0xF81F, 0xF81F, 0xF81F, 0xF81F, 0xF81F, 0xF81F, 0xF81F, 0xF81F,
    0xF81F, 0xF81F, 0xF81F, 0xF81F, 0xF81F, 0xF81F, 0xF81F, 0xF81F, 0xF81F, 0xF81F, 0xF81F, 0xF81F, 0x0000, 0xEC05, 0xEC05, 0xEC05,
    0xCA88, 0xEDAB, 0xEDAB, 0xEC05, 0xEC05, 0x8183, 0xCA88, 0xEC05, 0xEC05, 0xEC05, 0xEC05, 0xEC05, 0xCA88, 0xCA88, 0xCA88, 0xCA88,
    0xCA88, 0xEC05, 0xEC05, 0xEC05, 0xEC05, 0xEC05, 0xEC05, 0xEC05, 0xEC05, 0xEC05, 0xEC05, 0xEC05, 0xEC05, 0xEC05, 0xEC05, 0xEC05,
    0x0000, 0x0A0A, 0x0A0A, 0x0A0A, 0x0A0A, 0x0A0A, 0x0A0A, 0xF81F, 0xF81F, 0xF81F, 0xF81F, 0xF81F, 0xF81F, 0x0000, 0xCA88, 0xCA88,
    0xCA88, 0xCA88, 0xCA88, 0xCA88, 0xCA88, 0xCA88, 0x8183, 0xF81F, 0xF81F, 0xF81F, 0xF81F, 0xF81F, 0xF81F, 0x0000, 0x0A0A, 0x0A0A,
    0x0A0A, 0xCA88, 0x0000, 0xF81F, 0xF81F, 0xF81F, 0xF81F, 0xF81F, 0xF81F, 0xF81F, 0xF81F, 0xF81F, 0xF81F, 0xF81F, 0xF81F, 0xF81F,
    0xF81F, 0xF81F, 0xF81F, 0xF81F, 0xF81F, 0xF81F, 0xF81F, 0xF81F, 0xF81F, 0xF81F, 0xF81F, 0x0000, 0xEC05, 0xEC05, 0xEC05, 0xCA88,
    0xEDAB, 0xEDAB, 0xEC05, 0xCA88, 0xCE79, 0x8183, 0xEC05, 0xEC05, 0xEC05, 0xEC05, 0xEC05, 0xEC05, 0xEC05, 0xCA88, 0xCA88, 0xCA88,
    0x8183, 0x0000, 0x0000, 0xCA88, 0xCA88, 0xCA88, 0xCA88, 0xEC05, 0xEC05, 0xEC05, 0xEC05, 0xEC05, 0xEC05, 0xEC05, 0xEC05, 0xEC05,
    0xEC05, 0x0000, 0x0000, 0x0000, 0x0000, 0x0A0A, 0xF81F, 0xF81F, 0xF81F, 0xF81F, 0xF81F, 0xF81F, 0xF81F, 0xF81F, 0x0000, 0xCA88,
    0xCA88, 0xCA88, 0xCA88, 0xCA88, 0xCA88, 0xCA88, 0xCA88, 0x8183, 0xF81F, 0xF81F, 0xF81F, 0xF81F, 0xF81F, 0x0000, 0x0A0A, 0x0A0A,
    0x0A0A, 0xCA88, 0x0000, 0xF81F, 0xF81F, 0xF81F, 0xF81F, 0xF81F, 0xF81F, 0xF81F, 0xF81F, 0xF81F, 0xF81F, 0xF81F, 0xF81F, 0xF81F,
    0xF81F, 0xF81F, 0xF81F, 0xF81F, 0xF81F, 0xF81F, 0xF81F, 0xF81F, 0xF81F, 0xF81F, 0xF81F, 0x0000, 0x8183, 0xCA88, 0xCA88, 0xCA88,
    0xEC05, 0xEC05, 0xCA88, 0x0000, 0xFFFF, 0xFFFF, 0xEC05, 0xEC05, 0xEC05, 0xEC05, 0xEC05, 0xEC05, 0xEC05, 0xCA88, 0x8183, 0x8183,
    0xF81F, 0xF81F, 0xF81F, 0x0000, 0x0000, 0x8183, 0xCA88, 0xCA88, 0xCA88, 0xEC05, 0xEC05, 0xEC05, 0xEC05, 0xEC05, 0xEC05, 0xEC05,
    0x8183, 0xEC05, 0xEC05, 0xEC05, 0xEC05, 0x0000, 0x8183, 0xF81F, 0xF81F, 0xF81F, 0xF81F, 0xF81F, 0xF81F, 0xF81F, 0xF81F, 0x0000,
    0xCA88, 0xCA88, 0xCA88, 0xCA88, 0xCA88, 0xCA88, 0xCA88, 0xCA88, 0x8183, 0xF81F, 0xF81F, 0xF81F, 0xF81F, 0xF81F, 0x0000, 0x0A0A,
    0x0A0A, 0xCA88, 0x0000, 0xF81F, 0xF81F, 0xF81F, 0xF81F, 0xF81F, 0xF81F, 0xF81F, 0xF81F, 0xF81F, 0xF81F, 0xF81F, 0xF81F, 0xF81F,
    0xF81F, 0xF81F, 0xF81F, 0xF81F, 0xF81F, 0xF81F, 0xF81F, 0xF81F, 0xF81F, 0xF81F, 0xF81F, 0xF81F, 0x0000, 0xCA88, 0xCA88, 0x8183,
    0xEC05, 0xEC05, 0x2392, 0x0000, 0xFFFF, 0xCA88, 0xEC05, 0xEC05, 0xEC05, 0xEC05, 0xEC05, 0xEC05, 0xEC05, 0x8183, 0xF81F, 0xF81F,
    0xF81F, 0x8183, 0x8183, 0x8183, 0xCA88, 0x8183, 0x8183, 0xCA88, 0xCA88, 0xCA88, 0xEC05, 0xEC05, 0xEC05, 0xEC05, 0xEC05, 0xCA88,
    0xEC05, 0xEC05, 0xEC05, 0xEC05, 0xEC05, 0xEC05, 0xEC05, 0x8183, 0xF81F, 0xF81F, 0xF81F, 0xF81F, 0xF81F, 0xF81F, 0xF81F, 0xF81F,
    0x8183, 0xCA88, 0xCA88, 0xCA88, 0xCA88, 0xCA88, 0xCA88, 0xCA88, 0xCA88, 0x0000, 0xF81F, 0xF81F, 0xF81F, 0xF81F, 0x0000, 0x0A0A,
    0xCA88, 0xCA88, 0xF81F, 0xF81F, 0xF81F, 0xF81F, 0xF81F, 0xF81F, 0xF81F, 0xF81F, 0xF81F, 0xF81F, 0xF81F, 0xF81F, 0xF81F, 0xF81F,
    0xF81F, 0xF81F, 0xF81F, 0xF81F, 0xF81F, 0xF81F, 0xF81F, 0xF81F, 0xF81F, 0xF81F, 0xF81F, 0xF81F, 0xF81F, 0x0000, 0x8183, 0xCA88,
    0xCA88, 0x8183, 0x8183, 0x8183, 0xCA88, 0xEC05, 0xEC05, 0xCA88, 0x8183, 0x0000, 0x8183, 0xEC05, 0xEC05, 0x8183, 0xF81F, 0xF81F,
    0x8183, 0xCA88, 0xCA88, 0x8183, 0xCA88, 0xCA88, 0xCA88, 0xCA88, 0xCA88, 0xCA88, 0xEC05, 0xEC05, 0xEC05, 0xEC05, 0xEC05, 0xEC05,
    0xEC05, 0xEC05, 0xEC05, 0xEC05, 0xEC05, 0xEC05, 0xEC05, 0xEC05, 0x8183, 0x8183, 0x8183, 0xF81F, 0xF81F, 0xF81F, 0xF81F, 0xF81F,
    0xF81F, 0x8183, 0xCA88, 0xCA88, 0xCA88, 0xCA88, 0xCA88, 0xCA88, 0xCA88, 0x8183, 0x8183, 0xF81F, 0xF81F, 0xF81F, 0x0000, 0x0A0A,
    0xCA88, 0x0000, 0xF81F, 0xF81F, 0xF81F, 0xF81F, 0xF81F, 0xF81F, 0xF81F, 0xF81F, 0xF81F, 0xF81F, 0xF81F, 0xF81F, 0xF81F, 0xF81F,
    0xF81F, 0xF81F, 0xF81F, 0xF81F, 0xF81F, 0xF81F, 0xF81F, 0xF81F, 0xF81F, 0xF81F, 0xF81F, 0xF81F, 0xF81F, 0xF81F, 0x8183, 0xCA88,
    0xCA88, 0xEC05, 0xEC05, 0xEC05, 0xEC05, 0xEC05, 0xEC05, 0x0000, 0x0000, 0x0000, 0xCA88, 0xCA88, 0xCA88, 0x8183, 0x8183, 0x8183,
    0xCA88, 0xCA88, 0xCA88, 0xCA88, 0xCA88, 0xCA88, 0xCA88, 0xCA88, 0xCA88, 0xCA88, 0xEC05, 0xEC05, 0xEC05, 0xEC05, 0xEC05, 0xEC05,
    0xEC05, 0xEC05, 0xEC05, 0xEC05, 0xEC05, 0xEC05, 0xEC05, 0xEC05, 0xEC05, 0xEC05, 0xEC05, 0x8183, 0x8183, 0x0000, 0xF81F, 0xF81F,
    0xF81F, 0x8183, 0xCA88, 0xCA88, 0xCA88, 0xCA88, 0xCA88, 0xCA88, 0xCA88, 0xCA88, 0x0000, 0xF81F, 0xF81F, 0xF81F, 0x0000, 0xCA88,
    0xCA88, 0xF81F, 0xF81F, 0xF81F, 0xF81F, 0xF81F, 0xF81F, 0xF81F, 0xF81F, 0xF81F, 0xF81F, 0xF81F, 0xF81F, 0xF81F, 0xF81F, 0xF81F,
    0xF81F, 0xF81F, 0xF81F, 0xF81F, 0xF81F, 0xF81F, 0xF81F, 0xF81F, 0xF81F, 0xF81F, 0xF81F, 0xF81F, 0xF81F, 0x8183, 0xEC05, 0xEC05,
    0xEC05, 0xEC05, 0xEC05, 0xEC05, 0xEC05, 0xEC05, 0xCA88, 0x0000, 0xE202, 0x0000, 0x8183, 0xCA88, 0xCA88, 0x8183, 0xCA88, 0xCA88,
    0xCA88, 0xCA88, 0xCA88, 0xCA88, 0xCA88, 0xCA88, 0xCA88, 0xCA88, 0xCA88, 0xEC05, 0xEC05, 0xEC05, 0xEC05, 0xEC05, 0xEC05, 0xEC05,
    0xEC05, 0xEC05, 0xEC05, 0xEC05, 0xEC05, 0xEC05, 0xEC05, 0xEC05, 0xEC05, 0xEC05, 0xEC05, 0xEC05, 0xEC05, 0xCA88, 0x0000, 0xF81F,
    0xF81F, 0xF81F, 0x8183, 0xCA88, 0xCA88, 0xCA88, 0xCA88, 0xCA88, 0xCA88, 0xCA88, 0xCA88, 0x0000, 0xF81F, 0xF81F, 0x0000, 0xCA88,
    0x0000, 0xF81F, 0xF81F, 0xF81F, 0xF81F, 0xF81F, 0xF81F, 0xF81F, 0xF81F, 0xF81F, 0xF81F, 0xF81F, 0xF81F, 0xF81F, 0xF81F, 0xF81F,
    0xF81F, 0xF81F, 0xF81F, 0xF81F, 0xF81F, 0xF81F, 0xF81F, 0xF81F, 0xF81F, 0xF81F, 0xF81F, 0xF81F, 0x8183, 0xEC05, 0xEC05, 0xEC05,
    0xEC05, 0xEC05, 0xEC05, 0xEC05, 0xEC05, 0xCA88, 0x0000, 0xE202, 0xE202, 0xE202, 0x0000, 0xCA88, 0xCA88, 0x8183, 0xCA88, 0xCA88,
    0xCA88, 0xCA88, 0x8183, 0xCA88, 0xCA88, 0xCA88, 0xCA88, 0xEC05, 0xEC05, 0xEC05, 0xEC05, 0xEC05, 0xEC05, 0xEC05, 0xEC05, 0xEC05,
    0xEC05, 0xEC05, 0xEC05, 0xEC05, 0xEC05, 0xEC05, 0x8183, 0x8183, 0x0000, 0xEC05, 0xEC05, 0xEC05, 0xEC05, 0xCA88, 0x0000, 0xF81F,
    0xF81F, 0xF81F, 0x8183, 0xCA88, 0xCA88, 0xCA88, 0xCA88, 0xCA88, 0xCA88, 0xCA88, 0xCA88, 0x8183, 0xF81F, 0xF81F, 0xF81F, 0xCA88,
    0xF81F, 0xF81F, 0xF81F, 0xF81F, 0xF81F, 0xF81F, 0xF81F, 0xF81F, 0xF81F, 0xF81F, 0xF81F, 0xF81F, 0xF81F, 0xF81F, 0xF81F, 0xF81F,
    0xF81F, 0xF81F, 0xF81F, 0xF81F, 0xF81F, 0xF81F, 0xF81F, 0xF81F, 0xF81F, 0xF81F, 0xF81F, 0xF81F, 0x8183, 0xEC05, 0xEC05, 0xEC05,
    0xEC05, 0xEC05, 0xEC05, 0xEC05, 0x0000, 0x0000, 0xE202, 0xE202, 0xE202, 0xE202, 0x0000, 0xCA88, 0xCA88, 0x0000, 0xCA88, 0xCA88,
    0xCA88, 0x8183, 0xCA88, 0xCA88, 0xCA88, 0xCA88, 0xEC05, 0xEC05, 0xEC05, 0xEC05, 0xEC05, 0xEC05, 0xEC05, 0xEC05, 0xEC05, 0xEC05,
    0xEC05, 0xEC05, 0xEC05, 0xEC05, 0xEC05, 0xCA88, 0xCA88, 0x8183, 0xF81F, 0x8183, 0x8183, 0xCA88, 0xCA88, 0xCA88, 0x0000, 0xF81F,
    0xF81F, 0xF81F, 0xF81F, 0x8183, 0xCA88, 0xCA88, 0xCA88, 0xCA88, 0xCA88, 0xCA88, 0xCA88, 0xCA88, 0x0000, 0xF81F, 0xF81F, 0x0000,
    0xF81F, 0xF81F, 0xF81F, 0xF81F, 0xF81F, 0xF81F, 0xF81F, 0xF81F, 0xF81F, 0xF81F, 0xF81F, 0xF81F, 0xF81F, 0xF81F, 0xF81F, 0xF81F,
    0xF81F, 0xF81F, 0xF81F, 0xF81F, 0xF81F, 0xF81F, 0xF81F, 0xF81F, 0xF81F, 0xF81F, 0xF81F, 0x8183, 0xEC05, 0xEC05, 0xEC05, 0xEC05,
    0xEC05, 0xEC05, 0xEC05, 0x0000, 0xF81F, 0xF81F, 0x0000, 0xE202, 0xE202, 0xE202, 0x0000, 0xCA88, 0xCA88, 0x0000, 0x8183, 0xCA88,
    0xCA88, 0x8183, 0xCA88, 0xCA88, 0xEC05, 0xEC05, 0xEC05, 0xEC05, 0xEC05, 0xEC05, 0xEC05, 0xEC05, 0xEC05, 0xEC05, 0xEC05, 0xEC05,
    0xEC05, 0xEC05, 0xCA88, 0x8183, 0x8183, 0xCA88, 0xCA88, 0xCA88, 0x8183, 0xF81F, 0xF81F, 0x0000, 0xCA88, 0xCA88, 0x0000, 0xF81F,
    0xF81F, 0xF81F, 0xF81F, 0x8183, 0xCA88, 0xCA88, 0xCA88, 0xCA88, 0xCA88, 0xCA88, 0xCA88, 0xCA88, 0x8183, 0xF81F, 0xF81F, 0xF81F,
    0xF81F, 0xF81F, 0xF81F, 0xF81F, 0xF81F, 0xF81F, 0xF81F, 0xF81F, 0xF81F, 0xF81F, 0xF81F, 0xF81F, 0xF81F, 0xF81F, 0xF81F, 0xF81F,
    0xF81F, 0xF81F, 0xF81F, 0xF81F, 0xF81F, 0xF81F, 0xF81F, 0xF81F, 0xF81F, 0xF81F, 0x8183, 0xEC05, 0xEC05, 0xEC05, 0x8183, 0xEC05,
    0xEC05, 0xCA88, 0x0000, 0xF81F, 0xF81F, 0xF81F, 0x0000, 0xE202, 0xE202, 0xE202, 0x0000, 0xCA88, 0x0000, 0xF81F, 0xF81F, 0xCA88,
    0x8183, 0xCA88, 0xCA88, 0xEC05, 0xEEEF, 0xEEEF, 0xEEEF, 0xEEEF, 0xEEEF, 0xEC05, 0xEC05, 0xEC05, 0xEC05, 0xEC05, 0xEC05, 0xEC05,
    0xEC05, 0xEC05, 0xEC05, 0xEC05, 0xEC05, 0xCA88, 0xCA88, 0xCA88, 0xCA88, 0x8183, 0xF81F, 0x0000, 0xCA88, 0xCA88, 0xCA88, 0x0000,
    0xF81F, 0xF81F, 0xF81F, 0x8183, 0xCA88, 0xCA88, 0xCA88, 0xCA88, 0xCA88, 0xCA88, 0xCA88, 0xCA88, 0xCA88, 0x0000, 0xF81F, 0xF81F,
    0xF81F, 0xF81F, 0xF81F, 0xF81F, 0xF81F, 0xF81F, 0xF81F, 0xF81F, 0xF81F, 0xF81F, 0xF81F, 0xF81F, 0xF81F, 0xF81F, 0xF81F, 0xF81F,
    0xF81F, 0xF81F, 0xF81F, 0xF81F, 0xF81F, 0xF81F, 0xF81F, 0xF81F, 0xF81F, 0xF81F, 0x0000, 0xEC05, 0xEC05, 0xCA88, 0xEC05, 0xEC05,
    0xCA88, 0xFFFF, 0x0000, 0xF81F, 0xF81F, 0xF81F, 0x0000, 0xE202, 0xE202, 0x0000, 0x8183, 0xCA88, 0x0000, 0xF81F, 0xF81F, 0xF81F,
    0x0000, 0xEC05, 0xEEEF, 0xEEEF, 0xEEEF, 0xEEEF, 0xEEEF, 0xEEEF, 0xEEEF, 0xEEEF, 0xEEEF, 0xEC05, 0xEC05, 0xEC05, 0xEC05, 0xEC05,
    0xEC05, 0xEC05, 0xEC05, 0xEC05, 0xEC05, 0xEC05, 0xEC05, 0xCA88, 0xCA88, 0xCA88, 0x0000, 0xCA88, 0xCA88, 0xCA88, 0xCA88, 0x0000,
    0xF81F, 0xF81F, 0xF81F, 0x8183, 0xCA88, 0xCA88, 0xCA88, 0xCA88, 0xCA88, 0xCA88, 0xCA88, 0xCA88, 0xCA88, 0x8183, 0xF81F, 0xF81F,
    0xF81F, 0xF81F, 0xF81F, 0xF81F, 0xF81F, 0xF81F, 0xF81F, 0xF81F, 0xF81F, 0xF81F, 0xF81F, 0xF81F, 0xF81F, 0xF81F, 0xF81F, 0xF81F,
    0xF81F, 0xF81F, 0xF81F, 0xF81F, 0xF81F, 0xF81F, 0xF81F, 0xF81F, 0xF81F, 0xF81F, 0xF81F, 0x0000, 0xEC05, 0xEC05, 0xCA88, 0xCA88,
    0x0000, 0x0000, 0x0000, 0xF81F, 0xF81F, 0x0000, 0x8183, 0xE202, 0x0000, 0xFFFF, 0xEC05, 0x8183, 0x8183, 0xF81F, 0xF81F, 0x0000,
    0xCA88, 0xEEEF, 0xEEEF, 0xEEEF, 0xEEEF, 0xEEEF, 0xEEEF, 0xEEEF, 0xEEEF, 0xEEEF, 0xEEEF, 0xEEEF, 0xEEEF, 0xEC05, 0xEC05, 0xEC05,
    0xEC05, 0xEC05, 0xEC05, 0xEC05, 0xEC05, 0xEC05, 0xEC05, 0xCA88, 0xCA88, 0xCA88, 0x0000, 0xCA88, 0xCA88, 0xCA88, 0xCA88, 0x0000,
    0xF81F, 0xF81F, 0x8183, 0xCA88, 0xCA88, 0xCA88, 0xCA88, 0xCA88, 0xEC05, 0xCA88, 0xCA88, 0xCA88, 0xCA88, 0x8183, 0xF81F, 0xF81F,
    0xF81F, 0xF81F, 0xF81F, 0xF81F, 0xF81F, 0xF81F, 0xF81F, 0xF81F, 0xF81F, 0xF81F, 0xF81F, 0xF81F, 0xF81F, 0xF81F, 0xF81F, 0xF81F,
    0xF81F, 0xF81F, 0xF81F, 0xF81F, 0xF81F, 0xF81F, 0xF81F, 0xF81F, 0xF81F, 0xF81F, 0xF81F, 0xF81F, 0xF81F, 0x0000, 0x0000, 0x0000,
    0xF81F, 0xF81F, 0x8183, 0x8183, 0xCA88, 0x8183, 0xFFFF, 0x8183, 0x8183, 0x8183, 0xEC05, 0x0000, 0xF81F, 0xF81F, 0xF81F, 0x0000,
    0xEC05, 0xEEEF, 0xEEEF, 0xEEEF, 0xEEEF, 0xEEEF, 0xEEEF, 0xEEEF, 0xEEEF, 0xEEEF, 0xEEEF, 0xEEEF, 0xEEEF, 0xEEEF, 0xEC05, 0xEC05,
    0xEC05, 0xEC05, 0xEC05, 0xEC05, 0xEC05, 0xEC05, 0xEC05, 0xEC05, 0x0000, 0x8183, 0x8183, 0xEC05, 0xCA88, 0xCA88, 0xCA88, 0x0000,
    0xF81F, 0xF81F, 0x8183, 0xCA88, 0xEC05, 0xEC05, 0xCA88, 0xEC05, 0xCA88, 0xEC05, 0xCA88, 0xCA88, 0xCA88, 0xCA88, 0x0000, 0xF81F,
    0xF81F, 0xF81F, 0xF81F, 0xF81F, 0xF81F, 0xF81F, 0xF81F, 0xF81F, 0xF81F, 0xF81F, 0xF81F, 0xF81F, 0xF81F, 0xF81F, 0xF81F, 0xF81F,
    0xF81F, 0xF81F, 0xF81F, 0xF81F, 0xF81F, 0xF81F, 0xF81F, 0xF81F, 0xF81F, 0xF81F, 0xF81F, 0xF81F, 0xF81F, 0xF81F, 0xF81F, 0xF81F,
    0xF81F, 0x8183, 0xCA88, 0xCA88, 0xCA88, 0x0000, 0xEC05, 0xEC05, 0xEC05, 0xEC05, 0x0000, 0xF81F, 0xF81F, 0xF81F, 0x0000, 0xCA88,
    0xEEEF, 0xEEEF, 0xEEEF, 0xEEEF, 0xEEEF, 0xEEEF, 0xEEEF, 0xEEEF, 0xEEEF, 0xEEEF, 0xEEEF, 0xEEEF, 0xEEEF, 0xEEEF, 0xEEEF, 0xEC05,
    0xEC05, 0xEC05, 0xEC05, 0xEC05, 0xEC05, 0xEC05, 0x8183, 0x0000, 0xEC05, 0xEC05, 0xEC05, 0xEC05, 0xEC05, 0xEC05, 0xCA88, 0x0000,
    0xF81F, 0x8183, 0xEC05, 0xEC05, 0xEC05, 0xEC05, 0xEC05, 0xCA88, 0xEC05, 0xCA88, 0xCA88, 0xCA88, 0xCA88, 0xCA88, 0x0000, 0xF81F,
    0xF81F, 0xF81F, 0xF81F, 0xF81F, 0xF81F, 0xF81F, 0xF81F, 0xF81F, 0xF81F, 0xF81F, 0xF81F, 0xF81F, 0xF81F, 0xF81F, 0xF81F, 0xF81F,
    0xF81F, 0xF81F, 0xF81F, 0xF81F, 0xF81F, 0xF81F, 0xF81F, 0xF81F, 0xF81F, 0xF81F, 0xF81F, 0xF81F, 0xF81F, 0xF81F, 0xF81F, 0xF81F,
    0x8183, 0xCA88, 0x8183, 0xCA88, 0xCA88, 0xCA88, 0x0000, 0x0000, 0x0000, 0x0000, 0x8183, 0xF81F, 0xF81F, 0xF81F, 0x0000, 0xEC05,
    0xEEEF, 0xEEEF, 0xEEEF, 0xEEEF, 0xEEEF, 0xEEEF, 0xEEEF, 0xEEEF, 0xEEEF, 0xEEEF, 0xEEEF, 0xEEEF, 0xEEEF, 0xEEEF, 0xEEEF, 0xEEEF,
    0xEC05, 0xEC05, 0xEC05, 0xEC05, 0xEC05, 0xEC05, 0x0000, 0xCA88, 0xEC05, 0xEC05, 0xEC05, 0xEC05, 0xEC05, 0xEC05, 0xCA88, 0xCA88,
    0x0000, 0xEC05, 0xEC05, 0xEC05, 0xEC05, 0xEC05, 0xEC05, 0xEC05, 0xCA88, 0xEC05, 0xCA88, 0xCA88, 0xCA88, 0xCA88, 0x0000, 0xF81F,
    0xF81F, 0xF81F, 0xF81F, 0xF81F, 0xF81F, 0xF81F, 0xF81F, 0xF81F, 0xF81F, 0xF81F, 0xF81F, 0xF81F, 0xF81F, 0xF81F, 0xF81F, 0xF81F,
    0xF81F, 0xF81F, 0xF81F, 0xF81F, 0xF81F, 0xF81F, 0xF81F, 0xF81F, 0xF81F, 0xF81F, 0xF81F, 0xF81F, 0xF81F, 0xF81F, 0xF81F, 0xF81F,
    0x0000, 0x0000, 0xCA88, 0xCA88, 0xCA88, 0xCA88, 0xCA88, 0xCA88, 0xCA88, 0xCA88, 0x0000, 0xF81F, 0xF81F, 0xF81F, 0x0000, 0xEEEF,
    0xEEEF, 0xEEEF, 0xEEEF, 0xEEEF, 0xEEEF, 0xEEEF, 0xEEEF, 0xEEEF, 0xEEEF, 0xEEEF, 0xEEEF, 0xEEEF, 0xEEEF, 0xEEEF, 0xEEEF, 0xEEEF,
    0xEEEF, 0xEC05, 0xEC05, 0xEC05, 0xEC05, 0xEC05, 0x0000, 0xCA88, 0xCA88, 0x8183, 0x0000, 0xEC05, 0xEC05, 0xEC05, 0xCA88, 0xCA88,
    0x8183, 0x0000, 0xEC05, 0xEC05, 0xEC05, 0xEC05, 0xEC05, 0xEC05, 0xEC05, 0xEC05, 0xCA88, 0xCA88, 0xCA88, 0xCA88, 0x0000, 0xF81F,
    0xF81F, 0xF81F, 0xF81F, 0xF81F, 0xF81F, 0xF81F, 0xF81F, 0xF81F, 0xF81F, 0xF81F, 0xF81F, 0xF81F, 0xF81F, 0xF81F, 0xF81F, 0xF81F,
    0xF81F, 0xF81F, 0xF81F, 0xF81F, 0xF81F, 0xF81F, 0xF81F, 0xF81F, 0xF81F, 0xF81F, 0xF81F, 0xF81F, 0xF81F, 0xF81F, 0xF81F, 0xF81F,
    0xF81F, 0x0000, 0xCA88, 0xCA88, 0xCA88, 0x0000, 0x8183, 0x8183, 0xCA88, 0xCA88, 0x0000, 0xF81F, 0xF81F, 0x0000, 0xEC05, 0xEEEF,
    0xEEEF, 0xEEEF, 0xEEEF, 0xEEEF, 0xEEEF, 0xEEEF, 0xEEEF, 0xEEEF, 0xEEEF, 0xEEEF, 0xEEEF, 0xEEEF, 0xEEEF, 0xEEEF, 0xEEEF, 0xEEEF,
    0xEEEF, 0xEC05, 0xEC05, 0xEC05, 0xEC05, 0xEC05, 0xEC05, 0x0000, 0xCE79, 0x0000, 0xCA88, 0xEC05, 0xEC05, 0xCA88, 0xCA88, 0xCA88,
    0xCA88, 0x0000, 0xEC05, 0xEC05, 0xEC05, 0xEC05, 0xEC05, 0xEC05, 0xEC05, 0xCA88, 0xCA88, 0xCA88, 0xCA88, 0xCA88, 0x0000, 0xF81F,
    0xF81F, 0xF81F, 0xF81F, 0xF81F, 0xF81F, 0xF81F, 0xF81F, 0xF81F, 0xF81F, 0xF81F, 0xF81F, 0xF81F, 0xF81F, 0xF81F, 0xF81F, 0xF81F,
    0xF81F, 0xF81F, 0xF81F, 0xF81F, 0xF81F, 0xF81F, 0xF81F, 0xF81F, 0xF81F, 0xF81F, 0xF81F, 0xF81F, 0xF81F, 0xF81F, 0xF81F, 0xF81F,
    0xF81F, 0xF81F, 0x8183, 0xCA88, 0xCA88, 0x8183, 0xF81F, 0xF81F, 0x0000, 0x0000, 0xF81F, 0xF81F, 0xF81F, 0x0000, 0xEC05, 0xEEEF,
    0xEEEF, 0xEEEF, 0xEEEF, 0xEEEF, 0xEEEF, 0xEEEF, 0xEEEF, 0xEEEF, 0xEEEF, 0xEEEF, 0xEEEF, 0xEEEF, 0xEEEF, 0xEEEF, 0xEEEF, 0xEEEF,
    0xEEEF, 0xEEEF, 0xEC05, 0xEC05, 0xEC05, 0xEC05, 0xEC05, 0xEC05, 0xCA88, 0x8183, 0xEC05, 0xEC05, 0xEC05, 0x8183, 0x0000, 0xCA88,
    0xCA88, 0x0000, 0xEC05, 0xEC05, 0xEC05, 0xEC05, 0xEC05, 0xCA88, 0xCA88, 0xCA88, 0xCA88, 0xCA88, 0xCA88, 0xEDAB, 0x0000, 0xF81F,
    0xF81F, 0xF81F, 0xF81F, 0xF81F, 0xF81F, 0xF81F, 0xF81F, 0xF81F, 0xF81F, 0xF81F, 0xF81F, 0xF81F, 0xF81F, 0xF81F, 0xF81F, 0xF81F,
    0xF81F, 0xF81F, 0xF81F, 0xF81F, 0xF81F, 0xF81F, 0xF81F, 0xF81F, 0xF81F, 0xF81F, 0xF81F, 0xF81F, 0xF81F, 0xF81F, 0xF81F, 0xF81F,
    0xF81F, 0xF81F, 0x8183, 0x0000, 0x0000, 0xFFFF, 0x8183, 0xF81F, 0xF81F, 0xF81F, 0xF81F, 0xF81F, 0x8183, 0xEC05, 0xEC05, 0xEEEF,
    0xEEEF, 0xEEEF, 0xEEEF, 0xEEEF, 0xEEEF, 0xEEEF, 0xEEEF, 0xEEEF, 0xEEEF, 0xEEEF, 0xEEEF, 0xEEEF, 0xEEEF, 0xEEEF, 0xEEEF, 0xEEEF,
    0xEEEF, 0xEEEF, 0xEC05, 0xEC05, 0xEC05, 0xEC05, 0xEC05, 0xEC05, 0xEC05, 0xEC05, 0x8183, 0xCA88, 0xCA88, 0x8183, 0x8183, 0x0000,
    0xCE79, 0x0000, 0xEC05, 0xEC05, 0xEC05, 0xCA88, 0xCA88, 0xCA88, 0xCA88, 0xCA88, 0xCA88, 0xCA88, 0xCA88, 0x0000, 0xF81F, 0xF81F,
    0xF81F, 0xF81F, 0xF81F, 0xF81F, 0xF81F, 0xF81F, 0xF81F, 0xF81F, 0xF81F, 0xF81F, 0xF81F, 0xF81F, 0xF81F, 0xF81F, 0xF81F, 0xF81F,
    0xF81F, 0xF81F, 0xF81F, 0xF81F, 0xF81F, 0xF81F, 0xF81F, 0xF81F, 0xF81F, 0xF81F, 0xF81F, 0xF81F, 0xF81F, 0xF81F, 0xF81F, 0xF81F,
    0xF81F, 0xF81F, 0xF81F, 0xF81F, 0x8183, 0x0000, 0x0000, 0xF81F, 0xF81F, 0xF81F, 0xF81F, 0x8183, 0xEC05, 0xEC05, 0xEC05, 0xEEEF,
    0xEEEF, 0xEEEF, 0xEEEF, 0xEEEF, 0xEEEF, 0xEEEF, 0xEEEF, 0xEEEF, 0xEEEF, 0xEEEF, 0xEEEF, 0xEEEF, 0xEEEF, 0xEEEF, 0xEEEF, 0xEEEF,
    0xEEEF, 0xEEEF, 0xEEEF, 0xEC05, 0xEC05, 0xEC05, 0xEC05, 0xEC05, 0xEC05, 0xEC05, 0x8183, 0x0000, 0xCE79, 0x8183, 0xEC05, 0x8183,
    0x0000, 0x0000, 0xEC05, 0xCA88, 0xCA88, 0xCA88, 0xCA88, 0xCA88, 0xCA88, 0xCA88, 0xCA88, 0xCA88, 0xEDAB, 0x0000, 0xF81F, 0xF81F,
    0xF81F, 0xF81F, 0xF81F, 0xF81F, 0xF81F, 0xF81F, 0xF81F, 0xF81F, 0xF81F, 0xF81F, 0xF81F, 0xF81F, 0xF81F, 0xF81F, 0xF81F, 0xF81F,
    0xF81F, 0xF81F, 0xF81F, 0xF81F, 0xF81F, 0xF81F, 0xF81F, 0xF81F, 0xF81F, 0xF81F, 0xF81F, 0xF81F, 0xF81F, 0xF81F, 0xF81F, 0xF81F,
    0xF81F, 0xF81F, 0xF81F, 0xF81F, 0xF81F, 0xF81F, 0xF81F, 0xF81F, 0xF81F, 0xF81F, 0x8183, 0xEC05, 0xEC05, 0xEC05, 0xEC05, 0xCA88,
    0xEEEF, 0xEEEF, 0xEEEF, 0xEEEF, 0xEEEF, 0xEEEF, 0xEEEF, 0xEEEF, 0xEEEF, 0xEEEF, 0xEEEF, 0xEEEF, 0xEEEF, 0xEEEF, 0xEEEF, 0xEEEF,
    0xEEEF, 0xEEEF, 0xEEEF, 0xEC05, 0xCA88, 0xEC05, 0xEC05, 0xEC05, 0xEC05, 0xEC05, 0xEC05, 0xEC05, 0x0000, 0x0000, 0xCA88, 0xCA88,
    0x8183, 0xCA88, 0xCA88, 0xCA88, 0xCA88, 0xCA88, 0xCA88, 0xCA88, 0xCA88, 0xCA88, 0xCA88, 0xEDAB, 0x0000, 0xF81F, 0xF81F, 0xF81F,
    0xF81F, 0xF81F, 0xF81F, 0xF81F, 0xF81F, 0xF81F, 0xF81F, 0xF81F, 0xF81F, 0xF81F, 0xF81F, 0xF81F, 0xF81F, 0xF81F, 0xF81F, 0xF81F,
    0xF81F, 0xF81F, 0xF81F, 0xF81F, 0xF81F, 0xF81F, 0xF81F, 0xF81F, 0xF81F, 0xF81F, 0xF81F, 0xF81F, 0xF81F, 0xF81F, 0xF81F, 0xF81F,
    0xF81F, 0xF81F, 0xF81F, 0xF81F, 0xF81F, 0xF81F, 0xF81F, 0xF81F, 0xF81F, 0xF81F, 0xCA88, 0xEC05, 0xEC05, 0xEC05, 0xEC05, 0x8183,
    0xEDAB, 0xEEEF, 0xEEEF, 0xEEEF, 0xEEEF, 0xEEEF, 0xEEEF, 0xEEEF, 0xEEEF, 0xEEEF, 0xEEEF, 0xEEEF, 0xEEEF, 0xEEEF, 0xEEEF, 0xEEEF,
    0xEEEF, 0xEEEF, 0xEEEF, 0xEC05, 0xCA88, 0xEC05, 0xEC05, 0xEC05, 0xEC05, 0xEC05, 0xEC05, 0xEC05, 0xEC05, 0xEC05, 0xCA88, 0xCA88,
    0x0000, 0xCA88, 0xCA88, 0xCA88, 0xCA88, 0xCA88, 0xCA88, 0xCA88, 0xCA88, 0xCA88, 0xEDAB, 0xEDAB, 0x0000, 0xF81F, 0xF81F, 0xF81F,
    0xF81F, 0xF81F, 0xF81F, 0xF81F, 0xF81F, 0xF81F, 0xF81F, 0xF81F, 0xF81F, 0xF81F, 0xF81F, 0xF81F, 0xF81F, 0xF81F, 0xF81F, 0xF81F,
    0xF81F, 0xF81F, 0xF81F, 0xF81F, 0xF81F, 0xF81F, 0xF81F, 0xF81F, 0xF81F, 0xF81F, 0xF81F, 0xF81F, 0xF81F, 0xF81F, 0xF81F, 0xF81F,
    0xF81F, 0xF81F, 0xF81F, 0xF81F, 0xF81F, 0xF81F, 0xF81F, 0xF81F, 0xF81F, 0xCA88, 0xEC05, 0xEC05, 0xEC05, 0xEC05, 0xEC05, 0x8183,
    0xEDAB, 0xEDAB, 0xEEEF, 0xEEEF, 0xEEEF, 0xEEEF, 0xEEEF, 0xEEEF, 0xEEEF, 0xEEEF, 0xEEEF, 0xEEEF, 0xEEEF, 0xEEEF, 0xEEEF, 0xEEEF,
    0xEEEF, 0xEEEF, 0xEEEF, 0xCA88, 0xEC05, 0xEC05, 0xEC05, 0xEC05, 0xEC05, 0xEC05, 0xEC05, 0xEC05, 0xEC05, 0xEC05, 0xEC05, 0xCA88,
    0xCA88, 0x8183, 0xCA88, 0xCA88, 0xCA88, 0xCA88, 0xCA88, 0xCA88, 0xCA88, 0xEDAB, 0xEDAB, 0x0000, 0xF81F, 0xF81F, 0xF81F, 0xF81F,
    0xF81F, 0xF81F, 0xF81F, 0xF81F, 0xF81F, 0xF81F, 0xF81F, 0xF81F, 0xF81F, 0xF81F, 0xF81F, 0xF81F, 0xF81F, 0xF81F, 0xF81F, 0xF81F,
    0xF81F, 0xF81F, 0xF81F, 0xF81F, 0xF81F, 0xF81F, 0xF81F, 0xF81F, 0xF81F, 0xF81F, 0xF81F, 0xF81F, 0xF81F, 0xF81F, 0xF81F, 0xF81F,
    0xF81F, 0xF81F, 0xF81F, 0xF81F, 0xF81F, 0xF81F, 0xF81F, 0xF81F, 0xF81F, 0xCA88, 0xEC05, 0xEC05, 0xEC05, 0xEC05, 0xEC05, 0xEC05,
    0x8183, 0xEDAB, 0xEDAB, 0xEEEF, 0xEEEF, 0xEEEF, 0xEEEF, 0xEEEF, 0xEEEF, 0xEEEF, 0xEEEF, 0xEEEF, 0xEEEF, 0xEEEF, 0xEEEF, 0xEEEF,
    0xEEEF, 0xEEEF, 0xEDAB, 0x8183, 0xEC05, 0xEC05, 0xEC05, 0xEC05, 0xEC05, 0xEC05, 0xEC05, 0xEC05, 0xEC05, 0xEC05, 0xEC05, 0xCA88,
    0xCA88, 0x0000, 0xCA88, 0xCA88, 0xCA88, 0xCA88, 0xCA88, 0xEC05, 0xEDAB, 0xEDAB, 0x0000, 0xF81F, 0xF81F, 0xF81F, 0xF81F, 0xF81F,
    0xF81F, 0xF81F, 0xF81F, 0xF81F, 0xF81F, 0xF81F, 0xF81F, 0xF81F, 0xF81F, 0xF81F, 0xF81F, 0xF81F, 0xF81F, 0xF81F, 0xF81F, 0xF81F,
    0xF81F, 0xF81F, 0xF81F, 0xF81F, 0xF81F, 0xF81F, 0xF81F, 0xF81F, 0xF81F, 0xF81F, 0xF81F, 0xF81F, 0xF81F, 0xF81F, 0xF81F, 0xF81F,
    0xF81F, 0xF81F, 0xF81F, 0xF81F, 0xF81F, 0xF81F, 0xF81F, 0xF81F, 0xF81F, 0xCA88, 0xEC05, 0xEC05, 0xEC05, 0xEC05, 0xEC05, 0xEC05,
    0x8183, 0xEDAB, 0xEDAB, 0xEDAB, 0xEDAB, 0xEDAB, 0xEEEF, 0xEEEF, 0xEEEF, 0xEEEF, 0xEEEF, 0xEEEF, 0xEEEF, 0xEEEF, 0xEDAB, 0xEDAB,
    0xEDAB, 0xEDAB, 0xEDAB, 0x8183, 0xEC05, 0xEC05, 0xEC05, 0xEC05, 0xEC05, 0xEC05, 0xEC05, 0xEC05, 0xEC05, 0xEC05, 0xEC05, 0xCA88,
    0xCA88, 0x0000, 0xCA88, 0xCA88, 0xEC05, 0xEDAB, 0xEDAB, 0xEDAB, 0xEDAB, 0x0000, 0xF81F, 0xF81F, 0xF81F, 0xF81F, 0xF81F, 0xF81F,
    0xF81F, 0xF81F, 0xF81F, 0xF81F, 0xF81F, 0xF81F, 0xF81F, 0xF81F, 0xF81F, 0xF81F, 0xF81F, 0xF81F, 0xF81F, 0xF81F, 0xF81F, 0xF81F,
    0xF81F, 0xF81F, 0xF81F, 0xF81F, 0xF81F, 0xF81F, 0xF81F, 0xF81F, 0xF81F, 0xF81F, 0xF81F, 0xF81F, 0xF81F, 0xF81F, 0xF81F, 0xF81F,
    0xF81F, 0xF81F, 0xF81F, 0xF81F, 0xF81F, 0xF81F, 0xF81F, 0xF81F, 0x8183, 0xEC05, 0xEC05, 0xEC05, 0xEC05, 0xEC05, 0xEC05, 0xEC05,
    0xEC05, 0x8183, 0xEDAB, 0xEDAB, 0xEDAB, 0xEDAB, 0xEDAB, 0xEDAB, 0xEDAB, 0xEDAB, 0xEDAB, 0xEDAB, 0xEDAB, 0xEDAB, 0xEDAB, 0xEDAB,
    0xEDAB, 0xEDAB, 0xEDAB, 0x8183, 0xCA88, 0xEC05, 0xEC05, 0xEC05, 0xEC05, 0xEC05, 0xEC05, 0xEC05, 0xEC05, 0xEC05, 0xEC05, 0xCA88,
    0xCA88, 0xCA88, 0x0000, 0xEDAB, 0xEDAB, 0xEDAB, 0xEDAB, 0xEDAB, 0x0000, 0xF81F, 0xF81F, 0xF81F, 0xF81F, 0xF81F, 0xF81F, 0xF81F,
    0xF81F, 0xF81F, 0xF81F, 0xF81F, 0xF81F, 0xF81F, 0xF81F, 0xF81F, 0xF81F, 0xF81F, 0xF81F, 0xF81F, 0xF81F, 0xF81F, 0xF81F, 0xF81F,
    0xF81F, 0xF81F, 0xF81F, 0xF81F, 0xF81F, 0xF81F, 0xF81F, 0xF81F, 0xF81F, 0xF81F, 0xF81F, 0xF81F, 0xF81F, 0xF81F, 0xF81F, 0xF81F,
    0xF81F, 0xF81F, 0xF81F, 0xF81F, 0xF81F, 0xF81F, 0xF81F, 0xF81F, 0x8183, 0xEC05, 0xEC05, 0xEC05, 0xEC05, 0xEC05, 0xEC05, 0xEC05,
    0xEC05, 0xCA88, 0x0000, 0xEDAB, 0xEDAB, 0xEDAB, 0xEDAB, 0xEDAB, 0xEDAB, 0xEDAB, 0xEDAB, 0xEDAB, 0xEDAB, 0xEDAB, 0xEDAB, 0xEDAB,
    0xEDAB, 0xEDAB, 0xEDAB, 0x0000, 0xCA88, 0xEC05, 0xEC05, 0xEC05, 0xEC05, 0xEC05, 0xEC05, 0xEC05, 0xEC05, 0xEC05, 0xEC05, 0xCA88,
    0xCA88, 0xCA88, 0x0000, 0xEDAB, 0xEDAB, 0xEDAB, 0x0000, 0x0000, 0xF81F, 0xF81F, 0xF81F, 0xF81F, 0xF81F, 0xF81F, 0xF81F, 0xF81F,
    0xF81F, 0xF81F, 0xF81F, 0xF81F, 0xF81F, 0xF81F, 0xF81F, 0xF81F, 0xF81F, 0xF81F, 0xF81F, 0xF81F, 0xF81F, 0xF81F, 0xF81F, 0xF81F,
    0xF81F, 0xF81F, 0xF81F, 0xF81F, 0xF81F, 0xF81F, 0xF81F, 0xF81F, 0xF81F, 0xF81F, 0xF81F, 0xF81F, 0xF81F, 0xF81F, 0xF81F, 0xF81F,
    0xF81F, 0xF81F, 0xF81F, 0xF81F, 0xF81F, 0xF81F, 0xF81F, 0xF81F, 0x8183, 0xEC05, 0xEC05, 0xEC05, 0xEC05, 0xEC05, 0xEC05, 0xEC05,
    0xCA88, 0xCA88, 0xCA88, 0x0000, 0xEDAB, 0xEDAB, 0xEDAB, 0xEDAB, 0xEDAB, 0xEDAB, 0xEDAB, 0xEDAB, 0xEDAB, 0xEDAB, 0xEDAB, 0xEDAB,
    0xEDAB, 0xEDAB, 0xEDAB, 0x0000, 0xCA88, 0xCA88, 0xEC05, 0xEC05, 0xEC05, 0xEC05, 0xEC05, 0xEC05, 0xEC05, 0xEC05, 0xEC05, 0xCA88,
    0xCA88, 0xCA88, 0x0000, 0xEDAB, 0x0000, 0x0000, 0xF81F, 0xF81F, 0xF81F, 0xF81F, 0xF81F, 0xF81F, 0xF81F, 0xF81F, 0xF81F, 0xF81F,
    0xF81F, 0xF81F, 0xF81F, 0xF81F, 0xF81F, 0xF81F, 0xF81F, 0xF81F, 0xF81F, 0xF81F, 0xF81F, 0xF81F, 0xF81F, 0xF81F, 0xF81F, 0xF81F,
    0xF81F, 0xF81F, 0xF81F, 0xF81F, 0xF81F, 0xF81F, 0xF81F, 0xF81F, 0xF81F, 0xF81F, 0xF81F, 0xF81F, 0xF81F, 0xF81F, 0xF81F, 0xF81F,
    0xF81F, 0xF81F, 0xF81F, 0xF81F, 0xF81F, 0xF81F, 0xF81F, 0xF81F, 0x8183, 0xCA88, 0xEC05, 0xEC05, 0xEC05, 0xEC05, 0xCA88, 0xCA88,
    0xCA88, 0xCA88, 0xCA88, 0xCA88, 0x0000, 0xEDAB, 0xEDAB, 0xEDAB, 0xEDAB, 0xEDAB, 0xEDAB, 0xEDAB, 0xEDAB, 0xEDAB, 0xEDAB, 0xEDAB,
    0xEDAB, 0xEDAB, 0xEDAB, 0x0000, 0xCA88, 0xCA88, 0xCA88, 0xEC05, 0xEC05, 0xEC05, 0xEC05, 0xEC05, 0xEC05, 0xEC05, 0xCA88, 0xCA88,
    0xCA88, 0xCA88, 0x0000, 0x0000, 0xF81F, 0xF81F, 0xF81F, 0xF81F, 0xF81F, 0xF81F, 0xF81F, 0xF81F, 0xF81F, 0xF81F, 0xF81F, 0xF81F,
    0xF81F, 0xF81F, 0xF81F, 0xF81F, 0xF81F, 0xF81F, 0xF81F, 0xF81F, 0xF81F, 0xF81F, 0xF81F, 0xF81F, 0xF81F, 0xF81F, 0xF81F, 0xF81F,
    0xF81F, 0xF81F, 0xF81F, 0xF81F, 0xF81F, 0xF81F, 0xF81F, 0xF81F, 0xF81F, 0xF81F, 0xF81F, 0xF81F, 0xF81F, 0xF81F, 0xF81F, 0xF81F,
    0xF81F, 0xF81F, 0xF81F, 0xF81F, 0xF81F, 0xF81F, 0xF81F, 0xF81F, 0x8183, 0xCA88, 0xCA88, 0xCA88, 0xCA88, 0xCA88, 0xCA88, 0xCA88,
    0xCA88, 0xCA88, 0xCA88, 0xCA88, 0xCA88, 0x0000, 0x0000, 0xEDAB, 0xEDAB, 0xEDAB, 0xEDAB, 0xEDAB, 0xEDAB, 0xEDAB, 0xEDAB, 0xEDAB,
    0xEDAB, 0xEDAB, 0xEDAB, 0x0000, 0xCA88, 0xCA88, 0xCA88, 0xCA88, 0xCA88, 0xEC05, 0xEC05, 0xEC05, 0xCA88, 0xCA88, 0xCA88, 0xCA88,
    0xCA88, 0xCA88, 0x0000, 0xF81F, 0xF81F, 0xF81F, 0xF81F, 0xF81F, 0xF81F, 0xF81F, 0xF81F, 0xF81F, 0xF81F, 0xF81F, 0xF81F, 0xF81F,
    0xF81F, 0xF81F, 0xF81F, 0xF81F, 0xF81F, 0xF81F, 0xF81F, 0xF81F, 0xF81F, 0xF81F, 0xF81F, 0xF81F, 0xF81F, 0xF81F, 0xF81F, 0xF81F,
    0xF81F, 0xF81F, 0xF81F, 0xF81F, 0xF81F, 0xF81F, 0xF81F, 0xF81F, 0xF81F, 0xF81F, 0xF81F, 0xF81F, 0xF81F, 0xF81F, 0xF81F, 0xF81F,
    0xF81F, 0xF81F, 0xF81F, 0xF81F, 0xF81F, 0xF81F, 0xF81F, 0xF81F, 0xF81F, 0x8183, 0xCA88, 0xCA88, 0xCA88, 0xCA88, 0xCA88, 0xCA88,
    0xCA88, 0xCA88, 0xCA88, 0xCA88, 0xCA88, 0x8183, 0x8183, 0x0000, 0x0000, 0xEDAB, 0xEDAB, 0xEDAB, 0xEDAB, 0xEDAB, 0xEDAB, 0xEDAB,
    0xEDAB, 0xEDAB, 0x8183, 0x8183, 0x0000, 0xCA88, 0xCA88, 0xCA88, 0xCA88, 0xCA88, 0xCA88, 0xCA88, 0xCA88, 0xCA88, 0xCA88, 0xCA88,
    0xCA88, 0xCA88, 0xCA88, 0x0000, 0xF81F, 0xF81F, 0xF81F, 0xF81F, 0xF81F, 0xF81F, 0xF81F, 0xF81F, 0xF81F, 0xF81F, 0xF81F, 0xF81F,
    0xF81F, 0xF81F, 0xF81F, 0xF81F, 0xF81F, 0xF81F, 0xF81F, 0xF81F, 0xF81F, 0xF81F, 0xF81F, 0xF81F, 0xF81F, 0xF81F, 0xF81F, 0xF81F,
    0xF81F, 0xF81F, 0xF81F, 0xF81F, 0xF81F, 0xF81F, 0xF81F, 0xF81F, 0xF81F, 0xF81F, 0xF81F, 0xF81F, 0xF81F, 0xF81F, 0xF81F, 0xF81F,
    0xF81F, 0xF81F, 0xF81F, 0xF81F, 0xF81F, 0xF81F, 0xF81F, 0xF81F, 0xF81F, 0x8183, 0xCA88, 0xCA88, 0xCA88, 0xCA88, 0xCA88, 0xCA88,
    0xCA88, 0xCA88, 0xCA88, 0xCA88, 0x8183, 0xF81F, 0xF81F, 0xF81F, 0xF81F, 0x0000, 0x0000, 0x0000, 0xEDAB, 0xEDAB, 0xEDAB, 0x8183,
    0x8183, 0x8183, 0xEDAB, 0xEDAB, 0x0000, 0xCA88, 0xCA88, 0xCA88, 0xCA88, 0xCA88, 0xCA88, 0xCA88, 0xCA88, 0xCA88, 0xCA88, 0xCA88,
    0xCA88, 0xCA88, 0xCA88, 0x0000, 0xF81F, 0xF81F, 0xF81F, 0xF81F, 0xF81F, 0xF81F, 0xF81F, 0xF81F, 0xF81F, 0xF81F, 0xF81F, 0xF81F,
    0xF81F, 0xF81F, 0xF81F, 0xF81F, 0xF81F, 0xF81F, 0xF81F, 0xF81F, 0xF81F, 0xF81F, 0xF81F, 0xF81F, 0xF81F, 0xF81F, 0xF81F, 0xF81F,
    0xF81F, 0xF81F, 0xF81F, 0xF81F, 0xF81F, 0xF81F, 0xF81F, 0xF81F, 0xF81F, 0xF81F, 0xF81F, 0xF81F, 0xF81F, 0xF81F, 0xF81F, 0xF81F,
    0xF81F, 0xF81F, 0xF81F, 0xF81F, 0xF81F, 0xF81F, 0xF81F, 0xF81F, 0xF81F, 0xF81F, 0x8183, 0xCA88, 0xCA88, 0xCA88, 0xCA88, 0xCA88,
    0xCA88, 0xCA88, 0xCA88, 0x8183, 0xF81F, 0xF81F, 0xF81F, 0xF81F, 0xF81F, 0xF81F, 0xF81F, 0xF81F, 0x8183, 0x8183, 0x8183, 0xEDAB,
    0xEDAB, 0xEDAB, 0xEDAB, 0xEDAB, 0xEDAB, 0x0000, 0x0000, 0xCA88, 0xCA88, 0xCA88, 0xCA88, 0xCA88, 0xCA88, 0xCA88, 0xCA88, 0xCA88,
    0xCA88, 0xCA88, 0xCA88, 0x0000, 0xF81F, 0xF81F, 0xF81F, 0xF81F, 0xF81F, 0xF81F, 0xF81F, 0xF81F, 0xF81F, 0xF81F, 0xF81F, 0xF81F,
    0xF81F, 0xF81F, 0xF81F, 0xF81F, 0xF81F, 0xF81F, 0xF81F, 0xF81F, 0xF81F, 0xF81F, 0xF81F, 0xF81F, 0xF81F, 0xF81F, 0xF81F, 0xF81F,
    0xF81F, 0xF81F, 0xF81F, 0xF81F, 0xF81F, 0xF81F, 0xF81F, 0xF81F, 0xF81F, 0xF81F, 0xF81F, 0xF81F, 0xF81F, 0xF81F, 0xF81F, 0xF81F,
    0xF81F, 0xF81F, 0xF81F, 0xF81F, 0xF81F, 0xF81F, 0xF81F, 0xF81F, 0xF81F, 0xF81F, 0xF81F, 0x0000, 0xCA88, 0xCA88, 0xCA88, 0xCA88,
    0xCA88, 0xCA88, 0xCA88, 0xCA88, 0x0000, 0xF81F, 0xF81F, 0xF81F, 0xF81F, 0xF81F, 0xF81F, 0xF81F, 0xF81F, 0xF81F, 0xF81F, 0x8183,
    0x8183, 0x8183, 0x8183, 0x8183, 0x8183, 0x8183, 0xF81F, 0x0000, 0xCA88, 0xCA88, 0xCA88, 0xCA88, 0xCA88, 0xCA88, 0xCA88, 0xCA88,
    0xCA88, 0xCA88, 0xEC05, 0x0000, 0xF81F, 0xF81F, 0xF81F, 0xF81F, 0xF81F, 0xF81F, 0xF81F, 0xF81F, 0xF81F, 0xF81F, 0xF81F, 0xF81F,
    0xF81F, 0xF81F, 0xF81F, 0xF81F, 0xF81F, 0xF81F, 0xF81F, 0xF81F, 0xF81F, 0xF81F, 0xF81F, 0xF81F, 0xF81F, 0xF81F, 0xF81F, 0xF81F,
    0xF81F, 0xF81F, 0xF81F, 0xF81F, 0xF81F, 0xF81F, 0xF81F, 0xF81F, 0xF81F, 0xF81F, 0xF81F, 0xF81F, 0xF81F, 0xF81F, 0xF81F, 0xF81F,
    0xF81F, 0xF81F, 0xF81F, 0xF81F, 0xF81F, 0xF81F, 0xF81F, 0xF81F, 0xF81F, 0xF81F, 0xF81F, 0xF81F, 0x0000, 0xCA88, 0xCA88, 0xCA88,
    0xCA88, 0xCA88, 0xCA88, 0xCA88, 0x0000, 0xF81F, 0xF81F, 0xF81F, 0xF81F, 0xF81F, 0xF81F, 0xF81F, 0xF81F, 0xF81F, 0xF81F, 0xF81F,
    0xF81F, 0xF81F, 0xF81F, 0xF81F, 0xF81F, 0xF81F, 0xF81F, 0xF81F, 0x0000, 0xCA88, 0xCA88, 0xCA88, 0xCA88, 0xCA88, 0xCA88, 0xCA88,
    0xCA88, 0xEC05, 0xCA88, 0xEC05, 0x0000, 0xF81F, 0xF81F, 0xF81F, 0xF81F, 0xF81F, 0xF81F, 0xF81F, 0xF81F, 0xF81F, 0xF81F, 0xF81F,
    0xF81F, 0xF81F, 0xF81F, 0xF81F, 0xF81F, 0xF81F, 0xF81F, 0xF81F, 0xF81F, 0xF81F, 0xF81F, 0xF81F, 0xF81F, 0xF81F, 0xF81F, 0xF81F,
    0xF81F, 0xF81F, 0xF81F, 0xF81F, 0xF81F, 0xF81F, 0xF81F, 0xF81F, 0xF81F, 0xF81F, 0xF81F, 0xF81F, 0xF81F, 0xF81F, 0xF81F, 0xF81F,
    0xF81F, 0xF81F, 0xF81F, 0xF81F, 0xF81F, 0xF81F, 0xF81F, 0xF81F, 0xF81F, 0xF81F, 0xF81F, 0x630C, 0xCE79, 0x0000, 0xCE79, 0x8183,
    0x8183, 0xCA88, 0xCA88, 0xCA88, 0xCA88, 0x0000, 0xF81F, 0xF81F, 0xF81F, 0xF81F, 0xF81F, 0xF81F, 0xF81F, 0xF81F, 0xF81F, 0xF81F,
    0xF81F, 0xF81F, 0xF81F, 0xF81F, 0xF81F, 0xF81F, 0xF81F, 0xF81F, 0xF81F, 0x0000, 0xCA88, 0xCA88, 0xCA88, 0xCA88, 0xCA88, 0xCA88,
    0xEC05, 0xCA88, 0xEC05, 0xCA88, 0x0000, 0xF81F, 0xF81F, 0xF81F, 0xF81F, 0xF81F, 0xF81F, 0xF81F, 0xF81F, 0xF81F, 0xF81F, 0xF81F,
    0xF81F, 0xF81F, 0xF81F, 0xF81F, 0xF81F, 0xF81F, 0xF81F, 0xF81F, 0xF81F, 0xF81F, 0xF81F, 0xF81F, 0xF81F, 0xF81F, 0xF81F, 0xF81F,
    0xF81F, 0xF81F, 0xF81F, 0xF81F, 0xF81F, 0xF81F, 0xF81F, 0xF81F, 0xF81F, 0xF81F, 0xF81F, 0xF81F, 0xF81F, 0xF81F, 0xF81F, 0xF81F,
    0xF81F, 0xF81F, 0xF81F, 0xF81F, 0xF81F, 0xF81F, 0xF81F, 0xF81F, 0xF81F, 0xF81F, 0x630C, 0xFFFF, 0x630C, 0xCE79, 0xCE79, 0x630C,
    0xCE79, 0xCE79, 0xCA88, 0xCA88, 0xCA88, 0x0000, 0xF81F, 0xF81F, 0xF81F, 0xF81F, 0xF81F, 0xF81F, 0xF81F, 0xF81F, 0xF81F, 0xF81F,
    0xF81F, 0xF81F, 0xF81F, 0xF81F, 0xF81F, 0xF81F, 0xF81F, 0xF81F, 0xF81F, 0x0000, 0xCA88, 0xCA88, 0xCA88, 0xCA88, 0xCA88, 0xEC05,
    0xCA88, 0xEC05, 0xCA88, 0xCA88, 0x0000, 0xF81F, 0xF81F, 0xF81F, 0xF81F, 0xF81F, 0xF81F, 0xF81F, 0xF81F, 0xF81F, 0xF81F, 0xF81F,
    0xF81F, 0xF81F, 0xF81F, 0xF81F, 0xF81F, 0xF81F, 0xF81F, 0xF81F, 0xF81F, 0xF81F, 0xF81F, 0xF81F, 0xF81F, 0xF81F, 0xF81F, 0xF81F,
    0xF81F, 0xF81F, 0xF81F, 0xF81F, 0xF81F, 0xF81F, 0xF81F, 0xF81F, 0xF81F, 0xF81F, 0xF81F, 0xF81F, 0xF81F, 0xF81F, 0xF81F, 0xF81F,
    0xF81F, 0xF81F, 0xF81F, 0xF81F, 0xF81F, 0xF81F, 0xF81F, 0xF81F, 0xF81F, 0xF81F, 0x0000, 0x0000, 0xFFFF, 0xCE79, 0x0000, 0xFFFF,
    0xCE79, 0x0000, 0x0000, 0x0000, 0x0000, 0xF81F, 0xF81F, 0xF81F, 0xF81F, 0xF81F, 0xF81F, 0xF81F, 0xF81F, 0xF81F, 0xF81F, 0xF81F,
    0xF81F, 0xF81F, 0xF81F, 0xF81F, 0xF81F, 0xF81F, 0xF81F, 0xF81F, 0xF81F, 0x0000, 0xCA88, 0xCA88, 0xCA88, 0xCA88, 0xCA88, 0xCA88,
    0xCA88, 0xCA88, 0xCA88, 0xFFFF, 0x0000, 0xF81F, 0xF81F, 0xF81F, 0xF81F, 0xF81F, 0xF81F, 0xF81F, 0xF81F, 0xF81F, 0xF81F, 0xF81F,
    0xF81F, 0xF81F, 0xF81F, 0xF81F, 0xF81F, 0xF81F, 0xF81F, 0xF81F, 0xF81F, 0xF81F, 0xF81F, 0xF81F, 0xF81F, 0xF81F, 0xF81F, 0xF81F,
    0xF81F, 0xF81F, 0xF81F, 0xF81F, 0xF81F, 0xF81F, 0xF81F, 0xF81F, 0xF81F, 0xF81F, 0xF81F, 0xF81F, 0xF81F, 0xF81F, 0xF81F, 0xF81F,
    0xF81F, 0xF81F, 0xF81F, 0xF81F, 0xF81F, 0xF81F, 0xF81F, 0xF81F, 0xF81F, 0xF81F, 0xF81F, 0x0000, 0x0000, 0x0000, 0xF81F, 0x0000,
    0x0000, 0x0000, 0xF81F, 0xF81F, 0xF81F, 0xF81F, 0xF81F, 0xF81F, 0xF81F, 0xF81F, 0xF81F, 0xF81F, 0xF81F, 0xF81F, 0xF81F, 0xF81F,
    0xF81F, 0xF81F, 0xF81F, 0xF81F, 0xF81F, 0xF81F, 0xF81F, 0xF81F, 0xF81F, 0x0000, 0x0000, 0xCA88, 0xCA88, 0xCE79, 0x8183, 0xCA88,
    0xCE79, 0xFFFF, 0xCA88, 0xFFFF, 0xFFFF, 0x0000, 0xF81F, 0xF81F, 0xF81F, 0xF81F, 0xF81F, 0xF81F, 0xF81F, 0xF81F, 0xF81F, 0xF81F,
    0xF81F, 0xF81F, 0xF81F, 0xF81F, 0xF81F, 0xF81F, 0xF81F, 0xF81F, 0xF81F, 0xF81F, 0xF81F, 0xF81F, 0xF81F, 0xF81F, 0xF81F, 0xF81F,
    0xF81F, 0xF81F, 0xF81F, 0xF81F, 0xF81F, 0xF81F, 0xF81F, 0xF81F, 0xF81F, 0xF81F, 0xF81F, 0xF81F, 0xF81F, 0xF81F, 0xF81F, 0xF81F,
    0xF81F, 0xF81F, 0xF81F, 0xF81F, 0xF81F, 0xF81F, 0xF81F, 0xF81F, 0xF81F, 0xF81F, 0xF81F, 0xF81F, 0xF81F, 0xF81F, 0xF81F, 0xF81F,
    0xF81F, 0xF81F, 0xF81F, 0xF81F, 0xF81F, 0xF81F, 0xF81F, 0xF81F, 0xF81F, 0xF81F, 0xF81F, 0xF81F, 0xF81F, 0xF81F, 0xF81F, 0xF81F,
    0xF81F, 0xF81F, 0xF81F, 0xF81F, 0xF81F, 0xF81F, 0xF81F, 0xF81F, 0xF81F, 0xF81F, 0x0000, 0x0000, 0xFFFF, 0xFFFF, 0xFFFF, 0x0000,
    0xFFFF, 0xFFFF, 0xFFFF, 0x630C, 0xCE79, 0x0000, 0xF81F, 0xF81F, 0xF81F, 0xF81F, 0xF81F, 0xF81F, 0xF81F, 0xF81F, 0xF81F, 0xF81F,
    0xF81F, 0xF81F, 0xF81F, 0xF81F, 0xF81F, 0xF81F, 0xF81F, 0xF81F, 0xF81F, 0xF81F, 0xF81F, 0xF81F, 0xF81F, 0xF81F, 0xF81F, 0xF81F,
    0xF81F, 0xF81F, 0xF81F, 0xF81F, 0xF81F, 0xF81F, 0xF81F, 0xF81F, 0xF81F, 0xF81F, 0xF81F, 0xF81F, 0xF81F, 0xF81F, 0xF81F, 0xF81F,
    0xF81F, 0xF81F, 0xF81F, 0xF81F, 0xF81F, 0xF81F, 0xF81F, 0xF81F, 0xF81F, 0xF81F, 0xF81F, 0xF81F, 0xF81F, 0xF81F, 0xF81F, 0xF81F,
    0xF81F, 0xF81F, 0xF81F, 0xF81F, 0xF81F, 0xF81F, 0xF81F, 0xF81F, 0xF81F, 0xF81F, 0xF81F, 0xF81F, 0xF81F, 0xF81F, 0xF81F, 0xF81F,
    0xF81F, 0xF81F, 0xF81F, 0xF81F, 0xF81F, 0xF81F, 0xF81F, 0xF81F, 0xF81F, 0xF81F, 0xF81F, 0xF81F, 0x0000, 0xFFFF, 0x0000, 0xF81F,
    0x0000, 0xCE79, 0xFFFF, 0x0000, 0x0000, 0x0000, 0xF81F, 0xF81F, 0xF81F, 0xF81F, 0xF81F, 0xF81F, 0xF81F, 0xF81F, 0xF81F, 0xF81F,
    0xF81F, 0xF81F, 0xF81F, 0xF81F, 0xF81F, 0xF81F, 0xF81F, 0xF81F, 0xF81F, 0xF81F, 0xF81F, 0xF81F, 0xF81F, 0xF81F, 0xF81F, 0xF81F,
    0xF81F, 0xF81F, 0xF81F, 0xF81F, 0xF81F, 0xF81F, 0xF81F, 0xF81F, 0xF81F, 0xF81F, 0xF81F, 0xF81F, 0xF81F, 0xF81F, 0xF81F, 0xF81F,
    0xF81F, 0xF81F, 0xF81F, 0xF81F, 0xF81F, 0xF81F, 0xF81F, 0xF81F, 0xF81F, 0xF81F, 0xF81F, 0xF81F, 0xF81F, 0xF81F, 0xF81F, 0xF81F,
    0xF81F, 0xF81F, 0xF81F, 0xF81F, 0xF81F, 0xF81F, 0xF81F, 0xF81F, 0xF81F, 0xF81F, 0xF81F, 0xF81F, 0xF81F, 0xF81F, 0xF81F, 0xF81F,
    0xF81F, 0xF81F, 0xF81F, 0xF81F, 0xF81F, 0xF81F, 0xF81F, 0xF81F, 0xF81F, 0xF81F, 0xF81F, 0xF81F, 0xF81F, 0x0000, 0x0000, 0xF81F,
    0xF81F, 0x0000, 0x0000, 0xF81F, 0xF81F, 0xF81F, 0xF81F, 0xF81F, 0xF81F, 0xF81F, 0xF81F, 0xF81F, 0xF81F, 0xF81F, 0xF81F, 0xF81F,
    0xF81F, 0xF81F, 0xF81F, 0xF81F, 0xF81F, 0xF81F, 0xF81F, 0xF81F, 0xF81F, 0xF81F, 0xF81F, 0xF81F, 0xF81F, 0xF81F, 0xF81F, 0xF81F,
    0xF81F, 0xF81F, 0xF81F, 0xF81F, 0xF81F, 0xF81F, 0xF81F, 0xF81F, 0xF81F, 0xF81F, 0xF81F, 0xF81F, 0xF81F, 0xF81F, 0xF81F, 0xF81F,
    0xF81F, 0xF81F, 0xF81F, 0xF81F, 0xF81F, 0xF81F, 0xF81F, 0xF81F, 0xF81F, 0xF81F, 0xF81F, 0xF81F, 0xF81F, 0xF81F, 0xF81F, 0xF81F,
    0xF81F, 0xF81F, 0xF81F, 0xF81F, 0xF81F, 0xF81F, 0xF81F, 0xF81F, 0xF81F, 0xF81F, 0xF81F, 0xF81F, 0xF81F, 0xF81F, 0xF81F, 0xF81F,
    0xF81F, 0xF81F, 0xF81F, 0xF81F, 0xF81F, 0xF81F, 0xF81F, 0xF81F, 0xF81F, 0xF81F, 0xF81F, 0xF81F, 0xF81F, 0xF81F, 0xF81F, 0xF81F,
    0xF81F, 0xF81F, 0xF81F, 0xF81F, 0xF81F, 0xF81F, 0xF81F, 0xF81F, 0xF81F, 0xF81F, 0xF81F, 0xF81F, 0xF81F, 0xF81F, 0xF81F, 0xF81F,
    0xF81F, 0xF81F, 0xF81F, 0xF81F, 0xF81F, 0xF81F, 0xF81F, 0xF81F, 0xF81F, 0xF81F, 0xF81F, 0xF81F, 0xF81F, 0xF81F, 0xF81F, 0xF81F,
    0xF81F, 0xF81F, 0xF81F, 0xF81F, 0xF81F, 0xF81F, 0xF81F, 0xF81F, 0xF81F, 0xF81F, 0xF81F, 0xF81F, 0xF81F, 0xF81F, 0xF81F, 0xF81F,
    0xF81F, 0xF81F, 0xF81F, 0xF81F, 0xF81F, 0xF81F, 0xF81F, 0xF81F, 0xF81F, 0xF81F, 0xF81F, 0xF81F, 0xF81F, 0xF81F, 0xF81F, 0xF81F,
    0xF81F, 0xF81F, 0xF81F, 0xF81F, 0xF81F, 0xF81F, 0xF81F, 0xF81F, 0xF81F, 0xF81F, 0xF81F, 0xF81F, 0xF81F, 0xF81F, 0xF81F, 0xF81F,
    0xF81F, 0xF81F, 0xF81F, 0xF81F, 0xF81F, 0xF81F, 0xF81F, 0xF81F, 0xF81F, 0xF81F, 0xF81F, 0xF81F, 0xF81F, 0xF81F, 0xF81F, 0xF81F,
    0xF81F, 0xF81F, 0xF81F, 0xF81F, 0xF81F, 0xF81F, 0xF81F, 0xF81F, 0xF81F, 0xF81F, 0xF81F, 0xF81F, 0xF81F, 0xF81F, 0xF81F, 0xF81F,
    0xF81F, 0xF81F, 0xF81F, 0xF81F, 0xF81F, 0xF81F, 0xF81F, 0xF81F, 0xF81F, 0xF81F, 0xF81F, 0xF81F, 0xF81F, 0xF81F, 0xF81F, 0xF81F,
    0xF81F, 0xF81F, 0xF81F, 0xF81F, 0xF81F, 0xF81F, 0xF81F, 0xF81F, 0xF81F, 0xF81F, 0xF81F, 0xF81F, 0xF81F, 0xF81F, 0xF81F, 0xF81F,
    0xF81F, 0xF81F, 0xF81F, 0xF81F, 0xF81F, 0xF81F, 0xF81F, 0xF81F, 0xF81F, 0xF81F, 0xF81F, 0xF81F, 0xF81F, 0xF81F, 0xF81F, 0xF81F,
    0xF81F, 0xF81F, 0xF81F, 0xF81F, 0xF81F, 0xF81F, 0xF81F, 0xF81F, 0xF81F, 0xF81F, 0xF81F, 0xF81F, 0xF81F, 0xF81F, 0xF81F, 0xF81F,
    0xF81F, 0xF81F, 0xF81F, 0xF81F, 0xF81F, 0xF81F, 0xF81F, 0xF81F, 0xF81F, 0xF81F, 0xF81F, 0xF81F, 0xF81F, 0xF81F, 0xF81F, 0xF81F,
    0xF81F, 0xF81F, 0xF81F, 0xF81F, 0xF81F, 0xF81F, 0xF81F, 0xF81F, 0xF81F, 0xF81F, 0xF81F, 0xF81F, 0xF81F, 0xF81F, 0xF81F, 0xF81F,
    0xF81F, 0xF81F, 0xF81F, 0xF81F, 0xF81F, 0xF81F, 0xF81F, 0xF81F, 0xF81F, 0xF81F, 0xF81F, 0xF81F, 0xF81F, 0xF81F, 0xF81F, 0xF81F,
    0xF81F, 0xF81F, 0xF81F, 0xF81F, 0xF81F, 0xF81F, 0xF81F, 0xF81F, 0xF81F, 0xF81F, 0xF81F, 0xF81F, 0xF81F, 0xF81F, 0xF81F, 0xF81F,
    0xF81F, 0xF81F, 0xF81F, 0xF81F, 0xF81F, 0xF81F, 0xF81F, 0xF81F, 0xF81F, 0xF81F, 0xF81F, 0xF81F, 0xF81F, 0xF81F, 0xF81F, 0xF81F,
    0xF81F, 0xF81F, 0xF81F, 0xF81F, 0xF81F, 0xF81F, 0xF81F, 0xF81F, 0xF81F, 0xF81F, 0xF81F, 0xF81F, 0xF81F, 0xF81F, 0xF81F, 0xF81F,
    0xF81F, 0xF81F, 0xF81F, 0xF81F, 0xF81F, 0xF81F, 0xF81F, 0xF81F, 0xF81F, 0xF81F, 0xF81F, 0xF81F, 0xF81F, 0xF81F, 0xF81F, 0xF81F,
    0xF81F, 0xF81F, 0xF81F, 0xF81F, 0xF81F, 0xF81F, 0xF81F, 0xF81F, 0xF81F, 0xF81F, 0xF81F, 0xF81F, 0xF81F, 0xF81F, 0xF81F, 0xF81F,
    0xF81F, 0xF81F, 0xF81F, 0xF81F, 0xF81F, 0xF81F, 0xF81F, 0xF81F, 0xF81F, 0xF81F, 0xF81F, 0xF81F, 0xF81F, 0xF81F, 0xF81F, 0xF81F,
    0xF81F, 0xF81F, 0xF81F, 0xF81F, 0xF81F, 0xF81F, 0xF81F, 0xF81F, 0xF81F, 0xF81F, 0xF81F, 0xF81F, 0xF81F, 0xF81F, 0xF81F, 0xF81F,
    0xF81F, 0xF81F, 0xF81F, 0xF81F, 0xF81F, 0xF81F, 0xF81F, 0xF81F, 0xF81F, 0xF81F, 0xF81F, 0xF81F, 0xF81F, 0xF81F, 0xF81F, 0xF81F,
    0xF81F, 0xF81F, 0xF81F, 0xF81F, 0xF81F, 0xF81F, 0xF81F, 0xF81F, 0xF81F, 0xF81F, 0xF81F, 0xF81F, 0xF81F, 0xF81F, 0xF81F, 0xF81F,
    0xF81F, 0xF81F, 0xF81F, 0xF81F, 0xF81F, 0xF81F, 0xF81F, 0xF81F, 0xF81F, 0xF81F, 0xF81F, 0xF81F, 0xF81F, 0xF81F, 0xF81F, 0xF81F,
    0xF81F, 0xF81F, 0xF81F, 0xF81F, 0xF81F, 0xF81F, 0xF81F, 0xF81F, 0xF81F, 0xF81F, 0xF81F, 0xF81F, 0xF81F, 0xF81F, 0xF81F, 0xF81F,
    0xF81F, 0xF81F, 0xF81F, 0xF81F, 0xF81F, 0xF81F, 0xF81F, 0xF81F, 0xF81F, 0xF81F, 0xF81F, 0xF81F, 0xF81F, 0xF81F, 0xF81F, 0xF81F,
    0xF81F, 0xF81F, 0xF81F, 0xF81F, 0xF81F, 0xF81F, 0xF81F, 0xF81F, 0xF81F, 0xF81F, 0xF81F, 0xF81F, 0xF81F, 0xF81F, 0xF81F, 0xF81F,
    0xF81F, 0xF81F, 0xF81F, 0xF81F, 0xF81F, 0xF81F, 0xF81F, 0xF81F, 0xF81F, 0xF81F, 0xF81F, 0xF81F, 0xF81F, 0xF81F, 0xF81F, 0xF81F,
    0xF81F, 0xF81F, 0xF81F, 0xF81F, 0xF81F, 0xF81F, 0xF81F, 0xF81F, 0xF81F, 0xF81F, 0xF81F, 0xF81F, 0xF81F, 0xF81F, 0xF81F, 0xF81F,
    0xF81F, 0xF81F, 0xF81F, 0xF81F, 0xF81F, 0xF81F, 0xF81F, 0xF81F, 0xF81F, 0xF81F, 0xF81F, 0xF81F, 0xF81F, 0xF81F, 0xF81F, 0xF81F,
    0xF81F, 0xF81F, 0xF81F, 0xF81F, 0xF81F, 0xF81F, 0xF81F, 0xF81F, 0xF81F, 0xF81F, 0xF81F, 0xF81F, 0xF81F, 0xF81F, 0xF81F, 0xF81F,
    0xF81F, 0xF81F, 0xF81F, 0xF81F, 0xF81F, 0xF81F, 0xF81F, 0xF81F, 0xF81F, 0xF81F, 0xF81F, 0xF81F, 0xF81F, 0xF81F, 0xF81F, 0xF81F,
    0xF81F, 0xF81F, 0xF81F, 0xF81F, 0xF81F, 0xF81F, 0xF81F, 0xF81F, 0xF81F, 0xF81F, 0xF81F, 0xF81F, 0xF81F, 0xF81F, 0xF81F, 0xF81F,
    0xF81F, 0xF81F, 0xF81F, 0xF81F, 0xF81F, 0xF81F, 0xF81F, 0xF81F, 0xF81F, 0xF81F, 0xF81F, 0xF81F, 0xF81F, 0xF81F, 0xF81F, 0xF81F,
    0xF81F, 0xF81F, 0xF81F, 0xF81F, 0xF81F, 0xF81F, 0xF81F, 0xF81F, 0xF81F, 0xF81F, 0xF81F, 0xF81F, 0xF81F, 0xF81F, 0xF81F, 0xF81F,
    0xF81F, 0xF81F, 0xF81F, 0xF81F, 0xF81F, 0xF81F, 0xF81F, 0xF81F, 0xF81F, 0xF81F, 0xF81F, 0xF81F, 0xF81F, 0xF81F, 0xF81F, 0xF81F,
    0xF81F, 0xF81F, 0xF81F, 0xF81F, 0xF81F, 0xF81F, 0xF81F, 0xF81F, 0xF81F, 0xF81F, 0xF81F, 0xF81F, 0xF81F, 0xF81F, 0xF81F, 0xF81F,
    0xF81F, 0xF81F, 0xF81F, 0xF81F, 0xF81F, 0xF81F, 0xF81F, 0xF81F, 0xF81F, 0xF81F, 0xF81F, 0xF81F, 0xF81F, 0xF81F, 0xF81F, 0xF81F,
    0xF81F, 0xF81F, 0xF81F, 0xF81F, 0xF81F, 0xF81F, 0xF81F, 0xF81F, 0xF81F, 0xF81F, 0xF81F, 0xF81F, 0xF81F, 0xF81F, 0xF81F, 0xF81F,
    0xF81F, 0xF81F, 0xF81F, 0xF81F, 0xF81F, 0xF81F, 0xF81F, 0xF81F, 0xF81F, 0xF81F, 0xF81F, 0xF81F, 0xF81F, 0xF81F, 0xF81F, 0xF81F,
    0xF81F, 0xF81F, 0xF81F, 0xF81F, 0xF81F, 0xF81F, 0xF81F, 0xF81F, 0xF81F, 0xF81F, 0xF81F, 0xF81F, 0xF81F, 0xF81F, 0xF81F, 0xF81F,
    0xF81F, 0xF81F, 0xF81F, 0xF81F, 0xF81F, 0xF81F, 0xF81F, 0xF81F, 0xF81F, 0xF81F, 0xF81F, 0xF81F, 0xF81F, 0xF81F, 0xF81F, 0xF81F,
    0xF81F, 0xF81F, 0xF81F, 0xF81F, 0xF81F, 0xF81F, 0xF81F, 0xF81F, 0xF81F, 0xF81F, 0xF81F, 0xF81F, 0xF81F, 0xF81F, 0xF81F, 0xF81F,
    0xF81F, 0xF81F, 0xF81F, 0xF81F, 0xF81F, 0xF81F, 0xF81F, 0xF81F, 0xF81F, 0xF81F, 0xF81F, 0xF81F, 0xF81F, 0xF81F, 0xF81F, 0xF81F
};
