#include "miloticSprite.h"

const unsigned short miloticBack[MILOTIC_BACK_WIDTH * MILOTIC_BACK_HEIGHT] = {
    0xF81F, 0xF81F, 0xF81F, 0xF81F, 0xF81F, 0xF81F, 0xF81F, 0xF81F, 0xF81F, 0xF81F, 0xF81F, 0xF81F, 0xF81F, 0xF81F, 0xF81F, 0xF81F,
    0xF81F, 0xF81F, 0xF81F, 0xF81F, 0xF81F, 0xF81F, 0xF81F, 0xF81F, 0xF81F, 0xF81F, 0xF81F, 0xF81F, 0xF81F, 0xF81F, 0xF81F, 0xF81F,
    0xF81F, 0xF81F, 0xF81F, 0xF81F, 0xF81F, 0xF81F, 0xF81F, 0xF81F, 0xF81F, 0xF81F, 0xF81F, 0xF81F, 0xF81F, 0xF81F, 0xF81F, 0xF81F,
    0xF81F, 0xF81F, 0xF81F, 0xF81F, 0xF81F, 0xF81F, 0xF81F, 0xF81F, 0xF81F, 0xF81F, 0xF81F, 0xF81F, 0xF81F, 0xF81F, 0xF81F, 0xF81F,
    0xF81F, 0xF81F, 0xF81F, 0xF81F, 0xF81F, 0xF81F, 0xF81F, 0xF81F, 0xF81F, 0xF81F, 0xF81F, 0xF81F, 0xF81F, 0xF81F, 0xF81F, 0xF81F,
    0xF81F, 0xF81F, 0xF81F, 0xF81F, 0xF81F, 0xF81F, 0xF81F, 0xF81F, 0xF81F, 0xF81F, 0xF81F, 0xF81F, 0xF81F, 0xF81F, 0xF81F, 0xF81F,
    0xF81F, 0xF81F, 0xF81F, 0xF81F, 0xF81F, 0xF81F, 0xF81F, 0xF81F, 0xF81F, 0xF81F, 0xF81F, 0xF81F, 0xF81F, 0xF81F, 0xF81F, 0xF81F,
    0xF81F, 0xF81F, 0xF81F, 0xF81F, 0xF81F, 0xF81F, 0xF81F, 0xF81F, 0xF81F, 0xF81F, 0xF81F, 0xF81F, 0xF81F, 0xF81F, 0xF81F, 0xF81F,
    0xF81F, 0xF81F, 0xF81F, 0xF81F, 0xF81F, 0xF81F, 0xF81F, 0xF81F, 0xF81F, 0xF81F, 0xF81F, 0xF81F, 0xF81F, 0xF81F, 0xF81F, 0xF81F,
    0xF81F, 0xF81F, 0xF81F, 0xF81F, 0xF81F, 0xF81F, 0xF81F, 0xF81F, 0xF81F, 0xF81F, 0xF81F, 0xF81F, 0xF81F, 0xF81F, 0xF81F, 0xF81F,
    0xF81F, 0xF81F, 0xF81F, 0xF81F, 0xF81F, 0xF81F, 0xF81F, 0xF81F, 0xF81F, 0xF81F, 0xF81F, 0xF81F, 0xF81F, 0xF81F, 0xF81F, 0xF81F,
    0xF81F, 0xF81F, 0xF81F, 0xF81F, 0xF81F, 0xF81F, 0xF81F, 0xF81F, 0xF81F, 0xF81F, 0xF81F, 0xF81F, 0xF81F, 0xF81F, 0xF81F, 0xF81F,
    0xF81F, 0xF81F, 0xF81F, 0xF81F, 0xF81F, 0xF81F, 0xF81F, 0xF81F, 0xF81F, 0xF81F, 0xF81F, 0xF81F, 0xF81F, 0xF81F, 0xF81F, 0xF81F,
    0xF81F, 0xF81F, 0xF81F, 0xF81F, 0xF81F, 0xF81F, 0xF81F, 0xF81F, 0xF81F, 0xF81F, 0xF81F, 0xF81F, 0xF81F, 0xF81F, 0xF81F, 0xF81F,
    0xF81F, 0xF81F, 0xF81F, 0xF81F, 0xF81F, 0xF81F, 0xF81F, 0xF81F, 0xF81F, 0xF81F, 0xF81F, 0xF81F, 0xF81F, 0xF81F, 0xF81F, 0xF81F,
    0xF81F, 0xF81F, 0xF81F, 0xF81F, 0xF81F, 0xF81F, 0xF81F, 0xF81F, 0xF81F, 0xF81F, 0xF81F, 0xF81F, 0xF81F, 0xF81F, 0xF81F, 0xF81F,
    0xF81F, 0xF81F, 0xF81F, 0xF81F, 0xF81F, 0xF81F, 0xF81F, 0xF81F, 0xF81F, 0xF81F, 0xF81F, 0xF81F, 0xF81F, 0xF81F, 0xF81F, 0xF81F,
    0xF81F, 0xF81F, 0xF81F, 0xF81F, 0xF81F, 0xF81F, 0xF81F, 0xF81F, 0xF81F, 0xF81F, 0xF81F, 0xF81F, 0xF81F, 0xF81F, 0xF81F, 0xF81F,
    0xF81F, 0xF81F, 0xF81F, 0xF81F, 0xF81F, 0xF81F, 0xF81F, 0xF81F, 0xF81F, 0xF81F, 0xF81F, 0xF81F, 0xF81F, 0xF81F, 0xF81F, 0xF81F,
    0xF81F, 0xF81F, 0xF81F, 0xF81F, 0xF81F, 0xF81F, 0xF81F, 0xF81F, 0xF81F, 0xF81F, 0xF81F, 0xF81F, 0xF81F, 0xF81F, 0xF81F, 0xF81F,
    0xF81F, 0xF81F, 0xF81F, 0xF81F, 0xF81F, 0xF81F, 0xF81F, 0xF81F, 0xF81F, 0xF81F, 0xF81F, 0xF81F, 0xF81F, 0xF81F, 0xF81F, 0xF81F,
    0xF81F, 0xF81F, 0xF81F, 0xF81F, 0xF81F, 0xF81F, 0xF81F, 0xF81F, 0xF81F, 0xF81F, 0xF81F, 0xF81F, 0xF81F, 0xF81F, 0xF81F, 0xF81F,
    0xF81F, 0xF81F, 0xF81F, 0xF81F, 0xF81F, 0xF81F, 0xF81F, 0xF81F, 0xF81F, 0xF81F, 0xF81F, 0xF81F, 0xF81F, 0xF81F, 0xF81F, 0xF81F,
    0xF81F, 0xF81F, 0xF81F, 0xF81F, 0xF81F, 0xF81F, 0xF81F, 0xF81F, 0xF81F, 0xF81F, 0xF81F, 0xF81F, 0xF81F, 0xF81F, 0xF81F, 0xF81F,
    0xF81F, 0xF81F, 0xF81F, 0xF81F, 0xF81F, 0xF81F, 0xF81F, 0xF81F, 0xF81F, 0xF81F, 0xF81F, 0xF81F, 0xF81F, 0xF81F, 0xF81F, 0xF81F,
    0xF81F, 0xF81F, 0xF81F, 0xF81F, 0xF81F, 0xF81F, 0xF81F, 0xF81F, 0xF81F, 0xF81F, 0xF81F, 0xF81F, 0xF81F, 0xF81F, 0xF81F, 0xF81F,
    0xF81F, 0xF81F, 0xF81F, 0xF81F, 0xF81F, 0xF81F, 0xF81F, 0xF81F, 0xF81F, 0xF81F, 0xF81F, 0xF81F, 0xF81F, 0xF81F, 0xF81F, 0xF81F,
    0xF81F, 0xF81F, 0xF81F, 0xF81F, 0xF81F, 0xF81F, 0xF81F, 0xF81F, 0xF81F, 0xF81F, 0xF81F, 0xF81F, 0xF81F, 0xF81F, 0xF81F, 0xF81F,
    0xF81F, 0xF81F, 0xF81F, 0xF81F, 0xF81F, 0xF81F, 0xF81F, 0xF81F, 0xF81F, 0xF81F, 0xF81F, 0xF81F, 0xF81F, 0xF81F, 0xF81F, 0xF81F,
    0xF81F, 0xF81F, 0xF81F, 0xF81F, 0xF81F, 0xF81F, 0xF81F, 0xF81F, 0xF81F, 0xF81F, 0xF81F, 0xF81F, 0xF81F, 0xF81F, 0xF81F, 0xF81F,
    0xF81F, 0xF81F, 0xF81F, 0xF81F, 0xF81F, 0xF81F, 0xF81F, 0xF81F, 0xF81F, 0xF81F, 0xF81F, 0xF81F, 0xF81F, 0xF81F, 0xF81F, 0xF81F,
    0xF81F, 0xF81F, 0xF81F, 0xF81F, 0xF81F, 0xF81F, 0xF81F, 0xF81F, 0xF81F, 0xF81F, 0xF81F, 0xF81F, 0xF81F, 0xF81F, 0xF81F, 0xF81F,
    0xF81F, 0xF81F, 0xF81F, 0xF81F, 0xF81F, 0xF81F, 0xF81F, 0xF81F, 0xF81F, 0xF81F, 0xF81F, 0xF81F, 0xF81F, 0xF81F, 0xF81F, 0xF81F,
    0xF81F, 0xF81F, 0xF81F, 0xF81F, 0xF81F, 0xF81F, 0xF81F, 0xF81F, 0xF81F, 0xF81F, 0xF81F, 0xF81F, 0xF81F, 0xF81F, 0xF81F, 0xF81F,
    0xF81F, 0xF81F, 0xF81F, 0xF81F, 0xF81F, 0xF81F, 0xF81F, 0xF81F, 0xF81F, 0xF81F, 0xF81F, 0xF81F, 0xF81F, 0xF81F, 0xF81F, 0xF81F,
    0xF81F, 0xF81F, 0xF81F, 0xF81F, 0xF81F, 0xF81F, 0xF81F, 0xF81F, 0xF81F, 0xF81F, 0xF81F, 0xF81F, 0xF81F, 0xF81F, 0xF81F, 0xF81F,
    0xF81F, 0xF81F, 0xF81F, 0xF81F, 0xF81F, 0xF81F, 0xF81F, 0xF81F, 0xF81F, 0xF81F, 0xF81F, 0xF81F, 0xF81F, 0xF81F, 0xF81F, 0xF81F,
    0xF81F, 0xF81F, 0xF81F, 0xF81F, 0xF81F, 0xF81F, 0xF81F, 0xF81F, 0xF81F, 0xF81F, 0xF81F, 0xF81F, 0xF81F, 0xF81F, 0xF81F, 0xF81F,
    0xF81F, 0xF81F, 0xF81F, 0xF81F, 0xF81F, 0xF81F, 0xF81F, 0xF81F, 0xF81F, 0xF81F, 0xF81F, 0xF81F, 0xF81F, 0xF81F, 0xF81F, 0xF81F,
    0xF81F, 0xF81F, 0xF81F, 0xF81F, 0xF81F, 0xF81F, 0xF81F, 0xF81F, 0xF81F, 0xF81F, 0xF81F, 0xF81F, 0xF81F, 0xF81F, 0xF81F, 0xF81F,
    0xF81F, 0xF81F, 0xF81F, 0xF81F, 0xF81F, 0xF81F, 0xF81F, 0xF81F, 0xF81F, 0xF81F, 0xF81F, 0xF81F, 0xF81F, 0xF81F, 0xF81F, 0xF81F,
    0xF81F, 0xF81F, 0xF81F, 0xF81F, 0xF81F, 0xF81F, 0xF81F, 0xF81F, 0xF81F, 0xF81F, 0xF81F, 0xF81F, 0xF81F, 0xF81F, 0xF81F, 0xF81F,
    0xF81F, 0xF81F, 0xF81F, 0xF81F, 0xF81F, 0xF81F, 0xF81F, 0xF81F, 0xF81F, 0xF81F, 0xF81F, 0xF81F, 0xF81F, 0xF81F, 0xF81F, 0xF81F,
    0xF81F, 0xF81F, 0xF81F, 0xF81F, 0xF81F, 0xF81F, 0xF81F, 0xF81F, 0xF81F, 0xF81F, 0xF81F, 0xF81F, 0xF81F, 0xF81F, 0xF81F, 0xF81F,
    0xF81F, 0xF81F, 0xF81F, 0xF81F, 0xF81F, 0xF81F, 0xF81F, 0xF81F, 0xF81F, 0xF81F, 0xF81F, 0xF81F, 0xF81F, 0xF81F, 0xF81F, 0xF81F,
    0xF81F, 0xF81F, 0xF81F, 0xF81F, 0xF81F, 0xF81F, 0xF81F, 0xF81F, 0xF81F, 0xF81F, 0xF81F, 0xF81F, 0xF81F, 0xF81F, 0xF81F, 0xF81F,
    0xF81F, 0xF81F, 0xF81F, 0xF81F, 0xF81F, 0xF81F, 0xF81F, 0xF81F, 0xF81F, 0xF81F, 0xF81F, 0xF81F, 0xF81F, 0xF81F, 0xF81F, 0xF81F,
    0xF81F, 0xF81F, 0xF81F, 0xF81F, 0xF81F, 0xF81F, 0xF81F, 0xF81F, 0xF81F, 0xF81F, 0xF81F, 0xF81F, 0xF81F, 0xF81F, 0xF81F, 0xF81F,
    0xF81F, 0xF81F, 0xF81F, 0xF81F, 0xF81F, 0xF81F, 0xF81F, 0xF81F, 0xF81F, 0xF81F, 0xF81F, 0xF81F, 0xF81F, 0xF81F, 0xF81F, 0xF81F,
    0xF81F, 0xF81F, 0xF81F, 0xF81F, 0xF81F, 0xF81F, 0xF81F, 0xF81F, 0xF81F, 0xF81F, 0xF81F, 0xF81F, 0xF81F, 0xF81F, 0xF81F, 0xF81F,
    0xF81F, 0xF81F, 0xF81F, 0xF81F, 0xF81F, 0xF81F, 0xF81F, 0xF81F, 0xF81F, 0xF81F, 0xF81F, 0xF81F, 0xF81F, 0xF81F, 0xF81F, 0xF81F,
    0xF81F, 0xF81F, 0xF81F, 0xF81F, 0xF81F, 0xF81F, 0xF81F, 0xF81F, 0xF81F, 0xF81F, 0xF81F, 0xF81F, 0xF81F, 0xF81F, 0xF81F, 0xF81F,
    0xF81F, 0xF81F, 0xF81F, 0xF81F, 0xF81F, 0xF81F, 0xF81F, 0xF81F, 0xF81F, 0xF81F, 0xF81F, 0xF81F, 0xF81F, 0xF81F, 0xF81F, 0xF81F,
    0xF81F, 0xF81F, 0xF81F, 0xF81F, 0xF81F, 0xF81F, 0xF81F, 0xF81F, 0xF81F, 0xF81F, 0xF81F, 0xF81F, 0xF81F, 0xF81F, 0xF81F, 0xF81F,
    0xF81F, 0xF81F, 0xF81F, 0xF81F, 0xF81F, 0xF81F, 0xF81F, 0xF81F, 0xF81F, 0xF81F, 0xF81F, 0xF81F, 0xF81F, 0xF81F, 0xF81F, 0xF81F,
    0xF81F, 0xF81F, 0xF81F, 0xF81F, 0xF81F, 0xF81F, 0xF81F, 0xF81F, 0xF81F, 0xF81F, 0xF81F, 0xF81F, 0xF81F, 0xF81F, 0xF81F, 0xF81F,
    0xF81F, 0xF81F, 0xF81F, 0xF81F, 0xF81F, 0xF81F, 0xF81F, 0xF81F, 0xF81F, 0xF81F, 0xF81F, 0xF81F, 0xF81F, 0xF81F, 0xF81F, 0xF81F,
    0xF81F, 0xF81F, 0xF81F, 0xF81F, 0xF81F, 0xF81F, 0xF81F, 0xF81F, 0xF81F, 0xF81F, 0xF81F, 0xF81F, 0xF81F, 0xF81F, 0xF81F, 0xF81F,
    0xF81F, 0xF81F, 0xF81F, 0xF81F, 0xF81F, 0xF81F, 0xF81F, 0xF81F, 0xF81F, 0xF81F, 0xF81F, 0xF81F, 0xF81F, 0xF81F, 0xF81F, 0xF81F,
    0xF81F, 0xF81F, 0xF81F, 0xF81F, 0xF81F, 0xF81F, 0xF81F, 0xF81F, 0xF81F, 0xF81F, 0xF81F, 0xF81F, 0xF81F, 0xF81F, 0xF81F, 0xF81F,
    0xF81F, 0xF81F, 0xF81F, 0xF81F, 0xF81F, 0xF81F, 0xF81F, 0xF81F, 0xF81F, 0xF81F, 0xF81F, 0xF81F, 0xF81F, 0xF81F, 0xF81F, 0xF81F,
    0xF81F, 0xF81F, 0xF81F, 0xF81F, 0xF81F, 0xF81F, 0xF81F, 0xF81F, 0xF81F, 0xF81F, 0xF81F, 0xF81F, 0xF81F, 0xF81F, 0xF81F, 0xF81F,
    0xF81F, 0xF81F, 0xF81F, 0xF81F, 0xF81F, 0xF81F, 0xF81F, 0xF81F, 0xF81F, 0xF81F, 0xF81F, 0xF81F, 0xF81F, 0xF81F, 0xF81F, 0xF81F,
    0xF81F, 0xB1CA, 0xB1CA, 0xE28C, 0xE28C, 0xE28C, 0xF81F, 0xF81F, 0xF81F, 0xF81F, 0xF81F, 0xF81F, 0xF81F, 0xF81F, 0xF81F, 0xF81F,
    0xF81F, 0xF81F, 0xF81F, 0xF81F, 0xF81F, 0xF81F, 0xF81F, 0xF81F, 0xB1CA, 0xB1CA, 0xB1CA, 0xB1CA, 0xB1CA, 0xF81F, 0xF81F, 0xF81F,
    0xF81F, 0xF81F, 0xF81F, 0xF81F, 0xF81F, 0xF81F, 0xF81F, 0xF81F, 0xF81F, 0xF81F, 0xF81F, 0xF81F, 0xF81F, 0xF81F, 0xF81F, 0xF81F,
    0xF81F, 0xF81F, 0xF81F, 0xF81F, 0xF81F, 0xF81F, 0xF81F, 0xF81F, 0xF81F, 0xF81F, 0xF81F, 0xF81F, 0xF81F, 0xF81F, 0xF81F, 0xF81F,
    0xF81F, 0xF81F, 0xF81F, 0xF81F, 0xF81F, 0xF81F, 0xF81F, 0xF81F, 0xF81F, 0xF81F, 0xF81F, 0xF81F, 0xF81F, 0xF81F, 0xF81F, 0xF81F,
    0xF81F, 0xF81F, 0xF81F, 0xF81F, 0xF81F, 0xF81F, 0xF81F, 0xF81F, 0xF81F, 0xF81F, 0xF81F, 0xF81F, 0xF81F, 0xF81F, 0xF81F, 0xB1CA,
    0xB1CA, 0xE28C, 0x3186, 0x3186, 0x3186, 0x3186, 0xE28C, 0xE28C, 0xF81F, 0xF81F, 0xF81F, 0xF81F, 0xF81F, 0xF81F, 0xF81F, 0xF81F,
    0xF81F, 0xF81F, 0xF81F, 0xF81F, 0xF81F, 0xF81F, 0xB1CA, 0xB1CA, 0xE28C, 0xE28C, 0xE28C, 0xE28C, 0xE28C, 0xB1CA, 0x3186, 0xF81F,
    0xF81F, 0xF81F, 0xF81F, 0xF81F, 0xF81F, 0xF81F, 0xF81F, 0xF81F, 0xF81F, 0xF81F, 0xF81F, 0xF81F, 0xF81F, 0xF81F, 0xF81F, 0xF81F,
    0xF81F, 0xF81F, 0xF81F, 0xF81F, 0xF81F, 0xF81F, 0xF81F, 0xF81F, 0xF81F, 0xF81F, 0xF81F, 0xF81F, 0xF81F, 0xF81F, 0xF81F, 0xF81F,
    0xF81F, 0xF81F, 0xF81F, 0xF81F, 0xF81F, 0xF81F, 0xF81F, 0xF81F, 0xF81F, 0xF81F, 0xF81F, 0xF81F, 0xF81F, 0xF81F, 0xF81F, 0xF81F,
    0xF81F, 0xF81F, 0xF81F, 0xF81F, 0xF81F, 0xF81F, 0xF81F, 0xF81F, 0xF81F, 0xF81F, 0xF81F, 0xF81F, 0xF81F, 0xF81F, 0xB1CA, 0xE28C,
    0x3186, 0x3186, 0xF81F, 0xF81F, 0xF81F, 0xF81F, 0x3186, 0x3186, 0xE28C, 0xF81F, 0xF81F, 0xF81F, 0xF81F, 0xF81F, 0xF81F, 0xF81F,
    0xF81F, 0xF81F, 0xF81F, 0xF81F, 0xF81F, 0xB1CA, 0xE28C, 0x3186, 0x3186, 0x3186, 0x3186, 0x3186, 0xE28C, 0xE28C, 0xE28C, 0x3186,
    0xF81F, 0xF81F, 0xF81F, 0xF81F, 0xF81F, 0xF81F, 0xF81F, 0xF81F, 0xF81F, 0xF81F, 0xF81F, 0xF81F, 0xF81F, 0xF81F, 0xF81F, 0xF81F,
    0xF81F, 0xF81F, 0xF81F, 0xF81F, 0xF81F, 0xF81F, 0xF81F, 0xF81F, 0xF81F, 0xF81F, 0xF81F, 0xF81F, 0xF81F, 0xF81F, 0xF81F, 0xF81F,
    0xF81F, 0xF81F, 0xF81F, 0xF81F, 0xF81F, 0xF81F, 0xF81F, 0xF81F, 0xF81F, 0xF81F, 0xF81F, 0xF81F, 0xF81F, 0xF81F, 0xF81F, 0xF81F,
    0xF81F, 0xF81F, 0xF81F, 0xF81F, 0xF81F, 0xF81F, 0xF81F, 0xF81F, 0xF81F, 0xF81F, 0xF81F, 0xF81F, 0xF81F, 0xB1CA, 0xE28C, 0x3186,
    0xF81F, 0xF81F, 0xF81F, 0xF81F, 0xF81F, 0xF81F, 0xF81F, 0xF81F, 0x3186, 0xF81F, 0xF81F, 0xF81F, 0xF81F, 0xF81F, 0xF81F, 0xF81F,
    0xF81F, 0xF81F, 0xF81F, 0xF81F, 0xF81F, 0xB1CA, 0x3186, 0xF81F, 0xF81F, 0xF81F, 0xF81F, 0xF81F, 0x3186, 0x3186, 0xE28C, 0xE28C,
    0x3186, 0xF81F, 0xF81F, 0xF81F, 0xF81F, 0xF81F, 0xF81F, 0xF81F, 0xF81F, 0xF81F, 0xF81F, 0xF81F, 0xF81F, 0xF81F, 0xF81F, 0xF81F,
    0xF81F, 0xF81F, 0xF81F, 0xF81F, 0xF81F, 0xF81F, 0xF81F, 0xF81F, 0xF81F, 0xF81F, 0xF81F, 0xF81F, 0xF81F, 0xF81F, 0xF81F, 0xF81F,
    0xF81F, 0xF81F, 0xF81F, 0xF81F, 0xF81F, 0xF81F, 0xF81F, 0xF81F, 0xF81F, 0xF81F, 0xF81F, 0xF81F, 0xF81F, 0xF81F, 0xF81F, 0xF81F,
    0xF81F, 0xF81F, 0xF81F, 0xF81F, 0xF81F, 0xF81F, 0xF81F, 0xF81F, 0xF81F, 0xF81F, 0xF81F, 0xF81F, 0x3186, 0xE28C, 0x3186, 0xF81F,
    0xF81F, 0xF81F, 0xF81F, 0xF81F, 0xF81F, 0xF81F, 0xF81F, 0xF81F, 0xF81F, 0xF81F, 0xF81F, 0xF81F, 0xF81F, 0xF81F, 0xF81F, 0xF81F,
    0xF81F, 0xF81F, 0xF81F, 0xF81F, 0xB1CA, 0x3186, 0xF81F, 0xF81F, 0xF81F, 0xF81F, 0xF81F, 0xF81F, 0xF81F, 0xF81F, 0xB1CA, 0xE28C,
    0x3186, 0xF81F, 0xF81F, 0xF81F, 0xF81F, 0xF81F, 0xF81F, 0xF81F, 0xF81F, 0xF81F, 0xF81F, 0xF81F, 0xF81F, 0xF81F, 0xF81F, 0xF81F,
    0xF81F, 0xF81F, 0xF81F, 0xF81F, 0xF81F, 0xF81F, 0xF81F, 0xF81F, 0xF81F, 0xF81F, 0xF81F, 0xF81F, 0xF81F, 0xF81F, 0xF81F, 0xF81F,
    0xF81F, 0xF81F, 0xF81F, 0xF81F, 0xF81F, 0xF81F, 0xF81F, 0xF81F, 0xF81F, 0xF81F, 0xF81F, 0xF81F, 0xF81F, 0xF81F, 0xF81F, 0xF81F,
    0xF81F, 0xF81F, 0xF81F, 0xF81F, 0xF81F, 0xF81F, 0xF81F, 0xF81F, 0xF81F, 0xF81F, 0xF81F, 0xF81F, 0x3186, 0xE28C, 0x3186, 0xF81F,
    0xF81F, 0xF81F, 0xF81F, 0xF81F, 0xF81F, 0xF81F, 0xF81F, 0xF81F, 0xF81F, 0xF81F, 0xF81F, 0xF81F, 0xF81F, 0xF81F, 0xF81F, 0xF81F,
    0xF81F, 0xF81F, 0xF81F, 0xF81F, 0x3186, 0xF81F, 0xF81F, 0xF81F, 0xF81F, 0xF81F, 0xF81F, 0xF81F, 0xF81F, 0xF81F, 0xF81F, 0xB1CA,
    0xE28C, 0x3186, 0xF81F, 0xF81F, 0xF81F, 0xF81F, 0xF81F, 0xF81F, 0xF81F, 0xF81F, 0xF81F, 0xF81F, 0xF81F, 0xF81F, 0xF81F, 0xF81F,
    0xF81F, 0xF81F, 0xF81F, 0xF81F, 0xF81F, 0xF81F, 0xF81F, 0xF81F, 0xF81F, 0xF81F, 0xF81F, 0xF81F, 0xF81F, 0xF81F, 0xF81F, 0xF81F,
    0xF81F, 0xF81F, 0xF81F, 0xF81F, 0xF81F, 0xF81F, 0xF81F, 0xF81F, 0xF81F, 0xF81F, 0xF81F, 0xF81F, 0xF81F, 0xF81F, 0xF81F, 0xF81F,
    0xF81F, 0xF81F, 0xF81F, 0xF81F, 0xF81F, 0xF81F, 0xF81F, 0xF81F, 0xF81F, 0xF81F, 0xF81F, 0xF81F, 0x3186, 0xE28C, 0x3186, 0xF81F,
    0xF81F, 0xF81F, 0xF81F, 0xF81F, 0xF81F, 0xF81F, 0xF81F, 0xF81F, 0xF81F, 0xF81F, 0xF81F, 0xF81F, 0x7A8A, 0x7A8A, 0xF81F, 0xF81F,
    0xF81F, 0xF81F, 0xF81F, 0xF81F, 0xF81F, 0xF81F, 0xF81F, 0xF81F, 0xF81F, 0xF81F, 0xF81F, 0xF81F, 0xF81F, 0xF81F, 0xF81F, 0xB1CA,
    0xE28C, 0x3186, 0xF81F, 0xF81F, 0xF81F, 0xF81F, 0xF81F, 0xF81F, 0xF81F, 0xF81F, 0xF81F, 0xF81F, 0xF81F, 0xF81F, 0xF81F, 0xF81F,
    0xF81F, 0xF81F, 0xF81F, 0xF81F, 0xF81F, 0xF81F, 0xF81F, 0xF81F, 0xF81F, 0xF81F, 0xF81F, 0xF81F, 0xF81F, 0xF81F, 0xF81F, 0xF81F,
    0xF81F, 0xF81F, 0xF81F, 0xF81F, 0xF81F, 0xF81F, 0xF81F, 0xF81F, 0xF81F, 0xF81F, 0xF81F, 0xF81F, 0xF81F, 0xF81F, 0xF81F, 0xF81F,
    0xF81F, 0xF81F, 0xF81F, 0xF81F, 0xF81F, 0xF81F, 0xF81F, 0xF81F, 0xF81F, 0xF81F, 0xF81F, 0xF81F, 0x3186, 0xE28C, 0x3186, 0xF81F,
    0xF81F, 0xF81F, 0xF81F, 0xF81F, 0xF81F, 0xF81F, 0xF81F, 0xF81F, 0xF81F, 0xF81F, 0xF81F, 0x7A8A, 0xFF36, 0xFF36, 0x7A8A, 0xF81F,
    0xF81F, 0xF81F, 0xF81F, 0xF81F, 0xF81F, 0xF81F, 0xF81F, 0xF81F, 0xF81F, 0xF81F, 0xF81F, 0xF81F, 0xF81F, 0xF81F, 0xF81F, 0xB1CA,
    0xE28C, 0x3186, 0xF81F, 0xF81F, 0xF81F, 0xF81F, 0xF81F, 0xF81F, 0xF81F, 0xF81F, 0xF81F, 0xF81F, 0xF81F, 0xF81F, 0xF81F, 0xF81F,
    0xF81F, 0xF81F, 0xF81F, 0xF81F, 0xF81F, 0xF81F, 0xF81F, 0xF81F, 0xF81F, 0xF81F, 0xF81F, 0xF81F, 0xF81F, 0xF81F, 0xF81F, 0xF81F,
    0xF81F, 0xF81F, 0xF81F, 0xF81F, 0xF81F, 0xF81F, 0xF81F, 0xF81F, 0xF81F, 0xF81F, 0xF81F, 0xF81F, 0xF81F, 0xF81F, 0xF81F, 0xF81F,
    0xF81F, 0xF81F, 0xF81F, 0xF81F, 0xF81F, 0xF81F, 0xF81F, 0xF81F, 0xF81F, 0xF81F, 0xF81F, 0xF81F, 0xF81F, 0x3186, 0xE28C, 0x3186,
    0xF81F, 0xF81F, 0xF81F, 0xF81F, 0xF81F, 0xF81F, 0xF81F, 0xF81F, 0xF81F, 0xF81F, 0xF81F, 0x0000, 0xDDF1, 0xFF36, 0x7A8A, 0xF81F,
    0xF81F, 0xF81F, 0xF81F, 0xF81F, 0xF81F, 0xF81F, 0xF81F, 0xF81F, 0xF81F, 0xF81F, 0xF81F, 0xF81F, 0xF81F, 0xF81F, 0xF81F, 0xB1CA,
    0xE28C, 0x3186, 0xF81F, 0xF81F, 0xF81F, 0xF81F, 0xF81F, 0xF81F, 0xF81F, 0xF81F, 0xF81F, 0xF81F, 0xF81F, 0xF81F, 0xF81F, 0xF81F,
    0xF81F, 0xF81F, 0xF81F, 0xF81F, 0xF81F, 0xF81F, 0xF81F, 0xF81F, 0xF81F, 0xF81F, 0xF81F, 0xF81F, 0xF81F, 0xF81F, 0xF81F, 0xF81F,
    0xF81F, 0xF81F, 0xF81F, 0xF81F, 0xF81F, 0xF81F, 0xF81F, 0xF81F, 0xF81F, 0xF81F, 0xF81F, 0xF81F, 0xF81F, 0xF81F, 0xF81F, 0xF81F,
    0xF81F, 0xF81F, 0xF81F, 0xF81F, 0xF81F, 0xF81F, 0xF81F, 0xF81F, 0xF81F, 0xF81F, 0xF81F, 0xF81F, 0xF81F, 0x3186, 0xE28C, 0x3186,
    0xF81F, 0xF81F, 0xF81F, 0xF81F, 0xF81F, 0xF81F, 0xF81F, 0xF81F, 0xF81F, 0xF81F, 0xF81F, 0x0000, 0xDDF1, 0xFF36, 0xFF36, 0x7A8A,
    0xF81F, 0xF81F, 0xF81F, 0xF81F, 0xF81F, 0xF81F, 0xF81F, 0xF81F, 0xF81F, 0xF81F, 0xF81F, 0xF81F, 0xF81F, 0xF81F, 0xF81F, 0xB1CA,
    0xE28C, 0x3186, 0xF81F, 0xF81F, 0xF81F, 0xF81F, 0xF81F, 0xF81F, 0xF81F, 0xF81F, 0xF81F, 0xF81F, 0xF81F, 0xF81F, 0xF81F, 0xF81F,
    0xF81F, 0xF81F, 0xF81F, 0xF81F, 0xF81F, 0xF81F, 0xF81F, 0xF81F, 0xF81F, 0xF81F, 0xF81F, 0xF81F, 0xF81F, 0xF81F, 0xF81F, 0xF81F,
    0xF81F, 0xF81F, 0xF81F, 0xF81F, 0xF81F, 0xF81F, 0xF81F, 0xF81F, 0xF81F, 0xF81F, 0xF81F, 0xF81F, 0xF81F, 0xF81F, 0xF81F, 0xF81F,
    0xF81F, 0xF81F, 0xF81F, 0xF81F, 0xF81F, 0xF81F, 0xF81F, 0xF81F, 0xF81F, 0xF81F, 0xF81F, 0xF81F, 0xF81F, 0xF81F, 0x3186, 0xE28C,
    0x3186, 0xF81F, 0xF81F, 0xF81F, 0xF81F, 0xF81F, 0xF81F, 0xF81F, 0xF81F, 0xF81F, 0xF81F, 0x0000, 0xDDF1, 0xFF36, 0xFF36, 0x7A8A,
    0xF81F, 0xF81F, 0xF81F, 0xF81F, 0xF81F, 0xF81F, 0xF81F, 0xF81F, 0xF81F, 0xF81F, 0xF81F, 0xF81F, 0xF81F, 0xF81F, 0xF81F, 0xB1CA,
    0xE28C, 0x3186, 0xF81F, 0xF81F, 0xF81F, 0xF81F, 0xF81F, 0xF81F, 0xF81F, 0xF81F, 0xF81F, 0xF81F, 0xF81F, 0xF81F, 0xF81F, 0xF81F,
    0xF81F, 0xF81F, 0xF81F, 0xF81F, 0xF81F, 0xF81F, 0xF81F, 0xF81F, 0xF81F, 0xF81F, 0xF81F, 0xF81F, 0xF81F, 0xF81F, 0xF81F, 0xF81F,
    0xF81F, 0xF81F, 0xF81F, 0xF81F, 0xF81F, 0xF81F, 0xF81F, 0xF81F, 0xF81F, 0xF81F, 0xF81F, 0xF81F, 0xF81F, 0xF81F, 0xF81F, 0xF81F,
    0xF81F, 0xF81F, 0xF81F, 0xF81F, 0xF81F, 0xF81F, 0xF81F, 0xF81F, 0xF81F, 0xF81F, 0xF81F, 0xF81F, 0xF81F, 0xF81F, 0x3186, 0xE28C,
    0xE28C, 0x3186, 0xF81F, 0xF81F, 0xF81F, 0xF81F, 0xF81F, 0xF81F, 0xF81F, 0xF81F, 0xF81F, 0x7A8A, 0xDDF1, 0xDDF1, 0xFF36, 0xFF36,
    0x7A8A, 0xF81F, 0xF81F, 0xF81F, 0xF81F, 0xF81F, 0xF81F, 0xF81F, 0xF81F, 0xF81F, 0xF81F, 0xF81F, 0xF81F, 0xF81F, 0xF81F, 0xB1CA,
    0xE28C, 0x3186, 0xF81F, 0xF81F, 0xF81F, 0xF81F, 0xF81F, 0xF81F, 0xF81F, 0xF81F, 0xF81F, 0xF81F, 0xF81F, 0xF81F, 0xF81F, 0xF81F,
    0xF81F, 0xF81F, 0xF81F, 0xF81F, 0xF81F, 0xF81F, 0xF81F, 0xF81F, 0xF81F, 0xF81F, 0xF81F, 0xF81F, 0xF81F, 0xF81F, 0xF81F, 0xF81F,
    0xF81F, 0xF81F, 0xF81F, 0xF81F, 0xF81F, 0xF81F, 0xF81F, 0xF81F, 0xF81F, 0xF81F, 0xF81F, 0xF81F, 0xF81F, 0xF81F, 0xF81F, 0xF81F,
    0xF81F, 0xF81F, 0xF81F, 0xF81F, 0xF81F, 0xF81F, 0xF81F, 0xF81F, 0xF81F, 0xF81F, 0xF81F, 0xF81F, 0xF81F, 0xF81F, 0xF81F, 0x3186,
    0xE28C, 0xE28C, 0x3186, 0xF81F, 0xF81F, 0xF81F, 0xF81F, 0xF81F, 0xF81F, 0xF81F, 0xF81F, 0xF81F, 0x7A8A, 0xDDF1, 0xFF36, 0xFF36,
    0x7A8A, 0xF81F, 0xF81F, 0xF81F, 0xF81F, 0xF81F, 0xF81F, 0xF81F, 0xF81F, 0xF81F, 0xF81F, 0xF81F, 0xF81F, 0xF81F, 0xB1CA, 0xE28C,
    0x3186, 0xF81F, 0xF81F, 0xF81F, 0xF81F, 0xF81F, 0xF81F, 0xF81F, 0xF81F, 0xF81F, 0xF81F, 0xF81F, 0xF81F, 0xF81F, 0xF81F, 0xF81F,
    0xF81F, 0xF81F, 0xF81F, 0xF81F, 0xF81F, 0xF81F, 0xF81F, 0xF81F, 0xF81F, 0xF81F, 0xF81F, 0xF81F, 0xF81F, 0xF81F, 0xF81F, 0xF81F,
    0xF81F, 0xF81F, 0xF81F, 0xF81F, 0xF81F, 0xF81F, 0xF81F, 0xF81F, 0xF81F, 0xF81F, 0xF81F, 0xF81F, 0xF81F, 0x3186, 0xF81F, 0xF81F,
    0xF81F, 0xF81F, 0xF81F, 0xF81F, 0xF81F, 0xF81F, 0xF81F, 0xF81F, 0xF81F, 0xF81F, 0xF81F, 0xF81F, 0xF81F, 0xF81F, 0xF81F, 0xF81F,
    0x3186, 0xE28C, 0xE28C, 0xB1CA, 0xF81F, 0xF81F, 0xF81F, 0xF81F, 0xF81F, 0xF81F, 0xF81F, 0xF81F, 0x0000, 0xDDF1, 0xDDF1, 0xFF36,
    0xFF36, 0x7A8A, 0xF81F, 0xF81F, 0xF81F, 0xF81F, 0xF81F, 0xF81F, 0xF81F, 0xF81F, 0xF81F, 0xF81F, 0xF81F, 0xF81F, 0xB1CA, 0xE28C,
    0x3186, 0xF81F, 0xF81F, 0xF81F, 0xF81F, 0xF81F, 0xF81F, 0xF81F, 0xF81F, 0xF81F, 0xF81F, 0xF81F, 0xF81F, 0xF81F, 0xF81F, 0xF81F,
    0xF81F, 0xF81F, 0xF81F, 0xF81F, 0xF81F, 0xF81F, 0xF81F, 0xF81F, 0xF81F, 0xF81F, 0xF81F, 0xF81F, 0xF81F, 0xF81F, 0xF81F, 0xF81F,
    0xF81F, 0xF81F, 0xF81F, 0xF81F, 0xF81F, 0xF81F, 0xF81F, 0xF81F, 0xF81F, 0xF81F, 0xF81F, 0xF81F, 0x3186, 0x3D7A, 0x0000, 0xF81F,
    0xF81F, 0xF81F, 0xF81F, 0xF81F, 0xF81F, 0xF81F, 0xF81F, 0xF81F, 0xF81F, 0xF81F, 0xF81F, 0xF81F, 0xF81F, 0xF81F, 0xF81F, 0xF81F,
    0xF81F, 0x3186, 0x3186, 0xE28C, 0xB1CA, 0xB1CA, 0xF81F, 0xF81F, 0xF81F, 0xF81F, 0xF81F, 0xF81F, 0x0000, 0xDDF1, 0xDDF1, 0xFF36,
    0xFF36, 0x7A8A, 0xF81F, 0xF81F, 0xF81F, 0xF81F, 0xF81F, 0xF81F, 0xF81F, 0xF81F, 0xF81F, 0xF81F, 0xF81F, 0xB1CA, 0xE28C, 0x3186,
    0xF81F, 0xF81F, 0xF81F, 0xF81F, 0xF81F, 0xF81F, 0xF81F, 0xF81F, 0xF81F, 0xF81F, 0xF81F, 0xF81F, 0xF81F, 0xF81F, 0xF81F, 0xF81F,
    0xF81F, 0xF81F, 0xF81F, 0xF81F, 0xF81F, 0xF81F, 0xF81F, 0xF81F, 0xF81F, 0xF81F, 0xF81F, 0xF81F, 0xF81F, 0xF81F, 0xF81F, 0xF81F,
    0xF81F, 0xF81F, 0xF81F, 0xF81F, 0xF81F, 0xF81F, 0xF81F, 0xF81F, 0xF81F, 0xF81F, 0xF81F, 0xF81F, 0x3186, 0x3D7A, 0x0000, 0xF81F,
    0xF81F, 0xF81F, 0xF81F, 0xF81F, 0xF81F, 0xF81F, 0xF81F, 0xF81F, 0xF81F, 0xF81F, 0xF81F, 0xF81F, 0xF81F, 0xF81F, 0xF81F, 0xF81F,
    0xF81F, 0xF81F, 0xF81F, 0x3186, 0xE28C, 0xE28C, 0xB1CA, 0xB1CA, 0xB1CA, 0xF81F, 0xF81F, 0xF81F, 0x0000, 0xDDF1, 0xDDF1, 0xFF36,
    0xFF36, 0xFF36, 0x7A8A, 0xF81F, 0xF81F, 0xF81F, 0xF81F, 0xF81F, 0xF81F, 0xF81F, 0xF81F, 0xF81F, 0xF81F, 0xB1CA, 0xE28C, 0x3186,
    0xF81F, 0xF81F, 0xF81F, 0xF81F, 0xF81F, 0xF81F, 0xF81F, 0xF81F, 0xF81F, 0xF81F, 0xF81F, 0xF81F, 0xF81F, 0xF81F, 0xF81F, 0xF81F,
    0xF81F, 0xF81F, 0xF81F, 0xF81F, 0xF81F, 0xF81F, 0xF81F, 0xF81F, 0xF81F, 0xF81F, 0xF81F, 0xF81F, 0xF81F, 0xF81F, 0xF81F, 0x0000,
    0x3186, 0x3186, 0xF81F, 0xF81F, 0xF81F, 0xF81F, 0xF81F, 0xF81F, 0xF81F, 0xF81F, 0xF81F, 0x3186, 0x3D7A, 0x3D7A, 0x3D7A, 0x0000,
    0xF81F, 0xF81F, 0xF81F, 0xF81F, 0xF81F, 0xF81F, 0xF81F, 0xF81F, 0xF81F, 0xF81F, 0xF81F, 0xF81F, 0xF81F, 0xF81F, 0xF81F, 0xF81F,
    0xF81F, 0xF81F, 0xF81F, 0xF81F, 0x3186, 0x3186, 0xE28C, 0xE28C, 0xE28C, 0xB1CA, 0xB1CA, 0xB1CA, 0x0000, 0xDDF1, 0xDDF1, 0xDDF1,
    0xFF36, 0xFF36, 0x7A8A, 0xF81F, 0xF81F, 0xF81F, 0xF81F, 0xF81F, 0xF81F, 0xF81F, 0xF81F, 0xF81F, 0xB1CA, 0xE28C, 0x3186, 0xF81F,
    0xF81F, 0xF81F, 0xF81F, 0xF81F, 0xF81F, 0xF81F, 0xF81F, 0xF81F, 0xF81F, 0xF81F, 0xF81F, 0xF81F, 0xF81F, 0xF81F, 0xF81F, 0xF81F,
    0xF81F, 0xF81F, 0xF81F, 0xF81F, 0xF81F, 0xF81F, 0xF81F, 0xF81F, 0xF81F, 0xF81F, 0xF81F, 0xF81F, 0xF81F, 0xF81F, 0xF81F, 0x0000,
    0x3D7A, 0x3D7A, 0x3186, 0x3186, 0xF81F, 0xF81F, 0xF81F, 0xF81F, 0xF81F, 0xF81F, 0xF81F, 0x3186, 0x3D7A, 0x3D7A, 0x3D7A, 0x0000,
    0xF81F, 0xF81F, 0xF81F, 0xF81F, 0xF81F, 0xF81F, 0xF81F, 0xF81F, 0xF81F, 0xF81F, 0xF81F, 0xF81F, 0xF81F, 0xF81F, 0xF81F, 0xF81F,
    0xF81F, 0xF81F, 0xF81F, 0xF81F, 0xF81F, 0xF81F, 0x3186, 0x3186, 0xE28C, 0xE28C, 0xE28C, 0xE28C, 0x0000, 0xDDF1, 0xDDF1, 0xDDF1,
    0xFF36, 0xFF36, 0xFF36, 0x7A8A, 0xF81F, 0xF81F, 0xF81F, 0xF81F, 0xF81F, 0xF81F, 0xF81F, 0xB1CA, 0xE28C, 0x3186, 0xF81F, 0xF81F,
    0xF81F, 0xF81F, 0xF81F, 0xF81F, 0xF81F, 0xF81F, 0xF81F, 0xF81F, 0xF81F, 0xF81F, 0xF81F, 0xF81F, 0xF81F, 0xF81F, 0xF81F, 0xF81F,
    0xF81F, 0xF81F, 0xF81F, 0xF81F, 0xF81F, 0xF81F, 0xF81F, 0xF81F, 0xF81F, 0xF81F, 0xF81F, 0xF81F, 0xF81F, 0xF81F, 0xF81F, 0x0000,
    0x3D7A, 0x3D7A, 0x3D7A, 0x3D7A, 0x3186, 0xF81F, 0xF81F, 0xF81F, 0xF81F, 0xF81F, 0xF81F, 0x3186, 0x3D7A, 0x3D7A, 0x3D7A, 0x0000,
    0xF81F, 0xF81F, 0xF81F, 0xF81F, 0xF81F, 0xF81F, 0xF81F, 0xF81F, 0xF81F, 0xF81F, 0xF81F, 0xF81F, 0xF81F, 0xF81F, 0xF81F, 0xF81F,
    0xF81F, 0xF81F, 0xF81F, 0xF81F, 0xF81F, 0xF81F, 0xF81F, 0xF81F, 0x3186, 0x3186, 0x3186, 0xB1CA, 0x0000, 0xDDF1, 0xDDF1, 0xDDF1,
    0xDDF1, 0xFF36, 0xFF36, 0x6145, 0x6145, 0xF81F, 0xF81F, 0xF81F, 0xF81F, 0xF81F, 0xB1CA, 0xE28C, 0x3186, 0xF81F, 0xF81F, 0xF81F,
    0xF81F, 0xF81F, 0xF81F, 0xF81F, 0xF81F, 0xF81F, 0xF81F, 0xF81F, 0xF81F, 0xF81F, 0xF81F, 0xF81F, 0xF81F, 0xF81F, 0xF81F, 0xF81F,
    0xF81F, 0xF81F, 0xF81F, 0xF81F, 0xF81F, 0xF81F, 0xF81F, 0xF81F, 0xF81F, 0xF81F, 0xF81F, 0xF81F, 0xF81F, 0xF81F, 0xF81F, 0xF81F,
    0x0000, 0x3D7A, 0x3D7A, 0x3D7A, 0x3D7A, 0x3186, 0x3186, 0xF81F, 0xF81F, 0xF81F, 0xF81F, 0x3186, 0x3D7A, 0x3D7A, 0x3D7A, 0x3D7A,
    0x0000, 0xF81F, 0xF81F, 0xF81F, 0xF81F, 0xF81F, 0xF81F, 0xF81F, 0xF81F, 0xF81F, 0xF81F, 0xF81F, 0xF81F, 0xF81F, 0xF81F, 0xF81F,
    0xF81F, 0xF81F, 0xF81F, 0xF81F, 0xF81F, 0xF81F, 0xF81F, 0xF81F, 0xF81F, 0xF81F, 0x3186, 0x6145, 0xDDF1, 0xDDF1, 0xDDF1, 0xDDF1,
    0xDDF1, 0xDDF1, 0x6145, 0xEB4F, 0xEB4F, 0x6145, 0xF81F, 0xF81F, 0xB1CA, 0xB1CA, 0xE28C, 0x3186, 0xF81F, 0xF81F, 0xF81F, 0xF81F,
    0xF81F, 0xF81F, 0xF81F, 0xF81F, 0xF81F, 0xF81F, 0xF81F, 0xF81F, 0xF81F, 0xF81F, 0xF81F, 0xF81F, 0xF81F, 0xF81F, 0xF81F, 0xF81F,
    0xF81F, 0xF81F, 0xF81F, 0xF81F, 0xF81F, 0xF81F, 0xF81F, 0xF81F, 0xF81F, 0xF81F, 0xF81F, 0xF81F, 0xF81F, 0xF81F, 0xF81F, 0xF81F,
    0x0000, 0x3D7A, 0x3D7A, 0x3D7A, 0x3D7A, 0x3D7A, 0x3D7A, 0x3186, 0xF81F, 0xF81F, 0x3186, 0x3D7A, 0x3D7A, 0x3D7A, 0x3D7A, 0x3D7A,
    0x0000, 0xF81F, 0xF81F, 0xF81F, 0xF81F, 0xF81F, 0xF81F, 0xF81F, 0xF81F, 0xF81F, 0xF81F, 0xF81F, 0xF81F, 0xF81F, 0xF81F, 0xF81F,
    0xF81F, 0xF81F, 0xF81F, 0xF81F, 0xF81F, 0xF81F, 0xF81F, 0xF81F, 0xF81F, 0x6145, 0xEB4F, 0x6145, 0xDDF1, 0xDDF1, 0xDDF1, 0xDDF1,
    0xDDF1, 0x6145, 0xEB4F, 0xEB4F, 0xEB4F, 0xB1CA, 0x6145, 0xB1CA, 0xE28C, 0x3186, 0x3186, 0xF81F, 0xF81F, 0xF81F, 0xF81F, 0xF81F,
    0xF81F, 0xF81F, 0xF81F, 0xF81F, 0xF81F, 0xF81F, 0xF81F, 0xF81F, 0xF81F, 0xF81F, 0xF81F, 0xF81F, 0xF81F, 0xF81F, 0xF81F, 0xF81F,
    0xF81F, 0xF81F, 0xF81F, 0xF81F, 0xF81F, 0xF81F, 0xF81F, 0xF81F, 0xF81F, 0xF81F, 0xF81F, 0xF81F, 0xF81F, 0xF81F, 0xF81F, 0xF81F,
    0x0000, 0x3D7A, 0x3D7A, 0x3D7A, 0x3D7A, 0x3D7A, 0x3D7A, 0x3D7A, 0x3186, 0xF81F, 0x3186, 0x3D7A, 0x3D7A, 0xE28C, 0x3D7A, 0x3D7A,
    0x0000, 0xF81F, 0xF81F, 0xF81F, 0xF81F, 0xF81F, 0xF81F, 0xF81F, 0xF81F, 0xF81F, 0xF81F, 0xF81F, 0xF81F, 0xF81F, 0xF81F, 0xF81F,
    0xF81F, 0xF81F, 0xF81F, 0xF81F, 0xF81F, 0xF81F, 0xF81F, 0xF81F, 0x6145, 0xEB4F, 0x6145, 0xDDF1, 0xDDF1, 0xDDF1, 0xDDF1, 0xDDF1,
    0xDDF1, 0x6145, 0xEB4F, 0xEB4F, 0xB1CA, 0x6145, 0x6145, 0xE28C, 0x3186, 0xF81F, 0xF81F, 0xF81F, 0xF81F, 0xF81F, 0xF81F, 0xF81F,
    0xF81F, 0xF81F, 0xF81F, 0xF81F, 0xF81F, 0xF81F, 0xF81F, 0xF81F, 0xF81F, 0xF81F, 0xF81F, 0xF81F, 0xF81F, 0xF81F, 0xF81F, 0xF81F,
    0xF81F, 0xF81F, 0xF81F, 0xF81F, 0xF81F, 0xF81F, 0xF81F, 0xF81F, 0xF81F, 0xF81F, 0xF81F, 0xF81F, 0xF81F, 0xF81F, 0xF81F, 0xF81F,
    0xF81F, 0x0000, 0x3D7A, 0x3D7A, 0x3D7A, 0x3D7A, 0x3D7A, 0x3D7A, 0x3D7A, 0x0000, 0x0000, 0x3D7A, 0x3D7A, 0xE28C, 0xE28C, 0x3D7A,
    0x0000, 0xF81F, 0xF81F, 0xF81F, 0xF81F, 0xF81F, 0xF81F, 0xF81F, 0xF81F, 0xF81F, 0xF81F, 0xF81F, 0xF81F, 0xF81F, 0xF81F, 0xF81F,
    0xF81F, 0xF81F, 0xF81F, 0xF81F, 0xF81F, 0xF81F, 0xF81F, 0xF81F, 0x6145, 0xEB4F, 0x6145, 0xDDF1, 0xDDF1, 0xDDF1, 0xDDF1, 0xDDF1,
    0x6145, 0xB1CA, 0xB1CA, 0xEB4F, 0x6145, 0xFF36, 0x7A8A, 0xB1CA, 0xF81F, 0xF81F, 0xF81F, 0xF81F, 0xF81F, 0xF81F, 0xF81F, 0xF81F,
    0xF81F, 0xF81F, 0xF81F, 0xF81F, 0xF81F, 0xF81F, 0xF81F, 0xF81F, 0xF81F, 0xF81F, 0xF81F, 0xF81F, 0xF81F, 0xF81F, 0xF81F, 0xF81F,
    0xF81F, 0xF81F, 0xF81F, 0xF81F, 0xF81F, 0xF81F, 0xF81F, 0xF81F, 0xF81F, 0x3186, 0x3186, 0x3186, 0x3186, 0xF81F, 0xF81F, 0xF81F,
    0xF81F, 0x0000, 0x3D7A, 0x3D7A, 0x3D7A, 0xE28C, 0x3D7A, 0x3D7A, 0x3D7A, 0x3D7A, 0x0000, 0x3D7A, 0x3D7A, 0xE28C, 0xE28C, 0x3D7A,
    0x0000, 0xF81F, 0xF81F, 0xF81F, 0xF81F, 0xF81F, 0xF81F, 0xF81F, 0xF81F, 0xF81F, 0xF81F, 0xF81F, 0xF81F, 0xF81F, 0xF81F, 0xF81F,
    0xF81F, 0xF81F, 0xF81F, 0xF81F, 0xF81F, 0xF81F, 0xF81F, 0x6145, 0xEB4F, 0xEB4F, 0x6145, 0xDDF1, 0xDDF1, 0xDDF1, 0xDDF1, 0xDDF1,
    0x3186, 0xB1CA, 0xB1CA, 0xB1CA, 0x0000, 0xFF36, 0xFF36, 0x7A8A, 0xF81F, 0xF81F, 0xF81F, 0xF81F, 0xF81F, 0xF81F, 0xF81F, 0xF81F,
    0xF81F, 0xF81F, 0xF81F, 0xF81F, 0xF81F, 0xF81F, 0xF81F, 0xF81F, 0xF81F, 0xF81F, 0xF81F, 0xF81F, 0xF81F, 0xF81F, 0xF81F, 0xF81F,
    0xF81F, 0xF81F, 0xF81F, 0xF81F, 0xF81F, 0xF81F, 0xF81F, 0xF81F, 0xF81F, 0x3186, 0x3D7A, 0x3D7A, 0x3D7A, 0x3186, 0x3186, 0x3186,
    0xF81F, 0xF81F, 0x0000, 0x3D7A, 0x3D7A, 0xE28C, 0xE28C, 0xE28C, 0x3D7A, 0x3D7A, 0x0000, 0x3D7A, 0xE28C, 0xE28C, 0xE28C, 0xE28C,
    0x3D7A, 0x0000, 0xF81F, 0xF81F, 0xF81F, 0xF81F, 0xF81F, 0xF81F, 0xF81F, 0xF81F, 0xF81F, 0xF81F, 0xF81F, 0xF81F, 0xF81F, 0xF81F,
    0xF81F, 0xF81F, 0xF81F, 0xF81F, 0xF81F, 0xF81F, 0xF81F, 0x6145, 0xEB4F, 0x0000, 0xDDF1, 0xDDF1, 0xDDF1, 0xDDF1, 0xDDF1, 0x6145,
    0xB1CA, 0xB1CA, 0xB1CA, 0xB1CA, 0x0000, 0xFF36, 0xFF36, 0x7A8A, 0xF81F, 0xF81F, 0xF81F, 0xF81F, 0xF81F, 0xF81F, 0xF81F, 0xF81F,
    0xF81F, 0xF81F, 0xF81F, 0xF81F, 0xF81F, 0xF81F, 0xF81F, 0xF81F, 0xF81F, 0xF81F, 0xF81F, 0xF81F, 0xF81F, 0xF81F, 0xF81F, 0xF81F,
    0xF81F, 0xF81F, 0xF81F, 0xF81F, 0xF81F, 0xF81F, 0xF81F, 0xF81F, 0xF81F, 0x3186, 0x3D7A, 0x3D7A, 0x3D7A, 0x3D7A, 0x3D7A, 0x3D7A,
    0x0000, 0x0000, 0x0000, 0x3D7A, 0x3D7A, 0xE28C, 0xE28C, 0xE28C, 0xE28C, 0x3D7A, 0x0000, 0x3D7A, 0xE28C, 0xE28C, 0xE28C, 0xE28C,
    0x3D7A, 0x0000, 0xF81F, 0xF81F, 0xF81F, 0xF81F, 0xF81F, 0xF81F, 0xF81F, 0xF81F, 0xF81F, 0xF81F, 0xF81F, 0xF81F, 0xF81F, 0xF81F,
    0xF81F, 0xF81F, 0xF81F, 0xF81F, 0xF81F, 0xF81F, 0xF81F, 0x6145, 0xEB4F, 0x0000, 0xDDF1, 0xDDF1, 0xDDF1, 0xDDF1, 0xDDF1, 0x0000,
    0xB1CA, 0xB1CA, 0xB1CA, 0x6145, 0xDDF1, 0xDDF1, 0xFF36, 0xFF36, 0x7A8A, 0xF81F, 0xF81F, 0xF81F, 0xF81F, 0xF81F, 0xF81F, 0xF81F,
    0xF81F, 0xF81F, 0xF81F, 0xF81F, 0xF81F, 0xF81F, 0xF81F, 0xF81F, 0xF81F, 0xF81F, 0xF81F, 0xF81F, 0xF81F, 0xF81F, 0xF81F, 0xF81F,
    0xF81F, 0xF81F, 0xF81F, 0xF81F, 0xF81F, 0xF81F, 0xF81F, 0xF81F, 0xF81F, 0xF81F, 0x3186, 0x3D7A, 0x3D7A, 0x3D7A, 0x3D7A, 0x3D7A,
    0x3D7A, 0x3D7A, 0x3186, 0x0000, 0x3D7A, 0x3D7A, 0xE28C, 0xE28C, 0xE28C, 0xE28C, 0x0000, 0x3D7A, 0xE28C, 0xE28C, 0xE28C, 0xE28C,
    0x3D7A, 0x0000, 0xF81F, 0xF81F, 0xF81F, 0xF81F, 0xF81F, 0xF81F, 0xF81F, 0xF81F, 0xF81F, 0xF81F, 0xF81F, 0xF81F, 0xF81F, 0xF81F,
    0xF81F, 0xF81F, 0xF81F, 0xF81F, 0xF81F, 0xF81F, 0x6145, 0xEB4F, 0xB1CA, 0x0000, 0xDDF1, 0xDDF1, 0xDDF1, 0xDDF1, 0xDDF1, 0x0000,
    0xB1CA, 0xB1CA, 0xB1CA, 0x0000, 0xDDF1, 0xDDF1, 0xFF36, 0xFF36, 0x7A8A, 0xF81F, 0xF81F, 0xF81F, 0xF81F, 0xF81F, 0xF81F, 0xF81F,
    0xF81F, 0xF81F, 0xF81F, 0xF81F, 0xF81F, 0xF81F, 0xF81F, 0xF81F, 0xF81F, 0xF81F, 0xF81F, 0xF81F, 0xF81F, 0xF81F, 0xF81F, 0xF81F,
    0xF81F, 0xF81F, 0xF81F, 0xF81F, 0xF81F, 0xF81F, 0xF81F, 0xF81F, 0xF81F, 0xF81F, 0x3186, 0x3D7A, 0x3D7A, 0x3D7A, 0x3D7A, 0x3D7A,
    0x3D7A, 0x3D7A, 0x3D7A, 0x0000, 0x3D7A, 0x3D7A, 0xE28C, 0xE28C, 0xE28C, 0xE28C, 0x0000, 0x3D7A, 0x3D7A, 0xE28C, 0xE28C, 0xE28C,
    0x3D7A, 0x0000, 0xF81F, 0xF81F, 0xF81F, 0xF81F, 0xF81F, 0xF81F, 0xF81F, 0xF81F, 0xF81F, 0xF81F, 0xF81F, 0xF81F, 0xF81F, 0xF81F,
    0xF81F, 0xF81F, 0xF81F, 0xF81F, 0xF81F, 0xF81F, 0x6145, 0xEB4F, 0x0000, 0xDDF1, 0xDDF1, 0xDDF1, 0xDDF1, 0xDDF1, 0xDDF1, 0x0000,
    0xB1CA, 0xB1CA, 0xB1CA, 0x0000, 0xDDF1, 0xDDF1, 0xDDF1, 0xFF36, 0x7A8A, 0xF81F, 0xF81F, 0xF81F, 0xF81F, 0xF81F, 0xF81F, 0xF81F,
    0xF81F, 0xF81F, 0xF81F, 0xF81F, 0xF81F, 0xF81F, 0xF81F, 0xF81F, 0xF81F, 0xF81F, 0xF81F, 0xF81F, 0xF81F, 0xF81F, 0xF81F, 0xF81F,
    0xF81F, 0xF81F, 0xF81F, 0xF81F, 0xF81F, 0xF81F, 0xF81F, 0xF81F, 0xF81F, 0xF81F, 0xF81F, 0x0000, 0x3D7A, 0x3D7A, 0x3D7A, 0x3D7A,
    0x3D7A, 0x3D7A, 0x3D7A, 0x3D7A, 0x0000, 0x3D7A, 0x3D7A, 0xE28C, 0xE28C, 0xE28C, 0xB1CA, 0x0000, 0x3D7A, 0xE28C, 0xE28C, 0xE28C,
    0x0BD3, 0x0000, 0xF81F, 0xF81F, 0xF81F, 0xF81F, 0xF81F, 0xF81F, 0xF81F, 0xF81F, 0xF81F, 0xF81F, 0xF81F, 0xF81F, 0xF81F, 0xF81F,
    0xF81F, 0xF81F, 0xF81F, 0xF81F, 0xF81F, 0x6145, 0xB1CA, 0xEB4F, 0x0000, 0xDDF1, 0xDDF1, 0xDDF1, 0xDDF1, 0xDDF1, 0x6145, 0xB1CA,
    0xB1CA, 0xB1CA, 0xB1CA, 0x0000, 0xDDF1, 0xDDF1, 0xDDF1, 0xDDF1, 0x3186, 0xF81F, 0xF81F, 0xF81F, 0xF81F, 0xF81F, 0xF81F, 0xF81F,
    0xF81F, 0xF81F, 0xF81F, 0xF81F, 0xF81F, 0xF81F, 0xF81F, 0xF81F, 0xF81F, 0xF81F, 0xF81F, 0xF81F, 0xF81F, 0xF81F, 0xF81F, 0xF81F,
    0xF81F, 0xF81F, 0xF81F, 0xF81F, 0xF81F, 0xF81F, 0xF81F, 0xF81F, 0xF81F, 0xF81F, 0xF81F, 0x0000, 0x3D7A, 0x3D7A, 0x3D7A, 0xE28C,
    0xE28C, 0xE28C, 0x3D7A, 0x3D7A, 0x0BD3, 0x0000, 0x3D7A, 0xE28C, 0xE28C, 0xE28C, 0xB1CA, 0x0000, 0x3D7A, 0xB1CA, 0xB1CA, 0x0BD3,
    0x0BD3, 0x0000, 0xF81F, 0xF81F, 0xF81F, 0xF81F, 0xF81F, 0xF81F, 0xF81F, 0xF81F, 0xF81F, 0xF81F, 0xF81F, 0xF81F, 0xF81F, 0xF81F,
    0xF81F, 0xF81F, 0xF81F, 0xF81F, 0xF81F, 0x6145, 0xEB4F, 0xEB4F, 0x0000, 0xDDF1, 0xDDF1, 0xDDF1, 0xDDF1, 0xDDF1, 0x0000, 0xB1CA,
    0xB1CA, 0xB1CA, 0xB1CA, 0x0000, 0xDDF1, 0xDDF1, 0xDDF1, 0xDDF1, 0x3186, 0xF81F, 0xF81F, 0xF81F, 0xF81F, 0xF81F, 0xF81F, 0xF81F,
    0xF81F, 0xF81F, 0xF81F, 0xF81F, 0xF81F, 0xF81F, 0xF81F, 0xF81F, 0xF81F, 0xF81F, 0xF81F, 0xF81F, 0xF81F, 0xF81F, 0xF81F, 0xF81F,
    0xF81F, 0xF81F, 0xF81F, 0xF81F, 0xF81F, 0xF81F, 0xF81F, 0xF81F, 0xF81F, 0xF81F, 0xF81F, 0xF81F, 0x0000, 0x3D7A, 0x3D7A, 0xE28C,
    0xE28C, 0xE28C, 0xE28C, 0xE28C, 0x0BD3, 0x0000, 0x0BD3, 0x3D7A, 0xE28C, 0xB1CA, 0xB1CA, 0x0000, 0x0BD3, 0x0BD3, 0xB1CA, 0x0BD3,
    0x0BD3, 0x0000, 0xF81F, 0xF81F, 0xF81F, 0xF81F, 0xF81F, 0xF81F, 0xF81F, 0xF81F, 0xF81F, 0xF81F, 0xF81F, 0xF81F, 0xF81F, 0xF81F,
    0xF81F, 0xF81F, 0xF81F, 0xF81F, 0x6145, 0x6145, 0xEB4F, 0x0000, 0xDDF1, 0xDDF1, 0xDDF1, 0xDDF1, 0xDDF1, 0xDDF1, 0x0000, 0xB1CA,
    0xB1CA, 0xB1CA, 0xB1CA, 0x0000, 0xDDF1, 0xDDF1, 0xDDF1, 0xDDF1, 0x3186, 0xF81F, 0xF81F, 0xF81F, 0xF81F, 0xF81F, 0xF81F, 0xF81F,
    0xF81F, 0xF81F, 0xF81F, 0xF81F, 0xF81F, 0xF81F, 0xF81F, 0xF81F, 0xF81F, 0xF81F, 0xF81F, 0xF81F, 0xF81F, 0xF81F, 0xF81F, 0xF81F,
    0xF81F, 0xF81F, 0xF81F, 0xF81F, 0xF81F, 0xF81F, 0xF81F, 0xF81F, 0xF81F, 0xF81F, 0xF81F, 0xF81F, 0x3186, 0x0000, 0x3D7A, 0x3D7A,
    0xE28C, 0xE28C, 0xE28C, 0xE28C, 0xB1CA, 0x0BD3, 0x0000, 0x0BD3, 0x0BD3, 0xB1CA, 0xB1CA, 0x0BD3, 0x0000, 0x0BD3, 0x0BD3, 0x0BD3,
    0x0BD3, 0x0000, 0xF81F, 0xF81F, 0xF81F, 0xF81F, 0xF81F, 0xF81F, 0xF81F, 0xF81F, 0xF81F, 0xF81F, 0xF81F, 0xF81F, 0xF81F, 0xF81F,
    0xF81F, 0xF81F, 0xF81F, 0xF81F, 0x6145, 0xB1CA, 0xB1CA, 0x0000, 0xDDF1, 0xDDF1, 0xDDF1, 0xDDF1, 0xDDF1, 0xDDF1, 0x0000, 0xB1CA,
    0xB1CA, 0xB1CA, 0xB1CA, 0x6145, 0x6145, 0xDDF1, 0xDDF1, 0x7A8A, 0xF81F, 0xF81F, 0xF81F, 0xF81F, 0xF81F, 0xF81F, 0xF81F, 0xF81F,
    0xF81F, 0xF81F, 0xF81F, 0xF81F, 0xF81F, 0xF81F, 0xF81F, 0xF81F, 0xF81F, 0xF81F, 0xF81F, 0xF81F, 0xF81F, 0xF81F, 0xF81F, 0xF81F,
    0xF81F, 0xF81F, 0xF81F, 0xF81F, 0xF81F, 0xF81F, 0xF81F, 0xF81F, 0xF81F, 0x3186, 0x3186, 0x3186, 0x3D7A, 0x3D7A, 0x0000, 0x3D7A,
    0x3D7A, 0xE28C, 0xE28C, 0xE28C, 0xB1CA, 0xB1CA, 0x0BD3, 0x0000, 0x0BD3, 0x0BD3, 0x0BD3, 0x0BD3, 0x0000, 0x0BD3, 0x0BD3, 0x0BD3,
    0x0000, 0xF81F, 0xF81F, 0xF81F, 0xF81F, 0xF81F, 0xF81F, 0xF81F, 0xF81F, 0xF81F, 0xF81F, 0xF81F, 0xF81F, 0xF81F, 0xF81F, 0xF81F,
    0xF81F, 0xF81F, 0xF81F, 0x6145, 0xB1CA, 0xB1CA, 0x0000, 0xDDF1, 0xDDF1, 0xDDF1, 0xDDF1, 0xDDF1, 0xDDF1, 0xDDF1, 0x0000, 0xB1CA,
    0xB1CA, 0xB1CA, 0xB1CA, 0xB1CA, 0x0000, 0xDDF1, 0xDDF1, 0x3186, 0xF81F, 0xF81F, 0xF81F, 0xF81F, 0xF81F, 0xF81F, 0xF81F, 0xF81F,
    0xF81F, 0xF81F, 0xF81F, 0xF81F, 0xF81F, 0xF81F, 0xF81F, 0xF81F, 0xF81F, 0xF81F, 0xF81F, 0xF81F, 0xF81F, 0xF81F, 0xF81F, 0xF81F,
    0xF81F, 0xF81F, 0xF81F, 0xF81F, 0xF81F, 0xF81F, 0xF81F, 0x3186, 0x3186, 0x3D7A, 0x3D7A, 0x3D7A, 0x3D7A, 0x3D7A, 0xE28C, 0x0000,
    0x0000, 0x3D7A, 0x3D7A, 0xE28C, 0xE28C, 0xB1CA, 0x0BD3, 0x0BD3, 0x0000, 0x0BD3, 0x0BD3, 0x0BD3, 0x0BD3, 0x0000, 0x0BD3, 0x0BD3,
    0x0000, 0xF81F, 0xF81F, 0xF81F, 0xF81F, 0xF81F, 0xF81F, 0xF81F, 0xF81F, 0xF81F, 0xF81F, 0xF81F, 0xF81F, 0xF81F, 0xF81F, 0xF81F,
    0xF81F, 0xF81F, 0x6145, 0xB1CA, 0xB1CA, 0xB1CA, 0x0000, 0xDDF1, 0xDDF1, 0xDDF1, 0xDDF1, 0xDDF1, 0xDDF1, 0xDDF1, 0x0000, 0xB1CA,
    0xB1CA, 0xB1CA, 0xB1CA, 0xB1CA, 0x0000, 0xDDF1, 0x3186, 0xF81F, 0xF81F, 0xF81F, 0xF81F, 0xF81F, 0xF81F, 0xF81F, 0xF81F, 0xF81F,
    0xF81F, 0xF81F, 0xF81F, 0xF81F, 0xF81F, 0xF81F, 0xF81F, 0xF81F, 0xF81F, 0xF81F, 0xF81F, 0xF81F, 0xF81F, 0xF81F, 0xF81F, 0xF81F,
    0xF81F, 0xF81F, 0xF81F, 0xF81F, 0xF81F, 0xF81F, 0xF81F, 0x0000, 0x3D7A, 0x3D7A, 0x3D7A, 0x3D7A, 0xE28C, 0xE28C, 0xE28C, 0xE28C,
    0xE28C, 0x0000, 0x0000, 0x3D7A, 0x0BD3, 0x0BD3, 0x0BD3, 0x0BD3, 0x0BD3, 0x0000, 0x0000, 0x0BD3, 0x0BD3, 0x0000, 0x0BD3, 0x0BD3,
    0x0000, 0xF81F, 0xF81F, 0xF81F, 0xF81F, 0xF81F, 0xF81F, 0xF81F, 0xF81F, 0xF81F, 0xF81F, 0xF81F, 0xF81F, 0xF81F, 0xF81F, 0xF81F,
    0xF81F, 0xF81F, 0x6145, 0xB1CA, 0xB1CA, 0x0000, 0xDDF1, 0xDDF1, 0xDDF1, 0xDDF1, 0xDDF1, 0xDDF1, 0xDDF1, 0xDDF1, 0x0000, 0xB1CA,
    0xB1CA, 0xB1CA, 0xB1CA, 0xB1CA, 0x0000, 0x7A8A, 0xF81F, 0xF81F, 0xF81F, 0xF81F, 0xF81F, 0xF81F, 0xF81F, 0xF81F, 0xF81F, 0xF81F,
    0xF81F, 0xF81F, 0xF81F, 0xF81F, 0xF81F, 0xF81F, 0xF81F, 0xF81F, 0xF81F, 0xF81F, 0xF81F, 0xF81F, 0xF81F, 0xF81F, 0xF81F, 0xF81F,
    0xF81F, 0xF81F, 0xF81F, 0xF81F, 0xF81F, 0xF81F, 0xF81F, 0xF81F, 0x0000, 0x3D7A, 0x3D7A, 0x3D7A, 0x3D7A, 0xE28C, 0xE28C, 0xE28C,
    0xE28C, 0xE28C, 0xE28C, 0x0000, 0x0000, 0x0000, 0x0BD3, 0x0BD3, 0x0BD3, 0x0BD3, 0x0BD3, 0x0000, 0x0BD3, 0x0BD3, 0x0BD3, 0x0000,
    0xF81F, 0xF81F, 0xF81F, 0xF81F, 0xF81F, 0xF81F, 0xF81F, 0xF81F, 0xF81F, 0xF81F, 0xF81F, 0xF81F, 0xF81F, 0xF81F, 0xF81F, 0xF81F,
    0xF81F, 0x6145, 0xB1CA, 0xB1CA, 0xB1CA, 0x0000, 0xDDF1, 0xDDF1, 0xDDF1, 0xDDF1, 0xDDF1, 0xDDF1, 0xDDF1, 0xDDF1, 0xDDF1, 0x0000,
    0xB1CA, 0xB1CA, 0xB1CA, 0xB1CA, 0x6145, 0xF81F, 0xF81F, 0xF81F, 0xF81F, 0xF81F, 0xF81F, 0xF81F, 0xF81F, 0xF81F, 0xF81F, 0xF81F,
    0xF81F, 0xF81F, 0xF81F, 0xF81F, 0xF81F, 0xF81F, 0xF81F, 0xF81F, 0xF81F, 0xF81F, 0xF81F, 0xF81F, 0xF81F, 0xF81F, 0xF81F, 0xF81F,
    0xF81F, 0xF81F, 0xF81F, 0xF81F, 0xF81F, 0xF81F, 0xF81F, 0xF81F, 0xF81F, 0x0000, 0x0000, 0x3D7A, 0x3D7A, 0x3D7A, 0x3D7A, 0xE28C,
    0xE28C, 0xE28C, 0xE28C, 0xE28C, 0xB1CA, 0xB1CA, 0x0000, 0x0000, 0x0000, 0x3186, 0x0BD3, 0x0BD3, 0x0BD3, 0x0BD3, 0x0BD3, 0x0000,
    0xF81F, 0xF81F, 0xF81F, 0xF81F, 0xF81F, 0xF81F, 0xF81F, 0xF81F, 0xF81F, 0xF81F, 0xF81F, 0xF81F, 0xF81F, 0xF81F, 0xF81F, 0xF81F,
    0x6145, 0xB1CA, 0xB1CA, 0xB1CA, 0x0000, 0xDDF1, 0xDDF1, 0xDDF1, 0xDDF1, 0xDDF1, 0xDDF1, 0xDDF1, 0xDDF1, 0xDDF1, 0x7A8A, 0x0000,
    0xB1CA, 0xB1CA, 0xB1CA, 0xB1CA, 0xB1CA, 0x6145, 0xF81F, 0xF81F, 0xF81F, 0xF81F, 0xF81F, 0xF81F, 0xF81F, 0xF81F, 0xF81F, 0xF81F,
    0xF81F, 0xF81F, 0xF81F, 0xF81F, 0xF81F, 0xF81F, 0xF81F, 0xF81F, 0xF81F, 0xF81F, 0xF81F, 0xF81F, 0xF81F, 0xF81F, 0xF81F, 0xF81F,
    0xF81F, 0xF81F, 0xF81F, 0xF81F, 0xF81F, 0xF81F, 0xF81F, 0xF81F, 0xF81F, 0xF81F, 0xF81F, 0x0000, 0x0000, 0x3D7A, 0x3D7A, 0x3D7A,
    0x3D7A, 0x3D7A, 0xE28C, 0xB1CA, 0xB1CA, 0x0BD3, 0x0BD3, 0x0BD3, 0x0BD3, 0x0BD3, 0x0BD3, 0x0BD3, 0x0BD3, 0x0BD3, 0x0000, 0xF81F,
    0xF81F, 0xF81F, 0xF81F, 0xF81F, 0xF81F, 0xF81F, 0xF81F, 0xF81F, 0xF81F, 0xF81F, 0xF81F, 0xF81F, 0xF81F, 0xF81F, 0xF81F, 0x6145,
    0xB1CA, 0xB1CA, 0xB1CA, 0x3186, 0xDDF1, 0xDDF1, 0xDDF1, 0xDDF1, 0xDDF1, 0xDDF1, 0xDDF1, 0xDDF1, 0xDDF1, 0x7A8A, 0xF81F, 0x6145,
    0xB1CA, 0xB1CA, 0xB1CA, 0xB1CA, 0xB1CA, 0x6145, 0xF81F, 0xF81F, 0xF81F, 0xF81F, 0xF81F, 0xF81F, 0xF81F, 0xF81F, 0xF81F, 0xF81F,
    0xF81F, 0xF81F, 0xF81F, 0xF81F, 0xF81F, 0xF81F, 0xF81F, 0xF81F, 0xF81F, 0xF81F, 0xF81F, 0xF81F, 0xF81F, 0xF81F, 0xF81F, 0xF81F,
    0xF81F, 0xF81F, 0xF81F, 0xF81F, 0xF81F, 0xF81F, 0xF81F, 0xF81F, 0xF81F, 0xF81F, 0xF81F, 0xF81F, 0xF81F, 0x0000, 0x0000, 0x0000,
    0x3D7A, 0x3D7A, 0x3D7A, 0x0BD3, 0x0BD3, 0x0BD3, 0x0BD3, 0x0000, 0x0000, 0x0000, 0x0000, 0x0BD3, 0x0BD3, 0x0BD3, 0x0000, 0xF81F,
    0xF81F, 0xF81F, 0xF81F, 0xF81F, 0xF81F, 0xF81F, 0xF81F, 0xF81F, 0xF81F, 0xF81F, 0xF81F, 0xF81F, 0xF81F, 0xF81F, 0x6145, 0xB1CA,
    0xB1CA, 0xB1CA, 0xB1CA, 0x3186, 0xDDF1, 0xDDF1, 0xDDF1, 0xDDF1, 0xDDF1, 0xDDF1, 0x3186, 0x3186, 0x3186, 0x0000, 0x0000, 0x0000,
    0x0000, 0x3186, 0x7A8A, 0x7A8A, 0x7A8A, 0x7A8A, 0xF81F, 0xF81F, 0xF81F, 0xF81F, 0xF81F, 0xF81F, 0xF81F, 0xF81F, 0xF81F, 0xF81F,
    0xF81F, 0xF81F, 0xF81F, 0xF81F, 0xF81F, 0xF81F, 0xF81F, 0xF81F, 0xF81F, 0xF81F, 0xF81F, 0xF81F, 0xF81F, 0xF81F, 0xF81F, 0xF81F,
    0xF81F, 0xF81F, 0xF81F, 0xF81F, 0xF81F, 0xF81F, 0xF81F, 0xF81F, 0xF81F, 0xF81F, 0xF81F, 0xF81F, 0xF81F, 0xF81F, 0xF81F, 0xF81F,
    0x0000, 0x0000, 0x0000, 0x0000, 0x0000, 0x0000, 0x0000, 0xF81F, 0xF81F, 0xF81F, 0xF81F, 0x0000, 0x0BD3, 0x0BD3, 0x0BD3, 0x0000,
    0xF81F, 0xF81F, 0xF81F, 0xF81F, 0xF81F, 0xF81F, 0xF81F, 0xF81F, 0xF81F, 0xF81F, 0xF81F, 0xF81F, 0xF81F, 0xF81F, 0x6145, 0xB1CA,
    0xB1CA, 0xB1CA, 0x3186, 0xDDF1, 0xDDF1, 0x3186, 0x3186, 0x3186, 0x3186, 0x3186, 0x3D7A, 0x3D7A, 0x3D7A, 0x3D7A, 0x3D7A, 0x3186,
    0x3186, 0x3186, 0x3186, 0xDDF1, 0xFF36, 0xFF36, 0x7A8A, 0x7A8A, 0x7A8A, 0xF81F, 0xF81F, 0xF81F, 0xF81F, 0xF81F, 0xF81F, 0xF81F,
    0xF81F, 0xF81F, 0xF81F, 0xF81F, 0xF81F, 0xF81F, 0xF81F, 0xF81F, 0xF81F, 0xF81F, 0xF81F, 0xF81F, 0xF81F, 0xF81F, 0xF81F, 0xF81F,
    0xF81F, 0xF81F, 0xF81F, 0xF81F, 0xF81F, 0xF81F, 0xF81F, 0xF81F, 0xF81F, 0xF81F, 0xF81F, 0xF81F, 0xF81F, 0xF81F, 0xF81F, 0xF81F,
    0xF81F, 0xF81F, 0xF81F, 0xF81F, 0xF81F, 0xF81F, 0xF81F, 0xF81F, 0xF81F, 0xF81F, 0xF81F, 0xF81F, 0x0000, 0x0BD3, 0x0BD3, 0x0000,
    0xF81F, 0xF81F, 0xF81F, 0xF81F, 0xF81F, 0xF81F, 0xF81F, 0xF81F, 0xF81F, 0xF81F, 0xF81F, 0xF81F, 0xF81F, 0x6145, 0xB1CA, 0xB1CA,
    0xB1CA, 0x3186, 0x0000, 0x0000, 0x0000, 0x3D7A, 0x3D7A, 0x3D7A, 0x3D7A, 0x3D7A, 0x3D7A, 0x3D7A, 0x3D7A, 0x3D7A, 0x3D7A, 0x3D7A,
    0x3D7A, 0x3186, 0x3186, 0x3186, 0x3186, 0xFF36, 0xFF36, 0xFF36, 0xDDF1, 0x7A8A, 0x7A8A, 0xF81F, 0xF81F, 0xF81F, 0xF81F, 0xF81F,
    0xF81F, 0xF81F, 0xF81F, 0xF81F, 0xF81F, 0xF81F, 0xF81F, 0xF81F, 0xF81F, 0xF81F, 0xF81F, 0xF81F, 0xF81F, 0xF81F, 0xF81F, 0xF81F,
    0xF81F, 0xF81F, 0xF81F, 0xF81F, 0xF81F, 0xF81F, 0xF81F, 0xF81F, 0xF81F, 0xF81F, 0xF81F, 0xF81F, 0xF81F, 0xF81F, 0xF81F, 0xF81F,
    0xF81F, 0xF81F, 0xF81F, 0xF81F, 0xF81F, 0xF81F, 0xF81F, 0xF81F, 0xF81F, 0xF81F, 0xF81F, 0xF81F, 0x0000, 0x3186, 0x0BD3, 0x0000,
    0xF81F, 0xF81F, 0xF81F, 0xF81F, 0xF81F, 0xF81F, 0xF81F, 0xF81F, 0xF81F, 0xF81F, 0xF81F, 0xF81F, 0x6145, 0xB1CA, 0xB1CA, 0x0000,
    0x0000, 0x0000, 0x3186, 0x3186, 0x3186, 0x3D7A, 0x3D7A, 0x3D7A, 0x3D7A, 0x3D7A, 0x3D7A, 0x3D7A, 0x3D7A, 0x3D7A, 0x3D7A, 0x3D7A,
    0x3D7A, 0x3D7A, 0x3186, 0x3186, 0x3186, 0x3186, 0xFF36, 0xFF36, 0xFF36, 0xFF36, 0xFF36, 0x7A8A, 0x7A8A, 0xF81F, 0xF81F, 0xF81F,
    0xF81F, 0xF81F, 0xF81F, 0xF81F, 0xF81F, 0xF81F, 0xF81F, 0xF81F, 0xF81F, 0xF81F, 0xF81F, 0xF81F, 0xF81F, 0xF81F, 0xF81F, 0xF81F,
    0xF81F, 0xF81F, 0xF81F, 0xF81F, 0xF81F, 0xF81F, 0xF81F, 0xF81F, 0xF81F, 0xF81F, 0xF81F, 0xF81F, 0xF81F, 0xF81F, 0xF81F, 0xF81F,
    0xF81F, 0xF81F, 0xF81F, 0xF81F, 0xF81F, 0xF81F, 0xF81F, 0xF81F, 0xF81F, 0xF81F, 0xF81F, 0x0000, 0x0BD3, 0x3186, 0x0BD3, 0x0000,
    0xF81F, 0xF81F, 0xF81F, 0xF81F, 0xF81F, 0xF81F, 0xF81F, 0xF81F, 0xF81F, 0xF81F, 0xF81F, 0x6145, 0xB1CA, 0x0000, 0x0000, 0x0000,
    0x3D7A, 0x3D7A, 0x3D7A, 0x3186, 0x3186, 0x3186, 0x3D7A, 0x3D7A, 0x3D7A, 0x3D7A, 0x3D7A, 0x3D7A, 0x3D7A, 0x3D7A, 0x3D7A, 0x3D7A,
    0x3D7A, 0x3186, 0x3186, 0x3186, 0x3186, 0xDDF1, 0xFF36, 0xFF36, 0xFF36, 0xFF36, 0xFF36, 0xFF36, 0xDDF1, 0x7A8A, 0xF81F, 0xF81F,
    0xF81F, 0xF81F, 0xF81F, 0xF81F, 0xF81F, 0xF81F, 0xF81F, 0xF81F, 0xF81F, 0xF81F, 0xF81F, 0xF81F, 0xF81F, 0xF81F, 0xF81F, 0xF81F,
    0xF81F, 0xF81F, 0xF81F, 0xF81F, 0xF81F, 0xF81F, 0xF81F, 0xF81F, 0xF81F, 0xF81F, 0xF81F, 0xF81F, 0xF81F, 0xF81F, 0xF81F, 0xF81F,
    0xF81F, 0xF81F, 0xF81F, 0xF81F, 0xF81F, 0xF81F, 0xF81F, 0xF81F, 0xF81F, 0x0000, 0x0000, 0x3D7A, 0x3D7A, 0x3186, 0x0000, 0xF81F,
    0xF81F, 0xF81F, 0xF81F, 0xF81F, 0xF81F, 0xF81F, 0xF81F, 0xF81F, 0xF81F, 0xF81F, 0x6145, 0xB1CA, 0x0000, 0x0000, 0x3D7A, 0x3D7A,
    0x3D7A, 0x3D7A, 0x3D7A, 0x3D7A, 0x3186, 0x3186, 0x3186, 0x3D7A, 0x3D7A, 0x3D7A, 0x3D7A, 0x3D7A, 0x3D7A, 0x3D7A, 0x3D7A, 0x3D7A,
    0x3186, 0x3186, 0x3186, 0x3186, 0xFF36, 0xFF36, 0xFF36, 0xFF36, 0xFF36, 0xFF36, 0xFF36, 0xFF36, 0xFF36, 0xFF36, 0x7A8A, 0x7A8A,
    0xF81F, 0xF81F, 0xF81F, 0xF81F, 0xF81F, 0xF81F, 0xF81F, 0xF81F, 0xF81F, 0xF81F, 0xF81F, 0xF81F, 0xF81F, 0xF81F, 0xF81F, 0xF81F,
    0xF81F, 0xF81F, 0xF81F, 0xF81F, 0xF81F, 0xF81F, 0xF81F, 0xF81F, 0xF81F, 0xF81F, 0xF81F, 0xF81F, 0xF81F, 0xF81F, 0xF81F, 0xF81F,
    0xF81F, 0xF81F, 0xF81F, 0xF81F, 0xF81F, 0xF81F, 0xF81F, 0x3186, 0x3186, 0x3D7A, 0x3D7A, 0x3D7A, 0x0BD3, 0x3186, 0x0000, 0xF81F,
    0xF81F, 0xF81F, 0xF81F, 0xF81F, 0xF81F, 0xF81F, 0xF81F, 0xF81F, 0xF81F, 0x6145, 0x0000, 0x0000, 0x3D7A, 0x3D7A, 0x3D7A, 0x3D7A,
    0x3D7A, 0x3D7A, 0x3D7A, 0x3D7A, 0x3D7A, 0x3D7A, 0x3186, 0x3186, 0x3186, 0x3D7A, 0x3D7A, 0x3D7A, 0x3D7A, 0x3D7A, 0x3186, 0x3186,
    0x3186, 0x3186, 0xDDF1, 0xFF36, 0xFF36, 0xFF36, 0xFF36, 0xFF36, 0xFF36, 0xFF36, 0xFF36, 0xFF36, 0xFF36, 0xFF36, 0xFF36, 0xDDF1,
    0x7A8A, 0xF81F, 0xF81F, 0xF81F, 0xF81F, 0xF81F, 0xF81F, 0xF81F, 0xF81F, 0xF81F, 0xF81F, 0xF81F, 0xF81F, 0xF81F, 0xF81F, 0xF81F,
    0xF81F, 0xF81F, 0xF81F, 0xF81F, 0xF81F, 0xF81F, 0xF81F, 0xF81F, 0xF81F, 0xF81F, 0xF81F, 0xF81F, 0xF81F, 0xF81F, 0xF81F, 0xF81F,
    0xF81F, 0xF81F, 0xF81F, 0xF81F, 0xF81F, 0x3186, 0x3186, 0x3D7A, 0x3D7A, 0x3D7A, 0x3D7A, 0x3D7A, 0x3186, 0x0000, 0xF81F, 0xF81F,
    0xF81F, 0xF81F, 0xF81F, 0xF81F, 0xF81F, 0xF81F, 0xF81F, 0xF81F, 0x6145, 0x0000, 0x3186, 0x3186, 0x3D7A, 0x3D7A, 0x3D7A, 0x3D7A,
    0x3D7A, 0x3D7A, 0x3D7A, 0x3D7A, 0x3D7A, 0x3D7A, 0x3D7A, 0x3186, 0x3186, 0x3186, 0x3186, 0x3186, 0x3186, 0x3186, 0x3186, 0x3186,
    0x3186, 0xFF36, 0xFF36, 0xFF36, 0xFF36, 0xFF36, 0xFF36, 0xFF36, 0xFF36, 0xFF36, 0xFF36, 0xFF36, 0xFF36, 0xFF36, 0xFF36, 0xFF36,
    0xFF36, 0x7A8A, 0xF81F, 0xF81F, 0xF81F, 0xF81F, 0xF81F, 0xF81F, 0xF81F, 0xF81F, 0xF81F, 0xF81F, 0xF81F, 0xF81F, 0xF81F, 0xF81F,
    0xF81F, 0xF81F, 0xF81F, 0xF81F, 0xF81F, 0xF81F, 0xF81F, 0xF81F, 0xF81F, 0xF81F, 0xF81F, 0xF81F, 0xF81F, 0xF81F, 0xF81F, 0xF81F,
    0xF81F, 0xF81F, 0xF81F, 0xF81F, 0x3186, 0x3186, 0x3186, 0x3D7A, 0x3D7A, 0x3D7A, 0x3D7A, 0x0BD3, 0x0000, 0xF81F, 0xF81F, 0xF81F,
    0xF81F, 0xF81F, 0xF81F, 0xF81F, 0xF81F, 0xF81F, 0xF81F, 0x6145, 0x0000, 0x3186, 0x3186, 0x3186, 0x3186, 0x3D7A, 0x3D7A, 0x3D7A,
    0x3D7A, 0x3D7A, 0x3D7A, 0x3D7A, 0x3D7A, 0x3D7A, 0x3186, 0x3186, 0x3186, 0x3186, 0x3186, 0x3186, 0x3186, 0x3186, 0x3186, 0x3186,
    0xFF36, 0xFF36, 0xFF36, 0xFF36, 0xFF36, 0xFF36, 0xFF36, 0xFF36, 0xFF36, 0xFF36, 0xFF36, 0xFF36, 0xFF36, 0xFF36, 0xFF36, 0xFF36,
    0xFF36, 0xFF36, 0x7A8A, 0xF81F, 0xF81F, 0xF81F, 0xF81F, 0xF81F, 0xF81F, 0xF81F, 0xF81F, 0xF81F, 0xF81F, 0xF81F, 0xF81F, 0xF81F,
    0xF81F, 0xF81F, 0xF81F, 0xF81F, 0xF81F, 0xF81F, 0xF81F, 0xF81F, 0xF81F, 0xF81F, 0xF81F, 0xF81F, 0xF81F, 0xF81F, 0xF81F, 0xF81F,
    0xF81F, 0xF81F, 0xF81F, 0x3186, 0x0BD3, 0x3D7A, 0x3186, 0x3186, 0x3D7A, 0x0BD3, 0x0000, 0x0000, 0xF81F, 0xF81F, 0xF81F, 0xF81F,
    0xF81F, 0xF81F, 0xF81F, 0xF81F, 0xF81F, 0x6145, 0x6145, 0x0000, 0x3D7A, 0x3186, 0x3186, 0x3186, 0x3186, 0x3186, 0x3D7A, 0x3D7A,
    0x3D7A, 0x3D7A, 0x3D7A, 0x3D7A, 0x3D7A, 0x3186, 0x3186, 0x3186, 0xE28C, 0xE28C, 0xE28C, 0xE28C, 0xE28C, 0x3186, 0x3186, 0xFF36,
    0xFF36, 0xFF36, 0xFF36, 0xFF36, 0xFF36, 0xFF36, 0xFF36, 0xFF36, 0xFF36, 0xFF36, 0xFF36, 0xFF36, 0xFF36, 0xFF36, 0xFF36, 0xFF36,
    0xFF36, 0xFF36, 0xFF36, 0x7A8A, 0xF81F, 0xF81F, 0xF81F, 0xF81F, 0xF81F, 0xF81F, 0xF81F, 0xF81F, 0xF81F, 0xF81F, 0xF81F, 0xF81F,
    0xF81F, 0xF81F, 0xF81F, 0xF81F, 0xF81F, 0xF81F, 0xF81F, 0xF81F, 0xF81F, 0xF81F, 0xF81F, 0xF81F, 0xF81F, 0xF81F, 0xF81F, 0xF81F,
    0xF81F, 0xF81F, 0x3186, 0x3186, 0x3D7A, 0x3D7A, 0x3186, 0x3186, 0x3186, 0x0000, 0xF81F, 0xF81F, 0xF81F, 0xF81F, 0xF81F, 0xF81F,
    0xF81F, 0xF81F, 0xF81F, 0x6145, 0x6145, 0xB1CA, 0x0000, 0x3D7A, 0x3D7A, 0x3D7A, 0x3186, 0x3186, 0x3186, 0x3186, 0x3186, 0x3186,
    0x3186, 0x3D7A, 0x3D7A, 0x3D7A, 0x3186, 0x3186, 0x3186, 0xE28C, 0xE28C, 0xE28C, 0xE28C, 0xE28C, 0xE28C, 0xB1CA, 0x3186, 0x3186,
    0xDDF1, 0xDDF1, 0xDDF1, 0xDDF1, 0xDDF1, 0xFF36, 0xFF36, 0xFF36, 0xFF36, 0xFF36, 0xFF36, 0xFF36, 0xFF36, 0xFF36, 0xFF36, 0xFF36,
    0xFF36, 0xFF36, 0xFF36, 0xDDF1, 0x7A8A, 0xF81F, 0xF81F, 0xF81F, 0xF81F, 0xF81F, 0xF81F, 0xF81F, 0xF81F, 0xF81F, 0xF81F, 0xF81F,
    0xF81F, 0xF81F, 0xF81F, 0xF81F, 0xF81F, 0xF81F, 0xF81F, 0xF81F, 0xF81F, 0xF81F, 0xF81F, 0xF81F, 0xF81F, 0xF81F, 0xF81F, 0xF81F,
    0xF81F, 0xF81F, 0x3186, 0x3D7A, 0x3D7A, 0x3D7A, 0x3186, 0x3186, 0x0000, 0xF81F, 0xF81F, 0xF81F, 0xF81F, 0xF81F, 0xF81F, 0xF81F,
    0xF81F, 0x6145, 0x6145, 0xB1CA, 0xB1CA, 0x0000, 0x3D7A, 0x3D7A, 0x3D7A, 0x3D7A, 0x3186, 0x3186, 0x3186, 0x3186, 0x3186, 0x3186,
    0x3186, 0x3186, 0x3186, 0x3186, 0x3186, 0x3186, 0xE28C, 0xE28C, 0xE28C, 0xE28C, 0xB1CA, 0xB1CA, 0xB1CA, 0xB1CA, 0xB1CA, 0x3186,
    0x3186, 0xDDF1, 0xDDF1, 0xDDF1, 0xDDF1, 0xDDF1, 0xDDF1, 0xDDF1, 0xDDF1, 0xFF36, 0xFF36, 0xFF36, 0xFF36, 0xFF36, 0xFF36, 0xFF36,
    0xFF36, 0xFF36, 0xFF36, 0xFF36, 0x7A8A, 0xF81F, 0xF81F, 0xF81F, 0xF81F, 0xF81F, 0xF81F, 0xF81F, 0xF81F, 0xF81F, 0xF81F, 0xF81F,
    0xF81F, 0xF81F, 0xF81F, 0xF81F, 0xF81F, 0xF81F, 0xF81F, 0xF81F, 0xF81F, 0xF81F, 0xF81F, 0xF81F, 0xF81F, 0xF81F, 0xF81F, 0xF81F,
    0xF81F, 0x3186, 0x0BD3, 0x3D7A, 0x3D7A, 0x3D7A, 0x3186, 0x3186, 0x0000, 0xF81F, 0xF81F, 0xF81F, 0xF81F, 0xF81F, 0xF81F, 0x6145,
    0x6145, 0xB1CA, 0xB1CA, 0xB1CA, 0x0000, 0x0000, 0x3D7A, 0x3D7A, 0x3D7A, 0x3D7A, 0x3D7A, 0x3186, 0x3186, 0x3D7A, 0x3D7A, 0x3D7A,
    0x3186, 0x3186, 0x3186, 0x3186, 0x3186, 0xB1CA, 0xB1CA, 0xB1CA, 0xB1CA, 0xB1CA, 0xB1CA, 0xB1CA, 0xB1CA, 0xB1CA, 0xB1CA, 0xB1CA,
    0x3186, 0x3186, 0xDDF1, 0xDDF1, 0xDDF1, 0xDDF1, 0xDDF1, 0xDDF1, 0xDDF1, 0xDDF1, 0xDDF1, 0xFF36, 0xFF36, 0xFF36, 0xFF36, 0xFF36,
    0xFF36, 0xFF36, 0xFF36, 0xFF36, 0xDDF1, 0x7A8A, 0xF81F, 0xF81F, 0xF81F, 0xF81F, 0xF81F, 0xF81F, 0xF81F, 0xF81F, 0xF81F, 0xF81F,
    0xF81F, 0xF81F, 0xF81F, 0xF81F, 0xF81F, 0xF81F, 0xF81F, 0xF81F, 0xF81F, 0xF81F, 0xF81F, 0xF81F, 0xF81F, 0xF81F, 0xF81F, 0xF81F,
    0xF81F, 0x3186, 0x0BD3, 0x3D7A, 0x3D7A, 0x3186, 0x3186, 0x0000, 0xF81F, 0xF81F, 0xF81F, 0xF81F, 0x6145, 0x6145, 0x6145, 0xB1CA,
    0xB1CA, 0xB1CA, 0xB1CA, 0x0000, 0x0000, 0x3D7A, 0x3D7A, 0x3D7A, 0x3D7A, 0x3D7A, 0x3D7A, 0x3186, 0x3186, 0x3D7A, 0x3D7A, 0x3D7A,
    0x3D7A, 0x3D7A, 0x3186, 0x0000, 0x0000, 0x0000, 0xB1CA, 0xB1CA, 0xB1CA, 0xB1CA, 0xB1CA, 0xB1CA, 0xB1CA, 0xB1CA, 0x3186, 0x3186,
    0x0000, 0x0000, 0x0000, 0xDDF1, 0xDDF1, 0xDDF1, 0xDDF1, 0xDDF1, 0xDDF1, 0xDDF1, 0xDDF1, 0xDDF1, 0xDDF1, 0xDDF1, 0xFF36, 0xFF36,
    0xFF36, 0xFF36, 0xFF36, 0xFF36, 0xFF36, 0x7A8A, 0xF81F, 0xF81F, 0xF81F, 0xF81F, 0xF81F, 0xF81F, 0xF81F, 0xF81F, 0xF81F, 0xF81F,
    0xF81F, 0xF81F, 0xF81F, 0xF81F, 0xF81F, 0xF81F, 0xF81F, 0xF81F, 0xF81F, 0xF81F, 0xF81F, 0xF81F, 0xF81F, 0xF81F, 0xF81F, 0xF81F,
    0xF81F, 0x3186, 0x3D7A, 0x3D7A, 0x3D7A, 0x3186, 0x3186, 0x0000, 0xF81F, 0xF81F, 0xF81F, 0x6145, 0xB1CA, 0xB1CA, 0xB1CA, 0xB1CA,
    0xB1CA, 0xB1CA, 0xB1CA, 0x0000, 0x3186, 0x3D7A, 0x3D7A, 0x3D7A, 0x3D7A, 0x3D7A, 0x3D7A, 0x3186, 0x3186, 0x3D7A, 0x3D7A, 0x0BD3,
    0x0BD3, 0x0BD3, 0x0BD3, 0x0BD3, 0x0BD3, 0x0000, 0x0000, 0x0000, 0xB1CA, 0xB1CA, 0xB1CA, 0x3186, 0x0000, 0x0000, 0x0000, 0x0000,
    0xF81F, 0xF81F, 0x6145, 0x0000, 0x0000, 0x0000, 0xDDF1, 0xDDF1, 0xDDF1, 0xDDF1, 0xDDF1, 0xDDF1, 0xDDF1, 0xDDF1, 0xDDF1, 0xDDF1,
    0xFF36, 0xFF36, 0xFF36, 0xFF36, 0xFF36, 0xDDF1, 0x7A8A, 0xF81F, 0xF81F, 0xF81F, 0xF81F, 0xF81F, 0xF81F, 0xF81F, 0xF81F, 0xF81F,
    0xF81F, 0xF81F, 0xF81F, 0xF81F, 0xF81F, 0xF81F, 0xF81F, 0xF81F, 0xF81F, 0xF81F, 0xF81F, 0xF81F, 0xF81F, 0xF81F, 0xF81F, 0xF81F,
    0x3186, 0x3186, 0x3D7A, 0x3D7A, 0x3D7A, 0x3186, 0x3186, 0x0000, 0xF81F, 0xF81F, 0xF81F, 0x3186, 0x3186, 0x6145, 0x6145, 0xB1CA,
    0xB1CA, 0xB1CA, 0x0000, 0x3186, 0x3186, 0x3D7A, 0x3D7A, 0x3D7A, 0x3D7A, 0x3D7A, 0x3D7A, 0x3186, 0x0000, 0x0BD3, 0x0BD3, 0x0BD3,
    0x0BD3, 0x0BD3, 0x0BD3, 0x0BD3, 0x0BD3, 0x0000, 0x0000, 0x0000, 0x0000, 0x0000, 0x0000, 0x0000, 0x7A8A, 0xF81F, 0xF81F, 0xF81F,
    0xF81F, 0xF81F, 0x6145, 0xB1CA, 0xB1CA, 0xB1CA, 0x0000, 0x0000, 0xDDF1, 0xDDF1, 0xDDF1, 0xDDF1, 0xDDF1, 0xDDF1, 0xDDF1, 0xDDF1,
    0xDDF1, 0xFF36, 0xFF36, 0xFF36, 0xFF36, 0xFF36, 0x7A8A, 0xF81F, 0xF81F, 0xF81F, 0xF81F, 0xF81F, 0xF81F, 0xF81F, 0xF81F, 0xF81F,
    0xF81F, 0xF81F, 0xF81F, 0xF81F, 0xF81F, 0xF81F, 0xF81F, 0xF81F, 0xF81F, 0xF81F, 0xF81F, 0xF81F, 0xF81F, 0xF81F, 0xF81F, 0xF81F,
    0x3186, 0x3186, 0x3D7A, 0x3D7A, 0x3D7A, 0x3186, 0x0BD3, 0x0000, 0xF81F, 0xF81F, 0xF81F, 0xF81F, 0xF81F, 0x6145, 0xB1CA, 0xB1CA,
    0xB1CA, 0x0000, 0x0000, 0x3186, 0x3186, 0x3D7A, 0x3D7A, 0x3D7A, 0x3D7A, 0x3D7A, 0x3186, 0x0000, 0x0000, 0x0BD3, 0x0BD3, 0x0BD3,
    0x0BD3, 0x0BD3, 0x0000, 0x0000, 0x0000, 0xDDF1, 0xDDF1, 0xDDF1, 0xDDF1, 0xDDF1, 0xDDF1, 0xDDF1, 0x7A8A, 0xF81F, 0xF81F, 0xF81F,
    0xF81F, 0xF81F, 0xF81F, 0x6145, 0xB1CA, 0xB1CA, 0xB1CA, 0xB1CA, 0x0000, 0xDDF1, 0xDDF1, 0xDDF1, 0xDDF1, 0xDDF1, 0xDDF1, 0xDDF1,
    0xDDF1, 0xDDF1, 0xFF36, 0xFF36, 0xFF36, 0xFF36, 0x7A8A, 0xF81F, 0xF81F, 0xF81F, 0xF81F, 0xF81F, 0xF81F, 0xF81F, 0xF81F, 0xF81F,
    0xF81F, 0xF81F, 0xF81F, 0xF81F, 0xF81F, 0xF81F, 0xF81F, 0xF81F, 0xF81F, 0xF81F, 0xF81F, 0xF81F, 0xF81F, 0xF81F, 0xF81F, 0xF81F,
    0x3186, 0x3186, 0x3D7A, 0x3D7A, 0x3186, 0x3186, 0x0BD3, 0x0000, 0xF81F, 0xF81F, 0xF81F, 0xF81F, 0x6145, 0xB1CA, 0xB1CA, 0xB1CA,
    0xB1CA, 0x0000, 0x3D7A, 0x3186, 0x3186, 0x3D7A, 0x3D7A, 0x3D7A, 0x3D7A, 0x3D7A, 0x0000, 0x0000, 0x0BD3, 0x0BD3, 0x0BD3, 0x0000,
    0x0000, 0x0000, 0xFF36, 0xDDF1, 0xDDF1, 0xDDF1, 0xDDF1, 0xDDF1, 0xDDF1, 0xDDF1, 0xDDF1, 0xDDF1, 0x7A8A, 0xF81F, 0xF81F, 0xF81F,
    0xF81F, 0xF81F, 0xF81F, 0x6145, 0xB1CA, 0xB1CA, 0xB1CA, 0xB1CA, 0x0000, 0x7A8A, 0xDDF1, 0xDDF1, 0xDDF1, 0xDDF1, 0xDDF1, 0xDDF1,
    0xDDF1, 0xDDF1, 0xDDF1, 0xFF36, 0xFF36, 0xFF36, 0xDDF1, 0x7A8A, 0xF81F, 0xF81F, 0xF81F, 0xF81F, 0xF81F, 0xF81F, 0xF81F, 0xF81F,
    0xF81F, 0xF81F, 0xF81F, 0xF81F, 0xF81F, 0xF81F, 0xF81F, 0xF81F, 0xF81F, 0xF81F, 0xF81F, 0xF81F, 0xF81F, 0xF81F, 0xF81F, 0xF81F,
    0x3186, 0x3186, 0x3D7A, 0x3D7A, 0x3186, 0x3186, 0x3D7A, 0x0000, 0xF81F, 0xF81F, 0xF81F, 0x6145, 0xB1CA, 0xB1CA, 0xB1CA, 0x3186,
    0x0000, 0x3D7A, 0x3D7A, 0x3186, 0x3186, 0x3186, 0x3D7A, 0x3D7A, 0x3D7A, 0x3186, 0x0000, 0x0000, 0x0BD3, 0x0000, 0x0000, 0xFF36,
    0xFF36, 0xFF36, 0xDDF1, 0xDDF1, 0xDDF1, 0xDDF1, 0xDDF1, 0xDDF1, 0xDDF1, 0xDDF1, 0xDDF1, 0xDDF1, 0xDDF1, 0x7A8A, 0xF81F, 0xF81F,
    0xF81F, 0xF81F, 0xF81F, 0xF81F, 0x6145, 0xB1CA, 0xB1CA, 0xB1CA, 0xB1CA, 0x0000, 0xDDF1, 0xDDF1, 0xDDF1, 0xDDF1, 0xDDF1, 0xDDF1,
    0xDDF1, 0xDDF1, 0xDDF1, 0xFF36, 0xFF36, 0xFF36, 0xFF36, 0x7A8A, 0xF81F, 0xF81F, 0xF81F, 0xF81F, 0xF81F, 0xF81F, 0xF81F, 0xF81F,
    0xF81F, 0xF81F, 0xF81F, 0xF81F, 0xF81F, 0xF81F, 0xF81F, 0xF81F, 0xF81F, 0xF81F, 0xF81F, 0xF81F, 0xF81F, 0xF81F, 0xF81F, 0xF81F,
    0x3186, 0x3186, 0x0BD3, 0x3D7A, 0x3186, 0x3186, 0x3D7A, 0x0BD3, 0x0000, 0xF81F, 0xF81F, 0x6145, 0x6145, 0x3186, 0x3186, 0x0000,
    0x3D7A, 0x3D7A, 0x3D7A, 0x3186, 0x3186, 0x3186, 0x3186, 0x3186, 0x3D7A, 0x0000, 0x0000, 0x0000, 0x0000, 0xFF36, 0xFF36, 0xFF36,
    0xFF36, 0xDDF1, 0xDDF1, 0xDDF1, 0xDDF1, 0xDDF1, 0xDDF1, 0xDDF1, 0xDDF1, 0xDDF1, 0xDDF1, 0xDDF1, 0xDDF1, 0x7A8A, 0xF81F, 0xF81F,
    0xF81F, 0xF81F, 0xF81F, 0xF81F, 0x6145, 0xB1CA, 0xB1CA, 0xB1CA, 0xB1CA, 0x0000, 0x7A8A, 0xDDF1, 0xDDF1, 0xDDF1, 0xDDF1, 0xDDF1,
    0xDDF1, 0xDDF1, 0xDDF1, 0xDDF1, 0xFF36, 0xFF36, 0xFF36, 0x7A8A, 0xF81F, 0xF81F, 0xF81F, 0xF81F, 0xF81F, 0xF81F, 0xF81F, 0xF81F,
    0xF81F, 0xF81F, 0xF81F, 0xF81F, 0xF81F, 0xF81F, 0xF81F, 0xF81F, 0xF81F, 0xF81F, 0xF81F, 0xF81F, 0xF81F, 0xF81F, 0xF81F, 0xF81F,
    0x3186, 0x3186, 0x3186, 0x0BD3, 0x3186, 0x3186, 0x3186, 0x3D7A, 0x3186, 0x0000, 0xF81F, 0xF81F, 0xF81F, 0xF81F, 0x0000, 0x3D7A,
    0x3D7A, 0x3D7A, 0x3186, 0x3186, 0x3186, 0x3186, 0x3186, 0x3186, 0x0000, 0x0000, 0x0000, 0x0000, 0xFF36, 0xFF36, 0xFF36, 0xFF36,
    0xFF36, 0xDDF1, 0xDDF1, 0xDDF1, 0xDDF1, 0xDDF1, 0xDDF1, 0xDDF1, 0xDDF1, 0xDDF1, 0xDDF1, 0xDDF1, 0xDDF1, 0xDDF1, 0x7A8A, 0xF81F,
    0xF81F, 0xF81F, 0xF81F, 0xF81F, 0xF81F, 0x6145, 0xB1CA, 0xB1CA, 0xB1CA, 0x0000, 0x7A8A, 0xDDF1, 0xDDF1, 0xDDF1, 0xDDF1, 0xDDF1,
    0xDDF1, 0xDDF1, 0xDDF1, 0xDDF1, 0xFF36, 0xFF36, 0xFF36, 0x7A8A, 0xF81F, 0xF81F, 0xF81F, 0xF81F, 0xF81F, 0xF81F, 0xF81F, 0xF81F,
    0xF81F, 0xF81F, 0xF81F, 0xF81F, 0xF81F, 0xF81F, 0xF81F, 0xF81F, 0xF81F, 0xF81F, 0xF81F, 0xF81F, 0xF81F, 0xF81F, 0xF81F, 0xF81F,
    0x0000, 0xB1CA, 0x3186, 0x3186, 0x3186, 0x3186, 0x3186, 0x3186, 0x3186, 0x3186, 0x0000, 0x0000, 0x0000, 0x0000, 0x3186, 0x3D7A,
    0x3D7A, 0x3D7A, 0x3186, 0x3186, 0xE28C, 0xE28C, 0x3186, 0x0000, 0x0000, 0x0000, 0x0000, 0xFF36, 0xFF36, 0xFF36, 0xFF36, 0xFF36,
    0xDDF1, 0xDDF1, 0xDDF1, 0xDDF1, 0xDDF1, 0xDDF1, 0xDDF1, 0xDDF1, 0xDDF1, 0xDDF1, 0xDDF1, 0xDDF1, 0xDDF1, 0xDDF1, 0x7A8A, 0xF81F,
    0xF81F, 0xF81F, 0xF81F, 0xF81F, 0xF81F, 0xF81F, 0x6145, 0x6145, 0x0000, 0xDDF1, 0x7A8A, 0xDDF1, 0xDDF1, 0xDDF1, 0xDDF1, 0xDDF1,
    0xDDF1, 0xDDF1, 0xDDF1, 0xDDF1, 0xDDF1, 0xFF36, 0xFF36, 0x0000, 0xF81F, 0xF81F, 0xF81F, 0xF81F, 0xF81F, 0xF81F, 0xF81F, 0xF81F,
    0xF81F, 0xF81F, 0xF81F, 0xF81F, 0xF81F, 0xF81F, 0xF81F, 0xF81F, 0xF81F, 0xF81F, 0xF81F, 0xF81F, 0xF81F, 0xF81F, 0xF81F, 0xF81F,
    0x0000, 0xB1CA, 0xB1CA, 0x3186, 0x3186, 0x3186, 0x3D7A, 0x3D7A, 0x3186, 0x3186, 0x0BD3, 0x0BD3, 0x3186, 0x3186, 0x3D7A, 0x3D7A,
    0x3D7A, 0x0BD3, 0x3186, 0x3186, 0xE28C, 0xE28C, 0xE28C, 0xB1CA, 0xB1CA, 0x0000, 0x7A8A, 0xDDF1, 0xFF36, 0xFF36, 0xDDF1, 0xDDF1,
    0xDDF1, 0xDDF1, 0xDDF1, 0xDDF1, 0xDDF1, 0xDDF1, 0xDDF1, 0xDDF1, 0xDDF1, 0xDDF1, 0xDDF1, 0xDDF1, 0xDDF1, 0xDDF1, 0xDDF1, 0x7A8A,
    0x7A8A, 0xF81F, 0xF81F, 0xF81F, 0xF81F, 0xF81F, 0x0000, 0x0000, 0xDDF1, 0xDDF1, 0x7A8A, 0xDDF1, 0xDDF1, 0xDDF1, 0xDDF1, 0xDDF1,
    0xDDF1, 0xDDF1, 0xDDF1, 0xDDF1, 0xDDF1, 0xFF36, 0xDDF1, 0x0000, 0xF81F, 0xF81F, 0xF81F, 0xF81F, 0xF81F, 0xF81F, 0xF81F, 0xF81F,
    0xF81F, 0xF81F, 0xF81F, 0xF81F, 0xF81F, 0xF81F, 0xF81F, 0xF81F, 0xF81F, 0xF81F, 0xF81F, 0xF81F, 0xF81F, 0xF81F, 0xF81F, 0xF81F,
    0x0000, 0xB1CA, 0xB1CA, 0x3186, 0x3186, 0x3D7A, 0x3D7A, 0x3D7A, 0x3D7A, 0x3186, 0x3186, 0x3186, 0x3186, 0x3D7A, 0x3D7A, 0x3D7A,
    0x3D7A, 0x3186, 0x3186, 0x3186, 0xE28C, 0xE28C, 0xB1CA, 0xB1CA, 0x0000, 0xF81F, 0x7A8A, 0xDDF1, 0xDDF1, 0xDDF1, 0xDDF1, 0xDDF1,
    0xDDF1, 0xDDF1, 0xDDF1, 0xDDF1, 0xDDF1, 0xDDF1, 0xDDF1, 0xDDF1, 0xDDF1, 0xDDF1, 0xDDF1, 0xDDF1, 0xFF36, 0xDDF1, 0xDDF1, 0xDDF1,
    0xDDF1, 0x7A8A, 0x7A8A, 0x0000, 0x0000, 0x0000, 0xDDF1, 0xDDF1, 0xDDF1, 0x0000, 0xDDF1, 0xDDF1, 0xDDF1, 0xDDF1, 0xDDF1, 0xDDF1,
    0xDDF1, 0xDDF1, 0xDDF1, 0xDDF1, 0xDDF1, 0xFF36, 0xDDF1, 0x0000, 0xF81F, 0xF81F, 0xF81F, 0xF81F, 0xF81F, 0xF81F, 0xF81F, 0xF81F,
    0xF81F, 0xF81F, 0xF81F, 0xF81F, 0xF81F, 0xF81F, 0xF81F, 0xF81F, 0xF81F, 0xF81F, 0xF81F, 0xF81F, 0xF81F, 0xF81F, 0xF81F, 0xF81F,
    0xF81F, 0x0000, 0xB1CA, 0x3186, 0x3D7A, 0x3D7A, 0x3D7A, 0x3D7A, 0x3D7A, 0x3186, 0x3186, 0x3186, 0x3D7A, 0x3D7A, 0x3D7A, 0x3186,
    0x3186, 0x3186, 0x3186, 0x0000, 0xB1CA, 0xB1CA, 0xB1CA, 0x0000, 0xF81F, 0xF81F, 0x7A8A, 0xDDF1, 0xDDF1, 0xDDF1, 0xDDF1, 0xDDF1,
    0xDDF1, 0xDDF1, 0xDDF1, 0xDDF1, 0xDDF1, 0xDDF1, 0xDDF1, 0xDDF1, 0xDDF1, 0xDDF1, 0xDDF1, 0xDDF1, 0xDDF1, 0xDDF1, 0xDDF1, 0xDDF1,
    0xFF36, 0xDDF1, 0xFF36, 0xFF36, 0xFF36, 0xFF36, 0xFF36, 0xDDF1, 0xDDF1, 0x0000, 0xDDF1, 0xDDF1, 0xDDF1, 0xDDF1, 0xDDF1, 0xDDF1,
    0xDDF1, 0xDDF1, 0xDDF1, 0xDDF1, 0xDDF1, 0xDDF1, 0xDDF1, 0x0000, 0xF81F, 0xF81F, 0xF81F, 0xF81F, 0xF81F, 0xF81F, 0xF81F, 0xF81F,
    0xF81F, 0xF81F, 0xF81F, 0xF81F, 0xF81F, 0xF81F, 0xF81F, 0xF81F, 0xF81F, 0xF81F, 0xF81F, 0xF81F, 0xF81F, 0xF81F, 0xF81F, 0xF81F,
    0xF81F, 0x0000, 0xB1CA, 0x3186, 0x3D7A, 0x3D7A, 0x3D7A, 0x3D7A, 0x3D7A, 0x3D7A, 0x3186, 0x3186, 0x0BD3, 0x3186, 0x3186, 0x3186,
    0x3186, 0x0000, 0x0000, 0x0000, 0xB1CA, 0xB1CA, 0x0000, 0xF81F, 0xF81F, 0xF81F, 0x7A8A, 0xDDF1, 0xDDF1, 0xDDF1, 0xDDF1, 0xDDF1,
    0xDDF1, 0xDDF1, 0xDDF1, 0xDDF1, 0xDDF1, 0xDDF1, 0xDDF1, 0xDDF1, 0xDDF1, 0xDDF1, 0xDDF1, 0xDDF1, 0xDDF1, 0xFF36, 0xDDF1, 0xFF36,
    0xDDF1, 0xFF36, 0xDDF1, 0xFF36, 0xFF36, 0xFF36, 0xFF36, 0xDDF1, 0x7A8A, 0xDDF1, 0xDDF1, 0xDDF1, 0xDDF1, 0xDDF1, 0xDDF1, 0xDDF1,
    0xDDF1, 0xDDF1, 0xDDF1, 0xDDF1, 0xDDF1, 0xDDF1, 0x0000, 0xF81F, 0xF81F, 0xF81F, 0xF81F, 0xF81F, 0xF81F, 0xF81F, 0xF81F, 0xF81F,
    0xF81F, 0xF81F, 0xF81F, 0xF81F, 0xF81F, 0xF81F, 0xF81F, 0xF81F, 0xF81F, 0xF81F, 0xF81F, 0xF81F, 0xF81F, 0xF81F, 0xF81F, 0xF81F,
    0xF81F, 0xF81F, 0x0000, 0x3186, 0x0BD3, 0x3D7A, 0x3D7A, 0x3D7A, 0x3D7A, 0x3D7A, 0x3186, 0x3186, 0x3186, 0x3186, 0x3186, 0x3186,
    0x0BD3, 0x0BD3, 0x0000, 0x0000, 0xB1CA, 0x0000, 0xF81F, 0xF81F, 0xF81F, 0xF81F, 0xF81F, 0x7A8A, 0xDDF1, 0xDDF1, 0xDDF1, 0xDDF1,
    0xDDF1, 0xDDF1, 0xDDF1, 0xDDF1, 0xDDF1, 0xDDF1, 0xDDF1, 0xDDF1, 0xDDF1, 0xDDF1, 0xDDF1, 0xDDF1, 0xDDF1, 0xDDF1, 0xFF36, 0xDDF1,
    0xFF36, 0xDDF1, 0xFF36, 0xFF36, 0xFF36, 0xFF36, 0xFF36, 0xDDF1, 0xDDF1, 0xDDF1, 0xDDF1, 0xDDF1, 0xDDF1, 0xDDF1, 0xDDF1, 0xDDF1,
    0xDDF1, 0xDDF1, 0xDDF1, 0xDDF1, 0xDDF1, 0xDDF1, 0x0000, 0xF81F, 0xF81F, 0xF81F, 0xF81F, 0xF81F, 0xF81F, 0xF81F, 0xF81F, 0xF81F,
    0xF81F, 0xF81F, 0xF81F, 0xF81F, 0xF81F, 0xF81F, 0xF81F, 0xF81F, 0xF81F, 0xF81F, 0xF81F, 0xF81F, 0xF81F, 0xF81F, 0xF81F, 0xF81F,
    0xF81F, 0xF81F, 0x0000, 0x3186, 0x0BD3, 0x0BD3, 0x3D7A, 0x3D7A, 0x3D7A, 0x3D7A, 0x3186, 0x3186, 0x3186, 0x0BD3, 0x0BD3, 0x0BD3,
    0x0BD3, 0x0BD3, 0x0000, 0x0000, 0x0000, 0xF81F, 0xF81F, 0xF81F, 0xF81F, 0xF81F, 0xF81F, 0x7A8A, 0xDDF1, 0xDDF1, 0xDDF1, 0xDDF1,
    0xDDF1, 0xDDF1, 0xDDF1, 0xDDF1, 0xDDF1, 0xDDF1, 0xDDF1, 0xDDF1, 0xDDF1, 0xDDF1, 0xDDF1, 0xDDF1, 0xDDF1, 0xDDF1, 0xDDF1, 0xFF36,
    0xDDF1, 0xFF36, 0xDDF1, 0xFF36, 0xFF36, 0xDDF1, 0xDDF1, 0xDDF1, 0xDDF1, 0xDDF1, 0xDDF1, 0xDDF1, 0xDDF1, 0xDDF1, 0xDDF1, 0xDDF1,
    0xDDF1, 0xDDF1, 0xDDF1, 0xDDF1, 0xDDF1, 0xDDF1, 0x0000, 0xF81F, 0xF81F, 0xF81F, 0xF81F, 0xF81F, 0xF81F, 0xF81F, 0xF81F, 0xF81F,
    0xF81F, 0xF81F, 0xF81F, 0xF81F, 0xF81F, 0xF81F, 0xF81F, 0xF81F, 0xF81F, 0xF81F, 0xF81F, 0xF81F, 0xF81F, 0xF81F, 0xF81F, 0xF81F,
    0xF81F, 0xF81F, 0xF81F, 0x0000, 0x3186, 0x0BD3, 0x0BD3, 0x0BD3, 0x0BD3, 0x3186, 0x3186, 0x0BD3, 0x0BD3, 0x0BD3, 0x0BD3, 0x0BD3,
    0x0BD3, 0x3186, 0x0000, 0x0000, 0xF81F, 0xF81F, 0xF81F, 0xF81F, 0xF81F, 0xF81F, 0xF81F, 0xF81F, 0x7A8A, 0xDDF1, 0xDDF1, 0xDDF1,
    0xDDF1, 0xDDF1, 0xDDF1, 0xDDF1, 0xDDF1, 0xDDF1, 0xDDF1, 0xDDF1, 0xDDF1, 0xDDF1, 0xDDF1, 0xDDF1, 0xDDF1, 0xDDF1, 0xDDF1, 0xDDF1,
    0xDDF1, 0xDDF1, 0xDDF1, 0xDDF1, 0xDDF1, 0xDDF1, 0xDDF1, 0xDDF1, 0xDDF1, 0xDDF1, 0xDDF1, 0xDDF1, 0xDDF1, 0xDDF1, 0xDDF1, 0xDDF1,
    0xDDF1, 0xDDF1, 0xDDF1, 0xDDF1, 0xDDF1, 0x0000, 0xF81F, 0xF81F, 0xF81F, 0xF81F, 0xF81F, 0xF81F, 0xF81F, 0xF81F, 0xF81F, 0xF81F,
    0xF81F, 0xF81F, 0xF81F, 0xF81F, 0xF81F, 0xF81F, 0xF81F, 0xF81F, 0xF81F, 0xF81F, 0xF81F, 0xF81F, 0xF81F, 0xF81F, 0xF81F, 0xF81F,
    0xF81F, 0xF81F, 0xF81F, 0xF81F, 0x0000, 0x3186, 0x0BD3, 0x0BD3, 0x3186, 0x3186, 0x0BD3, 0x0BD3, 0x0BD3, 0x0BD3, 0x0BD3, 0x3186,
    0x0000, 0x0000, 0xF81F, 0xF81F, 0xF81F, 0xF81F, 0xF81F, 0xF81F, 0xF81F, 0xF81F, 0xF81F, 0xF81F, 0x7A8A, 0xDDF1, 0xDDF1, 0xDDF1,
    0xDDF1, 0xDDF1, 0xDDF1, 0xDDF1, 0xDDF1, 0xDDF1, 0xDDF1, 0xDDF1, 0xDDF1, 0xDDF1, 0xDDF1, 0xDDF1, 0xDDF1, 0xDDF1, 0xDDF1, 0xDDF1,
    0xDDF1, 0xDDF1, 0xDDF1, 0xDDF1, 0xDDF1, 0xDDF1, 0xDDF1, 0xDDF1, 0xDDF1, 0xDDF1, 0xDDF1, 0xDDF1, 0xDDF1, 0xDDF1, 0xDDF1, 0xDDF1,
    0xDDF1, 0xDDF1, 0xDDF1, 0xDDF1, 0xDDF1, 0x0000, 0xF81F, 0xF81F, 0xF81F, 0xF81F, 0xF81F, 0xF81F, 0xF81F, 0xF81F, 0xF81F, 0xF81F,
    0xF81F, 0xF81F, 0xF81F, 0xF81F, 0xF81F, 0xF81F, 0xF81F, 0xF81F, 0xF81F, 0xF81F, 0xF81F, 0xF81F, 0xF81F, 0xF81F, 0xF81F, 0xF81F,
    0xF81F, 0xF81F, 0xF81F, 0xF81F, 0xF81F, 0x0000, 0x0000, 0x3186, 0x3186, 0x3186, 0x0BD3, 0x0BD3, 0x0BD3, 0x3186, 0x0000, 0x0000,
    0xF81F, 0xF81F, 0xF81F, 0xF81F, 0xF81F, 0xF81F, 0xF81F, 0xF81F, 0xF81F, 0xF81F, 0xF81F, 0xF81F, 0xF81F, 0x7A8A, 0xDDF1, 0xDDF1,
    0xDDF1, 0xDDF1, 0xDDF1, 0xDDF1, 0xDDF1, 0xDDF1, 0xDDF1, 0xDDF1, 0xDDF1, 0xDDF1, 0xDDF1, 0xDDF1, 0xDDF1, 0xDDF1, 0xDDF1, 0xDDF1,
    0xDDF1, 0xDDF1, 0xDDF1, 0xDDF1, 0xDDF1, 0xDDF1, 0xDDF1, 0xDDF1, 0xDDF1, 0xDDF1, 0xDDF1, 0xDDF1, 0xDDF1, 0xDDF1, 0xDDF1, 0xDDF1,
    0xDDF1, 0xDDF1, 0xDDF1, 0xDDF1, 0x0000, 0xF81F, 0xF81F, 0xF81F, 0xF81F, 0xF81F, 0xF81F, 0xF81F, 0xF81F, 0xF81F, 0xF81F, 0xF81F,
    0xF81F, 0xF81F, 0xF81F, 0xF81F, 0xF81F, 0xF81F, 0xF81F, 0xF81F, 0xF81F, 0xF81F, 0xF81F, 0xF81F, 0xF81F, 0xF81F, 0xF81F, 0xF81F,
    0xF81F, 0xF81F, 0xF81F, 0xF81F, 0xF81F, 0xF81F, 0xF81F, 0x0000, 0x0000, 0x0000, 0x0000, 0x0000, 0x0000, 0x0000, 0xF81F, 0xF81F,
    0xF81F, 0xF81F, 0xF81F, 0xF81F, 0xF81F, 0xF81F, 0xF81F, 0xF81F, 0xF81F, 0xF81F, 0xF81F, 0xF81F, 0xF81F, 0xF81F, 0x0000, 0xDDF1,
    0xDDF1, 0xDDF1, 0xDDF1, 0xDDF1, 0xDDF1, 0xDDF1, 0xDDF1, 0xDDF1, 0xDDF1, 0xDDF1, 0xDDF1, 0xDDF1, 0xDDF1, 0xDDF1, 0xDDF1, 0xDDF1,
    0xDDF1, 0xDDF1, 0xDDF1, 0xDDF1, 0xDDF1, 0xDDF1, 0xDDF1, 0xDDF1, 0xDDF1, 0xDDF1, 0xDDF1, 0xDDF1, 0xDDF1, 0xDDF1, 0xDDF1, 0xDDF1,
    0xDDF1, 0xDDF1, 0x0000, 0x0000, 0xF81F, 0xF81F, 0xF81F, 0xF81F, 0xF81F, 0xF81F, 0xF81F, 0xF81F, 0xF81F, 0xF81F, 0xF81F, 0xF81F,
    0xF81F, 0xF81F, 0xF81F, 0xF81F, 0xF81F, 0xF81F, 0xF81F, 0xF81F, 0xF81F, 0xF81F, 0xF81F, 0xF81F, 0xF81F, 0xF81F, 0xF81F, 0xF81F,
    0xF81F, 0xF81F, 0xF81F, 0xF81F, 0xF81F, 0xF81F, 0xF81F, 0xF81F, 0xF81F, 0xF81F, 0xF81F, 0xF81F, 0xF81F, 0xF81F, 0xF81F, 0xF81F,
    0xF81F, 0xF81F, 0xF81F, 0xF81F, 0xF81F, 0xF81F, 0xF81F, 0xF81F, 0xF81F, 0xF81F, 0xF81F, 0xF81F, 0xF81F, 0xF81F, 0xF81F, 0x7A8A,
    0x0000, 0xDDF1, 0xDDF1, 0xDDF1, 0xDDF1, 0xDDF1, 0xDDF1, 0xDDF1, 0xDDF1, 0xDDF1, 0xDDF1, 0xDDF1, 0xDDF1, 0xDDF1, 0xDDF1, 0xDDF1,
    0xDDF1, 0xDDF1, 0xDDF1, 0xDDF1, 0xDDF1, 0xDDF1, 0xDDF1, 0xDDF1, 0xDDF1, 0xDDF1, 0xDDF1, 0xDDF1, 0xDDF1, 0xDDF1, 0xDDF1, 0xDDF1,
    0xDDF1, 0x0000, 0xF81F, 0xF81F, 0xF81F, 0xF81F, 0xF81F, 0xF81F, 0xF81F, 0xF81F, 0xF81F, 0xF81F, 0xF81F, 0xF81F, 0xF81F, 0xF81F,
    0xF81F, 0xF81F, 0xF81F, 0xF81F, 0xF81F, 0xF81F, 0xF81F, 0xF81F, 0xF81F, 0xF81F, 0xF81F, 0xF81F, 0xF81F, 0xF81F, 0xF81F, 0xF81F,
    0xF81F, 0xF81F, 0xF81F, 0xF81F, 0xF81F, 0xF81F, 0xF81F, 0xF81F, 0xF81F, 0xF81F, 0xF81F, 0xF81F, 0xF81F, 0xF81F, 0xF81F, 0xF81F,
    0xF81F, 0xF81F, 0xF81F, 0xF81F, 0xF81F, 0xF81F, 0xF81F, 0xF81F, 0xF81F, 0xF81F, 0xF81F, 0xF81F, 0xF81F, 0xF81F, 0xF81F, 0xF81F,
    0xF81F, 0x7A8A, 0x0000, 0xDDF1, 0xDDF1, 0xDDF1, 0xDDF1, 0xDDF1, 0xDDF1, 0xDDF1, 0xDDF1, 0xDDF1, 0xDDF1, 0xDDF1, 0xDDF1, 0xDDF1,
    0xDDF1, 0xDDF1, 0xDDF1, 0xDDF1, 0xDDF1, 0xDDF1, 0xDDF1, 0xDDF1, 0xDDF1, 0xDDF1, 0xDDF1, 0xDDF1, 0xDDF1, 0xDDF1, 0xDDF1, 0x0000,
    0x0000, 0xF81F, 0xF81F, 0xF81F, 0xF81F, 0xF81F, 0xF81F, 0xF81F, 0xF81F, 0xF81F, 0xF81F, 0xF81F, 0xF81F, 0xF81F, 0xF81F, 0xF81F,
    0xF81F, 0xF81F, 0xF81F, 0xF81F, 0xF81F, 0xF81F, 0xF81F, 0xF81F, 0xF81F, 0xF81F, 0xF81F, 0xF81F, 0xF81F, 0xF81F, 0xF81F, 0xF81F,
    0xF81F, 0xF81F, 0xF81F, 0xF81F, 0xF81F, 0xF81F, 0xF81F, 0xF81F, 0xF81F, 0xF81F, 0xF81F, 0xF81F, 0xF81F, 0xF81F, 0xF81F, 0xF81F,
    0xF81F, 0xF81F, 0xF81F, 0xF81F, 0xF81F, 0xF81F, 0xF81F, 0xF81F, 0xF81F, 0xF81F, 0xF81F, 0xF81F, 0xF81F, 0xF81F, 0xF81F, 0xF81F,
    0xF81F, 0xF81F, 0xF81F, 0x7A8A, 0x0000, 0xDDF1, 0xDDF1, 0xDDF1, 0xDDF1, 0xDDF1, 0xDDF1, 0xDDF1, 0xDDF1, 0xDDF1, 0xDDF1, 0xDDF1,
    0xDDF1, 0xDDF1, 0xDDF1, 0xDDF1, 0xDDF1, 0xDDF1, 0xDDF1, 0xDDF1, 0xDDF1, 0xDDF1, 0xDDF1, 0xDDF1, 0xDDF1, 0x0000, 0x0000, 0xF81F,
    0xF81F, 0xF81F, 0xF81F, 0xF81F, 0xF81F, 0xF81F, 0xF81F, 0xF81F, 0xF81F, 0xF81F, 0xF81F, 0xF81F, 0xF81F, 0xF81F, 0xF81F, 0xF81F,
    0xF81F, 0xF81F, 0xF81F, 0xF81F, 0xF81F, 0xF81F, 0xF81F, 0xF81F, 0xF81F, 0xF81F, 0xF81F, 0xF81F, 0xF81F, 0xF81F, 0xF81F, 0xF81F,
    0xF81F, 0xF81F, 0xF81F, 0xF81F, 0xF81F, 0xF81F, 0xF81F, 0xF81F, 0xF81F, 0xF81F, 0xF81F, 0xF81F, 0xF81F, 0xF81F, 0xF81F, 0xF81F,
    0xF81F, 0xF81F, 0xF81F, 0xF81F, 0xF81F, 0xF81F, 0xF81F, 0xF81F, 0xF81F, 0xF81F, 0xF81F, 0xF81F, 0xF81F, 0xF81F, 0xF81F, 0xF81F,
    0xF81F, 0xF81F, 0xF81F, 0xF81F, 0xF81F, 0x7A8A, 0x0000, 0x0000, 0xDDF1, 0xDDF1, 0xDDF1, 0xDDF1, 0xDDF1, 0xDDF1, 0xDDF1, 0xDDF1,
    0xDDF1, 0xDDF1, 0xDDF1, 0xDDF1, 0xDDF1, 0xDDF1, 0xDDF1, 0xDDF1, 0xDDF1, 0xDDF1, 0x0000, 0x0000, 0x0000, 0xF81F, 0xF81F, 0xF81F,
    0xF81F, 0xF81F, 0xF81F, 0xF81F, 0xF81F, 0xF81F, 0xF81F, 0xF81F, 0xF81F, 0xF81F, 0xF81F, 0xF81F, 0xF81F, 0xF81F, 0xF81F, 0xF81F,
    0xF81F, 0xF81F, 0xF81F, 0xF81F, 0xF81F, 0xF81F, 0xF81F, 0xF81F, 0xF81F, 0xF81F, 0xF81F, 0xF81F, 0xF81F, 0xF81F, 0xF81F, 0xF81F,
    0xF81F, 0xF81F, 0xF81F, 0xF81F, 0xF81F, 0xF81F, 0xF81F, 0xF81F, 0xF81F, 0xF81F, 0xF81F, 0xF81F, 0xF81F, 0xF81F, 0xF81F, 0xF81F,
    0xF81F, 0xF81F, 0xF81F, 0xF81F, 0xF81F, 0xF81F, 0xF81F, 0xF81F, 0xF81F, 0xF81F, 0xF81F, 0xF81F, 0xF81F, 0xF81F, 0xF81F, 0xF81F,
    0xF81F, 0xF81F, 0xF81F, 0xF81F, 0xF81F, 0xF81F, 0xF81F, 0xF81F, 0x7A8A, 0x0000, 0x0000, 0x0000, 0x0000, 0xDDF1, 0xDDF1, 0xDDF1,
    0xDDF1, 0xDDF1, 0xDDF1, 0xDDF1, 0xDDF1, 0xDDF1, 0x0000, 0x0000, 0x0000, 0x0000, 0xF81F, 0xF81F, 0xF81F, 0xF81F, 0xF81F, 0xF81F,
    0xF81F, 0xF81F, 0xF81F, 0xF81F, 0xF81F, 0xF81F, 0xF81F, 0xF81F, 0xF81F, 0xF81F, 0xF81F, 0xF81F, 0xF81F, 0xF81F, 0xF81F, 0xF81F,
    0xF81F, 0xF81F, 0xF81F, 0xF81F, 0xF81F, 0xF81F, 0xF81F, 0xF81F, 0xF81F, 0xF81F, 0xF81F, 0xF81F, 0xF81F, 0xF81F, 0xF81F, 0xF81F,
    0xF81F, 0xF81F, 0xF81F, 0xF81F, 0xF81F, 0xF81F, 0xF81F, 0xF81F, 0xF81F, 0xF81F, 0xF81F, 0xF81F, 0xF81F, 0xF81F, 0xF81F, 0xF81F,
    0xF81F, 0xF81F, 0xF81F, 0xF81F, 0xF81F, 0xF81F, 0xF81F, 0xF81F, 0xF81F, 0xF81F, 0xF81F, 0xF81F, 0xF81F, 0xF81F, 0xF81F, 0xF81F,
    0xF81F, 0xF81F, 0xF81F, 0xF81F, 0xF81F, 0xF81F, 0xF81F, 0xF81F, 0xF81F, 0xF81F, 0xF81F, 0xF81F, 0xF81F, 0x7A8A, 0x0000, 0x0000,
    0x0000, 0x0000, 0x0000, 0x0000, 0x0000, 0x7A8A, 0xF81F, 0xF81F, 0xF81F, 0xF81F, 0xF81F, 0xF81F, 0xF81F, 0xF81F, 0xF81F, 0xF81F,
    0xF81F, 0xF81F, 0xF81F, 0xF81F, 0xF81F, 0xF81F, 0xF81F, 0xF81F, 0xF81F, 0xF81F, 0xF81F, 0xF81F, 0xF81F, 0xF81F, 0xF81F, 0xF81F,
    0xF81F, 0xF81F, 0xF81F, 0xF81F, 0xF81F, 0xF81F, 0xF81F, 0xF81F, 0xF81F, 0xF81F, 0xF81F, 0xF81F, 0xF81F, 0xF81F, 0xF81F, 0xF81F,
    0xF81F, 0xF81F, 0xF81F, 0xF81F, 0xF81F, 0xF81F, 0xF81F, 0xF81F, 0xF81F, 0xF81F, 0xF81F, 0xF81F, 0xF81F, 0xF81F, 0xF81F, 0xF81F,
    0xF81F, 0xF81F, 0xF81F, 0xF81F, 0xF81F, 0xF81F, 0xF81F, 0xF81F, 0xF81F, 0xF81F, 0xF81F, 0xF81F, 0xF81F, 0xF81F, 0xF81F, 0xF81F,
    0xF81F, 0xF81F, 0xF81F, 0xF81F, 0xF81F, 0xF81F, 0xF81F, 0xF81F, 0xF81F, 0xF81F, 0xF81F, 0xF81F, 0xF81F, 0xF81F, 0xF81F, 0xF81F,
    0xF81F, 0xF81F, 0xF81F, 0xF81F, 0xF81F, 0xF81F, 0xF81F, 0xF81F, 0xF81F, 0xF81F, 0xF81F, 0xF81F, 0xF81F, 0xF81F, 0xF81F, 0xF81F,
    0xF81F, 0xF81F, 0xF81F, 0xF81F, 0xF81F, 0xF81F, 0xF81F, 0xF81F, 0xF81F, 0xF81F, 0xF81F, 0xF81F, 0xF81F, 0xF81F, 0xF81F, 0xF81F,
    0xF81F, 0xF81F, 0xF81F, 0xF81F, 0xF81F, 0xF81F, 0xF81F, 0xF81F, 0xF81F, 0xF81F, 0xF81F, 0xF81F, 0xF81F, 0xF81F, 0xF81F, 0xF81F,
    0xF81F, 0xF81F, 0xF81F, 0xF81F, 0xF81F, 0xF81F, 0xF81F, 0xF81F, 0xF81F, 0xF81F, 0xF81F, 0xF81F, 0xF81F, 0xF81F, 0xF81F, 0xF81F,
    0xF81F, 0xF81F, 0xF81F, 0xF81F, 0xF81F, 0xF81F, 0xF81F, 0xF81F, 0xF81F, 0xF81F, 0xF81F, 0xF81F, 0xF81F, 0xF81F, 0xF81F, 0xF81F,
    0xF81F, 0xF81F, 0xF81F, 0xF81F, 0xF81F, 0xF81F, 0xF81F, 0xF81F, 0xF81F, 0xF81F, 0xF81F, 0xF81F, 0xF81F, 0xF81F, 0xF81F, 0xF81F,
    0xF81F, 0xF81F, 0xF81F, 0xF81F, 0xF81F, 0xF81F, 0xF81F, 0xF81F, 0xF81F, 0xF81F, 0xF81F, 0xF81F, 0xF81F, 0xF81F, 0xF81F, 0xF81F,
    0xF81F, 0xF81F, 0xF81F, 0xF81F, 0xF81F, 0xF81F, 0xF81F, 0xF81F, 0xF81F, 0xF81F, 0xF81F, 0xF81F, 0xF81F, 0xF81F, 0xF81F, 0xF81F,
    0xF81F, 0xF81F, 0xF81F, 0xF81F, 0xF81F, 0xF81F, 0xF81F, 0xF81F, 0xF81F, 0xF81F, 0xF81F, 0xF81F, 0xF81F, 0xF81F, 0xF81F, 0xF81F,
    0xF81F, 0xF81F, 0xF81F, 0xF81F, 0xF81F, 0xF81F, 0xF81F, 0xF81F, 0xF81F, 0xF81F, 0xF81F, 0xF81F, 0xF81F, 0xF81F, 0xF81F, 0xF81F,
    0xF81F, 0xF81F, 0xF81F, 0xF81F, 0xF81F, 0xF81F, 0xF81F, 0xF81F, 0xF81F, 0xF81F, 0xF81F, 0xF81F, 0xF81F, 0xF81F, 0xF81F, 0xF81F,
    0xF81F, 0xF81F, 0xF81F, 0xF81F, 0xF81F, 0xF81F, 0xF81F, 0xF81F, 0xF81F, 0xF81F, 0xF81F, 0xF81F, 0xF81F, 0xF81F, 0xF81F, 0xF81F,
    0xF81F, 0xF81F, 0xF81F, 0xF81F, 0xF81F, 0xF81F, 0xF81F, 0xF81F, 0xF81F, 0xF81F, 0xF81F, 0xF81F, 0xF81F, 0xF81F, 0xF81F, 0xF81F,
    0xF81F, 0xF81F, 0xF81F, 0xF81F, 0xF81F, 0xF81F, 0xF81F, 0xF81F, 0xF81F, 0xF81F, 0xF81F, 0xF81F, 0xF81F, 0xF81F, 0xF81F, 0xF81F,
    0xF81F, 0xF81F, 0xF81F, 0xF81F, 0xF81F, 0xF81F, 0xF81F, 0xF81F, 0xF81F, 0xF81F, 0xF81F, 0xF81F, 0xF81F, 0xF81F, 0xF81F, 0xF81F,
    0xF81F, 0xF81F, 0xF81F, 0xF81F, 0xF81F, 0xF81F, 0xF81F, 0xF81F, 0xF81F, 0xF81F, 0xF81F, 0xF81F, 0xF81F, 0xF81F, 0xF81F, 0xF81F,
    0xF81F, 0xF81F, 0xF81F, 0xF81F, 0xF81F, 0xF81F, 0xF81F, 0xF81F, 0xF81F, 0xF81F, 0xF81F, 0xF81F, 0xF81F, 0xF81F, 0xF81F, 0xF81F,
    0xF81F, 0xF81F, 0xF81F, 0xF81F, 0xF81F, 0xF81F, 0xF81F, 0xF81F, 0xF81F, 0xF81F, 0xF81F, 0xF81F, 0xF81F, 0xF81F, 0xF81F, 0xF81F,
    0xF81F, 0xF81F, 0xF81F, 0xF81F, 0xF81F, 0xF81F, 0xF81F, 0xF81F, 0xF81F, 0xF81F, 0xF81F, 0xF81F, 0xF81F, 0xF81F, 0xF81F, 0xF81F,
    0xF81F, 0xF81F, 0xF81F, 0xF81F, 0xF81F, 0xF81F, 0xF81F, 0xF81F, 0xF81F, 0xF81F, 0xF81F, 0xF81F, 0xF81F, 0xF81F, 0xF81F, 0xF81F,
    0xF81F, 0xF81F, 0xF81F, 0xF81F, 0xF81F, 0xF81F, 0xF81F, 0xF81F, 0xF81F, 0xF81F, 0xF81F, 0xF81F, 0xF81F, 0xF81F, 0xF81F, 0xF81F,
    0xF81F, 0xF81F, 0xF81F, 0xF81F, 0xF81F, 0xF81F, 0xF81F, 0xF81F, 0xF81F, 0xF81F, 0xF81F, 0xF81F, 0xF81F, 0xF81F, 0xF81F, 0xF81F,
    0xF81F, 0xF81F, 0xF81F, 0xF81F, 0xF81F, 0xF81F, 0xF81F, 0xF81F, 0xF81F, 0xF81F, 0xF81F, 0xF81F, 0xF81F, 0xF81F, 0xF81F, 0xF81F,
    0xF81F, 0xF81F, 0xF81F, 0xF81F, 0xF81F, 0xF81F, 0xF81F, 0xF81F, 0xF81F, 0xF81F, 0xF81F, 0xF81F, 0xF81F, 0xF81F, 0xF81F, 0xF81F,
    0xF81F, 0xF81F, 0xF81F, 0xF81F, 0xF81F, 0xF81F, 0xF81F, 0xF81F, 0xF81F, 0xF81F, 0xF81F, 0xF81F, 0xF81F, 0xF81F, 0xF81F, 0xF81F,
    0xF81F, 0xF81F, 0xF81F, 0xF81F, 0xF81F, 0xF81F, 0xF81F, 0xF81F, 0xF81F, 0xF81F, 0xF81F, 0xF81F, 0xF81F, 0xF81F, 0xF81F, 0xF81F,
    0xF81F, 0xF81F, 0xF81F, 0xF81F, 0xF81F, 0xF81F, 0xF81F, 0xF81F, 0xF81F, 0xF81F, 0xF81F, 0xF81F, 0xF81F, 0xF81F, 0xF81F, 0xF81F,
    0xF81F, 0xF81F, 0xF81F, 0xF81F, 0xF81F, 0xF81F, 0xF81F, 0xF81F, 0xF81F, 0xF81F, 0xF81F, 0xF81F, 0xF81F, 0xF81F, 0xF81F, 0xF81F,
    0xF81F, 0xF81F, 0xF81F, 0xF81F, 0xF81F, 0xF81F, 0xF81F, 0xF81F, 0xF81F, 0xF81F, 0xF81F, 0xF81F, 0xF81F, 0xF81F, 0xF81F, 0xF81F,
    0xF81F, 0xF81F, 0xF81F, 0xF81F, 0xF81F, 0xF81F, 0xF81F, 0xF81F, 0xF81F, 0xF81F, 0xF81F, 0xF81F, 0xF81F, 0xF81F, 0xF81F, 0xF81F,
    0xF81F, 0xF81F, 0xF81F, 0xF81F, 0xF81F, 0xF81F, 0xF81F, 0xF81F, 0xF81F, 0xF81F, 0xF81F, 0xF81F, 0xF81F, 0xF81F, 0xF81F, 0xF81F,
    0xF81F, 0xF81F, 0xF81F, 0xF81F, 0xF81F, 0xF81F, 0xF81F, 0xF81F, 0xF81F, 0xF81F, 0xF81F, 0xF81F, 0xF81F, 0xF81F, 0xF81F, 0xF81F,
    0xF81F, 0xF81F, 0xF81F, 0xF81F, 0xF81F, 0xF81F, 0xF81F, 0xF81F, 0xF81F, 0xF81F, 0xF81F, 0xF81F, 0xF81F, 0xF81F, 0xF81F, 0xF81F,
    0xF81F, 0xF81F, 0xF81F, 0xF81F, 0xF81F, 0xF81F, 0xF81F, 0xF81F, 0xF81F, 0xF81F, 0xF81F, 0xF81F, 0xF81F, 0xF81F, 0xF81F, 0xF81F,
    0xF81F, 0xF81F, 0xF81F, 0xF81F, 0xF81F, 0xF81F, 0xF81F, 0xF81F, 0xF81F, 0xF81F, 0xF81F, 0xF81F, 0xF81F, 0xF81F, 0xF81F, 0xF81F,
    0xF81F, 0xF81F, 0xF81F, 0xF81F, 0xF81F, 0xF81F, 0xF81F, 0xF81F, 0xF81F, 0xF81F, 0xF81F, 0xF81F, 0xF81F, 0xF81F, 0xF81F, 0xF81F,
    0xF81F, 0xF81F, 0xF81F, 0xF81F, 0xF81F, 0xF81F, 0xF81F, 0xF81F, 0xF81F, 0xF81F, 0xF81F, 0xF81F, 0xF81F, 0xF81F, 0xF81F, 0xF81F,
    0xF81F, 0xF81F, 0xF81F, 0xF81F, 0xF81F, 0xF81F, 0xF81F, 0xF81F, 0xF81F, 0xF81F, 0xF81F, 0xF81F, 0xF81F, 0xF81F, 0xF81F, 0xF81F,
    0xF81F, 0xF81F, 0xF81F, 0xF81F, 0xF81F, 0xF81F, 0xF81F, 0xF81F, 0xF81F, 0xF81F, 0xF81F, 0xF81F, 0xF81F, 0xF81F, 0xF81F, 0xF81F,
    0xF81F, 0xF81F, 0xF81F, 0xF81F, 0xF81F, 0xF81F, 0xF81F, 0xF81F, 0xF81F, 0xF81F, 0xF81F, 0xF81F, 0xF81F, 0xF81F, 0xF81F, 0xF81F,
    0xF81F, 0xF81F, 0xF81F, 0xF81F, 0xF81F, 0xF81F, 0xF81F, 0xF81F, 0xF81F, 0xF81F, 0xF81F, 0xF81F, 0xF81F, 0xF81F, 0xF81F, 0xF81F,
    0xF81F, 0xF81F, 0xF81F, 0xF81F, 0xF81F, 0xF81F, 0xF81F, 0xF81F, 0xF81F, 0xF81F, 0xF81F, 0xF81F, 0xF81F, 0xF81F, 0xF81F, 0xF81F,
    0xF81F, 0xF81F, 0xF81F, 0xF81F, 0xF81F, 0xF81F, 0xF81F, 0xF81F, 0xF81F, 0xF81F, 0xF81F, 0xF81F, 0xF81F, 0xF81F, 0xF81F, 0xF81F,
    0xF81F, 0xF81F, 0xF81F, 0xF81F, 0xF81F, 0xF81F, 0xF81F, 0xF81F, 0xF81F, 0xF81F, 0xF81F, 0xF81F, 0xF81F, 0xF81F, 0xF81F, 0xF81F,
    0xF81F, 0xF81F, 0xF81F, 0xF81F, 0xF81F, 0xF81F, 0xF81F, 0xF81F, 0xF81F, 0xF81F, 0xF81F, 0xF81F, 0xF81F, 0xF81F, 0xF81F, 0xF81F,
    0xF81F, 0xF81F, 0xF81F, 0xF81F, 0xF81F, 0xF81F, 0xF81F, 0xF81F, 0xF81F, 0xF81F, 0xF81F, 0xF81F, 0xF81F, 0xF81F, 0xF81F, 0xF81F,
    0xF81F, 0xF81F, 0xF81F, 0xF81F, 0xF81F, 0xF81F, 0xF81F, 0xF81F, 0xF81F, 0xF81F, 0xF81F, 0xF81F, 0xF81F, 0xF81F, 0xF81F, 0xF81F,
    0xF81F, 0xF81F, 0xF81F, 0xF81F, 0xF81F, 0xF81F, 0xF81F, 0xF81F, 0xF81F, 0xF81F, 0xF81F, 0xF81F, 0xF81F, 0xF81F, 0xF81F, 0xF81F,
    0xF81F, 0xF81F, 0xF81F, 0xF81F, 0xF81F, 0xF81F, 0xF81F, 0xF81F, 0xF81F, 0xF81F, 0xF81F, 0xF81F, 0xF81F, 0xF81F, 0xF81F, 0xF81F,
    0xF81F, 0xF81F, 0xF81F, 0xF81F, 0xF81F, 0xF81F, 0xF81F, 0xF81F, 0xF81F, 0xF81F, 0xF81F, 0xF81F, 0xF81F, 0xF81F, 0xF81F, 0xF81F,
    0xF81F, 0xF81F, 0xF81F, 0xF81F, 0xF81F, 0xF81F, 0xF81F, 0xF81F, 0xF81F, 0xF81F, 0xF81F, 0xF81F, 0xF81F, 0xF81F, 0xF81F, 0xF81F,
    0xF81F, 0xF81F, 0xF81F, 0xF81F, 0xF81F, 0xF81F, 0xF81F, 0xF81F, 0xF81F, 0xF81F, 0xF81F, 0xF81F, 0xF81F, 0xF81F, 0xF81F, 0xF81F,
    0xF81F, 0xF81F, 0xF81F, 0xF81F, 0xF81F, 0xF81F, 0xF81F, 0xF81F, 0xF81F, 0xF81F, 0xF81F, 0xF81F, 0xF81F, 0xF81F, 0xF81F, 0xF81F,
    0xF81F, 0xF81F, 0xF81F, 0xF81F, 0xF81F, 0xF81F, 0xF81F, 0xF81F, 0xF81F, 0xF81F, 0xF81F, 0xF81F, 0xF81F, 0xF81F, 0xF81F, 0xF81F,
    0xF81F, 0xF81F, 0xF81F, 0xF81F, 0xF81F, 0xF81F, 0xF81F, 0xF81F, 0xF81F, 0xF81F, 0xF81F, 0xF81F, 0xF81F, 0xF81F, 0xF81F, 0xF81F,
    0xF81F, 0xF81F, 0xF81F, 0xF81F, 0xF81F, 0xF81F, 0xF81F, 0xF81F, 0xF81F, 0xF81F, 0xF81F, 0xF81F, 0xF81F, 0xF81F, 0xF81F, 0xF81F
};

const unsigned short miloticFront[MILOTIC_FRONT_WIDTH * MILOTIC_FRONT_HEIGHT] = {
    0xF81F, 0xF81F, 0xF81F, 0xF81F, 0xF81F, 0xF81F, 0xF81F, 0xF81F, 0xF81F, 0xF81F, 0xF81F, 0xF81F, 0xF81F, 0xF81F, 0xF81F, 0xF81F,
    0xF81F, 0xF81F, 0xF81F, 0xF81F, 0xF81F, 0xF81F, 0xF81F, 0xF81F, 0xF81F, 0xF81F, 0xF81F, 0xF81F, 0xF81F, 0xF81F, 0xF81F, 0xF81F,
    0xF81F, 0xF81F, 0xF81F, 0xF81F, 0xF81F, 0xF81F, 0xF81F, 0xF81F, 0xF81F, 0xF81F, 0xF81F, 0xF81F, 0xF81F, 0xF81F, 0xF81F, 0xF81F,
    0xF81F, 0xF81F, 0xF81F, 0xF81F, 0xF81F, 0xF81F, 0xF81F, 0xF81F, 0xF81F, 0xF81F, 0xF81F, 0xF81F, 0xF81F, 0xF81F, 0xF81F, 0xF81F,
    0xF81F, 0xF81F, 0xF81F, 0xF81F, 0xF81F, 0xF81F, 0xF81F, 0xF81F, 0xF81F, 0xF81F, 0xF81F, 0xF81F, 0xF81F, 0xF81F, 0xF81F, 0xF81F,
    0xF81F, 0xF81F, 0xF81F, 0xF81F, 0xF81F, 0xF81F, 0xF81F, 0xF81F, 0xF81F, 0xF81F, 0xF81F, 0xF81F, 0xF81F, 0xF81F, 0xF81F, 0xF81F,
    0xF81F, 0xF81F, 0xF81F, 0xF81F, 0xF81F, 0xF81F, 0xF81F, 0xF81F, 0xF81F, 0xF81F, 0xF81F, 0xF81F, 0xF81F, 0xF81F, 0xF81F, 0xF81F,
    0xF81F, 0xF81F, 0xF81F, 0xF81F, 0xF81F, 0xF81F, 0xF81F, 0xF81F, 0xF81F, 0xF81F, 0xF81F, 0xF81F, 0xF81F, 0xF81F, 0xF81F, 0xF81F,
    0xF81F, 0xF81F, 0xF81F, 0xF81F, 0xF81F, 0xF81F, 0xF81F, 0xF81F, 0xF81F, 0xF81F, 0xF81F, 0xF81F, 0xF81F, 0xF81F, 0xF81F, 0xF81F,
    0xF81F, 0xF81F, 0xF81F, 0xF81F, 0xF81F, 0xF81F, 0xF81F, 0xF81F, 0xF81F, 0xF81F, 0xF81F, 0xF81F, 0xF81F, 0xF81F, 0xF81F, 0xF81F,
    0xF81F, 0xF81F, 0xF81F, 0xF81F, 0xF81F, 0xF81F, 0xF81F, 0xF81F, 0xF81F, 0xF81F, 0xF81F, 0xF81F, 0xF81F, 0xF81F, 0xF81F, 0xF81F,
    0xF81F, 0xF81F, 0xF81F, 0xF81F, 0xF81F, 0xF81F, 0xF81F, 0xF81F, 0xF81F, 0xF81F, 0xF81F, 0xF81F, 0xF81F, 0xF81F, 0xF81F, 0xF81F,
    0xF81F, 0xF81F, 0xF81F, 0xF81F, 0xF81F, 0xF81F, 0xF81F, 0xF81F, 0xF81F, 0xF81F, 0xF81F, 0xF81F, 0xF81F, 0xF81F, 0xF81F, 0xF81F,
    0xF81F, 0xF81F, 0xF81F, 0xF81F, 0xF81F, 0xF81F, 0xF81F, 0xF81F, 0xF81F, 0xF81F, 0xF81F, 0xF81F, 0xF81F, 0xF81F, 0xF81F, 0xF81F,
    0xF81F, 0xF81F, 0xF81F, 0xF81F, 0xF81F, 0xF81F, 0xF81F, 0xF81F, 0xF81F, 0xF81F, 0xF81F, 0xF81F, 0xF81F, 0xF81F, 0xF81F, 0xF81F,
    0xF81F, 0xF81F, 0xF81F, 0xF81F, 0xF81F, 0xF81F, 0xF81F, 0xF81F, 0xF81F, 0xF81F, 0xF81F, 0xF81F, 0xF81F, 0xF81F, 0xF81F, 0xF81F,
    0xF81F, 0xF81F, 0xF81F, 0xF81F, 0xF81F, 0xF81F, 0xF81F, 0xF81F, 0xF81F, 0xF81F, 0xF81F, 0xF81F, 0xF81F, 0xF81F, 0xF81F, 0xF81F,
    0xF81F, 0xF81F, 0xF81F, 0xF81F, 0xF81F, 0xF81F, 0xF81F, 0xF81F, 0xF81F, 0xF81F, 0xF81F, 0xF81F, 0xF81F, 0xF81F, 0xF81F, 0xF81F,
    0xF81F, 0xF81F, 0xF81F, 0xF81F, 0xF81F, 0xF81F, 0xF81F, 0xF81F, 0xF81F, 0xF81F, 0xF81F, 0xF81F, 0xF81F, 0xF81F, 0xF81F, 0xF81F,
    0xF81F, 0xF81F, 0xF81F, 0xF81F, 0xF81F, 0xF81F, 0xF81F, 0xF81F, 0xF81F, 0xF81F, 0xF81F, 0xF81F, 0xF81F, 0xF81F, 0xF81F, 0xF81F,
    0xF81F, 0xF81F, 0xF81F, 0xF81F, 0xF81F, 0xF81F, 0xF81F, 0xF81F, 0xF81F, 0xF81F, 0xF81F, 0xF81F, 0xF81F, 0xF81F, 0xF81F, 0xF81F,
    0xF81F, 0xF81F, 0xF81F, 0xF81F, 0xF81F, 0xF81F, 0xF81F, 0xF81F, 0xF81F, 0xF81F, 0xF81F, 0xF81F, 0xF81F, 0xF81F, 0xF81F, 0xF81F,
    0xF81F, 0xF81F, 0xF81F, 0xF81F, 0xF81F, 0xF81F, 0xF81F, 0xF81F, 0xF81F, 0xF81F, 0xF81F, 0xF81F, 0xF81F, 0xF81F, 0xF81F, 0xF81F,
    0xF81F, 0xF81F, 0xF81F, 0xF81F, 0xF81F, 0xF81F, 0xF81F, 0xF81F, 0xF81F, 0xF81F, 0xF81F, 0xF81F, 0xF81F, 0xF81F, 0xF81F, 0xF81F,
    0xF81F, 0xF81F, 0xF81F, 0xF81F, 0xF81F, 0xF81F, 0xF81F, 0xF81F, 0xF81F, 0xF81F, 0xF81F, 0xF81F, 0xF81F, 0xF81F, 0xF81F, 0xF81F,
    0xF81F, 0xF81F, 0xF81F, 0xF81F, 0xF81F, 0xF81F, 0xF81F, 0xF81F, 0xF81F, 0xF81F, 0xF81F, 0xF81F, 0xF81F, 0xF81F, 0xF81F, 0xF81F,
    0xF81F, 0xF81F, 0xF81F, 0xF81F, 0xF81F, 0xF81F, 0xF81F, 0xF81F, 0xF81F, 0xF81F, 0xF81F, 0xF81F, 0xF81F, 0xF81F, 0xF81F, 0xF81F,
    0xF81F, 0xF81F, 0xF81F, 0xF81F, 0xF81F, 0xF81F, 0xF81F, 0xF81F, 0xF81F, 0xF81F, 0xF81F, 0xF81F, 0xF81F, 0xF81F, 0xF81F, 0xF81F,
    0xF81F, 0xF81F, 0xF81F, 0xF81F, 0xF81F, 0xF81F, 0xF81F, 0xF81F, 0xF81F, 0xF81F, 0xF81F, 0xF81F, 0xF81F, 0xF81F, 0xF81F, 0xF81F,
    0xF81F, 0xF81F, 0xF81F, 0xF81F, 0xF81F, 0xF81F, 0xF81F, 0xF81F, 0xF81F, 0xF81F, 0xF81F, 0xF81F, 0xF81F, 0xF81F, 0xF81F, 0xF81F,
    0xF81F, 0xF81F, 0xF81F, 0xF81F, 0xF81F, 0xF81F, 0xF81F, 0xF81F, 0xF81F, 0xF81F, 0xF81F, 0xF81F, 0xF81F, 0xF81F, 0xF81F, 0xF81F,
    0xF81F, 0xF81F, 0xF81F, 0xF81F, 0xF81F, 0xF81F, 0xF81F, 0xF81F, 0xF81F, 0xF81F, 0xF81F, 0xF81F, 0xF81F, 0xF81F, 0xF81F, 0xF81F,
    0xF81F, 0xF81F, 0xF81F, 0xF81F, 0xF81F, 0xF81F, 0xF81F, 0xF81F, 0xF81F, 0xF81F, 0xF81F, 0xF81F, 0xF81F, 0xF81F, 0xF81F, 0xF81F,
    0xF81F, 0xF81F, 0xF81F, 0xF81F, 0xF81F, 0xF81F, 0xF81F, 0xF81F, 0xF81F, 0xF81F, 0xF81F, 0xF81F, 0xF81F, 0xF81F, 0xF81F, 0xF81F,
    0xF81F, 0xF81F, 0xF81F, 0xF81F, 0xF81F, 0xF81F, 0xF81F, 0xF81F, 0xF81F, 0xF81F, 0xF81F, 0xF81F, 0xF81F, 0xF81F, 0xF81F, 0xF81F,
    0xF81F, 0xF81F, 0xF81F, 0xF81F, 0xF81F, 0xF81F, 0xF81F, 0xF81F, 0xF81F, 0xF81F, 0xF81F, 0xF81F, 0xF81F, 0xF81F, 0xF81F, 0xF81F,
    0xF81F, 0xF81F, 0xF81F, 0xF81F, 0xF81F, 0xF81F, 0xF81F, 0xF81F, 0xF81F, 0xF81F, 0xF81F, 0xF81F, 0xF81F, 0xF81F, 0xF81F, 0xF81F,
    0xF81F, 0xF81F, 0xF81F, 0xF81F, 0xF81F, 0xF81F, 0xF81F, 0xF81F, 0xF81F, 0xF81F, 0xF81F, 0xF81F, 0xF81F, 0xF81F, 0xF81F, 0xF81F,
    0xF81F, 0xF81F, 0xF81F, 0xF81F, 0xF81F, 0xF81F, 0xF81F, 0xF81F, 0xF81F, 0xF81F, 0xF81F, 0xF81F, 0xF81F, 0xF81F, 0xF81F, 0xF81F,
    0xF81F, 0xF81F, 0xF81F, 0xF81F, 0xF81F, 0xF81F, 0xF81F, 0xF81F, 0xF81F, 0xF81F, 0xF81F, 0xF81F, 0xF81F, 0xF81F, 0xF81F, 0xF81F,
    0xF81F, 0xF81F, 0xF81F, 0xF81F, 0xF81F, 0xF81F, 0xF81F, 0xF81F, 0xF81F, 0xF81F, 0xF81F, 0xF81F, 0xF81F, 0xF81F, 0xF81F, 0xF81F,
    0xF81F, 0xF81F, 0xF81F, 0xF81F, 0xF81F, 0xF81F, 0xF81F, 0xF81F, 0xF81F, 0xF81F, 0xF81F, 0xF81F, 0xF81F, 0xF81F, 0xF81F, 0xF81F,
    0xF81F, 0xF81F, 0xF81F, 0xF81F, 0xF81F, 0xF81F, 0xF81F, 0xF81F, 0xF81F, 0xF81F, 0xF81F, 0xF81F, 0xF81F, 0xF81F, 0xF81F, 0xF81F,
    0xF81F, 0xF81F, 0xF81F, 0xF81F, 0xF81F, 0xF81F, 0xF81F, 0xF81F, 0xF81F, 0xF81F, 0xF81F, 0xF81F, 0xF81F, 0xF81F, 0xF81F, 0xF81F,
    0xF81F, 0xF81F, 0xF81F, 0xF81F, 0xF81F, 0xF81F, 0xF81F, 0xF81F, 0xF81F, 0xF81F, 0xF81F, 0xF81F, 0xF81F, 0xF81F, 0xF81F, 0xF81F,
    0xF81F, 0xF81F, 0xF81F, 0xF81F, 0xF81F, 0xF81F, 0xF81F, 0xF81F, 0xF81F, 0xF81F, 0xF81F, 0xF81F, 0xF81F, 0xF81F, 0xF81F, 0xF81F,
    0xF81F, 0xF81F, 0xF81F, 0xF81F, 0xF81F, 0xF81F, 0xF81F, 0xF81F, 0xF81F, 0xF81F, 0xF81F, 0xF81F, 0xF81F, 0xF81F, 0xF81F, 0xF81F,
    0xF81F, 0xF81F, 0xF81F, 0xF81F, 0xF81F, 0xF81F, 0xF81F, 0xF81F, 0xF81F, 0xF81F, 0xF81F, 0xF81F, 0xF81F, 0xF81F, 0xF81F, 0xF81F,
    0xF81F, 0xF81F, 0xF81F, 0xF81F, 0xF81F, 0xF81F, 0xF81F, 0xF81F, 0xF81F, 0xF81F, 0xF81F, 0xF81F, 0xF81F, 0xF81F, 0xF81F, 0xF81F,
    0xF81F, 0xF81F, 0xF81F, 0xF81F, 0xF81F, 0xF81F, 0xF81F, 0xF81F, 0xF81F, 0xF81F, 0xF81F, 0xF81F, 0xF81F, 0xF81F, 0xF81F, 0xF81F,
    0xF81F, 0xF81F, 0xF81F, 0xF81F, 0xF81F, 0xF81F, 0xF81F, 0xF81F, 0xF81F, 0xF81F, 0xF81F, 0xF81F, 0xF81F, 0xF81F, 0xF81F, 0xF81F,
    0xF81F, 0xF81F, 0xF81F, 0xF81F, 0xF81F, 0xF81F, 0xF81F, 0xF81F, 0xF81F, 0xF81F, 0xF81F, 0xF81F, 0xF81F, 0xF81F, 0xF81F, 0xF81F,
    0xF81F, 0xF81F, 0xF81F, 0xF81F, 0xF81F, 0xF81F, 0xF81F, 0xF81F, 0xF81F, 0xF81F, 0xF81F, 0xF81F, 0xF81F, 0xF81F, 0xF81F, 0xF81F,
    0xF81F, 0xF81F, 0xF81F, 0xF81F, 0xF81F, 0xF81F, 0xF81F, 0xF81F, 0xF81F, 0xF81F, 0xF81F, 0xF81F, 0xF81F, 0xF81F, 0xF81F, 0xF81F,
    0xF81F, 0xF81F, 0xF81F, 0xF81F, 0xF81F, 0xF81F, 0xF81F, 0xF81F, 0xF81F, 0xF81F, 0xF81F, 0xF81F, 0xF81F, 0xF81F, 0xF81F, 0xF81F,
    0xF81F, 0xF81F, 0xF81F, 0xF81F, 0xF81F, 0xF81F, 0xF81F, 0xF81F, 0xF81F, 0xF81F, 0xF81F, 0xF81F, 0xF81F, 0xF81F, 0xF81F, 0xF81F,
    0xF81F, 0xF81F, 0xF81F, 0xF81F, 0xF81F, 0xF81F, 0xF81F, 0xF81F, 0xF81F, 0xF81F, 0xF81F, 0xF81F, 0xF81F, 0xF81F, 0xF81F, 0xF81F,
    0xF81F, 0xF81F, 0xF81F, 0xF81F, 0xF81F, 0xF81F, 0xF81F, 0xF81F, 0xF81F, 0xF81F, 0xF81F, 0xF81F, 0xF81F, 0xF81F, 0xF81F, 0xF81F,
    0xF81F, 0xF81F, 0xF81F, 0xF81F, 0xF81F, 0xF81F, 0xF81F, 0xF81F, 0xF81F, 0xF81F, 0xF81F, 0xF81F, 0xF81F, 0xF81F, 0xF81F, 0xF81F,
    0xF81F, 0xF81F, 0xF81F, 0xF81F, 0xF81F, 0xF81F, 0xF81F, 0xF81F, 0xF81F, 0xF81F, 0xF81F, 0xF81F, 0xF81F, 0xF81F, 0xF81F, 0xF81F,
    0xF81F, 0xF81F, 0xF81F, 0xF81F, 0xF81F, 0xF81F, 0xF81F, 0xF81F, 0xF81F, 0xF81F, 0xF81F, 0xF81F, 0xF81F, 0xF81F, 0xF81F, 0xF81F,
    0xF81F, 0xF81F, 0xF81F, 0xF81F, 0xF81F, 0xB1CA, 0xE28C, 0xE28C, 0xE28C, 0xE28C, 0xF81F, 0xF81F, 0xF81F, 0xF81F, 0xF81F, 0xF81F,
    0xF81F, 0xF81F, 0xF81F, 0xF81F, 0xF81F, 0xF81F, 0xF81F, 0xF81F, 0xF81F, 0xF81F, 0xF81F, 0xF81F, 0xF81F, 0xF81F, 0xF81F, 0xF81F,
    0xF81F, 0xF81F, 0xF81F, 0xF81F, 0xF81F, 0xF81F, 0xF81F, 0xF81F, 0xF81F, 0xF81F, 0xF81F, 0xF81F, 0xF81F, 0xF81F, 0xF81F, 0xF81F,
    0xF81F, 0xF81F, 0xF81F, 0xF81F, 0xF81F, 0xF81F, 0xF81F, 0xF81F, 0xF81F, 0xF81F, 0xF81F, 0xF81F, 0xF81F, 0xF81F, 0xF81F, 0xF81F,
    0xF81F, 0xF81F, 0xF81F, 0xF81F, 0xF81F, 0xF81F, 0xF81F, 0xF81F, 0xF81F, 0xF81F, 0xF81F, 0xF81F, 0xF81F, 0xF81F, 0xF81F, 0xF81F,
    0xF81F, 0xF81F, 0xF81F, 0xF81F, 0xF81F, 0xF81F, 0xF81F, 0xF81F, 0xF81F, 0xF81F, 0xF81F, 0xF81F, 0xF81F, 0xF81F, 0xF81F, 0xF81F,
    0xF81F, 0xF81F, 0xF81F, 0xB1CA, 0xE28C, 0xE28C, 0x3186, 0x3186, 0x3186, 0x3186, 0xB1CA, 0xB1CA, 0xF81F, 0xF81F, 0xF81F, 0xF81F,
    0xF81F, 0xF81F, 0xF81F, 0xF81F, 0xF81F, 0xF81F, 0xF81F, 0xF81F, 0xF81F, 0xF81F, 0xF81F, 0xF81F, 0xF81F, 0xF81F, 0xF81F, 0xF81F,
    0xF81F, 0xF81F, 0xF81F, 0xF81F, 0xF81F, 0xF81F, 0xF81F, 0xF81F, 0xF81F, 0xF81F, 0xF81F, 0xF81F, 0xF81F, 0xF81F, 0xF81F, 0xF81F,
    0xF81F, 0xF81F, 0xF81F, 0xF81F, 0xF81F, 0xF81F, 0xF81F, 0xF81F, 0xF81F, 0xF81F, 0xF81F, 0xF81F, 0xF81F, 0xF81F, 0xF81F, 0xF81F,
    0xF81F, 0xF81F, 0xF81F, 0xF81F, 0xF81F, 0xF81F, 0xF81F, 0xF81F, 0xF81F, 0xF81F, 0xF81F, 0xF81F, 0xF81F, 0xF81F, 0xF81F, 0xF81F,
    0xF81F, 0xF81F, 0xF81F, 0xF81F, 0xF81F, 0xF81F, 0xF81F, 0xF81F, 0xF81F, 0xF81F, 0xF81F, 0xF81F, 0xF81F, 0xF81F, 0xF81F, 0xF81F,
    0xF81F, 0xF81F, 0xB1CA, 0xE28C, 0x3186, 0x3186, 0xF81F, 0xF81F, 0xF81F, 0xF81F, 0x3186, 0x3186, 0xB1CA, 0xF81F, 0xF81F, 0xF81F,
    0xF81F, 0xF81F, 0xF81F, 0xF81F, 0xF81F, 0xF81F, 0xF81F, 0xF81F, 0xF81F, 0xF81F, 0xF81F, 0xF81F, 0xF81F, 0xF81F, 0xF81F, 0xF81F,
    0xF81F, 0xF81F, 0xF81F, 0xE28C, 0xE28C, 0xE28C, 0xB1CA, 0xB1CA, 0xF81F, 0xF81F, 0xF81F, 0xF81F, 0xF81F, 0xF81F, 0xF81F, 0xF81F,
    0xF81F, 0xF81F, 0xF81F, 0xF81F, 0xF81F, 0xF81F, 0xF81F, 0xF81F, 0xF81F, 0xF81F, 0xF81F, 0xF81F, 0xF81F, 0xF81F, 0xF81F, 0xF81F,
    0xF81F, 0xF81F, 0xF81F, 0xF81F, 0xF81F, 0xF81F, 0xF81F, 0xF81F, 0xF81F, 0xF81F, 0xF81F, 0xF81F, 0xF81F, 0xF81F, 0xF81F, 0xF81F,
    0xF81F, 0xF81F, 0xF81F, 0xF81F, 0xF81F, 0xF81F, 0xF81F, 0xF81F, 0xF81F, 0xF81F, 0xF81F, 0xF81F, 0xF81F, 0xF81F, 0xF81F, 0xF81F,
    0xF81F, 0xB1CA, 0xE28C, 0x3186, 0xF81F, 0xF81F, 0xF81F, 0xF81F, 0xF81F, 0xF81F, 0xF81F, 0xF81F, 0x3186, 0xB1CA, 0xF81F, 0xF81F,
    0xF81F, 0xF81F, 0xF81F, 0xF81F, 0xF81F, 0xF81F, 0xF81F, 0xF81F, 0xF81F, 0xF81F, 0xF81F, 0xF81F, 0xF81F, 0xF81F, 0xF81F, 0xF81F,
    0xF81F, 0xE28C, 0xE28C, 0x3186, 0x3186, 0x3186, 0x3186, 0xE28C, 0xB1CA, 0xB1CA, 0xF81F, 0xF81F, 0xF81F, 0xF81F, 0xF81F, 0xF81F,
    0xF81F, 0xF81F, 0xF81F, 0xF81F, 0xF81F, 0xF81F, 0xF81F, 0xF81F, 0xF81F, 0xF81F, 0xF81F, 0xF81F, 0xF81F, 0xF81F, 0xF81F, 0xF81F,
    0xF81F, 0xF81F, 0xF81F, 0xF81F, 0xF81F, 0xF81F, 0xF81F, 0xF81F, 0xF81F, 0xF81F, 0xF81F, 0xF81F, 0xF81F, 0xF81F, 0xF81F, 0xF81F,
    0xF81F, 0xF81F, 0xF81F, 0xF81F, 0xF81F, 0xF81F, 0xF81F, 0xF81F, 0xF81F, 0xF81F, 0xF81F, 0xF81F, 0xF81F, 0xF81F, 0xF81F, 0xF81F,
    0xF81F, 0xB1CA, 0xE28C, 0x3186, 0xF81F, 0xF81F, 0xF81F, 0xF81F, 0xF81F, 0xF81F, 0xF81F, 0xF81F, 0xF81F, 0xF81F, 0xB1CA, 0xF81F,
    0xF81F, 0xF81F, 0xF81F, 0xF81F, 0x7A8A, 0x7A8A, 0xF81F, 0xF81F, 0xF81F, 0xF81F, 0xF81F, 0xF81F, 0xF81F, 0xF81F, 0xF81F, 0xF81F,
    0xE28C, 0x3186, 0x3186, 0xF81F, 0xF81F, 0xF81F, 0xF81F, 0x3186, 0x3186, 0xE28C, 0xB1CA, 0xF81F, 0xF81F, 0xF81F, 0xF81F, 0xF81F,
    0xF81F, 0xF81F, 0xF81F, 0xF81F, 0xF81F, 0xF81F, 0xF81F, 0xF81F, 0xF81F, 0xF81F, 0xF81F, 0xF81F, 0xF81F, 0xF81F, 0xF81F, 0xF81F,
    0xF81F, 0xF81F, 0xF81F, 0xF81F, 0xF81F, 0xF81F, 0xF81F, 0xF81F, 0xF81F, 0xF81F, 0xF81F, 0xF81F, 0xF81F, 0xF81F, 0xF81F, 0xF81F,
    0xF81F, 0xF81F, 0xF81F, 0xF81F, 0xF81F, 0xF81F, 0xF81F, 0xF81F, 0xF81F, 0xF81F, 0xF81F, 0xF81F, 0xF81F, 0xF81F, 0xF81F, 0xF81F,
    0xB1CA, 0xE28C, 0x3186, 0xF81F, 0xF81F, 0xF81F, 0xF81F, 0xF81F, 0xF81F, 0xF81F, 0xF81F, 0xF81F, 0xF81F, 0xF81F, 0xF81F, 0xF81F,
    0xF81F, 0xF81F, 0xF81F, 0x7A8A, 0xFF36, 0xFF36, 0x3186, 0xF81F, 0xF81F, 0xF81F, 0xF81F, 0xF81F, 0xF81F, 0xF81F, 0xF81F, 0xF81F,
    0x3186, 0xF81F, 0xF81F, 0xF81F, 0xF81F, 0xF81F, 0xF81F, 0xF81F, 0xF81F, 0x3186, 0xE28C, 0xB1CA, 0xF81F, 0xF81F, 0xF81F, 0xF81F,
    0xF81F, 0xF81F, 0xF81F, 0xF81F, 0xF81F, 0xF81F, 0xF81F, 0xF81F, 0xF81F, 0xF81F, 0xF81F, 0xF81F, 0xF81F, 0xF81F, 0xF81F, 0xF81F,
    0xF81F, 0xF81F, 0xF81F, 0xF81F, 0xF81F, 0xF81F, 0xF81F, 0xF81F, 0xF81F, 0xF81F, 0xF81F, 0xF81F, 0xF81F, 0xF81F, 0xF81F, 0xF81F,
    0xF81F, 0xF81F, 0xF81F, 0xF81F, 0xF81F, 0xF81F, 0xF81F, 0xF81F, 0xF81F, 0xF81F, 0xF81F, 0xF81F, 0xF81F, 0xF81F, 0xF81F, 0xF81F,
    0xB1CA, 0xE28C, 0x3186, 0xF81F, 0xF81F, 0xF81F, 0xF81F, 0xF81F, 0xF81F, 0xF81F, 0xF81F, 0xF81F, 0xF81F, 0xF81F, 0xF81F, 0xF81F,
    0xF81F, 0xF81F, 0xF81F, 0x7A8A, 0xFF36, 0xFF36, 0x3186, 0xF81F, 0xF81F, 0xF81F, 0xF81F, 0xF81F, 0xF81F, 0xF81F, 0xF81F, 0xF81F,
    0xF81F, 0xF81F, 0xF81F, 0xF81F, 0xF81F, 0xF81F, 0xF81F, 0xF81F, 0xF81F, 0x3186, 0xE28C, 0x3186, 0xF81F, 0xF81F, 0xF81F, 0xF81F,
    0xF81F, 0xF81F, 0xF81F, 0xF81F, 0xF81F, 0xF81F, 0xF81F, 0xF81F, 0xF81F, 0xF81F, 0xF81F, 0xF81F, 0xF81F, 0xF81F, 0xF81F, 0xF81F,
    0xF81F, 0xF81F, 0xF81F, 0xF81F, 0xF81F, 0xF81F, 0xF81F, 0xF81F, 0xF81F, 0xF81F, 0xF81F, 0xF81F, 0xF81F, 0xF81F, 0xF81F, 0xF81F,
    0xF81F, 0xF81F, 0xF81F, 0xF81F, 0xF81F, 0xF81F, 0xF81F, 0xF81F, 0xF81F, 0xF81F, 0xF81F, 0xF81F, 0xF81F, 0xF81F, 0xF81F, 0xF81F,
    0xB1CA, 0xE28C, 0x3186, 0xF81F, 0xF81F, 0xF81F, 0xF81F, 0xF81F, 0xF81F, 0xF81F, 0xF81F, 0xF81F, 0xF81F, 0xF81F, 0xF81F, 0xF81F,
    0xF81F, 0xF81F, 0xF81F, 0x7A8A, 0xFF36, 0xFF36, 0x3186, 0xF81F, 0xF81F, 0xF81F, 0xF81F, 0xF81F, 0xF81F, 0xF81F, 0xF81F, 0xF81F,
    0xF81F, 0xF81F, 0xF81F, 0xF81F, 0xF81F, 0xF81F, 0xF81F, 0xF81F, 0xF81F, 0x3186, 0xE28C, 0x3186, 0xF81F, 0xF81F, 0xF81F, 0xF81F,
    0xF81F, 0xF81F, 0xF81F, 0xF81F, 0xF81F, 0xF81F, 0xF81F, 0xF81F, 0xF81F, 0xF81F, 0xF81F, 0xF81F, 0xF81F, 0xF81F, 0xF81F, 0xF81F,
    0xF81F, 0xF81F, 0xF81F, 0xF81F, 0xF81F, 0xF81F, 0xF81F, 0xF81F, 0xF81F, 0xF81F, 0xF81F, 0xF81F, 0xF81F, 0xF81F, 0xF81F, 0xF81F,
    0xF81F, 0xF81F, 0xF81F, 0xF81F, 0xF81F, 0xF81F, 0xF81F, 0xF81F, 0xF81F, 0xF81F, 0xF81F, 0xF81F, 0xF81F, 0xF81F, 0xF81F, 0xF81F,
    0xB1CA, 0xE28C, 0x3186, 0xF81F, 0xF81F, 0xF81F, 0xF81F, 0xF81F, 0xF81F, 0xF81F, 0xF81F, 0xF81F, 0xF81F, 0xF81F, 0xF81F, 0xF81F,
    0xF81F, 0xF81F, 0x7A8A, 0xFF36, 0xFF36, 0xFF36, 0x3186, 0xF81F, 0xF81F, 0xF81F, 0xF81F, 0xF81F, 0xF81F, 0xF81F, 0xF81F, 0xF81F,
    0xF81F, 0xF81F, 0xF81F, 0xF81F, 0xF81F, 0xF81F, 0xF81F, 0xF81F, 0xF81F, 0x3186, 0xE28C, 0x3186, 0xF81F, 0xF81F, 0xF81F, 0xF81F,
    0xF81F, 0xF81F, 0xF81F, 0xF81F, 0xF81F, 0xF81F, 0xF81F, 0xF81F, 0xF81F, 0xF81F, 0xF81F, 0xF81F, 0xF81F, 0xF81F, 0xF81F, 0xF81F,
    0xF81F, 0xF81F, 0xF81F, 0xF81F, 0xF81F, 0xF81F, 0xF81F, 0xF81F, 0xF81F, 0xF81F, 0xF81F, 0xF81F, 0xF81F, 0xF81F, 0xF81F, 0xF81F,
    0xF81F, 0xF81F, 0xF81F, 0xF81F, 0xF81F, 0xF81F, 0xF81F, 0xF81F, 0xF81F, 0xF81F, 0xF81F, 0xF81F, 0xF81F, 0xF81F, 0xF81F, 0xF81F,
    0xB1CA, 0xE28C, 0x3186, 0xF81F, 0xF81F, 0xF81F, 0xF81F, 0xF81F, 0xF81F, 0xF81F, 0xF81F, 0xF81F, 0xF81F, 0xF81F, 0xF81F, 0xF81F,
    0xF81F, 0xF81F, 0x7A8A, 0xFF36, 0xFF36, 0xFF36, 0x3186, 0xF81F, 0xF81F, 0xF81F, 0xF81F, 0xF81F, 0xF81F, 0xF81F, 0xF81F, 0xF81F,
    0xF81F, 0xF81F, 0xF81F, 0xF81F, 0xF81F, 0xF81F, 0xF81F, 0xF81F, 0x3186, 0xE28C, 0x3186, 0xF81F, 0xF81F, 0xF81F, 0xF81F, 0xF81F,
    0xF81F, 0xF81F, 0xF81F, 0xF81F, 0xF81F, 0xF81F, 0xF81F, 0xF81F, 0xF81F, 0xF81F, 0xF81F, 0xF81F, 0xF81F, 0xF81F, 0xF81F, 0xF81F,
    0xF81F, 0xF81F, 0xF81F, 0xF81F, 0xF81F, 0xF81F, 0xF81F, 0xF81F, 0xF81F, 0xF81F, 0xF81F, 0xF81F, 0xF81F, 0xF81F, 0xF81F, 0xF81F,
    0xF81F, 0xF81F, 0xF81F, 0xF81F, 0xF81F, 0xF81F, 0xF81F, 0xF81F, 0xF81F, 0xF81F, 0xF81F, 0xF81F, 0xF81F, 0xF81F, 0xF81F, 0xF81F,
    0xB1CA, 0xE28C, 0x3186, 0xF81F, 0xF81F, 0xF81F, 0xF81F, 0xF81F, 0xF81F, 0xF81F, 0xF81F, 0xF81F, 0xF81F, 0xF81F, 0xF81F, 0xF81F,
    0xF81F, 0x7A8A, 0xFF36, 0xFF36, 0xFF36, 0xDDF1, 0x3186, 0xF81F, 0xF81F, 0xF81F, 0xF81F, 0xF81F, 0xF81F, 0xF81F, 0xF81F, 0xF81F,
    0xF81F, 0xF81F, 0xF81F, 0xF81F, 0xF81F, 0xF81F, 0xF81F, 0xF81F, 0x3186, 0xE28C, 0x3186, 0xF81F, 0xF81F, 0xF81F, 0xF81F, 0xF81F,
    0xF81F, 0xF81F, 0xF81F, 0xF81F, 0xF81F, 0xF81F, 0xF81F, 0xF81F, 0xF81F, 0xF81F, 0xF81F, 0xF81F, 0xF81F, 0xF81F, 0xF81F, 0xF81F,
    0xF81F, 0xF81F, 0xF81F, 0xF81F, 0xF81F, 0xF81F, 0xF81F, 0xF81F, 0xF81F, 0xF81F, 0xF81F, 0xF81F, 0xF81F, 0xF81F, 0xF81F, 0xF81F,
    0xF81F, 0xF81F, 0xF81F, 0xF81F, 0xF81F, 0xF81F, 0xF81F, 0xF81F, 0xF81F, 0xF81F, 0xF81F, 0xF81F, 0xF81F, 0xF81F, 0xF81F, 0xF81F,
    0xB1CA, 0xE28C, 0x3186, 0xF81F, 0xF81F, 0xF81F, 0xF81F, 0xF81F, 0xF81F, 0xF81F, 0xF81F, 0xF81F, 0xF81F, 0xF81F, 0xF81F, 0xF81F,
    0xF81F, 0x7A8A, 0xFF36, 0xFF36, 0xFF36, 0xDDF1, 0x3186, 0xF81F, 0xF81F, 0xF81F, 0xF81F, 0xF81F, 0xF81F, 0xF81F, 0xF81F, 0xF81F,
    0xF81F, 0xF81F, 0xF81F, 0xF81F, 0xF81F, 0xF81F, 0xF81F, 0x3186, 0xE28C, 0x3186, 0xF81F, 0xF81F, 0xF81F, 0xF81F, 0xF81F, 0xF81F,
    0xF81F, 0xF81F, 0xF81F, 0xF81F, 0xF81F, 0xF81F, 0xF81F, 0xF81F, 0xF81F, 0xF81F, 0xF81F, 0xF81F, 0xF81F, 0xF81F, 0xF81F, 0xF81F,
    0xF81F, 0xF81F, 0xF81F, 0xF81F, 0xF81F, 0xF81F, 0xF81F, 0xF81F, 0xF81F, 0xF81F, 0xF81F, 0xF81F, 0xF81F, 0xF81F, 0xF81F, 0xF81F,
    0xF81F, 0xF81F, 0xF81F, 0xF81F, 0xF81F, 0xF81F, 0xF81F, 0xF81F, 0xF81F, 0xF81F, 0xF81F, 0xF81F, 0xF81F, 0xF81F, 0xF81F, 0xF81F,
    0xF81F, 0xB1CA, 0xE28C, 0x3186, 0xF81F, 0xF81F, 0xF81F, 0xF81F, 0xF81F, 0xF81F, 0xF81F, 0xF81F, 0xF81F, 0xF81F, 0xF81F, 0xF81F,
    0x7A8A, 0xFF36, 0xFF36, 0xFF36, 0xFF36, 0xDDF1, 0x3186, 0xF81F, 0xF81F, 0xF81F, 0xF81F, 0xF81F, 0xF81F, 0xF81F, 0xF81F, 0xF81F,
    0xF81F, 0xF81F, 0xF81F, 0xF81F, 0xF81F, 0xF81F, 0xB1CA, 0xE28C, 0x3186, 0xF81F, 0xF81F, 0xF81F, 0xF81F, 0xF81F, 0xF81F, 0xF81F,
    0xF81F, 0xF81F, 0xF81F, 0x0000, 0xF81F, 0xF81F, 0xF81F, 0xF81F, 0xF81F, 0xF81F, 0xF81F, 0xF81F, 0xF81F, 0xF81F, 0xF81F, 0xF81F,
    0xF81F, 0xF81F, 0xF81F, 0xF81F, 0xF81F, 0xF81F, 0xF81F, 0xF81F, 0xF81F, 0xF81F, 0xF81F, 0xF81F, 0xF81F, 0xF81F, 0xF81F, 0xF81F,
    0xF81F, 0xF81F, 0xF81F, 0xF81F, 0xF81F, 0xF81F, 0xF81F, 0xF81F, 0xF81F, 0xF81F, 0xF81F, 0xF81F, 0xF81F, 0xF81F, 0xF81F, 0xF81F,
    0xF81F, 0xB1CA, 0xE28C, 0x3186, 0xF81F, 0xF81F, 0xF81F, 0xF81F, 0xF81F, 0xF81F, 0xF81F, 0xF81F, 0xF81F, 0xF81F, 0xF81F, 0xF81F,
    0x7A8A, 0xFF36, 0xFF36, 0xFF36, 0xFF36, 0xDDF1, 0x3186, 0xF81F, 0xF81F, 0xF81F, 0xF81F, 0xF81F, 0xF81F, 0xF81F, 0xF81F, 0xF81F,
    0xF81F, 0xF81F, 0xF81F, 0xF81F, 0xB1CA, 0xB1CA, 0xE28C, 0x3186, 0xF81F, 0xF81F, 0xF81F, 0xF81F, 0xF81F, 0xF81F, 0xF81F, 0xF81F,
    0xF81F, 0xF81F, 0x3186, 0x3D7A, 0x0000, 0xF81F, 0xF81F, 0xF81F, 0xF81F, 0xF81F, 0xF81F, 0xF81F, 0xF81F, 0xF81F, 0xF81F, 0xF81F,
    0xF81F, 0xF81F, 0xF81F, 0xF81F, 0xF81F, 0xF81F, 0xF81F, 0xF81F, 0xF81F, 0xF81F, 0xF81F, 0xF81F, 0xF81F, 0xF81F, 0xF81F, 0xF81F,
    0xF81F, 0xF81F, 0xF81F, 0xF81F, 0xF81F, 0xF81F, 0xF81F, 0xF81F, 0xF81F, 0xF81F, 0xF81F, 0xF81F, 0xF81F, 0xF81F, 0xF81F, 0xF81F,
    0xF81F, 0xB1CA, 0xE28C, 0x3186, 0xF81F, 0xF81F, 0xF81F, 0xF81F, 0xF81F, 0xF81F, 0xF81F, 0xF81F, 0xF81F, 0xF81F, 0xF81F, 0x7A8A,
    0xFF36, 0xFF36, 0xFF36, 0xFF36, 0xDDF1, 0xDDF1, 0x3186, 0xF81F, 0xF81F, 0xF81F, 0xF81F, 0xF81F, 0xF81F, 0xF81F, 0xF81F, 0xF81F,
    0xF81F, 0xF81F, 0xF81F, 0xB1CA, 0xE28C, 0xE28C, 0x3186, 0xF81F, 0xF81F, 0xF81F, 0xF81F, 0xF81F, 0xF81F, 0xF81F, 0xF81F, 0xF81F,
    0xF81F, 0xF81F, 0x3186, 0x3D7A, 0x0000, 0xF81F, 0xF81F, 0xF81F, 0xF81F, 0xF81F, 0xF81F, 0xF81F, 0xF81F, 0xF81F, 0xF81F, 0xF81F,
    0xF81F, 0xF81F, 0xF81F, 0xF81F, 0xF81F, 0xF81F, 0xF81F, 0xF81F, 0xF81F, 0xF81F, 0xF81F, 0xF81F, 0xF81F, 0xF81F, 0xF81F, 0xF81F,
    0xF81F, 0xF81F, 0xF81F, 0xF81F, 0xF81F, 0xF81F, 0xF81F, 0xF81F, 0xF81F, 0xF81F, 0xF81F, 0xF81F, 0xF81F, 0xF81F, 0xF81F, 0xF81F,
    0xF81F, 0xF81F, 0xB1CA, 0xE28C, 0x3186, 0xF81F, 0xF81F, 0xF81F, 0xF81F, 0xF81F, 0xF81F, 0xF81F, 0xF81F, 0xF81F, 0x7A8A, 0xFF36,
    0xFF36, 0xFF36, 0xFF36, 0xFF36, 0xDDF1, 0xDDF1, 0x3186, 0xF81F, 0xF81F, 0xF81F, 0xF81F, 0xF81F, 0xF81F, 0xF81F, 0xF81F, 0xF81F,
    0xF81F, 0xB1CA, 0xB1CA, 0xE28C, 0x3186, 0x3186, 0xF81F, 0xF81F, 0xF81F, 0xF81F, 0xF81F, 0xF81F, 0xF81F, 0xF81F, 0xF81F, 0xF81F,
    0xF81F, 0x3186, 0x3D7A, 0x3D7A, 0x3D7A, 0x0000, 0xF81F, 0xF81F, 0xF81F, 0xF81F, 0xF81F, 0xF81F, 0xF81F, 0xF81F, 0xF81F, 0x3186,
    0x3186, 0x0000, 0xF81F, 0xF81F, 0xF81F, 0xF81F, 0xF81F, 0xF81F, 0xF81F, 0xF81F, 0xF81F, 0xF81F, 0xF81F, 0xF81F, 0xF81F, 0xF81F,
    0xF81F, 0xF81F, 0xF81F, 0xF81F, 0xF81F, 0xF81F, 0xF81F, 0xF81F, 0xF81F, 0xF81F, 0xF81F, 0xF81F, 0xF81F, 0xF81F, 0xF81F, 0xF81F,
    0xF81F, 0xF81F, 0xB1CA, 0xE28C, 0x3186, 0xF81F, 0xF81F, 0xF81F, 0xF81F, 0xF81F, 0xF81F, 0xF81F, 0xF81F, 0x7A8A, 0xFF36, 0xFF36,
    0xFF36, 0xFF36, 0xFF36, 0xFF36, 0xDDF1, 0xDDF1, 0x3186, 0xF81F, 0xF81F, 0xF81F, 0xF81F, 0xF81F, 0xF81F, 0xF81F, 0xF81F, 0xF81F,
    0xB1CA, 0xE28C, 0xE28C, 0x3186, 0xF81F, 0xF81F, 0xF81F, 0xF81F, 0xF81F, 0xF81F, 0xF81F, 0xF81F, 0xF81F, 0xF81F, 0xF81F, 0xF81F,
    0xF81F, 0x3186, 0x3D7A, 0x3D7A, 0x3D7A, 0x0000, 0xF81F, 0xF81F, 0xF81F, 0xF81F, 0xF81F, 0xF81F, 0xF81F, 0x3186, 0x3186, 0x3D7A,
    0x3D7A, 0x0000, 0xF81F, 0xF81F, 0xF81F, 0xF81F, 0xF81F, 0xF81F, 0xF81F, 0xF81F, 0xF81F, 0xF81F, 0xF81F, 0xF81F, 0xF81F, 0xF81F,
    0xF81F, 0xF81F, 0xF81F, 0xF81F, 0xF81F, 0xF81F, 0xF81F, 0xF81F, 0xF81F, 0xF81F, 0xF81F, 0xF81F, 0xF81F, 0xF81F, 0xF81F, 0xF81F,
    0xF81F, 0xF81F, 0xF81F, 0xB1CA, 0xE28C, 0x3186, 0xF81F, 0xF81F, 0xF81F, 0xF81F, 0xF81F, 0xF81F, 0x6145, 0xFF36, 0xFFFC, 0xFFFC,
    0xFF36, 0xFF36, 0xFF36, 0xDDF1, 0xDDF1, 0xDDF1, 0x7A8A, 0xF81F, 0xF81F, 0xF81F, 0xF81F, 0xF81F, 0xF81F, 0xF81F, 0xF81F, 0xB1CA,
    0xE28C, 0x3186, 0x3186, 0xF81F, 0xF81F, 0xF81F, 0xF81F, 0xF81F, 0xF81F, 0xF81F, 0xF81F, 0xF81F, 0xF81F, 0xF81F, 0xF81F, 0xF81F,
    0xF81F, 0x3186, 0x3D7A, 0x3D7A, 0x3D7A, 0x0000, 0xF81F, 0xF81F, 0xF81F, 0xF81F, 0xF81F, 0xF81F, 0x3186, 0x3D7A, 0x3D7A, 0x3D7A,
    0x3D7A, 0x0000, 0xF81F, 0xF81F, 0xF81F, 0xF81F, 0xF81F, 0xF81F, 0xF81F, 0xF81F, 0xF81F, 0xF81F, 0xF81F, 0xF81F, 0xF81F, 0xF81F,
    0xF81F, 0xF81F, 0xF81F, 0xF81F, 0xF81F, 0xF81F, 0xF81F, 0xF81F, 0xF81F, 0xF81F, 0xF81F, 0xF81F, 0xF81F, 0xF81F, 0xF81F, 0xF81F,
    0xF81F, 0xF81F, 0xF81F, 0xB1CA, 0xE28C, 0x3186, 0xF81F, 0xF81F, 0xF81F, 0xF81F, 0xF81F, 0xF81F, 0x6145, 0xFFFC, 0xFFFC, 0xFFFC,
    0xFFFC, 0xFF36, 0xFF36, 0xDDF1, 0xDDF1, 0xDDF1, 0xDDF1, 0x7A8A, 0xF81F, 0xF81F, 0xF81F, 0xF81F, 0xF81F, 0xB1CA, 0xB1CA, 0xE28C,
    0x3186, 0xF81F, 0xF81F, 0xF81F, 0xF81F, 0xF81F, 0xF81F, 0xF81F, 0xF81F, 0xF81F, 0xF81F, 0xF81F, 0xF81F, 0xF81F, 0xF81F, 0xF81F,
    0x3186, 0x3D7A, 0x3D7A, 0x3D7A, 0x3D7A, 0x0000, 0xF81F, 0xF81F, 0xF81F, 0xF81F, 0x3186, 0x3186, 0x3D7A, 0x3D7A, 0x3D7A, 0x3D7A,
    0x0000, 0xF81F, 0xF81F, 0xF81F, 0xF81F, 0xF81F, 0xF81F, 0xF81F, 0xF81F, 0xF81F, 0xF81F, 0xF81F, 0xF81F, 0xF81F, 0xF81F, 0xF81F,
    0xF81F, 0xF81F, 0xF81F, 0xF81F, 0xF81F, 0xF81F, 0xF81F, 0xF81F, 0xF81F, 0xF81F, 0xF81F, 0xF81F, 0xF81F, 0xF81F, 0xF81F, 0xF81F,
    0xF81F, 0xF81F, 0xF81F, 0xF81F, 0xB1CA, 0xE28C, 0x3186, 0xF81F, 0xF81F, 0xF81F, 0xF81F, 0xB1CA, 0xFFFC, 0xFFFC, 0xFFFC, 0xFFFC,
    0xFFFC, 0xFF36, 0xDDF1, 0xDDF1, 0xB1CA, 0xB1CA, 0x81C7, 0x81C7, 0xF81F, 0xF81F, 0xF81F, 0xB1CA, 0xB1CA, 0xE28C, 0xE28C, 0x3186,
    0xF81F, 0xF81F, 0xF81F, 0xF81F, 0xF81F, 0xF81F, 0xF81F, 0xF81F, 0xF81F, 0xF81F, 0xF81F, 0xF81F, 0xF81F, 0xF81F, 0xF81F, 0xF81F,
    0x3186, 0x3D7A, 0x3D7A, 0x3D7A, 0x3D7A, 0x3D7A, 0x0000, 0xF81F, 0xF81F, 0x3186, 0x3D7A, 0x3D7A, 0x3D7A, 0x3D7A, 0x3D7A, 0x3D7A,
    0x0000, 0xF81F, 0xF81F, 0xF81F, 0xF81F, 0xF81F, 0xF81F, 0xF81F, 0xF81F, 0xF81F, 0xF81F, 0xF81F, 0xF81F, 0xF81F, 0xF81F, 0xF81F,
    0xF81F, 0xF81F, 0xF81F, 0xF81F, 0xF81F, 0xF81F, 0xF81F, 0xF81F, 0xF81F, 0xF81F, 0xF81F, 0xF81F, 0xF81F, 0xF81F, 0xF81F, 0xF81F,
    0xF81F, 0xF81F, 0xF81F, 0xF81F, 0xF81F, 0xB1CA, 0xE28C, 0x3186, 0xF81F, 0xF81F, 0xB1CA, 0xEB4F, 0xFF36, 0xFFFC, 0xFFFC, 0xFFFC,
    0xFF36, 0xFF36, 0xB1CA, 0xB1CA, 0xEB4F, 0xEB4F, 0xB1CA, 0xB1CA, 0x81C7, 0xF81F, 0xB1CA, 0xE28C, 0xE28C, 0x3186, 0x3186, 0xF81F,
    0xF81F, 0xF81F, 0xF81F, 0xF81F, 0xF81F, 0xF81F, 0xF81F, 0xF81F, 0xF81F, 0xF81F, 0xF81F, 0xF81F, 0xF81F, 0xF81F, 0xF81F, 0xF81F,
    0x3186, 0x3D7A, 0x3D7A, 0xE28C, 0x3D7A, 0x3D7A, 0x0000, 0xF81F, 0x3186, 0x3D7A, 0x3D7A, 0x3D7A, 0x3D7A, 0x3D7A, 0x3D7A, 0x3D7A,
    0x0000, 0xF81F, 0xF81F, 0xF81F, 0xF81F, 0xF81F, 0xF81F, 0xF81F, 0xF81F, 0xF81F, 0xF81F, 0xF81F, 0xF81F, 0xF81F, 0xF81F, 0xF81F,
    0xF81F, 0xF81F, 0xF81F, 0xF81F, 0xF81F, 0xF81F, 0xF81F, 0xF81F, 0xF81F, 0xF81F, 0xF81F, 0xF81F, 0xF81F, 0xF81F, 0xF81F, 0xF81F,
    0xF81F, 0xF81F, 0xF81F, 0xF81F, 0xF81F, 0xB1CA, 0xE28C, 0xE28C, 0x3186, 0xB1CA, 0xEB4F, 0xEB4F, 0xFF36, 0xFF36, 0xFF36, 0xFF36,
    0xFF36, 0xB1CA, 0xEB4F, 0xEB4F, 0xEB4F, 0xEB4F, 0xEB4F, 0xEB4F, 0x3186, 0x3186, 0xE28C, 0x0000, 0x3186, 0xF81F, 0xF81F, 0xF81F,
    0xF81F, 0xF81F, 0xF81F, 0xF81F, 0xF81F, 0xF81F, 0xF81F, 0xF81F, 0xF81F, 0xF81F, 0xF81F, 0xF81F, 0xF81F, 0xF81F, 0xF81F, 0xF81F,
    0x3186, 0x3D7A, 0xE28C, 0xE28C, 0x3D7A, 0x3D7A, 0x0000, 0x3186, 0x3D7A, 0x3D7A, 0x3D7A, 0x3D7A, 0x3D7A, 0x3D7A, 0x3D7A, 0x0000,
    0xF81F, 0xF81F, 0xF81F, 0xF81F, 0xF81F, 0xF81F, 0xF81F, 0xF81F, 0xF81F, 0xF81F, 0xF81F, 0xF81F, 0xF81F, 0xF81F, 0xF81F, 0xF81F,
    0xF81F, 0xF81F, 0xF81F, 0xF81F, 0xF81F, 0xF81F, 0xF81F, 0xF81F, 0xF81F, 0xF81F, 0xF81F, 0xF81F, 0xF81F, 0xF81F, 0xF81F, 0xF81F,
    0xF81F, 0xF81F, 0xF81F, 0xF81F, 0xF81F, 0xF81F, 0xB1CA, 0xDDF1, 0xDDF1, 0x3186, 0xEB4F, 0xEB4F, 0xFF36, 0xFF36, 0xFF36, 0xFF36,
    0xB1CA, 0xEB4F, 0xEB4F, 0xEB4F, 0xEB4F, 0x3186, 0x3186, 0x3186, 0xE28C, 0xE28C, 0x0000, 0xF81F, 0xF81F, 0xF81F, 0xF81F, 0xF81F,
    0xF81F, 0xF81F, 0xF81F, 0xF81F, 0xF81F, 0xF81F, 0xF81F, 0xF81F, 0xF81F, 0xF81F, 0xF81F, 0xF81F, 0xF81F, 0xF81F, 0xF81F, 0xF81F,
    0x3186, 0x3D7A, 0xE28C, 0xE28C, 0x3D7A, 0x3D7A, 0x0000, 0x3D7A, 0x3D7A, 0x3D7A, 0x3D7A, 0xE28C, 0x3D7A, 0x3D7A, 0x3D7A, 0x0000,
    0xF81F, 0xF81F, 0xF81F, 0xF81F, 0x3186, 0x3186, 0x3186, 0x0000, 0xF81F, 0xF81F, 0xF81F, 0xF81F, 0xF81F, 0xF81F, 0xF81F, 0xF81F,
    0xF81F, 0xF81F, 0xF81F, 0xF81F, 0xF81F, 0xF81F, 0xF81F, 0xF81F, 0xF81F, 0xF81F, 0xF81F, 0xF81F, 0xF81F, 0xF81F, 0xF81F, 0xF81F,
    0xF81F, 0xF81F, 0xF81F, 0xF81F, 0xF81F, 0xF81F, 0xF81F, 0xB1CA, 0xFF36, 0xFF36, 0x7A8A, 0xEB4F, 0xFF36, 0xFF36, 0xFF36, 0xFF36,
    0xB1CA, 0xEB4F, 0xEB4F, 0x3186, 0x3186, 0xE28C, 0xE28C, 0xE28C, 0x0000, 0x0000, 0xF81F, 0xF81F, 0xF81F, 0xF81F, 0xF81F, 0xF81F,
    0xF81F, 0xF81F, 0xF81F, 0xF81F, 0xF81F, 0xF81F, 0xF81F, 0xF81F, 0xF81F, 0xF81F, 0xF81F, 0xF81F, 0xF81F, 0xF81F, 0xF81F, 0x3186,
    0x3D7A, 0xE28C, 0xE28C, 0xE28C, 0xE28C, 0x3D7A, 0x0000, 0x3D7A, 0x3D7A, 0xE28C, 0xE28C, 0xE28C, 0x3D7A, 0x3D7A, 0x0000, 0xF81F,
    0xF81F, 0x3186, 0x3186, 0x3186, 0x3D7A, 0x3D7A, 0x3D7A, 0x0000, 0xF81F, 0xF81F, 0xF81F, 0xF81F, 0xF81F, 0xF81F, 0xF81F, 0xF81F,
    0xF81F, 0xF81F, 0xF81F, 0xF81F, 0xF81F, 0xF81F, 0xF81F, 0xF81F, 0xF81F, 0xF81F, 0xF81F, 0xF81F, 0xF81F, 0xF81F, 0xF81F, 0xF81F,
    0xF81F, 0xF81F, 0xF81F, 0xF81F, 0xF81F, 0xF81F, 0xF81F, 0xB1CA, 0xFF36, 0xFF36, 0xFF36, 0xEB4F, 0xFF36, 0xFF36, 0xFF36, 0xB1CA,
    0xEB4F, 0x3186, 0x3186, 0xDDF1, 0xDDF1, 0xDDF1, 0x0000, 0x0000, 0xB1CA, 0x6145, 0xF81F, 0xF81F, 0xF81F, 0xF81F, 0xF81F, 0xF81F,
    0xF81F, 0xF81F, 0xF81F, 0xF81F, 0xF81F, 0xF81F, 0xF81F, 0xF81F, 0xF81F, 0xF81F, 0xF81F, 0xF81F, 0xF81F, 0xF81F, 0xF81F, 0x3186,
    0x3D7A, 0xE28C, 0xE28C, 0xE28C, 0xE28C, 0x3D7A, 0x0000, 0x3D7A, 0xE28C, 0xE28C, 0xE28C, 0xE28C, 0x3D7A, 0x3D7A, 0x0000, 0x3186,
    0x3186, 0x3D7A, 0x3D7A, 0x3D7A, 0x3D7A, 0x3D7A, 0x3D7A, 0x0000, 0xF81F, 0xF81F, 0xF81F, 0xF81F, 0xF81F, 0xF81F, 0xF81F, 0xF81F,
    0xF81F, 0xF81F, 0xF81F, 0xF81F, 0xF81F, 0xF81F, 0xF81F, 0xF81F, 0xF81F, 0xF81F, 0xF81F, 0xF81F, 0xF81F, 0xF81F, 0xF81F, 0xF81F,
    0xF81F, 0xF81F, 0xF81F, 0xF81F, 0xF81F, 0xF81F, 0xF81F, 0xF81F, 0x7A8A, 0xFF36, 0xFF36, 0xFF36, 0xFF36, 0xFF36, 0xFF36, 0x7A8A,
    0x7A8A, 0xFF36, 0xFF36, 0xFF36, 0x3186, 0x0000, 0x81C7, 0xB1CA, 0xB1CA, 0x6145, 0xF81F, 0xF81F, 0xF81F, 0xF81F, 0xF81F, 0xF81F,
    0xF81F, 0xF81F, 0xF81F, 0xF81F, 0xF81F, 0xF81F, 0xF81F, 0xF81F, 0xF81F, 0xF81F, 0xF81F, 0xF81F, 0xF81F, 0xF81F, 0xF81F, 0x3186,
    0x3D7A, 0xE28C, 0xE28C, 0xE28C, 0xE28C, 0x3D7A, 0x0000, 0xE28C, 0xE28C, 0xE28C, 0xE28C, 0x3D7A, 0x3D7A, 0x0000, 0x3186, 0x3D7A,
    0x3D7A, 0x3D7A, 0x3D7A, 0x3D7A, 0x3D7A, 0x3D7A, 0x0000, 0xF81F, 0xF81F, 0xF81F, 0xF81F, 0xF81F, 0xF81F, 0xF81F, 0xF81F, 0xF81F,
    0xF81F, 0xF81F, 0xF81F, 0xF81F, 0xF81F, 0xF81F, 0xF81F, 0xF81F, 0xF81F, 0xF81F, 0xF81F, 0xF81F, 0xF81F, 0xF81F, 0xF81F, 0xF81F,
    0xF81F, 0xF81F, 0xF81F, 0xF81F, 0xF81F, 0xF81F, 0xF81F, 0xF81F, 0x7A8A, 0xDDF1, 0xFF36, 0xFF36, 0xFF36, 0xFF36, 0xFF36, 0xFF36,
    0xFF36, 0xFF36, 0x0000, 0x0000, 0x3186, 0xDDF1, 0x6145, 0xB1CA, 0xB1CA, 0x0000, 0xF81F, 0xF81F, 0xF81F, 0xF81F, 0xF81F, 0xF81F,
    0xF81F, 0xF81F, 0xF81F, 0xF81F, 0xF81F, 0xF81F, 0xF81F, 0xF81F, 0xF81F, 0xF81F, 0xF81F, 0xF81F, 0xF81F, 0xF81F, 0xF81F, 0x3186,
    0x3D7A, 0xE28C, 0xE28C, 0xE28C, 0x3D7A, 0x3D7A, 0x0000, 0xE28C, 0xE28C, 0xE28C, 0xE28C, 0x3D7A, 0x3D7A, 0x0000, 0x3D7A, 0x3D7A,
    0x3D7A, 0x3D7A, 0x3D7A, 0x3D7A, 0x3D7A, 0x3D7A, 0x0000, 0xF81F, 0xF81F, 0xF81F, 0xF81F, 0xF81F, 0xF81F, 0xF81F, 0xF81F, 0xF81F,
    0xF81F, 0xF81F, 0xF81F, 0xF81F, 0xF81F, 0xF81F, 0xF81F, 0xF81F, 0xF81F, 0xF81F, 0xF81F, 0xF81F, 0xF81F, 0xF81F, 0xF81F, 0xF81F,
    0xF81F, 0xF81F, 0xF81F, 0xF81F, 0xF81F, 0xF81F, 0xF81F, 0xF81F, 0xF81F, 0x7A8A, 0xFF36, 0xFF36, 0xFF36, 0xFF36, 0xFF36, 0xFF36,
    0xDDF1, 0x0000, 0xFFFC, 0x0000, 0x3186, 0xDDF1, 0x81C7, 0xB1CA, 0xB1CA, 0x0000, 0xF81F, 0xF81F, 0xF81F, 0xF81F, 0xF81F, 0xF81F,
    0xF81F, 0xF81F, 0xF81F, 0xF81F, 0xF81F, 0xF81F, 0xF81F, 0xF81F, 0xF81F, 0xF81F, 0xF81F, 0xF81F, 0xF81F, 0xF81F, 0xF81F, 0x3186,
    0x0BD3, 0xE28C, 0xE28C, 0xE28C, 0x3D7A, 0x0000, 0xB1CA, 0xE28C, 0xE28C, 0xE28C, 0x3D7A, 0x3D7A, 0x0000, 0x3D7A, 0x3D7A, 0x3D7A,
    0x3D7A, 0x3D7A, 0x3D7A, 0x3D7A, 0x3D7A, 0x0000, 0xF81F, 0xF81F, 0xF81F, 0xF81F, 0xF81F, 0xF81F, 0xF81F, 0xF81F, 0xF81F, 0xF81F,
    0xF81F, 0xF81F, 0xF81F, 0xF81F, 0xF81F, 0xF81F, 0xF81F, 0xF81F, 0xF81F, 0xF81F, 0xF81F, 0xF81F, 0xF81F, 0xF81F, 0xF81F, 0xF81F,
    0xF81F, 0xF81F, 0xF81F, 0xF81F, 0xF81F, 0xF81F, 0xF81F, 0xF81F, 0xF81F, 0x7A8A, 0xFF36, 0xFF36, 0xFF36, 0xFF36, 0xFF36, 0xFF36,
    0x0000, 0x0000, 0x0000, 0x0000, 0xB1CA, 0xDDF1, 0x6145, 0xB1CA, 0xB1CA, 0x0000, 0xF81F, 0xF81F, 0xF81F, 0xF81F, 0xF81F, 0xF81F,
    0xF81F, 0xF81F, 0xF81F, 0xF81F, 0xF81F, 0xF81F, 0xF81F, 0xF81F, 0xF81F, 0xF81F, 0xF81F, 0xF81F, 0xF81F, 0xF81F, 0xF81F, 0x3186,
    0x0BD3, 0x0BD3, 0xB1CA, 0xB1CA, 0x3D7A, 0x0000, 0xB1CA, 0xE28C, 0xE28C, 0xE28C, 0x3D7A, 0x0000, 0x0BD3, 0x3D7A, 0x3D7A, 0xE28C,
    0xE28C, 0xE28C, 0x3D7A, 0x3D7A, 0x3D7A, 0x0000, 0xF81F, 0xF81F, 0xF81F, 0xF81F, 0xF81F, 0xF81F, 0xF81F, 0xF81F, 0xF81F, 0xF81F,
    0xF81F, 0xF81F, 0xF81F, 0xF81F, 0xF81F, 0xF81F, 0xF81F, 0xF81F, 0xF81F, 0xF81F, 0xF81F, 0xF81F, 0xF81F, 0xF81F, 0xF81F, 0xF81F,
    0xF81F, 0xF81F, 0xF81F, 0xF81F, 0xF81F, 0xF81F, 0xF81F, 0xF81F, 0xF81F, 0x7A8A, 0xFF36, 0xFF36, 0xFF36, 0xFF36, 0xFF36, 0x3186,
    0x3186, 0xEB4F, 0xEB4F, 0xB1CA, 0x3186, 0xDDF1, 0x6145, 0xB1CA, 0xB1CA, 0x0000, 0xF81F, 0xF81F, 0xF81F, 0xF81F, 0xF81F, 0xF81F,
    0xF81F, 0xF81F, 0xF81F, 0xF81F, 0xF81F, 0xF81F, 0xF81F, 0xF81F, 0xF81F, 0xF81F, 0xF81F, 0xF81F, 0xF81F, 0xF81F, 0xF81F, 0x3186,
    0x0BD3, 0x0BD3, 0xB1CA, 0x0BD3, 0x0BD3, 0x0000, 0xB1CA, 0xB1CA, 0xE28C, 0x3D7A, 0x0BD3, 0x0000, 0x0BD3, 0xE28C, 0xE28C, 0xE28C,
    0xE28C, 0xE28C, 0x3D7A, 0x3D7A, 0x0000, 0xF81F, 0xF81F, 0xF81F, 0xF81F, 0xF81F, 0xF81F, 0xF81F, 0xF81F, 0xF81F, 0xF81F, 0xF81F,
    0xF81F, 0xF81F, 0xF81F, 0xF81F, 0xF81F, 0xF81F, 0xF81F, 0xF81F, 0xF81F, 0xF81F, 0xF81F, 0xF81F, 0xF81F, 0xF81F, 0xF81F, 0xF81F,
    0xF81F, 0xF81F, 0xF81F, 0xF81F, 0xF81F, 0xF81F, 0xF81F, 0xF81F, 0xF81F, 0x7A8A, 0xFF36, 0xFF36, 0xFF36, 0xFF36, 0xFF36, 0xFF36,
    0xDDF1, 0x3186, 0x3186, 0x3186, 0xDDF1, 0xDDF1, 0x6145, 0xB1CA, 0xB1CA, 0x0000, 0xF81F, 0xF81F, 0xF81F, 0xF81F, 0xF81F, 0xF81F,
    0xF81F, 0xF81F, 0xF81F, 0xF81F, 0xF81F, 0xF81F, 0xF81F, 0xF81F, 0xF81F, 0xF81F, 0xF81F, 0xF81F, 0xF81F, 0xF81F, 0xF81F, 0x3186,
    0x0BD3, 0x0BD3, 0x0BD3, 0x0BD3, 0x0000, 0x0BD3, 0xB1CA, 0xB1CA, 0x0BD3, 0x0BD3, 0x0000, 0x0BD3, 0xB1CA, 0xE28C, 0xE28C, 0xE28C,
    0xE28C, 0x3D7A, 0x3D7A, 0x0000, 0x3186, 0xF81F, 0xF81F, 0xF81F, 0xF81F, 0xF81F, 0xF81F, 0xF81F, 0xF81F, 0xF81F, 0xF81F, 0xF81F,
    0xF81F, 0xF81F, 0xF81F, 0xF81F, 0xF81F, 0xF81F, 0xF81F, 0xF81F, 0xF81F, 0xF81F, 0xF81F, 0xF81F, 0xF81F, 0xF81F, 0xF81F, 0xF81F,
    0xF81F, 0xF81F, 0xF81F, 0xF81F, 0xF81F, 0xF81F, 0xF81F, 0xF81F, 0xF81F, 0xF81F, 0x3186, 0xFF36, 0xFF36, 0xFF36, 0xFF36, 0xFF36,
    0xDDF1, 0xDDF1, 0xDDF1, 0xDDF1, 0xDDF1, 0xDDF1, 0x6145, 0xB1CA, 0xB1CA, 0xB1CA, 0x0000, 0xF81F, 0xF81F, 0xF81F, 0xF81F, 0xF81F,
    0xF81F, 0xF81F, 0xF81F, 0xF81F, 0xF81F, 0xF81F, 0xF81F, 0xF81F, 0xF81F, 0xF81F, 0xF81F, 0xF81F, 0xF81F, 0xF81F, 0xF81F, 0xF81F,
    0x3186, 0x0BD3, 0x0BD3, 0x0BD3, 0x0000, 0x0BD3, 0x0BD3, 0x0BD3, 0x0BD3, 0x0000, 0x0BD3, 0xB1CA, 0xB1CA, 0xE28C, 0xE28C, 0xE28C,
    0x3D7A, 0x3D7A, 0x0000, 0x3D7A, 0x3D7A, 0x3186, 0x3186, 0x3186, 0xF81F, 0xF81F, 0xF81F, 0xF81F, 0xF81F, 0xF81F, 0xF81F, 0xF81F,
    0xF81F, 0xF81F, 0xF81F, 0xF81F, 0xF81F, 0xF81F, 0xF81F, 0xF81F, 0xF81F, 0xF81F, 0xF81F, 0xF81F, 0xF81F, 0xF81F, 0xF81F, 0xF81F,
    0xF81F, 0xF81F, 0xF81F, 0xF81F, 0xF81F, 0xF81F, 0xF81F, 0xF81F, 0x7A8A, 0x7A8A, 0x3186, 0xFF36, 0xFF36, 0xFF36, 0xFF36, 0xDDF1,
    0xDDF1, 0xDDF1, 0xDDF1, 0xDDF1, 0xDDF1, 0xDDF1, 0x6145, 0xB1CA, 0xB1CA, 0xB1CA, 0x0000, 0xF81F, 0xF81F, 0xF81F, 0xF81F, 0xF81F,
    0xF81F, 0xF81F, 0xF81F, 0xF81F, 0xF81F, 0xF81F, 0xF81F, 0xF81F, 0xF81F, 0xF81F, 0xF81F, 0xF81F, 0xF81F, 0xF81F, 0xF81F, 0xF81F,
    0x3186, 0x0BD3, 0x0BD3, 0x0000, 0x0BD3, 0x0BD3, 0x0BD3, 0x0BD3, 0x0000, 0x0BD3, 0x0BD3, 0xB1CA, 0xE28C, 0xE28C, 0x3D7A, 0x3D7A,
    0x0000, 0x0000, 0xE28C, 0x3D7A, 0x3D7A, 0x3D7A, 0x3D7A, 0x3D7A, 0x3186, 0x3186, 0xF81F, 0xF81F, 0xF81F, 0xF81F, 0xF81F, 0xF81F,
    0xF81F, 0xF81F, 0xF81F, 0xF81F, 0xF81F, 0xF81F, 0xF81F, 0xF81F, 0xF81F, 0xF81F, 0xF81F, 0xF81F, 0xF81F, 0xF81F, 0xF81F, 0xF81F,
    0xF81F, 0xF81F, 0xF81F, 0xF81F, 0xF81F, 0x7A8A, 0x7A8A, 0x7A8A, 0xDDF1, 0x3186, 0x3186, 0x3186, 0xFF36, 0xFF36, 0xDDF1, 0xDDF1,
    0xDDF1, 0xDDF1, 0xDDF1, 0x7A8A, 0xDDF1, 0xDDF1, 0x6145, 0xB1CA, 0xB1CA, 0xB1CA, 0x0000, 0xF81F, 0xF81F, 0xF81F, 0xF81F, 0xF81F,
    0xF81F, 0xF81F, 0xF81F, 0xF81F, 0xF81F, 0xF81F, 0xF81F, 0xF81F, 0xF81F, 0xF81F, 0xF81F, 0xF81F, 0xF81F, 0xF81F, 0xF81F, 0xF81F,
    0x3186, 0x0BD3, 0x0BD3, 0x0000, 0x0BD3, 0x0BD3, 0x0000, 0x0000, 0x0BD3, 0x0BD3, 0x0BD3, 0x0BD3, 0x0BD3, 0x3D7A, 0x0000, 0x0000,
    0xE28C, 0xE28C, 0xE28C, 0xE28C, 0xE28C, 0x3D7A, 0x3D7A, 0x3D7A, 0x3D7A, 0x0000, 0xF81F, 0xF81F, 0xF81F, 0xF81F, 0xF81F, 0xF81F,
    0xF81F, 0xF81F, 0xF81F, 0xF81F, 0xF81F, 0xF81F, 0xF81F, 0xF81F, 0xF81F, 0xF81F, 0xF81F, 0xF81F, 0xF81F, 0xF81F, 0xF81F, 0xF81F,
    0xF81F, 0xF81F, 0xF81F, 0x7A8A, 0x7A8A, 0xDDF1, 0xDDF1, 0xDDF1, 0x3186, 0x0BD3, 0x0BD3, 0x0BD3, 0x0000, 0xDDF1, 0xDDF1, 0xDDF1,
    0xDDF1, 0x0000, 0x0000, 0xDDF1, 0xDDF1, 0xDDF1, 0x6145, 0xB1CA, 0xB1CA, 0xB1CA, 0x0000, 0x3186, 0x3186, 0xF81F, 0xF81F, 0xF81F,
    0xF81F, 0xF81F, 0xF81F, 0xF81F, 0xF81F, 0xF81F, 0xF81F, 0xF81F, 0xF81F, 0xF81F, 0xF81F, 0xF81F, 0xF81F, 0xF81F, 0xF81F, 0xF81F,
    0xF81F, 0x3186, 0x0BD3, 0x0BD3, 0x0BD3, 0x0000, 0x0BD3, 0x0BD3, 0x0BD3, 0x0BD3, 0x0BD3, 0x0000, 0x0000, 0x0000, 0xE28C, 0xE28C,
    0xE28C, 0xE28C, 0xE28C, 0xE28C, 0x3D7A, 0x3D7A, 0x3D7A, 0x3D7A, 0x0000, 0xF81F, 0xF81F, 0xF81F, 0xF81F, 0xF81F, 0xF81F, 0xF81F,
    0xF81F, 0xF81F, 0xF81F, 0xF81F, 0xF81F, 0xF81F, 0xF81F, 0xF81F, 0xF81F, 0xF81F, 0xF81F, 0xF81F, 0xF81F, 0xF81F, 0xF81F, 0xF81F,
    0xF81F, 0x7A8A, 0x7A8A, 0xDDF1, 0xDDF1, 0xDDF1, 0xDDF1, 0x3186, 0x0BD3, 0x0BD3, 0x0BD3, 0x0BD3, 0x6145, 0x0000, 0x0000, 0x0000,
    0x0000, 0x0BD3, 0x7A8A, 0xDDF1, 0xDDF1, 0xDDF1, 0x6145, 0xB1CA, 0xB1CA, 0xB1CA, 0xB1CA, 0x0000, 0x0BD3, 0x3186, 0x3186, 0xF81F,
    0xF81F, 0xF81F, 0xF81F, 0xF81F, 0xF81F, 0xF81F, 0xF81F, 0xF81F, 0xF81F, 0xF81F, 0xF81F, 0xF81F, 0xF81F, 0xF81F, 0xF81F, 0xF81F,
    0xF81F, 0x0000, 0x0BD3, 0x0BD3, 0x0BD3, 0x0BD3, 0x0BD3, 0x3186, 0x0000, 0x0000, 0x0000, 0xB1CA, 0xB1CA, 0xE28C, 0xE28C, 0xE28C,
    0xE28C, 0xE28C, 0x3D7A, 0x3D7A, 0x3D7A, 0x3D7A, 0x0000, 0x0000, 0xF81F, 0xF81F, 0xF81F, 0xF81F, 0xF81F, 0xF81F, 0xF81F, 0xF81F,
    0xF81F, 0xF81F, 0xF81F, 0xF81F, 0xF81F, 0xF81F, 0xF81F, 0xF81F, 0xF81F, 0xF81F, 0xF81F, 0xF81F, 0xF81F, 0xF81F, 0xF81F, 0x7A8A,
    0x7A8A, 0xDDF1, 0xDDF1, 0xDDF1, 0xDDF1, 0xDDF1, 0xDDF1, 0xDDF1, 0x3186, 0x3186, 0x0BD3, 0x6145, 0xB1CA, 0xB1CA, 0xB1CA, 0x0000,
    0x0BD3, 0x0BD3, 0x7A8A, 0xDDF1, 0xDDF1, 0xDDF1, 0xDDF1, 0x6145, 0xB1CA, 0xB1CA, 0xB1CA, 0x0000, 0x0BD3, 0x0BD3, 0x0BD3, 0x3186,
    0x3186, 0xF81F, 0xF81F, 0xF81F, 0xF81F, 0xF81F, 0xF81F, 0xF81F, 0xF81F, 0xF81F, 0xF81F, 0xF81F, 0xF81F, 0xF81F, 0xF81F, 0xF81F,
    0xF81F, 0x0000, 0x0BD3, 0x0BD3, 0x0BD3, 0x0000, 0x0000, 0x0BD3, 0x0BD3, 0x0BD3, 0x0BD3, 0x0BD3, 0xB1CA, 0xB1CA, 0xE28C, 0x3D7A,
    0x3D7A, 0x3D7A, 0x3D7A, 0x3D7A, 0x0000, 0x0000, 0xF81F, 0xF81F, 0xF81F, 0xF81F, 0xF81F, 0xF81F, 0xF81F, 0xF81F, 0xF81F, 0xF81F,
    0xF81F, 0xF81F, 0xF81F, 0xF81F, 0xF81F, 0xF81F, 0xF81F, 0xF81F, 0xF81F, 0xF81F, 0xF81F, 0xF81F, 0xF81F, 0xF81F, 0x7A8A, 0xDDF1,
    0xDDF1, 0xDDF1, 0xDDF1, 0xDDF1, 0xDDF1, 0xDDF1, 0xDDF1, 0xDDF1, 0xDDF1, 0xDDF1, 0x3186, 0x6145, 0xB1CA, 0xB1CA, 0xB1CA, 0x0000,
    0x0BD3, 0x0BD3, 0x7A8A, 0xDDF1, 0xDDF1, 0xDDF1, 0xDDF1, 0x6145, 0xB1CA, 0xB1CA, 0xB1CA, 0xB1CA, 0x0000, 0x0BD3, 0x0BD3, 0x0BD3,
    0x3186, 0x3186, 0xF81F, 0xF81F, 0xF81F, 0xF81F, 0xF81F, 0xF81F, 0xF81F, 0xF81F, 0xF81F, 0xF81F, 0xF81F, 0xF81F, 0xF81F, 0xF81F,
    0x0000, 0x0BD3, 0x0BD3, 0x3D7A, 0x0000, 0xF81F, 0xF81F, 0x0000, 0x0000, 0x0000, 0x0BD3, 0x0BD3, 0x0BD3, 0x0BD3, 0x3D7A, 0x3D7A,
    0x3D7A, 0x0000, 0x0000, 0x0000, 0xF81F, 0xF81F, 0xF81F, 0xF81F, 0xF81F, 0xF81F, 0xF81F, 0xF81F, 0xF81F, 0xF81F, 0xF81F, 0xF81F,
    0xF81F, 0xF81F, 0xF81F, 0xF81F, 0xF81F, 0xF81F, 0xF81F, 0xF81F, 0xF81F, 0xF81F, 0xF81F, 0xF81F, 0xF81F, 0x7A8A, 0xDDF1, 0xDDF1,
    0xDDF1, 0xDDF1, 0xDDF1, 0xDDF1, 0xDDF1, 0xDDF1, 0xDDF1, 0xDDF1, 0xDDF1, 0xDDF1, 0xDDF1, 0x6145, 0xB1CA, 0xB1CA, 0x0000, 0x0BD3,
    0x3186, 0x3186, 0x7A8A, 0xDDF1, 0xDDF1, 0xDDF1, 0xDDF1, 0x6145, 0xB1CA, 0xB1CA, 0xB1CA, 0xB1CA, 0x0000, 0x3186, 0x3186, 0x3186,
    0x3186, 0x0BD3, 0x3186, 0xF81F, 0xF81F, 0xF81F, 0xF81F, 0xF81F, 0xF81F, 0xF81F, 0xF81F, 0xF81F, 0xF81F, 0xF81F, 0xF81F, 0xF81F,
    0x0000, 0x0BD3, 0x3D7A, 0x0000, 0xF81F, 0xF81F, 0xF81F, 0xF81F, 0xF81F, 0xF81F, 0x0000, 0x0000, 0x0000, 0x0000, 0x0000, 0x0000,
    0x0000, 0xF81F, 0xF81F, 0xF81F, 0xF81F, 0xF81F, 0xF81F, 0xF81F, 0xF81F, 0xF81F, 0xF81F, 0xF81F, 0xF81F, 0xF81F, 0xF81F, 0xF81F,
    0xF81F, 0xF81F, 0xF81F, 0xF81F, 0xF81F, 0xF81F, 0xF81F, 0xF81F, 0xF81F, 0xF81F, 0xF81F, 0xF81F, 0x7A8A, 0xDDF1, 0xDDF1, 0xFF36,
    0xFF36, 0xFF36, 0xDDF1, 0xDDF1, 0xDDF1, 0xDDF1, 0xDDF1, 0xDDF1, 0xDDF1, 0xDDF1, 0x6145, 0xB1CA, 0xB1CA, 0xB1CA, 0x0000, 0x3186,
    0xB1CA, 0xB1CA, 0x7A8A, 0xDDF1, 0xDDF1, 0xDDF1, 0xDDF1, 0x6145, 0xEB4F, 0xB1CA, 0xB1CA, 0xB1CA, 0x0000, 0x3186, 0x3186, 0x0BD3,
    0x0BD3, 0x0BD3, 0x0BD3, 0x3186, 0xF81F, 0xF81F, 0xF81F, 0xF81F, 0xF81F, 0xF81F, 0xF81F, 0xF81F, 0xF81F, 0xF81F, 0xF81F, 0x0000,
    0x0BD3, 0x3D7A, 0x3D7A, 0x0000, 0xF81F, 0xF81F, 0xF81F, 0xF81F, 0xF81F, 0xF81F, 0xF81F, 0xF81F, 0xF81F, 0xF81F, 0xF81F, 0xF81F,
    0xF81F, 0xF81F, 0xF81F, 0xF81F, 0xF81F, 0xF81F, 0xF81F, 0xF81F, 0xF81F, 0xF81F, 0xF81F, 0xF81F, 0xF81F, 0xF81F, 0xF81F, 0xF81F,
    0xF81F, 0xF81F, 0xF81F, 0xF81F, 0xF81F, 0xF81F, 0xF81F, 0xF81F, 0xF81F, 0xF81F, 0xF81F, 0x7A8A, 0xDDF1, 0xFF36, 0xFF36, 0xFF36,
    0xFF36, 0xFF36, 0xFF36, 0xDDF1, 0xDDF1, 0xDDF1, 0xDDF1, 0xDDF1, 0xDDF1, 0xDDF1, 0x6145, 0xB1CA, 0xB1CA, 0xB1CA, 0x0000, 0xDDF1,
    0x3186, 0xB1CA, 0x7A8A, 0xDDF1, 0xDDF1, 0xDDF1, 0xDDF1, 0xDDF1, 0x6145, 0xB1CA, 0xB1CA, 0xB1CA, 0xB1CA, 0x0000, 0x0BD3, 0x0BD3,
    0x0BD3, 0x0BD3, 0x0BD3, 0x0BD3, 0x3186, 0xF81F, 0xF81F, 0xF81F, 0xF81F, 0xF81F, 0xF81F, 0xF81F, 0xF81F, 0xF81F, 0xF81F, 0x0000,
    0x0BD3, 0x3186, 0x0000, 0xF81F, 0xF81F, 0xF81F, 0xF81F, 0xF81F, 0xF81F, 0xF81F, 0xF81F, 0xF81F, 0xF81F, 0xF81F, 0xF81F, 0xF81F,
    0xF81F, 0xF81F, 0xF81F, 0xF81F, 0xF81F, 0xF81F, 0xF81F, 0xF81F, 0xF81F, 0xF81F, 0xF81F, 0xF81F, 0xF81F, 0xF81F, 0xF81F, 0xF81F,
    0xF81F, 0xF81F, 0xF81F, 0xF81F, 0xF81F, 0xF81F, 0xF81F, 0xF81F, 0xF81F, 0xF81F, 0x7A8A, 0xDDF1, 0xFF36, 0xFF36, 0xFF36, 0xFF36,
    0xFF36, 0xFF36, 0xFF36, 0xFF36, 0xDDF1, 0xDDF1, 0xDDF1, 0xDDF1, 0xDDF1, 0xDDF1, 0x6145, 0xB1CA, 0xB1CA, 0xB1CA, 0x0000, 0xDDF1,
    0xDDF1, 0x3186, 0x7A8A, 0xDDF1, 0xDDF1, 0xDDF1, 0xDDF1, 0xDDF1, 0x6145, 0xEB4F, 0xB1CA, 0xB1CA, 0xB1CA, 0x0000, 0x0BD3, 0x0BD3,
    0x0BD3, 0x0BD3, 0x3186, 0x3186, 0x3186, 0x3186, 0xF81F, 0xF81F, 0xF81F, 0xF81F, 0xF81F, 0xF81F, 0xF81F, 0xF81F, 0x0000, 0x0BD3,
    0x3186, 0x3186, 0x0000, 0xF81F, 0xF81F, 0xF81F, 0xF81F, 0xF81F, 0xF81F, 0xF81F, 0xF81F, 0xF81F, 0xF81F, 0xF81F, 0xF81F, 0xF81F,
    0xF81F, 0xF81F, 0xF81F, 0xF81F, 0xF81F, 0xF81F, 0xF81F, 0xF81F, 0xF81F, 0xF81F, 0xF81F, 0xF81F, 0xF81F, 0xF81F, 0xF81F, 0xF81F,
    0xF81F, 0xF81F, 0xF81F, 0xF81F, 0xF81F, 0xF81F, 0xF81F, 0xF81F, 0xF81F, 0xF81F, 0x7A8A, 0xFF36, 0xFF36, 0xFF36, 0xFF36, 0xFFFC,
    0xFF36, 0xFF36, 0xFF36, 0xFF36, 0xDDF1, 0xDDF1, 0xDDF1, 0xDDF1, 0xDDF1, 0x6145, 0xB1CA, 0xB1CA, 0xB1CA, 0x0000, 0x0000, 0x0000,
    0x7A8A, 0x3186, 0x7A8A, 0xDDF1, 0xDDF1, 0xDDF1, 0xDDF1, 0xDDF1, 0x6145, 0xEB4F, 0xB1CA, 0xB1CA, 0xB1CA, 0xB1CA, 0x0000, 0x0BD3,
    0x0BD3, 0x3186, 0x3186, 0x3186, 0x0BD3, 0x3186, 0xF81F, 0xF81F, 0xF81F, 0xF81F, 0xF81F, 0xF81F, 0xF81F, 0xF81F, 0x0000, 0x3186,
    0x3186, 0x3D7A, 0x0000, 0xF81F, 0xF81F, 0xF81F, 0xF81F, 0xF81F, 0xF81F, 0xF81F, 0xF81F, 0xF81F, 0xF81F, 0xF81F, 0xF81F, 0xF81F,
    0xF81F, 0xF81F, 0xF81F, 0xF81F, 0xF81F, 0xF81F, 0xF81F, 0xF81F, 0xF81F, 0xF81F, 0xF81F, 0xF81F, 0xF81F, 0xF81F, 0xF81F, 0xF81F,
    0xF81F, 0xF81F, 0xF81F, 0xF81F, 0xF81F, 0xF81F, 0xF81F, 0xF81F, 0xF81F, 0x7A8A, 0xFF36, 0xFF36, 0xFF36, 0xFF36, 0xFFFC, 0xFF36,
    0xFF36, 0xFF36, 0xFF36, 0xFF36, 0xDDF1, 0xDDF1, 0xDDF1, 0x0000, 0x0000, 0x6145, 0xB1CA, 0xB1CA, 0xB1CA, 0x0000, 0xF81F, 0xF81F,
    0x7A8A, 0x0000, 0x7A8A, 0xDDF1, 0xDDF1, 0xDDF1, 0xDDF1, 0xDDF1, 0xDDF1, 0x6145, 0xEB4F, 0xB1CA, 0xB1CA, 0xB1CA, 0x0000, 0x0BD3,
    0x3186, 0x3186, 0x0BD3, 0x0BD3, 0x0BD3, 0x0BD3, 0x3186, 0xF81F, 0xF81F, 0xF81F, 0xF81F, 0xF81F, 0xF81F, 0xF81F, 0x0000, 0x3186,
    0x3D7A, 0x3D7A, 0x0000, 0xF81F, 0xF81F, 0xF81F, 0xF81F, 0xF81F, 0xF81F, 0xF81F, 0xF81F, 0xF81F, 0xF81F, 0xF81F, 0xF81F, 0xF81F,
    0xF81F, 0xF81F, 0xF81F, 0xF81F, 0xF81F, 0xF81F, 0xF81F, 0xF81F, 0xF81F, 0xF81F, 0xF81F, 0xF81F, 0xF81F, 0xF81F, 0xF81F, 0xF81F,
    0xF81F, 0xF81F, 0xF81F, 0xF81F, 0xF81F, 0xF81F, 0xF81F, 0xF81F, 0xF81F, 0x7A8A, 0xFF36, 0xFF36, 0xFF36, 0xFFFC, 0xFFFC, 0xFF36,
    0xFF36, 0xFF36, 0xFF36, 0xFF36, 0xDDF1, 0x0000, 0x0000, 0xF81F, 0x6145, 0xB1CA, 0xB1CA, 0xB1CA, 0xB1CA, 0x0000, 0xF81F, 0xF81F,
    0xF81F, 0xF81F, 0x7A8A, 0xDDF1, 0xDDF1, 0xDDF1, 0xDDF1, 0xDDF1, 0xDDF1, 0x6145, 0xEB4F, 0xB1CA, 0xB1CA, 0xB1CA, 0x0000, 0x0BD3,
    0x3186, 0x3186, 0x0BD3, 0x0BD3, 0x0BD3, 0x0BD3, 0x3186, 0xF81F, 0xF81F, 0xF81F, 0xF81F, 0xF81F, 0xF81F, 0xF81F, 0x0000, 0x3186,
    0x3D7A, 0x3D7A, 0x3186, 0x3186, 0xF81F, 0xF81F, 0xF81F, 0xF81F, 0xF81F, 0xF81F, 0xF81F, 0xF81F, 0xF81F, 0xF81F, 0xF81F, 0xF81F,
    0xF81F, 0xF81F, 0xF81F, 0xF81F, 0xF81F, 0xF81F, 0xF81F, 0xF81F, 0xF81F, 0xF81F, 0xF81F, 0xF81F, 0xF81F, 0xF81F, 0xF81F, 0xF81F,
    0xF81F, 0xF81F, 0xF81F, 0xF81F, 0xF81F, 0xF81F, 0xF81F, 0xF81F, 0x7A8A, 0xFF36, 0xFF36, 0xFF36, 0xFFFC, 0xFFFC, 0xFF36, 0xFF36,
    0xFF36, 0xFF36, 0xFF36, 0xDDF1, 0x0000, 0xF81F, 0xF81F, 0xF81F, 0x6145, 0xEB4F, 0xB1CA, 0xEB4F, 0xB1CA, 0x0000, 0xF81F, 0xF81F,
    0xF81F, 0xF81F, 0x7A8A, 0xFF36, 0xFF36, 0xFF36, 0xDDF1, 0xDDF1, 0xDDF1, 0x6145, 0xEB4F, 0xB1CA, 0xB1CA, 0xB1CA, 0xB1CA, 0x0000,
    0x3186, 0x0BD3, 0x0BD3, 0x0BD3, 0x0BD3, 0x0BD3, 0x0BD3, 0x3186, 0xF81F, 0xF81F, 0xF81F, 0xF81F, 0xF81F, 0xF81F, 0xF81F, 0x0000,
    0x3D7A, 0x3D7A, 0x3D7A, 0x0000, 0xF81F, 0xF81F, 0xF81F, 0xF81F, 0xF81F, 0xF81F, 0xF81F, 0xF81F, 0xF81F, 0xF81F, 0xF81F, 0xF81F,
    0xF81F, 0xF81F, 0xF81F, 0xF81F, 0xF81F, 0xF81F, 0xF81F, 0xF81F, 0xF81F, 0xF81F, 0xF81F, 0xF81F, 0xF81F, 0xF81F, 0xF81F, 0xF81F,
    0xF81F, 0xF81F, 0xF81F, 0xF81F, 0xF81F, 0xF81F, 0xF81F, 0xF81F, 0x7A8A, 0xFF36, 0xFF36, 0xFF36, 0xFFFC, 0xFFFC, 0xFF36, 0xFF36,
    0xFF36, 0xFF36, 0xFF36, 0x0000, 0xF81F, 0xF81F, 0xF81F, 0xF81F, 0x6145, 0xB1CA, 0xEB4F, 0xB1CA, 0xB1CA, 0x0000, 0xF81F, 0xF81F,
    0xF81F, 0x7A8A, 0xDDF1, 0xFF36, 0xFF36, 0xFF36, 0xFF36, 0xDDF1, 0xDDF1, 0x6145, 0xEB4F, 0xEB4F, 0xB1CA, 0xB1CA, 0xEB4F, 0x0000,
    0x3186, 0x0BD3, 0x0BD3, 0x0BD3, 0x0BD3, 0x0BD3, 0x0BD3, 0x3186, 0xF81F, 0xF81F, 0xF81F, 0xF81F, 0xF81F, 0xF81F, 0xF81F, 0x0000,
    0x3D7A, 0x3D7A, 0x3D7A, 0x3D7A, 0x0000, 0xF81F, 0xF81F, 0xF81F, 0xF81F, 0xF81F, 0xF81F, 0xF81F, 0xF81F, 0xF81F, 0xF81F, 0xF81F,
    0xF81F, 0xF81F, 0xF81F, 0xF81F, 0xF81F, 0xF81F, 0xF81F, 0xF81F, 0xF81F, 0xF81F, 0xF81F, 0xF81F, 0xF81F, 0xF81F, 0xF81F, 0xF81F,
    0xF81F, 0xF81F, 0xF81F, 0xF81F, 0xF81F, 0xF81F, 0xF81F, 0x7A8A, 0xFF36, 0xFF36, 0xFF36, 0xFFFC, 0xFFFC, 0xFF36, 0xFF36, 0xFF36,
    0xFF36, 0xFF36, 0xFF36, 0x0000, 0xF81F, 0xF81F, 0xF81F, 0xB1CA, 0xEB4F, 0xEB4F, 0xB1CA, 0xEB4F, 0x0000, 0xF81F, 0xF81F, 0xF81F,
    0xF81F, 0x7A8A, 0xFF36, 0xFF36, 0xFF36, 0xFF36, 0xFF36, 0xDDF1, 0xDDF1, 0xDDF1, 0x6145, 0xEB4F, 0xB1CA, 0xEB4F, 0xB1CA, 0xEB4F,
    0x0000, 0x0BD3, 0x0BD3, 0x0BD3, 0x0BD3, 0x0BD3, 0x0BD3, 0x0BD3, 0x3186, 0xF81F, 0xF81F, 0xF81F, 0xF81F, 0xF81F, 0xF81F, 0x0000,
    0x0BD3, 0x3D7A, 0x3D7A, 0x3D7A, 0x0000, 0xF81F, 0xF81F, 0xF81F, 0xF81F, 0xF81F, 0xF81F, 0xF81F, 0xF81F, 0xF81F, 0xF81F, 0xF81F,
    0xF81F, 0xF81F, 0xF81F, 0xF81F, 0xF81F, 0xF81F, 0xF81F, 0xF81F, 0xF81F, 0xF81F, 0xF81F, 0xF81F, 0xF81F, 0xF81F, 0xF81F, 0xF81F,
    0xF81F, 0xF81F, 0xF81F, 0xF81F, 0xF81F, 0xF81F, 0xF81F, 0x7A8A, 0xFF36, 0xFF36, 0xFF36, 0xFFFC, 0xFFFC, 0xFF36, 0xFF36, 0xFF36,
    0xFF36, 0xFF36, 0x0000, 0xF81F, 0xF81F, 0xF81F, 0xF81F, 0xB1CA, 0xEB4F, 0xEB4F, 0xEB4F, 0xB1CA, 0x0000, 0xF81F, 0xF81F, 0xF81F,
    0xF81F, 0x7A8A, 0xFF36, 0xFF36, 0xFF36, 0xFF36, 0xFF36, 0xFF36, 0xDDF1, 0xDDF1, 0x6145, 0xEB4F, 0xEB4F, 0xB1CA, 0xEB4F, 0xEB4F,
    0x0000, 0x0BD3, 0x0BD3, 0x0BD3, 0x0BD3, 0x0BD3, 0x0BD3, 0x0BD3, 0x0BD3, 0x3186, 0xF81F, 0xF81F, 0xF81F, 0xF81F, 0xF81F, 0xF81F,
    0x0000, 0x3D7A, 0x3D7A, 0x3D7A, 0x3186, 0x0000, 0xF81F, 0xF81F, 0xF81F, 0xF81F, 0xF81F, 0xF81F, 0xF81F, 0xF81F, 0xF81F, 0xF81F,
    0xF81F, 0xF81F, 0xF81F, 0xF81F, 0xF81F, 0xF81F, 0xF81F, 0xF81F, 0xF81F, 0xF81F, 0xF81F, 0xF81F, 0xF81F, 0xF81F, 0xF81F, 0xF81F,
    0xF81F, 0xF81F, 0xF81F, 0xF81F, 0xF81F, 0xF81F, 0xF81F, 0x7A8A, 0xFF36, 0xFF36, 0xFF36, 0xFFFC, 0xFFFC, 0xFF36, 0xFF36, 0xFF36,
    0xFF36, 0xFF36, 0x0000, 0xF81F, 0xF81F, 0xF81F, 0xF81F, 0xB1CA, 0xEB4F, 0xEB4F, 0xEB4F, 0xEB4F, 0x0000, 0xF81F, 0xF81F, 0xF81F,
    0xF81F, 0x7A8A, 0xFF36, 0xFF36, 0xFF36, 0xFF36, 0xFF36, 0xFF36, 0xDDF1, 0xDDF1, 0x6145, 0xEB4F, 0xEB4F, 0xEB4F, 0xEB4F, 0xEB4F,
    0xB1CA, 0x0000, 0x3186, 0x0BD3, 0x0BD3, 0x0BD3, 0x0BD3, 0x0BD3, 0x0BD3, 0x3186, 0xF81F, 0xF81F, 0xF81F, 0xF81F, 0xF81F, 0xF81F,
    0x0000, 0x3186, 0x0BD3, 0x3D7A, 0x3186, 0x3186, 0x0000, 0xF81F, 0xF81F, 0xF81F, 0xF81F, 0xF81F, 0xF81F, 0xF81F, 0xF81F, 0xF81F,
    0xF81F, 0xF81F, 0xF81F, 0xF81F, 0xF81F, 0xF81F, 0xF81F, 0xF81F, 0xF81F, 0xF81F, 0xF81F, 0xF81F, 0xF81F, 0xF81F, 0xF81F, 0xF81F,
    0xF81F, 0xF81F, 0xF81F, 0xF81F, 0xF81F, 0xF81F, 0x7A8A, 0xFF36, 0xFF36, 0xFF36, 0xFF36, 0xFFFC, 0xFFFC, 0xFF36, 0xFF36, 0xFF36,
    0xFF36, 0xFF36, 0x0000, 0xF81F, 0xF81F, 0xF81F, 0xB1CA, 0xEB4F, 0xEB4F, 0xEB4F, 0xEB4F, 0xEB4F, 0x0000, 0xF81F, 0xF81F, 0xF81F,
    0xF81F, 0x7A8A, 0xFF36, 0xFF36, 0xFF36, 0xFF36, 0xFF36, 0xFF36, 0xDDF1, 0xDDF1, 0x6145, 0xEB4F, 0xEB4F, 0xEB4F, 0xEB4F, 0xEB4F,
    0xEB4F, 0xB1CA, 0x0000, 0x3186, 0x3186, 0x0BD3, 0x0BD3, 0x0BD3, 0x0BD3, 0x0BD3, 0x3186, 0xF81F, 0xF81F, 0xF81F, 0xF81F, 0xF81F,
    0xF81F, 0x0000, 0x3186, 0x3186, 0x3186, 0x3D7A, 0x0BD3, 0x0000, 0xF81F, 0xF81F, 0xF81F, 0xF81F, 0xF81F, 0xF81F, 0xF81F, 0xF81F,
    0xF81F, 0xF81F, 0xF81F, 0xF81F, 0xF81F, 0xF81F, 0xF81F, 0xF81F, 0xF81F, 0xF81F, 0xF81F, 0xF81F, 0xF81F, 0xF81F, 0xF81F, 0xF81F,
    0xF81F, 0xF81F, 0xF81F, 0xF81F, 0xF81F, 0xF81F, 0x7A8A, 0xFF36, 0xFF36, 0xFF36, 0xFF36, 0xFFFC, 0xFFFC, 0xFF36, 0xFF36, 0xFF36,
    0xFF36, 0xFF36, 0x0000, 0xF81F, 0xF81F, 0xF81F, 0xB1CA, 0xEB4F, 0xEB4F, 0xEB4F, 0xEB4F, 0xEB4F, 0x0000, 0xF81F, 0xF81F, 0xF81F,
    0xF81F, 0x7A8A, 0xFF36, 0xFF36, 0xFF36, 0xFF36, 0xFF36, 0xFF36, 0xDDF1, 0xDDF1, 0xDDF1, 0x6145, 0xEB4F, 0xEB4F, 0xEB4F, 0xEB4F,
    0xEB4F, 0xEB4F, 0x0000, 0x3186, 0x3186, 0x3186, 0x3186, 0x3186, 0x0BD3, 0x3186, 0x3186, 0xF81F, 0xF81F, 0xF81F, 0xF81F, 0xF81F,
    0xF81F, 0x0000, 0x0BD3, 0x3D7A, 0x3186, 0x3186, 0x3D7A, 0x0BD3, 0x0000, 0xF81F, 0xF81F, 0xF81F, 0xF81F, 0xF81F, 0xF81F, 0xF81F,
    0xF81F, 0xF81F, 0xF81F, 0xF81F, 0xF81F, 0xF81F, 0xF81F, 0xF81F, 0xF81F, 0xF81F, 0xF81F, 0xF81F, 0xF81F, 0xF81F, 0xF81F, 0xF81F,
    0xF81F, 0xF81F, 0xF81F, 0xF81F, 0xF81F, 0xF81F, 0x7A8A, 0xFF36, 0xFF36, 0xFF36, 0xFF36, 0xFFFC, 0xFF36, 0xFF36, 0xFF36, 0xFF36,
    0xFF36, 0xFF36, 0xDDF1, 0x0000, 0xF81F, 0xB1CA, 0xEB4F, 0xEB4F, 0xEB4F, 0xEB4F, 0xEB4F, 0xEB4F, 0x0000, 0xF81F, 0xF81F, 0xF81F,
    0x7A8A, 0xFF36, 0xFF36, 0xFF36, 0xFF36, 0xFF36, 0xFF36, 0xFF36, 0xDDF1, 0xDDF1, 0xDDF1, 0x6145, 0xEB4F, 0xEB4F, 0xEB4F, 0xEB4F,
    0xEB4F, 0xEB4F, 0x0000, 0xB1CA, 0xB1CA, 0xB1CA, 0x3186, 0x3186, 0x3186, 0x3186, 0x3186, 0x3186, 0xF81F, 0xF81F, 0xF81F, 0xF81F,
    0xF81F, 0xF81F, 0x0000, 0x3D7A, 0x3D7A, 0x3186, 0x3D7A, 0x0BD3, 0x0000, 0xF81F, 0xF81F, 0xF81F, 0xF81F, 0xF81F, 0xF81F, 0xF81F,
    0xF81F, 0xF81F, 0xF81F, 0xF81F, 0xF81F, 0xF81F, 0xF81F, 0xF81F, 0xF81F, 0xF81F, 0xF81F, 0xF81F, 0xF81F, 0xF81F, 0xF81F, 0xF81F,
    0xF81F, 0xF81F, 0xF81F, 0xF81F, 0xF81F, 0xF81F, 0x7A8A, 0xFF36, 0xFF36, 0xFF36, 0xFF36, 0xFFFC, 0xFF36, 0xFF36, 0xFF36, 0xFF36,
    0xFF36, 0xFF36, 0xFF36, 0x0000, 0xF81F, 0xB1CA, 0xEB4F, 0xEB4F, 0xEB4F, 0xEB4F, 0xEB4F, 0xEB4F, 0x0000, 0xF81F, 0xF81F, 0xF81F,
    0x7A8A, 0xFF36, 0xFF36, 0xFF36, 0xFF36, 0xFF36, 0xFF36, 0xFF36, 0xFF36, 0xDDF1, 0xDDF1, 0x6145, 0xEB4F, 0xEB4F, 0xEB4F, 0xEB4F,
    0xEB4F, 0xEB4F, 0xEB4F, 0x0000, 0xB1CA, 0xB1CA, 0xB1CA, 0xB1CA, 0xB1CA, 0x3186, 0x0BD3, 0x0BD3, 0x3186, 0xF81F, 0xF81F, 0xF81F,
    0xF81F, 0xF81F, 0x0000, 0x0BD3, 0x3D7A, 0x3186, 0x0BD3, 0x3D7A, 0x0BD3, 0x0000, 0xF81F, 0xF81F, 0xF81F, 0xF81F, 0xF81F, 0xF81F,
    0xF81F, 0xF81F, 0xF81F, 0xF81F, 0xF81F, 0xF81F, 0xF81F, 0xF81F, 0xF81F, 0xF81F, 0xF81F, 0xF81F, 0xF81F, 0xF81F, 0xF81F, 0xF81F,
    0xF81F, 0xF81F, 0xF81F, 0xF81F, 0xF81F, 0xF81F, 0x7A8A, 0xFF36, 0xFF36, 0xFF36, 0xFF36, 0xFF36, 0xFF36, 0xFF36, 0xFF36, 0xFF36,
    0xFF36, 0xFF36, 0xFF36, 0xDDF1, 0xB1CA, 0xEB4F, 0xEB4F, 0xEB4F, 0xEB4F, 0xEB4F, 0xEB4F, 0xB1CA, 0x0000, 0xF81F, 0xF81F, 0xF81F,
    0x7A8A, 0xFF36, 0xFF36, 0xFF36, 0xFF36, 0xFF36, 0xFF36, 0xFF36, 0xFF36, 0xDDF1, 0xDDF1, 0x6145, 0xEB4F, 0xEB4F, 0xEB4F, 0xEB4F,
    0xEB4F, 0xEB4F, 0xEB4F, 0x0000, 0xB1CA, 0xB1CA, 0xB1CA, 0xB1CA, 0xB1CA, 0x3186, 0x3186, 0x0BD3, 0x3186, 0xF81F, 0xF81F, 0xF81F,
    0xF81F, 0xF81F, 0xF81F, 0x0000, 0x3D7A, 0x3D7A, 0x3186, 0x3D7A, 0x0BD3, 0x0BD3, 0x0000, 0xF81F, 0xF81F, 0xF81F, 0xF81F, 0xF81F,
    0xF81F, 0xF81F, 0xF81F, 0xF81F, 0xF81F, 0xF81F, 0xF81F, 0xF81F, 0xF81F, 0xF81F, 0xF81F, 0xF81F, 0xF81F, 0xF81F, 0xF81F, 0xF81F,
    0xF81F, 0xF81F, 0xF81F, 0xF81F, 0xF81F, 0xF81F, 0x7A8A, 0xFF36, 0xFF36, 0xFF36, 0xFF36, 0xFF36, 0xFF36, 0xFF36, 0xFF36, 0xFF36,
    0xFF36, 0xFF36, 0xFF36, 0xFF36, 0xB1CA, 0xEB4F, 0xEB4F, 0xEB4F, 0xEB4F, 0xEB4F, 0xEB4F, 0x0000, 0xF81F, 0xF81F, 0xF81F, 0x7A8A,
    0xFF36, 0xFF36, 0xFFFC, 0xFF36, 0xFF36, 0xFF36, 0xFF36, 0xFF36, 0xFF36, 0xDDF1, 0xDDF1, 0xDDF1, 0x6145, 0xEB4F, 0xEB4F, 0xEB4F,
    0xEB4F, 0xEB4F, 0xEB4F, 0xEB4F, 0x0000, 0xB1CA, 0xB1CA, 0xB1CA, 0xB1CA, 0x3186, 0x3186, 0x0BD3, 0x0BD3, 0x3186, 0xF81F, 0xF81F,
    0xF81F, 0xF81F, 0xF81F, 0x0000, 0x3D7A, 0x3D7A, 0x3186, 0x3186, 0x0BD3, 0x0BD3, 0x0000, 0xF81F, 0xF81F, 0xF81F, 0xF81F, 0xF81F,
    0xF81F, 0xF81F, 0xF81F, 0xF81F, 0xF81F, 0xF81F, 0xF81F, 0xF81F, 0xF81F, 0xF81F, 0xF81F, 0xF81F, 0xF81F, 0xF81F, 0xF81F, 0xF81F,
    0xF81F, 0xF81F, 0xF81F, 0xF81F, 0xF81F, 0xF81F, 0x7A8A, 0xFF36, 0xFF36, 0xFF36, 0xFF36, 0xFF36, 0xFF36, 0xFF36, 0xFF36, 0xFF36,
    0xFF36, 0xFF36, 0xFF36, 0xFF36, 0xB1CA, 0xEB4F, 0xEB4F, 0xEB4F, 0xEB4F, 0xEB4F, 0xEB4F, 0x0000, 0xF81F, 0xF81F, 0xF81F, 0x7A8A,
    0xFF36, 0xFF36, 0xFFFC, 0xFF36, 0xFF36, 0xFF36, 0xFF36, 0xFF36, 0xFF36, 0xDDF1, 0xDDF1, 0xDDF1, 0x6145, 0xEB4F, 0xEB4F, 0xEB4F,
    0xEB4F, 0xEB4F, 0xEB4F, 0xEB4F, 0x0000, 0xB1CA, 0xB1CA, 0xB1CA, 0xB1CA, 0xB1CA, 0x3186, 0x0BD3, 0x0BD3, 0x0BD3, 0x3186, 0x3186,
    0xF81F, 0xF81F, 0xF81F, 0x0000, 0x3D7A, 0x3D7A, 0x3186, 0x3186, 0x3186, 0x0BD3, 0x3186, 0x0000, 0xF81F, 0xF81F, 0xF81F, 0xF81F,
    0xF81F, 0xF81F, 0xF81F, 0xF81F, 0xF81F, 0xF81F, 0xF81F, 0xF81F, 0xF81F, 0xF81F, 0xF81F, 0xF81F, 0xF81F, 0xF81F, 0xF81F, 0xF81F,
    0xF81F, 0xF81F, 0xF81F, 0xF81F, 0xF81F, 0xF81F, 0x0000, 0xFF36, 0xFF36, 0xFF36, 0xFF36, 0xFF36, 0xFF36, 0xFF36, 0xFF36, 0xFF36,
    0xFF36, 0xFF36, 0xFF36, 0xB1CA, 0xEB4F, 0xEB4F, 0xEB4F, 0xEB4F, 0xEB4F, 0xEB4F, 0xEB4F, 0x0000, 0xF81F, 0xF81F, 0x7A8A, 0xFF36,
    0xFF36, 0xFF36, 0xFFFC, 0xFF36, 0xFF36, 0xFF36, 0xFF36, 0xFF36, 0xFF36, 0xDDF1, 0xDDF1, 0xDDF1, 0x6145, 0xEB4F, 0xEB4F, 0xEB4F,
    0xEB4F, 0xEB4F, 0xEB4F, 0xEB4F, 0xEB4F, 0x0000, 0xB1CA, 0xB1CA, 0xB1CA, 0xB1CA, 0x3186, 0x0BD3, 0x0BD3, 0x0BD3, 0x0BD3, 0x0BD3,
    0x3186, 0x0000, 0x0000, 0x0BD3, 0x3D7A, 0x3D7A, 0x3186, 0xB1CA, 0x3186, 0x0BD3, 0x3186, 0x0000, 0xF81F, 0xF81F, 0xF81F, 0xF81F,
    0xF81F, 0xF81F, 0xF81F, 0xF81F, 0xF81F, 0xF81F, 0xF81F, 0xF81F, 0xF81F, 0xF81F, 0xF81F, 0xF81F, 0xF81F, 0xF81F, 0xF81F, 0xF81F,
    0xF81F, 0xF81F, 0xF81F, 0xF81F, 0xF81F, 0xF81F, 0x0000, 0xFF36, 0xFF36, 0xFF36, 0xFF36, 0xFF36, 0xFF36, 0xFF36, 0xFF36, 0xFF36,
    0xFF36, 0xFF36, 0xFF36, 0xB1CA, 0xEB4F, 0xEB4F, 0xEB4F, 0xEB4F, 0xEB4F, 0xEB4F, 0xEB4F, 0x0000, 0xF81F, 0x7A8A, 0xFF36, 0xFF36,
    0xFF36, 0xFFFC, 0xFFFC, 0xFF36, 0xFF36, 0xFF36, 0xFF36, 0xFF36, 0xFF36, 0xDDF1, 0xDDF1, 0xDDF1, 0xDDF1, 0x6145, 0xEB4F, 0xEB4F,
    0xEB4F, 0xEB4F, 0xEB4F, 0xEB4F, 0xEB4F, 0x0000, 0xB1CA, 0xB1CA, 0x3186, 0x3186, 0x3186, 0x3186, 0x0BD3, 0x0BD3, 0x0BD3, 0x0BD3,
    0x0BD3, 0x3186, 0x3186, 0x0BD3, 0x0BD3, 0x0BD3, 0x3186, 0xB1CA, 0x3186, 0x3186, 0x3186, 0x0BD3, 0x0000, 0xF81F, 0xF81F, 0xF81F,
    0xF81F, 0xF81F, 0xF81F, 0xF81F, 0xF81F, 0xF81F, 0xF81F, 0xF81F, 0xF81F, 0xF81F, 0xF81F, 0xF81F, 0xF81F, 0xF81F, 0xF81F, 0xF81F,
    0xF81F, 0xF81F, 0xF81F, 0xF81F, 0xF81F, 0xF81F, 0xF81F, 0x0000, 0xFF36, 0xFF36, 0xFF36, 0xFF36, 0xFF36, 0xFF36, 0xFF36, 0xFF36,
    0xFF36, 0xFF36, 0xB1CA, 0xEB4F, 0xEB4F, 0xEB4F, 0xEB4F, 0xEB4F, 0xEB4F, 0xEB4F, 0xEB4F, 0x0000, 0x7A8A, 0xFF36, 0xFF36, 0xFF36,
    0xFFFC, 0xFFFC, 0xFFFC, 0xFF36, 0xFF36, 0xFF36, 0xFF36, 0xFF36, 0xFF36, 0xDDF1, 0xDDF1, 0xDDF1, 0xDDF1, 0x6145, 0xEB4F, 0xEB4F,
    0xEB4F, 0xEB4F, 0xEB4F, 0xEB4F, 0xEB4F, 0xEB4F, 0x0000, 0x3186, 0x3186, 0x0BD3, 0x3186, 0x3186, 0x0BD3, 0x0BD3, 0x0BD3, 0x0BD3,
    0x0BD3, 0x0BD3, 0x3186, 0x3186, 0x0BD3, 0x3186, 0xB1CA, 0xB1CA, 0xB1CA, 0x3186, 0x0BD3, 0x0BD3, 0x0000, 0xF81F, 0xF81F, 0xF81F,
    0xF81F, 0xF81F, 0xF81F, 0xF81F, 0xF81F, 0xF81F, 0xF81F, 0xF81F, 0xF81F, 0xF81F, 0xF81F, 0xF81F, 0xF81F, 0xF81F, 0xF81F, 0xF81F,
    0xF81F, 0xF81F, 0xF81F, 0xF81F, 0xF81F, 0xF81F, 0xF81F, 0x0000, 0xFF36, 0xFF36, 0xFF36, 0xFF36, 0xFF36, 0xFF36, 0xFF36, 0xFF36,
    0xFF36, 0xFF36, 0xB1CA, 0xEB4F, 0xEB4F, 0xEB4F, 0xEB4F, 0xEB4F, 0xEB4F, 0xEB4F, 0xB1CA, 0x0000, 0xFF36, 0xFF36, 0xFF36, 0xFFFC,
    0xFFFC, 0xFFFC, 0xFF36, 0xFF36, 0xFF36, 0xFF36, 0xFF36, 0xFF36, 0xFF36, 0xDDF1, 0xDDF1, 0xDDF1, 0xDDF1, 0xDDF1, 0x6145, 0xEB4F,
    0xEB4F, 0xEB4F, 0xEB4F, 0xEB4F, 0xEB4F, 0xEB4F, 0xEB4F, 0x0000, 0x0BD3, 0x0BD3, 0x0BD3, 0x3186, 0x3186, 0x3186, 0x0BD3, 0x0BD3,
    0x0BD3, 0x0BD3, 0x0BD3, 0x3186, 0x3186, 0x3186, 0xB1CA, 0xB1CA, 0xB1CA, 0x3186, 0x0BD3, 0x0BD3, 0x0000, 0xF81F, 0xF81F, 0xF81F,
    0xF81F, 0xF81F, 0xF81F, 0xF81F, 0xF81F, 0xF81F, 0xF81F, 0xF81F, 0xF81F, 0xF81F, 0xF81F, 0xF81F, 0xF81F, 0xF81F, 0xF81F, 0xF81F,
    0xF81F, 0xF81F, 0xF81F, 0xF81F, 0xF81F, 0xF81F, 0xF81F, 0x0000, 0xFF36, 0xFF36, 0xFF36, 0xFF36, 0xFF36, 0xFF36, 0xFF36, 0xFF36,
    0xFF36, 0xB1CA, 0xEB4F, 0xEB4F, 0xEB4F, 0xEB4F, 0xEB4F, 0xEB4F, 0xEB4F, 0xEB4F, 0x0000, 0xFF36, 0xFF36, 0xFF36, 0xFFFC, 0xFFFC,
    0xFFFC, 0xFFFC, 0xFF36, 0xFF36, 0xFF36, 0xFF36, 0xFF36, 0xFF36, 0xFF36, 0xDDF1, 0xDDF1, 0xDDF1, 0xDDF1, 0xDDF1, 0x6145, 0xEB4F,
    0xEB4F, 0xEB4F, 0xEB4F, 0xEB4F, 0xEB4F, 0xEB4F, 0xEB4F, 0xEB4F, 0x0000, 0x0BD3, 0x0BD3, 0x0BD3, 0x3186, 0x3186, 0x3186, 0x0BD3,
    0x0BD3, 0x0BD3, 0x0BD3, 0x3186, 0xB1CA, 0xB1CA, 0xB1CA, 0xB1CA, 0xB1CA, 0xB1CA, 0x3186, 0x0BD3, 0x0000, 0xF81F, 0xF81F, 0xF81F,
    0xF81F, 0xF81F, 0xF81F, 0xF81F, 0xF81F, 0xF81F, 0xF81F, 0xF81F, 0xF81F, 0xF81F, 0xF81F, 0xF81F, 0xF81F, 0xF81F, 0xF81F, 0xF81F,
    0xF81F, 0xF81F, 0xF81F, 0xF81F, 0xF81F, 0xF81F, 0xF81F, 0xF81F, 0x0000, 0xFF36, 0xFF36, 0xFF36, 0xFF36, 0xFF36, 0xFF36, 0xFF36,
    0xFF36, 0xB1CA, 0xEB4F, 0xEB4F, 0xEB4F, 0xEB4F, 0xEB4F, 0xEB4F, 0xEB4F, 0xEB4F, 0x0000, 0xFFFC, 0xFFFC, 0xFFFC, 0xFFFC, 0xFFFC,
    0xFFFC, 0xFF36, 0xFF36, 0xFF36, 0xFF36, 0xFF36, 0xFF36, 0xFF36, 0xDDF1, 0xDDF1, 0xDDF1, 0xDDF1, 0xDDF1, 0xDDF1, 0xDDF1, 0x6145,
    0xEB4F, 0xEB4F, 0xEB4F, 0xEB4F, 0xEB4F, 0xEB4F, 0xEB4F, 0xEB4F, 0xEB4F, 0x0000, 0x0BD3, 0x0BD3, 0x3186, 0x3186, 0x3186, 0x3186,
    0x0BD3, 0x0BD3, 0x3186, 0xB1CA, 0xB1CA, 0xB1CA, 0xB1CA, 0xB1CA, 0xB1CA, 0xB1CA, 0x3186, 0x0BD3, 0x0000, 0xF81F, 0xF81F, 0xF81F,
    0xF81F, 0xF81F, 0xF81F, 0xF81F, 0xF81F, 0xF81F, 0xF81F, 0xF81F, 0xF81F, 0xF81F, 0xF81F, 0xF81F, 0xF81F, 0xF81F, 0xF81F, 0xF81F,
    0xF81F, 0xF81F, 0xF81F, 0xF81F, 0xF81F, 0xF81F, 0xF81F, 0xF81F, 0x0000, 0xFF36, 0xFF36, 0xFF36, 0xFF36, 0xFF36, 0xFF36, 0xFF36,
    0xB1CA, 0xEB4F, 0xEB4F, 0xEB4F, 0xEB4F, 0xEB4F, 0xEB4F, 0xEB4F, 0xEB4F, 0xEB4F, 0x0000, 0xFFFC, 0xFFFC, 0xFFFC, 0xFFFC, 0xFFFC,
    0xFF36, 0xFF36, 0xFF36, 0xFF36, 0xFF36, 0xFF36, 0xFF36, 0xFF36, 0xDDF1, 0xDDF1, 0xDDF1, 0xDDF1, 0xDDF1, 0xDDF1, 0xDDF1, 0x6145,
    0xEB4F, 0xEB4F, 0xEB4F, 0xEB4F, 0xEB4F, 0xEB4F, 0xEB4F, 0xEB4F, 0xEB4F, 0xEB4F, 0x0000, 0x3186, 0x3186, 0x0BD3, 0x0BD3, 0x3186,
    0x3186, 0x3186, 0xB1CA, 0xB1CA, 0xB1CA, 0xB1CA, 0xB1CA, 0xB1CA, 0xB1CA, 0xB1CA, 0x3186, 0x0000, 0xF81F, 0xF81F, 0xF81F, 0xF81F,
    0xF81F, 0xF81F, 0xF81F, 0xF81F, 0xF81F, 0xF81F, 0xF81F, 0xF81F, 0xF81F, 0xF81F, 0xF81F, 0xF81F, 0xF81F, 0xF81F, 0xF81F, 0xF81F,
    0xF81F, 0xF81F, 0xF81F, 0xF81F, 0xF81F, 0xF81F, 0xF81F, 0xF81F, 0xF81F, 0x0000, 0xFF36, 0xFF36, 0xFF36, 0xFF36, 0xFF36, 0xB1CA,
    0xEB4F, 0xEB4F, 0xB1CA, 0xEB4F, 0xEB4F, 0xEB4F, 0xEB4F, 0xEB4F, 0xEB4F, 0x0000, 0xFFFC, 0xFFFC, 0xFFFC, 0xFFFC, 0xFF36, 0xFF36,
    0xFF36, 0xFF36, 0xFF36, 0xFF36, 0xFF36, 0xFF36, 0xFF36, 0xFF36, 0xDDF1, 0xDDF1, 0xDDF1, 0xDDF1, 0xDDF1, 0xDDF1, 0xDDF1, 0x0000,
    0x6145, 0xEB4F, 0xEB4F, 0xEB4F, 0xEB4F, 0xEB4F, 0xEB4F, 0xEB4F, 0xEB4F, 0xEB4F, 0xEB4F, 0x0000, 0x0000, 0x0BD3, 0x0BD3, 0x0BD3,
    0x3186, 0xB1CA, 0xB1CA, 0xB1CA, 0xB1CA, 0xB1CA, 0xB1CA, 0xB1CA, 0xB1CA, 0xB1CA, 0x3186, 0x0000, 0xF81F, 0xF81F, 0xF81F, 0xF81F,
    0xF81F, 0xF81F, 0xF81F, 0xF81F, 0xF81F, 0xF81F, 0xF81F, 0xF81F, 0xF81F, 0xF81F, 0xF81F, 0xF81F, 0xF81F, 0xF81F, 0xF81F, 0xF81F,
    0xF81F, 0xF81F, 0xF81F, 0xF81F, 0xF81F, 0xF81F, 0xF81F, 0xF81F, 0xF81F, 0x0000, 0xFF36, 0xFF36, 0xFF36, 0xFF36, 0xFF36, 0x0000,
    0x0000, 0x0000, 0xB1CA, 0xEB4F, 0xEB4F, 0xEB4F, 0xEB4F, 0xEB4F, 0xEB4F, 0x0000, 0xFF36, 0xFF36, 0xFF36, 0xFF36, 0xFF36, 0xFF36,
    0xFF36, 0xFF36, 0xFF36, 0xFF36, 0xFF36, 0xFF36, 0xFF36, 0xDDF1, 0xDDF1, 0xDDF1, 0xDDF1, 0xDDF1, 0xDDF1, 0xDDF1, 0x0000, 0xF81F,
    0x6145, 0xEB4F, 0xEB4F, 0xEB4F, 0xEB4F, 0xEB4F, 0xEB4F, 0xEB4F, 0xEB4F, 0xB1CA, 0xEB4F, 0xEB4F, 0xEB4F, 0x0000, 0x0BD3, 0x0BD3,
    0x0BD3, 0x3186, 0xB1CA, 0xB1CA, 0xB1CA, 0xB1CA, 0xB1CA, 0xB1CA, 0xB1CA, 0x3186, 0x0000, 0xF81F, 0xF81F, 0xF81F, 0xF81F, 0xF81F,
    0xF81F, 0xF81F, 0xF81F, 0xF81F, 0xF81F, 0xF81F, 0xF81F, 0xF81F, 0xF81F, 0xF81F, 0xF81F, 0xF81F, 0xF81F, 0xF81F, 0xF81F, 0xF81F,
    0xF81F, 0xF81F, 0xF81F, 0xF81F, 0xF81F, 0xF81F, 0xF81F, 0xF81F, 0xF81F, 0xF81F, 0x0000, 0xFF36, 0xFF36, 0xFF36, 0xFF36, 0xFF36,
    0xFF36, 0xB1CA, 0xEB4F, 0xEB4F, 0xEB4F, 0xB1CA, 0xEB4F, 0xEB4F, 0x0000, 0xFF36, 0xFF36, 0xFF36, 0xFF36, 0xFF36, 0xFF36, 0xFF36,
    0xFF36, 0xFF36, 0xFF36, 0xFF36, 0xFF36, 0xFF36, 0xFF36, 0xDDF1, 0xDDF1, 0xDDF1, 0xDDF1, 0xDDF1, 0xDDF1, 0xDDF1, 0x0000, 0xF81F,
    0xF81F, 0x6145, 0xEB4F, 0xEB4F, 0xEB4F, 0xB1CA, 0xEB4F, 0xEB4F, 0xEB4F, 0xEB4F, 0xB1CA, 0x0000, 0x0000, 0x0000, 0x0BD3, 0x0BD3,
    0x0BD3, 0x0BD3, 0x3186, 0x3186, 0xB1CA, 0xB1CA, 0xB1CA, 0xB1CA, 0x3186, 0x0000, 0xF81F, 0xF81F, 0xF81F, 0xF81F, 0xF81F, 0xF81F,
    0xF81F, 0xF81F, 0xF81F, 0xF81F, 0xF81F, 0xF81F, 0xF81F, 0xF81F, 0xF81F, 0xF81F, 0xF81F, 0xF81F, 0xF81F, 0xF81F, 0xF81F, 0xF81F,
    0xF81F, 0xF81F, 0xF81F, 0xF81F, 0xF81F, 0xF81F, 0xF81F, 0xF81F, 0xF81F, 0xF81F, 0x7A8A, 0x7A8A, 0xFF36, 0xFF36, 0xFF36, 0xFF36,
    0xB1CA, 0xEB4F, 0xEB4F, 0xEB4F, 0x0000, 0xB1CA, 0xEB4F, 0xEB4F, 0x0000, 0xFF36, 0xFF36, 0xFF36, 0xFF36, 0xFF36, 0xFF36, 0xFF36,
    0xFF36, 0xFF36, 0xFF36, 0xFF36, 0xFF36, 0xFF36, 0xDDF1, 0xDDF1, 0xDDF1, 0xDDF1, 0xDDF1, 0xDDF1, 0xDDF1, 0xDDF1, 0x0000, 0xF81F,
    0xF81F, 0x6145, 0xB1CA, 0xEB4F, 0xEB4F, 0xB1CA, 0xEB4F, 0xEB4F, 0xEB4F, 0xEB4F, 0xB1CA, 0x3186, 0xF81F, 0xF81F, 0x0000, 0x0000,
    0x0000, 0x0BD3, 0x0BD3, 0x3186, 0x3186, 0xB1CA, 0xB1CA, 0x0000, 0x0000, 0xF81F, 0xF81F, 0xF81F, 0xF81F, 0xF81F, 0xF81F, 0xF81F,
    0xF81F, 0xF81F, 0xF81F, 0xF81F, 0xF81F, 0xF81F, 0xF81F, 0xF81F, 0xF81F, 0xF81F, 0xF81F, 0xF81F, 0xF81F, 0xF81F, 0xF81F, 0xF81F,
    0xF81F, 0xF81F, 0xF81F, 0xF81F, 0xF81F, 0xF81F, 0xF81F, 0xF81F, 0xF81F, 0xF81F, 0xF81F, 0x0000, 0xFF36, 0xFF36, 0xFF36, 0xFF36,
    0xB1CA, 0xEB4F, 0xB1CA, 0x0000, 0xFF36, 0xB1CA, 0xEB4F, 0x0000, 0xFF36, 0xFF36, 0xFF36, 0xFF36, 0xFF36, 0xFF36, 0xFF36, 0xFF36,
    0xFF36, 0xFF36, 0xFF36, 0xFF36, 0xFF36, 0xFF36, 0xDDF1, 0xDDF1, 0xDDF1, 0xDDF1, 0xDDF1, 0xDDF1, 0xDDF1, 0x0000, 0xF81F, 0xF81F,
    0xF81F, 0xF81F, 0x6145, 0xEB4F, 0xEB4F, 0xEB4F, 0x6145, 0x0000, 0x0000, 0xEB4F, 0xEB4F, 0xB1CA, 0x3186, 0xF81F, 0xF81F, 0xF81F,
    0xF81F, 0x0000, 0x0000, 0x0000, 0x0000, 0x0000, 0x0000, 0xF81F, 0xF81F, 0xF81F, 0xF81F, 0xF81F, 0xF81F, 0xF81F, 0xF81F, 0xF81F,
    0xF81F, 0xF81F, 0xF81F, 0xF81F, 0xF81F, 0xF81F, 0xF81F, 0xF81F, 0xF81F, 0xF81F, 0xF81F, 0xF81F, 0xF81F, 0xF81F, 0xF81F, 0xF81F,
    0xF81F, 0xF81F, 0xF81F, 0xF81F, 0xF81F, 0xF81F, 0xF81F, 0xF81F, 0xF81F, 0xF81F, 0xF81F, 0xF81F, 0x0000, 0xFF36, 0xFF36, 0xFF36,
    0x0000, 0x0000, 0xB1CA, 0xFF36, 0xFF36, 0x0000, 0x0000, 0xFF36, 0xFF36, 0xFF36, 0xFF36, 0xFF36, 0xFF36, 0xFF36, 0xFF36, 0xFF36,
    0xFF36, 0xFF36, 0xFF36, 0xFF36, 0xFF36, 0xDDF1, 0xDDF1, 0xDDF1, 0xDDF1, 0xDDF1, 0xDDF1, 0xDDF1, 0xDDF1, 0x0000, 0xF81F, 0xF81F,
    0xF81F, 0xF81F, 0xF81F, 0x6145, 0xEB4F, 0xEB4F, 0x6145, 0xF81F, 0xF81F, 0x0000, 0x0000, 0x0000, 0x3186, 0xF81F, 0xF81F, 0xF81F,
    0xF81F, 0xF81F, 0xF81F, 0xF81F, 0xF81F, 0xF81F, 0xF81F, 0xF81F, 0xF81F, 0xF81F, 0xF81F, 0xF81F, 0xF81F, 0xF81F, 0xF81F, 0xF81F,
    0xF81F, 0xF81F, 0xF81F, 0xF81F, 0xF81F, 0xF81F, 0xF81F, 0xF81F, 0xF81F, 0xF81F, 0xF81F, 0xF81F, 0xF81F, 0xF81F, 0xF81F, 0xF81F,
    0xF81F, 0xF81F, 0xF81F, 0xF81F, 0xF81F, 0xF81F, 0xF81F, 0xF81F, 0xF81F, 0xF81F, 0xF81F, 0xF81F, 0xF81F, 0x0000, 0xFF36, 0xFF36,
    0xFF36, 0xFF36, 0xFF36, 0xFF36, 0xFF36, 0xFF36, 0xFF36, 0xFF36, 0xFF36, 0xFF36, 0xFF36, 0xFF36, 0xFF36, 0xFF36, 0xFF36, 0xFF36,
    0xFF36, 0xFF36, 0xFF36, 0xFF36, 0xDDF1, 0xDDF1, 0xDDF1, 0xDDF1, 0xDDF1, 0xDDF1, 0xDDF1, 0xDDF1, 0x0000, 0xF81F, 0xF81F, 0xF81F,
    0xF81F, 0xF81F, 0xF81F, 0xF81F, 0x6145, 0xEB4F, 0x6145, 0xF81F, 0xF81F, 0xF81F, 0xF81F, 0xF81F, 0xF81F, 0xF81F, 0xF81F, 0xF81F,
    0xF81F, 0xF81F, 0xF81F, 0xF81F, 0xF81F, 0xF81F, 0xF81F, 0xF81F, 0xF81F, 0xF81F, 0xF81F, 0xF81F, 0xF81F, 0xF81F, 0xF81F, 0xF81F,
    0xF81F, 0xF81F, 0xF81F, 0xF81F, 0xF81F, 0xF81F, 0xF81F, 0xF81F, 0xF81F, 0xF81F, 0xF81F, 0xF81F, 0xF81F, 0xF81F, 0xF81F, 0xF81F,
    0xF81F, 0xF81F, 0xF81F, 0xF81F, 0xF81F, 0xF81F, 0xF81F, 0xF81F, 0xF81F, 0xF81F, 0xF81F, 0xF81F, 0xF81F, 0xF81F, 0x0000, 0x0000,
    0xDDF1, 0xFF36, 0xFF36, 0xFF36, 0xFF36, 0xFF36, 0xFF36, 0xFF36, 0xFF36, 0xFF36, 0xFF36, 0xFF36, 0xFF36, 0xFF36, 0xFF36, 0xFF36,
    0xFF36, 0xDDF1, 0xDDF1, 0xDDF1, 0xDDF1, 0xDDF1, 0xDDF1, 0xDDF1, 0xDDF1, 0xDDF1, 0xDDF1, 0x0000, 0xF81F, 0xF81F, 0xF81F, 0xF81F,
    0xF81F, 0xF81F, 0xF81F, 0xF81F, 0xF81F, 0x6145, 0x6145, 0xF81F, 0xF81F, 0xF81F, 0xF81F, 0xF81F, 0xF81F, 0xF81F, 0xF81F, 0xF81F,
    0xF81F, 0xF81F, 0xF81F, 0xF81F, 0xF81F, 0xF81F, 0xF81F, 0xF81F, 0xF81F, 0xF81F, 0xF81F, 0xF81F, 0xF81F, 0xF81F, 0xF81F, 0xF81F,
    0xF81F, 0xF81F, 0xF81F, 0xF81F, 0xF81F, 0xF81F, 0xF81F, 0xF81F, 0xF81F, 0xF81F, 0xF81F, 0xF81F, 0xF81F, 0xF81F, 0xF81F, 0xF81F,
    0xF81F, 0xF81F, 0xF81F, 0xF81F, 0xF81F, 0xF81F, 0xF81F, 0xF81F, 0xF81F, 0xF81F, 0xF81F, 0xF81F, 0xF81F, 0xF81F, 0xF81F, 0xF81F,
    0x0000, 0x0000, 0xDDF1, 0xDDF1, 0xDDF1, 0xDDF1, 0xDDF1, 0xDDF1, 0xFF36, 0xFF36, 0xFF36, 0xFF36, 0xFF36, 0xDDF1, 0xDDF1, 0xDDF1,
    0xDDF1, 0xDDF1, 0xDDF1, 0xDDF1, 0xDDF1, 0xDDF1, 0xDDF1, 0xDDF1, 0xDDF1, 0x0000, 0x0000, 0xF81F, 0xF81F, 0xF81F, 0xF81F, 0xF81F,
    0xF81F, 0xF81F, 0xF81F, 0xF81F, 0xF81F, 0xF81F, 0xF81F, 0xF81F, 0xF81F, 0xF81F, 0xF81F, 0xF81F, 0xF81F, 0xF81F, 0xF81F, 0xF81F,
    0xF81F, 0xF81F, 0xF81F, 0xF81F, 0xF81F, 0xF81F, 0xF81F, 0xF81F, 0xF81F, 0xF81F, 0xF81F, 0xF81F, 0xF81F, 0xF81F, 0xF81F, 0xF81F,
    0xF81F, 0xF81F, 0xF81F, 0xF81F, 0xF81F, 0xF81F, 0xF81F, 0xF81F, 0xF81F, 0xF81F, 0xF81F, 0xF81F, 0xF81F, 0xF81F, 0xF81F, 0xF81F,
    0xF81F, 0xF81F, 0xF81F, 0xF81F, 0xF81F, 0xF81F, 0xF81F, 0xF81F, 0xF81F, 0xF81F, 0xF81F, 0xF81F, 0xF81F, 0xF81F, 0xF81F, 0xF81F,
    0xF81F, 0xF81F, 0x0000, 0x0000, 0x0000, 0xDDF1, 0xDDF1, 0xDDF1, 0xDDF1, 0xDDF1, 0xDDF1, 0xDDF1, 0xDDF1, 0xDDF1, 0xDDF1, 0xDDF1,
    0xDDF1, 0xDDF1, 0xDDF1, 0xDDF1, 0xDDF1, 0xDDF1, 0xDDF1, 0x0000, 0x0000, 0xF81F, 0xF81F, 0xF81F, 0xF81F, 0xF81F, 0xF81F, 0xF81F,
    0xF81F, 0xF81F, 0xF81F, 0xF81F, 0xF81F, 0xF81F, 0xF81F, 0xF81F, 0xF81F, 0xF81F, 0xF81F, 0xF81F, 0xF81F, 0xF81F, 0xF81F, 0xF81F,
    0xF81F, 0xF81F, 0xF81F, 0xF81F, 0xF81F, 0xF81F, 0xF81F, 0xF81F, 0xF81F, 0xF81F, 0xF81F, 0xF81F, 0xF81F, 0xF81F, 0xF81F, 0xF81F,
    0xF81F, 0xF81F, 0xF81F, 0xF81F, 0xF81F, 0xF81F, 0xF81F, 0xF81F, 0xF81F, 0xF81F, 0xF81F, 0xF81F, 0xF81F, 0xF81F, 0xF81F, 0xF81F,
    0xF81F, 0xF81F, 0xF81F, 0xF81F, 0xF81F, 0xF81F, 0xF81F, 0xF81F, 0xF81F, 0xF81F, 0xF81F, 0xF81F, 0xF81F, 0xF81F, 0xF81F, 0xF81F,
    0xF81F, 0xF81F, 0xF81F, 0xF81F, 0xF81F, 0x0000, 0x0000, 0x0000, 0x0000, 0xDDF1, 0xDDF1, 0xDDF1, 0xDDF1, 0xDDF1, 0xDDF1, 0xDDF1,
    0xDDF1, 0xDDF1, 0xDDF1, 0x0000, 0x0000, 0x0000, 0x0000, 0xF81F, 0xF81F, 0xF81F, 0xF81F, 0xF81F, 0xF81F, 0xF81F, 0xF81F, 0xF81F,
    0xF81F, 0xF81F, 0xF81F, 0xF81F, 0xF81F, 0xF81F, 0xF81F, 0xF81F, 0xF81F, 0xF81F, 0xF81F, 0xF81F, 0xF81F, 0xF81F, 0xF81F, 0xF81F,
    0xF81F, 0xF81F, 0xF81F, 0xF81F, 0xF81F, 0xF81F, 0xF81F, 0xF81F, 0xF81F, 0xF81F, 0xF81F, 0xF81F, 0xF81F, 0xF81F, 0xF81F, 0xF81F,
    0xF81F, 0xF81F, 0xF81F, 0xF81F, 0xF81F, 0xF81F, 0xF81F, 0xF81F, 0xF81F, 0xF81F, 0xF81F, 0xF81F, 0xF81F, 0xF81F, 0xF81F, 0xF81F,
    0xF81F, 0xF81F, 0xF81F, 0xF81F, 0xF81F, 0xF81F, 0xF81F, 0xF81F, 0xF81F, 0xF81F, 0xF81F, 0xF81F, 0xF81F, 0xF81F, 0xF81F, 0xF81F,
    0xF81F, 0xF81F, 0xF81F, 0xF81F, 0xF81F, 0xF81F, 0xF81F, 0xF81F, 0xF81F, 0x0000, 0x0000, 0x0000, 0x0000, 0x0000, 0x0000, 0x0000,
    0x0000, 0x0000, 0x0000, 0xF81F, 0xF81F, 0xF81F, 0xF81F, 0xF81F, 0xF81F, 0xF81F, 0xF81F, 0xF81F, 0xF81F, 0xF81F, 0xF81F, 0xF81F,
    0xF81F, 0xF81F, 0xF81F, 0xF81F, 0xF81F, 0xF81F, 0xF81F, 0xF81F, 0xF81F, 0xF81F, 0xF81F, 0xF81F, 0xF81F, 0xF81F, 0xF81F, 0xF81F,
    0xF81F, 0xF81F, 0xF81F, 0xF81F, 0xF81F, 0xF81F, 0xF81F, 0xF81F, 0xF81F, 0xF81F, 0xF81F, 0xF81F, 0xF81F, 0xF81F, 0xF81F, 0xF81F,
    0xF81F, 0xF81F, 0xF81F, 0xF81F, 0xF81F, 0xF81F, 0xF81F, 0xF81F, 0xF81F, 0xF81F, 0xF81F, 0xF81F, 0xF81F, 0xF81F, 0xF81F, 0xF81F,
    0xF81F, 0xF81F, 0xF81F, 0xF81F, 0xF81F, 0xF81F, 0xF81F, 0xF81F, 0xF81F, 0xF81F, 0xF81F, 0xF81F, 0xF81F, 0xF81F, 0xF81F, 0xF81F,
    0xF81F, 0xF81F, 0xF81F, 0xF81F, 0xF81F, 0xF81F, 0xF81F, 0xF81F, 0xF81F, 0xF81F, 0xF81F, 0xF81F, 0xF81F, 0xF81F, 0xF81F, 0xF81F,
    0xF81F, 0xF81F, 0xF81F, 0xF81F, 0xF81F, 0xF81F, 0xF81F, 0xF81F, 0xF81F, 0xF81F, 0xF81F, 0xF81F, 0xF81F, 0xF81F, 0xF81F, 0xF81F,
    0xF81F, 0xF81F, 0xF81F, 0xF81F, 0xF81F, 0xF81F, 0xF81F, 0xF81F, 0xF81F, 0xF81F, 0xF81F, 0xF81F, 0xF81F, 0xF81F, 0xF81F, 0xF81F,
    0xF81F, 0xF81F, 0xF81F, 0xF81F, 0xF81F, 0xF81F, 0xF81F, 0xF81F, 0xF81F, 0xF81F, 0xF81F, 0xF81F, 0xF81F, 0xF81F, 0xF81F, 0xF81F,
    0xF81F, 0xF81F, 0xF81F, 0xF81F, 0xF81F, 0xF81F, 0xF81F, 0xF81F, 0xF81F, 0xF81F, 0xF81F, 0xF81F, 0xF81F, 0xF81F, 0xF81F, 0xF81F,
    0xF81F, 0xF81F, 0xF81F, 0xF81F, 0xF81F, 0xF81F, 0xF81F, 0xF81F, 0xF81F, 0xF81F, 0xF81F, 0xF81F, 0xF81F, 0xF81F, 0xF81F, 0xF81F,
    0xF81F, 0xF81F, 0xF81F, 0xF81F, 0xF81F, 0xF81F, 0xF81F, 0xF81F, 0xF81F, 0xF81F, 0xF81F, 0xF81F, 0xF81F, 0xF81F, 0xF81F, 0xF81F,
    0xF81F, 0xF81F, 0xF81F, 0xF81F, 0xF81F, 0xF81F, 0xF81F, 0xF81F, 0xF81F, 0xF81F, 0xF81F, 0xF81F, 0xF81F, 0xF81F, 0xF81F, 0xF81F,
    0xF81F, 0xF81F, 0xF81F, 0xF81F, 0xF81F, 0xF81F, 0xF81F, 0xF81F, 0xF81F, 0xF81F, 0xF81F, 0xF81F, 0xF81F, 0xF81F, 0xF81F, 0xF81F,
    0xF81F, 0xF81F, 0xF81F, 0xF81F, 0xF81F, 0xF81F, 0xF81F, 0xF81F, 0xF81F, 0xF81F, 0xF81F, 0xF81F, 0xF81F, 0xF81F, 0xF81F, 0xF81F,
    0xF81F, 0xF81F, 0xF81F, 0xF81F, 0xF81F, 0xF81F, 0xF81F, 0xF81F, 0xF81F, 0xF81F, 0xF81F, 0xF81F, 0xF81F, 0xF81F, 0xF81F, 0xF81F,
    0xF81F, 0xF81F, 0xF81F, 0xF81F, 0xF81F, 0xF81F, 0xF81F, 0xF81F, 0xF81F, 0xF81F, 0xF81F, 0xF81F, 0xF81F, 0xF81F, 0xF81F, 0xF81F,
    0xF81F, 0xF81F, 0xF81F, 0xF81F, 0xF81F, 0xF81F, 0xF81F, 0xF81F, 0xF81F, 0xF81F, 0xF81F, 0xF81F, 0xF81F, 0xF81F, 0xF81F, 0xF81F,
    0xF81F, 0xF81F, 0xF81F, 0xF81F, 0xF81F, 0xF81F, 0xF81F, 0xF81F, 0xF81F, 0xF81F, 0xF81F, 0xF81F, 0xF81F, 0xF81F, 0xF81F, 0xF81F,
    0xF81F, 0xF81F, 0xF81F, 0xF81F, 0xF81F, 0xF81F, 0xF81F, 0xF81F, 0xF81F, 0xF81F, 0xF81F, 0xF81F, 0xF81F, 0xF81F, 0xF81F, 0xF81F,
    0xF81F, 0xF81F, 0xF81F, 0xF81F, 0xF81F, 0xF81F, 0xF81F, 0xF81F, 0xF81F, 0xF81F, 0xF81F, 0xF81F, 0xF81F, 0xF81F, 0xF81F, 0xF81F,
    0xF81F, 0xF81F, 0xF81F, 0xF81F, 0xF81F, 0xF81F, 0xF81F, 0xF81F, 0xF81F, 0xF81F, 0xF81F, 0xF81F, 0xF81F, 0xF81F, 0xF81F, 0xF81F,
    0xF81F, 0xF81F, 0xF81F, 0xF81F, 0xF81F, 0xF81F, 0xF81F, 0xF81F, 0xF81F, 0xF81F, 0xF81F, 0xF81F, 0xF81F, 0xF81F, 0xF81F, 0xF81F,
    0xF81F, 0xF81F, 0xF81F, 0xF81F, 0xF81F, 0xF81F, 0xF81F, 0xF81F, 0xF81F, 0xF81F, 0xF81F, 0xF81F, 0xF81F, 0xF81F, 0xF81F, 0xF81F,
    0xF81F, 0xF81F, 0xF81F, 0xF81F, 0xF81F, 0xF81F, 0xF81F, 0xF81F, 0xF81F, 0xF81F, 0xF81F, 0xF81F, 0xF81F, 0xF81F, 0xF81F, 0xF81F,
    0xF81F, 0xF81F, 0xF81F, 0xF81F, 0xF81F, 0xF81F, 0xF81F, 0xF81F, 0xF81F, 0xF81F, 0xF81F, 0xF81F, 0xF81F, 0xF81F, 0xF81F, 0xF81F,
    0xF81F, 0xF81F, 0xF81F, 0xF81F, 0xF81F, 0xF81F, 0xF81F, 0xF81F, 0xF81F, 0xF81F, 0xF81F, 0xF81F, 0xF81F, 0xF81F, 0xF81F, 0xF81F,
    0xF81F, 0xF81F, 0xF81F, 0xF81F, 0xF81F, 0xF81F, 0xF81F, 0xF81F, 0xF81F, 0xF81F, 0xF81F, 0xF81F, 0xF81F, 0xF81F, 0xF81F, 0xF81F,
    0xF81F, 0xF81F, 0xF81F, 0xF81F, 0xF81F, 0xF81F, 0xF81F, 0xF81F, 0xF81F, 0xF81F, 0xF81F, 0xF81F, 0xF81F, 0xF81F, 0xF81F, 0xF81F,
    0xF81F, 0xF81F, 0xF81F, 0xF81F, 0xF81F, 0xF81F, 0xF81F, 0xF81F, 0xF81F, 0xF81F, 0xF81F, 0xF81F, 0xF81F, 0xF81F, 0xF81F, 0xF81F,
    0xF81F, 0xF81F, 0xF81F, 0xF81F, 0xF81F, 0xF81F, 0xF81F, 0xF81F, 0xF81F, 0xF81F, 0xF81F, 0xF81F, 0xF81F, 0xF81F, 0xF81F, 0xF81F,
    0xF81F, 0xF81F, 0xF81F, 0xF81F, 0xF81F, 0xF81F, 0xF81F, 0xF81F, 0xF81F, 0xF81F, 0xF81F, 0xF81F, 0xF81F, 0xF81F, 0xF81F, 0xF81F,
    0xF81F, 0xF81F, 0xF81F, 0xF81F, 0xF81F, 0xF81F, 0xF81F, 0xF81F, 0xF81F, 0xF81F, 0xF81F, 0xF81F, 0xF81F, 0xF81F, 0xF81F, 0xF81F,
    0xF81F, 0xF81F, 0xF81F, 0xF81F, 0xF81F, 0xF81F, 0xF81F, 0xF81F, 0xF81F, 0xF81F, 0xF81F, 0xF81F, 0xF81F, 0xF81F, 0xF81F, 0xF81F,
    0xF81F, 0xF81F, 0xF81F, 0xF81F, 0xF81F, 0xF81F, 0xF81F, 0xF81F, 0xF81F, 0xF81F, 0xF81F, 0xF81F, 0xF81F, 0xF81F, 0xF81F, 0xF81F,
    0xF81F, 0xF81F, 0xF81F, 0xF81F, 0xF81F, 0xF81F, 0xF81F, 0xF81F, 0xF81F, 0xF81F, 0xF81F, 0xF81F, 0xF81F, 0xF81F, 0xF81F, 0xF81F,
    0xF81F, 0xF81F, 0xF81F, 0xF81F, 0xF81F, 0xF81F, 0xF81F, 0xF81F, 0xF81F, 0xF81F, 0xF81F, 0xF81F, 0xF81F, 0xF81F, 0xF81F, 0xF81F,
    0xF81F, 0xF81F, 0xF81F, 0xF81F, 0xF81F, 0xF81F, 0xF81F, 0xF81F, 0xF81F, 0xF81F, 0xF81F, 0xF81F, 0xF81F, 0xF81F, 0xF81F, 0xF81F,
    0xF81F, 0xF81F, 0xF81F, 0xF81F, 0xF81F, 0xF81F, 0xF81F, 0xF81F, 0xF81F, 0xF81F, 0xF81F, 0xF81F, 0xF81F, 0xF81F, 0xF81F, 0xF81F,
    0xF81F, 0xF81F, 0xF81F, 0xF81F, 0xF81F, 0xF81F, 0xF81F, 0xF81F, 0xF81F, 0xF81F, 0xF81F, 0xF81F, 0xF81F, 0xF81F, 0xF81F, 0xF81F,
    0xF81F, 0xF81F, 0xF81F, 0xF81F, 0xF81F, 0xF81F, 0xF81F, 0xF81F, 0xF81F, 0xF81F, 0xF81F, 0xF81F, 0xF81F, 0xF81F, 0xF81F, 0xF81F,
    0xF81F, 0xF81F, 0xF81F, 0xF81F, 0xF81F, 0xF81F, 0xF81F, 0xF81F, 0xF81F, 0xF81F, 0xF81F, 0xF81F, 0xF81F, 0xF81F, 0xF81F, 0xF81F,
    0xF81F, 0xF81F, 0xF81F, 0xF81F, 0xF81F, 0xF81F, 0xF81F, 0xF81F, 0xF81F, 0xF81F, 0xF81F, 0xF81F, 0xF81F, 0xF81F, 0xF81F, 0xF81F,
    0xF81F, 0xF81F, 0xF81F, 0xF81F, 0xF81F, 0xF81F, 0xF81F, 0xF81F, 0xF81F, 0xF81F, 0xF81F, 0xF81F, 0xF81F, 0xF81F, 0xF81F, 0xF81F,
    0xF81F, 0xF81F, 0xF81F, 0xF81F, 0xF81F, 0xF81F, 0xF81F, 0xF81F, 0xF81F, 0xF81F, 0xF81F, 0xF81F, 0xF81F, 0xF81F, 0xF81F, 0xF81F,
    0xF81F, 0xF81F, 0xF81F, 0xF81F, 0xF81F, 0xF81F, 0xF81F, 0xF81F, 0xF81F, 0xF81F, 0xF81F, 0xF81F, 0xF81F, 0xF81F, 0xF81F, 0xF81F,
    0xF81F, 0xF81F, 0xF81F, 0xF81F, 0xF81F, 0xF81F, 0xF81F, 0xF81F, 0xF81F, 0xF81F, 0xF81F, 0xF81F, 0xF81F, 0xF81F, 0xF81F, 0xF81F,
    0xF81F, 0xF81F, 0xF81F, 0xF81F, 0xF81F, 0xF81F, 0xF81F, 0xF81F, 0xF81F, 0xF81F, 0xF81F, 0xF81F, 0xF81F, 0xF81F, 0xF81F, 0xF81F,
    0xF81F, 0xF81F, 0xF81F, 0xF81F, 0xF81F, 0xF81F, 0xF81F, 0xF81F, 0xF81F, 0xF81F, 0xF81F, 0xF81F, 0xF81F, 0xF81F, 0xF81F, 0xF81F,
    0xF81F, 0xF81F, 0xF81F, 0xF81F, 0xF81F, 0xF81F, 0xF81F, 0xF81F, 0xF81F, 0xF81F, 0xF81F, 0xF81F, 0xF81F, 0xF81F, 0xF81F, 0xF81F,
    0xF81F, 0xF81F, 0xF81F, 0xF81F, 0xF81F, 0xF81F, 0xF81F, 0xF81F, 0xF81F, 0xF81F, 0xF81F, 0xF81F, 0xF81F, 0xF81F, 0xF81F, 0xF81F,
    0xF81F, 0xF81F, 0xF81F, 0xF81F, 0xF81F, 0xF81F, 0xF81F, 0xF81F, 0xF81F, 0xF81F, 0xF81F, 0xF81F, 0xF81F, 0xF81F, 0xF81F, 0xF81F,
    0xF81F, 0xF81F, 0xF81F, 0xF81F, 0xF81F, 0xF81F, 0xF81F, 0xF81F, 0xF81F, 0xF81F, 0xF81F, 0xF81F, 0xF81F, 0xF81F, 0xF81F, 0xF81F,
    0xF81F, 0xF81F, 0xF81F, 0xF81F, 0xF81F, 0xF81F, 0xF81F, 0xF81F, 0xF81F, 0xF81F, 0xF81F, 0xF81F, 0xF81F, 0xF81F, 0xF81F, 0xF81F,
    0xF81F, 0xF81F, 0xF81F, 0xF81F, 0xF81F, 0xF81F, 0xF81F, 0xF81F, 0xF81F, 0xF81F, 0xF81F, 0xF81F, 0xF81F, 0xF81F, 0xF81F, 0xF81F,
    0xF81F, 0xF81F, 0xF81F, 0xF81F, 0xF81F, 0xF81F, 0xF81F, 0xF81F, 0xF81F, 0xF81F, 0xF81F, 0xF81F, 0xF81F, 0xF81F, 0xF81F, 0xF81F,
    0xF81F, 0xF81F, 0xF81F, 0xF81F, 0xF81F, 0xF81F, 0xF81F, 0xF81F, 0xF81F, 0xF81F, 0xF81F, 0xF81F, 0xF81F, 0xF81F, 0xF81F, 0xF81F,
    0xF81F, 0xF81F, 0xF81F, 0xF81F, 0xF81F, 0xF81F, 0xF81F, 0xF81F, 0xF81F, 0xF81F, 0xF81F, 0xF81F, 0xF81F, 0xF81F, 0xF81F, 0xF81F,
    0xF81F, 0xF81F, 0xF81F, 0xF81F, 0xF81F, 0xF81F, 0xF81F, 0xF81F, 0xF81F, 0xF81F, 0xF81F, 0xF81F, 0xF81F, 0xF81F, 0xF81F, 0xF81F,
    0xF81F, 0xF81F, 0xF81F, 0xF81F, 0xF81F, 0xF81F, 0xF81F, 0xF81F, 0xF81F, 0xF81F, 0xF81F, 0xF81F, 0xF81F, 0xF81F, 0xF81F, 0xF81F,
    0xF81F, 0xF81F, 0xF81F, 0xF81F, 0xF81F, 0xF81F, 0xF81F, 0xF81F, 0xF81F, 0xF81F, 0xF81F, 0xF81F, 0xF81F, 0xF81F, 0xF81F, 0xF81F,
    0xF81F, 0xF81F, 0xF81F, 0xF81F, 0xF81F, 0xF81F, 0xF81F, 0xF81F, 0xF81F, 0xF81F, 0xF81F, 0xF81F, 0xF81F, 0xF81F, 0xF81F, 0xF81F,
    0xF81F, 0xF81F, 0xF81F, 0xF81F, 0xF81F, 0xF81F, 0xF81F, 0xF81F, 0xF81F, 0xF81F, 0xF81F, 0xF81F, 0xF81F, 0xF81F, 0xF81F, 0xF81F,
    0xF81F, 0xF81F, 0xF81F, 0xF81F, 0xF81F, 0xF81F, 0xF81F, 0xF81F, 0xF81F, 0xF81F, 0xF81F, 0xF81F, 0xF81F, 0xF81F, 0xF81F, 0xF81F
};
