#include "newPokemartIdeaSprites.h"

const unsigned short pokeBuildingSprite[NEW_POKEMART_IDEA_POKE_BUILDING_WIDTH * NEW_POKEMART_IDEA_POKE_BUILDING_HEIGHT] = {
    0xF81F, 0xF81F, 0xF81F, 0xF81F, 0xF81F, 0xF81F, 0xF81F, 0xF81F, 0xF81F, 0xF81F, 0xF81F, 0xF81F, 0x9516, 0x9516, 0x7BD0, 0x7BD0,
    0x7BD0, 0x7BD0, 0x7BD0, 0x7BD0, 0x7BD0, 0x7BD0, 0x7BD0, 0x7BD0, 0x7BD0, 0x7BD0, 0x7BD0, 0x7BD0, 0x7BD0, 0x7BD0, 0x7BD0, 0x7BD0,
    0x7BD0, 0x7BD0, 0x7BD0, 0x7BD0, 0x7BD0, 0x7BD0, 0x7BD0, 0x7BD0, 0x7BD0, 0x7BD0, 0x7BD0, 0x7BD0, 0x7BD0, 0x7BD0, 0x7BD0, 0x7BD0,
    0x7BD0, 0x7BD0, 0x9516, 0x9516, 0xF81F, 0xF81F, 0xF81F, 0xF81F, 0xF81F, 0xF81F, 0xF81F, 0xF81F, 0xF81F, 0xF81F, 0xF81F, 0xF81F,
    0xF81F, 0xF81F, 0xF81F, 0xF81F, 0xF81F, 0xF81F, 0xF81F, 0xF81F, 0xF81F, 0xF81F, 0xF81F, 0xF81F, 0xF81F, 0xF81F, 0xF81F, 0xF81F,
    0xF81F, 0xF81F, 0xF81F, 0xF81F, 0xF81F, 0xF81F, 0xF81F, 0xF81F, 0xF81F, 0xF81F, 0xF81F, 0xF81F, 0xF81F, 0xF81F, 0xF81F, 0xF81F,
    0xF81F, 0xF81F, 0xF81F, 0xF81F, 0xF81F, 0xF81F, 0xF81F, 0xF81F, 0xF81F, 0xF81F, 0xF81F, 0xF81F, 0x9516, 0x9516, 0x7BD0, 0x7BD0,
    0x7BD0, 0x7BD0, 0x7BD0, 0x7BD0, 0x7BD0, 0x7BD0, 0x7BD0, 0x7BD0, 0x7BD0, 0x7BD0, 0x7BD0, 0x7BD0, 0x7BD0, 0x7BD0, 0x7BD0, 0x7BD0,
    0x7BD0, 0x7BD0, 0x7BD0, 0x7BD0, 0x7BD0, 0x7BD0, 0x7BD0, 0x7BD0, 0x7BD0, 0x7BD0, 0x7BD0, 0x7BD0, 0x7BD0, 0x7BD0, 0x7BD0, 0x7BD0,
    0x7BD0, 0x7BD0, 0x9516, 0x9516, 0xF81F, 0xF81F, 0xF81F, 0xF81F, 0xF81F, 0xF81F, 0xF81F, 0xF81F, 0xF81F, 0xF81F, 0xF81F, 0xF81F,
    0xF81F, 0xF81F, 0xF81F, 0xF81F, 0xF81F, 0xF81F, 0xF81F, 0xF81F, 0xF81F, 0xF81F, 0xF81F, 0xF81F, 0x9516, 0x9516, 0x7BD0, 0x7BD0,
    0x7BD0, 0x7BD0, 0x7BD0, 0x7BD0, 0x7BD0, 0x7BD0, 0x7BD0, 0x7BD0, 0x7BD0, 0x7BD0, 0x7BD0, 0x7BD0, 0x7BD0, 0x7BD0, 0x7BD0, 0x7BD0,
    0x7BD0, 0x7BD0, 0x7BD0, 0x7BD0, 0x7BD0, 0x7BD0, 0x7BD0, 0x7BD0, 0x7BD0, 0x7BD0, 0x7BD0, 0x7BD0, 0x7BD0, 0x7BD0, 0x7BD0, 0x7BD0,
    0x7BD0, 0x7BD0, 0x9516, 0x9516, 0xF81F, 0xF81F, 0xF81F, 0xF81F, 0xF81F, 0xF81F, 0xF81F, 0xF81F, 0xF81F, 0xF81F, 0xF81F, 0xF81F,
    0xF81F, 0xF81F, 0xF81F, 0xF81F, 0xF81F, 0xF81F, 0xF81F, 0xF81F, 0xF81F, 0xF81F, 0xF81F, 0xF81F, 0xF81F, 0xF81F, 0xF81F, 0xF81F,
    0xF81F, 0xF81F, 0xF81F, 0xF81F, 0xF81F, 0xF81F, 0xF81F, 0xF81F, 0xF81F, 0xF81F, 0xF81F, 0xF81F, 0xF81F, 0xF81F, 0xF81F, 0xF81F,
    0xF81F, 0xF81F, 0xF81F, 0xF81F, 0xF81F, 0xF81F, 0xF81F, 0xF81F, 0xF81F, 0xF81F, 0xF81F, 0xF81F, 0x9516, 0x9516, 0x7BD0, 0x7BD0,
    0x7BD0, 0x7BD0, 0x7BD0, 0x7BD0, 0x7BD0, 0x7BD0, 0x7BD0, 0x7BD0, 0x7BD0, 0x7BD0, 0x7BD0, 0x7BD0, 0x7BD0, 0x7BD0, 0x7BD0, 0x7BD0,
    0x7BD0, 0x7BD0, 0x7BD0, 0x7BD0, 0x7BD0, 0x7BD0, 0x7BD0, 0x7BD0, 0x7BD0, 0x7BD0, 0x7BD0, 0x7BD0, 0x7BD0, 0x7BD0, 0x7BD0, 0x7BD0,
    0x7BD0, 0x7BD0, 0x9516, 0x9516, 0xF81F, 0xF81F, 0xF81F, 0xF81F, 0xF81F, 0xF81F, 0xF81F, 0xF81F, 0xF81F, 0xF81F, 0xF81F, 0xF81F,
    0xF81F, 0xF81F, 0xF81F, 0xF81F, 0xF81F, 0xF81F, 0xF81F, 0xF81F, 0x7BD0, 0x7BD0, 0x651B, 0x651B, 0x9E9F, 0x9E9F, 0x9E9F, 0x9E9F,
    0x9E9F, 0x9E9F, 0x9E9F, 0x9E9F, 0x9E9F, 0x9E9F, 0x9E9F, 0x9E9F, 0x9E9F, 0x9E9F, 0x9E9F, 0x9E9F, 0x9E9F, 0x9E9F, 0x9E9F, 0x9E9F,
    0x9E9F, 0x9E9F, 0x9E9F, 0x9E9F, 0x9E9F, 0x9E9F, 0x9E9F, 0x9E9F, 0x9E9F, 0x9E9F, 0x9E9F, 0x9E9F, 0x9E9F, 0x9E9F, 0x9E9F, 0x9E9F,
    0x9E9F, 0x9E9F, 0x9E9F, 0x9E9F, 0x651B, 0x651B, 0x7BD0, 0x7BD0, 0xF81F, 0xF81F, 0xF81F, 0xF81F, 0xF81F, 0xF81F, 0xF81F, 0xF81F,
    0xF81F, 0xF81F, 0xF81F, 0xF81F, 0xF81F, 0xF81F, 0xF81F, 0xF81F, 0xF81F, 0xF81F, 0xF81F, 0xF81F, 0xF81F, 0xF81F, 0xF81F, 0xF81F,
    0xF81F, 0xF81F, 0xF81F, 0xF81F, 0xF81F, 0xF81F, 0xF81F, 0xF81F, 0xF81F, 0xF81F, 0xF81F, 0xF81F, 0xF81F, 0xF81F, 0xF81F, 0xF81F,
    0xF81F, 0xF81F, 0xF81F, 0xF81F, 0xF81F, 0xF81F, 0xF81F, 0xF81F, 0x7BD0, 0x7BD0, 0x651B, 0x651B, 0x9E9F, 0x9E9F, 0x9E9F, 0x9E9F,
    0x9E9F, 0x9E9F, 0x9E9F, 0x9E9F, 0x9E9F, 0x9E9F, 0x9E9F, 0x9E9F, 0x9E9F, 0x9E9F, 0x9E9F, 0x9E9F, 0x9E9F, 0x9E9F, 0x9E9F, 0x9E9F,
    0x9E9F, 0x9E9F, 0x9E9F, 0x9E9F, 0x9E9F, 0x9E9F, 0x9E9F, 0x9E9F, 0x9E9F, 0x9E9F, 0x9E9F, 0x9E9F, 0x9E9F, 0x9E9F, 0x9E9F, 0x9E9F,
    0x9E9F, 0x9E9F, 0x9E9F, 0x9E9F, 0x651B, 0x651B, 0x7BD0, 0x7BD0, 0xF81F, 0xF81F, 0xF81F, 0xF81F, 0xF81F, 0xF81F, 0xF81F, 0xF81F,
    0xF81F, 0xF81F, 0xF81F, 0xF81F, 0xF81F, 0xF81F, 0xF81F, 0xF81F, 0x7BD0, 0x7BD0, 0x651B, 0x651B, 0x9E9F, 0x9E9F, 0x9E9F, 0x9E9F,
    0x9E9F, 0x9E9F, 0x9E9F, 0x9E9F, 0x9E9F, 0x9E9F, 0x9E9F, 0x9E9F, 0x9E9F, 0x9E9F, 0x9E9F, 0x9E9F, 0x9E9F, 0x9E9F, 0x9E9F, 0x9E9F,
    0x9E9F, 0x9E9F, 0x9E9F, 0x9E9F, 0x9E9F, 0x9E9F, 0x9E9F, 0x9E9F, 0x9E9F, 0x9E9F, 0x9E9F, 0x9E9F, 0x9E9F, 0x9E9F, 0x9E9F, 0x9E9F,
    0x9E9F, 0x9E9F, 0x9E9F, 0x9E9F, 0x651B, 0x651B, 0x7BD0, 0x7BD0, 0xF81F, 0xF81F, 0xF81F, 0xF81F, 0xF81F, 0xF81F, 0xF81F, 0xF81F,
    0xF81F, 0xF81F, 0xF81F, 0xF81F, 0xF81F, 0xF81F, 0xF81F, 0xF81F, 0xF81F, 0xF81F, 0xF81F, 0xF81F, 0xF81F, 0xF81F, 0xF81F, 0xF81F,
    0xF81F, 0xF81F, 0xF81F, 0xF81F, 0xF81F, 0xF81F, 0xF81F, 0xF81F, 0xF81F, 0xF81F, 0xF81F, 0xF81F, 0xF81F, 0xF81F, 0xF81F, 0xF81F,
    0xF81F, 0xF81F, 0xF81F, 0xF81F, 0xF81F, 0xF81F, 0xF81F, 0xF81F, 0x7BD0, 0x7BD0, 0x651B, 0x651B, 0x9E9F, 0x9E9F, 0x9E9F, 0x9E9F,
    0x9E9F, 0x9E9F, 0x9E9F, 0x9E9F, 0x9E9F, 0x9E9F, 0x9E9F, 0x9E9F, 0x9E9F, 0x9E9F, 0x9E9F, 0x9E9F, 0x9E9F, 0x9E9F, 0x9E9F, 0x9E9F,
    0x9E9F, 0x9E9F, 0x9E9F, 0x9E9F, 0x9E9F, 0x9E9F, 0x9E9F, 0x9E9F, 0x9E9F, 0x9E9F, 0x9E9F, 0x9E9F, 0x9E9F, 0x9E9F, 0x9E9F, 0x9E9F,
    0x9E9F, 0x9E9F, 0x9E9F, 0x9E9F, 0x651B, 0x651B, 0x7BD0, 0x7BD0, 0xF81F, 0xF81F, 0xF81F, 0xF81F, 0xF81F, 0xF81F, 0xF81F, 0xF81F,
    0xF81F, 0xF81F, 0xF81F, 0xF81F, 0xF81F, 0xF81F, 0x5ACE, 0x5ACE, 0x9E9F, 0x9E9F, 0x9E9F, 0x9E9F, 0x9E9F, 0x9E9F, 0x9E9F, 0x9E9F,
    0x9E9F, 0x9E9F, 0x75DE, 0x75DE, 0x75DE, 0x75DE, 0x75DE, 0x75DE, 0x75DE, 0x75DE, 0x75DE, 0x75DE, 0x75DE, 0x75DE, 0x75DE, 0x75DE,
    0x75DE, 0x75DE, 0x75DE, 0x75DE, 0x75DE, 0x75DE, 0x75DE, 0x75DE, 0x75DE, 0x75DE, 0x75DE, 0x75DE, 0x75DE, 0x75DE, 0x9E9F, 0x9E9F,
    0x9E9F, 0x9E9F, 0x9E9F, 0x9E9F, 0x9E9F, 0x9E9F, 0x9E9F, 0x9E9F, 0x5ACE, 0x5ACE, 0xF81F, 0xF81F, 0xF81F, 0xF81F, 0xF81F, 0xF81F,
    0xF81F, 0xF81F, 0xF81F, 0xF81F, 0xF81F, 0xF81F, 0xF81F, 0xF81F, 0xF81F, 0xF81F, 0xF81F, 0xF81F, 0xF81F, 0xF81F, 0xF81F, 0xF81F,
    0xF81F, 0xF81F, 0xF81F, 0xF81F, 0xF81F, 0xF81F, 0xF81F, 0xF81F, 0xF81F, 0xF81F, 0xF81F, 0xF81F, 0xF81F, 0xF81F, 0xF81F, 0xF81F,
    0xF81F, 0xF81F, 0xF81F, 0xF81F, 0xF81F, 0xF81F, 0x5ACE, 0x5ACE, 0x9E9F, 0x9E9F, 0x9E9F, 0x9E9F, 0x9E9F, 0x9E9F, 0x9E9F, 0x9E9F,
    0x9E9F, 0x9E9F, 0x75DE, 0x75DE, 0x75DE, 0x75DE, 0x75DE, 0x75DE, 0x75DE, 0x75DE, 0x75DE, 0x75DE, 0x75DE, 0x75DE, 0x75DE, 0x75DE,
    0x75DE, 0x75DE, 0x75DE, 0x75DE, 0x75DE, 0x75DE, 0x75DE, 0x75DE, 0x75DE, 0x75DE, 0x75DE, 0x75DE, 0x75DE, 0x75DE, 0x9E9F, 0x9E9F,
    0x9E9F, 0x9E9F, 0x9E9F, 0x9E9F, 0x9E9F, 0x9E9F, 0x9E9F, 0x9E9F, 0x5ACE, 0x5ACE, 0xF81F, 0xF81F, 0xF81F, 0xF81F, 0xF81F, 0xF81F,
    0xF81F, 0xF81F, 0xF81F, 0xF81F, 0xF81F, 0xF81F, 0x5ACE, 0x5ACE, 0x9E9F, 0x9E9F, 0x9E9F, 0x9E9F, 0x9E9F, 0x9E9F, 0x9E9F, 0x9E9F,
    0x9E9F, 0x9E9F, 0x75DE, 0x75DE, 0x75DE, 0x75DE, 0x75DE, 0x75DE, 0x75DE, 0x75DE, 0x75DE, 0x75DE, 0x75DE, 0x75DE, 0x75DE, 0x75DE,
    0x75DE, 0x75DE, 0x75DE, 0x75DE, 0x75DE, 0x75DE, 0x75DE, 0x75DE, 0x75DE, 0x75DE, 0x75DE, 0x75DE, 0x75DE, 0x75DE, 0x9E9F, 0x9E9F,
    0x9E9F, 0x9E9F, 0x9E9F, 0x9E9F, 0x9E9F, 0x9E9F, 0x9E9F, 0x9E9F, 0x5ACE, 0x5ACE, 0xF81F, 0xF81F, 0xF81F, 0xF81F, 0xF81F, 0xF81F,
    0xF81F, 0xF81F, 0xF81F, 0xF81F, 0xF81F, 0xF81F, 0xF81F, 0xF81F, 0xF81F, 0xF81F, 0xF81F, 0xF81F, 0xF81F, 0xF81F, 0xF81F, 0xF81F,
    0xF81F, 0xF81F, 0xF81F, 0xF81F, 0xF81F, 0xF81F, 0xF81F, 0xF81F, 0xF81F, 0xF81F, 0xF81F, 0xF81F, 0xF81F, 0xF81F, 0xF81F, 0xF81F,
    0xF81F, 0xF81F, 0xF81F, 0xF81F, 0xF81F, 0xF81F, 0x5ACE, 0x5ACE, 0x9E9F, 0x9E9F, 0x9E9F, 0x9E9F, 0x9E9F, 0x9E9F, 0x9E9F, 0x9E9F,
    0x9E9F, 0x9E9F, 0x75DE, 0x75DE, 0x75DE, 0x75DE, 0x75DE, 0x75DE, 0x75DE, 0x75DE, 0x75DE, 0x75DE, 0x75DE, 0x75DE, 0x75DE, 0x75DE,
    0x75DE, 0x75DE, 0x75DE, 0x75DE, 0x75DE, 0x75DE, 0x75DE, 0x75DE, 0x75DE, 0x75DE, 0x75DE, 0x75DE, 0x75DE, 0x75DE, 0x9E9F, 0x9E9F,
    0x9E9F, 0x9E9F, 0x9E9F, 0x9E9F, 0x9E9F, 0x9E9F, 0x9E9F, 0x9E9F, 0x5ACE, 0x5ACE, 0xF81F, 0xF81F, 0xF81F, 0xF81F, 0xF81F, 0xF81F,
    0xF81F, 0xF81F, 0xF81F, 0xF81F, 0x5ACE, 0x5ACE, 0x9E9F, 0x9E9F, 0x9E9F, 0x9E9F, 0x9E9F, 0x9E9F, 0x9E9F, 0x9E9F, 0x75DE, 0x75DE,
    0x75DE, 0x75DE, 0x75DE, 0x75DE, 0x75DE, 0x75DE, 0x75DE, 0x75DE, 0x651B, 0x651B, 0x651B, 0x651B, 0x651B, 0x651B, 0x75DE, 0x75DE,
    0x75DE, 0x75DE, 0x651B, 0x651B, 0x651B, 0x651B, 0x651B, 0x651B, 0x75DE, 0x75DE, 0x75DE, 0x75DE, 0x75DE, 0x75DE, 0x75DE, 0x75DE,
    0x75DE, 0x75DE, 0x9E9F, 0x9E9F, 0x9E9F, 0x9E9F, 0x9E9F, 0x9E9F, 0x9E9F, 0x9E9F, 0x5ACE, 0x5ACE, 0xF81F, 0xF81F, 0xF81F, 0xF81F,
    0xF81F, 0xF81F, 0xF81F, 0xF81F, 0xF81F, 0xF81F, 0xF81F, 0xF81F, 0xF81F, 0xF81F, 0xF81F, 0xF81F, 0xF81F, 0xF81F, 0xF81F, 0xF81F,
    0xF81F, 0xF81F, 0xF81F, 0xF81F, 0xF81F, 0xF81F, 0xF81F, 0xF81F, 0xF81F, 0xF81F, 0xF81F, 0xF81F, 0xF81F, 0xF81F, 0xF81F, 0xF81F,
    0xF81F, 0xF81F, 0xF81F, 0xF81F, 0x5ACE, 0x5ACE, 0x9E9F, 0x9E9F, 0x9E9F, 0x9E9F, 0x9E9F, 0x9E9F, 0x9E9F, 0x9E9F, 0x75DE, 0x75DE,
    0x75DE, 0x75DE, 0x75DE, 0x75DE, 0x75DE, 0x75DE, 0x75DE, 0x75DE, 0x651B, 0x651B, 0x651B, 0x651B, 0x651B, 0x651B, 0x75DE, 0x75DE,
    0x75DE, 0x75DE, 0x651B, 0x651B, 0x651B, 0x651B, 0x651B, 0x651B, 0x75DE, 0x75DE, 0x75DE, 0x75DE, 0x75DE, 0x75DE, 0x75DE, 0x75DE,
    0x75DE, 0x75DE, 0x9E9F, 0x9E9F, 0x9E9F, 0x9E9F, 0x9E9F, 0x9E9F, 0x9E9F, 0x9E9F, 0x5ACE, 0x5ACE, 0xF81F, 0xF81F, 0xF81F, 0xF81F,
    0xF81F, 0xF81F, 0xF81F, 0xF81F, 0x5ACE, 0x5ACE, 0x9E9F, 0x9E9F, 0x9E9F, 0x9E9F, 0x9E9F, 0x9E9F, 0x9E9F, 0x9E9F, 0x75DE, 0x75DE,
    0x75DE, 0x75DE, 0x75DE, 0x75DE, 0x75DE, 0x75DE, 0x75DE, 0x75DE, 0x651B, 0x651B, 0x651B, 0x651B, 0x651B, 0x651B, 0x75DE, 0x75DE,
    0x75DE, 0x75DE, 0x651B, 0x651B, 0x651B, 0x651B, 0x651B, 0x651B, 0x75DE, 0x75DE, 0x75DE, 0x75DE, 0x75DE, 0x75DE, 0x75DE, 0x75DE,
    0x75DE, 0x75DE, 0x9E9F, 0x9E9F, 0x9E9F, 0x9E9F, 0x9E9F, 0x9E9F, 0x9E9F, 0x9E9F, 0x5ACE, 0x5ACE, 0xF81F, 0xF81F, 0xF81F, 0xF81F,
    0xF81F, 0xF81F, 0xF81F, 0xF81F, 0xF81F, 0xF81F, 0xF81F, 0xF81F, 0xF81F, 0xF81F, 0xF81F, 0xF81F, 0xF81F, 0xF81F, 0xF81F, 0xF81F,
    0xF81F, 0xF81F, 0xF81F, 0xF81F, 0xF81F, 0xF81F, 0xF81F, 0xF81F, 0xF81F, 0xF81F, 0xF81F, 0xF81F, 0xF81F, 0xF81F, 0xF81F, 0xF81F,
    0xF81F, 0xF81F, 0xF81F, 0xF81F, 0x5ACE, 0x5ACE, 0x9E9F, 0x9E9F, 0x9E9F, 0x9E9F, 0x9E9F, 0x9E9F, 0x9E9F, 0x9E9F, 0x75DE, 0x75DE,
    0x75DE, 0x75DE, 0x75DE, 0x75DE, 0x75DE, 0x75DE, 0x75DE, 0x75DE, 0x651B, 0x651B, 0x651B, 0x651B, 0x651B, 0x651B, 0x75DE, 0x75DE,
    0x75DE, 0x75DE, 0x651B, 0x651B, 0x651B, 0x651B, 0x651B, 0x651B, 0x75DE, 0x75DE, 0x75DE, 0x75DE, 0x75DE, 0x75DE, 0x75DE, 0x75DE,
    0x75DE, 0x75DE, 0x9E9F, 0x9E9F, 0x9E9F, 0x9E9F, 0x9E9F, 0x9E9F, 0x9E9F, 0x9E9F, 0x5ACE, 0x5ACE, 0xF81F, 0xF81F, 0xF81F, 0xF81F,
    0xF81F, 0xF81F, 0x5ACE, 0x5ACE, 0x9E9F, 0x9E9F, 0x9E9F, 0x9E9F, 0x9E9F, 0x9E9F, 0x75DE, 0x75DE, 0x75DE, 0x75DE, 0x75DE, 0x75DE,
    0x75DE, 0x75DE, 0x651B, 0x651B, 0x651B, 0x651B, 0x75DE, 0x75DE, 0x651B, 0x651B, 0x651B, 0x651B, 0x651B, 0x651B, 0x75DE, 0x75DE,
    0x75DE, 0x75DE, 0x651B, 0x651B, 0x651B, 0x651B, 0x651B, 0x651B, 0x75DE, 0x75DE, 0x651B, 0x651B, 0x651B, 0x651B, 0x75DE, 0x75DE,
    0x75DE, 0x75DE, 0x75DE, 0x75DE, 0x75DE, 0x75DE, 0x9E9F, 0x9E9F, 0x9E9F, 0x9E9F, 0x9E9F, 0x9E9F, 0x5ACE, 0x5ACE, 0xF81F, 0xF81F,
    0xF81F, 0xF81F, 0xF81F, 0xF81F, 0xF81F, 0xF81F, 0xF81F, 0xF81F, 0xF81F, 0xF81F, 0xF81F, 0xF81F, 0xF81F, 0xF81F, 0xF81F, 0xF81F,
    0xF81F, 0xF81F, 0xF81F, 0xF81F, 0xF81F, 0xF81F, 0xF81F, 0xF81F, 0xF81F, 0xF81F, 0xF81F, 0xF81F, 0xF81F, 0xF81F, 0xF81F, 0xF81F,
    0xF81F, 0xF81F, 0x5ACE, 0x5ACE, 0x9E9F, 0x9E9F, 0x9E9F, 0x9E9F, 0x9E9F, 0x9E9F, 0x75DE, 0x75DE, 0x75DE, 0x75DE, 0x75DE, 0x75DE,
    0x75DE, 0x75DE, 0x651B, 0x651B, 0x651B, 0x651B, 0x75DE, 0x75DE, 0x651B, 0x651B, 0x651B, 0x651B, 0x651B, 0x651B, 0x75DE, 0x75DE,
    0x75DE, 0x75DE, 0x651B, 0x651B, 0x651B, 0x651B, 0x651B, 0x651B, 0x75DE, 0x75DE, 0x651B, 0x651B, 0x651B, 0x651B, 0x75DE, 0x75DE,
    0x75DE, 0x75DE, 0x75DE, 0x75DE, 0x75DE, 0x75DE, 0x9E9F, 0x9E9F, 0x9E9F, 0x9E9F, 0x9E9F, 0x9E9F, 0x5ACE, 0x5ACE, 0xF81F, 0xF81F,
    0xF81F, 0xF81F, 0x5ACE, 0x5ACE, 0x9E9F, 0x9E9F, 0x9E9F, 0x9E9F, 0x9E9F, 0x9E9F, 0x75DE, 0x75DE, 0x75DE, 0x75DE, 0x75DE, 0x75DE,
    0x75DE, 0x75DE, 0x651B, 0x651B, 0x651B, 0x651B, 0x75DE, 0x75DE, 0x651B, 0x651B, 0x651B, 0x651B, 0x651B, 0x651B, 0x75DE, 0x75DE,
    0x75DE, 0x75DE, 0x651B, 0x651B, 0x651B, 0x651B, 0x651B, 0x651B, 0x75DE, 0x75DE, 0x651B, 0x651B, 0x651B, 0x651B, 0x75DE, 0x75DE,
    0x75DE, 0x75DE, 0x75DE, 0x75DE, 0x75DE, 0x75DE, 0x9E9F, 0x9E9F, 0x9E9F, 0x9E9F, 0x9E9F, 0x9E9F, 0x5ACE, 0x5ACE, 0xF81F, 0xF81F,
    0xF81F, 0xF81F, 0xF81F, 0xF81F, 0xF81F, 0xF81F, 0xF81F, 0xF81F, 0xF81F, 0xF81F, 0xF81F, 0xF81F, 0xF81F, 0xF81F, 0xF81F, 0xF81F,
    0xF81F, 0xF81F, 0xF81F, 0xF81F, 0xF81F, 0xF81F, 0xF81F, 0xF81F, 0xF81F, 0xF81F, 0xF81F, 0xF81F, 0xF81F, 0xF81F, 0xF81F, 0xF81F,
    0xF81F, 0xF81F, 0x5ACE, 0x5ACE, 0x9E9F, 0x9E9F, 0x9E9F, 0x9E9F, 0x9E9F, 0x9E9F, 0x75DE, 0x75DE, 0x75DE, 0x75DE, 0x75DE, 0x75DE,
    0x75DE, 0x75DE, 0x651B, 0x651B, 0x651B, 0x651B, 0x75DE, 0x75DE, 0x651B, 0x651B, 0x651B, 0x651B, 0x651B, 0x651B, 0x75DE, 0x75DE,
    0x75DE, 0x75DE, 0x651B, 0x651B, 0x651B, 0x651B, 0x651B, 0x651B, 0x75DE, 0x75DE, 0x651B, 0x651B, 0x651B, 0x651B, 0x75DE, 0x75DE,
    0x75DE, 0x75DE, 0x75DE, 0x75DE, 0x75DE, 0x75DE, 0x9E9F, 0x9E9F, 0x9E9F, 0x9E9F, 0x9E9F, 0x9E9F, 0x5ACE, 0x5ACE, 0xF81F, 0xF81F,
    0x7BD0, 0x7BD0, 0x9E9F, 0x9E9F, 0x9E9F, 0x9E9F, 0x651B, 0x651B, 0x651B, 0x651B, 0x4C18, 0x4C18, 0x4C18, 0x4C18, 0x75DE, 0x75DE,
    0x75DE, 0x75DE, 0x651B, 0x651B, 0x651B, 0x651B, 0x75DE, 0x75DE, 0x651B, 0x651B, 0x651B, 0x651B, 0x651B, 0x651B, 0x75DE, 0x75DE,
    0x75DE, 0x75DE, 0x651B, 0x651B, 0x651B, 0x651B, 0x651B, 0x651B, 0x75DE, 0x75DE, 0x651B, 0x651B, 0x651B, 0x651B, 0x75DE, 0x75DE,
    0x75DE, 0x75DE, 0x4C18, 0x4C18, 0x4C18, 0x4C18, 0x651B, 0x651B, 0x651B, 0x651B, 0x9E9F, 0x9E9F, 0x9E9F, 0x9E9F, 0x7BD0, 0x7BD0,
    0xF81F, 0xF81F, 0xF81F, 0xF81F, 0xF81F, 0xF81F, 0xF81F, 0xF81F, 0xF81F, 0xF81F, 0xF81F, 0xF81F, 0xF81F, 0xF81F, 0xF81F, 0xF81F,
    0xF81F, 0xF81F, 0xF81F, 0xF81F, 0xF81F, 0xF81F, 0xF81F, 0xF81F, 0xF81F, 0xF81F, 0xF81F, 0xF81F, 0xF81F, 0xF81F, 0xF81F, 0xF81F,
    0x7BD0, 0x7BD0, 0x9E9F, 0x9E9F, 0x9E9F, 0x9E9F, 0x651B, 0x651B, 0x651B, 0x651B, 0x4C18, 0x4C18, 0x4C18, 0x4C18, 0x75DE, 0x75DE,
    0x75DE, 0x75DE, 0x651B, 0x651B, 0x651B, 0x651B, 0x75DE, 0x75DE, 0x651B, 0x651B, 0x651B, 0x651B, 0x651B, 0x651B, 0x75DE, 0x75DE,
    0x75DE, 0x75DE, 0x651B, 0x651B, 0x651B, 0x651B, 0x651B, 0x651B, 0x75DE, 0x75DE, 0x651B, 0x651B, 0x651B, 0x651B, 0x75DE, 0x75DE,
    0x75DE, 0x75DE, 0x4C18, 0x4C18, 0x4C18, 0x4C18, 0x651B, 0x651B, 0x651B, 0x651B, 0x9E9F, 0x9E9F, 0x9E9F, 0x9E9F, 0x7BD0, 0x7BD0,
    0x7BD0, 0x7BD0, 0x9E9F, 0x9E9F, 0x9E9F, 0x9E9F, 0x651B, 0x651B, 0x651B, 0x651B, 0x4C18, 0x4C18, 0x4C18, 0x4C18, 0x75DE, 0x75DE,
    0x75DE, 0x75DE, 0x651B, 0x651B, 0x651B, 0x651B, 0x75DE, 0x75DE, 0x651B, 0x651B, 0x651B, 0x651B, 0x651B, 0x651B, 0x75DE, 0x75DE,
    0x75DE, 0x75DE, 0x651B, 0x651B, 0x651B, 0x651B, 0x651B, 0x651B, 0x75DE, 0x75DE, 0x651B, 0x651B, 0x651B, 0x651B, 0x75DE, 0x75DE,
    0x75DE, 0x75DE, 0x4C18, 0x4C18, 0x4C18, 0x4C18, 0x651B, 0x651B, 0x651B, 0x651B, 0x9E9F, 0x9E9F, 0x9E9F, 0x9E9F, 0x7BD0, 0x7BD0,
    0xF81F, 0xF81F, 0xF81F, 0xF81F, 0xF81F, 0xF81F, 0xF81F, 0xF81F, 0xF81F, 0xF81F, 0xF81F, 0xF81F, 0xF81F, 0xF81F, 0xF81F, 0xF81F,
    0xF81F, 0xF81F, 0xF81F, 0xF81F, 0xF81F, 0xF81F, 0xF81F, 0xF81F, 0xF81F, 0xF81F, 0xF81F, 0xF81F, 0xF81F, 0xF81F, 0xF81F, 0xF81F,
    0x7BD0, 0x7BD0, 0x9E9F, 0x9E9F, 0x9E9F, 0x9E9F, 0x651B, 0x651B, 0x651B, 0x651B, 0x4C18, 0x4C18, 0x4C18, 0x4C18, 0x75DE, 0x75DE,
    0x75DE, 0x75DE, 0x651B, 0x651B, 0x651B, 0x651B, 0x75DE, 0x75DE, 0x651B, 0x651B, 0x651B, 0x651B, 0x651B, 0x651B, 0x75DE, 0x75DE,
    0x75DE, 0x75DE, 0x651B, 0x651B, 0x651B, 0x651B, 0x651B, 0x651B, 0x75DE, 0x75DE, 0x651B, 0x651B, 0x651B, 0x651B, 0x75DE, 0x75DE,
    0x75DE, 0x75DE, 0x4C18, 0x4C18, 0x4C18, 0x4C18, 0x651B, 0x651B, 0x651B, 0x651B, 0x9E9F, 0x9E9F, 0x9E9F, 0x9E9F, 0x7BD0, 0x7BD0,
    0x424D, 0x424D, 0x4C18, 0x4C18, 0x4C18, 0x4C18, 0x4C18, 0x4C18, 0x4C18, 0x4C18, 0x4C18, 0x4C18, 0x4C18, 0x4C18, 0x75DE, 0x75DE,
    0x75DE, 0x75DE, 0x75DE, 0x75DE, 0x75DE, 0x75DE, 0x75DE, 0x75DE, 0x75DE, 0x75DE, 0x75DE, 0x75DE, 0x75DE, 0x75DE, 0x75DE, 0x75DE,
    0x75DE, 0x75DE, 0x75DE, 0x75DE, 0x75DE, 0x75DE, 0x75DE, 0x75DE, 0x75DE, 0x75DE, 0x75DE, 0x75DE, 0x75DE, 0x75DE, 0x75DE, 0x75DE,
    0x75DE, 0x75DE, 0x4C18, 0x4C18, 0x4C18, 0x4C18, 0x4C18, 0x4C18, 0x4C18, 0x4C18, 0x4C18, 0x4C18, 0x4C18, 0x4C18, 0x424D, 0x424D,
    0x5ACE, 0x5ACE, 0xF81F, 0xF81F, 0xF81F, 0xF81F, 0xF81F, 0xF81F, 0xF81F, 0xF81F, 0xF81F, 0xF81F, 0xF81F, 0xF81F, 0xF81F, 0xF81F,
    0xF81F, 0xF81F, 0xF81F, 0xF81F, 0xF81F, 0xF81F, 0xF81F, 0xF81F, 0xF81F, 0xF81F, 0xF81F, 0xF81F, 0xF81F, 0xF81F, 0x5ACE, 0x5ACE,
    0x424D, 0x424D, 0x4C18, 0x4C18, 0x4C18, 0x4C18, 0x4C18, 0x4C18, 0x4C18, 0x4C18, 0x4C18, 0x4C18, 0x4C18, 0x4C18, 0x75DE, 0x75DE,
    0x75DE, 0x75DE, 0x75DE, 0x75DE, 0x75DE, 0x75DE, 0x75DE, 0x75DE, 0x75DE, 0x75DE, 0x75DE, 0x75DE, 0x75DE, 0x75DE, 0x75DE, 0x75DE,
    0x75DE, 0x75DE, 0x75DE, 0x75DE, 0x75DE, 0x75DE, 0x75DE, 0x75DE, 0x75DE, 0x75DE, 0x75DE, 0x75DE, 0x75DE, 0x75DE, 0x75DE, 0x75DE,
    0x75DE, 0x75DE, 0x4C18, 0x4C18, 0x4C18, 0x4C18, 0x4C18, 0x4C18, 0x4C18, 0x4C18, 0x4C18, 0x4C18, 0x4C18, 0x4C18, 0x424D, 0x424D,
    0x424D, 0x424D, 0x4C18, 0x4C18, 0x4C18, 0x4C18, 0x4C18, 0x4C18, 0x4C18, 0x4C18, 0x4C18, 0x4C18, 0x4C18, 0x4C18, 0x75DE, 0x75DE,
    0x75DE, 0x75DE, 0x75DE, 0x75DE, 0x75DE, 0x75DE, 0x75DE, 0x75DE, 0x75DE, 0x75DE, 0x75DE, 0x75DE, 0x75DE, 0x75DE, 0x75DE, 0x75DE,
    0x75DE, 0x75DE, 0x75DE, 0x75DE, 0x75DE, 0x75DE, 0x75DE, 0x75DE, 0x75DE, 0x75DE, 0x75DE, 0x75DE, 0x75DE, 0x75DE, 0x75DE, 0x75DE,
    0x75DE, 0x75DE, 0x4C18, 0x4C18, 0x4C18, 0x4C18, 0x4C18, 0x4C18, 0x4C18, 0x4C18, 0x4C18, 0x4C18, 0x4C18, 0x4C18, 0x424D, 0x424D,
    0x5ACE, 0x5ACE, 0xF81F, 0xF81F, 0xF81F, 0xF81F, 0xF81F, 0xF81F, 0xF81F, 0xF81F, 0xF81F, 0xF81F, 0xF81F, 0xF81F, 0xF81F, 0xF81F,
    0xF81F, 0xF81F, 0xF81F, 0xF81F, 0xF81F, 0xF81F, 0xF81F, 0xF81F, 0xF81F, 0xF81F, 0xF81F, 0xF81F, 0xF81F, 0xF81F, 0x5ACE, 0x5ACE,
    0x424D, 0x424D, 0x4C18, 0x4C18, 0x4C18, 0x4C18, 0x4C18, 0x4C18, 0x4C18, 0x4C18, 0x4C18, 0x4C18, 0x4C18, 0x4C18, 0x75DE, 0x75DE,
    0x75DE, 0x75DE, 0x75DE, 0x75DE, 0x75DE, 0x75DE, 0x75DE, 0x75DE, 0x75DE, 0x75DE, 0x75DE, 0x75DE, 0x75DE, 0x75DE, 0x75DE, 0x75DE,
    0x75DE, 0x75DE, 0x75DE, 0x75DE, 0x75DE, 0x75DE, 0x75DE, 0x75DE, 0x75DE, 0x75DE, 0x75DE, 0x75DE, 0x75DE, 0x75DE, 0x75DE, 0x75DE,
    0x75DE, 0x75DE, 0x4C18, 0x4C18, 0x4C18, 0x4C18, 0x4C18, 0x4C18, 0x4C18, 0x4C18, 0x4C18, 0x4C18, 0x4C18, 0x4C18, 0x424D, 0x424D,
    0x424D, 0x424D, 0x4C18, 0x4C18, 0x4C18, 0x4C18, 0x4C18, 0x4C18, 0x4C18, 0x4C18, 0x4C18, 0x4C18, 0x4C18, 0x4C18, 0x75DE, 0x75DE,
    0x651B, 0x651B, 0x651B, 0x651B, 0x651B, 0x651B, 0x75DE, 0x75DE, 0x651B, 0x651B, 0x651B, 0x651B, 0x651B, 0x651B, 0x75DE, 0x75DE,
    0x75DE, 0x75DE, 0x651B, 0x651B, 0x651B, 0x651B, 0x651B, 0x651B, 0x75DE, 0x75DE, 0x651B, 0x651B, 0x651B, 0x651B, 0x651B, 0x651B,
    0x75DE, 0x75DE, 0x4C18, 0x4C18, 0x4C18, 0x4C18, 0x4C18, 0x4C18, 0x4C18, 0x4C18, 0x4C18, 0x4C18, 0x4C18, 0x4C18, 0x424D, 0x424D,
    0x7C52, 0x7C52, 0x6B6E, 0x6B6E, 0x6B6E, 0x6B6E, 0x7BD0, 0x7BD0, 0x7BD0, 0x7BD0, 0xF81F, 0xF81F, 0xF81F, 0xF81F, 0xF81F, 0xF81F,
    0xF81F, 0xF81F, 0xF81F, 0xF81F, 0xF81F, 0xF81F, 0x7BD0, 0x7BD0, 0x7BD0, 0x7BD0, 0x6B6E, 0x6B6E, 0x6B6E, 0x6B6E, 0x7C52, 0x7C52,
    0x424D, 0x424D, 0x4C18, 0x4C18, 0x4C18, 0x4C18, 0x4C18, 0x4C18, 0x4C18, 0x4C18, 0x4C18, 0x4C18, 0x4C18, 0x4C18, 0x75DE, 0x75DE,
    0x651B, 0x651B, 0x651B, 0x651B, 0x651B, 0x651B, 0x75DE, 0x75DE, 0x651B, 0x651B, 0x651B, 0x651B, 0x651B, 0x651B, 0x75DE, 0x75DE,
    0x75DE, 0x75DE, 0x651B, 0x651B, 0x651B, 0x651B, 0x651B, 0x651B, 0x75DE, 0x75DE, 0x651B, 0x651B, 0x651B, 0x651B, 0x651B, 0x651B,
    0x75DE, 0x75DE, 0x4C18, 0x4C18, 0x4C18, 0x4C18, 0x4C18, 0x4C18, 0x4C18, 0x4C18, 0x4C18, 0x4C18, 0x4C18, 0x4C18, 0x424D, 0x424D,
    0x424D, 0x424D, 0x4C18, 0x4C18, 0x4C18, 0x4C18, 0x4C18, 0x4C18, 0x4C18, 0x4C18, 0x4C18, 0x4C18, 0x4C18, 0x4C18, 0x75DE, 0x75DE,
    0x651B, 0x651B, 0x651B, 0x651B, 0x651B, 0x651B, 0x75DE, 0x75DE, 0x651B, 0x651B, 0x651B, 0x651B, 0x651B, 0x651B, 0x75DE, 0x75DE,
    0x75DE, 0x75DE, 0x651B, 0x651B, 0x651B, 0x651B, 0x651B, 0x651B, 0x75DE, 0x75DE, 0x651B, 0x651B, 0x651B, 0x651B, 0x651B, 0x651B,
    0x75DE, 0x75DE, 0x4C18, 0x4C18, 0x4C18, 0x4C18, 0x4C18, 0x4C18, 0x4C18, 0x4C18, 0x4C18, 0x4C18, 0x4C18, 0x4C18, 0x424D, 0x424D,
    0x7C52, 0x7C52, 0x6B6E, 0x6B6E, 0x6B6E, 0x6B6E, 0x7BD0, 0x7BD0, 0x7BD0, 0x7BD0, 0xF81F, 0xF81F, 0xF81F, 0xF81F, 0xF81F, 0xF81F,
    0xF81F, 0xF81F, 0xF81F, 0xF81F, 0xF81F, 0xF81F, 0x7BD0, 0x7BD0, 0x7BD0, 0x7BD0, 0x6B6E, 0x6B6E, 0x6B6E, 0x6B6E, 0x7C52, 0x7C52,
    0x424D, 0x424D, 0x4C18, 0x4C18, 0x4C18, 0x4C18, 0x4C18, 0x4C18, 0x4C18, 0x4C18, 0x4C18, 0x4C18, 0x4C18, 0x4C18, 0x75DE, 0x75DE,
    0x651B, 0x651B, 0x651B, 0x651B, 0x651B, 0x651B, 0x75DE, 0x75DE, 0x651B, 0x651B, 0x651B, 0x651B, 0x651B, 0x651B, 0x75DE, 0x75DE,
    0x75DE, 0x75DE, 0x651B, 0x651B, 0x651B, 0x651B, 0x651B, 0x651B, 0x75DE, 0x75DE, 0x651B, 0x651B, 0x651B, 0x651B, 0x651B, 0x651B,
    0x75DE, 0x75DE, 0x4C18, 0x4C18, 0x4C18, 0x4C18, 0x4C18, 0x4C18, 0x4C18, 0x4C18, 0x4C18, 0x4C18, 0x4C18, 0x4C18, 0x424D, 0x424D,
    0x424D, 0x424D, 0x4C18, 0x4C18, 0x4C18, 0x4C18, 0x4C18, 0x4C18, 0x4C18, 0x4C18, 0x4C18, 0x4C18, 0x4C18, 0x4C18, 0x75DE, 0x75DE,
    0x651B, 0x651B, 0x651B, 0x651B, 0x651B, 0x651B, 0x75DE, 0x75DE, 0x651B, 0x651B, 0x651B, 0x651B, 0x651B, 0x651B, 0x75DE, 0x75DE,
    0x75DE, 0x75DE, 0x651B, 0x651B, 0x651B, 0x651B, 0x651B, 0x651B, 0x75DE, 0x75DE, 0x651B, 0x651B, 0x651B, 0x651B, 0x651B, 0x651B,
    0x75DE, 0x75DE, 0x4C18, 0x4C18, 0x4C18, 0x4C18, 0x4C18, 0x4C18, 0x4C18, 0x4C18, 0x4C18, 0x4C18, 0x4C18, 0x4C18, 0x424D, 0x424D,
    0x9516, 0x9516, 0xADD9, 0xADD9, 0xADD9, 0xADD9, 0x9516, 0x9516, 0x9516, 0x9516, 0x84B4, 0x84B4, 0x84B4, 0x84B4, 0x84B4, 0x84B4,
    0x84B4, 0x84B4, 0x84B4, 0x84B4, 0x84B4, 0x84B4, 0x9516, 0x9516, 0x9516, 0x9516, 0xADD9, 0xADD9, 0xADD9, 0xADD9, 0x9516, 0x9516,
    0x424D, 0x424D, 0x4C18, 0x4C18, 0x4C18, 0x4C18, 0x4C18, 0x4C18, 0x4C18, 0x4C18, 0x4C18, 0x4C18, 0x4C18, 0x4C18, 0x75DE, 0x75DE,
    0x651B, 0x651B, 0x651B, 0x651B, 0x651B, 0x651B, 0x75DE, 0x75DE, 0x651B, 0x651B, 0x651B, 0x651B, 0x651B, 0x651B, 0x75DE, 0x75DE,
    0x75DE, 0x75DE, 0x651B, 0x651B, 0x651B, 0x651B, 0x651B, 0x651B, 0x75DE, 0x75DE, 0x651B, 0x651B, 0x651B, 0x651B, 0x651B, 0x651B,
    0x75DE, 0x75DE, 0x4C18, 0x4C18, 0x4C18, 0x4C18, 0x4C18, 0x4C18, 0x4C18, 0x4C18, 0x4C18, 0x4C18, 0x4C18, 0x4C18, 0x424D, 0x424D,
    0x424D, 0x424D, 0x4C18, 0x4C18, 0x4C18, 0x4C18, 0x4C18, 0x4C18, 0x4C18, 0x4C18, 0x4C18, 0x4C18, 0x4C18, 0x4C18, 0x75DE, 0x75DE,
    0x651B, 0x651B, 0x651B, 0x651B, 0x651B, 0x651B, 0x75DE, 0x75DE, 0x651B, 0x651B, 0x651B, 0x651B, 0x651B, 0x651B, 0x75DE, 0x75DE,
    0x75DE, 0x75DE, 0x651B, 0x651B, 0x651B, 0x651B, 0x651B, 0x651B, 0x75DE, 0x75DE, 0x651B, 0x651B, 0x651B, 0x651B, 0x651B, 0x651B,
    0x75DE, 0x75DE, 0x4C18, 0x4C18, 0x4C18, 0x4C18, 0x4C18, 0x4C18, 0x4C18, 0x4C18, 0x4C18, 0x4C18, 0x4C18, 0x4C18, 0x424D, 0x424D,
    0x9516, 0x9516, 0xADD9, 0xADD9, 0xADD9, 0xADD9, 0x9516, 0x9516, 0x9516, 0x9516, 0x84B4, 0x84B4, 0x84B4, 0x84B4, 0x84B4, 0x84B4,
    0x84B4, 0x84B4, 0x84B4, 0x84B4, 0x84B4, 0x84B4, 0x9516, 0x9516, 0x9516, 0x9516, 0xADD9, 0xADD9, 0xADD9, 0xADD9, 0x9516, 0x9516,
    0x424D, 0x424D, 0x4C18, 0x4C18, 0x4C18, 0x4C18, 0x4C18, 0x4C18, 0x4C18, 0x4C18, 0x4C18, 0x4C18, 0x4C18, 0x4C18, 0x75DE, 0x75DE,
    0x651B, 0x651B, 0x651B, 0x651B, 0x651B, 0x651B, 0x75DE, 0x75DE, 0x651B, 0x651B, 0x651B, 0x651B, 0x651B, 0x651B, 0x75DE, 0x75DE,
    0x75DE, 0x75DE, 0x651B, 0x651B, 0x651B, 0x651B, 0x651B, 0x651B, 0x75DE, 0x75DE, 0x651B, 0x651B, 0x651B, 0x651B, 0x651B, 0x651B,
    0x75DE, 0x75DE, 0x4C18, 0x4C18, 0x4C18, 0x4C18, 0x4C18, 0x4C18, 0x4C18, 0x4C18, 0x4C18, 0x4C18, 0x4C18, 0x4C18, 0x424D, 0x424D,
    0x424D, 0x424D, 0x4C18, 0x4C18, 0x4C18, 0x4C18, 0x4C18, 0x4C18, 0x4C18, 0x4C18, 0x4C18, 0x4C18, 0x4C18, 0x4C18, 0x75DE, 0x75DE,
    0x651B, 0x651B, 0x651B, 0x651B, 0x651B, 0x651B, 0x75DE, 0x75DE, 0x651B, 0x651B, 0x651B, 0x651B, 0x651B, 0x651B, 0x75DE, 0x75DE,
    0x75DE, 0x75DE, 0x651B, 0x651B, 0x651B, 0x651B, 0x651B, 0x651B, 0x75DE, 0x75DE, 0x651B, 0x651B, 0x651B, 0x651B, 0x651B, 0x651B,
    0x75DE, 0x75DE, 0x4C18, 0x4C18, 0x4C18, 0x4C18, 0x4C18, 0x4C18, 0x4C18, 0x4C18, 0x4C18, 0x4C18, 0x4C18, 0x4C18, 0x424D, 0x424D,
    0xADD9, 0xADD9, 0xCEDD, 0xCEDD, 0xCEDD, 0xCEDD, 0xADD9, 0xADD9, 0xADD9, 0xADD9, 0xCEDD, 0xCEDD, 0xCEDD, 0xCEDD, 0xADD9, 0xADD9,
    0xADD9, 0xADD9, 0xCEDD, 0xCEDD, 0xCEDD, 0xCEDD, 0xADD9, 0xADD9, 0xADD9, 0xADD9, 0xCEDD, 0xCEDD, 0xCEDD, 0xCEDD, 0xADD9, 0xADD9,
    0x424D, 0x424D, 0x4C18, 0x4C18, 0x4C18, 0x4C18, 0x4C18, 0x4C18, 0x4C18, 0x4C18, 0x4C18, 0x4C18, 0x4C18, 0x4C18, 0x75DE, 0x75DE,
    0x651B, 0x651B, 0x651B, 0x651B, 0x651B, 0x651B, 0x75DE, 0x75DE, 0x651B, 0x651B, 0x651B, 0x651B, 0x651B, 0x651B, 0x75DE, 0x75DE,
    0x75DE, 0x75DE, 0x651B, 0x651B, 0x651B, 0x651B, 0x651B, 0x651B, 0x75DE, 0x75DE, 0x651B, 0x651B, 0x651B, 0x651B, 0x651B, 0x651B,
    0x75DE, 0x75DE, 0x4C18, 0x4C18, 0x4C18, 0x4C18, 0x4C18, 0x4C18, 0x4C18, 0x4C18, 0x4C18, 0x4C18, 0x4C18, 0x4C18, 0x424D, 0x424D,
    0x424D, 0x424D, 0x4C18, 0x4C18, 0x4C18, 0x4C18, 0x4C18, 0x4C18, 0x4C18, 0x4C18, 0x4C18, 0x4C18, 0x4C18, 0x4C18, 0x75DE, 0x75DE,
    0x651B, 0x651B, 0x651B, 0x651B, 0x651B, 0x651B, 0x75DE, 0x75DE, 0x651B, 0x651B, 0x651B, 0x651B, 0x651B, 0x651B, 0x75DE, 0x75DE,
    0x75DE, 0x75DE, 0x651B, 0x651B, 0x651B, 0x651B, 0x651B, 0x651B, 0x75DE, 0x75DE, 0x651B, 0x651B, 0x651B, 0x651B, 0x651B, 0x651B,
    0x75DE, 0x75DE, 0x4C18, 0x4C18, 0x4C18, 0x4C18, 0x4C18, 0x4C18, 0x4C18, 0x4C18, 0x4C18, 0x4C18, 0x4C18, 0x4C18, 0x424D, 0x424D,
    0xADD9, 0xADD9, 0xCEDD, 0xCEDD, 0xCEDD, 0xCEDD, 0xADD9, 0xADD9, 0xADD9, 0xADD9, 0xCEDD, 0xCEDD, 0xCEDD, 0xCEDD, 0xADD9, 0xADD9,
    0xADD9, 0xADD9, 0xCEDD, 0xCEDD, 0xCEDD, 0xCEDD, 0xADD9, 0xADD9, 0xADD9, 0xADD9, 0xCEDD, 0xCEDD, 0xCEDD, 0xCEDD, 0xADD9, 0xADD9,
    0x424D, 0x424D, 0x4C18, 0x4C18, 0x4C18, 0x4C18, 0x4C18, 0x4C18, 0x4C18, 0x4C18, 0x4C18, 0x4C18, 0x4C18, 0x4C18, 0x75DE, 0x75DE,
    0x651B, 0x651B, 0x651B, 0x651B, 0x651B, 0x651B, 0x75DE, 0x75DE, 0x651B, 0x651B, 0x651B, 0x651B, 0x651B, 0x651B, 0x75DE, 0x75DE,
    0x75DE, 0x75DE, 0x651B, 0x651B, 0x651B, 0x651B, 0x651B, 0x651B, 0x75DE, 0x75DE, 0x651B, 0x651B, 0x651B, 0x651B, 0x651B, 0x651B,
    0x75DE, 0x75DE, 0x4C18, 0x4C18, 0x4C18, 0x4C18, 0x4C18, 0x4C18, 0x4C18, 0x4C18, 0x4C18, 0x4C18, 0x4C18, 0x4C18, 0x424D, 0x424D,
    0x424D, 0x424D, 0x4C18, 0x4C18, 0x4C18, 0x4C18, 0x4C18, 0x4C18, 0x4C18, 0x4C18, 0x4C18, 0x4C18, 0x4C18, 0x4C18, 0x75DE, 0x75DE,
    0x651B, 0x651B, 0x651B, 0x651B, 0x651B, 0x651B, 0x75DE, 0x75DE, 0x651B, 0x651B, 0x651B, 0x651B, 0x651B, 0x651B, 0x75DE, 0x75DE,
    0x75DE, 0x75DE, 0x651B, 0x651B, 0x651B, 0x651B, 0x651B, 0x651B, 0x75DE, 0x75DE, 0x651B, 0x651B, 0x651B, 0x651B, 0x651B, 0x651B,
    0x75DE, 0x75DE, 0x4C18, 0x4C18, 0x4C18, 0x4C18, 0x4C18, 0x4C18, 0x4C18, 0x4C18, 0x4C18, 0x4C18, 0x4C18, 0x4C18, 0x424D, 0x424D,
    0xCEDD, 0xCEDD, 0xF79F, 0xF79F, 0xF79F, 0xF79F, 0xCEDD, 0xCEDD, 0xCEDD, 0xCEDD, 0xF79F, 0xF79F, 0xF79F, 0xF79F, 0xCEDD, 0xCEDD,
    0xCEDD, 0xCEDD, 0xF79F, 0xF79F, 0xF79F, 0xF79F, 0xCEDD, 0xCEDD, 0xCEDD, 0xCEDD, 0xF79F, 0xF79F, 0xF79F, 0xF79F, 0xCEDD, 0xCEDD,
    0x424D, 0x424D, 0x4C18, 0x4C18, 0x4C18, 0x4C18, 0x4C18, 0x4C18, 0x4C18, 0x4C18, 0x4C18, 0x4C18, 0x4C18, 0x4C18, 0x75DE, 0x75DE,
    0x651B, 0x651B, 0x651B, 0x651B, 0x651B, 0x651B, 0x75DE, 0x75DE, 0x651B, 0x651B, 0x651B, 0x651B, 0x651B, 0x651B, 0x75DE, 0x75DE,
    0x75DE, 0x75DE, 0x651B, 0x651B, 0x651B, 0x651B, 0x651B, 0x651B, 0x75DE, 0x75DE, 0x651B, 0x651B, 0x651B, 0x651B, 0x651B, 0x651B,
    0x75DE, 0x75DE, 0x4C18, 0x4C18, 0x4C18, 0x4C18, 0x4C18, 0x4C18, 0x4C18, 0x4C18, 0x4C18, 0x4C18, 0x4C18, 0x4C18, 0x424D, 0x424D,
    0x424D, 0x424D, 0x4C18, 0x4C18, 0x4C18, 0x4C18, 0x4C18, 0x4C18, 0x4C18, 0x4C18, 0x4C18, 0x4C18, 0x4C18, 0x4C18, 0x75DE, 0x75DE,
    0x651B, 0x651B, 0x651B, 0x651B, 0x651B, 0x651B, 0x75DE, 0x75DE, 0x651B, 0x651B, 0x651B, 0x651B, 0x651B, 0x651B, 0x75DE, 0x75DE,
    0x75DE, 0x75DE, 0x651B, 0x651B, 0x651B, 0x651B, 0x651B, 0x651B, 0x75DE, 0x75DE, 0x651B, 0x651B, 0x651B, 0x651B, 0x651B, 0x651B,
    0x75DE, 0x75DE, 0x4C18, 0x4C18, 0x4C18, 0x4C18, 0x4C18, 0x4C18, 0x4C18, 0x4C18, 0x4C18, 0x4C18, 0x4C18, 0x4C18, 0x424D, 0x424D,
    0xCEDD, 0xCEDD, 0xF79F, 0xF79F, 0xF79F, 0xF79F, 0xCEDD, 0xCEDD, 0xCEDD, 0xCEDD, 0xF79F, 0xF79F, 0xF79F, 0xF79F, 0xCEDD, 0xCEDD,
    0xCEDD, 0xCEDD, 0xF79F, 0xF79F, 0xF79F, 0xF79F, 0xCEDD, 0xCEDD, 0xCEDD, 0xCEDD, 0xF79F, 0xF79F, 0xF79F, 0xF79F, 0xCEDD, 0xCEDD,
    0x424D, 0x424D, 0x4C18, 0x4C18, 0x4C18, 0x4C18, 0x4C18, 0x4C18, 0x4C18, 0x4C18, 0x4C18, 0x4C18, 0x4C18, 0x4C18, 0x75DE, 0x75DE,
    0x651B, 0x651B, 0x651B, 0x651B, 0x651B, 0x651B, 0x75DE, 0x75DE, 0x651B, 0x651B, 0x651B, 0x651B, 0x651B, 0x651B, 0x75DE, 0x75DE,
    0x75DE, 0x75DE, 0x651B, 0x651B, 0x651B, 0x651B, 0x651B, 0x651B, 0x75DE, 0x75DE, 0x651B, 0x651B, 0x651B, 0x651B, 0x651B, 0x651B,
    0x75DE, 0x75DE, 0x4C18, 0x4C18, 0x4C18, 0x4C18, 0x4C18, 0x4C18, 0x4C18, 0x4C18, 0x4C18, 0x4C18, 0x4C18, 0x4C18, 0x424D, 0x424D,
    0x424D, 0x424D, 0x4C18, 0x4C18, 0x4C18, 0x4C18, 0x4C18, 0x4C18, 0x4C18, 0x4C18, 0x4C18, 0x4C18, 0x4C18, 0x4C18, 0x75DE, 0x75DE,
    0x75DE, 0x75DE, 0x75DE, 0x75DE, 0x75DE, 0x75DE, 0x75DE, 0x75DE, 0x75DE, 0x75DE, 0x75DE, 0x75DE, 0x75DE, 0x75DE, 0x75DE, 0x75DE,
    0x75DE, 0x75DE, 0x75DE, 0x75DE, 0x75DE, 0x75DE, 0x75DE, 0x75DE, 0x75DE, 0x75DE, 0x75DE, 0x75DE, 0x75DE, 0x75DE, 0x75DE, 0x75DE,
    0x75DE, 0x75DE, 0x4C18, 0x4C18, 0x4C18, 0x4C18, 0x4C18, 0x4C18, 0x4C18, 0x4C18, 0x4C18, 0x4C18, 0x4C18, 0x4C18, 0x424D, 0x424D,
    0xCEDD, 0xCEDD, 0xF79F, 0xF79F, 0xF79F, 0xF79F, 0xCEDD, 0xCEDD, 0xCEDD, 0xCEDD, 0xF79F, 0xF79F, 0xF79F, 0xF79F, 0xCEDD, 0xCEDD,
    0xCEDD, 0xCEDD, 0xF79F, 0xF79F, 0xF79F, 0xF79F, 0xCEDD, 0xCEDD, 0xCEDD, 0xCEDD, 0xF79F, 0xF79F, 0xF79F, 0xF79F, 0xCEDD, 0xCEDD,
    0x424D, 0x424D, 0x4C18, 0x4C18, 0x4C18, 0x4C18, 0x4C18, 0x4C18, 0x4C18, 0x4C18, 0x4C18, 0x4C18, 0x4C18, 0x4C18, 0x75DE, 0x75DE,
    0x75DE, 0x75DE, 0x75DE, 0x75DE, 0x75DE, 0x75DE, 0x75DE, 0x75DE, 0x75DE, 0x75DE, 0x75DE, 0x75DE, 0x75DE, 0x75DE, 0x75DE, 0x75DE,
    0x75DE, 0x75DE, 0x75DE, 0x75DE, 0x75DE, 0x75DE, 0x75DE, 0x75DE, 0x75DE, 0x75DE, 0x75DE, 0x75DE, 0x75DE, 0x75DE, 0x75DE, 0x75DE,
    0x75DE, 0x75DE, 0x4C18, 0x4C18, 0x4C18, 0x4C18, 0x4C18, 0x4C18, 0x4C18, 0x4C18, 0x4C18, 0x4C18, 0x4C18, 0x4C18, 0x424D, 0x424D,
    0x424D, 0x424D, 0x4C18, 0x4C18, 0x4C18, 0x4C18, 0x4C18, 0x4C18, 0x4C18, 0x4C18, 0x4C18, 0x4C18, 0x4C18, 0x4C18, 0x75DE, 0x75DE,
    0x75DE, 0x75DE, 0x75DE, 0x75DE, 0x75DE, 0x75DE, 0x75DE, 0x75DE, 0x75DE, 0x75DE, 0x75DE, 0x75DE, 0x75DE, 0x75DE, 0x75DE, 0x75DE,
    0x75DE, 0x75DE, 0x75DE, 0x75DE, 0x75DE, 0x75DE, 0x75DE, 0x75DE, 0x75DE, 0x75DE, 0x75DE, 0x75DE, 0x75DE, 0x75DE, 0x75DE, 0x75DE,
    0x75DE, 0x75DE, 0x4C18, 0x4C18, 0x4C18, 0x4C18, 0x4C18, 0x4C18, 0x4C18, 0x4C18, 0x4C18, 0x4C18, 0x4C18, 0x4C18, 0x424D, 0x424D,
    0xCEDD, 0xCEDD, 0xF79F, 0xF79F, 0xF79F, 0xF79F, 0xCEDD, 0xCEDD, 0xCEDD, 0xCEDD, 0xF79F, 0xF79F, 0xF79F, 0xF79F, 0xCEDD, 0xCEDD,
    0xCEDD, 0xCEDD, 0xF79F, 0xF79F, 0xF79F, 0xF79F, 0xCEDD, 0xCEDD, 0xCEDD, 0xCEDD, 0xF79F, 0xF79F, 0xF79F, 0xF79F, 0xCEDD, 0xCEDD,
    0x424D, 0x424D, 0x4C18, 0x4C18, 0x4C18, 0x4C18, 0x4C18, 0x4C18, 0x4C18, 0x4C18, 0x4C18, 0x4C18, 0x4C18, 0x4C18, 0x75DE, 0x75DE,
    0x75DE, 0x75DE, 0x75DE, 0x75DE, 0x75DE, 0x75DE, 0x75DE, 0x75DE, 0x75DE, 0x75DE, 0x75DE, 0x75DE, 0x75DE, 0x75DE, 0x75DE, 0x75DE,
    0x75DE, 0x75DE, 0x75DE, 0x75DE, 0x75DE, 0x75DE, 0x75DE, 0x75DE, 0x75DE, 0x75DE, 0x75DE, 0x75DE, 0x75DE, 0x75DE, 0x75DE, 0x75DE,
    0x75DE, 0x75DE, 0x4C18, 0x4C18, 0x4C18, 0x4C18, 0x4C18, 0x4C18, 0x4C18, 0x4C18, 0x4C18, 0x4C18, 0x4C18, 0x4C18, 0x424D, 0x424D,
    0x424D, 0x424D, 0x4C18, 0x4C18, 0x4C18, 0x4C18, 0x4C18, 0x4C18, 0x651B, 0x651B, 0x75DE, 0x75DE, 0x651B, 0x651B, 0x75DE, 0x75DE,
    0x75DE, 0x75DE, 0x651B, 0x651B, 0x651B, 0x651B, 0x75DE, 0x75DE, 0x651B, 0x651B, 0x651B, 0x651B, 0x651B, 0x651B, 0x75DE, 0x75DE,
    0x75DE, 0x75DE, 0x651B, 0x651B, 0x651B, 0x651B, 0x651B, 0x651B, 0x75DE, 0x75DE, 0x651B, 0x651B, 0x651B, 0x651B, 0x75DE, 0x75DE,
    0x75DE, 0x75DE, 0x651B, 0x651B, 0x75DE, 0x75DE, 0x651B, 0x651B, 0x4C18, 0x4C18, 0x4C18, 0x4C18, 0x4C18, 0x4C18, 0x424D, 0x424D,
    0xCEDD, 0xCEDD, 0xF79F, 0xF79F, 0xF79F, 0xF79F, 0xCEDD, 0xCEDD, 0xCEDD, 0xCEDD, 0xF79F, 0xF79F, 0xF79F, 0xF79F, 0xCEDD, 0xCEDD,
    0xCEDD, 0xCEDD, 0xF79F, 0xF79F, 0xF79F, 0xF79F, 0xCEDD, 0xCEDD, 0xCEDD, 0xCEDD, 0xF79F, 0xF79F, 0xF79F, 0xF79F, 0xCEDD, 0xCEDD,
    0x424D, 0x424D, 0x4C18, 0x4C18, 0x4C18, 0x4C18, 0x4C18, 0x4C18, 0x651B, 0x651B, 0x75DE, 0x75DE, 0x651B, 0x651B, 0x75DE, 0x75DE,
    0x75DE, 0x75DE, 0x651B, 0x651B, 0x651B, 0x651B, 0x75DE, 0x75DE, 0x651B, 0x651B, 0x651B, 0x651B, 0x651B, 0x651B, 0x75DE, 0x75DE,
    0x75DE, 0x75DE, 0x651B, 0x651B, 0x651B, 0x651B, 0x651B, 0x651B, 0x75DE, 0x75DE, 0x651B, 0x651B, 0x651B, 0x651B, 0x75DE, 0x75DE,
    0x75DE, 0x75DE, 0x651B, 0x651B, 0x75DE, 0x75DE, 0x651B, 0x651B, 0x4C18, 0x4C18, 0x4C18, 0x4C18, 0x4C18, 0x4C18, 0x424D, 0x424D,
    0x424D, 0x424D, 0x4C18, 0x4C18, 0x4C18, 0x4C18, 0x4C18, 0x4C18, 0x651B, 0x651B, 0x75DE, 0x75DE, 0x651B, 0x651B, 0x75DE, 0x75DE,
    0x75DE, 0x75DE, 0x651B, 0x651B, 0x651B, 0x651B, 0x75DE, 0x75DE, 0x651B, 0x651B, 0x651B, 0x651B, 0x651B, 0x651B, 0x75DE, 0x75DE,
    0x75DE, 0x75DE, 0x651B, 0x651B, 0x651B, 0x651B, 0x651B, 0x651B, 0x75DE, 0x75DE, 0x651B, 0x651B, 0x651B, 0x651B, 0x75DE, 0x75DE,
    0x75DE, 0x75DE, 0x651B, 0x651B, 0x75DE, 0x75DE, 0x651B, 0x651B, 0x4C18, 0x4C18, 0x4C18, 0x4C18, 0x4C18, 0x4C18, 0x424D, 0x424D,
    0xCEDD, 0xCEDD, 0xF79F, 0xF79F, 0xF79F, 0xF79F, 0xCEDD, 0xCEDD, 0xCEDD, 0xCEDD, 0xF79F, 0xF79F, 0xF79F, 0xF79F, 0xCEDD, 0xCEDD,
    0xCEDD, 0xCEDD, 0xF79F, 0xF79F, 0xF79F, 0xF79F, 0xCEDD, 0xCEDD, 0xCEDD, 0xCEDD, 0xF79F, 0xF79F, 0xF79F, 0xF79F, 0xCEDD, 0xCEDD,
    0x424D, 0x424D, 0x4C18, 0x4C18, 0x4C18, 0x4C18, 0x4C18, 0x4C18, 0x651B, 0x651B, 0x75DE, 0x75DE, 0x651B, 0x651B, 0x75DE, 0x75DE,
    0x75DE, 0x75DE, 0x651B, 0x651B, 0x651B, 0x651B, 0x75DE, 0x75DE, 0x651B, 0x651B, 0x651B, 0x651B, 0x651B, 0x651B, 0x75DE, 0x75DE,
    0x75DE, 0x75DE, 0x651B, 0x651B, 0x651B, 0x651B, 0x651B, 0x651B, 0x75DE, 0x75DE, 0x651B, 0x651B, 0x651B, 0x651B, 0x75DE, 0x75DE,
    0x75DE, 0x75DE, 0x651B, 0x651B, 0x75DE, 0x75DE, 0x651B, 0x651B, 0x4C18, 0x4C18, 0x4C18, 0x4C18, 0x4C18, 0x4C18, 0x424D, 0x424D,
    0x424D, 0x424D, 0x4C18, 0x4C18, 0x4C18, 0x4C18, 0x651B, 0x651B, 0x75DE, 0x75DE, 0x75DE, 0x75DE, 0x651B, 0x651B, 0x4C18, 0x4C18,
    0x75DE, 0x75DE, 0x651B, 0x651B, 0x651B, 0x651B, 0x75DE, 0x75DE, 0x651B, 0x651B, 0x651B, 0x651B, 0x651B, 0x651B, 0x75DE, 0x75DE,
    0x75DE, 0x75DE, 0x651B, 0x651B, 0x651B, 0x651B, 0x651B, 0x651B, 0x75DE, 0x75DE, 0x651B, 0x651B, 0x651B, 0x651B, 0x75DE, 0x75DE,
    0x4C18, 0x4C18, 0x651B, 0x651B, 0x75DE, 0x75DE, 0x75DE, 0x75DE, 0x651B, 0x651B, 0x4C18, 0x4C18, 0x4C18, 0x4C18, 0x424D, 0x424D,
    0xCEDD, 0xCEDD, 0xF79F, 0xF79F, 0xF79F, 0xF79F, 0xCEDD, 0xCEDD, 0xCEDD, 0xCEDD, 0xF79F, 0xF79F, 0xF79F, 0xF79F, 0xCEDD, 0xCEDD,
    0xCEDD, 0xCEDD, 0xF79F, 0xF79F, 0xF79F, 0xF79F, 0xCEDD, 0xCEDD, 0xCEDD, 0xCEDD, 0xF79F, 0xF79F, 0xF79F, 0xF79F, 0xCEDD, 0xCEDD,
    0x424D, 0x424D, 0x4C18, 0x4C18, 0x4C18, 0x4C18, 0x651B, 0x651B, 0x75DE, 0x75DE, 0x75DE, 0x75DE, 0x651B, 0x651B, 0x4C18, 0x4C18,
    0x75DE, 0x75DE, 0x651B, 0x651B, 0x651B, 0x651B, 0x75DE, 0x75DE, 0x651B, 0x651B, 0x651B, 0x651B, 0x651B, 0x651B, 0x75DE, 0x75DE,
    0x75DE, 0x75DE, 0x651B, 0x651B, 0x651B, 0x651B, 0x651B, 0x651B, 0x75DE, 0x75DE, 0x651B, 0x651B, 0x651B, 0x651B, 0x75DE, 0x75DE,
    0x4C18, 0x4C18, 0x651B, 0x651B, 0x75DE, 0x75DE, 0x75DE, 0x75DE, 0x651B, 0x651B, 0x4C18, 0x4C18, 0x4C18, 0x4C18, 0x424D, 0x424D,
    0x424D, 0x424D, 0x4C18, 0x4C18, 0x4C18, 0x4C18, 0x651B, 0x651B, 0x75DE, 0x75DE, 0x75DE, 0x75DE, 0x651B, 0x651B, 0x4C18, 0x4C18,
    0x75DE, 0x75DE, 0x651B, 0x651B, 0x651B, 0x651B, 0x75DE, 0x75DE, 0x651B, 0x651B, 0x651B, 0x651B, 0x651B, 0x651B, 0x75DE, 0x75DE,
    0x75DE, 0x75DE, 0x651B, 0x651B, 0x651B, 0x651B, 0x651B, 0x651B, 0x75DE, 0x75DE, 0x651B, 0x651B, 0x651B, 0x651B, 0x75DE, 0x75DE,
    0x4C18, 0x4C18, 0x651B, 0x651B, 0x75DE, 0x75DE, 0x75DE, 0x75DE, 0x651B, 0x651B, 0x4C18, 0x4C18, 0x4C18, 0x4C18, 0x424D, 0x424D,
    0xCEDD, 0xCEDD, 0xF79F, 0xF79F, 0xF79F, 0xF79F, 0xCEDD, 0xCEDD, 0xCEDD, 0xCEDD, 0xF79F, 0xF79F, 0xF79F, 0xF79F, 0xCEDD, 0xCEDD,
    0xCEDD, 0xCEDD, 0xF79F, 0xF79F, 0xF79F, 0xF79F, 0xCEDD, 0xCEDD, 0xCEDD, 0xCEDD, 0xF79F, 0xF79F, 0xF79F, 0xF79F, 0xCEDD, 0xCEDD,
    0x424D, 0x424D, 0x4C18, 0x4C18, 0x4C18, 0x4C18, 0x651B, 0x651B, 0x75DE, 0x75DE, 0x75DE, 0x75DE, 0x651B, 0x651B, 0x4C18, 0x4C18,
    0x75DE, 0x75DE, 0x651B, 0x651B, 0x651B, 0x651B, 0x75DE, 0x75DE, 0x651B, 0x651B, 0x651B, 0x651B, 0x651B, 0x651B, 0x75DE, 0x75DE,
    0x75DE, 0x75DE, 0x651B, 0x651B, 0x651B, 0x651B, 0x651B, 0x651B, 0x75DE, 0x75DE, 0x651B, 0x651B, 0x651B, 0x651B, 0x75DE, 0x75DE,
    0x4C18, 0x4C18, 0x651B, 0x651B, 0x75DE, 0x75DE, 0x75DE, 0x75DE, 0x651B, 0x651B, 0x4C18, 0x4C18, 0x4C18, 0x4C18, 0x424D, 0x424D,
    0x424D, 0x424D, 0x4C18, 0x4C18, 0x651B, 0x651B, 0x75DE, 0x75DE, 0x75DE, 0x75DE, 0x651B, 0x651B, 0x4C18, 0x4C18, 0x4C18, 0x4C18,
    0x4C18, 0x4C18, 0x75DE, 0x75DE, 0x75DE, 0x75DE, 0x75DE, 0x75DE, 0x651B, 0x651B, 0x651B, 0x651B, 0x651B, 0x651B, 0x75DE, 0x75DE,
    0x75DE, 0x75DE, 0x651B, 0x651B, 0x651B, 0x651B, 0x651B, 0x651B, 0x75DE, 0x75DE, 0x75DE, 0x75DE, 0x75DE, 0x75DE, 0x4C18, 0x4C18,
    0x4C18, 0x4C18, 0x4C18, 0x4C18, 0x651B, 0x651B, 0x75DE, 0x75DE, 0x75DE, 0x75DE, 0x651B, 0x651B, 0x4C18, 0x4C18, 0x424D, 0x424D,
    0xCEDD, 0xCEDD, 0xF79F, 0xF79F, 0xF79F, 0xF79F, 0xCEDD, 0xCEDD, 0xCEDD, 0xCEDD, 0xF79F, 0xF79F, 0xF79F, 0xF79F, 0xCEDD, 0xCEDD,
    0xCEDD, 0xCEDD, 0xF79F, 0xF79F, 0xF79F, 0xF79F, 0xCEDD, 0xCEDD, 0xCEDD, 0xCEDD, 0xF79F, 0xF79F, 0xF79F, 0xF79F, 0xCEDD, 0xCEDD,
    0x424D, 0x424D, 0x4C18, 0x4C18, 0x651B, 0x651B, 0x75DE, 0x75DE, 0x75DE, 0x75DE, 0x651B, 0x651B, 0x4C18, 0x4C18, 0x4C18, 0x4C18,
    0x4C18, 0x4C18, 0x75DE, 0x75DE, 0x75DE, 0x75DE, 0x75DE, 0x75DE, 0x651B, 0x651B, 0x651B, 0x651B, 0x651B, 0x651B, 0x75DE, 0x75DE,
    0x75DE, 0x75DE, 0x651B, 0x651B, 0x651B, 0x651B, 0x651B, 0x651B, 0x75DE, 0x75DE, 0x75DE, 0x75DE, 0x75DE, 0x75DE, 0x4C18, 0x4C18,
    0x4C18, 0x4C18, 0x4C18, 0x4C18, 0x651B, 0x651B, 0x75DE, 0x75DE, 0x75DE, 0x75DE, 0x651B, 0x651B, 0x4C18, 0x4C18, 0x424D, 0x424D,
    0x424D, 0x424D, 0x4C18, 0x4C18, 0x651B, 0x651B, 0x75DE, 0x75DE, 0x75DE, 0x75DE, 0x651B, 0x651B, 0x4C18, 0x4C18, 0x4C18, 0x4C18,
    0x4C18, 0x4C18, 0x75DE, 0x75DE, 0x75DE, 0x75DE, 0x75DE, 0x75DE, 0x651B, 0x651B, 0x651B, 0x651B, 0x651B, 0x651B, 0x75DE, 0x75DE,
    0x75DE, 0x75DE, 0x651B, 0x651B, 0x651B, 0x651B, 0x651B, 0x651B, 0x75DE, 0x75DE, 0x75DE, 0x75DE, 0x75DE, 0x75DE, 0x4C18, 0x4C18,
    0x4C18, 0x4C18, 0x4C18, 0x4C18, 0x651B, 0x651B, 0x75DE, 0x75DE, 0x75DE, 0x75DE, 0x651B, 0x651B, 0x4C18, 0x4C18, 0x424D, 0x424D,
    0xCEDD, 0xCEDD, 0xF79F, 0xF79F, 0xF79F, 0xF79F, 0xCEDD, 0xCEDD, 0xCEDD, 0xCEDD, 0xF79F, 0xF79F, 0xF79F, 0xF79F, 0xCEDD, 0xCEDD,
    0xCEDD, 0xCEDD, 0xF79F, 0xF79F, 0xF79F, 0xF79F, 0xCEDD, 0xCEDD, 0xCEDD, 0xCEDD, 0xF79F, 0xF79F, 0xF79F, 0xF79F, 0xCEDD, 0xCEDD,
    0x424D, 0x424D, 0x4C18, 0x4C18, 0x651B, 0x651B, 0x75DE, 0x75DE, 0x75DE, 0x75DE, 0x651B, 0x651B, 0x4C18, 0x4C18, 0x4C18, 0x4C18,
    0x4C18, 0x4C18, 0x75DE, 0x75DE, 0x75DE, 0x75DE, 0x75DE, 0x75DE, 0x651B, 0x651B, 0x651B, 0x651B, 0x651B, 0x651B, 0x75DE, 0x75DE,
    0x75DE, 0x75DE, 0x651B, 0x651B, 0x651B, 0x651B, 0x651B, 0x651B, 0x75DE, 0x75DE, 0x75DE, 0x75DE, 0x75DE, 0x75DE, 0x4C18, 0x4C18,
    0x4C18, 0x4C18, 0x4C18, 0x4C18, 0x651B, 0x651B, 0x75DE, 0x75DE, 0x75DE, 0x75DE, 0x651B, 0x651B, 0x4C18, 0x4C18, 0x424D, 0x424D,
    0x424D, 0x424D, 0x651B, 0x651B, 0x75DE, 0x75DE, 0x75DE, 0x75DE, 0x651B, 0x651B, 0x4C18, 0x4C18, 0x4C18, 0x4C18, 0x4C18, 0x4C18,
    0x4C18, 0x4C18, 0x3314, 0x3314, 0x4C18, 0x4C18, 0x75DE, 0x75DE, 0x75DE, 0x75DE, 0x75DE, 0x75DE, 0x75DE, 0x75DE, 0x75DE, 0x75DE,
    0x75DE, 0x75DE, 0x75DE, 0x75DE, 0x75DE, 0x75DE, 0x75DE, 0x75DE, 0x75DE, 0x75DE, 0x4C18, 0x4C18, 0x3314, 0x3314, 0x4C18, 0x4C18,
    0x4C18, 0x4C18, 0x4C18, 0x4C18, 0x4C18, 0x4C18, 0x651B, 0x651B, 0x75DE, 0x75DE, 0x75DE, 0x75DE, 0x651B, 0x651B, 0x424D, 0x424D,
    0xCEDD, 0xCEDD, 0xF79F, 0xF79F, 0xF79F, 0xF79F, 0xCEDD, 0xCEDD, 0xCEDD, 0xCEDD, 0xF79F, 0xF79F, 0xF79F, 0xF79F, 0xCEDD, 0xCEDD,
    0xCEDD, 0xCEDD, 0xF79F, 0xF79F, 0xF79F, 0xF79F, 0xCEDD, 0xCEDD, 0xCEDD, 0xCEDD, 0xF79F, 0xF79F, 0xF79F, 0xF79F, 0xCEDD, 0xCEDD,
    0x424D, 0x424D, 0x651B, 0x651B, 0x75DE, 0x75DE, 0x75DE, 0x75DE, 0x651B, 0x651B, 0x4C18, 0x4C18, 0x4C18, 0x4C18, 0x4C18, 0x4C18,
    0x4C18, 0x4C18, 0x3314, 0x3314, 0x4C18, 0x4C18, 0x75DE, 0x75DE, 0x75DE, 0x75DE, 0x75DE, 0x75DE, 0x75DE, 0x75DE, 0x75DE, 0x75DE,
    0x75DE, 0x75DE, 0x75DE, 0x75DE, 0x75DE, 0x75DE, 0x75DE, 0x75DE, 0x75DE, 0x75DE, 0x4C18, 0x4C18, 0x3314, 0x3314, 0x4C18, 0x4C18,
    0x4C18, 0x4C18, 0x4C18, 0x4C18, 0x4C18, 0x4C18, 0x651B, 0x651B, 0x75DE, 0x75DE, 0x75DE, 0x75DE, 0x651B, 0x651B, 0x424D, 0x424D,
    0x424D, 0x424D, 0x651B, 0x651B, 0x75DE, 0x75DE, 0x75DE, 0x75DE, 0x651B, 0x651B, 0x4C18, 0x4C18, 0x4C18, 0x4C18, 0x4C18, 0x4C18,
    0x4C18, 0x4C18, 0x3314, 0x3314, 0x4C18, 0x4C18, 0x75DE, 0x75DE, 0x75DE, 0x75DE, 0x75DE, 0x75DE, 0x75DE, 0x75DE, 0x75DE, 0x75DE,
    0x75DE, 0x75DE, 0x75DE, 0x75DE, 0x75DE, 0x75DE, 0x75DE, 0x75DE, 0x75DE, 0x75DE, 0x4C18, 0x4C18, 0x3314, 0x3314, 0x4C18, 0x4C18,
    0x4C18, 0x4C18, 0x4C18, 0x4C18, 0x4C18, 0x4C18, 0x651B, 0x651B, 0x75DE, 0x75DE, 0x75DE, 0x75DE, 0x651B, 0x651B, 0x424D, 0x424D,
    0xCEDD, 0xCEDD, 0xF79F, 0xF79F, 0xF79F, 0xF79F, 0xCEDD, 0xCEDD, 0xCEDD, 0xCEDD, 0xF79F, 0xF79F, 0xF79F, 0xF79F, 0xCEDD, 0xCEDD,
    0xCEDD, 0xCEDD, 0xF79F, 0xF79F, 0xF79F, 0xF79F, 0xCEDD, 0xCEDD, 0xCEDD, 0xCEDD, 0xF79F, 0xF79F, 0xF79F, 0xF79F, 0xCEDD, 0xCEDD,
    0x424D, 0x424D, 0x651B, 0x651B, 0x75DE, 0x75DE, 0x75DE, 0x75DE, 0x651B, 0x651B, 0x4C18, 0x4C18, 0x4C18, 0x4C18, 0x4C18, 0x4C18,
    0x4C18, 0x4C18, 0x3314, 0x3314, 0x4C18, 0x4C18, 0x75DE, 0x75DE, 0x75DE, 0x75DE, 0x75DE, 0x75DE, 0x75DE, 0x75DE, 0x75DE, 0x75DE,
    0x75DE, 0x75DE, 0x75DE, 0x75DE, 0x75DE, 0x75DE, 0x75DE, 0x75DE, 0x75DE, 0x75DE, 0x4C18, 0x4C18, 0x3314, 0x3314, 0x4C18, 0x4C18,
    0x4C18, 0x4C18, 0x4C18, 0x4C18, 0x4C18, 0x4C18, 0x651B, 0x651B, 0x75DE, 0x75DE, 0x75DE, 0x75DE, 0x651B, 0x651B, 0x424D, 0x424D,
    0x424D, 0x424D, 0x75DE, 0x75DE, 0x75DE, 0x75DE, 0x651B, 0x651B, 0x4C18, 0x4C18, 0x4C18, 0x4C18, 0x4C18, 0x4C18, 0x4C18, 0x4C18,
    0x4C18, 0x4C18, 0x3314, 0x3314, 0x3314, 0x3314, 0x3314, 0x3314, 0x3314, 0x3314, 0x3314, 0x3314, 0x3314, 0x3314, 0x3314, 0x3314,
    0x3314, 0x3314, 0x3314, 0x3314, 0x3314, 0x3314, 0x3314, 0x3314, 0x3314, 0x3314, 0x3314, 0x3314, 0x3314, 0x3314, 0x4C18, 0x4C18,
    0x4C18, 0x4C18, 0x4C18, 0x4C18, 0x4C18, 0x4C18, 0x4C18, 0x4C18, 0x651B, 0x651B, 0x75DE, 0x75DE, 0x75DE, 0x75DE, 0x424D, 0x424D,
    0xCEDD, 0xCEDD, 0xF79F, 0xF79F, 0xF79F, 0xF79F, 0xCEDD, 0xCEDD, 0xCEDD, 0xCEDD, 0xF79F, 0xF79F, 0xF79F, 0xF79F, 0xCEDD, 0xCEDD,
    0xCEDD, 0xCEDD, 0xF79F, 0xF79F, 0xF79F, 0xF79F, 0xCEDD, 0xCEDD, 0xCEDD, 0xCEDD, 0xF79F, 0xF79F, 0xF79F, 0xF79F, 0xCEDD, 0xCEDD,
    0x424D, 0x424D, 0x75DE, 0x75DE, 0x75DE, 0x75DE, 0x651B, 0x651B, 0x4C18, 0x4C18, 0x4C18, 0x4C18, 0x4C18, 0x4C18, 0x4C18, 0x4C18,
    0x4C18, 0x4C18, 0x3314, 0x3314, 0x3314, 0x3314, 0x3314, 0x3314, 0x3314, 0x3314, 0x3314, 0x3314, 0x3314, 0x3314, 0x3314, 0x3314,
    0x3314, 0x3314, 0x3314, 0x3314, 0x3314, 0x3314, 0x3314, 0x3314, 0x3314, 0x3314, 0x3314, 0x3314, 0x3314, 0x3314, 0x4C18, 0x4C18,
    0x4C18, 0x4C18, 0x4C18, 0x4C18, 0x4C18, 0x4C18, 0x4C18, 0x4C18, 0x651B, 0x651B, 0x75DE, 0x75DE, 0x75DE, 0x75DE, 0x424D, 0x424D,
    0x424D, 0x424D, 0x75DE, 0x75DE, 0x75DE, 0x75DE, 0x651B, 0x651B, 0x4C18, 0x4C18, 0x4C18, 0x4C18, 0x4C18, 0x4C18, 0x4C18, 0x4C18,
    0x4C18, 0x4C18, 0x3314, 0x3314, 0x3314, 0x3314, 0x3314, 0x3314, 0x3314, 0x3314, 0x3314, 0x3314, 0x3314, 0x3314, 0x3314, 0x3314,
    0x3314, 0x3314, 0x3314, 0x3314, 0x3314, 0x3314, 0x3314, 0x3314, 0x3314, 0x3314, 0x3314, 0x3314, 0x3314, 0x3314, 0x4C18, 0x4C18,
    0x4C18, 0x4C18, 0x4C18, 0x4C18, 0x4C18, 0x4C18, 0x4C18, 0x4C18, 0x651B, 0x651B, 0x75DE, 0x75DE, 0x75DE, 0x75DE, 0x424D, 0x424D,
    0xCEDD, 0xCEDD, 0xF79F, 0xF79F, 0xF79F, 0xF79F, 0xCEDD, 0xCEDD, 0xCEDD, 0xCEDD, 0xF79F, 0xF79F, 0xF79F, 0xF79F, 0xCEDD, 0xCEDD,
    0xCEDD, 0xCEDD, 0xF79F, 0xF79F, 0xF79F, 0xF79F, 0xCEDD, 0xCEDD, 0xCEDD, 0xCEDD, 0xF79F, 0xF79F, 0xF79F, 0xF79F, 0xCEDD, 0xCEDD,
    0x424D, 0x424D, 0x75DE, 0x75DE, 0x75DE, 0x75DE, 0x651B, 0x651B, 0x4C18, 0x4C18, 0x4C18, 0x4C18, 0x4C18, 0x4C18, 0x4C18, 0x4C18,
    0x4C18, 0x4C18, 0x3314, 0x3314, 0x3314, 0x3314, 0x3314, 0x3314, 0x3314, 0x3314, 0x3314, 0x3314, 0x3314, 0x3314, 0x3314, 0x3314,
    0x3314, 0x3314, 0x3314, 0x3314, 0x3314, 0x3314, 0x3314, 0x3314, 0x3314, 0x3314, 0x3314, 0x3314, 0x3314, 0x3314, 0x4C18, 0x4C18,
    0x4C18, 0x4C18, 0x4C18, 0x4C18, 0x4C18, 0x4C18, 0x4C18, 0x4C18, 0x651B, 0x651B, 0x75DE, 0x75DE, 0x75DE, 0x75DE, 0x424D, 0x424D,
    0x424D, 0x424D, 0x75DE, 0x75DE, 0x651B, 0x651B, 0x4C18, 0x4C18, 0x4C18, 0x4C18, 0x4C18, 0x4C18, 0x4C18, 0x4C18, 0x4C18, 0x4C18,
    0x3314, 0x3314, 0x3314, 0x3314, 0x3314, 0x3314, 0x3314, 0x3314, 0x3314, 0x3314, 0x3314, 0x3314, 0x3314, 0x3314, 0x3314, 0x3314,
    0x3314, 0x3314, 0x3314, 0x3314, 0x3314, 0x3314, 0x3314, 0x3314, 0x3314, 0x3314, 0x3314, 0x3314, 0x3314, 0x3314, 0x3314, 0x3314,
    0x4C18, 0x4C18, 0x4C18, 0x4C18, 0x4C18, 0x4C18, 0x4C18, 0x4C18, 0x4C18, 0x4C18, 0x651B, 0x651B, 0x75DE, 0x75DE, 0x424D, 0x424D,
    0xCEDD, 0xCEDD, 0xF79F, 0xF79F, 0xF79F, 0xF79F, 0xCEDD, 0xCEDD, 0xCEDD, 0xCEDD, 0xF79F, 0xF79F, 0xF79F, 0xF79F, 0xCEDD, 0xCEDD,
    0xCEDD, 0xCEDD, 0xF79F, 0xF79F, 0xF79F, 0xF79F, 0xCEDD, 0xCEDD, 0xCEDD, 0xCEDD, 0xF79F, 0xF79F, 0xF79F, 0xF79F, 0xCEDD, 0xCEDD,
    0x424D, 0x424D, 0x75DE, 0x75DE, 0x651B, 0x651B, 0x4C18, 0x4C18, 0x4C18, 0x4C18, 0x4C18, 0x4C18, 0x4C18, 0x4C18, 0x4C18, 0x4C18,
    0x3314, 0x3314, 0x3314, 0x3314, 0x3314, 0x3314, 0x3314, 0x3314, 0x3314, 0x3314, 0x3314, 0x3314, 0x3314, 0x3314, 0x3314, 0x3314,
    0x3314, 0x3314, 0x3314, 0x3314, 0x3314, 0x3314, 0x3314, 0x3314, 0x3314, 0x3314, 0x3314, 0x3314, 0x3314, 0x3314, 0x3314, 0x3314,
    0x4C18, 0x4C18, 0x4C18, 0x4C18, 0x4C18, 0x4C18, 0x4C18, 0x4C18, 0x4C18, 0x4C18, 0x651B, 0x651B, 0x75DE, 0x75DE, 0x424D, 0x424D,
    0x424D, 0x424D, 0x75DE, 0x75DE, 0x651B, 0x651B, 0x4C18, 0x4C18, 0x4C18, 0x4C18, 0x4C18, 0x4C18, 0x4C18, 0x4C18, 0x4C18, 0x4C18,
    0x3314, 0x3314, 0x3314, 0x3314, 0x3314, 0x3314, 0x3314, 0x3314, 0x3314, 0x3314, 0x3314, 0x3314, 0x3314, 0x3314, 0x3314, 0x3314,
    0x3314, 0x3314, 0x3314, 0x3314, 0x3314, 0x3314, 0x3314, 0x3314, 0x3314, 0x3314, 0x3314, 0x3314, 0x3314, 0x3314, 0x3314, 0x3314,
    0x4C18, 0x4C18, 0x4C18, 0x4C18, 0x4C18, 0x4C18, 0x4C18, 0x4C18, 0x4C18, 0x4C18, 0x651B, 0x651B, 0x75DE, 0x75DE, 0x424D, 0x424D,
    0xCEDD, 0xCEDD, 0xF79F, 0xF79F, 0xF79F, 0xF79F, 0xCEDD, 0xCEDD, 0xCEDD, 0xCEDD, 0xF79F, 0xF79F, 0xF79F, 0xF79F, 0xCEDD, 0xCEDD,
    0xCEDD, 0xCEDD, 0xF79F, 0xF79F, 0xF79F, 0xF79F, 0xCEDD, 0xCEDD, 0xCEDD, 0xCEDD, 0xF79F, 0xF79F, 0xF79F, 0xF79F, 0xCEDD, 0xCEDD,
    0x424D, 0x424D, 0x75DE, 0x75DE, 0x651B, 0x651B, 0x4C18, 0x4C18, 0x4C18, 0x4C18, 0x4C18, 0x4C18, 0x4C18, 0x4C18, 0x4C18, 0x4C18,
    0x3314, 0x3314, 0x3314, 0x3314, 0x3314, 0x3314, 0x3314, 0x3314, 0x3314, 0x3314, 0x3314, 0x3314, 0x3314, 0x3314, 0x3314, 0x3314,
    0x3314, 0x3314, 0x3314, 0x3314, 0x3314, 0x3314, 0x3314, 0x3314, 0x3314, 0x3314, 0x3314, 0x3314, 0x3314, 0x3314, 0x3314, 0x3314,
    0x4C18, 0x4C18, 0x4C18, 0x4C18, 0x4C18, 0x4C18, 0x4C18, 0x4C18, 0x4C18, 0x4C18, 0x651B, 0x651B, 0x75DE, 0x75DE, 0x424D, 0x424D,
    0x424D, 0x424D, 0x651B, 0x651B, 0x4C18, 0x4C18, 0x4C18, 0x4C18, 0x4C18, 0x4C18, 0x4C18, 0x4C18, 0x4C18, 0x4C18, 0x4C18, 0x4C18,
    0x3314, 0x3314, 0x3314, 0x3314, 0x3314, 0x3314, 0x3314, 0x3314, 0x3314, 0x3314, 0x3314, 0x3314, 0x3314, 0x3314, 0x3314, 0x3314,
    0x3314, 0x3314, 0x3314, 0x3314, 0x3314, 0x3314, 0x3314, 0x3314, 0x3314, 0x3314, 0x3314, 0x3314, 0x3314, 0x3314, 0x3314, 0x3314,
    0x4C18, 0x4C18, 0x4C18, 0x4C18, 0x4C18, 0x4C18, 0x4C18, 0x4C18, 0x4C18, 0x4C18, 0x4C18, 0x4C18, 0x651B, 0x651B, 0x424D, 0x424D,
    0xADD9, 0xADD9, 0xCEDD, 0xCEDD, 0xCEDD, 0xCEDD, 0xADD9, 0xADD9, 0xADD9, 0xADD9, 0xCEDD, 0xCEDD, 0xCEDD, 0xCEDD, 0xADD9, 0xADD9,
    0xADD9, 0xADD9, 0xCEDD, 0xCEDD, 0xCEDD, 0xCEDD, 0xADD9, 0xADD9, 0xADD9, 0xADD9, 0xCEDD, 0xCEDD, 0xCEDD, 0xCEDD, 0xADD9, 0xADD9,
    0x424D, 0x424D, 0x651B, 0x651B, 0x4C18, 0x4C18, 0x4C18, 0x4C18, 0x4C18, 0x4C18, 0x4C18, 0x4C18, 0x4C18, 0x4C18, 0x4C18, 0x4C18,
    0x3314, 0x3314, 0x3314, 0x3314, 0x3314, 0x3314, 0x3314, 0x3314, 0x3314, 0x3314, 0x3314, 0x3314, 0x3314, 0x3314, 0x3314, 0x3314,
    0x3314, 0x3314, 0x3314, 0x3314, 0x3314, 0x3314, 0x3314, 0x3314, 0x3314, 0x3314, 0x3314, 0x3314, 0x3314, 0x3314, 0x3314, 0x3314,
    0x4C18, 0x4C18, 0x4C18, 0x4C18, 0x4C18, 0x4C18, 0x4C18, 0x4C18, 0x4C18, 0x4C18, 0x4C18, 0x4C18, 0x651B, 0x651B, 0x424D, 0x424D,
    0x424D, 0x424D, 0x651B, 0x651B, 0x4C18, 0x4C18, 0x4C18, 0x4C18, 0x4C18, 0x4C18, 0x4C18, 0x4C18, 0x4C18, 0x4C18, 0x4C18, 0x4C18,
    0x3314, 0x3314, 0x3314, 0x3314, 0x3314, 0x3314, 0x3314, 0x3314, 0x3314, 0x3314, 0x3314, 0x3314, 0x3314, 0x3314, 0x3314, 0x3314,
    0x3314, 0x3314, 0x3314, 0x3314, 0x3314, 0x3314, 0x3314, 0x3314, 0x3314, 0x3314, 0x3314, 0x3314, 0x3314, 0x3314, 0x3314, 0x3314,
    0x4C18, 0x4C18, 0x4C18, 0x4C18, 0x4C18, 0x4C18, 0x4C18, 0x4C18, 0x4C18, 0x4C18, 0x4C18, 0x4C18, 0x651B, 0x651B, 0x424D, 0x424D,
    0xADD9, 0xADD9, 0xCEDD, 0xCEDD, 0xCEDD, 0xCEDD, 0xADD9, 0xADD9, 0xADD9, 0xADD9, 0xCEDD, 0xCEDD, 0xCEDD, 0xCEDD, 0xADD9, 0xADD9,
    0xADD9, 0xADD9, 0xCEDD, 0xCEDD, 0xCEDD, 0xCEDD, 0xADD9, 0xADD9, 0xADD9, 0xADD9, 0xCEDD, 0xCEDD, 0xCEDD, 0xCEDD, 0xADD9, 0xADD9,
    0x424D, 0x424D, 0x651B, 0x651B, 0x4C18, 0x4C18, 0x4C18, 0x4C18, 0x4C18, 0x4C18, 0x4C18, 0x4C18, 0x4C18, 0x4C18, 0x4C18, 0x4C18,
    0x3314, 0x3314, 0x3314, 0x3314, 0x3314, 0x3314, 0x3314, 0x3314, 0x3314, 0x3314, 0x3314, 0x3314, 0x3314, 0x3314, 0x3314, 0x3314,
    0x3314, 0x3314, 0x3314, 0x3314, 0x3314, 0x3314, 0x3314, 0x3314, 0x3314, 0x3314, 0x3314, 0x3314, 0x3314, 0x3314, 0x3314, 0x3314,
    0x4C18, 0x4C18, 0x4C18, 0x4C18, 0x4C18, 0x4C18, 0x4C18, 0x4C18, 0x4C18, 0x4C18, 0x4C18, 0x4C18, 0x651B, 0x651B, 0x424D, 0x424D,
    0x424D, 0x424D, 0x4C18, 0x4C18, 0x4C18, 0x4C18, 0x4C18, 0x4C18, 0x4C18, 0x4C18, 0x4C18, 0x4C18, 0x4C18, 0x4C18, 0x3314, 0x3314,
    0x3314, 0x3314, 0x3314, 0x3314, 0x3314, 0x3314, 0x3314, 0x3314, 0x3314, 0x3314, 0x3314, 0x3314, 0x3314, 0x3314, 0x3314, 0x3314,
    0x3314, 0x3314, 0x3314, 0x3314, 0x3314, 0x3314, 0x3314, 0x3314, 0x3314, 0x3314, 0x3314, 0x3314, 0x3314, 0x3314, 0x3314, 0x3314,
    0x3314, 0x3314, 0x4C18, 0x4C18, 0x4C18, 0x4C18, 0x4C18, 0x4C18, 0x4C18, 0x4C18, 0x4C18, 0x4C18, 0x4C18, 0x4C18, 0x424D, 0x424D,
    0x9516, 0x9516, 0xADD9, 0xADD9, 0xADD9, 0xADD9, 0x9516, 0x9516, 0x9516, 0x9516, 0xADD9, 0xADD9, 0xADD9, 0xADD9, 0x9516, 0x9516,
    0x9516, 0x9516, 0xADD9, 0xADD9, 0xADD9, 0xADD9, 0x9516, 0x9516, 0x9516, 0x9516, 0xADD9, 0xADD9, 0xADD9, 0xADD9, 0x9516, 0x9516,
    0x424D, 0x424D, 0x4C18, 0x4C18, 0x4C18, 0x4C18, 0x4C18, 0x4C18, 0x4C18, 0x4C18, 0x4C18, 0x4C18, 0x4C18, 0x4C18, 0x3314, 0x3314,
    0x3314, 0x3314, 0x3314, 0x3314, 0x3314, 0x3314, 0x3314, 0x3314, 0x3314, 0x3314, 0x3314, 0x3314, 0x3314, 0x3314, 0x3314, 0x3314,
    0x3314, 0x3314, 0x3314, 0x3314, 0x3314, 0x3314, 0x3314, 0x3314, 0x3314, 0x3314, 0x3314, 0x3314, 0x3314, 0x3314, 0x3314, 0x3314,
    0x3314, 0x3314, 0x4C18, 0x4C18, 0x4C18, 0x4C18, 0x4C18, 0x4C18, 0x4C18, 0x4C18, 0x4C18, 0x4C18, 0x4C18, 0x4C18, 0x424D, 0x424D,
    0x424D, 0x424D, 0x4C18, 0x4C18, 0x4C18, 0x4C18, 0x4C18, 0x4C18, 0x4C18, 0x4C18, 0x4C18, 0x4C18, 0x4C18, 0x4C18, 0x3314, 0x3314,
    0x3314, 0x3314, 0x3314, 0x3314, 0x3314, 0x3314, 0x3314, 0x3314, 0x3314, 0x3314, 0x3314, 0x3314, 0x3314, 0x3314, 0x3314, 0x3314,
    0x3314, 0x3314, 0x3314, 0x3314, 0x3314, 0x3314, 0x3314, 0x3314, 0x3314, 0x3314, 0x3314, 0x3314, 0x3314, 0x3314, 0x3314, 0x3314,
    0x3314, 0x3314, 0x4C18, 0x4C18, 0x4C18, 0x4C18, 0x4C18, 0x4C18, 0x4C18, 0x4C18, 0x4C18, 0x4C18, 0x4C18, 0x4C18, 0x424D, 0x424D,
    0x9516, 0x9516, 0xADD9, 0xADD9, 0xADD9, 0xADD9, 0x9516, 0x9516, 0x9516, 0x9516, 0xADD9, 0xADD9, 0xADD9, 0xADD9, 0x9516, 0x9516,
    0x9516, 0x9516, 0xADD9, 0xADD9, 0xADD9, 0xADD9, 0x9516, 0x9516, 0x9516, 0x9516, 0xADD9, 0xADD9, 0xADD9, 0xADD9, 0x9516, 0x9516,
    0x424D, 0x424D, 0x4C18, 0x4C18, 0x4C18, 0x4C18, 0x4C18, 0x4C18, 0x4C18, 0x4C18, 0x4C18, 0x4C18, 0x4C18, 0x4C18, 0x3314, 0x3314,
    0x3314, 0x3314, 0x3314, 0x3314, 0x3314, 0x3314, 0x3314, 0x3314, 0x3314, 0x3314, 0x3314, 0x3314, 0x3314, 0x3314, 0x3314, 0x3314,
    0x3314, 0x3314, 0x3314, 0x3314, 0x3314, 0x3314, 0x3314, 0x3314, 0x3314, 0x3314, 0x3314, 0x3314, 0x3314, 0x3314, 0x3314, 0x3314,
    0x3314, 0x3314, 0x4C18, 0x4C18, 0x4C18, 0x4C18, 0x4C18, 0x4C18, 0x4C18, 0x4C18, 0x4C18, 0x4C18, 0x4C18, 0x4C18, 0x424D, 0x424D,
    0xF81F, 0xF81F, 0x424D, 0x424D, 0x4C18, 0x4C18, 0x4C18, 0x4C18, 0x4C18, 0x4C18, 0x4C18, 0x4C18, 0x4C18, 0x4C18, 0x3314, 0x3314,
    0x3314, 0x3314, 0x3314, 0x3314, 0x3314, 0x3314, 0x3314, 0x3314, 0x3314, 0x3314, 0x3314, 0x3314, 0x3314, 0x3314, 0x3314, 0x3314,
    0x3314, 0x3314, 0x3314, 0x3314, 0x3314, 0x3314, 0x3314, 0x3314, 0x3314, 0x3314, 0x3314, 0x3314, 0x3314, 0x3314, 0x3314, 0x3314,
    0x3314, 0x3314, 0x4C18, 0x4C18, 0x4C18, 0x4C18, 0x4C18, 0x4C18, 0x4C18, 0x4C18, 0x4C18, 0x4C18, 0x424D, 0x424D, 0x424D, 0x424D,
    0x9516, 0x9516, 0xADD9, 0xADD9, 0xADD9, 0xADD9, 0x9516, 0x9516, 0x9516, 0x9516, 0xADD9, 0xADD9, 0xADD9, 0xADD9, 0x9516, 0x9516,
    0x9516, 0x9516, 0xADD9, 0xADD9, 0xADD9, 0xADD9, 0x9516, 0x9516, 0x9516, 0x9516, 0xADD9, 0xADD9, 0xADD9, 0xADD9, 0x9516, 0x9516,
    0x424D, 0x424D, 0x424D, 0x424D, 0x4C18, 0x4C18, 0x4C18, 0x4C18, 0x4C18, 0x4C18, 0x4C18, 0x4C18, 0x4C18, 0x4C18, 0x3314, 0x3314,
    0x3314, 0x3314, 0x3314, 0x3314, 0x3314, 0x3314, 0x3314, 0x3314, 0x3314, 0x3314, 0x3314, 0x3314, 0x3314, 0x3314, 0x3314, 0x3314,
    0x3314, 0x3314, 0x3314, 0x3314, 0x3314, 0x3314, 0x3314, 0x3314, 0x3314, 0x3314, 0x3314, 0x3314, 0x3314, 0x3314, 0x3314, 0x3314,
    0x3314, 0x3314, 0x4C18, 0x4C18, 0x4C18, 0x4C18, 0x4C18, 0x4C18, 0x4C18, 0x4C18, 0x4C18, 0x4C18, 0x424D, 0x424D, 0xF81F, 0xF81F,
    0xF81F, 0xF81F, 0x424D, 0x424D, 0x4C18, 0x4C18, 0x4C18, 0x4C18, 0x4C18, 0x4C18, 0x4C18, 0x4C18, 0x4C18, 0x4C18, 0x3314, 0x3314,
    0x3314, 0x3314, 0x3314, 0x3314, 0x3314, 0x3314, 0x3314, 0x3314, 0x3314, 0x3314, 0x3314, 0x3314, 0x3314, 0x3314, 0x3314, 0x3314,
    0x3314, 0x3314, 0x3314, 0x3314, 0x3314, 0x3314, 0x3314, 0x3314, 0x3314, 0x3314, 0x3314, 0x3314, 0x3314, 0x3314, 0x3314, 0x3314,
    0x3314, 0x3314, 0x4C18, 0x4C18, 0x4C18, 0x4C18, 0x4C18, 0x4C18, 0x4C18, 0x4C18, 0x4C18, 0x4C18, 0x424D, 0x424D, 0x424D, 0x424D,
    0x9516, 0x9516, 0xADD9, 0xADD9, 0xADD9, 0xADD9, 0x9516, 0x9516, 0x9516, 0x9516, 0xADD9, 0xADD9, 0xADD9, 0xADD9, 0x9516, 0x9516,
    0x9516, 0x9516, 0xADD9, 0xADD9, 0xADD9, 0xADD9, 0x9516, 0x9516, 0x9516, 0x9516, 0xADD9, 0xADD9, 0xADD9, 0xADD9, 0x9516, 0x9516,
    0x424D, 0x424D, 0x424D, 0x424D, 0x4C18, 0x4C18, 0x4C18, 0x4C18, 0x4C18, 0x4C18, 0x4C18, 0x4C18, 0x4C18, 0x4C18, 0x3314, 0x3314,
    0x3314, 0x3314, 0x3314, 0x3314, 0x3314, 0x3314, 0x3314, 0x3314, 0x3314, 0x3314, 0x3314, 0x3314, 0x3314, 0x3314, 0x3314, 0x3314,
    0x3314, 0x3314, 0x3314, 0x3314, 0x3314, 0x3314, 0x3314, 0x3314, 0x3314, 0x3314, 0x3314, 0x3314, 0x3314, 0x3314, 0x3314, 0x3314,
    0x3314, 0x3314, 0x4C18, 0x4C18, 0x4C18, 0x4C18, 0x4C18, 0x4C18, 0x4C18, 0x4C18, 0x4C18, 0x4C18, 0x424D, 0x424D, 0xF81F, 0xF81F,
    0xF81F, 0xF81F, 0xF81F, 0xF81F, 0x424D, 0x424D, 0x4C18, 0x4C18, 0x4C18, 0x4C18, 0x4C18, 0x4C18, 0x3314, 0x3314, 0x3314, 0x3314,
    0x3314, 0x3314, 0x3314, 0x3314, 0x3314, 0x3314, 0x3314, 0x3314, 0x3314, 0x3314, 0x3314, 0x3314, 0x3314, 0x3314, 0x3314, 0x3314,
    0x3314, 0x3314, 0x3314, 0x3314, 0x3314, 0x3314, 0x3314, 0x3314, 0x3314, 0x3314, 0x3314, 0x3314, 0x3314, 0x3314, 0x3314, 0x3314,
    0x3314, 0x3314, 0x3314, 0x3314, 0x4C18, 0x4C18, 0x4C18, 0x4C18, 0x4C18, 0x4C18, 0x424D, 0x424D, 0x7BD0, 0x7BD0, 0x424D, 0x424D,
    0x9516, 0x9516, 0xADD9, 0xADD9, 0xADD9, 0xADD9, 0x9516, 0x9516, 0x9516, 0x9516, 0xADD9, 0xADD9, 0xADD9, 0xADD9, 0x9516, 0x9516,
    0x9516, 0x9516, 0xADD9, 0xADD9, 0xADD9, 0xADD9, 0x9516, 0x9516, 0x9516, 0x9516, 0xADD9, 0xADD9, 0xADD9, 0xADD9, 0x9516, 0x9516,
    0x424D, 0x424D, 0x7BD0, 0x7BD0, 0x424D, 0x424D, 0x4C18, 0x4C18, 0x4C18, 0x4C18, 0x4C18, 0x4C18, 0x3314, 0x3314, 0x3314, 0x3314,
    0x3314, 0x3314, 0x3314, 0x3314, 0x3314, 0x3314, 0x3314, 0x3314, 0x3314, 0x3314, 0x3314, 0x3314, 0x3314, 0x3314, 0x3314, 0x3314,
    0x3314, 0x3314, 0x3314, 0x3314, 0x3314, 0x3314, 0x3314, 0x3314, 0x3314, 0x3314, 0x3314, 0x3314, 0x3314, 0x3314, 0x3314, 0x3314,
    0x3314, 0x3314, 0x3314, 0x3314, 0x4C18, 0x4C18, 0x4C18, 0x4C18, 0x4C18, 0x4C18, 0x424D, 0x424D, 0xF81F, 0xF81F, 0xF81F, 0xF81F,
    0xF81F, 0xF81F, 0xF81F, 0xF81F, 0x424D, 0x424D, 0x4C18, 0x4C18, 0x4C18, 0x4C18, 0x4C18, 0x4C18, 0x3314, 0x3314, 0x3314, 0x3314,
    0x3314, 0x3314, 0x3314, 0x3314, 0x3314, 0x3314, 0x3314, 0x3314, 0x3314, 0x3314, 0x3314, 0x3314, 0x3314, 0x3314, 0x3314, 0x3314,
    0x3314, 0x3314, 0x3314, 0x3314, 0x3314, 0x3314, 0x3314, 0x3314, 0x3314, 0x3314, 0x3314, 0x3314, 0x3314, 0x3314, 0x3314, 0x3314,
    0x3314, 0x3314, 0x3314, 0x3314, 0x4C18, 0x4C18, 0x4C18, 0x4C18, 0x4C18, 0x4C18, 0x424D, 0x424D, 0x7BD0, 0x7BD0, 0x424D, 0x424D,
    0x9516, 0x9516, 0xADD9, 0xADD9, 0xADD9, 0xADD9, 0x9516, 0x9516, 0x9516, 0x9516, 0xADD9, 0xADD9, 0xADD9, 0xADD9, 0x9516, 0x9516,
    0x9516, 0x9516, 0xADD9, 0xADD9, 0xADD9, 0xADD9, 0x9516, 0x9516, 0x9516, 0x9516, 0xADD9, 0xADD9, 0xADD9, 0xADD9, 0x9516, 0x9516,
    0x424D, 0x424D, 0x7BD0, 0x7BD0, 0x424D, 0x424D, 0x4C18, 0x4C18, 0x4C18, 0x4C18, 0x4C18, 0x4C18, 0x3314, 0x3314, 0x3314, 0x3314,
    0x3314, 0x3314, 0x3314, 0x3314, 0x3314, 0x3314, 0x3314, 0x3314, 0x3314, 0x3314, 0x3314, 0x3314, 0x3314, 0x3314, 0x3314, 0x3314,
    0x3314, 0x3314, 0x3314, 0x3314, 0x3314, 0x3314, 0x3314, 0x3314, 0x3314, 0x3314, 0x3314, 0x3314, 0x3314, 0x3314, 0x3314, 0x3314,
    0x3314, 0x3314, 0x3314, 0x3314, 0x4C18, 0x4C18, 0x4C18, 0x4C18, 0x4C18, 0x4C18, 0x424D, 0x424D, 0xF81F, 0xF81F, 0xF81F, 0xF81F,
    0xF81F, 0xF81F, 0xF81F, 0xF81F, 0x424D, 0x424D, 0x424D, 0x424D, 0x4C18, 0x4C18, 0x4C18, 0x4C18, 0x3314, 0x3314, 0x3314, 0x3314,
    0x3314, 0x3314, 0x3314, 0x3314, 0x3314, 0x3314, 0x3314, 0x3314, 0x3314, 0x3314, 0x3314, 0x3314, 0x3314, 0x3314, 0x3314, 0x3314,
    0x3314, 0x3314, 0x3314, 0x3314, 0x3314, 0x3314, 0x3314, 0x3314, 0x3314, 0x3314, 0x3314, 0x3314, 0x3314, 0x3314, 0x3314, 0x3314,
    0x3314, 0x3314, 0x3314, 0x3314, 0x4C18, 0x4C18, 0x4C18, 0x4C18, 0x424D, 0x424D, 0x7BD0, 0x7BD0, 0x9516, 0x9516, 0x5ACE, 0x5ACE,
    0x424D, 0x424D, 0xADD9, 0xADD9, 0xADD9, 0xADD9, 0x424D, 0x424D, 0x424D, 0x424D, 0xADD9, 0xADD9, 0xADD9, 0xADD9, 0x424D, 0x424D,
    0x424D, 0x424D, 0xADD9, 0xADD9, 0xADD9, 0xADD9, 0x424D, 0x424D, 0x424D, 0x424D, 0xADD9, 0xADD9, 0xADD9, 0xADD9, 0x424D, 0x424D,
    0x5ACE, 0x5ACE, 0x9516, 0x9516, 0x7BD0, 0x7BD0, 0x424D, 0x424D, 0x4C18, 0x4C18, 0x4C18, 0x4C18, 0x3314, 0x3314, 0x3314, 0x3314,
    0x3314, 0x3314, 0x3314, 0x3314, 0x3314, 0x3314, 0x3314, 0x3314, 0x3314, 0x3314, 0x3314, 0x3314, 0x3314, 0x3314, 0x3314, 0x3314,
    0x3314, 0x3314, 0x3314, 0x3314, 0x3314, 0x3314, 0x3314, 0x3314, 0x3314, 0x3314, 0x3314, 0x3314, 0x3314, 0x3314, 0x3314, 0x3314,
    0x3314, 0x3314, 0x3314, 0x3314, 0x4C18, 0x4C18, 0x4C18, 0x4C18, 0x424D, 0x424D, 0x424D, 0x424D, 0xF81F, 0xF81F, 0xF81F, 0xF81F,
    0xF81F, 0xF81F, 0xF81F, 0xF81F, 0x424D, 0x424D, 0x424D, 0x424D, 0x4C18, 0x4C18, 0x4C18, 0x4C18, 0x3314, 0x3314, 0x3314, 0x3314,
    0x3314, 0x3314, 0x3314, 0x3314, 0x3314, 0x3314, 0x3314, 0x3314, 0x3314, 0x3314, 0x3314, 0x3314, 0x3314, 0x3314, 0x3314, 0x3314,
    0x3314, 0x3314, 0x3314, 0x3314, 0x3314, 0x3314, 0x3314, 0x3314, 0x3314, 0x3314, 0x3314, 0x3314, 0x3314, 0x3314, 0x3314, 0x3314,
    0x3314, 0x3314, 0x3314, 0x3314, 0x4C18, 0x4C18, 0x4C18, 0x4C18, 0x424D, 0x424D, 0x7BD0, 0x7BD0, 0x9516, 0x9516, 0x5ACE, 0x5ACE,
    0x424D, 0x424D, 0xADD9, 0xADD9, 0xADD9, 0xADD9, 0x424D, 0x424D, 0x424D, 0x424D, 0xADD9, 0xADD9, 0xADD9, 0xADD9, 0x424D, 0x424D,
    0x424D, 0x424D, 0xADD9, 0xADD9, 0xADD9, 0xADD9, 0x424D, 0x424D, 0x424D, 0x424D, 0xADD9, 0xADD9, 0xADD9, 0xADD9, 0x424D, 0x424D,
    0x5ACE, 0x5ACE, 0x9516, 0x9516, 0x7BD0, 0x7BD0, 0x424D, 0x424D, 0x4C18, 0x4C18, 0x4C18, 0x4C18, 0x3314, 0x3314, 0x3314, 0x3314,
    0x3314, 0x3314, 0x3314, 0x3314, 0x3314, 0x3314, 0x3314, 0x3314, 0x3314, 0x3314, 0x3314, 0x3314, 0x3314, 0x3314, 0x3314, 0x3314,
    0x3314, 0x3314, 0x3314, 0x3314, 0x3314, 0x3314, 0x3314, 0x3314, 0x3314, 0x3314, 0x3314, 0x3314, 0x3314, 0x3314, 0x3314, 0x3314,
    0x3314, 0x3314, 0x3314, 0x3314, 0x4C18, 0x4C18, 0x4C18, 0x4C18, 0x424D, 0x424D, 0x424D, 0x424D, 0xF81F, 0xF81F, 0xF81F, 0xF81F,
    0xF81F, 0xF81F, 0xF81F, 0xF81F, 0x424D, 0x424D, 0xCEDD, 0xCEDD, 0x424D, 0x424D, 0x424D, 0x424D, 0x424D, 0x424D, 0x424D, 0x424D,
    0x424D, 0x424D, 0x424D, 0x424D, 0x424D, 0x424D, 0x424D, 0x424D, 0x424D, 0x424D, 0x424D, 0x424D, 0x424D, 0x424D, 0x424D, 0x424D,
    0x424D, 0x424D, 0x424D, 0x424D, 0x424D, 0x424D, 0x424D, 0x424D, 0x424D, 0x424D, 0x424D, 0x424D, 0x424D, 0x424D, 0x424D, 0x424D,
    0x424D, 0x424D, 0x424D, 0x424D, 0x424D, 0x424D, 0x424D, 0x424D, 0x7BD0, 0x7BD0, 0x9516, 0x9516, 0xADD9, 0xADD9, 0x5ACE, 0x5ACE,
    0x4A8E, 0x4A8E, 0x424D, 0x424D, 0x424D, 0x424D, 0x3B74, 0x3B74, 0x3B74, 0x3B74, 0x424D, 0x424D, 0x424D, 0x424D, 0x3B74, 0x3B74,
    0x3B74, 0x3B74, 0x424D, 0x424D, 0x424D, 0x424D, 0x3B74, 0x3B74, 0x3B74, 0x3B74, 0x424D, 0x424D, 0x424D, 0x424D, 0x4A8E, 0x4A8E,
    0x5ACE, 0x5ACE, 0xADD9, 0xADD9, 0x9516, 0x9516, 0x7BD0, 0x7BD0, 0x424D, 0x424D, 0x424D, 0x424D, 0x424D, 0x424D, 0x424D, 0x424D,
    0x424D, 0x424D, 0x424D, 0x424D, 0x424D, 0x424D, 0x424D, 0x424D, 0x424D, 0x424D, 0x424D, 0x424D, 0x424D, 0x424D, 0x424D, 0x424D,
    0x424D, 0x424D, 0x424D, 0x424D, 0x424D, 0x424D, 0x424D, 0x424D, 0x424D, 0x424D, 0x424D, 0x424D, 0x424D, 0x424D, 0x424D, 0x424D,
    0x424D, 0x424D, 0x424D, 0x424D, 0x424D, 0x424D, 0x424D, 0x424D, 0xCEDD, 0xCEDD, 0x424D, 0x424D, 0xF81F, 0xF81F, 0xF81F, 0xF81F,
    0xF81F, 0xF81F, 0xF81F, 0xF81F, 0x424D, 0x424D, 0xCEDD, 0xCEDD, 0x424D, 0x424D, 0x424D, 0x424D, 0x424D, 0x424D, 0x424D, 0x424D,
    0x424D, 0x424D, 0x424D, 0x424D, 0x424D, 0x424D, 0x424D, 0x424D, 0x424D, 0x424D, 0x424D, 0x424D, 0x424D, 0x424D, 0x424D, 0x424D,
    0x424D, 0x424D, 0x424D, 0x424D, 0x424D, 0x424D, 0x424D, 0x424D, 0x424D, 0x424D, 0x424D, 0x424D, 0x424D, 0x424D, 0x424D, 0x424D,
    0x424D, 0x424D, 0x424D, 0x424D, 0x424D, 0x424D, 0x424D, 0x424D, 0x7BD0, 0x7BD0, 0x9516, 0x9516, 0xADD9, 0xADD9, 0x5ACE, 0x5ACE,
    0x4A8E, 0x4A8E, 0x424D, 0x424D, 0x424D, 0x424D, 0x3B74, 0x3B74, 0x3B74, 0x3B74, 0x424D, 0x424D, 0x424D, 0x424D, 0x3B74, 0x3B74,
    0x3B74, 0x3B74, 0x424D, 0x424D, 0x424D, 0x424D, 0x3B74, 0x3B74, 0x3B74, 0x3B74, 0x424D, 0x424D, 0x424D, 0x424D, 0x4A8E, 0x4A8E,
    0x5ACE, 0x5ACE, 0xADD9, 0xADD9, 0x9516, 0x9516, 0x7BD0, 0x7BD0, 0x424D, 0x424D, 0x424D, 0x424D, 0x424D, 0x424D, 0x424D, 0x424D,
    0x424D, 0x424D, 0x424D, 0x424D, 0x424D, 0x424D, 0x424D, 0x424D, 0x424D, 0x424D, 0x424D, 0x424D, 0x424D, 0x424D, 0x424D, 0x424D,
    0x424D, 0x424D, 0x424D, 0x424D, 0x424D, 0x424D, 0x424D, 0x424D, 0x424D, 0x424D, 0x424D, 0x424D, 0x424D, 0x424D, 0x424D, 0x424D,
    0x424D, 0x424D, 0x424D, 0x424D, 0x424D, 0x424D, 0x424D, 0x424D, 0xCEDD, 0xCEDD, 0x424D, 0x424D, 0xF81F, 0xF81F, 0xF81F, 0xF81F,
    0xF81F, 0xF81F, 0xF81F, 0xF81F, 0x424D, 0x424D, 0xCEDD, 0xCEDD, 0xCEDD, 0xCEDD, 0x9516, 0x9516, 0x7BD0, 0x7BD0, 0x7BD0, 0x7BD0,
    0x7BD0, 0x7BD0, 0x7BD0, 0x7BD0, 0x424D, 0x424D, 0x4C18, 0x4C18, 0x4C18, 0x4C18, 0x4C18, 0x4C18, 0x4C18, 0x4C18, 0x4C18, 0x4C18,
    0x4C18, 0x4C18, 0x4C18, 0x4C18, 0x4C18, 0x4C18, 0x4C18, 0x4C18, 0x4C18, 0x4C18, 0x424D, 0x424D, 0x7BD0, 0x7BD0, 0x7BD0, 0x7BD0,
    0x7BD0, 0x7BD0, 0x7BD0, 0x7BD0, 0x7BD0, 0x7BD0, 0x9516, 0x9516, 0xADD9, 0xADD9, 0xADD9, 0xADD9, 0x9516, 0x9516, 0x424D, 0x424D,
    0x4A8E, 0x4A8E, 0x3B74, 0x3B74, 0x3B74, 0x3B74, 0x6D9C, 0x6D9C, 0x5CB9, 0x5CB9, 0x5CB9, 0x5CB9, 0x5CB9, 0x5CB9, 0x6D9C, 0x6D9C,
    0x6D9C, 0x6D9C, 0x5CB9, 0x5CB9, 0x5CB9, 0x5CB9, 0x5CB9, 0x5CB9, 0x6D9C, 0x6D9C, 0x3B74, 0x3B74, 0x3B74, 0x3B74, 0x4A8E, 0x4A8E,
    0x424D, 0x424D, 0x9516, 0x9516, 0xADD9, 0xADD9, 0xADD9, 0xADD9, 0x9516, 0x9516, 0x7BD0, 0x7BD0, 0x7BD0, 0x7BD0, 0x7BD0, 0x7BD0,
    0x7BD0, 0x7BD0, 0x7BD0, 0x7BD0, 0x424D, 0x424D, 0x4C18, 0x4C18, 0x4C18, 0x4C18, 0x4C18, 0x4C18, 0x4C18, 0x4C18, 0x4C18, 0x4C18,
    0x4C18, 0x4C18, 0x4C18, 0x4C18, 0x4C18, 0x4C18, 0x4C18, 0x4C18, 0x4C18, 0x4C18, 0x424D, 0x424D, 0x7BD0, 0x7BD0, 0x7BD0, 0x7BD0,
    0x7BD0, 0x7BD0, 0x7BD0, 0x7BD0, 0x9516, 0x9516, 0xCEDD, 0xCEDD, 0xCEDD, 0xCEDD, 0x424D, 0x424D, 0xF81F, 0xF81F, 0xF81F, 0xF81F,
    0xF81F, 0xF81F, 0xF81F, 0xF81F, 0x424D, 0x424D, 0xCEDD, 0xCEDD, 0xCEDD, 0xCEDD, 0x9516, 0x9516, 0x7BD0, 0x7BD0, 0x7BD0, 0x7BD0,
    0x7BD0, 0x7BD0, 0x7BD0, 0x7BD0, 0x424D, 0x424D, 0x4C18, 0x4C18, 0x4C18, 0x4C18, 0x4C18, 0x4C18, 0x4C18, 0x4C18, 0x4C18, 0x4C18,
    0x4C18, 0x4C18, 0x4C18, 0x4C18, 0x4C18, 0x4C18, 0x4C18, 0x4C18, 0x4C18, 0x4C18, 0x424D, 0x424D, 0x7BD0, 0x7BD0, 0x7BD0, 0x7BD0,
    0x7BD0, 0x7BD0, 0x7BD0, 0x7BD0, 0x7BD0, 0x7BD0, 0x9516, 0x9516, 0xADD9, 0xADD9, 0xADD9, 0xADD9, 0x9516, 0x9516, 0x424D, 0x424D,
    0x4A8E, 0x4A8E, 0x3B74, 0x3B74, 0x3B74, 0x3B74, 0x6D9C, 0x6D9C, 0x5CB9, 0x5CB9, 0x5CB9, 0x5CB9, 0x5CB9, 0x5CB9, 0x6D9C, 0x6D9C,
    0x6D9C, 0x6D9C, 0x5CB9, 0x5CB9, 0x5CB9, 0x5CB9, 0x5CB9, 0x5CB9, 0x6D9C, 0x6D9C, 0x3B74, 0x3B74, 0x3B74, 0x3B74, 0x4A8E, 0x4A8E,
    0x424D, 0x424D, 0x9516, 0x9516, 0xADD9, 0xADD9, 0xADD9, 0xADD9, 0x9516, 0x9516, 0x7BD0, 0x7BD0, 0x7BD0, 0x7BD0, 0x7BD0, 0x7BD0,
    0x7BD0, 0x7BD0, 0x7BD0, 0x7BD0, 0x424D, 0x424D, 0x4C18, 0x4C18, 0x4C18, 0x4C18, 0x4C18, 0x4C18, 0x4C18, 0x4C18, 0x4C18, 0x4C18,
    0x4C18, 0x4C18, 0x4C18, 0x4C18, 0x4C18, 0x4C18, 0x4C18, 0x4C18, 0x4C18, 0x4C18, 0x424D, 0x424D, 0x7BD0, 0x7BD0, 0x7BD0, 0x7BD0,
    0x7BD0, 0x7BD0, 0x7BD0, 0x7BD0, 0x9516, 0x9516, 0xCEDD, 0xCEDD, 0xCEDD, 0xCEDD, 0x424D, 0x424D, 0xF81F, 0xF81F, 0xF81F, 0xF81F,
    0xF81F, 0xF81F, 0xF81F, 0xF81F, 0x424D, 0x424D, 0xCEDD, 0xCEDD, 0xF79F, 0xF79F, 0xCEDD, 0xCEDD, 0x9516, 0x9516, 0x9516, 0x9516,
    0x7BD0, 0x7BD0, 0x7BD0, 0x7BD0, 0x424D, 0x424D, 0x4C18, 0x4C18, 0x4C18, 0x4C18, 0x4C18, 0x4C18, 0x4C18, 0x4C18, 0x4C18, 0x4C18,
    0x4C18, 0x4C18, 0x4C18, 0x4C18, 0x4C18, 0x4C18, 0x4C18, 0x4C18, 0x4C18, 0x4C18, 0x424D, 0x424D, 0x7BD0, 0x7BD0, 0x7BD0, 0x7BD0,
    0x9516, 0x9516, 0x9516, 0x9516, 0xCEDD, 0xCEDD, 0xCEDD, 0xCEDD, 0xADD9, 0xADD9, 0x9516, 0x9516, 0x424D, 0x424D, 0x424D, 0x424D,
    0x3B74, 0x3B74, 0x5CB9, 0x5CB9, 0x5CB9, 0x5CB9, 0x75DE, 0x75DE, 0x651B, 0x651B, 0x651B, 0x651B, 0x651B, 0x651B, 0x75DE, 0x75DE,
    0x75DE, 0x75DE, 0x651B, 0x651B, 0x651B, 0x651B, 0x651B, 0x651B, 0x75DE, 0x75DE, 0x5CB9, 0x5CB9, 0x5CB9, 0x5CB9, 0x3B74, 0x3B74,
    0x424D, 0x424D, 0x424D, 0x424D, 0x9516, 0x9516, 0xADD9, 0xADD9, 0xCEDD, 0xCEDD, 0xCEDD, 0xCEDD, 0x9516, 0x9516, 0x9516, 0x9516,
    0x7BD0, 0x7BD0, 0x7BD0, 0x7BD0, 0x424D, 0x424D, 0x4C18, 0x4C18, 0x4C18, 0x4C18, 0x4C18, 0x4C18, 0x4C18, 0x4C18, 0x4C18, 0x4C18,
    0x4C18, 0x4C18, 0x4C18, 0x4C18, 0x4C18, 0x4C18, 0x4C18, 0x4C18, 0x4C18, 0x4C18, 0x424D, 0x424D, 0x7BD0, 0x7BD0, 0x7BD0, 0x7BD0,
    0x9516, 0x9516, 0x9516, 0x9516, 0xCEDD, 0xCEDD, 0xF79F, 0xF79F, 0xCEDD, 0xCEDD, 0x424D, 0x424D, 0xF81F, 0xF81F, 0xF81F, 0xF81F,
    0xF81F, 0xF81F, 0xF81F, 0xF81F, 0x424D, 0x424D, 0xCEDD, 0xCEDD, 0xF79F, 0xF79F, 0xCEDD, 0xCEDD, 0x9516, 0x9516, 0x9516, 0x9516,
    0x7BD0, 0x7BD0, 0x7BD0, 0x7BD0, 0x424D, 0x424D, 0x4C18, 0x4C18, 0x4C18, 0x4C18, 0x4C18, 0x4C18, 0x4C18, 0x4C18, 0x4C18, 0x4C18,
    0x4C18, 0x4C18, 0x4C18, 0x4C18, 0x4C18, 0x4C18, 0x4C18, 0x4C18, 0x4C18, 0x4C18, 0x424D, 0x424D, 0x7BD0, 0x7BD0, 0x7BD0, 0x7BD0,
    0x9516, 0x9516, 0x9516, 0x9516, 0xCEDD, 0xCEDD, 0xCEDD, 0xCEDD, 0xADD9, 0xADD9, 0x9516, 0x9516, 0x424D, 0x424D, 0x424D, 0x424D,
    0x3B74, 0x3B74, 0x5CB9, 0x5CB9, 0x5CB9, 0x5CB9, 0x75DE, 0x75DE, 0x651B, 0x651B, 0x651B, 0x651B, 0x651B, 0x651B, 0x75DE, 0x75DE,
    0x75DE, 0x75DE, 0x651B, 0x651B, 0x651B, 0x651B, 0x651B, 0x651B, 0x75DE, 0x75DE, 0x5CB9, 0x5CB9, 0x5CB9, 0x5CB9, 0x3B74, 0x3B74,
    0x424D, 0x424D, 0x424D, 0x424D, 0x9516, 0x9516, 0xADD9, 0xADD9, 0xCEDD, 0xCEDD, 0xCEDD, 0xCEDD, 0x9516, 0x9516, 0x9516, 0x9516,
    0x7BD0, 0x7BD0, 0x7BD0, 0x7BD0, 0x424D, 0x424D, 0x4C18, 0x4C18, 0x4C18, 0x4C18, 0x4C18, 0x4C18, 0x4C18, 0x4C18, 0x4C18, 0x4C18,
    0x4C18, 0x4C18, 0x4C18, 0x4C18, 0x4C18, 0x4C18, 0x4C18, 0x4C18, 0x4C18, 0x4C18, 0x424D, 0x424D, 0x7BD0, 0x7BD0, 0x7BD0, 0x7BD0,
    0x9516, 0x9516, 0x9516, 0x9516, 0xCEDD, 0xCEDD, 0xF79F, 0xF79F, 0xCEDD, 0xCEDD, 0x424D, 0x424D, 0xF81F, 0xF81F, 0xF81F, 0xF81F,
    0xF81F, 0xF81F, 0xF81F, 0xF81F, 0x424D, 0x424D, 0xADD9, 0xADD9, 0xF79F, 0xF79F, 0xF79F, 0xF79F, 0xF79F, 0xF79F, 0xCEDD, 0xCEDD,
    0xADD9, 0xADD9, 0xADD9, 0xADD9, 0x424D, 0x424D, 0x4C18, 0x4C18, 0x4C18, 0x4C18, 0x4C18, 0x4C18, 0x4C18, 0x4C18, 0x4C18, 0x4C18,
    0x4C18, 0x4C18, 0x4C18, 0x4C18, 0x4C18, 0x4C18, 0x4C18, 0x4C18, 0x4C18, 0x4C18, 0x424D, 0x424D, 0xADD9, 0xADD9, 0xADD9, 0xADD9,
    0xCEDD, 0xCEDD, 0xF79F, 0xF79F, 0xF79F, 0xF79F, 0xF79F, 0xF79F, 0xCEDD, 0xCEDD, 0x424D, 0x424D, 0x73B2, 0x73B2, 0x73B2, 0x73B2,
    0x424D, 0x424D, 0x424D, 0x424D, 0x424D, 0x424D, 0x424D, 0x424D, 0x424D, 0x424D, 0x424D, 0x424D, 0x424D, 0x424D, 0x424D, 0x424D,
    0x424D, 0x424D, 0x424D, 0x424D, 0x424D, 0x424D, 0x424D, 0x424D, 0x424D, 0x424D, 0x424D, 0x424D, 0x424D, 0x424D, 0x424D, 0x424D,
    0x73B2, 0x73B2, 0x73B2, 0x73B2, 0x424D, 0x424D, 0xCEDD, 0xCEDD, 0xF79F, 0xF79F, 0xF79F, 0xF79F, 0xF79F, 0xF79F, 0xCEDD, 0xCEDD,
    0xADD9, 0xADD9, 0xADD9, 0xADD9, 0x424D, 0x424D, 0x4C18, 0x4C18, 0x4C18, 0x4C18, 0x4C18, 0x4C18, 0x4C18, 0x4C18, 0x4C18, 0x4C18,
    0x4C18, 0x4C18, 0x4C18, 0x4C18, 0x4C18, 0x4C18, 0x4C18, 0x4C18, 0x4C18, 0x4C18, 0x424D, 0x424D, 0xADD9, 0xADD9, 0xADD9, 0xADD9,
    0xCEDD, 0xCEDD, 0xF79F, 0xF79F, 0xF79F, 0xF79F, 0xF79F, 0xF79F, 0xADD9, 0xADD9, 0x424D, 0x424D, 0xF81F, 0xF81F, 0xF81F, 0xF81F,
    0xF81F, 0xF81F, 0xF81F, 0xF81F, 0x424D, 0x424D, 0xADD9, 0xADD9, 0xF79F, 0xF79F, 0xF79F, 0xF79F, 0xF79F, 0xF79F, 0xCEDD, 0xCEDD,
    0xADD9, 0xADD9, 0xADD9, 0xADD9, 0x424D, 0x424D, 0x4C18, 0x4C18, 0x4C18, 0x4C18, 0x4C18, 0x4C18, 0x4C18, 0x4C18, 0x4C18, 0x4C18,
    0x4C18, 0x4C18, 0x4C18, 0x4C18, 0x4C18, 0x4C18, 0x4C18, 0x4C18, 0x4C18, 0x4C18, 0x424D, 0x424D, 0xADD9, 0xADD9, 0xADD9, 0xADD9,
    0xCEDD, 0xCEDD, 0xF79F, 0xF79F, 0xF79F, 0xF79F, 0xF79F, 0xF79F, 0xCEDD, 0xCEDD, 0x424D, 0x424D, 0x73B2, 0x73B2, 0x73B2, 0x73B2,
    0x424D, 0x424D, 0x424D, 0x424D, 0x424D, 0x424D, 0x424D, 0x424D, 0x424D, 0x424D, 0x424D, 0x424D, 0x424D, 0x424D, 0x424D, 0x424D,
    0x424D, 0x424D, 0x424D, 0x424D, 0x424D, 0x424D, 0x424D, 0x424D, 0x424D, 0x424D, 0x424D, 0x424D, 0x424D, 0x424D, 0x424D, 0x424D,
    0x73B2, 0x73B2, 0x73B2, 0x73B2, 0x424D, 0x424D, 0xCEDD, 0xCEDD, 0xF79F, 0xF79F, 0xF79F, 0xF79F, 0xF79F, 0xF79F, 0xCEDD, 0xCEDD,
    0xADD9, 0xADD9, 0xADD9, 0xADD9, 0x424D, 0x424D, 0x4C18, 0x4C18, 0x4C18, 0x4C18, 0x4C18, 0x4C18, 0x4C18, 0x4C18, 0x4C18, 0x4C18,
    0x4C18, 0x4C18, 0x4C18, 0x4C18, 0x4C18, 0x4C18, 0x4C18, 0x4C18, 0x4C18, 0x4C18, 0x424D, 0x424D, 0xADD9, 0xADD9, 0xADD9, 0xADD9,
    0xCEDD, 0xCEDD, 0xF79F, 0xF79F, 0xF79F, 0xF79F, 0xF79F, 0xF79F, 0xADD9, 0xADD9, 0x424D, 0x424D, 0xF81F, 0xF81F, 0xF81F, 0xF81F,
    0xF81F, 0xF81F, 0x424D, 0x424D, 0xCEDD, 0xCEDD, 0xF79F, 0xF79F, 0xADD9, 0xADD9, 0xF79F, 0xF79F, 0xF79F, 0xF79F, 0xF79F, 0xF79F,
    0xCEDD, 0xCEDD, 0xCEDD, 0xCEDD, 0x424D, 0x424D, 0x75DE, 0x75DE, 0x75DE, 0x75DE, 0x75DE, 0x75DE, 0x75DE, 0x75DE, 0x4C18, 0x4C18,
    0x4C18, 0x4C18, 0x75DE, 0x75DE, 0x75DE, 0x75DE, 0x75DE, 0x75DE, 0x75DE, 0x75DE, 0x424D, 0x424D, 0xCEDD, 0xCEDD, 0xCEDD, 0xCEDD,
    0xF79F, 0xF79F, 0xF79F, 0xF79F, 0xF79F, 0xF79F, 0xCEDD, 0xCEDD, 0xADD9, 0xADD9, 0x424D, 0x424D, 0x73B2, 0x73B2, 0x7BD3, 0x7BD3,
    0x7BD3, 0x7BD3, 0x7BD3, 0x7BD3, 0x7BD3, 0x7BD3, 0x7BD3, 0x7BD3, 0x7BD3, 0x7BD3, 0x7BD3, 0x7BD3, 0x7BD3, 0x7BD3, 0x7BD3, 0x7BD3,
    0x7BD3, 0x7BD3, 0x7BD3, 0x7BD3, 0x7BD3, 0x7BD3, 0x7BD3, 0x7BD3, 0x7BD3, 0x7BD3, 0x7BD3, 0x7BD3, 0x7BD3, 0x7BD3, 0x7BD3, 0x7BD3,
    0x7BD3, 0x7BD3, 0x73B2, 0x73B2, 0x424D, 0x424D, 0xADD9, 0xADD9, 0xCEDD, 0xCEDD, 0xF79F, 0xF79F, 0xF79F, 0xF79F, 0xF79F, 0xF79F,
    0xCEDD, 0xCEDD, 0xCEDD, 0xCEDD, 0x424D, 0x424D, 0x75DE, 0x75DE, 0x75DE, 0x75DE, 0x75DE, 0x75DE, 0x75DE, 0x75DE, 0x4C18, 0x4C18,
    0x4C18, 0x4C18, 0x75DE, 0x75DE, 0x75DE, 0x75DE, 0x75DE, 0x75DE, 0x75DE, 0x75DE, 0x424D, 0x424D, 0xCEDD, 0xCEDD, 0xCEDD, 0xCEDD,
    0xF79F, 0xF79F, 0xF79F, 0xF79F, 0xF79F, 0xF79F, 0xADD9, 0xADD9, 0xF79F, 0xF79F, 0xCEDD, 0xCEDD, 0x424D, 0x424D, 0xF81F, 0xF81F,
    0xF81F, 0xF81F, 0x424D, 0x424D, 0xCEDD, 0xCEDD, 0xF79F, 0xF79F, 0xADD9, 0xADD9, 0xF79F, 0xF79F, 0xF79F, 0xF79F, 0xF79F, 0xF79F,
    0xCEDD, 0xCEDD, 0xCEDD, 0xCEDD, 0x424D, 0x424D, 0x75DE, 0x75DE, 0x75DE, 0x75DE, 0x75DE, 0x75DE, 0x75DE, 0x75DE, 0x4C18, 0x4C18,
    0x4C18, 0x4C18, 0x75DE, 0x75DE, 0x75DE, 0x75DE, 0x75DE, 0x75DE, 0x75DE, 0x75DE, 0x424D, 0x424D, 0xCEDD, 0xCEDD, 0xCEDD, 0xCEDD,
    0xF79F, 0xF79F, 0xF79F, 0xF79F, 0xF79F, 0xF79F, 0xCEDD, 0xCEDD, 0xADD9, 0xADD9, 0x424D, 0x424D, 0x73B2, 0x73B2, 0x7BD3, 0x7BD3,
    0x7BD3, 0x7BD3, 0x7BD3, 0x7BD3, 0x7BD3, 0x7BD3, 0x7BD3, 0x7BD3, 0x7BD3, 0x7BD3, 0x7BD3, 0x7BD3, 0x7BD3, 0x7BD3, 0x7BD3, 0x7BD3,
    0x7BD3, 0x7BD3, 0x7BD3, 0x7BD3, 0x7BD3, 0x7BD3, 0x7BD3, 0x7BD3, 0x7BD3, 0x7BD3, 0x7BD3, 0x7BD3, 0x7BD3, 0x7BD3, 0x7BD3, 0x7BD3,
    0x7BD3, 0x7BD3, 0x73B2, 0x73B2, 0x424D, 0x424D, 0xADD9, 0xADD9, 0xCEDD, 0xCEDD, 0xF79F, 0xF79F, 0xF79F, 0xF79F, 0xF79F, 0xF79F,
    0xCEDD, 0xCEDD, 0xCEDD, 0xCEDD, 0x424D, 0x424D, 0x75DE, 0x75DE, 0x75DE, 0x75DE, 0x75DE, 0x75DE, 0x75DE, 0x75DE, 0x4C18, 0x4C18,
    0x4C18, 0x4C18, 0x75DE, 0x75DE, 0x75DE, 0x75DE, 0x75DE, 0x75DE, 0x75DE, 0x75DE, 0x424D, 0x424D, 0xCEDD, 0xCEDD, 0xCEDD, 0xCEDD,
    0xF79F, 0xF79F, 0xF79F, 0xF79F, 0xF79F, 0xF79F, 0xADD9, 0xADD9, 0xF79F, 0xF79F, 0xCEDD, 0xCEDD, 0x424D, 0x424D, 0xF81F, 0xF81F,
    0xF81F, 0xF81F, 0x424D, 0x424D, 0xCEDD, 0xCEDD, 0xF79F, 0xF79F, 0xF79F, 0xF79F, 0xADD9, 0xADD9, 0xF79F, 0xF79F, 0xF79F, 0xF79F,
    0xCEDD, 0xCEDD, 0xCEDD, 0xCEDD, 0x424D, 0x424D, 0x75DE, 0x75DE, 0x75DE, 0x75DE, 0x75DE, 0x75DE, 0x75DE, 0x75DE, 0x4C18, 0x4C18,
    0x4C18, 0x4C18, 0x75DE, 0x75DE, 0x75DE, 0x75DE, 0x75DE, 0x75DE, 0x75DE, 0x75DE, 0x424D, 0x424D, 0xCEDD, 0xCEDD, 0xCEDD, 0xCEDD,
    0xF79F, 0xF79F, 0xF79F, 0xF79F, 0xADD9, 0xADD9, 0xF79F, 0xF79F, 0xCEDD, 0xCEDD, 0x9516, 0x9516, 0x424D, 0x424D, 0x426E, 0x426E,
    0x4AAF, 0x4AAF, 0x426E, 0x426E, 0x424D, 0x424D, 0x424D, 0x424D, 0x424D, 0x424D, 0x424D, 0x424D, 0x424D, 0x424D, 0x424D, 0x424D,
    0x424D, 0x424D, 0x424D, 0x424D, 0x424D, 0x424D, 0x424D, 0x424D, 0x424D, 0x424D, 0x424D, 0x424D, 0x426E, 0x426E, 0x4AAF, 0x4AAF,
    0x426E, 0x426E, 0x424D, 0x424D, 0x9516, 0x9516, 0xCEDD, 0xCEDD, 0xF79F, 0xF79F, 0xADD9, 0xADD9, 0xF79F, 0xF79F, 0xF79F, 0xF79F,
    0xCEDD, 0xCEDD, 0xCEDD, 0xCEDD, 0x424D, 0x424D, 0x75DE, 0x75DE, 0x75DE, 0x75DE, 0x75DE, 0x75DE, 0x75DE, 0x75DE, 0x4C18, 0x4C18,
    0x4C18, 0x4C18, 0x75DE, 0x75DE, 0x75DE, 0x75DE, 0x75DE, 0x75DE, 0x75DE, 0x75DE, 0x424D, 0x424D, 0xCEDD, 0xCEDD, 0xCEDD, 0xCEDD,
    0xF79F, 0xF79F, 0xF79F, 0xF79F, 0xADD9, 0xADD9, 0xF79F, 0xF79F, 0xF79F, 0xF79F, 0xCEDD, 0xCEDD, 0x424D, 0x424D, 0xF81F, 0xF81F,
    0xF81F, 0xF81F, 0x424D, 0x424D, 0xCEDD, 0xCEDD, 0xF79F, 0xF79F, 0xF79F, 0xF79F, 0xADD9, 0xADD9, 0xF79F, 0xF79F, 0xF79F, 0xF79F,
    0xCEDD, 0xCEDD, 0xCEDD, 0xCEDD, 0x424D, 0x424D, 0x75DE, 0x75DE, 0x75DE, 0x75DE, 0x75DE, 0x75DE, 0x75DE, 0x75DE, 0x4C18, 0x4C18,
    0x4C18, 0x4C18, 0x75DE, 0x75DE, 0x75DE, 0x75DE, 0x75DE, 0x75DE, 0x75DE, 0x75DE, 0x424D, 0x424D, 0xCEDD, 0xCEDD, 0xCEDD, 0xCEDD,
    0xF79F, 0xF79F, 0xF79F, 0xF79F, 0xADD9, 0xADD9, 0xF79F, 0xF79F, 0xCEDD, 0xCEDD, 0x9516, 0x9516, 0x424D, 0x424D, 0x426E, 0x426E,
    0x4AAF, 0x4AAF, 0x426E, 0x426E, 0x424D, 0x424D, 0x424D, 0x424D, 0x424D, 0x424D, 0x424D, 0x424D, 0x424D, 0x424D, 0x424D, 0x424D,
    0x424D, 0x424D, 0x424D, 0x424D, 0x424D, 0x424D, 0x424D, 0x424D, 0x424D, 0x424D, 0x424D, 0x424D, 0x426E, 0x426E, 0x4AAF, 0x4AAF,
    0x426E, 0x426E, 0x424D, 0x424D, 0x9516, 0x9516, 0xCEDD, 0xCEDD, 0xF79F, 0xF79F, 0xADD9, 0xADD9, 0xF79F, 0xF79F, 0xF79F, 0xF79F,
    0xCEDD, 0xCEDD, 0xCEDD, 0xCEDD, 0x424D, 0x424D, 0x75DE, 0x75DE, 0x75DE, 0x75DE, 0x75DE, 0x75DE, 0x75DE, 0x75DE, 0x4C18, 0x4C18,
    0x4C18, 0x4C18, 0x75DE, 0x75DE, 0x75DE, 0x75DE, 0x75DE, 0x75DE, 0x75DE, 0x75DE, 0x424D, 0x424D, 0xCEDD, 0xCEDD, 0xCEDD, 0xCEDD,
    0xF79F, 0xF79F, 0xF79F, 0xF79F, 0xADD9, 0xADD9, 0xF79F, 0xF79F, 0xF79F, 0xF79F, 0xCEDD, 0xCEDD, 0x424D, 0x424D, 0xF81F, 0xF81F,
    0xF81F, 0xF81F, 0x424D, 0x424D, 0xCEDD, 0xCEDD, 0xF79F, 0xF79F, 0xF79F, 0xF79F, 0xF79F, 0xF79F, 0xADD9, 0xADD9, 0xF79F, 0xF79F,
    0xCEDD, 0xCEDD, 0xCEDD, 0xCEDD, 0x424D, 0x424D, 0x4C18, 0x4C18, 0x4C18, 0x4C18, 0x4C18, 0x4C18, 0x4C18, 0x4C18, 0x4C18, 0x4C18,
    0x4C18, 0x4C18, 0x4C18, 0x4C18, 0x4C18, 0x4C18, 0x4C18, 0x4C18, 0x4C18, 0x4C18, 0x424D, 0x424D, 0xCEDD, 0xCEDD, 0xCEDD, 0xCEDD,
    0xF79F, 0xF79F, 0xADD9, 0xADD9, 0xF79F, 0xF79F, 0xF79F, 0xF79F, 0xCEDD, 0xCEDD, 0x9516, 0x9516, 0x5ACE, 0x5ACE, 0x424D, 0x424D,
    0x42F4, 0x42F4, 0x424D, 0x424D, 0xDB4C, 0xDB4C, 0xDC4D, 0xDC4D, 0xDB4C, 0xDB4C, 0xDB4C, 0xDB4C, 0xDB4C, 0xDB4C, 0xDC4D, 0xDC4D,
    0xDC4D, 0xDC4D, 0xDB4C, 0xDB4C, 0xDB4C, 0xDB4C, 0xDB4C, 0xDB4C, 0xDC4D, 0xDC4D, 0xDB4C, 0xDB4C, 0x424D, 0x424D, 0x42F4, 0x42F4,
    0x424D, 0x424D, 0x5ACE, 0x5ACE, 0x9516, 0x9516, 0xCEDD, 0xCEDD, 0xF79F, 0xF79F, 0xF79F, 0xF79F, 0xADD9, 0xADD9, 0xF79F, 0xF79F,
    0xCEDD, 0xCEDD, 0xCEDD, 0xCEDD, 0x424D, 0x424D, 0x4C18, 0x4C18, 0x4C18, 0x4C18, 0x4C18, 0x4C18, 0x4C18, 0x4C18, 0x4C18, 0x4C18,
    0x4C18, 0x4C18, 0x4C18, 0x4C18, 0x4C18, 0x4C18, 0x4C18, 0x4C18, 0x4C18, 0x4C18, 0x424D, 0x424D, 0xCEDD, 0xCEDD, 0xCEDD, 0xCEDD,
    0xF79F, 0xF79F, 0xADD9, 0xADD9, 0xF79F, 0xF79F, 0xF79F, 0xF79F, 0xF79F, 0xF79F, 0xCEDD, 0xCEDD, 0x424D, 0x424D, 0xF81F, 0xF81F,
    0xF81F, 0xF81F, 0x424D, 0x424D, 0xCEDD, 0xCEDD, 0xF79F, 0xF79F, 0xF79F, 0xF79F, 0xF79F, 0xF79F, 0xADD9, 0xADD9, 0xF79F, 0xF79F,
    0xCEDD, 0xCEDD, 0xCEDD, 0xCEDD, 0x424D, 0x424D, 0x4C18, 0x4C18, 0x4C18, 0x4C18, 0x4C18, 0x4C18, 0x4C18, 0x4C18, 0x4C18, 0x4C18,
    0x4C18, 0x4C18, 0x4C18, 0x4C18, 0x4C18, 0x4C18, 0x4C18, 0x4C18, 0x4C18, 0x4C18, 0x424D, 0x424D, 0xCEDD, 0xCEDD, 0xCEDD, 0xCEDD,
    0xF79F, 0xF79F, 0xADD9, 0xADD9, 0xF79F, 0xF79F, 0xF79F, 0xF79F, 0xCEDD, 0xCEDD, 0x9516, 0x9516, 0x5ACE, 0x5ACE, 0x424D, 0x424D,
    0x42F4, 0x42F4, 0x424D, 0x424D, 0xDB4C, 0xDB4C, 0xDC4D, 0xDC4D, 0xDB4C, 0xDB4C, 0xDB4C, 0xDB4C, 0xDB4C, 0xDB4C, 0xDC4D, 0xDC4D,
    0xDC4D, 0xDC4D, 0xDB4C, 0xDB4C, 0xDB4C, 0xDB4C, 0xDB4C, 0xDB4C, 0xDC4D, 0xDC4D, 0xDB4C, 0xDB4C, 0x424D, 0x424D, 0x42F4, 0x42F4,
    0x424D, 0x424D, 0x5ACE, 0x5ACE, 0x9516, 0x9516, 0xCEDD, 0xCEDD, 0xF79F, 0xF79F, 0xF79F, 0xF79F, 0xADD9, 0xADD9, 0xF79F, 0xF79F,
    0xCEDD, 0xCEDD, 0xCEDD, 0xCEDD, 0x424D, 0x424D, 0x4C18, 0x4C18, 0x4C18, 0x4C18, 0x4C18, 0x4C18, 0x4C18, 0x4C18, 0x4C18, 0x4C18,
    0x4C18, 0x4C18, 0x4C18, 0x4C18, 0x4C18, 0x4C18, 0x4C18, 0x4C18, 0x4C18, 0x4C18, 0x424D, 0x424D, 0xCEDD, 0xCEDD, 0xCEDD, 0xCEDD,
    0xF79F, 0xF79F, 0xADD9, 0xADD9, 0xF79F, 0xF79F, 0xF79F, 0xF79F, 0xF79F, 0xF79F, 0xCEDD, 0xCEDD, 0x424D, 0x424D, 0xF81F, 0xF81F,
    0xF81F, 0xF81F, 0x424D, 0x424D, 0xADD9, 0xADD9, 0xCEDD, 0xCEDD, 0xF79F, 0xF79F, 0xF79F, 0xF79F, 0xF79F, 0xF79F, 0xADD9, 0xADD9,
    0xADD9, 0xADD9, 0xADD9, 0xADD9, 0xADD9, 0xADD9, 0xF79F, 0xF79F, 0xF79F, 0xF79F, 0xF79F, 0xF79F, 0xF79F, 0xF79F, 0xF79F, 0xF79F,
    0xF79F, 0xF79F, 0xF79F, 0xF79F, 0xF79F, 0xF79F, 0xF79F, 0xF79F, 0xF79F, 0xF79F, 0xADD9, 0xADD9, 0xADD9, 0xADD9, 0xADD9, 0xADD9,
    0xADD9, 0xADD9, 0xF79F, 0xF79F, 0xF79F, 0xF79F, 0xF79F, 0xF79F, 0xCEDD, 0xCEDD, 0x9516, 0x9516, 0x5ACE, 0x5ACE, 0x424D, 0x424D,
    0x3B74, 0x3B74, 0x424D, 0x424D, 0xDB4C, 0xDB4C, 0xEC8E, 0xEC8E, 0xDB4C, 0xDB4C, 0xDB4C, 0xDB4C, 0xDB4C, 0xDB4C, 0xEC8E, 0xEC8E,
    0xEC8E, 0xEC8E, 0xDB4C, 0xDB4C, 0xDB4C, 0xDB4C, 0xDB4C, 0xDB4C, 0xEC8E, 0xEC8E, 0xDB4C, 0xDB4C, 0x424D, 0x424D, 0x3B74, 0x3B74,
    0x424D, 0x424D, 0x5ACE, 0x5ACE, 0x9516, 0x9516, 0xCEDD, 0xCEDD, 0xF79F, 0xF79F, 0xF79F, 0xF79F, 0xF79F, 0xF79F, 0xADD9, 0xADD9,
    0xADD9, 0xADD9, 0xADD9, 0xADD9, 0xADD9, 0xADD9, 0xF79F, 0xF79F, 0xF79F, 0xF79F, 0xF79F, 0xF79F, 0xF79F, 0xF79F, 0xF79F, 0xF79F,
    0xF79F, 0xF79F, 0xF79F, 0xF79F, 0xF79F, 0xF79F, 0xF79F, 0xF79F, 0xF79F, 0xF79F, 0xADD9, 0xADD9, 0xADD9, 0xADD9, 0xADD9, 0xADD9,
    0xADD9, 0xADD9, 0xF79F, 0xF79F, 0xF79F, 0xF79F, 0xF79F, 0xF79F, 0xCEDD, 0xCEDD, 0xADD9, 0xADD9, 0x424D, 0x424D, 0xF81F, 0xF81F,
    0xF81F, 0xF81F, 0x424D, 0x424D, 0xADD9, 0xADD9, 0xCEDD, 0xCEDD, 0xF79F, 0xF79F, 0xF79F, 0xF79F, 0xF79F, 0xF79F, 0xADD9, 0xADD9,
    0xADD9, 0xADD9, 0xADD9, 0xADD9, 0xADD9, 0xADD9, 0xF79F, 0xF79F, 0xF79F, 0xF79F, 0xF79F, 0xF79F, 0xF79F, 0xF79F, 0xF79F, 0xF79F,
    0xF79F, 0xF79F, 0xF79F, 0xF79F, 0xF79F, 0xF79F, 0xF79F, 0xF79F, 0xF79F, 0xF79F, 0xADD9, 0xADD9, 0xADD9, 0xADD9, 0xADD9, 0xADD9,
    0xADD9, 0xADD9, 0xF79F, 0xF79F, 0xF79F, 0xF79F, 0xF79F, 0xF79F, 0xCEDD, 0xCEDD, 0x9516, 0x9516, 0x5ACE, 0x5ACE, 0x424D, 0x424D,
    0x3B74, 0x3B74, 0x424D, 0x424D, 0xDB4C, 0xDB4C, 0xEC8E, 0xEC8E, 0xDB4C, 0xDB4C, 0xDB4C, 0xDB4C, 0xDB4C, 0xDB4C, 0xEC8E, 0xEC8E,
    0xEC8E, 0xEC8E, 0xDB4C, 0xDB4C, 0xDB4C, 0xDB4C, 0xDB4C, 0xDB4C, 0xEC8E, 0xEC8E, 0xDB4C, 0xDB4C, 0x424D, 0x424D, 0x3B74, 0x3B74,
    0x424D, 0x424D, 0x5ACE, 0x5ACE, 0x9516, 0x9516, 0xCEDD, 0xCEDD, 0xF79F, 0xF79F, 0xF79F, 0xF79F, 0xF79F, 0xF79F, 0xADD9, 0xADD9,
    0xADD9, 0xADD9, 0xADD9, 0xADD9, 0xADD9, 0xADD9, 0xF79F, 0xF79F, 0xF79F, 0xF79F, 0xF79F, 0xF79F, 0xF79F, 0xF79F, 0xF79F, 0xF79F,
    0xF79F, 0xF79F, 0xF79F, 0xF79F, 0xF79F, 0xF79F, 0xF79F, 0xF79F, 0xF79F, 0xF79F, 0xADD9, 0xADD9, 0xADD9, 0xADD9, 0xADD9, 0xADD9,
    0xADD9, 0xADD9, 0xF79F, 0xF79F, 0xF79F, 0xF79F, 0xF79F, 0xF79F, 0xCEDD, 0xCEDD, 0xADD9, 0xADD9, 0x424D, 0x424D, 0xF81F, 0xF81F,
    0xF81F, 0xF81F, 0xF81F, 0xF81F, 0x424D, 0x424D, 0xADD9, 0xADD9, 0xCEDD, 0xCEDD, 0xF79F, 0xF79F, 0xF79F, 0xF79F, 0xF79F, 0xF79F,
    0xF79F, 0xF79F, 0xF79F, 0xF79F, 0xF79F, 0xF79F, 0xF79F, 0xF79F, 0xF79F, 0xF79F, 0xF79F, 0xF79F, 0xF79F, 0xF79F, 0xF79F, 0xF79F,
    0xF79F, 0xF79F, 0xF79F, 0xF79F, 0xF79F, 0xF79F, 0xF79F, 0xF79F, 0xF79F, 0xF79F, 0xF79F, 0xF79F, 0xF79F, 0xF79F, 0xF79F, 0xF79F,
    0xF79F, 0xF79F, 0xF79F, 0xF79F, 0xF79F, 0xF79F, 0xCEDD, 0xCEDD, 0xADD9, 0xADD9, 0x5ACE, 0x5ACE, 0x424D, 0x424D, 0x424D, 0x424D,
    0x3B74, 0x3B74, 0x424D, 0x424D, 0x424D, 0x424D, 0x424D, 0x424D, 0x424D, 0x424D, 0x424D, 0x424D, 0x424D, 0x424D, 0x424D, 0x424D,
    0x424D, 0x424D, 0x424D, 0x424D, 0x424D, 0x424D, 0x424D, 0x424D, 0x424D, 0x424D, 0x424D, 0x424D, 0x424D, 0x424D, 0x3B74, 0x3B74,
    0x424D, 0x424D, 0x424D, 0x424D, 0x5ACE, 0x5ACE, 0xADD9, 0xADD9, 0xCEDD, 0xCEDD, 0xF79F, 0xF79F, 0xF79F, 0xF79F, 0xF79F, 0xF79F,
    0xF79F, 0xF79F, 0xF79F, 0xF79F, 0xF79F, 0xF79F, 0xF79F, 0xF79F, 0xF79F, 0xF79F, 0xF79F, 0xF79F, 0xF79F, 0xF79F, 0xF79F, 0xF79F,
    0xF79F, 0xF79F, 0xF79F, 0xF79F, 0xF79F, 0xF79F, 0xF79F, 0xF79F, 0xF79F, 0xF79F, 0xF79F, 0xF79F, 0xF79F, 0xF79F, 0xF79F, 0xF79F,
    0xF79F, 0xF79F, 0xF79F, 0xF79F, 0xF79F, 0xF79F, 0xCEDD, 0xCEDD, 0xADD9, 0xADD9, 0x424D, 0x424D, 0xF81F, 0xF81F, 0xF81F, 0xF81F,
    0xF81F, 0xF81F, 0xF81F, 0xF81F, 0x424D, 0x424D, 0xADD9, 0xADD9, 0xCEDD, 0xCEDD, 0xF79F, 0xF79F, 0xF79F, 0xF79F, 0xF79F, 0xF79F,
    0xF79F, 0xF79F, 0xF79F, 0xF79F, 0xF79F, 0xF79F, 0xF79F, 0xF79F, 0xF79F, 0xF79F, 0xF79F, 0xF79F, 0xF79F, 0xF79F, 0xF79F, 0xF79F,
    0xF79F, 0xF79F, 0xF79F, 0xF79F, 0xF79F, 0xF79F, 0xF79F, 0xF79F, 0xF79F, 0xF79F, 0xF79F, 0xF79F, 0xF79F, 0xF79F, 0xF79F, 0xF79F,
    0xF79F, 0xF79F, 0xF79F, 0xF79F, 0xF79F, 0xF79F, 0xCEDD, 0xCEDD, 0xADD9, 0xADD9, 0x5ACE, 0x5ACE, 0x424D, 0x424D, 0x424D, 0x424D,
    0x3B74, 0x3B74, 0x424D, 0x424D, 0x424D, 0x424D, 0x424D, 0x424D, 0x424D, 0x424D, 0x424D, 0x424D, 0x424D, 0x424D, 0x424D, 0x424D,
    0x424D, 0x424D, 0x424D, 0x424D, 0x424D, 0x424D, 0x424D, 0x424D, 0x424D, 0x424D, 0x424D, 0x424D, 0x424D, 0x424D, 0x3B74, 0x3B74,
    0x424D, 0x424D, 0x424D, 0x424D, 0x5ACE, 0x5ACE, 0xADD9, 0xADD9, 0xCEDD, 0xCEDD, 0xF79F, 0xF79F, 0xF79F, 0xF79F, 0xF79F, 0xF79F,
    0xF79F, 0xF79F, 0xF79F, 0xF79F, 0xF79F, 0xF79F, 0xF79F, 0xF79F, 0xF79F, 0xF79F, 0xF79F, 0xF79F, 0xF79F, 0xF79F, 0xF79F, 0xF79F,
    0xF79F, 0xF79F, 0xF79F, 0xF79F, 0xF79F, 0xF79F, 0xF79F, 0xF79F, 0xF79F, 0xF79F, 0xF79F, 0xF79F, 0xF79F, 0xF79F, 0xF79F, 0xF79F,
    0xF79F, 0xF79F, 0xF79F, 0xF79F, 0xF79F, 0xF79F, 0xCEDD, 0xCEDD, 0xADD9, 0xADD9, 0x424D, 0x424D, 0xF81F, 0xF81F, 0xF81F, 0xF81F,
    0xF81F, 0xF81F, 0xF81F, 0xF81F, 0x424D, 0x424D, 0x5ACE, 0x5ACE, 0xADD9, 0xADD9, 0xCEDD, 0xCEDD, 0xF79F, 0xF79F, 0xF79F, 0xF79F,
    0xCEDD, 0xCEDD, 0xCEDD, 0xCEDD, 0xCEDD, 0xCEDD, 0xCEDD, 0xCEDD, 0xCEDD, 0xCEDD, 0xCEDD, 0xCEDD, 0xCEDD, 0xCEDD, 0xCEDD, 0xCEDD,
    0xCEDD, 0xCEDD, 0xCEDD, 0xCEDD, 0xCEDD, 0xCEDD, 0xCEDD, 0xCEDD, 0xCEDD, 0xCEDD, 0xCEDD, 0xCEDD, 0xCEDD, 0xCEDD, 0xCEDD, 0xCEDD,
    0xF79F, 0xF79F, 0xF79F, 0xF79F, 0xCEDD, 0xCEDD, 0xADD9, 0xADD9, 0x5ACE, 0x5ACE, 0x424D, 0x424D, 0x5ACE, 0x5ACE, 0x424D, 0x424D,
    0x3B74, 0x3B74, 0x424D, 0x424D, 0xCB0B, 0xCB0B, 0xA905, 0xA905, 0xA905, 0xA905, 0xA905, 0xA905, 0xA905, 0xA905, 0xA905, 0xA905,
    0xA905, 0xA905, 0xA905, 0xA905, 0xA905, 0xA905, 0xA905, 0xA905, 0xA905, 0xA905, 0xCB0B, 0xCB0B, 0x424D, 0x424D, 0x3B74, 0x3B74,
    0x424D, 0x424D, 0x5ACE, 0x5ACE, 0x424D, 0x424D, 0x5ACE, 0x5ACE, 0xADD9, 0xADD9, 0xCEDD, 0xCEDD, 0xF79F, 0xF79F, 0xF79F, 0xF79F,
    0xCEDD, 0xCEDD, 0xCEDD, 0xCEDD, 0xCEDD, 0xCEDD, 0xCEDD, 0xCEDD, 0xCEDD, 0xCEDD, 0xCEDD, 0xCEDD, 0xCEDD, 0xCEDD, 0xCEDD, 0xCEDD,
    0xCEDD, 0xCEDD, 0xCEDD, 0xCEDD, 0xCEDD, 0xCEDD, 0xCEDD, 0xCEDD, 0xCEDD, 0xCEDD, 0xCEDD, 0xCEDD, 0xCEDD, 0xCEDD, 0xCEDD, 0xCEDD,
    0xF79F, 0xF79F, 0xF79F, 0xF79F, 0xCEDD, 0xCEDD, 0xADD9, 0xADD9, 0x5ACE, 0x5ACE, 0x424D, 0x424D, 0xF81F, 0xF81F, 0xF81F, 0xF81F,
    0xF81F, 0xF81F, 0xF81F, 0xF81F, 0x424D, 0x424D, 0x5ACE, 0x5ACE, 0xADD9, 0xADD9, 0xCEDD, 0xCEDD, 0xF79F, 0xF79F, 0xF79F, 0xF79F,
    0xCEDD, 0xCEDD, 0xCEDD, 0xCEDD, 0xCEDD, 0xCEDD, 0xCEDD, 0xCEDD, 0xCEDD, 0xCEDD, 0xCEDD, 0xCEDD, 0xCEDD, 0xCEDD, 0xCEDD, 0xCEDD,
    0xCEDD, 0xCEDD, 0xCEDD, 0xCEDD, 0xCEDD, 0xCEDD, 0xCEDD, 0xCEDD, 0xCEDD, 0xCEDD, 0xCEDD, 0xCEDD, 0xCEDD, 0xCEDD, 0xCEDD, 0xCEDD,
    0xF79F, 0xF79F, 0xF79F, 0xF79F, 0xCEDD, 0xCEDD, 0xADD9, 0xADD9, 0x5ACE, 0x5ACE, 0x424D, 0x424D, 0x5ACE, 0x5ACE, 0x424D, 0x424D,
    0x3B74, 0x3B74, 0x424D, 0x424D, 0xCB0B, 0xCB0B, 0xA905, 0xA905, 0xA905, 0xA905, 0xA905, 0xA905, 0xA905, 0xA905, 0xA905, 0xA905,
    0xA905, 0xA905, 0xA905, 0xA905, 0xA905, 0xA905, 0xA905, 0xA905, 0xA905, 0xA905, 0xCB0B, 0xCB0B, 0x424D, 0x424D, 0x3B74, 0x3B74,
    0x424D, 0x424D, 0x5ACE, 0x5ACE, 0x424D, 0x424D, 0x5ACE, 0x5ACE, 0xADD9, 0xADD9, 0xCEDD, 0xCEDD, 0xF79F, 0xF79F, 0xF79F, 0xF79F,
    0xCEDD, 0xCEDD, 0xCEDD, 0xCEDD, 0xCEDD, 0xCEDD, 0xCEDD, 0xCEDD, 0xCEDD, 0xCEDD, 0xCEDD, 0xCEDD, 0xCEDD, 0xCEDD, 0xCEDD, 0xCEDD,
    0xCEDD, 0xCEDD, 0xCEDD, 0xCEDD, 0xCEDD, 0xCEDD, 0xCEDD, 0xCEDD, 0xCEDD, 0xCEDD, 0xCEDD, 0xCEDD, 0xCEDD, 0xCEDD, 0xCEDD, 0xCEDD,
    0xF79F, 0xF79F, 0xF79F, 0xF79F, 0xCEDD, 0xCEDD, 0xADD9, 0xADD9, 0x5ACE, 0x5ACE, 0x424D, 0x424D, 0xF81F, 0xF81F, 0xF81F, 0xF81F,
    0xF81F, 0xF81F, 0xF81F, 0xF81F, 0x424D, 0x424D, 0xB166, 0xB166, 0x5ACE, 0x5ACE, 0xADD9, 0xADD9, 0xCEDD, 0xCEDD, 0xF79F, 0xF79F,
    0xCEDD, 0xCEDD, 0xCEDD, 0xCEDD, 0xCEDD, 0xCEDD, 0xCEDD, 0xCEDD, 0xCEDD, 0xCEDD, 0xCEDD, 0xCEDD, 0xCEDD, 0xCEDD, 0xCEDD, 0xCEDD,
    0xCEDD, 0xCEDD, 0xCEDD, 0xCEDD, 0xCEDD, 0xCEDD, 0xCEDD, 0xCEDD, 0xCEDD, 0xCEDD, 0xCEDD, 0xCEDD, 0xCEDD, 0xCEDD, 0xCEDD, 0xCEDD,
    0xF79F, 0xF79F, 0xCEDD, 0xCEDD, 0xADD9, 0xADD9, 0x5ACE, 0x5ACE, 0x424D, 0x424D, 0x424D, 0x424D, 0x98E4, 0x98E4, 0x424D, 0x424D,
    0x3B74, 0x3B74, 0x424D, 0x424D, 0xA905, 0xA905, 0x98E4, 0x98E4, 0x98E4, 0x98E4, 0x5ACE, 0x5ACE, 0x5ACE, 0x5ACE, 0x5ACE, 0x5ACE,
    0x5ACE, 0x5ACE, 0x5ACE, 0x5ACE, 0x5ACE, 0x5ACE, 0x98E4, 0x98E4, 0x98E4, 0x98E4, 0xA905, 0xA905, 0x424D, 0x424D, 0x3B74, 0x3B74,
    0x424D, 0x424D, 0x98E4, 0x98E4, 0x424D, 0x424D, 0x424D, 0x424D, 0x5ACE, 0x5ACE, 0xADD9, 0xADD9, 0xCEDD, 0xCEDD, 0xF79F, 0xF79F,
    0xCEDD, 0xCEDD, 0xCEDD, 0xCEDD, 0xCEDD, 0xCEDD, 0xCEDD, 0xCEDD, 0xCEDD, 0xCEDD, 0xCEDD, 0xCEDD, 0xCEDD, 0xCEDD, 0xCEDD, 0xCEDD,
    0xCEDD, 0xCEDD, 0xCEDD, 0xCEDD, 0xCEDD, 0xCEDD, 0xCEDD, 0xCEDD, 0xCEDD, 0xCEDD, 0xCEDD, 0xCEDD, 0xCEDD, 0xCEDD, 0xCEDD, 0xCEDD,
    0xF79F, 0xF79F, 0xCEDD, 0xCEDD, 0xADD9, 0xADD9, 0x5ACE, 0x5ACE, 0xB166, 0xB166, 0x424D, 0x424D, 0xF81F, 0xF81F, 0xF81F, 0xF81F,
    0xF81F, 0xF81F, 0xF81F, 0xF81F, 0x424D, 0x424D, 0xB166, 0xB166, 0x5ACE, 0x5ACE, 0xADD9, 0xADD9, 0xCEDD, 0xCEDD, 0xF79F, 0xF79F,
    0xCEDD, 0xCEDD, 0xCEDD, 0xCEDD, 0xCEDD, 0xCEDD, 0xCEDD, 0xCEDD, 0xCEDD, 0xCEDD, 0xCEDD, 0xCEDD, 0xCEDD, 0xCEDD, 0xCEDD, 0xCEDD,
    0xCEDD, 0xCEDD, 0xCEDD, 0xCEDD, 0xCEDD, 0xCEDD, 0xCEDD, 0xCEDD, 0xCEDD, 0xCEDD, 0xCEDD, 0xCEDD, 0xCEDD, 0xCEDD, 0xCEDD, 0xCEDD,
    0xF79F, 0xF79F, 0xCEDD, 0xCEDD, 0xADD9, 0xADD9, 0x5ACE, 0x5ACE, 0x424D, 0x424D, 0x424D, 0x424D, 0x98E4, 0x98E4, 0x424D, 0x424D,
    0x3B74, 0x3B74, 0x424D, 0x424D, 0xA905, 0xA905, 0x98E4, 0x98E4, 0x98E4, 0x98E4, 0x5ACE, 0x5ACE, 0x5ACE, 0x5ACE, 0x5ACE, 0x5ACE,
    0x5ACE, 0x5ACE, 0x5ACE, 0x5ACE, 0x5ACE, 0x5ACE, 0x98E4, 0x98E4, 0x98E4, 0x98E4, 0xA905, 0xA905, 0x424D, 0x424D, 0x3B74, 0x3B74,
    0x424D, 0x424D, 0x98E4, 0x98E4, 0x424D, 0x424D, 0x424D, 0x424D, 0x5ACE, 0x5ACE, 0xADD9, 0xADD9, 0xCEDD, 0xCEDD, 0xF79F, 0xF79F,
    0xCEDD, 0xCEDD, 0xCEDD, 0xCEDD, 0xCEDD, 0xCEDD, 0xCEDD, 0xCEDD, 0xCEDD, 0xCEDD, 0xCEDD, 0xCEDD, 0xCEDD, 0xCEDD, 0xCEDD, 0xCEDD,
    0xCEDD, 0xCEDD, 0xCEDD, 0xCEDD, 0xCEDD, 0xCEDD, 0xCEDD, 0xCEDD, 0xCEDD, 0xCEDD, 0xCEDD, 0xCEDD, 0xCEDD, 0xCEDD, 0xCEDD, 0xCEDD,
    0xF79F, 0xF79F, 0xCEDD, 0xCEDD, 0xADD9, 0xADD9, 0x5ACE, 0x5ACE, 0xB166, 0xB166, 0x424D, 0x424D, 0xF81F, 0xF81F, 0xF81F, 0xF81F,
    0xF81F, 0xF81F, 0x424D, 0x424D, 0xCA89, 0xCA89, 0xB166, 0xB166, 0xB166, 0xB166, 0x5ACE, 0x5ACE, 0x5ACE, 0x5ACE, 0x5ACE, 0x5ACE,
    0x5ACE, 0x5ACE, 0x5ACE, 0x5ACE, 0x5ACE, 0x5ACE, 0x5ACE, 0x5ACE, 0x5ACE, 0x5ACE, 0x5ACE, 0x5ACE, 0x5ACE, 0x5ACE, 0x5ACE, 0x5ACE,
    0x5ACE, 0x5ACE, 0x5ACE, 0x5ACE, 0x5ACE, 0x5ACE, 0x5ACE, 0x5ACE, 0x5ACE, 0x5ACE, 0x5ACE, 0x5ACE, 0x5ACE, 0x5ACE, 0x5ACE, 0x5ACE,
    0x5ACE, 0x5ACE, 0x5ACE, 0x5ACE, 0x424D, 0x424D, 0x424D, 0x424D, 0xB166, 0xB166, 0xA905, 0xA905, 0x424D, 0x424D, 0x424D, 0x424D,
    0x3B74, 0x3B74, 0x424D, 0x424D, 0x98E4, 0x98E4, 0x5ACE, 0x5ACE, 0xADD9, 0xADD9, 0xF79F, 0xF79F, 0xF79F, 0xF79F, 0xF79F, 0xF79F,
    0xF79F, 0xF79F, 0xF79F, 0xF79F, 0xF79F, 0xF79F, 0xADD9, 0xADD9, 0x5ACE, 0x5ACE, 0x98E4, 0x98E4, 0x424D, 0x424D, 0x3B74, 0x3B74,
    0x424D, 0x424D, 0x424D, 0x424D, 0xA905, 0xA905, 0xB166, 0xB166, 0x424D, 0x424D, 0x424D, 0x424D, 0x5ACE, 0x5ACE, 0x5ACE, 0x5ACE,
    0x5ACE, 0x5ACE, 0x5ACE, 0x5ACE, 0x5ACE, 0x5ACE, 0x5ACE, 0x5ACE, 0x5ACE, 0x5ACE, 0x5ACE, 0x5ACE, 0x5ACE, 0x5ACE, 0x5ACE, 0x5ACE,
    0x5ACE, 0x5ACE, 0x5ACE, 0x5ACE, 0x5ACE, 0x5ACE, 0x5ACE, 0x5ACE, 0x5ACE, 0x5ACE, 0x5ACE, 0x5ACE, 0x5ACE, 0x5ACE, 0x5ACE, 0x5ACE,
    0x5ACE, 0x5ACE, 0x5ACE, 0x5ACE, 0x5ACE, 0x5ACE, 0xB166, 0xB166, 0xB166, 0xB166, 0xCA89, 0xCA89, 0x424D, 0x424D, 0xF81F, 0xF81F,
    0xF81F, 0xF81F, 0x424D, 0x424D, 0xCA89, 0xCA89, 0xB166, 0xB166, 0xB166, 0xB166, 0x5ACE, 0x5ACE, 0x5ACE, 0x5ACE, 0x5ACE, 0x5ACE,
    0x5ACE, 0x5ACE, 0x5ACE, 0x5ACE, 0x5ACE, 0x5ACE, 0x5ACE, 0x5ACE, 0x5ACE, 0x5ACE, 0x5ACE, 0x5ACE, 0x5ACE, 0x5ACE, 0x5ACE, 0x5ACE,
    0x5ACE, 0x5ACE, 0x5ACE, 0x5ACE, 0x5ACE, 0x5ACE, 0x5ACE, 0x5ACE, 0x5ACE, 0x5ACE, 0x5ACE, 0x5ACE, 0x5ACE, 0x5ACE, 0x5ACE, 0x5ACE,
    0x5ACE, 0x5ACE, 0x5ACE, 0x5ACE, 0x424D, 0x424D, 0x424D, 0x424D, 0xB166, 0xB166, 0xA905, 0xA905, 0x424D, 0x424D, 0x424D, 0x424D,
    0x3B74, 0x3B74, 0x424D, 0x424D, 0x98E4, 0x98E4, 0x5ACE, 0x5ACE, 0xADD9, 0xADD9, 0xF79F, 0xF79F, 0xF79F, 0xF79F, 0xF79F, 0xF79F,
    0xF79F, 0xF79F, 0xF79F, 0xF79F, 0xF79F, 0xF79F, 0xADD9, 0xADD9, 0x5ACE, 0x5ACE, 0x98E4, 0x98E4, 0x424D, 0x424D, 0x3B74, 0x3B74,
    0x424D, 0x424D, 0x424D, 0x424D, 0xA905, 0xA905, 0xB166, 0xB166, 0x424D, 0x424D, 0x424D, 0x424D, 0x5ACE, 0x5ACE, 0x5ACE, 0x5ACE,
    0x5ACE, 0x5ACE, 0x5ACE, 0x5ACE, 0x5ACE, 0x5ACE, 0x5ACE, 0x5ACE, 0x5ACE, 0x5ACE, 0x5ACE, 0x5ACE, 0x5ACE, 0x5ACE, 0x5ACE, 0x5ACE,
    0x5ACE, 0x5ACE, 0x5ACE, 0x5ACE, 0x5ACE, 0x5ACE, 0x5ACE, 0x5ACE, 0x5ACE, 0x5ACE, 0x5ACE, 0x5ACE, 0x5ACE, 0x5ACE, 0x5ACE, 0x5ACE,
    0x5ACE, 0x5ACE, 0x5ACE, 0x5ACE, 0x5ACE, 0x5ACE, 0xB166, 0xB166, 0xB166, 0xB166, 0xCA89, 0xCA89, 0x424D, 0x424D, 0xF81F, 0xF81F,
    0x424D, 0x424D, 0xCA89, 0xCA89, 0xCA89, 0xCA89, 0xCA89, 0xCA89, 0xB166, 0xB166, 0xB166, 0xB166, 0xCA89, 0xCA89, 0xCA89, 0xCA89,
    0xCA89, 0xCA89, 0xCA89, 0xCA89, 0xCA89, 0xCA89, 0xCA89, 0xCA89, 0xCA89, 0xCA89, 0xCA89, 0xCA89, 0xCA89, 0xCA89, 0xCA89, 0xCA89,
    0xCA89, 0xCA89, 0xCA89, 0xCA89, 0xCA89, 0xCA89, 0xCA89, 0xCA89, 0xCA89, 0xCA89, 0xCA89, 0xCA89, 0xCA89, 0xCA89, 0xCA89, 0xCA89,
    0xCA89, 0xCA89, 0xCA89, 0xCA89, 0xCA89, 0xCA89, 0xCA89, 0xCA89, 0xCA89, 0xCA89, 0xCA89, 0xCA89, 0xB166, 0xB166, 0x424D, 0x424D,
    0x3B74, 0x3B74, 0x424D, 0x424D, 0x5ACE, 0x5ACE, 0xF79F, 0xF79F, 0xF79F, 0xF79F, 0xF79F, 0xF79F, 0xF79F, 0xF79F, 0xF79F, 0xF79F,
    0xF79F, 0xF79F, 0xF79F, 0xF79F, 0xF79F, 0xF79F, 0xF79F, 0xF79F, 0xF79F, 0xF79F, 0x5ACE, 0x5ACE, 0x424D, 0x424D, 0x3B74, 0x3B74,
    0x424D, 0x424D, 0xB166, 0xB166, 0xCA89, 0xCA89, 0xCA89, 0xCA89, 0xCA89, 0xCA89, 0xCA89, 0xCA89, 0xCA89, 0xCA89, 0xCA89, 0xCA89,
    0xCA89, 0xCA89, 0xCA89, 0xCA89, 0xCA89, 0xCA89, 0xCA89, 0xCA89, 0xCA89, 0xCA89, 0xCA89, 0xCA89, 0xCA89, 0xCA89, 0xCA89, 0xCA89,
    0xCA89, 0xCA89, 0xCA89, 0xCA89, 0xCA89, 0xCA89, 0xCA89, 0xCA89, 0xCA89, 0xCA89, 0xCA89, 0xCA89, 0xCA89, 0xCA89, 0xCA89, 0xCA89,
    0xCA89, 0xCA89, 0xCA89, 0xCA89, 0xB166, 0xB166, 0xB166, 0xB166, 0xCA89, 0xCA89, 0xCA89, 0xCA89, 0xCA89, 0xCA89, 0x424D, 0x424D,
    0x424D, 0x424D, 0xCA89, 0xCA89, 0xCA89, 0xCA89, 0xCA89, 0xCA89, 0xB166, 0xB166, 0xB166, 0xB166, 0xCA89, 0xCA89, 0xCA89, 0xCA89,
    0xCA89, 0xCA89, 0xCA89, 0xCA89, 0xCA89, 0xCA89, 0xCA89, 0xCA89, 0xCA89, 0xCA89, 0xCA89, 0xCA89, 0xCA89, 0xCA89, 0xCA89, 0xCA89,
    0xCA89, 0xCA89, 0xCA89, 0xCA89, 0xCA89, 0xCA89, 0xCA89, 0xCA89, 0xCA89, 0xCA89, 0xCA89, 0xCA89, 0xCA89, 0xCA89, 0xCA89, 0xCA89,
    0xCA89, 0xCA89, 0xCA89, 0xCA89, 0xCA89, 0xCA89, 0xCA89, 0xCA89, 0xCA89, 0xCA89, 0xCA89, 0xCA89, 0xB166, 0xB166, 0x424D, 0x424D,
    0x3B74, 0x3B74, 0x424D, 0x424D, 0x5ACE, 0x5ACE, 0xF79F, 0xF79F, 0xF79F, 0xF79F, 0xF79F, 0xF79F, 0xF79F, 0xF79F, 0xF79F, 0xF79F,
    0xF79F, 0xF79F, 0xF79F, 0xF79F, 0xF79F, 0xF79F, 0xF79F, 0xF79F, 0xF79F, 0xF79F, 0x5ACE, 0x5ACE, 0x424D, 0x424D, 0x3B74, 0x3B74,
    0x424D, 0x424D, 0xB166, 0xB166, 0xCA89, 0xCA89, 0xCA89, 0xCA89, 0xCA89, 0xCA89, 0xCA89, 0xCA89, 0xCA89, 0xCA89, 0xCA89, 0xCA89,
    0xCA89, 0xCA89, 0xCA89, 0xCA89, 0xCA89, 0xCA89, 0xCA89, 0xCA89, 0xCA89, 0xCA89, 0xCA89, 0xCA89, 0xCA89, 0xCA89, 0xCA89, 0xCA89,
    0xCA89, 0xCA89, 0xCA89, 0xCA89, 0xCA89, 0xCA89, 0xCA89, 0xCA89, 0xCA89, 0xCA89, 0xCA89, 0xCA89, 0xCA89, 0xCA89, 0xCA89, 0xCA89,
    0xCA89, 0xCA89, 0xCA89, 0xCA89, 0xB166, 0xB166, 0xB166, 0xB166, 0xCA89, 0xCA89, 0xCA89, 0xCA89, 0xCA89, 0xCA89, 0x424D, 0x424D,
    0x424D, 0x424D, 0xCA89, 0xCA89, 0xCA89, 0xCA89, 0xCA89, 0xCA89, 0xDB4C, 0xDB4C, 0xEC8E, 0xEC8E, 0xDB4C, 0xDB4C, 0xEC8E, 0xEC8E,
    0xEC8E, 0xEC8E, 0xDB4C, 0xDB4C, 0xDB4C, 0xDB4C, 0xEC8E, 0xEC8E, 0xDB4C, 0xDB4C, 0xDB4C, 0xDB4C, 0xDB4C, 0xDB4C, 0xEC8E, 0xEC8E,
    0xEC8E, 0xEC8E, 0xDB4C, 0xDB4C, 0xDB4C, 0xDB4C, 0xDB4C, 0xDB4C, 0xEC8E, 0xEC8E, 0xDB4C, 0xDB4C, 0xDB4C, 0xDB4C, 0xEC8E, 0xEC8E,
    0xEC8E, 0xEC8E, 0xCA89, 0xCA89, 0xB166, 0xB166, 0xB166, 0xB166, 0xB166, 0xB166, 0xB166, 0xB166, 0xB166, 0xB166, 0xB166, 0xB166,
    0x424D, 0x424D, 0x5ACE, 0x5ACE, 0xF79F, 0xF79F, 0xF79F, 0xF79F, 0xF79F, 0xF79F, 0xADD9, 0xADD9, 0xADD9, 0xADD9, 0xADD9, 0xADD9,
    0xADD9, 0xADD9, 0xADD9, 0xADD9, 0xADD9, 0xADD9, 0xF79F, 0xF79F, 0xF79F, 0xF79F, 0xF79F, 0xF79F, 0x5ACE, 0x5ACE, 0x424D, 0x424D,
    0xB166, 0xB166, 0xB166, 0xB166, 0xB166, 0xB166, 0xB166, 0xB166, 0xB166, 0xB166, 0xB166, 0xB166, 0xCA89, 0xCA89, 0xEC8E, 0xEC8E,
    0xEC8E, 0xEC8E, 0xDB4C, 0xDB4C, 0xDB4C, 0xDB4C, 0xEC8E, 0xEC8E, 0xDB4C, 0xDB4C, 0xDB4C, 0xDB4C, 0xDB4C, 0xDB4C, 0xEC8E, 0xEC8E,
    0xEC8E, 0xEC8E, 0xDB4C, 0xDB4C, 0xDB4C, 0xDB4C, 0xDB4C, 0xDB4C, 0xEC8E, 0xEC8E, 0xDB4C, 0xDB4C, 0xDB4C, 0xDB4C, 0xEC8E, 0xEC8E,
    0xEC8E, 0xEC8E, 0xDB4C, 0xDB4C, 0xEC8E, 0xEC8E, 0xDB4C, 0xDB4C, 0xCA89, 0xCA89, 0xCA89, 0xCA89, 0xCA89, 0xCA89, 0x424D, 0x424D,
    0x424D, 0x424D, 0xCA89, 0xCA89, 0xCA89, 0xCA89, 0xCA89, 0xCA89, 0xDB4C, 0xDB4C, 0xEC8E, 0xEC8E, 0xDB4C, 0xDB4C, 0xEC8E, 0xEC8E,
    0xEC8E, 0xEC8E, 0xDB4C, 0xDB4C, 0xDB4C, 0xDB4C, 0xEC8E, 0xEC8E, 0xDB4C, 0xDB4C, 0xDB4C, 0xDB4C, 0xDB4C, 0xDB4C, 0xEC8E, 0xEC8E,
    0xEC8E, 0xEC8E, 0xDB4C, 0xDB4C, 0xDB4C, 0xDB4C, 0xDB4C, 0xDB4C, 0xEC8E, 0xEC8E, 0xDB4C, 0xDB4C, 0xDB4C, 0xDB4C, 0xEC8E, 0xEC8E,
    0xEC8E, 0xEC8E, 0xCA89, 0xCA89, 0xB166, 0xB166, 0xB166, 0xB166, 0xB166, 0xB166, 0xB166, 0xB166, 0xB166, 0xB166, 0xB166, 0xB166,
    0x424D, 0x424D, 0x5ACE, 0x5ACE, 0xF79F, 0xF79F, 0xF79F, 0xF79F, 0xF79F, 0xF79F, 0xADD9, 0xADD9, 0xADD9, 0xADD9, 0xADD9, 0xADD9,
    0xADD9, 0xADD9, 0xADD9, 0xADD9, 0xADD9, 0xADD9, 0xF79F, 0xF79F, 0xF79F, 0xF79F, 0xF79F, 0xF79F, 0x5ACE, 0x5ACE, 0x424D, 0x424D,
    0xB166, 0xB166, 0xB166, 0xB166, 0xB166, 0xB166, 0xB166, 0xB166, 0xB166, 0xB166, 0xB166, 0xB166, 0xCA89, 0xCA89, 0xEC8E, 0xEC8E,
    0xEC8E, 0xEC8E, 0xDB4C, 0xDB4C, 0xDB4C, 0xDB4C, 0xEC8E, 0xEC8E, 0xDB4C, 0xDB4C, 0xDB4C, 0xDB4C, 0xDB4C, 0xDB4C, 0xEC8E, 0xEC8E,
    0xEC8E, 0xEC8E, 0xDB4C, 0xDB4C, 0xDB4C, 0xDB4C, 0xDB4C, 0xDB4C, 0xEC8E, 0xEC8E, 0xDB4C, 0xDB4C, 0xDB4C, 0xDB4C, 0xEC8E, 0xEC8E,
    0xEC8E, 0xEC8E, 0xDB4C, 0xDB4C, 0xEC8E, 0xEC8E, 0xDB4C, 0xDB4C, 0xCA89, 0xCA89, 0xCA89, 0xCA89, 0xCA89, 0xCA89, 0x424D, 0x424D,
    0x424D, 0x424D, 0xCA89, 0xCA89, 0xCA89, 0xCA89, 0xDB4C, 0xDB4C, 0xEC8E, 0xEC8E, 0xEC8E, 0xEC8E, 0xDB4C, 0xDB4C, 0xCA89, 0xCA89,
    0xEC8E, 0xEC8E, 0xDB4C, 0xDB4C, 0xDB4C, 0xDB4C, 0xEC8E, 0xEC8E, 0xDB4C, 0xDB4C, 0xDB4C, 0xDB4C, 0xDB4C, 0xDB4C, 0xEC8E, 0xEC8E,
    0xEC8E, 0xEC8E, 0xDB4C, 0xDB4C, 0xDB4C, 0xDB4C, 0xDB4C, 0xDB4C, 0xEC8E, 0xEC8E, 0xDB4C, 0xDB4C, 0xDB4C, 0xDB4C, 0xEC8E, 0xEC8E,
    0xCA89, 0xCA89, 0xA905, 0xA905, 0x5ACE, 0x5ACE, 0x5ACE, 0x5ACE, 0x5ACE, 0x5ACE, 0x5ACE, 0x5ACE, 0x5ACE, 0x5ACE, 0x5ACE, 0x5ACE,
    0x5ACE, 0x5ACE, 0xF79F, 0xF79F, 0xF79F, 0xF79F, 0xADD9, 0xADD9, 0xADD9, 0xADD9, 0x75DE, 0x75DE, 0x75DE, 0x75DE, 0x75DE, 0x75DE,
    0x75DE, 0x75DE, 0x75DE, 0x75DE, 0x75DE, 0x75DE, 0xADD9, 0xADD9, 0xADD9, 0xADD9, 0xF79F, 0xF79F, 0xF79F, 0xF79F, 0x5ACE, 0x5ACE,
    0x5ACE, 0x5ACE, 0x5ACE, 0x5ACE, 0x5ACE, 0x5ACE, 0x5ACE, 0x5ACE, 0x5ACE, 0x5ACE, 0x5ACE, 0x5ACE, 0xA905, 0xA905, 0xCA89, 0xCA89,
    0xEC8E, 0xEC8E, 0xDB4C, 0xDB4C, 0xDB4C, 0xDB4C, 0xEC8E, 0xEC8E, 0xDB4C, 0xDB4C, 0xDB4C, 0xDB4C, 0xDB4C, 0xDB4C, 0xEC8E, 0xEC8E,
    0xEC8E, 0xEC8E, 0xDB4C, 0xDB4C, 0xDB4C, 0xDB4C, 0xDB4C, 0xDB4C, 0xEC8E, 0xEC8E, 0xDB4C, 0xDB4C, 0xDB4C, 0xDB4C, 0xEC8E, 0xEC8E,
    0xCA89, 0xCA89, 0xDB4C, 0xDB4C, 0xEC8E, 0xEC8E, 0xEC8E, 0xEC8E, 0xDB4C, 0xDB4C, 0xCA89, 0xCA89, 0xCA89, 0xCA89, 0x424D, 0x424D,
    0x424D, 0x424D, 0xCA89, 0xCA89, 0xCA89, 0xCA89, 0xDB4C, 0xDB4C, 0xEC8E, 0xEC8E, 0xEC8E, 0xEC8E, 0xDB4C, 0xDB4C, 0xCA89, 0xCA89,
    0xEC8E, 0xEC8E, 0xDB4C, 0xDB4C, 0xDB4C, 0xDB4C, 0xEC8E, 0xEC8E, 0xDB4C, 0xDB4C, 0xDB4C, 0xDB4C, 0xDB4C, 0xDB4C, 0xEC8E, 0xEC8E,
    0xEC8E, 0xEC8E, 0xDB4C, 0xDB4C, 0xDB4C, 0xDB4C, 0xDB4C, 0xDB4C, 0xEC8E, 0xEC8E, 0xDB4C, 0xDB4C, 0xDB4C, 0xDB4C, 0xEC8E, 0xEC8E,
    0xCA89, 0xCA89, 0xA905, 0xA905, 0x5ACE, 0x5ACE, 0x5ACE, 0x5ACE, 0x5ACE, 0x5ACE, 0x5ACE, 0x5ACE, 0x5ACE, 0x5ACE, 0x5ACE, 0x5ACE,
    0x5ACE, 0x5ACE, 0xF79F, 0xF79F, 0xF79F, 0xF79F, 0xADD9, 0xADD9, 0xADD9, 0xADD9, 0x75DE, 0x75DE, 0x75DE, 0x75DE, 0x75DE, 0x75DE,
    0x75DE, 0x75DE, 0x75DE, 0x75DE, 0x75DE, 0x75DE, 0xADD9, 0xADD9, 0xADD9, 0xADD9, 0xF79F, 0xF79F, 0xF79F, 0xF79F, 0x5ACE, 0x5ACE,
    0x5ACE, 0x5ACE, 0x5ACE, 0x5ACE, 0x5ACE, 0x5ACE, 0x5ACE, 0x5ACE, 0x5ACE, 0x5ACE, 0x5ACE, 0x5ACE, 0xA905, 0xA905, 0xCA89, 0xCA89,
    0xEC8E, 0xEC8E, 0xDB4C, 0xDB4C, 0xDB4C, 0xDB4C, 0xEC8E, 0xEC8E, 0xDB4C, 0xDB4C, 0xDB4C, 0xDB4C, 0xDB4C, 0xDB4C, 0xEC8E, 0xEC8E,
    0xEC8E, 0xEC8E, 0xDB4C, 0xDB4C, 0xDB4C, 0xDB4C, 0xDB4C, 0xDB4C, 0xEC8E, 0xEC8E, 0xDB4C, 0xDB4C, 0xDB4C, 0xDB4C, 0xEC8E, 0xEC8E,
    0xCA89, 0xCA89, 0xDB4C, 0xDB4C, 0xEC8E, 0xEC8E, 0xEC8E, 0xEC8E, 0xDB4C, 0xDB4C, 0xCA89, 0xCA89, 0xCA89, 0xCA89, 0x424D, 0x424D,
    0x424D, 0x424D, 0xCA89, 0xCA89, 0xDB4C, 0xDB4C, 0xEC8E, 0xEC8E, 0xEC8E, 0xEC8E, 0xDB4C, 0xDB4C, 0xCA89, 0xCA89, 0xCA89, 0xCA89,
    0xCA89, 0xCA89, 0xEC8E, 0xEC8E, 0xEC8E, 0xEC8E, 0xEC8E, 0xEC8E, 0xDB4C, 0xDB4C, 0xDB4C, 0xDB4C, 0xDB4C, 0xDB4C, 0xEC8E, 0xEC8E,
    0xEC8E, 0xEC8E, 0xDB4C, 0xDB4C, 0xDB4C, 0xDB4C, 0xDB4C, 0xDB4C, 0xEC8E, 0xEC8E, 0xEC8E, 0xEC8E, 0xEC8E, 0xEC8E, 0xCA89, 0xCA89,
    0xA905, 0xA905, 0x5ACE, 0x5ACE, 0xF79F, 0xF79F, 0xF79F, 0xF79F, 0xF79F, 0xF79F, 0xF79F, 0xF79F, 0xF79F, 0xF79F, 0xF79F, 0xF79F,
    0xF79F, 0xF79F, 0xF79F, 0xF79F, 0xADD9, 0xADD9, 0xCEDD, 0xCEDD, 0x651B, 0x651B, 0x651B, 0x651B, 0x651B, 0x651B, 0x651B, 0x651B,
    0x651B, 0x651B, 0x651B, 0x651B, 0x651B, 0x651B, 0x651B, 0x651B, 0xCEDD, 0xCEDD, 0xADD9, 0xADD9, 0xF79F, 0xF79F, 0xF79F, 0xF79F,
    0xF79F, 0xF79F, 0xF79F, 0xF79F, 0xF79F, 0xF79F, 0xF79F, 0xF79F, 0xF79F, 0xF79F, 0xF79F, 0xF79F, 0x5ACE, 0x5ACE, 0xA905, 0xA905,
    0xCA89, 0xCA89, 0xEC8E, 0xEC8E, 0xEC8E, 0xEC8E, 0xEC8E, 0xEC8E, 0xDB4C, 0xDB4C, 0xDB4C, 0xDB4C, 0xDB4C, 0xDB4C, 0xEC8E, 0xEC8E,
    0xEC8E, 0xEC8E, 0xDB4C, 0xDB4C, 0xDB4C, 0xDB4C, 0xDB4C, 0xDB4C, 0xEC8E, 0xEC8E, 0xEC8E, 0xEC8E, 0xEC8E, 0xEC8E, 0xCA89, 0xCA89,
    0xCA89, 0xCA89, 0xCA89, 0xCA89, 0xDB4C, 0xDB4C, 0xEC8E, 0xEC8E, 0xEC8E, 0xEC8E, 0xDB4C, 0xDB4C, 0xCA89, 0xCA89, 0x424D, 0x424D,
    0x424D, 0x424D, 0xCA89, 0xCA89, 0xDB4C, 0xDB4C, 0xEC8E, 0xEC8E, 0xEC8E, 0xEC8E, 0xDB4C, 0xDB4C, 0xCA89, 0xCA89, 0xCA89, 0xCA89,
    0xCA89, 0xCA89, 0xEC8E, 0xEC8E, 0xEC8E, 0xEC8E, 0xEC8E, 0xEC8E, 0xDB4C, 0xDB4C, 0xDB4C, 0xDB4C, 0xDB4C, 0xDB4C, 0xEC8E, 0xEC8E,
    0xEC8E, 0xEC8E, 0xDB4C, 0xDB4C, 0xDB4C, 0xDB4C, 0xDB4C, 0xDB4C, 0xEC8E, 0xEC8E, 0xEC8E, 0xEC8E, 0xEC8E, 0xEC8E, 0xCA89, 0xCA89,
    0xA905, 0xA905, 0x5ACE, 0x5ACE, 0xF79F, 0xF79F, 0xF79F, 0xF79F, 0xF79F, 0xF79F, 0xF79F, 0xF79F, 0xF79F, 0xF79F, 0xF79F, 0xF79F,
    0xF79F, 0xF79F, 0xF79F, 0xF79F, 0xADD9, 0xADD9, 0xCEDD, 0xCEDD, 0x651B, 0x651B, 0x651B, 0x651B, 0x651B, 0x651B, 0x651B, 0x651B,
    0x651B, 0x651B, 0x651B, 0x651B, 0x651B, 0x651B, 0x651B, 0x651B, 0xCEDD, 0xCEDD, 0xADD9, 0xADD9, 0xF79F, 0xF79F, 0xF79F, 0xF79F,
    0xF79F, 0xF79F, 0xF79F, 0xF79F, 0xF79F, 0xF79F, 0xF79F, 0xF79F, 0xF79F, 0xF79F, 0xF79F, 0xF79F, 0x5ACE, 0x5ACE, 0xA905, 0xA905,
    0xCA89, 0xCA89, 0xEC8E, 0xEC8E, 0xEC8E, 0xEC8E, 0xEC8E, 0xEC8E, 0xDB4C, 0xDB4C, 0xDB4C, 0xDB4C, 0xDB4C, 0xDB4C, 0xEC8E, 0xEC8E,
    0xEC8E, 0xEC8E, 0xDB4C, 0xDB4C, 0xDB4C, 0xDB4C, 0xDB4C, 0xDB4C, 0xEC8E, 0xEC8E, 0xEC8E, 0xEC8E, 0xEC8E, 0xEC8E, 0xCA89, 0xCA89,
    0xCA89, 0xCA89, 0xCA89, 0xCA89, 0xDB4C, 0xDB4C, 0xEC8E, 0xEC8E, 0xEC8E, 0xEC8E, 0xDB4C, 0xDB4C, 0xCA89, 0xCA89, 0x424D, 0x424D,
    0x424D, 0x424D, 0xDB4C, 0xDB4C, 0xEC8E, 0xEC8E, 0xEC8E, 0xEC8E, 0xDB4C, 0xDB4C, 0xCA89, 0xCA89, 0xCA89, 0xCA89, 0xCA89, 0xCA89,
    0xCA89, 0xCA89, 0xA905, 0xA905, 0xCA89, 0xCA89, 0xEC8E, 0xEC8E, 0xEC8E, 0xEC8E, 0xEC8E, 0xEC8E, 0xEC8E, 0xEC8E, 0xEC8E, 0xEC8E,
    0xEC8E, 0xEC8E, 0xEC8E, 0xEC8E, 0xEC8E, 0xEC8E, 0xEC8E, 0xEC8E, 0xEC8E, 0xEC8E, 0xCA89, 0xCA89, 0xA905, 0xA905, 0xA905, 0xA905,
    0x5ACE, 0x5ACE, 0xF79F, 0xF79F, 0xF79F, 0xF79F, 0xF79F, 0xF79F, 0xF79F, 0xF79F, 0xF79F, 0xF79F, 0xF79F, 0xF79F, 0xF79F, 0xF79F,
    0xF79F, 0xF79F, 0xADD9, 0xADD9, 0xCEDD, 0xCEDD, 0x651B, 0x651B, 0x651B, 0x651B, 0x651B, 0x651B, 0x651B, 0x651B, 0x651B, 0x651B,
    0x651B, 0x651B, 0x651B, 0x651B, 0x651B, 0x651B, 0x651B, 0x651B, 0x651B, 0x651B, 0xCEDD, 0xCEDD, 0xADD9, 0xADD9, 0xF79F, 0xF79F,
    0xF79F, 0xF79F, 0xF79F, 0xF79F, 0xF79F, 0xF79F, 0xF79F, 0xF79F, 0xF79F, 0xF79F, 0xF79F, 0xF79F, 0xF79F, 0xF79F, 0x5ACE, 0x5ACE,
    0xA905, 0xA905, 0xA905, 0xA905, 0xCA89, 0xCA89, 0xEC8E, 0xEC8E, 0xEC8E, 0xEC8E, 0xEC8E, 0xEC8E, 0xEC8E, 0xEC8E, 0xEC8E, 0xEC8E,
    0xEC8E, 0xEC8E, 0xEC8E, 0xEC8E, 0xEC8E, 0xEC8E, 0xEC8E, 0xEC8E, 0xEC8E, 0xEC8E, 0xCA89, 0xCA89, 0xA905, 0xA905, 0xCA89, 0xCA89,
    0xCA89, 0xCA89, 0xCA89, 0xCA89, 0xCA89, 0xCA89, 0xDB4C, 0xDB4C, 0xEC8E, 0xEC8E, 0xEC8E, 0xEC8E, 0xDB4C, 0xDB4C, 0x424D, 0x424D,
    0x424D, 0x424D, 0xDB4C, 0xDB4C, 0xEC8E, 0xEC8E, 0xEC8E, 0xEC8E, 0xDB4C, 0xDB4C, 0xCA89, 0xCA89, 0xCA89, 0xCA89, 0xCA89, 0xCA89,
    0xCA89, 0xCA89, 0xA905, 0xA905, 0xCA89, 0xCA89, 0xEC8E, 0xEC8E, 0xEC8E, 0xEC8E, 0xEC8E, 0xEC8E, 0xEC8E, 0xEC8E, 0xEC8E, 0xEC8E,
    0xEC8E, 0xEC8E, 0xEC8E, 0xEC8E, 0xEC8E, 0xEC8E, 0xEC8E, 0xEC8E, 0xEC8E, 0xEC8E, 0xCA89, 0xCA89, 0xA905, 0xA905, 0xA905, 0xA905,
    0x5ACE, 0x5ACE, 0xF79F, 0xF79F, 0xF79F, 0xF79F, 0xF79F, 0xF79F, 0xF79F, 0xF79F, 0xF79F, 0xF79F, 0xF79F, 0xF79F, 0xF79F, 0xF79F,
    0xF79F, 0xF79F, 0xADD9, 0xADD9, 0xCEDD, 0xCEDD, 0x651B, 0x651B, 0x651B, 0x651B, 0x651B, 0x651B, 0x651B, 0x651B, 0x651B, 0x651B,
    0x651B, 0x651B, 0x651B, 0x651B, 0x651B, 0x651B, 0x651B, 0x651B, 0x651B, 0x651B, 0xCEDD, 0xCEDD, 0xADD9, 0xADD9, 0xF79F, 0xF79F,
    0xF79F, 0xF79F, 0xF79F, 0xF79F, 0xF79F, 0xF79F, 0xF79F, 0xF79F, 0xF79F, 0xF79F, 0xF79F, 0xF79F, 0xF79F, 0xF79F, 0x5ACE, 0x5ACE,
    0xA905, 0xA905, 0xA905, 0xA905, 0xCA89, 0xCA89, 0xEC8E, 0xEC8E, 0xEC8E, 0xEC8E, 0xEC8E, 0xEC8E, 0xEC8E, 0xEC8E, 0xEC8E, 0xEC8E,
    0xEC8E, 0xEC8E, 0xEC8E, 0xEC8E, 0xEC8E, 0xEC8E, 0xEC8E, 0xEC8E, 0xEC8E, 0xEC8E, 0xCA89, 0xCA89, 0xA905, 0xA905, 0xCA89, 0xCA89,
    0xCA89, 0xCA89, 0xCA89, 0xCA89, 0xCA89, 0xCA89, 0xDB4C, 0xDB4C, 0xEC8E, 0xEC8E, 0xEC8E, 0xEC8E, 0xDB4C, 0xDB4C, 0x424D, 0x424D,
    0x424D, 0x424D, 0xEC8E, 0xEC8E, 0xEC8E, 0xEC8E, 0xDB4C, 0xDB4C, 0xCA89, 0xCA89, 0xCA89, 0xCA89, 0xCA89, 0xCA89, 0xCA89, 0xCA89,
    0xCA89, 0xCA89, 0xA905, 0xA905, 0xA905, 0xA905, 0xA905, 0xA905, 0xA905, 0xA905, 0xA905, 0xA905, 0xA905, 0xA905, 0xA905, 0xA905,
    0xA905, 0xA905, 0xA905, 0xA905, 0xA905, 0xA905, 0xA905, 0xA905, 0xA905, 0xA905, 0xA905, 0xA905, 0xA905, 0xA905, 0xA905, 0xA905,
    0x5ACE, 0x5ACE, 0xF79F, 0xF79F, 0xADD9, 0xADD9, 0xADD9, 0xADD9, 0xADD9, 0xADD9, 0xADD9, 0xADD9, 0xADD9, 0xADD9, 0xADD9, 0xADD9,
    0xADD9, 0xADD9, 0xCEDD, 0xCEDD, 0x4C18, 0x4C18, 0x4C18, 0x4C18, 0x4C18, 0x4C18, 0x4C18, 0x4C18, 0xCEDD, 0xCEDD, 0xCEDD, 0xCEDD,
    0xCEDD, 0xCEDD, 0xCEDD, 0xCEDD, 0x4C18, 0x4C18, 0x4C18, 0x4C18, 0x4C18, 0x4C18, 0x4C18, 0x4C18, 0xCEDD, 0xCEDD, 0xADD9, 0xADD9,
    0xADD9, 0xADD9, 0xADD9, 0xADD9, 0xADD9, 0xADD9, 0xADD9, 0xADD9, 0xADD9, 0xADD9, 0xADD9, 0xADD9, 0xF79F, 0xF79F, 0x5ACE, 0x5ACE,
    0xA905, 0xA905, 0xA905, 0xA905, 0xA905, 0xA905, 0xA905, 0xA905, 0xA905, 0xA905, 0xA905, 0xA905, 0xA905, 0xA905, 0xA905, 0xA905,
    0xA905, 0xA905, 0xA905, 0xA905, 0xA905, 0xA905, 0xA905, 0xA905, 0xA905, 0xA905, 0xA905, 0xA905, 0xA905, 0xA905, 0xCA89, 0xCA89,
    0xCA89, 0xCA89, 0xCA89, 0xCA89, 0xCA89, 0xCA89, 0xCA89, 0xCA89, 0xDB4C, 0xDB4C, 0xEC8E, 0xEC8E, 0xEC8E, 0xEC8E, 0x424D, 0x424D,
    0x424D, 0x424D, 0xEC8E, 0xEC8E, 0xEC8E, 0xEC8E, 0xDB4C, 0xDB4C, 0xCA89, 0xCA89, 0xCA89, 0xCA89, 0xCA89, 0xCA89, 0xCA89, 0xCA89,
    0xCA89, 0xCA89, 0xA905, 0xA905, 0xA905, 0xA905, 0xA905, 0xA905, 0xA905, 0xA905, 0xA905, 0xA905, 0xA905, 0xA905, 0xA905, 0xA905,
    0xA905, 0xA905, 0xA905, 0xA905, 0xA905, 0xA905, 0xA905, 0xA905, 0xA905, 0xA905, 0xA905, 0xA905, 0xA905, 0xA905, 0xA905, 0xA905,
    0x5ACE, 0x5ACE, 0xF79F, 0xF79F, 0xADD9, 0xADD9, 0xADD9, 0xADD9, 0xADD9, 0xADD9, 0xADD9, 0xADD9, 0xADD9, 0xADD9, 0xADD9, 0xADD9,
    0xADD9, 0xADD9, 0xCEDD, 0xCEDD, 0x4C18, 0x4C18, 0x4C18, 0x4C18, 0x4C18, 0x4C18, 0x4C18, 0x4C18, 0xCEDD, 0xCEDD, 0xCEDD, 0xCEDD,
    0xCEDD, 0xCEDD, 0xCEDD, 0xCEDD, 0x4C18, 0x4C18, 0x4C18, 0x4C18, 0x4C18, 0x4C18, 0x4C18, 0x4C18, 0xCEDD, 0xCEDD, 0xADD9, 0xADD9,
    0xADD9, 0xADD9, 0xADD9, 0xADD9, 0xADD9, 0xADD9, 0xADD9, 0xADD9, 0xADD9, 0xADD9, 0xADD9, 0xADD9, 0xF79F, 0xF79F, 0x5ACE, 0x5ACE,
    0xA905, 0xA905, 0xA905, 0xA905, 0xA905, 0xA905, 0xA905, 0xA905, 0xA905, 0xA905, 0xA905, 0xA905, 0xA905, 0xA905, 0xA905, 0xA905,
    0xA905, 0xA905, 0xA905, 0xA905, 0xA905, 0xA905, 0xA905, 0xA905, 0xA905, 0xA905, 0xA905, 0xA905, 0xA905, 0xA905, 0xCA89, 0xCA89,
    0xCA89, 0xCA89, 0xCA89, 0xCA89, 0xCA89, 0xCA89, 0xCA89, 0xCA89, 0xDB4C, 0xDB4C, 0xEC8E, 0xEC8E, 0xEC8E, 0xEC8E, 0x424D, 0x424D,
    0x424D, 0x424D, 0xEC8E, 0xEC8E, 0xDB4C, 0xDB4C, 0xCA89, 0xCA89, 0xCA89, 0xCA89, 0xCA89, 0xCA89, 0xCA89, 0xCA89, 0xCA89, 0xCA89,
    0xA905, 0xA905, 0xA905, 0xA905, 0xA905, 0xA905, 0xA905, 0xA905, 0xA905, 0xA905, 0xA905, 0xA905, 0xA905, 0xA905, 0x528D, 0x528D,
    0x528D, 0x528D, 0x528D, 0x528D, 0x528D, 0x528D, 0x528D, 0x528D, 0x528D, 0x528D, 0x528D, 0x528D, 0x528D, 0x528D, 0x528D, 0x528D,
    0xADD9, 0xADD9, 0xADD9, 0xADD9, 0xCEDD, 0xCEDD, 0xCEDD, 0xCEDD, 0xCEDD, 0xCEDD, 0xCEDD, 0xCEDD, 0xCEDD, 0xCEDD, 0xCEDD, 0xCEDD,
    0xCEDD, 0xCEDD, 0xCEDD, 0xCEDD, 0x4C18, 0x4C18, 0x4C18, 0x4C18, 0x4C18, 0x4C18, 0xCEDD, 0xCEDD, 0x651B, 0x651B, 0x4C18, 0x4C18,
    0x4C18, 0x4C18, 0x651B, 0x651B, 0xCEDD, 0xCEDD, 0x4C18, 0x4C18, 0x4C18, 0x4C18, 0x4C18, 0x4C18, 0xCEDD, 0xCEDD, 0xCEDD, 0xCEDD,
    0xCEDD, 0xCEDD, 0xCEDD, 0xCEDD, 0xCEDD, 0xCEDD, 0xCEDD, 0xCEDD, 0xCEDD, 0xCEDD, 0xCEDD, 0xCEDD, 0xADD9, 0xADD9, 0xADD9, 0xADD9,
    0x528D, 0x528D, 0x528D, 0x528D, 0x528D, 0x528D, 0x528D, 0x528D, 0x528D, 0x528D, 0x528D, 0x528D, 0x528D, 0x528D, 0x528D, 0x528D,
    0x528D, 0x528D, 0xA905, 0xA905, 0xA905, 0xA905, 0xA905, 0xA905, 0xA905, 0xA905, 0xA905, 0xA905, 0xA905, 0xA905, 0xA905, 0xA905,
    0xCA89, 0xCA89, 0xCA89, 0xCA89, 0xCA89, 0xCA89, 0xCA89, 0xCA89, 0xCA89, 0xCA89, 0xDB4C, 0xDB4C, 0xEC8E, 0xEC8E, 0x424D, 0x424D,
    0x424D, 0x424D, 0xEC8E, 0xEC8E, 0xDB4C, 0xDB4C, 0xCA89, 0xCA89, 0xCA89, 0xCA89, 0xCA89, 0xCA89, 0xCA89, 0xCA89, 0xCA89, 0xCA89,
    0xA905, 0xA905, 0xA905, 0xA905, 0xA905, 0xA905, 0xA905, 0xA905, 0xA905, 0xA905, 0xA905, 0xA905, 0xA905, 0xA905, 0x528D, 0x528D,
    0x528D, 0x528D, 0x528D, 0x528D, 0x528D, 0x528D, 0x528D, 0x528D, 0x528D, 0x528D, 0x528D, 0x528D, 0x528D, 0x528D, 0x528D, 0x528D,
    0xADD9, 0xADD9, 0xADD9, 0xADD9, 0xCEDD, 0xCEDD, 0xCEDD, 0xCEDD, 0xCEDD, 0xCEDD, 0xCEDD, 0xCEDD, 0xCEDD, 0xCEDD, 0xCEDD, 0xCEDD,
    0xCEDD, 0xCEDD, 0xCEDD, 0xCEDD, 0x4C18, 0x4C18, 0x4C18, 0x4C18, 0x4C18, 0x4C18, 0xCEDD, 0xCEDD, 0x651B, 0x651B, 0x4C18, 0x4C18,
    0x4C18, 0x4C18, 0x651B, 0x651B, 0xCEDD, 0xCEDD, 0x4C18, 0x4C18, 0x4C18, 0x4C18, 0x4C18, 0x4C18, 0xCEDD, 0xCEDD, 0xCEDD, 0xCEDD,
    0xCEDD, 0xCEDD, 0xCEDD, 0xCEDD, 0xCEDD, 0xCEDD, 0xCEDD, 0xCEDD, 0xCEDD, 0xCEDD, 0xCEDD, 0xCEDD, 0xADD9, 0xADD9, 0xADD9, 0xADD9,
    0x528D, 0x528D, 0x528D, 0x528D, 0x528D, 0x528D, 0x528D, 0x528D, 0x528D, 0x528D, 0x528D, 0x528D, 0x528D, 0x528D, 0x528D, 0x528D,
    0x528D, 0x528D, 0xA905, 0xA905, 0xA905, 0xA905, 0xA905, 0xA905, 0xA905, 0xA905, 0xA905, 0xA905, 0xA905, 0xA905, 0xA905, 0xA905,
    0xCA89, 0xCA89, 0xCA89, 0xCA89, 0xCA89, 0xCA89, 0xCA89, 0xCA89, 0xCA89, 0xCA89, 0xDB4C, 0xDB4C, 0xEC8E, 0xEC8E, 0x424D, 0x424D,
    0x424D, 0x424D, 0xDB4C, 0xDB4C, 0xCA89, 0xCA89, 0xCA89, 0xCA89, 0xCA89, 0xCA89, 0xCA89, 0xCA89, 0xCA89, 0xCA89, 0xCA89, 0xCA89,
    0xA905, 0xA905, 0xA905, 0xA905, 0xA905, 0xA905, 0xA905, 0xA905, 0xA905, 0xA905, 0xA905, 0xA905, 0x7BD0, 0x7BD0, 0xDB4C, 0xDB4C,
    0xDB4C, 0xDB4C, 0xDB4C, 0xDB4C, 0xDB4C, 0xDB4C, 0xDB4C, 0xDB4C, 0xDB4C, 0xDB4C, 0xDB4C, 0xDB4C, 0xDB4C, 0xDB4C, 0xDB4C, 0xDB4C,
    0x5ACE, 0x5ACE, 0xCEDD, 0xCEDD, 0xCEDD, 0xCEDD, 0x7BD0, 0x7BD0, 0xCEDD, 0xCEDD, 0xCEDD, 0xCEDD, 0xCEDD, 0xCEDD, 0xCEDD, 0xCEDD,
    0xCEDD, 0xCEDD, 0xCEDD, 0xCEDD, 0xCEDD, 0xCEDD, 0xCEDD, 0xCEDD, 0xCEDD, 0xCEDD, 0xCEDD, 0xCEDD, 0x4C18, 0x4C18, 0x4C18, 0x4C18,
    0x4C18, 0x4C18, 0x4C18, 0x4C18, 0xCEDD, 0xCEDD, 0xCEDD, 0xCEDD, 0xCEDD, 0xCEDD, 0xCEDD, 0xCEDD, 0xCEDD, 0xCEDD, 0xCEDD, 0xCEDD,
    0xCEDD, 0xCEDD, 0xCEDD, 0xCEDD, 0xCEDD, 0xCEDD, 0xCEDD, 0xCEDD, 0x7BD0, 0x7BD0, 0xCEDD, 0xCEDD, 0xCEDD, 0xCEDD, 0x5ACE, 0x5ACE,
    0xDB4C, 0xDB4C, 0xDB4C, 0xDB4C, 0xDB4C, 0xDB4C, 0xDB4C, 0xDB4C, 0xDB4C, 0xDB4C, 0xDB4C, 0xDB4C, 0xDB4C, 0xDB4C, 0xDB4C, 0xDB4C,
    0xDB4C, 0xDB4C, 0x7BD0, 0x7BD0, 0xA905, 0xA905, 0xA905, 0xA905, 0xA905, 0xA905, 0xA905, 0xA905, 0xA905, 0xA905, 0xA905, 0xA905,
    0xCA89, 0xCA89, 0xCA89, 0xCA89, 0xCA89, 0xCA89, 0xCA89, 0xCA89, 0xCA89, 0xCA89, 0xCA89, 0xCA89, 0xDB4C, 0xDB4C, 0x424D, 0x424D,
    0x424D, 0x424D, 0xDB4C, 0xDB4C, 0xCA89, 0xCA89, 0xCA89, 0xCA89, 0xCA89, 0xCA89, 0xCA89, 0xCA89, 0xCA89, 0xCA89, 0xCA89, 0xCA89,
    0xA905, 0xA905, 0xA905, 0xA905, 0xA905, 0xA905, 0xA905, 0xA905, 0xA905, 0xA905, 0xA905, 0xA905, 0x7BD0, 0x7BD0, 0xDB4C, 0xDB4C,
    0xDB4C, 0xDB4C, 0xDB4C, 0xDB4C, 0xDB4C, 0xDB4C, 0xDB4C, 0xDB4C, 0xDB4C, 0xDB4C, 0xDB4C, 0xDB4C, 0xDB4C, 0xDB4C, 0xDB4C, 0xDB4C,
    0x5ACE, 0x5ACE, 0xCEDD, 0xCEDD, 0xCEDD, 0xCEDD, 0x7BD0, 0x7BD0, 0xCEDD, 0xCEDD, 0xCEDD, 0xCEDD, 0xCEDD, 0xCEDD, 0xCEDD, 0xCEDD,
    0xCEDD, 0xCEDD, 0xCEDD, 0xCEDD, 0xCEDD, 0xCEDD, 0xCEDD, 0xCEDD, 0xCEDD, 0xCEDD, 0xCEDD, 0xCEDD, 0x4C18, 0x4C18, 0x4C18, 0x4C18,
    0x4C18, 0x4C18, 0x4C18, 0x4C18, 0xCEDD, 0xCEDD, 0xCEDD, 0xCEDD, 0xCEDD, 0xCEDD, 0xCEDD, 0xCEDD, 0xCEDD, 0xCEDD, 0xCEDD, 0xCEDD,
    0xCEDD, 0xCEDD, 0xCEDD, 0xCEDD, 0xCEDD, 0xCEDD, 0xCEDD, 0xCEDD, 0x7BD0, 0x7BD0, 0xCEDD, 0xCEDD, 0xCEDD, 0xCEDD, 0x5ACE, 0x5ACE,
    0xDB4C, 0xDB4C, 0xDB4C, 0xDB4C, 0xDB4C, 0xDB4C, 0xDB4C, 0xDB4C, 0xDB4C, 0xDB4C, 0xDB4C, 0xDB4C, 0xDB4C, 0xDB4C, 0xDB4C, 0xDB4C,
    0xDB4C, 0xDB4C, 0x7BD0, 0x7BD0, 0xA905, 0xA905, 0xA905, 0xA905, 0xA905, 0xA905, 0xA905, 0xA905, 0xA905, 0xA905, 0xA905, 0xA905,
    0xCA89, 0xCA89, 0xCA89, 0xCA89, 0xCA89, 0xCA89, 0xCA89, 0xCA89, 0xCA89, 0xCA89, 0xCA89, 0xCA89, 0xDB4C, 0xDB4C, 0x424D, 0x424D,
    0x424D, 0x424D, 0xCA89, 0xCA89, 0xCA89, 0xCA89, 0xCA89, 0xCA89, 0xCA89, 0xCA89, 0xCA89, 0xCA89, 0xCA89, 0xCA89, 0xA905, 0xA905,
    0xA905, 0xA905, 0xA905, 0xA905, 0xA905, 0xA905, 0xA905, 0xA905, 0xA905, 0xA905, 0x7BD0, 0x7BD0, 0xDB4C, 0xDB4C, 0xC248, 0xC248,
    0x4A4B, 0x4A4B, 0x4A4B, 0x4A4B, 0x4A4B, 0x4A4B, 0x4A4B, 0x4A4B, 0x4A4B, 0x4A4B, 0x4A4B, 0x4A4B, 0x4A4B, 0x4A4B, 0x4A4B, 0x4A4B,
    0x5ACE, 0x5ACE, 0xCEDD, 0xCEDD, 0xCEDD, 0xCEDD, 0xCEDD, 0xCEDD, 0xCEDD, 0xCEDD, 0xCEDD, 0xCEDD, 0xCEDD, 0xCEDD, 0xCEDD, 0xCEDD,
    0xCEDD, 0xCEDD, 0xCEDD, 0xCEDD, 0xCEDD, 0xCEDD, 0xCEDD, 0xCEDD, 0xCEDD, 0xCEDD, 0xCEDD, 0xCEDD, 0xA905, 0xA905, 0xA905, 0xA905,
    0xA905, 0xA905, 0xA905, 0xA905, 0xCEDD, 0xCEDD, 0xCEDD, 0xCEDD, 0xCEDD, 0xCEDD, 0xCEDD, 0xCEDD, 0xCEDD, 0xCEDD, 0xCEDD, 0xCEDD,
    0xCEDD, 0xCEDD, 0xCEDD, 0xCEDD, 0xCEDD, 0xCEDD, 0xCEDD, 0xCEDD, 0xCEDD, 0xCEDD, 0xCEDD, 0xCEDD, 0xCEDD, 0xCEDD, 0x5ACE, 0x5ACE,
    0x4A4B, 0x4A4B, 0x4A4B, 0x4A4B, 0x4A4B, 0x4A4B, 0x4A4B, 0x4A4B, 0x4A4B, 0x4A4B, 0x4A4B, 0x4A4B, 0x4A4B, 0x4A4B, 0x4A4B, 0x4A4B,
    0xC248, 0xC248, 0xDB4C, 0xDB4C, 0x7BD0, 0x7BD0, 0xA905, 0xA905, 0xA905, 0xA905, 0xA905, 0xA905, 0xA905, 0xA905, 0xA905, 0xA905,
    0xA905, 0xA905, 0xCA89, 0xCA89, 0xCA89, 0xCA89, 0xCA89, 0xCA89, 0xCA89, 0xCA89, 0xCA89, 0xCA89, 0xCA89, 0xCA89, 0x424D, 0x424D,
    0x424D, 0x424D, 0xCA89, 0xCA89, 0xCA89, 0xCA89, 0xCA89, 0xCA89, 0xCA89, 0xCA89, 0xCA89, 0xCA89, 0xCA89, 0xCA89, 0xA905, 0xA905,
    0xA905, 0xA905, 0xA905, 0xA905, 0xA905, 0xA905, 0xA905, 0xA905, 0xA905, 0xA905, 0x7BD0, 0x7BD0, 0xDB4C, 0xDB4C, 0xC248, 0xC248,
    0x4A4B, 0x4A4B, 0x4A4B, 0x4A4B, 0x4A4B, 0x4A4B, 0x4A4B, 0x4A4B, 0x4A4B, 0x4A4B, 0x4A4B, 0x4A4B, 0x4A4B, 0x4A4B, 0x4A4B, 0x4A4B,
    0x5ACE, 0x5ACE, 0xCEDD, 0xCEDD, 0xCEDD, 0xCEDD, 0xCEDD, 0xCEDD, 0xCEDD, 0xCEDD, 0xCEDD, 0xCEDD, 0xCEDD, 0xCEDD, 0xCEDD, 0xCEDD,
    0xCEDD, 0xCEDD, 0xCEDD, 0xCEDD, 0xCEDD, 0xCEDD, 0xCEDD, 0xCEDD, 0xCEDD, 0xCEDD, 0xCEDD, 0xCEDD, 0xA905, 0xA905, 0xA905, 0xA905,
    0xA905, 0xA905, 0xA905, 0xA905, 0xCEDD, 0xCEDD, 0xCEDD, 0xCEDD, 0xCEDD, 0xCEDD, 0xCEDD, 0xCEDD, 0xCEDD, 0xCEDD, 0xCEDD, 0xCEDD,
    0xCEDD, 0xCEDD, 0xCEDD, 0xCEDD, 0xCEDD, 0xCEDD, 0xCEDD, 0xCEDD, 0xCEDD, 0xCEDD, 0xCEDD, 0xCEDD, 0xCEDD, 0xCEDD, 0x5ACE, 0x5ACE,
    0x4A4B, 0x4A4B, 0x4A4B, 0x4A4B, 0x4A4B, 0x4A4B, 0x4A4B, 0x4A4B, 0x4A4B, 0x4A4B, 0x4A4B, 0x4A4B, 0x4A4B, 0x4A4B, 0x4A4B, 0x4A4B,
    0xC248, 0xC248, 0xDB4C, 0xDB4C, 0x7BD0, 0x7BD0, 0xA905, 0xA905, 0xA905, 0xA905, 0xA905, 0xA905, 0xA905, 0xA905, 0xA905, 0xA905,
    0xA905, 0xA905, 0xCA89, 0xCA89, 0xCA89, 0xCA89, 0xCA89, 0xCA89, 0xCA89, 0xCA89, 0xCA89, 0xCA89, 0xCA89, 0xCA89, 0x424D, 0x424D,
    0xF81F, 0xF81F, 0x424D, 0x424D, 0xCA89, 0xCA89, 0xCA89, 0xCA89, 0xCA89, 0xCA89, 0xCA89, 0xCA89, 0xCA89, 0xCA89, 0xA905, 0xA905,
    0xA905, 0xA905, 0xA905, 0xA905, 0xA905, 0xA905, 0xA905, 0xA905, 0x528D, 0x528D, 0xDB4C, 0xDB4C, 0xC248, 0xC248, 0x4A4B, 0x4A4B,
    0xA905, 0xA905, 0xA905, 0xA905, 0xA905, 0xA905, 0xA905, 0xA905, 0xA905, 0xA905, 0xA905, 0xA905, 0xA905, 0xA905, 0xA905, 0xA905,
    0x5ACE, 0x5ACE, 0xCEDD, 0xCEDD, 0xCEDD, 0xCEDD, 0xCEDD, 0xCEDD, 0xCEDD, 0xCEDD, 0xCEDD, 0xCEDD, 0xCEDD, 0xCEDD, 0xCEDD, 0xCEDD,
    0xCEDD, 0xCEDD, 0xCEDD, 0xCEDD, 0xA905, 0xA905, 0xA905, 0xA905, 0xA905, 0xA905, 0xCEDD, 0xCEDD, 0xCA89, 0xCA89, 0xA905, 0xA905,
    0xA905, 0xA905, 0xCA89, 0xCA89, 0xCEDD, 0xCEDD, 0xA905, 0xA905, 0xA905, 0xA905, 0xA905, 0xA905, 0xCEDD, 0xCEDD, 0xCEDD, 0xCEDD,
    0xCEDD, 0xCEDD, 0xCEDD, 0xCEDD, 0xCEDD, 0xCEDD, 0xCEDD, 0xCEDD, 0xCEDD, 0xCEDD, 0xCEDD, 0xCEDD, 0xCEDD, 0xCEDD, 0x5ACE, 0x5ACE,
    0xA905, 0xA905, 0xA905, 0xA905, 0xA905, 0xA905, 0xA905, 0xA905, 0xA905, 0xA905, 0xA905, 0xA905, 0xA905, 0xA905, 0xA905, 0xA905,
    0x4A4B, 0x4A4B, 0xC248, 0xC248, 0xDB4C, 0xDB4C, 0x528D, 0x528D, 0xA905, 0xA905, 0xA905, 0xA905, 0xA905, 0xA905, 0xA905, 0xA905,
    0xA905, 0xA905, 0xCA89, 0xCA89, 0xCA89, 0xCA89, 0xCA89, 0xCA89, 0xCA89, 0xCA89, 0xCA89, 0xCA89, 0x424D, 0x424D, 0xF81F, 0xF81F,
    0xF81F, 0xF81F, 0x424D, 0x424D, 0xCA89, 0xCA89, 0xCA89, 0xCA89, 0xCA89, 0xCA89, 0xCA89, 0xCA89, 0xCA89, 0xCA89, 0xA905, 0xA905,
    0xA905, 0xA905, 0xA905, 0xA905, 0xA905, 0xA905, 0xA905, 0xA905, 0x528D, 0x528D, 0xDB4C, 0xDB4C, 0xC248, 0xC248, 0x4A4B, 0x4A4B,
    0xA905, 0xA905, 0xA905, 0xA905, 0xA905, 0xA905, 0xA905, 0xA905, 0xA905, 0xA905, 0xA905, 0xA905, 0xA905, 0xA905, 0xA905, 0xA905,
    0x5ACE, 0x5ACE, 0xCEDD, 0xCEDD, 0xCEDD, 0xCEDD, 0xCEDD, 0xCEDD, 0xCEDD, 0xCEDD, 0xCEDD, 0xCEDD, 0xCEDD, 0xCEDD, 0xCEDD, 0xCEDD,
    0xCEDD, 0xCEDD, 0xCEDD, 0xCEDD, 0xA905, 0xA905, 0xA905, 0xA905, 0xA905, 0xA905, 0xCEDD, 0xCEDD, 0xCA89, 0xCA89, 0xA905, 0xA905,
    0xA905, 0xA905, 0xCA89, 0xCA89, 0xCEDD, 0xCEDD, 0xA905, 0xA905, 0xA905, 0xA905, 0xA905, 0xA905, 0xCEDD, 0xCEDD, 0xCEDD, 0xCEDD,
    0xCEDD, 0xCEDD, 0xCEDD, 0xCEDD, 0xCEDD, 0xCEDD, 0xCEDD, 0xCEDD, 0xCEDD, 0xCEDD, 0xCEDD, 0xCEDD, 0xCEDD, 0xCEDD, 0x5ACE, 0x5ACE,
    0xA905, 0xA905, 0xA905, 0xA905, 0xA905, 0xA905, 0xA905, 0xA905, 0xA905, 0xA905, 0xA905, 0xA905, 0xA905, 0xA905, 0xA905, 0xA905,
    0x4A4B, 0x4A4B, 0xC248, 0xC248, 0xDB4C, 0xDB4C, 0x528D, 0x528D, 0xA905, 0xA905, 0xA905, 0xA905, 0xA905, 0xA905, 0xA905, 0xA905,
    0xA905, 0xA905, 0xCA89, 0xCA89, 0xCA89, 0xCA89, 0xCA89, 0xCA89, 0xCA89, 0xCA89, 0xCA89, 0xCA89, 0x424D, 0x424D, 0xF81F, 0xF81F,
    0xF81F, 0xF81F, 0xF81F, 0xF81F, 0x424D, 0x424D, 0xCA89, 0xCA89, 0xCA89, 0xCA89, 0xCA89, 0xCA89, 0xA905, 0xA905, 0xA905, 0xA905,
    0xA905, 0xA905, 0xA905, 0xA905, 0xA905, 0xA905, 0xA905, 0xA905, 0x528D, 0x528D, 0xC248, 0xC248, 0x4A4B, 0x4A4B, 0xA905, 0xA905,
    0xA905, 0xA905, 0xA905, 0xA905, 0xA905, 0xA905, 0xA905, 0xA905, 0xA905, 0xA905, 0xA905, 0xA905, 0xA905, 0xA905, 0xA905, 0xA905,
    0x5ACE, 0x5ACE, 0xCEDD, 0xCEDD, 0xCEDD, 0xCEDD, 0xCEDD, 0xCEDD, 0xCEDD, 0xCEDD, 0xCEDD, 0xCEDD, 0xCEDD, 0xCEDD, 0xCEDD, 0xCEDD,
    0xCEDD, 0xCEDD, 0xCEDD, 0xCEDD, 0xCA89, 0xCA89, 0xA905, 0xA905, 0xA905, 0xA905, 0xA905, 0xA905, 0xCEDD, 0xCEDD, 0xCEDD, 0xCEDD,
    0xCEDD, 0xCEDD, 0xCEDD, 0xCEDD, 0xA905, 0xA905, 0xA905, 0xA905, 0xA905, 0xA905, 0xCA89, 0xCA89, 0xCEDD, 0xCEDD, 0xCEDD, 0xCEDD,
    0xCEDD, 0xCEDD, 0xCEDD, 0xCEDD, 0xCEDD, 0xCEDD, 0xCEDD, 0xCEDD, 0xCEDD, 0xCEDD, 0xCEDD, 0xCEDD, 0xCEDD, 0xCEDD, 0x5ACE, 0x5ACE,
    0xA905, 0xA905, 0xA905, 0xA905, 0xA905, 0xA905, 0xA905, 0xA905, 0xA905, 0xA905, 0xA905, 0xA905, 0xA905, 0xA905, 0xA905, 0xA905,
    0xA905, 0xA905, 0x4A4B, 0x4A4B, 0xC248, 0xC248, 0x528D, 0x528D, 0xA905, 0xA905, 0xA905, 0xA905, 0xA905, 0xA905, 0xA905, 0xA905,
    0xA905, 0xA905, 0xA905, 0xA905, 0xCA89, 0xCA89, 0xCA89, 0xCA89, 0xCA89, 0xCA89, 0x424D, 0x424D, 0xF81F, 0xF81F, 0xF81F, 0xF81F,
    0xF81F, 0xF81F, 0xF81F, 0xF81F, 0x424D, 0x424D, 0xCA89, 0xCA89, 0xCA89, 0xCA89, 0xCA89, 0xCA89, 0xA905, 0xA905, 0xA905, 0xA905,
    0xA905, 0xA905, 0xA905, 0xA905, 0xA905, 0xA905, 0xA905, 0xA905, 0x528D, 0x528D, 0xC248, 0xC248, 0x4A4B, 0x4A4B, 0xA905, 0xA905,
    0xA905, 0xA905, 0xA905, 0xA905, 0xA905, 0xA905, 0xA905, 0xA905, 0xA905, 0xA905, 0xA905, 0xA905, 0xA905, 0xA905, 0xA905, 0xA905,
    0x5ACE, 0x5ACE, 0xCEDD, 0xCEDD, 0xCEDD, 0xCEDD, 0xCEDD, 0xCEDD, 0xCEDD, 0xCEDD, 0xCEDD, 0xCEDD, 0xCEDD, 0xCEDD, 0xCEDD, 0xCEDD,
    0xCEDD, 0xCEDD, 0xCEDD, 0xCEDD, 0xCA89, 0xCA89, 0xA905, 0xA905, 0xA905, 0xA905, 0xA905, 0xA905, 0xCEDD, 0xCEDD, 0xCEDD, 0xCEDD,
    0xCEDD, 0xCEDD, 0xCEDD, 0xCEDD, 0xA905, 0xA905, 0xA905, 0xA905, 0xA905, 0xA905, 0xCA89, 0xCA89, 0xCEDD, 0xCEDD, 0xCEDD, 0xCEDD,
    0xCEDD, 0xCEDD, 0xCEDD, 0xCEDD, 0xCEDD, 0xCEDD, 0xCEDD, 0xCEDD, 0xCEDD, 0xCEDD, 0xCEDD, 0xCEDD, 0xCEDD, 0xCEDD, 0x5ACE, 0x5ACE,
    0xA905, 0xA905, 0xA905, 0xA905, 0xA905, 0xA905, 0xA905, 0xA905, 0xA905, 0xA905, 0xA905, 0xA905, 0xA905, 0xA905, 0xA905, 0xA905,
    0xA905, 0xA905, 0x4A4B, 0x4A4B, 0xC248, 0xC248, 0x528D, 0x528D, 0xA905, 0xA905, 0xA905, 0xA905, 0xA905, 0xA905, 0xA905, 0xA905,
    0xA905, 0xA905, 0xA905, 0xA905, 0xCA89, 0xCA89, 0xCA89, 0xCA89, 0xCA89, 0xCA89, 0x424D, 0x424D, 0xF81F, 0xF81F, 0xF81F, 0xF81F,
    0xF81F, 0xF81F, 0xF81F, 0xF81F, 0x424D, 0x424D, 0x424D, 0x424D, 0xCA89, 0xCA89, 0xCA89, 0xCA89, 0xA905, 0xA905, 0xA905, 0xA905,
    0xA905, 0xA905, 0xA905, 0xA905, 0xA905, 0xA905, 0xA905, 0xA905, 0x528D, 0x528D, 0xC248, 0xC248, 0x4A4B, 0x4A4B, 0xA905, 0xA905,
    0xA905, 0xA905, 0xA905, 0xA905, 0xA905, 0xA905, 0xA905, 0xA905, 0xA905, 0xA905, 0xA905, 0xA905, 0xA905, 0xA905, 0xA905, 0xA905,
    0x424D, 0x424D, 0x5ACE, 0x5ACE, 0xCEDD, 0xCEDD, 0xCEDD, 0xCEDD, 0xCEDD, 0xCEDD, 0xCEDD, 0xCEDD, 0xCEDD, 0xCEDD, 0xCEDD, 0xCEDD,
    0xCEDD, 0xCEDD, 0xCEDD, 0xCEDD, 0xCEDD, 0xCEDD, 0xA905, 0xA905, 0xA905, 0xA905, 0xA905, 0xA905, 0xA905, 0xA905, 0xA905, 0xA905,
    0xA905, 0xA905, 0xA905, 0xA905, 0xA905, 0xA905, 0xA905, 0xA905, 0xA905, 0xA905, 0xCEDD, 0xCEDD, 0xCEDD, 0xCEDD, 0xCEDD, 0xCEDD,
    0xCEDD, 0xCEDD, 0xCEDD, 0xCEDD, 0xCEDD, 0xCEDD, 0xCEDD, 0xCEDD, 0xCEDD, 0xCEDD, 0xCEDD, 0xCEDD, 0x5ACE, 0x5ACE, 0x424D, 0x424D,
    0xA905, 0xA905, 0xA905, 0xA905, 0xA905, 0xA905, 0xA905, 0xA905, 0xA905, 0xA905, 0xA905, 0xA905, 0xA905, 0xA905, 0xA905, 0xA905,
    0xA905, 0xA905, 0x4A4B, 0x4A4B, 0xC248, 0xC248, 0x528D, 0x528D, 0xA905, 0xA905, 0xA905, 0xA905, 0xA905, 0xA905, 0xA905, 0xA905,
    0xA905, 0xA905, 0xA905, 0xA905, 0xCA89, 0xCA89, 0xCA89, 0xCA89, 0x424D, 0x424D, 0x424D, 0x424D, 0xF81F, 0xF81F, 0xF81F, 0xF81F,
    0xF81F, 0xF81F, 0xF81F, 0xF81F, 0x424D, 0x424D, 0x424D, 0x424D, 0xCA89, 0xCA89, 0xCA89, 0xCA89, 0xA905, 0xA905, 0xA905, 0xA905,
    0xA905, 0xA905, 0xA905, 0xA905, 0xA905, 0xA905, 0xA905, 0xA905, 0x528D, 0x528D, 0xC248, 0xC248, 0x4A4B, 0x4A4B, 0xA905, 0xA905,
    0xA905, 0xA905, 0xA905, 0xA905, 0xA905, 0xA905, 0xA905, 0xA905, 0xA905, 0xA905, 0xA905, 0xA905, 0xA905, 0xA905, 0xA905, 0xA905,
    0x424D, 0x424D, 0x5ACE, 0x5ACE, 0xCEDD, 0xCEDD, 0xCEDD, 0xCEDD, 0xCEDD, 0xCEDD, 0xCEDD, 0xCEDD, 0xCEDD, 0xCEDD, 0xCEDD, 0xCEDD,
    0xCEDD, 0xCEDD, 0xCEDD, 0xCEDD, 0xCEDD, 0xCEDD, 0xA905, 0xA905, 0xA905, 0xA905, 0xA905, 0xA905, 0xA905, 0xA905, 0xA905, 0xA905,
    0xA905, 0xA905, 0xA905, 0xA905, 0xA905, 0xA905, 0xA905, 0xA905, 0xA905, 0xA905, 0xCEDD, 0xCEDD, 0xCEDD, 0xCEDD, 0xCEDD, 0xCEDD,
    0xCEDD, 0xCEDD, 0xCEDD, 0xCEDD, 0xCEDD, 0xCEDD, 0xCEDD, 0xCEDD, 0xCEDD, 0xCEDD, 0xCEDD, 0xCEDD, 0x5ACE, 0x5ACE, 0x424D, 0x424D,
    0xA905, 0xA905, 0xA905, 0xA905, 0xA905, 0xA905, 0xA905, 0xA905, 0xA905, 0xA905, 0xA905, 0xA905, 0xA905, 0xA905, 0xA905, 0xA905,
    0xA905, 0xA905, 0x4A4B, 0x4A4B, 0xC248, 0xC248, 0x528D, 0x528D, 0xA905, 0xA905, 0xA905, 0xA905, 0xA905, 0xA905, 0xA905, 0xA905,
    0xA905, 0xA905, 0xA905, 0xA905, 0xCA89, 0xCA89, 0xCA89, 0xCA89, 0x424D, 0x424D, 0x424D, 0x424D, 0xF81F, 0xF81F, 0xF81F, 0xF81F,
    0xF81F, 0xF81F, 0xF81F, 0xF81F, 0x424D, 0x424D, 0xCEDD, 0xCEDD, 0x424D, 0x424D, 0x424D, 0x424D, 0x424D, 0x424D, 0x424D, 0x424D,
    0x424D, 0x424D, 0x424D, 0x424D, 0x424D, 0x424D, 0x424D, 0x424D, 0x528D, 0x528D, 0xC248, 0xC248, 0x4A4B, 0x4A4B, 0x424D, 0x424D,
    0x424D, 0x424D, 0x424D, 0x424D, 0x424D, 0x424D, 0x424D, 0x424D, 0x424D, 0x424D, 0x424D, 0x424D, 0x424D, 0x424D, 0x424D, 0x424D,
    0x5ACE, 0x5ACE, 0x7BD0, 0x7BD0, 0x424D, 0x424D, 0x424D, 0x424D, 0x424D, 0x424D, 0x424D, 0x424D, 0x424D, 0x424D, 0x424D, 0x424D,
    0x5ACE, 0x5ACE, 0x5ACE, 0x5ACE, 0xCEDD, 0xCEDD, 0xCEDD, 0xCEDD, 0xA905, 0xA905, 0xA905, 0xA905, 0xA905, 0xA905, 0xA905, 0xA905,
    0xA905, 0xA905, 0xA905, 0xA905, 0xA905, 0xA905, 0xA905, 0xA905, 0xCEDD, 0xCEDD, 0xCEDD, 0xCEDD, 0x5ACE, 0x5ACE, 0x5ACE, 0x5ACE,
    0x424D, 0x424D, 0x424D, 0x424D, 0x424D, 0x424D, 0x424D, 0x424D, 0x424D, 0x424D, 0x424D, 0x424D, 0x7BD0, 0x7BD0, 0x5ACE, 0x5ACE,
    0x424D, 0x424D, 0x424D, 0x424D, 0x424D, 0x424D, 0x424D, 0x424D, 0x424D, 0x424D, 0x424D, 0x424D, 0x424D, 0x424D, 0x424D, 0x424D,
    0x424D, 0x424D, 0x4A4B, 0x4A4B, 0xC248, 0xC248, 0x528D, 0x528D, 0x424D, 0x424D, 0x424D, 0x424D, 0x424D, 0x424D, 0x424D, 0x424D,
    0x424D, 0x424D, 0x424D, 0x424D, 0x424D, 0x424D, 0x424D, 0x424D, 0xCEDD, 0xCEDD, 0x424D, 0x424D, 0xF81F, 0xF81F, 0xF81F, 0xF81F,
    0xF81F, 0xF81F, 0xF81F, 0xF81F, 0x424D, 0x424D, 0xCEDD, 0xCEDD, 0x424D, 0x424D, 0x424D, 0x424D, 0x424D, 0x424D, 0x424D, 0x424D,
    0x424D, 0x424D, 0x424D, 0x424D, 0x424D, 0x424D, 0x424D, 0x424D, 0x528D, 0x528D, 0xC248, 0xC248, 0x4A4B, 0x4A4B, 0x424D, 0x424D,
    0x424D, 0x424D, 0x424D, 0x424D, 0x424D, 0x424D, 0x424D, 0x424D, 0x424D, 0x424D, 0x424D, 0x424D, 0x424D, 0x424D, 0x424D, 0x424D,
    0x5ACE, 0x5ACE, 0x7BD0, 0x7BD0, 0x424D, 0x424D, 0x424D, 0x424D, 0x424D, 0x424D, 0x424D, 0x424D, 0x424D, 0x424D, 0x424D, 0x424D,
    0x5ACE, 0x5ACE, 0x5ACE, 0x5ACE, 0xCEDD, 0xCEDD, 0xCEDD, 0xCEDD, 0xA905, 0xA905, 0xA905, 0xA905, 0xA905, 0xA905, 0xA905, 0xA905,
    0xA905, 0xA905, 0xA905, 0xA905, 0xA905, 0xA905, 0xA905, 0xA905, 0xCEDD, 0xCEDD, 0xCEDD, 0xCEDD, 0x5ACE, 0x5ACE, 0x5ACE, 0x5ACE,
    0x424D, 0x424D, 0x424D, 0x424D, 0x424D, 0x424D, 0x424D, 0x424D, 0x424D, 0x424D, 0x424D, 0x424D, 0x7BD0, 0x7BD0, 0x5ACE, 0x5ACE,
    0x424D, 0x424D, 0x424D, 0x424D, 0x424D, 0x424D, 0x424D, 0x424D, 0x424D, 0x424D, 0x424D, 0x424D, 0x424D, 0x424D, 0x424D, 0x424D,
    0x424D, 0x424D, 0x4A4B, 0x4A4B, 0xC248, 0xC248, 0x528D, 0x528D, 0x424D, 0x424D, 0x424D, 0x424D, 0x424D, 0x424D, 0x424D, 0x424D,
    0x424D, 0x424D, 0x424D, 0x424D, 0x424D, 0x424D, 0x424D, 0x424D, 0xCEDD, 0xCEDD, 0x424D, 0x424D, 0xF81F, 0xF81F, 0xF81F, 0xF81F,
    0xF81F, 0xF81F, 0xF81F, 0xF81F, 0x424D, 0x424D, 0xF79F, 0xF79F, 0xCEDD, 0xCEDD, 0x9516, 0x9516, 0x7BD0, 0x7BD0, 0x5ACE, 0x5ACE,
    0x5ACE, 0x5ACE, 0x5ACE, 0x5ACE, 0x5ACE, 0x5ACE, 0x5ACE, 0x5ACE, 0x528D, 0x528D, 0xC248, 0xC248, 0x4A4B, 0x4A4B, 0x5ACE, 0x5ACE,
    0x5ACE, 0x5ACE, 0x5ACE, 0x5ACE, 0x5ACE, 0x5ACE, 0x5ACE, 0x5ACE, 0x5ACE, 0x5ACE, 0x5ACE, 0x5ACE, 0x5ACE, 0x5ACE, 0x5ACE, 0x5ACE,
    0x7BD0, 0x7BD0, 0xADD9, 0xADD9, 0x9516, 0x9516, 0x9516, 0x9516, 0x7BD0, 0x7BD0, 0x424D, 0x424D, 0x7BD0, 0x7BD0, 0x7BD0, 0x7BD0,
    0x7BD0, 0x7BD0, 0x7BD0, 0x7BD0, 0x5ACE, 0x5ACE, 0xCEDD, 0xCEDD, 0xCEDD, 0xCEDD, 0xCA89, 0xCA89, 0xA905, 0xA905, 0xA905, 0xA905,
    0xA905, 0xA905, 0xA905, 0xA905, 0xCA89, 0xCA89, 0xCEDD, 0xCEDD, 0xCEDD, 0xCEDD, 0x5ACE, 0x5ACE, 0x7BD0, 0x7BD0, 0x7BD0, 0x7BD0,
    0x7BD0, 0x7BD0, 0x7BD0, 0x7BD0, 0x424D, 0x424D, 0x7BD0, 0x7BD0, 0x9516, 0x9516, 0x9516, 0x9516, 0xADD9, 0xADD9, 0x7BD0, 0x7BD0,
    0x5ACE, 0x5ACE, 0x5ACE, 0x5ACE, 0x5ACE, 0x5ACE, 0x5ACE, 0x5ACE, 0x5ACE, 0x5ACE, 0x5ACE, 0x5ACE, 0x5ACE, 0x5ACE, 0x5ACE, 0x5ACE,
    0x5ACE, 0x5ACE, 0x4A4B, 0x4A4B, 0xC248, 0xC248, 0x528D, 0x528D, 0x5ACE, 0x5ACE, 0x5ACE, 0x5ACE, 0x5ACE, 0x5ACE, 0x5ACE, 0x5ACE,
    0x5ACE, 0x5ACE, 0x7BD0, 0x7BD0, 0x9516, 0x9516, 0xCEDD, 0xCEDD, 0xF79F, 0xF79F, 0x424D, 0x424D, 0xF81F, 0xF81F, 0xF81F, 0xF81F,
    0xF81F, 0xF81F, 0xF81F, 0xF81F, 0x424D, 0x424D, 0xF79F, 0xF79F, 0xCEDD, 0xCEDD, 0x9516, 0x9516, 0x7BD0, 0x7BD0, 0x5ACE, 0x5ACE,
    0x5ACE, 0x5ACE, 0x5ACE, 0x5ACE, 0x5ACE, 0x5ACE, 0x5ACE, 0x5ACE, 0x528D, 0x528D, 0xC248, 0xC248, 0x4A4B, 0x4A4B, 0x5ACE, 0x5ACE,
    0x5ACE, 0x5ACE, 0x5ACE, 0x5ACE, 0x5ACE, 0x5ACE, 0x5ACE, 0x5ACE, 0x5ACE, 0x5ACE, 0x5ACE, 0x5ACE, 0x5ACE, 0x5ACE, 0x5ACE, 0x5ACE,
    0x7BD0, 0x7BD0, 0xADD9, 0xADD9, 0x9516, 0x9516, 0x9516, 0x9516, 0x7BD0, 0x7BD0, 0x424D, 0x424D, 0x7BD0, 0x7BD0, 0x7BD0, 0x7BD0,
    0x7BD0, 0x7BD0, 0x7BD0, 0x7BD0, 0x5ACE, 0x5ACE, 0xCEDD, 0xCEDD, 0xCEDD, 0xCEDD, 0xCA89, 0xCA89, 0xA905, 0xA905, 0xA905, 0xA905,
    0xA905, 0xA905, 0xA905, 0xA905, 0xCA89, 0xCA89, 0xCEDD, 0xCEDD, 0xCEDD, 0xCEDD, 0x5ACE, 0x5ACE, 0x7BD0, 0x7BD0, 0x7BD0, 0x7BD0,
    0x7BD0, 0x7BD0, 0x7BD0, 0x7BD0, 0x424D, 0x424D, 0x7BD0, 0x7BD0, 0x9516, 0x9516, 0x9516, 0x9516, 0xADD9, 0xADD9, 0x7BD0, 0x7BD0,
    0x5ACE, 0x5ACE, 0x5ACE, 0x5ACE, 0x5ACE, 0x5ACE, 0x5ACE, 0x5ACE, 0x5ACE, 0x5ACE, 0x5ACE, 0x5ACE, 0x5ACE, 0x5ACE, 0x5ACE, 0x5ACE,
    0x5ACE, 0x5ACE, 0x4A4B, 0x4A4B, 0xC248, 0xC248, 0x528D, 0x528D, 0x5ACE, 0x5ACE, 0x5ACE, 0x5ACE, 0x5ACE, 0x5ACE, 0x5ACE, 0x5ACE,
    0x5ACE, 0x5ACE, 0x7BD0, 0x7BD0, 0x9516, 0x9516, 0xCEDD, 0xCEDD, 0xF79F, 0xF79F, 0x424D, 0x424D, 0xF81F, 0xF81F, 0xF81F, 0xF81F,
    0xF81F, 0xF81F, 0xF81F, 0xF81F, 0x424D, 0x424D, 0xF79F, 0xF79F, 0xF79F, 0xF79F, 0xCEDD, 0xCEDD, 0x9516, 0x9516, 0x9516, 0x9516,
    0x7BD0, 0x7BD0, 0x9516, 0x9516, 0x9516, 0x9516, 0x9516, 0x9516, 0x528D, 0x528D, 0xC248, 0xC248, 0x4A4B, 0x4A4B, 0x9516, 0x9516,
    0x9516, 0x9516, 0x9516, 0x9516, 0x9516, 0x9516, 0x9516, 0x9516, 0x9516, 0x9516, 0x9516, 0x9516, 0x9516, 0x9516, 0x9516, 0x9516,
    0x7BD0, 0x7BD0, 0xADD9, 0xADD9, 0x9516, 0x9516, 0x9516, 0x9516, 0x9516, 0x9516, 0x424D, 0x424D, 0x9516, 0x9516, 0x9516, 0x9516,
    0x9516, 0x9516, 0x9516, 0x9516, 0x9516, 0x9516, 0x5ACE, 0x5ACE, 0x9516, 0x9516, 0xCEDD, 0xCEDD, 0xCEDD, 0xCEDD, 0xCEDD, 0xCEDD,
    0xCEDD, 0xCEDD, 0xCEDD, 0xCEDD, 0xCEDD, 0xCEDD, 0x9516, 0x9516, 0x5ACE, 0x5ACE, 0x9516, 0x9516, 0x9516, 0x9516, 0x9516, 0x9516,
    0x9516, 0x9516, 0x9516, 0x9516, 0x424D, 0x424D, 0x9516, 0x9516, 0x9516, 0x9516, 0x9516, 0x9516, 0xADD9, 0xADD9, 0x7BD0, 0x7BD0,
    0x9516, 0x9516, 0x9516, 0x9516, 0x9516, 0x9516, 0x9516, 0x9516, 0x9516, 0x9516, 0x9516, 0x9516, 0x9516, 0x9516, 0x9516, 0x9516,
    0x9516, 0x9516, 0x4A4B, 0x4A4B, 0xC248, 0xC248, 0x528D, 0x528D, 0x9516, 0x9516, 0x9516, 0x9516, 0x9516, 0x9516, 0x7BD0, 0x7BD0,
    0x9516, 0x9516, 0x9516, 0x9516, 0xCEDD, 0xCEDD, 0xF79F, 0xF79F, 0xF79F, 0xF79F, 0x424D, 0x424D, 0xF81F, 0xF81F, 0xF81F, 0xF81F,
    0xF81F, 0xF81F, 0xF81F, 0xF81F, 0x424D, 0x424D, 0xF79F, 0xF79F, 0xF79F, 0xF79F, 0xCEDD, 0xCEDD, 0x9516, 0x9516, 0x9516, 0x9516,
    0x7BD0, 0x7BD0, 0x9516, 0x9516, 0x9516, 0x9516, 0x9516, 0x9516, 0x528D, 0x528D, 0xC248, 0xC248, 0x4A4B, 0x4A4B, 0x9516, 0x9516,
    0x9516, 0x9516, 0x9516, 0x9516, 0x9516, 0x9516, 0x9516, 0x9516, 0x9516, 0x9516, 0x9516, 0x9516, 0x9516, 0x9516, 0x9516, 0x9516,
    0x7BD0, 0x7BD0, 0xADD9, 0xADD9, 0x9516, 0x9516, 0x9516, 0x9516, 0x9516, 0x9516, 0x424D, 0x424D, 0x9516, 0x9516, 0x9516, 0x9516,
    0x9516, 0x9516, 0x9516, 0x9516, 0x9516, 0x9516, 0x5ACE, 0x5ACE, 0x9516, 0x9516, 0xCEDD, 0xCEDD, 0xCEDD, 0xCEDD, 0xCEDD, 0xCEDD,
    0xCEDD, 0xCEDD, 0xCEDD, 0xCEDD, 0xCEDD, 0xCEDD, 0x9516, 0x9516, 0x5ACE, 0x5ACE, 0x9516, 0x9516, 0x9516, 0x9516, 0x9516, 0x9516,
    0x9516, 0x9516, 0x9516, 0x9516, 0x424D, 0x424D, 0x9516, 0x9516, 0x9516, 0x9516, 0x9516, 0x9516, 0xADD9, 0xADD9, 0x7BD0, 0x7BD0,
    0x9516, 0x9516, 0x9516, 0x9516, 0x9516, 0x9516, 0x9516, 0x9516, 0x9516, 0x9516, 0x9516, 0x9516, 0x9516, 0x9516, 0x9516, 0x9516,
    0x9516, 0x9516, 0x4A4B, 0x4A4B, 0xC248, 0xC248, 0x528D, 0x528D, 0x9516, 0x9516, 0x9516, 0x9516, 0x9516, 0x9516, 0x7BD0, 0x7BD0,
    0x9516, 0x9516, 0x9516, 0x9516, 0xCEDD, 0xCEDD, 0xF79F, 0xF79F, 0xF79F, 0xF79F, 0x424D, 0x424D, 0xF81F, 0xF81F, 0xF81F, 0xF81F,
    0xF81F, 0xF81F, 0xF81F, 0xF81F, 0x424D, 0x424D, 0xF79F, 0xF79F, 0xF79F, 0xF79F, 0xF79F, 0xF79F, 0xF79F, 0xF79F, 0xCEDD, 0xCEDD,
    0x7BD0, 0x7BD0, 0xF79F, 0xF79F, 0xCEDD, 0xCEDD, 0xCEDD, 0xCEDD, 0x528D, 0x528D, 0xC248, 0xC248, 0x4A4B, 0x4A4B, 0xCEDD, 0xCEDD,
    0xCEDD, 0xCEDD, 0xCEDD, 0xCEDD, 0xCEDD, 0xCEDD, 0xCEDD, 0xCEDD, 0xCEDD, 0xCEDD, 0xCEDD, 0xCEDD, 0xCEDD, 0xCEDD, 0xF79F, 0xF79F,
    0x7BD0, 0x7BD0, 0xCEDD, 0xCEDD, 0xADD9, 0xADD9, 0xADD9, 0xADD9, 0xADD9, 0xADD9, 0x424D, 0x424D, 0x9516, 0x9516, 0xADD9, 0xADD9,
    0xADD9, 0xADD9, 0xADD9, 0xADD9, 0xADD9, 0xADD9, 0x9516, 0x9516, 0x7BD0, 0x7BD0, 0x5ACE, 0x5ACE, 0x5ACE, 0x5ACE, 0x5ACE, 0x5ACE,
    0x5ACE, 0x5ACE, 0x5ACE, 0x5ACE, 0x5ACE, 0x5ACE, 0x7BD0, 0x7BD0, 0x9516, 0x9516, 0xADD9, 0xADD9, 0xADD9, 0xADD9, 0xADD9, 0xADD9,
    0xADD9, 0xADD9, 0x9516, 0x9516, 0x424D, 0x424D, 0xADD9, 0xADD9, 0xADD9, 0xADD9, 0xADD9, 0xADD9, 0xCEDD, 0xCEDD, 0x7BD0, 0x7BD0,
    0xF79F, 0xF79F, 0xCEDD, 0xCEDD, 0xCEDD, 0xCEDD, 0xCEDD, 0xCEDD, 0xCEDD, 0xCEDD, 0xCEDD, 0xCEDD, 0xCEDD, 0xCEDD, 0xCEDD, 0xCEDD,
    0xCEDD, 0xCEDD, 0x4A4B, 0x4A4B, 0xC248, 0xC248, 0x528D, 0x528D, 0xCEDD, 0xCEDD, 0xCEDD, 0xCEDD, 0xF79F, 0xF79F, 0x7BD0, 0x7BD0,
    0xCEDD, 0xCEDD, 0xF79F, 0xF79F, 0xF79F, 0xF79F, 0xF79F, 0xF79F, 0xF79F, 0xF79F, 0x424D, 0x424D, 0xF81F, 0xF81F, 0xF81F, 0xF81F,
    0xF81F, 0xF81F, 0xF81F, 0xF81F, 0x424D, 0x424D, 0xF79F, 0xF79F, 0xF79F, 0xF79F, 0xF79F, 0xF79F, 0xF79F, 0xF79F, 0xCEDD, 0xCEDD,
    0x7BD0, 0x7BD0, 0xF79F, 0xF79F, 0xCEDD, 0xCEDD, 0xCEDD, 0xCEDD, 0x528D, 0x528D, 0xC248, 0xC248, 0x4A4B, 0x4A4B, 0xCEDD, 0xCEDD,
    0xCEDD, 0xCEDD, 0xCEDD, 0xCEDD, 0xCEDD, 0xCEDD, 0xCEDD, 0xCEDD, 0xCEDD, 0xCEDD, 0xCEDD, 0xCEDD, 0xCEDD, 0xCEDD, 0xF79F, 0xF79F,
    0x7BD0, 0x7BD0, 0xCEDD, 0xCEDD, 0xADD9, 0xADD9, 0xADD9, 0xADD9, 0xADD9, 0xADD9, 0x424D, 0x424D, 0x9516, 0x9516, 0xADD9, 0xADD9,
    0xADD9, 0xADD9, 0xADD9, 0xADD9, 0xADD9, 0xADD9, 0x9516, 0x9516, 0x7BD0, 0x7BD0, 0x5ACE, 0x5ACE, 0x5ACE, 0x5ACE, 0x5ACE, 0x5ACE,
    0x5ACE, 0x5ACE, 0x5ACE, 0x5ACE, 0x5ACE, 0x5ACE, 0x7BD0, 0x7BD0, 0x9516, 0x9516, 0xADD9, 0xADD9, 0xADD9, 0xADD9, 0xADD9, 0xADD9,
    0xADD9, 0xADD9, 0x9516, 0x9516, 0x424D, 0x424D, 0xADD9, 0xADD9, 0xADD9, 0xADD9, 0xADD9, 0xADD9, 0xCEDD, 0xCEDD, 0x7BD0, 0x7BD0,
    0xF79F, 0xF79F, 0xCEDD, 0xCEDD, 0xCEDD, 0xCEDD, 0xCEDD, 0xCEDD, 0xCEDD, 0xCEDD, 0xCEDD, 0xCEDD, 0xCEDD, 0xCEDD, 0xCEDD, 0xCEDD,
    0xCEDD, 0xCEDD, 0x4A4B, 0x4A4B, 0xC248, 0xC248, 0x528D, 0x528D, 0xCEDD, 0xCEDD, 0xCEDD, 0xCEDD, 0xF79F, 0xF79F, 0x7BD0, 0x7BD0,
    0xCEDD, 0xCEDD, 0xF79F, 0xF79F, 0xF79F, 0xF79F, 0xF79F, 0xF79F, 0xF79F, 0xF79F, 0x424D, 0x424D, 0xF81F, 0xF81F, 0xF81F, 0xF81F,
    0xF81F, 0xF81F, 0xF81F, 0xF81F, 0x424D, 0x424D, 0xF79F, 0xF79F, 0xF79F, 0xF79F, 0xF79F, 0xF79F, 0xF79F, 0xF79F, 0xCEDD, 0xCEDD,
    0xADD9, 0xADD9, 0xADD9, 0xADD9, 0xADD9, 0xADD9, 0xADD9, 0xADD9, 0x528D, 0x528D, 0xC248, 0xC248, 0x4A4B, 0x4A4B, 0xADD9, 0xADD9,
    0xADD9, 0xADD9, 0xADD9, 0xADD9, 0xADD9, 0xADD9, 0xADD9, 0xADD9, 0xADD9, 0xADD9, 0xADD9, 0xADD9, 0xADD9, 0xADD9, 0xADD9, 0xADD9,
    0x7BD0, 0x7BD0, 0xF79F, 0xF79F, 0xCEDD, 0xCEDD, 0xCEDD, 0xCEDD, 0xCEDD, 0xCEDD, 0x424D, 0x424D, 0xADD9, 0xADD9, 0x9516, 0x9516,
    0x424D, 0x424D, 0x424D, 0x424D, 0x424D, 0x424D, 0x424D, 0x424D, 0x424D, 0x424D, 0x424D, 0x424D, 0x424D, 0x424D, 0x424D, 0x424D,
    0x424D, 0x424D, 0x424D, 0x424D, 0x424D, 0x424D, 0x424D, 0x424D, 0x424D, 0x424D, 0x424D, 0x424D, 0x424D, 0x424D, 0x424D, 0x424D,
    0x9516, 0x9516, 0xADD9, 0xADD9, 0x424D, 0x424D, 0xCEDD, 0xCEDD, 0xCEDD, 0xCEDD, 0xCEDD, 0xCEDD, 0xF79F, 0xF79F, 0x7BD0, 0x7BD0,
    0xADD9, 0xADD9, 0xADD9, 0xADD9, 0xADD9, 0xADD9, 0xADD9, 0xADD9, 0xADD9, 0xADD9, 0xADD9, 0xADD9, 0xADD9, 0xADD9, 0xADD9, 0xADD9,
    0xADD9, 0xADD9, 0x4A4B, 0x4A4B, 0xC248, 0xC248, 0x528D, 0x528D, 0xADD9, 0xADD9, 0xADD9, 0xADD9, 0xADD9, 0xADD9, 0xADD9, 0xADD9,
    0xCEDD, 0xCEDD, 0xF79F, 0xF79F, 0xF79F, 0xF79F, 0xF79F, 0xF79F, 0xF79F, 0xF79F, 0x424D, 0x424D, 0xF81F, 0xF81F, 0xF81F, 0xF81F,
    0xF81F, 0xF81F, 0xF81F, 0xF81F, 0x424D, 0x424D, 0xF79F, 0xF79F, 0xF79F, 0xF79F, 0xF79F, 0xF79F, 0xF79F, 0xF79F, 0xCEDD, 0xCEDD,
    0xADD9, 0xADD9, 0xADD9, 0xADD9, 0xADD9, 0xADD9, 0xADD9, 0xADD9, 0x528D, 0x528D, 0xC248, 0xC248, 0x4A4B, 0x4A4B, 0xADD9, 0xADD9,
    0xADD9, 0xADD9, 0xADD9, 0xADD9, 0xADD9, 0xADD9, 0xADD9, 0xADD9, 0xADD9, 0xADD9, 0xADD9, 0xADD9, 0xADD9, 0xADD9, 0xADD9, 0xADD9,
    0x7BD0, 0x7BD0, 0xF79F, 0xF79F, 0xCEDD, 0xCEDD, 0xCEDD, 0xCEDD, 0xCEDD, 0xCEDD, 0x424D, 0x424D, 0xADD9, 0xADD9, 0x9516, 0x9516,
    0x424D, 0x424D, 0x424D, 0x424D, 0x424D, 0x424D, 0x424D, 0x424D, 0x424D, 0x424D, 0x424D, 0x424D, 0x424D, 0x424D, 0x424D, 0x424D,
    0x424D, 0x424D, 0x424D, 0x424D, 0x424D, 0x424D, 0x424D, 0x424D, 0x424D, 0x424D, 0x424D, 0x424D, 0x424D, 0x424D, 0x424D, 0x424D,
    0x9516, 0x9516, 0xADD9, 0xADD9, 0x424D, 0x424D, 0xCEDD, 0xCEDD, 0xCEDD, 0xCEDD, 0xCEDD, 0xCEDD, 0xF79F, 0xF79F, 0x7BD0, 0x7BD0,
    0xADD9, 0xADD9, 0xADD9, 0xADD9, 0xADD9, 0xADD9, 0xADD9, 0xADD9, 0xADD9, 0xADD9, 0xADD9, 0xADD9, 0xADD9, 0xADD9, 0xADD9, 0xADD9,
    0xADD9, 0xADD9, 0x4A4B, 0x4A4B, 0xC248, 0xC248, 0x528D, 0x528D, 0xADD9, 0xADD9, 0xADD9, 0xADD9, 0xADD9, 0xADD9, 0xADD9, 0xADD9,
    0xCEDD, 0xCEDD, 0xF79F, 0xF79F, 0xF79F, 0xF79F, 0xF79F, 0xF79F, 0xF79F, 0xF79F, 0x424D, 0x424D, 0xF81F, 0xF81F, 0xF81F, 0xF81F,
    0xF81F, 0xF81F, 0xF81F, 0xF81F, 0x424D, 0x424D, 0xF79F, 0xF79F, 0xF79F, 0xF79F, 0xF79F, 0xF79F, 0xF79F, 0xF79F, 0xCEDD, 0xCEDD,
    0xF79F, 0xF79F, 0xF79F, 0xF79F, 0xF79F, 0xF79F, 0xF79F, 0xF79F, 0x528D, 0x528D, 0xC248, 0xC248, 0x4A4B, 0x4A4B, 0xF79F, 0xF79F,
    0xF79F, 0xF79F, 0xF79F, 0xF79F, 0xF79F, 0xF79F, 0xF79F, 0xF79F, 0xF79F, 0xF79F, 0xF79F, 0xF79F, 0xF79F, 0xF79F, 0xF79F, 0xF79F,
    0x7BD0, 0x7BD0, 0xF79F, 0xF79F, 0xCEDD, 0xCEDD, 0xCEDD, 0xCEDD, 0xCEDD, 0xCEDD, 0x424D, 0x424D, 0x9516, 0x9516, 0x9516, 0x9516,
    0x424D, 0x424D, 0x4C18, 0x4C18, 0x4C18, 0x4C18, 0x4C18, 0x4C18, 0x4C18, 0x4C18, 0x4C18, 0x4C18, 0x4C18, 0x4C18, 0x4C18, 0x4C18,
    0x4C18, 0x4C18, 0x4C18, 0x4C18, 0x4C18, 0x4C18, 0x4C18, 0x4C18, 0x4C18, 0x4C18, 0x4C18, 0x4C18, 0x4C18, 0x4C18, 0x424D, 0x424D,
    0x9516, 0x9516, 0x9516, 0x9516, 0x424D, 0x424D, 0xCEDD, 0xCEDD, 0xCEDD, 0xCEDD, 0xCEDD, 0xCEDD, 0xF79F, 0xF79F, 0x7BD0, 0x7BD0,
    0xF79F, 0xF79F, 0xF79F, 0xF79F, 0xF79F, 0xF79F, 0xF79F, 0xF79F, 0xF79F, 0xF79F, 0xF79F, 0xF79F, 0xF79F, 0xF79F, 0xF79F, 0xF79F,
    0xF79F, 0xF79F, 0x4A4B, 0x4A4B, 0xC248, 0xC248, 0x528D, 0x528D, 0xF79F, 0xF79F, 0xF79F, 0xF79F, 0xF79F, 0xF79F, 0xF79F, 0xF79F,
    0xCEDD, 0xCEDD, 0xF79F, 0xF79F, 0xF79F, 0xF79F, 0xF79F, 0xF79F, 0xF79F, 0xF79F, 0x424D, 0x424D, 0xF81F, 0xF81F, 0xF81F, 0xF81F,
    0xF81F, 0xF81F, 0xF81F, 0xF81F, 0x424D, 0x424D, 0xF79F, 0xF79F, 0xF79F, 0xF79F, 0xF79F, 0xF79F, 0xF79F, 0xF79F, 0xCEDD, 0xCEDD,
    0xF79F, 0xF79F, 0xF79F, 0xF79F, 0xF79F, 0xF79F, 0xF79F, 0xF79F, 0x528D, 0x528D, 0xC248, 0xC248, 0x4A4B, 0x4A4B, 0xF79F, 0xF79F,
    0xF79F, 0xF79F, 0xF79F, 0xF79F, 0xF79F, 0xF79F, 0xF79F, 0xF79F, 0xF79F, 0xF79F, 0xF79F, 0xF79F, 0xF79F, 0xF79F, 0xF79F, 0xF79F,
    0x7BD0, 0x7BD0, 0xF79F, 0xF79F, 0xCEDD, 0xCEDD, 0xCEDD, 0xCEDD, 0xCEDD, 0xCEDD, 0x424D, 0x424D, 0x9516, 0x9516, 0x9516, 0x9516,
    0x424D, 0x424D, 0x4C18, 0x4C18, 0x4C18, 0x4C18, 0x4C18, 0x4C18, 0x4C18, 0x4C18, 0x4C18, 0x4C18, 0x4C18, 0x4C18, 0x4C18, 0x4C18,
    0x4C18, 0x4C18, 0x4C18, 0x4C18, 0x4C18, 0x4C18, 0x4C18, 0x4C18, 0x4C18, 0x4C18, 0x4C18, 0x4C18, 0x4C18, 0x4C18, 0x424D, 0x424D,
    0x9516, 0x9516, 0x9516, 0x9516, 0x424D, 0x424D, 0xCEDD, 0xCEDD, 0xCEDD, 0xCEDD, 0xCEDD, 0xCEDD, 0xF79F, 0xF79F, 0x7BD0, 0x7BD0,
    0xF79F, 0xF79F, 0xF79F, 0xF79F, 0xF79F, 0xF79F, 0xF79F, 0xF79F, 0xF79F, 0xF79F, 0xF79F, 0xF79F, 0xF79F, 0xF79F, 0xF79F, 0xF79F,
    0xF79F, 0xF79F, 0x4A4B, 0x4A4B, 0xC248, 0xC248, 0x528D, 0x528D, 0xF79F, 0xF79F, 0xF79F, 0xF79F, 0xF79F, 0xF79F, 0xF79F, 0xF79F,
    0xCEDD, 0xCEDD, 0xF79F, 0xF79F, 0xF79F, 0xF79F, 0xF79F, 0xF79F, 0xF79F, 0xF79F, 0x424D, 0x424D, 0xF81F, 0xF81F, 0xF81F, 0xF81F,
    0xF81F, 0xF81F, 0x424D, 0x424D, 0x9516, 0x9516, 0xF79F, 0xF79F, 0xF79F, 0xF79F, 0xF79F, 0xF79F, 0xF79F, 0xF79F, 0xCEDD, 0xCEDD,
    0xF79F, 0xF79F, 0xEC8E, 0xEC8E, 0xF79F, 0xF79F, 0xEC8E, 0xEC8E, 0x528D, 0x528D, 0xC248, 0xC248, 0x4A4B, 0x4A4B, 0xFE51, 0xFE51,
    0xF79F, 0xF79F, 0xEC8E, 0xEC8E, 0xEC8E, 0xEC8E, 0xFE51, 0xFE51, 0xCEDD, 0xCEDD, 0xEC8E, 0xEC8E, 0xEC8E, 0xEC8E, 0xEC8E, 0xEC8E,
    0x7BD0, 0x7BD0, 0xF79F, 0xF79F, 0xCEDD, 0xCEDD, 0xCEDD, 0xCEDD, 0xCEDD, 0xCEDD, 0x424D, 0x424D, 0xADD9, 0xADD9, 0xADD9, 0xADD9,
    0x424D, 0x424D, 0x4C18, 0x4C18, 0x4C18, 0x4C18, 0x4C18, 0x4C18, 0x4C18, 0x4C18, 0x4C18, 0x4C18, 0x4C18, 0x4C18, 0x4C18, 0x4C18,
    0x4C18, 0x4C18, 0x4C18, 0x4C18, 0x4C18, 0x4C18, 0x4C18, 0x4C18, 0x4C18, 0x4C18, 0x4C18, 0x4C18, 0x4C18, 0x4C18, 0x424D, 0x424D,
    0xADD9, 0xADD9, 0xADD9, 0xADD9, 0x424D, 0x424D, 0xCEDD, 0xCEDD, 0xCEDD, 0xCEDD, 0xCEDD, 0xCEDD, 0xF79F, 0xF79F, 0x7BD0, 0x7BD0,
    0xF79F, 0xF79F, 0xF79F, 0xF79F, 0xEC8E, 0xEC8E, 0xEC8E, 0xEC8E, 0xEC8E, 0xEC8E, 0xEC8E, 0xEC8E, 0xF79F, 0xF79F, 0xF79F, 0xF79F,
    0xF79F, 0xF79F, 0x4A4B, 0x4A4B, 0xC248, 0xC248, 0x528D, 0x528D, 0xEC8E, 0xEC8E, 0xEC8E, 0xEC8E, 0xF79F, 0xF79F, 0xF79F, 0xF79F,
    0xCEDD, 0xCEDD, 0xF79F, 0xF79F, 0xF79F, 0xF79F, 0xF79F, 0xF79F, 0xF79F, 0xF79F, 0x9516, 0x9516, 0x424D, 0x424D, 0xF81F, 0xF81F,
    0xF81F, 0xF81F, 0x424D, 0x424D, 0x9516, 0x9516, 0xF79F, 0xF79F, 0xF79F, 0xF79F, 0xF79F, 0xF79F, 0xF79F, 0xF79F, 0xCEDD, 0xCEDD,
    0xF79F, 0xF79F, 0xEC8E, 0xEC8E, 0xF79F, 0xF79F, 0xEC8E, 0xEC8E, 0x528D, 0x528D, 0xC248, 0xC248, 0x4A4B, 0x4A4B, 0xFE51, 0xFE51,
    0xF79F, 0xF79F, 0xEC8E, 0xEC8E, 0xEC8E, 0xEC8E, 0xFE51, 0xFE51, 0xCEDD, 0xCEDD, 0xEC8E, 0xEC8E, 0xEC8E, 0xEC8E, 0xEC8E, 0xEC8E,
    0x7BD0, 0x7BD0, 0xF79F, 0xF79F, 0xCEDD, 0xCEDD, 0xCEDD, 0xCEDD, 0xCEDD, 0xCEDD, 0x424D, 0x424D, 0xADD9, 0xADD9, 0xADD9, 0xADD9,
    0x424D, 0x424D, 0x4C18, 0x4C18, 0x4C18, 0x4C18, 0x4C18, 0x4C18, 0x4C18, 0x4C18, 0x4C18, 0x4C18, 0x4C18, 0x4C18, 0x4C18, 0x4C18,
    0x4C18, 0x4C18, 0x4C18, 0x4C18, 0x4C18, 0x4C18, 0x4C18, 0x4C18, 0x4C18, 0x4C18, 0x4C18, 0x4C18, 0x4C18, 0x4C18, 0x424D, 0x424D,
    0xADD9, 0xADD9, 0xADD9, 0xADD9, 0x424D, 0x424D, 0xCEDD, 0xCEDD, 0xCEDD, 0xCEDD, 0xCEDD, 0xCEDD, 0xF79F, 0xF79F, 0x7BD0, 0x7BD0,
    0xF79F, 0xF79F, 0xF79F, 0xF79F, 0xEC8E, 0xEC8E, 0xEC8E, 0xEC8E, 0xEC8E, 0xEC8E, 0xEC8E, 0xEC8E, 0xF79F, 0xF79F, 0xF79F, 0xF79F,
    0xF79F, 0xF79F, 0x4A4B, 0x4A4B, 0xC248, 0xC248, 0x528D, 0x528D, 0xEC8E, 0xEC8E, 0xEC8E, 0xEC8E, 0xF79F, 0xF79F, 0xF79F, 0xF79F,
    0xCEDD, 0xCEDD, 0xF79F, 0xF79F, 0xF79F, 0xF79F, 0xF79F, 0xF79F, 0xF79F, 0xF79F, 0x9516, 0x9516, 0x424D, 0x424D, 0xF81F, 0xF81F,
    0xF81F, 0xF81F, 0x424D, 0x424D, 0xF79F, 0xF79F, 0x9516, 0x9516, 0xF79F, 0xF79F, 0xF79F, 0xF79F, 0xF79F, 0xF79F, 0xCEDD, 0xCEDD,
    0xF79F, 0xF79F, 0xDB4C, 0xDB4C, 0xDB4C, 0xDB4C, 0xDB4C, 0xDB4C, 0x528D, 0x528D, 0xC248, 0xC248, 0x4A4B, 0x4A4B, 0xDB4C, 0xDB4C,
    0xCEDD, 0xCEDD, 0xDB4C, 0xDB4C, 0xCEDD, 0xCEDD, 0xDB4C, 0xDB4C, 0xCEDD, 0xCEDD, 0xCEDD, 0xCEDD, 0xDB4C, 0xDB4C, 0xCEDD, 0xCEDD,
    0x7BD0, 0x7BD0, 0xF79F, 0xF79F, 0xCEDD, 0xCEDD, 0xCEDD, 0xCEDD, 0xCEDD, 0xCEDD, 0x424D, 0x424D, 0xADD9, 0xADD9, 0x9516, 0x9516,
    0x424D, 0x424D, 0x4C18, 0x4C18, 0x4C18, 0x4C18, 0x4C18, 0x4C18, 0x4C18, 0x4C18, 0x4C18, 0x4C18, 0x4C18, 0x4C18, 0x4C18, 0x4C18,
    0x4C18, 0x4C18, 0x4C18, 0x4C18, 0x4C18, 0x4C18, 0x4C18, 0x4C18, 0x4C18, 0x4C18, 0x4C18, 0x4C18, 0x4C18, 0x4C18, 0x424D, 0x424D,
    0x9516, 0x9516, 0xADD9, 0xADD9, 0x424D, 0x424D, 0xCEDD, 0xCEDD, 0xCEDD, 0xCEDD, 0xCEDD, 0xCEDD, 0xF79F, 0xF79F, 0x7BD0, 0x7BD0,
    0xF79F, 0xF79F, 0xF79F, 0xF79F, 0xDB4C, 0xDB4C, 0xDB4C, 0xDB4C, 0xF79F, 0xF79F, 0xDB4C, 0xDB4C, 0xCEDD, 0xCEDD, 0xF79F, 0xF79F,
    0xF79F, 0xF79F, 0x4A4B, 0x4A4B, 0xC248, 0xC248, 0x528D, 0x528D, 0xCEDD, 0xCEDD, 0xCEDD, 0xCEDD, 0xF79F, 0xF79F, 0xF79F, 0xF79F,
    0xCEDD, 0xCEDD, 0xF79F, 0xF79F, 0xF79F, 0xF79F, 0xF79F, 0xF79F, 0x9516, 0x9516, 0xF79F, 0xF79F, 0x424D, 0x424D, 0xF81F, 0xF81F,
    0xF81F, 0xF81F, 0x424D, 0x424D, 0xF79F, 0xF79F, 0x9516, 0x9516, 0xF79F, 0xF79F, 0xF79F, 0xF79F, 0xF79F, 0xF79F, 0xCEDD, 0xCEDD,
    0xF79F, 0xF79F, 0xDB4C, 0xDB4C, 0xDB4C, 0xDB4C, 0xDB4C, 0xDB4C, 0x528D, 0x528D, 0xC248, 0xC248, 0x4A4B, 0x4A4B, 0xDB4C, 0xDB4C,
    0xCEDD, 0xCEDD, 0xDB4C, 0xDB4C, 0xCEDD, 0xCEDD, 0xDB4C, 0xDB4C, 0xCEDD, 0xCEDD, 0xCEDD, 0xCEDD, 0xDB4C, 0xDB4C, 0xCEDD, 0xCEDD,
    0x7BD0, 0x7BD0, 0xF79F, 0xF79F, 0xCEDD, 0xCEDD, 0xCEDD, 0xCEDD, 0xCEDD, 0xCEDD, 0x424D, 0x424D, 0xADD9, 0xADD9, 0x9516, 0x9516,
    0x424D, 0x424D, 0x4C18, 0x4C18, 0x4C18, 0x4C18, 0x4C18, 0x4C18, 0x4C18, 0x4C18, 0x4C18, 0x4C18, 0x4C18, 0x4C18, 0x4C18, 0x4C18,
    0x4C18, 0x4C18, 0x4C18, 0x4C18, 0x4C18, 0x4C18, 0x4C18, 0x4C18, 0x4C18, 0x4C18, 0x4C18, 0x4C18, 0x4C18, 0x4C18, 0x424D, 0x424D,
    0x9516, 0x9516, 0xADD9, 0xADD9, 0x424D, 0x424D, 0xCEDD, 0xCEDD, 0xCEDD, 0xCEDD, 0xCEDD, 0xCEDD, 0xF79F, 0xF79F, 0x7BD0, 0x7BD0,
    0xF79F, 0xF79F, 0xF79F, 0xF79F, 0xDB4C, 0xDB4C, 0xDB4C, 0xDB4C, 0xF79F, 0xF79F, 0xDB4C, 0xDB4C, 0xCEDD, 0xCEDD, 0xF79F, 0xF79F,
    0xF79F, 0xF79F, 0x4A4B, 0x4A4B, 0xC248, 0xC248, 0x528D, 0x528D, 0xCEDD, 0xCEDD, 0xCEDD, 0xCEDD, 0xF79F, 0xF79F, 0xF79F, 0xF79F,
    0xCEDD, 0xCEDD, 0xF79F, 0xF79F, 0xF79F, 0xF79F, 0xF79F, 0xF79F, 0x9516, 0x9516, 0xF79F, 0xF79F, 0x424D, 0x424D, 0xF81F, 0xF81F,
    0xF81F, 0xF81F, 0x424D, 0x424D, 0xCEDD, 0xCEDD, 0xF79F, 0xF79F, 0x9516, 0x9516, 0xF79F, 0xF79F, 0xF79F, 0xF79F, 0xCEDD, 0xCEDD,
    0xF79F, 0xF79F, 0xCA89, 0xCA89, 0xCEDD, 0xCEDD, 0xCA89, 0xCA89, 0x528D, 0x528D, 0xC248, 0xC248, 0x4A4B, 0x4A4B, 0xCA89, 0xCA89,
    0xCEDD, 0xCEDD, 0xCA89, 0xCA89, 0xCEDD, 0xCEDD, 0xCA89, 0xCA89, 0xCEDD, 0xCEDD, 0xCEDD, 0xCEDD, 0xCA89, 0xCA89, 0xCEDD, 0xCEDD,
    0x7BD0, 0x7BD0, 0xF79F, 0xF79F, 0xCEDD, 0xCEDD, 0xCEDD, 0xCEDD, 0xCEDD, 0xCEDD, 0x424D, 0x424D, 0x9516, 0x9516, 0x9516, 0x9516,
    0x424D, 0x424D, 0x651B, 0x651B, 0x651B, 0x651B, 0x651B, 0x651B, 0x651B, 0x651B, 0x651B, 0x651B, 0x651B, 0x651B, 0x651B, 0x651B,
    0x651B, 0x651B, 0x651B, 0x651B, 0x651B, 0x651B, 0x651B, 0x651B, 0x651B, 0x651B, 0x651B, 0x651B, 0x651B, 0x651B, 0x424D, 0x424D,
    0x9516, 0x9516, 0x9516, 0x9516, 0x424D, 0x424D, 0xCEDD, 0xCEDD, 0xCEDD, 0xCEDD, 0xCEDD, 0xCEDD, 0xF79F, 0xF79F, 0x7BD0, 0x7BD0,
    0xF79F, 0xF79F, 0xF79F, 0xF79F, 0xCA89, 0xCA89, 0xCA89, 0xCA89, 0xF79F, 0xF79F, 0xCA89, 0xCA89, 0xCEDD, 0xCEDD, 0xF79F, 0xF79F,
    0xF79F, 0xF79F, 0x4A4B, 0x4A4B, 0xC248, 0xC248, 0x528D, 0x528D, 0xCEDD, 0xCEDD, 0xF79F, 0xF79F, 0xF79F, 0xF79F, 0xF79F, 0xF79F,
    0xCEDD, 0xCEDD, 0xF79F, 0xF79F, 0xF79F, 0xF79F, 0x9516, 0x9516, 0xF79F, 0xF79F, 0xCEDD, 0xCEDD, 0x424D, 0x424D, 0xF81F, 0xF81F,
    0xF81F, 0xF81F, 0x424D, 0x424D, 0xCEDD, 0xCEDD, 0xF79F, 0xF79F, 0x9516, 0x9516, 0xF79F, 0xF79F, 0xF79F, 0xF79F, 0xCEDD, 0xCEDD,
    0xF79F, 0xF79F, 0xCA89, 0xCA89, 0xCEDD, 0xCEDD, 0xCA89, 0xCA89, 0x528D, 0x528D, 0xC248, 0xC248, 0x4A4B, 0x4A4B, 0xCA89, 0xCA89,
    0xCEDD, 0xCEDD, 0xCA89, 0xCA89, 0xCEDD, 0xCEDD, 0xCA89, 0xCA89, 0xCEDD, 0xCEDD, 0xCEDD, 0xCEDD, 0xCA89, 0xCA89, 0xCEDD, 0xCEDD,
    0x7BD0, 0x7BD0, 0xF79F, 0xF79F, 0xCEDD, 0xCEDD, 0xCEDD, 0xCEDD, 0xCEDD, 0xCEDD, 0x424D, 0x424D, 0x9516, 0x9516, 0x9516, 0x9516,
    0x424D, 0x424D, 0x651B, 0x651B, 0x651B, 0x651B, 0x651B, 0x651B, 0x651B, 0x651B, 0x651B, 0x651B, 0x651B, 0x651B, 0x651B, 0x651B,
    0x651B, 0x651B, 0x651B, 0x651B, 0x651B, 0x651B, 0x651B, 0x651B, 0x651B, 0x651B, 0x651B, 0x651B, 0x651B, 0x651B, 0x424D, 0x424D,
    0x9516, 0x9516, 0x9516, 0x9516, 0x424D, 0x424D, 0xCEDD, 0xCEDD, 0xCEDD, 0xCEDD, 0xCEDD, 0xCEDD, 0xF79F, 0xF79F, 0x7BD0, 0x7BD0,
    0xF79F, 0xF79F, 0xF79F, 0xF79F, 0xCA89, 0xCA89, 0xCA89, 0xCA89, 0xF79F, 0xF79F, 0xCA89, 0xCA89, 0xCEDD, 0xCEDD, 0xF79F, 0xF79F,
    0xF79F, 0xF79F, 0x4A4B, 0x4A4B, 0xC248, 0xC248, 0x528D, 0x528D, 0xCEDD, 0xCEDD, 0xF79F, 0xF79F, 0xF79F, 0xF79F, 0xF79F, 0xF79F,
    0xCEDD, 0xCEDD, 0xF79F, 0xF79F, 0xF79F, 0xF79F, 0x9516, 0x9516, 0xF79F, 0xF79F, 0xCEDD, 0xCEDD, 0x424D, 0x424D, 0xF81F, 0xF81F,
    0xF81F, 0xF81F, 0x424D, 0x424D, 0xCEDD, 0xCEDD, 0xCEDD, 0xCEDD, 0xF79F, 0xF79F, 0x9516, 0x9516, 0xF79F, 0xF79F, 0xCEDD, 0xCEDD,
    0xF79F, 0xF79F, 0xA905, 0xA905, 0xCEDD, 0xCEDD, 0xA905, 0xA905, 0x528D, 0x528D, 0xC248, 0xC248, 0x4A4B, 0x4A4B, 0xA905, 0xA905,
    0xCEDD, 0xCEDD, 0xA905, 0xA905, 0xA905, 0xA905, 0xCEDD, 0xCEDD, 0xCEDD, 0xCEDD, 0xCEDD, 0xCEDD, 0xA905, 0xA905, 0xCEDD, 0xCEDD,
    0x7BD0, 0x7BD0, 0xF79F, 0xF79F, 0xCEDD, 0xCEDD, 0xCEDD, 0xCEDD, 0xCEDD, 0xCEDD, 0x424D, 0x424D, 0xADD9, 0xADD9, 0xADD9, 0xADD9,
    0x424D, 0x424D, 0x651B, 0x651B, 0x651B, 0x651B, 0x651B, 0x651B, 0x651B, 0x651B, 0x651B, 0x651B, 0x651B, 0x651B, 0x651B, 0x651B,
    0x651B, 0x651B, 0x651B, 0x651B, 0x651B, 0x651B, 0x651B, 0x651B, 0x651B, 0x651B, 0x651B, 0x651B, 0x651B, 0x651B, 0x424D, 0x424D,
    0xADD9, 0xADD9, 0xADD9, 0xADD9, 0x424D, 0x424D, 0xCEDD, 0xCEDD, 0xCEDD, 0xCEDD, 0xCEDD, 0xCEDD, 0xF79F, 0xF79F, 0x7BD0, 0x7BD0,
    0xF79F, 0xF79F, 0xF79F, 0xF79F, 0xA905, 0xA905, 0xA905, 0xA905, 0xA905, 0xA905, 0xA905, 0xA905, 0xCEDD, 0xCEDD, 0xF79F, 0xF79F,
    0xF79F, 0xF79F, 0x4A4B, 0x4A4B, 0xC248, 0xC248, 0x528D, 0x528D, 0xCEDD, 0xCEDD, 0xF79F, 0xF79F, 0xF79F, 0xF79F, 0xF79F, 0xF79F,
    0xCEDD, 0xCEDD, 0xF79F, 0xF79F, 0x9516, 0x9516, 0xF79F, 0xF79F, 0xCEDD, 0xCEDD, 0xCEDD, 0xCEDD, 0x424D, 0x424D, 0xF81F, 0xF81F,
    0xF81F, 0xF81F, 0x424D, 0x424D, 0xCEDD, 0xCEDD, 0xCEDD, 0xCEDD, 0xF79F, 0xF79F, 0x9516, 0x9516, 0xF79F, 0xF79F, 0xCEDD, 0xCEDD,
    0xF79F, 0xF79F, 0xA905, 0xA905, 0xCEDD, 0xCEDD, 0xA905, 0xA905, 0x528D, 0x528D, 0xC248, 0xC248, 0x4A4B, 0x4A4B, 0xA905, 0xA905,
    0xCEDD, 0xCEDD, 0xA905, 0xA905, 0xA905, 0xA905, 0xCEDD, 0xCEDD, 0xCEDD, 0xCEDD, 0xCEDD, 0xCEDD, 0xA905, 0xA905, 0xCEDD, 0xCEDD,
    0x7BD0, 0x7BD0, 0xF79F, 0xF79F, 0xCEDD, 0xCEDD, 0xCEDD, 0xCEDD, 0xCEDD, 0xCEDD, 0x424D, 0x424D, 0xADD9, 0xADD9, 0xADD9, 0xADD9,
    0x424D, 0x424D, 0x651B, 0x651B, 0x651B, 0x651B, 0x651B, 0x651B, 0x651B, 0x651B, 0x651B, 0x651B, 0x651B, 0x651B, 0x651B, 0x651B,
    0x651B, 0x651B, 0x651B, 0x651B, 0x651B, 0x651B, 0x651B, 0x651B, 0x651B, 0x651B, 0x651B, 0x651B, 0x651B, 0x651B, 0x424D, 0x424D,
    0xADD9, 0xADD9, 0xADD9, 0xADD9, 0x424D, 0x424D, 0xCEDD, 0xCEDD, 0xCEDD, 0xCEDD, 0xCEDD, 0xCEDD, 0xF79F, 0xF79F, 0x7BD0, 0x7BD0,
    0xF79F, 0xF79F, 0xF79F, 0xF79F, 0xA905, 0xA905, 0xA905, 0xA905, 0xA905, 0xA905, 0xA905, 0xA905, 0xCEDD, 0xCEDD, 0xF79F, 0xF79F,
    0xF79F, 0xF79F, 0x4A4B, 0x4A4B, 0xC248, 0xC248, 0x528D, 0x528D, 0xCEDD, 0xCEDD, 0xF79F, 0xF79F, 0xF79F, 0xF79F, 0xF79F, 0xF79F,
    0xCEDD, 0xCEDD, 0xF79F, 0xF79F, 0x9516, 0x9516, 0xF79F, 0xF79F, 0xCEDD, 0xCEDD, 0xCEDD, 0xCEDD, 0x424D, 0x424D, 0xF81F, 0xF81F,
    0xF81F, 0xF81F, 0x424D, 0x424D, 0xCEDD, 0xCEDD, 0xCEDD, 0xCEDD, 0xCEDD, 0xCEDD, 0xF79F, 0xF79F, 0x9516, 0x9516, 0xCEDD, 0xCEDD,
    0xF79F, 0xF79F, 0xA905, 0xA905, 0xCEDD, 0xCEDD, 0x528D, 0x528D, 0xDB4C, 0xDB4C, 0xFE51, 0xFE51, 0xDB4C, 0xDB4C, 0x4A4B, 0x4A4B,
    0xCEDD, 0xCEDD, 0xA905, 0xA905, 0xCEDD, 0xCEDD, 0xA905, 0xA905, 0xCEDD, 0xCEDD, 0xCEDD, 0xCEDD, 0xA905, 0xA905, 0xCEDD, 0xCEDD,
    0x7BD0, 0x7BD0, 0x9516, 0x9516, 0x9516, 0x9516, 0x9516, 0x9516, 0x9516, 0x9516, 0x424D, 0x424D, 0xADD9, 0xADD9, 0x9516, 0x9516,
    0x424D, 0x424D, 0x651B, 0x651B, 0x651B, 0x651B, 0x651B, 0x651B, 0x651B, 0x651B, 0x651B, 0x651B, 0x651B, 0x651B, 0x651B, 0x651B,
    0x651B, 0x651B, 0x651B, 0x651B, 0x651B, 0x651B, 0x651B, 0x651B, 0x651B, 0x651B, 0x651B, 0x651B, 0x651B, 0x651B, 0x424D, 0x424D,
    0x9516, 0x9516, 0xADD9, 0xADD9, 0x424D, 0x424D, 0x9516, 0x9516, 0x9516, 0x9516, 0x9516, 0x9516, 0x9516, 0x9516, 0x7BD0, 0x7BD0,
    0xF79F, 0xF79F, 0xF79F, 0xF79F, 0xA905, 0xA905, 0xA905, 0xA905, 0xCEDD, 0xCEDD, 0xCEDD, 0xCEDD, 0xF79F, 0xF79F, 0xA905, 0xA905,
    0x4A4B, 0x4A4B, 0xDB4C, 0xDB4C, 0xFE51, 0xFE51, 0xDB4C, 0xDB4C, 0x528D, 0x528D, 0xA905, 0xA905, 0xF79F, 0xF79F, 0xF79F, 0xF79F,
    0xCEDD, 0xCEDD, 0x9516, 0x9516, 0xF79F, 0xF79F, 0xCEDD, 0xCEDD, 0xCEDD, 0xCEDD, 0xCEDD, 0xCEDD, 0x424D, 0x424D, 0xF81F, 0xF81F,
    0xF81F, 0xF81F, 0x424D, 0x424D, 0xCEDD, 0xCEDD, 0xCEDD, 0xCEDD, 0xCEDD, 0xCEDD, 0xF79F, 0xF79F, 0x9516, 0x9516, 0xCEDD, 0xCEDD,
    0xF79F, 0xF79F, 0xA905, 0xA905, 0xCEDD, 0xCEDD, 0x528D, 0x528D, 0xDB4C, 0xDB4C, 0xFE51, 0xFE51, 0xDB4C, 0xDB4C, 0x4A4B, 0x4A4B,
    0xCEDD, 0xCEDD, 0xA905, 0xA905, 0xCEDD, 0xCEDD, 0xA905, 0xA905, 0xCEDD, 0xCEDD, 0xCEDD, 0xCEDD, 0xA905, 0xA905, 0xCEDD, 0xCEDD,
    0x7BD0, 0x7BD0, 0x9516, 0x9516, 0x9516, 0x9516, 0x9516, 0x9516, 0x9516, 0x9516, 0x424D, 0x424D, 0xADD9, 0xADD9, 0x9516, 0x9516,
    0x424D, 0x424D, 0x651B, 0x651B, 0x651B, 0x651B, 0x651B, 0x651B, 0x651B, 0x651B, 0x651B, 0x651B, 0x651B, 0x651B, 0x651B, 0x651B,
    0x651B, 0x651B, 0x651B, 0x651B, 0x651B, 0x651B, 0x651B, 0x651B, 0x651B, 0x651B, 0x651B, 0x651B, 0x651B, 0x651B, 0x424D, 0x424D,
    0x9516, 0x9516, 0xADD9, 0xADD9, 0x424D, 0x424D, 0x9516, 0x9516, 0x9516, 0x9516, 0x9516, 0x9516, 0x9516, 0x9516, 0x7BD0, 0x7BD0,
    0xF79F, 0xF79F, 0xF79F, 0xF79F, 0xA905, 0xA905, 0xA905, 0xA905, 0xCEDD, 0xCEDD, 0xCEDD, 0xCEDD, 0xF79F, 0xF79F, 0xA905, 0xA905,
    0x4A4B, 0x4A4B, 0xDB4C, 0xDB4C, 0xFE51, 0xFE51, 0xDB4C, 0xDB4C, 0x528D, 0x528D, 0xA905, 0xA905, 0xF79F, 0xF79F, 0xF79F, 0xF79F,
    0xCEDD, 0xCEDD, 0x9516, 0x9516, 0xF79F, 0xF79F, 0xCEDD, 0xCEDD, 0xCEDD, 0xCEDD, 0xCEDD, 0xCEDD, 0x424D, 0x424D, 0xF81F, 0xF81F,
    0xF81F, 0xF81F, 0x424D, 0x424D, 0xCEDD, 0xCEDD, 0xCEDD, 0xCEDD, 0xCEDD, 0xCEDD, 0xCEDD, 0xCEDD, 0xF79F, 0xF79F, 0x9516, 0x9516,
    0xF79F, 0xF79F, 0xCEDD, 0xCEDD, 0x528D, 0x528D, 0xFE51, 0xFE51, 0xDB4C, 0xDB4C, 0xC248, 0xC248, 0xDB4C, 0xDB4C, 0xFE51, 0xFE51,
    0x4A4B, 0x4A4B, 0xCEDD, 0xCEDD, 0xCEDD, 0xCEDD, 0xCEDD, 0xCEDD, 0xCEDD, 0xCEDD, 0xCEDD, 0xCEDD, 0xCEDD, 0xCEDD, 0xCEDD, 0xCEDD,
    0x7BD0, 0x7BD0, 0xF79F, 0xF79F, 0xCEDD, 0xCEDD, 0xCEDD, 0xCEDD, 0xCEDD, 0xCEDD, 0x424D, 0x424D, 0x9516, 0x9516, 0x9516, 0x9516,
    0x424D, 0x424D, 0x651B, 0x651B, 0x651B, 0x651B, 0x651B, 0x651B, 0x651B, 0x651B, 0x651B, 0x651B, 0x651B, 0x651B, 0x651B, 0x651B,
    0x651B, 0x651B, 0x651B, 0x651B, 0x651B, 0x651B, 0x651B, 0x651B, 0x651B, 0x651B, 0x651B, 0x651B, 0x651B, 0x651B, 0x424D, 0x424D,
    0x9516, 0x9516, 0x9516, 0x9516, 0x424D, 0x424D, 0xCEDD, 0xCEDD, 0xCEDD, 0xCEDD, 0xCEDD, 0xCEDD, 0xF79F, 0xF79F, 0x7BD0, 0x7BD0,
    0xF79F, 0xF79F, 0xF79F, 0xF79F, 0xCEDD, 0xCEDD, 0xCEDD, 0xCEDD, 0xF79F, 0xF79F, 0xF79F, 0xF79F, 0xF79F, 0xF79F, 0x4A4B, 0x4A4B,
    0xFE51, 0xFE51, 0xDB4C, 0xDB4C, 0xC248, 0xC248, 0xDB4C, 0xDB4C, 0xFE51, 0xFE51, 0x528D, 0x528D, 0xF79F, 0xF79F, 0xF79F, 0xF79F,
    0x9516, 0x9516, 0xF79F, 0xF79F, 0xCEDD, 0xCEDD, 0xCEDD, 0xCEDD, 0xCEDD, 0xCEDD, 0xCEDD, 0xCEDD, 0x424D, 0x424D, 0xF81F, 0xF81F,
    0xF81F, 0xF81F, 0x424D, 0x424D, 0xCEDD, 0xCEDD, 0xCEDD, 0xCEDD, 0xCEDD, 0xCEDD, 0xCEDD, 0xCEDD, 0xF79F, 0xF79F, 0x9516, 0x9516,
    0xF79F, 0xF79F, 0xCEDD, 0xCEDD, 0x528D, 0x528D, 0xFE51, 0xFE51, 0xDB4C, 0xDB4C, 0xC248, 0xC248, 0xDB4C, 0xDB4C, 0xFE51, 0xFE51,
    0x4A4B, 0x4A4B, 0xCEDD, 0xCEDD, 0xCEDD, 0xCEDD, 0xCEDD, 0xCEDD, 0xCEDD, 0xCEDD, 0xCEDD, 0xCEDD, 0xCEDD, 0xCEDD, 0xCEDD, 0xCEDD,
    0x7BD0, 0x7BD0, 0xF79F, 0xF79F, 0xCEDD, 0xCEDD, 0xCEDD, 0xCEDD, 0xCEDD, 0xCEDD, 0x424D, 0x424D, 0x9516, 0x9516, 0x9516, 0x9516,
    0x424D, 0x424D, 0x651B, 0x651B, 0x651B, 0x651B, 0x651B, 0x651B, 0x651B, 0x651B, 0x651B, 0x651B, 0x651B, 0x651B, 0x651B, 0x651B,
    0x651B, 0x651B, 0x651B, 0x651B, 0x651B, 0x651B, 0x651B, 0x651B, 0x651B, 0x651B, 0x651B, 0x651B, 0x651B, 0x651B, 0x424D, 0x424D,
    0x9516, 0x9516, 0x9516, 0x9516, 0x424D, 0x424D, 0xCEDD, 0xCEDD, 0xCEDD, 0xCEDD, 0xCEDD, 0xCEDD, 0xF79F, 0xF79F, 0x7BD0, 0x7BD0,
    0xF79F, 0xF79F, 0xF79F, 0xF79F, 0xCEDD, 0xCEDD, 0xCEDD, 0xCEDD, 0xF79F, 0xF79F, 0xF79F, 0xF79F, 0xF79F, 0xF79F, 0x4A4B, 0x4A4B,
    0xFE51, 0xFE51, 0xDB4C, 0xDB4C, 0xC248, 0xC248, 0xDB4C, 0xDB4C, 0xFE51, 0xFE51, 0x528D, 0x528D, 0xF79F, 0xF79F, 0xF79F, 0xF79F,
    0x9516, 0x9516, 0xF79F, 0xF79F, 0xCEDD, 0xCEDD, 0xCEDD, 0xCEDD, 0xCEDD, 0xCEDD, 0xCEDD, 0xCEDD, 0x424D, 0x424D, 0xF81F, 0xF81F,
    0xF81F, 0xF81F, 0x424D, 0x424D, 0xCEDD, 0xCEDD, 0xCEDD, 0xCEDD, 0xCEDD, 0xCEDD, 0xCEDD, 0xCEDD, 0xCEDD, 0xCEDD, 0xF79F, 0xF79F,
    0x7BD0, 0x7BD0, 0x7BD0, 0x7BD0, 0x528D, 0x528D, 0xDB4C, 0xDB4C, 0xFE51, 0xFE51, 0xFE51, 0xFE51, 0xFE51, 0xFE51, 0xDB4C, 0xDB4C,
    0x4A4B, 0x4A4B, 0x7BD0, 0x7BD0, 0x7BD0, 0x7BD0, 0x7BD0, 0x7BD0, 0x7BD0, 0x7BD0, 0x7BD0, 0x7BD0, 0x7BD0, 0x7BD0, 0x7BD0, 0x7BD0,
    0x7BD0, 0x7BD0, 0x9516, 0x9516, 0x9516, 0x9516, 0x9516, 0x9516, 0x9516, 0x9516, 0x424D, 0x424D, 0xADD9, 0xADD9, 0xADD9, 0xADD9,
    0x424D, 0x424D, 0x651B, 0x651B, 0x651B, 0x651B, 0x651B, 0x651B, 0x651B, 0x651B, 0x651B, 0x651B, 0x651B, 0x651B, 0x651B, 0x651B,
    0x651B, 0x651B, 0x651B, 0x651B, 0x651B, 0x651B, 0x651B, 0x651B, 0x651B, 0x651B, 0x651B, 0x651B, 0x651B, 0x651B, 0x424D, 0x424D,
    0xADD9, 0xADD9, 0xADD9, 0xADD9, 0x424D, 0x424D, 0x9516, 0x9516, 0x9516, 0x9516, 0x9516, 0x9516, 0x9516, 0x9516, 0x7BD0, 0x7BD0,
    0x7BD0, 0x7BD0, 0x7BD0, 0x7BD0, 0x7BD0, 0x7BD0, 0x7BD0, 0x7BD0, 0x7BD0, 0x7BD0, 0x7BD0, 0x7BD0, 0x7BD0, 0x7BD0, 0x4A4B, 0x4A4B,
    0xDB4C, 0xDB4C, 0xFE51, 0xFE51, 0xFE51, 0xFE51, 0xFE51, 0xFE51, 0xDB4C, 0xDB4C, 0x528D, 0x528D, 0x7BD0, 0x7BD0, 0x7BD0, 0x7BD0,
    0xF79F, 0xF79F, 0xCEDD, 0xCEDD, 0xCEDD, 0xCEDD, 0xCEDD, 0xCEDD, 0xCEDD, 0xCEDD, 0xCEDD, 0xCEDD, 0x424D, 0x424D, 0xF81F, 0xF81F,
    0xF81F, 0xF81F, 0x424D, 0x424D, 0xCEDD, 0xCEDD, 0xCEDD, 0xCEDD, 0xCEDD, 0xCEDD, 0xCEDD, 0xCEDD, 0xCEDD, 0xCEDD, 0xF79F, 0xF79F,
    0x7BD0, 0x7BD0, 0x7BD0, 0x7BD0, 0x528D, 0x528D, 0xDB4C, 0xDB4C, 0xFE51, 0xFE51, 0xFE51, 0xFE51, 0xFE51, 0xFE51, 0xDB4C, 0xDB4C,
    0x4A4B, 0x4A4B, 0x7BD0, 0x7BD0, 0x7BD0, 0x7BD0, 0x7BD0, 0x7BD0, 0x7BD0, 0x7BD0, 0x7BD0, 0x7BD0, 0x7BD0, 0x7BD0, 0x7BD0, 0x7BD0,
    0x7BD0, 0x7BD0, 0x9516, 0x9516, 0x9516, 0x9516, 0x9516, 0x9516, 0x9516, 0x9516, 0x424D, 0x424D, 0xADD9, 0xADD9, 0xADD9, 0xADD9,
    0x424D, 0x424D, 0x651B, 0x651B, 0x651B, 0x651B, 0x651B, 0x651B, 0x651B, 0x651B, 0x651B, 0x651B, 0x651B, 0x651B, 0x651B, 0x651B,
    0x651B, 0x651B, 0x651B, 0x651B, 0x651B, 0x651B, 0x651B, 0x651B, 0x651B, 0x651B, 0x651B, 0x651B, 0x651B, 0x651B, 0x424D, 0x424D,
    0xADD9, 0xADD9, 0xADD9, 0xADD9, 0x424D, 0x424D, 0x9516, 0x9516, 0x9516, 0x9516, 0x9516, 0x9516, 0x9516, 0x9516, 0x7BD0, 0x7BD0,
    0x7BD0, 0x7BD0, 0x7BD0, 0x7BD0, 0x7BD0, 0x7BD0, 0x7BD0, 0x7BD0, 0x7BD0, 0x7BD0, 0x7BD0, 0x7BD0, 0x7BD0, 0x7BD0, 0x4A4B, 0x4A4B,
    0xDB4C, 0xDB4C, 0xFE51, 0xFE51, 0xFE51, 0xFE51, 0xFE51, 0xFE51, 0xDB4C, 0xDB4C, 0x528D, 0x528D, 0x7BD0, 0x7BD0, 0x7BD0, 0x7BD0,
    0xF79F, 0xF79F, 0xCEDD, 0xCEDD, 0xCEDD, 0xCEDD, 0xCEDD, 0xCEDD, 0xCEDD, 0xCEDD, 0xCEDD, 0xCEDD, 0x424D, 0x424D, 0xF81F, 0xF81F,
    0xF81F, 0xF81F, 0xF81F, 0xF81F, 0x424D, 0x424D, 0xCEDD, 0xCEDD, 0xCEDD, 0xCEDD, 0xCEDD, 0xCEDD, 0xCEDD, 0xCEDD, 0xCEDD, 0xCEDD,
    0xCEDD, 0xCEDD, 0xCEDD, 0xCEDD, 0x528D, 0x528D, 0xDB4C, 0xDB4C, 0xC248, 0xC248, 0xC248, 0xC248, 0xC248, 0xC248, 0xDB4C, 0xDB4C,
    0x4A4B, 0x4A4B, 0xCEDD, 0xCEDD, 0xCEDD, 0xCEDD, 0xCEDD, 0xCEDD, 0xCEDD, 0xCEDD, 0xCEDD, 0xCEDD, 0xCEDD, 0xCEDD, 0xCEDD, 0xCEDD,
    0x7BD0, 0x7BD0, 0xF79F, 0xF79F, 0xCEDD, 0xCEDD, 0xCEDD, 0xCEDD, 0xCEDD, 0xCEDD, 0x424D, 0x424D, 0xADD9, 0xADD9, 0x9516, 0x9516,
    0x424D, 0x424D, 0x651B, 0x651B, 0x651B, 0x651B, 0x651B, 0x651B, 0x651B, 0x651B, 0x651B, 0x651B, 0x651B, 0x651B, 0x651B, 0x651B,
    0x651B, 0x651B, 0x651B, 0x651B, 0x651B, 0x651B, 0x651B, 0x651B, 0x651B, 0x651B, 0x651B, 0x651B, 0x651B, 0x651B, 0x424D, 0x424D,
    0x9516, 0x9516, 0xADD9, 0xADD9, 0x424D, 0x424D, 0xCEDD, 0xCEDD, 0xCEDD, 0xCEDD, 0xCEDD, 0xCEDD, 0xF79F, 0xF79F, 0x7BD0, 0x7BD0,
    0xCEDD, 0xCEDD, 0xCEDD, 0xCEDD, 0xCEDD, 0xCEDD, 0xCEDD, 0xCEDD, 0xCEDD, 0xCEDD, 0xCEDD, 0xCEDD, 0xCEDD, 0xCEDD, 0x4A4B, 0x4A4B,
    0xDB4C, 0xDB4C, 0xC248, 0xC248, 0xC248, 0xC248, 0xC248, 0xC248, 0xDB4C, 0xDB4C, 0x528D, 0x528D, 0xCEDD, 0xCEDD, 0xCEDD, 0xCEDD,
    0xCEDD, 0xCEDD, 0xCEDD, 0xCEDD, 0xCEDD, 0xCEDD, 0xCEDD, 0xCEDD, 0xCEDD, 0xCEDD, 0x424D, 0x424D, 0xF81F, 0xF81F, 0xF81F, 0xF81F,
    0xF81F, 0xF81F, 0xF81F, 0xF81F, 0x424D, 0x424D, 0xCEDD, 0xCEDD, 0xCEDD, 0xCEDD, 0xCEDD, 0xCEDD, 0xCEDD, 0xCEDD, 0xCEDD, 0xCEDD,
    0xCEDD, 0xCEDD, 0xCEDD, 0xCEDD, 0x528D, 0x528D, 0xDB4C, 0xDB4C, 0xC248, 0xC248, 0xC248, 0xC248, 0xC248, 0xC248, 0xDB4C, 0xDB4C,
    0x4A4B, 0x4A4B, 0xCEDD, 0xCEDD, 0xCEDD, 0xCEDD, 0xCEDD, 0xCEDD, 0xCEDD, 0xCEDD, 0xCEDD, 0xCEDD, 0xCEDD, 0xCEDD, 0xCEDD, 0xCEDD,
    0x7BD0, 0x7BD0, 0xF79F, 0xF79F, 0xCEDD, 0xCEDD, 0xCEDD, 0xCEDD, 0xCEDD, 0xCEDD, 0x424D, 0x424D, 0xADD9, 0xADD9, 0x9516, 0x9516,
    0x424D, 0x424D, 0x651B, 0x651B, 0x651B, 0x651B, 0x651B, 0x651B, 0x651B, 0x651B, 0x651B, 0x651B, 0x651B, 0x651B, 0x651B, 0x651B,
    0x651B, 0x651B, 0x651B, 0x651B, 0x651B, 0x651B, 0x651B, 0x651B, 0x651B, 0x651B, 0x651B, 0x651B, 0x651B, 0x651B, 0x424D, 0x424D,
    0x9516, 0x9516, 0xADD9, 0xADD9, 0x424D, 0x424D, 0xCEDD, 0xCEDD, 0xCEDD, 0xCEDD, 0xCEDD, 0xCEDD, 0xF79F, 0xF79F, 0x7BD0, 0x7BD0,
    0xCEDD, 0xCEDD, 0xCEDD, 0xCEDD, 0xCEDD, 0xCEDD, 0xCEDD, 0xCEDD, 0xCEDD, 0xCEDD, 0xCEDD, 0xCEDD, 0xCEDD, 0xCEDD, 0x4A4B, 0x4A4B,
    0xDB4C, 0xDB4C, 0xC248, 0xC248, 0xC248, 0xC248, 0xC248, 0xC248, 0xDB4C, 0xDB4C, 0x528D, 0x528D, 0xCEDD, 0xCEDD, 0xCEDD, 0xCEDD,
    0xCEDD, 0xCEDD, 0xCEDD, 0xCEDD, 0xCEDD, 0xCEDD, 0xCEDD, 0xCEDD, 0xCEDD, 0xCEDD, 0x424D, 0x424D, 0xF81F, 0xF81F, 0xF81F, 0xF81F,
    0xF81F, 0xF81F, 0xF81F, 0xF81F, 0xF81F, 0xF81F, 0x424D, 0x424D, 0xCEDD, 0xCEDD, 0xCEDD, 0xCEDD, 0xCEDD, 0xCEDD, 0xCEDD, 0xCEDD,
    0xADD9, 0xADD9, 0xADD9, 0xADD9, 0x528D, 0x528D, 0xDB4C, 0xDB4C, 0xC248, 0xC248, 0xC248, 0xC248, 0xC248, 0xC248, 0xDB4C, 0xDB4C,
    0x4A4B, 0x4A4B, 0xADD9, 0xADD9, 0xADD9, 0xADD9, 0x43CF, 0x43CF, 0x43CF, 0x43CF, 0xADD9, 0xADD9, 0xADD9, 0xADD9, 0xADD9, 0xADD9,
    0x7BD0, 0x7BD0, 0x43CF, 0x43CF, 0x43CF, 0x43CF, 0x44D0, 0x44D0, 0xCEDD, 0xCEDD, 0x424D, 0x424D, 0x9516, 0x9516, 0x9516, 0x9516,
    0x424D, 0x424D, 0x651B, 0x651B, 0x651B, 0x651B, 0x651B, 0x651B, 0x651B, 0x651B, 0x651B, 0x651B, 0x651B, 0x651B, 0x651B, 0x651B,
    0x651B, 0x651B, 0x651B, 0x651B, 0x651B, 0x651B, 0x651B, 0x651B, 0x651B, 0x651B, 0x651B, 0x651B, 0x651B, 0x651B, 0x424D, 0x424D,
    0x9516, 0x9516, 0x9516, 0x9516, 0x424D, 0x424D, 0xCEDD, 0xCEDD, 0x44D0, 0x44D0, 0x43CF, 0x43CF, 0x43CF, 0x43CF, 0x7BD0, 0x7BD0,
    0xADD9, 0xADD9, 0xADD9, 0xADD9, 0xADD9, 0xADD9, 0x43CF, 0x43CF, 0x43CF, 0x43CF, 0xADD9, 0xADD9, 0xADD9, 0xADD9, 0x4A4B, 0x4A4B,
    0xDB4C, 0xDB4C, 0xC248, 0xC248, 0xC248, 0xC248, 0xC248, 0xC248, 0xDB4C, 0xDB4C, 0x528D, 0x528D, 0xADD9, 0xADD9, 0xADD9, 0xADD9,
    0xCEDD, 0xCEDD, 0xCEDD, 0xCEDD, 0xCEDD, 0xCEDD, 0xCEDD, 0xCEDD, 0x424D, 0x424D, 0xF81F, 0xF81F, 0xF81F, 0xF81F, 0xF81F, 0xF81F,
    0xF81F, 0xF81F, 0xF81F, 0xF81F, 0xF81F, 0xF81F, 0x424D, 0x424D, 0xCEDD, 0xCEDD, 0xCEDD, 0xCEDD, 0xCEDD, 0xCEDD, 0xCEDD, 0xCEDD,
    0xADD9, 0xADD9, 0xADD9, 0xADD9, 0x528D, 0x528D, 0xDB4C, 0xDB4C, 0xC248, 0xC248, 0xC248, 0xC248, 0xC248, 0xC248, 0xDB4C, 0xDB4C,
    0x4A4B, 0x4A4B, 0xADD9, 0xADD9, 0xADD9, 0xADD9, 0x43CF, 0x43CF, 0x43CF, 0x43CF, 0xADD9, 0xADD9, 0xADD9, 0xADD9, 0xADD9, 0xADD9,
    0x7BD0, 0x7BD0, 0x43CF, 0x43CF, 0x43CF, 0x43CF, 0x44D0, 0x44D0, 0xCEDD, 0xCEDD, 0x424D, 0x424D, 0x9516, 0x9516, 0x9516, 0x9516,
    0x424D, 0x424D, 0x651B, 0x651B, 0x651B, 0x651B, 0x651B, 0x651B, 0x651B, 0x651B, 0x651B, 0x651B, 0x651B, 0x651B, 0x651B, 0x651B,
    0x651B, 0x651B, 0x651B, 0x651B, 0x651B, 0x651B, 0x651B, 0x651B, 0x651B, 0x651B, 0x651B, 0x651B, 0x651B, 0x651B, 0x424D, 0x424D,
    0x9516, 0x9516, 0x9516, 0x9516, 0x424D, 0x424D, 0xCEDD, 0xCEDD, 0x44D0, 0x44D0, 0x43CF, 0x43CF, 0x43CF, 0x43CF, 0x7BD0, 0x7BD0,
    0xADD9, 0xADD9, 0xADD9, 0xADD9, 0xADD9, 0xADD9, 0x43CF, 0x43CF, 0x43CF, 0x43CF, 0xADD9, 0xADD9, 0xADD9, 0xADD9, 0x4A4B, 0x4A4B,
    0xDB4C, 0xDB4C, 0xC248, 0xC248, 0xC248, 0xC248, 0xC248, 0xC248, 0xDB4C, 0xDB4C, 0x528D, 0x528D, 0xADD9, 0xADD9, 0xADD9, 0xADD9,
    0xCEDD, 0xCEDD, 0xCEDD, 0xCEDD, 0xCEDD, 0xCEDD, 0xCEDD, 0xCEDD, 0x424D, 0x424D, 0xF81F, 0xF81F, 0xF81F, 0xF81F, 0xF81F, 0xF81F,
    0xF81F, 0xF81F, 0xF81F, 0xF81F, 0xF81F, 0xF81F, 0xF81F, 0xF81F, 0x424D, 0x424D, 0xCEDD, 0xCEDD, 0xCEDD, 0xCEDD, 0xCEDD, 0xCEDD,
    0xADD9, 0xADD9, 0xADD9, 0xADD9, 0x528D, 0x528D, 0xDB4C, 0xDB4C, 0xC248, 0xC248, 0xC248, 0xC248, 0xC248, 0xC248, 0xDB4C, 0xDB4C,
    0x4A4B, 0x4A4B, 0x7308, 0x7308, 0x43CF, 0x43CF, 0x4653, 0x4653, 0x4653, 0x4653, 0x43CF, 0x43CF, 0x43CF, 0x43CF, 0x93C8, 0x93C8,
    0x43CF, 0x43CF, 0x4653, 0x4653, 0x44D0, 0x44D0, 0x7308, 0x7308, 0x7308, 0x7308, 0x7308, 0x7308, 0x4A4B, 0x4A4B, 0xADD9, 0xADD9,
    0x424D, 0x424D, 0x9E9F, 0x9E9F, 0x9E9F, 0x9E9F, 0x9E9F, 0x9E9F, 0x9E9F, 0x9E9F, 0x9E9F, 0x9E9F, 0x9E9F, 0x9E9F, 0x9E9F, 0x9E9F,
    0x9E9F, 0x9E9F, 0x9E9F, 0x9E9F, 0x9E9F, 0x9E9F, 0x9E9F, 0x9E9F, 0x9E9F, 0x9E9F, 0x9E9F, 0x9E9F, 0x9E9F, 0x9E9F, 0x424D, 0x424D,
    0xADD9, 0xADD9, 0x4A4B, 0x4A4B, 0x7308, 0x7308, 0x7308, 0x7308, 0x7308, 0x7308, 0x44D0, 0x44D0, 0x4653, 0x4653, 0x43CF, 0x43CF,
    0x93C8, 0x93C8, 0x43CF, 0x43CF, 0x43CF, 0x43CF, 0x4653, 0x4653, 0x4653, 0x4653, 0x43CF, 0x43CF, 0x7308, 0x7308, 0x4A4B, 0x4A4B,
    0xDB4C, 0xDB4C, 0xC248, 0xC248, 0xC248, 0xC248, 0xC248, 0xC248, 0xDB4C, 0xDB4C, 0x528D, 0x528D, 0xADD9, 0xADD9, 0xADD9, 0xADD9,
    0xCEDD, 0xCEDD, 0xCEDD, 0xCEDD, 0xCEDD, 0xCEDD, 0x424D, 0x424D, 0xF81F, 0xF81F, 0xF81F, 0xF81F, 0xF81F, 0xF81F, 0xF81F, 0xF81F,
    0xF81F, 0xF81F, 0xF81F, 0xF81F, 0xF81F, 0xF81F, 0xF81F, 0xF81F, 0x424D, 0x424D, 0xCEDD, 0xCEDD, 0xCEDD, 0xCEDD, 0xCEDD, 0xCEDD,
    0xADD9, 0xADD9, 0xADD9, 0xADD9, 0x528D, 0x528D, 0xDB4C, 0xDB4C, 0xC248, 0xC248, 0xC248, 0xC248, 0xC248, 0xC248, 0xDB4C, 0xDB4C,
    0x4A4B, 0x4A4B, 0x7308, 0x7308, 0x43CF, 0x43CF, 0x4653, 0x4653, 0x4653, 0x4653, 0x43CF, 0x43CF, 0x43CF, 0x43CF, 0x93C8, 0x93C8,
    0x43CF, 0x43CF, 0x4653, 0x4653, 0x44D0, 0x44D0, 0x7308, 0x7308, 0x7308, 0x7308, 0x7308, 0x7308, 0x4A4B, 0x4A4B, 0xADD9, 0xADD9,
    0x424D, 0x424D, 0x9E9F, 0x9E9F, 0x9E9F, 0x9E9F, 0x9E9F, 0x9E9F, 0x9E9F, 0x9E9F, 0x9E9F, 0x9E9F, 0x9E9F, 0x9E9F, 0x9E9F, 0x9E9F,
    0x9E9F, 0x9E9F, 0x9E9F, 0x9E9F, 0x9E9F, 0x9E9F, 0x9E9F, 0x9E9F, 0x9E9F, 0x9E9F, 0x9E9F, 0x9E9F, 0x9E9F, 0x9E9F, 0x424D, 0x424D,
    0xADD9, 0xADD9, 0x4A4B, 0x4A4B, 0x7308, 0x7308, 0x7308, 0x7308, 0x7308, 0x7308, 0x44D0, 0x44D0, 0x4653, 0x4653, 0x43CF, 0x43CF,
    0x93C8, 0x93C8, 0x43CF, 0x43CF, 0x43CF, 0x43CF, 0x4653, 0x4653, 0x4653, 0x4653, 0x43CF, 0x43CF, 0x7308, 0x7308, 0x4A4B, 0x4A4B,
    0xDB4C, 0xDB4C, 0xC248, 0xC248, 0xC248, 0xC248, 0xC248, 0xC248, 0xDB4C, 0xDB4C, 0x528D, 0x528D, 0xADD9, 0xADD9, 0xADD9, 0xADD9,
    0xCEDD, 0xCEDD, 0xCEDD, 0xCEDD, 0xCEDD, 0xCEDD, 0x424D, 0x424D, 0xF81F, 0xF81F, 0xF81F, 0xF81F, 0xF81F, 0xF81F, 0xF81F, 0xF81F,
    0xF81F, 0xF81F, 0xF81F, 0xF81F, 0xF81F, 0xF81F, 0xF81F, 0xF81F, 0xF81F, 0xF81F, 0x424D, 0x424D, 0xCEDD, 0xCEDD, 0xCEDD, 0xCEDD,
    0xADD9, 0xADD9, 0xADD9, 0xADD9, 0x528D, 0x528D, 0xDB4C, 0xDB4C, 0xC248, 0xC248, 0xC248, 0xC248, 0xC248, 0xC248, 0xDB4C, 0xDB4C,
    0x4A4B, 0x4A4B, 0x7308, 0x7308, 0x93C8, 0x93C8, 0x43CF, 0x43CF, 0x4653, 0x4653, 0x4653, 0x4653, 0x4653, 0x4653, 0x43CF, 0x43CF,
    0x4653, 0x4653, 0x44D0, 0x44D0, 0x7308, 0x7308, 0x4653, 0x4653, 0x44D0, 0x44D0, 0x43CF, 0x43CF, 0xED48, 0xED48, 0x4A4B, 0x4A4B,
    0x424D, 0x424D, 0x9E9F, 0x9E9F, 0x9E9F, 0x9E9F, 0x9E9F, 0x9E9F, 0x9E9F, 0x9E9F, 0x9E9F, 0x9E9F, 0x9E9F, 0x9E9F, 0x9E9F, 0x9E9F,
    0x9E9F, 0x9E9F, 0x9E9F, 0x9E9F, 0x9E9F, 0x9E9F, 0x9E9F, 0x9E9F, 0x9E9F, 0x9E9F, 0x9E9F, 0x9E9F, 0x9E9F, 0x9E9F, 0x424D, 0x424D,
    0x4A4B, 0x4A4B, 0xED48, 0xED48, 0x43CF, 0x43CF, 0x44D0, 0x44D0, 0x4653, 0x4653, 0x7308, 0x7308, 0x44D0, 0x44D0, 0x4653, 0x4653,
    0x43CF, 0x43CF, 0x4653, 0x4653, 0x4653, 0x4653, 0x4653, 0x4653, 0x43CF, 0x43CF, 0x93C8, 0x93C8, 0x7308, 0x7308, 0x4A4B, 0x4A4B,
    0xDB4C, 0xDB4C, 0xC248, 0xC248, 0xC248, 0xC248, 0xC248, 0xC248, 0xDB4C, 0xDB4C, 0x528D, 0x528D, 0xADD9, 0xADD9, 0xADD9, 0xADD9,
    0xCEDD, 0xCEDD, 0xCEDD, 0xCEDD, 0x424D, 0x424D, 0xF81F, 0xF81F, 0xF81F, 0xF81F, 0xF81F, 0xF81F, 0xF81F, 0xF81F, 0xF81F, 0xF81F,
    0xF81F, 0xF81F, 0xF81F, 0xF81F, 0xF81F, 0xF81F, 0xF81F, 0xF81F, 0xF81F, 0xF81F, 0x424D, 0x424D, 0xCEDD, 0xCEDD, 0xCEDD, 0xCEDD,
    0xADD9, 0xADD9, 0xADD9, 0xADD9, 0x528D, 0x528D, 0xDB4C, 0xDB4C, 0xC248, 0xC248, 0xC248, 0xC248, 0xC248, 0xC248, 0xDB4C, 0xDB4C,
    0x4A4B, 0x4A4B, 0x7308, 0x7308, 0x93C8, 0x93C8, 0x43CF, 0x43CF, 0x4653, 0x4653, 0x4653, 0x4653, 0x4653, 0x4653, 0x43CF, 0x43CF,
    0x4653, 0x4653, 0x44D0, 0x44D0, 0x7308, 0x7308, 0x4653, 0x4653, 0x44D0, 0x44D0, 0x43CF, 0x43CF, 0xED48, 0xED48, 0x4A4B, 0x4A4B,
    0x424D, 0x424D, 0x9E9F, 0x9E9F, 0x9E9F, 0x9E9F, 0x9E9F, 0x9E9F, 0x9E9F, 0x9E9F, 0x9E9F, 0x9E9F, 0x9E9F, 0x9E9F, 0x9E9F, 0x9E9F,
    0x9E9F, 0x9E9F, 0x9E9F, 0x9E9F, 0x9E9F, 0x9E9F, 0x9E9F, 0x9E9F, 0x9E9F, 0x9E9F, 0x9E9F, 0x9E9F, 0x9E9F, 0x9E9F, 0x424D, 0x424D,
    0x4A4B, 0x4A4B, 0xED48, 0xED48, 0x43CF, 0x43CF, 0x44D0, 0x44D0, 0x4653, 0x4653, 0x7308, 0x7308, 0x44D0, 0x44D0, 0x4653, 0x4653,
    0x43CF, 0x43CF, 0x4653, 0x4653, 0x4653, 0x4653, 0x4653, 0x4653, 0x43CF, 0x43CF, 0x93C8, 0x93C8, 0x7308, 0x7308, 0x4A4B, 0x4A4B,
    0xDB4C, 0xDB4C, 0xC248, 0xC248, 0xC248, 0xC248, 0xC248, 0xC248, 0xDB4C, 0xDB4C, 0x528D, 0x528D, 0xADD9, 0xADD9, 0xADD9, 0xADD9,
    0xCEDD, 0xCEDD, 0xCEDD, 0xCEDD, 0x424D, 0x424D, 0xF81F, 0xF81F, 0xF81F, 0xF81F, 0xF81F, 0xF81F, 0xF81F, 0xF81F, 0xF81F, 0xF81F,
    0xF81F, 0xF81F, 0xF81F, 0xF81F, 0xF81F, 0xF81F, 0xF81F, 0xF81F, 0xF81F, 0xF81F, 0xF81F, 0xF81F, 0x424D, 0x424D, 0xCEDD, 0xCEDD,
    0xADD9, 0xADD9, 0xADD9, 0xADD9, 0x528D, 0x528D, 0xDB4C, 0xDB4C, 0xC248, 0xC248, 0xC248, 0xC248, 0xC248, 0xC248, 0xDB4C, 0xDB4C,
    0x4A4B, 0x4A4B, 0x7308, 0x7308, 0x93C8, 0x93C8, 0x93C8, 0x93C8, 0x43CF, 0x43CF, 0x4653, 0x4653, 0x4653, 0x4653, 0x43CF, 0x43CF,
    0x4653, 0x4653, 0x4653, 0x4653, 0x44D0, 0x44D0, 0x44D0, 0x44D0, 0x43CF, 0x43CF, 0x93C8, 0x93C8, 0xED48, 0xED48, 0x4A4B, 0x4A4B,
    0x424D, 0x424D, 0x424D, 0x424D, 0x424D, 0x424D, 0x424D, 0x424D, 0x424D, 0x424D, 0x424D, 0x424D, 0x424D, 0x424D, 0x424D, 0x424D,
    0x424D, 0x424D, 0x424D, 0x424D, 0x424D, 0x424D, 0x424D, 0x424D, 0x424D, 0x424D, 0x424D, 0x424D, 0x424D, 0x424D, 0x424D, 0x424D,
    0x4A4B, 0x4A4B, 0xED48, 0xED48, 0x93C8, 0x93C8, 0x43CF, 0x43CF, 0x44D0, 0x44D0, 0x44D0, 0x44D0, 0x4653, 0x4653, 0x4653, 0x4653,
    0x43CF, 0x43CF, 0x4653, 0x4653, 0x4653, 0x4653, 0x43CF, 0x43CF, 0x93C8, 0x93C8, 0x93C8, 0x93C8, 0x7308, 0x7308, 0x4A4B, 0x4A4B,
    0xDB4C, 0xDB4C, 0xC248, 0xC248, 0xC248, 0xC248, 0xC248, 0xC248, 0xDB4C, 0xDB4C, 0x528D, 0x528D, 0xADD9, 0xADD9, 0xADD9, 0xADD9,
    0xCEDD, 0xCEDD, 0x424D, 0x424D, 0xF81F, 0xF81F, 0xF81F, 0xF81F, 0xF81F, 0xF81F, 0xF81F, 0xF81F, 0xF81F, 0xF81F, 0xF81F, 0xF81F,
    0xF81F, 0xF81F, 0xF81F, 0xF81F, 0xF81F, 0xF81F, 0xF81F, 0xF81F, 0xF81F, 0xF81F, 0xF81F, 0xF81F, 0x424D, 0x424D, 0xCEDD, 0xCEDD,
    0xADD9, 0xADD9, 0xADD9, 0xADD9, 0x528D, 0x528D, 0xDB4C, 0xDB4C, 0xC248, 0xC248, 0xC248, 0xC248, 0xC248, 0xC248, 0xDB4C, 0xDB4C,
    0x4A4B, 0x4A4B, 0x7308, 0x7308, 0x93C8, 0x93C8, 0x93C8, 0x93C8, 0x43CF, 0x43CF, 0x4653, 0x4653, 0x4653, 0x4653, 0x43CF, 0x43CF,
    0x4653, 0x4653, 0x4653, 0x4653, 0x44D0, 0x44D0, 0x44D0, 0x44D0, 0x43CF, 0x43CF, 0x93C8, 0x93C8, 0xED48, 0xED48, 0x4A4B, 0x4A4B,
    0x424D, 0x424D, 0x424D, 0x424D, 0x424D, 0x424D, 0x424D, 0x424D, 0x424D, 0x424D, 0x424D, 0x424D, 0x424D, 0x424D, 0x424D, 0x424D,
    0x424D, 0x424D, 0x424D, 0x424D, 0x424D, 0x424D, 0x424D, 0x424D, 0x424D, 0x424D, 0x424D, 0x424D, 0x424D, 0x424D, 0x424D, 0x424D,
    0x4A4B, 0x4A4B, 0xED48, 0xED48, 0x93C8, 0x93C8, 0x43CF, 0x43CF, 0x44D0, 0x44D0, 0x44D0, 0x44D0, 0x4653, 0x4653, 0x4653, 0x4653,
    0x43CF, 0x43CF, 0x4653, 0x4653, 0x4653, 0x4653, 0x43CF, 0x43CF, 0x93C8, 0x93C8, 0x93C8, 0x93C8, 0x7308, 0x7308, 0x4A4B, 0x4A4B,
    0xDB4C, 0xDB4C, 0xC248, 0xC248, 0xC248, 0xC248, 0xC248, 0xC248, 0xDB4C, 0xDB4C, 0x528D, 0x528D, 0xADD9, 0xADD9, 0xADD9, 0xADD9,
    0xCEDD, 0xCEDD, 0x424D, 0x424D, 0xF81F, 0xF81F, 0xF81F, 0xF81F, 0xF81F, 0xF81F, 0xF81F, 0xF81F, 0xF81F, 0xF81F, 0xF81F, 0xF81F,
    0xF81F, 0xF81F, 0xF81F, 0xF81F, 0xF81F, 0xF81F, 0xF81F, 0xF81F, 0xF81F, 0xF81F, 0xF81F, 0xF81F, 0xF81F, 0xF81F, 0x424D, 0x424D,
    0x424D, 0x424D, 0x424D, 0x424D, 0x528D, 0x528D, 0xDB4C, 0xDB4C, 0xC248, 0xC248, 0xC248, 0xC248, 0xC248, 0xC248, 0xDB4C, 0xDB4C,
    0x4A4B, 0x4A4B, 0x7308, 0x7308, 0xED48, 0xED48, 0x43CF, 0x43CF, 0x44D0, 0x44D0, 0x44D0, 0x44D0, 0x44D0, 0x44D0, 0x44D0, 0x44D0,
    0x43CF, 0x43CF, 0x4653, 0x4653, 0x4653, 0x4653, 0x4653, 0x4653, 0x4653, 0x4653, 0x4653, 0x4653, 0x43CF, 0x43CF, 0x4A4B, 0x4A4B,
    0x528D, 0x528D, 0x528D, 0x528D, 0xF81F, 0xF81F, 0xF81F, 0xF81F, 0xF81F, 0xF81F, 0xF81F, 0xF81F, 0xF81F, 0xF81F, 0xF81F, 0xF81F,
    0xF81F, 0xF81F, 0xF81F, 0xF81F, 0xF81F, 0xF81F, 0xF81F, 0xF81F, 0xF81F, 0xF81F, 0xF81F, 0xF81F, 0x528D, 0x528D, 0x528D, 0x528D,
    0x4A4B, 0x4A4B, 0x43CF, 0x43CF, 0x4653, 0x4653, 0x4653, 0x4653, 0x4653, 0x4653, 0x4653, 0x4653, 0x4653, 0x4653, 0x43CF, 0x43CF,
    0x44D0, 0x44D0, 0x44D0, 0x44D0, 0x44D0, 0x44D0, 0x44D0, 0x44D0, 0x43CF, 0x43CF, 0xED48, 0xED48, 0x7308, 0x7308, 0x4A4B, 0x4A4B,
    0xDB4C, 0xDB4C, 0xC248, 0xC248, 0xC248, 0xC248, 0xC248, 0xC248, 0xDB4C, 0xDB4C, 0x528D, 0x528D, 0x424D, 0x424D, 0x424D, 0x424D,
    0x424D, 0x424D, 0xF81F, 0xF81F, 0xF81F, 0xF81F, 0xF81F, 0xF81F, 0xF81F, 0xF81F, 0xF81F, 0xF81F, 0xF81F, 0xF81F, 0xF81F, 0xF81F,
    0xF81F, 0xF81F, 0xF81F, 0xF81F, 0xF81F, 0xF81F, 0xF81F, 0xF81F, 0xF81F, 0xF81F, 0xF81F, 0xF81F, 0xF81F, 0xF81F, 0x424D, 0x424D,
    0x424D, 0x424D, 0x424D, 0x424D, 0x528D, 0x528D, 0xDB4C, 0xDB4C, 0xC248, 0xC248, 0xC248, 0xC248, 0xC248, 0xC248, 0xDB4C, 0xDB4C,
    0x4A4B, 0x4A4B, 0x7308, 0x7308, 0xED48, 0xED48, 0x43CF, 0x43CF, 0x44D0, 0x44D0, 0x44D0, 0x44D0, 0x44D0, 0x44D0, 0x44D0, 0x44D0,
    0x43CF, 0x43CF, 0x4653, 0x4653, 0x4653, 0x4653, 0x4653, 0x4653, 0x4653, 0x4653, 0x4653, 0x4653, 0x43CF, 0x43CF, 0x4A4B, 0x4A4B,
    0x528D, 0x528D, 0x528D, 0x528D, 0xF81F, 0xF81F, 0xF81F, 0xF81F, 0xF81F, 0xF81F, 0xF81F, 0xF81F, 0xF81F, 0xF81F, 0xF81F, 0xF81F,
    0xF81F, 0xF81F, 0xF81F, 0xF81F, 0xF81F, 0xF81F, 0xF81F, 0xF81F, 0xF81F, 0xF81F, 0xF81F, 0xF81F, 0x528D, 0x528D, 0x528D, 0x528D,
    0x4A4B, 0x4A4B, 0x43CF, 0x43CF, 0x4653, 0x4653, 0x4653, 0x4653, 0x4653, 0x4653, 0x4653, 0x4653, 0x4653, 0x4653, 0x43CF, 0x43CF,
    0x44D0, 0x44D0, 0x44D0, 0x44D0, 0x44D0, 0x44D0, 0x44D0, 0x44D0, 0x43CF, 0x43CF, 0xED48, 0xED48, 0x7308, 0x7308, 0x4A4B, 0x4A4B,
    0xDB4C, 0xDB4C, 0xC248, 0xC248, 0xC248, 0xC248, 0xC248, 0xC248, 0xDB4C, 0xDB4C, 0x528D, 0x528D, 0x424D, 0x424D, 0x424D, 0x424D,
    0x424D, 0x424D, 0xF81F, 0xF81F, 0xF81F, 0xF81F, 0xF81F, 0xF81F, 0xF81F, 0xF81F, 0xF81F, 0xF81F, 0xF81F, 0xF81F, 0xF81F, 0xF81F,
    0xF81F, 0xF81F, 0xF81F, 0xF81F, 0xF81F, 0xF81F, 0xF81F, 0xF81F, 0xF81F, 0xF81F, 0xF81F, 0xF81F, 0xF81F, 0xF81F, 0xF81F, 0xF81F,
    0xF81F, 0xF81F, 0xF81F, 0xF81F, 0x528D, 0x528D, 0xDB4C, 0xDB4C, 0xC248, 0xC248, 0xC248, 0xC248, 0xC248, 0xC248, 0xDB4C, 0xDB4C,
    0x4A4B, 0x4A4B, 0x7308, 0x7308, 0x43CF, 0x43CF, 0x4653, 0x4653, 0x4653, 0x4653, 0x4653, 0x4653, 0x43CF, 0x43CF, 0xAE9C, 0xAE9C,
    0xAE9C, 0xAE9C, 0xAE9C, 0xAE9C, 0x44D0, 0x44D0, 0x44D0, 0x44D0, 0x44D0, 0x44D0, 0x44D0, 0x44D0, 0x4653, 0x4653, 0x43CF, 0x43CF,
    0x4A4B, 0x4A4B, 0xF81F, 0xF81F, 0xF81F, 0xF81F, 0xF81F, 0xF81F, 0xF81F, 0xF81F, 0xF81F, 0xF81F, 0xF81F, 0xF81F, 0xF81F, 0xF81F,
    0xF81F, 0xF81F, 0xF81F, 0xF81F, 0xF81F, 0xF81F, 0xF81F, 0xF81F, 0xF81F, 0xF81F, 0xF81F, 0xF81F, 0xF81F, 0xF81F, 0x4A4B, 0x4A4B,
    0x43CF, 0x43CF, 0x4653, 0x4653, 0x44D0, 0x44D0, 0x44D0, 0x44D0, 0x44D0, 0x44D0, 0x44D0, 0x44D0, 0xAE9C, 0xAE9C, 0xAE9C, 0xAE9C,
    0xAE9C, 0xAE9C, 0x43CF, 0x43CF, 0x4653, 0x4653, 0x4653, 0x4653, 0x4653, 0x4653, 0x43CF, 0x43CF, 0x7308, 0x7308, 0x4A4B, 0x4A4B,
    0xDB4C, 0xDB4C, 0xC248, 0xC248, 0xC248, 0xC248, 0xC248, 0xC248, 0xDB4C, 0xDB4C, 0x528D, 0x528D, 0xF81F, 0xF81F, 0xF81F, 0xF81F,
    0xF81F, 0xF81F, 0xF81F, 0xF81F, 0xF81F, 0xF81F, 0xF81F, 0xF81F, 0xF81F, 0xF81F, 0xF81F, 0xF81F, 0xF81F, 0xF81F, 0xF81F, 0xF81F,
    0xF81F, 0xF81F, 0xF81F, 0xF81F, 0xF81F, 0xF81F, 0xF81F, 0xF81F, 0xF81F, 0xF81F, 0xF81F, 0xF81F, 0xF81F, 0xF81F, 0xF81F, 0xF81F,
    0xF81F, 0xF81F, 0xF81F, 0xF81F, 0x528D, 0x528D, 0xDB4C, 0xDB4C, 0xC248, 0xC248, 0xC248, 0xC248, 0xC248, 0xC248, 0xDB4C, 0xDB4C,
    0x4A4B, 0x4A4B, 0x7308, 0x7308, 0x43CF, 0x43CF, 0x4653, 0x4653, 0x4653, 0x4653, 0x4653, 0x4653, 0x43CF, 0x43CF, 0xAE9C, 0xAE9C,
    0xAE9C, 0xAE9C, 0xAE9C, 0xAE9C, 0x44D0, 0x44D0, 0x44D0, 0x44D0, 0x44D0, 0x44D0, 0x44D0, 0x44D0, 0x4653, 0x4653, 0x43CF, 0x43CF,
    0x4A4B, 0x4A4B, 0xF81F, 0xF81F, 0xF81F, 0xF81F, 0xF81F, 0xF81F, 0xF81F, 0xF81F, 0xF81F, 0xF81F, 0xF81F, 0xF81F, 0xF81F, 0xF81F,
    0xF81F, 0xF81F, 0xF81F, 0xF81F, 0xF81F, 0xF81F, 0xF81F, 0xF81F, 0xF81F, 0xF81F, 0xF81F, 0xF81F, 0xF81F, 0xF81F, 0x4A4B, 0x4A4B,
    0x43CF, 0x43CF, 0x4653, 0x4653, 0x44D0, 0x44D0, 0x44D0, 0x44D0, 0x44D0, 0x44D0, 0x44D0, 0x44D0, 0xAE9C, 0xAE9C, 0xAE9C, 0xAE9C,
    0xAE9C, 0xAE9C, 0x43CF, 0x43CF, 0x4653, 0x4653, 0x4653, 0x4653, 0x4653, 0x4653, 0x43CF, 0x43CF, 0x7308, 0x7308, 0x4A4B, 0x4A4B,
    0xDB4C, 0xDB4C, 0xC248, 0xC248, 0xC248, 0xC248, 0xC248, 0xC248, 0xDB4C, 0xDB4C, 0x528D, 0x528D, 0xF81F, 0xF81F, 0xF81F, 0xF81F,
    0xF81F, 0xF81F, 0xF81F, 0xF81F, 0xF81F, 0xF81F, 0xF81F, 0xF81F, 0xF81F, 0xF81F, 0xF81F, 0xF81F, 0xF81F, 0xF81F, 0xF81F, 0xF81F,
    0xF81F, 0xF81F, 0xF81F, 0xF81F, 0xF81F, 0xF81F, 0xF81F, 0xF81F, 0xF81F, 0xF81F, 0xF81F, 0xF81F, 0xF81F, 0xF81F, 0xF81F, 0xF81F,
    0xF81F, 0xF81F, 0xF81F, 0xF81F, 0x528D, 0x528D, 0xDB4C, 0xDB4C, 0xC248, 0xC248, 0xC248, 0xC248, 0xC248, 0xC248, 0xDB4C, 0xDB4C,
    0x4A4B, 0x4A4B, 0x43CF, 0x43CF, 0x4653, 0x4653, 0x4653, 0x4653, 0x4653, 0x4653, 0x43CF, 0x43CF, 0xAE9C, 0xAE9C, 0x6C59, 0x6C59,
    0xE689, 0xE689, 0x6C59, 0x6C59, 0xAE9C, 0xAE9C, 0x43CF, 0x43CF, 0x7308, 0x7308, 0x43CF, 0x43CF, 0x43CF, 0x43CF, 0x4A4B, 0x4A4B,
    0xF81F, 0xF81F, 0xF81F, 0xF81F, 0xF81F, 0xF81F, 0xF81F, 0xF81F, 0xF81F, 0xF81F, 0xF81F, 0xF81F, 0xF81F, 0xF81F, 0xF81F, 0xF81F,
    0xF81F, 0xF81F, 0xF81F, 0xF81F, 0xF81F, 0xF81F, 0xF81F, 0xF81F, 0xF81F, 0xF81F, 0xF81F, 0xF81F, 0xF81F, 0xF81F, 0xF81F, 0xF81F,
    0x4A4B, 0x4A4B, 0x43CF, 0x43CF, 0x43CF, 0x43CF, 0x7308, 0x7308, 0x43CF, 0x43CF, 0xAE9C, 0xAE9C, 0x6C59, 0x6C59, 0xE689, 0xE689,
    0x6C59, 0x6C59, 0xAE9C, 0xAE9C, 0x43CF, 0x43CF, 0x4653, 0x4653, 0x4653, 0x4653, 0x4653, 0x4653, 0x43CF, 0x43CF, 0x4A4B, 0x4A4B,
    0xDB4C, 0xDB4C, 0xC248, 0xC248, 0xC248, 0xC248, 0xC248, 0xC248, 0xDB4C, 0xDB4C, 0x528D, 0x528D, 0xF81F, 0xF81F, 0xF81F, 0xF81F,
    0xF81F, 0xF81F, 0xF81F, 0xF81F, 0xF81F, 0xF81F, 0xF81F, 0xF81F, 0xF81F, 0xF81F, 0xF81F, 0xF81F, 0xF81F, 0xF81F, 0xF81F, 0xF81F,
    0xF81F, 0xF81F, 0xF81F, 0xF81F, 0xF81F, 0xF81F, 0xF81F, 0xF81F, 0xF81F, 0xF81F, 0xF81F, 0xF81F, 0xF81F, 0xF81F, 0xF81F, 0xF81F,
    0xF81F, 0xF81F, 0xF81F, 0xF81F, 0x528D, 0x528D, 0xDB4C, 0xDB4C, 0xC248, 0xC248, 0xC248, 0xC248, 0xC248, 0xC248, 0xDB4C, 0xDB4C,
    0x4A4B, 0x4A4B, 0x43CF, 0x43CF, 0x4653, 0x4653, 0x4653, 0x4653, 0x4653, 0x4653, 0x43CF, 0x43CF, 0xAE9C, 0xAE9C, 0x6C59, 0x6C59,
    0xE689, 0xE689, 0x6C59, 0x6C59, 0xAE9C, 0xAE9C, 0x43CF, 0x43CF, 0x7308, 0x7308, 0x43CF, 0x43CF, 0x43CF, 0x43CF, 0x4A4B, 0x4A4B,
    0xF81F, 0xF81F, 0xF81F, 0xF81F, 0xF81F, 0xF81F, 0xF81F, 0xF81F, 0xF81F, 0xF81F, 0xF81F, 0xF81F, 0xF81F, 0xF81F, 0xF81F, 0xF81F,
    0xF81F, 0xF81F, 0xF81F, 0xF81F, 0xF81F, 0xF81F, 0xF81F, 0xF81F, 0xF81F, 0xF81F, 0xF81F, 0xF81F, 0xF81F, 0xF81F, 0xF81F, 0xF81F,
    0x4A4B, 0x4A4B, 0x43CF, 0x43CF, 0x43CF, 0x43CF, 0x7308, 0x7308, 0x43CF, 0x43CF, 0xAE9C, 0xAE9C, 0x6C59, 0x6C59, 0xE689, 0xE689,
    0x6C59, 0x6C59, 0xAE9C, 0xAE9C, 0x43CF, 0x43CF, 0x4653, 0x4653, 0x4653, 0x4653, 0x4653, 0x4653, 0x43CF, 0x43CF, 0x4A4B, 0x4A4B,
    0xDB4C, 0xDB4C, 0xC248, 0xC248, 0xC248, 0xC248, 0xC248, 0xC248, 0xDB4C, 0xDB4C, 0x528D, 0x528D, 0xF81F, 0xF81F, 0xF81F, 0xF81F,
    0xF81F, 0xF81F, 0xF81F, 0xF81F, 0xF81F, 0xF81F, 0xF81F, 0xF81F, 0xF81F, 0xF81F, 0xF81F, 0xF81F, 0xF81F, 0xF81F, 0xF81F, 0xF81F,
    0xF81F, 0xF81F, 0xF81F, 0xF81F, 0xF81F, 0xF81F, 0xF81F, 0xF81F, 0xF81F, 0xF81F, 0xF81F, 0xF81F, 0xF81F, 0xF81F, 0xF81F, 0xF81F,
    0xF81F, 0xF81F, 0xF81F, 0xF81F, 0x528D, 0x528D, 0xDB4C, 0xDB4C, 0xC248, 0xC248, 0xC248, 0xC248, 0xC248, 0xC248, 0xDB4C, 0xDB4C,
    0x4A4B, 0x4A4B, 0x43CF, 0x43CF, 0x4653, 0x4653, 0x43CF, 0x43CF, 0x44D0, 0x44D0, 0x43CF, 0x43CF, 0xAE9C, 0xAE9C, 0x6C59, 0x6C59,
    0x6C59, 0x6C59, 0x6C59, 0x6C59, 0xAE9C, 0xAE9C, 0x43CF, 0x43CF, 0x7308, 0x7308, 0x93C8, 0x93C8, 0x4A4B, 0x4A4B, 0xF81F, 0xF81F,
    0xF81F, 0xF81F, 0xF81F, 0xF81F, 0xF81F, 0xF81F, 0xF81F, 0xF81F, 0xF81F, 0xF81F, 0xF81F, 0xF81F, 0xF81F, 0xF81F, 0xF81F, 0xF81F,
    0xF81F, 0xF81F, 0xF81F, 0xF81F, 0xF81F, 0xF81F, 0xF81F, 0xF81F, 0xF81F, 0xF81F, 0xF81F, 0xF81F, 0xF81F, 0xF81F, 0xF81F, 0xF81F,
    0xF81F, 0xF81F, 0x4A4B, 0x4A4B, 0x93C8, 0x93C8, 0x7308, 0x7308, 0x43CF, 0x43CF, 0xAE9C, 0xAE9C, 0x6C59, 0x6C59, 0x6C59, 0x6C59,
    0x6C59, 0x6C59, 0xAE9C, 0xAE9C, 0x43CF, 0x43CF, 0x44D0, 0x44D0, 0x43CF, 0x43CF, 0x4653, 0x4653, 0x43CF, 0x43CF, 0x4A4B, 0x4A4B,
    0xDB4C, 0xDB4C, 0xC248, 0xC248, 0xC248, 0xC248, 0xC248, 0xC248, 0xDB4C, 0xDB4C, 0x528D, 0x528D, 0xF81F, 0xF81F, 0xF81F, 0xF81F,
    0xF81F, 0xF81F, 0xF81F, 0xF81F, 0xF81F, 0xF81F, 0xF81F, 0xF81F, 0xF81F, 0xF81F, 0xF81F, 0xF81F, 0xF81F, 0xF81F, 0xF81F, 0xF81F,
    0xF81F, 0xF81F, 0xF81F, 0xF81F, 0xF81F, 0xF81F, 0xF81F, 0xF81F, 0xF81F, 0xF81F, 0xF81F, 0xF81F, 0xF81F, 0xF81F, 0xF81F, 0xF81F,
    0xF81F, 0xF81F, 0xF81F, 0xF81F, 0x528D, 0x528D, 0xDB4C, 0xDB4C, 0xC248, 0xC248, 0xC248, 0xC248, 0xC248, 0xC248, 0xDB4C, 0xDB4C,
    0x4A4B, 0x4A4B, 0x43CF, 0x43CF, 0x4653, 0x4653, 0x43CF, 0x43CF, 0x44D0, 0x44D0, 0x43CF, 0x43CF, 0xAE9C, 0xAE9C, 0x6C59, 0x6C59,
    0x6C59, 0x6C59, 0x6C59, 0x6C59, 0xAE9C, 0xAE9C, 0x43CF, 0x43CF, 0x7308, 0x7308, 0x93C8, 0x93C8, 0x4A4B, 0x4A4B, 0xF81F, 0xF81F,
    0xF81F, 0xF81F, 0xF81F, 0xF81F, 0xF81F, 0xF81F, 0xF81F, 0xF81F, 0xF81F, 0xF81F, 0xF81F, 0xF81F, 0xF81F, 0xF81F, 0xF81F, 0xF81F,
    0xF81F, 0xF81F, 0xF81F, 0xF81F, 0xF81F, 0xF81F, 0xF81F, 0xF81F, 0xF81F, 0xF81F, 0xF81F, 0xF81F, 0xF81F, 0xF81F, 0xF81F, 0xF81F,
    0xF81F, 0xF81F, 0x4A4B, 0x4A4B, 0x93C8, 0x93C8, 0x7308, 0x7308, 0x43CF, 0x43CF, 0xAE9C, 0xAE9C, 0x6C59, 0x6C59, 0x6C59, 0x6C59,
    0x6C59, 0x6C59, 0xAE9C, 0xAE9C, 0x43CF, 0x43CF, 0x44D0, 0x44D0, 0x43CF, 0x43CF, 0x4653, 0x4653, 0x43CF, 0x43CF, 0x4A4B, 0x4A4B,
    0xDB4C, 0xDB4C, 0xC248, 0xC248, 0xC248, 0xC248, 0xC248, 0xC248, 0xDB4C, 0xDB4C, 0x528D, 0x528D, 0xF81F, 0xF81F, 0xF81F, 0xF81F,
    0xF81F, 0xF81F, 0xF81F, 0xF81F, 0xF81F, 0xF81F, 0xF81F, 0xF81F, 0xF81F, 0xF81F, 0xF81F, 0xF81F, 0xF81F, 0xF81F, 0xF81F, 0xF81F,
    0xF81F, 0xF81F, 0xF81F, 0xF81F, 0xF81F, 0xF81F, 0xF81F, 0xF81F, 0xF81F, 0xF81F, 0xF81F, 0xF81F, 0xF81F, 0xF81F, 0xF81F, 0xF81F,
    0xF81F, 0xF81F, 0xF81F, 0xF81F, 0x528D, 0x528D, 0xDB4C, 0xDB4C, 0xC248, 0xC248, 0xC248, 0xC248, 0xC248, 0xC248, 0xDB4C, 0xDB4C,
    0x4A4B, 0x4A4B, 0x7308, 0x7308, 0x43CF, 0x43CF, 0x7308, 0x7308, 0x44D0, 0x44D0, 0x43CF, 0x43CF, 0x6C59, 0x6C59, 0xAE9C, 0xAE9C,
    0xAE9C, 0xAE9C, 0xAE9C, 0xAE9C, 0x6C59, 0x6C59, 0x43CF, 0x43CF, 0x7308, 0x7308, 0x93C8, 0x93C8, 0x4A4B, 0x4A4B, 0xF81F, 0xF81F,
    0xF81F, 0xF81F, 0xF81F, 0xF81F, 0xF81F, 0xF81F, 0xF81F, 0xF81F, 0xF81F, 0xF81F, 0xF81F, 0xF81F, 0xF81F, 0xF81F, 0xF81F, 0xF81F,
    0xF81F, 0xF81F, 0xF81F, 0xF81F, 0xF81F, 0xF81F, 0xF81F, 0xF81F, 0xF81F, 0xF81F, 0xF81F, 0xF81F, 0xF81F, 0xF81F, 0xF81F, 0xF81F,
    0xF81F, 0xF81F, 0x4A4B, 0x4A4B, 0x93C8, 0x93C8, 0x7308, 0x7308, 0x43CF, 0x43CF, 0x6C59, 0x6C59, 0xAE9C, 0xAE9C, 0xAE9C, 0xAE9C,
    0xAE9C, 0xAE9C, 0x6C59, 0x6C59, 0x43CF, 0x43CF, 0x44D0, 0x44D0, 0x7308, 0x7308, 0x43CF, 0x43CF, 0x7308, 0x7308, 0x4A4B, 0x4A4B,
    0xDB4C, 0xDB4C, 0xC248, 0xC248, 0xC248, 0xC248, 0xC248, 0xC248, 0xDB4C, 0xDB4C, 0x528D, 0x528D, 0xF81F, 0xF81F, 0xF81F, 0xF81F,
    0xF81F, 0xF81F, 0xF81F, 0xF81F, 0xF81F, 0xF81F, 0xF81F, 0xF81F, 0xF81F, 0xF81F, 0xF81F, 0xF81F, 0xF81F, 0xF81F, 0xF81F, 0xF81F,
    0xF81F, 0xF81F, 0xF81F, 0xF81F, 0xF81F, 0xF81F, 0xF81F, 0xF81F, 0xF81F, 0xF81F, 0xF81F, 0xF81F, 0xF81F, 0xF81F, 0xF81F, 0xF81F,
    0xF81F, 0xF81F, 0xF81F, 0xF81F, 0x528D, 0x528D, 0xDB4C, 0xDB4C, 0xC248, 0xC248, 0xC248, 0xC248, 0xC248, 0xC248, 0xDB4C, 0xDB4C,
    0x4A4B, 0x4A4B, 0x7308, 0x7308, 0x43CF, 0x43CF, 0x7308, 0x7308, 0x44D0, 0x44D0, 0x43CF, 0x43CF, 0x6C59, 0x6C59, 0xAE9C, 0xAE9C,
    0xAE9C, 0xAE9C, 0xAE9C, 0xAE9C, 0x6C59, 0x6C59, 0x43CF, 0x43CF, 0x7308, 0x7308, 0x93C8, 0x93C8, 0x4A4B, 0x4A4B, 0xF81F, 0xF81F,
    0xF81F, 0xF81F, 0xF81F, 0xF81F, 0xF81F, 0xF81F, 0xF81F, 0xF81F, 0xF81F, 0xF81F, 0xF81F, 0xF81F, 0xF81F, 0xF81F, 0xF81F, 0xF81F,
    0xF81F, 0xF81F, 0xF81F, 0xF81F, 0xF81F, 0xF81F, 0xF81F, 0xF81F, 0xF81F, 0xF81F, 0xF81F, 0xF81F, 0xF81F, 0xF81F, 0xF81F, 0xF81F,
    0xF81F, 0xF81F, 0x4A4B, 0x4A4B, 0x93C8, 0x93C8, 0x7308, 0x7308, 0x43CF, 0x43CF, 0x6C59, 0x6C59, 0xAE9C, 0xAE9C, 0xAE9C, 0xAE9C,
    0xAE9C, 0xAE9C, 0x6C59, 0x6C59, 0x43CF, 0x43CF, 0x44D0, 0x44D0, 0x7308, 0x7308, 0x43CF, 0x43CF, 0x7308, 0x7308, 0x4A4B, 0x4A4B,
    0xDB4C, 0xDB4C, 0xC248, 0xC248, 0xC248, 0xC248, 0xC248, 0xC248, 0xDB4C, 0xDB4C, 0x528D, 0x528D, 0xF81F, 0xF81F, 0xF81F, 0xF81F,
    0xF81F, 0xF81F, 0xF81F, 0xF81F, 0xF81F, 0xF81F, 0xF81F, 0xF81F, 0xF81F, 0xF81F, 0xF81F, 0xF81F, 0xF81F, 0xF81F, 0xF81F, 0xF81F,
    0xF81F, 0xF81F, 0xF81F, 0xF81F, 0xF81F, 0xF81F, 0xF81F, 0xF81F, 0xF81F, 0xF81F, 0xF81F, 0xF81F, 0xF81F, 0xF81F, 0xF81F, 0xF81F,
    0xF81F, 0xF81F, 0xF81F, 0xF81F, 0x528D, 0x528D, 0xDB4C, 0xDB4C, 0xC248, 0xC248, 0xC248, 0xC248, 0xC248, 0xC248, 0xDB4C, 0xDB4C,
    0x528D, 0x528D, 0x7308, 0x7308, 0xED48, 0xED48, 0x7308, 0x7308, 0x7308, 0x7308, 0x7308, 0x7308, 0x43CF, 0x43CF, 0x6C59, 0x6C59,
    0x6C59, 0x6C59, 0x6C59, 0x6C59, 0x43CF, 0x43CF, 0x7308, 0x7308, 0x7308, 0x7308, 0xED48, 0xED48, 0x4A4B, 0x4A4B, 0xF81F, 0xF81F,
    0xF81F, 0xF81F, 0xF81F, 0xF81F, 0xF81F, 0xF81F, 0xF81F, 0xF81F, 0xF81F, 0xF81F, 0xF81F, 0xF81F, 0xF81F, 0xF81F, 0xF81F, 0xF81F,
    0xF81F, 0xF81F, 0xF81F, 0xF81F, 0xF81F, 0xF81F, 0xF81F, 0xF81F, 0xF81F, 0xF81F, 0xF81F, 0xF81F, 0xF81F, 0xF81F, 0xF81F, 0xF81F,
    0xF81F, 0xF81F, 0x4A4B, 0x4A4B, 0xED48, 0xED48, 0x7308, 0x7308, 0x7308, 0x7308, 0x43CF, 0x43CF, 0x6C59, 0x6C59, 0x6C59, 0x6C59,
    0x6C59, 0x6C59, 0x43CF, 0x43CF, 0x7308, 0x7308, 0x7308, 0x7308, 0x7308, 0x7308, 0xED48, 0xED48, 0x7308, 0x7308, 0x528D, 0x528D,
    0xDB4C, 0xDB4C, 0xC248, 0xC248, 0xC248, 0xC248, 0xC248, 0xC248, 0xDB4C, 0xDB4C, 0x528D, 0x528D, 0xF81F, 0xF81F, 0xF81F, 0xF81F,
    0xF81F, 0xF81F, 0xF81F, 0xF81F, 0xF81F, 0xF81F, 0xF81F, 0xF81F, 0xF81F, 0xF81F, 0xF81F, 0xF81F, 0xF81F, 0xF81F, 0xF81F, 0xF81F,
    0xF81F, 0xF81F, 0xF81F, 0xF81F, 0xF81F, 0xF81F, 0xF81F, 0xF81F, 0xF81F, 0xF81F, 0xF81F, 0xF81F, 0xF81F, 0xF81F, 0xF81F, 0xF81F,
    0xF81F, 0xF81F, 0xF81F, 0xF81F, 0x528D, 0x528D, 0xDB4C, 0xDB4C, 0xC248, 0xC248, 0xC248, 0xC248, 0xC248, 0xC248, 0xDB4C, 0xDB4C,
    0x528D, 0x528D, 0x7308, 0x7308, 0xED48, 0xED48, 0x7308, 0x7308, 0x7308, 0x7308, 0x7308, 0x7308, 0x43CF, 0x43CF, 0x6C59, 0x6C59,
    0x6C59, 0x6C59, 0x6C59, 0x6C59, 0x43CF, 0x43CF, 0x7308, 0x7308, 0x7308, 0x7308, 0xED48, 0xED48, 0x4A4B, 0x4A4B, 0xF81F, 0xF81F,
    0xF81F, 0xF81F, 0xF81F, 0xF81F, 0xF81F, 0xF81F, 0xF81F, 0xF81F, 0xF81F, 0xF81F, 0xF81F, 0xF81F, 0xF81F, 0xF81F, 0xF81F, 0xF81F,
    0xF81F, 0xF81F, 0xF81F, 0xF81F, 0xF81F, 0xF81F, 0xF81F, 0xF81F, 0xF81F, 0xF81F, 0xF81F, 0xF81F, 0xF81F, 0xF81F, 0xF81F, 0xF81F,
    0xF81F, 0xF81F, 0x4A4B, 0x4A4B, 0xED48, 0xED48, 0x7308, 0x7308, 0x7308, 0x7308, 0x43CF, 0x43CF, 0x6C59, 0x6C59, 0x6C59, 0x6C59,
    0x6C59, 0x6C59, 0x43CF, 0x43CF, 0x7308, 0x7308, 0x7308, 0x7308, 0x7308, 0x7308, 0xED48, 0xED48, 0x7308, 0x7308, 0x528D, 0x528D,
    0xDB4C, 0xDB4C, 0xC248, 0xC248, 0xC248, 0xC248, 0xC248, 0xC248, 0xDB4C, 0xDB4C, 0x528D, 0x528D, 0xF81F, 0xF81F, 0xF81F, 0xF81F,
    0xF81F, 0xF81F, 0xF81F, 0xF81F, 0xF81F, 0xF81F, 0xF81F, 0xF81F, 0xF81F, 0xF81F, 0xF81F, 0xF81F, 0xF81F, 0xF81F, 0xF81F, 0xF81F,
    0xF81F, 0xF81F, 0xF81F, 0xF81F, 0xF81F, 0xF81F, 0xF81F, 0xF81F, 0xF81F, 0xF81F, 0xF81F, 0xF81F, 0xF81F, 0xF81F, 0xF81F, 0xF81F,
    0xF81F, 0xF81F, 0xF81F, 0xF81F, 0xF81F, 0xF81F, 0x528D, 0x528D, 0xC248, 0xC248, 0xC248, 0xC248, 0xC248, 0xC248, 0x528D, 0x528D,
    0xF81F, 0xF81F, 0x7308, 0x7308, 0xED48, 0xED48, 0xED48, 0xED48, 0xED48, 0xED48, 0xED48, 0xED48, 0xED48, 0xED48, 0x43CF, 0x43CF,
    0x43CF, 0x43CF, 0x43CF, 0x43CF, 0xED48, 0xED48, 0xED48, 0xED48, 0xED48, 0xED48, 0xED48, 0xED48, 0x4A4B, 0x4A4B, 0xF81F, 0xF81F,
    0xF81F, 0xF81F, 0xF81F, 0xF81F, 0xF81F, 0xF81F, 0xF81F, 0xF81F, 0xF81F, 0xF81F, 0xF81F, 0xF81F, 0xF81F, 0xF81F, 0xF81F, 0xF81F,
    0xF81F, 0xF81F, 0xF81F, 0xF81F, 0xF81F, 0xF81F, 0xF81F, 0xF81F, 0xF81F, 0xF81F, 0xF81F, 0xF81F, 0xF81F, 0xF81F, 0xF81F, 0xF81F,
    0xF81F, 0xF81F, 0x4A4B, 0x4A4B, 0xED48, 0xED48, 0xED48, 0xED48, 0xED48, 0xED48, 0xED48, 0xED48, 0x43CF, 0x43CF, 0x43CF, 0x43CF,
    0x43CF, 0x43CF, 0xED48, 0xED48, 0xED48, 0xED48, 0xED48, 0xED48, 0xED48, 0xED48, 0xED48, 0xED48, 0x7308, 0x7308, 0xF81F, 0xF81F,
    0x528D, 0x528D, 0xC248, 0xC248, 0xC248, 0xC248, 0xC248, 0xC248, 0x528D, 0x528D, 0xF81F, 0xF81F, 0xF81F, 0xF81F, 0xF81F, 0xF81F,
    0xF81F, 0xF81F, 0xF81F, 0xF81F, 0xF81F, 0xF81F, 0xF81F, 0xF81F, 0xF81F, 0xF81F, 0xF81F, 0xF81F, 0xF81F, 0xF81F, 0xF81F, 0xF81F,
    0xF81F, 0xF81F, 0xF81F, 0xF81F, 0xF81F, 0xF81F, 0xF81F, 0xF81F, 0xF81F, 0xF81F, 0xF81F, 0xF81F, 0xF81F, 0xF81F, 0xF81F, 0xF81F,
    0xF81F, 0xF81F, 0xF81F, 0xF81F, 0xF81F, 0xF81F, 0x528D, 0x528D, 0xC248, 0xC248, 0xC248, 0xC248, 0xC248, 0xC248, 0x528D, 0x528D,
    0xF81F, 0xF81F, 0x7308, 0x7308, 0xED48, 0xED48, 0xED48, 0xED48, 0xED48, 0xED48, 0xED48, 0xED48, 0xED48, 0xED48, 0x43CF, 0x43CF,
    0x43CF, 0x43CF, 0x43CF, 0x43CF, 0xED48, 0xED48, 0xED48, 0xED48, 0xED48, 0xED48, 0xED48, 0xED48, 0x4A4B, 0x4A4B, 0xF81F, 0xF81F,
    0xF81F, 0xF81F, 0xF81F, 0xF81F, 0xF81F, 0xF81F, 0xF81F, 0xF81F, 0xF81F, 0xF81F, 0xF81F, 0xF81F, 0xF81F, 0xF81F, 0xF81F, 0xF81F,
    0xF81F, 0xF81F, 0xF81F, 0xF81F, 0xF81F, 0xF81F, 0xF81F, 0xF81F, 0xF81F, 0xF81F, 0xF81F, 0xF81F, 0xF81F, 0xF81F, 0xF81F, 0xF81F,
    0xF81F, 0xF81F, 0x4A4B, 0x4A4B, 0xED48, 0xED48, 0xED48, 0xED48, 0xED48, 0xED48, 0xED48, 0xED48, 0x43CF, 0x43CF, 0x43CF, 0x43CF,
    0x43CF, 0x43CF, 0xED48, 0xED48, 0xED48, 0xED48, 0xED48, 0xED48, 0xED48, 0xED48, 0xED48, 0xED48, 0x7308, 0x7308, 0xF81F, 0xF81F,
    0x528D, 0x528D, 0xC248, 0xC248, 0xC248, 0xC248, 0xC248, 0xC248, 0x528D, 0x528D, 0xF81F, 0xF81F, 0xF81F, 0xF81F, 0xF81F, 0xF81F,
    0xF81F, 0xF81F, 0xF81F, 0xF81F, 0xF81F, 0xF81F, 0xF81F, 0xF81F, 0xF81F, 0xF81F, 0xF81F, 0xF81F, 0xF81F, 0xF81F, 0xF81F, 0xF81F,
    0xF81F, 0xF81F, 0xF81F, 0xF81F, 0xF81F, 0xF81F, 0xF81F, 0xF81F, 0xF81F, 0xF81F, 0xF81F, 0xF81F, 0xF81F, 0xF81F, 0xF81F, 0xF81F,
    0xF81F, 0xF81F, 0xF81F, 0xF81F, 0xF81F, 0xF81F, 0xF81F, 0xF81F, 0x528D, 0x528D, 0x528D, 0x528D, 0x528D, 0x528D, 0xF81F, 0xF81F,
    0xF81F, 0xF81F, 0x4A4B, 0x4A4B, 0x7308, 0x7308, 0x7308, 0x7308, 0x7308, 0x7308, 0x7308, 0x7308, 0x7308, 0x7308, 0x7308, 0x7308,
    0x7308, 0x7308, 0x7308, 0x7308, 0x7308, 0x7308, 0x7308, 0x7308, 0x7308, 0x7308, 0x7308, 0x7308, 0x4A4B, 0x4A4B, 0xF81F, 0xF81F,
    0xF81F, 0xF81F, 0xF81F, 0xF81F, 0xF81F, 0xF81F, 0xF81F, 0xF81F, 0xF81F, 0xF81F, 0xF81F, 0xF81F, 0xF81F, 0xF81F, 0xF81F, 0xF81F,
    0xF81F, 0xF81F, 0xF81F, 0xF81F, 0xF81F, 0xF81F, 0xF81F, 0xF81F, 0xF81F, 0xF81F, 0xF81F, 0xF81F, 0xF81F, 0xF81F, 0xF81F, 0xF81F,
    0xF81F, 0xF81F, 0x4A4B, 0x4A4B, 0x7308, 0x7308, 0x7308, 0x7308, 0x7308, 0x7308, 0x7308, 0x7308, 0x7308, 0x7308, 0x7308, 0x7308,
    0x7308, 0x7308, 0x7308, 0x7308, 0x7308, 0x7308, 0x7308, 0x7308, 0x7308, 0x7308, 0x7308, 0x7308, 0x4A4B, 0x4A4B, 0xF81F, 0xF81F,
    0xF81F, 0xF81F, 0x528D, 0x528D, 0x528D, 0x528D, 0x528D, 0x528D, 0xF81F, 0xF81F, 0xF81F, 0xF81F, 0xF81F, 0xF81F, 0xF81F, 0xF81F,
    0xF81F, 0xF81F, 0xF81F, 0xF81F, 0xF81F, 0xF81F, 0xF81F, 0xF81F, 0xF81F, 0xF81F, 0xF81F, 0xF81F, 0xF81F, 0xF81F, 0xF81F, 0xF81F,
    0xF81F, 0xF81F, 0xF81F, 0xF81F, 0xF81F, 0xF81F, 0xF81F, 0xF81F, 0xF81F, 0xF81F, 0xF81F, 0xF81F, 0xF81F, 0xF81F, 0xF81F, 0xF81F,
    0xF81F, 0xF81F, 0xF81F, 0xF81F, 0xF81F, 0xF81F, 0xF81F, 0xF81F, 0x528D, 0x528D, 0x528D, 0x528D, 0x528D, 0x528D, 0xF81F, 0xF81F,
    0xF81F, 0xF81F, 0x4A4B, 0x4A4B, 0x7308, 0x7308, 0x7308, 0x7308, 0x7308, 0x7308, 0x7308, 0x7308, 0x7308, 0x7308, 0x7308, 0x7308,
    0x7308, 0x7308, 0x7308, 0x7308, 0x7308, 0x7308, 0x7308, 0x7308, 0x7308, 0x7308, 0x7308, 0x7308, 0x4A4B, 0x4A4B, 0xF81F, 0xF81F,
    0xF81F, 0xF81F, 0xF81F, 0xF81F, 0xF81F, 0xF81F, 0xF81F, 0xF81F, 0xF81F, 0xF81F, 0xF81F, 0xF81F, 0xF81F, 0xF81F, 0xF81F, 0xF81F,
    0xF81F, 0xF81F, 0xF81F, 0xF81F, 0xF81F, 0xF81F, 0xF81F, 0xF81F, 0xF81F, 0xF81F, 0xF81F, 0xF81F, 0xF81F, 0xF81F, 0xF81F, 0xF81F,
    0xF81F, 0xF81F, 0x4A4B, 0x4A4B, 0x7308, 0x7308, 0x7308, 0x7308, 0x7308, 0x7308, 0x7308, 0x7308, 0x7308, 0x7308, 0x7308, 0x7308,
    0x7308, 0x7308, 0x7308, 0x7308, 0x7308, 0x7308, 0x7308, 0x7308, 0x7308, 0x7308, 0x7308, 0x7308, 0x4A4B, 0x4A4B, 0xF81F, 0xF81F,
    0xF81F, 0xF81F, 0x528D, 0x528D, 0x528D, 0x528D, 0x528D, 0x528D, 0xF81F, 0xF81F, 0xF81F, 0xF81F, 0xF81F, 0xF81F, 0xF81F, 0xF81F,
    0xF81F, 0xF81F, 0xF81F, 0xF81F, 0xF81F, 0xF81F, 0xF81F, 0xF81F, 0xF81F, 0xF81F, 0xF81F, 0xF81F, 0xF81F, 0xF81F, 0xF81F, 0xF81F,
    0xF81F, 0xF81F, 0xF81F, 0xF81F, 0xF81F, 0xF81F, 0xF81F, 0xF81F, 0xF81F, 0xF81F, 0xF81F, 0xF81F, 0xF81F, 0xF81F, 0xF81F, 0xF81F,
    0xF81F, 0xF81F, 0xF81F, 0xF81F, 0xF81F, 0xF81F, 0xF81F, 0xF81F, 0xF81F, 0xF81F, 0xF81F, 0xF81F, 0xF81F, 0xF81F, 0xF81F, 0xF81F,
    0xF81F, 0xF81F, 0x4A4B, 0x4A4B, 0x93C8, 0x93C8, 0x93C8, 0x93C8, 0x93C8, 0x93C8, 0x93C8, 0x93C8, 0x93C8, 0x93C8, 0x93C8, 0x93C8,
    0x93C8, 0x93C8, 0x93C8, 0x93C8, 0x93C8, 0x93C8, 0x93C8, 0x93C8, 0x93C8, 0x93C8, 0x93C8, 0x93C8, 0x4A4B, 0x4A4B, 0xF81F, 0xF81F,
    0xF81F, 0xF81F, 0xF81F, 0xF81F, 0xF81F, 0xF81F, 0xF81F, 0xF81F, 0xF81F, 0xF81F, 0xF81F, 0xF81F, 0xF81F, 0xF81F, 0xF81F, 0xF81F,
    0xF81F, 0xF81F, 0xF81F, 0xF81F, 0xF81F, 0xF81F, 0xF81F, 0xF81F, 0xF81F, 0xF81F, 0xF81F, 0xF81F, 0xF81F, 0xF81F, 0xF81F, 0xF81F,
    0xF81F, 0xF81F, 0x4A4B, 0x4A4B, 0x93C8, 0x93C8, 0x93C8, 0x93C8, 0x93C8, 0x93C8, 0x93C8, 0x93C8, 0x93C8, 0x93C8, 0x93C8, 0x93C8,
    0x93C8, 0x93C8, 0x93C8, 0x93C8, 0x93C8, 0x93C8, 0x93C8, 0x93C8, 0x93C8, 0x93C8, 0x93C8, 0x93C8, 0x4A4B, 0x4A4B, 0xF81F, 0xF81F,
    0xF81F, 0xF81F, 0xF81F, 0xF81F, 0xF81F, 0xF81F, 0xF81F, 0xF81F, 0xF81F, 0xF81F, 0xF81F, 0xF81F, 0xF81F, 0xF81F, 0xF81F, 0xF81F,
    0xF81F, 0xF81F, 0xF81F, 0xF81F, 0xF81F, 0xF81F, 0xF81F, 0xF81F, 0xF81F, 0xF81F, 0xF81F, 0xF81F, 0xF81F, 0xF81F, 0xF81F, 0xF81F,
    0xF81F, 0xF81F, 0xF81F, 0xF81F, 0xF81F, 0xF81F, 0xF81F, 0xF81F, 0xF81F, 0xF81F, 0xF81F, 0xF81F, 0xF81F, 0xF81F, 0xF81F, 0xF81F,
    0xF81F, 0xF81F, 0xF81F, 0xF81F, 0xF81F, 0xF81F, 0xF81F, 0xF81F, 0xF81F, 0xF81F, 0xF81F, 0xF81F, 0xF81F, 0xF81F, 0xF81F, 0xF81F,
    0xF81F, 0xF81F, 0x4A4B, 0x4A4B, 0x93C8, 0x93C8, 0x93C8, 0x93C8, 0x93C8, 0x93C8, 0x93C8, 0x93C8, 0x93C8, 0x93C8, 0x93C8, 0x93C8,
    0x93C8, 0x93C8, 0x93C8, 0x93C8, 0x93C8, 0x93C8, 0x93C8, 0x93C8, 0x93C8, 0x93C8, 0x93C8, 0x93C8, 0x4A4B, 0x4A4B, 0xF81F, 0xF81F,
    0xF81F, 0xF81F, 0xF81F, 0xF81F, 0xF81F, 0xF81F, 0xF81F, 0xF81F, 0xF81F, 0xF81F, 0xF81F, 0xF81F, 0xF81F, 0xF81F, 0xF81F, 0xF81F,
    0xF81F, 0xF81F, 0xF81F, 0xF81F, 0xF81F, 0xF81F, 0xF81F, 0xF81F, 0xF81F, 0xF81F, 0xF81F, 0xF81F, 0xF81F, 0xF81F, 0xF81F, 0xF81F,
    0xF81F, 0xF81F, 0x4A4B, 0x4A4B, 0x93C8, 0x93C8, 0x93C8, 0x93C8, 0x93C8, 0x93C8, 0x93C8, 0x93C8, 0x93C8, 0x93C8, 0x93C8, 0x93C8,
    0x93C8, 0x93C8, 0x93C8, 0x93C8, 0x93C8, 0x93C8, 0x93C8, 0x93C8, 0x93C8, 0x93C8, 0x93C8, 0x93C8, 0x4A4B, 0x4A4B, 0xF81F, 0xF81F,
    0xF81F, 0xF81F, 0xF81F, 0xF81F, 0xF81F, 0xF81F, 0xF81F, 0xF81F, 0xF81F, 0xF81F, 0xF81F, 0xF81F, 0xF81F, 0xF81F, 0xF81F, 0xF81F,
    0xF81F, 0xF81F, 0xF81F, 0xF81F, 0xF81F, 0xF81F, 0xF81F, 0xF81F, 0xF81F, 0xF81F, 0xF81F, 0xF81F, 0xF81F, 0xF81F, 0xF81F, 0xF81F,
    0xF81F, 0xF81F, 0xF81F, 0xF81F, 0xF81F, 0xF81F, 0xF81F, 0xF81F, 0xF81F, 0xF81F, 0xF81F, 0xF81F, 0xF81F, 0xF81F, 0xF81F, 0xF81F,
    0xF81F, 0xF81F, 0xF81F, 0xF81F, 0xF81F, 0xF81F, 0xF81F, 0xF81F, 0xF81F, 0xF81F, 0xF81F, 0xF81F, 0xF81F, 0xF81F, 0xF81F, 0xF81F,
    0xF81F, 0xF81F, 0xF81F, 0xF81F, 0x4A4B, 0x4A4B, 0x4A4B, 0x4A4B, 0x4A4B, 0x4A4B, 0x4A4B, 0x4A4B, 0x4A4B, 0x4A4B, 0x4A4B, 0x4A4B,
    0x4A4B, 0x4A4B, 0x4A4B, 0x4A4B, 0x4A4B, 0x4A4B, 0x4A4B, 0x4A4B, 0x4A4B, 0x4A4B, 0x4A4B, 0x4A4B, 0x7BD0, 0x7BD0, 0xF81F, 0xF81F,
    0xF81F, 0xF81F, 0xF81F, 0xF81F, 0xF81F, 0xF81F, 0xF81F, 0xF81F, 0xF81F, 0xF81F, 0xF81F, 0xF81F, 0xF81F, 0xF81F, 0xF81F, 0xF81F,
    0xF81F, 0xF81F, 0xF81F, 0xF81F, 0xF81F, 0xF81F, 0xF81F, 0xF81F, 0xF81F, 0xF81F, 0xF81F, 0xF81F, 0xF81F, 0xF81F, 0xF81F, 0xF81F,
    0xF81F, 0xF81F, 0x7BD0, 0x7BD0, 0x4A4B, 0x4A4B, 0x4A4B, 0x4A4B, 0x4A4B, 0x4A4B, 0x4A4B, 0x4A4B, 0x4A4B, 0x4A4B, 0x4A4B, 0x4A4B,
    0x4A4B, 0x4A4B, 0x4A4B, 0x4A4B, 0x4A4B, 0x4A4B, 0x4A4B, 0x4A4B, 0x4A4B, 0x4A4B, 0x4A4B, 0x4A4B, 0xF81F, 0xF81F, 0xF81F, 0xF81F,
    0xF81F, 0xF81F, 0xF81F, 0xF81F, 0xF81F, 0xF81F, 0xF81F, 0xF81F, 0xF81F, 0xF81F, 0xF81F, 0xF81F, 0xF81F, 0xF81F, 0xF81F, 0xF81F,
    0xF81F, 0xF81F, 0xF81F, 0xF81F, 0xF81F, 0xF81F, 0xF81F, 0xF81F, 0xF81F, 0xF81F, 0xF81F, 0xF81F, 0xF81F, 0xF81F, 0xF81F, 0xF81F,
    0xF81F, 0xF81F, 0xF81F, 0xF81F, 0xF81F, 0xF81F, 0xF81F, 0xF81F, 0xF81F, 0xF81F, 0xF81F, 0xF81F, 0xF81F, 0xF81F, 0xF81F, 0xF81F,
    0xF81F, 0xF81F, 0xF81F, 0xF81F, 0xF81F, 0xF81F, 0xF81F, 0xF81F, 0xF81F, 0xF81F, 0xF81F, 0xF81F, 0xF81F, 0xF81F, 0xF81F, 0xF81F,
    0xF81F, 0xF81F, 0xF81F, 0xF81F, 0x4A4B, 0x4A4B, 0x4A4B, 0x4A4B, 0x4A4B, 0x4A4B, 0x4A4B, 0x4A4B, 0x4A4B, 0x4A4B, 0x4A4B, 0x4A4B,
    0x4A4B, 0x4A4B, 0x4A4B, 0x4A4B, 0x4A4B, 0x4A4B, 0x4A4B, 0x4A4B, 0x4A4B, 0x4A4B, 0x4A4B, 0x4A4B, 0x7BD0, 0x7BD0, 0xF81F, 0xF81F,
    0xF81F, 0xF81F, 0xF81F, 0xF81F, 0xF81F, 0xF81F, 0xF81F, 0xF81F, 0xF81F, 0xF81F, 0xF81F, 0xF81F, 0xF81F, 0xF81F, 0xF81F, 0xF81F,
    0xF81F, 0xF81F, 0xF81F, 0xF81F, 0xF81F, 0xF81F, 0xF81F, 0xF81F, 0xF81F, 0xF81F, 0xF81F, 0xF81F, 0xF81F, 0xF81F, 0xF81F, 0xF81F,
    0xF81F, 0xF81F, 0x7BD0, 0x7BD0, 0x4A4B, 0x4A4B, 0x4A4B, 0x4A4B, 0x4A4B, 0x4A4B, 0x4A4B, 0x4A4B, 0x4A4B, 0x4A4B, 0x4A4B, 0x4A4B,
    0x4A4B, 0x4A4B, 0x4A4B, 0x4A4B, 0x4A4B, 0x4A4B, 0x4A4B, 0x4A4B, 0x4A4B, 0x4A4B, 0x4A4B, 0x4A4B, 0xF81F, 0xF81F, 0xF81F, 0xF81F,
    0xF81F, 0xF81F, 0xF81F, 0xF81F, 0xF81F, 0xF81F, 0xF81F, 0xF81F, 0xF81F, 0xF81F, 0xF81F, 0xF81F, 0xF81F, 0xF81F, 0xF81F, 0xF81F,
    0xF81F, 0xF81F, 0xF81F, 0xF81F, 0xF81F, 0xF81F, 0xF81F, 0xF81F, 0xF81F, 0xF81F, 0xF81F, 0xF81F, 0xF81F, 0xF81F, 0xF81F, 0xF81F,
    0xF81F, 0xF81F, 0xF81F, 0xF81F, 0xF81F, 0xF81F, 0xF81F, 0xF81F, 0xF81F, 0xF81F, 0xF81F, 0xF81F, 0xF81F, 0xF81F, 0xF81F, 0xF81F,
    0xF81F, 0xF81F, 0xF81F, 0xF81F, 0xF81F, 0xF81F, 0xF81F, 0xF81F, 0xF81F, 0xF81F, 0xF81F, 0xF81F, 0xF81F, 0xF81F, 0xF81F, 0xF81F,
    0xF81F, 0xF81F, 0xF81F, 0xF81F, 0xF81F, 0xF81F, 0xF81F, 0xF81F, 0xF81F, 0xF81F, 0xF81F, 0xF81F, 0xF81F, 0xF81F, 0xF81F, 0xF81F,
    0xF81F, 0xF81F, 0xF81F, 0xF81F, 0xF81F, 0xF81F, 0xF81F, 0xF81F, 0xF81F, 0xF81F, 0xF81F, 0xF81F, 0xF81F, 0xF81F, 0xF81F, 0xF81F,
    0xF81F, 0xF81F, 0xF81F, 0xF81F, 0xF81F, 0xF81F, 0xF81F, 0xF81F, 0xF81F, 0xF81F, 0xF81F, 0xF81F, 0xF81F, 0xF81F, 0xF81F, 0xF81F,
    0xF81F, 0xF81F, 0xF81F, 0xF81F, 0xF81F, 0xF81F, 0xF81F, 0xF81F, 0xF81F, 0xF81F, 0xF81F, 0xF81F, 0xF81F, 0xF81F, 0xF81F, 0xF81F,
    0xF81F, 0xF81F, 0xF81F, 0xF81F, 0xF81F, 0xF81F, 0xF81F, 0xF81F, 0xF81F, 0xF81F, 0xF81F, 0xF81F, 0xF81F, 0xF81F, 0xF81F, 0xF81F,
    0xF81F, 0xF81F, 0xF81F, 0xF81F, 0xF81F, 0xF81F, 0xF81F, 0xF81F, 0xF81F, 0xF81F, 0xF81F, 0xF81F, 0xF81F, 0xF81F, 0xF81F, 0xF81F,
    0xF81F, 0xF81F, 0xF81F, 0xF81F, 0xF81F, 0xF81F, 0xF81F, 0xF81F, 0xF81F, 0xF81F, 0xF81F, 0xF81F, 0xF81F, 0xF81F, 0xF81F, 0xF81F,
    0xF81F, 0xF81F, 0xF81F, 0xF81F, 0xF81F, 0xF81F, 0xF81F, 0xF81F, 0xF81F, 0xF81F, 0xF81F, 0xF81F, 0xF81F, 0xF81F, 0xF81F, 0xF81F,
    0xF81F, 0xF81F, 0xF81F, 0xF81F, 0xF81F, 0xF81F, 0xF81F, 0xF81F, 0xF81F, 0xF81F, 0xF81F, 0xF81F, 0xF81F, 0xF81F, 0xF81F, 0xF81F,
    0xF81F, 0xF81F, 0xF81F, 0xF81F, 0xF81F, 0xF81F, 0xF81F, 0xF81F, 0xF81F, 0xF81F, 0xF81F, 0xF81F, 0xF81F, 0xF81F, 0xF81F, 0xF81F,
    0xF81F, 0xF81F, 0xF81F, 0xF81F, 0xF81F, 0xF81F, 0xF81F, 0xF81F, 0xF81F, 0xF81F, 0xF81F, 0xF81F, 0xF81F, 0xF81F, 0xF81F, 0xF81F,
    0xF81F, 0xF81F, 0xF81F, 0xF81F, 0xF81F, 0xF81F, 0xF81F, 0xF81F, 0xF81F, 0xF81F, 0xF81F, 0xF81F, 0xF81F, 0xF81F, 0xF81F, 0xF81F,
    0xF81F, 0xF81F, 0xF81F, 0xF81F, 0xF81F, 0xF81F, 0xF81F, 0xF81F, 0xF81F, 0xF81F, 0xF81F, 0xF81F, 0xF81F, 0xF81F, 0xF81F, 0xF81F,
    0xF81F, 0xF81F, 0xF81F, 0xF81F, 0xF81F, 0xF81F, 0xF81F, 0xF81F, 0xF81F, 0xF81F, 0xF81F, 0xF81F, 0xF81F, 0xF81F, 0xF81F, 0xF81F,
    0xF81F, 0xF81F, 0xF81F, 0xF81F, 0xF81F, 0xF81F, 0xF81F, 0xF81F, 0xF81F, 0xF81F, 0xF81F, 0xF81F, 0xF81F, 0xF81F, 0xF81F, 0xF81F,
    0xF81F, 0xF81F, 0xF81F, 0xF81F, 0xF81F, 0xF81F, 0xF81F, 0xF81F, 0xF81F, 0xF81F, 0xF81F, 0xF81F, 0xF81F, 0xF81F, 0xF81F, 0xF81F,
    0xF81F, 0xF81F, 0xF81F, 0xF81F, 0xF81F, 0xF81F, 0xF81F, 0xF81F, 0xF81F, 0xF81F, 0xF81F, 0xF81F, 0xF81F, 0xF81F, 0xF81F, 0xF81F,
    0xF81F, 0xF81F, 0xF81F, 0xF81F, 0xF81F, 0xF81F, 0xF81F, 0xF81F, 0xF81F, 0xF81F, 0xF81F, 0xF81F, 0xF81F, 0xF81F, 0xF81F, 0xF81F
};

const unsigned short pokeBuildingInteriorSprite[NEW_POKEMART_IDEA_POKE_BUILDING_INTERIOR_WIDTH * NEW_POKEMART_IDEA_POKE_BUILDING_INTERIOR_HEIGHT] = {
    0x0000, 0x0000, 0x0000, 0x0000, 0x0000, 0x0000, 0x0000, 0x0000, 0x0000, 0x0000, 0x0000, 0x0000, 0x0000, 0x0000, 0x0000, 0x0000,
    0x0000, 0x0000, 0x0000, 0x0000, 0x0000, 0x0000, 0x0000, 0x0000, 0x0000, 0x0000, 0x0000, 0x0000, 0x0000, 0x0000, 0x0000, 0x0000,
    0x0000, 0x0000, 0x0000, 0x0000, 0x0000, 0x0000, 0x0000, 0x0000, 0x0000, 0x0000, 0x0000, 0x0000, 0x0000, 0x0000, 0x0000, 0x0000,
    0x0000, 0x0000, 0x0000, 0x0000, 0x0000, 0x0000, 0x0000, 0x0000, 0x0000, 0x0000, 0x0000, 0x0000, 0x0000, 0x0000, 0x0000, 0x0000,
    0x0000, 0x0000, 0x0000, 0x0000, 0x0000, 0x0000, 0x0000, 0x0000, 0x0000, 0x0000, 0x0000, 0x0000, 0x0000, 0x0000, 0x0000, 0x0000,
    0x0000, 0x0000, 0x0000, 0x0000, 0x0000, 0x0000, 0x0000, 0x0000, 0x0000, 0x0000, 0x0000, 0x0000, 0x0000, 0x0000, 0x0000, 0x0000,
    0x0000, 0x0000, 0x0000, 0x0000, 0x0000, 0x0000, 0x0000, 0x0000, 0x0000, 0x0000, 0x0000, 0x0000, 0x0000, 0x0000, 0x0000, 0x0000,
    0x0000, 0x0000, 0x0000, 0x0000, 0x0000, 0x0000, 0x0000, 0x0000, 0x0000, 0x0000, 0x0000, 0x0000, 0x0000, 0x0000, 0x0000, 0x0000,
    0x0000, 0x0000, 0x0000, 0x0000, 0x0000, 0x0000, 0x0000, 0x0000, 0x0000, 0x0000, 0x0000, 0x0000, 0x0000, 0x0000, 0x0000, 0x0000,
    0x0000, 0x0000, 0x0000, 0x0000, 0x0000, 0x0000, 0x0000, 0x0000, 0x0000, 0x0000, 0x0000, 0x0000, 0x0000, 0x0000, 0x0000, 0x0000,
    0x0000, 0x0000, 0x0000, 0x0000, 0x0000, 0x0000, 0x0000, 0x0000, 0x0000, 0x0000, 0x0000, 0x0000, 0x0000, 0x0000, 0x0000, 0x0000,
    0x0000, 0x0000, 0x0000, 0x0000, 0x0000, 0x0000, 0x0000, 0x0000, 0x0000, 0x0000, 0x0000, 0x0000, 0x0000, 0x0000, 0x0000, 0x0000,
    0x0000, 0x0000, 0x0000, 0x0000, 0x0000, 0x0000, 0x0000, 0x0000, 0x0000, 0x0000, 0x0000, 0x0000, 0x0000, 0x0000, 0x0000, 0x0000,
    0x0000, 0x0000, 0x0000, 0x0000, 0x0000, 0x0000, 0x0000, 0x0000, 0x0000, 0x0000, 0x0000, 0x0000, 0x0000, 0x0000, 0x0000, 0x0000,
    0x0000, 0x0000, 0x0000, 0x0000, 0x0000, 0x0000, 0x0000, 0x0000, 0x0000, 0x0000, 0x0000, 0x0000, 0x0000, 0x0000, 0x0000, 0x0000,
    0x0000, 0x0000, 0x0000, 0x0000, 0x0000, 0x0000, 0x0000, 0x0000, 0x0000, 0x0000, 0x0000, 0x0000, 0x0000, 0x0000, 0x0000, 0x0000,
    0x0000, 0x0000, 0x0000, 0x0000, 0x0000, 0x0000, 0x0000, 0x0000, 0x0000, 0x0000, 0x0000, 0x0000, 0x0000, 0x0000, 0x0000, 0x0000,
    0x0000, 0x0000, 0x0000, 0x0000, 0x0000, 0x0000, 0x0000, 0x0000, 0x0000, 0x0000, 0x0000, 0x0000, 0x0000, 0x0000, 0x0000, 0x0000,
    0x0000, 0x0000, 0x0000, 0x0000, 0x0000, 0x0000, 0x0000, 0x0000, 0x0000, 0x0000, 0x0000, 0x0000, 0x0000, 0x0000, 0x0000, 0x0000,
    0x0000, 0x0000, 0x0000, 0x0000, 0x0000, 0x0000, 0x0000, 0x0000, 0x0000, 0x0000, 0x0000, 0x0000, 0x0000, 0x0000, 0x0000, 0x0000,
    0x0000, 0x0000, 0x0000, 0x0000, 0x0000, 0x0000, 0x0000, 0x0000, 0x0000, 0x0000, 0x0000, 0x0000, 0x0000, 0x0000, 0x0000, 0x0000,
    0x0000, 0x0000, 0x0000, 0x0000, 0x0000, 0x0000, 0x0000, 0x0000, 0x0000, 0x0000, 0x0000, 0x0000, 0x0000, 0x0000, 0x0000, 0x0000,
    0x0000, 0x0000, 0x0000, 0x0000, 0x0000, 0x0000, 0x0000, 0x0000, 0x0000, 0x0000, 0x0000, 0x0000, 0x0000, 0x0000, 0x0000, 0x0000,
    0x0000, 0x0000, 0x0000, 0x0000, 0x0000, 0x0000, 0x0000, 0x0000, 0x0000, 0x0000, 0x0000, 0x0000, 0x0000, 0x0000, 0x0000, 0x0000,
    0x0000, 0x0000, 0x0000, 0x0000, 0x0000, 0x0000, 0x0000, 0x0000, 0x0000, 0x0000, 0x0000, 0x0000, 0x0000, 0x0000, 0x0000, 0x0000,
    0x0000, 0x0000, 0x0000, 0x0000, 0x0000, 0x0000, 0x0000, 0x0000, 0x0000, 0x0000, 0x0000, 0x0000, 0x0000, 0x0000, 0x0000, 0x0000,
    0x0000, 0x0000, 0x0000, 0x0000, 0x0000, 0x0000, 0x0000, 0x0000, 0x0000, 0x0000, 0x0000, 0x0000, 0x0000, 0x0000, 0x0000, 0x0000,
    0x0000, 0x0000, 0x0000, 0x0000, 0x0000, 0x0000, 0x0000, 0x0000, 0x0000, 0x0000, 0x0000, 0x0000, 0x0000, 0x0000, 0x0000, 0x0000,
    0x0000, 0x0000, 0x0000, 0x0000, 0x0000, 0x0000, 0x0000, 0x0000, 0x0000, 0x0000, 0x0000, 0x0000, 0x0000, 0x0000, 0x0000, 0x0000,
    0x0000, 0x0000, 0x0000, 0x0000, 0x0000, 0x0000, 0x0000, 0x0000, 0x0000, 0x0000, 0x0000, 0x0000, 0x0000, 0x0000, 0x0000, 0x0000,
    0x0000, 0x0000, 0x0000, 0x0000, 0x0000, 0x0000, 0x0000, 0x0000, 0x0000, 0x0000, 0x0000, 0x0000, 0x0000, 0x0000, 0x0000, 0x0000,
    0x0000, 0x0000, 0x0000, 0x0000, 0x0000, 0x0000, 0x0000, 0x0000, 0x0000, 0x0000, 0x0000, 0x0000, 0x0000, 0x0000, 0x0000, 0x0000,
    0x0000, 0x0000, 0x0000, 0x0000, 0x0000, 0x0000, 0x0000, 0x0000, 0x0000, 0x0000, 0x0000, 0x0000, 0x0000, 0x0000, 0x0000, 0x0000,
    0x0000, 0x0000, 0x0000, 0x0000, 0x0000, 0x0000, 0x0000, 0x0000, 0x0000, 0x0000, 0x0000, 0x0000, 0x0000, 0x0000, 0x0000, 0x0000,
    0x0000, 0x0000, 0x0000, 0x0000, 0x0000, 0x0000, 0x0000, 0x0000, 0x0000, 0x0000, 0x0000, 0x0000, 0x0000, 0x0000, 0x0000, 0x0000,
    0x0000, 0x0000, 0x0000, 0x0000, 0x0000, 0x0000, 0x0000, 0x0000, 0x0000, 0x0000, 0x0000, 0x0000, 0x0000, 0x0000, 0x0000, 0x0000,
    0x0000, 0x0000, 0x0000, 0x0000, 0x0000, 0x0000, 0x0000, 0x0000, 0x0000, 0x0000, 0x0000, 0x0000, 0x0000, 0x0000, 0x0000, 0x0000,
    0x0000, 0x0000, 0x0000, 0x0000, 0x0000, 0x0000, 0x0000, 0x0000, 0x0000, 0x0000, 0x0000, 0x0000, 0x0000, 0x0000, 0x0000, 0x0000,
    0x0000, 0x0000, 0x0000, 0x0000, 0x0000, 0x0000, 0x0000, 0x0000, 0x0000, 0x0000, 0x0000, 0x0000, 0x0000, 0x0000, 0x0000, 0x0000,
    0x0000, 0x0000, 0x0000, 0x0000, 0x0000, 0x0000, 0x0000, 0x0000, 0x0000, 0x0000, 0x0000, 0x0000, 0x0000, 0x0000, 0x0000, 0x0000,
    0x0000, 0x0000, 0x0000, 0x0000, 0x0000, 0x0000, 0x0000, 0x0000, 0x0000, 0x0000, 0x0000, 0x0000, 0x0000, 0x0000, 0x0000, 0x0000,
    0x0000, 0x0000, 0x0000, 0x0000, 0x0000, 0x0000, 0x0000, 0x0000, 0x0000, 0x0000, 0x0000, 0x0000, 0x0000, 0x0000, 0x0000, 0x0000,
    0x0000, 0x0000, 0x0000, 0x0000, 0x0000, 0x0000, 0x0000, 0x0000, 0x0000, 0x0000, 0x0000, 0x0000, 0x0000, 0x0000, 0x0000, 0x0000,
    0x0000, 0x0000, 0x0000, 0x0000, 0x0000, 0x0000, 0x0000, 0x0000, 0x0000, 0x0000, 0x0000, 0x0000, 0x0000, 0x0000, 0x0000, 0x0000,
    0x0000, 0x0000, 0x0000, 0x0000, 0x0000, 0x0000, 0x0000, 0x0000, 0x0000, 0x0000, 0x0000, 0x0000, 0x0000, 0x0000, 0x0000, 0x0000,
    0x0000, 0x0000, 0x0000, 0x0000, 0x0000, 0x0000, 0x0000, 0x0000, 0x0000, 0x0000, 0x0000, 0x0000, 0x0000, 0x0000, 0x0000, 0x0000,
    0x0000, 0x0000, 0x0000, 0x0000, 0x0000, 0x0000, 0x0000, 0x0000, 0x0000, 0x0000, 0x0000, 0x0000, 0x0000, 0x0000, 0x0000, 0x0000,
    0x0000, 0x0000, 0x0000, 0x0000, 0x0000, 0x0000, 0x0000, 0x0000, 0x0000, 0x0000, 0x0000, 0x0000, 0x0000, 0x0000, 0x0000, 0x0000,
    0x0000, 0x0000, 0x0000, 0x0000, 0x0000, 0x0000, 0x0000, 0x0000, 0x0000, 0x0000, 0x0000, 0x0000, 0x0000, 0x0000, 0x0000, 0x0000,
    0x0000, 0x0000, 0x0000, 0x0000, 0x0000, 0x0000, 0x0000, 0x0000, 0x0000, 0x0000, 0x0000, 0x0000, 0x0000, 0x0000, 0x0000, 0x0000,
    0x0000, 0x0000, 0x0000, 0x0000, 0x0000, 0x0000, 0x0000, 0x0000, 0x0000, 0x0000, 0x0000, 0x0000, 0x0000, 0x0000, 0x0000, 0x0000,
    0x0000, 0x0000, 0x0000, 0x0000, 0x0000, 0x0000, 0x0000, 0x0000, 0x0000, 0x0000, 0x0000, 0x0000, 0x0000, 0x0000, 0x0000, 0x0000,
    0x0000, 0x0000, 0x0000, 0x0000, 0x0000, 0x0000, 0x0000, 0x0000, 0x0000, 0x0000, 0x0000, 0x0000, 0x0000, 0x0000, 0x0000, 0x0000,
    0x0000, 0x0000, 0x0000, 0x0000, 0x0000, 0x0000, 0x0000, 0x0000, 0x0000, 0x0000, 0x0000, 0x0000, 0x0000, 0x0000, 0x0000, 0x0000,
    0x0000, 0x0000, 0x0000, 0x0000, 0x0000, 0x0000, 0x0000, 0x0000, 0x0000, 0x0000, 0x0000, 0x0000, 0x0000, 0x0000, 0x0000, 0x0000,
    0x0000, 0x0000, 0x0000, 0x0000, 0x0000, 0x0000, 0x0000, 0x0000, 0x0000, 0x0000, 0x0000, 0x0000, 0x0000, 0x0000, 0x0000, 0x0000,
    0x0000, 0x0000, 0x0000, 0x0000, 0x0000, 0x0000, 0x0000, 0x0000, 0x0000, 0x0000, 0x0000, 0x0000, 0x0000, 0x0000, 0x0000, 0x0000,
    0x0000, 0x0000, 0x0000, 0x0000, 0x0000, 0x0000, 0x0000, 0x0000, 0x0000, 0x0000, 0x0000, 0x0000, 0x0000, 0x0000, 0x0000, 0x0000,
    0x0000, 0x0000, 0x0000, 0x0000, 0x0000, 0x0000, 0x0000, 0x0000, 0x0000, 0x0000, 0x0000, 0x0000, 0x0000, 0x0000, 0x0000, 0x0000,
    0x0000, 0x0000, 0x0000, 0x0000, 0x0000, 0x0000, 0x0000, 0x0000, 0x0000, 0x0000, 0x0000, 0x0000, 0x0000, 0x0000, 0x0000, 0x0000,
    0x0000, 0x0000, 0x0000, 0x0000, 0x0000, 0x0000, 0x0000, 0x0000, 0x0000, 0x0000, 0x0000, 0x0000, 0x0000, 0x0000, 0x0000, 0x0000,
    0x0000, 0x0000, 0x0000, 0x0000, 0x0000, 0x0000, 0x0000, 0x0000, 0x0000, 0x0000, 0x0000, 0x0000, 0x0000, 0x0000, 0x0000, 0x0000,
    0x0000, 0x0000, 0x0000, 0x0000, 0x0000, 0x0000, 0x0000, 0x0000, 0x0000, 0x0000, 0x0000, 0x0000, 0x0000, 0x0000, 0x0000, 0x0000,
    0x0000, 0x0000, 0x0000, 0x0000, 0x0000, 0x0000, 0x0000, 0x0000, 0x0000, 0x0000, 0x0000, 0x0000, 0x0000, 0x0000, 0x0000, 0x0000,
    0x0000, 0x0000, 0x0000, 0x0000, 0x0000, 0x0000, 0x0000, 0x0000, 0x0000, 0x0000, 0x0000, 0x0000, 0x0000, 0x0000, 0x0000, 0x0000,
    0x0000, 0x0000, 0x0000, 0x0000, 0x0000, 0x0000, 0x0000, 0x0000, 0x0000, 0x0000, 0x0000, 0x0000, 0x0000, 0x0000, 0x0000, 0x0000,
    0x0000, 0x0000, 0x0000, 0x0000, 0x0000, 0x0000, 0x0000, 0x0000, 0x0000, 0x0000, 0x0000, 0x0000, 0x0000, 0x0000, 0x0000, 0x0000,
    0x0000, 0x0000, 0x0000, 0x0000, 0x0000, 0x0000, 0x0000, 0x0000, 0x0000, 0x0000, 0x0000, 0x0000, 0x0000, 0x0000, 0x0000, 0x0000,
    0x0000, 0x0000, 0x0000, 0x0000, 0x0000, 0x0000, 0x0000, 0x0000, 0x0000, 0x0000, 0x0000, 0x0000, 0x0000, 0x0000, 0x0000, 0x0000,
    0x0000, 0x0000, 0x0000, 0x0000, 0x0000, 0x0000, 0x0000, 0x0000, 0x0000, 0x0000, 0x0000, 0x0000, 0x0000, 0x0000, 0x0000, 0x0000,
    0x0000, 0x0000, 0x0000, 0x0000, 0x0000, 0x0000, 0x0000, 0x0000, 0x0000, 0x0000, 0x0000, 0x0000, 0x0000, 0x0000, 0x0000, 0x0000,
    0x0000, 0x0000, 0x0000, 0x0000, 0x0000, 0x0000, 0x0000, 0x0000, 0x0000, 0x0000, 0x0000, 0x0000, 0x0000, 0x0000, 0x0000, 0x0000,
    0x0000, 0x0000, 0x0000, 0x0000, 0x0000, 0x0000, 0x0000, 0x0000, 0x0000, 0x0000, 0x0000, 0x0000, 0x0000, 0x0000, 0x0000, 0x0000,
    0x0000, 0x0000, 0x0000, 0x0000, 0x0000, 0x0000, 0x0000, 0x0000, 0x0000, 0x0000, 0x0000, 0x0000, 0x0000, 0x0000, 0x0000, 0x0000,
    0x0000, 0x0000, 0x0000, 0x0000, 0x0000, 0x0000, 0x0000, 0x0000, 0x0000, 0x0000, 0x0000, 0x0000, 0x0000, 0x0000, 0x0000, 0x0000,
    0x0000, 0x0000, 0x0000, 0x0000, 0x0000, 0x0000, 0x0000, 0x0000, 0x0000, 0x0000, 0x0000, 0x0000, 0x0000, 0x0000, 0x0000, 0x0000,
    0x0000, 0x0000, 0x0000, 0x0000, 0x0000, 0x0000, 0x0000, 0x0000, 0x0000, 0x0000, 0x0000, 0x0000, 0x0000, 0x0000, 0x0000, 0x0000,
    0x0000, 0x0000, 0x0000, 0x0000, 0x0000, 0x0000, 0x0000, 0x0000, 0x0000, 0x0000, 0x0000, 0x0000, 0x0000, 0x0000, 0x0000, 0x0000,
    0x0000, 0x0000, 0x0000, 0x0000, 0x0000, 0x0000, 0x0000, 0x0000, 0x0000, 0x0000, 0x0000, 0x0000, 0x0000, 0x0000, 0x0000, 0x0000,
    0x0000, 0x0000, 0x0000, 0x0000, 0x0000, 0x0000, 0x0000, 0x0000, 0x0000, 0x0000, 0x0000, 0x0000, 0x0000, 0x0000, 0x0000, 0x0000,
    0x0000, 0x0000, 0x0000, 0x0000, 0x0000, 0x0000, 0x0000, 0x0000, 0x0000, 0x0000, 0x0000, 0x0000, 0x0000, 0x0000, 0x0000, 0x0000,
    0x0000, 0x0000, 0x0000, 0x0000, 0x0000, 0x0000, 0x0000, 0x0000, 0x0000, 0x0000, 0x0000, 0x0000, 0x0000, 0x0000, 0x0000, 0x0000,
    0x0000, 0x0000, 0x0000, 0x0000, 0x0000, 0x0000, 0x0000, 0x0000, 0x0000, 0x0000, 0x0000, 0x0000, 0x0000, 0x0000, 0x0000, 0x0000,
    0x0000, 0x0000, 0x0000, 0x0000, 0x0000, 0x0000, 0x0000, 0x0000, 0x0000, 0x0000, 0x0000, 0x0000, 0x0000, 0x0000, 0x0000, 0x0000,
    0x0000, 0x0000, 0x0000, 0x0000, 0x0000, 0x0000, 0x0000, 0x0000, 0x0000, 0x0000, 0x0000, 0x0000, 0x0000, 0x0000, 0x0000, 0x0000,
    0x0000, 0x0000, 0x0000, 0x0000, 0x0000, 0x0000, 0x0000, 0x0000, 0x0000, 0x0000, 0x0000, 0x0000, 0x0000, 0x0000, 0x0000, 0x0000,
    0x0000, 0x0000, 0x0000, 0x0000, 0x0000, 0x0000, 0x0000, 0x0000, 0x0000, 0x0000, 0x0000, 0x0000, 0x0000, 0x0000, 0x0000, 0x0000,
    0x0000, 0x0000, 0x0000, 0x0000, 0x0000, 0x0000, 0x0000, 0x0000, 0x0000, 0x0000, 0x0000, 0x0000, 0x0000, 0x0000, 0x0000, 0x0000,
    0x0000, 0x0000, 0x0000, 0x0000, 0x0000, 0x0000, 0x0000, 0x0000, 0x0000, 0x0000, 0x0000, 0x0000, 0x0000, 0x0000, 0x0000, 0x0000,
    0x0000, 0x0000, 0x0000, 0x0000, 0x0000, 0x0000, 0x0000, 0x0000, 0x0000, 0x0000, 0x0000, 0x0000, 0x0000, 0x0000, 0x0000, 0x0000,
    0x0000, 0x0000, 0x0000, 0x0000, 0x0000, 0x0000, 0x0000, 0x0000, 0x0000, 0x0000, 0x0000, 0x0000, 0x0000, 0x0000, 0x0000, 0x0000,
    0x0000, 0x0000, 0x0000, 0x0000, 0x0000, 0x0000, 0x0000, 0x0000, 0x0000, 0x0000, 0x0000, 0x0000, 0x0000, 0x0000, 0x0000, 0x0000,
    0x0000, 0x0000, 0x0000, 0x0000, 0x0000, 0x0000, 0x0000, 0x0000, 0x0000, 0x0000, 0x0000, 0x0000, 0x0000, 0x0000, 0x0000, 0x0000,
    0x0000, 0x0000, 0x0000, 0x0000, 0x0000, 0x0000, 0x0000, 0x0000, 0x0000, 0x0000, 0x0000, 0x0000, 0x0000, 0x0000, 0x0000, 0x0000,
    0x0000, 0x0000, 0x0000, 0x0000, 0x0000, 0x0000, 0x0000, 0x0000, 0x0000, 0x0000, 0x0000, 0x0000, 0x0000, 0x0000, 0x0000, 0x0000,
    0x0000, 0x0000, 0x0000, 0x0000, 0x0000, 0x0000, 0x0000, 0x0000, 0x0000, 0x0000, 0x0000, 0x0000, 0x0000, 0x0000, 0x0000, 0x0000,
    0x0000, 0x0000, 0x0000, 0x0000, 0x0000, 0x0000, 0x0000, 0x0000, 0x0000, 0x0000, 0x0000, 0x0000, 0x0000, 0x0000, 0x0000, 0x0000,
    0x0000, 0x0000, 0x0000, 0x0000, 0x0000, 0x0000, 0x0000, 0x0000, 0x0000, 0x0000, 0x0000, 0x0000, 0x0000, 0x0000, 0x0000, 0x0000,
    0x0000, 0x0000, 0x0000, 0x0000, 0x0000, 0x0000, 0x0000, 0x0000, 0x0000, 0x0000, 0x0000, 0x0000, 0x0000, 0x0000, 0x0000, 0x0000,
    0x0000, 0x0000, 0x0000, 0x0000, 0x0000, 0x0000, 0x0000, 0x0000, 0x0000, 0x0000, 0x0000, 0x0000, 0x0000, 0x0000, 0x0000, 0x0000,
    0x0000, 0x0000, 0x0000, 0x0000, 0x0000, 0x0000, 0x0000, 0x0000, 0x0000, 0x0000, 0x0000, 0x0000, 0x0000, 0x0000, 0x0000, 0x0000,
    0x0000, 0x0000, 0x0000, 0x0000, 0x0000, 0x0000, 0x0000, 0x0000, 0x0000, 0x0000, 0x0000, 0x0000, 0x0000, 0x0000, 0x0000, 0x0000,
    0x0000, 0x0000, 0x0000, 0x0000, 0x0000, 0x0000, 0x0000, 0x0000, 0x0000, 0x0000, 0x0000, 0x0000, 0x0000, 0x0000, 0x0000, 0x0000,
    0x0000, 0x0000, 0x0000, 0x0000, 0x0000, 0x0000, 0x0000, 0x0000, 0x0000, 0x0000, 0x0000, 0x0000, 0x0000, 0x0000, 0x0000, 0x0000,
    0x0000, 0x0000, 0x0000, 0x0000, 0x0000, 0x0000, 0x0000, 0x0000, 0x0000, 0x0000, 0x0000, 0x0000, 0x0000, 0x0000, 0x0000, 0x0000,
    0x0000, 0x0000, 0x0000, 0x0000, 0x0000, 0x0000, 0x0000, 0x0000, 0x0000, 0x0000, 0x0000, 0x0000, 0x0000, 0x0000, 0x0000, 0x0000,
    0x0000, 0x0000, 0x0000, 0x0000, 0x0000, 0x0000, 0x0000, 0x0000, 0x0000, 0x0000, 0x0000, 0x0000, 0x0000, 0x0000, 0x0000, 0x0000,
    0x0000, 0x0000, 0x0000, 0x0000, 0x0000, 0x0000, 0x0000, 0x0000, 0x0000, 0x0000, 0x0000, 0x0000, 0x0000, 0x0000, 0x0000, 0x0000,
    0x0000, 0x0000, 0x0000, 0x0000, 0x0000, 0x0000, 0x0000, 0x0000, 0x0000, 0x0000, 0x0000, 0x0000, 0x0000, 0x0000, 0x0000, 0x0000,
    0x0000, 0x0000, 0x0000, 0x0000, 0x0000, 0x0000, 0x0000, 0x0000, 0x0000, 0x0000, 0x0000, 0x0000, 0x0000, 0x0000, 0x0000, 0x0000,
    0x0000, 0x0000, 0x0000, 0x0000, 0x0000, 0x0000, 0x0000, 0x0000, 0x0000, 0x0000, 0x0000, 0x0000, 0x0000, 0x0000, 0x0000, 0x0000,
    0x0000, 0x0000, 0x0000, 0x0000, 0x0000, 0x0000, 0x0000, 0x0000, 0x0000, 0x0000, 0x0000, 0x0000, 0x0000, 0x0000, 0x0000, 0x0000,
    0x0000, 0x0000, 0x0000, 0x0000, 0x0000, 0x0000, 0x0000, 0x0000, 0x0000, 0x0000, 0x0000, 0x0000, 0x0000, 0x0000, 0x0000, 0x0000,
    0x0000, 0x0000, 0x0000, 0x0000, 0x0000, 0x0000, 0x0000, 0x0000, 0x0000, 0x0000, 0x0000, 0x0000, 0x0000, 0x0000, 0x0000, 0x0000,
    0x0000, 0x0000, 0x0000, 0x0000, 0x0000, 0x0000, 0x0000, 0x0000, 0x0000, 0x0000, 0x0000, 0x0000, 0x0000, 0x0000, 0x0000, 0x0000,
    0x0000, 0x0000, 0x0000, 0x0000, 0x0000, 0x0000, 0x0000, 0x0000, 0x0000, 0x0000, 0x0000, 0x0000, 0x0000, 0x0000, 0x0000, 0x0000,
    0x0000, 0x0000, 0x0000, 0x0000, 0x0000, 0x0000, 0x0000, 0x0000, 0x0000, 0x0000, 0x0000, 0x0000, 0x0000, 0x0000, 0x0000, 0x0000,
    0x0000, 0x0000, 0x0000, 0x0000, 0x0000, 0x0000, 0x0000, 0x0000, 0x0000, 0x0000, 0x0000, 0x0000, 0x0000, 0x0000, 0x0000, 0x0000,
    0x0000, 0x0000, 0x0000, 0x0000, 0x0000, 0x0000, 0x0000, 0x0000, 0x0000, 0x0000, 0x0000, 0x0000, 0x0000, 0x0000, 0x0000, 0x0000,
    0x0000, 0x0000, 0x0000, 0x0000, 0x0000, 0x0000, 0x0000, 0x0000, 0x0000, 0x0000, 0x0000, 0x0000, 0x0000, 0x0000, 0x0000, 0x0000,
    0x0000, 0x0000, 0x0000, 0x0000, 0x0000, 0x0000, 0x0000, 0x0000, 0x0000, 0x0000, 0x0000, 0x0000, 0x0000, 0x0000, 0x0000, 0x0000,
    0x0000, 0x0000, 0x0000, 0x0000, 0x0000, 0x0000, 0x0000, 0x0000, 0x0000, 0x0000, 0x0000, 0x0000, 0x0000, 0x0000, 0x0000, 0x0000,
    0x0000, 0x0000, 0x0000, 0x0000, 0x0000, 0x0000, 0x0000, 0x0000, 0x0000, 0x0000, 0x0000, 0x0000, 0x0000, 0x0000, 0x0000, 0x0000,
    0x0000, 0x0000, 0x0000, 0x0000, 0x0000, 0x0000, 0x0000, 0x0000, 0x0000, 0x0000, 0x0000, 0x0000, 0x0000, 0x0000, 0x0000, 0x0000,
    0x0000, 0x0000, 0x0000, 0x0000, 0x0000, 0x0000, 0x0000, 0x0000, 0x0000, 0x0000, 0x0000, 0x0000, 0x0000, 0x0000, 0x0000, 0x0000,
    0x0000, 0x0000, 0x0000, 0x0000, 0x0000, 0x0000, 0x0000, 0x0000, 0x0000, 0x0000, 0x0000, 0x0000, 0x0000, 0x0000, 0x0000, 0x0000,
    0x0000, 0x0000, 0x0000, 0x0000, 0x0000, 0x0000, 0x0000, 0x0000, 0x0000, 0x0000, 0x0000, 0x0000, 0x0000, 0x0000, 0x0000, 0x0000,
    0x0000, 0x0000, 0x0000, 0x0000, 0x0000, 0x0000, 0x0000, 0x0000, 0x0000, 0x0000, 0x0000, 0x0000, 0x0000, 0x0000, 0x0000, 0x0000,
    0x0000, 0x0000, 0x0000, 0x0000, 0x0000, 0x0000, 0x0000, 0x0000, 0x0000, 0x0000, 0x0000, 0x0000, 0x0000, 0x0000, 0x0000, 0x0000,
    0x0000, 0x0000, 0x0000, 0x0000, 0x0000, 0x0000, 0x0000, 0x0000, 0x0000, 0x0000, 0x0000, 0x0000, 0x0000, 0x0000, 0x0000, 0x0000,
    0x0000, 0x0000, 0x0000, 0x0000, 0x0000, 0x0000, 0x0000, 0x0000, 0x0000, 0x0000, 0x0000, 0x0000, 0x0000, 0x0000, 0x0000, 0x0000,
    0x0000, 0x0000, 0x0000, 0x0000, 0x0000, 0x0000, 0x0000, 0x0000, 0x0000, 0x0000, 0x0000, 0x0000, 0x0000, 0x0000, 0x0000, 0x0000,
    0x0000, 0x0000, 0x0000, 0x0000, 0x0000, 0x0000, 0x0000, 0x0000, 0x0000, 0x0000, 0x0000, 0x0000, 0x0000, 0x0000, 0x0000, 0x0000,
    0x0000, 0x0000, 0x0000, 0x0000, 0x0000, 0x0000, 0x0000, 0x0000, 0x0000, 0x0000, 0x0000, 0x0000, 0x0000, 0x0000, 0x0000, 0x0000,
    0x0000, 0x0000, 0x0000, 0x0000, 0x0000, 0x0000, 0x0000, 0x0000, 0x0000, 0x0000, 0x0000, 0x0000, 0x0000, 0x0000, 0x0000, 0x0000,
    0x0000, 0x0000, 0x0000, 0x0000, 0x0000, 0x0000, 0x0000, 0x0000, 0x0000, 0x0000, 0x0000, 0x0000, 0x0000, 0x0000, 0x0000, 0x0000,
    0x0000, 0x0000, 0x0000, 0x0000, 0x0000, 0x0000, 0x0000, 0x0000, 0x0000, 0x0000, 0x0000, 0x0000, 0x0000, 0x0000, 0x0000, 0x0000,
    0x0000, 0x0000, 0x0000, 0x0000, 0x0000, 0x0000, 0x0000, 0x0000, 0x0000, 0x0000, 0x0000, 0x0000, 0x0000, 0x0000, 0x0000, 0x0000,
    0x0000, 0x0000, 0x0000, 0x0000, 0x0000, 0x0000, 0x0000, 0x0000, 0x0000, 0x0000, 0x0000, 0x0000, 0x0000, 0x0000, 0x0000, 0x0000,
    0x0000, 0x0000, 0x0000, 0x0000, 0x0000, 0x0000, 0x0000, 0x0000, 0x0000, 0x0000, 0x0000, 0x0000, 0x0000, 0x0000, 0x0000, 0x0000,
    0x0000, 0x0000, 0x0000, 0x0000, 0x0000, 0x0000, 0x0000, 0x0000, 0x0000, 0x0000, 0x0000, 0x0000, 0x0000, 0x0000, 0x0000, 0x0000,
    0x0000, 0x0000, 0x0000, 0x0000, 0x0000, 0x0000, 0x0000, 0x0000, 0x0000, 0x0000, 0x0000, 0x0000, 0x0000, 0x0000, 0x0000, 0x0000,
    0x0000, 0x0000, 0x0000, 0x0000, 0x0000, 0x0000, 0x0000, 0x0000, 0x0000, 0x0000, 0x0000, 0x0000, 0x0000, 0x0000, 0x0000, 0x0000,
    0x0000, 0x0000, 0x0000, 0x0000, 0x0000, 0x0000, 0x0000, 0x0000, 0x0000, 0x0000, 0x0000, 0x0000, 0x0000, 0x0000, 0x0000, 0x0000,
    0x0000, 0x0000, 0x0000, 0x0000, 0x0000, 0x0000, 0x0000, 0x0000, 0x0000, 0x0000, 0x0000, 0x0000, 0x0000, 0x0000, 0x0000, 0x0000,
    0x0000, 0x0000, 0x0000, 0x0000, 0x0000, 0x0000, 0x0000, 0x0000, 0x0000, 0x0000, 0x0000, 0x0000, 0x0000, 0x0000, 0x0000, 0x0000,
    0x0000, 0x0000, 0x0000, 0x0000, 0x0000, 0x0000, 0x0000, 0x0000, 0x0000, 0x0000, 0x0000, 0x0000, 0x0000, 0x0000, 0x0000, 0x0000,
    0x0000, 0x0000, 0x0000, 0x0000, 0x0000, 0x0000, 0x0000, 0x0000, 0x0000, 0x0000, 0x0000, 0x0000, 0x0000, 0x0000, 0x0000, 0x0000,
    0x0000, 0x0000, 0x0000, 0x0000, 0x0000, 0x0000, 0x0000, 0x0000, 0x0000, 0x0000, 0x0000, 0x0000, 0x0000, 0x0000, 0x0000, 0x0000,
    0x0000, 0x0000, 0x0000, 0x0000, 0x0000, 0x0000, 0x0000, 0x0000, 0x0000, 0x0000, 0x0000, 0x0000, 0x0000, 0x0000, 0x0000, 0x0000,
    0x0000, 0x0000, 0x0000, 0x0000, 0x0000, 0x0000, 0x0000, 0x0000, 0x0000, 0x0000, 0x0000, 0x0000, 0x0000, 0x0000, 0x0000, 0x0000,
    0x0000, 0x0000, 0x0000, 0x0000, 0x0000, 0x0000, 0x0000, 0x0000, 0x0000, 0x0000, 0x0000, 0x0000, 0x0000, 0x0000, 0x0000, 0x0000,
    0x0000, 0x0000, 0x0000, 0x0000, 0x0000, 0x0000, 0x0000, 0x0000, 0x0000, 0x0000, 0x0000, 0x0000, 0x0000, 0x0000, 0x0000, 0x0000,
    0x0000, 0x0000, 0x0000, 0x0000, 0x0000, 0x0000, 0x0000, 0x0000, 0x0000, 0x0000, 0x0000, 0x0000, 0x0000, 0x0000, 0x0000, 0x0000,
    0x0000, 0x0000, 0x0000, 0x0000, 0x0000, 0x0000, 0x0000, 0x0000, 0x0000, 0x0000, 0x0000, 0x0000, 0x0000, 0x0000, 0x0000, 0x0000,
    0x0000, 0x0000, 0x0000, 0x0000, 0x0000, 0x0000, 0x0000, 0x0000, 0x0000, 0x0000, 0x0000, 0x0000, 0x0000, 0x0000, 0x0000, 0x0000,
    0x0000, 0x0000, 0x0000, 0x0000, 0x0000, 0x0000, 0x0000, 0x0000, 0x0000, 0x0000, 0x0000, 0x0000, 0x0000, 0x0000, 0x0000, 0x0000,
    0x0000, 0x0000, 0x0000, 0x0000, 0x0000, 0x0000, 0x0000, 0x0000, 0x0000, 0x0000, 0x0000, 0x0000, 0x0000, 0x0000, 0x0000, 0x0000,
    0x0000, 0x0000, 0x0000, 0x0000, 0x0000, 0x0000, 0x0000, 0x0000, 0x0000, 0x0000, 0x0000, 0x0000, 0x0000, 0x0000, 0x0000, 0x0000,
    0x0000, 0x0000, 0x0000, 0x0000, 0x0000, 0x0000, 0x0000, 0x0000, 0x0000, 0x0000, 0x0000, 0x0000, 0x0000, 0x0000, 0x0000, 0x0000,
    0x0000, 0x0000, 0x0000, 0x0000, 0x0000, 0x0000, 0x0000, 0x0000, 0x0000, 0x0000, 0x0000, 0x0000, 0x0000, 0x0000, 0x0000, 0x0000,
    0x0000, 0x0000, 0x0000, 0x0000, 0x0000, 0x0000, 0x0000, 0x0000, 0x0000, 0x0000, 0x0000, 0x0000, 0x0000, 0x0000, 0x0000, 0x0000,
    0x0000, 0x0000, 0x0000, 0x0000, 0x0000, 0x0000, 0x0000, 0x0000, 0x0000, 0x0000, 0x0000, 0x0000, 0x0000, 0x0000, 0x0000, 0x0000,
    0x0000, 0x0000, 0x0000, 0x0000, 0x0000, 0x0000, 0x0000, 0x0000, 0x0000, 0x0000, 0x0000, 0x0000, 0x0000, 0x0000, 0x0000, 0x0000,
    0x0000, 0x0000, 0x0000, 0x0000, 0x0000, 0x0000, 0x0000, 0x0000, 0x0000, 0x0000, 0x0000, 0x0000, 0x0000, 0x0000, 0x0000, 0x0000,
    0x0000, 0x0000, 0x0000, 0x0000, 0x0000, 0x0000, 0x0000, 0x0000, 0x0000, 0x0000, 0x0000, 0x0000, 0x0000, 0x0000, 0x0000, 0x0000,
    0x0000, 0x0000, 0x0000, 0x0000, 0x0000, 0x0000, 0x0000, 0x0000, 0x0000, 0x0000, 0x0000, 0x0000, 0x0000, 0x0000, 0x0000, 0x0000,
    0x0000, 0x0000, 0x0000, 0x0000, 0x0000, 0x0000, 0x0000, 0x0000, 0x0000, 0x0000, 0x0000, 0x0000, 0x0000, 0x0000, 0x0000, 0x0000,
    0x0000, 0x0000, 0x0000, 0x0000, 0x0000, 0x0000, 0x0000, 0x0000, 0x0000, 0x0000, 0x0000, 0x0000, 0x0000, 0x0000, 0x0000, 0x0000,
    0x0000, 0x0000, 0x0000, 0x0000, 0x0000, 0x0000, 0x0000, 0x0000, 0x0000, 0x0000, 0x0000, 0x0000, 0x0000, 0x0000, 0x0000, 0x0000,
    0x0000, 0x0000, 0x0000, 0x0000, 0x0000, 0x0000, 0x0000, 0x0000, 0x0000, 0x0000, 0x0000, 0x0000, 0x0000, 0x0000, 0x0000, 0x0000,
    0x0000, 0x0000, 0x0000, 0x0000, 0x0000, 0x0000, 0x0000, 0x0000, 0x0000, 0x0000, 0x0000, 0x0000, 0x0000, 0x0000, 0x0000, 0x0000,
    0x0000, 0x0000, 0x0000, 0x0000, 0x0000, 0x0000, 0x0000, 0x0000, 0x0000, 0x0000, 0x0000, 0x0000, 0x0000, 0x0000, 0x0000, 0x0000,
    0x0000, 0x0000, 0x0000, 0x0000, 0x0000, 0x0000, 0x0000, 0x0000, 0x0000, 0x0000, 0x0000, 0x0000, 0x0000, 0x0000, 0x0000, 0x0000,
    0x0000, 0x0000, 0x0000, 0x0000, 0x0000, 0x0000, 0x0000, 0x0000, 0x0000, 0x0000, 0x0000, 0x0000, 0x0000, 0x0000, 0x0000, 0x0000,
    0x0000, 0x0000, 0x0000, 0x0000, 0x0000, 0x0000, 0x0000, 0x0000, 0x0000, 0x0000, 0x0000, 0x0000, 0x0000, 0x0000, 0x0000, 0x0000,
    0x0000, 0x0000, 0x0000, 0x0000, 0x0000, 0x0000, 0x0000, 0x0000, 0x0000, 0x0000, 0x0000, 0x0000, 0x0000, 0x0000, 0x0000, 0x0000,
    0x0000, 0x0000, 0x0000, 0x0000, 0x0000, 0x0000, 0x0000, 0x0000, 0x0000, 0x0000, 0x0000, 0x0000, 0x0000, 0x0000, 0x0000, 0x0000,
    0x0000, 0x0000, 0x0000, 0x0000, 0x0000, 0x0000, 0x0000, 0x0000, 0x0000, 0x0000, 0x0000, 0x0000, 0x0000, 0x0000, 0x0000, 0x0000,
    0x0000, 0x0000, 0x0000, 0x0000, 0x0000, 0x0000, 0x0000, 0x0000, 0x0000, 0x0000, 0x0000, 0x0000, 0x0000, 0x0000, 0x0000, 0x0000,
    0x0000, 0x0000, 0x0000, 0x0000, 0x0000, 0x0000, 0x0000, 0x0000, 0x0000, 0x0000, 0x0000, 0x0000, 0x0000, 0x0000, 0x0000, 0x0000,
    0x0000, 0x0000, 0x0000, 0x0000, 0x0000, 0x0000, 0x0000, 0x0000, 0x0000, 0x0000, 0x0000, 0x0000, 0x0000, 0x0000, 0x0000, 0x0000,
    0x0000, 0x0000, 0x0000, 0x0000, 0x0000, 0x0000, 0x0000, 0x0000, 0x0000, 0x0000, 0x0000, 0x0000, 0x0000, 0x0000, 0x0000, 0x0000,
    0x0000, 0x0000, 0x0000, 0x0000, 0x0000, 0x0000, 0x0000, 0x0000, 0x0000, 0x0000, 0x0000, 0x0000, 0x0000, 0x0000, 0x0000, 0x0000,
    0x0000, 0x0000, 0x0000, 0x0000, 0x0000, 0x0000, 0x0000, 0x0000, 0x0000, 0x0000, 0x0000, 0x0000, 0x0000, 0x0000, 0x0000, 0x0000,
    0x0000, 0x0000, 0x0000, 0x0000, 0x0000, 0x0000, 0x0000, 0x0000, 0x0000, 0x0000, 0x0000, 0x0000, 0x0000, 0x0000, 0x0000, 0x0000,
    0x0000, 0x0000, 0x0000, 0x0000, 0x0000, 0x0000, 0x0000, 0x0000, 0x0000, 0x0000, 0x0000, 0x0000, 0x0000, 0x0000, 0x0000, 0x0000,
    0x0000, 0x0000, 0x0000, 0x0000, 0x0000, 0x0000, 0x0000, 0x0000, 0x0000, 0x0000, 0x0000, 0x0000, 0x0000, 0x0000, 0x0000, 0x0000,
    0x0000, 0x0000, 0x0000, 0x0000, 0x0000, 0x0000, 0x0000, 0x0000, 0x0000, 0x0000, 0x0000, 0x0000, 0x0000, 0x0000, 0x0000, 0x0000,
    0x0000, 0x0000, 0x0000, 0x0000, 0x0000, 0x0000, 0x0000, 0x0000, 0x0000, 0x0000, 0x0000, 0x0000, 0x0000, 0x0000, 0x0000, 0x0000,
    0x0000, 0x0000, 0x0000, 0x0000, 0x0000, 0x0000, 0x0000, 0x0000, 0x0000, 0x0000, 0x0000, 0x0000, 0x0000, 0x0000, 0x0000, 0x0000,
    0x0000, 0x0000, 0x0000, 0x0000, 0x0000, 0x0000, 0x0000, 0x0000, 0x0000, 0x0000, 0x0000, 0x0000, 0x0000, 0x0000, 0x0000, 0x0000,
    0x0000, 0x0000, 0x0000, 0x0000, 0x0000, 0x0000, 0x0000, 0x0000, 0x0000, 0x0000, 0x0000, 0x0000, 0x0000, 0x0000, 0x0000, 0x0000,
    0x0000, 0x0000, 0x0000, 0x0000, 0x0000, 0x0000, 0x0000, 0x0000, 0x0000, 0x0000, 0x0000, 0x0000, 0x0000, 0x0000, 0x0000, 0x0000,
    0x0000, 0x0000, 0x0000, 0x0000, 0x0000, 0x0000, 0x0000, 0x0000, 0x0000, 0x0000, 0x0000, 0x0000, 0x0000, 0x0000, 0x0000, 0x0000,
    0x0000, 0x0000, 0x0000, 0x0000, 0x0000, 0x0000, 0x0000, 0x0000, 0x0000, 0x0000, 0x0000, 0x0000, 0x0000, 0x0000, 0x0000, 0x0000,
    0x0000, 0x0000, 0x0000, 0x0000, 0x0000, 0x0000, 0x0000, 0x0000, 0x0000, 0x0000, 0x0000, 0x0000, 0x0000, 0x0000, 0x0000, 0x0000,
    0x0000, 0x0000, 0x0000, 0x0000, 0x0000, 0x0000, 0x0000, 0x0000, 0x0000, 0x0000, 0x0000, 0x0000, 0x0000, 0x0000, 0x0000, 0x0000,
    0x0000, 0x0000, 0x0000, 0x0000, 0x0000, 0x0000, 0x0000, 0x0000, 0x0000, 0x0000, 0x0000, 0x0000, 0x0000, 0x0000, 0x0000, 0x0000,
    0x0000, 0x0000, 0x0000, 0x0000, 0x0000, 0x0000, 0x0000, 0x0000, 0x0000, 0x0000, 0x0000, 0x0000, 0x0000, 0x0000, 0x0000, 0x0000,
    0x0000, 0x0000, 0x0000, 0x0000, 0x0000, 0x0000, 0x0000, 0x0000, 0x0000, 0x0000, 0x0000, 0x0000, 0x0000, 0x0000, 0x0000, 0x0000,
    0x0000, 0x0000, 0x0000, 0x0000, 0x0000, 0x0000, 0x0000, 0x0000, 0x0000, 0x0000, 0x0000, 0x0000, 0x0000, 0x0000, 0x0000, 0x0000,
    0x0000, 0x0000, 0x0000, 0x0000, 0x0000, 0x0000, 0x0000, 0x0000, 0x0000, 0x0000, 0x0000, 0x0000, 0x0000, 0x0000, 0x0000, 0x0000,
    0x0000, 0x0000, 0x0000, 0x0000, 0x0000, 0x0000, 0x0000, 0x0000, 0x0000, 0x0000, 0x0000, 0x0000, 0x0000, 0x0000, 0x0000, 0x0000,
    0x0000, 0x0000, 0x0000, 0x0000, 0x0000, 0x0000, 0x0000, 0x0000, 0x0000, 0x0000, 0x0000, 0x0000, 0x0000, 0x0000, 0x0000, 0x0000,
    0x0000, 0x0000, 0x0000, 0x0000, 0x0000, 0x0000, 0x0000, 0x0000, 0x0000, 0x0000, 0x0000, 0x0000, 0x0000, 0x0000, 0x0000, 0x0000,
    0x0000, 0x0000, 0x0000, 0x0000, 0x0000, 0x0000, 0x0000, 0x0000, 0x0000, 0x0000, 0x0000, 0x0000, 0x0000, 0x0000, 0x0000, 0x0000,
    0x0000, 0x0000, 0x0000, 0x0000, 0x0000, 0x0000, 0x0000, 0x0000, 0x0000, 0x0000, 0x0000, 0x0000, 0x0000, 0x0000, 0x0000, 0x0000,
    0x0000, 0x0000, 0x0000, 0x0000, 0x0000, 0x0000, 0x0000, 0x0000, 0x0000, 0x0000, 0x0000, 0x0000, 0x0000, 0x0000, 0x0000, 0x0000,
    0x0000, 0x0000, 0x0000, 0x0000, 0x0000, 0x0000, 0x0000, 0x0000, 0x0000, 0x0000, 0x0000, 0x0000, 0x0000, 0x0000, 0x0000, 0x0000,
    0x0000, 0x0000, 0x0000, 0x0000, 0x0000, 0x0000, 0x0000, 0x0000, 0x0000, 0x0000, 0x0000, 0x0000, 0x0000, 0x0000, 0x0000, 0x0000,
    0x0000, 0x0000, 0x0000, 0x0000, 0x0000, 0x0000, 0x0000, 0x0000, 0x0000, 0x0000, 0x0000, 0x0000, 0x0000, 0x0000, 0x0000, 0x0000,
    0x0000, 0x0000, 0x0000, 0x0000, 0x0000, 0x0000, 0x0000, 0x0000, 0x0000, 0x0000, 0x0000, 0x0000, 0x0000, 0x0000, 0x0000, 0x0000,
    0x0000, 0x0000, 0x0000, 0x0000, 0x0000, 0x0000, 0x0000, 0x0000, 0x0000, 0x0000, 0x0000, 0x0000, 0x0000, 0x0000, 0x0000, 0x0000,
    0x0000, 0x0000, 0x0000, 0x0000, 0x0000, 0x0000, 0x0000, 0x0000, 0x0000, 0x0000, 0x0000, 0x0000, 0x0000, 0x0000, 0x0000, 0x0000,
    0x0000, 0x0000, 0x0000, 0x0000, 0x0000, 0x0000, 0x0000, 0x0000, 0x0000, 0x0000, 0x0000, 0x0000, 0x0000, 0x0000, 0x0000, 0x0000,
    0x0000, 0x0000, 0x0000, 0x0000, 0x0000, 0x0000, 0x0000, 0x0000, 0x0000, 0x0000, 0x0000, 0x0000, 0x0000, 0x0000, 0x0000, 0x0000,
    0x0000, 0x0000, 0x0000, 0x0000, 0x0000, 0x0000, 0x0000, 0x0000, 0x0000, 0x0000, 0x0000, 0x0000, 0x0000, 0x0000, 0x0000, 0x0000,
    0x0000, 0x0000, 0x0000, 0x0000, 0x0000, 0x0000, 0x0000, 0x0000, 0x0000, 0x0000, 0x0000, 0x0000, 0x0000, 0x0000, 0x0000, 0x0000,
    0x0000, 0x0000, 0x0000, 0x0000, 0x0000, 0x0000, 0x0000, 0x0000, 0x0000, 0x0000, 0x0000, 0x0000, 0x0000, 0x0000, 0x0000, 0x0000,
    0x0000, 0x0000, 0x0000, 0x0000, 0x0000, 0x0000, 0x0000, 0x0000, 0x0000, 0x0000, 0x0000, 0x0000, 0x0000, 0x0000, 0x0000, 0x0000,
    0x0000, 0x0000, 0x0000, 0x0000, 0x0000, 0x0000, 0x0000, 0x0000, 0x0000, 0x0000, 0x0000, 0x0000, 0x0000, 0x0000, 0x0000, 0x0000,
    0x0000, 0x0000, 0x0000, 0x0000, 0x0000, 0x0000, 0x0000, 0x0000, 0x0000, 0x0000, 0x0000, 0x0000, 0x0000, 0x0000, 0x0000, 0x0000,
    0x0000, 0x0000, 0x0000, 0x0000, 0x0000, 0x0000, 0x0000, 0x0000, 0x0000, 0x0000, 0x0000, 0x0000, 0x0000, 0x0000, 0x0000, 0x0000,
    0x0000, 0x0000, 0x0000, 0x0000, 0x0000, 0x0000, 0x0000, 0x0000, 0x0000, 0x0000, 0x0000, 0x0000, 0x0000, 0x0000, 0x0000, 0x0000,
    0x0000, 0x0000, 0x0000, 0x0000, 0x0000, 0x0000, 0x0000, 0x0000, 0x0000, 0x0000, 0x0000, 0x0000, 0x0000, 0x0000, 0x0000, 0x0000,
    0x0000, 0x0000, 0x0000, 0x0000, 0x0000, 0x0000, 0x0000, 0x0000, 0x0000, 0x0000, 0x0000, 0x0000, 0x0000, 0x0000, 0x0000, 0x0000,
    0x0000, 0x0000, 0x0000, 0x0000, 0x0000, 0x0000, 0x0000, 0x0000, 0x0000, 0x0000, 0x0000, 0x0000, 0x0000, 0x0000, 0x0000, 0x0000,
    0x0000, 0x0000, 0x0000, 0x0000, 0x0000, 0x0000, 0x0000, 0x0000, 0x0000, 0x0000, 0x0000, 0x0000, 0x0000, 0x0000, 0x0000, 0x0000,
    0x0000, 0x0000, 0x0000, 0x0000, 0x0000, 0x0000, 0x0000, 0x0000, 0x0000, 0x0000, 0x0000, 0x0000, 0x0000, 0x0000, 0x0000, 0x0000,
    0x0000, 0x0000, 0x0000, 0x0000, 0x0000, 0x0000, 0x0000, 0x0000, 0x0000, 0x0000, 0x0000, 0x0000, 0x0000, 0x0000, 0x0000, 0x0000,
    0x0000, 0x0000, 0x0000, 0x0000, 0x0000, 0x0000, 0x0000, 0x0000, 0x0000, 0x0000, 0x0000, 0x0000, 0x0000, 0x0000, 0x0000, 0x0000,
    0x0000, 0x0000, 0x0000, 0x0000, 0x0000, 0x0000, 0x0000, 0x0000, 0x0000, 0x0000, 0x0000, 0x0000, 0x0000, 0x0000, 0x0000, 0x0000,
    0x0000, 0x0000, 0x0000, 0x0000, 0x0000, 0x0000, 0x0000, 0x0000, 0x0000, 0x0000, 0x0000, 0x0000, 0x0000, 0x0000, 0x0000, 0x0000,
    0x0000, 0x0000, 0x0000, 0x0000, 0x0000, 0x0000, 0x0000, 0x0000, 0x0000, 0x0000, 0x0000, 0x0000, 0x0000, 0x0000, 0x0000, 0x0000,
    0x0000, 0x0000, 0x0000, 0x0000, 0x0000, 0x0000, 0x0000, 0x0000, 0x0000, 0x0000, 0x0000, 0x0000, 0x0000, 0x0000, 0x0000, 0x0000,
    0x0000, 0x0000, 0x0000, 0x0000, 0x0000, 0x0000, 0x0000, 0x0000, 0x0000, 0x0000, 0x0000, 0x0000, 0x0000, 0x0000, 0x0000, 0x0000,
    0x0000, 0x0000, 0x0000, 0x0000, 0x0000, 0x0000, 0x0000, 0x0000, 0x0000, 0x0000, 0x0000, 0x0000, 0x0000, 0x0000, 0x0000, 0x0000,
    0x0000, 0x0000, 0x0000, 0x0000, 0x0000, 0x0000, 0x0000, 0x0000, 0x0000, 0x0000, 0x0000, 0x0000, 0x0000, 0x0000, 0x0000, 0x0000,
    0x0000, 0x0000, 0x0000, 0x0000, 0x0000, 0x0000, 0x0000, 0x0000, 0x0000, 0x0000, 0x0000, 0x0000, 0x0000, 0x0000, 0x0000, 0x0000,
    0x0000, 0x0000, 0x0000, 0x0000, 0x0000, 0x0000, 0x0000, 0x0000, 0x0000, 0x0000, 0x0000, 0x0000, 0x0000, 0x0000, 0x0000, 0x0000,
    0x0000, 0x0000, 0x0000, 0x0000, 0x0000, 0x0000, 0x0000, 0x0000, 0x0000, 0x0000, 0x0000, 0x0000, 0x0000, 0x0000, 0x0000, 0x0000,
    0x0000, 0x0000, 0x0000, 0x0000, 0x0000, 0x0000, 0x0000, 0x0000, 0x0000, 0x0000, 0x0000, 0x0000, 0x0000, 0x0000, 0x0000, 0x0000,
    0x0000, 0x0000, 0x0000, 0x0000, 0x0000, 0x0000, 0x0000, 0x0000, 0x0000, 0x0000, 0x0000, 0x0000, 0x0000, 0x0000, 0x0000, 0x0000,
    0x0000, 0x0000, 0x0000, 0x0000, 0x0000, 0x0000, 0x0000, 0x0000, 0x0000, 0x0000, 0x0000, 0x0000, 0x0000, 0x0000, 0x0000, 0x0000,
    0x0000, 0x0000, 0x0000, 0x0000, 0x0000, 0x0000, 0x0000, 0x0000, 0x0000, 0x0000, 0x0000, 0x0000, 0x0000, 0x0000, 0x0000, 0x0000,
    0x0000, 0x0000, 0x0000, 0x0000, 0x0000, 0x0000, 0x0000, 0x0000, 0x0000, 0x0000, 0x0000, 0x0000, 0x0000, 0x0000, 0x0000, 0x0000,
    0x0000, 0x0000, 0x0000, 0x0000, 0x0000, 0x0000, 0x0000, 0x0000, 0x0000, 0x0000, 0x0000, 0x0000, 0x0000, 0x0000, 0x0000, 0x0000,
    0x0000, 0x0000, 0x0000, 0x0000, 0x0000, 0x0000, 0x0000, 0x0000, 0x0000, 0x0000, 0x0000, 0x0000, 0x0000, 0x0000, 0x0000, 0x0000,
    0x0000, 0x0000, 0x0000, 0x0000, 0x0000, 0x0000, 0x0000, 0x0000, 0x0000, 0x0000, 0x0000, 0x0000, 0x0000, 0x0000, 0x0000, 0x0000,
    0x0000, 0x0000, 0x0000, 0x0000, 0x0000, 0x0000, 0x0000, 0x0000, 0x0000, 0x0000, 0x0000, 0x0000, 0x0000, 0x0000, 0x0000, 0x0000,
    0x0000, 0x0000, 0x0000, 0x0000, 0x0000, 0x0000, 0x0000, 0x0000, 0x0000, 0x0000, 0x0000, 0x0000, 0x0000, 0x0000, 0x0000, 0x0000,
    0x0000, 0x0000, 0x0000, 0x0000, 0x0000, 0x0000, 0x0000, 0x0000, 0x0000, 0x0000, 0x0000, 0x0000, 0x0000, 0x0000, 0x0000, 0x0000,
    0x0000, 0x0000, 0x0000, 0x0000, 0x0000, 0x0000, 0x0000, 0x0000, 0x0000, 0x0000, 0x0000, 0x0000, 0x0000, 0x0000, 0x0000, 0x0000,
    0x0000, 0x0000, 0x0000, 0x0000, 0x0000, 0x0000, 0x0000, 0x0000, 0x0000, 0x0000, 0x0000, 0x0000, 0x0000, 0x0000, 0x0000, 0x0000,
    0x0000, 0x0000, 0x0000, 0x0000, 0x0000, 0x0000, 0x0000, 0x0000, 0x0000, 0x0000, 0x0000, 0x0000, 0x0000, 0x0000, 0x0000, 0x0000,
    0x0000, 0x0000, 0x0000, 0x0000, 0x0000, 0x0000, 0x0000, 0x0000, 0x0000, 0x0000, 0x0000, 0x0000, 0x0000, 0x0000, 0x0000, 0x0000,
    0x0000, 0x0000, 0x0000, 0x0000, 0x0000, 0x0000, 0x0000, 0x0000, 0x0000, 0x0000, 0x0000, 0x0000, 0x0000, 0x0000, 0x0000, 0x0000,
    0x0000, 0x0000, 0x0000, 0x0000, 0x0000, 0x0000, 0x0000, 0x0000, 0x0000, 0x0000, 0x0000, 0x0000, 0x0000, 0x0000, 0x0000, 0x0000,
    0x0000, 0x0000, 0x0000, 0x0000, 0x0000, 0x0000, 0x0000, 0x0000, 0x0000, 0x0000, 0x0000, 0x0000, 0x0000, 0x0000, 0x0000, 0x0000,
    0x0000, 0x0000, 0x0000, 0x0000, 0x0000, 0x0000, 0x0000, 0x0000, 0x0000, 0x0000, 0x0000, 0x0000, 0x0000, 0x0000, 0x0000, 0x0000,
    0x0000, 0x0000, 0x0000, 0x0000, 0x0000, 0x0000, 0x0000, 0x0000, 0x0000, 0x0000, 0x0000, 0x0000, 0x0000, 0x0000, 0x0000, 0x0000,
    0x0000, 0x0000, 0x0000, 0x0000, 0x0000, 0x0000, 0x0000, 0x0000, 0x0000, 0x0000, 0x0000, 0x0000, 0x0000, 0x0000, 0x0000, 0x0000,
    0x0000, 0x0000, 0x0000, 0x0000, 0x0000, 0x0000, 0x0000, 0x0000, 0x0000, 0x0000, 0x0000, 0x0000, 0x0000, 0x0000, 0x0000, 0x0000,
    0x0000, 0x0000, 0x0000, 0x0000, 0x0000, 0x0000, 0x0000, 0x0000, 0x0000, 0x0000, 0x0000, 0x0000, 0x0000, 0x0000, 0x0000, 0x0000,
    0x0000, 0x0000, 0x0000, 0x0000, 0x0000, 0x0000, 0x0000, 0x0000, 0x0000, 0x0000, 0x0000, 0x0000, 0x0000, 0x0000, 0x0000, 0x0000,
    0x0000, 0x0000, 0x0000, 0x0000, 0x0000, 0x0000, 0x0000, 0x0000, 0x0000, 0x0000, 0x0000, 0x0000, 0x0000, 0x0000, 0x0000, 0x0000,
    0x0000, 0x0000, 0x0000, 0x0000, 0x0000, 0x0000, 0x0000, 0x0000, 0x0000, 0x0000, 0x0000, 0x0000, 0x0000, 0x0000, 0x0000, 0x0000,
    0x0000, 0x0000, 0x0000, 0x0000, 0x0000, 0x0000, 0x0000, 0x0000, 0x0000, 0x0000, 0x0000, 0x0000, 0x0000, 0x0000, 0x0000, 0x0000,
    0x0000, 0x0000, 0x0000, 0x0000, 0x0000, 0x0000, 0x0000, 0x0000, 0x0000, 0x0000, 0x0000, 0x0000, 0x0000, 0x0000, 0x0000, 0x0000,
    0x0000, 0x0000, 0x0000, 0x0000, 0x0000, 0x0000, 0x0000, 0x0000, 0x0000, 0x0000, 0x0000, 0x0000, 0x0000, 0x0000, 0x0000, 0x0000,
    0x0000, 0x0000, 0x0000, 0x0000, 0x0000, 0x0000, 0x0000, 0x0000, 0x0000, 0x0000, 0x0000, 0x0000, 0x0000, 0x0000, 0x0000, 0x0000,
    0x0000, 0x0000, 0x0000, 0x0000, 0x0000, 0x0000, 0x0000, 0x0000, 0x0000, 0x0000, 0x0000, 0x0000, 0x0000, 0x0000, 0x0000, 0x0000,
    0x0000, 0x0000, 0x0000, 0x0000, 0x0000, 0x0000, 0x0000, 0x0000, 0x0000, 0x0000, 0x0000, 0x0000, 0x0000, 0x0000, 0x0000, 0x0000,
    0x0000, 0x0000, 0x0000, 0x0000, 0x0000, 0x0000, 0x0000, 0x0000, 0x0000, 0x0000, 0x0000, 0x0000, 0x0000, 0x0000, 0x0000, 0x0000,
    0x0000, 0x0000, 0x0000, 0x0000, 0x0000, 0x0000, 0x0000, 0x0000, 0x0000, 0x0000, 0x0000, 0x0000, 0x0000, 0x0000, 0x0000, 0x0000,
    0x0000, 0x0000, 0x0000, 0x0000, 0x0000, 0x0000, 0x0000, 0x0000, 0x0000, 0x0000, 0x0000, 0x0000, 0x0000, 0x0000, 0x0000, 0x0000,
    0x0000, 0x0000, 0x0000, 0x0000, 0x0000, 0x0000, 0x0000, 0x0000, 0x0000, 0x0000, 0x0000, 0x0000, 0x0000, 0x0000, 0x0000, 0x0000,
    0x0000, 0x0000, 0x0000, 0x0000, 0x0000, 0x0000, 0x0000, 0x0000, 0x0000, 0x0000, 0x0000, 0x0000, 0x0000, 0x0000, 0x0000, 0x0000,
    0x0000, 0x0000, 0x0000, 0x0000, 0x0000, 0x0000, 0x0000, 0x0000, 0x0000, 0x0000, 0x0000, 0x0000, 0x0000, 0x0000, 0x0000, 0x0000,
    0x0000, 0x0000, 0x0000, 0x0000, 0x0000, 0x0000, 0x0000, 0x0000, 0x0000, 0x0000, 0x0000, 0x0000, 0x0000, 0x0000, 0x0000, 0x0000,
    0x0000, 0x0000, 0x0000, 0x0000, 0x0000, 0x0000, 0x0000, 0x0000, 0x0000, 0x0000, 0x0000, 0x0000, 0x0000, 0x0000, 0x0000, 0x0000,
    0x0000, 0x0000, 0x0000, 0x0000, 0x0000, 0x0000, 0x0000, 0x0000, 0x0000, 0x0000, 0x0000, 0x0000, 0x0000, 0x0000, 0x0000, 0x0000,
    0x0000, 0x0000, 0x0000, 0x0000, 0x0000, 0x0000, 0x0000, 0x0000, 0x0000, 0x0000, 0x0000, 0x0000, 0x0000, 0x0000, 0x0000, 0x0000,
    0x0000, 0x0000, 0x0000, 0x0000, 0x0000, 0x0000, 0x0000, 0x0000, 0x0000, 0x0000, 0x0000, 0x0000, 0x0000, 0x0000, 0x0000, 0x0000,
    0x0000, 0x0000, 0x0000, 0x0000, 0x0000, 0x0000, 0x0000, 0x0000, 0x0000, 0x0000, 0x0000, 0x0000, 0x0000, 0x0000, 0x0000, 0x0000,
    0x0000, 0x0000, 0x0000, 0x0000, 0x0000, 0x0000, 0x0000, 0x0000, 0x0000, 0x0000, 0x0000, 0x0000, 0x0000, 0x0000, 0x0000, 0x0000,
    0x0000, 0x0000, 0x0000, 0x0000, 0x0000, 0x0000, 0x0000, 0x0000, 0x0000, 0x0000, 0x0000, 0x0000, 0x0000, 0x0000, 0x0000, 0x0000,
    0x0000, 0x0000, 0x0000, 0x0000, 0x0000, 0x0000, 0x0000, 0x0000, 0x0000, 0x0000, 0x0000, 0x0000, 0x0000, 0x0000, 0x0000, 0x0000,
    0x0000, 0x0000, 0x0000, 0x0000, 0x0000, 0x0000, 0x0000, 0x0000, 0x0000, 0x0000, 0x0000, 0x0000, 0x0000, 0x0000, 0x0000, 0x0000,
    0x0000, 0x0000, 0x0000, 0x0000, 0x0000, 0x0000, 0x0000, 0x0000, 0x0000, 0x0000, 0x0000, 0x0000, 0x0000, 0x0000, 0x0000, 0x0000,
    0x0000, 0x0000, 0x0000, 0x0000, 0x0000, 0x0000, 0x0000, 0x0000, 0x0000, 0x0000, 0x0000, 0x0000, 0x0000, 0x0000, 0x0000, 0x0000,
    0x0000, 0x0000, 0x0000, 0x0000, 0x0000, 0x0000, 0x0000, 0x0000, 0x0000, 0x0000, 0x0000, 0x0000, 0x0000, 0x0000, 0x0000, 0x0000,
    0x0000, 0x0000, 0x0000, 0x0000, 0x0000, 0x0000, 0x0000, 0x0000, 0x0000, 0x0000, 0x0000, 0x0000, 0x0000, 0x0000, 0x0000, 0x0000,
    0x0000, 0x0000, 0x0000, 0x0000, 0x0000, 0x0000, 0x0000, 0x0000, 0x0000, 0x0000, 0x0000, 0x0000, 0x0000, 0x0000, 0x0000, 0x0000,
    0x0000, 0x0000, 0x0000, 0x0000, 0x0000, 0x0000, 0x0000, 0x0000, 0x0000, 0x0000, 0x0000, 0x0000, 0x0000, 0x0000, 0x0000, 0x0000,
    0x0000, 0x0000, 0x0000, 0x0000, 0x0000, 0x0000, 0x0000, 0x0000, 0x0000, 0x0000, 0x0000, 0x0000, 0x0000, 0x0000, 0x0000, 0x0000,
    0x0000, 0x0000, 0x0000, 0x0000, 0x0000, 0x0000, 0x0000, 0x0000, 0x0000, 0x0000, 0x0000, 0x0000, 0x0000, 0x0000, 0x0000, 0x0000,
    0x0000, 0x0000, 0x0000, 0x0000, 0x0000, 0x0000, 0x0000, 0x0000, 0x0000, 0x0000, 0x0000, 0x0000, 0x0000, 0x0000, 0x0000, 0x0000,
    0x0000, 0x0000, 0x0000, 0x0000, 0x0000, 0x0000, 0x0000, 0x0000, 0x0000, 0x0000, 0x0000, 0x0000, 0x0000, 0x0000, 0x0000, 0x0000,
    0x0000, 0x0000, 0x0000, 0x0000, 0x0000, 0x0000, 0x0000, 0x0000, 0x0000, 0x0000, 0x0000, 0x0000, 0x0000, 0x0000, 0x0000, 0x0000,
    0x0000, 0x0000, 0x0000, 0x0000, 0x0000, 0x0000, 0x0000, 0x0000, 0x0000, 0x0000, 0x0000, 0x0000, 0x0000, 0x0000, 0x0000, 0x0000,
    0x0000, 0x0000, 0x0000, 0x0000, 0x0000, 0x0000, 0x0000, 0x0000, 0x0000, 0x0000, 0x0000, 0x0000, 0x0000, 0x0000, 0x0000, 0x0000,
    0x0000, 0x0000, 0x0000, 0x0000, 0x0000, 0x0000, 0x0000, 0x0000, 0x0000, 0x0000, 0x0000, 0x0000, 0x0000, 0x0000, 0x0000, 0x0000,
    0x0000, 0x0000, 0x0000, 0x0000, 0x0000, 0x0000, 0x0000, 0x0000, 0x0000, 0x0000, 0x0000, 0x0000, 0x0000, 0x0000, 0x0000, 0x0000,
    0x0000, 0x0000, 0x0000, 0x0000, 0x0000, 0x0000, 0x0000, 0x0000, 0x0000, 0x0000, 0x0000, 0x0000, 0x0000, 0x0000, 0x0000, 0x0000,
    0x0000, 0x0000, 0x0000, 0x0000, 0x0000, 0x0000, 0x0000, 0x0000, 0x0000, 0x0000, 0x0000, 0x0000, 0x0000, 0x0000, 0x0000, 0x0000,
    0x0000, 0x0000, 0x0000, 0x0000, 0x0000, 0x0000, 0x0000, 0x0000, 0x0000, 0x0000, 0x0000, 0x0000, 0x0000, 0x0000, 0x0000, 0x0000,
    0x0000, 0x0000, 0x0000, 0x0000, 0x0000, 0x0000, 0x0000, 0x0000, 0x0000, 0x0000, 0x0000, 0x0000, 0x0000, 0x0000, 0x0000, 0x0000,
    0x0000, 0x0000, 0x0000, 0x0000, 0x0000, 0x0000, 0x0000, 0x0000, 0x0000, 0x0000, 0x0000, 0x0000, 0x0000, 0x0000, 0x0000, 0x0000,
    0x0000, 0x0000, 0x0000, 0x0000, 0x0000, 0x0000, 0x0000, 0x0000, 0x0000, 0x0000, 0x0000, 0x0000, 0x0000, 0x0000, 0x0000, 0x0000,
    0x0000, 0x0000, 0x0000, 0x0000, 0x0000, 0x0000, 0x0000, 0x0000, 0x0000, 0x0000, 0x0000, 0x0000, 0x0000, 0x0000, 0x0000, 0x0000,
    0x0000, 0x0000, 0x0000, 0x0000, 0x0000, 0x0000, 0x0000, 0x0000, 0x0000, 0x0000, 0x0000, 0x0000, 0x0000, 0x0000, 0x0000, 0x0000,
    0x0000, 0x0000, 0x0000, 0x0000, 0x0000, 0x0000, 0x0000, 0x0000, 0x0000, 0x0000, 0x0000, 0x0000, 0x0000, 0x0000, 0x0000, 0x0000,
    0x0000, 0x0000, 0x0000, 0x0000, 0x0000, 0x0000, 0x0000, 0x0000, 0x0000, 0x0000, 0x0000, 0x0000, 0x0000, 0x0000, 0x0000, 0x0000,
    0x0000, 0x0000, 0x0000, 0x0000, 0x0000, 0x0000, 0x0000, 0x0000, 0x0000, 0x0000, 0x0000, 0x0000, 0x0000, 0x0000, 0x0000, 0x0000,
    0x0000, 0x0000, 0x0000, 0x0000, 0x0000, 0x0000, 0x0000, 0x0000, 0x0000, 0x0000, 0x0000, 0x0000, 0x0000, 0x0000, 0x0000, 0x0000,
    0x0000, 0x0000, 0x0000, 0x0000, 0x0000, 0x0000, 0x0000, 0x0000, 0x0000, 0x0000, 0x0000, 0x0000, 0x0000, 0x0000, 0x0000, 0x0000,
    0x0000, 0x0000, 0x0000, 0x0000, 0x0000, 0x0000, 0x0000, 0x0000, 0x0000, 0x0000, 0x0000, 0x0000, 0x0000, 0x0000, 0x0000, 0x0000,
    0x0000, 0x0000, 0x0000, 0x0000, 0x0000, 0x0000, 0x0000, 0x0000, 0x0000, 0x0000, 0x0000, 0x0000, 0x0000, 0x0000, 0x0000, 0x0000,
    0x0000, 0x0000, 0x0000, 0x0000, 0x0000, 0x0000, 0x0000, 0x0000, 0x0000, 0x0000, 0x0000, 0x0000, 0x0000, 0x0000, 0x0000, 0x0000,
    0x0000, 0x0000, 0x0000, 0x0000, 0x0000, 0x0000, 0x0000, 0x0000, 0x0000, 0x0000, 0x0000, 0x0000, 0x0000, 0x0000, 0x0000, 0x0000,
    0x0000, 0x0000, 0x0000, 0x0000, 0x0000, 0x0000, 0x0000, 0x0000, 0x0000, 0x0000, 0x0000, 0x0000, 0x0000, 0x0000, 0x0000, 0x0000,
    0x0000, 0x0000, 0x0000, 0x0000, 0x0000, 0x0000, 0x0000, 0x0000, 0x0000, 0x0000, 0x0000, 0x0000, 0x0000, 0x0000, 0x0000, 0x0000,
    0x0000, 0x0000, 0x0000, 0x0000, 0x0000, 0x0000, 0x0000, 0x0000, 0x0000, 0x0000, 0x0000, 0x0000, 0x0000, 0x0000, 0x0000, 0x0000,
    0x0000, 0x0000, 0x0000, 0x0000, 0x0000, 0x0000, 0x0000, 0x0000, 0x0000, 0x0000, 0x0000, 0x0000, 0x0000, 0x0000, 0x0000, 0x0000,
    0x0000, 0x0000, 0x0000, 0x0000, 0x0000, 0x0000, 0x0000, 0x0000, 0x0000, 0x0000, 0x0000, 0x0000, 0x0000, 0x0000, 0x0000, 0x0000,
    0x0000, 0x0000, 0x0000, 0x0000, 0x0000, 0x0000, 0x0000, 0x0000, 0x0000, 0x0000, 0x0000, 0x0000, 0x0000, 0x0000, 0x0000, 0x0000,
    0x0000, 0x0000, 0x0000, 0x0000, 0x0000, 0x0000, 0x0000, 0x0000, 0x0000, 0x0000, 0x0000, 0x0000, 0x0000, 0x0000, 0x0000, 0x0000,
    0x0000, 0x0000, 0x0000, 0x0000, 0x0000, 0x0000, 0x0000, 0x0000, 0x0000, 0x0000, 0x0000, 0x0000, 0x0000, 0x0000, 0x0000, 0x0000,
    0x0000, 0x0000, 0x0000, 0x0000, 0x0000, 0x0000, 0x0000, 0x0000, 0x0000, 0x0000, 0x0000, 0x0000, 0x0000, 0x0000, 0x0000, 0x0000,
    0x0000, 0x0000, 0x0000, 0x0000, 0x0000, 0x0000, 0x0000, 0x0000, 0x0000, 0x0000, 0x0000, 0x0000, 0x0000, 0x0000, 0x0000, 0x0000,
    0x0000, 0x0000, 0x0000, 0x0000, 0x0000, 0x0000, 0x0000, 0x0000, 0x0000, 0x0000, 0x0000, 0x0000, 0x0000, 0x0000, 0x0000, 0x0000,
    0x0000, 0x0000, 0x0000, 0x0000, 0x0000, 0x0000, 0x0000, 0x0000, 0x0000, 0x0000, 0x0000, 0x0000, 0x0000, 0x0000, 0x0000, 0x0000,
    0x0000, 0x0000, 0x0000, 0x0000, 0x0000, 0x0000, 0x0000, 0x0000, 0x0000, 0x0000, 0x0000, 0x0000, 0x0000, 0x0000, 0x0000, 0x0000,
    0x0000, 0x0000, 0x0000, 0x0000, 0x0000, 0x0000, 0x0000, 0x0000, 0x0000, 0x0000, 0x0000, 0x0000, 0x0000, 0x0000, 0x0000, 0x0000,
    0x0000, 0x0000, 0x0000, 0x0000, 0x0000, 0x0000, 0x0000, 0x0000, 0x0000, 0x0000, 0x0000, 0x0000, 0x0000, 0x0000, 0x0000, 0x0000,
    0x0000, 0x0000, 0x0000, 0x0000, 0x0000, 0x0000, 0x0000, 0x0000, 0x0000, 0x0000, 0x0000, 0x0000, 0x0000, 0x0000, 0x0000, 0x0000,
    0x0000, 0x0000, 0x0000, 0x0000, 0x0000, 0x0000, 0x0000, 0x0000, 0x0000, 0x0000, 0x0000, 0x0000, 0x0000, 0x0000, 0x0000, 0x0000,
    0x0000, 0x0000, 0x0000, 0x0000, 0x0000, 0x0000, 0x0000, 0x0000, 0x0000, 0x0000, 0x0000, 0x0000, 0x0000, 0x0000, 0x0000, 0x0000,
    0x0000, 0x0000, 0x0000, 0x0000, 0x0000, 0x0000, 0x0000, 0x0000, 0x0000, 0x0000, 0x0000, 0x0000, 0x0000, 0x0000, 0x0000, 0x0000,
    0x0000, 0x0000, 0x0000, 0x0000, 0x0000, 0x0000, 0x0000, 0x0000, 0x0000, 0x0000, 0x0000, 0x0000, 0x0000, 0x0000, 0x0000, 0x0000,
    0x0000, 0x0000, 0x0000, 0x0000, 0x0000, 0x0000, 0x0000, 0x0000, 0x0000, 0x0000, 0x0000, 0x0000, 0x0000, 0x0000, 0x0000, 0x0000,
    0x0000, 0x0000, 0x0000, 0x0000, 0x0000, 0x0000, 0x0000, 0x0000, 0x0000, 0x0000, 0x0000, 0x0000, 0x0000, 0x0000, 0x0000, 0x0000,
    0x0000, 0x0000, 0x0000, 0x0000, 0x0000, 0x0000, 0x0000, 0x0000, 0x0000, 0x0000, 0x0000, 0x0000, 0x0000, 0x0000, 0x0000, 0x0000,
    0x0000, 0x0000, 0x0000, 0x0000, 0x0000, 0x0000, 0x0000, 0x0000, 0x0000, 0x0000, 0x0000, 0x0000, 0x0000, 0x0000, 0x0000, 0x0000,
    0x0000, 0x0000, 0x0000, 0x0000, 0x0000, 0x0000, 0x0000, 0x0000, 0x0000, 0x0000, 0x0000, 0x0000, 0x0000, 0x0000, 0x0000, 0x0000,
    0x0000, 0x0000, 0x0000, 0x0000, 0x0000, 0x0000, 0x0000, 0x0000, 0x0000, 0x0000, 0x0000, 0x0000, 0x0000, 0x0000, 0x0000, 0x0000,
    0x0000, 0x0000, 0x0000, 0x0000, 0x0000, 0x0000, 0x0000, 0x0000, 0x0000, 0x0000, 0x0000, 0x0000, 0x0000, 0x0000, 0x0000, 0x0000,
    0x0000, 0x0000, 0x0000, 0x0000, 0x0000, 0x0000, 0x0000, 0x0000, 0x0000, 0x0000, 0x0000, 0x0000, 0x0000, 0x0000, 0x0000, 0x0000,
    0x0000, 0x0000, 0x0000, 0x0000, 0x0000, 0x0000, 0x0000, 0x0000, 0x0000, 0x0000, 0x0000, 0x0000, 0x0000, 0x0000, 0x0000, 0x0000,
    0x0000, 0x0000, 0x0000, 0x0000, 0x0000, 0x0000, 0x0000, 0x0000, 0x0000, 0x0000, 0x0000, 0x0000, 0x0000, 0x0000, 0x0000, 0x0000,
    0x0000, 0x0000, 0x0000, 0x0000, 0x0000, 0x0000, 0x0000, 0x0000, 0x0000, 0x0000, 0x0000, 0x0000, 0x0000, 0x0000, 0x0000, 0x0000,
    0x0000, 0x0000, 0x0000, 0x0000, 0x0000, 0x0000, 0x0000, 0x0000, 0x0000, 0x0000, 0x0000, 0x0000, 0x0000, 0x0000, 0x0000, 0x0000,
    0x0000, 0x0000, 0x0000, 0x0000, 0x0000, 0x0000, 0x0000, 0x0000, 0x0000, 0x0000, 0x0000, 0x0000, 0x0000, 0x0000, 0x0000, 0x0000,
    0x0000, 0x0000, 0x0000, 0x0000, 0x0000, 0x0000, 0x0000, 0x0000, 0x0000, 0x0000, 0x0000, 0x0000, 0x0000, 0x0000, 0x0000, 0x0000,
    0x0000, 0x0000, 0x0000, 0x0000, 0x0000, 0x0000, 0x0000, 0x0000, 0x0000, 0x0000, 0x0000, 0x0000, 0x0000, 0x0000, 0x0000, 0x0000,
    0x0000, 0x0000, 0x0000, 0x0000, 0x0000, 0x0000, 0x0000, 0x0000, 0x0000, 0x0000, 0x0000, 0x0000, 0x0000, 0x0000, 0x0000, 0x0000,
    0x0000, 0x0000, 0x0000, 0x0000, 0x0000, 0x0000, 0x0000, 0x0000, 0x0000, 0x0000, 0x0000, 0x0000, 0x0000, 0x0000, 0x0000, 0x0000,
    0x0000, 0x0000, 0x0000, 0x0000, 0x0000, 0x0000, 0x0000, 0x0000, 0x0000, 0x0000, 0x0000, 0x0000, 0x0000, 0x0000, 0x0000, 0x0000,
    0x0000, 0x0000, 0x0000, 0x0000, 0x0000, 0x0000, 0x0000, 0x0000, 0x0000, 0x0000, 0x0000, 0x0000, 0x0000, 0x0000, 0x0000, 0x0000,
    0x0000, 0x0000, 0x0000, 0x0000, 0x0000, 0x0000, 0x0000, 0x0000, 0x0000, 0x0000, 0x0000, 0x0000, 0x0000, 0x0000, 0x0000, 0x0000,
    0x0000, 0x0000, 0x0000, 0x0000, 0x0000, 0x0000, 0x0000, 0x0000, 0x0000, 0x0000, 0x0000, 0x0000, 0x0000, 0x0000, 0x0000, 0x0000,
    0x0000, 0x0000, 0x0000, 0x0000, 0x0000, 0x0000, 0x0000, 0x0000, 0x0000, 0x0000, 0x0000, 0x0000, 0x0000, 0x0000, 0x0000, 0x0000,
    0x0000, 0x0000, 0x0000, 0x0000, 0x0000, 0x0000, 0x0000, 0x0000, 0x0000, 0x0000, 0x0000, 0x0000, 0x0000, 0x0000, 0x0000, 0x0000,
    0x0000, 0x0000, 0x0000, 0x0000, 0x0000, 0x0000, 0x0000, 0x0000, 0x0000, 0x0000, 0x0000, 0x0000, 0x0000, 0x0000, 0x0000, 0x0000,
    0x0000, 0x0000, 0x0000, 0x0000, 0x0000, 0x0000, 0x0000, 0x0000, 0x0000, 0x0000, 0x0000, 0x0000, 0x0000, 0x0000, 0x0000, 0x0000,
    0x0000, 0x0000, 0x0000, 0x0000, 0x0000, 0x0000, 0x0000, 0x0000, 0x0000, 0x0000, 0x0000, 0x0000, 0x0000, 0x0000, 0x0000, 0x0000,
    0x0000, 0x0000, 0x0000, 0x0000, 0x0000, 0x0000, 0x0000, 0x0000, 0x0000, 0x0000, 0x0000, 0x0000, 0x0000, 0x0000, 0x0000, 0x0000,
    0x0000, 0x0000, 0x0000, 0x0000, 0x0000, 0x0000, 0x0000, 0x0000, 0x0000, 0x0000, 0x0000, 0x0000, 0x0000, 0x0000, 0x0000, 0x0000,
    0x0000, 0x0000, 0x0000, 0x0000, 0x0000, 0x0000, 0x0000, 0x0000, 0x0000, 0x0000, 0x0000, 0x0000, 0x0000, 0x0000, 0x0000, 0x0000,
    0x0000, 0x0000, 0x0000, 0x0000, 0x0000, 0x0000, 0x0000, 0x0000, 0x0000, 0x0000, 0x0000, 0x0000, 0x0000, 0x0000, 0x0000, 0x0000,
    0x0000, 0x0000, 0x0000, 0x0000, 0x0000, 0x0000, 0x0000, 0x0000, 0x0000, 0x0000, 0x0000, 0x0000, 0x0000, 0x0000, 0x0000, 0x0000,
    0x0000, 0x0000, 0x0000, 0x0000, 0x0000, 0x0000, 0x0000, 0x0000, 0x0000, 0x0000, 0x0000, 0x0000, 0x0000, 0x0000, 0x0000, 0x0000,
    0x0000, 0x0000, 0x0000, 0x0000, 0x0000, 0x0000, 0x0000, 0x0000, 0x0000, 0x0000, 0x0000, 0x0000, 0x0000, 0x0000, 0x0000, 0x0000,
    0x0000, 0x0000, 0x0000, 0x0000, 0x0000, 0x0000, 0x0000, 0x0000, 0x0000, 0x0000, 0x0000, 0x0000, 0x0000, 0x0000, 0x0000, 0x0000,
    0x0000, 0x0000, 0x0000, 0x0000, 0x0000, 0x0000, 0x0000, 0x0000, 0x0000, 0x0000, 0x0000, 0x0000, 0x0000, 0x0000, 0x0000, 0x0000,
    0x0000, 0x0000, 0x0000, 0x0000, 0x0000, 0x0000, 0x0000, 0x0000, 0x0000, 0x0000, 0x0000, 0x0000, 0x0000, 0x0000, 0x0000, 0x0000,
    0x0000, 0x0000, 0x0000, 0x0000, 0x0000, 0x0000, 0x0000, 0x0000, 0x0000, 0x0000, 0x0000, 0x0000, 0x0000, 0x0000, 0x0000, 0x0000,
    0x0000, 0x0000, 0x0000, 0x0000, 0x0000, 0x0000, 0x0000, 0x0000, 0x0000, 0x0000, 0x0000, 0x0000, 0x0000, 0x0000, 0x0000, 0x0000,
    0x0000, 0x0000, 0x0000, 0x0000, 0x0000, 0x0000, 0x0000, 0x0000, 0x0000, 0x0000, 0x0000, 0x0000, 0x0000, 0x0000, 0x0000, 0x0000,
    0x0000, 0x0000, 0x0000, 0x0000, 0x0000, 0x0000, 0x0000, 0x0000, 0x0000, 0x0000, 0x0000, 0x0000, 0x0000, 0x0000, 0x0000, 0x0000,
    0x0000, 0x0000, 0x0000, 0x0000, 0x0000, 0x0000, 0x0000, 0x0000, 0x0000, 0x0000, 0x0000, 0x0000, 0x0000, 0x0000, 0x0000, 0x0000,
    0x0000, 0x0000, 0x0000, 0x0000, 0x0000, 0x0000, 0x0000, 0x0000, 0x0000, 0x0000, 0x0000, 0x0000, 0x0000, 0x0000, 0x0000, 0x0000,
    0x0000, 0x0000, 0x0000, 0x0000, 0x0000, 0x0000, 0x0000, 0x0000, 0x0000, 0x0000, 0x0000, 0x0000, 0x0000, 0x0000, 0x0000, 0x0000,
    0x0000, 0x0000, 0x0000, 0x0000, 0x0000, 0x0000, 0x0000, 0x0000, 0x0000, 0x0000, 0x0000, 0x0000, 0x0000, 0x0000, 0x0000, 0x0000,
    0x0000, 0x0000, 0x0000, 0x0000, 0x0000, 0x0000, 0x0000, 0x0000, 0x0000, 0x0000, 0x0000, 0x0000, 0x0000, 0x0000, 0x0000, 0x0000,
    0x0000, 0x0000, 0x0000, 0x0000, 0x0000, 0x0000, 0x0000, 0x0000, 0x0000, 0x0000, 0x0000, 0x0000, 0x0000, 0x0000, 0x0000, 0x0000,
    0x0000, 0x0000, 0x0000, 0x0000, 0x0000, 0x0000, 0x0000, 0x0000, 0x0000, 0x0000, 0x0000, 0x0000, 0x0000, 0x0000, 0x0000, 0x0000,
    0x0000, 0x0000, 0x0000, 0x0000, 0x0000, 0x0000, 0x0000, 0x0000, 0x0000, 0x0000, 0x0000, 0x0000, 0x0000, 0x0000, 0x0000, 0x0000,
    0x0000, 0x0000, 0x0000, 0x0000, 0x0000, 0x0000, 0x0000, 0x0000, 0x0000, 0x0000, 0x0000, 0x0000, 0x0000, 0x0000, 0x0000, 0x0000,
    0x0000, 0x0000, 0x0000, 0x0000, 0x0000, 0x0000, 0x0000, 0x0000, 0x0000, 0x0000, 0x0000, 0x0000, 0x0000, 0x0000, 0x0000, 0x0000,
    0x0000, 0x0000, 0x0000, 0x0000, 0x0000, 0x0000, 0x0000, 0x0000, 0x0000, 0x0000, 0x0000, 0x0000, 0x0000, 0x0000, 0x0000, 0x0000,
    0x0000, 0x0000, 0x0000, 0x0000, 0x0000, 0x0000, 0x0000, 0x0000, 0x0000, 0x0000, 0x0000, 0x0000, 0x0000, 0x0000, 0x0000, 0x0000,
    0x0000, 0x0000, 0x0000, 0x0000, 0x0000, 0x0000, 0x0000, 0x0000, 0x0000, 0x0000, 0x0000, 0x0000, 0x0000, 0x0000, 0x0000, 0x0000,
    0x0000, 0x0000, 0x0000, 0x0000, 0x0000, 0x0000, 0x0000, 0x0000, 0x0000, 0x0000, 0x0000, 0x0000, 0x0000, 0x0000, 0x0000, 0x0000,
    0x0000, 0x0000, 0x0000, 0x0000, 0x0000, 0x0000, 0x0000, 0x0000, 0x0000, 0x0000, 0x0000, 0x0000, 0x0000, 0x0000, 0x0000, 0x0000,
    0x0000, 0x0000, 0x0000, 0x0000, 0x0000, 0x0000, 0x0000, 0x0000, 0x0000, 0x0000, 0x0000, 0x0000, 0x0000, 0x0000, 0x0000, 0x0000,
    0x0000, 0x0000, 0x0000, 0x0000, 0x0000, 0x0000, 0x0000, 0x0000, 0x0000, 0x0000, 0x0000, 0x0000, 0x0000, 0x0000, 0x0000, 0x0000,
    0x0000, 0x0000, 0x0000, 0x0000, 0x0000, 0x0000, 0x0000, 0x0000, 0x0000, 0x0000, 0x0000, 0x0000, 0x0000, 0x0000, 0x0000, 0x0000,
    0x0000, 0x0000, 0x0000, 0x0000, 0x0000, 0x0000, 0x0000, 0x0000, 0x0000, 0x0000, 0x0000, 0x0000, 0x0000, 0x0000, 0x0000, 0x0000,
    0x0000, 0x0000, 0x0000, 0x0000, 0x0000, 0x0000, 0x0000, 0x0000, 0x0000, 0x0000, 0x0000, 0x0000, 0x0000, 0x0000, 0x0000, 0x0000,
    0x0000, 0x0000, 0x0000, 0x0000, 0x0000, 0x0000, 0x0000, 0x0000, 0x0000, 0x0000, 0x0000, 0x0000, 0x0000, 0x0000, 0x0000, 0x0000,
    0x0000, 0x0000, 0x0000, 0x0000, 0x0000, 0x0000, 0x0000, 0x0000, 0x0000, 0x0000, 0x0000, 0x0000, 0x0000, 0x0000, 0x0000, 0x0000,
    0x0000, 0x0000, 0x0000, 0x0000, 0x0000, 0x0000, 0x0000, 0x0000, 0x0000, 0x0000, 0x0000, 0x0000, 0x0000, 0x0000, 0x0000, 0x0000,
    0x0000, 0x0000, 0x0000, 0x0000, 0x0000, 0x0000, 0x0000, 0x0000, 0x0000, 0x0000, 0x0000, 0x0000, 0x0000, 0x0000, 0x0000, 0x0000,
    0x0000, 0x0000, 0x0000, 0x0000, 0x0000, 0x0000, 0x0000, 0x0000, 0x0000, 0x0000, 0x0000, 0x0000, 0x0000, 0x0000, 0x0000, 0x0000,
    0x0000, 0x0000, 0x0000, 0x0000, 0x0000, 0x0000, 0x0000, 0x0000, 0x0000, 0x0000, 0x0000, 0x0000, 0x0000, 0x0000, 0x0000, 0x0000,
    0x0000, 0x0000, 0x0000, 0x0000, 0x0000, 0x0000, 0x0000, 0x0000, 0x0000, 0x0000, 0x0000, 0x0000, 0x0000, 0x0000, 0x0000, 0x0000,
    0x0000, 0x0000, 0x0000, 0x0000, 0x0000, 0x0000, 0x0000, 0x0000, 0x0000, 0x0000, 0x0000, 0x0000, 0x0000, 0x0000, 0x0000, 0x0000,
    0x0000, 0x0000, 0x0000, 0x0000, 0x0000, 0x0000, 0x0000, 0x0000, 0x0000, 0x0000, 0x0000, 0x0000, 0x0000, 0x0000, 0x0000, 0x0000,
    0x0000, 0x0000, 0x0000, 0x0000, 0x0000, 0x0000, 0x0000, 0x0000, 0x0000, 0x0000, 0x0000, 0x0000, 0x0000, 0x0000, 0x0000, 0x0000,
    0x0000, 0x0000, 0x0000, 0x0000, 0x0000, 0x0000, 0x0000, 0x0000, 0x0000, 0x0000, 0x0000, 0x0000, 0x0000, 0x0000, 0x0000, 0x0000,
    0x0000, 0x0000, 0x0000, 0x0000, 0x0000, 0x0000, 0x0000, 0x0000, 0x0000, 0x0000, 0x0000, 0x0000, 0x0000, 0x0000, 0x0000, 0x0000,
    0x0000, 0x0000, 0x0000, 0x0000, 0x0000, 0x0000, 0x0000, 0x0000, 0x0000, 0x0000, 0x0000, 0x0000, 0x0000, 0x0000, 0x0000, 0x0000,
    0x0000, 0x0000, 0x0000, 0x0000, 0x0000, 0x0000, 0x0000, 0x0000, 0x0000, 0x0000, 0x0000, 0x0000, 0x0000, 0x0000, 0x0000, 0x0000,
    0x0000, 0x0000, 0x0000, 0x0000, 0x0000, 0x0000, 0x0000, 0x0000, 0x0000, 0x0000, 0x0000, 0x0000, 0x0000, 0x0000, 0x0000, 0x0000,
    0x0000, 0x0000, 0x0000, 0x0000, 0x0000, 0x0000, 0x0000, 0x0000, 0x0000, 0x0000, 0x0000, 0x0000, 0x0000, 0x0000, 0x0000, 0x0000,
    0x0000, 0x0000, 0x0000, 0x0000, 0x0000, 0x0000, 0x0000, 0x0000, 0x0000, 0x0000, 0x0000, 0x0000, 0x0000, 0x0000, 0x0000, 0x0000,
    0x0000, 0x0000, 0x0000, 0x0000, 0x0000, 0x0000, 0x0000, 0x0000, 0x0000, 0x0000, 0x0000, 0x0000, 0x0000, 0x0000, 0x0000, 0x0000,
    0x0000, 0x0000, 0x0000, 0x0000, 0x0000, 0x0000, 0x0000, 0x0000, 0x0000, 0x0000, 0x0000, 0x0000, 0x0000, 0x0000, 0x0000, 0x0000,
    0x0000, 0x0000, 0x0000, 0x0000, 0x0000, 0x0000, 0x0000, 0x0000, 0x0000, 0x0000, 0x0000, 0x0000, 0x0000, 0x0000, 0x0000, 0x0000,
    0x0000, 0x0000, 0x0000, 0x0000, 0x0000, 0x0000, 0x0000, 0x0000, 0x0000, 0x0000, 0x0000, 0x0000, 0x0000, 0x0000, 0x0000, 0x0000,
    0x0000, 0x0000, 0x0000, 0x0000, 0x0000, 0x0000, 0x0000, 0x0000, 0x0000, 0x0000, 0x0000, 0x0000, 0x0000, 0x0000, 0x0000, 0x0000,
    0x0000, 0x0000, 0x0000, 0x0000, 0x0000, 0x0000, 0x0000, 0x0000, 0x0000, 0x0000, 0x0000, 0x0000, 0x0000, 0x0000, 0x0000, 0x0000,
    0x0000, 0x0000, 0x0000, 0x0000, 0x0000, 0x0000, 0x0000, 0x0000, 0x0000, 0x0000, 0x0000, 0x0000, 0x0000, 0x0000, 0x0000, 0x0000,
    0x0000, 0x0000, 0x0000, 0x0000, 0x0000, 0x0000, 0x0000, 0x0000, 0x0000, 0x0000, 0x0000, 0x0000, 0x0000, 0x0000, 0x0000, 0x0000,
    0x0000, 0x0000, 0x0000, 0x0000, 0x0000, 0x0000, 0x0000, 0x0000, 0x0000, 0x0000, 0x0000, 0x0000, 0x0000, 0x0000, 0x0000, 0x0000,
    0x0000, 0x0000, 0x0000, 0x0000, 0x0000, 0x0000, 0x0000, 0x0000, 0x0000, 0x0000, 0x0000, 0x0000, 0x0000, 0x0000, 0x0000, 0x0000,
    0x0000, 0x0000, 0x0000, 0x0000, 0x0000, 0x0000, 0x0000, 0x0000, 0x0000, 0x0000, 0x0000, 0x0000, 0x0000, 0x0000, 0x0000, 0x0000,
    0x0000, 0x0000, 0x0000, 0x0000, 0x0000, 0x0000, 0x0000, 0x0000, 0x0000, 0x0000, 0x0000, 0x0000, 0x0000, 0x0000, 0x0000, 0x0000,
    0x0000, 0x0000, 0x0000, 0x0000, 0x0000, 0x0000, 0x0000, 0x0000, 0x0000, 0x0000, 0x0000, 0x0000, 0x0000, 0x0000, 0x0000, 0x0000,
    0x0000, 0x0000, 0x0000, 0x0000, 0x0000, 0x0000, 0x0000, 0x0000, 0x0000, 0x0000, 0x0000, 0x0000, 0x0000, 0x0000, 0x0000, 0x0000,
    0x0000, 0x0000, 0x0000, 0x0000, 0x0000, 0x0000, 0x0000, 0x0000, 0x0000, 0x0000, 0x0000, 0x0000, 0x0000, 0x0000, 0x0000, 0x0000,
    0x0000, 0x0000, 0x0000, 0x0000, 0x0000, 0x0000, 0x0000, 0x0000, 0x0000, 0x0000, 0x0000, 0x0000, 0x0000, 0x0000, 0x0000, 0x0000,
    0x0000, 0x0000, 0x0000, 0x0000, 0x0000, 0x0000, 0x0000, 0x0000, 0x0000, 0x0000, 0x0000, 0x0000, 0x0000, 0x0000, 0x0000, 0x0000,
    0x0000, 0x0000, 0x0000, 0x0000, 0x0000, 0x0000, 0x0000, 0x0000, 0x0000, 0x0000, 0x0000, 0x0000, 0x0000, 0x0000, 0x0000, 0x0000,
    0x0000, 0x0000, 0x0000, 0x0000, 0x0000, 0x0000, 0x0000, 0x0000, 0x0000, 0x0000, 0x0000, 0x0000, 0x0000, 0x0000, 0x0000, 0x0000,
    0x0000, 0x0000, 0x0000, 0x0000, 0x0000, 0x0000, 0x0000, 0x0000, 0x0000, 0x0000, 0x0000, 0x0000, 0x0000, 0x0000, 0x0000, 0x0000,
    0x0000, 0x0000, 0x0000, 0x0000, 0x0000, 0x0000, 0x0000, 0x0000, 0x0000, 0x0000, 0x0000, 0x0000, 0x0000, 0x0000, 0x0000, 0x0000,
    0x0000, 0x0000, 0x0000, 0x0000, 0x0000, 0x0000, 0x0000, 0x0000, 0x0000, 0x0000, 0x0000, 0x0000, 0x0000, 0x0000, 0x0000, 0x0000,
    0x0000, 0x0000, 0x0000, 0x0000, 0x0000, 0x0000, 0x0000, 0x0000, 0x0000, 0x0000, 0x0000, 0x0000, 0x0000, 0x0000, 0x0000, 0x0000,
    0x0000, 0x0000, 0x0000, 0x0000, 0x0000, 0x0000, 0x0000, 0x0000, 0x0000, 0x0000, 0x0000, 0x0000, 0x0000, 0x0000, 0x0000, 0x0000,
    0x0000, 0x0000, 0x0000, 0x0000, 0x0000, 0x0000, 0x0000, 0x0000, 0x0000, 0x0000, 0x0000, 0x0000, 0x0000, 0x0000, 0x0000, 0x0000,
    0x0000, 0x0000, 0x0000, 0x0000, 0x0000, 0x0000, 0x0000, 0x0000, 0x0000, 0x0000, 0x0000, 0x0000, 0x0000, 0x0000, 0x0000, 0x0000,
    0x0000, 0x0000, 0x0000, 0x0000, 0x0000, 0x0000, 0x0000, 0x0000, 0x0000, 0x0000, 0x0000, 0x0000, 0x0000, 0x0000, 0x0000, 0x0000,
    0x0000, 0x0000, 0x0000, 0x0000, 0x0000, 0x0000, 0x0000, 0x0000, 0x0000, 0x0000, 0x0000, 0x0000, 0x0000, 0x0000, 0x0000, 0x0000,
    0x0000, 0x0000, 0x0000, 0x0000, 0x0000, 0x0000, 0x0000, 0x0000, 0x0000, 0x0000, 0x0000, 0x0000, 0x0000, 0x0000, 0x0000, 0x0000,
    0x0000, 0x0000, 0x0000, 0x0000, 0x0000, 0x0000, 0x0000, 0x0000, 0x0000, 0x0000, 0x0000, 0x0000, 0x0000, 0x0000, 0x0000, 0x0000,
    0x0000, 0x0000, 0x0000, 0x0000, 0x0000, 0x0000, 0x0000, 0x0000, 0x0000, 0x0000, 0x0000, 0x0000, 0x0000, 0x0000, 0x0000, 0x0000,
    0x0000, 0x0000, 0x0000, 0x0000, 0x0000, 0x0000, 0x0000, 0x0000, 0x0000, 0x0000, 0x0000, 0x0000, 0x0000, 0x0000, 0x0000, 0x0000,
    0x0000, 0x0000, 0x0000, 0x0000, 0x0000, 0x0000, 0x0000, 0x0000, 0x0000, 0x0000, 0x0000, 0x0000, 0x0000, 0x0000, 0x0000, 0x0000,
    0x0000, 0x0000, 0x0000, 0x0000, 0x0000, 0x0000, 0x0000, 0x0000, 0x0000, 0x0000, 0x0000, 0x0000, 0x0000, 0x0000, 0x0000, 0x0000,
    0x0000, 0x0000, 0x0000, 0x0000, 0x0000, 0x0000, 0x0000, 0x0000, 0x0000, 0x0000, 0x0000, 0x0000, 0x0000, 0x0000, 0x0000, 0x0000,
    0x0000, 0x0000, 0x0000, 0x0000, 0x0000, 0x0000, 0x0000, 0x0000, 0x0000, 0x0000, 0x0000, 0x0000, 0x0000, 0x0000, 0x0000, 0x0000,
    0x0000, 0x0000, 0x0000, 0x0000, 0x0000, 0x0000, 0x0000, 0x0000, 0x0000, 0x0000, 0x0000, 0x0000, 0x0000, 0x0000, 0x0000, 0x0000,
    0x0000, 0x0000, 0x0000, 0x0000, 0x0000, 0x0000, 0x0000, 0x0000, 0x0000, 0x0000, 0x0000, 0x0000, 0x0000, 0x0000, 0x0000, 0x0000,
    0x0000, 0x0000, 0x0000, 0x0000, 0x0000, 0x0000, 0x0000, 0x0000, 0x0000, 0x0000, 0x0000, 0x0000, 0x0000, 0x0000, 0x0000, 0x0000,
    0x0000, 0x0000, 0x0000, 0x0000, 0x0000, 0x0000, 0x0000, 0x0000, 0x0000, 0x0000, 0x0000, 0x0000, 0x0000, 0x0000, 0x0000, 0x0000,
    0x0000, 0x0000, 0x0000, 0x0000, 0x0000, 0x0000, 0x0000, 0x0000, 0x0000, 0x0000, 0x0000, 0x0000, 0x0000, 0x0000, 0x0000, 0x0000,
    0x0000, 0x0000, 0x0000, 0x0000, 0x0000, 0x0000, 0x0000, 0x0000, 0x0000, 0x0000, 0x0000, 0x0000, 0x0000, 0x0000, 0x0000, 0x0000,
    0x0000, 0x0000, 0x0000, 0x0000, 0x0000, 0x0000, 0x0000, 0x0000, 0x0000, 0x0000, 0x0000, 0x0000, 0x0000, 0x0000, 0x0000, 0x0000,
    0x0000, 0x0000, 0x0000, 0x0000, 0x0000, 0x0000, 0x0000, 0x0000, 0x0000, 0x0000, 0x0000, 0x0000, 0x0000, 0x0000, 0x0000, 0x0000,
    0x0000, 0x0000, 0x0000, 0x0000, 0x0000, 0x0000, 0x0000, 0x0000, 0x0000, 0x0000, 0x0000, 0x0000, 0x0000, 0x0000, 0x0000, 0x0000,
    0x0000, 0x0000, 0x0000, 0x0000, 0x0000, 0x0000, 0x0000, 0x0000, 0x0000, 0x0000, 0x0000, 0x0000, 0x0000, 0x0000, 0x0000, 0x0000,
    0x0000, 0x0000, 0x0000, 0x0000, 0x0000, 0x0000, 0x0000, 0x0000, 0x0000, 0x0000, 0x0000, 0x0000, 0x0000, 0x0000, 0x0000, 0x0000,
    0x0000, 0x0000, 0x0000, 0x0000, 0x0000, 0x0000, 0x0000, 0x0000, 0x0000, 0x0000, 0x0000, 0x0000, 0x0000, 0x0000, 0x0000, 0x0000,
    0x0000, 0x0000, 0x0000, 0x0000, 0x0000, 0x0000, 0x0000, 0x0000, 0x0000, 0x0000, 0x0000, 0x0000, 0x0000, 0x0000, 0x0000, 0x0000,
    0x0000, 0x0000, 0x0000, 0x0000, 0x0000, 0x0000, 0x0000, 0x0000, 0x0000, 0x0000, 0x0000, 0x0000, 0x0000, 0x0000, 0x0000, 0x0000,
    0x0000, 0x0000, 0x0000, 0x0000, 0x0000, 0x0000, 0x0000, 0x0000, 0x0000, 0x0000, 0x0000, 0x0000, 0x0000, 0x0000, 0x0000, 0x0000,
    0x0000, 0x0000, 0x0000, 0x0000, 0x0000, 0x0000, 0x0000, 0x0000, 0x0000, 0x0000, 0x0000, 0x0000, 0x0000, 0x0000, 0x0000, 0x0000,
    0x0000, 0x0000, 0x0000, 0x0000, 0x0000, 0x0000, 0x0000, 0x0000, 0x0000, 0x0000, 0x0000, 0x0000, 0x0000, 0x0000, 0x0000, 0x0000,
    0x0000, 0x0000, 0x0000, 0x0000, 0x0000, 0x0000, 0x0000, 0x0000, 0x0000, 0x0000, 0x0000, 0x0000, 0x0000, 0x0000, 0x0000, 0x0000,
    0x0000, 0x0000, 0x0000, 0x0000, 0x0000, 0x0000, 0x0000, 0x0000, 0x0000, 0x0000, 0x0000, 0x0000, 0x0000, 0x0000, 0x0000, 0x0000,
    0x0000, 0x0000, 0x0000, 0x0000, 0x0000, 0x0000, 0x0000, 0x0000, 0x0000, 0x0000, 0x0000, 0x0000, 0x0000, 0x0000, 0x0000, 0x0000,
    0x0000, 0x0000, 0x0000, 0x0000, 0x0000, 0x0000, 0x0000, 0x0000, 0x0000, 0x0000, 0x0000, 0x0000, 0x0000, 0x0000, 0x0000, 0x0000,
    0x0000, 0x0000, 0x0000, 0x0000, 0x0000, 0x0000, 0x0000, 0x0000, 0x0000, 0x0000, 0x0000, 0x0000, 0x0000, 0x0000, 0x0000, 0x0000,
    0x0000, 0x0000, 0x0000, 0x0000, 0x0000, 0x0000, 0x0000, 0x0000, 0x0000, 0x0000, 0x0000, 0x0000, 0x0000, 0x0000, 0x0000, 0x0000,
    0x0000, 0x0000, 0x0000, 0x0000, 0x0000, 0x0000, 0x0000, 0x0000, 0x0000, 0x0000, 0x0000, 0x0000, 0x0000, 0x0000, 0x0000, 0x0000,
    0x0000, 0x0000, 0x0000, 0x0000, 0x0000, 0x0000, 0x0000, 0x0000, 0x0000, 0x0000, 0x0000, 0x0000, 0x0000, 0x0000, 0x0000, 0x0000,
    0x0000, 0x0000, 0x0000, 0x0000, 0x0000, 0x0000, 0x0000, 0x0000, 0x0000, 0x0000, 0x0000, 0x0000, 0x0000, 0x0000, 0x0000, 0x0000,
    0x0000, 0x0000, 0x0000, 0x0000, 0x0000, 0x0000, 0x0000, 0x0000, 0x0000, 0x0000, 0x0000, 0x0000, 0x0000, 0x0000, 0x0000, 0x0000,
    0x0000, 0x0000, 0x0000, 0x0000, 0x0000, 0x0000, 0x0000, 0x0000, 0x0000, 0x0000, 0x0000, 0x0000, 0x0000, 0x0000, 0x0000, 0x0000,
    0x0000, 0x0000, 0x0000, 0x0000, 0x0000, 0x0000, 0x0000, 0x0000, 0x0000, 0x0000, 0x0000, 0x0000, 0x0000, 0x0000, 0x0000, 0x0000,
    0x0000, 0x0000, 0x0000, 0x0000, 0x0000, 0x0000, 0x0000, 0x0000, 0x0000, 0x0000, 0x0000, 0x0000, 0x0000, 0x0000, 0x0000, 0x0000,
    0x0000, 0x0000, 0x0000, 0x0000, 0x0000, 0x0000, 0x0000, 0x0000, 0x0000, 0x0000, 0x0000, 0x0000, 0x0000, 0x0000, 0x0000, 0x0000,
    0x0000, 0x0000, 0x0000, 0x0000, 0x0000, 0x0000, 0x0000, 0x0000, 0x0000, 0x0000, 0x0000, 0x0000, 0x0000, 0x0000, 0x0000, 0x0000,
    0x0000, 0x0000, 0x0000, 0x0000, 0x0000, 0x0000, 0x0000, 0x0000, 0x0000, 0x0000, 0x0000, 0x0000, 0x0000, 0x0000, 0x0000, 0x0000,
    0x0000, 0x0000, 0x0000, 0x0000, 0x0000, 0x0000, 0x0000, 0x0000, 0x0000, 0x0000, 0x0000, 0x0000, 0x0000, 0x0000, 0x0000, 0x0000,
    0x0000, 0x0000, 0x0000, 0x0000, 0x0000, 0x0000, 0x0000, 0x0000, 0x0000, 0x0000, 0x0000, 0x0000, 0x0000, 0x0000, 0x0000, 0x0000,
    0x0000, 0x0000, 0x0000, 0x0000, 0x0000, 0x0000, 0x0000, 0x0000, 0x0000, 0x0000, 0x0000, 0x0000, 0x0000, 0x0000, 0x0000, 0x0000,
    0x0000, 0x0000, 0x0000, 0x0000, 0x0000, 0x0000, 0x0000, 0x0000, 0x0000, 0x0000, 0x0000, 0x0000, 0x0000, 0x0000, 0x0000, 0x0000,
    0x0000, 0x0000, 0x0000, 0x0000, 0x0000, 0x0000, 0x0000, 0x0000, 0x0000, 0x0000, 0x0000, 0x0000, 0x0000, 0x0000, 0x0000, 0x0000,
    0x0000, 0x0000, 0x0000, 0x0000, 0x0000, 0x0000, 0x0000, 0x0000, 0x0000, 0x0000, 0x0000, 0x0000, 0x0000, 0x0000, 0x0000, 0x0000,
    0x0000, 0x0000, 0x0000, 0x0000, 0x0000, 0x0000, 0x0000, 0x0000, 0x0000, 0x0000, 0x0000, 0x0000, 0x0000, 0x0000, 0x0000, 0x0000,
    0x0000, 0x0000, 0x0000, 0x0000, 0x0000, 0x0000, 0x0000, 0x0000, 0x0000, 0x0000, 0x0000, 0x0000, 0x0000, 0x0000, 0x0000, 0x0000,
    0x0000, 0x0000, 0x0000, 0x0000, 0x0000, 0x0000, 0x0000, 0x0000, 0x0000, 0x0000, 0x0000, 0x0000, 0x0000, 0x0000, 0x0000, 0x0000,
    0x0000, 0x0000, 0x0000, 0x0000, 0x0000, 0x0000, 0x0000, 0x0000, 0x0000, 0x0000, 0x0000, 0x0000, 0x0000, 0x0000, 0x0000, 0x0000,
    0x0000, 0x0000, 0x0000, 0x0000, 0x0000, 0x0000, 0x0000, 0x0000, 0x0000, 0x0000, 0x0000, 0x0000, 0x0000, 0x0000, 0x0000, 0x0000,
    0x0000, 0x0000, 0x0000, 0x0000, 0x0000, 0x0000, 0x0000, 0x0000, 0x0000, 0x0000, 0x0000, 0x0000, 0x0000, 0x0000, 0x0000, 0x0000,
    0x0000, 0x0000, 0x0000, 0x0000, 0x0000, 0x0000, 0x0000, 0x0000, 0x0000, 0x0000, 0x0000, 0x0000, 0x0000, 0x0000, 0x0000, 0x0000,
    0x0000, 0x0000, 0x0000, 0x0000, 0x0000, 0x0000, 0x0000, 0x0000, 0x0000, 0x0000, 0x0000, 0x0000, 0x0000, 0x0000, 0x0000, 0x0000,
    0x0000, 0x0000, 0x0000, 0x0000, 0x0000, 0x0000, 0x0000, 0x0000, 0x0000, 0x0000, 0x0000, 0x0000, 0x0000, 0x0000, 0x0000, 0x0000,
    0x0000, 0x0000, 0x0000, 0x0000, 0x0000, 0x0000, 0x0000, 0x0000, 0x0000, 0x0000, 0x0000, 0x0000, 0x0000, 0x0000, 0x0000, 0x0000,
    0x0000, 0x0000, 0x0000, 0x0000, 0x0000, 0x0000, 0x0000, 0x0000, 0x0000, 0x0000, 0x0000, 0x0000, 0x0000, 0x0000, 0x0000, 0x0000,
    0x0000, 0x0000, 0x0000, 0x0000, 0x0000, 0x0000, 0x0000, 0x0000, 0x0000, 0x0000, 0x0000, 0x0000, 0x0000, 0x0000, 0x0000, 0x0000,
    0x0000, 0x0000, 0x0000, 0x0000, 0x0000, 0x0000, 0x0000, 0x0000, 0x0000, 0x0000, 0x0000, 0x0000, 0x0000, 0x0000, 0x0000, 0x0000,
    0x0000, 0x0000, 0x0000, 0x0000, 0x0000, 0x0000, 0x0000, 0x0000, 0x0000, 0x0000, 0x0000, 0x0000, 0x0000, 0x0000, 0x0000, 0x0000,
    0x0000, 0x0000, 0x0000, 0x0000, 0x0000, 0x0000, 0x0000, 0x0000, 0x0000, 0x0000, 0x0000, 0x0000, 0x0000, 0x0000, 0x0000, 0x0000,
    0x0000, 0x0000, 0x0000, 0x0000, 0x0000, 0x0000, 0x0000, 0x0000, 0x0000, 0x0000, 0x0000, 0x0000, 0x0000, 0x0000, 0x0000, 0x0000,
    0x0000, 0x0000, 0x0000, 0x0000, 0x0000, 0x0000, 0x0000, 0x0000, 0x0000, 0x0000, 0x0000, 0x0000, 0x0000, 0x0000, 0x0000, 0x0000,
    0x0000, 0x0000, 0x0000, 0x0000, 0x0000, 0x0000, 0x0000, 0x0000, 0x0000, 0x0000, 0x0000, 0x0000, 0x0000, 0x0000, 0x0000, 0x0000,
    0x0000, 0x0000, 0x0000, 0x0000, 0x0000, 0x0000, 0x0000, 0x0000, 0x0000, 0x0000, 0x0000, 0x0000, 0x0000, 0x0000, 0x0000, 0x0000,
    0x0000, 0x0000, 0x0000, 0x0000, 0x0000, 0x0000, 0x0000, 0x0000, 0x0000, 0x0000, 0x0000, 0x0000, 0x0000, 0x0000, 0x0000, 0x0000,
    0x0000, 0x0000, 0x0000, 0x0000, 0x0000, 0x0000, 0x0000, 0x0000, 0x0000, 0x0000, 0x0000, 0x0000, 0x0000, 0x0000, 0x0000, 0x0000,
    0x0000, 0x0000, 0x0000, 0x0000, 0x0000, 0x0000, 0x0000, 0x0000, 0x0000, 0x0000, 0x0000, 0x0000, 0x0000, 0x0000, 0x0000, 0x0000,
    0x0000, 0x0000, 0x0000, 0x0000, 0x0000, 0x0000, 0x0000, 0x0000, 0x0000, 0x0000, 0x0000, 0x0000, 0x0000, 0x0000, 0x0000, 0x0000,
    0x0000, 0x0000, 0x0000, 0x0000, 0x0000, 0x0000, 0x0000, 0x0000, 0x0000, 0x0000, 0x0000, 0x0000, 0x0000, 0x0000, 0x0000, 0x0000,
    0x0000, 0x0000, 0x0000, 0x0000, 0x0000, 0x0000, 0x0000, 0x0000, 0x0000, 0x0000, 0x0000, 0x0000, 0x0000, 0x0000, 0x0000, 0x0000,
    0x0000, 0x0000, 0x0000, 0x0000, 0x0000, 0x0000, 0x0000, 0x0000, 0x0000, 0x0000, 0x0000, 0x0000, 0x0000, 0x0000, 0x0000, 0x0000,
    0x0000, 0x0000, 0x0000, 0x0000, 0x0000, 0x0000, 0x0000, 0x0000, 0x0000, 0x0000, 0x0000, 0x0000, 0x0000, 0x0000, 0x0000, 0x0000,
    0x0000, 0x0000, 0x0000, 0x0000, 0x0000, 0x0000, 0x0000, 0x0000, 0x0000, 0x0000, 0x0000, 0x0000, 0x0000, 0x0000, 0x0000, 0x0000,
    0x0000, 0x0000, 0x0000, 0x0000, 0x0000, 0x0000, 0x0000, 0x0000, 0x0000, 0x0000, 0x0000, 0x0000, 0x0000, 0x0000, 0x0000, 0x0000,
    0x0000, 0x0000, 0x0000, 0x0000, 0x0000, 0x0000, 0x0000, 0x0000, 0x0000, 0x0000, 0x0000, 0x0000, 0x0000, 0x0000, 0x0000, 0x0000,
    0x0000, 0x0000, 0x0000, 0x0000, 0x0000, 0x0000, 0x0000, 0x0000, 0x0000, 0x0000, 0x0000, 0x0000, 0x0000, 0x0000, 0x0000, 0x0000,
    0x0000, 0x0000, 0x0000, 0x0000, 0x0000, 0x0000, 0x0000, 0x0000, 0x0000, 0x0000, 0x0000, 0x0000, 0x0000, 0x0000, 0x0000, 0x0000,
    0x0000, 0x0000, 0x0000, 0x0000, 0x0000, 0x0000, 0x0000, 0x0000, 0x0000, 0x0000, 0x0000, 0x0000, 0x0000, 0x0000, 0x0000, 0x0000,
    0x0000, 0x0000, 0x0000, 0x0000, 0x0000, 0x0000, 0x0000, 0x0000, 0x0000, 0x0000, 0x0000, 0x0000, 0x0000, 0x0000, 0x0000, 0x0000,
    0x0000, 0x0000, 0x0000, 0x0000, 0x0000, 0x0000, 0x0000, 0x0000, 0x0000, 0x0000, 0x0000, 0x0000, 0x0000, 0x0000, 0x0000, 0x0000,
    0x0000, 0x0000, 0x0000, 0x0000, 0x0000, 0x0000, 0x0000, 0x0000, 0x0000, 0x0000, 0x0000, 0x0000, 0x0000, 0x0000, 0x0000, 0x0000,
    0x0000, 0x0000, 0x0000, 0x0000, 0x0000, 0x0000, 0x0000, 0x0000, 0x0000, 0x0000, 0x0000, 0x0000, 0x0000, 0x0000, 0x0000, 0x0000,
    0x0000, 0x0000, 0x0000, 0x0000, 0x0000, 0x0000, 0x0000, 0x0000, 0x0000, 0x0000, 0x0000, 0x0000, 0x0000, 0x0000, 0x0000, 0x0000,
    0x0000, 0x0000, 0x0000, 0x0000, 0x0000, 0x0000, 0x0000, 0x0000, 0x0000, 0x0000, 0x0000, 0x0000, 0x0000, 0x0000, 0x0000, 0x0000,
    0x0000, 0x0000, 0x0000, 0x0000, 0x0000, 0x0000, 0x0000, 0x0000, 0x0000, 0x0000, 0x0000, 0x0000, 0x0000, 0x0000, 0x0000, 0x0000,
    0x0000, 0x0000, 0x0000, 0x0000, 0x0000, 0x0000, 0x0000, 0x0000, 0x0000, 0x0000, 0x0000, 0x0000, 0x0000, 0x0000, 0x0000, 0x0000,
    0x0000, 0x0000, 0x0000, 0x0000, 0x0000, 0x0000, 0x0000, 0x0000, 0x0000, 0x0000, 0x0000, 0x0000, 0x0000, 0x0000, 0x0000, 0x0000,
    0x0000, 0x0000, 0x0000, 0x0000, 0x0000, 0x0000, 0x0000, 0x0000, 0x0000, 0x0000, 0x0000, 0x0000, 0x0000, 0x0000, 0x0000, 0x0000,
    0x0000, 0x0000, 0x0000, 0x0000, 0x0000, 0x0000, 0x0000, 0x0000, 0x0000, 0x0000, 0x0000, 0x0000, 0x0000, 0x0000, 0x0000, 0x0000,
    0x0000, 0x0000, 0x0000, 0x0000, 0x0000, 0x0000, 0x0000, 0x0000, 0x0000, 0x0000, 0x0000, 0x0000, 0x0000, 0x0000, 0x0000, 0x0000,
    0x0000, 0x0000, 0x0000, 0x0000, 0x0000, 0x0000, 0x0000, 0x0000, 0x0000, 0x0000, 0x0000, 0x0000, 0x0000, 0x0000, 0x0000, 0x0000,
    0x0000, 0x0000, 0x0000, 0x0000, 0x0000, 0x0000, 0x0000, 0x0000, 0x0000, 0x0000, 0x0000, 0x0000, 0x0000, 0x0000, 0x0000, 0x0000,
    0x0000, 0x0000, 0x0000, 0x0000, 0x0000, 0x0000, 0x0000, 0x0000, 0x0000, 0x0000, 0x0000, 0x0000, 0x0000, 0x0000, 0x0000, 0x0000,
    0x0000, 0x0000, 0x0000, 0x0000, 0x0000, 0x0000, 0x0000, 0x0000, 0x0000, 0x0000, 0x0000, 0x0000, 0x0000, 0x0000, 0x0000, 0x0000,
    0x0000, 0x0000, 0x0000, 0x0000, 0x0000, 0x0000, 0x0000, 0x0000, 0x0000, 0x0000, 0x0000, 0x0000, 0x0000, 0x0000, 0x0000, 0x0000,
    0x0000, 0x0000, 0x0000, 0x0000, 0x0000, 0x0000, 0x0000, 0x0000, 0x0000, 0x0000, 0x0000, 0x0000, 0x0000, 0x0000, 0x0000, 0x0000,
    0x0000, 0x0000, 0x0000, 0x0000, 0x0000, 0x0000, 0x0000, 0x0000, 0x0000, 0x0000, 0x0000, 0x0000, 0x0000, 0x0000, 0x0000, 0x0000,
    0x0000, 0x0000, 0x0000, 0x0000, 0x0000, 0x0000, 0x0000, 0x0000, 0x0000, 0x0000, 0x0000, 0x0000, 0x0000, 0x0000, 0x0000, 0x0000,
    0x0000, 0x0000, 0x0000, 0x0000, 0x0000, 0x0000, 0x0000, 0x0000, 0x0000, 0x0000, 0x0000, 0x0000, 0x0000, 0x0000, 0x0000, 0x0000,
    0x0000, 0x0000, 0x0000, 0x0000, 0x0000, 0x0000, 0x0000, 0x0000, 0x0000, 0x0000, 0x0000, 0x0000, 0x0000, 0x0000, 0x0000, 0x0000,
    0x0000, 0x0000, 0x0000, 0x0000, 0x0000, 0x0000, 0x0000, 0x0000, 0x0000, 0x0000, 0x0000, 0x0000, 0x0000, 0x0000, 0x0000, 0x0000,
    0x0000, 0x0000, 0x0000, 0x0000, 0x0000, 0x0000, 0x0000, 0x0000, 0x0000, 0x0000, 0x0000, 0x0000, 0x0000, 0x0000, 0x0000, 0x0000,
    0x0000, 0x0000, 0x0000, 0x0000, 0x0000, 0x0000, 0x0000, 0x0000, 0x0000, 0x0000, 0x0000, 0x0000, 0x0000, 0x0000, 0x0000, 0x0000,
    0x0000, 0x0000, 0x0000, 0x0000, 0x0000, 0x0000, 0x0000, 0x0000, 0x0000, 0x0000, 0x0000, 0x0000, 0x0000, 0x0000, 0x0000, 0x0000,
    0x0000, 0x0000, 0x0000, 0x0000, 0x0000, 0x0000, 0x0000, 0x0000, 0x0000, 0x0000, 0x0000, 0x0000, 0x0000, 0x0000, 0x0000, 0x0000,
    0x0000, 0x0000, 0x0000, 0x0000, 0x0000, 0x0000, 0x0000, 0x0000, 0x0000, 0x0000, 0x0000, 0x0000, 0x0000, 0x0000, 0x0000, 0x0000,
    0x0000, 0x0000, 0x0000, 0x0000, 0x0000, 0x0000, 0x0000, 0x0000, 0x0000, 0x0000, 0x0000, 0x0000, 0x0000, 0x0000, 0x0000, 0x0000,
    0x0000, 0x0000, 0x0000, 0x0000, 0x0000, 0x0000, 0x0000, 0x0000, 0x0000, 0x0000, 0x0000, 0x0000, 0x0000, 0x0000, 0x0000, 0x0000,
    0x0000, 0x0000, 0x0000, 0x0000, 0x0000, 0x0000, 0x0000, 0x0000, 0x0000, 0x0000, 0x0000, 0x0000, 0x0000, 0x0000, 0x0000, 0x0000,
    0x0000, 0x0000, 0x0000, 0x0000, 0x0000, 0x0000, 0x0000, 0x0000, 0x0000, 0x0000, 0x0000, 0x0000, 0x0000, 0x0000, 0x0000, 0x0000,
    0x0000, 0x0000, 0x0000, 0x0000, 0x0000, 0x0000, 0x0000, 0x0000, 0x0000, 0x0000, 0x0000, 0x0000, 0x0000, 0x0000, 0x0000, 0x0000,
    0x0000, 0x0000, 0x0000, 0x0000, 0x0000, 0x0000, 0x0000, 0x0000, 0x0000, 0x0000, 0x0000, 0x0000, 0x0000, 0x0000, 0x0000, 0x0000,
    0x0000, 0x0000, 0x0000, 0x0000, 0x0000, 0x0000, 0x0000, 0x0000, 0x0000, 0x0000, 0x0000, 0x0000, 0x0000, 0x0000, 0x0000, 0x0000,
    0x0000, 0x0000, 0x0000, 0x0000, 0x0000, 0x0000, 0x0000, 0x0000, 0x0000, 0x0000, 0x0000, 0x0000, 0x0000, 0x0000, 0x0000, 0x0000,
    0x0000, 0x0000, 0x0000, 0x0000, 0x0000, 0x0000, 0x0000, 0x0000, 0x0000, 0x0000, 0x0000, 0x0000, 0x0000, 0x0000, 0x0000, 0x0000,
    0x0000, 0x0000, 0x0000, 0x0000, 0x0000, 0x0000, 0x0000, 0x0000, 0x0000, 0x0000, 0x0000, 0x0000, 0x0000, 0x0000, 0x0000, 0x0000,
    0x0000, 0x0000, 0x0000, 0x0000, 0x0000, 0x0000, 0x0000, 0x0000, 0x0000, 0x0000, 0x0000, 0x0000, 0x0000, 0x0000, 0x0000, 0x0000,
    0x0000, 0x0000, 0x0000, 0x0000, 0x0000, 0x0000, 0x0000, 0x0000, 0x0000, 0x0000, 0x0000, 0x0000, 0x0000, 0x0000, 0x0000, 0x0000,
    0x0000, 0x0000, 0x0000, 0x0000, 0x0000, 0x0000, 0x0000, 0x0000, 0x0000, 0x0000, 0x0000, 0x0000, 0x0000, 0x0000, 0x0000, 0x0000,
    0x0000, 0x0000, 0x0000, 0x0000, 0x0000, 0x0000, 0x0000, 0x0000, 0x0000, 0x0000, 0x0000, 0x0000, 0x0000, 0x0000, 0x0000, 0x0000,
    0x0000, 0x0000, 0x0000, 0x0000, 0x0000, 0x0000, 0x0000, 0x0000, 0x0000, 0x0000, 0x0000, 0x0000, 0x0000, 0x0000, 0x0000, 0x0000,
    0x0000, 0x0000, 0x0000, 0x0000, 0x0000, 0x0000, 0x0000, 0x0000, 0x0000, 0x0000, 0x0000, 0x0000, 0x0000, 0x0000, 0x0000, 0x0000,
    0x0000, 0x0000, 0x0000, 0x0000, 0x0000, 0x0000, 0x0000, 0x0000, 0x0000, 0x0000, 0x0000, 0x0000, 0x0000, 0x0000, 0x0000, 0x0000,
    0x0000, 0x0000, 0x0000, 0x0000, 0x0000, 0x0000, 0x0000, 0x0000, 0x0000, 0x0000, 0x0000, 0x0000, 0x0000, 0x0000, 0x0000, 0x0000,
    0x0000, 0x0000, 0x0000, 0x0000, 0x0000, 0x0000, 0x0000, 0x0000, 0x0000, 0x0000, 0x0000, 0x0000, 0x0000, 0x0000, 0x0000, 0x0000,
    0x0000, 0x0000, 0x0000, 0x0000, 0x0000, 0x0000, 0x0000, 0x0000, 0x0000, 0x0000, 0x0000, 0x0000, 0x0000, 0x0000, 0x0000, 0x0000,
    0x0000, 0x0000, 0x0000, 0x0000, 0x0000, 0x0000, 0x0000, 0x0000, 0x0000, 0x0000, 0x0000, 0x0000, 0x0000, 0x0000, 0x0000, 0x0000,
    0x0000, 0x0000, 0x0000, 0x0000, 0x0000, 0x0000, 0x0000, 0x0000, 0x0000, 0x0000, 0x0000, 0x0000, 0x0000, 0x0000, 0x0000, 0x0000,
    0x0000, 0x0000, 0x0000, 0x0000, 0x0000, 0x0000, 0x0000, 0x0000, 0x0000, 0x0000, 0x0000, 0x0000, 0x0000, 0x0000, 0x0000, 0x0000,
    0x0000, 0x0000, 0x0000, 0x0000, 0x0000, 0x0000, 0x0000, 0x0000, 0x0000, 0x0000, 0x0000, 0x0000, 0x0000, 0x0000, 0x0000, 0x0000,
    0x0000, 0x0000, 0x0000, 0x0000, 0x0000, 0x0000, 0x0000, 0x0000, 0x0000, 0x0000, 0x0000, 0x0000, 0x0000, 0x0000, 0x0000, 0x0000,
    0x0000, 0x0000, 0x0000, 0x0000, 0x0000, 0x0000, 0x0000, 0x0000, 0x0000, 0x0000, 0x0000, 0x0000, 0x0000, 0x0000, 0x0000, 0x0000,
    0x0000, 0x0000, 0x0000, 0x0000, 0x0000, 0x0000, 0x0000, 0x0000, 0x0000, 0x0000, 0x0000, 0x0000, 0x0000, 0x0000, 0x0000, 0x0000,
    0x0000, 0x0000, 0x0000, 0x0000, 0x0000, 0x0000, 0x0000, 0x0000, 0x0000, 0x0000, 0x0000, 0x0000, 0x0000, 0x0000, 0x0000, 0x0000,
    0x0000, 0x0000, 0x0000, 0x0000, 0x0000, 0x0000, 0x0000, 0x0000, 0x0000, 0x0000, 0x0000, 0x0000, 0x0000, 0x0000, 0x0000, 0x0000,
    0x0000, 0x0000, 0x0000, 0x0000, 0x0000, 0x0000, 0x0000, 0x0000, 0x0000, 0x0000, 0x0000, 0x0000, 0x0000, 0x0000, 0x0000, 0x0000,
    0x0000, 0x0000, 0x0000, 0x0000, 0x0000, 0x0000, 0x0000, 0x0000, 0x0000, 0x0000, 0x0000, 0x0000, 0x0000, 0x0000, 0x0000, 0x0000,
    0x0000, 0x0000, 0x0000, 0x0000, 0x0000, 0x0000, 0x0000, 0x0000, 0x0000, 0x0000, 0x0000, 0x0000, 0x0000, 0x0000, 0x0000, 0x0000,
    0x0000, 0x0000, 0x0000, 0x0000, 0x0000, 0x0000, 0x0000, 0x0000, 0x0000, 0x0000, 0x0000, 0x0000, 0x0000, 0x0000, 0x0000, 0x0000,
    0x0000, 0x0000, 0x0000, 0x0000, 0x0000, 0x0000, 0x0000, 0x0000, 0x0000, 0x0000, 0x0000, 0x0000, 0x0000, 0x0000, 0x0000, 0x0000,
    0x0000, 0x0000, 0x0000, 0x0000, 0x0000, 0x0000, 0x0000, 0x0000, 0x0000, 0x0000, 0x0000, 0x0000, 0x0000, 0x0000, 0x0000, 0x0000,
    0x0000, 0x0000, 0x0000, 0x0000, 0x0000, 0x0000, 0x0000, 0x0000, 0x0000, 0x0000, 0x0000, 0x0000, 0x0000, 0x0000, 0x0000, 0x0000,
    0x0000, 0x0000, 0x0000, 0x0000, 0x0000, 0x0000, 0x0000, 0x0000, 0x0000, 0x0000, 0x0000, 0x0000, 0x0000, 0x0000, 0x0000, 0x0000,
    0x0000, 0x0000, 0x0000, 0x0000, 0x0000, 0x0000, 0x0000, 0x0000, 0x0000, 0x0000, 0x0000, 0x0000, 0x0000, 0x0000, 0x0000, 0x0000,
    0x0000, 0x0000, 0x0000, 0x0000, 0x0000, 0x0000, 0x0000, 0x0000, 0x0000, 0x0000, 0x0000, 0x0000, 0x0000, 0x0000, 0x0000, 0x0000,
    0x0000, 0x0000, 0x0000, 0x0000, 0x0000, 0x0000, 0x0000, 0x0000, 0x0000, 0x0000, 0x0000, 0x0000, 0x0000, 0x0000, 0x0000, 0x0000,
    0x0000, 0x0000, 0x0000, 0x0000, 0x0000, 0x0000, 0x0000, 0x0000, 0x0000, 0x0000, 0x0000, 0x0000, 0x0000, 0x0000, 0x0000, 0x0000,
    0x0000, 0x0000, 0x0000, 0x0000, 0x0000, 0x0000, 0x0000, 0x0000, 0x0000, 0x0000, 0x0000, 0x0000, 0x0000, 0x0000, 0x0000, 0x0000,
    0x0000, 0x0000, 0x0000, 0x0000, 0x0000, 0x0000, 0x0000, 0x0000, 0x0000, 0x0000, 0x0000, 0x0000, 0x0000, 0x0000, 0x0000, 0x0000,
    0x0000, 0x0000, 0x0000, 0x0000, 0x0000, 0x0000, 0x0000, 0x0000, 0x0000, 0x0000, 0x0000, 0x0000, 0x0000, 0x0000, 0x0000, 0x0000,
    0x0000, 0x0000, 0x0000, 0x0000, 0x0000, 0x0000, 0x0000, 0x0000, 0x0000, 0x0000, 0x0000, 0x0000, 0x0000, 0x0000, 0x0000, 0x0000,
    0x0000, 0x0000, 0x0000, 0x0000, 0x0000, 0x0000, 0x0000, 0x0000, 0x0000, 0x0000, 0x0000, 0x0000, 0x0000, 0x0000, 0x0000, 0x0000,
    0x0000, 0x0000, 0x0000, 0x0000, 0x0000, 0x0000, 0x0000, 0x0000, 0x0000, 0x0000, 0x0000, 0x0000, 0x0000, 0x0000, 0x0000, 0x0000,
    0x0000, 0x0000, 0x0000, 0x0000, 0x7AA7, 0xA3AA, 0x4A6C, 0x426C, 0x4A6C, 0x4AAD, 0xA36A, 0xA36A, 0xA369, 0xA369, 0xA369, 0xA36A,
    0xA36A, 0xA36A, 0xA36A, 0xA36A, 0xABCA, 0xABCA, 0xABCA, 0xFDEF, 0xFE2F, 0xFE2F, 0xFE2F, 0xFE2F, 0xFDEF, 0xFDEF, 0xFDEF, 0xFDEF,
    0xFDCF, 0xFDCF, 0xFDCF, 0xFDCF, 0xFDCF, 0xFDCF, 0xFDCF, 0xED4E, 0xED4E, 0xED4E, 0xED4E, 0xED4E, 0xED4E, 0xED4E, 0xED4E, 0xED4E,
    0xED2E, 0xED2E, 0x3A0B, 0x422C, 0x424C, 0x424C, 0x424C, 0x424C, 0x424C, 0x424C, 0x424C, 0x424C, 0x424C, 0x424C, 0x424C, 0x424C,
    0x424C, 0x424C, 0x424C, 0x424C, 0x424C, 0x424C, 0x424C, 0x424C, 0x424C, 0x424C, 0x424C, 0x424C, 0x424C, 0x424C, 0x424C, 0x424C,
    0x424C, 0x4A8D, 0x52EE, 0x9D37, 0xB63A, 0xBE3A, 0xBE3A, 0xB63A, 0xBE3A, 0xBE3A, 0xB63A, 0xBE3A, 0xBE3A, 0xBE3A, 0xBE3A, 0xBE5A,
    0xBE3A, 0xBE3A, 0xBE5A, 0xBE5A, 0xBE5A, 0xBE5A, 0xBE5A, 0xBE5A, 0xBE5A, 0xBE5A, 0xBE5A, 0xBE5A, 0xBE5A, 0xBE5A, 0xBE5A, 0xBE5A,
    0xBE5A, 0xBE7A, 0xBE7A, 0xBE7A, 0xBE7A, 0xBE7A, 0xBE7A, 0xBE7A, 0xBE7A, 0xBE7A, 0xBE7A, 0xBE7A, 0xBE7A, 0xBE7A, 0xBE7A, 0xBE7A,
    0xBE7A, 0xBE7A, 0xBE7A, 0xBE7A, 0xBE7A, 0xBE7A, 0xBE7A, 0xBE7A, 0xBE7A, 0xBE7A, 0xBE7A, 0xBE7A, 0xBE7A, 0xBE7A, 0xBE7A, 0xBE7A,
    0xBE7A, 0xBE7A, 0xBE7A, 0xBE7A, 0xBE7A, 0xBE7A, 0xBE7A, 0xBE7A, 0xBE7A, 0xBE7A, 0xBE7A, 0xBE7A, 0xBE7A, 0xBE7A, 0xBE7A, 0xBE7A,
    0xBE7A, 0xBE7A, 0xBE7A, 0xBE7A, 0xBE7A, 0xBE7A, 0xBE7A, 0xBE7A, 0xBE7A, 0xBE7A, 0xBE7A, 0xBE7A, 0xBE5A, 0x52EE, 0x4A8D, 0x424C,
    0x424C, 0x424C, 0x424C, 0x424C, 0x424C, 0x424C, 0x422B, 0x3A0B, 0x3A0B, 0x3A0B, 0x3A0B, 0x3A0B, 0x3A0B, 0x3A0B, 0x3A2B, 0x3A2B,
    0x3A0B, 0x3A0B, 0x3A0B, 0x3A2B, 0x424C, 0x424C, 0x424C, 0x424C, 0x424C, 0x424C, 0x424C, 0x424C, 0x424C, 0x424C, 0xFDEF, 0xFDEF,
    0xFDEF, 0xFE2F, 0xFE2F, 0xFE2F, 0xFE2F, 0xFDEF, 0xFDEF, 0xFDEF, 0xFDEF, 0xFDEF, 0xFDEF, 0xFDEF, 0xFDEF, 0xFDEF, 0xFDEF, 0xFDEF,
    0xFDEF, 0xED6E, 0xED6E, 0xED6E, 0xED6E, 0xED6E, 0xED6E, 0xED6E, 0xED6E, 0xED6E, 0xED6E, 0xED6E, 0xFDEF, 0xFDEF, 0xFDEF, 0xFDEF,
    0xFE2F, 0xFE2F, 0xFE2F, 0xFE2F, 0xFDEF, 0xFDEF, 0xFDEF, 0x4AAD, 0x426C, 0x4A6C, 0x4A6C, 0x4AAD, 0x0000, 0x0000, 0x0000, 0x0000,
    0x0000, 0x0000, 0x0000, 0x0000, 0x0000, 0x0000, 0x0000, 0x0000, 0x0000, 0x0000, 0x0000, 0x0000, 0x0000, 0x0000, 0x0000, 0x0000,
    0x0000, 0x0000, 0x0000, 0x0000, 0x0000, 0x0000, 0x0000, 0x0000, 0x0000, 0x0000, 0x0000, 0x0000, 0x0000, 0x0000, 0x0000, 0x0000,
    0x0000, 0x0000, 0x0000, 0x0000, 0x0000, 0x0000, 0x0000, 0x0000, 0x0000, 0x0000, 0x0000, 0x0000, 0x0000, 0x0000, 0x0000, 0x0000,
    0x0000, 0x0000, 0x0000, 0x0000, 0x0000, 0x0000, 0x0000, 0x0000, 0x0000, 0x0000, 0x0000, 0x0000, 0x0000, 0x0000, 0x0000, 0x0000,
    0x0000, 0x0000, 0x0000, 0x0000, 0x7AA7, 0xA38A, 0x31A9, 0x31CA, 0x31CA, 0x39EA, 0xA369, 0xA369, 0xA369, 0xA36A, 0xA36A, 0xA36A,
    0xA36A, 0xA36A, 0xA369, 0xA36A, 0xABCA, 0xABCA, 0xABCA, 0xFDEF, 0xFE2F, 0xFE2F, 0xFE2F, 0xFE2F, 0xFDEF, 0xFDEF, 0xFDCF, 0xFDCF,
    0xFDCF, 0xFDCF, 0xFDCF, 0xFDCF, 0xFDCF, 0xFDCF, 0xFDCF, 0xED4E, 0xED4E, 0xED4E, 0xED4E, 0xED4E, 0xED2E, 0xED2E, 0xED2E, 0xED2E,
    0xED2E, 0xED2E, 0x426C, 0x4A8D, 0x4AAD, 0x4AAD, 0x52EE, 0x52EE, 0x52EE, 0x52EE, 0x52EE, 0x52EE, 0x52EE, 0x52EE, 0x52EE, 0x52EE,
    0x52EE, 0x52EE, 0x52EE, 0x52EE, 0x52EE, 0x52EE, 0x52EE, 0x52EE, 0x52EE, 0x52EE, 0x52EE, 0x52EE, 0x52EE, 0x52EE, 0x52EE, 0x52EE,
    0x52EE, 0x52EE, 0x52EE, 0xAD98, 0xCE9C, 0xCE9C, 0xCE9C, 0xCE9C, 0xCE9C, 0xCE9C, 0xCE9C, 0xD6BC, 0xCE9C, 0xD6BC, 0xCEBC, 0xD6BC,
    0xD6BC, 0xD6BC, 0xD6BC, 0xD6BC, 0xD6BC, 0xD6BC, 0xD6BC, 0xD6BC, 0xD6BC, 0xD6BC, 0xD6BC, 0xD6BC, 0xD6DC, 0xD6BC, 0xD6DC, 0xD6DC,
    0xD6DC, 0xD6DC, 0xD6DC, 0xD6DC, 0xD6DC, 0xD6DC, 0xD6DC, 0xD6DC, 0xD6DC, 0xD6DC, 0xD6DC, 0xD6DC, 0xD6DC, 0xD6FC, 0xD6DC, 0xD6FC,
    0xD6FC, 0xD6FC, 0xD6FC, 0xD6FC, 0xD6FC, 0xD6FC, 0xD6FC, 0xD6FC, 0xD6FC, 0xD6FC, 0xD6FC, 0xD6FC, 0xD6FC, 0xD6FC, 0xD6FC, 0xD6FC,
    0xD6FC, 0xD6FC, 0xD6FC, 0xD6FC, 0xD6FC, 0xD6FC, 0xD6FC, 0xD6FC, 0xD6FC, 0xD6FC, 0xD6FC, 0xD6FC, 0xD6FC, 0xD6FC, 0xD6FC, 0xD6FC,
    0xD6FC, 0xD6FC, 0xD6FC, 0xD6FC, 0xD6FC, 0xD6FC, 0xD6FC, 0xD6FC, 0xD6FC, 0xD6FC, 0xD6FC, 0xD6FC, 0xCE9B, 0x52EE, 0x52EE, 0x52EE,
    0x52AE, 0x4AAD, 0x4AAD, 0x4AAD, 0x4AAD, 0x4AAD, 0x4AAD, 0x4AAD, 0x4AAD, 0x4AAD, 0x4AAD, 0x4AAD, 0x4AAD, 0x4AAD, 0x4A8D, 0x426C,
    0x426C, 0x426C, 0x426C, 0x426C, 0x426C, 0x426C, 0x426C, 0x426C, 0x426C, 0x426C, 0x52EE, 0x52EE, 0x52EE, 0x52EE, 0xFDEF, 0xFDEF,
    0xFDEF, 0xFE2F, 0xFE2F, 0xFE2F, 0xFE2F, 0xFDEF, 0xFDEF, 0xFDEF, 0xFDEF, 0xFDEF, 0xFDEF, 0xFDEF, 0xFDEF, 0xFDEF, 0xFDEF, 0xFDEF,
    0xFDEF, 0xED6E, 0xED6E, 0xF56E, 0xED6E, 0xED6E, 0xED6E, 0xED6E, 0xED6E, 0xF56E, 0xED6E, 0xF56E, 0xFDEF, 0xFDEF, 0xFDEF, 0xFDEF,
    0xFE2F, 0xFE2F, 0xFE2F, 0xFE2F, 0xFDEF, 0xFDEF, 0xFDEF, 0x3A0B, 0x31CA, 0x31CA, 0x31CA, 0x31A9, 0x0000, 0x0000, 0x0000, 0x0000,
    0x0000, 0x0000, 0x0000, 0x0000, 0x0000, 0x0000, 0x0000, 0x0000, 0x0000, 0x0000, 0x0000, 0x0000, 0x0000, 0x0000, 0x0000, 0x0000,
    0x0000, 0x0000, 0x0000, 0x0000, 0x0000, 0x0000, 0x0000, 0x0000, 0x0000, 0x0000, 0x0000, 0x0000, 0x0000, 0x0000, 0x0000, 0x0000,
    0x0000, 0x0000, 0x0000, 0x0000, 0x0000, 0x0000, 0x0000, 0x0000, 0x0000, 0x0000, 0x0000, 0x0000, 0x0000, 0x0000, 0x0000, 0x0000,
    0x0000, 0x0000, 0x0000, 0x0000, 0x0000, 0x0000, 0x0000, 0x0000, 0x0000, 0x0000, 0x0000, 0x0000, 0x0000, 0x0000, 0x0000, 0x0000,
    0x0000, 0x0000, 0x0000, 0x0000, 0x7AC7, 0xA3CA, 0x2989, 0x31AA, 0x31CA, 0x39EA, 0xABCA, 0xABCA, 0xABEA, 0xABEA, 0xABEA, 0xABEA,
    0xABCA, 0xABCA, 0xABCA, 0xABCA, 0xABCA, 0xABCA, 0xABCA, 0xFDEF, 0xFE2F, 0xFE2F, 0xFE2F, 0xFE0F, 0xFDCF, 0xFDEF, 0xFDCF, 0xFDEF,
    0xFE0F, 0xFE0F, 0xFE0F, 0xFE0F, 0xFE0F, 0xFE0F, 0xFE0F, 0xFDCF, 0xFDCF, 0xFDAF, 0xFDAF, 0xFDEF, 0xFDEF, 0xFDEF, 0xFDEF, 0xFDAF,
    0xFDAF, 0xFDAF, 0x2989, 0x31A9, 0x31AA, 0x31CA, 0x39EA, 0x2946, 0x2946, 0x2946, 0x2946, 0x2946, 0x2946, 0x2946, 0x2946, 0x2946,
    0x2946, 0x2946, 0x2946, 0x2946, 0x2946, 0x2946, 0x2946, 0x2946, 0x2946, 0x2946, 0x2946, 0x2946, 0x2946, 0x2946, 0x2946, 0x2946,
    0x2946, 0x2946, 0x2946, 0xA537, 0xCE7C, 0xCE7C, 0xCE7C, 0xCE9C, 0xCE9C, 0xCE9C, 0xCE9C, 0xCE9C, 0xCE9C, 0xCE9C, 0xCE9C, 0xCE9C,
    0xCE9C, 0xCE9C, 0xCE9C, 0xCE9C, 0xCE9C, 0xCE9C, 0xCE9C, 0xCEBC, 0xCE9C, 0xCEBC, 0xCEBC, 0xD6BC, 0xD6BC, 0xD6BC, 0xD6BC, 0xD6BC,
    0xD6BC, 0xD6BC, 0xD6BC, 0xD6BC, 0xD6BC, 0xD6BC, 0xD6BC, 0xD6BC, 0xD6BC, 0xD6DC, 0xD6DC, 0xD6DC, 0xD6DC, 0xD6DC, 0xD6DC, 0xD6DC,
    0xD6DC, 0xD6DC, 0xD6DC, 0xD6DC, 0xD6DC, 0xD6DC, 0xD6DC, 0xD6DC, 0xD6FC, 0xD6FC, 0xD6DC, 0xD6FC, 0xD6FC, 0xD6FC, 0xD6FC, 0xD6FC,
    0xD6FC, 0xD6FC, 0xD6FC, 0xD6FC, 0xD6FC, 0xD6FC, 0xD6FC, 0xD6FC, 0xD6FC, 0xD6FC, 0xD6FC, 0xD6FC, 0xD6FC, 0xD6FC, 0xD6FC, 0xD6FC,
    0xD6FC, 0xD6FC, 0xD6FC, 0xD6FC, 0xD6FC, 0xD6FC, 0xD6FC, 0xD6FC, 0xD6FC, 0xD6FC, 0xD6FC, 0xD6FC, 0xCE9B, 0x2946, 0x2946, 0x2946,
    0x2946, 0x2946, 0x2946, 0x2946, 0x2946, 0x2946, 0x2946, 0x2946, 0x2946, 0x2946, 0x2946, 0x2946, 0x2946, 0x2946, 0x2946, 0x2946,
    0x2946, 0x2946, 0x2946, 0x2946, 0x2946, 0x2946, 0x2946, 0x2946, 0x2946, 0x39EA, 0x39EA, 0x31AA, 0x31A9, 0x2989, 0xFDEF, 0xFDEF,
    0xFDEF, 0xFE2F, 0xFE2F, 0xFE2F, 0xFE2F, 0xFDEF, 0xFDEF, 0xFDEF, 0xFDEF, 0xFE2F, 0xFE2F, 0xFE2F, 0xFE2F, 0xFE2F, 0xFE2F, 0xFE2F,
    0xFE2F, 0xFDEF, 0xFDEF, 0xFDEF, 0xFDEF, 0xFE2F, 0xFE2F, 0xFE2F, 0xFDEF, 0xFDEF, 0xFDEF, 0xFDEF, 0xFDEF, 0xFDEF, 0xFDEF, 0xFDEF,
    0xFE2F, 0xFE2F, 0xFE2F, 0xFE2F, 0xFDEF, 0xFDEF, 0xFDEF, 0x39EA, 0x31AA, 0x31CA, 0x31A9, 0x2989, 0x0000, 0x0000, 0x0000, 0x0000,
    0x0000, 0x0000, 0x0000, 0x0000, 0x0000, 0x0000, 0x0000, 0x0000, 0x0000, 0x0000, 0x0000, 0x0000, 0x0000, 0x0000, 0x0000, 0x0000,
    0x0000, 0x0000, 0x0000, 0x0000, 0x0000, 0x0000, 0x0000, 0x0000, 0x0000, 0x0000, 0x0000, 0x0000, 0x0000, 0x0000, 0x0000, 0x0000,
    0x0000, 0x0000, 0x0000, 0x0000, 0x0000, 0x0000, 0x0000, 0x0000, 0x0000, 0x0000, 0x0000, 0x0000, 0x0000, 0x0000, 0x0000, 0x0000,
    0x0000, 0x0000, 0x0000, 0x0000, 0x0000, 0x0000, 0x0000, 0x0000, 0x0000, 0x0000, 0x0000, 0x0000, 0x0000, 0x0000, 0x0000, 0x0000,
    0x0000, 0x0000, 0x0000, 0x0000, 0x7AC7, 0xA3CA, 0x3189, 0x31CA, 0x31CA, 0x39EA, 0xABCA, 0xABCA, 0xABEA, 0xABEA, 0xABEA, 0xABEA,
    0xABCA, 0xABCA, 0xABCA, 0xABCA, 0xABCA, 0xABCA, 0xABCA, 0xFDEF, 0xFE2F, 0xFE0F, 0xFE2F, 0xFE0F, 0xFDEF, 0xFDCF, 0xFDCF, 0xFDEF,
    0xFE0F, 0xFE0F, 0xFE0F, 0xFE0F, 0xFE0F, 0xFE0F, 0xFE0F, 0xFDCF, 0xFDAF, 0xFDAF, 0xFDAF, 0xFDEF, 0xFDEF, 0xFDEF, 0xFDEF, 0xFDAF,
    0xFDAF, 0xFDAF, 0x3189, 0x31A9, 0x31CA, 0x31CA, 0x39EA, 0x2125, 0x2125, 0x2125, 0x2125, 0x2125, 0x2125, 0x2125, 0x2125, 0x2125,
    0x2125, 0x2125, 0x2125, 0x2125, 0x2125, 0x2125, 0x2125, 0x2125, 0x2125, 0x2125, 0x2125, 0x2125, 0x2125, 0x2125, 0x2125, 0x2125,
    0x2125, 0x2125, 0x2125, 0xA517, 0xCE5C, 0xCE7C, 0xCE7C, 0xCE7C, 0xCE7C, 0xCE7C, 0xCE7C, 0xCE7C, 0xCE7C, 0xCE7C, 0xCE7C, 0xCE7C,
    0xCE7C, 0xCE7C, 0xCE7C, 0xCE7C, 0xCE9C, 0xCE9C, 0xCE9C, 0xCE9C, 0xCE9C, 0xCE9C, 0xCE9C, 0xCE9C, 0xCE9C, 0xCE9C, 0xCE9C, 0xCE9C,
    0xCE9C, 0xCE9C, 0xCE9C, 0xCE9C, 0xCE9C, 0xCE9C, 0xD6BC, 0xD6BC, 0xD6BC, 0xD6BC, 0xD6BC, 0xD6BC, 0xD6BC, 0xD6BC, 0xD6BC, 0xD6BC,
    0xD6BC, 0xD6BC, 0xD6BC, 0xD6BC, 0xD6BC, 0xD6BC, 0xD6DC, 0xD6DC, 0xD6DC, 0xD6DC, 0xD6DC, 0xD6DC, 0xD6DC, 0xD6DC, 0xD6DC, 0xD6DC,
    0xD6DC, 0xD6DC, 0xD6DC, 0xD6DC, 0xD6DC, 0xD6FC, 0xD6FC, 0xD6FC, 0xD6FC, 0xD6FC, 0xD6FC, 0xD6FC, 0xD6FC, 0xD6FC, 0xD6FC, 0xD6FC,
    0xD6FC, 0xD6FC, 0xD6FC, 0xD6FC, 0xD6FC, 0xD6FC, 0xD6FC, 0xD6FC, 0xD6FC, 0xD6FC, 0xD6FC, 0xD6FC, 0xCE9B, 0x2125, 0x2125, 0x2125,
    0x2125, 0x2125, 0x2125, 0x2125, 0x2125, 0x2125, 0x2125, 0x2125, 0x2125, 0x2125, 0x2125, 0x2125, 0x2125, 0x2125, 0x2125, 0x2125,
    0x2125, 0x2125, 0x2125, 0x2125, 0x2125, 0x2125, 0x2125, 0x2125, 0x2125, 0x39EA, 0x39EA, 0x31CA, 0x31CA, 0x3189, 0xFDEF, 0xFDEF,
    0xFDEF, 0xFE2F, 0xFE2F, 0xFE2F, 0xFE2F, 0xFDEF, 0xFDEF, 0xFDEF, 0xFDEF, 0xFE2F, 0xFE2F, 0xFE2F, 0xFE2F, 0xFE2F, 0xFE2F, 0xFE2F,
    0xFE2F, 0xFDEF, 0xFDEF, 0xFDEF, 0xFDEF, 0xFE2F, 0xFE2F, 0xFE2F, 0xFDEF, 0xFDEF, 0xFDEF, 0xFDEF, 0xFDEF, 0xFDEF, 0xFDEF, 0xFDEF,
    0xFE2F, 0xFE2F, 0xFE2F, 0xFE2F, 0xFDEF, 0xFDEF, 0xFDEF, 0x39EA, 0x31CA, 0x31CA, 0x31CA, 0x3189, 0x0000, 0x0000, 0x0000, 0x0000,
    0x0000, 0x0000, 0x0000, 0x0000, 0x0000, 0x0000, 0x0000, 0x0000, 0x0000, 0x0000, 0x0000, 0x0000, 0x0000, 0x0000, 0x0000, 0x0000,
    0x0000, 0x0000, 0x0000, 0x0000, 0x0000, 0x0000, 0x0000, 0x0000, 0x0000, 0x0000, 0x0000, 0x0000, 0x0000, 0x0000, 0x0000, 0x0000,
    0x0000, 0x0000, 0x0000, 0x0000, 0x0000, 0x0000, 0x0000, 0x0000, 0x0000, 0x0000, 0x0000, 0x0000, 0x0000, 0x0000, 0x0000, 0x0000,
    0x0000, 0x0000, 0x0000, 0x0000, 0x0000, 0x0000, 0x0000, 0x0000, 0x0000, 0x0000, 0x0000, 0x0000, 0x0000, 0x0000, 0x0000, 0x0000,
    0x0000, 0x0000, 0x0000, 0x0000, 0x7AC7, 0xA3AA, 0x3189, 0x31CA, 0x31CA, 0x3A0B, 0xABCA, 0xABCA, 0xABEA, 0xABEA, 0xABEA, 0xABEA,
    0xABCA, 0xABCA, 0xABCA, 0xABCA, 0xABCA, 0xABCA, 0xABCA, 0xFDEF, 0xFE2F, 0xFE2F, 0xFE2F, 0xFE0F, 0xFDCF, 0xFDCF, 0xFDCF, 0xFDEF,
    0xFE0F, 0xFE0F, 0xFE0F, 0xFE0F, 0xFE0F, 0xFE0F, 0xFE0F, 0xFDAF, 0xFDCF, 0xFDAF, 0xFDAF, 0xFDEF, 0xFDEF, 0xFDEF, 0xFDEF, 0xFDAF,
    0xFDAF, 0xF5AF, 0x31A9, 0x31A9, 0x31CA, 0x31CA, 0x39EA, 0x2946, 0x2946, 0x2946, 0x2946, 0x2946, 0x2946, 0x2946, 0x2946, 0x2946,
    0x2946, 0x2946, 0x2946, 0x2946, 0x2946, 0x2946, 0x2946, 0x2946, 0x2946, 0x2946, 0x2946, 0x2946, 0x2946, 0x2946, 0x2946, 0x2946,
    0x2946, 0x2946, 0x2946, 0xA517, 0xCE5C, 0xCE5C, 0xCE5C, 0xCE5C, 0xCE5C, 0xCE5C, 0xCE5C, 0xCE5C, 0xCE5C, 0xCE5C, 0xCE5C, 0xCE5C,
    0xCE7C, 0xCE7C, 0xCE7C, 0xCE7C, 0xCE7C, 0xCE7C, 0xCE7C, 0xCE7C, 0xCE7C, 0xCE7C, 0xCE7C, 0xCE7C, 0xCE9C, 0xCE9C, 0xCE7C, 0xCE9C,
    0xCE9C, 0xCE9C, 0xCE9C, 0xCE9C, 0xCE9C, 0xCE9C, 0xCE9C, 0xCE9C, 0xCE9C, 0xCE9C, 0xCE9C, 0xCE9C, 0xCE9C, 0xCE9C, 0xCEBC, 0xCE9C,
    0xCEBC, 0xD6BC, 0xD6BC, 0xD6BC, 0xD6BC, 0xD6BC, 0xD6BC, 0xD6BC, 0xD6BC, 0xD6BC, 0xD6BC, 0xD6BC, 0xD6BC, 0xD6BC, 0xD6BC, 0xD6BC,
    0xD6DC, 0xD6DC, 0xD6DC, 0xD6DC, 0xD6DC, 0xD6DC, 0xD6DC, 0xD6DC, 0xD6DC, 0xD6DC, 0xD6DC, 0xD6DC, 0xD6DC, 0xD6FC, 0xD6DC, 0xD6DC,
    0xD6DC, 0xD6FC, 0xD6FC, 0xD6FC, 0xD6FC, 0xD6FC, 0xD6FC, 0xD6FC, 0xD6FC, 0xD6FC, 0xD6FC, 0xD6FC, 0xCE9B, 0x2946, 0x2946, 0x2946,
    0x2946, 0x2946, 0x2946, 0x2946, 0x2946, 0x2946, 0x2946, 0x2946, 0x2946, 0x2946, 0x2946, 0x2946, 0x2946, 0x2946, 0x2946, 0x2946,
    0x2946, 0x2946, 0x2946, 0x2946, 0x2946, 0x2946, 0x2946, 0x2946, 0x2946, 0x39EA, 0x39EA, 0x31CA, 0x31CA, 0x3189, 0xFDEF, 0xFDEF,
    0xFDEF, 0xFE2F, 0xFE2F, 0xFE2F, 0xFE2F, 0xFDEF, 0xFDEF, 0xFDEF, 0xFDEF, 0xFE2F, 0xFE2F, 0xFE2F, 0xFE2F, 0xFE2F, 0xFE2F, 0xFE2F,
    0xFE2F, 0xFDEF, 0xFDEF, 0xFDEF, 0xFDEF, 0xFE2F, 0xFE2F, 0xFE2F, 0xFDEF, 0xFDEF, 0xFDEF, 0xFDEF, 0xFDEF, 0xFDEF, 0xFDEF, 0xFDEF,
    0xFE2F, 0xFE2F, 0xFE2F, 0xFE2F, 0xFDEF, 0xFDEF, 0xFDEF, 0x39EA, 0x31CA, 0x31CA, 0x31CA, 0x3189, 0x0000, 0x0000, 0x0000, 0x0000,
    0x0000, 0x0000, 0x0000, 0x0000, 0x0000, 0x0000, 0x0000, 0x0000, 0x0000, 0x0000, 0x0000, 0x0000, 0x0000, 0x0000, 0x0000, 0x0000,
    0x0000, 0x0000, 0x0000, 0x0000, 0x0000, 0x0000, 0x0000, 0x0000, 0x0000, 0x0000, 0x0000, 0x0000, 0x0000, 0x0000, 0x0000, 0x0000,
    0x0000, 0x0000, 0x0000, 0x0000, 0x0000, 0x0000, 0x0000, 0x0000, 0x0000, 0x0000, 0x0000, 0x0000, 0x0000, 0x0000, 0x0000, 0x0000,
    0x0000, 0x0000, 0x0000, 0x0000, 0x0000, 0x0000, 0x0000, 0x0000, 0x0000, 0x0000, 0x0000, 0x0000, 0x0000, 0x0000, 0x0000, 0x0000,
    0x0000, 0x0000, 0x0000, 0x0000, 0x7AA7, 0xA38A, 0x31A9, 0x31CA, 0x31CA, 0x3A0B, 0xABCA, 0xABCA, 0xABEA, 0xABEA, 0xABEA, 0xABEA,
    0xABCA, 0xABCA, 0xABCA, 0xABCA, 0xA36A, 0xA36A, 0xA36A, 0xED6E, 0xED6E, 0xED6E, 0xED6E, 0xED6E, 0xED4E, 0xED6E, 0xED4E, 0xF58E,
    0xFDCF, 0xFDCF, 0xFDCF, 0xFDCF, 0xFDCF, 0xFDCF, 0xFDCF, 0xFDAF, 0xFDAF, 0xFDAF, 0xFDAF, 0xFDEF, 0xFDEF, 0xFDEF, 0xFDEF, 0xFDAF,
    0xFDAF, 0xFDAF, 0x31A9, 0x31A9, 0x31CA, 0x31CA, 0x3A0B, 0x10E4, 0x1905, 0x1905, 0x18E4, 0x10E4, 0x1905, 0x1905, 0x1905, 0x1905,
    0x1905, 0x1905, 0x1905, 0x1905, 0x1904, 0x1904, 0x1905, 0x1905, 0x10E4, 0x1904, 0x10E4, 0x1905, 0x10E4, 0x1905, 0x1905, 0x1905,
    0x1905, 0x1905, 0x18E4, 0x5AAC, 0x736F, 0x736F, 0x736F, 0x736F, 0x736F, 0x736F, 0x736F, 0x736F, 0x736F, 0x736F, 0x736F, 0x736F,
    0x4209, 0x5ACC, 0x736E, 0x738F, 0x73AF, 0x73AF, 0x73AF, 0x73AF, 0x6B2E, 0x6B2E, 0x6B2E, 0x6B2E, 0x6B4E, 0x6B2E, 0x6B4E, 0x6B4E,
    0x6B4E, 0x6B4E, 0x6B4E, 0x6B4E, 0x6B4E, 0x6B4E, 0x6B4E, 0x6B4E, 0x6B4E, 0x6B4F, 0x6B4E, 0x6B4F, 0x6B4E, 0x6B4E, 0x6B4E, 0x6B4F,
    0x6B4E, 0x6B4E, 0x6B4F, 0x6B4E, 0x6B4E, 0x6B4E, 0x6B4F, 0x6B4E, 0x6B4E, 0x6B4E, 0x6B4E, 0x6B4E, 0x6B4E, 0x6B4E, 0x6B4E, 0x6B4E,
    0x6B4E, 0x6B4E, 0x6B4E, 0x6B4E, 0x6B4E, 0x6B2E, 0x630D, 0x630D, 0x738F, 0x738F, 0x738F, 0x736F, 0x736F, 0x736F, 0x52AB, 0x4209,
    0x736F, 0x736F, 0x736F, 0x734F, 0x736F, 0x736F, 0x736F, 0x736F, 0x736F, 0x736F, 0x736F, 0x736F, 0x6B2E, 0x1905, 0x10E4, 0x1905,
    0x10E4, 0x1905, 0x10E4, 0x1905, 0x18E4, 0x1905, 0x1905, 0x10E4, 0x1905, 0x1905, 0x10E4, 0x1905, 0x1905, 0x1905, 0x18E4, 0x1905,
    0x1905, 0x1905, 0x10E4, 0x10E4, 0x10E4, 0x18E4, 0x1905, 0x10E4, 0x1904, 0x3A0B, 0x39EA, 0x31CA, 0x31CA, 0x3189, 0xF56E, 0xED6E,
    0xED6E, 0xF56E, 0xF56E, 0xED6E, 0xED6E, 0xED6E, 0xED6E, 0xED6E, 0xED6E, 0xFDEF, 0xFDEF, 0xFDEF, 0xFDEF, 0xFDEF, 0xFDEF, 0xFDEF,
    0xFDEF, 0xFDEF, 0xFDEF, 0xFDEF, 0xFDEF, 0xFE2F, 0xFE2F, 0xFE2F, 0xFDEF, 0xFDEF, 0xFDEF, 0xFDEF, 0xED6E, 0xED6E, 0xED6E, 0xED6E,
    0xED6E, 0xED6E, 0xED6E, 0xF56E, 0xED6E, 0xED6E, 0xED6E, 0x3A0B, 0x31CA, 0x31CA, 0x31CA, 0x31A9, 0x0000, 0x0000, 0x0000, 0x0000,
    0x0000, 0x0000, 0x0000, 0x0000, 0x0000, 0x0000, 0x0000, 0x0000, 0x0000, 0x0000, 0x0000, 0x0000, 0x0000, 0x0000, 0x0000, 0x0000,
    0x0000, 0x0000, 0x0000, 0x0000, 0x0000, 0x0000, 0x0000, 0x0000, 0x0000, 0x0000, 0x0000, 0x0000, 0x0000, 0x0000, 0x0000, 0x0000,
    0x0000, 0x0000, 0x0000, 0x0000, 0x0000, 0x0000, 0x0000, 0x0000, 0x0000, 0x0000, 0x0000, 0x0000, 0x0000, 0x0000, 0x0000, 0x0000,
    0x0000, 0x0000, 0x0000, 0x0000, 0x0000, 0x0000, 0x0000, 0x0000, 0x0000, 0x0000, 0x0000, 0x0000, 0x0000, 0x0000, 0x0000, 0x0000,
    0x0000, 0x0000, 0x0000, 0x0000, 0x7AA7, 0xA38A, 0x31A9, 0x31CA, 0x31CA, 0x3A0B, 0xABCA, 0xABCA, 0xABEA, 0xABEA, 0xABEA, 0xABEA,
    0xABCA, 0xABCA, 0xABCA, 0xABCA, 0xA369, 0xA36A, 0xA369, 0xED6E, 0xED6E, 0xED6E, 0xED6E, 0xED6E, 0xED4E, 0xED4E, 0xED4E, 0xF58E,
    0xFDCF, 0xFDCF, 0xFDCF, 0xFDCF, 0xFDCF, 0xFDCF, 0xFDAF, 0xFDAF, 0xFDAF, 0xFDAF, 0xFDAF, 0xFDEF, 0xFDEF, 0xFDEF, 0xFDEF, 0xFDAF,
    0xFDAF, 0xFDAF, 0x31A9, 0x31CA, 0x31CA, 0x31CA, 0x3A0B, 0x84B3, 0x84B3, 0x84B3, 0x84B3, 0x84B3, 0x84B3, 0x84B3, 0x8493, 0x84B3,
    0x84B3, 0x84B3, 0x84B3, 0x84B3, 0x84B3, 0x84B3, 0x84B3, 0x84B3, 0x84B3, 0x84B3, 0x84B3, 0x84B3, 0x84B3, 0x84B3, 0x84B3, 0x84B3,
    0x84B3, 0x84B3, 0x84B3, 0x7C11, 0x7390, 0x736F, 0x736F, 0x736F, 0x736F, 0x736F, 0x736F, 0x736F, 0x736F, 0x736F, 0x736F, 0x736F,
    0x5AAC, 0x736F, 0x738F, 0x738F, 0x73AF, 0x6B4E, 0x6B2E, 0x6B2E, 0x6B4E, 0x6B4E, 0x6B4E, 0x6B4E, 0x6B4E, 0x6B4E, 0x6B4E, 0x6B4E,
    0x6B4F, 0x6B4F, 0x6B4F, 0x6B4F, 0x6B4F, 0x6B4F, 0x6B4F, 0x6B4F, 0x6B4F, 0x6B4F, 0x6B4F, 0x6B4F, 0x6B4F, 0x6B6F, 0x6B4F, 0x6B4F,
    0x6B4F, 0x6B4F, 0x6B4F, 0x6B4F, 0x6B4F, 0x6B4F, 0x6B4F, 0x6B4F, 0x6B4F, 0x6B4F, 0x6B4F, 0x6B4F, 0x6B4F, 0x6B4F, 0x6B4F, 0x6B4F,
    0x6B4E, 0x6B4E, 0x6B4E, 0x6B4E, 0x6B4E, 0x6B4E, 0x632E, 0x630D, 0x630D, 0x630D, 0x630D, 0x738F, 0x738F, 0x738F, 0x6B4E, 0x52AC,
    0x736F, 0x736F, 0x736F, 0x736F, 0x736F, 0x736F, 0x736F, 0x736F, 0x736F, 0x736F, 0x7390, 0x7390, 0x7BD0, 0x84B3, 0x84B3, 0x84B3,
    0x8493, 0x84B3, 0x84B3, 0x84B3, 0x84B3, 0x84B3, 0x84B3, 0x84B3, 0x84B3, 0x84B3, 0x84B3, 0x84B3, 0x84B3, 0x84B3, 0x84B3, 0x8493,
    0x84B3, 0x84B3, 0x84B3, 0x8493, 0x84B3, 0x84B3, 0x84B3, 0x84B3, 0x84B3, 0x3A0B, 0x39EA, 0x31CA, 0x31CA, 0x31A9, 0xED6E, 0xED6E,
    0xED6E, 0xED6E, 0xED6E, 0xED6E, 0xED6E, 0xED6E, 0xED6E, 0xED6E, 0xED6E, 0xFDEF, 0xFDEF, 0xFDEF, 0xFDEF, 0xFDEF, 0xFDEF, 0xFDEF,
    0xFDEF, 0xFDEF, 0xFDEF, 0xFDEF, 0xFDEF, 0xFE2F, 0xFE2F, 0xFE2F, 0xFDEF, 0xFDEF, 0xFDEF, 0xFDEF, 0xED6E, 0xED6E, 0xED6E, 0xED6E,
    0xED6E, 0xED6E, 0xED6E, 0xED6E, 0xED6E, 0xED6E, 0xED6E, 0x3A0B, 0x31CA, 0x39CA, 0x31CA, 0x31A9, 0x0000, 0x0000, 0x0000, 0x0000,
    0x0000, 0x0000, 0x0000, 0x0000, 0x0000, 0x0000, 0x0000, 0x0000, 0x0000, 0x0000, 0x0000, 0x0000, 0x0000, 0x0000, 0x0000, 0x0000,
    0x0000, 0x0000, 0x0000, 0x0000, 0x0000, 0x0000, 0x0000, 0x0000, 0x0000, 0x0000, 0x0000, 0x0000, 0x0000, 0x0000, 0x0000, 0x0000,
    0x0000, 0x0000, 0x0000, 0x0000, 0x0000, 0x0000, 0x0000, 0x0000, 0x0000, 0x0000, 0x0000, 0x0000, 0x0000, 0x0000, 0x0000, 0x0000,
    0x0000, 0x0000, 0x0000, 0x0000, 0x0000, 0x0000, 0x0000, 0x0000, 0x0000, 0x0000, 0x0000, 0x0000, 0x0000, 0x0000, 0x0000, 0x0000,
    0x0000, 0x0000, 0x0000, 0x0000, 0x7AC7, 0xA3CA, 0x31A9, 0x39CA, 0x39CA, 0x3A0B, 0xABEA, 0xABEA, 0xABEA, 0xABEA, 0xABEA, 0xABEA,
    0xABCA, 0xABCA, 0xABCA, 0xABCA, 0xABCA, 0xABCA, 0xABCA, 0xFDEF, 0xFE2F, 0xFE2F, 0xFE0F, 0xFE0F, 0xED4E, 0xED4E, 0xED4E, 0xF58E,
    0xFE0F, 0xFE0F, 0xFE0F, 0xFE0F, 0xFE0F, 0xFE0F, 0xFDEF, 0xFE0F, 0xFDEF, 0xFDEF, 0xFDEF, 0xFDEF, 0xFDEF, 0xFDEF, 0xFDEF, 0xFDAF,
    0xFDAF, 0xFDAF, 0x31A9, 0x31CA, 0x39CA, 0x39CA, 0x3A0B, 0x84B3, 0x84B3, 0x84B3, 0x84B3, 0x84B3, 0x84B3, 0x84B3, 0x84B3, 0x84B3,
    0x84B3, 0x84B3, 0x84B3, 0x84B3, 0x84B3, 0x84B3, 0x84B3, 0x84B3, 0x84B3, 0x84B3, 0x84B3, 0x84B3, 0x84B3, 0x84B3, 0x84B3, 0x84B3,
    0x84B3, 0x84B3, 0x84B3, 0x8C73, 0x9453, 0x9473, 0x9473, 0x9473, 0x9453, 0x9473, 0x9453, 0x9473, 0x9453, 0x9473, 0x9473, 0x9473,
    0x5AAC, 0x736F, 0x738F, 0x632E, 0x6B2E, 0x6B2E, 0x6B4E, 0x6B4E, 0x6B4E, 0x6B4E, 0x6B4E, 0x6B4F, 0x6B4F, 0x6B4F, 0x6B4F, 0x6B4F,
    0x6B6F, 0x6B4F, 0x6B6F, 0x6B6F, 0x6B6F, 0x6B6F, 0x6B6F, 0x6B6F, 0x6B6F, 0x6B6F, 0x6B6F, 0x6B6F, 0x6B4F, 0x6B4F, 0x6B6F, 0x6B6F,
    0x6B6F, 0x6B6F, 0x6B6F, 0x6B6F, 0x6B6F, 0x6B6F, 0x6B6F, 0x6B6F, 0x6B6F, 0x6B6F, 0x6B6F, 0x6B6F, 0x6B4F, 0x6B6F, 0x6B6F, 0x6B4F,
    0x6B4F, 0x6B4F, 0x6B4F, 0x6B4F, 0x6B4E, 0x6B4E, 0x632E, 0x630E, 0x630D, 0x630D, 0x630D, 0x630D, 0x630D, 0x738F, 0x6B4E, 0x5ACC,
    0x9473, 0x9473, 0x9473, 0x9473, 0x9473, 0x9473, 0x9473, 0x9453, 0x9473, 0x9473, 0x9473, 0x9453, 0x9473, 0x84B3, 0x84B3, 0x84B3,
    0x84B3, 0x84B3, 0x84B3, 0x84B3, 0x84B3, 0x84B3, 0x84B3, 0x84B3, 0x84B3, 0x84B3, 0x84B3, 0x84B3, 0x84B3, 0x84B3, 0x84B3, 0x84B3,
    0x84B3, 0x84B3, 0x84B3, 0x84B3, 0x8493, 0x84B3, 0x84B3, 0x84B3, 0x84B3, 0x3A0B, 0x3A0A, 0x31CA, 0x31CA, 0x31A9, 0xFDEF, 0xFDEF,
    0xFDEF, 0xFE2F, 0xFE2F, 0xFE2F, 0xFE2F, 0xF56E, 0xED6E, 0xED6E, 0xED6E, 0xFE2F, 0xFE2F, 0xFE2F, 0xFE2F, 0xFE2F, 0xFE2F, 0xFE2F,
    0xFE2F, 0xFE2F, 0xFE2F, 0xFE2F, 0xFE2F, 0xFE2F, 0xFE2F, 0xFE2F, 0xFDEF, 0xFDEF, 0xFDEF, 0xFDEF, 0xFDEF, 0xFDEF, 0xFDEF, 0xFDEF,
    0xFE2F, 0xFE2F, 0xFE2F, 0xFE2F, 0xED6E, 0xED6E, 0xED6E, 0x3A0B, 0x39CA, 0x39CA, 0x31CA, 0x31A9, 0x0000, 0x0000, 0x0000, 0x0000,
    0x0000, 0x0000, 0x0000, 0x0000, 0x0000, 0x0000, 0x0000, 0x0000, 0x0000, 0x0000, 0x0000, 0x0000, 0x0000, 0x0000, 0x0000, 0x0000,
    0x0000, 0x0000, 0x0000, 0x0000, 0x0000, 0x0000, 0x0000, 0x0000, 0x0000, 0x0000, 0x0000, 0x0000, 0x0000, 0x0000, 0x0000, 0x0000,
    0x0000, 0x0000, 0x0000, 0x0000, 0x0000, 0x0000, 0x0000, 0x0000, 0x0000, 0x0000, 0x0000, 0x0000, 0x0000, 0x0000, 0x0000, 0x0000,
    0x0000, 0x0000, 0x0000, 0x0000, 0x0000, 0x0000, 0x0000, 0x0000, 0x0000, 0x0000, 0x0000, 0x0000, 0x0000, 0x0000, 0x0000, 0x0000,
    0x0000, 0x0000, 0x0000, 0x0000, 0x7AA7, 0xA3AA, 0x31A9, 0x39CA, 0x39CA, 0x3A0B, 0xABEA, 0xABEA, 0xABEA, 0xABEA, 0xABEA, 0xABEA,
    0xABCA, 0xABCA, 0xABCA, 0xABCA, 0xABCA, 0xABCA, 0xABCA, 0xFDEF, 0xFE2F, 0xFE2F, 0xFE2F, 0xFE2F, 0xED4E, 0xED4E, 0xED4E, 0xF58E,
    0xFE0F, 0xFE0F, 0xFE0F, 0xFE0F, 0xFE0F, 0xFE0F, 0xFE0F, 0xFE0F, 0xFDEF, 0xFDEF, 0xFDEF, 0xFDEF, 0xFDEF, 0xFDEF, 0xFDEF, 0xFDAF,
    0xFDAF, 0xF5AF, 0x31A9, 0x31CA, 0x39CA, 0x39EA, 0x3A0B, 0xBE7A, 0xBE7A, 0xBE7A, 0xBE7A, 0xBE7A, 0xBE7A, 0xBE7A, 0xBE7A, 0xBE7A,
    0xBE7A, 0xBE7A, 0xBE7A, 0xBE7A, 0xBE7A, 0xBE7A, 0xBE7A, 0xBE7A, 0xBE7A, 0xBE7A, 0xBE7A, 0xBE7A, 0xBE7A, 0xBE7A, 0xBE7A, 0xBE7A,
    0xBE7A, 0xBE7A, 0xBE7A, 0xBDF9, 0xBD97, 0xB597, 0xBD97, 0xB597, 0xB597, 0xBD97, 0xB597, 0xB597, 0xBD97, 0xB597, 0xB597, 0xB597,
    0x736F, 0x738F, 0x630D, 0x632E, 0x6B4E, 0x6B4E, 0x6B4E, 0x6B4E, 0x6B4F, 0x6B4F, 0x6B4F, 0x6B4F, 0x6B6F, 0x6B6F, 0x6B6F, 0x6B6F,
    0x6B6F, 0xD6BA, 0xDEFB, 0xDEFB, 0xDEFB, 0xDEFB, 0xDEFB, 0xDEFB, 0xDEFB, 0xDEFB, 0xDEFB, 0xDEFB, 0xDEFB, 0xDEFB, 0xDEFB, 0xDEFB,
    0xDEFB, 0xDEFB, 0xDEFB, 0xDEFB, 0xDEFB, 0xDEFB, 0xDEFB, 0xDEFB, 0xDEFB, 0xDEFB, 0xDEFB, 0xDEFB, 0xDEFB, 0xDEFB, 0xD6BA, 0x6B6F,
    0x6B4F, 0x6B6F, 0x6B6F, 0x6B6F, 0x6B6F, 0x6B4F, 0x6B2E, 0x632E, 0x630E, 0x630E, 0x630D, 0x630E, 0x630D, 0x630D, 0x6B4E, 0x6B6E,
    0xB597, 0xB597, 0xB597, 0xB597, 0xB597, 0xB597, 0xB597, 0xB597, 0xBD97, 0xBD97, 0xB597, 0xB597, 0xBDB8, 0xBE7A, 0xBE7A, 0xBE7A,
    0xBE7A, 0xBE7A, 0xBE7A, 0xBE7A, 0xBE7A, 0xBE7A, 0xBE7A, 0xBE7A, 0xBE7A, 0xBE7A, 0xBE7A, 0xBE7A, 0xBE7A, 0xBE7A, 0xBE7A, 0xBE7A,
    0xBE7A, 0xBE7A, 0xBE7A, 0xBE7A, 0xBE7A, 0xBE7A, 0xBE7A, 0xBE7A, 0xBE7A, 0x3A0B, 0x3A0B, 0x39CA, 0x39CA, 0x31A9, 0xFDEF, 0xFDEF,
    0xFDEF, 0xFE2F, 0xFE2F, 0xFE2F, 0xFE2F, 0xED6E, 0xED6E, 0xED6E, 0xED6E, 0xFE2F, 0xFE2F, 0xFE2F, 0xFE2F, 0xFE2F, 0xFE2F, 0xFE2F,
    0xFE2F, 0xFE2F, 0xFE2F, 0xFE2F, 0xFE2F, 0xFE2F, 0xFE2F, 0xFE2F, 0xFDEF, 0xFDEF, 0xFDEF, 0xFDEF, 0xFDEF, 0xFDEF, 0xFDEF, 0xFDEF,
    0xFE2F, 0xFE2F, 0xFE2F, 0xFE2F, 0xED6E, 0xED6E, 0xED6E, 0x3A0B, 0x39EA, 0x39EA, 0x31CA, 0x31A9, 0x0000, 0x0000, 0x0000, 0x0000,
    0x0000, 0x0000, 0x0000, 0x0000, 0x0000, 0x0000, 0x0000, 0x0000, 0x0000, 0x0000, 0x0000, 0x0000, 0x0000, 0x0000, 0x0000, 0x0000,
    0x0000, 0x0000, 0x0000, 0x0000, 0x0000, 0x0000, 0x0000, 0x0000, 0x0000, 0x0000, 0x0000, 0x0000, 0x0000, 0x0000, 0x0000, 0x0000,
    0x0000, 0x0000, 0x0000, 0x0000, 0x0000, 0x0000, 0x0000, 0x0000, 0x0000, 0x0000, 0x0000, 0x0000, 0x0000, 0x0000, 0x0000, 0x0000,
    0x0000, 0x0000, 0x0000, 0x0000, 0x0000, 0x0000, 0x0000, 0x0000, 0x0000, 0x0000, 0x0000, 0x0000, 0x0000, 0x0000, 0x0000, 0x0000,
    0x0000, 0x0000, 0x0000, 0x0000, 0x7AA7, 0xA38A, 0x31A9, 0x39EA, 0x39EA, 0x3A0B, 0xABCA, 0xABCA, 0xABCA, 0xABCA, 0xABCA, 0xABCA,
    0xABCA, 0xABCA, 0xABCA, 0xABCA, 0xABCA, 0xABCA, 0xABCA, 0xFDEF, 0xFDEF, 0xFDEF, 0xFDCF, 0xFDCF, 0xED6E, 0xED4E, 0xED4E, 0xF56E,
    0xFDCF, 0xFDCF, 0xFDCF, 0xFDCF, 0xFDCF, 0xFDCF, 0xFDCF, 0xFDAF, 0xFDAF, 0xFDCF, 0xFDAF, 0xFDAF, 0xFDAF, 0xFDAF, 0xFDAF, 0xFDAF,
    0xFDAF, 0xFDAF, 0x31A9, 0x31CA, 0x39EA, 0x39CA, 0x3A0B, 0xBE7A, 0xBE7A, 0xBE7A, 0xBE7A, 0xBE7A, 0xBE7A, 0xBE7A, 0xBE7A, 0xBE7A,
    0xBE7A, 0xBE7A, 0xBE7A, 0xBE7A, 0xBE7A, 0xBE7A, 0xBE7A, 0xBE7A, 0xBE7A, 0xBE7A, 0xBE7A, 0xBE7A, 0xBE7A, 0xBE7A, 0xBE7A, 0xBE7A,
    0xBE7A, 0xBE7A, 0xBE7A, 0xBDF9, 0xBD97, 0xBD97, 0xBD98, 0xBD97, 0xBD98, 0xBD97, 0xBD98, 0xBD98, 0xBD97, 0xBD97, 0xBD97, 0xBD98,
    0x738F, 0x630D, 0x630E, 0x632E, 0x6B4F, 0x6B4E, 0x6B4F, 0x6B4F, 0x6B4F, 0x6B6F, 0x6B6F, 0x6B6F, 0x736F, 0x736F, 0x736F, 0x736F,
    0xCE59, 0xD69A, 0xDEFB, 0xDEFB, 0xDEFB, 0xDEFB, 0xDEFB, 0xDEFB, 0xDEFB, 0xDEFB, 0xDEFB, 0xDEFB, 0xDEFB, 0xDEFB, 0xDEFB, 0xDEFB,
    0xDEFB, 0xDEFB, 0xDEFB, 0xDEFB, 0xDEFB, 0xDEFB, 0xDEFB, 0xDEFB, 0xDEFB, 0xDEFB, 0xDEFB, 0xDEFB, 0xDEFB, 0xDEFB, 0xD69A, 0xCE59,
    0x736F, 0x736F, 0x6B6F, 0x736F, 0x6B6F, 0x6B6F, 0x6B4E, 0x632E, 0x630E, 0x630E, 0x632E, 0x630E, 0x630E, 0x630E, 0x5AEC, 0x6B4E,
    0xBD97, 0xBD97, 0xBD98, 0xBD97, 0xBD97, 0xBD97, 0xBDB8, 0xBDB8, 0xBD97, 0xBDB8, 0xBDB8, 0xBD97, 0xBDD8, 0xBE7A, 0xBE7A, 0xBE7A,
    0xBE7A, 0xBE7A, 0xBE7A, 0xBE7A, 0xBE7A, 0xBE7A, 0xBE7A, 0xBE7A, 0xBE7A, 0xBE7A, 0xBE7A, 0xBE7A, 0xBE7A, 0xBE7A, 0xBE7A, 0xBE7A,
    0xBE7A, 0xBE7A, 0xC69B, 0xC69B, 0xC69B, 0xC69B, 0xC69B, 0xC69B, 0xC69B, 0x3A0B, 0x3A0B, 0x39EA, 0x39EA, 0x31A9, 0xFDEF, 0xFDEF,
    0xFDEF, 0xFDEF, 0xFDEF, 0xFDEF, 0xFDEF, 0xED6E, 0xED6E, 0xF56E, 0xED6E, 0xFDEF, 0xFDEF, 0xFDEF, 0xFDEF, 0xFDEF, 0xFDEF, 0xFDEF,
    0xFDEF, 0xFDEF, 0xFDEF, 0xFDEF, 0xFDEF, 0xFDEF, 0xFDEF, 0xFDEF, 0xFDEF, 0xFDEF, 0xFDEF, 0xFDEF, 0xFDEF, 0xFDEF, 0xFDEF, 0xFDEF,
    0xFDEF, 0xFDEF, 0xFDEF, 0xFDEF, 0xED6E, 0xED6E, 0xED6E, 0x3A0B, 0x39EA, 0x39EA, 0x31CA, 0x31A9, 0x0000, 0x0000, 0x0000, 0x0000,
    0x0000, 0x0000, 0x0000, 0x0000, 0x0000, 0x0000, 0x0000, 0x0000, 0x0000, 0x0000, 0x0000, 0x0000, 0x0000, 0x0000, 0x0000, 0x0000,
    0x0000, 0x0000, 0x0000, 0x0000, 0x0000, 0x0000, 0x0000, 0x0000, 0x0000, 0x0000, 0x0000, 0x0000, 0x0000, 0x0000, 0x0000, 0x0000,
    0x0000, 0x0000, 0x0000, 0x0000, 0x0000, 0x0000, 0x0000, 0x0000, 0x0000, 0x0000, 0x0000, 0x0000, 0x0000, 0x0000, 0x0000, 0x0000,
    0x0000, 0x0000, 0x0000, 0x0000, 0x0000, 0x0000, 0x0000, 0x0000, 0x0000, 0x0000, 0x0000, 0x0000, 0x0000, 0x0000, 0x0000, 0x0000,
    0x0000, 0x0000, 0x0000, 0x0000, 0x7AA7, 0xA38A, 0x31A9, 0x39EA, 0x39EA, 0x3A0B, 0xABCA, 0xABCA, 0xABCA, 0xABCA, 0xABCA, 0xABCA,
    0xABCA, 0xABCA, 0xABCA, 0xABCA, 0xABCA, 0xABCA, 0xABCA, 0xFDEF, 0xFDEF, 0xFDEF, 0xFDCF, 0xFDEF, 0xED6E, 0xED4E, 0xED4E, 0xF56E,
    0xFDCF, 0xFDCF, 0xFDCF, 0xFDCF, 0xFDCF, 0xFDCF, 0xFDCF, 0xFDCF, 0xFDCF, 0xFDAF, 0xFDAF, 0xFDAF, 0xFDAF, 0xFDAF, 0xFDAF, 0xFDAF,
    0xFDAF, 0xFDAF, 0x31A9, 0x31CA, 0x39EA, 0x39EA, 0x3A0B, 0xD6FC, 0xD6FC, 0xD6FC, 0xD6FC, 0xD6FC, 0xD6FC, 0xD6FC, 0xD6FC, 0xD6FC,
    0xD6FC, 0xD6FC, 0xD6FC, 0xD6FC, 0xD6FC, 0xD6FC, 0xD6FC, 0xD6FC, 0xD6FC, 0xD6FC, 0xD6FC, 0xD6FC, 0xD6FC, 0xD6FC, 0xD6FC, 0xD6FC,
    0xD6FC, 0xD6FC, 0xD6FC, 0xC63A, 0xBDB8, 0xBDB8, 0xBDB8, 0xBDB8, 0xBDB8, 0xBDB8, 0xBDB8, 0xBDB8, 0xBDB8, 0xBDB8, 0xBDB8, 0xBDB8,
    0x736F, 0x630D, 0x630E, 0x6B2E, 0x6B4F, 0x6B4F, 0x6B6F, 0x6B6F, 0x6B6F, 0x736F, 0x736F, 0x736F, 0x736F, 0x736F, 0x736F, 0xBDF7,
    0xC638, 0xD69A, 0xDEDB, 0xDEFB, 0xDEFB, 0xDEFB, 0xDEFB, 0xDEFB, 0xDEFB, 0xDEFB, 0xDEFB, 0xDEFB, 0xDEFB, 0xDEFB, 0xDEFB, 0xDEFB,
    0xDEFB, 0xDEFB, 0xDEFB, 0xDEFB, 0xDEFB, 0xDEFB, 0xDEFB, 0xDEFB, 0xDEFB, 0xDEFB, 0xDEFB, 0xDEFB, 0xDEFB, 0xDEDB, 0xCE79, 0xC618,
    0xBDF7, 0x736F, 0x736F, 0x736F, 0x736F, 0x736F, 0x6B4E, 0x632E, 0x632E, 0x632E, 0x632E, 0x632E, 0x632E, 0x630E, 0x5AEC, 0x630D,
    0xBDB8, 0xBDB8, 0xBDB8, 0xBDB8, 0xBDB8, 0xBDB8, 0xBDB8, 0xBDB8, 0xBDB8, 0xBDB8, 0xBDB8, 0xBDB8, 0xBDF8, 0xD6FC, 0xD6FC, 0xD6FC,
    0xD6FC, 0xD6FC, 0xD6FC, 0xD6FC, 0xD6FC, 0xD6FC, 0xD6FC, 0xD6FC, 0xD6FC, 0xD6FC, 0xD6FC, 0xD6FC, 0xD6FC, 0xD6FC, 0xD6FC, 0xD6FC,
    0xD6FC, 0xD6FC, 0xD6FC, 0xD6FC, 0xD6FC, 0xD6FC, 0xD6FC, 0xD6FC, 0xD6FC, 0x3A0B, 0x3A0B, 0x39EA, 0x39EA, 0x31A9, 0xFDEF, 0xFDEF,
    0xFDEF, 0xFDEF, 0xFDEF, 0xFDEF, 0xFDEF, 0xF56E, 0xED6E, 0xED6E, 0xED6E, 0xFDEF, 0xFDEF, 0xFDEF, 0xFDEF, 0xFDEF, 0xFDEF, 0xFDEF,
    0xFDEF, 0xFDEF, 0xFDEF, 0xFDEF, 0xFDEF, 0xFDEF, 0xFDEF, 0xFDEF, 0xFDEF, 0xFDEF, 0xFDEF, 0xFDEF, 0xFDEF, 0xFDEF, 0xFDEF, 0xFDEF,
    0xFDEF, 0xFDEF, 0xFDEF, 0xFDEF, 0xED6E, 0xED6E, 0xED6E, 0x3A0B, 0x39EA, 0x39EA, 0x39EA, 0x31A9, 0x0000, 0x0000, 0x0000, 0x0000,
    0x0000, 0x0000, 0x0000, 0x0000, 0x0000, 0x0000, 0x0000, 0x0000, 0x0000, 0x0000, 0x0000, 0x0000, 0x0000, 0x0000, 0x0000, 0x0000,
    0x0000, 0x0000, 0x0000, 0x0000, 0x0000, 0x0000, 0x0000, 0x0000, 0x0000, 0x0000, 0x0000, 0x0000, 0x0000, 0x0000, 0x0000, 0x0000,
    0x0000, 0x0000, 0x0000, 0x0000, 0x0000, 0x0000, 0x0000, 0x0000, 0x0000, 0x0000, 0x0000, 0x0000, 0x0000, 0x0000, 0x0000, 0x0000,
    0x0000, 0x0000, 0x0000, 0x0000, 0x0000, 0x0000, 0x0000, 0x0000, 0x0000, 0x0000, 0x0000, 0x0000, 0x0000, 0x0000, 0x0000, 0x0000,
    0x0000, 0x0000, 0x0000, 0x0000, 0x7AA7, 0xA38A, 0x31A9, 0x39EA, 0x39EA, 0x3A0B, 0xA369, 0xA369, 0xABCA, 0xABCA, 0xABCA, 0xABCA,
    0xABCA, 0xABCA, 0xABCA, 0xABCA, 0xABCA, 0xABCA, 0xABCA, 0xFDEF, 0xFDEF, 0xFDEF, 0xFDCF, 0xFDCF, 0xFDCF, 0xFDCF, 0xFDCF, 0xFDCF,
    0xFDCF, 0xFDCF, 0xFDCF, 0xFDCF, 0xFDCF, 0xFDCF, 0xFDCF, 0xED4E, 0xED4E, 0xED4E, 0xED4E, 0xFDAF, 0xFDAF, 0xFDAF, 0xFDAF, 0xFDAF,
    0xFDAF, 0xFDAF, 0x31A9, 0x31CA, 0x39EA, 0x39EA, 0x422B, 0xD6FC, 0xD6FC, 0xD6FC, 0xD6FC, 0xD6FC, 0xD6FC, 0xD6FC, 0xD6FC, 0xD6FC,
    0xD6FC, 0xD6FC, 0xD6FC, 0xD6FC, 0xD6FC, 0xD6FC, 0xD6FC, 0xD6FC, 0xD6FC, 0xD6FC, 0xD6FC, 0xD6FC, 0xD6FC, 0xD6FC, 0xD6FC, 0xD6FC,
    0xD6FC, 0xD6FC, 0xD6FC, 0xBDD9, 0xA516, 0xA4F6, 0xA4F6, 0xA516, 0xA4F6, 0xA516, 0xA4F6, 0xA4F6, 0xA4F6, 0xA4F6, 0xA516, 0xA4F6,
    0x630D, 0x630E, 0x632E, 0x6B2E, 0x6B4F, 0x6B6F, 0x736F, 0x736F, 0x736F, 0x736F, 0x736F, 0x736F, 0x738E, 0x8388, 0xAD75, 0xBDF7,
    0xC638, 0xD69A, 0xDEDB, 0xDEFB, 0xDEFB, 0xDEFB, 0xDEFB, 0xDEFB, 0xDEFB, 0xDEFB, 0xDEFB, 0xDEFB, 0xDEFB, 0xDEFB, 0xDEFB, 0xDEFB,
    0xDEFB, 0xDEFB, 0xDEFB, 0xDEFB, 0xDEFB, 0xDEFB, 0xDEFB, 0xDEFB, 0xDEFB, 0xDEFB, 0xDEFB, 0xDEFB, 0xDEFB, 0xDEDB, 0xCE59, 0xBDD7,
    0xB5B6, 0xAD75, 0x83A8, 0x7B8D, 0x736F, 0x736F, 0x6B4F, 0x6B2E, 0x632E, 0x6B2E, 0x632E, 0x632E, 0x632E, 0x632E, 0x5AEC, 0x5AEC,
    0xA4F6, 0xA4F6, 0xA516, 0xA4F6, 0xA4F6, 0xA4F5, 0xA4F5, 0xA516, 0xA516, 0xA516, 0xA4F6, 0xA516, 0xAD57, 0xD6FC, 0xD6FC, 0xD6FC,
    0xD6FC, 0xD6FC, 0xD6FC, 0xD6FC, 0xD6FC, 0xD6FC, 0xD6FC, 0xD6FC, 0xD6FC, 0xD6FC, 0xD6FC, 0xD6FC, 0xD6FC, 0xD6FC, 0xD6FC, 0xD6FC,
    0xD6FC, 0xD6FC, 0xD6FC, 0xD6FC, 0xD6FC, 0xD6FC, 0xD6FC, 0xD6FC, 0xD6FC, 0x3A0B, 0x3A0B, 0x39EA, 0x39EA, 0x31A9, 0xFDEF, 0xFDEF,
    0xFDEF, 0xFDEF, 0xFDEF, 0xFDEF, 0xFDEF, 0xFDEF, 0xFDEF, 0xFDEF, 0xFDEF, 0xFDEF, 0xFDEF, 0xFDEF, 0xFDEF, 0xFDEF, 0xFDEF, 0xFDEF,
    0xFDEF, 0xED6E, 0xED6E, 0xED6E, 0xF58E, 0xFDEF, 0xFDEF, 0xFDEF, 0xFDEF, 0xFDEF, 0xFDEF, 0xFDEF, 0xFDEF, 0xFDEF, 0xFDEF, 0xFDEF,
    0xFDEF, 0xFDEF, 0xFDEF, 0xFDEF, 0xFDEF, 0xFDEF, 0xFDEF, 0x3A2B, 0x39EA, 0x39EA, 0x39EA, 0x31A9, 0x0000, 0x0000, 0x0000, 0x0000,
    0x0000, 0x0000, 0x0000, 0x0000, 0x0000, 0x0000, 0x0000, 0x0000, 0x0000, 0x0000, 0x0000, 0x0000, 0x0000, 0x0000, 0x0000, 0x0000,
    0x0000, 0x0000, 0x0000, 0x0000, 0x0000, 0x0000, 0x0000, 0x0000, 0x0000, 0x0000, 0x0000, 0x0000, 0x0000, 0x0000, 0x0000, 0x0000,
    0x0000, 0x0000, 0x0000, 0x0000, 0x0000, 0x0000, 0x0000, 0x0000, 0x0000, 0x0000, 0x0000, 0x0000, 0x0000, 0x0000, 0x0000, 0x0000,
    0x0000, 0x0000, 0x0000, 0x0000, 0x0000, 0x0000, 0x0000, 0x0000, 0x0000, 0x0000, 0x0000, 0x0000, 0x0000, 0x0000, 0x0000, 0x0000,
    0x0000, 0x0000, 0x0000, 0x0000, 0x7AA7, 0xA3AA, 0x31C9, 0x39EA, 0x39EA, 0x422B, 0xA369, 0xA369, 0xABCA, 0xABCA, 0xABCA, 0xABCA,
    0xABCA, 0xABCA, 0xABCA, 0xABCA, 0xABCA, 0xABCA, 0xABCA, 0xFDEF, 0xFDEF, 0xFDEF, 0xFDEF, 0xFDEF, 0xFDEF, 0xFDEF, 0xFDEF, 0xFDCF,
    0xFDCF, 0xFDCF, 0xFDCF, 0xFDCF, 0xFDCF, 0xFDCF, 0xFDCF, 0xED4E, 0xED4E, 0xED4E, 0xED4E, 0xFDCF, 0xFDAF, 0xFDAF, 0xFDAF, 0xFDAF,
    0xFDAF, 0xFDAF, 0x31A9, 0x39EA, 0x39EA, 0x39EA, 0x422B, 0xD6FC, 0xD6FC, 0xD6FC, 0xD6FC, 0xD6FC, 0xD6FC, 0xD6FC, 0xD6FC, 0xD6FC,
    0xD6FC, 0xD6FC, 0xD6FC, 0xD6FC, 0xD6FC, 0xD6FC, 0xD6FC, 0xD6FC, 0xD6FC, 0xD6FC, 0xD6FC, 0xD6FC, 0xD6FC, 0xD6FC, 0xD6FC, 0xD6FC,
    0xD6FC, 0xD6FC, 0xD6FC, 0xBDF9, 0xA516, 0xA516, 0xA516, 0xA516, 0xA516, 0xA516, 0xA516, 0xA516, 0xA516, 0xA516, 0xA516, 0xA516,
    0x630D, 0x632E, 0x632E, 0x6B4E, 0x6B6F, 0x736F, 0x736F, 0x736F, 0x736F, 0x8388, 0x83A8, 0x83A8, 0x83CA, 0xA514, 0xAD75, 0xBDD7,
    0xC638, 0xCE79, 0xDEDB, 0xC618, 0xC618, 0xC618, 0xC618, 0xC618, 0xC618, 0xC618, 0xC618, 0xC618, 0xC618, 0xC618, 0xC618, 0xC618,
    0xC618, 0xC618, 0xC618, 0xC618, 0xC618, 0xC618, 0xC618, 0xC618, 0xC618, 0xC618, 0xC618, 0xC618, 0xC618, 0xD6BA, 0xCE59, 0xB5B6,
    0xAD75, 0xA514, 0x9CD3, 0x8C4F, 0x83A8, 0x83A8, 0x8368, 0x734D, 0x6B2E, 0x6B2E, 0x6B2E, 0x632E, 0x632E, 0x632E, 0x5AEC, 0x5AEC,
    0xA516, 0xA516, 0xA516, 0xA516, 0xA516, 0xA516, 0xA516, 0xA516, 0xA516, 0xA516, 0xA516, 0xA516, 0xAD57, 0xD6FC, 0xD6FC, 0xD6FC,
    0xD6FC, 0xD6FC, 0xD6FC, 0xD6FC, 0xD6FC, 0xD6FC, 0xD6FC, 0xD6FC, 0xD6FC, 0xD6FC, 0xD6FC, 0xD6FC, 0xD6FC, 0xD6FC, 0xD6FC, 0xD6FC,
    0xD6FC, 0xD6FC, 0xD6FC, 0xD6FC, 0xD6FC, 0xD6FC, 0xD6FC, 0xD6FC, 0xD6FC, 0x422B, 0x3A0B, 0x39EA, 0x39EA, 0x31A9, 0xFDEF, 0xFDEF,
    0xFDEF, 0xFDEF, 0xFE0F, 0xFE0F, 0xFDEF, 0xFE0F, 0xFDEF, 0xFE0F, 0xFDEF, 0xFDEF, 0xFDEF, 0xFE0F, 0xFDEF, 0xFDEF, 0xFDEF, 0xFDEF,
    0xFE0F, 0xED6E, 0xF56E, 0xF56E, 0xF58E, 0xFDEF, 0xFDEF, 0xFDEF, 0xFDEF, 0xFDEF, 0xFDEF, 0xFDEF, 0xFDEF, 0xFDEF, 0xFDEF, 0xFDEF,
    0xFDEF, 0xFDEF, 0xFE0F, 0xFDEF, 0xFE0F, 0xFDEF, 0xFE0F, 0x422B, 0x39EA, 0x39EA, 0x39EA, 0x31C9, 0x0000, 0x0000, 0x0000, 0x0000,
    0x0000, 0x0000, 0x0000, 0x0000, 0x0000, 0x0000, 0x0000, 0x0000, 0x0000, 0x0000, 0x0000, 0x0000, 0x0000, 0x0000, 0x0000, 0x0000,
    0x0000, 0x0000, 0x0000, 0x0000, 0x0000, 0x0000, 0x0000, 0x0000, 0x0000, 0x0000, 0x0000, 0x0000, 0x0000, 0x0000, 0x0000, 0x0000,
    0x0000, 0x0000, 0x0000, 0x0000, 0x0000, 0x0000, 0x0000, 0x0000, 0x0000, 0x0000, 0x0000, 0x0000, 0x0000, 0x0000, 0x0000, 0x0000,
    0x0000, 0x0000, 0x0000, 0x0000, 0x0000, 0x0000, 0x0000, 0x0000, 0x0000, 0x0000, 0x0000, 0x0000, 0x0000, 0x0000, 0x0000, 0x0000,
    0x0000, 0x0000, 0x0000, 0x0000, 0x0000, 0x0883, 0x31CA, 0x39EA, 0x39EA, 0x422B, 0x426A, 0x426A, 0x426A, 0x426A, 0x426A, 0x426A,
    0x426A, 0x426A, 0x426A, 0x426A, 0x426A, 0x426A, 0x426A, 0x634F, 0x5B4E, 0x634E, 0x634E, 0x634E, 0x634E, 0x634E, 0x634E, 0x634F,
    0x634E, 0x634E, 0x5B4E, 0x634E, 0x634E, 0x634E, 0x634E, 0x5B4E, 0x634E, 0x634E, 0x634E, 0x5B4E, 0x5B4E, 0x634E, 0x634E, 0x634E,
    0x634E, 0x634E, 0x31CA, 0x39EA, 0x39EA, 0x39EA, 0x422B, 0xBE1A, 0xC65A, 0xC65A, 0xC67B, 0xCE9B, 0xCE9B, 0xCEBB, 0xD6DC, 0xD6DC,
    0xD6FC, 0xD6FC, 0xD6FC, 0xD6FC, 0xD6FC, 0xD6FC, 0xD6FC, 0xD6FC, 0xD6FC, 0xD6FC, 0xD6FC, 0xD6FC, 0xD6FC, 0xD6FC, 0xD6FC, 0xD6FC,
    0xD6FC, 0xD6FC, 0xD6FC, 0xBDF9, 0xAD36, 0xAD16, 0xAD16, 0xAD36, 0xAD36, 0xAD16, 0xAD36, 0xAD16, 0xAD16, 0xA516, 0xAD36, 0xAD16,
    0x630D, 0x632E, 0x632E, 0x6B4E, 0x6B6F, 0x736F, 0x838A, 0x83A8, 0x83A8, 0x83A8, 0x83A8, 0x83A8, 0x8430, 0x94B2, 0xA514, 0xB596,
    0xBDD7, 0xC638, 0x738E, 0x8410, 0x8410, 0x8410, 0x8410, 0x8410, 0x8410, 0x8410, 0x8410, 0x8410, 0x8410, 0x8410, 0x8410, 0x8410,
    0x8410, 0x8410, 0x8410, 0x8410, 0x8410, 0x8410, 0x8410, 0x8410, 0x8410, 0x8410, 0x8410, 0x8410, 0x8410, 0x73AE, 0xC638, 0xB596,
    0xA534, 0x9CD3, 0x9492, 0x8C51, 0x83A9, 0x83A8, 0x8388, 0x7B68, 0x7B48, 0x7B48, 0x6B2E, 0x6B2E, 0x6B2E, 0x632E, 0x5AEC, 0x5AEC,
    0xAD16, 0xAD16, 0xAD16, 0xAD36, 0xAD16, 0xAD16, 0xA516, 0xAD36, 0xAD16, 0xAD36, 0xAD16, 0xAD36, 0xAD36, 0xAD36, 0x9474, 0x9495,
    0x9474, 0x9495, 0x9474, 0x9474, 0x9474, 0x9474, 0x9474, 0x9474, 0x9475, 0x9474, 0x9475, 0x9475, 0x9474, 0x9474, 0x9474, 0x9474,
    0x9474, 0x9474, 0x9474, 0x9474, 0x9474, 0x9495, 0x9474, 0x9474, 0x9475, 0x422B, 0x3A0B, 0x39EA, 0x39EA, 0x31CA, 0x426A, 0x426A,
    0x426A, 0x426A, 0x426A, 0x426A, 0x426A, 0x426A, 0x426A, 0x426A, 0x426A, 0x426A, 0x426A, 0x426A, 0x634E, 0x634E, 0x634F, 0x634E,
    0x634E, 0x634E, 0x634E, 0x634E, 0x634E, 0x634E, 0x634E, 0x634E, 0x634F, 0x634E, 0x634E, 0x634E, 0x634E, 0x634E, 0x634F, 0x634E,
    0x634E, 0x634E, 0x5B4E, 0x5B4E, 0x634E, 0x634E, 0x634E, 0x422B, 0x39EA, 0x39EA, 0x39EA, 0x31CA, 0x0000, 0x0000, 0x0000, 0x0000,
    0x0000, 0x0000, 0x0000, 0x0000, 0x0000, 0x0000, 0x0000, 0x0000, 0x0000, 0x0000, 0x0000, 0x0000, 0x0000, 0x0000, 0x0000, 0x0000,
    0x0000, 0x0000, 0x0000, 0x0000, 0x0000, 0x0000, 0x0000, 0x0000, 0x0000, 0x0000, 0x0000, 0x0000, 0x0000, 0x0000, 0x0000, 0x0000,
    0x0000, 0x0000, 0x0000, 0x0000, 0x0000, 0x0000, 0x0000, 0x0000, 0x0000, 0x0000, 0x0000, 0x0000, 0x0000, 0x0000, 0x0000, 0x0000,
    0x0000, 0x0000, 0x0000, 0x0000, 0x0000, 0x0000, 0x0000, 0x0000, 0x0000, 0x0000, 0x0000, 0x0000, 0x0000, 0x0000, 0x0000, 0x0000,
    0x0000, 0x0000, 0x0000, 0x0000, 0x0000, 0x0883, 0x31CA, 0x39EA, 0x39EA, 0x422B, 0x426A, 0x426A, 0x426A, 0x426A, 0x426A, 0x426A,
    0x426A, 0x4A6A, 0x426A, 0x426A, 0x426A, 0x426A, 0x4A6A, 0x634F, 0x636F, 0x634F, 0x634F, 0x636F, 0x636F, 0x634F, 0x634F, 0x634F,
    0x636F, 0x634F, 0x636F, 0x636F, 0x634F, 0x634F, 0x634F, 0x634F, 0x634F, 0x634F, 0x636F, 0x636F, 0x634F, 0x634E, 0x636F, 0x634F,
    0x634F, 0x634F, 0x31CA, 0x39EA, 0x39EA, 0x39EA, 0x422B, 0x9474, 0x9495, 0x9495, 0x9495, 0x9474, 0x9474, 0x9494, 0x9495, 0x9495,
    0x9495, 0x9495, 0x9495, 0x9495, 0x9495, 0x9495, 0x9494, 0x9495, 0x9495, 0x9495, 0x9474, 0x9474, 0x9494, 0x9495, 0x9495, 0x9474,
    0x9494, 0x9495, 0xAD36, 0xAD36, 0xAD36, 0xAD36, 0xAD36, 0xAD36, 0xAD36, 0xAD36, 0xAD36, 0xAD36, 0xAD36, 0xAD36, 0xAD36, 0xAD36,
    0x630D, 0x632E, 0x6B2E, 0x734C, 0x8388, 0x83A8, 0x83A8, 0x83A8, 0x83A8, 0x8BA8, 0x83A8, 0x83AB, 0x8430, 0x8430, 0x9492, 0xA514,
    0xAD55, 0x7BEF, 0x9492, 0x9CD3, 0x9CD3, 0x9CD3, 0x9CD3, 0x9CD3, 0x9CD3, 0x9CD3, 0x9CD3, 0x9CD3, 0x9CD3, 0x9CD3, 0x9CD3, 0x9CD3,
    0x9CD3, 0x9CD3, 0x9CD3, 0x9CD3, 0x9CD3, 0x9CD3, 0x9CD3, 0x9CD3, 0x9CD3, 0x9CD3, 0x9CD3, 0x9CD3, 0x9CD3, 0x9492, 0x8410, 0x8C71,
    0x9CF3, 0x8C71, 0x8430, 0x8C51, 0x83AD, 0x83A8, 0x8388, 0x7B68, 0x7B48, 0x7B48, 0x7B48, 0x7B48, 0x734A, 0x6B2E, 0x5AEC, 0x5AED,
    0xAD36, 0xAD36, 0xAD36, 0xAD36, 0xAD36, 0xAD36, 0xAD36, 0xAD36, 0xAD36, 0xAD36, 0xAD36, 0xAD36, 0xAD36, 0xAD36, 0x9474, 0x9474,
    0x9495, 0x9474, 0x9494, 0x9474, 0x9494, 0x9474, 0x9495, 0x9495, 0x9474, 0x9495, 0x9474, 0x9474, 0x9495, 0x9495, 0x9474, 0x9495,
    0x9495, 0x9495, 0x9494, 0x9474, 0x9495, 0x9494, 0x9494, 0x9494, 0x9495, 0x422B, 0x3A2B, 0x39EA, 0x39EA, 0x31CA, 0x426A, 0x426A,
    0x426A, 0x426A, 0x426A, 0x426A, 0x426A, 0x426A, 0x426A, 0x426A, 0x426A, 0x426A, 0x426A, 0x426A, 0x634F, 0x634F, 0x636F, 0x636F,
    0x634F, 0x634F, 0x636F, 0x636F, 0x636F, 0x636F, 0x636F, 0x634F, 0x636F, 0x636F, 0x636F, 0x636F, 0x636F, 0x636F, 0x636F, 0x634F,
    0x636F, 0x636F, 0x634F, 0x634F, 0x634F, 0x634F, 0x636F, 0x422B, 0x39EA, 0x39EA, 0x39EA, 0x31CA, 0x0000, 0x0000, 0x0000, 0x0000,
    0x0000, 0x0000, 0x0000, 0x0000, 0x0000, 0x0000, 0x0000, 0x0000, 0x0000, 0x0000, 0x0000, 0x0000, 0x0000, 0x0000, 0x0000, 0x0000,
    0x0000, 0x0000, 0x0000, 0x0000, 0x0000, 0x0000, 0x0000, 0x0000, 0x0000, 0x0000, 0x0000, 0x0000, 0x0000, 0x0000, 0x0000, 0x0000,
    0x0000, 0x0000, 0x0000, 0x0000, 0x0000, 0x0000, 0x0000, 0x0000, 0x0000, 0x0000, 0x0000, 0x0000, 0x0000, 0x0000, 0x0000, 0x0000,
    0x0000, 0x0000, 0x0000, 0x0000, 0x0000, 0x0000, 0x0000, 0x0000, 0x0000, 0x0000, 0x0000, 0x0000, 0x0000, 0x0000, 0x0000, 0x0000,
    0x0000, 0x0000, 0x0000, 0x0000, 0x0000, 0x0883, 0x31CA, 0x3A0B, 0x3A0B, 0x422B, 0x528C, 0x528C, 0x528C, 0x528C, 0x528C, 0x528C,
    0x52AC, 0x528C, 0x528C, 0x528C, 0x528C, 0x528C, 0x528C, 0x6B91, 0x6B90, 0x6B91, 0x73B1, 0x6B91, 0x6B90, 0x73B1, 0x73B1, 0x6B90,
    0x6B90, 0x6B91, 0x73B1, 0x73B1, 0x6B90, 0x6B91, 0x6B91, 0x73B1, 0x6B90, 0x6B91, 0x6B91, 0x6B90, 0x6B90, 0x6B91, 0x6B90, 0x73B1,
    0x73B1, 0x6B90, 0x31CA, 0x39EA, 0x39EB, 0x39EB, 0x422B, 0x9494, 0x9495, 0x9474, 0x9494, 0x9495, 0x9495, 0x9495, 0x9495, 0x9474,
    0x9495, 0x9495, 0x9495, 0x9494, 0x9495, 0x9495, 0x9495, 0x9494, 0x9474, 0x9495, 0x9495, 0x9494, 0x9494, 0x9495, 0x9495, 0x9494,
    0x9495, 0x9494, 0xAD56, 0xAD56, 0xAD36, 0xAD36, 0xAD36, 0xAD36, 0xAD56, 0xAD36, 0xAD56, 0xAD36, 0xAD36, 0xAD36, 0xAD36, 0xAD56,
    0x630D, 0x6B2E, 0x7B48, 0x7B68, 0x8388, 0x83A8, 0x8BA9, 0x8BA8, 0x7BAF, 0x73B0, 0x7390, 0x73B0, 0x8430, 0x8430, 0x8430, 0x738E,
    0x8430, 0x9CD3, 0xA534, 0x9492, 0x9492, 0x9492, 0x9492, 0x8C71, 0x8C71, 0x8C71, 0x8C71, 0x8C71, 0x8C71, 0x8C71, 0x8C71, 0x8C71,
    0x8C71, 0x8C71, 0x8C71, 0x8C71, 0x8C71, 0x8C71, 0x8C71, 0x8C71, 0x8C71, 0x8C71, 0x9492, 0x9492, 0x9492, 0xAD55, 0x9CD3, 0x8430,
    0x73AE, 0x8C51, 0x8430, 0x8430, 0x7390, 0x7390, 0x736F, 0x6B4F, 0x7B48, 0x7B68, 0x7B68, 0x7B48, 0x7B48, 0x7B48, 0x5AEC, 0x5AEC,
    0xAD36, 0xAD36, 0xAD36, 0xAD36, 0xAD56, 0xAD57, 0xAD36, 0xAD56, 0xAD56, 0xAD56, 0xAD56, 0xAD56, 0xAD56, 0xAD56, 0x9494, 0x9495,
    0x9494, 0x9495, 0x9494, 0x9494, 0x9495, 0x9495, 0x9494, 0x9495, 0x9495, 0x9495, 0x9495, 0x9494, 0x9494, 0x9494, 0x9495, 0x9495,
    0x9495, 0x9495, 0x9495, 0x9494, 0x9495, 0x9495, 0x9495, 0x9495, 0x9494, 0x422B, 0x422B, 0x3A0B, 0x3A0B, 0x31CA, 0x528C, 0x528C,
    0x528C, 0x528C, 0x528C, 0x528C, 0x528C, 0x528C, 0x528C, 0x528C, 0x528C, 0x528C, 0x52AC, 0x52AC, 0x6B90, 0x6B90, 0x6B90, 0x73B1,
    0x6B91, 0x6B91, 0x6B91, 0x6B90, 0x6B90, 0x6B90, 0x6B91, 0x6B91, 0x6B90, 0x6B91, 0x6BB1, 0x6B91, 0x6B91, 0x73B1, 0x6BB1, 0x6B90,
    0x6B90, 0x6B90, 0x6B90, 0x6B90, 0x6B91, 0x6B90, 0x6B91, 0x422B, 0x3A0B, 0x39EA, 0x39EA, 0x31CA, 0x0000, 0x0000, 0x0000, 0x0000,
    0x0000, 0x0000, 0x0000, 0x0000, 0x0000, 0x0000, 0x0000, 0x0000, 0x0000, 0x0000, 0x0000, 0x0000, 0x0000, 0x0000, 0x0000, 0x0000,
    0x0000, 0x0000, 0x0000, 0x0000, 0x0000, 0x0000, 0x0000, 0x0000, 0x0000, 0x0000, 0x0000, 0x0000, 0x0000, 0x0000, 0x0000, 0x0000,
    0x0000, 0x0000, 0x0000, 0x0000, 0x0000, 0x0000, 0x0000, 0x0000, 0x0000, 0x0000, 0x0000, 0x0000, 0x0000, 0x0000, 0x0000, 0x0000,
    0x0000, 0x0000, 0x0000, 0x0000, 0x0000, 0x0000, 0x0000, 0x0000, 0x0000, 0x0000, 0x0000, 0x0000, 0x0000, 0x0000, 0x0000, 0x0000,
    0x0000, 0x0000, 0x0000, 0x0000, 0x0000, 0x0883, 0x31CA, 0x3A0B, 0x3A0B, 0x422B, 0x426A, 0x5ACD, 0x5ACD, 0x5ACD, 0x52CD, 0x52CC,
    0x52CD, 0x52CC, 0x52CC, 0x52CC, 0x52CD, 0x5ACD, 0x52CC, 0x73D1, 0x73D2, 0x7BD2, 0x7BD2, 0x73D1, 0x7BD2, 0x7BD2, 0x73D1, 0x7BD2,
    0x7BD2, 0x7BD2, 0x73D2, 0x73D2, 0x7BD2, 0x73D2, 0x73D1, 0x73D1, 0x73D1, 0x7BD2, 0x73D2, 0x7BD2, 0x73D2, 0x7BD2, 0x7BD2, 0x73D1,
    0x73D2, 0x7BD2, 0x31CA, 0x39EA, 0x3A0B, 0x3A0B, 0x422B, 0xBDBA, 0xBDB9, 0xBDBA, 0xBDB9, 0xBDBA, 0xBDB9, 0xBDB9, 0xBDB9, 0xBDB9,
    0xBDB9, 0xBDB9, 0xBDB9, 0xBDB9, 0xBDBA, 0xBDB9, 0xBDBA, 0xBDBA, 0xBDB9, 0xBDB9, 0xBDBA, 0xBDBA, 0xBDBA, 0xBDB9, 0xBDB9, 0xBDB9,
    0xBDBA, 0xBDBA, 0xAD57, 0xAD57, 0xAD57, 0xAD57, 0xAD57, 0xAD57, 0xAD57, 0xAD57, 0xAD57, 0xAD57, 0xAD57, 0xAD57, 0xAD57, 0xAD57,
    0x630D, 0x734A, 0x7B48, 0x7B68, 0x8388, 0x83A8, 0x7390, 0x7390, 0x7BB0, 0x7BB0, 0x7BB0, 0x7BB0, 0x8430, 0x8430, 0x8430, 0x73AE,
    0x8430, 0x9CD3, 0xA534, 0x8C71, 0x8C71, 0x8C71, 0x8C71, 0x8C71, 0x8C71, 0x8C71, 0x8C71, 0x8C71, 0x8C71, 0x8C71, 0x8C71, 0x8C51,
    0x8C71, 0x8C71, 0x8C71, 0x8C71, 0x8C71, 0x8C71, 0x8C71, 0x8C71, 0x8C71, 0x8C71, 0x8C71, 0x8C71, 0x8C71, 0xAD55, 0x9CF3, 0x8C51,
    0x73AE, 0x8430, 0x8430, 0x8430, 0x7BB0, 0x7BB0, 0x7390, 0x736F, 0x6B4E, 0x6B4E, 0x7B68, 0x7B68, 0x7B68, 0x7B48, 0x6B07, 0x5AEC,
    0xAD57, 0xAD57, 0xAD57, 0xAD57, 0xAD57, 0xAD57, 0xAD57, 0xAD57, 0xAD57, 0xAD57, 0xAD57, 0xAD57, 0xAD57, 0xAD57, 0xBDB9, 0xBDB9,
    0xBDBA, 0xBDBA, 0xBDBA, 0xBDBA, 0xBDB9, 0xBDB9, 0xBDBA, 0xBDB9, 0xBDB9, 0xBDBA, 0xBDBA, 0xBDBA, 0xBDBA, 0xBDBA, 0xBDB9, 0xBDB9,
    0xBDB9, 0xBDBA, 0xBDBA, 0xBDBA, 0xBDBA, 0xBDB9, 0xBDB9, 0xBDBA, 0xBDBA, 0x422B, 0x422B, 0x3A0B, 0x39EA, 0x31CA, 0x52CC, 0x5ACD,
    0x52CD, 0x52CC, 0x52CC, 0x52CC, 0x5ACD, 0x52CC, 0x5ACD, 0x52CC, 0x52CC, 0x52CC, 0x52CC, 0x52CC, 0x7BD2, 0x73D1, 0x7BD2, 0x73D2,
    0x7BD2, 0x73D2, 0x73D1, 0x7BD2, 0x7BD2, 0x7BD2, 0x7BD2, 0x7BD2, 0x7BD2, 0x73D2, 0x73D1, 0x73D1, 0x73D2, 0x7BD2, 0x73D2, 0x73D1,
    0x7BD2, 0x7BD2, 0x7BD2, 0x7BD2, 0x7BD2, 0x73D1, 0x634E, 0x422B, 0x3A0B, 0x3A0B, 0x39EA, 0x31CA, 0x0000, 0x0000, 0x0000, 0x0000,
    0x0000, 0x0000, 0x0000, 0x0000, 0x0000, 0x0000, 0x0000, 0x0000, 0x0000, 0x0000, 0x0000, 0x0000, 0x0000, 0x0000, 0x0000, 0x0000,
    0x0000, 0x0000, 0x0000, 0x0000, 0x0000, 0x0000, 0x0000, 0x0000, 0x0000, 0x0000, 0x0000, 0x0000, 0x0000, 0x0000, 0x0000, 0x0000,
    0x0000, 0x0000, 0x0000, 0x0000, 0x0000, 0x0000, 0x0000, 0x0000, 0x0000, 0x0000, 0x0000, 0x0000, 0x0000, 0x0000, 0x0000, 0x0000,
    0x0000, 0x0000, 0x0000, 0x0000, 0x0000, 0x0000, 0x0000, 0x0000, 0x0000, 0x0000, 0x0000, 0x0000, 0x0000, 0x0000, 0x0000, 0x0000,
    0x0000, 0x0000, 0x0000, 0x0000, 0x0000, 0x0883, 0x31CA, 0x3A0B, 0x3A0B, 0x424B, 0x39E8, 0x4A6B, 0x4A6B, 0x4A6B, 0x4A6B, 0x4A6B,
    0x4A6B, 0x4A6B, 0x4A6B, 0x4A6B, 0x4A6B, 0x4A6B, 0x4A6B, 0x636F, 0x636F, 0x636F, 0x636F, 0x636F, 0x636F, 0x636F, 0x636F, 0x636F,
    0x636F, 0x636F, 0x636F, 0x636F, 0x636F, 0x636F, 0x636F, 0x636F, 0x636F, 0x636F, 0x636F, 0x636F, 0x636F, 0x636F, 0x636F, 0x636F,
    0x636F, 0x636F, 0x31CA, 0x39EA, 0x3A0B, 0x3A0B, 0x422B, 0xBDBA, 0xBDB9, 0xBDBA, 0xBDB9, 0xBDBA, 0xBDBA, 0xBDBA, 0xBDBA, 0xBDBA,
    0xBDB9, 0xBDDA, 0xBDDA, 0xBDDA, 0xC5FB, 0xC5FB, 0xCE1B, 0xCE3B, 0xCE3B, 0xCE5C, 0xD67C, 0xD67C, 0xDE9D, 0xDEBD, 0xDEBD, 0xE6DE,
    0xE6DE, 0xE6DE, 0xAD57, 0xAD57, 0xB577, 0xB577, 0xAD57, 0xAD57, 0xAD57, 0xB577, 0xAD57, 0xAD57, 0xAD57, 0xAD57, 0xAD57, 0xAD57,
    0x630D, 0x7B48, 0x7B68, 0x6B4F, 0x736F, 0x7390, 0x7BB0, 0x7BB0, 0x7BB0, 0x7BB0, 0x7BB0, 0x7BB0, 0x8430, 0x8430, 0x8430, 0x73AE,
    0x8430, 0x9CD3, 0xA534, 0x8C51, 0xAD75, 0xAD75, 0xAD75, 0xAD75, 0xAD75, 0xAD75, 0xAD75, 0xAD75, 0xAD75, 0xAD75, 0xAD75, 0xAD75,
    0xAD75, 0xAD75, 0xAD75, 0xAD75, 0xAD75, 0xAD75, 0xAD75, 0xAD75, 0xAD75, 0xAD75, 0xAD75, 0xAD75, 0x8C71, 0xAD55, 0x9CD3, 0x8C51,
    0x73AE, 0x8430, 0x8430, 0x8430, 0x7BB0, 0x7BB0, 0x7390, 0x736F, 0x6B4F, 0x6B4E, 0x6B4F, 0x6B4F, 0x6B4E, 0x7B48, 0x6B07, 0x5AEC,
    0xAD57, 0xB577, 0xAD77, 0xAD57, 0xAD57, 0xB577, 0xAD57, 0xAD57, 0xAD57, 0xAD77, 0xAD57, 0xB577, 0xAD77, 0xAD57, 0xDEBD, 0xDE9D,
    0xDEBD, 0xDEBD, 0xDEBD, 0xDEBD, 0xDEBD, 0xDEBD, 0xDEBD, 0xDEBD, 0xDEBD, 0xDEBD, 0xDEBD, 0xDEBD, 0xDEBD, 0xDEBD, 0xDEBD, 0xDEBD,
    0xE6DE, 0xE6DE, 0xE6DE, 0xE6DE, 0xE6DE, 0xE6DE, 0xE6DE, 0xE6DE, 0xE6DE, 0x422B, 0x422B, 0x3A0B, 0x3A0B, 0x31CA, 0x4A6B, 0x4A6B,
    0x4A6B, 0x4A6B, 0x4A6B, 0x4A6A, 0x4A6B, 0x4A6B, 0x4A6B, 0x4A6B, 0x4A6B, 0x4A6B, 0x4A6B, 0x4A6B, 0x636F, 0x636F, 0x636F, 0x636F,
    0x636F, 0x636F, 0x636F, 0x636F, 0x636F, 0x636F, 0x636F, 0x636F, 0x636F, 0x636F, 0x636F, 0x636F, 0x636F, 0x636F, 0x636F, 0x636F,
    0x636F, 0x636F, 0x636F, 0x636F, 0x636F, 0x636F, 0x52CC, 0x424B, 0x3A0B, 0x3A0B, 0x3A0B, 0x31CA, 0x0000, 0x0000, 0x0000, 0x0000,
    0x0000, 0x0000, 0x0000, 0x0000, 0x0000, 0x0000, 0x0000, 0x0000, 0x0000, 0x0000, 0x0000, 0x0000, 0x0000, 0x0000, 0x0000, 0x0000,
    0x0000, 0x0000, 0x0000, 0x0000, 0x0000, 0x0000, 0x0000, 0x0000, 0x0000, 0x0000, 0x0000, 0x0000, 0x0000, 0x0000, 0x0000, 0x0000,
    0x0000, 0x0000, 0x0000, 0x0000, 0x0000, 0x0000, 0x0000, 0x0000, 0x0000, 0x0000, 0x0000, 0x0000, 0x0000, 0x0000, 0x0000, 0x0000,
    0x0000, 0x0000, 0x0000, 0x0000, 0x0000, 0x0000, 0x0000, 0x0000, 0x0000, 0x0000, 0x0000, 0x0000, 0x0000, 0x0000, 0x0000, 0x0000,
    0x0000, 0x0000, 0x0000, 0x0000, 0x0000, 0x1083, 0x31CA, 0x3A0B, 0x3A0B, 0x424B, 0x39E8, 0x426A, 0x426A, 0x426A, 0x426A, 0x426A,
    0x426A, 0x426A, 0x426A, 0x426A, 0x426A, 0x426A, 0x426A, 0x636F, 0x636E, 0x636F, 0x636F, 0x636F, 0x636F, 0x636E, 0x636E, 0x636F,
    0x636F, 0x636E, 0x636F, 0x636E, 0x636E, 0x636F, 0x636E, 0x636E, 0x636E, 0x636F, 0x636F, 0x636E, 0x636E, 0x636F, 0x636E, 0x636F,
    0x636F, 0x636F, 0x31CA, 0x39EA, 0x3A0B, 0x3A0B, 0x422B, 0xEF1F, 0xEF1E, 0xEF1F, 0xEF1F, 0xEF1F, 0xEF1F, 0xEF1F, 0xEF1F, 0xEF1F,
    0xEF1F, 0xEF1F, 0xEF1F, 0xEF1E, 0xEF1F, 0xEF1F, 0xEF1F, 0xEF1F, 0xEF1E, 0xEF1F, 0xEF1F, 0xEF1F, 0xEF1F, 0xEF1E, 0xEF1F, 0xEF1F,
    0xEF1F, 0xEF1F, 0xCD8D, 0xCD8D, 0xCD8D, 0xCD8D, 0xCD8D, 0xCD8E, 0xCD8E, 0xC58F, 0xC590, 0xC590, 0xC590, 0xC590, 0xC590, 0xC590,
    0x7327, 0x7B68, 0x6B4E, 0x6B4F, 0x738F, 0x7390, 0x7BB0, 0x7BB0, 0x7BB0, 0x7BB0, 0x7BB0, 0x7BB0, 0x8430, 0x8430, 0x8430, 0x73AE,
    0x8430, 0x9CD3, 0xA534, 0x8C71, 0xAD75, 0xB5B6, 0xBDD7, 0xBDD7, 0xBDF7, 0xBDD7, 0xBDF7, 0xBDD7, 0xBDF7, 0xBDF7, 0xBDD7, 0xBDF7,
    0xBDD7, 0xBDF7, 0xBDF7, 0xBDD7, 0xBDD7, 0xBDF7, 0xBDF7, 0xBDF7, 0xBDD7, 0xBDD7, 0xBDD7, 0xAD75, 0x8C71, 0xAD55, 0x9CD3, 0x8C51,
    0x73AE, 0x8430, 0x8430, 0x8430, 0x7BB0, 0x7BB0, 0x7390, 0x736F, 0x6B4F, 0x6B4F, 0x6B4F, 0x6B4F, 0x6B4F, 0x6B4E, 0x6B07, 0x6B07,
    0xC590, 0xC58F, 0xCD8F, 0xCD8E, 0xCD8E, 0xCDAD, 0xCD8D, 0xCDAD, 0xCD8D, 0xCDAD, 0xCD8D, 0xCDAD, 0xCD8D, 0xCDAD, 0xEF1F, 0xEF1F,
    0xEF1F, 0xEF1E, 0xEF1F, 0xEF1F, 0xEF1F, 0xEF1E, 0xEF1E, 0xEF1E, 0xEF1E, 0xEF1F, 0xEF1E, 0xEF1F, 0xEF1F, 0xEF1F, 0xEF1E, 0xEF1F,
    0xEF1F, 0xEF1F, 0xEF1F, 0xEF1F, 0xEF1F, 0xEF1F, 0xEF1F, 0xEF1F, 0xEF1F, 0x424B, 0x422B, 0x3A0B, 0x3A0B, 0x31CA, 0x426A, 0x426A,
    0x426A, 0x426A, 0x426A, 0x426A, 0x426A, 0x426A, 0x426A, 0x426A, 0x426A, 0x426A, 0x426A, 0x426A, 0x636E, 0x636F, 0x636E, 0x636E,
    0x636F, 0x636F, 0x636E, 0x636E, 0x636E, 0x636F, 0x636E, 0x636F, 0x636E, 0x636E, 0x636F, 0x636E, 0x636F, 0x636E, 0x636F, 0x636E,
    0x636F, 0x636E, 0x636E, 0x636F, 0x636E, 0x636F, 0x52AC, 0x422B, 0x3A0B, 0x3A0B, 0x3A0B, 0x31CA, 0x0000, 0x0000, 0x0000, 0x0000,
    0x0000, 0x0000, 0x0000, 0x0000, 0x0000, 0x0000, 0x0000, 0x0000, 0x0000, 0x0000, 0x0000, 0x0000, 0x0000, 0x0000, 0x0000, 0x0000,
    0x0000, 0x0000, 0x0000, 0x0000, 0x0000, 0x0000, 0x0000, 0x0000, 0x0000, 0x0000, 0x0000, 0x0000, 0x0000, 0x0000, 0x0000, 0x0000,
    0x0000, 0x0000, 0x0000, 0x0000, 0x0000, 0x0000, 0x0000, 0x0000, 0x0000, 0x0000, 0x0000, 0x0000, 0x0000, 0x0000, 0x0000, 0x0000,
    0x0000, 0x0000, 0x0000, 0x0000, 0x0000, 0x0000, 0x0000, 0x0000, 0x0000, 0x0000, 0x0000, 0x0000, 0x0000, 0x0000, 0x0000, 0x0000,
    0x0000, 0x0000, 0x0000, 0x0000, 0x0000, 0x1083, 0x31CA, 0x3A0B, 0x3A0B, 0x424C, 0x39E8, 0x39E8, 0x5ACD, 0x7BF2, 0x7BF2, 0x7BF2,
    0x7BF2, 0x7BF2, 0x7BF2, 0x7BF2, 0x7BF2, 0x7BF2, 0x7BF2, 0xAD99, 0xAD99, 0xAD99, 0xAD99, 0xAD99, 0xAD79, 0xAD79, 0xAD99, 0xAD99,
    0xAD99, 0xAD79, 0xAD79, 0xAD79, 0xAD79, 0xAD99, 0xAD99, 0xAD79, 0xAD79, 0xAD99, 0xAD99, 0xAD99, 0xAD99, 0xAD99, 0xAD99, 0xAD99,
    0xAD99, 0xAD79, 0x31CA, 0x39EA, 0x3A0B, 0x3A0B, 0x424B, 0xEF1F, 0xEF1F, 0xEF1F, 0xEF1F, 0xEF1F, 0xEF1F, 0xEF1F, 0xEF1F, 0xEF1F,
    0xEF1F, 0xEF1F, 0xEF1F, 0xEF1F, 0xEF1F, 0xEF1F, 0xEF1F, 0xEF1E, 0xEF1F, 0xEF1F, 0xEF1F, 0xEF1F, 0xEF1F, 0xEF1F, 0xEF1F, 0xEF1F,
    0xEF1F, 0xEF1F, 0xCDAD, 0xCDAD, 0xCDAD, 0xCDAD, 0xCDAD, 0xCDAD, 0xCDAD, 0xCDAD, 0xCDAD, 0xCDAD, 0xCDAD, 0xCDAD, 0xCDAD, 0xCDAD,
    0x7327, 0x6B4E, 0x6B4F, 0x736F, 0x7390, 0x7390, 0x7BB0, 0x7BB0, 0x7BB0, 0x7BD1, 0x7BB0, 0x7BD1, 0x8430, 0x8430, 0x8430, 0x73AE,
    0x8430, 0x9CD3, 0xA534, 0x8C71, 0xAD75, 0xBDD7, 0xBDF7, 0xBDF7, 0xBDF7, 0xBDF7, 0xBDF7, 0xBDF7, 0xBDF7, 0xBDF7, 0xBDF7, 0xBDF7,
    0xBDF7, 0xBDF7, 0xBDF7, 0xBDF7, 0xBDF7, 0xBDF7, 0xBDF7, 0xBDF7, 0xBDF7, 0xBDF7, 0xBDF7, 0xAD75, 0x8C71, 0xAD55, 0x9CD3, 0x8C51,
    0x73AE, 0x8430, 0x8430, 0x8430, 0x7BD1, 0x7BD1, 0x7BB0, 0x7390, 0x736F, 0x6B4F, 0x6B4F, 0x6B4F, 0x6B4F, 0x6B4F, 0x5AEC, 0x6B07,
    0xCDAD, 0xCDAD, 0xCDAD, 0xCDAD, 0xCDAD, 0xCDAD, 0xCDAD, 0xCDAD, 0xCDAD, 0xCDAD, 0xCDAD, 0xCDAD, 0xCDAD, 0xCDAD, 0xEF1F, 0xEF1F,
    0xEF1F, 0xEF1F, 0xEF1F, 0xEF1F, 0xEF1F, 0xEF1F, 0xEF1F, 0xEF1F, 0xEF1F, 0xEF1F, 0xEF1F, 0xEF1F, 0xEF1F, 0xEF1F, 0xEF1F, 0xEF1F,
    0xEF1F, 0xEF1F, 0xEF1F, 0xEF1F, 0xEF1F, 0xEF1F, 0xEF1F, 0xEF1F, 0xEF1F, 0x424C, 0x422B, 0x3A0B, 0x3A0B, 0x31CA, 0x7BF2, 0x7BF2,
    0x7BF2, 0x7BF2, 0x7BF2, 0x7BF2, 0x7BF2, 0x7BF2, 0x7BF2, 0x7BF2, 0x7BF2, 0x7BF2, 0x7BF2, 0x7BF2, 0xAD99, 0xAD99, 0xAD99, 0xAD99,
    0xAD79, 0xAD99, 0xAD99, 0xAD79, 0xAD79, 0xAD99, 0xAD99, 0xAD99, 0xAD99, 0xAD99, 0xAD99, 0xAD79, 0xAD99, 0xAD79, 0xAD99, 0xAD79,
    0xAD99, 0xAD99, 0xAD99, 0xAD79, 0x7BF2, 0x5B2E, 0x52CC, 0x424B, 0x3A0B, 0x3A0B, 0x3A0B, 0x31EA, 0x0000, 0x0000, 0x0000, 0x0000,
    0x0000, 0x0000, 0x0000, 0x0000, 0x0000, 0x0000, 0x0000, 0x0000, 0x0000, 0x0000, 0x0000, 0x0000, 0x0000, 0x0000, 0x0000, 0x0000,
    0x0000, 0x0000, 0x0000, 0x0000, 0x0000, 0x0000, 0x0000, 0x0000, 0x0000, 0x0000, 0x0000, 0x0000, 0x0000, 0x0000, 0x0000, 0x0000,
    0x0000, 0x0000, 0x0000, 0x0000, 0x0000, 0x0000, 0x0000, 0x0000, 0x0000, 0x0000, 0x0000, 0x0000, 0x0000, 0x0000, 0x0000, 0x0000,
    0x0000, 0x0000, 0x0000, 0x0000, 0x0000, 0x0000, 0x0000, 0x0000, 0x0000, 0x0000, 0x0000, 0x0000, 0x0000, 0x0000, 0x0000, 0x0000,
    0x0000, 0x0000, 0x0000, 0x0000, 0x0000, 0x0883, 0x31EA, 0x3A0B, 0x3A0B, 0x424C, 0x39E8, 0x424A, 0x73B1, 0x7BF2, 0x7BF2, 0x7BF2,
    0x7BF2, 0x7BF2, 0x7BF2, 0x7BF2, 0x7BF2, 0x7BF2, 0x7BF2, 0xAD99, 0xAD99, 0xAD99, 0xAD99, 0xAD99, 0xAD99, 0xAD99, 0xAD99, 0xAD99,
    0xAD99, 0xAD99, 0xAD99, 0xAD99, 0xAD99, 0xAD99, 0xAD99, 0xAD99, 0xAD99, 0xAD99, 0xAD99, 0xAD99, 0xAD99, 0xAD99, 0xAD99, 0xAD99,
    0xAD99, 0xAD99, 0x31CA, 0x3A0B, 0x3A0B, 0x3A0B, 0x424C, 0xEF1F, 0xEF1E, 0xEF1F, 0xEF1F, 0xEF1F, 0xEF1F, 0xEF3F, 0xEF3F, 0xEF1F,
    0xEF1F, 0xEF1F, 0xEF3F, 0xEF1E, 0xE71E, 0xEF1E, 0xE6FE, 0xE6FE, 0xE6FE, 0xE6DE, 0xE6DE, 0xDEDD, 0xDEBD, 0xDEBD, 0xDE9D, 0xDE9D,
    0xDE9D, 0xDE9D, 0xCDAD, 0xCDAD, 0xCDAD, 0xD5CD, 0xCDCD, 0xCDAD, 0xCDAD, 0xCDAD, 0xCDAD, 0xCDAD, 0xCDAD, 0xCDAD, 0xCDAD, 0xCDAD,
    0x7327, 0x6B4F, 0x6B4F, 0x736F, 0x7390, 0x7BB0, 0x7BB0, 0x7BD1, 0x7BD1, 0x7BD1, 0x7BD1, 0x7BD1, 0x8430, 0x8430, 0x8C51, 0x73AE,
    0x8430, 0x9CD3, 0xA534, 0x8C71, 0xAD75, 0xBDD7, 0xBDF7, 0xBDF7, 0xBDF7, 0xBDF7, 0xBDF7, 0xBDF7, 0xBDF7, 0xBDF7, 0xBDF7, 0xBDF7,
    0xBDF7, 0xBDF7, 0xBDF7, 0xBDF7, 0xBDF7, 0xBDF7, 0xBDF7, 0xBDF7, 0xBDF7, 0xBDF7, 0xBDF7, 0xAD75, 0x8C71, 0xAD55, 0x9CF3, 0x8C51,
    0x73AE, 0x8430, 0x8430, 0x8430, 0x7BD1, 0x7BD1, 0x7BB0, 0x7390, 0x736F, 0x6B4F, 0x6B4F, 0x6B4F, 0x6B4F, 0x6B4F, 0x5AEC, 0x6AE8,
    0xCDAD, 0xCDAD, 0xCDAD, 0xCDAD, 0xCDCD, 0xCDAD, 0xCDAD, 0xD5CD, 0xD5CD, 0xCDAD, 0xCDAD, 0xCDAD, 0xCDCD, 0xCDCD, 0xDEDD, 0xDEDD,
    0xDEBD, 0xDEBD, 0xDEBD, 0xDEBD, 0xDEBD, 0xDEBD, 0xDEBD, 0xDEBD, 0xDEBD, 0xDEBD, 0xDEBD, 0xDEBD, 0xDEBD, 0xDEBD, 0xDEBD, 0xDEBD,
    0xDEBD, 0xDEBD, 0xDEBD, 0xDEBD, 0xDEBD, 0xDE9D, 0xDE9D, 0xDE9D, 0xDE9D, 0x424C, 0x424B, 0x3A0B, 0x3A0B, 0x31EA, 0x7BF2, 0x7BF2,
    0x7BF2, 0x7BF2, 0x7BF2, 0x7BF2, 0x7BF2, 0x7BF2, 0x7BF2, 0x7BF2, 0x7BF2, 0x7BF2, 0x7BF2, 0x7BF2, 0xAD99, 0xAD99, 0xAD99, 0xAD99,
    0xAD99, 0xAD99, 0xAD99, 0xAD99, 0xAD99, 0xAD99, 0xAD99, 0xAD99, 0xAD99, 0xAD99, 0xAD99, 0xAD99, 0xAD99, 0xAD99, 0xAD99, 0xAD99,
    0xAD99, 0xAD99, 0xAD99, 0xAD99, 0xA537, 0x6BB0, 0x52CC, 0x424C, 0x3A0B, 0x3A0B, 0x3A0B, 0x31EA, 0x0000, 0x0000, 0x0000, 0x0000,
    0x0000, 0x0000, 0x0000, 0x0000, 0x0000, 0x0000, 0x0000, 0x0000, 0x0000, 0x0000, 0x0000, 0x0000, 0x0000, 0x0000, 0x0000, 0x0000,
    0x0000, 0x0000, 0x0000, 0x0000, 0x0000, 0x0000, 0x0000, 0x0000, 0x0000, 0x0000, 0x0000, 0x0000, 0x0000, 0x0000, 0x0000, 0x0000,
    0x0000, 0x0000, 0x0000, 0x0000, 0x0000, 0x0000, 0x0000, 0x0000, 0x0000, 0x0000, 0x0000, 0x0000, 0x0000, 0x0000, 0x0000, 0x0000,
    0x0000, 0x0000, 0x0000, 0x0000, 0x0000, 0x0000, 0x0000, 0x0000, 0x0000, 0x0000, 0x0000, 0x0000, 0x0000, 0x0000, 0x0000, 0x0000,
    0x0000, 0x0000, 0x0000, 0x0000, 0x0000, 0x1083, 0x39EA, 0x3A0B, 0x3A0B, 0x424C, 0x39E8, 0x426A, 0x7BF2, 0x7BF2, 0x7BF2, 0x7BF2,
    0x7BF2, 0x7BF2, 0x7BF2, 0x7BF2, 0x7BF2, 0x7BF2, 0x7BF2, 0xAD99, 0xAD99, 0xAD99, 0xAD99, 0xAD99, 0xAD99, 0xAD99, 0xAD99, 0xAD99,
    0xAD99, 0xAD99, 0xAD99, 0xAD99, 0xAD99, 0xAD99, 0xAD99, 0xAD99, 0xAD99, 0xAD99, 0xAD99, 0xAD99, 0xAD99, 0xAD99, 0xAD99, 0xAD99,
    0xAD99, 0xAD99, 0x31EA, 0x3A0B, 0x3A0B, 0x3A0B, 0x424C, 0xCE3C, 0xCE3C, 0xCE3C, 0xCE3C, 0xCE3C, 0xCE3C, 0xCE3C, 0xCE3C, 0xCE3C,
    0xCE3C, 0xCE3B, 0xCE3C, 0xCE3C, 0xCE3C, 0xCE3C, 0xCE3C, 0xCE3C, 0xCE3C, 0xCE3C, 0xCE3C, 0xCE3C, 0xCE3C, 0xCE3C, 0xCE3C, 0xCE3C,
    0xCE3C, 0xCE3C, 0xB598, 0xB598, 0xB598, 0xB597, 0xB598, 0xB598, 0xB598, 0xB598, 0xB598, 0xB598, 0xB598, 0xB597, 0xB598, 0xB597,
    0x630D, 0x6B4F, 0x6B4F, 0x736F, 0x7390, 0x7BB0, 0x7BD1, 0x7BD1, 0x7BD1, 0x7BD1, 0x7BD1, 0x7BD1, 0x8430, 0x8430, 0x8430, 0x738E,
    0x8430, 0x9CD3, 0xA534, 0x8C71, 0xAD75, 0xBDD7, 0xBDF7, 0xBDF7, 0xBDF7, 0xBDF7, 0xBDF7, 0xBDF7, 0xBDF7, 0xBDF7, 0xBDF7, 0xBDF7,
    0xBDF7, 0xBDF7, 0xBDF7, 0xBDF7, 0xBDF7, 0xBDF7, 0xBDF7, 0xBDF7, 0xBDF7, 0xBDF7, 0xBDF7, 0xAD75, 0x8C51, 0xAD55, 0x9CF3, 0x8C51,
    0x73AE, 0x8430, 0x8430, 0x8430, 0x7BD1, 0x7BD1, 0x7BB0, 0x7390, 0x736F, 0x6B4F, 0x736F, 0x6B4F, 0x6B4F, 0x6B4F, 0x5AED, 0x5AEC,
    0xB598, 0xB598, 0xB597, 0xB598, 0xB598, 0xB598, 0xB598, 0xB598, 0xB598, 0xB598, 0xB598, 0xB598, 0xB598, 0xB598, 0xCE3C, 0xCE3C,
    0xCE3C, 0xCE3C, 0xCE3C, 0xCE3C, 0xCE3C, 0xCE3C, 0xCE3C, 0xCE3C, 0xCE3C, 0xCE3C, 0xCE3C, 0xCE3C, 0xCE3C, 0xCE3C, 0xCE3C, 0xCE3C,
    0xCE3C, 0xCE3C, 0xCE3C, 0xCE3C, 0xCE3C, 0xCE3C, 0xCE3C, 0xCE3C, 0xCE3C, 0x424C, 0x424C, 0x3A0B, 0x3A0B, 0x31EA, 0x83F2, 0x7BF2,
    0x7BF2, 0x7BF2, 0x7BF2, 0x7BF2, 0x7BF2, 0x7BF2, 0x7BF2, 0x7BF2, 0x7BF2, 0x7BF2, 0x83F2, 0x7BF2, 0xAD99, 0xAD99, 0xAD99, 0xAD99,
    0xAD99, 0xAD99, 0xAD99, 0xAD99, 0xAD99, 0xAD99, 0xAD99, 0xAD99, 0xAD99, 0xAD99, 0xAD99, 0xAD99, 0xAD99, 0xAD99, 0xAD99, 0xAD99,
    0xAD99, 0xAD99, 0xAD99, 0xAD99, 0xAD99, 0x73D1, 0x52CC, 0x424C, 0x3A0B, 0x3A0B, 0x3A0B, 0x39EA, 0x0000, 0x0000, 0x0000, 0x0000,
    0x0000, 0x0000, 0x0000, 0x0000, 0x0000, 0x0000, 0x0000, 0x0000, 0x0000, 0x0000, 0x0000, 0x0000, 0x0000, 0x0000, 0x0000, 0x0000,
    0x0000, 0x0000, 0x0000, 0x0000, 0x0000, 0x0000, 0x0000, 0x0000, 0x0000, 0x0000, 0x0000, 0x0000, 0x0000, 0x0000, 0x0000, 0x0000,
    0x0000, 0x0000, 0x0000, 0x0000, 0x0000, 0x0000, 0x0000, 0x0000, 0x0000, 0x0000, 0x0000, 0x0000, 0x0000, 0x0000, 0x0000, 0x0000,
    0x0000, 0x0000, 0x0000, 0x0000, 0x0000, 0x0000, 0x0000, 0x0000, 0x0000, 0x0000, 0x0000, 0x0000, 0x0000, 0x0000, 0x0000, 0x0000,
    0x0000, 0x0000, 0x0000, 0x0000, 0x0000, 0x1083, 0x39EA, 0x3A0B, 0x3A0B, 0x424C, 0x39E8, 0x5ACD, 0x7BF2, 0x7BF2, 0x7BF2, 0x8C53,
    0x8C53, 0x8C53, 0x8C53, 0x8C53, 0x8C53, 0x8C53, 0x8C53, 0xBE1B, 0xBE1B, 0xBE1B, 0xBE1B, 0xBE1B, 0xBE1B, 0xBE1B, 0xBE1B, 0xBE1B,
    0xBE1B, 0xBE1B, 0xBE1B, 0xBE1B, 0xBE1B, 0xBE1B, 0xBE1B, 0xBE1B, 0xBE1B, 0xBE1B, 0xBE1B, 0xBE1B, 0xBE1B, 0xBE1B, 0xBE1B, 0xBE1B,
    0xBE1B, 0xBE1B, 0x31EA, 0x3A0B, 0x3A0B, 0x3A0B, 0x424C, 0xCE3C, 0xCE3C, 0xCE3C, 0xCE3C, 0xCE3C, 0xCE3C, 0xCE3C, 0xCE3C, 0xCE3C,
    0xCE3C, 0xCE3C, 0xCE3C, 0xCE3C, 0xCE5C, 0xCE3C, 0xCE3C, 0xCE3C, 0xCE3C, 0xCE5C, 0xCE3C, 0xCE3C, 0xCE3C, 0xCE3C, 0xCE3C, 0xCE3C,
    0xCE3C, 0xCE3C, 0xBDB8, 0xB5B8, 0xB5B8, 0xBDB8, 0xB5B8, 0xB5B8, 0xB5B8, 0xB5B8, 0xB598, 0xB5B8, 0xB5B8, 0xB5B8, 0xBDB8, 0xB598,
    0x630D, 0x6B4F, 0x6B4F, 0x736F, 0x7390, 0x7BB0, 0x7BD1, 0x7BD1, 0x7BD1, 0x7BD1, 0x7BD1, 0x83D1, 0x8430, 0x8430, 0x8430, 0x73AE,
    0x8430, 0x9CD3, 0xA534, 0x8C51, 0xAD75, 0xBDD7, 0xBDF7, 0xBDF7, 0xBDF7, 0xBDF7, 0xBDF7, 0xBDF7, 0xBDF7, 0xBDF7, 0xBDF7, 0xBDF7,
    0xBDF7, 0xBDF7, 0xBDF7, 0xBDF7, 0xBDF7, 0xBDF7, 0xBDF7, 0xBDF7, 0xBDF7, 0xBDF7, 0xBDF7, 0xAD75, 0x8C71, 0xAD55, 0x9CD3, 0x8C51,
    0x73AE, 0x8430, 0x8430, 0x8430, 0x7BD1, 0x7BD1, 0x7BB0, 0x7390, 0x7390, 0x736F, 0x736F, 0x6B4F, 0x6B4F, 0x6B4F, 0x5AED, 0x5AEC,
    0xB5B8, 0xB5B8, 0xB5B8, 0xB5B8, 0xB5B8, 0xB5B8, 0xB5B8, 0xBDB8, 0xB5B8, 0xB598, 0xB598, 0xBDB8, 0xBDB8, 0xB5B8, 0xCE3C, 0xCE3C,
    0xCE5C, 0xCE3C, 0xCE3C, 0xCE5C, 0xCE3C, 0xCE5C, 0xCE3C, 0xCE3C, 0xCE3C, 0xCE3C, 0xCE3C, 0xCE3C, 0xCE3C, 0xCE3C, 0xCE3C, 0xCE3C,
    0xCE3C, 0xCE3C, 0xCE3C, 0xCE3C, 0xCE3C, 0xCE3C, 0xCE3C, 0xCE3C, 0xCE5C, 0x424C, 0x424C, 0x3A0B, 0x3A0B, 0x39EA, 0x8C53, 0x8C53,
    0x8C53, 0x8C53, 0x8C53, 0x8C53, 0x8C53, 0x8C53, 0x8C53, 0x8C53, 0x8C53, 0x8C53, 0x8C53, 0x8C53, 0xBE1B, 0xBE1B, 0xBE1B, 0xBE1B,
    0xBE1B, 0xBE1B, 0xBE1B, 0xBE1B, 0xBE1B, 0xBE1B, 0xBE1B, 0xBE1B, 0xBE1B, 0xBE1B, 0xBE1B, 0xBE1B, 0xBE1B, 0xBE1B, 0xBE1B, 0xBE1B,
    0xBE1B, 0xBE1B, 0xAD99, 0xAD99, 0xAD99, 0x7BF2, 0x52CC, 0x424C, 0x3A0B, 0x3A0B, 0x3A0B, 0x31EA, 0x0000, 0x0000, 0x0000, 0x0000,
    0x0000, 0x0000, 0x0000, 0x0000, 0x0000, 0x0000, 0x0000, 0x0000, 0x0000, 0x0000, 0x0000, 0x0000, 0x0000, 0x0000, 0x0000, 0x0000,
    0x0000, 0x0000, 0x0000, 0x0000, 0x0000, 0x0000, 0x0000, 0x0000, 0x0000, 0x0000, 0x0000, 0x0000, 0x0000, 0x0000, 0x0000, 0x0000,
    0x0000, 0x0000, 0x0000, 0x0000, 0x0000, 0x0000, 0x0000, 0x0000, 0x0000, 0x0000, 0x0000, 0x0000, 0x0000, 0x0000, 0x0000, 0x0000,
    0x0000, 0x0000, 0x0000, 0x0000, 0x0000, 0x0000, 0x0000, 0x0000, 0x0000, 0x0000, 0x0000, 0x0000, 0x0000, 0x0000, 0x0000, 0x0000,
    0x0000, 0x0000, 0x0000, 0x0000, 0x0000, 0x1083, 0x39EA, 0x422B, 0x3A2B, 0x424C, 0x426A, 0x52CC, 0x7BF2, 0x7BF2, 0x8C53, 0x9474,
    0x9474, 0x9474, 0x9494, 0x9494, 0x9474, 0x9474, 0x9494, 0xC65C, 0xC65C, 0xC65C, 0xC65C, 0xC65C, 0xC65C, 0xC65C, 0xC65C, 0xC65C,
    0xC65C, 0xC65C, 0xC65C, 0xC65C, 0xC65C, 0xC65C, 0xC65C, 0xC65C, 0xC65C, 0xC65C, 0xC65C, 0xC65C, 0xC65C, 0xC65C, 0xC65C, 0xC65C,
    0xC65C, 0xC65C, 0x39EA, 0x3A0B, 0x3A0B, 0x3A2B, 0x424C, 0xCE3C, 0xCE5C, 0xCE3C, 0xCE3C, 0xCE5C, 0xCE5C, 0xCE5C, 0xCE5C, 0xCE5C,
    0xCE5C, 0xCE5C, 0xCE5C, 0xCE5C, 0xCE5C, 0xCE5C, 0xCE3C, 0xCE3C, 0xCE5C, 0xCE3C, 0xCE5C, 0xCE3C, 0xCE5C, 0xCE5C, 0xCE5C, 0xCE5C,
    0xCE5C, 0xCE5C, 0xBDB8, 0xBDB8, 0xBDB8, 0xBDB8, 0xBDB8, 0xBDB8, 0xBDB8, 0xBDB8, 0xBDB8, 0xBDB8, 0xBDB8, 0xBDB8, 0xBDB8, 0xBDB8,
    0x630D, 0x6B4F, 0x736F, 0x736F, 0x7390, 0x7BB0, 0x7BD1, 0x7BD1, 0x7BD1, 0x83F1, 0x83F1, 0x83F1, 0x8430, 0x8430, 0x8430, 0x73AE,
    0x8430, 0x9CD3, 0xA534, 0x8C71, 0xAD75, 0xB596, 0xAD75, 0xAD75, 0xAD75, 0xAD75, 0xAD75, 0xAD75, 0xAD75, 0xAD75, 0xAD75, 0xAD75,
    0xAD75, 0xAD75, 0xAD75, 0xAD75, 0xAD75, 0xAD75, 0xAD75, 0xAD75, 0xAD75, 0xAD75, 0xB596, 0xAD75, 0x8C71, 0xAD55, 0x9CD3, 0x8C51,
    0x73AE, 0x8430, 0x8430, 0x8430, 0x83F1, 0x83F1, 0x7BD1, 0x7BB0, 0x7390, 0x736F, 0x736F, 0x736F, 0x736F, 0x736F, 0x5AED, 0x5AEC,
    0xBDB8, 0xBDB8, 0xBDB8, 0xBDB8, 0xBDB8, 0xBDB8, 0xBDB8, 0xBDB8, 0xBDB8, 0xBDB8, 0xBDB8, 0xBDB8, 0xBDB8, 0xBDB8, 0xCE5C, 0xCE5C,
    0xCE5C, 0xCE5C, 0xCE5C, 0xCE5C, 0xCE5C, 0xCE5C, 0xCE5C, 0xCE5C, 0xCE3C, 0xCE5C, 0xCE5C, 0xCE5C, 0xCE5C, 0xCE5C, 0xCE5C, 0xCE5C,
    0xCE5C, 0xCE5C, 0xCE3C, 0xCE5C, 0xCE5C, 0xCE5C, 0xCE3C, 0xCE5C, 0xCE5C, 0x424C, 0x424C, 0x3A0B, 0x3A2B, 0x39EA, 0x9474, 0x9474,
    0x9474, 0x9474, 0x9474, 0x9474, 0x9474, 0x9474, 0x9494, 0x9474, 0x9474, 0x9474, 0x9474, 0x9474, 0xC65C, 0xC65C, 0xC65C, 0xC65C,
    0xC65C, 0xC65C, 0xC65C, 0xC65C, 0xC65C, 0xC65C, 0xC65C, 0xC65C, 0xC65C, 0xC65C, 0xC65C, 0xC65C, 0xC65C, 0xC65C, 0xC65C, 0xC65C,
    0xC65C, 0xC65C, 0xBE1A, 0xAD99, 0xAD99, 0xA517, 0x636F, 0x424C, 0x3A0B, 0x3A2B, 0x3A0B, 0x39EA, 0x0000, 0x0000, 0x0000, 0x0000,
    0x0000, 0x0000, 0x0000, 0x0000, 0x0000, 0x0000, 0x0000, 0x0000, 0x0000, 0x0000, 0x0000, 0x0000, 0x0000, 0x0000, 0x0000, 0x0000,
    0x0000, 0x0000, 0x0000, 0x0000, 0x0000, 0x0000, 0x0000, 0x0000, 0x0000, 0x0000, 0x0000, 0x0000, 0x0000, 0x0000, 0x0000, 0x0000,
    0x0000, 0x0000, 0x0000, 0x0000, 0x0000, 0x0000, 0x0000, 0x0000, 0x0000, 0x0000, 0x0000, 0x0000, 0x0000, 0x0000, 0x0000, 0x0000,
    0x0000, 0x0000, 0x0000, 0x0000, 0x0000, 0x0000, 0x0000, 0x0000, 0x0000, 0x0000, 0x0000, 0x0000, 0x0000, 0x0000, 0x0000, 0x0000,
    0x0000, 0x0000, 0x0000, 0x0000, 0x0000, 0x1083, 0x39EA, 0x3A2B, 0x3A2B, 0x424C, 0x426A, 0x52CC, 0x7BF2, 0x7BF2, 0x8C53, 0x9474,
    0x9474, 0x9474, 0x9474, 0x9474, 0x9474, 0x9494, 0x9494, 0xC65C, 0xC65C, 0xCE5C, 0xC65C, 0xC65C, 0xCE5C, 0xCE5C, 0xC65C, 0xC65C,
    0xC65C, 0xCE5C, 0xCE5C, 0xC65C, 0xC65C, 0xC65C, 0xC65C, 0xCE5C, 0xC65C, 0xC65C, 0xCE5C, 0xC65C, 0xC65C, 0xCE5C, 0xC65C, 0xC65C,
    0xC65C, 0xC65C, 0x39EA, 0x3A0B, 0x3A2B, 0x422B, 0x424C, 0xCE5C, 0xCE5C, 0xCE5C, 0xCE5C, 0xCE5C, 0xCE5C, 0xCE5C, 0xCE5C, 0xCE5C,
    0xCE5C, 0xCE5C, 0xCE5C, 0xCE5C, 0xCE5C, 0xCE5C, 0xCE5C, 0xCE5C, 0xCE5C, 0xCE5C, 0xCE5C, 0xCE5C, 0xCE5C, 0xCE5C, 0xCE5C, 0xCE5C,
    0xCE5C, 0xCE5C, 0xBDD8, 0xBDD8, 0xBDD8, 0xBDB8, 0xBDB8, 0xBDD8, 0xBDD8, 0xBDD8, 0xBDD8, 0xBDD8, 0xBDB8, 0xBDB8, 0xBDB8, 0xBDB8,
    0x630D, 0x6B4F, 0x736F, 0x738F, 0x7390, 0x7BB0, 0x7BD1, 0x83F1, 0x83F1, 0x83F1, 0x83F1, 0x83F1, 0x8430, 0x8430, 0x8430, 0x73AE,
    0x8430, 0x9CD3, 0xA534, 0x8C51, 0xA534, 0xA534, 0xA514, 0xA514, 0xA514, 0xA514, 0xA514, 0xA514, 0xA514, 0xA514, 0xA514, 0xA514,
    0xA514, 0xA514, 0xA514, 0xA514, 0xA514, 0xA514, 0xA514, 0xA514, 0xA514, 0xA514, 0xA534, 0xA534, 0x8C71, 0xAD55, 0x9CD3, 0x8C51,
    0x7BCF, 0x8C51, 0x8430, 0x8430, 0x83F1, 0x83F1, 0x7BD1, 0x7BB0, 0x7390, 0x736F, 0x736F, 0x736F, 0x736F, 0x736F, 0x630D, 0x5AEC,
    0xBDD8, 0xBDB8, 0xBDD8, 0xBDB8, 0xBDB8, 0xBDD8, 0xBDD8, 0xBDD8, 0xBDD8, 0xBDD8, 0xBDD8, 0xBDD8, 0xBDD8, 0xBDD8, 0xCE5C, 0xCE5C,
    0xCE5C, 0xCE5C, 0xCE5C, 0xCE5C, 0xCE5C, 0xCE5C, 0xCE5C, 0xCE5C, 0xCE5C, 0xCE5C, 0xCE5C, 0xCE5C, 0xCE5C, 0xCE5C, 0xCE5C, 0xCE5C,
    0xCE5C, 0xCE5C, 0xCE5C, 0xCE5C, 0xCE5C, 0xCE5C, 0xCE5C, 0xCE5C, 0xCE5C, 0x424C, 0x424C, 0x3A0B, 0x3A2B, 0x39EA, 0x9474, 0x9474,
    0x9474, 0x9474, 0x9474, 0x9474, 0x9474, 0x9474, 0x9474, 0x9474, 0x9474, 0x9474, 0x9474, 0x9474, 0xCE5C, 0xC65C, 0xC65C, 0xC65C,
    0xC65C, 0xC65C, 0xC65C, 0xCE5C, 0xCE5C, 0xCE5C, 0xCE5C, 0xCE5C, 0xCE5C, 0xC65C, 0xC65C, 0xCE5C, 0xC65C, 0xCE5C, 0xC65C, 0xCE5C,
    0xC65C, 0xC65C, 0xBE1B, 0xB599, 0xAD99, 0xA537, 0x638F, 0x426C, 0x3A0B, 0x3A0B, 0x3A0B, 0x39EA, 0x0000, 0x0000, 0x0000, 0x0000,
    0x0000, 0x0000, 0x0000, 0x0000, 0x0000, 0x0000, 0x0000, 0x0000, 0x0000, 0x0000, 0x0000, 0x0000, 0x0000, 0x0000, 0x0000, 0x0000,
    0x0000, 0x0000, 0x0000, 0x0000, 0x0000, 0x0000, 0x0000, 0x0000, 0x0000, 0x0000, 0x0000, 0x0000, 0x0000, 0x0000, 0x0000, 0x0000,
    0x0000, 0x0000, 0x0000, 0x0000, 0x0000, 0x0000, 0x0000, 0x0000, 0x0000, 0x0000, 0x0000, 0x0000, 0x0000, 0x0000, 0x0000, 0x0000,
    0x0000, 0x0000, 0x0000, 0x0000, 0x0000, 0x0000, 0x0000, 0x0000, 0x0000, 0x0000, 0x0000, 0x0000, 0x0000, 0x0000, 0x0000, 0x0000,
    0x0000, 0x0000, 0x0000, 0x0000, 0x0000, 0x1083, 0x39EA, 0x422B, 0x422B, 0x426C, 0x426A, 0x426A, 0x426A, 0x426A, 0x426A, 0x426A,
    0x426A, 0x426A, 0x426A, 0x426A, 0x426A, 0x426A, 0x426A, 0x638F, 0x638F, 0x638F, 0x638F, 0x638F, 0x638F, 0x636F, 0x638F, 0x638F,
    0x638F, 0x638F, 0x638F, 0x638F, 0x636F, 0x638F, 0x638F, 0x638F, 0x638F, 0x638F, 0x638F, 0x638F, 0x636F, 0x638F, 0x638F, 0x638F,
    0x638F, 0x636F, 0x39EA, 0x3A0B, 0x3A2B, 0x422B, 0x426C, 0xCE5C, 0xCE5C, 0xCE5C, 0xCE5C, 0xCE5C, 0xCE5C, 0xCE5C, 0xCE5C, 0xCE5C,
    0xCE5C, 0xCE5C, 0xCE5C, 0xCE5C, 0xCE5C, 0xCE5C, 0xCE5C, 0xCE5C, 0xCE5C, 0xCE5C, 0xCE5C, 0xCE5C, 0xCE5C, 0xCE5C, 0xCE5C, 0xCE5C,
    0xCE5C, 0xCE5C, 0xBDD8, 0xBDD8, 0xBDD8, 0xBDD8, 0xBDD8, 0xBDD8, 0xBDD8, 0xBDD8, 0xBDD8, 0xBDD8, 0xBDD8, 0xBDD8, 0xBDD8, 0xBDD8,
    0x630D, 0x736F, 0x736F, 0x736F, 0x7B90, 0x7BB0, 0x7BD1, 0x83F1, 0x83F1, 0x83F1, 0x83F1, 0x83F1, 0x8430, 0x8430, 0x8430, 0x738E,
    0x8430, 0x9CD3, 0xA534, 0x8C71, 0x8C51, 0x8C51, 0x8C71, 0x8C71, 0x8C51, 0x8C71, 0x8C71, 0x8C71, 0x8C71, 0x8C71, 0x8C71, 0x8C51,
    0x8C71, 0x8C51, 0x8C71, 0x8C71, 0x8C71, 0x8C51, 0x8C71, 0x8C71, 0x8C51, 0x8C71, 0x8C71, 0x8C71, 0x8C71, 0xAD55, 0x9CD3, 0x8C51,
    0x73AE, 0x8430, 0x8430, 0x8430, 0x83F2, 0x83F1, 0x7BD1, 0x7BB1, 0x7B90, 0x7390, 0x736F, 0x736F, 0x736F, 0x736F, 0x630D, 0x5AEC,
    0xBDD8, 0xBDD8, 0xBDD8, 0xBDD8, 0xBDD8, 0xBDD8, 0xBDD8, 0xBDD8, 0xBDD8, 0xBDD8, 0xBDD8, 0xBDD8, 0xBDD8, 0xBDD8, 0xCE5C, 0xCE5C,
    0xCE5C, 0xCE5C, 0xCE5C, 0xCE5C, 0xCE5C, 0xCE5C, 0xCE5C, 0xCE5C, 0xCE5C, 0xCE5C, 0xCE5C, 0xCE5C, 0xCE5C, 0xCE5C, 0xCE5C, 0xCE5C,
    0xCE5C, 0xCE5C, 0xCE5C, 0xCE5C, 0xCE5C, 0xCE5C, 0xCE5C, 0xCE5C, 0xCE5C, 0x424C, 0x424C, 0x422B, 0x3A2B, 0x39EA, 0x426A, 0x426A,
    0x426A, 0x426A, 0x426A, 0x426A, 0x426A, 0x426A, 0x426A, 0x426A, 0x426A, 0x426A, 0x426A, 0x426A, 0x638F, 0x638F, 0x636F, 0x638F,
    0x638F, 0x638F, 0x638F, 0x638F, 0x638F, 0x638F, 0x638F, 0x638F, 0x638F, 0x638F, 0x638F, 0x638F, 0x638F, 0x638F, 0x638F, 0x638F,
    0x638F, 0x638F, 0x638F, 0x638F, 0x638F, 0x638F, 0x638F, 0x424C, 0x422B, 0x3A2B, 0x3A0B, 0x39EA, 0x0000, 0x0000, 0x0000, 0x0000,
    0x0000, 0x0000, 0x0000, 0x0000, 0x0000, 0x0000, 0x0000, 0x0000, 0x0000, 0x0000, 0x0000, 0x0000, 0x0000, 0x0000, 0x0000, 0x0000,
    0x0000, 0x0000, 0x0000, 0x0000, 0x0000, 0x0000, 0x0000, 0x0000, 0x0000, 0x0000, 0x0000, 0x0000, 0x0000, 0x0000, 0x0000, 0x0000,
    0x0000, 0x0000, 0x0000, 0x0000, 0x0000, 0x0000, 0x0000, 0x0000, 0x0000, 0x0000, 0x0000, 0x0000, 0x0000, 0x0000, 0x0000, 0x0000,
    0x0000, 0x0000, 0x0000, 0x0000, 0x0000, 0x0000, 0x0000, 0x0000, 0x0000, 0x0000, 0x0000, 0x0000, 0x0000, 0x0000, 0x0000, 0x0000,
    0x0000, 0x0000, 0x0000, 0x0000, 0x0000, 0x1083, 0x39EA, 0x422B, 0x422B, 0x426C, 0x528C, 0x528C, 0x528C, 0x528C, 0x528C, 0x528C,
    0x528C, 0x528C, 0x528C, 0x52AC, 0x528C, 0x528C, 0x528C, 0x73D1, 0x73D1, 0x73D1, 0x73D1, 0x73D1, 0x73D1, 0x73D1, 0x73D1, 0x73D1,
    0x73D1, 0x73D1, 0x73D1, 0x73D1, 0x73D1, 0x73D1, 0x73D1, 0x73D1, 0x73D1, 0x73D1, 0x73D1, 0x73D1, 0x73D1, 0x73D1, 0x73D1, 0x73D1,
    0x73D1, 0x73D1, 0x39EA, 0x3A0B, 0x422B, 0x422B, 0x426C, 0xCE5C, 0xCE5C, 0xCE5C, 0xCE5C, 0xCE5C, 0xCE5C, 0xCE5C, 0xCE5C, 0xCE5C,
    0xCE5C, 0xCE5C, 0xCE5C, 0xCE5C, 0xCE5C, 0xCE5C, 0xCE5C, 0xCE5C, 0xCE5C, 0xCE5C, 0xCE5C, 0xCE5C, 0xCE5C, 0xCE5C, 0xCE5C, 0xCE5C,
    0xCE5C, 0xCE5C, 0xBDD8, 0xBDD8, 0xBDD8, 0xBDD9, 0xBDD8, 0xBDD9, 0xBDD9, 0xBDD8, 0xBDD8, 0xBDD8, 0xBDD8, 0xBDD8, 0xBDD9, 0xBDD8,
    0x630D, 0x736F, 0x736F, 0x7390, 0x7BB0, 0x7BD1, 0x7BD1, 0x83F1, 0x83F1, 0x83F2, 0x83F2, 0x83F2, 0x83F2, 0x8C51, 0x8430, 0x73AE,
    0x8430, 0x9CD3, 0x9CF3, 0x9CF3, 0x9CF3, 0x9CF3, 0x9CF3, 0x9CF3, 0x9CF3, 0x9CF3, 0x9CF3, 0x9CF3, 0x9CF3, 0x9CF3, 0x9CF3, 0x9CF3,
    0x9CF3, 0x9CF3, 0x9CF3, 0x9CF3, 0x9CF3, 0x9CF3, 0x9CF3, 0x9CF3, 0x9CF3, 0x9CF3, 0x9CF3, 0x9CF3, 0x9CF3, 0x9CF3, 0x9CD3, 0x8C51,
    0x73AE, 0x8C51, 0x8430, 0x8412, 0x83F2, 0x83F2, 0x83D1, 0x7BD1, 0x7BB0, 0x7390, 0x736F, 0x736F, 0x736F, 0x736F, 0x630D, 0x5AEC,
    0xBDD9, 0xBDD9, 0xBDD8, 0xBDD9, 0xBDD9, 0xBDD8, 0xBDF9, 0xBDD9, 0xBDD9, 0xBDD8, 0xBDD8, 0xBDD9, 0xBDD9, 0xBDD9, 0xCE5C, 0xCE5C,
    0xCE5C, 0xCE5C, 0xCE5C, 0xCE5C, 0xCE5C, 0xCE5C, 0xCE5C, 0xCE5C, 0xCE5C, 0xCE5C, 0xCE5C, 0xCE5C, 0xCE5C, 0xCE5C, 0xCE5C, 0xCE5C,
    0xCE5C, 0xCE5C, 0xCE5C, 0xCE5C, 0xCE5C, 0xCE5C, 0xCE5C, 0xCE5C, 0xCE5C, 0x424C, 0x424C, 0x422B, 0x422B, 0x39EA, 0x528C, 0x52AC,
    0x528C, 0x528C, 0x528C, 0x528C, 0x528C, 0x528C, 0x528C, 0x528C, 0x528C, 0x528C, 0x528C, 0x528C, 0x73D1, 0x73D1, 0x73D1, 0x73D1,
    0x73D1, 0x73D1, 0x73D1, 0x73D1, 0x73D1, 0x73D1, 0x73D1, 0x73D1, 0x73D1, 0x73D1, 0x73D1, 0x73D1, 0x73D1, 0x73D1, 0x73D1, 0x73D1,
    0x73D1, 0x73D1, 0x73D1, 0x73D1, 0x73D1, 0x73D1, 0x73D1, 0x426C, 0x422B, 0x422B, 0x3A2B, 0x39EA, 0x0000, 0x0000, 0x0000, 0x0000,
    0x0000, 0x0000, 0x0000, 0x0000, 0x0000, 0x0000, 0x0000, 0x0000, 0x0000, 0x0000, 0x0000, 0x0000, 0x0000, 0x0000, 0x0000, 0x0000,
    0x0000, 0x0000, 0x0000, 0x0000, 0x0000, 0x0000, 0x0000, 0x0000, 0x0000, 0x0000, 0x0000, 0x0000, 0x0000, 0x0000, 0x0000, 0x0000,
    0x0000, 0x0000, 0x0000, 0x0000, 0x0000, 0x0000, 0x0000, 0x0000, 0x0000, 0x0000, 0x0000, 0x0000, 0x0000, 0x0000, 0x0000, 0x0000,
    0x0000, 0x0000, 0x0000, 0x0000, 0x0000, 0x0000, 0x0000, 0x0000, 0x0000, 0x0000, 0x0000, 0x0000, 0x0000, 0x0000, 0x0000, 0x0000,
    0x0000, 0x0000, 0x0000, 0x0000, 0x0000, 0x1083, 0x39EA, 0x422B, 0x422B, 0x426C, 0x528C, 0x528C, 0x528C, 0x528C, 0x528C, 0x528C,
    0x528C, 0x528C, 0x528C, 0x528C, 0x528C, 0x528C, 0x528C, 0x73D1, 0x73D1, 0x73D1, 0x73D1, 0x73D1, 0x73D1, 0x73D1, 0x73D1, 0x73D1,
    0x73D1, 0x73D1, 0x73D1, 0x73D1, 0x73D1, 0x73D1, 0x73D1, 0x73D1, 0x73D1, 0x73D1, 0x73D1, 0x73D1, 0x73D1, 0x73D1, 0x73D1, 0x73D1,
    0x73D1, 0x73D1, 0x39EA, 0x3A0B, 0x422B, 0x422B, 0x426C, 0xCE5C, 0xCE5C, 0xCE5C, 0xCE5C, 0xCE5C, 0xCE5C, 0xCE5C, 0xCE5C, 0xCE5C,
    0xCE5C, 0xCE5C, 0xCE5C, 0xCE5C, 0xCE5C, 0xCE5C, 0xCE5C, 0xCE5C, 0xCE5C, 0xCE5C, 0xD65C, 0xCE5C, 0xCE5C, 0xCE5C, 0xCE5C, 0xCE5C,
    0xCE5C, 0xCE5C, 0xBDF9, 0xBDF9, 0xBDF9, 0xBDF9, 0xBDF9, 0xBDF9, 0xBDF9, 0xBDF9, 0xBDF9, 0xBDF9, 0xBDF9, 0xBDF9, 0xBDF9, 0xBDF9,
    0x630D, 0x736F, 0x736F, 0x7390, 0x7BB0, 0x7BB1, 0x83D1, 0x83F1, 0x83F2, 0x83F2, 0x8412, 0x83F1, 0x6B0E, 0x62ED, 0x8430, 0x73AE,
    0x8430, 0x8C51, 0x8C51, 0x8C51, 0x8C51, 0x8C51, 0x8C51, 0x8C51, 0x8C51, 0x8C51, 0x8C51, 0x8C51, 0x8C51, 0x8C51, 0x8C51, 0x8C51,
    0x8C51, 0x8C51, 0x8C51, 0x8C51, 0x8C51, 0x8C51, 0x8C51, 0x8C51, 0x8C51, 0x8C51, 0x8C51, 0x8C51, 0x8C51, 0x8C51, 0x8C51, 0x8C51,
    0x73AE, 0x8430, 0x6B4E, 0x630D, 0x7BD1, 0x8412, 0x83F1, 0x7BD1, 0x7BB0, 0x7B90, 0x7370, 0x736F, 0x736F, 0x736F, 0x630D, 0x5AEC,
    0xBDF9, 0xBDF9, 0xBDF9, 0xBDF9, 0xBDF9, 0xBDF9, 0xBDF9, 0xBDF9, 0xBDF9, 0xBDF9, 0xBDF9, 0xBDF9, 0xC5F9, 0xBDF9, 0xD65C, 0xCE5C,
    0xCE5C, 0xCE5C, 0xCE5C, 0xCE5C, 0xCE5C, 0xCE5C, 0xCE5C, 0xCE5C, 0xCE5C, 0xCE5C, 0xCE5C, 0xCE5C, 0xCE5C, 0xCE5C, 0xCE5C, 0xCE5C,
    0xCE5C, 0xCE5C, 0xCE5C, 0xCE5C, 0xCE5C, 0xCE5C, 0xCE5C, 0xCE5C, 0xCE5C, 0x426C, 0x424C, 0x422B, 0x422B, 0x39EA, 0x528C, 0x528C,
    0x528C, 0x528C, 0x528C, 0x52AC, 0x528C, 0x52AC, 0x528C, 0x528C, 0x528C, 0x528C, 0x528C, 0x528C, 0x73D1, 0x73D1, 0x73D1, 0x73D1,
    0x73D1, 0x73D1, 0x73D1, 0x73D1, 0x73D1, 0x73D1, 0x73D1, 0x73D1, 0x73D1, 0x73D1, 0x73D1, 0x73D1, 0x73D1, 0x73D1, 0x73D1, 0x73D1,
    0x73D1, 0x73D1, 0x73D1, 0x73D1, 0x73D1, 0x73D1, 0x73D1, 0x426C, 0x422B, 0x422B, 0x422B, 0x39EA, 0x0000, 0x0000, 0x0000, 0x0000,
    0x0000, 0x0000, 0x0000, 0x0000, 0x0000, 0x0000, 0x0000, 0x0000, 0x0000, 0x0000, 0x0000, 0x0000, 0x0000, 0x0000, 0x0000, 0x0000,
    0x0000, 0x0000, 0x0000, 0x0000, 0x0000, 0x0000, 0x0000, 0x0000, 0x0000, 0x0000, 0x0000, 0x0000, 0x0000, 0x0000, 0x0000, 0x0000,
    0x0000, 0x0000, 0x0000, 0x0000, 0x0000, 0x0000, 0x0000, 0x0000, 0x0000, 0x0000, 0x0000, 0x0000, 0x0000, 0x0000, 0x0000, 0x0000,
    0x0000, 0x0000, 0x0000, 0x0000, 0x0000, 0x0000, 0x0000, 0x0000, 0x0000, 0x0000, 0x0000, 0x0000, 0x0000, 0x0000, 0x0000, 0x0000,
    0x0000, 0x0000, 0x0000, 0x0000, 0x0000, 0x10A3, 0x39EA, 0x422B, 0x422B, 0x426C, 0x426A, 0x52CD, 0x52CC, 0x52CC, 0x52CC, 0x5ACD,
    0x52CC, 0x52CC, 0x52CD, 0x5ACD, 0x52CD, 0x5ACD, 0x52CC, 0x7C12, 0x7C12, 0x7C12, 0x7C12, 0x7C12, 0x7C12, 0x7C12, 0x7C12, 0x7C12,
    0x7C12, 0x7C12, 0x7C12, 0x7C12, 0x7C12, 0x7C12, 0x7C12, 0x7C12, 0x7C12, 0x7C12, 0x7C12, 0x7C12, 0x7C12, 0x7C12, 0x7C12, 0x7C12,
    0x7C12, 0x7C12, 0x3A0B, 0x3A2B, 0x422B, 0x422B, 0x426C, 0xEE90, 0xEE90, 0xEE90, 0xEE90, 0xEE90, 0xEE90, 0xEE90, 0xEE90, 0xEE90,
    0xEE90, 0xEE90, 0xEE90, 0xEE90, 0xEE90, 0xEE90, 0xEE90, 0xEE90, 0xEE90, 0xEE90, 0xEE90, 0xEE90, 0xEE90, 0xEE90, 0xEE90, 0xEE90,
    0xEE90, 0xEE90, 0xC5F9, 0xC5F9, 0xC5F9, 0xC5F9, 0xC5F9, 0xC5F9, 0xC5F9, 0xC5F9, 0xC5F9, 0xC5F9, 0xC5F9, 0xC5F9, 0xC5F9, 0xC5F9,
    0x630D, 0x736F, 0x736F, 0x7390, 0x7BB0, 0x7BD1, 0x83D1, 0x83F1, 0x6B4F, 0x62ED, 0x62ED, 0x62ED, 0x62ED, 0x62ED, 0x62ED, 0x6B2D,
    0x6B4D, 0x6B4D, 0x6B4D, 0x6B4D, 0x630C, 0x630C, 0x5AEB, 0x5AEB, 0x5AEB, 0x5AEB, 0x5AEB, 0x5AEB, 0x5AEB, 0x5AEB, 0x5AEB, 0x5AEB,
    0x5AEB, 0x5AEB, 0x5AEB, 0x5AEB, 0x5AEB, 0x5AEB, 0x5AEB, 0x5AEB, 0x5AEB, 0x5AEB, 0x630C, 0x630C, 0x6B4D, 0x6B2D, 0x6B4D, 0x6B4D,
    0x6B2D, 0x62ED, 0x62ED, 0x62ED, 0x62ED, 0x62ED, 0x62ED, 0x62ED, 0x7BB1, 0x7B90, 0x7390, 0x736F, 0x7370, 0x736F, 0x630D, 0x5ACC,
    0xC5F9, 0xC5F9, 0xC5F9, 0xC5F9, 0xC5F9, 0xC5F9, 0xC5F9, 0xC5F9, 0xC5F9, 0xC5F9, 0xC5F9, 0xC5F9, 0xC5F9, 0xC5F9, 0xEE90, 0xEE90,
    0xEE90, 0xEE90, 0xEE90, 0xEE90, 0xEE90, 0xEE90, 0xEE90, 0xEE90, 0xEE90, 0xEE90, 0xEE90, 0xEE90, 0xEE90, 0xEE90, 0xEE90, 0xEE90,
    0xEE90, 0xEE90, 0xEE90, 0xEE90, 0xEE90, 0xEE90, 0xEE90, 0xEE90, 0xEE90, 0x426C, 0x426C, 0x422B, 0x422B, 0x39EA, 0x5ACD, 0x52CC,
    0x5ACD, 0x5ACD, 0x52CC, 0x52CC, 0x5ACD, 0x5ACD, 0x5ACD, 0x52CD, 0x52CC, 0x5ACD, 0x52CD, 0x5ACD, 0x7C12, 0x7C12, 0x7C12, 0x7C12,
    0x7C12, 0x7C12, 0x7C12, 0x7C12, 0x7C12, 0x7C12, 0x7C12, 0x7C12, 0x7C12, 0x7C12, 0x7C12, 0x7C12, 0x7C12, 0x7C12, 0x7C12, 0x7C12,
    0x7C12, 0x7C12, 0x7C12, 0x7C12, 0x7C12, 0x7C12, 0x638F, 0x426C, 0x422B, 0x422B, 0x3A2B, 0x39EA, 0x0000, 0x0000, 0x0000, 0x0000,
    0x0000, 0x0000, 0x0000, 0x0000, 0x0000, 0x0000, 0x0000, 0x0000, 0x0000, 0x0000, 0x0000, 0x0000, 0x0000, 0x0000, 0x0000, 0x0000,
    0x0000, 0x0000, 0x0000, 0x0000, 0x0000, 0x0000, 0x0000, 0x0000, 0x0000, 0x0000, 0x0000, 0x0000, 0x0000, 0x0000, 0x0000, 0x0000,
    0x0000, 0x0000, 0x0000, 0x0000, 0x0000, 0x0000, 0x0000, 0x0000, 0x0000, 0x0000, 0x0000, 0x0000, 0x0000, 0x0000, 0x0000, 0x0000,
    0x0000, 0x0000, 0x0000, 0x0000, 0x0000, 0x0000, 0x0000, 0x0000, 0x0000, 0x0000, 0x0000, 0x0000, 0x0000, 0x0000, 0x0000, 0x0000,
    0x0000, 0x0000, 0x0000, 0x0000, 0x0000, 0x1083, 0x3A0B, 0x422B, 0x422B, 0x4A6C, 0x39E8, 0x426A, 0x426A, 0x426A, 0x426A, 0x426A,
    0x426A, 0x426A, 0x426A, 0x426A, 0x426A, 0x426A, 0x426A, 0x638F, 0x638F, 0x638F, 0x638F, 0x638F, 0x638F, 0x638F, 0x638F, 0x638F,
    0x638F, 0x638F, 0x638F, 0x638F, 0x638F, 0x638F, 0x638F, 0x638F, 0x638F, 0x638F, 0x638F, 0x638F, 0x638F, 0x638F, 0x638F, 0x638F,
    0x638F, 0x638F, 0x3A0B, 0x422B, 0x422B, 0x422B, 0x4A6C, 0xEE90, 0xEE90, 0xEE90, 0xEE90, 0xEE90, 0xEE90, 0xF6B0, 0xEE90, 0xEE90,
    0xEE90, 0xEE90, 0xEE90, 0xEE90, 0xEE90, 0xEE90, 0xEE90, 0xEE90, 0xEEB0, 0xEE90, 0xEE90, 0xEE90, 0xEE90, 0xEE90, 0xEE90, 0xEE90,
    0xEE90, 0xEE90, 0xC5F9, 0xC619, 0xC619, 0xC619, 0xC619, 0xC5F9, 0xC5F9, 0xC619, 0xC619, 0xC619, 0xC5F9, 0xC5F9, 0xC5F9, 0xC5F9,
    0x630D, 0x736F, 0x7370, 0x7390, 0x7BB0, 0x7BD1, 0x5ACD, 0x62ED, 0x62ED, 0x62ED, 0x62ED, 0x62ED, 0x62ED, 0x630D, 0x630D, 0x630D,
    0x630D, 0x8C32, 0x9CB4, 0x9CB4, 0x5AAB, 0x39C7, 0x31A6, 0x4208, 0x4208, 0x4208, 0x4208, 0x4208, 0x4208, 0x4208, 0x4208, 0x4208,
    0x4208, 0x4208, 0x4208, 0x4208, 0x4208, 0x4208, 0x4208, 0x4208, 0x4208, 0x31A7, 0x39E8, 0x5AAB, 0x9CB4, 0x9CB4, 0x9453, 0x630D,
    0x62ED, 0x630D, 0x62ED, 0x630D, 0x62ED, 0x62ED, 0x62ED, 0x5ACD, 0x5AAC, 0x5AAC, 0x7390, 0x7370, 0x7390, 0x7390, 0x630E, 0x5AEC,
    0xC619, 0xC619, 0xC619, 0xC619, 0xC619, 0xC5F9, 0xC619, 0xC619, 0xC5F9, 0xC5F9, 0xC619, 0xC619, 0xC619, 0xC619, 0xEE90, 0xEE90,
    0xEE90, 0xEE90, 0xEE90, 0xEE90, 0xEE90, 0xEEB0, 0xEE90, 0xEE90, 0xEE90, 0xEE90, 0xEE90, 0xEE90, 0xF6B0, 0xEE90, 0xEE90, 0xF6B0,
    0xEE90, 0xEE90, 0xEE90, 0xEE90, 0xEE90, 0xEEB0, 0xEE90, 0xEE90, 0xEE90, 0x4A6C, 0x426C, 0x422B, 0x422B, 0x39EA, 0x426A, 0x426A,
    0x426A, 0x426A, 0x426A, 0x426A, 0x426A, 0x426A, 0x426A, 0x426A, 0x426A, 0x426A, 0x426A, 0x426A, 0x638F, 0x638F, 0x638F, 0x638F,
    0x638F, 0x638F, 0x638F, 0x638F, 0x638F, 0x638F, 0x638F, 0x638F, 0x638F, 0x638F, 0x638F, 0x638F, 0x638F, 0x638F, 0x638F, 0x638F,
    0x638F, 0x638F, 0x638F, 0x638F, 0x638F, 0x638F, 0x52EC, 0x4A6C, 0x422B, 0x422B, 0x422B, 0x3A0B, 0x0000, 0x0000, 0x0000, 0x0000,
    0x0000, 0x0000, 0x0000, 0x0000, 0x0000, 0x0000, 0x0000, 0x0000, 0x0000, 0x0000, 0x0000, 0x0000, 0x0000, 0x0000, 0x0000, 0x0000,
    0x0000, 0x0000, 0x0000, 0x0000, 0x0000, 0x0000, 0x0000, 0x0000, 0x0000, 0x0000, 0x0000, 0x0000, 0x0000, 0x0000, 0x0000, 0x0000,
    0x0000, 0x0000, 0x0000, 0x0000, 0x0000, 0x0000, 0x0000, 0x0000, 0x0000, 0x0000, 0x0000, 0x0000, 0x0000, 0x0000, 0x0000, 0x0000,
    0x0000, 0x0000, 0x0000, 0x0000, 0x0000, 0x0000, 0x0000, 0x0000, 0x0000, 0x0000, 0x0000, 0x0000, 0x0000, 0x0000, 0x0000, 0x0000,
    0x0000, 0x0000, 0x0000, 0x0000, 0x0000, 0x10A3, 0x3A0B, 0x422B, 0x422B, 0x4A6C, 0x39E8, 0x4249, 0x4A8B, 0x5AED, 0x52CC, 0x52CC,
    0x52CC, 0x52CC, 0x52CC, 0x52CC, 0x52CC, 0x52CC, 0x52CC, 0x7C31, 0x7C31, 0x7C31, 0x7C31, 0x7C31, 0x7C11, 0x7C31, 0x7C11, 0x7C31,
    0x7C11, 0x7C31, 0x7C31, 0x7C31, 0x7C11, 0x7C11, 0x7C31, 0x7C31, 0x7C11, 0x7C31, 0x7C31, 0x7C11, 0x7C31, 0x7C31, 0x7C31, 0x7C11,
    0x7C31, 0x7C31, 0x3A0B, 0x3A2B, 0x422B, 0x422C, 0x4A6C, 0xEE90, 0xEEB0, 0xEE90, 0xEEB0, 0xF6B0, 0xF6B0, 0xEE90, 0xEEB0, 0xEEB0,
    0xF6B0, 0xF6B0, 0xEEB0, 0xEE90, 0xEE90, 0xF6B0, 0xEEB0, 0xF6B0, 0xEEB0, 0xF6B0, 0xEEB0, 0xEEB0, 0xF6B0, 0xF6B0, 0xF6B0, 0xF6B0,
    0xF6B0, 0xF6B0, 0xC619, 0xC619, 0xC619, 0xC619, 0xC619, 0xC619, 0xC619, 0xC619, 0xC619, 0xC619, 0xC619, 0xC619, 0xC619, 0xC619,
    0x630D, 0x736F, 0x7390, 0x5AAC, 0x5AAC, 0x5ACC, 0x62ED, 0x62ED, 0x62ED, 0x62ED, 0x6B2E, 0x9C94, 0x9CD4, 0x9CB4, 0x9CB4, 0x9CD4,
    0x9CD4, 0x9CD4, 0xA4D5, 0xDEFB, 0xBDF7, 0x5AAB, 0x39C7, 0x528A, 0x528A, 0x528A, 0x528A, 0x528A, 0x528A, 0x528A, 0x528A, 0x528A,
    0x528A, 0x528A, 0x528A, 0x528A, 0x528A, 0x528A, 0x528A, 0x528A, 0x528A, 0x39C7, 0x5ACC, 0xBDF7, 0xDEFB, 0x9CD4, 0x9CD4, 0x9CD4,
    0x9CD4, 0x9CD4, 0x9CD4, 0x9CB4, 0x9CB4, 0x6B2E, 0x62ED, 0x5ACD, 0x5AAC, 0x5AAC, 0x528C, 0x528B, 0x528C, 0x7390, 0x630E, 0x5AED,
    0xC619, 0xC619, 0xC619, 0xC619, 0xC619, 0xC619, 0xC619, 0xC619, 0xC619, 0xC619, 0xC619, 0xC619, 0xC619, 0xC619, 0xEEB0, 0xEE90,
    0xEEB0, 0xEEB0, 0xF6B0, 0xF6B0, 0xEEB0, 0xEEB0, 0xEE90, 0xF6B0, 0xF6B0, 0xEEB0, 0xEE90, 0xEEB0, 0xEEB0, 0xEEB0, 0xEEB0, 0xF6B0,
    0xF6B0, 0xEEB0, 0xEEB0, 0xF6B0, 0xEEB0, 0xF6B0, 0xEEB0, 0xF6B0, 0xEEB0, 0x4A6C, 0x426C, 0x422B, 0x422B, 0x3A0B, 0x52CC, 0x52CC,
    0x52CC, 0x52CC, 0x52CC, 0x52CC, 0x52CC, 0x52CC, 0x52CC, 0x52CC, 0x52CC, 0x52CC, 0x52CC, 0x52CC, 0x7C31, 0x7C31, 0x7C11, 0x7C31,
    0x7C31, 0x7C31, 0x7C11, 0x7C31, 0x7C11, 0x7C31, 0x7C11, 0x7C31, 0x7C31, 0x7C31, 0x7C31, 0x7C31, 0x7C52, 0x8452, 0x8452, 0x7C52,
    0x8452, 0x8452, 0x8452, 0x7C52, 0x6BB0, 0x638E, 0x52EC, 0x4A6C, 0x422B, 0x422B, 0x422B, 0x3A0B, 0x0000, 0x0000, 0x0000, 0x0000,
    0x0000, 0x0000, 0x0000, 0x0000, 0x0000, 0x0000, 0x0000, 0x0000, 0x0000, 0x0000, 0x0000, 0x0000, 0x0000, 0x0000, 0x0000, 0x0000,
    0x0000, 0x0000, 0x0000, 0x0000, 0x0000, 0x0000, 0x0000, 0x0000, 0x0000, 0x0000, 0x0000, 0x0000, 0x0000, 0x0000, 0x0000, 0x0000,
    0x0000, 0x0000, 0x0000, 0x0000, 0x0000, 0x0000, 0x0000, 0x0000, 0x0000, 0x0000, 0x0000, 0x0000, 0x0000, 0x0000, 0x0000, 0x0000,
    0x0000, 0x0000, 0x0000, 0x0000, 0x0000, 0x0000, 0x0000, 0x0000, 0x0000, 0x0000, 0x0000, 0x0000, 0x0000, 0x0000, 0x0000, 0x0000,
    0x0000, 0x0000, 0x0000, 0x0000, 0x0000, 0x10A3, 0x3A0B, 0x422C, 0x422C, 0x4A6C, 0x39E8, 0x39E8, 0x52CC, 0x7BF2, 0x7BF2, 0x7BF2,
    0x7BF2, 0x7BF2, 0x7BF2, 0x83F2, 0x7BF2, 0x7BF2, 0x7BF2, 0xB5D9, 0xB5D9, 0xB5D9, 0xB5D9, 0xB5D9, 0xB5D9, 0xB5D9, 0xB5D9, 0xB5D9,
    0xB5D9, 0xB5D9, 0xB5D9, 0xB5D9, 0xB5D9, 0xB5D9, 0xB5D9, 0xB5D9, 0xB5D9, 0xB5D9, 0xB5D9, 0xB5D9, 0xB5D9, 0xB5D9, 0xB5D9, 0xB5D9,
    0xB5D9, 0xB5D9, 0x3A0B, 0x422B, 0x422C, 0x422C, 0x4A6C, 0xD67C, 0xD67C, 0xD67C, 0xD67C, 0xD67C, 0xD67C, 0xD67C, 0xD67C, 0xD67C,
    0xD67C, 0xD67C, 0xD67C, 0xD67C, 0xD67C, 0xD67C, 0xD67C, 0xD67C, 0xD67C, 0xD67C, 0xD67C, 0xD67C, 0xD67C, 0xD67C, 0xD67C, 0xD67C,
    0xD67C, 0xD67C, 0xC619, 0xC619, 0xC619, 0xC619, 0xC619, 0xC619, 0xC619, 0xC619, 0xC619, 0xC619, 0xC619, 0xC619, 0xC619, 0xC619,
    0x630D, 0x736F, 0x528C, 0x5AAC, 0x5AAC, 0x5ACC, 0x62ED, 0x62ED, 0x8C32, 0x9CD4, 0x9CD4, 0x9CD4, 0xA4D4, 0x9CD4, 0x9453, 0x8C32,
    0x8C32, 0x8C32, 0xDEFB, 0xBDF7, 0xBDF7, 0xBDF7, 0x5AAB, 0x8410, 0x8410, 0x8410, 0x8410, 0x8410, 0x8410, 0x8410, 0x8410, 0x8410,
    0x8410, 0x8410, 0x8410, 0x8410, 0x8410, 0x8410, 0x8410, 0x8410, 0x8410, 0x5AAB, 0xBDF7, 0xBDF7, 0xBDF7, 0xDEFB, 0x8C33, 0x8C32,
    0x8C32, 0x8C53, 0x9CD4, 0x9CD4, 0x9CD4, 0x9CD4, 0x9CB4, 0x9453, 0x5ACC, 0x5AAC, 0x5AAC, 0x528C, 0x528B, 0x528C, 0x632E, 0x5AEC,
    0xC619, 0xC619, 0xC619, 0xC639, 0xC619, 0xC619, 0xC619, 0xC619, 0xC619, 0xC619, 0xC619, 0xC619, 0xC619, 0xC619, 0xD67C, 0xD67C,
    0xD67C, 0xD67C, 0xD67C, 0xD67C, 0xD67C, 0xD67C, 0xD67C, 0xD67C, 0xD67C, 0xD67C, 0xD67C, 0xD67C, 0xD67C, 0xD67C, 0xD67C, 0xD67C,
    0xD67C, 0xD67C, 0xD67C, 0xD67C, 0xD67C, 0xD67C, 0xD67C, 0xD67C, 0xD67C, 0x4A6C, 0x426C, 0x422C, 0x422B, 0x3A0B, 0x7BF2, 0x7BF2,
    0x7BF2, 0x83F2, 0x7BF2, 0x7BF2, 0x7BF2, 0x7BF2, 0x7BF2, 0x7BF2, 0x7BF2, 0x7BF2, 0x7BF2, 0x7BF2, 0xB5D9, 0xB5D9, 0xB5B9, 0xB5D9,
    0xB5D9, 0xB5D9, 0xB5D9, 0xB5D9, 0xB5D9, 0xB5D9, 0xB5D9, 0xB5D9, 0xB5D9, 0xB5D9, 0xB5D9, 0xB5D9, 0xB5D9, 0xB5D9, 0xB5D9, 0xB5D9,
    0xB5B9, 0xB5D9, 0xB5D9, 0xB5D9, 0x7C12, 0x636E, 0x52EC, 0x4A6C, 0x424C, 0x422B, 0x422B, 0x3A0B, 0x0000, 0x0000, 0x0000, 0x0000,
    0x0000, 0x0000, 0x0000, 0x0000, 0x0000, 0x0000, 0x0000, 0x0000, 0x0000, 0x0000, 0x0000, 0x0000, 0x0000, 0x0000, 0x0000, 0x0000,
    0x0000, 0x0000, 0x0000, 0x0000, 0x0000, 0x0000, 0x0000, 0x0000, 0x0000, 0x0000, 0x0000, 0x0000, 0x0000, 0x0000, 0x0000, 0x0000,
    0x0000, 0x0000, 0x0000, 0x0000, 0x0000, 0x0000, 0x0000, 0x0000, 0x0000, 0x0000, 0x0000, 0x0000, 0x0000, 0x0000, 0x0000, 0x0000,
    0x0000, 0x0000, 0x0000, 0x0000, 0x0000, 0x0000, 0x0000, 0x0000, 0x0000, 0x0000, 0x0000, 0x0000, 0x0000, 0x0000, 0x0000, 0x0000,
    0x0000, 0x0000, 0x0000, 0x0000, 0x0000, 0x10A3, 0x3A0B, 0x424C, 0x424C, 0x4A6C, 0x39E8, 0x426A, 0x7BF2, 0x7BF2, 0x7BF2, 0x7BF2,
    0x7BF2, 0x7BF2, 0x7BF2, 0x7BF2, 0x7BF2, 0x7BF2, 0x7BF2, 0xB5D9, 0xB5D9, 0xB5D9, 0xB5D9, 0xB5D9, 0xB5D9, 0xB5D9, 0xB5D9, 0xB5D9,
    0xB5D9, 0xB5D9, 0xB5D9, 0xB5D9, 0xB5D9, 0xB5D9, 0xB5D9, 0xB5D9, 0xB5D9, 0xB5D9, 0xB5D9, 0xB5D9, 0xB5D9, 0xB5D9, 0xB5D9, 0xB5D9,
    0xB5D9, 0xB5D9, 0x3A0B, 0x422B, 0x424C, 0x424C, 0x4A6C, 0xD67C, 0xD67C, 0xD67C, 0xD67C, 0xD67C, 0xD67C, 0xD67C, 0xD67C, 0xD67C,
    0xD67C, 0xD67C, 0xD67C, 0xD67C, 0xD67C, 0xD67C, 0xD67C, 0xD67C, 0xD67C, 0xD67C, 0xD67C, 0xD67C, 0xD67C, 0xD67C, 0xD67C, 0xD67C,
    0xD67C, 0xD67C, 0xC639, 0xC63A, 0xC639, 0xC63A, 0xC63A, 0xC63A, 0xC63A, 0xC639, 0xC639, 0xC639, 0xC63A, 0xC63A, 0xC639, 0xC639,
    0x630D, 0x528B, 0x528C, 0x5AAC, 0x5AAC, 0x6B4F, 0x9C94, 0x9CB4, 0x9CD4, 0x9494, 0x8C32, 0x8C32, 0x8C33, 0x8C33, 0x8C32, 0x8C33,
    0x8C33, 0xDEFB, 0xBDF7, 0xBDF7, 0xBDF7, 0xBDF7, 0xAD75, 0x6B4D, 0x6B4D, 0x6B4D, 0x6B4D, 0x6B4D, 0x6B4D, 0x6B4D, 0x6B4D, 0x6B4D,
    0x6B4D, 0x6B4D, 0x6B4D, 0x6B4D, 0x6B4D, 0x6B4D, 0x6B4D, 0x6B4D, 0x6B4D, 0xA514, 0xB5B6, 0xBDF7, 0xBDF7, 0xBDF7, 0xDEDB, 0x8C33,
    0x8C33, 0x8C33, 0x8C33, 0x8C32, 0x8C32, 0x8C32, 0x8C33, 0x9C94, 0x9473, 0x9453, 0x7B90, 0x528C, 0x528C, 0x528C, 0x4A4A, 0x5AEC,
    0xC639, 0xC63A, 0xC63A, 0xC63A, 0xC639, 0xC63A, 0xC639, 0xC639, 0xC63A, 0xC639, 0xC63A, 0xC639, 0xC639, 0xC639, 0xD67C, 0xD67C,
    0xD67C, 0xD67C, 0xD67C, 0xD67C, 0xD67C, 0xD67C, 0xD67C, 0xD67C, 0xD67C, 0xD67C, 0xD67C, 0xD67C, 0xD67C, 0xD67C, 0xD67C, 0xD67C,
    0xD67C, 0xD67C, 0xD67C, 0xD67C, 0xD67C, 0xD67C, 0xD67C, 0xD67C, 0xD67C, 0x4A6C, 0x426C, 0x422B, 0x424C, 0x3A0B, 0x7BF2, 0x7BF2,
    0x7BF2, 0x7BF2, 0x7BF2, 0x7BF2, 0x83F2, 0x7BF2, 0x7BF2, 0x7BF2, 0x7BF2, 0x7BF2, 0x7BF2, 0x7BF2, 0xB5D9, 0xB5D9, 0xB5D9, 0xB5D9,
    0xB5D9, 0xB5D9, 0xB5D9, 0xB5D9, 0xB5D9, 0xB5D9, 0xB5D9, 0xB5D9, 0xB5D9, 0xB5D9, 0xB5D9, 0xB5D9, 0xB5D9, 0xB5D9, 0xB5D9, 0xB5D9,
    0xB5D9, 0xB5D9, 0xB5D9, 0xB5D9, 0xB5D9, 0x73F1, 0x52EC, 0x4A6C, 0x422C, 0x424C, 0x422B, 0x3A0B, 0x0000, 0x0000, 0x0000, 0x0000,
    0x0000, 0x0000, 0x0000, 0x0000, 0x0000, 0x0000, 0x0000, 0x0000, 0x0000, 0x0000, 0x0000, 0x0000, 0x0000, 0x0000, 0x0000, 0x0000,
    0x0000, 0x0000, 0x0000, 0x0000, 0x0000, 0x0000, 0x0000, 0x0000, 0x0000, 0x0000, 0x0000, 0x0000, 0x0000, 0x0000, 0x0000, 0x0000,
    0x0000, 0x0000, 0x0000, 0x0000, 0x0000, 0x0000, 0x0000, 0x0000, 0x0000, 0x0000, 0x0000, 0x0000, 0x0000, 0x0000, 0x0000, 0x0000,
    0x0000, 0x0000, 0x0000, 0x0000, 0x0000, 0x0000, 0x0000, 0x0000, 0x0000, 0x0000, 0x0000, 0x0000, 0x0000, 0x0000, 0x0000, 0x0000,
    0x0000, 0x0000, 0x0000, 0x0000, 0x0000, 0x10A3, 0x3A0B, 0x424C, 0x424C, 0x4A8D, 0x39E8, 0x52CD, 0x7BF2, 0x7BF2, 0x7BF2, 0x8C53,
    0x8C53, 0x8C53, 0x8C53, 0x8C53, 0x8C53, 0x8C53, 0x8C53, 0xC65B, 0xC65B, 0xC65B, 0xC65B, 0xC65B, 0xC65B, 0xC65B, 0xC65B, 0xC65B,
    0xC65B, 0xC65B, 0xC65B, 0xC65B, 0xC65B, 0xC65B, 0xC65B, 0xC65B, 0xC65B, 0xC65B, 0xC65B, 0xC65B, 0xC65B, 0xC65B, 0xC65B, 0xC65B,
    0xC65B, 0xC65B, 0x3A0B, 0x422B, 0x424C, 0x424C, 0x4A8C, 0xD67C, 0xD67C, 0xD67C, 0xD67C, 0xD67C, 0xD67C, 0xD67C, 0xD67C, 0xD67C,
    0xD67C, 0xD67C, 0xD67C, 0xD67C, 0xD67C, 0xD67C, 0xD67C, 0xD67C, 0xD67C, 0xD67C, 0xD67C, 0xD67C, 0xD67C, 0xD67C, 0xD67C, 0xD67C,
    0xD67C, 0xD67C, 0xC63A, 0xCE3A, 0xCE3A, 0xCE3A, 0xCE3A, 0xCE3A, 0xC63A, 0xC63A, 0xC63A, 0xCE3A, 0xCE3A, 0xCE3A, 0xCE3A, 0xC63A,
    0x62ED, 0x528B, 0x5AAC, 0x8C32, 0x9453, 0x9473, 0x9453, 0x8412, 0x8C32, 0x8C33, 0x8C33, 0x8C33, 0x8C33, 0x8C33, 0x8C33, 0xA535,
    0xDEFB, 0xBDF7, 0xBDF7, 0xBDF7, 0xAD75, 0xAD55, 0x738E, 0x738E, 0x738E, 0x738E, 0x738E, 0x738E, 0x738E, 0x738E, 0x738E, 0x738E,
    0x738E, 0x738E, 0x738E, 0x738E, 0x738E, 0x738E, 0x738E, 0x738E, 0x738E, 0x738E, 0x8C71, 0xAD75, 0xBDF7, 0xBDF7, 0xBDF7, 0xCE59,
    0xD6BA, 0x8C33, 0x8C33, 0x8C33, 0x8C33, 0x8C33, 0x8C12, 0x83F2, 0x83F1, 0x83F1, 0x8C32, 0x8C32, 0x8C32, 0x736F, 0x4A4A, 0x528B,
    0xC63A, 0xCE3A, 0xCE3A, 0xCE3A, 0xCE3A, 0xCE3A, 0xCE3A, 0xCE3A, 0xCE3A, 0xCE3A, 0xCE3A, 0xCE3A, 0xCE3A, 0xCE3A, 0xD67C, 0xD67C,
    0xD67C, 0xD67C, 0xD67C, 0xD67C, 0xD67C, 0xD67C, 0xD67C, 0xD67C, 0xD67C, 0xD67C, 0xD67C, 0xD67C, 0xD67C, 0xD67C, 0xD67C, 0xD67C,
    0xD67C, 0xD67C, 0xD67C, 0xD67C, 0xD67C, 0xD67C, 0xD67C, 0xD67C, 0xD67C, 0x4A6C, 0x4A6C, 0x424C, 0x422C, 0x3A0B, 0x8C53, 0x8C53,
    0x8C53, 0x8C53, 0x8C53, 0x8C53, 0x8C53, 0x8C53, 0x8C53, 0x8C53, 0x8C53, 0x8C53, 0x8C53, 0x8C53, 0xC65B, 0xC65B, 0xC65B, 0xC65B,
    0xC65B, 0xC65B, 0xC65B, 0xC65B, 0xC65B, 0xC65B, 0xC65B, 0xC65B, 0xC65B, 0xC65B, 0xC65B, 0xC65B, 0xC65B, 0xC65B, 0xC65B, 0xC65B,
    0xC65B, 0xC65B, 0xB5D9, 0xB5D9, 0xB5D9, 0x7C32, 0x52EC, 0x4A8C, 0x424C, 0x424C, 0x422C, 0x3A0B, 0x0000, 0x0000, 0x0000, 0x0000,
    0x0000, 0x0000, 0x0000, 0x0000, 0x0000, 0x0000, 0x0000, 0x0000, 0x0000, 0x0000, 0x0000, 0x0000, 0x0000, 0x0000, 0x0000, 0x0000,
    0x0000, 0x0000, 0x0000, 0x0000, 0x0000, 0x0000, 0x0000, 0x0000, 0x0000, 0x0000, 0x0000, 0x0000, 0x0000, 0x0000, 0x0000, 0x0000,
    0x0000, 0x0000, 0x0000, 0x0000, 0x0000, 0x0000, 0x0000, 0x0000, 0x0000, 0x0000, 0x0000, 0x0000, 0x0000, 0x0000, 0x0000, 0x0000,
    0x0000, 0x0000, 0x0000, 0x0000, 0x0000, 0x0000, 0x0000, 0x0000, 0x0000, 0x0000, 0x0000, 0x0000, 0x0000, 0x0000, 0x0000, 0x0000,
    0x0000, 0x0000, 0x0000, 0x0000, 0x0000, 0x10A3, 0x3A0B, 0x424C, 0x424C, 0x4A8D, 0x39E8, 0x52CC, 0x83F2, 0x7BF2, 0x7BF2, 0x8C53,
    0x8C53, 0x8C53, 0x8C53, 0x8C53, 0x8C53, 0x8C53, 0x8C53, 0xC65B, 0xC65B, 0xC65B, 0xC65B, 0xC65B, 0xC65B, 0xC65B, 0xC65B, 0xC65B,
    0xC65B, 0xC65B, 0xC65B, 0xC65B, 0xC65B, 0xC65B, 0xC65B, 0xC65B, 0xC65B, 0xC65B, 0xC65B, 0xC65B, 0xC65B, 0xC65B, 0xC65B, 0xC65B,
    0xC65B, 0xC65B, 0x3A0B, 0x422B, 0x424C, 0x424C, 0x4A8D, 0xD67C, 0xD67C, 0xD67C, 0xD67C, 0xD67C, 0xD67C, 0xD67C, 0xD67C, 0xD67C,
    0xD67C, 0xD67C, 0xD67C, 0xD67C, 0xD67C, 0xD67C, 0xD67C, 0xD67C, 0xD67C, 0xD67C, 0xD67C, 0xD67C, 0xD67C, 0xD67C, 0xD67C, 0xD67C,
    0xD67C, 0xD67C, 0x94B3, 0x94B3, 0x94B3, 0x94B3, 0x94B3, 0x94B3, 0x94B3, 0x94B3, 0x94B3, 0x94B3, 0x94B3, 0x94B3, 0x9493, 0x9493,
    0x422A, 0x526B, 0x8C32, 0x8C32, 0x7BD1, 0x83D1, 0x83F2, 0x8412, 0x8C32, 0x8C33, 0x8C33, 0x8C33, 0x8C33, 0x8C33, 0x9474, 0xD69A,
    0xBDF7, 0xBDF7, 0xBDF7, 0xB596, 0x9CF3, 0x6B6D, 0x73AE, 0x7BCF, 0x7BCF, 0x7BCF, 0x7BCF, 0x7BCF, 0x7BCF, 0x7BCF, 0x7BCF, 0x7BCF,
    0x7BCF, 0x7BCF, 0x7BCF, 0x7BCF, 0x7BCF, 0x7BCF, 0x7BCF, 0x7BCF, 0x7BCF, 0x73AE, 0x6B6D, 0x73AE, 0xAD75, 0xBDF7, 0xBDF7, 0xBDF7,
    0xC618, 0xB597, 0x8C53, 0x8C53, 0x8C33, 0x8C33, 0x8C12, 0x8412, 0x83F1, 0x7BD1, 0x7BB1, 0x7B90, 0x8C32, 0x8C32, 0x4A4A, 0x4209,
    0x9493, 0x94B3, 0x9493, 0x94B3, 0x94B3, 0x94B3, 0x94B3, 0x94B3, 0x94B3, 0x94B3, 0x94B3, 0x94B3, 0x94B3, 0x94B3, 0xD67C, 0xD67C,
    0xD67C, 0xD67C, 0xD67C, 0xD67C, 0xD67C, 0xD67C, 0xD67C, 0xD69C, 0xD67C, 0xD67C, 0xD67C, 0xD67C, 0xD67C, 0xD67C, 0xD67C, 0xD67C,
    0xD67C, 0xD67C, 0xD67C, 0xD67C, 0xD67C, 0xD67C, 0xD67C, 0xD67C, 0xD67C, 0x4A8D, 0x4A6C, 0x424C, 0x424C, 0x3A0B, 0x8C53, 0x8C53,
    0x8C53, 0x8C53, 0x8C53, 0x8C53, 0x8C53, 0x8C53, 0x8C53, 0x8C53, 0x8C53, 0x8C53, 0x8C53, 0x8C53, 0xC65B, 0xC65B, 0xC65B, 0xC65B,
    0xC65B, 0xC65B, 0xC65B, 0xC65B, 0xC65B, 0xC65B, 0xC65B, 0xC65B, 0xC65B, 0xC65B, 0xC65B, 0xC65B, 0xC65B, 0xC65B, 0xC65B, 0xC65B,
    0xC65B, 0xC65B, 0xB5D9, 0xB5D9, 0xB5D9, 0x7C32, 0x52EC, 0x4A8C, 0x424C, 0x424C, 0x424C, 0x3A0B, 0x0000, 0x0000, 0x0000, 0x0000,
    0x0000, 0x0000, 0x0000, 0x0000, 0x0000, 0x0000, 0x0000, 0x0000, 0x0000, 0x0000, 0x0000, 0x0000, 0x0000, 0x0000, 0x0000, 0x0000,
    0x0000, 0x0000, 0x0000, 0x0000, 0x0000, 0x0000, 0x0000, 0x0000, 0x0000, 0x0000, 0x0000, 0x0000, 0x0000, 0x0000, 0x0000, 0x0000,
    0x0000, 0x0000, 0x0000, 0x0000, 0x0000, 0x0000, 0x0000, 0x0000, 0x0000, 0x0000, 0x0000, 0x0000, 0x0000, 0x0000, 0x0000, 0x0000,
    0x0000, 0x0000, 0x0000, 0x0000, 0x0000, 0x0000, 0x0000, 0x0000, 0x0000, 0x0000, 0x0000, 0x0000, 0x0000, 0x0000, 0x0000, 0x0000,
    0x0000, 0x0000, 0x0000, 0x0000, 0x0000, 0x10A3, 0x3A0B, 0x424C, 0x424C, 0x4A8D, 0x426A, 0x5ACD, 0x7BF2, 0x7BF2, 0x8C53, 0x9474,
    0x9474, 0x9474, 0x9474, 0x9474, 0x9474, 0x9474, 0x9474, 0xCE9C, 0xCE9C, 0xCE9C, 0xCE9C, 0xCE9C, 0xCE9C, 0xCE9C, 0xCE9C, 0xCE9C,
    0xCE9C, 0xCE9C, 0xCE9C, 0xCE9C, 0xCE9C, 0xCE9C, 0xCE9C, 0xCE9C, 0xCE9C, 0xCE9C, 0xCE9C, 0xCE9C, 0xCE9C, 0xCE9C, 0xCE9C, 0xCE9C,
    0xCE9C, 0xCE9C, 0x3A0B, 0x424C, 0x424C, 0x424C, 0x4A8D, 0xD69C, 0xD69C, 0xD67C, 0xD69C, 0xD67C, 0xD69C, 0xD67C, 0xD67C, 0xD67C,
    0xD69C, 0xD67C, 0xD67C, 0xD69C, 0xD67C, 0xD67C, 0xD69C, 0xD69C, 0xD67C, 0xD67C, 0xD67C, 0xD69C, 0xD67C, 0xD67C, 0xD67C, 0xD69C,
    0xD69C, 0xD67C, 0x94B3, 0x94B3, 0x94B3, 0x94B3, 0x94B3, 0x94B3, 0x94B3, 0x94B3, 0x94B3, 0x94B3, 0x94B3, 0x94B3, 0x94B3, 0x94B3,
    0x422A, 0x83F1, 0x7B90, 0x7BB0, 0x7BD1, 0x83F1, 0x83F2, 0x8C12, 0x8C33, 0x8C33, 0x8C33, 0x8C53, 0x8C53, 0xD69A, 0xC638, 0xBDF7,
    0xBDF7, 0xBDF7, 0xAD75, 0x7BEF, 0x738E, 0x73AE, 0x7BEF, 0x8410, 0x8410, 0x8410, 0x8410, 0x8410, 0x8410, 0x8410, 0x8410, 0x8410,
    0x8410, 0x8410, 0x8410, 0x8410, 0x8410, 0x8410, 0x8410, 0x8410, 0x8410, 0x7BEF, 0x7BCF, 0x738E, 0x6B4D, 0xAD75, 0xBDF7, 0xBDF7,
    0xBDF7, 0xBDF7, 0xDEFB, 0x8C53, 0x8C53, 0x8C33, 0x8C32, 0x8412, 0x83F2, 0x83D1, 0x7BD1, 0x7BB0, 0x7B90, 0x7B90, 0x7BD0, 0x4209,
    0x94B3, 0x94B3, 0x94B3, 0x94B3, 0x94B3, 0x94B3, 0x94B3, 0x94B3, 0x94B3, 0x94B3, 0x94B3, 0x94B3, 0x94B3, 0x94B3, 0xD69C, 0xD69C,
    0xD69C, 0xD69C, 0xD67C, 0xD67C, 0xD67C, 0xD67C, 0xD67C, 0xD67C, 0xD67C, 0xD67C, 0xD69C, 0xD67C, 0xD67C, 0xD69C, 0xD69C, 0xD69C,
    0xD69C, 0xD69C, 0xD69C, 0xD67C, 0xD69C, 0xD67C, 0xD67C, 0xD67C, 0xD67C, 0x4A8D, 0x4A6C, 0x424C, 0x424C, 0x3A0B, 0x9474, 0x9474,
    0x9474, 0x9474, 0x9474, 0x9474, 0x9474, 0x9474, 0x9474, 0x9474, 0x9474, 0x9474, 0x9474, 0x9474, 0xCE9C, 0xCE9C, 0xCE9C, 0xCE9C,
    0xCE9C, 0xCE9C, 0xCE9C, 0xCE9C, 0xCE9C, 0xCE9C, 0xCE9C, 0xCE9C, 0xCE9C, 0xCE9C, 0xCE9C, 0xCE9C, 0xCE9C, 0xCE9C, 0xCE9C, 0xCE9C,
    0xCE9C, 0xCE9C, 0xC65B, 0xB5D9, 0xB5D9, 0xA557, 0x63AF, 0x4A8D, 0x424C, 0x424C, 0x424C, 0x3A0B, 0x0000, 0x0000, 0x0000, 0x0000,
    0x0000, 0x0000, 0x0000, 0x0000, 0x0000, 0x0000, 0x0000, 0x0000, 0x0000, 0x0000, 0x0000, 0x0000, 0x0000, 0x0000, 0x0000, 0x0000,
    0x0000, 0x0000, 0x0000, 0x0000, 0x0000, 0x0000, 0x0000, 0x0000, 0x0000, 0x0000, 0x0000, 0x0000, 0x0000, 0x0000, 0x0000, 0x0000,
    0x0000, 0x0000, 0x0000, 0x0000, 0x0000, 0x0000, 0x0000, 0x0000, 0x0000, 0x0000, 0x0000, 0x0000, 0x0000, 0x0000, 0x0000, 0x0000,
    0x0000, 0x0000, 0x0000, 0x0000, 0x0000, 0x0000, 0x0000, 0x0000, 0x0000, 0x0000, 0x0000, 0x0000, 0x0000, 0x0000, 0x0000, 0x0000,
    0x0000, 0x0000, 0x0000, 0x0000, 0x0000, 0x10A3, 0x3A0B, 0x424C, 0x424C, 0x4A8D, 0x426A, 0x426A, 0x4A8B, 0x4A8B, 0x52CC, 0x52CC,
    0x5AED, 0x5B0D, 0x5AED, 0x5AED, 0x5AED, 0x5AED, 0x5B0D, 0x8472, 0x8472, 0x8472, 0x8472, 0x8472, 0x8472, 0x8472, 0x8472, 0x8472,
    0x8472, 0x8472, 0x8472, 0x8472, 0x8472, 0x8472, 0x8472, 0x8472, 0x8472, 0x8472, 0x8472, 0x8472, 0x8472, 0x8472, 0x8472, 0x8472,
    0x8472, 0x8472, 0x3A0B, 0x422C, 0x424C, 0x424C, 0x4A8D, 0xD67C, 0xD69C, 0xD69C, 0xD69C, 0xD69C, 0xD69C, 0xD69C, 0xD69C, 0xD69C,
    0xD69C, 0xD69C, 0xD69C, 0xD69C, 0xD69C, 0xD69C, 0xD69C, 0xD69C, 0xD69C, 0xD69C, 0xD69C, 0xD67C, 0xD69C, 0xD69C, 0xD69C, 0xD69C,
    0xD69C, 0xD67C, 0x9CB4, 0x94B4, 0x94B4, 0x94B3, 0x9CB4, 0x9CB4, 0x94B3, 0x94B3, 0x94B4, 0x94B4, 0x94B4, 0x94B3, 0x94B3, 0x94B3,
    0x4A4A, 0x83F1, 0x7B90, 0x7BB1, 0x7BD1, 0x83F1, 0x83F2, 0x8C12, 0x8C33, 0x8C53, 0x8412, 0x83F2, 0xCE59, 0xBDF7, 0xBDF7, 0xBDF7,
    0xBDF7, 0xAD75, 0x9CD3, 0x738E, 0x7BCF, 0x7BEF, 0x8430, 0x8430, 0x8430, 0x8430, 0x8430, 0x8430, 0x8430, 0x8430, 0x8430, 0x8430,
    0x8430, 0x8430, 0x8430, 0x8430, 0x8430, 0x8430, 0x8430, 0x8C51, 0x8430, 0x8430, 0x7BEF, 0x7BCF, 0x738E, 0x73AE, 0xAD75, 0xBDF7,
    0xBDF7, 0xBDF7, 0xBDF7, 0xDEFB, 0x83F2, 0x8412, 0x8C33, 0x8C12, 0x83F2, 0x83F1, 0x7BD1, 0x7BB0, 0x7BB0, 0x7B90, 0x738F, 0x52AB,
    0x94B3, 0x94B3, 0x9CB4, 0x94B4, 0x9CB4, 0x9CB4, 0x9CB4, 0x94B4, 0x9CB4, 0x9CB4, 0x94B4, 0x94B3, 0x9CB4, 0x9CB4, 0xD69C, 0xD69C,
    0xD69C, 0xD69C, 0xD69C, 0xD69C, 0xD69C, 0xD69C, 0xD69C, 0xD69C, 0xD69C, 0xD69C, 0xD69C, 0xD69C, 0xD69C, 0xD69C, 0xD69C, 0xD69C,
    0xD69C, 0xD69C, 0xD69C, 0xD69C, 0xD69C, 0xD69C, 0xD69C, 0xD69C, 0xD69C, 0x4A8D, 0x4A8D, 0x424C, 0x424C, 0x3A0B, 0x5AED, 0x5AED,
    0x5AED, 0x5AED, 0x5AED, 0x5AED, 0x5AED, 0x5AED, 0x5AED, 0x5AED, 0x5AED, 0x5AED, 0x5AED, 0x5AED, 0x8472, 0x8472, 0x8472, 0x8472,
    0x8472, 0x8472, 0x8472, 0x8472, 0x8472, 0x8472, 0x8472, 0x8472, 0x8472, 0x8472, 0x8472, 0x8472, 0x7C31, 0x7C31, 0x7C31, 0x7C31,
    0x7C31, 0x7C31, 0x7C31, 0x7411, 0x7411, 0x7411, 0x63AF, 0x4A8D, 0x424C, 0x424C, 0x424C, 0x3A0B, 0x0000, 0x0000, 0x0000, 0x0000,
    0x0000, 0x0000, 0x0000, 0x0000, 0x0000, 0x0000, 0x0000, 0x0000, 0x0000, 0x0000, 0x0000, 0x0000, 0x0000, 0x0000, 0x0000, 0x0000,
    0x0000, 0x0000, 0x0000, 0x0000, 0x0000, 0x0000, 0x0000, 0x0000, 0x0000, 0x0000, 0x0000, 0x0000, 0x0000, 0x0000, 0x0000, 0x0000,
    0x0000, 0x0000, 0x0000, 0x0000, 0x0000, 0x0000, 0x0000, 0x0000, 0x0000, 0x0000, 0x0000, 0x0000, 0x0000, 0x0000, 0x0000, 0x0000,
    0x0000, 0x0000, 0x0000, 0x0000, 0x0000, 0x0000, 0x0000, 0x0000, 0x0000, 0x0000, 0x0000, 0x0000, 0x0000, 0x0000, 0x0000, 0x0000,
    0x0000, 0x0000, 0x0000, 0x0000, 0x0000, 0x10A3, 0x3A2B, 0x424C, 0x424C, 0x4A8D, 0x426A, 0x426A, 0x426A, 0x426A, 0x426A, 0x426A,
    0x426A, 0x426A, 0x426A, 0x426A, 0x426A, 0x426A, 0x426A, 0x63AF, 0x63AF, 0x63AF, 0x6BAF, 0x63AF, 0x63AF, 0x63AF, 0x6BAF, 0x63AF,
    0x6BAF, 0x63AF, 0x63AF, 0x6BAF, 0x63AF, 0x63AF, 0x6BAF, 0x63AF, 0x6BAF, 0x63AF, 0x63AF, 0x6BAF, 0x63AF, 0x63AF, 0x63AF, 0x63AF,
    0x63AF, 0x63AF, 0x3A0B, 0x422C, 0x424C, 0x424C, 0x4A8D, 0xD69C, 0xD69C, 0xD69C, 0xD69C, 0xD69C, 0xD69C, 0xD69C, 0xD69C, 0xD69C,
    0xD69C, 0xD69C, 0xD69C, 0xD69C, 0xD69C, 0xD69C, 0xD69C, 0xD69C, 0xD69C, 0xD69C, 0xD69C, 0xD69C, 0xD69C, 0xD69C, 0xD69C, 0xD69C,
    0xD69C, 0xD69C, 0xEF5D, 0xEF5D, 0xEF5D, 0xEF5D, 0xEF5D, 0xEF5D, 0xEF5D, 0xEF5D, 0xEF5D, 0xEF5D, 0xEF5D, 0xEF5D, 0xEF5D, 0xEF5D,
    0x738F, 0x736F, 0x7BB0, 0x7BB1, 0x83D1, 0x83F1, 0x8412, 0x8412, 0x83F1, 0x83F2, 0x8412, 0xDEFB, 0xBDF7, 0xBDF7, 0xBDF7, 0xBDF7,
    0xAD75, 0x6B4D, 0x738E, 0x7BCF, 0x7BEF, 0x8430, 0x6B4D, 0x6B2D, 0x6B4D, 0x6B4D, 0x6B2D, 0x6B2D, 0x6B4D, 0x6B2D, 0x6B2D, 0x6B2D,
    0x6B2D, 0x6B2D, 0x6B4D, 0x6B2D, 0x6B2D, 0x6B2D, 0x6B2D, 0x6B4D, 0x6B2D, 0x5ACC, 0x8430, 0x8410, 0x7BCF, 0x738E, 0x6B6D, 0xAD75,
    0xBDF7, 0xBDF7, 0xBDF7, 0xBDF7, 0xDEFB, 0x83F2, 0x83F1, 0x83D1, 0x83D1, 0x83F1, 0x7BD1, 0x7BB1, 0x7BB0, 0x7B90, 0x6B2E, 0x6B4E,
    0xEF5D, 0xEF5D, 0xEF5D, 0xEF5D, 0xEF5D, 0xEF5D, 0xEF5D, 0xEF5D, 0xEF5D, 0xEF5D, 0xEF5D, 0xEF5D, 0xEF5D, 0xEF5D, 0xD69C, 0xD69C,
    0xD69C, 0xD69C, 0xD69C, 0xD69C, 0xD69C, 0xD69C, 0xD69C, 0xD69C, 0xD69C, 0xD69C, 0xD69C, 0xD69C, 0xD69C, 0xD69C, 0xD69C, 0xD69C,
    0xD69C, 0xD69C, 0xD69C, 0xD69C, 0xD69C, 0xD69C, 0xD69C, 0xD69C, 0xD69C, 0x4A8D, 0x4A8C, 0x424C, 0x424C, 0x3A2B, 0x426A, 0x426A,
    0x426A, 0x426A, 0x426A, 0x426A, 0x426A, 0x426A, 0x426A, 0x426A, 0x426A, 0x426A, 0x426A, 0x426A, 0x63AF, 0x63AF, 0x6BAF, 0x63AF,
    0x63AF, 0x63AF, 0x63AF, 0x63AF, 0x63AF, 0x63AF, 0x63AF, 0x63AF, 0x6BAF, 0x63AF, 0x63AF, 0x63AF, 0x63AF, 0x63AF, 0x63AF, 0x63AF,
    0x63AF, 0x63AF, 0x6BAF, 0x63AF, 0x63AF, 0x63AF, 0x63AF, 0x4A8D, 0x424C, 0x424C, 0x424C, 0x3A0B, 0x0000, 0x0000, 0x0000, 0x0000,
    0x0000, 0x0000, 0x0000, 0x0000, 0x0000, 0x0000, 0x0000, 0x0000, 0x0000, 0x0000, 0x0000, 0x0000, 0x0000, 0x0000, 0x0000, 0x0000,
    0x0000, 0x0000, 0x0000, 0x0000, 0x0000, 0x0000, 0x0000, 0x0000, 0x0000, 0x0000, 0x0000, 0x0000, 0x0000, 0x0000, 0x0000, 0x0000,
    0x0000, 0x0000, 0x0000, 0x0000, 0x0000, 0x0000, 0x0000, 0x0000, 0x0000, 0x0000, 0x0000, 0x0000, 0x0000, 0x0000, 0x0000, 0x0000,
    0x0000, 0x0000, 0x0000, 0x0000, 0x0000, 0x0000, 0x0000, 0x0000, 0x0000, 0x0000, 0x0000, 0x0000, 0x0000, 0x0000, 0x0000, 0x0000,
    0x0000, 0x0000, 0x0000, 0x0000, 0x0000, 0x10A4, 0x3A2B, 0x424C, 0x424C, 0x4A8D, 0x528C, 0x528C, 0x528C, 0x528C, 0x528C, 0x528C,
    0x528C, 0x528C, 0x528C, 0x528C, 0x528C, 0x528C, 0x528C, 0x73F1, 0x73F1, 0x73F1, 0x73F1, 0x73F1, 0x73F1, 0x73F1, 0x73F1, 0x73F1,
    0x73F1, 0x73F1, 0x73F1, 0x73F1, 0x7BF1, 0x73F1, 0x73F1, 0x73F1, 0x73F1, 0x73F1, 0x73F1, 0x73F1, 0x73F1, 0x73F1, 0x7BF1, 0x73F1,
    0x73F1, 0x73F1, 0x3A0B, 0x424C, 0x424C, 0x424C, 0x4A8D, 0xD69C, 0xD69C, 0xD69C, 0xD69C, 0xD69C, 0xD69C, 0xD69C, 0xD69C, 0xD69C,
    0xD69C, 0xD69C, 0xD69C, 0xD69C, 0xD69C, 0xD69C, 0xD69C, 0xD69C, 0xD69C, 0xD69C, 0xD69C, 0xD69C, 0xD69C, 0xD69C, 0xD69C, 0xD69C,
    0xD69C, 0xD69C, 0xEF7E, 0xEF7D, 0xEF5D, 0xEF7D, 0xEF7D, 0xEF7D, 0xEF7D, 0xEF7D, 0xEF7D, 0xEF7D, 0xEF7D, 0xEF7D, 0xEF7D, 0xEF7D,
    0x630D, 0x736F, 0x7BB0, 0x7BB1, 0x83D1, 0x7BB0, 0x7BB1, 0x83D1, 0x83F1, 0x4A29, 0xDEFB, 0xBDF7, 0xBDF7, 0xBDF7, 0xBDF7, 0xAD75,
    0x73AE, 0x738E, 0x73AE, 0x7BEF, 0x8430, 0x7BEF, 0x6B2D, 0x738E, 0x8471, 0x8471, 0x8471, 0x8471, 0x8471, 0x8471, 0x8471, 0x8471,
    0x8471, 0x8471, 0x8471, 0x8471, 0x8471, 0x8471, 0x8471, 0x8471, 0x7BAF, 0x6B4D, 0x630D, 0x8430, 0x8410, 0x7BCF, 0x738E, 0x6B4D,
    0xAD75, 0xBDF7, 0xBDF7, 0xBDF7, 0xBDF7, 0xDEFB, 0x4229, 0x83D1, 0x7BD1, 0x7BB0, 0x7390, 0x7BB1, 0x7BB0, 0x7BB0, 0x6B4E, 0x5AEC,
    0xEF7D, 0xEF7D, 0xEF7D, 0xEF7D, 0xEF7D, 0xEF7D, 0xEF7D, 0xEF7D, 0xEF7E, 0xEF7D, 0xEF7D, 0xEF7D, 0xEF7D, 0xEF7D, 0xD69C, 0xD69C,
    0xD69C, 0xD69C, 0xD69C, 0xD69C, 0xD69C, 0xD69C, 0xD69C, 0xD69C, 0xD69C, 0xD69C, 0xD69C, 0xD69C, 0xD69C, 0xD69C, 0xD69C, 0xD69C,
    0xD69C, 0xD69C, 0xD69C, 0xD69C, 0xD69C, 0xD69C, 0xD69C, 0xD69C, 0xD69C, 0x4A8D, 0x4A8D, 0x424C, 0x424C, 0x3A2B, 0x528C, 0x528C,
    0x528C, 0x528C, 0x528C, 0x52AC, 0x528C, 0x528C, 0x52AC, 0x528C, 0x528C, 0x528C, 0x528C, 0x528C, 0x73F1, 0x73F1, 0x73F1, 0x7BF1,
    0x73F1, 0x73F1, 0x73F1, 0x73F1, 0x73F1, 0x73F1, 0x73F1, 0x73F1, 0x73F1, 0x73F1, 0x73F1, 0x73F1, 0x73F1, 0x73F1, 0x73F1, 0x73F1,
    0x73F1, 0x73F1, 0x73F1, 0x73F1, 0x73F1, 0x73F1, 0x73F1, 0x4A8D, 0x424C, 0x424C, 0x424C, 0x3A2B, 0x0000, 0x0000, 0x0000, 0x0000,
    0x0000, 0x0000, 0x0000, 0x0000, 0x0000, 0x0000, 0x0000, 0x0000, 0x0000, 0x0000, 0x0000, 0x0000, 0x0000, 0x0000, 0x0000, 0x0000,
    0x0000, 0x0000, 0x0000, 0x0000, 0x0000, 0x0000, 0x0000, 0x0000, 0x0000, 0x0000, 0x0000, 0x0000, 0x0000, 0x0000, 0x0000, 0x0000,
    0x0000, 0x0000, 0x0000, 0x0000, 0x0000, 0x0000, 0x0000, 0x0000, 0x0000, 0x0000, 0x0000, 0x0000, 0x0000, 0x0000, 0x0000, 0x0000,
    0x0000, 0x0000, 0x0000, 0x0000, 0x0000, 0x0000, 0x0000, 0x0000, 0x0000, 0x0000, 0x0000, 0x0000, 0x0000, 0x0000, 0x0000, 0x0000,
    0x0000, 0x0000, 0x0000, 0x0000, 0x0000, 0x10A4, 0x3A2B, 0x424C, 0x424C, 0x4A8D, 0x426A, 0x5ACD, 0x52CC, 0x52CC, 0x52CC, 0x52CC,
    0x5ACD, 0x52CC, 0x52CC, 0x52CC, 0x52CD, 0x52CC, 0x52CC, 0x8432, 0x8432, 0x8432, 0x8432, 0x8432, 0x8432, 0x8432, 0x7C32, 0x8432,
    0x7C32, 0x8432, 0x8432, 0x7C32, 0x8432, 0x8432, 0x8432, 0x8432, 0x8432, 0x8432, 0x8432, 0x8432, 0x8432, 0x8432, 0x8432, 0x8432,
    0x8432, 0x8432, 0x3A2B, 0x424C, 0x424C, 0x426C, 0x4A8D, 0xD69C, 0xD69C, 0xD69C, 0xD69C, 0xD69C, 0xD69C, 0xD69C, 0xD69C, 0xD69C,
    0xD69C, 0xD69C, 0xD69C, 0xD69C, 0xD69C, 0xD69C, 0xD69C, 0xD69C, 0xD69C, 0xD69C, 0xD69C, 0xD69C, 0xD69C, 0xD69C, 0xD69C, 0xD69C,
    0xD69C, 0xD69C, 0xD67B, 0xD69B, 0xD67B, 0xCE7B, 0xD67B, 0xD67B, 0xD67B, 0xD67B, 0xD67B, 0xD67B, 0xD67B, 0xD67B, 0xD67B, 0xD67B,
    0x630D, 0x736F, 0x7390, 0x736F, 0x7B90, 0x7BB0, 0x4209, 0x4209, 0x4229, 0xDEFB, 0xBDF7, 0xBDF7, 0xBDF7, 0xBDF7, 0xAD75, 0x6B6D,
    0x738E, 0x7BCF, 0x8410, 0x8430, 0x62EC, 0x6B4D, 0x7BF0, 0x8471, 0x94D3, 0x7BCF, 0x7BCE, 0x7BCF, 0x7BCF, 0x7BCF, 0x7BCF, 0x7BCF,
    0x7BCF, 0x7BCF, 0x7BCF, 0x7BCF, 0x7BCF, 0x7BCF, 0x7BCF, 0x94D3, 0x8C72, 0x7C31, 0x6B4E, 0x62EC, 0x8430, 0x8410, 0x7BCF, 0x73AE,
    0x6B6D, 0xAD75, 0xBDF7, 0xBDF7, 0xBDF7, 0xBDF7, 0xDEFB, 0x4209, 0x4209, 0x4208, 0x7B90, 0x7370, 0x736F, 0x736F, 0x6B4F, 0x5AEC,
    0xCE7B, 0xD67B, 0xD67B, 0xD67B, 0xD67B, 0xD67B, 0xCE7B, 0xCE7B, 0xD67B, 0xD67B, 0xD67B, 0xD67B, 0xD67B, 0xD67B, 0xD69C, 0xD69C,
    0xD69C, 0xD69C, 0xD69C, 0xD69C, 0xD69C, 0xD69C, 0xD69C, 0xD69C, 0xD69C, 0xD69C, 0xD69C, 0xD69C, 0xD69C, 0xD69C, 0xD69C, 0xD69C,
    0xD69C, 0xD69C, 0xD69C, 0xD69C, 0xD69C, 0xD69C, 0xD69C, 0xD69C, 0xD69C, 0x4A8D, 0x4A8D, 0x424C, 0x424C, 0x3A2B, 0x5ACD, 0x52CC,
    0x52CC, 0x5ACD, 0x52CC, 0x5ACD, 0x52CC, 0x5ACD, 0x5ACD, 0x52CD, 0x52CC, 0x52CC, 0x52CC, 0x5ACD, 0x8432, 0x8432, 0x8432, 0x8432,
    0x8432, 0x7C32, 0x8432, 0x8432, 0x8432, 0x8432, 0x8432, 0x8432, 0x8432, 0x7C32, 0x8432, 0x8432, 0x8432, 0x8432, 0x8432, 0x8432,
    0x8432, 0x8432, 0x8432, 0x7C32, 0x8432, 0x8432, 0x6BAF, 0x4A8D, 0x424C, 0x424C, 0x424C, 0x3A2B, 0x0000, 0x0000, 0x0000, 0x0000,
    0x0000, 0x0000, 0x0000, 0x0000, 0x0000, 0x0000, 0x0000, 0x0000, 0x0000, 0x0000, 0x0000, 0x0000, 0x0000, 0x0000, 0x0000, 0x0000,
    0x0000, 0x0000, 0x0000, 0x0000, 0x0000, 0x0000, 0x0000, 0x0000, 0x0000, 0x0000, 0x0000, 0x0000, 0x0000, 0x0000, 0x0000, 0x0000,
    0x0000, 0x0000, 0x0000, 0x0000, 0x0000, 0x0000, 0x0000, 0x0000, 0x0000, 0x0000, 0x0000, 0x0000, 0x0000, 0x0000, 0x0000, 0x0000,
    0x0000, 0x0000, 0x0000, 0x0000, 0x0000, 0x0000, 0x0000, 0x0000, 0x0000, 0x0000, 0x0000, 0x0000, 0x0000, 0x0000, 0x0000, 0x0000,
    0x0000, 0x0000, 0x0000, 0x0000, 0x0000, 0x10A3, 0x3A2B, 0x426C, 0x424C, 0x4AAD, 0x426A, 0x52CD, 0x52CC, 0x5ACD, 0x52CD, 0x52CD,
    0x52CD, 0x5ACD, 0x5ACD, 0x5ACD, 0x5ACD, 0x52CC, 0x52CC, 0x8432, 0x8432, 0x8432, 0x8432, 0x8432, 0x8432, 0x8432, 0x8432, 0x8432,
    0x8432, 0x8432, 0x8432, 0x8432, 0x8432, 0x8432, 0x8432, 0x8432, 0x8432, 0x8432, 0x8432, 0x8432, 0x8432, 0x8432, 0x8432, 0x8432,
    0x8432, 0x8432, 0x3A2B, 0x424C, 0x424C, 0x424C, 0x4AAD, 0xD69C, 0xD69C, 0xD69C, 0xD69C, 0xD69C, 0xD69C, 0xD69C, 0xD69C, 0xD69C,
    0xD69C, 0xD69C, 0xD69C, 0xD69C, 0xD69C, 0xD69C, 0xD69C, 0xD69C, 0xD69C, 0xD69C, 0xD69C, 0xD69C, 0xD69C, 0xD69C, 0xD69C, 0xD69C,
    0xD69C, 0xD69C, 0xD69B, 0xD69B, 0xD69B, 0xD69B, 0xD69B, 0xD69B, 0xD69B, 0xD69B, 0xD69B, 0xD69B, 0xD69B, 0xD69B, 0xD69B, 0xD69B,
    0x630D, 0x736F, 0x736F, 0x736F, 0x41E8, 0x41E8, 0x4209, 0x4209, 0xDEDB, 0xBDD7, 0xBDD7, 0xBDD7, 0xBDD7, 0xAD55, 0x6B4D, 0x738E,
    0x7BCF, 0x8410, 0x8430, 0x6B2D, 0x6B4D, 0x7BCF, 0x8C72, 0x94D3, 0x7BCF, 0x7BCE, 0x7BCE, 0x7BCE, 0x7BCE, 0x7BCE, 0x7BCE, 0x7BCE,
    0x7BCE, 0x7BCE, 0x7BCE, 0x7BCE, 0x7BCE, 0x7BCE, 0x7BCE, 0x7BCF, 0x94D3, 0x8C92, 0x7C10, 0x6B4E, 0x62EC, 0x8430, 0x8410, 0x7BCF,
    0x73AE, 0x6B6D, 0xAD55, 0xBDD7, 0xBDD7, 0xBDD7, 0xBDD7, 0xDEDB, 0x4209, 0x41E8, 0x41E8, 0x39C8, 0x630D, 0x736F, 0x6B4F, 0x5AED,
    0xD69B, 0xD69B, 0xD69B, 0xD69B, 0xD69B, 0xD69B, 0xD69B, 0xD69B, 0xD69B, 0xD69B, 0xD69B, 0xD69B, 0xD69B, 0xD69B, 0xD69C, 0xD69C,
    0xD69C, 0xD69C, 0xD69C, 0xD69C, 0xD69C, 0xD69C, 0xD69C, 0xD69C, 0xD69C, 0xD69C, 0xD69C, 0xD69C, 0xD69C, 0xD69C, 0xD69C, 0xD69C,
    0xD69C, 0xD69C, 0xD69C, 0xD69C, 0xD69C, 0xD69C, 0xD69C, 0xD69C, 0xD69C, 0x4A8D, 0x4A8D, 0x426C, 0x426C, 0x3A2B, 0x52CC, 0x52CC,
    0x52CC, 0x52CC, 0x52CD, 0x5ACD, 0x52CD, 0x52CC, 0x5ACD, 0x5ACD, 0x52CC, 0x5ACD, 0x52CC, 0x5ACD, 0x8432, 0x8432, 0x8432, 0x8432,
    0x8432, 0x8432, 0x8432, 0x8432, 0x8432, 0x8432, 0x8432, 0x8432, 0x8432, 0x8432, 0x8432, 0x8432, 0x8432, 0x8432, 0x8432, 0x8432,
    0x8432, 0x8432, 0x8432, 0x8432, 0x8432, 0x8432, 0x6BAF, 0x4A8D, 0x424C, 0x424C, 0x424C, 0x3A2B, 0x0000, 0x0000, 0x0000, 0x0000,
    0x0000, 0x0000, 0x0000, 0x0000, 0x0000, 0x0000, 0x0000, 0x0000, 0x0000, 0x0000, 0x0000, 0x0000, 0x0000, 0x0000, 0x0000, 0x0000,
    0x0000, 0x0000, 0x0000, 0x0000, 0x0000, 0x0000, 0x0000, 0x0000, 0x0000, 0x0000, 0x0000, 0x0000, 0x0000, 0x0000, 0x0000, 0x0000,
    0x0000, 0x0000, 0x0000, 0x0000, 0x0000, 0x0000, 0x0000, 0x0000, 0x0000, 0x0000, 0x0000, 0x0000, 0x0000, 0x0000, 0x0000, 0x0000,
    0x0000, 0x0000, 0x0000, 0x0000, 0x0000, 0x0000, 0x0000, 0x0000, 0x0000, 0x0000, 0x0000, 0x0000, 0x0000, 0x0000, 0x0000, 0x0000,
    0x0000, 0x0000, 0x0000, 0x0000, 0x0000, 0x10A4, 0x3A2B, 0x426C, 0x426C, 0x4AAD, 0x39E8, 0x426A, 0x426A, 0x426A, 0x426A, 0x426A,
    0x426A, 0x426A, 0x426A, 0x426A, 0x426A, 0x426A, 0x426A, 0x6BAF, 0x6BAF, 0x6BAF, 0x6BAF, 0x6BAF, 0x6BAF, 0x6BAF, 0x6BCF, 0x6BAF,
    0x6BAF, 0x6BCF, 0x6BAF, 0x6BAF, 0x6BAF, 0x6BAF, 0x6BAF, 0x6BAF, 0x6BAF, 0x6BAF, 0x6BAF, 0x6BAF, 0x6BAF, 0x6BAF, 0x6BAF, 0x6BAF,
    0x6BAF, 0x6BCF, 0x3A2B, 0x424C, 0x426C, 0x426C, 0x4A8D, 0xD69C, 0xD69C, 0xD69C, 0xD69C, 0xD69C, 0xD69C, 0xD69C, 0xD69C, 0xD69C,
    0xD69C, 0xD69C, 0xD69C, 0xD69C, 0xD69C, 0xD6BC, 0xD69C, 0xD69C, 0xD69C, 0xD69C, 0xD69C, 0xD69C, 0xD69C, 0xD69C, 0xD69C, 0xD69C,
    0xD69C, 0xD69C, 0xD69B, 0xD69B, 0xD69B, 0xD69B, 0xD69B, 0xD69B, 0xD69B, 0xD69B, 0xD69B, 0xD69B, 0xD69B, 0xD69B, 0xD69B, 0xD69B,
    0x630D, 0x6B2E, 0x39C8, 0x41E8, 0x41E8, 0x4208, 0x4209, 0x4209, 0x8430, 0x738E, 0x738E, 0x738E, 0x738E, 0x6B4D, 0x73AE, 0x7BCF,
    0x8410, 0x8430, 0x62EC, 0x6B4E, 0x7C31, 0x8C92, 0x94D3, 0x7BCF, 0x7BCE, 0x7BCE, 0x8C6F, 0x8C6F, 0x8C6E, 0x8C6F, 0x8C6F, 0x8C6E,
    0x8C4E, 0x8C6F, 0x8C6F, 0x8C6E, 0x8C6F, 0x8C6F, 0x7BCE, 0x7BCE, 0x7BCF, 0x8451, 0x8C92, 0x8431, 0x736E, 0x62EC, 0x8C51, 0x8410,
    0x7BEF, 0x73AE, 0x6B4D, 0x738E, 0x738E, 0x738E, 0x738E, 0x8430, 0x4209, 0x4209, 0x41E8, 0x41E8, 0x39C8, 0x39C8, 0x630E, 0x5AED,
    0xD69B, 0xD69B, 0xD69B, 0xD69B, 0xD69B, 0xD69B, 0xD69B, 0xD69B, 0xD69B, 0xD69B, 0xD69B, 0xD69B, 0xD69B, 0xD69B, 0xD69C, 0xD69C,
    0xD69C, 0xD69C, 0xD69C, 0xD69C, 0xD69C, 0xD69C, 0xD69C, 0xD6BC, 0xD69C, 0xD6BC, 0xD69C, 0xD69C, 0xD69C, 0xD69C, 0xD69C, 0xD69C,
    0xD69C, 0xD69C, 0xD6BC, 0xD69C, 0xD69C, 0xD69C, 0xD69C, 0xD69C, 0xD69C, 0x4AAD, 0x4A8D, 0x424C, 0x426C, 0x3A2B, 0x426A, 0x426A,
    0x426A, 0x426A, 0x426A, 0x426A, 0x426A, 0x426A, 0x426A, 0x426A, 0x426A, 0x426A, 0x426A, 0x426A, 0x6BAF, 0x6BAF, 0x6BAF, 0x6BAF,
    0x6BAF, 0x6BAF, 0x6BAF, 0x6BAF, 0x6BAF, 0x6BAF, 0x6BAF, 0x6BAF, 0x6BAF, 0x6BAF, 0x6BCF, 0x6BAF, 0x6BAF, 0x6BAF, 0x6BAF, 0x6BAF,
    0x6BAF, 0x6BAF, 0x6BAF, 0x6BAF, 0x6BAF, 0x6BAF, 0x530C, 0x4AAD, 0x424C, 0x426C, 0x424C, 0x3A2B, 0x0000, 0x0000, 0x0000, 0x0000,
    0x0000, 0x0000, 0x0000, 0x0000, 0x0000, 0x0000, 0x0000, 0x0000, 0x0000, 0x0000, 0x0000, 0x0000, 0x0000, 0x0000, 0x0000, 0x0000,
    0x0000, 0x0000, 0x0000, 0x0000, 0x0000, 0x0000, 0x0000, 0x0000, 0x0000, 0x0000, 0x0000, 0x0000, 0x0000, 0x0000, 0x0000, 0x0000,
    0x0000, 0x0000, 0x0000, 0x0000, 0x0000, 0x0000, 0x0000, 0x0000, 0x0000, 0x0000, 0x0000, 0x0000, 0x0000, 0x0000, 0x0000, 0x0000,
    0x0000, 0x0000, 0x0000, 0x0000, 0x0000, 0x0000, 0x0000, 0x0000, 0x0000, 0x0000, 0x0000, 0x0000, 0x0000, 0x0000, 0x0000, 0x0000,
    0x0000, 0x0000, 0x0000, 0x0000, 0x0000, 0x10A4, 0x3A2B, 0x426C, 0x426C, 0x4AAD, 0x39E8, 0x39E8, 0x52CC, 0x83F2, 0x7BF2, 0x7BF2,
    0x7BF2, 0x7BF2, 0x7BF2, 0x7BF2, 0x7BF2, 0x7BF2, 0x7BF2, 0xBDF9, 0xBDF9, 0xBE19, 0xBE19, 0xBE19, 0xBE19, 0xBE19, 0xBE19, 0xBE19,
    0xBE19, 0xBDF9, 0xBE19, 0xBDF9, 0xBE19, 0xBDF9, 0xBE19, 0xBDF9, 0xBDF9, 0xBE19, 0xBE19, 0xBDF9, 0xBDF9, 0xBE19, 0xBE19, 0xBDF9,
    0xBDF9, 0xBE19, 0x3A2B, 0x424C, 0x426C, 0x426C, 0x4AAD, 0xD6BC, 0xD6BC, 0xD6BC, 0xD6BC, 0xD6BC, 0xD69C, 0xD69C, 0xD6BC, 0xD6BC,
    0xD6BC, 0xD69C, 0xD6BC, 0xD6BC, 0xD69C, 0xD6BC, 0xD6BC, 0xD69C, 0xD6BC, 0xD6BC, 0xD6BC, 0xD6BC, 0xD6BC, 0xD6BC, 0xD69C, 0xD6BC,
    0xD69C, 0xD6BC, 0xD69B, 0xD69B, 0xD69B, 0xD69B, 0xD69B, 0xD69B, 0xD69B, 0xD69B, 0xD69B, 0xD6BB, 0xD69B, 0xD6BB, 0xD69B, 0xD69B,
    0x5ACC, 0x41E8, 0x39C8, 0x41E8, 0x41E8, 0x41E9, 0x41E9, 0x41E9, 0x8430, 0x738E, 0x738E, 0x738E, 0x738E, 0x6B4D, 0x7BCF, 0x8410,
    0x8430, 0x630C, 0x6B6E, 0x8431, 0x8C92, 0x8C71, 0x7BCE, 0x7BCE, 0x7BCE, 0x8C6F, 0x8C6F, 0x8C6E, 0x8C6E, 0x8C6D, 0x8C6D, 0x8C6D,
    0x8C4D, 0x8C6D, 0x8C6D, 0x8C6D, 0x8C6E, 0x8C6F, 0x8C6F, 0x7BEE, 0x7BCE, 0x7BCE, 0x7BEF, 0x8CB2, 0x8431, 0x736E, 0x630D, 0x8C51,
    0x8410, 0x7BEF, 0x6B4D, 0x738E, 0x738E, 0x738E, 0x738E, 0x8430, 0x41E9, 0x41E9, 0x41E9, 0x41E8, 0x39C8, 0x39C8, 0x31A7, 0x52AC,
    0xD69B, 0xD69B, 0xD69B, 0xD6BB, 0xD6BB, 0xD6BB, 0xD69B, 0xD69B, 0xD6BB, 0xD6BB, 0xD6BB, 0xD6BB, 0xD6BB, 0xD69B, 0xD6BC, 0xD6BC,
    0xD6BC, 0xD69C, 0xD69C, 0xD6BC, 0xD6BC, 0xD6BC, 0xD6BC, 0xD6BC, 0xD6BC, 0xD6BC, 0xD69C, 0xD6BC, 0xD69C, 0xD69C, 0xD6BC, 0xD69C,
    0xD69C, 0xD69C, 0xD6BC, 0xD6BC, 0xD69C, 0xD6BC, 0xD6BC, 0xD6BC, 0xD6BC, 0x4AAD, 0x4A8D, 0x426C, 0x426C, 0x3A2B, 0x7BF2, 0x7BF2,
    0x7BF2, 0x7BF2, 0x7BF2, 0x7BF2, 0x7BF2, 0x7BF2, 0x7BF2, 0x7BF2, 0x7BF2, 0x7BF2, 0x7BF2, 0x7BF2, 0xBDF9, 0xBDF9, 0xBDF9, 0xBE19,
    0xBE19, 0xBDF9, 0xBDF9, 0xBDF9, 0xBE19, 0xBDF9, 0xBDF9, 0xBE19, 0xBDF9, 0xBDF9, 0xBE19, 0xBDF9, 0xBDF9, 0xBDF9, 0xBDF9, 0xBDF9,
    0xBE19, 0xBDF9, 0xBDF9, 0xBDF9, 0x8452, 0x638E, 0x5B0C, 0x4AAD, 0x426C, 0x426C, 0x424C, 0x3A2B, 0x0000, 0x0000, 0x0000, 0x0000,
    0x0000, 0x0000, 0x0000, 0x0000, 0x0000, 0x0000, 0x0000, 0x0000, 0x0000, 0x0000, 0x0000, 0x0000, 0x0000, 0x0000, 0x0000, 0x0000,
    0x0000, 0x0000, 0x0000, 0x0000, 0x0000, 0x0000, 0x0000, 0x0000, 0x0000, 0x0000, 0x0000, 0x0000, 0x0000, 0x0000, 0x0000, 0x0000,
    0x0000, 0x0000, 0x0000, 0x0000, 0x0000, 0x0000, 0x0000, 0x0000, 0x0000, 0x0000, 0x0000, 0x0000, 0x0000, 0x0000, 0x0000, 0x0000,
    0x0000, 0x0000, 0x0000, 0x0000, 0x0000, 0x0000, 0x0000, 0x0000, 0x0000, 0x0000, 0x0000, 0x0000, 0x0000, 0x0000, 0x0000, 0x0000,
    0x0000, 0x0000, 0x0000, 0x0000, 0x0000, 0x10A4, 0x422B, 0x426C, 0x426C, 0x4AAD, 0x39E8, 0x39E8, 0x52CC, 0x7BF2, 0x83F2, 0x7BF2,
    0x7BF2, 0x7BF2, 0x7BF2, 0x7BF2, 0x7BF2, 0x7BF2, 0x7BF2, 0xBE19, 0xBE19, 0xBE19, 0xBE19, 0xBE19, 0xBE19, 0xBE19, 0xBE19, 0xBE19,
    0xBE19, 0xBE19, 0xBE19, 0xBE19, 0xBE19, 0xBE19, 0xBE19, 0xBE19, 0xBE19, 0xBE19, 0xBE19, 0xBE19, 0xBE19, 0xBE19, 0xBE19, 0xBE19,
    0xBE19, 0xBE19, 0x422B, 0x424C, 0x426C, 0x4A6C, 0x4AAD, 0xD6BC, 0xD6BC, 0xD6BC, 0xD6BC, 0xD6BC, 0xD6BC, 0xD6BC, 0xD6BC, 0xD6BC,
    0xD6BC, 0xD6BC, 0xD6BC, 0xD6BC, 0xD6BC, 0xD6BC, 0xD6BC, 0xD6BC, 0xD6BC, 0xD6BC, 0xD6BC, 0xD6BC, 0xD6BC, 0xD6BC, 0xD6BC, 0xD6BC,
    0xD6BC, 0xD6BC, 0xC639, 0xC639, 0xC639, 0xC639, 0xC639, 0xC639, 0xC639, 0xC639, 0xC639, 0xC639, 0xC639, 0xC639, 0xC639, 0xC639,
    0x5ACC, 0x39A7, 0x39C8, 0x39C8, 0x39E9, 0x41E9, 0x41E9, 0x41E9, 0x8430, 0x738E, 0x738E, 0x738E, 0x738E, 0x632C, 0x8410, 0x8C51,
    0x62EC, 0x6B6E, 0x8431, 0x8C92, 0x8410, 0x7BCF, 0x7BCE, 0x7BCE, 0x8C6F, 0x8C6F, 0x8C6E, 0x8C4E, 0x8C6D, 0x9CEE, 0x9CED, 0x9CED,
    0x9CED, 0x9CED, 0x9CEE, 0x8C6D, 0x8C6D, 0x8C6E, 0x8C6F, 0x8C6F, 0x7BCE, 0x7BCE, 0x7BCE, 0x7BCF, 0x8C92, 0x8431, 0x736E, 0x630D,
    0x8C51, 0x8410, 0x6B4D, 0x738E, 0x738E, 0x738E, 0x738E, 0x8430, 0x41E9, 0x41E9, 0x39E9, 0x39C9, 0x39C8, 0x39C8, 0x31A7, 0x5AAC,
    0xC639, 0xC639, 0xC639, 0xC639, 0xC639, 0xC639, 0xC639, 0xC639, 0xC639, 0xC639, 0xC639, 0xC639, 0xC639, 0xC639, 0xD6BC, 0xD6BC,
    0xD6BC, 0xD6BC, 0xD6BC, 0xD6BC, 0xD6BC, 0xD6BC, 0xD6BC, 0xD6BC, 0xD6BC, 0xD6BC, 0xD6BC, 0xD6BC, 0xD6BC, 0xD6BC, 0xD6BC, 0xD6BC,
    0xD6BC, 0xD6BC, 0xD6BC, 0xD6BC, 0xD6BC, 0xD6BC, 0xD6BC, 0xD6BC, 0xD6BC, 0x4AAD, 0x4A8D, 0x426C, 0x426C, 0x422B, 0x7BF2, 0x7BF2,
    0x7BF2, 0x7BF2, 0x7BF2, 0x7BF2, 0x7BF2, 0x7BF2, 0x7BF2, 0x83F2, 0x7BF2, 0x7BF2, 0x7BF2, 0x7BF2, 0xBE19, 0xBE19, 0xBDF9, 0xBE19,
    0xBE19, 0xBE19, 0xBE19, 0xBE19, 0xBE19, 0xBE19, 0xBDF9, 0xBE19, 0xBE19, 0xBE19, 0xBE19, 0xBE19, 0xBE19, 0xBE19, 0xBE19, 0xBE19,
    0xBE19, 0xBE19, 0xBE19, 0xBE19, 0x8452, 0x638E, 0x5B0C, 0x4AAD, 0x426C, 0x426C, 0x426C, 0x422B, 0x0000, 0x0000, 0x0000, 0x0000,
    0x0000, 0x0000, 0x0000, 0x0000, 0x0000, 0x0000, 0x0000, 0x0000, 0x0000, 0x0000, 0x0000, 0x0000, 0x0000, 0x0000, 0x0000, 0x0000,
    0x0000, 0x0000, 0x0000, 0x0000, 0x0000, 0x0000, 0x0000, 0x0000, 0x0000, 0x0000, 0x0000, 0x0000, 0x0000, 0x0000, 0x0000, 0x0000,
    0x0000, 0x0000, 0x0000, 0x0000, 0x0000, 0x0000, 0x0000, 0x0000, 0x0000, 0x0000, 0x0000, 0x0000, 0x0000, 0x0000, 0x0000, 0x0000,
    0x0000, 0x0000, 0x0000, 0x0000, 0x0000, 0x0000, 0x0000, 0x0000, 0x0000, 0x0000, 0x0000, 0x0000, 0x0000, 0x0000, 0x0000, 0x0000,
    0x0000, 0x0000, 0x0000, 0x0000, 0x0000, 0x10A4, 0x422B, 0x426C, 0x426C, 0x4AAD, 0x39E8, 0x426A, 0x7BF2, 0x7BF2, 0x7BF2, 0x7BF2,
    0x83F2, 0x7BF2, 0x7BF2, 0x7BF2, 0x7BF2, 0x7BF2, 0x7BF2, 0xBE19, 0xBE19, 0xBE19, 0xBE19, 0xBE19, 0xBE19, 0xBE19, 0xBE19, 0xBE19,
    0xBE19, 0xBE19, 0xBE19, 0xBE19, 0xBE19, 0xBE19, 0xBE19, 0xBE19, 0xBE19, 0xBE19, 0xBE19, 0xBE19, 0xBE19, 0xBE19, 0xBE19, 0xBE19,
    0xBE19, 0xBE19, 0x3A2B, 0x424C, 0x426C, 0x426C, 0x4AAD, 0xA4F5, 0xA4F5, 0xA4F5, 0xA4F5, 0xA4F5, 0xA4F5, 0x9CF5, 0x9CF5, 0xA4F5,
    0xA4F5, 0xA4F5, 0xA4F5, 0xA4F5, 0xA4F5, 0xA4F5, 0xA4F5, 0xA4F5, 0xA4F5, 0xA4F5, 0xA4F5, 0xA4F5, 0xA4F5, 0xA4F5, 0x9CF5, 0x9CF5,
    0xA4F5, 0xA4F5, 0x6B6E, 0x6B6E, 0x6B6D, 0x6B6E, 0x6B6D, 0x6B6D, 0x6B6D, 0x6B6D, 0x6B6D, 0x736E, 0x6B6E, 0x6B6D, 0x6B6E, 0x6B6D,
    0x3166, 0x31A7, 0x39C8, 0x39C8, 0x39C9, 0x41E9, 0x41E9, 0x41E9, 0x8C51, 0x738E, 0x738E, 0x738E, 0x738E, 0x6B4D, 0x8C51, 0x630D,
    0x736E, 0x8451, 0x8C92, 0x7BCF, 0x7BCE, 0x7BCE, 0x7BCE, 0x8C6F, 0x8C6F, 0x8C6E, 0x8C6D, 0x8C6D, 0x9CEE, 0x9CED, 0x9CEC, 0x9CEB,
    0x9CEB, 0x9CEC, 0x9CED, 0x9CEE, 0x8C4D, 0x8C6D, 0x8C4E, 0x8C6E, 0x8C6F, 0x7BCD, 0x7BCE, 0x7BCE, 0x7BCF, 0x8CB2, 0x8451, 0x738E,
    0x6B2D, 0x8C51, 0x6B4D, 0x738E, 0x738E, 0x738E, 0x738E, 0x8430, 0x41E9, 0x41E9, 0x41E9, 0x39C9, 0x39C8, 0x39C8, 0x31A7, 0x2966,
    0x6B6E, 0x6B6D, 0x6B6E, 0x736E, 0x6B6D, 0x6B6E, 0x736E, 0x736E, 0x6B6D, 0x6B6E, 0x6B6E, 0x6B6D, 0x6B6D, 0x6B6D, 0xA4F5, 0xA4F5,
    0x9CF5, 0xA4F5, 0xA4F5, 0xA4F5, 0x9CF5, 0xA4F5, 0x9CF5, 0xA4F5, 0xA4F5, 0xA4F5, 0xA4F5, 0xA4F5, 0xA4F5, 0xA4F5, 0xA4F5, 0x9CF5,
    0x9CF5, 0xA4F5, 0xA4F5, 0xA4F5, 0x9CF5, 0x9CF5, 0x9CF5, 0xA4F5, 0xA4F5, 0x4AAD, 0x4A8D, 0x426C, 0x426C, 0x422B, 0x7BF2, 0x7BF2,
    0x7BF2, 0x7BF2, 0x7BF2, 0x7BF2, 0x7BF2, 0x7BF2, 0x7BF2, 0x7BF2, 0x7BF2, 0x7BF2, 0x7BF2, 0x7BF2, 0xBE19, 0xBE19, 0xBE19, 0xBE19,
    0xBE19, 0xBE19, 0xBE19, 0xBE19, 0xBE19, 0xBE19, 0xBE19, 0xBE19, 0xBE19, 0xBE19, 0xBE19, 0xBE19, 0xBE19, 0xBE19, 0xBE19, 0xBE19,
    0xBE19, 0xBE19, 0xBE19, 0xBE19, 0xBE19, 0x7C31, 0x5B0C, 0x4AAD, 0x426C, 0x426C, 0x426C, 0x3A2B, 0x0000, 0x0000, 0x0000, 0x0000,
    0x0000, 0x0000, 0x0000, 0x0000, 0x0000, 0x0000, 0x0000, 0x0000, 0x0000, 0x0000, 0x0000, 0x0000, 0x0000, 0x0000, 0x0000, 0x0000,
    0x0000, 0x0000, 0x0000, 0x0000, 0x0000, 0x0000, 0x0000, 0x0000, 0x0000, 0x0000, 0x0000, 0x0000, 0x0000, 0x0000, 0x0000, 0x0000,
    0x0000, 0x0000, 0x0000, 0x0000, 0x0000, 0x0000, 0x0000, 0x0000, 0x0000, 0x0000, 0x0000, 0x0000, 0x0000, 0x0000, 0x0000, 0x0000,
    0x0000, 0x0000, 0x0000, 0x0000, 0x0000, 0x0000, 0x0000, 0x0000, 0x0000, 0x0000, 0x0000, 0x0000, 0x0000, 0x0000, 0x0000, 0x0000,
    0x0000, 0x0000, 0x0000, 0x0000, 0x0000, 0x10A4, 0x422B, 0x426C, 0x426C, 0x4AAD, 0x39E8, 0x52CC, 0x7BF2, 0x83F2, 0x7BF2, 0x8C53,
    0x8C53, 0x8C53, 0x8C53, 0x8C53, 0x8C53, 0x8C53, 0x8C53, 0xCE9B, 0xCE9B, 0xCE9B, 0xCE9B, 0xCE9B, 0xCE9B, 0xCE9B, 0xCE9B, 0xCE9B,
    0xCE9B, 0xCE9B, 0xCE9B, 0xCE9B, 0xCE9B, 0xCE9B, 0xCE9B, 0xCE9B, 0xCE9B, 0xCE9B, 0xCE9B, 0xCE9B, 0xCE9B, 0xCE9B, 0xCE9B, 0xCE9B,
    0xCE9B, 0xCE9B, 0x422B, 0x424C, 0x4A6C, 0x426C, 0x4AAD, 0xA4F5, 0xA4F5, 0xA4F5, 0xA4F5, 0xA4F5, 0xA4F5, 0xA4F5, 0xA4F5, 0xA4F5,
    0xA4F5, 0xA4F5, 0xA4F5, 0xA4F5, 0xA4F5, 0xA4F5, 0xA4F5, 0xA4F5, 0xA4F5, 0xA4F5, 0xA4F5, 0xA4F5, 0xA4F5, 0xA4F5, 0xA4F5, 0xA4F5,
    0xA4F5, 0xA4F5, 0x6B6E, 0x738E, 0x736E, 0x736E, 0x6B6D, 0x738E, 0x738E, 0x6B6E, 0x736E, 0x6B6E, 0x738E, 0x736E, 0x738E, 0x736E,
    0x3166, 0x31A8, 0x39C8, 0x39C9, 0x39C9, 0x5269, 0xDDCE, 0xDDCE, 0xAD75, 0xB5B6, 0xBDF7, 0xBDF7, 0xBDF7, 0xDEFB, 0x62EC, 0x6B4E,
    0x7BF0, 0x8C72, 0x94D3, 0x7BCF, 0x7BCE, 0x7BCE, 0x8C6F, 0x8C6F, 0x8C6E, 0x8C6E, 0x8C6D, 0x9CEE, 0x9CED, 0x9CEC, 0x9CEC, 0x9CEB,
    0x9CCA, 0x9CEC, 0x9CCC, 0x9CED, 0x9CEE, 0x8C4D, 0x8C6E, 0x8C6E, 0x8C6F, 0x8C6F, 0x7BCE, 0x7BCE, 0x7BCF, 0x94D3, 0x8C92, 0x7C10,
    0x6B6E, 0x62EC, 0xDEFB, 0xBDF7, 0xBDF7, 0xBDF7, 0xBDD7, 0xAD75, 0xDDCE, 0xDDCF, 0x8BCB, 0x39C9, 0x39C9, 0x39C8, 0x31A8, 0x2966,
    0x738E, 0x738E, 0x738E, 0x738E, 0x738E, 0x738E, 0x736E, 0x736E, 0x738E, 0x738E, 0x738E, 0x6B6D, 0x738E, 0x738E, 0xA4F5, 0xA4F5,
    0xA4F5, 0xA4F5, 0xA4F5, 0xA4F5, 0xA4F5, 0xA4F5, 0xA4F5, 0xA4F5, 0xA4F5, 0xA4F5, 0xA4F5, 0xA4F5, 0xA4F5, 0xA4F5, 0xA4F5, 0xA4F5,
    0xA4F5, 0xA4F5, 0xA4F5, 0xA4F5, 0xA4F5, 0xA4F5, 0xA4F5, 0xA4F5, 0x9CF5, 0x4AAD, 0x4AAD, 0x4A6C, 0x426C, 0x422B, 0x8C53, 0x8C53,
    0x8C53, 0x8C53, 0x8C53, 0x8C53, 0x8C53, 0x8C53, 0x8C53, 0x8C53, 0x8C53, 0x8C53, 0x8C53, 0x8C53, 0xCE9B, 0xCE9B, 0xCE9B, 0xCE9B,
    0xCE9B, 0xCE9B, 0xCE9B, 0xCE9B, 0xCE9B, 0xCE9B, 0xCE9B, 0xCE9B, 0xCE9B, 0xCE9B, 0xCE9B, 0xCE9B, 0xCE9B, 0xCE9B, 0xCE9B, 0xCE9B,
    0xCE9B, 0xCE9B, 0xBE19, 0xBE19, 0xBE19, 0x8452, 0x5B0C, 0x4AAD, 0x426C, 0x4A6C, 0x426C, 0x422B, 0x0000, 0x0000, 0x0000, 0x0000,
    0x0000, 0x0000, 0x0000, 0x0000, 0x0000, 0x0000, 0x0000, 0x0000, 0x0000, 0x0000, 0x0000, 0x0000, 0x0000, 0x0000, 0x0000, 0x0000,
    0x0000, 0x0000, 0x0000, 0x0000, 0x0000, 0x0000, 0x0000, 0x0000, 0x0000, 0x0000, 0x0000, 0x0000, 0x0000, 0x0000, 0x0000, 0x0000,
    0x0000, 0x0000, 0x0000, 0x0000, 0x0000, 0x0000, 0x0000, 0x0000, 0x0000, 0x0000, 0x0000, 0x0000, 0x0000, 0x0000, 0x0000, 0x0000,
    0x0000, 0x0000, 0x0000, 0x0000, 0x0000, 0x0000, 0x0000, 0x0000, 0x0000, 0x0000, 0x0000, 0x0000, 0x0000, 0x0000, 0x0000, 0x0000,
    0x0000, 0x0000, 0x0000, 0x0000, 0x0000, 0x10A4, 0x422B, 0x4A6C, 0x4A6C, 0x4AAD, 0x4249, 0x5ACD, 0x7BF2, 0x7BF2, 0x8432, 0x8C53,
    0x8C53, 0x8C53, 0x8C53, 0x8C53, 0x8C53, 0x8C53, 0x8C53, 0xCEBB, 0xCEBB, 0xCEBC, 0xCEBB, 0xCEBB, 0xCEBC, 0xCEBB, 0xCEBB, 0xCEBB,
    0xCEBB, 0xCEBB, 0xCEBB, 0xCEBB, 0xCEBB, 0xCEBB, 0xCEBB, 0xCEBC, 0xCEBB, 0xCEBB, 0xCEBB, 0xCEBB, 0xCEBB, 0xCEBB, 0xCEBB, 0xCEBB,
    0xCEBB, 0xCEBB, 0x422B, 0x426C, 0x4A6C, 0x4A6C, 0x4AAD, 0xA4F5, 0xA4F5, 0xA4F5, 0xA4F5, 0xA4F5, 0xA4F5, 0xA4F5, 0xA4F5, 0xA4F5,
    0xA515, 0xA4F5, 0xA515, 0xA4F5, 0xA4F5, 0xA4F5, 0xA4F5, 0xA515, 0xA4F5, 0xA515, 0xA4F5, 0xA4F5, 0xA4F5, 0xA4F5, 0xA4F5, 0xA4F5,
    0xA4F5, 0xA4F5, 0x738E, 0x738E, 0x738E, 0x738E, 0x738E, 0x738E, 0x738E, 0x738E, 0x738E, 0x738E, 0x738E, 0x738E, 0x738E, 0x738E,
    0x3166, 0x31A8, 0x5249, 0xDDCF, 0xDDCE, 0xDDCF, 0xDD0D, 0xDD0D, 0x8410, 0x9CF3, 0xB596, 0xBDF7, 0xBDF7, 0xBDF7, 0xD69A, 0x5ACC,
    0x6B2D, 0x7BCF, 0x8471, 0x94D3, 0x7BCF, 0x7BCE, 0x7BCE, 0x7BEE, 0x8C6F, 0x8C6E, 0x8C6E, 0x8C6D, 0x9CCE, 0x9CED, 0x9CED, 0x9CEC,
    0x9CEC, 0x9CED, 0x9CED, 0x9CEE, 0x8C4D, 0x8C6E, 0x8C6E, 0x8C6F, 0x8C4F, 0x7BCE, 0x7BCE, 0x7BEF, 0x94D3, 0x8C72, 0x7C10, 0x6B4D,
    0x62EC, 0xDEFB, 0xBDF7, 0xBDF7, 0xBDF7, 0xBDD7, 0xAD55, 0x8410, 0xDD0D, 0xDD2D, 0xDDCE, 0xDDCF, 0xDDCF, 0x836A, 0x39A8, 0x3166,
    0x738E, 0x738E, 0x738E, 0x738E, 0x738E, 0x738E, 0x738E, 0x738E, 0x738E, 0x738E, 0x738E, 0x738E, 0x738E, 0x738E, 0xA4F5, 0xA4F5,
    0xA4F5, 0xA4F5, 0xA4F5, 0xA4F5, 0xA515, 0xA4F5, 0xA4F5, 0xA4F5, 0xA4F5, 0xA4F5, 0xA4F5, 0xA515, 0xA4F5, 0xA4F5, 0xA4F5, 0xA4F5,
    0xA4F5, 0xA4F5, 0xA4F5, 0xA515, 0xA515, 0xA4F5, 0xA4F5, 0xA4F5, 0xA515, 0x4AAD, 0x4AAD, 0x4A6C, 0x426C, 0x422B, 0x8C53, 0x8C53,
    0x8C53, 0x8C53, 0x8C53, 0x8C53, 0x8C53, 0x8C53, 0x8C53, 0x8C53, 0x8C53, 0x8C53, 0x8C53, 0x8C53, 0xCEBB, 0xCEBC, 0xCEBB, 0xCEBB,
    0xCEBB, 0xCEBB, 0xCEBB, 0xCEBB, 0xCEBB, 0xCEBC, 0xCEBC, 0xCEBC, 0xCEBC, 0xCEBB, 0xCEBC, 0xCEBB, 0xCEBC, 0xCEBB, 0xCEBC, 0xCEBC,
    0xCEBC, 0xCEBC, 0xBE3A, 0xBE19, 0xBE19, 0x8CB4, 0x5B4D, 0x4AAD, 0x4A6C, 0x426C, 0x426C, 0x422C, 0x0000, 0x0000, 0x0000, 0x0000,
    0x0000, 0x0000, 0x0000, 0x0000, 0x0000, 0x0000, 0x0000, 0x0000, 0x0000, 0x0000, 0x0000, 0x0000, 0x0000, 0x0000, 0x0000, 0x0000,
    0x0000, 0x0000, 0x0000, 0x0000, 0x0000, 0x0000, 0x0000, 0x0000, 0x0000, 0x0000, 0x0000, 0x0000, 0x0000, 0x0000, 0x0000, 0x0000,
    0x0000, 0x0000, 0x0000, 0x0000, 0x0000, 0x0000, 0x0000, 0x0000, 0x0000, 0x0000, 0x0000, 0x0000, 0x0000, 0x0000, 0x0000, 0x0000,
    0x0000, 0x0000, 0x0000, 0x0000, 0x0000, 0x0000, 0x0000, 0x0000, 0x0000, 0x0000, 0x0000, 0x0000, 0x0000, 0x0000, 0x0000, 0x0000,
    0x0000, 0x0000, 0x0000, 0x0000, 0x0000, 0x10A4, 0x422C, 0x4A6C, 0x4A6C, 0x4AAD, 0x426A, 0x5ACD, 0x7BF2, 0x7BF2, 0x8C53, 0x9474,
    0x9474, 0x9474, 0x9474, 0x9474, 0x9474, 0x9474, 0x9474, 0xD6DC, 0xD6DC, 0xD6DC, 0xD6DC, 0xD6FC, 0xD6DC, 0xD6FC, 0xD6DC, 0xD6DC,
    0xD6FC, 0xD6DC, 0xD6DC, 0xD6DC, 0xD6DC, 0xD6DC, 0xD6FC, 0xD6DC, 0xD6DC, 0xD6FC, 0xD6FC, 0xD6DC, 0xD6DC, 0xD6DC, 0xD6DC, 0xD6DC,
    0xD6DC, 0xD6DC, 0x424C, 0x426C, 0x4A6C, 0x4A6C, 0x4AAD, 0xFFBF, 0xFFBF, 0xFFBF, 0xFFBF, 0xFFBF, 0xFFBF, 0xFFBF, 0xFFBF, 0xFFBF,
    0xFFBF, 0xFFBF, 0xFFBF, 0xFFBF, 0xFFBF, 0xFFBF, 0xFFBF, 0xFFBF, 0xFFBF, 0xFFBF, 0xFFBF, 0xFFBF, 0xFFBF, 0xFFBF, 0xFFBF, 0xFFBF,
    0xFFBF, 0xFFBF, 0x630D, 0x632D, 0x632D, 0x632D, 0x632D, 0x632D, 0x632D, 0x630D, 0x632D, 0x630D, 0x632D, 0x632D, 0x632D, 0x632D,
    0x3167, 0x31A8, 0xDDCF, 0xDDCE, 0xDD0D, 0xDD0D, 0xDD0D, 0xDD2D, 0x7BEF, 0x8410, 0xAD75, 0xB5B6, 0xBDF7, 0xBDF7, 0xBDF7, 0xDEDB,
    0x9CB3, 0x6B4D, 0x738E, 0x8C72, 0x94D3, 0x7BCF, 0x7BCE, 0x7BEE, 0x842F, 0x8C6F, 0x8C6E, 0x8C6E, 0x8C6D, 0x9CEE, 0x9CEE, 0x9CEE,
    0x9CEE, 0x9CCE, 0x9CEE, 0x8C6D, 0x8C6E, 0x8C6E, 0x8C6F, 0x8C4F, 0x7BCE, 0x7BCE, 0x7BCF, 0x94D3, 0x8C72, 0x7BF0, 0x6B4D, 0x6B4E,
    0xDEFB, 0xBDF7, 0xBDF7, 0xBDF7, 0xBDF7, 0xAD75, 0x8410, 0x7BEF, 0xDD0D, 0xDD2D, 0xDD2D, 0xDD2D, 0xDDCE, 0xDDCE, 0x31A8, 0x3187,
    0x632D, 0x632D, 0x632D, 0x632D, 0x632D, 0x632D, 0x630D, 0x630D, 0x632D, 0x632D, 0x630D, 0x632D, 0x632D, 0x632D, 0xFFBF, 0xFFBF,
    0xFFBF, 0xFFBF, 0xFFBF, 0xFFBF, 0xFFBF, 0xFFBF, 0xFFBF, 0xFFBF, 0xFFBF, 0xFFBF, 0xFFBF, 0xFFBF, 0xFFBF, 0xFFBF, 0xFFBF, 0xFFBF,
    0xFFBF, 0xFFBF, 0xFFBF, 0xFFBF, 0xFFBF, 0xFFBF, 0xFFBF, 0xFFBF, 0xFFBF, 0x4AAD, 0x4AAD, 0x4A6C, 0x4A6C, 0x422B, 0x9474, 0x9474,
    0x9474, 0x9474, 0x9474, 0x9474, 0x9474, 0x9474, 0x9474, 0x9474, 0x9474, 0x9474, 0x9474, 0x9474, 0xD6DC, 0xD6FC, 0xD6DC, 0xD6DC,
    0xD6DC, 0xD6DC, 0xD6DC, 0xD6DC, 0xD6FC, 0xD6DC, 0xD6FC, 0xD6FC, 0xD6DC, 0xD6FC, 0xD6DC, 0xD6FC, 0xD6DC, 0xD6FC, 0xD6DC, 0xD6DC,
    0xD6FC, 0xD6FC, 0xCE9B, 0xBE19, 0xBE19, 0xAD97, 0x6BCF, 0x4AAD, 0x4A6C, 0x4A6C, 0x426C, 0x424C, 0x0000, 0x0000, 0x0000, 0x0000,
    0x0000, 0x0000, 0x0000, 0x0000, 0x0000, 0x0000, 0x0000, 0x0000, 0x0000, 0x0000, 0x0000, 0x0000, 0x0000, 0x0000, 0x0000, 0x0000,
    0x0000, 0x0000, 0x0000, 0x0000, 0x0000, 0x0000, 0x0000, 0x0000, 0x0000, 0x0000, 0x0000, 0x0000, 0x0000, 0x0000, 0x0000, 0x0000,
    0x0000, 0x0000, 0x0000, 0x0000, 0x0000, 0x0000, 0x0000, 0x0000, 0x0000, 0x0000, 0x0000, 0x0000, 0x0000, 0x0000, 0x0000, 0x0000,
    0x0000, 0x0000, 0x0000, 0x0000, 0x0000, 0x0000, 0x0000, 0x0000, 0x0000, 0x0000, 0x0000, 0x0000, 0x0000, 0x0000, 0x0000, 0x0000,
    0x0000, 0x0000, 0x0000, 0x0000, 0x0000, 0x10A4, 0x424C, 0x4A8D, 0x4A6C, 0x4AAD, 0x426A, 0x426A, 0x426A, 0x426A, 0x426A, 0x426A,
    0x426A, 0x426A, 0x426A, 0x426A, 0x426A, 0x426A, 0x426A, 0x6BCF, 0x6BCF, 0x6BCF, 0x6BCF, 0x6BCF, 0x6BCF, 0x6BCF, 0x6BCF, 0x6BCF,
    0x6BCF, 0x6BCF, 0x6BCF, 0x6BCF, 0x6BCF, 0x6BCF, 0x6BCF, 0x6BCF, 0x6BCF, 0x6BCF, 0x6BCF, 0x6BCF, 0x6BCF, 0x6BCF, 0x6BCF, 0x6BCF,
    0x6BCF, 0x6BCF, 0x424C, 0x426C, 0x4A6C, 0x4A6D, 0x4AAD, 0xDEDC, 0xDEBC, 0xDEBC, 0xDEBC, 0xDEDC, 0xDEDC, 0xDEBC, 0xDEBC, 0xDEDC,
    0xDEBC, 0xDEBC, 0xDEBC, 0xDEBC, 0xDEBC, 0xDEBC, 0xDEBC, 0xDEBC, 0xDEBC, 0xDEBC, 0xDEBC, 0xDEDC, 0xDEDC, 0xDEDC, 0xDEBC, 0xDEBC,
    0xDEBC, 0xDEBC, 0x632D, 0x632D, 0x632D, 0x632D, 0x632D, 0x632D, 0x632D, 0x632D, 0x632D, 0x632D, 0x632D, 0x632D, 0x632D, 0x632D,
    0x3167, 0xDD4D, 0xDD2D, 0xDD2D, 0xDD2D, 0xDD0D, 0xDD0D, 0xDD2D, 0x7BCF, 0x7BEF, 0x8410, 0x9CF3, 0xAD75, 0xBDF7, 0xBDF7, 0xBDF7,
    0xBDF7, 0xC638, 0x632D, 0x738E, 0x8471, 0x8CB2, 0x7BCF, 0x7BCE, 0x7BCE, 0x7BCE, 0x8C6F, 0x8C6F, 0x8C6E, 0x8C6E, 0x8C6E, 0x8C6E,
    0x8C6E, 0x8C6E, 0x8C6E, 0x8C6E, 0x8C6E, 0x8C6F, 0x7BEE, 0x7BCE, 0x7BCE, 0x7BCF, 0x94B3, 0x8C72, 0x73AF, 0x6B2D, 0x8411, 0xCE79,
    0xBDF7, 0xBDF7, 0xBDF7, 0xB596, 0xAD55, 0x8410, 0x7BEF, 0x7BCF, 0xDD2D, 0xDD0D, 0xDD2D, 0xDD0D, 0xDD2D, 0xDD2D, 0xDDCE, 0x3187,
    0x632D, 0x632D, 0x632D, 0x632D, 0x632D, 0x632D, 0x632D, 0x632D, 0x632D, 0x632D, 0x632D, 0x632D, 0x632D, 0x632D, 0xDEBC, 0xDEDC,
    0xDEBC, 0xDEBC, 0xDEBC, 0xDEDC, 0xDEBC, 0xDEDC, 0xDEBC, 0xDEDC, 0xDEBC, 0xDEBC, 0xDEDC, 0xDEBC, 0xDEDC, 0xDEBC, 0xDEDC, 0xDEBC,
    0xDEDC, 0xDEBC, 0xDEDC, 0xDEBC, 0xDEDC, 0xDEBC, 0xDEBC, 0xDEBC, 0xDEBC, 0x52AD, 0x4AAD, 0x4A6C, 0x4A6C, 0x424C, 0x426A, 0x426A,
    0x426A, 0x426A, 0x426A, 0x426A, 0x426A, 0x426A, 0x426A, 0x426A, 0x426A, 0x426A, 0x426A, 0x426A, 0x6BCF, 0x6BCF, 0x6BCF, 0x6BCF,
    0x6BCF, 0x6BCF, 0x6BCF, 0x6BCF, 0x6BCF, 0x6BCF, 0x6BCF, 0x6BCF, 0x6BCF, 0x6BCF, 0x6BCF, 0x6BCF, 0x6BCF, 0x6BCF, 0x6BCF, 0x6BCF,
    0x6BCF, 0x6BCF, 0x6BCF, 0x6BCF, 0x6BCF, 0x6BCF, 0x6BCF, 0x4AAD, 0x4A6C, 0x4A6C, 0x4A6C, 0x424C, 0x0000, 0x0000, 0x0000, 0x0000,
    0x0000, 0x0000, 0x0000, 0x0000, 0x0000, 0x0000, 0x0000, 0x0000, 0x0000, 0x0000, 0x0000, 0x0000, 0x0000, 0x0000, 0x0000, 0x0000,
    0x0000, 0x0000, 0x0000, 0x0000, 0x0000, 0x0000, 0x0000, 0x0000, 0x0000, 0x0000, 0x0000, 0x0000, 0x0000, 0x0000, 0x0000, 0x0000,
    0x0000, 0x0000, 0x0000, 0x0000, 0x0000, 0x0000, 0x0000, 0x0000, 0x0000, 0x0000, 0x0000, 0x0000, 0x0000, 0x0000, 0x0000, 0x0000,
    0x0000, 0x0000, 0x0000, 0x0000, 0x0000, 0x0000, 0x0000, 0x0000, 0x0000, 0x0000, 0x0000, 0x0000, 0x0000, 0x0000, 0x0000, 0x0000,
    0x0000, 0x0000, 0x0000, 0x0000, 0x0000, 0x10A4, 0x424C, 0x4A6D, 0x4A8D, 0x52CD, 0x4A8B, 0x4A8B, 0x4A8B, 0x4A8B, 0x4A8B, 0x4A8B,
    0x4A6B, 0x4A6B, 0x4A6B, 0x4A6B, 0x4A6B, 0x426A, 0x4A6A, 0x6BEF, 0x6BCF, 0x6BEF, 0x6BCF, 0x6BCF, 0x6BCF, 0x6BEF, 0x6BEF, 0x6BEF,
    0x6BEF, 0x6BEF, 0x6BEF, 0x6BEF, 0x6BCF, 0x6BCF, 0x6BCF, 0x6BEF, 0x6BEF, 0x6BEF, 0x6BCF, 0x6BEF, 0x6BEF, 0x6BEF, 0x6BEF, 0x6BCF,
    0x6BEF, 0x6BCF, 0x424C, 0x426C, 0x4A6D, 0x4A8D, 0x52AD, 0xDEDC, 0xDEDC, 0xDEDC, 0xDEDC, 0xDEDC, 0xDEDC, 0xDEDC, 0xD69B, 0xD69B,
    0xD69B, 0xD69B, 0xD67A, 0xD5F9, 0xCD97, 0xC4B3, 0xBBAE, 0xBACA, 0xBACA, 0xBA46, 0xBA46, 0xBA46, 0xBA26, 0xBA46, 0xBA46, 0xBA46,
    0xBA46, 0xBA46, 0x632D, 0x632D, 0x632D, 0x632D, 0x632D, 0x632D, 0x632D, 0x632D, 0x632D, 0x632D, 0x632D, 0x632D, 0x632D, 0x632D,
    0x4A08, 0xDD0D, 0xDD0D, 0xDD0D, 0xDD2D, 0xDD2D, 0xDD0D, 0xDD2D, 0x630C, 0x7BCF, 0x7BEF, 0x8410, 0x9492, 0xAD75, 0xBDF7, 0xBDF7,
    0xBDF7, 0xC638, 0xDEDB, 0x6B2D, 0x738E, 0x8451, 0x8CB2, 0x7BCF, 0x7BCE, 0x7BCE, 0x7BCD, 0x8C6F, 0x8C6F, 0x8C6F, 0x8C6F, 0x8C6F,
    0x8C6F, 0x8C6F, 0x8C6F, 0x8C6F, 0x8C6F, 0x840E, 0x7BCE, 0x7BCE, 0x7BEF, 0x94D3, 0x8471, 0x7BF0, 0x6B2D, 0xA514, 0xD6BA, 0xBDF7,
    0xBDF7, 0xBDF7, 0xB596, 0xA534, 0x8410, 0x7BEF, 0x7BCF, 0x630C, 0xDD0D, 0xDD0D, 0xDD2D, 0xDD2D, 0xDD0D, 0xDD0D, 0xDD0D, 0x93EB,
    0x632D, 0x632D, 0x632D, 0x632D, 0x632D, 0x632D, 0x632D, 0x632D, 0x632D, 0x632D, 0x632D, 0x632D, 0x632D, 0xB32B, 0xEB08, 0xEB08,
    0xE2E8, 0xE2E7, 0xE2E7, 0xDAC7, 0xDAC7, 0xD2A7, 0xD2A7, 0xD30A, 0xCB0A, 0xCBCE, 0xCD14, 0xCD97, 0xD5F9, 0xD69B, 0xD69B, 0xDE9B,
    0xD69B, 0xD69B, 0xDEDC, 0xDEBC, 0xDEDC, 0xDEBC, 0xDEDC, 0xDEBC, 0xDEDC, 0x52AD, 0x4AAD, 0x4A6D, 0x4A6D, 0x424C, 0x4A6A, 0x426A,
    0x426A, 0x4A6A, 0x4A6A, 0x426A, 0x4A6A, 0x426A, 0x4A6A, 0x4A6A, 0x426A, 0x4A6A, 0x426A, 0x4A6A, 0x6BEF, 0x6BCF, 0x6BEF, 0x6BCF,
    0x6BCF, 0x6BEF, 0x6BCF, 0x6BCF, 0x6BEF, 0x6BCF, 0x6BCF, 0x6BEF, 0x6BEF, 0x6BEF, 0x6BEF, 0x6BEF, 0x6BEF, 0x6BEF, 0x6BEF, 0x6BEF,
    0x6BEF, 0x6BEF, 0x6BEF, 0x6BEF, 0x6BEF, 0x6BEF, 0x6BEF, 0x52CE, 0x4A6C, 0x4A6D, 0x4A6C, 0x424C, 0x0000, 0x0000, 0x0000, 0x0000,
    0x0000, 0x0000, 0x0000, 0x0000, 0x0000, 0x0000, 0x0000, 0x0000, 0x0000, 0x0000, 0x0000, 0x0000, 0x0000, 0x0000, 0x0000, 0x0000,
    0x0000, 0x0000, 0x0000, 0x0000, 0x0000, 0x0000, 0x0000, 0x0000, 0x0000, 0x0000, 0x0000, 0x0000, 0x0000, 0x0000, 0x0000, 0x0000,
    0x0000, 0x0000, 0x0000, 0x0000, 0x0000, 0x0000, 0x0000, 0x0000, 0x0000, 0x0000, 0x0000, 0x0000, 0x0000, 0x0000, 0x0000, 0x0000,
    0x0000, 0x0000, 0x0000, 0x0000, 0x0000, 0x0000, 0x0000, 0x0000, 0x0000, 0x0000, 0x0000, 0x0000, 0x0000, 0x0000, 0x0000, 0x0000,
    0x0000, 0x0000, 0x0000, 0x0000, 0x0000, 0x10A4, 0x424C, 0x4A6D, 0x4A8D, 0x52CD, 0x528C, 0x528C, 0x528C, 0x528C, 0x52AC, 0x528C,
    0x528C, 0x528C, 0x528C, 0x528C, 0x528C, 0x528C, 0x528C, 0x7C31, 0x7C31, 0x7C31, 0x7C11, 0x7C11, 0x7C31, 0x7C11, 0x7C11, 0x7C11,
    0x7C11, 0x7C11, 0x7C11, 0x7C31, 0x7C31, 0x7C31, 0x7C31, 0x7C11, 0x7C31, 0x7C11, 0x7C11, 0x7C31, 0x7C31, 0x7C31, 0x7C31, 0x7C31,
    0x7C31, 0x7C11, 0x424C, 0x426C, 0x4A6D, 0x4A8D, 0x52CE, 0xDEDC, 0xDEDC, 0xDEDC, 0xDEDC, 0xDEDC, 0xDEDC, 0x4A4A, 0xBA26, 0xBA26,
    0xB227, 0x2A4D, 0x328E, 0x328E, 0x328E, 0x328E, 0x328E, 0x328E, 0x328E, 0x328E, 0x328E, 0x328E, 0x328E, 0x328E, 0x328E, 0x328E,
    0x2A6D, 0x8A4A, 0xCB89, 0xDD2E, 0xDD0E, 0xDD4E, 0xDDCE, 0xDDCF, 0xDDCF, 0xDDCE, 0xDDCF, 0xDDCF, 0xDDCE, 0xDDCF, 0xDDCF, 0xDDCE,
    0xDD2D, 0xDD2D, 0xDD2D, 0xDD2D, 0xDD0D, 0xDD0D, 0xDD2D, 0xDD0D, 0xC4AC, 0x5AEB, 0x73AE, 0x7BEF, 0x8410, 0x8430, 0xAD75, 0xBDF7,
    0xBDF7, 0xBDF7, 0xBDF7, 0xDEFB, 0x632D, 0x736E, 0x8451, 0x8C92, 0x7BCF, 0x7BCE, 0x7BCE, 0x7BCE, 0x7BCE, 0x7BCE, 0x73AE, 0x73AE,
    0x73AE, 0x73AE, 0x7BCE, 0x7BCE, 0x7BCE, 0x7BCE, 0x7BCE, 0x7BCF, 0x8CB2, 0x8451, 0x738E, 0x6B2D, 0xCE79, 0xBDF7, 0xBDF7, 0xBDF7,
    0xBDF7, 0xAD75, 0x9CD3, 0x8410, 0x7BEF, 0x7BCF, 0x630C, 0x6AEB, 0xDD0D, 0xDD0D, 0xDD2D, 0xDD2D, 0xDD0D, 0xDD2D, 0xDD2D, 0xDD2D,
    0xDDCE, 0xDDCF, 0xDDCE, 0xDDCE, 0xDDCE, 0xDDCE, 0xDDCF, 0xDDCE, 0xDDCE, 0xDDCE, 0xDD2E, 0xDD0E, 0xDD2E, 0xEB08, 0xEB08, 0xEB08,
    0xE2E7, 0xE2E7, 0xDAC7, 0xDAC7, 0xDAC7, 0xD2A7, 0xD2A7, 0xCA87, 0xCA87, 0xC266, 0xC266, 0xC266, 0xBA46, 0xBA46, 0xBA26, 0xBA26,
    0xBA46, 0xBA26, 0x4A4A, 0xDEDC, 0xDEDC, 0xDEDC, 0xDEDC, 0xDEDC, 0xDEDC, 0x52CE, 0x4AAD, 0x4A8D, 0x4A8D, 0x424C, 0x528C, 0x52AC,
    0x528C, 0x528C, 0x528C, 0x528C, 0x528C, 0x528C, 0x528C, 0x528C, 0x528C, 0x528C, 0x528C, 0x528C, 0x7C11, 0x7C11, 0x7C31, 0x7C31,
    0x7C11, 0x7C31, 0x7C11, 0x7C31, 0x7C11, 0x7C11, 0x7C31, 0x7C31, 0x7C31, 0x7C11, 0x7C31, 0x7C11, 0x7C31, 0x7C11, 0x7C11, 0x7C31,
    0x7C31, 0x7C11, 0x7C31, 0x7C31, 0x7C31, 0x7C11, 0x7C31, 0x52AD, 0x4A6D, 0x4A6D, 0x4A6C, 0x424C, 0x0000, 0x0000, 0x0000, 0x0000,
    0x0000, 0x0000, 0x0000, 0x0000, 0x0000, 0x0000, 0x0000, 0x0000, 0x0000, 0x0000, 0x0000, 0x0000, 0x0000, 0x0000, 0x0000, 0x0000,
    0x0000, 0x0000, 0x0000, 0x0000, 0x0000, 0x0000, 0x0000, 0x0000, 0x0000, 0x0000, 0x0000, 0x0000, 0x0000, 0x0000, 0x0000, 0x0000,
    0x0000, 0x0000, 0x0000, 0x0000, 0x0000, 0x0000, 0x0000, 0x0000, 0x0000, 0x0000, 0x0000, 0x0000, 0x0000, 0x0000, 0x0000, 0x0000,
    0x0000, 0x0000, 0x0000, 0x0000, 0x0000, 0x0000, 0x0000, 0x0000, 0x0000, 0x0000, 0x0000, 0x0000, 0x0000, 0x0000, 0x0000, 0x0000,
    0x0000, 0x0000, 0x0000, 0x0000, 0x0000, 0x10A4, 0x424C, 0x4A8D, 0x4A8D, 0x52CE, 0x426A, 0x52CD, 0x52CC, 0x5ACD, 0x52CC, 0x5ACD,
    0x5ACD, 0x52CC, 0x52CC, 0x5ACD, 0x5ACD, 0x5ACD, 0x52CC, 0x8472, 0x8472, 0x8472, 0x8472, 0x8472, 0x8472, 0x8472, 0x8472, 0x8452,
    0x8472, 0x8472, 0x8472, 0x8472, 0x8472, 0x8452, 0x8472, 0x8472, 0x8472, 0x8472, 0x8472, 0x8472, 0x8472, 0x8472, 0x8472, 0x8472,
    0x8452, 0x8472, 0x424C, 0x426C, 0x4A8D, 0x4A8D, 0x52CE, 0xDEDC, 0xDEDC, 0xDEDC, 0xDEDC, 0xDEDC, 0x4A4A, 0x4A29, 0xBA26, 0x08C5,
    0x220B, 0x2A4C, 0x328E, 0x328E, 0x328E, 0x328E, 0x328E, 0x328E, 0x328E, 0x328E, 0x328E, 0x328E, 0x328E, 0x328E, 0x328E, 0x328E,
    0x2A6D, 0x2A2C, 0x10C6, 0xDD0E, 0xDD6E, 0xDDCF, 0xDDCF, 0xDDCE, 0xDDCF, 0xDDCF, 0xDDCF, 0xDDCE, 0xDDCE, 0xDDCF, 0xDDCE, 0xDD2D,
    0xDD2D, 0xDD0D, 0xDD0D, 0xDD2D, 0xDD0D, 0xDD2D, 0xDD2D, 0xFDCE, 0xFDEE, 0x5ACB, 0x5ACB, 0x73AE, 0x7BEF, 0x8410, 0x8430, 0xAD75,
    0xBDF7, 0xBDF7, 0xBDF7, 0xBDF7, 0xDEFB, 0x630D, 0x736E, 0x8431, 0x8C92, 0x94B2, 0x94B3, 0x94B2, 0x73CF, 0x83CF, 0x7987, 0x7987,
    0x7987, 0x79A7, 0x83CF, 0x73CF, 0x94B2, 0x94B2, 0x94B2, 0x8CB2, 0x8451, 0x738E, 0x630D, 0xDEFB, 0xBDF7, 0xBDF7, 0xBDF7, 0xBDF7,
    0xAD75, 0x8430, 0x8410, 0x7BEF, 0x7BCF, 0x5AEB, 0x5AEB, 0xFDEE, 0xFDCE, 0xDD0D, 0xDD2D, 0xDD2D, 0xDD2D, 0xDD0D, 0xDD0D, 0xDD2D,
    0xDD2D, 0xDDCF, 0xDDCF, 0xDDCE, 0xDDCF, 0xDDCF, 0xDDCF, 0xDDCE, 0xDDCE, 0xDDCF, 0xDDCE, 0xDD2E, 0xDD2E, 0xEB08, 0xEB08, 0xEB08,
    0xE2E7, 0xE2E7, 0xDAC7, 0xDAC7, 0xDAC7, 0xD2A7, 0xD2A7, 0xCA87, 0xCA87, 0xC266, 0xC266, 0xBA46, 0xBA46, 0xBA26, 0xBA26, 0xBA26,
    0xBA46, 0xBA46, 0x4A29, 0x4A4A, 0xDEDC, 0xDEDC, 0xDEDC, 0xDEDC, 0xDEDC, 0x52CE, 0x4AAD, 0x4A8D, 0x4A8D, 0x424C, 0x52CC, 0x52CC,
    0x52CC, 0x5ACD, 0x5ACD, 0x52CC, 0x52CC, 0x5ACD, 0x52CC, 0x5ACD, 0x52CC, 0x52CD, 0x5ACD, 0x52CC, 0x8472, 0x8472, 0x8472, 0x8472,
    0x8472, 0x8472, 0x8472, 0x8472, 0x8472, 0x8472, 0x8472, 0x8472, 0x8472, 0x8472, 0x8452, 0x8452, 0x8452, 0x8452, 0x8452, 0x8452,
    0x8452, 0x8452, 0x8452, 0x8452, 0x8452, 0x8452, 0x6BCF, 0x52CE, 0x4A8D, 0x4A8D, 0x4A6C, 0x424C, 0x0000, 0x0000, 0x0000, 0x0000,
    0x0000, 0x0000, 0x0000, 0x0000, 0x0000, 0x0000, 0x0000, 0x0000, 0x0000, 0x0000, 0x0000, 0x0000, 0x0000, 0x0000, 0x0000, 0x0000,
    0x0000, 0x0000, 0x0000, 0x0000, 0x0000, 0x0000, 0x0000, 0x0000, 0x0000, 0x0000, 0x0000, 0x0000, 0x0000, 0x0000, 0x0000, 0x0000,
    0x0000, 0x0000, 0x0000, 0x0000, 0x0000, 0x0000, 0x0000, 0x0000, 0x0000, 0x0000, 0x0000, 0x0000, 0x0000, 0x0000, 0x0000, 0x0000,
    0x0000, 0x0000, 0x0000, 0x0000, 0x0000, 0x0000, 0x0000, 0x0000, 0x0000, 0x0000, 0x0000, 0x0000, 0x0000, 0x0000, 0x0000, 0x0000,
    0x0000, 0x0000, 0x0000, 0x0000, 0x0000, 0x10A4, 0x424C, 0x4A8D, 0x4A8D, 0x52CE, 0x39E8, 0x426A, 0x426A, 0x426A, 0x426A, 0x426A,
    0x426A, 0x426A, 0x426A, 0x4A6A, 0x426A, 0x426A, 0x4A6B, 0x6BEF, 0x6BEF, 0x6BEF, 0x6BEF, 0x6BEF, 0x6BEF, 0x6BEF, 0x6BEF, 0x6BEF,
    0x6BEF, 0x6BEF, 0x6BEF, 0x6BEF, 0x6BEF, 0x6BEF, 0x6BEF, 0x6BEF, 0x6BEF, 0x6BEF, 0x6BEF, 0x6BEF, 0x6BEF, 0x6BEF, 0x6BEF, 0x6BEF,
    0x6BEF, 0x6BEF, 0x424C, 0x4A6C, 0x4A8D, 0x4A8D, 0x52CE, 0xDEDC, 0xDEDC, 0xDEDC, 0xDEBC, 0x4A29, 0x4A29, 0x4A4A, 0xBA26, 0x62ED,
    0x10E6, 0x2A2C, 0x328E, 0x328E, 0x328E, 0x328E, 0x328E, 0x328E, 0x328E, 0x328E, 0x328E, 0x328E, 0x328E, 0x328E, 0x328E, 0x328E,
    0x2A6D, 0x2A2C, 0x08C5, 0xDD0E, 0xDDCE, 0xDDCF, 0xDDCE, 0xDDCE, 0xDDCE, 0xDDCF, 0xDDCF, 0xDDCF, 0xDDCF, 0xDDCF, 0xDD0D, 0xDD0D,
    0xDD0D, 0xDD0D, 0xDD0D, 0xDD2D, 0xDD2D, 0xFDEE, 0xFDEE, 0xFDEE, 0xFDEE, 0xBC8C, 0x630C, 0x5ACB, 0x738E, 0x7BEF, 0x8410, 0x8430,
    0xAD75, 0xBDF7, 0xBDF7, 0xBDF7, 0xBDF7, 0xDEFB, 0x630D, 0x736E, 0x7BF0, 0x7C10, 0x7BF0, 0x7BF0, 0x0000, 0x7147, 0xBA8B, 0xBA8B,
    0xBA8B, 0xBA8B, 0x7147, 0x0000, 0x7BF0, 0x7BF0, 0x7BF0, 0x7BF0, 0x736E, 0x632D, 0xDEFB, 0xBDF7, 0xBDF7, 0xBDF7, 0xBDF7, 0xAD75,
    0x8430, 0x8410, 0x7BEF, 0x7BCF, 0x630C, 0x630C, 0x52AA, 0xFDEE, 0xFDEE, 0xFDEE, 0xFDEE, 0xE52D, 0xDD2D, 0xDD2D, 0xDD0D, 0xDD0D,
    0xDD2D, 0xDD2D, 0xDDCE, 0xDDCE, 0xDDCF, 0xDDCE, 0xDDCF, 0xDDCF, 0xDDCF, 0xDDCF, 0xDDCF, 0xDDCF, 0xDD2E, 0xEB08, 0xEB08, 0xEB08,
    0xE2E7, 0xE2E7, 0xDAC7, 0xDAC7, 0xD2A7, 0xD2A7, 0xD287, 0xCA87, 0xCA87, 0xC266, 0xC266, 0xBA46, 0xBA46, 0xBA26, 0xBA26, 0xBA26,
    0xBA26, 0xBA26, 0x4A4A, 0x4A49, 0xB597, 0xDEBC, 0xDEBC, 0xDEDC, 0xDEBC, 0x52CE, 0x4AAD, 0x4A8D, 0x4A8D, 0x424C, 0x426A, 0x426A,
    0x426A, 0x426A, 0x426A, 0x426A, 0x426A, 0x426A, 0x426A, 0x426A, 0x426A, 0x426A, 0x426A, 0x426A, 0x6BCF, 0x6BCF, 0x6BCF, 0x6BCF,
    0x6BCF, 0x6BCF, 0x6BCF, 0x6BCF, 0x6BCF, 0x6BCF, 0x6BCF, 0x6BCF, 0x6BEF, 0x6BCF, 0x6BCF, 0x6BCF, 0x6BEF, 0x6BCF, 0x6BCF, 0x6BCF,
    0x6BCF, 0x6BCF, 0x6BCF, 0x6BEF, 0x6BCF, 0x6BCF, 0x5B0C, 0x52CE, 0x4A8D, 0x4A8D, 0x4A6C, 0x424C, 0x0000, 0x0000, 0x0000, 0x0000,
    0x0000, 0x0000, 0x0000, 0x0000, 0x0000, 0x0000, 0x0000, 0x0000, 0x0000, 0x0000, 0x0000, 0x0000, 0x0000, 0x0000, 0x0000, 0x0000,
    0x0000, 0x0000, 0x0000, 0x0000, 0x0000, 0x0000, 0x0000, 0x0000, 0x0000, 0x0000, 0x0000, 0x0000, 0x0000, 0x0000, 0x0000, 0x0000,
    0x0000, 0x0000, 0x0000, 0x0000, 0x0000, 0x0000, 0x0000, 0x0000, 0x0000, 0x0000, 0x0000, 0x0000, 0x0000, 0x0000, 0x0000, 0x0000,
    0x0000, 0x0000, 0x0000, 0x0000, 0x0000, 0x0000, 0x0000, 0x0000, 0x0000, 0x0000, 0x0000, 0x0000, 0x0000, 0x0000, 0x0000, 0x0000,
    0x0000, 0x0000, 0x0000, 0x0000, 0x0000, 0x10C4, 0x424C, 0x4A8D, 0x4A8D, 0x52CE, 0x39E8, 0x426A, 0x426A, 0x426A, 0x426A, 0x426A,
    0x426A, 0x426A, 0x426A, 0x426A, 0x426A, 0x426A, 0x426A, 0x6BCF, 0x6BEF, 0x6BCF, 0x6BCF, 0x6BCF, 0x6BCF, 0x6BCF, 0x6BCF, 0x6BCF,
    0x6BCF, 0x6BCF, 0x6BCF, 0x6BEF, 0x6BCF, 0x6BCF, 0x6BCF, 0x6BCF, 0x6BCF, 0x6BCF, 0x6BCF, 0x6BCF, 0x6BCF, 0x6BCF, 0x6BCF, 0x6BCF,
    0x6BCF, 0x6BCF, 0x424C, 0x426C, 0x4A8D, 0x4A8D, 0x52CE, 0xCE5A, 0xCE5A, 0xCE5A, 0xB597, 0x4A4A, 0x4A4A, 0x4A49, 0xBA26, 0x732E,
    0x10C6, 0x2A2C, 0x2A4D, 0x2A4D, 0x2A4D, 0x2A4D, 0x2A4D, 0x2A4D, 0x2A4D, 0x2A4D, 0x2A4D, 0x2A4D, 0x2A4D, 0x2A4D, 0x2A4D, 0x2A4D,
    0x2A2C, 0x1969, 0x83D1, 0xDDCE, 0xDDCE, 0xDDCF, 0xDDCF, 0xDDCE, 0xDDCF, 0xDDCF, 0xDDCE, 0xDDCF, 0xDDCF, 0xDD2D, 0xDD2D, 0xDD2D,
    0xDD2D, 0xDD2D, 0xF5AE, 0xFDEE, 0xFDEE, 0xFDEE, 0xFDEE, 0xFDEE, 0xFDEE, 0xFDEE, 0x630C, 0x6B6D, 0x52AA, 0x6B4D, 0x7BCF, 0x8410,
    0x8430, 0xAD75, 0xBDF7, 0xBDF7, 0xBDF7, 0xBDF7, 0xDEFB, 0xA514, 0xA514, 0x94B2, 0x40A3, 0x91C8, 0xD32D, 0xEBAF, 0xAA4A, 0x7147,
    0x7147, 0xAA2A, 0xEBAF, 0xD32D, 0x91C8, 0x40A3, 0x9CD3, 0xA514, 0xA514, 0xDEFB, 0xBDF7, 0xBDF7, 0xBDF7, 0xBDF7, 0xAD75, 0x8430,
    0x8410, 0x7BCF, 0x73AE, 0x52AA, 0x630C, 0x5AEB, 0xFDEE, 0xFDEE, 0xFDEE, 0xFDEE, 0xFDEE, 0xFDEE, 0xFDEE, 0xFDEE, 0xE52D, 0xDD2D,
    0xDD2D, 0xDD2D, 0xDD2D, 0xDDCF, 0xDDCE, 0xDDCF, 0xDDCF, 0xDDCF, 0xDDCF, 0xDDCF, 0xDDCE, 0xDDCE, 0xDDCE, 0xEB08, 0xEB08, 0xE2E8,
    0xE2E8, 0xE2E7, 0xDAC7, 0xDAC7, 0xD2A7, 0xD2A7, 0xD287, 0xCA87, 0xCA86, 0xC266, 0xC266, 0xBA46, 0xBA46, 0xBA46, 0xBA26, 0xBA26,
    0xBA26, 0xAA27, 0x4A49, 0x4A49, 0x4A29, 0xCE5A, 0xCE5A, 0xCE5A, 0xCE5A, 0x52CE, 0x52AD, 0x4A8D, 0x4A8D, 0x424C, 0x7BF2, 0x7BF2,
    0x7BF2, 0x7BF2, 0x7BF2, 0x7BF2, 0x83F2, 0x7BF2, 0x7BF2, 0x7BF2, 0x7BF2, 0x7BF2, 0x7BF2, 0x7BF2, 0xBE39, 0xBE39, 0xBE39, 0xBE39,
    0xBE39, 0xBE39, 0xBE39, 0xBE39, 0xBE39, 0xBE39, 0xBE39, 0xBE39, 0xBE39, 0xBE39, 0xBE39, 0xBE39, 0xBE39, 0xBE39, 0xBE39, 0xBE39,
    0xBE39, 0xBE39, 0xBE39, 0xBE39, 0x8472, 0x63AE, 0x5B0C, 0x52CE, 0x4A8D, 0x4A8D, 0x4A8D, 0x424C, 0x0000, 0x0000, 0x0000, 0x0000,
    0x0000, 0x0000, 0x0000, 0x0000, 0x0000, 0x0000, 0x0000, 0x0000, 0x0000, 0x0000, 0x0000, 0x0000, 0x0000, 0x0000, 0x0000, 0x0000,
    0x0000, 0x0000, 0x0000, 0x0000, 0x0000, 0x0000, 0x0000, 0x0000, 0x0000, 0x0000, 0x0000, 0x0000, 0x0000, 0x0000, 0x0000, 0x0000,
    0x0000, 0x0000, 0x0000, 0x0000, 0x0000, 0x0000, 0x0000, 0x0000, 0x0000, 0x0000, 0x0000, 0x0000, 0x0000, 0x0000, 0x0000, 0x0000,
    0x0000, 0x0000, 0x0000, 0x0000, 0x0000, 0x0000, 0x0000, 0x0000, 0x0000, 0x0000, 0x0000, 0x0000, 0x0000, 0x0000, 0x0000, 0x0000,
    0x0000, 0x0000, 0x0000, 0x0000, 0x0000, 0x10C4, 0x424C, 0x4A8D, 0x4A8D, 0x52CE, 0x39E8, 0x39E8, 0x52CC, 0x7BF2, 0x7BF2, 0x7BF2,
    0x7BF2, 0x7BF2, 0x7BF2, 0x7BF2, 0x7BF2, 0x7BF2, 0x7BF2, 0xBE39, 0xBE39, 0xBE39, 0xBE39, 0xBE39, 0xBE39, 0xBE39, 0xBE39, 0xBE39,
    0xBE39, 0xBE39, 0xBE39, 0xBE39, 0xBE39, 0xBE39, 0xBE39, 0xBE39, 0xBE39, 0xBE39, 0xBE39, 0xBE39, 0xBE39, 0xBE39, 0xBE39, 0xBE39,
    0xBE39, 0xBE39, 0x424C, 0x4A8D, 0x4A8D, 0x4A8D, 0x52CE, 0x738E, 0x738E, 0x738E, 0x4A4A, 0x4A4A, 0x4A4A, 0x4A49, 0xAA27, 0xA4D5,
    0x5A8C, 0x10C6, 0x1948, 0x1968, 0x1968, 0x1948, 0x1948, 0x1948, 0x1968, 0x1968, 0x1968, 0x1948, 0x1968, 0x1968, 0x1948, 0x1968,
    0x10E6, 0x2967, 0x6B0E, 0xDDCE, 0xDDCE, 0xDDCE, 0xDDCF, 0xDDCE, 0xDDCF, 0xDDCF, 0xDDCF, 0xDDCF, 0xDD2D, 0xDD2D, 0xDD0D, 0xDD2D,
    0xDD0D, 0xDD2D, 0xFDEE, 0xFDEE, 0xFDEE, 0xFDEE, 0xFDEE, 0xFDEE, 0xFDEE, 0xFDEE, 0x5ACB, 0x4A69, 0x738E, 0x5ACB, 0x632C, 0x7BCF,
    0x7BEF, 0x8430, 0xAD75, 0xBDF7, 0xBDF7, 0xBDF7, 0xBDF7, 0xA534, 0xFBB7, 0x0000, 0x7147, 0xBA8B, 0xFC30, 0xBA8B, 0x7147, 0x7147,
    0x7147, 0x7147, 0xBA8B, 0xFC30, 0xBA8B, 0x7147, 0x0000, 0xA534, 0x4EBF, 0xDEFB, 0xBDF7, 0xBDF7, 0xBDF7, 0xAD75, 0x8430, 0x8410,
    0x7BEF, 0x738E, 0x5ACB, 0x632C, 0x4228, 0x5ACB, 0xFDEE, 0xFDEE, 0xFDEE, 0xFDEE, 0xFDEE, 0xFDEE, 0xFDEE, 0xFDEE, 0xFDEE, 0xFDEE,
    0xFDEE, 0xDD0D, 0xDD0D, 0xDDCE, 0xDDCF, 0xDDCF, 0xDDCE, 0xDDCF, 0xDDCF, 0xDDCE, 0xDDCF, 0xDDCE, 0xEC6B, 0xEB08, 0xEB08, 0xE2E8,
    0xE2E7, 0xDAC7, 0xDAC7, 0xDAC7, 0xD2A7, 0xD2A7, 0xD287, 0xCA87, 0xCA87, 0xC266, 0xC246, 0xBA46, 0xBA46, 0xBA26, 0xBA26, 0xBA26,
    0xBA46, 0x6249, 0x4A4A, 0x4A4A, 0x4A4A, 0x6B4D, 0x738E, 0x738E, 0x738E, 0x52CE, 0x52CE, 0x4A8D, 0x4A8D, 0x424C, 0x7BF2, 0x7BF2,
    0x7BF2, 0x7BF2, 0x7BF2, 0x7BF2, 0x7BF2, 0x7BF2, 0x7BF2, 0x7BF2, 0x7BF2, 0x7BF2, 0x7BF2, 0x7BF2, 0xBE39, 0xBE39, 0xBE39, 0xBE39,
    0xBE39, 0xBE39, 0xBE39, 0xBE39, 0xBE39, 0xBE39, 0xBE39, 0xBE39, 0xBE39, 0xBE39, 0xBE39, 0xBE39, 0xBE39, 0xBE39, 0xBE39, 0xBE39,
    0xBE39, 0xBE39, 0xBE39, 0xBE39, 0x8472, 0x63AE, 0x5B0C, 0x52CE, 0x4A8D, 0x4A8D, 0x4A8D, 0x424C, 0x0000, 0x0000, 0x0000, 0x0000,
    0x0000, 0x0000, 0x0000, 0x0000, 0x0000, 0x0000, 0x0000, 0x0000, 0x0000, 0x0000, 0x0000, 0x0000, 0x0000, 0x0000, 0x0000, 0x0000,
    0x0000, 0x0000, 0x0000, 0x0000, 0x0000, 0x0000, 0x0000, 0x0000, 0x0000, 0x0000, 0x0000, 0x0000, 0x0000, 0x0000, 0x0000, 0x0000,
    0x0000, 0x0000, 0x0000, 0x0000, 0x0000, 0x0000, 0x0000, 0x0000, 0x0000, 0x0000, 0x0000, 0x0000, 0x0000, 0x0000, 0x0000, 0x0000,
    0x0000, 0x0000, 0x0000, 0x0000, 0x0000, 0x0000, 0x0000, 0x0000, 0x0000, 0x0000, 0x0000, 0x0000, 0x0000, 0x0000, 0x0000, 0x0000,
    0x0000, 0x0000, 0x0000, 0x0000, 0x0000, 0x10C4, 0x424C, 0x4A8D, 0x4A8D, 0x52CE, 0x39E8, 0x426A, 0x7BF2, 0x7BF2, 0x7BF2, 0x7BF2,
    0x83F2, 0x7BF2, 0x7BF2, 0x7BF2, 0x7BF2, 0x7BF2, 0x7BF2, 0xBE39, 0xBE39, 0xBE39, 0xBE39, 0xBE39, 0xBE39, 0xBE39, 0xBE39, 0xBE39,
    0xBE39, 0xBE39, 0xBE39, 0xBE39, 0xBE39, 0xBE39, 0xBE39, 0xBE39, 0xBE39, 0xBE39, 0xBE39, 0xBE39, 0xBE39, 0xBE39, 0xBE39, 0xBE39,
    0xBE39, 0xBE39, 0x424C, 0x4A6D, 0x4A8D, 0x4A8D, 0x52CE, 0x738E, 0x738E, 0x738E, 0x6B4D, 0x4A4A, 0x4A4A, 0x4A29, 0x6249, 0xAD16,
    0x7B90, 0xAD36, 0xC5F8, 0xC5F8, 0xC5F8, 0xC5F8, 0xC5F8, 0xC5F8, 0xC5F8, 0xC5F8, 0xC5F8, 0xC5F8, 0xC5F8, 0xC5F8, 0xC5F8, 0xC5F8,
    0xB576, 0x9432, 0xAD16, 0xD389, 0xDDCE, 0xDDCE, 0xDDCF, 0xDDCF, 0xDDCF, 0xDDCE, 0xDDCF, 0xDD2D, 0xDD2D, 0xDD0D, 0xDD0D, 0xDD2D,
    0xDD2D, 0xFDEE, 0xFDEE, 0xFDEE, 0xFDEE, 0xFDEE, 0xFDEE, 0xFDEE, 0xFDEE, 0xFDEE, 0xFDEE, 0x5ACB, 0x4228, 0x738E, 0x5ACB, 0x630C,
    0x7BCF, 0x7BEF, 0x8410, 0xAD75, 0xBDF7, 0xBDF7, 0xBDF7, 0xBDF7, 0xAD55, 0x3062, 0x7147, 0xBA8B, 0xF3EF, 0xCC72, 0x9C10, 0x9C10,
    0x9C10, 0x9C10, 0xCC72, 0xF3EF, 0xBA8B, 0x7147, 0x3062, 0xAD55, 0xBDF7, 0xBDF7, 0xBDF7, 0xBDF7, 0xAD75, 0x8430, 0x8410, 0x7BCF,
    0x6B4D, 0x52AA, 0x6B6D, 0x4228, 0x4A69, 0xED6D, 0xFDEE, 0xFDEE, 0xFDEE, 0xFDEE, 0xFDEE, 0xFDEE, 0xFDEE, 0xFDEE, 0xFDEE, 0xFDEE,
    0xFDEE, 0xFDEE, 0xFDEE, 0xFDEE, 0xFE90, 0xDDCF, 0xDDCE, 0xDDCE, 0xDDCF, 0xDDCF, 0xDDCF, 0xDDCF, 0xEB08, 0xEB08, 0xEB08, 0xE2E8,
    0xE2E7, 0xDAC7, 0xDAC7, 0xDAC7, 0xD2A7, 0xD2A7, 0xCA87, 0xCA87, 0xC266, 0xC266, 0xC266, 0xBA46, 0xBA26, 0xBA26, 0xBA26, 0xBA46,
    0xBA26, 0x4A4A, 0x4A4A, 0x4A49, 0x4A49, 0x738E, 0x738E, 0x738E, 0x738E, 0x52CE, 0x52CE, 0x4A8D, 0x4A8D, 0x424C, 0x7BF2, 0x7BF2,
    0x7BF2, 0x7BF2, 0x7BF2, 0x7BF2, 0x7BF2, 0x7BF2, 0x7BF2, 0x7BF2, 0x7BF2, 0x7BF2, 0x7BF2, 0x7BF2, 0xBE39, 0xBE39, 0xBE39, 0xBE39,
    0xBE39, 0xBE39, 0xBE39, 0xBE39, 0xBE39, 0xBE39, 0xBE39, 0xBE39, 0xBE39, 0xBE39, 0xBE39, 0xBE39, 0xBE39, 0xBE39, 0xBE39, 0xBE39,
    0xBE39, 0xBE39, 0xBE39, 0xBE39, 0xBE39, 0x7C31, 0x5B0C, 0x52CE, 0x4A8D, 0x4A8D, 0x4A8D, 0x424C, 0x0000, 0x0000, 0x0000, 0x0000,
    0x0000, 0x0000, 0x0000, 0x0000, 0x0000, 0x0000, 0x0000, 0x0000, 0x0000, 0x0000, 0x0000, 0x0000, 0x0000, 0x0000, 0x0000, 0x0000,
    0x0000, 0x0000, 0x0000, 0x0000, 0x0000, 0x0000, 0x0000, 0x0000, 0x0000, 0x0000, 0x0000, 0x0000, 0x0000, 0x0000, 0x0000, 0x0000,
    0x0000, 0x0000, 0x0000, 0x0000, 0x0000, 0x0000, 0x0000, 0x0000, 0x0000, 0x0000, 0x0000, 0x0000, 0x0000, 0x0000, 0x0000, 0x0000,
    0x0000, 0x0000, 0x0000, 0x0000, 0x0000, 0x0000, 0x0000, 0x0000, 0x0000, 0x0000, 0x0000, 0x0000, 0x0000, 0x0000, 0x0000, 0x0000,
    0x0000, 0x0000, 0x0000, 0x0000, 0x0000, 0x10C4, 0x424C, 0x4A8D, 0x4A8D, 0x52CE, 0x39E8, 0x426A, 0x7BF2, 0x7BF2, 0x7BF2, 0x7BF2,
    0x7BF2, 0x7BF2, 0x7BF2, 0x7BF2, 0x7BF2, 0x7BF2, 0x7BF2, 0xBE39, 0xBE39, 0xBE39, 0xBE39, 0xBE39, 0xBE39, 0xBE39, 0xBE39, 0xBE39,
    0xBE39, 0xBE39, 0xBE39, 0xBE39, 0xBE39, 0xBE39, 0xBE39, 0xBE39, 0xBE39, 0xBE39, 0xBE39, 0xBE39, 0xBE39, 0xBE39, 0xBE39, 0xBE39,
    0xBE39, 0xBE39, 0x424C, 0x4A8D, 0x4A8D, 0x4A8D, 0x52CE, 0x738E, 0x738E, 0x738E, 0x738E, 0x4A4A, 0x4A29, 0x738E, 0x8C30, 0x9451,
    0xB597, 0x9452, 0xA4F4, 0xA4F4, 0xA4F4, 0xA4F4, 0xA4F4, 0xA4F4, 0xA4D4, 0xA4F4, 0xA4F4, 0xA4F4, 0xA4F4, 0xA4F4, 0xA4F4, 0xA4F4,
    0x9C73, 0x9CB4, 0x9CB3, 0x8C30, 0x9450, 0xDDCE, 0xDDCF, 0xDDCF, 0xDDCE, 0xDDCE, 0xDDCE, 0xDD0D, 0xDD2D, 0xDD0D, 0xDD0D, 0xDD2D,
    0xF58D, 0xFDEE, 0xFDEE, 0xFDEE, 0xFDEE, 0xFDEE, 0xFDEE, 0xFDEE, 0xFDEE, 0xFDEE, 0xFDEE, 0x52AA, 0x4A69, 0x4228, 0x738E, 0x5ACB,
    0x630C, 0x7BCF, 0x7BEF, 0x8410, 0x8430, 0x8430, 0x8430, 0x8430, 0x0000, 0x7147, 0x7147, 0xBA8B, 0xBA8B, 0xFFFF, 0xFFFF, 0xFFFF,
    0xFFFF, 0xFFFF, 0xFFFF, 0xBA8B, 0xBA8B, 0x7147, 0x7147, 0x0000, 0x8430, 0x8430, 0x8430, 0x8430, 0x8430, 0x8410, 0x7BCF, 0x632C,
    0x52AA, 0x738E, 0x4228, 0x4228, 0x5ACB, 0xFDEE, 0xFDEE, 0xFDEE, 0xFDEE, 0xFDEE, 0xFDEE, 0xFDEE, 0xFDEE, 0xFDEE, 0xFDEE, 0xFDEE,
    0xFDEE, 0xFDEE, 0xFDEE, 0xFDEE, 0xFDEE, 0xFEB0, 0xFEB0, 0xF670, 0xDDCF, 0xDDCF, 0xDDCE, 0xDDCE, 0xEB08, 0xEB08, 0xEB08, 0xE2E7,
    0xE2E7, 0xDAC7, 0xDAC7, 0xDAA7, 0xD2A7, 0xD2A7, 0xCA87, 0xCA87, 0xC266, 0xC266, 0xBA46, 0xBA46, 0xBA26, 0xBA26, 0xBA26, 0xBA46,
    0xBA26, 0x4A4A, 0x4A4A, 0x4A4A, 0x4A49, 0x738E, 0x738E, 0x738E, 0x738E, 0x52CE, 0x52CE, 0x4A8D, 0x4A8D, 0x424C, 0x8C53, 0x8C53,
    0x8C53, 0x8C53, 0x8C53, 0x8C53, 0x8C53, 0x8C53, 0x8C53, 0x8C53, 0x8C53, 0x8C53, 0x8C53, 0x8C53, 0xCEBB, 0xCEBB, 0xCEBB, 0xCEBB,
    0xCEBB, 0xCEBB, 0xCEBB, 0xCEBB, 0xCEBB, 0xCEBB, 0xCEBB, 0xCEBB, 0xCEBB, 0xCEBB, 0xCEBB, 0xCEBB, 0xCEBB, 0xCEBB, 0xCEBB, 0xCEBB,
    0xCEBB, 0xCEBB, 0xBE39, 0xBE39, 0xBE39, 0x8472, 0x5B0C, 0x52CE, 0x4A8D, 0x4A8D, 0x4A8D, 0x424C, 0x0000, 0x0000, 0x0000, 0x0000,
    0x0000, 0x0000, 0x0000, 0x0000, 0x0000, 0x0000, 0x0000, 0x0000, 0x0000, 0x0000, 0x0000, 0x0000, 0x0000, 0x0000, 0x0000, 0x0000,
    0x0000, 0x0000, 0x0000, 0x0000, 0x0000, 0x0000, 0x0000, 0x0000, 0x0000, 0x0000, 0x0000, 0x0000, 0x0000, 0x0000, 0x0000, 0x0000,
    0x0000, 0x0000, 0x0000, 0x0000, 0x0000, 0x0000, 0x0000, 0x0000, 0x0000, 0x0000, 0x0000, 0x0000, 0x0000, 0x0000, 0x0000, 0x0000,
    0x0000, 0x0000, 0x0000, 0x0000, 0x0000, 0x0000, 0x0000, 0x0000, 0x0000, 0x0000, 0x0000, 0x0000, 0x0000, 0x0000, 0x0000, 0x0000,
    0x0000, 0x0000, 0x0000, 0x0000, 0x0000, 0x10C4, 0x424C, 0x4A8D, 0x4A8D, 0x52CE, 0x39E8, 0x52CC, 0x7BF2, 0x7BF2, 0x7BF2, 0x8C53,
    0x8C53, 0x8C53, 0x8C53, 0x8C53, 0x8C53, 0x8C53, 0x8C53, 0xCEBB, 0xCEBB, 0xCEBB, 0xCEBB, 0xCEBB, 0xCEBB, 0xCEBB, 0xCEBB, 0xCEBB,
    0xCEBB, 0xCEBB, 0xCEBB, 0xCEBB, 0xCEBB, 0xCEBB, 0xCEBB, 0xCEBB, 0xCEBB, 0xCEBB, 0xCEBB, 0xCEBB, 0xCEBB, 0xCEBB, 0xCEBB, 0xCEBB,
    0xCEBB, 0xCEBB, 0x426C, 0x4A8D, 0x4A8D, 0x4A8D, 0x52CE, 0x632D, 0x632D, 0x632D, 0xAD36, 0x4A49, 0x8C10, 0xA4D4, 0xA4D4, 0xA4D4,
    0xBDD8, 0xE71C, 0xFFFF, 0xFFFF, 0xFFFF, 0xFFFF, 0xFFFF, 0xFFFF, 0xFFFF, 0xFFFF, 0xFFFF, 0xFFFF, 0xFFFF, 0xFFFF, 0xFFFF, 0xFFFF,
    0xEF5D, 0xCE39, 0xCEBA, 0xA4B4, 0xA4D4, 0x9C92, 0xDDCE, 0xDDCE, 0xDDCE, 0xDDCF, 0xDDAE, 0xDD0D, 0xDD0D, 0xDD0D, 0xDD0D, 0xDD0D,
    0xFDEE, 0xFDEE, 0xFDEE, 0xFDEE, 0xFDEE, 0xFDEE, 0xFDEE, 0xFDEE, 0xFDEE, 0xFDEE, 0xFDEE, 0xBC8C, 0x52AA, 0x4228, 0x4228, 0x738E,
    0x5AEB, 0x630C, 0x7BCF, 0x7BEF, 0x8410, 0x8410, 0x8410, 0x8410, 0x0000, 0x7147, 0x7147, 0x71A9, 0xB536, 0xFFFF, 0xFFDF, 0xFFDF,
    0xFFDF, 0xFFDF, 0xFFFF, 0xB536, 0x71A9, 0x7147, 0x7147, 0x0000, 0x8410, 0x8410, 0x8410, 0x8410, 0x7BEF, 0x7BCF, 0x630C, 0x5AEB,
    0x738E, 0x4228, 0x4A69, 0x4A69, 0x52AA, 0xFDEE, 0xFDEE, 0xFDEE, 0xFDEE, 0xFDEE, 0xFDEE, 0xFDEE, 0xFDEE, 0xFDEE, 0xFDEE, 0xFDEE,
    0xFDEE, 0xFDEE, 0xFDEE, 0xFDEE, 0xFDEE, 0xFEB0, 0xFEB0, 0xFEB0, 0xFEB0, 0xFEB0, 0xFEB0, 0xFEB0, 0xEB08, 0xEB08, 0xE2E8, 0xE2E8,
    0xE2E7, 0xDAC7, 0xDAC7, 0xDAC7, 0xD2A7, 0xD2A7, 0xCA87, 0xCA87, 0xC266, 0xC266, 0xBA46, 0xBA46, 0xBA26, 0xBA26, 0xBA46, 0xBA46,
    0xBA46, 0x4A29, 0x4A49, 0x4A4A, 0x4A29, 0x7B90, 0x632D, 0x632D, 0x632D, 0x52CE, 0x52CE, 0x4A8D, 0x4A8D, 0x424C, 0x8C53, 0x8C53,
    0x8C53, 0x8C53, 0x8C53, 0x8C53, 0x8C53, 0x8C53, 0x8C53, 0x8C53, 0x8C53, 0x8C53, 0x8C53, 0x8C53, 0xCEBB, 0xCEBB, 0xCEBB, 0xCEBB,
    0xCEBB, 0xCEBB, 0xCEBB, 0xCEBB, 0xCEBB, 0xCEBB, 0xCEBB, 0xCEBB, 0xCEBB, 0xCEBB, 0xCEBB, 0xCEBB, 0xCEBB, 0xCEBB, 0xCEBB, 0xCE9B,
    0x559A, 0x3D7A, 0x3D7A, 0x3D7A, 0x3D7A, 0x3D7A, 0x3D7A, 0x3D7A, 0x3D7A, 0x3D7A, 0x4A8D, 0x424C, 0x0000, 0x0000, 0x0000, 0x0000,
    0x0000, 0x0000, 0x0000, 0x0000, 0x0000, 0x0000, 0x0000, 0x0000, 0x0000, 0x0000, 0x0000, 0x0000, 0x0000, 0x0000, 0x0000, 0x0000,
    0x0000, 0x0000, 0x0000, 0x0000, 0x0000, 0x0000, 0x0000, 0x0000, 0x0000, 0x0000, 0x0000, 0x0000, 0x0000, 0x0000, 0x0000, 0x0000,
    0x0000, 0x0000, 0x0000, 0x0000, 0x0000, 0x0000, 0x0000, 0x0000, 0x0000, 0x0000, 0x0000, 0x0000, 0x0000, 0x0000, 0x0000, 0x0000,
    0x0000, 0x0000, 0x0000, 0x0000, 0x0000, 0x0000, 0x0000, 0x0000, 0x0000, 0x0000, 0x0000, 0x0000, 0x0000, 0x0000, 0x0000, 0x0000,
    0x0000, 0x0000, 0x0000, 0x0000, 0x0000, 0x10C4, 0x426C, 0x4A8D, 0x4A8D, 0x52CE, 0x426A, 0x5ACD, 0x7BF2, 0x7BF2, 0x8C53, 0x9474,
    0x9494, 0x9474, 0x9474, 0x9474, 0x9474, 0x9474, 0x9474, 0xD6FC, 0xD6FC, 0xD6FC, 0xD6FC, 0xD6FC, 0xD6FC, 0xD6FC, 0xD6FC, 0xD6FC,
    0xD6FC, 0xD6FC, 0xD6FC, 0xD6FC, 0xD6FC, 0xD6FC, 0xD6FC, 0xD6FC, 0xD6FC, 0xD6FC, 0xD6FC, 0xD6FC, 0xD6FC, 0xD6FC, 0xD6FC, 0xD6FC,
    0xD6FC, 0xD6FC, 0x424C, 0x4A8D, 0x4A8D, 0x4AAD, 0x52CE, 0x632D, 0x632D, 0x6B4F, 0x9CB4, 0x4A29, 0x9CB3, 0xA4B4, 0xCEBA, 0xCE9A,
    0xBDD8, 0xE71C, 0xBE39, 0xBE39, 0x20C5, 0x20C5, 0x20C5, 0x20C5, 0x20C5, 0x20C5, 0x20C5, 0x20C5, 0x20C5, 0x20C5, 0x20C5, 0xBE39,
    0xEF5D, 0xCE39, 0xC679, 0xCE9A, 0xCEBA, 0xBE18, 0xDDCE, 0xDDCE, 0xDDCF, 0xDDCE, 0xDD2D, 0xDD0D, 0xDD0D, 0xDD0D, 0xDD0D, 0xDD2D,
    0xFDEE, 0xFDEE, 0xFDEE, 0xFDEE, 0xFDEE, 0xFDEE, 0xFDEE, 0xFDEE, 0xFDEE, 0xFDEE, 0xFDEE, 0xFDEE, 0x5ACB, 0x4A69, 0x4A8A, 0x4228,
    0x738E, 0x5AEB, 0x630C, 0x7BCF, 0x7BEF, 0x7BEF, 0x7BEF, 0x7BEF, 0x0000, 0x7147, 0x7147, 0x73B3, 0xB536, 0xFFFF, 0xB536, 0xB536,
    0xB536, 0xB536, 0xFFFF, 0xB536, 0x7393, 0x7147, 0x7147, 0x0000, 0x7BCF, 0x7BCF, 0x7BEF, 0x7BEF, 0x7BCF, 0x630C, 0x5ACB, 0x738E,
    0x4228, 0x4A69, 0x4228, 0x5ACB, 0xDD0C, 0xDD0C, 0xFDEE, 0xFDEE, 0xFDEE, 0xFDEE, 0xFDEE, 0xFDEE, 0xFDEE, 0xFDEE, 0xFDEE, 0xFDEE,
    0xFDEE, 0xFDEE, 0xFDEE, 0xFDEE, 0xFDEE, 0xFEB0, 0xFEB0, 0xFEB0, 0xFEB0, 0xFEB0, 0xFEB0, 0xEB08, 0xEB08, 0xEB08, 0xE2E7, 0xE2E7,
    0xE2E7, 0xDAC7, 0xDAC7, 0xD2A7, 0xD2A7, 0xD2A7, 0xCA87, 0xCA87, 0xC267, 0xC266, 0xBA46, 0xBA46, 0xBA46, 0xBA26, 0xBA26, 0xBA26,
    0xBA26, 0x4A4A, 0x4A4A, 0x4A4A, 0x4A49, 0x6B4F, 0x6B4F, 0x632D, 0x632D, 0x52CE, 0x52CE, 0x4A8D, 0x4A8D, 0x424C, 0x9474, 0x9474,
    0x9474, 0x9474, 0x9474, 0x9474, 0x9474, 0x9474, 0x9474, 0x9474, 0x9474, 0x9474, 0x9474, 0x9474, 0xD6FC, 0xD6FC, 0xD6FC, 0xD6FC,
    0xD6FC, 0xD6FC, 0xD6FC, 0xD6FC, 0xD6FC, 0xD6FC, 0xD6FC, 0xD6FC, 0xD6FC, 0xD6FC, 0xD6FC, 0xD6FC, 0x3D7A, 0x3D7A, 0x3D7A, 0x3D7A,
    0x3D7A, 0x3D7A, 0x3D7A, 0x3D7A, 0x3D7A, 0x3D7A, 0x3D7A, 0x3D7A, 0x3D7A, 0x3D7A, 0x4A8D, 0x424C, 0x0000, 0x0000, 0x0000, 0x0000,
    0x0000, 0x0000, 0x0000, 0x0000, 0x0000, 0x0000, 0x0000, 0x0000, 0x0000, 0x0000, 0x0000, 0x0000, 0x0000, 0x0000, 0x0000, 0x0000,
    0x0000, 0x0000, 0x0000, 0x0000, 0x0000, 0x0000, 0x0000, 0x0000, 0x0000, 0x0000, 0x0000, 0x0000, 0x0000, 0x0000, 0x0000, 0x0000,
    0x0000, 0x0000, 0x0000, 0x0000, 0x0000, 0x0000, 0x0000, 0x0000, 0x0000, 0x0000, 0x0000, 0x0000, 0x0000, 0x0000, 0x0000, 0x0000,
    0x0000, 0x0000, 0x0000, 0x0000, 0x0000, 0x0000, 0x0000, 0x0000, 0x0000, 0x0000, 0x0000, 0x0000, 0x0000, 0x0000, 0x0000, 0x0000,
    0x0000, 0x0000, 0x0000, 0x0000, 0x0000, 0x10C4, 0x426C, 0x4A8D, 0x4A8D, 0x52EE, 0x426A, 0x52AC, 0x7BF2, 0x7BF2, 0x8C53, 0x9474,
    0x9474, 0x9474, 0x9474, 0x9474, 0x9474, 0x9474, 0x9474, 0xD6FC, 0xD6FC, 0xD6FC, 0xD6FC, 0xD6FC, 0xD6FC, 0xD6FC, 0xD6FC, 0xD6FC,
    0xD6FC, 0xD6FC, 0xD6FC, 0xD6FC, 0xD6FC, 0xD6FC, 0xD6FC, 0xD6FC, 0xD6FC, 0xD6FC, 0xD6FC, 0xD6FC, 0xD6FC, 0xD6FC, 0xD6FC, 0xD6FC,
    0xD6FC, 0xD6FC, 0x424C, 0x4A8D, 0x4AAD, 0x4AAD, 0x52EE, 0x632D, 0x62ED, 0x6B4F, 0x6B4F, 0x4A4A, 0xCE9A, 0xCE9A, 0xCE9A, 0xC67A,
    0xBDD8, 0xE71C, 0x20C5, 0x20C5, 0x20C5, 0x0904, 0x0904, 0x0904, 0x0904, 0x0904, 0x0904, 0x0904, 0x0904, 0x20C5, 0x20C5, 0x20C5,
    0xEF5D, 0xCE39, 0xC639, 0xC639, 0xC659, 0xC67A, 0xDDCE, 0xDDCE, 0xDDCF, 0xDDCE, 0xDD0D, 0xDD0D, 0xDD0D, 0xDD2D, 0xDD2D, 0xDD2D,
    0xFDEE, 0xFDEE, 0xFDEE, 0xFDEE, 0xFDEE, 0xFDEE, 0xFDEE, 0xFDEE, 0xFDEE, 0xFDEE, 0xFDEE, 0xFDEE, 0xFDEE, 0x52AA, 0x4228, 0x528A,
    0x4228, 0x630C, 0x630C, 0x630C, 0x6B4D, 0x6B4D, 0x632C, 0x632C, 0x0000, 0x7147, 0x7147, 0x7393, 0x7393, 0xBA8B, 0xBA8B, 0xBA8B,
    0xBA8B, 0xBA8B, 0xBA8B, 0x7393, 0x7393, 0x7147, 0x7147, 0x0000, 0x632C, 0x6B4D, 0x632C, 0x632C, 0x630C, 0x630C, 0x6B6D, 0x4228,
    0x4A69, 0x52AA, 0x4A8A, 0xDD0C, 0xDD0C, 0xDD0C, 0xDD0C, 0xE52C, 0xFDEE, 0xFDEE, 0xFDEE, 0xFDEE, 0xFDEE, 0xFDEE, 0xFDEE, 0xFDEE,
    0xFDEE, 0xFDEE, 0xFDEE, 0xFDEE, 0xFDEE, 0xFDEE, 0xFEB0, 0xFEB0, 0xFEB0, 0xFEB0, 0xEB08, 0xEB08, 0xEAE8, 0xE2E7, 0xE2E7, 0xE2E7,
    0xDAC7, 0xDAC7, 0xD2A7, 0xD2A7, 0xD287, 0xCA87, 0xCA87, 0xC266, 0xC266, 0xBA46, 0xBA46, 0xBA46, 0xBA26, 0xBA46, 0xBA46, 0xBA46,
    0x4A29, 0x4A4A, 0x4A4A, 0x4A49, 0x4A4A, 0x6B4F, 0x6B4F, 0x62ED, 0x632D, 0x52CE, 0x52CE, 0x4AAD, 0x4A8D, 0x426C, 0x426A, 0x426A,
    0x426A, 0x426A, 0x426A, 0x426A, 0x426A, 0x426A, 0x426A, 0x426A, 0x426A, 0x426A, 0x426A, 0x426A, 0x6BCF, 0x6BEF, 0x6BCF, 0x6BCF,
    0x6BCF, 0x6BCF, 0x6BCF, 0x6BCF, 0x6BCF, 0x6BCF, 0x6BCF, 0x6BCF, 0x6BCF, 0x3D7A, 0x3D7A, 0x3D7A, 0x3D7A, 0x3D7A, 0x3D7A, 0x3D7A,
    0x3D7A, 0x3D7A, 0x3D7A, 0x3D7A, 0x3D7A, 0x3D7A, 0x3D7A, 0x3D7A, 0x3D7A, 0x3D7A, 0x4A8D, 0x426C, 0x0000, 0x0000, 0x0000, 0x0000,
    0x0000, 0x0000, 0x0000, 0x0000, 0x0000, 0x0000, 0x0000, 0x0000, 0x0000, 0x0000, 0x0000, 0x0000, 0x0000, 0x0000, 0x0000, 0x0000,
    0x0000, 0x0000, 0x0000, 0x0000, 0x0000, 0x0000, 0x0000, 0x0000, 0x0000, 0x0000, 0x0000, 0x0000, 0x0000, 0x0000, 0x0000, 0x0000,
    0x0000, 0x0000, 0x0000, 0x0000, 0x0000, 0x0000, 0x0000, 0x0000, 0x0000, 0x0000, 0x0000, 0x0000, 0x0000, 0x0000, 0x0000, 0x0000,
    0x0000, 0x0000, 0x0000, 0x0000, 0x0000, 0x0000, 0x0000, 0x0000, 0x0000, 0x0000, 0x0000, 0x0000, 0x0000, 0x0000, 0x0000, 0x0000,
    0x0000, 0x0000, 0x0000, 0x0000, 0x0000, 0x10C4, 0x426C, 0x4AAD, 0x4AAD, 0x52EE, 0x426A, 0x426A, 0x426A, 0x426A, 0x426A, 0x426A,
    0x426A, 0x426A, 0x426A, 0x426A, 0x426A, 0x426A, 0x426A, 0x6BCF, 0x6BCF, 0x6BEF, 0x6BCF, 0x6BCF, 0x6BCF, 0x6BCF, 0x6BCF, 0x6BEF,
    0x6BCF, 0x6BCF, 0x6BCF, 0x6BEF, 0x6BCF, 0x6BCF, 0x6BCF, 0x6BCF, 0x6BCF, 0x6BCF, 0x6BCF, 0x6BCF, 0x6BCF, 0x6BCF, 0x6BCF, 0x6BCF,
    0x6BCF, 0x6BCF, 0x426C, 0x4A8D, 0x4AAD, 0x4AAD, 0x52EE, 0x62EE, 0x62ED, 0x6B4F, 0x6B4F, 0x4A4A, 0xC639, 0xC659, 0xC659, 0xC639,
    0xC5D8, 0xE71C, 0x20C5, 0x20C5, 0x0904, 0x124B, 0x22CD, 0x2ACD, 0x2ACD, 0x1A8C, 0x1AAC, 0x2ACD, 0x0A4B, 0x0904, 0x0904, 0x20C5,
    0xEF5D, 0xCE39, 0xBDF8, 0xBDF8, 0xBE18, 0xBE39, 0xE2C8, 0xDDCF, 0xDDCE, 0xDDCF, 0xDD2D, 0xDD2D, 0xDD0D, 0xDD0D, 0xDD2D, 0xDD2D,
    0xFDEE, 0xFDEE, 0xFDEE, 0xFDEE, 0xFDEE, 0xFDEE, 0xFDEE, 0xFDEE, 0xFDEE, 0xFDEE, 0xFDEE, 0xFDEE, 0xFDEE, 0xFDEE, 0x8BAB, 0x5ACB,
    0x52AA, 0x4228, 0x4249, 0x630C, 0x5ACB, 0x52AA, 0x5ACB, 0x5143, 0xD4EE, 0x7A46, 0x5905, 0x7147, 0x7147, 0xAA2A, 0x6946, 0xAA2A,
    0xAA4A, 0x6946, 0xAA4A, 0x7147, 0x7147, 0x5905, 0x7A46, 0xD4EE, 0x5143, 0x52AA, 0x5ACB, 0x52AA, 0x5ACB, 0x52AA, 0x4228, 0x52AA,
    0x52AA, 0x5ACB, 0xDD0C, 0xDD0C, 0xDD0C, 0xDD0C, 0xDD0C, 0xDD0C, 0xFDAE, 0xFDEE, 0xFDEE, 0xFDEE, 0xFDEE, 0xFDEE, 0xFDEE, 0xFDEE,
    0xFDEE, 0xFDEE, 0xFDEE, 0xFDEE, 0xFDEE, 0xFDEE, 0xFEB0, 0xFEB0, 0xFEB0, 0xEB08, 0xEB08, 0xEB08, 0xE2E7, 0xE2E7, 0xE2E7, 0xDAC7,
    0xDAC7, 0xD2A7, 0xD2A7, 0xD2A7, 0xCA87, 0xCA87, 0xC266, 0xC266, 0xC266, 0xBA46, 0xBA46, 0xBA46, 0xBA46, 0xBA46, 0xBA46, 0x6A49,
    0x4A4A, 0x4A4A, 0x4A4A, 0x4A4A, 0x528B, 0x6B4F, 0x6B4F, 0x62ED, 0xAC4D, 0x52EE, 0x52CE, 0x4AAD, 0x4AAD, 0x426C, 0x4A8B, 0x4A8B,
    0x4A6B, 0x4A6B, 0x4A6B, 0x4A8B, 0x4A6B, 0x4A6B, 0x4A8B, 0x4A6B, 0x4A8B, 0x4A6B, 0x4A6B, 0x4A8B, 0x73F0, 0x73F0, 0x73F0, 0x73F0,
    0x73F0, 0x73F0, 0x73F0, 0x73F0, 0x73F0, 0x73F0, 0x73F0, 0x3D7A, 0x3D7A, 0x3D7A, 0x3D7A, 0x3D7A, 0x3D7A, 0x3D7A, 0x3D7A, 0x3D7A,
    0x3D7A, 0x3D7A, 0x3D7A, 0x3D7A, 0x3D7A, 0x3D7A, 0x3D7A, 0x3D7A, 0x3D7A, 0x3D7A, 0x4A8D, 0x426C, 0x0000, 0x0000, 0x0000, 0x0000,
    0x0000, 0x0000, 0x0000, 0x0000, 0x0000, 0x0000, 0x0000, 0x0000, 0x0000, 0x0000, 0x0000, 0x0000, 0x0000, 0x0000, 0x0000, 0x0000,
    0x0000, 0x0000, 0x0000, 0x0000, 0x0000, 0x0000, 0x0000, 0x0000, 0x0000, 0x0000, 0x0000, 0x0000, 0x0000, 0x0000, 0x0000, 0x0000,
    0x0000, 0x0000, 0x0000, 0x0000, 0x0000, 0x0000, 0x0000, 0x0000, 0x0000, 0x0000, 0x0000, 0x0000, 0x0000, 0x0000, 0x0000, 0x0000,
    0x0000, 0x0000, 0x0000, 0x0000, 0x0000, 0x0000, 0x0000, 0x0000, 0x0000, 0x0000, 0x0000, 0x0000, 0x0000, 0x0000, 0x0000, 0x0000,
    0x0000, 0x0000, 0x0000, 0x0000, 0x0000, 0x10C4, 0x426C, 0x4AAD, 0x4AAD, 0x52EE, 0x528C, 0x528C, 0x528C, 0x528C, 0x528C, 0x528C,
    0x528C, 0x528C, 0x528C, 0x528C, 0x528C, 0x528C, 0x528C, 0x7C31, 0x7C31, 0x7C31, 0x7C31, 0x7C31, 0x7C31, 0x7C31, 0x7C31, 0x7C31,
    0x7C31, 0x7C31, 0x7C31, 0x7C31, 0x7C31, 0x7C31, 0x7C31, 0x7C31, 0x7C31, 0x7C31, 0x7C31, 0x7C31, 0x7C31, 0x7C31, 0x7C31, 0x7C31,
    0x7C31, 0x7C31, 0x426C, 0x4A8D, 0x4AAD, 0x4AAD, 0x52EE, 0x62EE, 0x62EE, 0x6B4F, 0x6B4F, 0x4A29, 0xBDF8, 0xBE18, 0xBE38, 0xBE18,
    0xBDD8, 0xE71C, 0x20C5, 0x20C5, 0x0904, 0x2ACD, 0x2ACD, 0x2ACD, 0x1A8C, 0x2ACD, 0x2ACD, 0x2ACD, 0x124B, 0x0104, 0x0904, 0x20C5,
    0xEF5D, 0xCE39, 0xB5D7, 0xB5D7, 0xB5D7, 0xB5F8, 0xE2C8, 0xE328, 0xDDCE, 0xDDCE, 0xDD2D, 0xDD2D, 0xDD2D, 0xDD0D, 0xDD2D, 0xDD2D,
    0xFDEE, 0xFDEE, 0xFDEE, 0xFDEE, 0xFDEE, 0xFDEE, 0xFDEE, 0xFDEE, 0xFDEE, 0xFDEE, 0xFDEE, 0xFDEE, 0xFDEE, 0xFDEE, 0xFDEE, 0x52AA,
    0x5AEB, 0x5ACB, 0x4228, 0x630C, 0x52AA, 0x52AA, 0x630C, 0x5143, 0xD4EE, 0x7A46, 0x0000, 0x7147, 0x7147, 0x7147, 0x5143, 0x7147,
    0x7147, 0x5143, 0x7147, 0x7147, 0x7147, 0x0000, 0x7A46, 0xD4EE, 0x5143, 0x630C, 0x5ACB, 0x5ACB, 0x630C, 0x4A69, 0x4A49, 0x52AA,
    0x5ACB, 0xDD0C, 0xDD0C, 0xDD0C, 0xDD0C, 0xDD0C, 0xDD0C, 0xE54C, 0xFDEE, 0xFDEE, 0xFDEE, 0xFDEE, 0xFDEE, 0xFDEE, 0xFDEE, 0xFDEE,
    0xFDEE, 0xFDEE, 0xFDEE, 0xFDEE, 0xFDEE, 0xFDEE, 0xFEB0, 0xFEB0, 0xEB08, 0xEB08, 0xEB08, 0xE2E8, 0xE2E7, 0xE2E7, 0xDAC7, 0xDAC7,
    0xD2A7, 0xD2A7, 0xD2A7, 0xCA87, 0xCA87, 0xCA87, 0xCA67, 0xC266, 0xC246, 0xC246, 0xC246, 0xC246, 0xC246, 0xC246, 0xAA47, 0x4A4A,
    0x4A4A, 0x4A29, 0x4A29, 0x4A4A, 0x8C32, 0x6B4F, 0x6B4F, 0x6B4F, 0xCCAD, 0x52EE, 0x52CE, 0x4AAD, 0x4AAD, 0x426C, 0x528C, 0x528C,
    0x528C, 0x52AC, 0x52AC, 0x528C, 0x528C, 0x528C, 0x528C, 0x528C, 0x528C, 0x528C, 0x528C, 0x528C, 0x7C31, 0x7C31, 0x7C31, 0x7C31,
    0x7C31, 0x7C31, 0x7C31, 0x7C31, 0x7C31, 0x7C32, 0x3D7A, 0x3D7A, 0x3D7A, 0x3D7A, 0x3D7A, 0x3D7A, 0x3D7A, 0x3D7A, 0x3D7A, 0x3D7A,
    0x3D7A, 0x3D7A, 0x3D7A, 0x3D7A, 0x3D7A, 0x3D7A, 0x3D7A, 0x3D7A, 0x3D7A, 0x3D7A, 0x4A8D, 0x426C, 0x0000, 0x0000, 0x0000, 0x0000,
    0x0000, 0x0000, 0x0000, 0x0000, 0x0000, 0x0000, 0x0000, 0x0000, 0x0000, 0x0000, 0x0000, 0x0000, 0x0000, 0x0000, 0x0000, 0x0000,
    0x0000, 0x0000, 0x0000, 0x0000, 0x0000, 0x0000, 0x0000, 0x0000, 0x0000, 0x0000, 0x0000, 0x0000, 0x0000, 0x0000, 0x0000, 0x0000,
    0x0000, 0x0000, 0x0000, 0x0000, 0x0000, 0x0000, 0x0000, 0x0000, 0x0000, 0x0000, 0x0000, 0x0000, 0x0000, 0x0000, 0x0000, 0x0000,
    0x0000, 0x0000, 0x0000, 0x0000, 0x0000, 0x0000, 0x0000, 0x0000, 0x0000, 0x0000, 0x0000, 0x0000, 0x0000, 0x0000, 0x0000, 0x0000,
    0x0000, 0x0000, 0x0000, 0x0000, 0x0000, 0x10C4, 0x426C, 0x4AAD, 0x4AAD, 0x52EE, 0x4A6B, 0x52AC, 0x52AC, 0x52AC, 0x52AC, 0x52AC,
    0x52AC, 0x52AC, 0x52AC, 0x52AC, 0x52AC, 0x52AC, 0x52AC, 0x7C31, 0x7C31, 0x7C31, 0x7C31, 0x7C31, 0x7C31, 0x7C31, 0x7C31, 0x7C31,
    0x7C31, 0x7C31, 0x7C31, 0x7C31, 0x7C31, 0x7C31, 0x7C31, 0x7C31, 0x7C31, 0x7C31, 0x7C31, 0x7C31, 0x7C31, 0x7C31, 0x7C31, 0x7C31,
    0x7C31, 0x7C31, 0x426C, 0x4A8D, 0x4AAD, 0x4AAD, 0x52EE, 0xBCAE, 0x62EE, 0x6B4F, 0x6B4F, 0x9452, 0xB5B7, 0xB5D7, 0xBDF8, 0xB5D8,
    0xBDD8, 0xE71C, 0x20C5, 0x20C5, 0x0904, 0x2ACD, 0x1A8C, 0x1A8C, 0x2ACD, 0x2ACD, 0x22AD, 0x1A8C, 0x124B, 0x0904, 0x0904, 0x20C5,
    0xEF5D, 0xCE39, 0xB597, 0xAD96, 0xAD76, 0xAD97, 0xE2E8, 0xE2E8, 0xF54D, 0xFEB0, 0xFDEE, 0xFDEE, 0xFDEE, 0xFDEE, 0xFDEE, 0xFDEE,
    0xFDEE, 0xFDEE, 0xFDEE, 0xFDEE, 0xFDEE, 0xFDEE, 0xFDEE, 0xFDEE, 0xFDEE, 0xFDEE, 0xFDEE, 0xFDEE, 0xFDEE, 0xFDEE, 0xFDEE, 0xFDEE,
    0xF5AE, 0x5AEB, 0x4A49, 0x4A8A, 0x5ACB, 0x4A69, 0x79E7, 0x5944, 0x6A05, 0x0000, 0x7A46, 0x6246, 0x8B6B, 0x4922, 0xDD50, 0x9B6C,
    0x9B6C, 0xDD50, 0x4922, 0x8B6B, 0x6246, 0x7A46, 0x0000, 0x6A05, 0x5944, 0x79E7, 0x4A69, 0x52AA, 0x5AEB, 0x4249, 0x5ACB, 0x8B8B,
    0xDD0C, 0xDD0C, 0xDD0C, 0xDD0C, 0xDD0C, 0xDD0C, 0xFDCE, 0xFDEE, 0xFDEE, 0xFDEE, 0xFDEE, 0xFDEE, 0xFDEE, 0xFDEE, 0xFDEE, 0xFDEE,
    0xFDEE, 0xFDEE, 0xFDEE, 0xFDEE, 0xFDEE, 0xFE0E, 0xFEB0, 0xEB08, 0xEB08, 0xEB08, 0xE2E8, 0xE2E7, 0xE2E7, 0xDAC7, 0xDAC7, 0xD2A7,
    0xD2A7, 0xD2A7, 0xD287, 0xCA87, 0xCA87, 0xCA67, 0xC267, 0xC266, 0xC246, 0xC267, 0xC267, 0xC267, 0xC267, 0xC246, 0x4A4A, 0x4A29,
    0x4A49, 0x4A4A, 0x4A4A, 0x4A4A, 0xAD36, 0x6B4F, 0x6B4F, 0x6B4F, 0xCCAD, 0x52EE, 0x52CE, 0x4AAD, 0x4AAD, 0x426C, 0x52CC, 0x52CC,
    0x52CC, 0x52CD, 0x52CC, 0x52CD, 0x52CC, 0x52CD, 0x52CD, 0x52CC, 0x52CD, 0x52CC, 0x5ACD, 0x52CC, 0x8472, 0x8472, 0x8472, 0x8472,
    0x8472, 0x8452, 0x8472, 0x8472, 0x3D7A, 0x3D7A, 0x3D7A, 0x3D7A, 0x3D7A, 0x3D7A, 0x3D7A, 0x3D7A, 0x3D7A, 0x3D7A, 0x3D7A, 0x3D7A,
    0x3D7A, 0x3D7A, 0x3D7A, 0x3D7A, 0x34D8, 0x2C35, 0x23B3, 0x2373, 0x2372, 0x2372, 0x4A8D, 0x426C, 0x0000, 0x0000, 0x0000, 0x0000,
    0x0000, 0x0000, 0x0000, 0x0000, 0x0000, 0x0000, 0x0000, 0x0000, 0x0000, 0x0000, 0x0000, 0x0000, 0x0000, 0x0000, 0x0000, 0x0000,
    0x0000, 0x0000, 0x0000, 0x0000, 0x0000, 0x0000, 0x0000, 0x0000, 0x0000, 0x0000, 0x0000, 0x0000, 0x0000, 0x0000, 0x0000, 0x0000,
    0x0000, 0x0000, 0x0000, 0x0000, 0x0000, 0x0000, 0x0000, 0x0000, 0x0000, 0x0000, 0x0000, 0x0000, 0x0000, 0x0000, 0x0000, 0x0000,
    0x0000, 0x0000, 0x0000, 0x0000, 0x0000, 0x0000, 0x0000, 0x0000, 0x0000, 0x0000, 0x0000, 0x0000, 0x0000, 0x0000, 0x0000, 0x0000,
    0x0000, 0x0000, 0x0000, 0x0000, 0x0000, 0x10C4, 0x426C, 0x4AAD, 0x4AAD, 0x52EE, 0x426A, 0x5ACD, 0x5ACD, 0x52CC, 0x52CC, 0x52CC,
    0x52CD, 0x5ACD, 0x5ACD, 0x52CC, 0x5ACD, 0x52CC, 0x5ACD, 0x8472, 0x8472, 0x8472, 0x8452, 0x8472, 0x8472, 0x8472, 0x8472, 0x8472,
    0x8472, 0x8472, 0x8472, 0x8472, 0x8472, 0x8472, 0x8472, 0x8472, 0x8472, 0x8452, 0x8472, 0x8472, 0x8472, 0x8472, 0x8472, 0x8472,
    0x8472, 0x8472, 0x426C, 0x4A8D, 0x4AAD, 0x4AAD, 0x52EE, 0xDD4E, 0x62EE, 0x6B4F, 0x6B4F, 0xAD36, 0xAD76, 0xAD96, 0xB5B7, 0xB5B7,
    0xC5D8, 0xE71C, 0x20C5, 0x20C5, 0x0904, 0x1A8C, 0x2ACD, 0x2ACD, 0x2ACD, 0x1A8C, 0x1A8C, 0x1A8C, 0x124B, 0x0104, 0x0904, 0x20C5,
    0xEF5D, 0xCE39, 0xAD76, 0xAD56, 0xA536, 0xA556, 0xE2E8, 0xEAE8, 0xEB08, 0xFEB0, 0xFDEE, 0xFDEE, 0xFDEE, 0xFDEE, 0xFDEE, 0xFDEE,
    0xFDEE, 0xFDEE, 0xFDEE, 0xFDEE, 0xFDEE, 0xFDEE, 0xFDEE, 0xFDEE, 0xFDEE, 0xFDEE, 0xFDEE, 0xFDEE, 0xFDEE, 0xFDEE, 0xFDEE, 0xFDEE,
    0xFDEE, 0xC4CC, 0x630C, 0x4A69, 0x52AA, 0x0000, 0xFC10, 0x7147, 0x0000, 0x0000, 0x7A46, 0xD4EE, 0xFEB7, 0x0000, 0xFEB7, 0xFEB7,
    0xFEB7, 0xFEB7, 0x0000, 0xFEB7, 0xD4EE, 0x7A46, 0x0000, 0x0000, 0x7147, 0xFC30, 0x0000, 0x5ACB, 0x52AA, 0x5ACB, 0x62EB, 0xDD0C,
    0xDD0C, 0xDD0C, 0xDD0C, 0xDD0C, 0xDD0C, 0xED6D, 0xFDEE, 0xFDEE, 0xFDEE, 0xFDEE, 0xFDEE, 0xFDEE, 0xFDEE, 0xFDEE, 0xFDEE, 0xFDEE,
    0xFDEE, 0xFDEE, 0xFDEE, 0xFDEE, 0xFDEE, 0xFE90, 0xFE90, 0xEB08, 0xEB08, 0xE2E8, 0xE2E7, 0xE2E7, 0xDAC7, 0xDAC7, 0xDAA7, 0xD2A7,
    0xD2A7, 0xD2A7, 0xD287, 0xCA87, 0xCA87, 0xCA67, 0xC266, 0xC246, 0xC267, 0xC267, 0xC267, 0xC267, 0xC267, 0x4A49, 0x4A4A, 0x4A29,
    0x4A49, 0x4A4A, 0x4A49, 0x4A29, 0xAD36, 0x6B4F, 0x6B4F, 0x6B4F, 0xDD4E, 0x52EE, 0x52EE, 0x4AAD, 0x4AAD, 0x426C, 0x52CC, 0x52CC,
    0x52CC, 0x52CC, 0x52CC, 0x52AC, 0x52AC, 0x52CC, 0x52CC, 0x52CC, 0x52CC, 0x52AC, 0x52CC, 0x52AC, 0x8452, 0x8452, 0x8452, 0x8452,
    0x8452, 0x8452, 0x8452, 0x3D7A, 0x3D7A, 0x3D7A, 0x3D7A, 0x3D7A, 0x3D7A, 0x3D7A, 0x3D7A, 0x3D7A, 0x3D7A, 0x3D7A, 0x3D7A, 0x3D5A,
    0x2372, 0x2373, 0x2372, 0x2372, 0x2372, 0x2372, 0x2372, 0x2372, 0x2372, 0x2372, 0x4AAD, 0x426C, 0x0000, 0x0000, 0x0000, 0x0000,
    0x0000, 0x0000, 0x0000, 0x0000, 0x0000, 0x0000, 0x0000, 0x0000, 0x0000, 0x0000, 0x0000, 0x0000, 0x0000, 0x0000, 0x0000, 0x0000,
    0x0000, 0x0000, 0x0000, 0x0000, 0x0000, 0x0000, 0x0000, 0x0000, 0x0000, 0x0000, 0x0000, 0x0000, 0x0000, 0x0000, 0x0000, 0x0000,
    0x0000, 0x0000, 0x0000, 0x0000, 0x0000, 0x0000, 0x0000, 0x0000, 0x0000, 0x0000, 0x0000, 0x0000, 0x0000, 0x0000, 0x0000, 0x0000,
    0x0000, 0x0000, 0x0000, 0x0000, 0x0000, 0x0000, 0x0000, 0x0000, 0x0000, 0x0000, 0x0000, 0x0000, 0x0000, 0x0000, 0x0000, 0x0000,
    0x0000, 0x0000, 0x0000, 0x0000, 0x0000, 0x10C4, 0x426C, 0x4AAD, 0x4AAD, 0x52EE, 0x39E8, 0x426A, 0x426A, 0x426A, 0x426A, 0x426A,
    0x426A, 0x426A, 0x426A, 0x426A, 0x426A, 0x426A, 0x426A, 0x6BEF, 0x6BCF, 0x6BCF, 0x6BCF, 0x6BCF, 0x6BCF, 0x6BCF, 0x6BCF, 0x6BCF,
    0x6BCF, 0x6BCF, 0x6BCF, 0x6BCF, 0x6BCF, 0x6BCF, 0x6BCF, 0x6BCF, 0x6BCF, 0x6BCF, 0x6BCF, 0x6BCF, 0x6BCF, 0x6BCF, 0x6BCF, 0x6BCF,
    0x6BCF, 0x6BCF, 0x426C, 0x4A8D, 0x4AAD, 0x4AAD, 0x52EE, 0xDD4E, 0x62EE, 0x6B0E, 0x6B4F, 0xAD36, 0x9D15, 0xA535, 0xA556, 0xAD76,
    0xC5D8, 0xE71C, 0x20C5, 0x20C5, 0x0904, 0x2ACD, 0x22AC, 0x22AD, 0x1A8C, 0x1A8C, 0x1A8C, 0x1A8C, 0x124B, 0x0904, 0x0904, 0x20C5,
    0xEF5D, 0xCE39, 0xA535, 0xA515, 0x9CF5, 0x9CF5, 0xEB08, 0xEB08, 0xEB08, 0xEB08, 0xFE0E, 0xFDEE, 0xFDEE, 0xFDEE, 0xFDEE, 0xFDEE,
    0xFDEE, 0xFDEE, 0xFDEE, 0xFDEE, 0xFDEE, 0xFDEE, 0xFDEE, 0xFDEE, 0xFDEE, 0xFDEE, 0xFDEE, 0xFDEE, 0xFDEE, 0xFDEE, 0xFDEE, 0xFDEE,
    0xFDEE, 0xFDEE, 0xFDEE, 0x52AA, 0x52AA, 0x0000, 0xB26A, 0x6926, 0x6926, 0x2842, 0x7225, 0xF656, 0xFEB7, 0x62A9, 0xFEB7, 0xFEB7,
    0xFEB7, 0xFEB7, 0x62A9, 0xFEB7, 0xF656, 0x7225, 0x2842, 0x6926, 0x6926, 0xB26A, 0x0000, 0x5ACB, 0x4A69, 0xCCAC, 0xDD0C, 0xDD0C,
    0xDD0C, 0xDD0C, 0xDD0C, 0xDD0C, 0xF5AD, 0xFDEE, 0xFDEE, 0xFDEE, 0xFDEE, 0xFDEE, 0xFDEE, 0xFDEE, 0xFDEE, 0xFDEE, 0xFDEE, 0xFDEE,
    0xFDEE, 0xFDEE, 0xFDEE, 0xFDEE, 0xFDEE, 0xFD8D, 0xEB08, 0xEB08, 0xE2E8, 0xE2E7, 0xE2E7, 0xE2E7, 0xDAC7, 0xDAC7, 0xDAA7, 0xD2A7,
    0xD2A7, 0xD2A7, 0xD287, 0xCA87, 0xCA87, 0xCA67, 0xC267, 0xCA67, 0xCA67, 0xCA67, 0xCA67, 0xC267, 0x4A49, 0x4A4A, 0x4A4A, 0x4A4A,
    0x4A4A, 0x4A49, 0x4A4A, 0xAD36, 0x8C53, 0x6B4F, 0x6B4F, 0x6B4F, 0xDD4E, 0x52EE, 0x52EE, 0x4AAD, 0x4AAD, 0x426C, 0x426A, 0x426A,
    0x426A, 0x426A, 0x426A, 0x426A, 0x426A, 0x426A, 0x426A, 0x426A, 0x426A, 0x426A, 0x426A, 0x426A, 0x6BCF, 0x6BCF, 0x6BEF, 0x6BEF,
    0x6BCF, 0x6BCF, 0x3D7A, 0x3D7A, 0x3D7A, 0x3D7A, 0x3D7A, 0x3D7A, 0x3D7A, 0x3D7A, 0x3D7A, 0x3D7A, 0x3D7A, 0x3539, 0x2372, 0x2372,
    0x2372, 0x2372, 0x2372, 0x2373, 0x2372, 0x2372, 0x2372, 0x2372, 0x2372, 0x2372, 0x4AAD, 0x426C, 0x0000, 0x0000, 0x0000, 0x0000,
    0x0000, 0x0000, 0x0000, 0x0000, 0x0000, 0x0000, 0x0000, 0x0000, 0x0000, 0x0000, 0x0000, 0x0000, 0x0000, 0x0000, 0x0000, 0x0000,
    0x0000, 0x0000, 0x0000, 0x0000, 0x0000, 0x0000, 0x0000, 0x0000, 0x0000, 0x0000, 0x0000, 0x0000, 0x0000, 0x0000, 0x0000, 0x0000,
    0x0000, 0x0000, 0x0000, 0x0000, 0x0000, 0x0000, 0x0000, 0x0000, 0x0000, 0x0000, 0x0000, 0x0000, 0x0000, 0x0000, 0x0000, 0x0000,
    0x0000, 0x0000, 0x0000, 0x0000, 0x0000, 0x0000, 0x0000, 0x0000, 0x0000, 0x0000, 0x0000, 0x0000, 0x0000, 0x0000, 0x0000, 0x0000,
    0x0000, 0x0000, 0x0000, 0x0000, 0x0000, 0x10C4, 0x426C, 0x4AAD, 0x4AAD, 0x52EE, 0x39E8, 0x4229, 0x4A8B, 0x6B4F, 0x6B4F, 0x634E,
    0x632E, 0x632E, 0x5B0D, 0x5B0D, 0x5B0D, 0x5AED, 0x52CC, 0x8472, 0x8472, 0x8472, 0x8472, 0x8472, 0x8472, 0x8472, 0x8472, 0x8472,
    0x8472, 0x8472, 0x8472, 0x8472, 0x8472, 0x8472, 0x8472, 0x8472, 0x8472, 0x8472, 0x8472, 0x8472, 0x8472, 0x8472, 0x8472, 0x8472,
    0x8471, 0x8472, 0x426C, 0x4A8D, 0x4AAD, 0x4AAD, 0x52EE, 0xDD4E, 0x62ED, 0x62ED, 0x6B4F, 0xAD36, 0x734F, 0x8C32, 0x9CF5, 0xA515,
    0xC5D8, 0xE71C, 0x20C5, 0x20C5, 0x0904, 0x22AD, 0x1A8C, 0x1A8C, 0x1A8C, 0x1A8C, 0x1A8C, 0x1A8C, 0x0A4B, 0x0904, 0x0904, 0x20C5,
    0xEF5D, 0xCE39, 0x9CF5, 0x9493, 0x734F, 0x732E, 0xEB08, 0xEB08, 0xEB08, 0xEB08, 0xEB08, 0xFDEE, 0xFDEE, 0xFDEE, 0xFDEE, 0xFDEE,
    0xFDEE, 0xFDEE, 0xFDEE, 0xFDEE, 0xFDEE, 0xFDEE, 0xFDEE, 0xFDEE, 0xFDEE, 0xFDEE, 0xFDEE, 0xFDEE, 0xFDEE, 0xFDEE, 0xFDEE, 0xFDEE,
    0xFDEE, 0xFDEE, 0xFDEE, 0xFDEE, 0x5ACB, 0x0000, 0x7147, 0x0000, 0x0000, 0x7147, 0x5143, 0x7A46, 0xFEB7, 0xFEB7, 0xFEB7, 0xFEB7,
    0xFEB7, 0xFEB7, 0xFEB7, 0xFEB7, 0x7A46, 0x5143, 0x7147, 0x0000, 0x0000, 0x7147, 0x0000, 0x52AA, 0xC48B, 0xDD0C, 0xDD0C, 0xDD0C,
    0xDD0C, 0xDD0C, 0xDD0C, 0xFDCE, 0xFDEE, 0xFDEE, 0xFDEE, 0xFDEE, 0xFDEE, 0xFDEE, 0xFDEE, 0xFDEE, 0xFDEE, 0xFDEE, 0xFDEE, 0xFDEE,
    0xFDEE, 0xFDEE, 0xFDEE, 0xFDEE, 0xFDEE, 0xEB08, 0xEB08, 0xEB08, 0xE2E8, 0xE2E7, 0xE2E7, 0xE2C7, 0xDAC7, 0xDAC7, 0xDAA7, 0xD2A7,
    0xD2A7, 0xD287, 0xD287, 0xCA87, 0xCA67, 0xCA67, 0xCA67, 0xCA87, 0xCA87, 0xCA67, 0xCA87, 0x4A4A, 0x4A4A, 0x4A4A, 0x4A4A, 0x4A4A,
    0x4A4A, 0x4A4A, 0x9452, 0xAD36, 0x6B4F, 0x6B4F, 0x6B4F, 0x7B6F, 0xDD4E, 0x52EE, 0x52EE, 0x4AAD, 0x4AAD, 0x426C, 0x7BF2, 0x7BF2,
    0x7BF2, 0x83F2, 0x7BF2, 0x7BF2, 0x7BF2, 0x7BF2, 0x7BF2, 0x7BF2, 0x7BF2, 0x7BF2, 0x7BF2, 0x7BF2, 0xBE39, 0xBE39, 0xBE39, 0xBE39,
    0xBE39, 0xBE39, 0x3D7A, 0x3D7A, 0x3D7A, 0x3D7A, 0x3D7A, 0x3D7A, 0x3D7A, 0x3D7A, 0x3D7A, 0x3D7A, 0x2372, 0x2372, 0x2372, 0x2372,
    0x2372, 0x2372, 0x2372, 0x2372, 0x2373, 0x2372, 0x2372, 0x2372, 0x2372, 0x2372, 0x4AAD, 0x426C, 0x0000, 0x0000, 0x0000, 0x0000,
    0x0000, 0x0000, 0x0000, 0x0000, 0x0000, 0x0000, 0x0000, 0x0000, 0x0000, 0x0000, 0x0000, 0x0000, 0x0000, 0x0000, 0x0000, 0x0000,
    0x0000, 0x0000, 0x0000, 0x0000, 0x0000, 0x0000, 0x0000, 0x0000, 0x0000, 0x0000, 0x0000, 0x0000, 0x0000, 0x0000, 0x0000, 0x0000,
    0x0000, 0x0000, 0x0000, 0x0000, 0x0000, 0x0000, 0x0000, 0x0000, 0x0000, 0x0000, 0x0000, 0x0000, 0x0000, 0x0000, 0x0000, 0x0000,
    0x0000, 0x0000, 0x0000, 0x0000, 0x0000, 0x0000, 0x0000, 0x0000, 0x0000, 0x0000, 0x0000, 0x0000, 0x0000, 0x0000, 0x0000, 0x0000,
    0x0000, 0x0000, 0x0000, 0x0000, 0x0000, 0x10C4, 0x426C, 0x4AAD, 0x4AAD, 0x52EE, 0x39E8, 0x39E8, 0x52CD, 0x7BF2, 0x7BF2, 0x7BF2,
    0x7BF2, 0x83F2, 0x7BF2, 0x7BF2, 0x7BF2, 0x7BF2, 0x7BF2, 0xBE39, 0xBE39, 0xBE39, 0xBE39, 0xBE39, 0xBE39, 0xBE39, 0xBE39, 0xBE39,
    0xBE39, 0xBE39, 0xBE39, 0xBE39, 0xBE39, 0xBE39, 0xBE39, 0xBE39, 0xBE39, 0xBE39, 0xBE39, 0xBE39, 0xBE39, 0xBE39, 0xBE39, 0xBE39,
    0xBE39, 0xBE39, 0x426C, 0x4A8D, 0x4AAD, 0x52AE, 0x52EE, 0xD4ED, 0x62ED, 0x62ED, 0x6B4F, 0x8412, 0xAD36, 0xAD36, 0x732E, 0x734F,
    0xC5D8, 0xE71C, 0x20C5, 0x20C5, 0x0904, 0x124B, 0x124B, 0x124B, 0x124B, 0x124B, 0x124B, 0x124B, 0x124B, 0x0904, 0x0104, 0x20C5,
    0xEF5D, 0xCE39, 0x732E, 0x732E, 0xE309, 0xEB08, 0xEB08, 0xEB08, 0xEB08, 0xEB08, 0xEB08, 0xEB08, 0xEB08, 0xFDEE, 0xFDEE, 0xFDEE,
    0xFDEE, 0xFDEE, 0xFDEE, 0xFDEE, 0xFDEE, 0xFDEE, 0xFDEE, 0xFDEE, 0xFDEE, 0xFDEE, 0xFDEE, 0xFDEE, 0xFDEE, 0xFDEE, 0xFDEE, 0xFDEE,
    0xFDEE, 0xFDEE, 0xFDEE, 0xFDEE, 0xFDEE, 0x1082, 0x7147, 0x6926, 0x6927, 0x6927, 0x0882, 0x10A2, 0x7246, 0xCCAD, 0xF676, 0xD4CE,
    0xD4CE, 0xFE96, 0xCCAD, 0x7225, 0x10A2, 0x10A2, 0x6926, 0x6927, 0x6926, 0x7147, 0x1082, 0xD4EC, 0xDD0C, 0xDD0C, 0xDD0C, 0xDD0C,
    0xDD0C, 0xDD0C, 0xFDCE, 0xFDEE, 0xFDEE, 0xFDEE, 0xFDEE, 0xFDEE, 0xFDEE, 0xFDEE, 0xFDEE, 0xFDEE, 0xFDEE, 0xFDEE, 0xFDEE, 0xFDEE,
    0xFDEE, 0xFDEE, 0xFD2C, 0xEB08, 0xEB08, 0xEB08, 0xEB08, 0xEAE8, 0xE2E8, 0xE2E7, 0xE2C7, 0xE2C7, 0xDAC7, 0xDAC7, 0xDAA7, 0xD2A7,
    0xD287, 0xD287, 0xD287, 0xCA87, 0xCA67, 0xCA67, 0xCA87, 0xCA87, 0xCA87, 0xCA87, 0x5A49, 0x4A4A, 0x4A29, 0x4A4A, 0x4A49, 0x4A49,
    0x4A29, 0x528B, 0xAD36, 0xAD36, 0x6B4F, 0x6B4F, 0x6B4F, 0xC4CE, 0xDD4E, 0x52EE, 0x52EE, 0x4AAD, 0x4AAD, 0x426D, 0x7BF2, 0x7BF2,
    0x7BF2, 0x7BF2, 0x7BF2, 0x7BF2, 0x7BF2, 0x7BF2, 0x7BF2, 0x7BF2, 0x7BF2, 0x7BF2, 0x7BF2, 0x7BF2, 0xBE39, 0xBE39, 0xBE39, 0xBE39,
    0xBE39, 0x3D7A, 0x3D7A, 0x3D7A, 0x3D7A, 0x3D7A, 0x3D7A, 0x3D7A, 0x3D7A, 0x3D7A, 0x34F8, 0x2372, 0x2372, 0x2372, 0x2373, 0x2373,
    0x2372, 0x2372, 0x2372, 0x2372, 0x2372, 0x2373, 0x2372, 0x2372, 0x2372, 0x2372, 0x4AAD, 0x426C, 0x0000, 0x0000, 0x0000, 0x0000,
    0x0000, 0x0000, 0x0000, 0x0000, 0x0000, 0x0000, 0x0000, 0x0000, 0x0000, 0x0000, 0x0000, 0x0000, 0x0000, 0x0000, 0x0000, 0x0000,
    0x0000, 0x0000, 0x0000, 0x0000, 0x0000, 0x0000, 0x0000, 0x0000, 0x0000, 0x0000, 0x0000, 0x0000, 0x0000, 0x0000, 0x0000, 0x0000,
    0x0000, 0x0000, 0x0000, 0x0000, 0x0000, 0x0000, 0x0000, 0x0000, 0x0000, 0x0000, 0x0000, 0x0000, 0x0000, 0x0000, 0x0000, 0x0000,
    0x0000, 0x0000, 0x0000, 0x0000, 0x0000, 0x0000, 0x0000, 0x0000, 0x0000, 0x0000, 0x0000, 0x0000, 0x0000, 0x0000, 0x0000, 0x0000,
    0x0000, 0x0000, 0x0000, 0x0000, 0x0000, 0x10C4, 0x426D, 0x4AAD, 0x4AAD, 0x52EE, 0x39E8, 0x426A, 0x7BF2, 0x7BF2, 0x7BF2, 0x7BF2,
    0x7BF2, 0x7BF2, 0x7BF2, 0x7BF2, 0x7BF2, 0x7BF2, 0x7BF2, 0xBE39, 0xBE39, 0xBE39, 0xBE39, 0xBE39, 0xBE39, 0xBE39, 0xBE39, 0xBE39,
    0xBE39, 0xBE39, 0xBE39, 0xBE39, 0xBE39, 0xBE39, 0xBE39, 0xBE39, 0xBE39, 0xBE39, 0xBE39, 0xBE39, 0xBE39, 0xBE39, 0xBE39, 0xBE39,
    0xBE39, 0xBE39, 0x426D, 0x4A8D, 0x4AAD, 0x52AE, 0x530E, 0xCCAD, 0x62ED, 0x62EE, 0x6B4F, 0x6B4F, 0xAD36, 0xAD36, 0xAD36, 0x8C12,
    0xC5D8, 0xE71C, 0x20C5, 0x20C5, 0x20C5, 0x0925, 0x0924, 0x0924, 0x0925, 0x0925, 0x0925, 0x0925, 0x0924, 0x20C5, 0x20C5, 0x20C5,
    0xEF5D, 0xCE39, 0xAD16, 0xEB08, 0xEB08, 0xEB08, 0xEB08, 0xF328, 0xEB08, 0xEB08, 0xF328, 0xEB08, 0xEB08, 0xEB08, 0xEB08, 0xF4CC,
    0xFDEE, 0xFDEE, 0xFDEE, 0xFDEE, 0xFDEE, 0xFDEE, 0xFDEE, 0xFDEE, 0xFDEE, 0xFDEE, 0xFDEE, 0xFDEE, 0xFDEE, 0xFDEE, 0xFDEE, 0xFDEE,
    0xFDEE, 0xFDEE, 0xFDEE, 0xFDEE, 0xFDEE, 0xFDEE, 0x0000, 0x0000, 0x0000, 0x0000, 0x5ACB, 0x52AA, 0x0000, 0x0000, 0x0000, 0x7A46,
    0x7A46, 0x0000, 0x0000, 0x0000, 0x52AA, 0x5ACB, 0x0000, 0x0000, 0x0000, 0x0000, 0xDD0C, 0xDD0C, 0xDD0C, 0xDD0C, 0xDD0C, 0xDD0C,
    0xDD0C, 0xFDEE, 0xFDEE, 0xFDEE, 0xFDEE, 0xFDEE, 0xFDEE, 0xFDEE, 0xFDEE, 0xFDEE, 0xFDEE, 0xFDEE, 0xFDEE, 0xFDEE, 0xFDEE, 0xFDEE,
    0xF3E9, 0xEB08, 0xEB08, 0xEB08, 0xEAE8, 0xEAE8, 0xEAE8, 0xE2E8, 0xE2E7, 0xE2E7, 0xE2C7, 0xE2C7, 0xDAC7, 0xDAC7, 0xDAA7, 0xDAA7,
    0xD287, 0xD287, 0xD287, 0xCA67, 0xCA67, 0xD287, 0xD287, 0xD287, 0xCA87, 0xCA87, 0x4A49, 0x4A49, 0x4A4A, 0x4A29, 0x4A4A, 0x4A4A,
    0x4A4A, 0xAD36, 0xAD36, 0xAD36, 0x6B4F, 0x6B4F, 0x6B4F, 0xDD4E, 0xDD4E, 0x52EE, 0x52EE, 0x4AAD, 0x4AAD, 0x426C, 0x7BF2, 0x7BF2,
    0x7BF2, 0x7BF2, 0x7BF2, 0x7BF2, 0x83F2, 0x83F2, 0x7BF2, 0x7BF2, 0x7BF2, 0x7BF2, 0x7BF2, 0x7BF2, 0xBE39, 0xBE39, 0xBE39, 0xBE39,
    0xBE39, 0x3D7A, 0x3D7A, 0x3D7A, 0x3D7A, 0x3D7A, 0x3D7A, 0x3D7A, 0x3D7A, 0x3D7A, 0x2373, 0x2372, 0x2372, 0x2372, 0x2372, 0x2372,
    0x2372, 0x2372, 0x2373, 0x2372, 0x2372, 0x2372, 0x2372, 0x2372, 0x2372, 0x2372, 0x4AAD, 0x426D, 0x0000, 0x0000, 0x0000, 0x0000,
    0x0000, 0x0000, 0x0000, 0x0000, 0x0000, 0x0000, 0x0000, 0x0000, 0x0000, 0x0000, 0x0000, 0x0000, 0x0000, 0x0000, 0x0000, 0x0000,
    0x0000, 0x0000, 0x0000, 0x0000, 0x0000, 0x0000, 0x0000, 0x0000, 0x0000, 0x0000, 0x0000, 0x0000, 0x0000, 0x0000, 0x0000, 0x0000,
    0x0000, 0x0000, 0x0000, 0x0000, 0x0000, 0x0000, 0x0000, 0x0000, 0x0000, 0x0000, 0x0000, 0x0000, 0x0000, 0x0000, 0x0000, 0x0000,
    0x0000, 0x0000, 0x0000, 0x0000, 0x0000, 0x0000, 0x0000, 0x0000, 0x0000, 0x0000, 0x0000, 0x0000, 0x0000, 0x0000, 0x0000, 0x0000,
    0x0000, 0x0000, 0x0000, 0x0000, 0x0000, 0x10C4, 0x4A8D, 0x4AAE, 0x52AE, 0x530F, 0x39E8, 0x5ACD, 0x83F2, 0x7BF2, 0x7BF2, 0x8C53,
    0x8C53, 0x8C53, 0x8C53, 0x8C53, 0x8C53, 0x8C53, 0x8C53, 0xCEBB, 0xCEBB, 0xCEBB, 0xCEBB, 0xCEBB, 0xCEBB, 0xCEBB, 0xCEBB, 0xCEBB,
    0xCEBB, 0xCEBB, 0xCEBB, 0xCEBB, 0xCEBB, 0xCEBB, 0xCEBB, 0xCEBB, 0xCEBB, 0xCEBB, 0xCEBB, 0xCEBB, 0xCEBB, 0xCEBB, 0xCEBB, 0xCEBB,
    0xCEBB, 0xCEBB, 0x4A8D, 0x4AAD, 0x4AAD, 0x4AAE, 0x530F, 0xDD4E, 0xAC4E, 0x62EE, 0x6B4F, 0x6B4F, 0x6B4F, 0xAD36, 0xAD36, 0x6B0E,
    0xC5D8, 0xE71C, 0xBE39, 0xBE39, 0x20C5, 0x20C5, 0x20C5, 0x20C5, 0x20C5, 0x20C5, 0x20C5, 0x20C5, 0x20C5, 0x20C5, 0x20C5, 0xBE39,
    0xEF5D, 0xCE39, 0x83B1, 0xEB08, 0xEB08, 0xEB08, 0xEB08, 0xEB08, 0xEB08, 0xEB08, 0xF328, 0xEB08, 0xF328, 0xEB08, 0xEB08, 0xEB08,
    0xEB08, 0xEB08, 0xFDEE, 0xFDEE, 0xFDEE, 0xFDEE, 0xFDEE, 0xFDEE, 0xFDEE, 0xFDEE, 0xFDEE, 0xFDEE, 0xFDEE, 0xFDEE, 0xFDEE, 0xFDEE,
    0xFDEE, 0xFDEE, 0xFDEE, 0xFDEE, 0xFDEE, 0xFDEE, 0xFDEE, 0xFDEE, 0xFDCE, 0xDD0C, 0xDD0C, 0x0000, 0x9289, 0xCB4B, 0xF4B1, 0x9289,
    0x9289, 0xF4B1, 0xCB4B, 0x9289, 0x0000, 0xDD0C, 0xDD0C, 0xDD0C, 0xDD0C, 0xDD0C, 0xDD0C, 0xDD0C, 0xDD0C, 0xDD0C, 0xDD0C, 0xDD0C,
    0xFDEE, 0xFDEE, 0xFDEE, 0xFDEE, 0xFDEE, 0xFDEE, 0xFDEE, 0xFDEE, 0xFDEE, 0xFDEE, 0xFDEE, 0xFDEE, 0xFDEE, 0xFDEE, 0xEB08, 0xEB08,
    0xEB08, 0xEB08, 0xEB08, 0xEAE8, 0xE2E8, 0xE2E8, 0xE2E8, 0xE2C7, 0xE2C7, 0xE2C7, 0xE2C7, 0xDAC7, 0xDAA7, 0xDAA7, 0xDAA7, 0xD2A7,
    0xD287, 0xD287, 0xD287, 0xCA67, 0xD2A7, 0xD287, 0xD287, 0xD287, 0xD287, 0x4A4A, 0x4A4A, 0x4A4A, 0x4A4A, 0x4A49, 0x4A49, 0x4A49,
    0xAD36, 0xAD36, 0xAD36, 0x6B4F, 0x6B4F, 0x6B4F, 0x6B4F, 0xDD4E, 0xDD4E, 0x530F, 0x52EE, 0x4AAE, 0x4AAE, 0x426D, 0x8C53, 0x8C53,
    0x8C53, 0x8C53, 0x8C53, 0x8C53, 0x8C53, 0x8C53, 0x8C53, 0x8C53, 0x8C53, 0x8C53, 0x8C53, 0x8C53, 0xCEBB, 0xCEBB, 0xCEBB, 0xCEBB,
    0xCEBB, 0x3D7A, 0x3D7A, 0x3D7A, 0x3D7A, 0x3D7A, 0x3D7A, 0x3D7A, 0x3D7A, 0x2372, 0x2372, 0x2372, 0x2372, 0x2372, 0x2372, 0x2372,
    0x2372, 0x2372, 0x2372, 0x2372, 0x2372, 0x2372, 0x6C14, 0x94B5, 0xAD16, 0xA516, 0x4AAD, 0x426D, 0x0000, 0x0000, 0x0000, 0x0000,
    0x0000, 0x0000, 0x0000, 0x0000, 0x0000, 0x0000, 0x0000, 0x0000, 0x0000, 0x0000, 0x0000, 0x0000, 0x0000, 0x0000, 0x0000, 0x0000,
    0x0000, 0x0000, 0x0000, 0x0000, 0x0000, 0x0000, 0x0000, 0x0000, 0x0000, 0x0000, 0x0000, 0x0000, 0x0000, 0x0000, 0x0000, 0x0000,
    0x0000, 0x0000, 0x0000, 0x0000, 0x0000, 0x0000, 0x0000, 0x0000, 0x0000, 0x0000, 0x0000, 0x0000, 0x0000, 0x0000, 0x0000, 0x0000,
    0x0000, 0x0000, 0x0000, 0x0000, 0x0000, 0x0000, 0x0000, 0x0000, 0x0000, 0x0000, 0x0000, 0x0000, 0x0000, 0x0000, 0x0000, 0x0000,
    0x0000, 0x0000, 0x0000, 0x0000, 0x0000, 0x10C4, 0x4A8D, 0x4AAE, 0x4AAE, 0x530E, 0x39E8, 0x52CC, 0x7BF2, 0x7BF2, 0x7BF2, 0x8C53,
    0x8C53, 0x8C53, 0x8C53, 0x8C53, 0x8C53, 0x8C53, 0x8C53, 0xCEBB, 0xCEBB, 0xCEBB, 0xCEBB, 0xCEBB, 0xCEBB, 0xCEBB, 0xCEBB, 0xCEBB,
    0xCEBB, 0xCEBB, 0xCEBB, 0xCEBB, 0xCEBB, 0xCEBB, 0xCEBB, 0xCEBB, 0xCEBB, 0xCEBB, 0xCEBB, 0xCEBB, 0xCEBB, 0xCEBB, 0xCEBB, 0xCEBB,
    0xCEBB, 0xCEBB, 0x4A6D, 0x4AAD, 0x52AE, 0x52CE, 0x5B0F, 0xDD4E, 0xDD4E, 0x62ED, 0x62EE, 0x6B4F, 0x6B4F, 0x6B4F, 0xAD36, 0x5A8B,
    0x9453, 0xE71C, 0xFFFF, 0xFFFF, 0xFFFF, 0xFFFF, 0xFFFF, 0xFFFF, 0xFFFF, 0xFFFF, 0xFFFF, 0xFFFF, 0xFFFF, 0xFFFF, 0xFFFF, 0xFFFF,
    0xEF5D, 0x9C93, 0x6AED, 0xEB28, 0xEB08, 0xEB08, 0xEB08, 0xEB08, 0xEB08, 0xEB08, 0xEB08, 0xEB08, 0xEB08, 0xEB08, 0xEB08, 0xEB08,
    0xEB08, 0xEB08, 0xEB08, 0xEB28, 0xF4AB, 0xFDEE, 0xFDEE, 0xFDEE, 0xFDEE, 0xFDEE, 0xFDEE, 0xFDEE, 0xFDEE, 0xFDEE, 0xFDEE, 0xFDEE,
    0xFDEE, 0xFDEE, 0xFDEE, 0xFDEE, 0xFDEE, 0xFDEE, 0xFDEE, 0xFDEE, 0xFDEE, 0xFDEE, 0xFDEE, 0x0000, 0xCBCE, 0xEC4F, 0x9289, 0xDBCD,
    0xDBCD, 0x9289, 0xEC4F, 0xCBCE, 0x0000, 0xDD0C, 0xDD0C, 0xDD0C, 0xDD0C, 0xDD0C, 0xDD0C, 0xDD0C, 0xDD0C, 0xDD0C, 0xDD0C, 0xFDEE,
    0xFDEE, 0xFDEE, 0xFDEE, 0xFDEE, 0xFDEE, 0xFDEE, 0xFDEE, 0xFDEE, 0xFDEE, 0xFDEE, 0xFDEE, 0xF3E9, 0xEB08, 0xEB08, 0xEB08, 0xEB08,
    0xEAE8, 0xE2E8, 0xE2E8, 0xE2E8, 0xE2E7, 0xE2C7, 0xE2C7, 0xE2C7, 0xDAC7, 0xDAC7, 0xDAA7, 0xDAA7, 0xDAA7, 0xDAA7, 0xD287, 0xD287,
    0xD287, 0xD287, 0xD267, 0xD2A7, 0xD2A7, 0xD287, 0xD2A7, 0xD287, 0x4A4A, 0x4A4A, 0x4A49, 0x4A49, 0x4A49, 0x4A4A, 0x4A4A, 0xAD36,
    0xAD36, 0xAD36, 0x6B4F, 0x6B4F, 0x6B4F, 0x6B4F, 0x6B4F, 0xDD4E, 0xDD4E, 0x530F, 0x52EE, 0x52AE, 0x52AE, 0x4A8D, 0x8C74, 0x9474,
    0x8C74, 0x9474, 0x8C74, 0x9474, 0x8C74, 0x9474, 0x9474, 0x8C74, 0x9474, 0x9474, 0x8C74, 0x9474, 0xD6FC, 0xD6FC, 0xD6FC, 0xD6FC,
    0xD6FC, 0x3D7A, 0x3D7A, 0x3D7A, 0x3D7A, 0x3D7A, 0x3D7A, 0x3D7A, 0x3D7A, 0x2372, 0x2373, 0x2373, 0x2372, 0x2372, 0x2372, 0x3B93,
    0xAD36, 0xAD36, 0xAD36, 0xAD36, 0xAD36, 0xAD36, 0xAD36, 0xAD36, 0xAD36, 0xAD36, 0x4AAD, 0x4A6D, 0x0000, 0x0000, 0x0000, 0x0000,
    0x0000, 0x0000, 0x0000, 0x0000, 0x0000, 0x0000, 0x0000, 0x0000, 0x0000, 0x0000, 0x0000, 0x0000, 0x0000, 0x0000, 0x0000, 0x0000,
    0x0000, 0x0000, 0x0000, 0x0000, 0x0000, 0x0000, 0x0000, 0x0000, 0x0000, 0x0000, 0x0000, 0x0000, 0x0000, 0x0000, 0x0000, 0x0000,
    0x0000, 0x0000, 0x0000, 0x0000, 0x0000, 0x0000, 0x0000, 0x0000, 0x0000, 0x0000, 0x0000, 0x0000, 0x0000, 0x0000, 0x0000, 0x0000,
    0x0000, 0x0000, 0x0000, 0x0000, 0x0000, 0x0000, 0x0000, 0x0000, 0x0000, 0x0000, 0x0000, 0x0000, 0x0000, 0x0000, 0x0000, 0x0000,
    0x0000, 0x0000, 0x0000, 0x0000, 0x0000, 0x10C4, 0x426D, 0x52CE, 0x52CE, 0x5B0F, 0x426A, 0x52CC, 0x7BF2, 0x7BF2, 0x8C53, 0x9474,
    0x9474, 0x9474, 0x9474, 0x9474, 0x9474, 0x9474, 0x9474, 0xD6FC, 0xD6FC, 0xD6FC, 0xD6FC, 0xD6FC, 0xD6FC, 0xD6FC, 0xD6FC, 0xD6FC,
    0xD6FC, 0xD6FC, 0xD6FC, 0xD6FC, 0xD6FC, 0xD6FC, 0xD6FC, 0xD6FC, 0xD6FC, 0xD6FC, 0xD6FC, 0xD6FC, 0xD6FC, 0xD6FC, 0xD6FC, 0xD6FC,
    0xD6FC, 0xD6FC, 0x4A8D, 0x4AAD, 0x52CE, 0x52CE, 0x530F, 0xDD0E, 0xDD2E, 0x62ED, 0x62EE, 0x62EE, 0x6B4F, 0x6B4F, 0xAD36, 0x5AAB,
    0x7B8F, 0xB536, 0xC5F8, 0xC5F8, 0xC5F8, 0xC5F8, 0xC5F8, 0xC5F8, 0xC5F8, 0xC5F8, 0xC5F8, 0xC5F8, 0xC5F8, 0xC5F8, 0xC5F8, 0xC5F8,
    0xB576, 0x83B0, 0x5A8B, 0xEB08, 0xEB08, 0xEB08, 0xEB08, 0xF328, 0xEB08, 0xEB08, 0xEB28, 0xEB08, 0xEB08, 0xEB08, 0xEB08, 0xEB08,
    0xEB08, 0xEB08, 0xEB08, 0xEB08, 0xEB08, 0xEB08, 0xF3A9, 0xFDEE, 0xFDEE, 0xFDEE, 0xFDEE, 0xFDEE, 0xFDEE, 0xFDEE, 0xFDEE, 0xFDEE,
    0xFDEE, 0xFDEE, 0xFDEE, 0xFDEE, 0xFDEE, 0xFDEE, 0xFDEE, 0xFDEE, 0xFDEE, 0xFDEE, 0xFDEE, 0x0000, 0x0000, 0xCB4B, 0x9289, 0xF4B1,
    0xF4B1, 0x9289, 0xCB4B, 0x0000, 0x0000, 0xFDEE, 0xFDEE, 0xFDEE, 0xFDEE, 0xFDEE, 0xFDEE, 0xFDEE, 0xFDEE, 0xFDEE, 0xFDEE, 0xFDEE,
    0xFDEE, 0xFDEE, 0xFDEE, 0xFDEE, 0xFDEE, 0xFDEE, 0xFDEE, 0xFDEE, 0xFDEE, 0xEB08, 0xEB08, 0xEB08, 0xEB08, 0xEB08, 0xEAE8, 0xE2E8,
    0xE2E8, 0xE2E8, 0xE2E8, 0xE2C7, 0xE2C7, 0xE2C7, 0xDAC7, 0xDAC7, 0xDAA7, 0xDAA7, 0xDAA7, 0xDAA7, 0xD2A7, 0xD287, 0xD287, 0xD287,
    0xD287, 0xD287, 0xDAA8, 0xDAA8, 0xD2A8, 0xD2A8, 0xD2A8, 0x4A4A, 0x4A49, 0x4A4A, 0x4A4A, 0x4A4A, 0x4A4A, 0x4A4A, 0xAD36, 0xAD36,
    0xAD36, 0x7B90, 0x6B4F, 0x6B4F, 0x6B4F, 0x6B4F, 0x6B4F, 0xDD0E, 0xDD2E, 0x5B0F, 0x52EE, 0x52CE, 0x52CE, 0x426D, 0x9474, 0x9474,
    0x9474, 0x9474, 0x9474, 0x9474, 0x9474, 0x9474, 0x9474, 0x9474, 0x9474, 0x9474, 0x9474, 0x9474, 0xD6FC, 0xD6FC, 0xD6FC, 0xD6FC,
    0xD6FC, 0x3D7A, 0x3D7A, 0x3D7A, 0x3D7A, 0x3D7A, 0x3D7A, 0x3D7A, 0x3D7A, 0x2372, 0x2373, 0x2372, 0x2372, 0x2372, 0xAD36, 0xAD36,
    0xAD36, 0xAD36, 0xAD36, 0xAD36, 0xAD36, 0xAD36, 0xAD36, 0xAD36, 0xAD36, 0xAD36, 0x4AAD, 0x4A8D, 0x0000, 0x0000, 0x0000, 0x0000,
    0x0000, 0x0000, 0x0000, 0x0000, 0x0000, 0x0000, 0x0000, 0x0000, 0x0000, 0x0000, 0x0000, 0x0000, 0x0000, 0x0000, 0x0000, 0x0000,
    0x0000, 0x0000, 0x0000, 0x0000, 0x0000, 0x0000, 0x0000, 0x0000, 0x0000, 0x0000, 0x0000, 0x0000, 0x0000, 0x0000, 0x0000, 0x0000,
    0x0000, 0x0000, 0x0000, 0x0000, 0x0000, 0x0000, 0x0000, 0x0000, 0x0000, 0x0000, 0x0000, 0x0000, 0x0000, 0x0000, 0x0000, 0x0000,
    0x0000, 0x0000, 0x0000, 0x0000, 0x0000, 0x0000, 0x0000, 0x0000, 0x0000, 0x0000, 0x0000, 0x0000, 0x0000, 0x0000, 0x0000, 0x0000,
    0x0000, 0x0000, 0x0000, 0x0000, 0x0000, 0x10C4, 0x4A8D, 0x52CE, 0x4AAE, 0x5B0F, 0x426A, 0x426A, 0x426A, 0x426A, 0x426A, 0x426A,
    0x426A, 0x426A, 0x426A, 0x426A, 0x426A, 0x426A, 0x426A, 0x6BEF, 0x6BCF, 0x6BCF, 0x6BCF, 0x6BCF, 0x6BCF, 0x6BEF, 0x6BCF, 0x6BCF,
    0x6BCF, 0x6BCF, 0x6BCF, 0x6BCF, 0x6BCF, 0x6BCF, 0x6BCF, 0x6BCF, 0x6BCF, 0x6BCF, 0x6BCF, 0x6BCF, 0x6BCF, 0x6BCF, 0x6BCF, 0x6BCF,
    0x6BCF, 0x6BCF, 0x4A8D, 0x4AAD, 0x52CE, 0x52CE, 0x530F, 0xDD0E, 0xDD0E, 0xDD0E, 0x62ED, 0x62EE, 0x62ED, 0x6B4F, 0x6B4F, 0x5A8B,
    0x6AEC, 0xAD15, 0xA4F4, 0xA4F4, 0xA4F4, 0xA4F4, 0xA4F4, 0xA4F4, 0xA4F4, 0xA4F4, 0xA4F4, 0xA4F4, 0xA4F4, 0xA4F4, 0xA4F4, 0xA4F4,
    0xA4D4, 0x6B2D, 0x5A8B, 0xEB08, 0xEB08, 0xEB08, 0xEB08, 0xEB08, 0xEB08, 0xEB08, 0xEB08, 0xEB08, 0xEB08, 0xEB08, 0xEB08, 0xEB08,
    0xEB08, 0xEB08, 0xEB08, 0xEB08, 0xEB08, 0xEB08, 0xEB08, 0xEB08, 0xEB08, 0xEB08, 0xEB08, 0xFD4D, 0xFDEE, 0xFDEE, 0xFDEE, 0xFDEE,
    0xFDEE, 0xFDEE, 0xFDEE, 0xFDEE, 0xFDEE, 0xFDEE, 0xFDEE, 0xFDEE, 0xFDEE, 0xE54D, 0x4103, 0x9289, 0x4103, 0xE615, 0x7B2B, 0xA4B4,
    0xA4B4, 0x7B2B, 0xE615, 0x4103, 0x9289, 0x4103, 0xE54D, 0xFDEE, 0xFDEE, 0xFDEE, 0xFDEE, 0xFDEE, 0xFDEE, 0xFDEE, 0xFDEE, 0xFDEE,
    0xFDEE, 0xFDEE, 0xFDEE, 0xFDEE, 0xFD2C, 0xEB08, 0xEB08, 0xEB08, 0xEB08, 0xEB08, 0xEB08, 0xEB08, 0xEAE8, 0xE2E8, 0xE2E8, 0xE2E8,
    0xE2E7, 0xE2C7, 0xE2C7, 0xE2C7, 0xDAC7, 0xDAA7, 0xDAA7, 0xDAA7, 0xDAA7, 0xD287, 0xD287, 0xD287, 0xD287, 0xD287, 0xD267, 0xDAA7,
    0xDAA8, 0xDAA8, 0xDAA8, 0xDAA8, 0xDAA8, 0xCAA8, 0x4A4A, 0x4A49, 0x4A4A, 0x4A49, 0x4A49, 0x4A4A, 0x4A29, 0x9473, 0xAD36, 0xAD36,
    0x7BD1, 0x6B4F, 0x6B4F, 0x6B4F, 0x6B4F, 0x6B4F, 0xDD0E, 0xDD0E, 0xDD0E, 0x5B0F, 0x52EE, 0x52AE, 0x52CE, 0x4A8D, 0x426A, 0x426A,
    0x426A, 0x426A, 0x426A, 0x426A, 0x426A, 0x426A, 0x426A, 0x426A, 0x426A, 0x426A, 0x426A, 0x426A, 0x6BCF, 0x6BCF, 0x6BCF, 0x6BCF,
    0x6BCF, 0x3D7A, 0x3D7A, 0x3D7A, 0x3D7A, 0x3D7A, 0x3D7A, 0x3D7A, 0x3D7A, 0x2372, 0x2372, 0x2372, 0xAD36, 0xAD36, 0xAD36, 0xAD36,
    0xAD36, 0xAD35, 0xACCA, 0xACC7, 0xACC7, 0xACC7, 0xACC7, 0xACC7, 0xACC7, 0xACC7, 0x4AAE, 0x4A8D, 0x0000, 0x0000, 0x0000, 0x0000,
    0x0000, 0x0000, 0x0000, 0x0000, 0x0000, 0x0000, 0x0000, 0x0000, 0x0000, 0x0000, 0x0000, 0x0000, 0x0000, 0x0000, 0x0000, 0x0000,
    0x0000, 0x0000, 0x0000, 0x0000, 0x0000, 0x0000, 0x0000, 0x0000, 0x0000, 0x0000, 0x0000, 0x0000, 0x0000, 0x0000, 0x0000, 0x0000,
    0x0000, 0x0000, 0x0000, 0x0000, 0x0000, 0x0000, 0x0000, 0x0000, 0x0000, 0x0000, 0x0000, 0x0000, 0x0000, 0x0000, 0x0000, 0x0000,
    0x0000, 0x0000, 0x0000, 0x0000, 0x0000, 0x0000, 0x0000, 0x0000, 0x0000, 0x0000, 0x0000, 0x0000, 0x0000, 0x0000, 0x0000, 0x0000,
    0x0000, 0x0000, 0x0000, 0x0000, 0x0000, 0x10C4, 0x4A8D, 0x52CE, 0x52CE, 0x5B0F, 0x426A, 0x426A, 0x426A, 0x426A, 0x426A, 0x426A,
    0x426A, 0x426A, 0x426A, 0x426A, 0x426A, 0x426A, 0x426A, 0x6BCF, 0x6BCF, 0x6BCF, 0x6BCF, 0x6BCF, 0x6BCF, 0x6BCF, 0x6BCF, 0x6BCF,
    0x6BCF, 0x6BCF, 0x6BCF, 0x6BCF, 0x6BCF, 0x6BEF, 0x6BCF, 0x6BCF, 0x6BCF, 0x6BCF, 0x6BCF, 0x6BCF, 0x6BEF, 0x6BCF, 0x6BCF, 0x6BCF,
    0x6BCF, 0x6BEF, 0x4A8D, 0x4AAD, 0x52CE, 0x52CE, 0x5B0F, 0xDD0E, 0xDD2E, 0xDD2E, 0xD50E, 0x62EE, 0x62EE, 0x6B4F, 0x6B4F, 0x5A8B,
    0x6AEC, 0xB536, 0x18E5, 0x18E5, 0x39A8, 0x62AB, 0x1063, 0x1063, 0x1063, 0x1063, 0x1063, 0x1063, 0x1063, 0x62AB, 0x18E5, 0x18E5,
    0xB576, 0x6B2D, 0x5A8B, 0xF328, 0xEB08, 0xF328, 0xEB08, 0xEB08, 0xF328, 0xEB08, 0xEB28, 0xEB08, 0xEB08, 0xEB08, 0xEB08, 0xEB08,
    0xEB08, 0xEB08, 0xF328, 0xEB08, 0xEB08, 0xEB08, 0xEB08, 0xEB08, 0xEB08, 0xEB08, 0xEB08, 0xEB08, 0xEB08, 0xEB08, 0xEB08, 0xEB08,
    0xF40A, 0xFDEE, 0xFDEE, 0xFDEE, 0xFDEE, 0xFDEE, 0xFDEE, 0xFDEE, 0xFDEE, 0x0000, 0x9289, 0x9289, 0x9289, 0x0000, 0xFEB7, 0x5143,
    0x5143, 0xFEB7, 0x0000, 0x9289, 0x9289, 0x9289, 0x0000, 0xFDEE, 0xFDEE, 0xFDEE, 0xFDEE, 0xFDEE, 0xFDEE, 0xFDEE, 0xFDCE, 0xF3A9,
    0xEB08, 0xEB08, 0xEB08, 0xEB08, 0xEB08, 0xEB08, 0xEB08, 0xEAE8, 0xEAE8, 0xEAE8, 0xEAE8, 0xE2E8, 0xE2E8, 0xE2E7, 0xE2C7, 0xE2C7,
    0xE2C7, 0xDAC7, 0xDAC7, 0xDAA7, 0xDAA7, 0xDAA7, 0xDAA7, 0xD2A7, 0xD287, 0xD287, 0xD287, 0xD287, 0xD267, 0xDAC8, 0xDAC8, 0xDAC8,
    0xDAC8, 0xDAC8, 0xDAC8, 0xD2A8, 0x526A, 0x526A, 0x4A4A, 0x4A4A, 0x4A4A, 0x4A4A, 0x4A49, 0x4A4A, 0x528B, 0xAD36, 0xAD36, 0xAD36,
    0x6B4F, 0x6B4F, 0x6B4F, 0x6B4F, 0x6B4F, 0xD4CD, 0xDD0E, 0xDD0E, 0xDD2E, 0x5B0F, 0x52EE, 0x52CE, 0x52CE, 0x4A8D, 0x4A8B, 0x4A8B,
    0x4A8B, 0x4A8B, 0x4A8B, 0x4A8B, 0x4A8B, 0x4A8B, 0x4A8B, 0x4A8B, 0x4A8B, 0x4A8B, 0x4A8B, 0x4A8B, 0x7410, 0x94D3, 0x94D3, 0x8472,
    0x8472, 0x657A, 0x75DA, 0x75DA, 0x657A, 0x659A, 0x6D9A, 0x75DA, 0x75DA, 0x2372, 0x3B93, 0xAD36, 0xAD36, 0xAD36, 0xAD36, 0xACC7,
    0xACC7, 0xACC7, 0xACC7, 0xACC7, 0xACC7, 0xACC7, 0xACC7, 0xACC7, 0xACC7, 0xACC7, 0x4AAE, 0x4A8D, 0x0000, 0x0000, 0x0000, 0x0000,
    0x0000, 0x0000, 0x0000, 0x0000, 0x0000, 0x0000, 0x0000, 0x0000, 0x0000, 0x0000, 0x0000, 0x0000, 0x0000, 0x0000, 0x0000, 0x0000,
    0x0000, 0x0000, 0x0000, 0x0000, 0x0000, 0x0000, 0x0000, 0x0000, 0x0000, 0x0000, 0x0000, 0x0000, 0x0000, 0x0000, 0x0000, 0x0000,
    0x0000, 0x0000, 0x0000, 0x0000, 0x0000, 0x0000, 0x0000, 0x0000, 0x0000, 0x0000, 0x0000, 0x0000, 0x0000, 0x0000, 0x0000, 0x0000,
    0x0000, 0x0000, 0x0000, 0x0000, 0x0000, 0x0000, 0x0000, 0x0000, 0x0000, 0x0000, 0x0000, 0x0000, 0x0000, 0x0000, 0x0000, 0x0000,
    0x0000, 0x0000, 0x0000, 0x0000, 0x0000, 0x10C4, 0x4A8D, 0x52CE, 0x52CE, 0x5B0F, 0x528C, 0x528C, 0x528C, 0x528C, 0x528C, 0x528C,
    0x52AC, 0x528C, 0x528C, 0x528C, 0x528C, 0x52AC, 0x528C, 0x7C31, 0x7C31, 0x7C31, 0x7C31, 0x7C31, 0x7C11, 0x7C31, 0x7C11, 0x7C31,
    0x7C31, 0x7C31, 0x7C31, 0x7C31, 0x7C31, 0x7C31, 0x7C31, 0x7C31, 0x7C31, 0x7C31, 0x7C31, 0x7C31, 0x7C31, 0x7C31, 0x7C31, 0x7C31,
    0x7C31, 0x7C31, 0x4A8D, 0x4AAD, 0x52CE, 0x52CE, 0x5B0F, 0xDD2E, 0xDD0E, 0xDD2E, 0xDD2E, 0x7B4D, 0x62ED, 0x62ED, 0x6B4F, 0x5A8B,
    0x6AEC, 0xB536, 0x2106, 0x20E6, 0x2106, 0x2106, 0x2106, 0x2106, 0x2106, 0x2106, 0x2106, 0x2106, 0x2106, 0x20E6, 0x2106, 0x2106,
    0xB576, 0x6B2D, 0x5A8B, 0xBA26, 0xBA46, 0xEB08, 0xEB08, 0xEB08, 0xEB08, 0xEB08, 0xEB08, 0xEB08, 0xF328, 0xEB08, 0xEB08, 0xEB08,
    0xEB08, 0xEB08, 0xEB08, 0xEB08, 0xEB08, 0xEB08, 0xEB08, 0xEB08, 0xEB08, 0xEB08, 0xEB08, 0xEB08, 0xEB08, 0xEB08, 0xEB08, 0xEB08,
    0xEB08, 0xEB08, 0xEB08, 0xEB08, 0xEB08, 0xEB08, 0xF368, 0xFD4D, 0xFDEE, 0x0000, 0x9289, 0x9AA9, 0xBD77, 0x6A89, 0xF676, 0xCCAD,
    0xD4AD, 0xF676, 0x6A89, 0xBD77, 0x9AA9, 0x9289, 0x0000, 0xFDEE, 0xFD2C, 0xEB08, 0xEB08, 0xEB08, 0xEB08, 0xEB08, 0xEB08, 0xEB08,
    0xEB08, 0xEB08, 0xEAE8, 0xEB08, 0xEAE8, 0xEAE8, 0xE2E8, 0xE2E8, 0xE2E7, 0xE2E8, 0xE2E8, 0xE2E7, 0xE2E8, 0xE2C7, 0xE2C7, 0xDAC7,
    0xDAC7, 0xDAA7, 0xDAA7, 0xDAA7, 0xDAA7, 0xD287, 0xD287, 0xD287, 0xD287, 0xD287, 0xD287, 0xE2E8, 0xE2C8, 0xE2C8, 0xE2C8, 0xDAC8,
    0xDAC8, 0x82AA, 0x52AB, 0x528B, 0x528A, 0x526A, 0x4A6A, 0x4A4A, 0x4A4A, 0x4A29, 0x4A4A, 0x4A4A, 0xAD36, 0xAD36, 0xAD36, 0x6B4F,
    0x6B4F, 0x6B4F, 0x6B4F, 0x6B4F, 0xCCAD, 0xD4CD, 0xDD2E, 0xDD0E, 0xDD2E, 0x5B0F, 0x530F, 0x52CE, 0x52CE, 0x4A8D, 0x528C, 0x528C,
    0x528C, 0x528C, 0x528C, 0x528C, 0x528C, 0x528C, 0x528C, 0x528C, 0x528C, 0x528C, 0x528C, 0x528C, 0x7C31, 0xDEFB, 0xDEFB, 0xBDF7,
    0xBDF7, 0xBDF7, 0xDEFB, 0xDEFB, 0xBDF7, 0xBDF7, 0xC638, 0xDEFB, 0xDEFB, 0x2372, 0xAD36, 0xAD36, 0xAD36, 0xACC7, 0xACC7, 0xACC7,
    0xACC7, 0xACC7, 0xACC7, 0xACC7, 0xACC7, 0xACC7, 0xACC7, 0xACC7, 0xACC7, 0xACC7, 0x52CE, 0x4A8D, 0x0000, 0x0000, 0x0000, 0x0000,
    0x0000, 0x0000, 0x0000, 0x0000, 0x0000, 0x0000, 0x0000, 0x0000, 0x0000, 0x0000, 0x0000, 0x0000, 0x0000, 0x0000, 0x0000, 0x0000,
    0x0000, 0x0000, 0x0000, 0x0000, 0x0000, 0x0000, 0x0000, 0x0000, 0x0000, 0x0000, 0x0000, 0x0000, 0x0000, 0x0000, 0x0000, 0x0000,
    0x0000, 0x0000, 0x0000, 0x0000, 0x0000, 0x0000, 0x0000, 0x0000, 0x0000, 0x0000, 0x0000, 0x0000, 0x0000, 0x0000, 0x0000, 0x0000,
    0x0000, 0x0000, 0x0000, 0x0000, 0x0000, 0x0000, 0x0000, 0x0000, 0x0000, 0x0000, 0x0000, 0x0000, 0x0000, 0x0000, 0x0000, 0x0000,
    0x0000, 0x0000, 0x0000, 0x0000, 0x0000, 0x18C4, 0x4A8D, 0x52CE, 0x52CE, 0x5B0F, 0x426A, 0x5ACD, 0x52CC, 0x52CC, 0x52CC, 0x5ACD,
    0x5ACD, 0x52CC, 0x5ACD, 0x52CD, 0x52CC, 0x52CC, 0x5ACD, 0x8472, 0x8472, 0x8472, 0x8472, 0x8472, 0x8472, 0x8472, 0x8472, 0x8452,
    0x8452, 0x8472, 0x8472, 0x8472, 0x8472, 0x8472, 0x8472, 0x8472, 0x8472, 0x8472, 0x8472, 0x8472, 0x8472, 0x8472, 0x8472, 0x8472,
    0x8472, 0x8472, 0x4A8D, 0x4AAE, 0x52CE, 0x52CE, 0x5B0F, 0xDD4E, 0xDD4E, 0xDD4E, 0xDD4E, 0xDD4E, 0x62ED, 0x62ED, 0x62ED, 0x62AC,
    0x6AEC, 0xB536, 0x2106, 0x20E5, 0x20E5, 0x2106, 0x20E5, 0x2106, 0x20E5, 0x2106, 0x2106, 0x3908, 0x3908, 0x3908, 0x2106, 0x2106,
    0xB576, 0x6B2D, 0x62CC, 0xBA46, 0xBA26, 0xBA26, 0xBA26, 0xEB08, 0xEB08, 0xEB08, 0xEB08, 0xEB08, 0xEB08, 0xEB08, 0xEB08, 0xEB08,
    0xEB08, 0xEB08, 0xEB28, 0xEB08, 0xEB08, 0xEB08, 0xEB08, 0xEB08, 0xEB08, 0xEB08, 0xEAE8, 0xEAE8, 0xEAE8, 0xEB08, 0xEAE8, 0xEAE8,
    0xEAE8, 0xEB08, 0xEB08, 0xEB08, 0xEB08, 0xEB08, 0xEB08, 0xEB08, 0xEB08, 0xEB08, 0xEB08, 0xEB08, 0xEB08, 0xEB08, 0xEB08, 0xEB08,
    0xEB08, 0xEB08, 0xEB08, 0xEB08, 0xEB08, 0xEB08, 0xEB08, 0xEB08, 0xEB08, 0xEB08, 0xEB08, 0xEB08, 0xEB08, 0xEAE8, 0xEAE8, 0xEAE8,
    0xE2E8, 0xE2E8, 0xE2E8, 0xE2E7, 0xE2E8, 0xE2E8, 0xE2C7, 0xE2C7, 0xE2C7, 0xE2C7, 0xE2C7, 0xE2C7, 0xE2C7, 0xDAC7, 0xDAC7, 0xDAA7,
    0xDAA7, 0xDAA7, 0xDAA7, 0xD2A7, 0xD287, 0xD287, 0xD287, 0xD287, 0xD287, 0xE2E8, 0xE2E8, 0xE2E8, 0xE2E8, 0xE2E8, 0xE2E8, 0xB2CA,
    0x5ACB, 0x5ACB, 0x5AAB, 0x528B, 0x528A, 0x528A, 0x526A, 0x4A4A, 0x4A49, 0x4A49, 0x4A4A, 0xAD36, 0xAD36, 0xAD36, 0x6B4F, 0x6B4F,
    0x6B4F, 0x6B4F, 0x6B4F, 0xC46D, 0xCCAD, 0xD4ED, 0xDD4E, 0xDD4E, 0xDD4E, 0x5B0F, 0x5B0F, 0x52CE, 0x52CE, 0x4A8D, 0x52CC, 0x52CC,
    0x5ACD, 0x52CD, 0x52CC, 0x5ACD, 0x52CC, 0x52CD, 0x5ACD, 0x52CC, 0x52CD, 0x5ACD, 0x52CC, 0x52CC, 0x8472, 0xDEFB, 0xDEFB, 0xBDF7,
    0xBDF7, 0xBDF7, 0xDEFB, 0xDEFB, 0xBDF7, 0xBDF7, 0xC618, 0xDEFB, 0xDEFB, 0xAD16, 0xAD36, 0xACC8, 0xACC7, 0xACC7, 0xACC7, 0xACC7,
    0xACC7, 0xACC7, 0xACC7, 0xACC7, 0xA4AC, 0x948F, 0x73EF, 0x5B0F, 0x52CE, 0x52CE, 0x52CE, 0x4A8D, 0x0000, 0x0000, 0x0000, 0x0000,
    0x0000, 0x0000, 0x0000, 0x0000, 0x0000, 0x0000, 0x0000, 0x0000, 0x0000, 0x0000, 0x0000, 0x0000, 0x0000, 0x0000, 0x0000, 0x0000,
    0x0000, 0x0000, 0x0000, 0x0000, 0x0000, 0x0000, 0x0000, 0x0000, 0x0000, 0x0000, 0x0000, 0x0000, 0x0000, 0x0000, 0x0000, 0x0000,
    0x0000, 0x0000, 0x0000, 0x0000, 0x0000, 0x0000, 0x0000, 0x0000, 0x0000, 0x0000, 0x0000, 0x0000, 0x0000, 0x0000, 0x0000, 0x0000,
    0x0000, 0x0000, 0x0000, 0x0000, 0x0000, 0x0000, 0x0000, 0x0000, 0x0000, 0x0000, 0x0000, 0x0000, 0x0000, 0x0000, 0x0000, 0x0000,
    0x0000, 0x0000, 0x0000, 0x0000, 0x0000, 0x18C4, 0x4A8D, 0x52CE, 0x52CE, 0x5B0F, 0x426A, 0x52CC, 0x52CC, 0x52CC, 0x5ACD, 0x5ACD,
    0x5ACD, 0x52CC, 0x5ACD, 0x5ACD, 0x52CC, 0x52CC, 0x52CC, 0x8472, 0x8452, 0x8472, 0x8472, 0x8472, 0x8472, 0x8472, 0x8472, 0x8472,
    0x8472, 0x8472, 0x8472, 0x8472, 0x8472, 0x8472, 0x8472, 0x8472, 0x8472, 0x8472, 0x8472, 0x8472, 0x8472, 0x8472, 0x8472, 0x8472,
    0x8472, 0x8472, 0x4A8D, 0x4AAE, 0x52CE, 0x52CE, 0x5B0F, 0xDD4E, 0xDD4E, 0xDD4E, 0xDD4E, 0xDD2E, 0xDD2E, 0x62ED, 0x62EE, 0x6B0D,
    0x6AEC, 0xB536, 0x2106, 0x18C5, 0x18C4, 0x2126, 0x1883, 0x2126, 0x1883, 0x2106, 0x2126, 0x70ED, 0x78EE, 0x78EE, 0x2126, 0x2106,
    0xB576, 0x6B2D, 0x6B0E, 0xBA46, 0xBA26, 0xBA26, 0xBA26, 0xBA26, 0xBA46, 0xEB08, 0xEB08, 0xEB08, 0xEB08, 0xEB08, 0xF328, 0xEB08,
    0xEB08, 0xEB08, 0xEB08, 0xEB08, 0xEB08, 0xEB08, 0xEB08, 0xEB08, 0xEB08, 0xEAE8, 0xEAE8, 0xE2E8, 0xE2E8, 0xE2E8, 0xE2E8, 0xE2E8,
    0xE2E8, 0xE2E8, 0xE2E8, 0xEAE8, 0xEB08, 0xEAE8, 0xEB08, 0xEB08, 0xEAE8, 0xEB08, 0xEAE8, 0xEAE8, 0xE2E8, 0xEAE8, 0xEAE8, 0xEAE8,
    0xEAE8, 0xEAE8, 0xEAE8, 0xEAE8, 0xEAE8, 0xEAE8, 0xEAE8, 0xEAE8, 0xEAE8, 0xEAE8, 0xE2E8, 0xE2E8, 0xE2E8, 0xE2E7, 0xE2E7, 0xE2E7,
    0xE2E8, 0xE2E8, 0xE2C7, 0xE2C7, 0xE2C7, 0xE2C7, 0xE2C7, 0xDAC7, 0xDAC7, 0xDAC7, 0xDAA7, 0xDAA7, 0xDAA7, 0xDAA7, 0xDAA7, 0xDAA7,
    0xDAA7, 0xD287, 0xD287, 0xD287, 0xD287, 0xD267, 0xDAA7, 0xEAE8, 0xE2E8, 0xE2E8, 0xE2E8, 0xE2E8, 0xE2E8, 0x630C, 0x62EC, 0x5AEC,
    0x5AEB, 0x5ACB, 0x5AAB, 0x52AB, 0x52AB, 0x528A, 0x526A, 0x526A, 0x4A4A, 0x4A49, 0xAD36, 0xAD36, 0xAD36, 0x6B4F, 0x6B4F, 0x6B4F,
    0x6B4F, 0x6B4F, 0x7B6F, 0xCCAD, 0xCCAD, 0xD4CD, 0xD50D, 0xD50D, 0xD50D, 0x5B0F, 0x5B0F, 0x52CE, 0x52CE, 0x4A8D, 0x4A6A, 0x4A6A,
    0x426A, 0x426A, 0x426A, 0x426A, 0x426A, 0x4A6A, 0x426A, 0x4A6A, 0x4A6A, 0x4A6A, 0x4A6A, 0x426A, 0x6BEF, 0xDEFB, 0xDEFB, 0xBDF7,
    0xBDF7, 0xBDF7, 0xDEFB, 0xDEFB, 0xBDF7, 0xBDF7, 0xC638, 0xDEFB, 0xDEFB, 0xAD36, 0xACC8, 0xACC7, 0xACC7, 0xACC7, 0xACC7, 0x7C0E,
    0x6BEF, 0x6BEF, 0x6BEF, 0x6BEF, 0x6BEF, 0x6BEF, 0x5B2C, 0x5B0F, 0x52CE, 0x52CE, 0x52CE, 0x4A8D, 0x0000, 0x0000, 0x0000, 0x0000,
    0x0000, 0x0000, 0x0000, 0x0000, 0x0000, 0x0000, 0x0000, 0x0000, 0x0000, 0x0000, 0x0000, 0x0000, 0x0000, 0x0000, 0x0000, 0x0000,
    0x0000, 0x0000, 0x0000, 0x0000, 0x0000, 0x0000, 0x0000, 0x0000, 0x0000, 0x0000, 0x0000, 0x0000, 0x0000, 0x0000, 0x0000, 0x0000,
    0x0000, 0x0000, 0x0000, 0x0000, 0x0000, 0x0000, 0x0000, 0x0000, 0x0000, 0x0000, 0x0000, 0x0000, 0x0000, 0x0000, 0x0000, 0x0000,
    0x0000, 0x0000, 0x0000, 0x0000, 0x0000, 0x0000, 0x0000, 0x0000, 0x0000, 0x0000, 0x0000, 0x0000, 0x0000, 0x0000, 0x0000, 0x0000,
    0x0000, 0x0000, 0x0000, 0x0000, 0x0000, 0x18C4, 0x4A8D, 0x52CE, 0x52CE, 0x5B0F, 0x39E8, 0x426A, 0x426A, 0x426A, 0x426A, 0x426A,
    0x426A, 0x426A, 0x426A, 0x426A, 0x426A, 0x426A, 0x426A, 0x6BCF, 0x6BCF, 0x6BCF, 0x6BCF, 0x6BCF, 0x6BCF, 0x6BCF, 0x6BCF, 0x6BCF,
    0x6BCF, 0x6BCF, 0x6BCF, 0x6BCF, 0x6BCF, 0x6BEF, 0x6BCF, 0x6BCF, 0x6BCF, 0x6BCF, 0x6BCF, 0x6BEF, 0x6BCF, 0x6BCF, 0x6BCF, 0x6BEF,
    0x6BCF, 0x6BEF, 0x4A8D, 0x4AAE, 0x52CE, 0x52CE, 0x5B0F, 0xDD4E, 0xDD4E, 0xDD4E, 0xDD4E, 0xDD0E, 0xDD2E, 0xDD2E, 0x62ED, 0x524A,
    0x6AEC, 0xB536, 0x2126, 0x1456, 0x1456, 0x2126, 0x053A, 0x2126, 0x053A, 0x2126, 0x78EE, 0xCA37, 0xD238, 0xD238, 0x78EE, 0x2126,
    0xB576, 0x6B2D, 0x5AAB, 0x4A4A, 0x6249, 0xBA46, 0xBA26, 0xBA46, 0xBA46, 0xBA26, 0xBA46, 0xEAE8, 0xEB08, 0xEB08, 0xEB08, 0xEB08,
    0xEB08, 0xEB08, 0xEB08, 0xEB08, 0xEB08, 0xEB08, 0xEB08, 0xEAE8, 0xEAE8, 0xE2E8, 0xE2E8, 0xE2E8, 0xE2E8, 0xE2E8, 0xE2E8, 0xE2E8,
    0xE2E8, 0xE2E8, 0xE2E8, 0xE2E8, 0xE2E8, 0xE2E8, 0xE2E8, 0xE2E8, 0xE2E8, 0xE2E8, 0xE2E8, 0xE2E8, 0xE2E8, 0xE2E8, 0xE2E8, 0xE2E8,
    0xE2E7, 0xE2E8, 0xE2E7, 0xE2E8, 0xE2E7, 0xE2E8, 0xE2E8, 0xE2E8, 0xE2E7, 0xE2E7, 0xE2E7, 0xE2E7, 0xE2C7, 0xE2C7, 0xE2C7, 0xE2C7,
    0xE2C7, 0xDAC7, 0xDAC7, 0xDAC7, 0xDAA7, 0xDAC7, 0xDAA7, 0xDAA7, 0xDAA7, 0xDAA7, 0xDAA7, 0xDAA7, 0xDAA7, 0xDAA7, 0xD2A7, 0xD287,
    0xD287, 0xD287, 0xD287, 0xD267, 0xDAA7, 0xEB08, 0xEB08, 0xEB08, 0xEB08, 0xE2E8, 0xE2E8, 0x632C, 0x632C, 0x630C, 0x62EC, 0x62EC,
    0x5AEB, 0x5ACB, 0x5ACB, 0x5AAB, 0x52AB, 0x528B, 0x528A, 0x526A, 0x4A4A, 0xAD36, 0xAD36, 0xAD36, 0x6B4F, 0x6B4F, 0x6B4F, 0x6B4F,
    0x6B4F, 0x6B4F, 0xCCAD, 0xCCAD, 0xCCAD, 0xCCAD, 0xCCAD, 0xCCAD, 0xCCAD, 0x5B0F, 0x5B0F, 0x52CE, 0x52CE, 0x4A8D, 0x426A, 0x426A,
    0x426A, 0x426A, 0x426A, 0x426A, 0x426A, 0x426A, 0x426A, 0x426A, 0x426A, 0x426A, 0x426A, 0x426A, 0x6BCF, 0xDEFB, 0xDEFB, 0xBDF7,
    0xBDF7, 0xBDF7, 0xDEFB, 0xDEFB, 0xBDF7, 0xBDF7, 0xC638, 0xDEFB, 0xDEFB, 0xAD35, 0xACC7, 0xACC7, 0xACC7, 0xACC8, 0x6BCF, 0x6BCF,
    0x6BCF, 0x6BCF, 0x6BCF, 0x6BCF, 0x6BCF, 0x6BCF, 0x5B0C, 0x5B0F, 0x52CE, 0x52CE, 0x52CE, 0x4A8D, 0x0000, 0x0000, 0x0000, 0x0000,
    0x0000, 0x0000, 0x0000, 0x0000, 0x0000, 0x0000, 0x0000, 0x0000, 0x0000, 0x0000, 0x0000, 0x0000, 0x0000, 0x0000, 0x0000, 0x0000,
    0x0000, 0x0000, 0x0000, 0x0000, 0x0000, 0x0000, 0x0000, 0x0000, 0x0000, 0x0000, 0x0000, 0x0000, 0x0000, 0x0000, 0x0000, 0x0000,
    0x0000, 0x0000, 0x0000, 0x0000, 0x0000, 0x0000, 0x0000, 0x0000, 0x0000, 0x0000, 0x0000, 0x0000, 0x0000, 0x0000, 0x0000, 0x0000,
    0x0000, 0x0000, 0x0000, 0x0000, 0x0000, 0x0000, 0x0000, 0x0000, 0x0000, 0x0000, 0x0000, 0x0000, 0x0000, 0x0000, 0x0000, 0x0000,
    0x0000, 0x0000, 0x0000, 0x0000, 0x0000, 0x10A4, 0x422B, 0x422B, 0x422B, 0x31CA, 0x39E8, 0x39E8, 0x52CD, 0x7BF2, 0x83F2, 0x7BF2,
    0x7BF2, 0x7BF2, 0x7BF2, 0x7BF2, 0x7BF2, 0x7BF2, 0x7BF2, 0xBE39, 0xBE39, 0xBE39, 0xBE39, 0xBE39, 0xBE39, 0xBE39, 0xBE39, 0xBE39,
    0xBE39, 0xBE39, 0xBE39, 0xBE39, 0xBE39, 0xBE39, 0xBE39, 0xBE39, 0xBE39, 0xBE39, 0xBE39, 0xBE39, 0xBE39, 0xBE39, 0xBE39, 0xBE39,
    0xBE39, 0xBE39, 0x31CA, 0x39EA, 0x39EA, 0x39EA, 0x422B, 0xDD4E, 0xDD4E, 0xDD4E, 0xDD4E, 0xDD0E, 0xDD0E, 0xDD2E, 0xD52E, 0x1063,
    0x62EC, 0xB536, 0x2926, 0x18C5, 0x18C5, 0x2926, 0x1884, 0x2947, 0x1884, 0x2926, 0x2926, 0x810E, 0x810F, 0x810F, 0x2927, 0x2926,
    0xB576, 0x6B0D, 0x3987, 0x4A4A, 0x4A49, 0x4A49, 0x4A4A, 0xBA46, 0xBA46, 0xBA26, 0xBA26, 0xBA26, 0xBA26, 0xBA46, 0xEB08, 0xEB08,
    0xEB08, 0xEB08, 0xEB08, 0xEB08, 0xEB08, 0xEB08, 0xEAE8, 0xEB08, 0xE2E8, 0xE2E8, 0xE2E8, 0xE2E8, 0xE2E8, 0xE2E8, 0xE2E8, 0xE2E8,
    0xE2C8, 0xE2C8, 0xE2C8, 0xE2E8, 0xE2E8, 0xE2E8, 0xE2E8, 0xE2E8, 0xE2E8, 0xE2E8, 0xE2E8, 0xE2C8, 0xE2C7, 0xE2C7, 0xE2C7, 0xE2C7,
    0xE2C7, 0xE2C7, 0xE2C7, 0xE2C7, 0xE2C7, 0xE2C7, 0xE2C7, 0xE2C7, 0xE2C7, 0xE2C7, 0xE2C7, 0xE2C7, 0xDAC7, 0xDAC7, 0xDAA7, 0xDAA7,
    0xDAA7, 0xDAA7, 0xDAA7, 0xDAA7, 0xDAA7, 0xDAA7, 0xDAA7, 0xDAA7, 0xD287, 0xD287, 0xD287, 0xD287, 0xD287, 0xD287, 0xD287, 0xD287,
    0xD267, 0xD267, 0xEB08, 0xEB08, 0xEB08, 0xEB08, 0xEB08, 0xEB08, 0xDB09, 0x6B4D, 0x6B2D, 0x632D, 0x632C, 0x630C, 0x630C, 0x630C,
    0x5AEC, 0x5ACB, 0x5ACB, 0x5AAB, 0x5AAB, 0x528B, 0x7BD0, 0xB556, 0xAD36, 0xAD36, 0xAD36, 0x9CD5, 0x6B4F, 0x6B4F, 0x6B4F, 0x6B4F,
    0x6B4F, 0xDD4E, 0xDD2E, 0xDD0E, 0xDD2E, 0xDD2E, 0xDD4E, 0xDD4E, 0xDD4E, 0x422B, 0x422B, 0x422B, 0x422B, 0x31CA, 0x7BF2, 0x7BF2,
    0x7BF2, 0x7BF2, 0x7BF2, 0x7BF2, 0x7BF2, 0x83F2, 0x7BF2, 0x7BF2, 0x7BF2, 0x83F2, 0x7BF2, 0x7BF2, 0xBE39, 0xDEFB, 0xDEFB, 0xBDF7,
    0xBDF7, 0xBDF7, 0xDEFB, 0xDEFB, 0xBDF7, 0xBDF7, 0xC638, 0xDEFB, 0xDEFB, 0xACC7, 0xACC7, 0xB52E, 0xBE39, 0xBE39, 0xBE39, 0xBE39,
    0xBE39, 0xBE39, 0xBE39, 0xBE39, 0x8472, 0x638E, 0x5B0C, 0x422B, 0x39EA, 0x39EA, 0x39EA, 0x31CA, 0x0000, 0x0000, 0x0000, 0x0000,
    0x0000, 0x0000, 0x0000, 0x0000, 0x0000, 0x0000, 0x0000, 0x0000, 0x0000, 0x0000, 0x0000, 0x0000, 0x0000, 0x0000, 0x0000, 0x0000,
    0x0000, 0x0000, 0x0000, 0x0000, 0x0000, 0x0000, 0x0000, 0x0000, 0x0000, 0x0000, 0x0000, 0x0000, 0x0000, 0x0000, 0x0000, 0x0000,
    0x0000, 0x0000, 0x0000, 0x0000, 0x0000, 0x0000, 0x0000, 0x0000, 0x0000, 0x0000, 0x0000, 0x0000, 0x0000, 0x0000, 0x0000, 0x0000,
    0x0000, 0x0000, 0x0000, 0x0000, 0x0000, 0x0000, 0x0000, 0x0000, 0x0000, 0x0000, 0x0000, 0x0000, 0x0000, 0x0000, 0x0000, 0x0000,
    0x0000, 0x0000, 0x0000, 0x0000, 0x0000, 0x18C4, 0x4A6C, 0x4A6C, 0x4A6C, 0x4A6C, 0x39E8, 0x4229, 0x6B70, 0x7BF2, 0x7BF2, 0x7BF2,
    0x7BF2, 0x7BF2, 0x7BF2, 0x7BF2, 0x7BF2, 0x7BF2, 0x7BF2, 0xBE39, 0xBE39, 0xBE39, 0xBE39, 0xBE39, 0xBE39, 0xBE39, 0xBE39, 0xBE39,
    0xBE39, 0xBE39, 0xBE39, 0xBE39, 0xBE39, 0xBE39, 0xBE39, 0xBE39, 0xBE39, 0xBE39, 0xBE39, 0xBE39, 0xBE39, 0xBE39, 0xBE39, 0xBE39,
    0xBE39, 0xBE39, 0x4A6C, 0x4A6C, 0x4A6C, 0x4A6D, 0x52AD, 0xDD4E, 0xDD4E, 0xDD4E, 0xDD4E, 0xDD2E, 0xDD2E, 0xDD2E, 0xDD4E, 0x9BCA,
    0x7B8F, 0x9452, 0xACF5, 0xACF5, 0xACF5, 0xACF5, 0xA4F5, 0xA4F5, 0xA4F5, 0xACF5, 0xACF5, 0xACF5, 0xACF5, 0xACF5, 0xACF5, 0xACF5,
    0x9C73, 0x83B0, 0x1043, 0x4A4A, 0x4A29, 0x4A4A, 0x4A49, 0x4A4A, 0x4A4A, 0xA227, 0xBA26, 0xBA26, 0xBA46, 0xBA46, 0xBA46, 0xBA46,
    0xBA46, 0xC266, 0xCA87, 0xEB08, 0xEAE8, 0xEAE8, 0xEAE8, 0xE2E8, 0xE2E8, 0xE2E8, 0xE2E8, 0xE2E8, 0xE2C8, 0xE2C8, 0xE2C8, 0xE2C8,
    0xDAC8, 0xDAC8, 0xDAC8, 0xE2C8, 0xE2C8, 0xE2C8, 0xE2C8, 0xE2C8, 0xE2C8, 0xDAC8, 0xDAC7, 0xDAC7, 0xDAC7, 0xDAC7, 0xDAC7, 0xDAC7,
    0xDAC7, 0xDAC7, 0xDAC7, 0xDAA7, 0xDAA7, 0xDAA7, 0xDAC7, 0xDAA7, 0xDAA7, 0xDAA7, 0xDAA7, 0xDAA7, 0xDAA7, 0xDAA7, 0xDAA7, 0xDAA7,
    0xDAA7, 0xDAA7, 0xD287, 0xD287, 0xD287, 0xD287, 0xD287, 0xD287, 0xD287, 0xD287, 0xD287, 0xD267, 0xD287, 0xEB08, 0xEB08, 0xEB08,
    0xEB08, 0xEB08, 0xEB08, 0xEB08, 0xEB08, 0xEB08, 0xB34B, 0x6B6D, 0x6B6D, 0x6B4D, 0x6B4D, 0x6B2D, 0x632C, 0x632C, 0x630C, 0x630C,
    0x62EC, 0x5AEC, 0x5ACB, 0x5ACB, 0xC5D8, 0xBDB8, 0xB597, 0xB557, 0xAD36, 0xAD36, 0x9CD5, 0x6B4F, 0x6B4F, 0x6B4F, 0x6B4F, 0x6B4F,
    0xDD4E, 0xDD4E, 0xDD2E, 0xDD2E, 0xDD0E, 0xDD2E, 0xDD4E, 0xDD4E, 0xDD4E, 0x4A6C, 0x4A6C, 0x4A6D, 0x4A6C, 0x4A6C, 0x7BF2, 0x7BF2,
    0x7BF2, 0x7BF2, 0x7BF2, 0x7BF2, 0x7BF2, 0x7BF2, 0x7BF2, 0x7BF2, 0x7BF2, 0x7BF2, 0x7BF2, 0x7BF2, 0xBE39, 0xDEFB, 0xDEFB, 0xBDF7,
    0xBDF7, 0xBDF7, 0xDEFB, 0xDEFB, 0xBDF7, 0xBDF7, 0xC638, 0xDEFB, 0xDEFB, 0xACC7, 0xBDD6, 0xBE39, 0xBE39, 0xBE39, 0xBE39, 0xBE39,
    0xBE39, 0xBE39, 0xBE39, 0xBE39, 0xBE39, 0x7C31, 0x5B0C, 0x4AAD, 0x4A6C, 0x4A6C, 0x4A6C, 0x4A6C, 0x0000, 0x0000, 0x0000, 0x0000,
    0x0000, 0x0000, 0x0000, 0x0000, 0x0000, 0x0000, 0x0000, 0x0000, 0x0000, 0x0000, 0x0000, 0x0000, 0x0000, 0x0000, 0x0000, 0x0000,
    0x0000, 0x0000, 0x0000, 0x0000, 0x0000, 0x0000, 0x0000, 0x0000, 0x0000, 0x0000, 0x0000, 0x0000, 0x0000, 0x0000, 0x0000, 0x0000,
    0x0000, 0x0000, 0x0000, 0x0000, 0x0000, 0x0000, 0x0000, 0x0000, 0x0000, 0x0000, 0x0000, 0x0000, 0x0000, 0x0000, 0x0000, 0x0000,
    0x0000, 0x0000, 0x0000, 0x0000, 0x0000, 0x0000, 0x0000, 0x0000, 0x0000, 0x0000, 0x0000, 0x0000, 0x0000, 0x0000, 0x0000, 0x0000,
    0x0000, 0x0000, 0x0000, 0x0000, 0x0000, 0x1083, 0x4A8C, 0x4A8D, 0x4A8D, 0x4A8C, 0x39E8, 0x426A, 0x7BF2, 0x7BF2, 0x7BF2, 0x7BF2,
    0x7BF2, 0x7BF2, 0x7BF2, 0x7BF2, 0x7BF2, 0x7BF2, 0x7BF2, 0xBE39, 0xBE39, 0xBE39, 0xBE39, 0xBE39, 0xBE39, 0xBE39, 0xBE39, 0xBE39,
    0xBE39, 0xBE39, 0xBE39, 0xBE39, 0xBE39, 0xBE39, 0xBE39, 0xBE39, 0xBE39, 0xBE39, 0xBE39, 0xBE39, 0xBE39, 0xBE39, 0xBE39, 0xBE39,
    0xBE39, 0xBE39, 0x4A8C, 0x4A8D, 0x4A8C, 0x4A8C, 0x4A8C, 0xDD4E, 0xDD4E, 0xDD4E, 0xDD4E, 0xDD0E, 0xDD2E, 0xDD2E, 0xDD4E, 0xDD4E,
    0x62EC, 0x83CF, 0xB556, 0xB556, 0xB556, 0xB556, 0xB556, 0xB556, 0xB556, 0xB556, 0xB556, 0xB556, 0xB556, 0xB556, 0xB556, 0xB556,
    0x9452, 0x6B2D, 0x20E4, 0x4A4A, 0x4A49, 0x4A4A, 0x4A49, 0x4A4A, 0x4A29, 0x4A4A, 0x4A4A, 0xA247, 0xBA26, 0xBA46, 0xBA46, 0xC266,
    0xC266, 0xC266, 0xC266, 0xCA67, 0xCA87, 0xCA87, 0xCA87, 0xD2A7, 0xE2E8, 0xE2E8, 0xE2E8, 0xE2C8, 0xE2C8, 0xE2C8, 0xDAC8, 0xDAC8,
    0xDAC8, 0xDAC8, 0xDAC8, 0xDAC8, 0xDAC8, 0xDAC8, 0xDAC8, 0xDAC7, 0xDAC8, 0xDAA7, 0xDAA7, 0xDAC7, 0xDAA7, 0xDAC7, 0xDAA7, 0xDAA7,
    0xDAA7, 0xDAA7, 0xDAA7, 0xDAA7, 0xDAA7, 0xDAA7, 0xDAA7, 0xDAA7, 0xDAA7, 0xDAA7, 0xDAA7, 0xDAA7, 0xDAA7, 0xD287, 0xD287, 0xD287,
    0xD287, 0xD287, 0xD287, 0xD287, 0xD267, 0xD267, 0xD267, 0xD287, 0xEB08, 0xEB08, 0xEB08, 0xEB08, 0xEB08, 0xEB08, 0xEB08, 0xEB08,
    0xF328, 0xEB08, 0xEB08, 0xEB08, 0xC34B, 0x738E, 0x738E, 0x6B6D, 0x6B6D, 0x6B4D, 0x6B4D, 0x6B4D, 0x632C, 0x632C, 0x630C, 0x630C,
    0x62EC, 0x5AEC, 0xCE39, 0xC619, 0xC5F8, 0xBDD8, 0xBDB8, 0xB577, 0xB557, 0xAD36, 0x6B4F, 0x6B4F, 0x6B4F, 0x6B4F, 0x6B4F, 0xCD0E,
    0xDD4E, 0xDD4E, 0xDD2E, 0xDD2E, 0xDD2E, 0xDD2E, 0xDD4E, 0xDD4E, 0xDD4E, 0x4A6C, 0x4A8C, 0x4A8C, 0x4A8D, 0x4A8C, 0x7BF2, 0x7BF2,
    0x7BF2, 0x7BF2, 0x7BF2, 0x7BF2, 0x7BF2, 0x7BF2, 0x7BF2, 0x7BF2, 0x7BF2, 0x7BF2, 0x7BF2, 0x7BF2, 0xBE39, 0xDEFB, 0xDEFB, 0xBDF7,
    0xBDF7, 0xBDF7, 0xDEFB, 0xDEFB, 0xBDF7, 0xBDF7, 0xC638, 0xDEFB, 0xDEFB, 0xACC7, 0xBE39, 0xBE39, 0xBE39, 0xBE39, 0xBE39, 0xBE39,
    0xBE39, 0xBE39, 0xBE39, 0xBE39, 0xBE39, 0x7C31, 0x5B0C, 0x4A8D, 0x4A8C, 0x4A8C, 0x4A8C, 0x4A8C, 0x0000, 0x0000, 0x0000, 0x0000,
    0x0000, 0x0000, 0x0000, 0x0000, 0x0000, 0x0000, 0x0000, 0x0000, 0x0000, 0x0000, 0x0000, 0x0000, 0x0000, 0x0000, 0x0000, 0x0000,
    0x0000, 0x0000, 0x0000, 0x0000, 0x0000, 0x0000, 0x0000, 0x0000, 0x0000, 0x0000, 0x0000, 0x0000, 0x0000, 0x0000, 0x0000, 0x0000,
    0x0000, 0x0000, 0x0000, 0x0000, 0x0000, 0x0000, 0x0000, 0x0000, 0x0000, 0x0000, 0x0000, 0x0000, 0x0000, 0x0000, 0x0000, 0x0000,
    0x0000, 0x0000, 0x0000, 0x0000, 0x0000, 0x0000, 0x0000, 0x0000, 0x0000, 0x0000, 0x0000, 0x0000, 0x0000, 0x0000, 0x0000, 0x0000,
    0x0000, 0x0000, 0x0000, 0x0000, 0x0000, 0x0021, 0x18E4, 0x18E4, 0x18E4, 0x18E4, 0x39E8, 0x52CC, 0x7BF2, 0x7BF2, 0x7BF2, 0x8C53,
    0x8C53, 0x8C53, 0x8C53, 0x8C53, 0x8C53, 0x8C53, 0x8C53, 0xCEBB, 0xCEBB, 0xCEBB, 0xCEBB, 0xCEBB, 0xCEBB, 0xCEBB, 0xCEBB, 0xCEBB,
    0xCEBB, 0xCEBB, 0xCEBB, 0xCEBB, 0xCEBB, 0xCEBB, 0xCEBB, 0xCEBB, 0xCEBB, 0xCEBB, 0xCEBB, 0xCEBB, 0xCEBB, 0xCEBB, 0xCEBB, 0xCEBB,
    0xCEBB, 0xCEBB, 0x18E4, 0x18E4, 0x18E4, 0x18E4, 0x18E4, 0xDD4E, 0xDD4E, 0xDD4E, 0xDD4E, 0xDD0E, 0xDD0E, 0xDD2E, 0xDD4E, 0xDD4E,
    0x1063, 0x7B8E, 0x83CF, 0x83CF, 0x83CF, 0x83CF, 0x83CF, 0x83CF, 0x83CF, 0x83CF, 0x83CF, 0x83CF, 0x83CF, 0x83CF, 0x83CF, 0x83CF,
    0x83CF, 0x1083, 0x4A29, 0x4A4A, 0x4A4A, 0x4A49, 0x4A4A, 0x4A29, 0x4A29, 0x4A4A, 0x4A4A, 0x4A4A, 0x4A4A, 0x526A, 0x526A, 0x528A,
    0x528B, 0xB288, 0xCA87, 0xCA87, 0xCA87, 0xCA87, 0xD287, 0xD2A7, 0xD2A7, 0xD2A7, 0xDAC7, 0xDAC7, 0xDAC7, 0xDAC7, 0xDAC8, 0xDAC8,
    0xDAC8, 0xDAA8, 0xDAA8, 0xDAA8, 0xDAA8, 0xDAA8, 0xDAA8, 0xDAA8, 0xDAA7, 0xDAA7, 0xDAA7, 0xDAA7, 0xDAA7, 0xDAA7, 0xDAA7, 0xD2A7,
    0xD2A7, 0xD2A7, 0xD2A7, 0xD287, 0xD287, 0xD287, 0xD287, 0xD287, 0xD287, 0xD287, 0xD287, 0xD287, 0xD287, 0xD287, 0xD287, 0xD287,
    0xD267, 0xDAA7, 0xEB08, 0xEB08, 0xEB28, 0xEB08, 0xEB08, 0xEB08, 0xEB08, 0xEB08, 0xEB08, 0xF328, 0xEB08, 0xEB08, 0xD34A, 0x738E,
    0x738E, 0x738E, 0x738E, 0x738E, 0x738E, 0x738E, 0x738E, 0x6B6E, 0x6B6D, 0x6B6D, 0x6B4D, 0x6B4D, 0x6B2D, 0x632C, 0x630C, 0x630C,
    0xD67A, 0xCE5A, 0xCE5A, 0xC619, 0xC5F9, 0xC5D8, 0xBDB8, 0xBD97, 0x736F, 0x734F, 0x6B4F, 0x6B4F, 0x6B4F, 0x6B4F, 0xCD0E, 0xDD4E,
    0xDD4E, 0xDD4E, 0xDD0E, 0xDD0E, 0xDD2E, 0xDD2E, 0xDD4E, 0xDD4E, 0xDD4E, 0x18E4, 0x18E4, 0x18E4, 0x18E4, 0x18E4, 0x8C53, 0x8C53,
    0x8C53, 0x8C53, 0x8C53, 0x8C53, 0x8C53, 0x8C53, 0x8C53, 0x8C53, 0x8C53, 0x8C53, 0x8C53, 0x8C53, 0xCEBB, 0xDEFB, 0xDEFB, 0xBDF7,
    0xBDF7, 0xBDF7, 0xDEFB, 0xDEFB, 0xBDF7, 0xBDF7, 0xC638, 0xDEFB, 0xDEFB, 0xCEBB, 0xCEBB, 0xCEBB, 0xCEBB, 0xCEBB, 0xCEBB, 0xCEBB,
    0xCEBB, 0xCEBB, 0xBE39, 0xBE39, 0xBE39, 0x8472, 0x5B0C, 0x18E4, 0x18E4, 0x18C4, 0x18E4, 0x18E4, 0x0000, 0x0000, 0x0000, 0x0000,
    0x0000, 0x0000, 0x0000, 0x0000, 0x0000, 0x0000, 0x0000, 0x0000, 0x0000, 0x0000, 0x0000, 0x0000, 0x0000, 0x0000, 0x0000, 0x0000,
    0x0000, 0x0000, 0x0000, 0x0000, 0x0000, 0x0000, 0x0000, 0x0000, 0x0000, 0x0000, 0x0000, 0x0000, 0x0000, 0x0000, 0x0000, 0x0000,
    0x0000, 0x0000, 0x0000, 0x0000, 0x0000, 0x0000, 0x0000, 0x0000, 0x0000, 0x0000, 0x0000, 0x0000, 0x0000, 0x0000, 0x0000, 0x0000,
    0x0000, 0x0000, 0x0000, 0x0000, 0x0000, 0x0000, 0x0000, 0x0000, 0x0000, 0x0000, 0x0000, 0x0000, 0x0000, 0x0000, 0x0000, 0x0000,
    0x0000, 0x0000, 0x0000, 0x0000, 0x0000, 0x0021, 0x18E4, 0x18E4, 0x18E4, 0x18E4, 0x3A09, 0x52CC, 0x7BF2, 0x7BF2, 0x8412, 0x8C73,
    0x8C53, 0x8C53, 0x8C53, 0x8C53, 0x8C53, 0x8C53, 0x8C53, 0xD6DC, 0xD6DC, 0xD6DC, 0xD6DC, 0xD6DC, 0xD6DC, 0xD6DC, 0xD6DC, 0xD6DC,
    0xD6DC, 0xD6DC, 0xD6DC, 0xD6DC, 0xD6DC, 0xD6DC, 0xD6DC, 0xD6DC, 0xD6DC, 0xD6DC, 0xD6DC, 0xD6DC, 0xD6DC, 0xD6DC, 0xD6DC, 0xD6DC,
    0xD6DC, 0xD6DC, 0x18E4, 0x18E4, 0x18E4, 0x18E4, 0x18E4, 0xCCAD, 0xCCAD, 0xCCAD, 0xCCAD, 0xCCAD, 0xCCAD, 0xCCAD, 0xDD0E, 0xDD2E,
    0x1063, 0x18A4, 0x18A4, 0x18A4, 0x18A4, 0x18A4, 0x18A4, 0x18A4, 0x18A4, 0x18A4, 0x18A4, 0x18A4, 0x18A4, 0x18A4, 0x18A4, 0x18A4,
    0x18A4, 0x1883, 0x4A4A, 0x4A4A, 0x4A4A, 0x4A49, 0x4A4A, 0x4A4A, 0x4A4A, 0x4A4A, 0x4A49, 0x4A4A, 0x4A4A, 0x526A, 0x526A, 0x528A,
    0x528B, 0x5AAB, 0x5AAB, 0x5ACB, 0x5ACB, 0x6AEB, 0xCAA8, 0xD2A7, 0xD2A7, 0xD2A7, 0xDAC7, 0xDAC7, 0xDAC7, 0xE2E7, 0xE2E7, 0xE2E8,
    0xE2E8, 0xEAE8, 0xEB08, 0xDAC8, 0xDAA8, 0xDAA8, 0xD2A7, 0xD2A7, 0xD2A7, 0xD2A7, 0xD2A7, 0xD287, 0xD2A7, 0xD287, 0xD287, 0xD287,
    0xD287, 0xD287, 0xD287, 0xD287, 0xD287, 0xD287, 0xD287, 0xD287, 0xD287, 0xD287, 0xD267, 0xD267, 0xDAA7, 0xEB08, 0xEB08, 0xEB08,
    0xF328, 0xEB08, 0xEB08, 0xEB08, 0xEB08, 0xEB08, 0xEB08, 0xEB08, 0xEB28, 0xD34A, 0x738E, 0x738E, 0x73AE, 0x738E, 0x738E, 0x738E,
    0x738E, 0x738E, 0x738E, 0x738E, 0x738E, 0x738E, 0x738E, 0x6B6E, 0x6B6D, 0x6B6D, 0x6B4D, 0x6B4D, 0x6B4D, 0x632D, 0xDEDB, 0xDEBB,
    0xD69B, 0xD67A, 0xCE5A, 0xCE39, 0xC619, 0xC5F9, 0x7BB0, 0x7B90, 0x7390, 0x736F, 0x6B4F, 0x6B4F, 0x6B4F, 0x6B4F, 0xDD2E, 0xDD2E,
    0xDD2E, 0xDD0E, 0xDD2E, 0xDD2E, 0xDD2E, 0xDD2E, 0xDD4E, 0xDD4E, 0xDD4E, 0x18C4, 0x18E4, 0x18E4, 0x18E4, 0x18C4, 0x9474, 0x9474,
    0x9474, 0x9474, 0x8C74, 0x9474, 0x9474, 0x9474, 0x9474, 0x8C74, 0x9474, 0x9474, 0x9474, 0x9474, 0xD6FC, 0xDEFB, 0xDEFB, 0xBDF7,
    0xBDF7, 0xBDF7, 0xDEFB, 0xDEFB, 0xBDF7, 0xBDF7, 0xC638, 0xDEFB, 0xDEFB, 0xD6FC, 0xD6FC, 0xD6FC, 0xD6FC, 0xD6FC, 0xD6FC, 0xD6FC,
    0xD6FC, 0xD6FC, 0xCE9B, 0xBE39, 0xBE39, 0xAD97, 0x6BCF, 0x18E4, 0x18E4, 0x18E4, 0x18E4, 0x18E4, 0x0000, 0x0000, 0x0000, 0x0000,
    0x0000, 0x0000, 0x0000, 0x0000, 0x0000, 0x0000, 0x0000, 0x0000, 0x0000, 0x0000, 0x0000, 0x0000, 0x0000, 0x0000, 0x0000, 0x0000,
    0x0000, 0x0000, 0x0000, 0x0000, 0x0000, 0x0000, 0x0000, 0x0000, 0x0000, 0x0000, 0x0000, 0x0000, 0x0000, 0x0000, 0x0000, 0x0000,
    0x0000, 0x0000, 0x0000, 0x0000, 0x0000, 0x0000, 0x0000, 0x0000, 0x0000, 0x0000, 0x0000, 0x0000, 0x0000, 0x0000, 0x0000, 0x0000,
    0x0000, 0x0000, 0x0000, 0x0000, 0x0000, 0x0000, 0x0000, 0x0000, 0x0000, 0x0000, 0x0000, 0x0000, 0x0000, 0x0000, 0x0000, 0x0000,
    0x0000, 0x0000, 0x0000, 0x0000, 0x0000, 0x0021, 0x18E4, 0x18E4, 0x18E4, 0x18E4, 0x426A, 0x52CC, 0x7BF2, 0x7BF2, 0x8C53, 0x9474,
    0x9474, 0x9474, 0x9474, 0x9474, 0x9474, 0x9474, 0x9474, 0xD6FC, 0xD6FC, 0xD6FC, 0xD6FC, 0xD6FC, 0xD6FC, 0xD6FC, 0xD6FC, 0xD6FC,
    0xD6FC, 0xD6FC, 0xD6FC, 0xD6FC, 0xD6FC, 0xD6FC, 0xD6FC, 0xD6FC, 0xD6FC, 0xD6FC, 0xD6FC, 0xD6FC, 0xD6FC, 0xD6FC, 0xD6FC, 0xD6FC,
    0xD6FC, 0xD6FC, 0x18E4, 0x18E4, 0x18E4, 0x18E4, 0x18E4, 0xCCAD, 0xCCAD, 0xCCAD, 0xCCAD, 0xCCAD, 0xCCAD, 0xCCAD, 0xDD2E, 0xDD0E,
    0x1063, 0x18A4, 0x20C5, 0x20C5, 0x20C5, 0x20C5, 0x20C5, 0x20C5, 0x20C5, 0x20C5, 0x18A4, 0x20C5, 0x20C5, 0x18A4, 0x20C5, 0x18A4,
    0x18A4, 0x1083, 0xAD36, 0xAD36, 0x62EC, 0x4A29, 0x4A29, 0x4A4A, 0x4A4A, 0x4A49, 0x4A4A, 0x4A4A, 0x526A, 0x526A, 0x528A, 0x528B,
    0x52AB, 0x5AAB, 0x5ACB, 0x5ACB, 0x5ACB, 0x5AEC, 0x62EC, 0x630C, 0x630C, 0x630C, 0x632C, 0x732C, 0xCAE9, 0xE2E7, 0xE2E7, 0xE2E8,
    0xE2E8, 0xEB08, 0xEB08, 0xEB08, 0xEB08, 0xEB08, 0xEB08, 0xEB08, 0xEB08, 0xEB08, 0xEB08, 0xEB08, 0xEB08, 0xF328, 0xEB08, 0xEB08,
    0xEB08, 0xEB08, 0xEB08, 0xEB08, 0xEB08, 0xEB08, 0xEB08, 0xEB08, 0xEB08, 0xEB08, 0xF328, 0xEB08, 0xEB08, 0xEB08, 0xEB08, 0xEB08,
    0xEB08, 0xEB08, 0xF328, 0xD34A, 0x838E, 0x738E, 0x73AE, 0x738E, 0x738E, 0x738E, 0x738E, 0x738E, 0x738E, 0x73AE, 0x738E, 0x738E,
    0x738E, 0x738E, 0x738E, 0x738E, 0x73AE, 0x738E, 0x738E, 0x738E, 0x6B6D, 0x6B6D, 0x6B4D, 0xAD55, 0xE71C, 0xE6FC, 0xDEDC, 0xDEDB,
    0xD6BB, 0xD69A, 0xD67A, 0xB597, 0x83F1, 0x7BF1, 0x7BD0, 0x7BB0, 0x7BB0, 0x738F, 0x736F, 0x6B4F, 0x6B4F, 0xDD0E, 0xDD0E, 0xDD2E,
    0xDD2E, 0xDD2E, 0xDD0E, 0xDD2E, 0xDD2E, 0xDD2E, 0xDD4E, 0xDD4E, 0xDD4E, 0x18C4, 0x18E4, 0x18E4, 0x18E4, 0x18C4, 0x9474, 0x9474,
    0x9474, 0x9474, 0x9474, 0x9474, 0x9494, 0x9474, 0x9474, 0x9474, 0x9474, 0x9474, 0x9474, 0x9474, 0xD6FC, 0xD67A, 0xD67A, 0xAD56,
    0xAD56, 0xAD56, 0xD67A, 0xD67A, 0xAD55, 0xAD56, 0xB596, 0xD67A, 0xD67A, 0xD6FC, 0xD6FC, 0xD6FC, 0xD6FC, 0xD6FC, 0xD6FC, 0xD6FC,
    0xD6FC, 0xD6FC, 0xCEBB, 0xBE39, 0xBE39, 0xADB7, 0x6BCF, 0x18E4, 0x18E4, 0x18E4, 0x18E4, 0x18E4, 0x0000, 0x0000, 0x0000, 0x0000,
    0x0000, 0x0000, 0x0000, 0x0000, 0x0000, 0x0000, 0x0000, 0x0000, 0x0000, 0x0000, 0x0000, 0x0000, 0x0000, 0x0000, 0x0000, 0x0000,
    0x0000, 0x0000, 0x0000, 0x0000, 0x0000, 0x0000, 0x0000, 0x0000, 0x0000, 0x0000, 0x0000, 0x0000, 0x0000, 0x0000, 0x0000, 0x0000,
    0x0000, 0x0000, 0x0000, 0x0000, 0x0000, 0x0000, 0x0000, 0x0000, 0x0000, 0x0000, 0x0000, 0x0000, 0x0000, 0x0000, 0x0000, 0x0000,
    0x0000, 0x0000, 0x0000, 0x0000, 0x0000, 0x0000, 0x0000, 0x0000, 0x0000, 0x0000, 0x0000, 0x0000, 0x0000, 0x0000, 0x0000, 0x0000,
    0x0000, 0x0000, 0x0000, 0x0000, 0x0000, 0x0021, 0x18E4, 0x18E4, 0x18E4, 0x18E4, 0x426A, 0x426A, 0x426A, 0x426A, 0x426A, 0x426A,
    0x426A, 0x426A, 0x426A, 0x426A, 0x426A, 0x426A, 0x426A, 0x6BCF, 0x6BCF, 0x6BCF, 0x6BCF, 0x6BCF, 0x6BCF, 0x6BCF, 0x6BCF, 0x6BCF,
    0x6BEF, 0x6BCF, 0x6BCF, 0x6BCF, 0x6BCF, 0x6BCF, 0x6BEF, 0x6BCF, 0x6BCF, 0x6BCF, 0x6BCF, 0x6BCF, 0x6BCF, 0x6BCF, 0x6BCF, 0x6BCF,
    0x6BCF, 0x6BCF, 0x18E4, 0x18E4, 0x18E4, 0x18E4, 0x18E4, 0xDD4E, 0xDD4E, 0xDD4E, 0xDD4E, 0xCCAD, 0xCCAD, 0xCCAD, 0xDD4E, 0xDD4E,
    0xDD4E, 0xCD0D, 0x20C5, 0x20C5, 0x20C5, 0x20C5, 0x20C5, 0x20C5, 0x20C5, 0x20C5, 0x20C5, 0x20C5, 0x20C5, 0x20C5, 0x20C5, 0x20C5,
    0x6B2E, 0xAD36, 0xAD36, 0xAD36, 0xAD36, 0xAD36, 0x62EC, 0x4A4A, 0x4A4A, 0x4A4A, 0x4A4A, 0x4A4A, 0x526A, 0x526A, 0x528A, 0x528B,
    0x52AB, 0x5AAB, 0x5ACB, 0x5ACB, 0x5ACB, 0x5AEC, 0x62EC, 0x630C, 0x630C, 0x632C, 0x632C, 0x6B2D, 0x6B4D, 0x6B4D, 0x6B6D, 0x6B6D,
    0x7B6D, 0xDB09, 0xEB08, 0xEB08, 0xEB08, 0xEB08, 0xEB08, 0xEB08, 0xF328, 0xEB28, 0xEB08, 0xEB08, 0xEB08, 0xF328, 0xEB08, 0xEB08,
    0xEB08, 0xF328, 0xEB08, 0xEB08, 0xEB08, 0xEB08, 0xEB08, 0xEB08, 0xF328, 0xEB08, 0xEB08, 0xEB08, 0xEB08, 0xEB08, 0xD32A, 0x738E,
    0x738E, 0x738E, 0x738E, 0x738E, 0x738E, 0x738E, 0x738E, 0x738E, 0x73AE, 0x73AE, 0x738E, 0x738E, 0x738E, 0x738E, 0x738E, 0x738E,
    0x738E, 0x738E, 0x738E, 0x738E, 0x738E, 0x738E, 0x738E, 0x738E, 0x736E, 0xB596, 0xEF5D, 0xEF5D, 0xE73D, 0xE71C, 0xE6FC, 0xDEDC,
    0xDEBB, 0xC5F8, 0x8432, 0x8411, 0x8411, 0x83F1, 0x7BD0, 0x7BD0, 0x7BB0, 0x7390, 0x736F, 0x734F, 0xDD4E, 0xDD4E, 0xDD4E, 0xDD4E,
    0xDD4E, 0xDD4E, 0xDD4E, 0xDD4E, 0xDD4E, 0xDD4E, 0xDD4E, 0xDD4E, 0xDD4E, 0x18E4, 0x18E4, 0x18E4, 0x18E4, 0x18E4, 0x426A, 0x426A,
    0x426A, 0x426A, 0x426A, 0x426A, 0x426A, 0x426A, 0x426A, 0x426A, 0x426A, 0x426A, 0x426A, 0x426A, 0x6BCF, 0xBDB9, 0xBDB9, 0x9473,
    0x9473, 0x9473, 0xBDD9, 0xBDB9, 0x9473, 0x9473, 0x9CB5, 0xBDB9, 0xC5D9, 0x6BCF, 0x6BCF, 0x6BCF, 0x6BCF, 0x6BCF, 0x6BCF, 0x6BCF,
    0x6BCF, 0x6BCF, 0x6BCF, 0x6BCF, 0x6BCF, 0x6BCF, 0x6BCF, 0x18E4, 0x18E4, 0x18E4, 0x18E4, 0x18E4, 0x0000, 0x0000, 0x0000, 0x0000,
    0x0000, 0x0000, 0x0000, 0x0000, 0x0000, 0x0000, 0x0000, 0x0000, 0x0000, 0x0000, 0x0000, 0x0000, 0x0000, 0x0000, 0x0000, 0x0000,
    0x0000, 0x0000, 0x0000, 0x0000, 0x0000, 0x0000, 0x0000, 0x0000, 0x0000, 0x0000, 0x0000, 0x0000, 0x0000, 0x0000, 0x0000, 0x0000,
    0x0000, 0x0000, 0x0000, 0x0000, 0x0000, 0x0000, 0x0000, 0x0000, 0x0000, 0x0000, 0x0000, 0x0000, 0x0000, 0x0000, 0x0000, 0x0000,
    0x0000, 0x0000, 0x0000, 0x0000, 0x0000, 0x0000, 0x0000, 0x0000, 0x0000, 0x0000, 0x0000, 0x0000, 0x0000, 0x0000, 0x0000, 0x0000,
    0x0000, 0x0000, 0x0000, 0x0000, 0x0000, 0x0021, 0x20E5, 0x2105, 0x2105, 0x2105, 0x528C, 0x528C, 0x528C, 0x528C, 0x528C, 0x528C,
    0x528C, 0x528C, 0x528C, 0x528C, 0x528C, 0x528C, 0x528C, 0x7C11, 0x7C31, 0x7C11, 0x7C11, 0x7C11, 0x7C11, 0x7C11, 0x7C11, 0x7C31,
    0x7C11, 0x7C11, 0x7C11, 0x7C11, 0x7C31, 0x7C11, 0x7C11, 0x7C11, 0x7C31, 0x7C11, 0x7C31, 0x7C11, 0x7C11, 0x7C31, 0x7C11, 0x7C11,
    0x7C31, 0x7C31, 0x2105, 0x20E5, 0x2105, 0x2105, 0x2105, 0xDD4E, 0xDD2E, 0xDD4E, 0xDD2E, 0xCCAD, 0xCCAD, 0xCCAD, 0xDD4E, 0xDD2E,
    0xF5CF, 0xFE0F, 0xFE0F, 0xFE0F, 0xFE0F, 0xFE0F, 0x6B4F, 0x1884, 0x18A4, 0x1884, 0x1884, 0x62ED, 0x6B4F, 0x6B4F, 0x6B4F, 0x6B4F,
    0x9CB4, 0xAD36, 0xAD36, 0xAD36, 0xAD36, 0xAD36, 0xAD36, 0xAD36, 0xA4F5, 0x4A29, 0x4A4A, 0x526A, 0x526A, 0x528A, 0x528A, 0x528B,
    0x5AAB, 0x5AAB, 0x5ACB, 0x5ACB, 0x5AEC, 0x5AEC, 0x62EC, 0x630C, 0x630C, 0x632C, 0x632D, 0x6B2D, 0x6B4D, 0x6B4D, 0x6B6D, 0x6B6D,
    0x6B6D, 0x738E, 0x738E, 0x738E, 0x738E, 0x738E, 0x738E, 0x738E, 0x738E, 0x738E, 0x738E, 0x738E, 0x738E, 0x738E, 0x738E, 0x738E,
    0x738E, 0x738E, 0x738E, 0x738E, 0x73AE, 0x738E, 0x738E, 0x738E, 0x738E, 0x738E, 0x738E, 0x738E, 0x738E, 0x738E, 0x738E, 0x738E,
    0x738E, 0x738E, 0x738E, 0x738E, 0x738E, 0x738E, 0x738E, 0x738E, 0x738E, 0x738E, 0x738E, 0x738E, 0x738E, 0x738E, 0x738E, 0x738E,
    0x738E, 0x738E, 0x738E, 0x738E, 0x738E, 0x738E, 0x738E, 0xF7BE, 0xF79E, 0xF79E, 0xEF7E, 0xEF5D, 0xE73D, 0xE71C, 0xE71C, 0xA515,
    0x8C52, 0x8C52, 0x8C32, 0x8411, 0x8411, 0x83F1, 0x83F1, 0x7BD0, 0x7BB0, 0x7BB0, 0xDD4E, 0xDD4E, 0xDD4E, 0xDD4E, 0xDD4E, 0xDD4E,
    0xDD4E, 0xDD2E, 0xDD4E, 0xDD4E, 0xDD4E, 0xDD4E, 0xDD4E, 0xDD4E, 0xDD4E, 0x20E5, 0x20E5, 0x20E5, 0x2105, 0x2105, 0x528C, 0x528C,
    0x528C, 0x528C, 0x528C, 0x528C, 0x528C, 0x528C, 0x52AC, 0x52AC, 0x528C, 0x528C, 0x528C, 0x528C, 0x7C31, 0xBDB9, 0xBDB9, 0x9453,
    0x9453, 0x8C53, 0xBDB9, 0xBDB9, 0x9453, 0x9453, 0x9CB4, 0xBDB9, 0xC5D9, 0x7C31, 0x7C31, 0x7C31, 0x7C31, 0x7C31, 0x7C31, 0x7C11,
    0x7C31, 0x7C11, 0x7C31, 0x7C31, 0x7C31, 0x7C31, 0x7C31, 0x2105, 0x2105, 0x2105, 0x2105, 0x2105, 0x0000, 0x0000, 0x0000, 0x0000,
    0x0000, 0x0000, 0x0000, 0x0000, 0x0000, 0x0000, 0x0000, 0x0000, 0x0000, 0x0000, 0x0000, 0x0000, 0x0000, 0x0000, 0x0000, 0x0000,
    0x0000, 0x0000, 0x0000, 0x0000, 0x0000, 0x0000, 0x0000, 0x0000, 0x0000, 0x0000, 0x0000, 0x0000, 0x0000, 0x0000, 0x0000, 0x0000,
    0x0000, 0x0000, 0x0000, 0x0000, 0x0000, 0x0000, 0x0000, 0x0000, 0x0000, 0x0000, 0x0000, 0x0000, 0x0000, 0x0000, 0x0000, 0x0000,
    0x0000, 0x0000, 0x0000, 0x0000, 0x0000, 0x0000, 0x0000, 0x0000, 0x0000, 0x0000, 0x0000, 0x0000, 0x0000, 0x0000, 0x0000, 0x0000,
    0x0000, 0x0000, 0x0000, 0x0000, 0x0000, 0x0021, 0x2105, 0x2105, 0x2105, 0x2105, 0x528C, 0x528C, 0x528C, 0x528C, 0x528C, 0x528C,
    0x528C, 0x528C, 0x528C, 0x528C, 0x528C, 0x528C, 0x528C, 0x7C31, 0x7C11, 0x7C31, 0x7C31, 0x7C31, 0x7C31, 0x7C31, 0x7C31, 0x7C31,
    0x7C31, 0x7C31, 0x7C31, 0x7C31, 0x7C31, 0x7C31, 0x7C31, 0x7C31, 0x7C31, 0x7C31, 0x7C31, 0x7C31, 0x7C31, 0x7C31, 0x7C31, 0x7C31,
    0x7C31, 0x7C11, 0x2105, 0x2105, 0x2105, 0x2105, 0x2105, 0xDD2E, 0xDD2E, 0xDD2E, 0xDD0E, 0xCCAD, 0xCCAD, 0xED4E, 0xFDEF, 0xFDEF,
    0xFDEF, 0xFDEF, 0xFDEF, 0xFDEF, 0xFDEF, 0xFDEF, 0xFDEF, 0x18A4, 0x18A4, 0x18A4, 0x18A4, 0x62ED, 0x6B4F, 0x6B4F, 0x6B4F, 0x6B4F,
    0x6B4F, 0x6B4F, 0x9CB4, 0xAD36, 0xAD36, 0xAD36, 0xAD36, 0xAD36, 0xAD36, 0xAD36, 0xAD36, 0xAD36, 0xA4D4, 0x528A, 0x528A, 0x52AB,
    0x5AAB, 0x5ACB, 0x5ACB, 0x5AEB, 0x5AEC, 0x5AEC, 0x630C, 0x630C, 0x630C, 0x632C, 0x632D, 0x6B2D, 0x6B4D, 0x6B4D, 0x6B6D, 0x6B6D,
    0x6B6D, 0x738E, 0x738E, 0x738E, 0x738E, 0x738E, 0x738E, 0x738E, 0x738E, 0x73AE, 0x738E, 0x738E, 0x738E, 0x738E, 0x738E, 0x738E,
    0x738E, 0x738E, 0x73AE, 0x738E, 0x73AE, 0x738E, 0x738E, 0x738E, 0x738E, 0x738E, 0x738E, 0x738E, 0x738E, 0x738E, 0x73AE, 0x73AE,
    0x738E, 0x738E, 0x738E, 0x738E, 0x73AE, 0x738E, 0x73AE, 0x738E, 0x738E, 0x738E, 0x738E, 0x738E, 0x738E, 0x738E, 0x738E, 0x738E,
    0x738E, 0x738E, 0x738E, 0xE73C, 0xFFFF, 0xFFFF, 0xFFDF, 0xF7BF, 0xF7BE, 0xF79E, 0xEF7E, 0xEF5D, 0xEF3D, 0xAD56, 0x9493, 0x9473,
    0x8C72, 0x8C52, 0x8C32, 0x8432, 0x8411, 0x83F1, 0x83F1, 0x83F0, 0xCCAD, 0xCCAD, 0xDD2E, 0xDD2E, 0xDD0E, 0xDD0E, 0xDD0E, 0xDD2E,
    0xDD0E, 0xDD0E, 0xDD0E, 0xDD2E, 0xDD2E, 0xDD0E, 0xDD0E, 0xDD2E, 0xDD0E, 0x2105, 0x2105, 0x2105, 0x2105, 0x2105, 0x528C, 0x52AC,
    0x528C, 0x528C, 0x528C, 0x528C, 0x528C, 0x528C, 0x528C, 0x528C, 0x528C, 0x528C, 0x52AC, 0x528C, 0x7C31, 0xBD98, 0xBD98, 0x8C53,
    0x8C53, 0x3D7A, 0x3D7A, 0x3D7A, 0x3D7A, 0x3D7A, 0x3D7A, 0x3D7A, 0x3D7A, 0x7C31, 0x7C31, 0x7C31, 0x7C31, 0x7C31, 0x7C31, 0x7C31,
    0x7C31, 0x7C31, 0x7C31, 0x7C31, 0x7C31, 0x7C31, 0x7C31, 0x2105, 0x2105, 0x2105, 0x2105, 0x2105, 0x0000, 0x0000, 0x0000, 0x0000,
    0x0000, 0x0000, 0x0000, 0x0000, 0x0000, 0x0000, 0x0000, 0x0000, 0x0000, 0x0000, 0x0000, 0x0000, 0x0000, 0x0000, 0x0000, 0x0000,
    0x0000, 0x0000, 0x0000, 0x0000, 0x0000, 0x0000, 0x0000, 0x0000, 0x0000, 0x0000, 0x0000, 0x0000, 0x0000, 0x0000, 0x0000, 0x0000,
    0x0000, 0x0000, 0x0000, 0x0000, 0x0000, 0x0000, 0x0000, 0x0000, 0x0000, 0x0000, 0x0000, 0x0000, 0x0000, 0x0000, 0x0000, 0x0000,
    0x0000, 0x0000, 0x0000, 0x0000, 0x0000, 0x0000, 0x0000, 0x0000, 0x0000, 0x0000, 0x0000, 0x0000, 0x0000, 0x0000, 0x0000, 0x0000,
    0x0000, 0x0000, 0x0000, 0x0000, 0x0863, 0x18C5, 0x2125, 0x2125, 0x2125, 0x2125, 0x422A, 0x4A8C, 0x4A6C, 0x4A6C, 0x4A6C, 0x4A6C,
    0x4A6C, 0x4A6C, 0x4A6C, 0x528C, 0x4A6C, 0x4A8C, 0x4A8C, 0x8472, 0x8452, 0x8472, 0x8472, 0x8452, 0x8472, 0x8472, 0x8472, 0x8472,
    0x8472, 0x8472, 0x8472, 0x8472, 0x8472, 0x8472, 0x8472, 0x8472, 0x8472, 0x8472, 0x8472, 0x8472, 0x8472, 0x8472, 0x8472, 0x8472,
    0x8472, 0x8472, 0x2125, 0x2125, 0x2125, 0x2125, 0x2125, 0xDD0E, 0xDD2E, 0xFDEF, 0xFDEF, 0xFDEF, 0xFDEF, 0xFDEF, 0xFDEF, 0xFDEF,
    0xFDEF, 0xFDEF, 0xFDEF, 0xFDEF, 0x21EB, 0x2A2C, 0x2A6E, 0x20C5, 0x18A4, 0x20C5, 0x20C5, 0x2A4D, 0x2A4D, 0x21EB, 0x19AA, 0x6B4F,
    0x6B4F, 0x6B4F, 0x6B4F, 0x6B4F, 0x6B4F, 0xAD36, 0xAD36, 0xAD36, 0xAD36, 0xAD36, 0xAD36, 0xB557, 0xB577, 0xBD97, 0xBDB8, 0xBDD8,
    0xC5F8, 0xC619, 0x9CD3, 0x5ACB, 0x5AEC, 0x62EC, 0x630C, 0x630C, 0x630C, 0x632C, 0x632D, 0x6B4D, 0x6B4D, 0x6B4D, 0x6B6D, 0x6B6D,
    0x6B6D, 0x738E, 0x738E, 0x738E, 0x73AE, 0x738E, 0x738E, 0x738E, 0x738E, 0x738E, 0x738E, 0x738E, 0x738E, 0x738E, 0x738E, 0x73AE,
    0x738E, 0x738E, 0x738E, 0x738E, 0x738E, 0x738E, 0x73AE, 0x738E, 0x738E, 0x738E, 0x738E, 0x738E, 0x73AE, 0x738E, 0x738E, 0x738E,
    0x738E, 0x738E, 0x738E, 0x738E, 0x738E, 0x738E, 0x738E, 0x738E, 0x738E, 0x73AE, 0x738E, 0x738E, 0x73AE, 0xDEFB, 0xFFFF, 0xFFFF,
    0xFFFF, 0xFFFF, 0xFFFF, 0xFFFF, 0xFFFF, 0xFFFF, 0xFFFF, 0xFFDF, 0xF7BE, 0xF79E, 0xF77E, 0x9CD4, 0x9CB4, 0x94B3, 0x9493, 0x9493,
    0x8C73, 0x8C52, 0x8C52, 0x8C32, 0x8411, 0xCCEE, 0xDD0E, 0xDD2E, 0xDD0E, 0xDD2E, 0xDD0E, 0xDD2E, 0xDD0E, 0xDD0E, 0xDD0E, 0xDD0E,
    0xDD2E, 0xDD2E, 0xCCAD, 0xCCAD, 0xCCAD, 0xD4CD, 0xDD2E, 0xDD2E, 0xDD2E, 0x2125, 0x2125, 0x2125, 0x2125, 0x2125, 0x52CC, 0x5ACD,
    0x5ACD, 0x5ACD, 0x52CC, 0x5ACD, 0x5ACD, 0x52CC, 0x5ACD, 0x52CD, 0x52CC, 0x52CD, 0x52CC, 0x5ACD, 0x8472, 0xB578, 0xB578, 0x8C32,
    0x8C32, 0x3D7A, 0x3D7A, 0x3D7A, 0x3D7A, 0x3D7A, 0x3D7A, 0x3D7A, 0x3D7A, 0x8472, 0x8472, 0x8472, 0x8452, 0x8452, 0x8472, 0x8452,
    0x8472, 0x8472, 0x8472, 0x8472, 0x8472, 0x8452, 0x6BEF, 0x2125, 0x2125, 0x2125, 0x2125, 0x2125, 0x0000, 0x0000, 0x0000, 0x0000,
    0x0000, 0x0000, 0x0000, 0x0000, 0x0000, 0x0000, 0x0000, 0x0000, 0x0000, 0x0000, 0x0000, 0x0000, 0x0000, 0x0000, 0x0000, 0x0000,
    0x0000, 0x0000, 0x0000, 0x0000, 0x0000, 0x0000, 0x0000, 0x0000, 0x0000, 0x0000, 0x0000, 0x0000, 0x0000, 0x0000, 0x0000, 0x0000,
    0x0000, 0x0000, 0x0000, 0x0000, 0x0000, 0x0000, 0x0000, 0x0000, 0x0000, 0x0000, 0x0000, 0x0000, 0x0000, 0x0000, 0x0000, 0x0000,
    0x0000, 0x0000, 0x0000, 0x0000, 0x0000, 0x0000, 0x0000, 0x0000, 0x0000, 0x0000, 0x0000, 0x0000, 0x0000, 0x0000, 0x0000, 0x0000,
    0x0000, 0x0000, 0x0000, 0x0000, 0x0863, 0x18C5, 0x2946, 0x2946, 0x2946, 0x2946, 0x39C8, 0x422A, 0x422A, 0x422A, 0x422A, 0x422A,
    0x422A, 0x422A, 0x422A, 0x422A, 0x422A, 0x422A, 0x422A, 0x6BCF, 0x6BEF, 0x6BCF, 0x6BCF, 0x6BCF, 0x6BCF, 0x6BCF, 0x6BCF, 0x6BCF,
    0x6BCF, 0x6BCF, 0x6BEF, 0x6BCF, 0x6BCF, 0x6BCF, 0x6BCF, 0x6BCF, 0x6BCF, 0x6BCF, 0x6BCF, 0x6BCF, 0x6BEF, 0x6BCF, 0x6BCF, 0x6BCF,
    0x6BCF, 0x6BEF, 0x2946, 0x2946, 0x2946, 0x2946, 0x2946, 0xFDEF, 0xFDEF, 0xFDEF, 0xFDEF, 0xFDEF, 0xFDEF, 0xFDEF, 0xFDEF, 0xFDEF,
    0xFDEF, 0xFDEF, 0xFDEF, 0xFDEF, 0x21EB, 0x2A2C, 0x2A6D, 0x2A4D, 0x2A6D, 0x2A6D, 0x2A6D, 0x2A6D, 0x2A4D, 0x21EB, 0x19AA, 0x6B4F,
    0x6B4F, 0x6B4F, 0x6B4F, 0x6B4F, 0x6B4F, 0x6B4F, 0x6B4F, 0xAD36, 0xAD36, 0xAD36, 0xAD36, 0xB577, 0xB577, 0xBDB8, 0xBDB8, 0xC5F8,
    0xC5F9, 0xC619, 0xCE39, 0xCE5A, 0xD67A, 0xD69B, 0xDEBB, 0xDEDB, 0xC639, 0x632D, 0x632D, 0x6B4D, 0x6B4D, 0x6B4D, 0x6B6D, 0x6B6D,
    0x736E, 0x738E, 0x738E, 0x738E, 0x738E, 0x738E, 0x738E, 0x738E, 0x738E, 0x73AE, 0x738E, 0x738E, 0x738E, 0x738E, 0x738E, 0x738E,
    0x738E, 0x738E, 0x738E, 0x738E, 0x73AE, 0x738E, 0x738E, 0x738E, 0x738E, 0x738E, 0x738E, 0x73AE, 0x738E, 0x73AE, 0x738E, 0x738E,
    0x738E, 0x738E, 0x738E, 0x738E, 0x738E, 0x738E, 0x8410, 0xE73C, 0xFFFF, 0xFFFF, 0xFFFF, 0xFFFF, 0xFFFF, 0xFFFF, 0xFFFF, 0xFFFF,
    0xFFFF, 0xFFFF, 0xFFFF, 0xFFFF, 0xFFFF, 0xFFFF, 0xFFFF, 0xFFDF, 0xD69A, 0x9CF4, 0x9CF4, 0x9CD4, 0x9CB4, 0x94B3, 0x9493, 0x9493,
    0x9473, 0x8C52, 0x8C52, 0xDD2E, 0xDD0E, 0xDD2E, 0xDD2E, 0xDD2E, 0xDD0E, 0xDD2E, 0xDD2E, 0xDD2E, 0xDD2E, 0xDD0E, 0xDD2E, 0xDD0E,
    0xDD0E, 0xDD0E, 0xCCAD, 0xCCAD, 0xCCAD, 0xD4CD, 0xDD2E, 0xDD0E, 0xFDEF, 0x2946, 0x2946, 0x2946, 0x2946, 0x2946, 0x426A, 0x426A,
    0x426A, 0x426A, 0x426A, 0x426A, 0x426A, 0x426A, 0x426A, 0x426A, 0x426A, 0x426A, 0x426A, 0x426A, 0x6BCF, 0xB577, 0xB557, 0x8C12,
    0x8C32, 0x3D7A, 0x3D7A, 0x3D7A, 0x3D7A, 0x3D7A, 0x3D7A, 0x3D7A, 0x3D7A, 0x6BCF, 0x6BCF, 0x6BCF, 0x6BCF, 0x6BCF, 0x6BCF, 0x6BCF,
    0x6BCF, 0x6BCF, 0x6BCF, 0x6BCF, 0x6BCF, 0x6BCF, 0x5B0C, 0x2946, 0x2946, 0x2946, 0x2946, 0x2946, 0x0000, 0x0000, 0x0000, 0x0000,
    0x0000, 0x0000, 0x0000, 0x0000, 0x0000, 0x0000, 0x0000, 0x0000, 0x0000, 0x0000, 0x0000, 0x0000, 0x0000, 0x0000, 0x0000, 0x0000,
    0x0000, 0x0000, 0x0000, 0x0000, 0x0000, 0x0000, 0x0000, 0x0000, 0x0000, 0x0000, 0x0000, 0x0000, 0x0000, 0x0000, 0x0000, 0x0000,
    0x0000, 0x0000, 0x0000, 0x0000, 0x0000, 0x0000, 0x0000, 0x0000, 0x0000, 0x0000, 0x0000, 0x0000, 0x0000, 0x0000, 0x0000, 0x0000,
    0x0000, 0x0000, 0x0000, 0x0000, 0x0000, 0x0000, 0x0000, 0x0000, 0x0000, 0x0000, 0x0000, 0x0000, 0x0000, 0x0000, 0x0000, 0x0000,
    0x0000, 0x0000, 0x0000, 0x0000, 0x0863, 0x18E5, 0x2967, 0x2967, 0x2967, 0x2967, 0x39C8, 0x422A, 0x422A, 0x422A, 0x422A, 0x422A,
    0x422A, 0x422A, 0x422A, 0x422A, 0x422A, 0x422A, 0x422A, 0x6BEF, 0x6BEF, 0x6BCF, 0x6BCF, 0x6BCF, 0x6BCF, 0x6BCF, 0x6BCF, 0x6BCF,
    0x6BCF, 0x6BCF, 0x6BCF, 0x6BCF, 0x6BEF, 0x6BCF, 0x6BCF, 0x6BCF, 0x6BCF, 0x6BCF, 0x6BCF, 0x6BEF, 0x6BCF, 0x6BCF, 0x6BCF, 0x6BCF,
    0x6BCF, 0x6BCF, 0x2946, 0x2946, 0x2946, 0x2946, 0x2946, 0xFE2F, 0xFE2F, 0xFE2F, 0xFE2F, 0xFE2F, 0xFE2F, 0xFE2F, 0xFE2F, 0xFE2F,
    0xFE2F, 0xFE2F, 0xFE2F, 0xF5EF, 0x21EB, 0x220C, 0x2A0C, 0x220C, 0x2A0C, 0x220C, 0x220C, 0x220C, 0x2A0C, 0x21EB, 0x19AA, 0x62ED,
    0x6B4F, 0x6B4F, 0x6B4F, 0x6B4F, 0x6B4F, 0x6B4F, 0x6B4F, 0x6B4F, 0x6B4F, 0xAD36, 0xB557, 0xB577, 0xB597, 0xBDB8, 0xBDD8, 0xC5F9,
    0xC619, 0xCE39, 0xCE5A, 0xCE5A, 0xD67A, 0xD69B, 0xDEBB, 0xDEDB, 0xE6FC, 0xE6FC, 0xE71C, 0xEF3D, 0xEF5D, 0xCE39, 0x6B6D, 0x6B6D,
    0x6B6E, 0x738E, 0x738E, 0x738E, 0x738E, 0x738E, 0x738E, 0x738E, 0x738E, 0x738E, 0x738E, 0x738E, 0x738E, 0x738E, 0x738E, 0x738E,
    0x738E, 0x738E, 0x738E, 0x738E, 0x738E, 0x73AE, 0x738E, 0x738E, 0x738E, 0x738E, 0x738E, 0x738E, 0x738E, 0x73AE, 0x738E, 0x738E,
    0x738E, 0x8410, 0xE73C, 0xFFFF, 0xFFFF, 0xFFFF, 0xFFFF, 0xFFFF, 0xFFFF, 0xFFFF, 0xFFFF, 0xFFFF, 0xFFFF, 0xFFFF, 0xFFFF, 0xFFFF,
    0xFFFF, 0xFFFF, 0xFFFF, 0xFFFF, 0xFFFF, 0xFFFF, 0xF7BE, 0xA515, 0xA515, 0xA4F5, 0x9CF4, 0x9CD4, 0x9CB4, 0x94B3, 0x9493, 0x9493,
    0x9473, 0xDD2E, 0xDD4E, 0xDD4E, 0xDD4E, 0xDD4E, 0xDD4E, 0xDD4E, 0xDD4E, 0xDD4E, 0xDD4E, 0xDD4E, 0xDD4E, 0xDD4E, 0xDD4E, 0xDD4E,
    0xDD4E, 0xDD4E, 0xCCAD, 0xCCAD, 0xCCAD, 0xD4CD, 0xDD4E, 0xFE2F, 0xFE2F, 0x2946, 0x2946, 0x2946, 0x2946, 0x2946, 0x426A, 0x426A,
    0x426A, 0x426A, 0x426A, 0x426A, 0x426A, 0x426A, 0x426A, 0x426A, 0x426A, 0x426A, 0x426A, 0x426A, 0x6BCF, 0xAD57, 0xAD57, 0x8412,
    0x8412, 0x3D7A, 0x3D7A, 0x3D7A, 0x3D7A, 0x3D7A, 0x3D7A, 0x3D7A, 0x3D7A, 0x6BEF, 0x6BCF, 0x6BCF, 0x6BCF, 0x6BCF, 0x6BCF, 0x6BCF,
    0x6BCF, 0x6BCF, 0x6BEF, 0x6BCF, 0x6BCF, 0x6BCF, 0x5B0C, 0x2946, 0x2946, 0x2946, 0x2946, 0x2946, 0x0000, 0x0000, 0x0000, 0x0000,
    0x0000, 0x0000, 0x0000, 0x0000, 0x0000, 0x0000, 0x0000, 0x0000, 0x0000, 0x0000, 0x0000, 0x0000, 0x0000, 0x0000, 0x0000, 0x0000,
    0x0000, 0x0000, 0x0000, 0x0000, 0x0000, 0x0000, 0x0000, 0x0000, 0x0000, 0x0000, 0x0000, 0x0000, 0x0000, 0x0000, 0x0000, 0x0000,
    0x0000, 0x0000, 0x0000, 0x0000, 0x0000, 0x0000, 0x0000, 0x0000, 0x0000, 0x0000, 0x0000, 0x0000, 0x0000, 0x0000, 0x0000, 0x0000,
    0x0000, 0x0000, 0x0000, 0x0000, 0x0000, 0x0000, 0x0000, 0x0000, 0x0000, 0x0000, 0x0000, 0x0000, 0x0000, 0x0000, 0x0000, 0x0000,
    0x0000, 0x0000, 0x0000, 0x0000, 0x9BC9, 0xCD0D, 0x3167, 0x3167, 0x3167, 0x3167, 0xCCAD, 0xCCAD, 0xDD4E, 0xDD4E, 0xDD4E, 0xDD4E,
    0xDD0E, 0xDD2E, 0xDD0E, 0xDD0E, 0xDD2E, 0xDD2E, 0xDD0E, 0xFDEF, 0xFE2F, 0xFE2F, 0xFE2F, 0xFE2F, 0xFE2F, 0xFE2F, 0xFE2F, 0xFE2F,
    0xFE2F, 0xFE2F, 0xFE2F, 0xFE2F, 0xFE2F, 0xFE2F, 0xFE2F, 0xED6E, 0xED6E, 0xED6E, 0xED6E, 0xFE2F, 0xFE2F, 0xFE2F, 0xFE2F, 0xFDEF,
    0xFDEF, 0xFDEF, 0x2966, 0x2966, 0x2966, 0x2966, 0x2966, 0xFE2F, 0xFE2F, 0xFE2F, 0xFE2F, 0xFE2F, 0xFE2F, 0xFE2F, 0xFE2F, 0xFE2F,
    0xFE2F, 0xFE2F, 0xFE2F, 0xFDEF, 0x198A, 0x198A, 0x198A, 0x198A, 0x198A, 0x198A, 0x198A, 0x198A, 0x198A, 0x198A, 0x198A, 0xDD0D,
    0xDD0D, 0x5ACD, 0x6B4F, 0x6B4F, 0x6B4F, 0x6B4F, 0x6B4F, 0x6B4F, 0x6B4F, 0x6B4F, 0x736F, 0x738F, 0x7390, 0x7BB0, 0x8C52, 0xC5F9,
    0xC619, 0xCE39, 0xCE5A, 0xCE5A, 0xD67A, 0xD69B, 0xDEBB, 0xDEDB, 0xDEFC, 0xE71C, 0xE73D, 0xEF3D, 0xEF5D, 0xEF7E, 0xF79E, 0xF7BE,
    0xF7BE, 0xFFDF, 0xFFDF, 0xFFFF, 0xFFFF, 0xFFFF, 0xFFFF, 0xFFFF, 0xFFFF, 0xFFFF, 0xFFFF, 0xFFFF, 0xFFFF, 0xFFFF, 0xFFFF, 0xFFFF,
    0xFFFF, 0xFFFF, 0xFFFF, 0xFFFF, 0xFFFF, 0xFFFF, 0xFFFF, 0xFFFF, 0xFFFF, 0xFFFF, 0xFFFF, 0xFFFF, 0xFFFF, 0xFFFF, 0xFFFF, 0xFFFF,
    0xFFFF, 0xFFFF, 0xFFFF, 0xFFFF, 0xFFFF, 0xFFFF, 0xFFFF, 0xFFFF, 0xFFFF, 0xFFFF, 0xFFFF, 0xFFFF, 0xFFFF, 0xFFFF, 0xFFFF, 0xFFFF,
    0xFFDF, 0xAD76, 0xA535, 0xA535, 0xA535, 0xA535, 0xA535, 0xA515, 0xA515, 0xA4F5, 0x9CF4, 0x9CD4, 0x9CD4, 0x9CB4, 0x9CB3, 0xDD0E,
    0xDD0E, 0xDD2E, 0xDD4E, 0xDD4E, 0xDD4E, 0xDD4E, 0xDD4E, 0xDD4E, 0xDD4E, 0xDD4E, 0xDD4E, 0xDD4E, 0xDD4E, 0xDD4E, 0xDD4E, 0xDD4E,
    0xDD4E, 0xDD4E, 0xCCAD, 0xCCAD, 0xCCAD, 0xD4ED, 0xFE2F, 0xFE2F, 0xFE2F, 0x2966, 0x2966, 0x2966, 0x2966, 0x2966, 0xFDEF, 0xFDEF,
    0xFDEF, 0xFE2F, 0xFE2F, 0xFE2F, 0xFE2F, 0xFE2F, 0xFE2F, 0xFE2F, 0xFE2F, 0xFE2F, 0xFE2F, 0xFE2F, 0xFE2F, 0xAD36, 0xAD36, 0x83F1,
    0x83F1, 0x3D7A, 0x3D7A, 0x3D7A, 0x3D7A, 0x3D7A, 0x3D7A, 0x3D7A, 0x3D7A, 0xFDEF, 0xFDEF, 0xFDEF, 0xFDEF, 0xFDEF, 0xFDEF, 0xFDEF,
    0xFE2F, 0xFE2F, 0xFE2F, 0xFE2F, 0xFE2F, 0xFE2F, 0xFE2F, 0x2966, 0x2966, 0x2966, 0x2966, 0x2966, 0x0000, 0x0000, 0x0000, 0x0000,
    0x0000, 0x0000, 0x0000, 0x0000, 0x0000, 0x0000, 0x0000, 0x0000, 0x0000, 0x0000, 0x0000, 0x0000, 0x0000, 0x0000, 0x0000, 0x0000,
    0x0000, 0x0000, 0x0000, 0x0000, 0x0000, 0x0000, 0x0000, 0x0000, 0x0000, 0x0000, 0x0000, 0x0000, 0x0000, 0x0000, 0x0000, 0x0000,
    0x0000, 0x0000, 0x0000, 0x0000, 0x0000, 0x0000, 0x0000, 0x0000, 0x0000, 0x0000, 0x0000, 0x0000, 0x0000, 0x0000, 0x0000, 0x0000,
    0x0000, 0x0000, 0x0000, 0x0000, 0x0000, 0x0000, 0x0000, 0x0000, 0x0000, 0x0000, 0x0000, 0x0000, 0x0000, 0x0000, 0x0000, 0x0000,
    0x0000, 0x0000, 0x0000, 0x0000, 0x9B89, 0xCCCD, 0x3188, 0x3188, 0x3188, 0x3188, 0xCCAD, 0xCCAD, 0xCCAD, 0xCCAD, 0xCCAD, 0xCCAD,
    0xCCAD, 0xCCAD, 0xCCAD, 0xCCAD, 0xDD2E, 0xDD0E, 0xDD2E, 0xFDEF, 0xFE2F, 0xFE2F, 0xFE2F, 0xFE2F, 0xFDEF, 0xFDEF, 0xFDEF, 0xFDEF,
    0xFDEF, 0xFDEF, 0xFDEF, 0xFDEF, 0xFDEF, 0xFDEF, 0xFDEF, 0xED6E, 0xED6E, 0xED6E, 0xF56E, 0xED6E, 0xF56E, 0xED6E, 0xED6E, 0xED6E,
    0xED6E, 0xED6E, 0x3187, 0x3187, 0x3187, 0x2967, 0x3187, 0xFE2F, 0xFE2F, 0xFE2F, 0xFE0F, 0xFDEF, 0xFDEF, 0xFDEF, 0xFDEF, 0xFDEF,
    0xFDEF, 0xFDEF, 0xFDEF, 0xF5AF, 0x1989, 0x198A, 0x198A, 0x1989, 0x1989, 0x1989, 0x1989, 0x1989, 0x1989, 0x198A, 0x1989, 0xCCAC,
    0xCC8C, 0xCCAC, 0xED8E, 0x6B4F, 0x6B4F, 0x6B4F, 0x6B4F, 0x6B4F, 0x6B4F, 0x736F, 0x736F, 0x738F, 0x7390, 0x7BB0, 0x7BD0, 0x7BD1,
    0x83F1, 0x83F1, 0x8411, 0x9CF4, 0xD69B, 0xD6BB, 0xDEBB, 0xDEDB, 0xE6FC, 0xE71C, 0xE73D, 0xEF3D, 0xEF5D, 0xEF7E, 0xF79E, 0xF7BE,
    0xF7BF, 0xFFDF, 0xFFFF, 0xFFFF, 0xFFFF, 0xFFFF, 0xFFFF, 0xFFFF, 0xFFFF, 0xFFFF, 0xFFFF, 0xFFFF, 0xFFFF, 0xFFFF, 0xFFFF, 0xFFFF,
    0xFFFF, 0xFFFF, 0xFFFF, 0xFFFF, 0xFFFF, 0xFFFF, 0xFFFF, 0xFFFF, 0xFFFF, 0xFFFF, 0xFFFF, 0xFFFF, 0xFFFF, 0xFFFF, 0xFFFF, 0xFFFF,
    0xFFFF, 0xFFFF, 0xFFFF, 0xFFFF, 0xFFFF, 0xFFFF, 0xFFFF, 0xFFFF, 0xFFFF, 0xFFFF, 0xFFFF, 0xFFDF, 0xB597, 0xA535, 0xA535, 0xA535,
    0xA535, 0xA535, 0xA535, 0xA535, 0xA535, 0xA535, 0xA535, 0xA535, 0xA515, 0xA515, 0x9CF4, 0x9CF4, 0x9CD3, 0xCCAD, 0xDD0D, 0xDD2E,
    0xDD2E, 0xDD2E, 0xDD4E, 0xDD4E, 0xDD4E, 0xDD4E, 0xDD2E, 0xDD2E, 0xDD2E, 0xDD2E, 0xDD2E, 0xDD2E, 0xDD2E, 0xDD2E, 0xDD0E, 0xDD0E,
    0xDD0E, 0xDD2E, 0xCCAD, 0xCCAD, 0xD4AD, 0xED6E, 0xED6E, 0xED6E, 0xF56E, 0x2967, 0x3167, 0x3187, 0x2967, 0x3187, 0xFDEF, 0xFDEF,
    0xFDEF, 0xFE2F, 0xFE2F, 0xFE2F, 0xFE2F, 0xFDEF, 0xFDEF, 0xFDEF, 0xFDEF, 0xFDEF, 0xFDEF, 0xFDEF, 0xFDEF, 0xAD16, 0xAD16, 0x83F1,
    0x83F1, 0x3D7A, 0x3D7A, 0x3D7A, 0x3D7A, 0x3D7A, 0x3D7A, 0x3D7A, 0x3D7A, 0xED6E, 0xED6E, 0xED6E, 0xFDEF, 0xFDEF, 0xFDEF, 0xFDEF,
    0xFE2F, 0xFE2F, 0xFE2F, 0xFE2F, 0xFDEF, 0xFDEF, 0xFDEF, 0x3187, 0x3187, 0x3187, 0x3167, 0x2967, 0x0000, 0x0000, 0x0000, 0x0000,
    0x0000, 0x0000, 0x0000, 0x0000, 0x0000, 0x0000, 0x0000, 0x0000, 0x0000, 0x0000, 0x0000, 0x0000, 0x0000, 0x0000, 0x0000, 0x0000,
    0x0000, 0x0000, 0x0000, 0x0000, 0x0000, 0x0000, 0x0000, 0x0000, 0x0000, 0x0000, 0x0000, 0x0000, 0x0000, 0x0000, 0x0000, 0x0000,
    0x0000, 0x0000, 0x0000, 0x0000, 0x0000, 0x0000, 0x0000, 0x0000, 0x0000, 0x0000, 0x0000, 0x0000, 0x0000, 0x0000, 0x0000, 0x0000,
    0x0000, 0x0000, 0x0000, 0x0000, 0x0000, 0x0000, 0x0000, 0x0000, 0x0000, 0x0000, 0x0000, 0x0000, 0x0000, 0x0000, 0x0000, 0x0000,
    0x0000, 0x0000, 0x0000, 0x0000, 0x9B89, 0xDD2E, 0xDD0E, 0xDD0E, 0xCCAD, 0xCCAD, 0xCCAD, 0xCCAD, 0xCCAD, 0xCCAD, 0xCCAD, 0xCCAD,
    0xCCAD, 0xCCAD, 0xCCAD, 0xCCAD, 0xDD2E, 0xDD0E, 0xDD2E, 0xFDEF, 0xFE2F, 0xFE2F, 0xFE2F, 0xFE2F, 0xFDEF, 0xFDEF, 0xFDEF, 0xFDEF,
    0xFDEF, 0xFDEF, 0xFDEF, 0xFDEF, 0xFDEF, 0xFDEF, 0xFDEF, 0xED6E, 0xED6E, 0xED6E, 0xED6E, 0xED6E, 0xED6E, 0xED6E, 0xED6E, 0xED6E,
    0xED6E, 0xED6E, 0xED6E, 0xFDEF, 0xFDEF, 0xFDEF, 0xFDEF, 0xFE2F, 0xFE2F, 0xFE2F, 0xFE2F, 0xFDEF, 0xFDEF, 0xFDEF, 0xFDEF, 0xFDEF,
    0xFDEF, 0xFDEF, 0xFDEF, 0xFDEF, 0xFDCF, 0xDD0D, 0xCCAC, 0xCCAC, 0xCCAC, 0xCCAC, 0xCCAC, 0xCC8C, 0xCCAC, 0xCCAC, 0xCCAC, 0xCC8C,
    0xCCAC, 0xCCAC, 0xF58E, 0xFDEF, 0xFDEF, 0xA42F, 0x6B4F, 0x6B4F, 0x734F, 0x736F, 0x738F, 0x7390, 0x7BB0, 0x7BB0, 0x7BD0, 0x7BD1,
    0x83F1, 0x8411, 0x8411, 0x8432, 0x8C32, 0x8C52, 0x8C52, 0x8C72, 0x9473, 0xA535, 0xE73D, 0xEF5D, 0xEF5D, 0xEF7E, 0xF79E, 0xF7BE,
    0xFFBF, 0xFFDF, 0xFFFF, 0xFFFF, 0xFFFF, 0xFFFF, 0xFFFF, 0xFFFF, 0xFFFF, 0xFFFF, 0xFFFF, 0xFFFF, 0xFFFF, 0xFFFF, 0xFFFF, 0xFFFF,
    0xFFFF, 0xFFFF, 0xFFFF, 0xFFFF, 0xFFFF, 0xFFFF, 0xFFFF, 0xFFFF, 0xFFFF, 0xFFFF, 0xFFFF, 0xFFFF, 0xFFFF, 0xFFFF, 0xFFFF, 0xFFFF,
    0xFFFF, 0xFFFF, 0xFFFF, 0xFFFF, 0xFFFF, 0xFFDF, 0xAD76, 0xA535, 0xA535, 0xA535, 0xA535, 0xA535, 0xA535, 0xA535, 0xA535, 0xA535,
    0xA535, 0xA535, 0xA535, 0xA535, 0xA535, 0xA535, 0xA535, 0xA535, 0xA515, 0xA515, 0xC4AF, 0xCCAD, 0xCCAD, 0xCCAD, 0xDD0D, 0xDD0E,
    0xDD2E, 0xDD2E, 0xDD4E, 0xDD4E, 0xDD4E, 0xDD4E, 0xDD0E, 0xDD0E, 0xDD2E, 0xDD0E, 0xDD2E, 0xDD2E, 0xDD2E, 0xDD2E, 0xDD2E, 0xDD2E,
    0xDD2E, 0xDD0E, 0xED4E, 0xED6E, 0xED6E, 0xED6E, 0xED6E, 0xED6E, 0xED6E, 0xED6E, 0xED6E, 0xED6E, 0xED6E, 0xFDEF, 0xFDEF, 0xFDEF,
    0xFDEF, 0xFE2F, 0xFE2F, 0xFE2F, 0xFE2F, 0xFDEF, 0xFDEF, 0xFDEF, 0xFDEF, 0xFDEF, 0xFDEF, 0xFDEF, 0xFDEF, 0xA4F5, 0xA4F6, 0x7BD0,
    0x7BD0, 0x3D7A, 0x3D7A, 0x3D7A, 0x3D7A, 0x3D7A, 0x3D7A, 0x3D7A, 0x3D7A, 0xDD72, 0xED6E, 0xED6E, 0xFDEF, 0xFDEF, 0xFDEF, 0xFDEF,
    0xFE2F, 0xFE2F, 0xFE2F, 0xFE2F, 0xFDEF, 0xFDEF, 0xFDEF, 0xFDEF, 0xFDEF, 0xFDEF, 0xFDEF, 0xFDEF, 0x0000, 0x0000, 0x0000, 0x0000,
    0x0000, 0x0000, 0x0000, 0x0000, 0x0000, 0x0000, 0x0000, 0x0000, 0x0000, 0x0000, 0x0000, 0x0000, 0x0000, 0x0000, 0x0000, 0x0000,
    0x0000, 0x0000, 0x0000, 0x0000, 0x0000, 0x0000, 0x0000, 0x0000, 0x0000, 0x0000, 0x0000, 0x0000, 0x0000, 0x0000, 0x0000, 0x0000,
    0x0000, 0x0000, 0x0000, 0x0000, 0x0000, 0x0000, 0x0000, 0x0000, 0x0000, 0x0000, 0x0000, 0x0000, 0x0000, 0x0000, 0x0000, 0x0000,
    0x0000, 0x0000, 0x0000, 0x0000, 0x0000, 0x0000, 0x0000, 0x0000, 0x0000, 0x0000, 0x0000, 0x0000, 0x0000, 0x0000, 0x0000, 0x0000,
    0x0000, 0x0000, 0x0000, 0x0000, 0x9BC9, 0xDD4E, 0xDD4E, 0xDD4E, 0xDD2E, 0xDD2E, 0xDD2E, 0xDD2E, 0xDD4E, 0xDD4E, 0xDD4E, 0xDD4E,
    0xDD0E, 0xDD2E, 0xDD0E, 0xDD2E, 0xDD0E, 0xDD2E, 0xDD2E, 0xFDEF, 0xFE2F, 0xFE2F, 0xFE2F, 0xFE2F, 0xFDEF, 0xFDEF, 0xFDEF, 0xFDEF,
    0xFE2F, 0xFE2F, 0xFE2F, 0xFE2F, 0xFE2F, 0xFE2F, 0xFE2F, 0xFDEF, 0xFDEF, 0xFDEF, 0xFDEF, 0xFE2F, 0xFE2F, 0xFE2F, 0xFE2F, 0xFDEF,
    0xFDEF, 0xFDEF, 0xFDEF, 0xFDEF, 0xFDEF, 0xFDEF, 0xFDEF, 0xFE2F, 0xFE2F, 0xFE2F, 0xFE2F, 0xFDEF, 0xFDEF, 0xFDEF, 0xFE2F, 0xFE2F,
    0xFE2F, 0xFE2F, 0xFE2F, 0xFE2F, 0xFE2F, 0xFE2F, 0xE54D, 0xDD0D, 0xDD0D, 0xDD0D, 0xDD4D, 0xDD4D, 0xDD4D, 0xDD4D, 0xDD0D, 0xDD0D,
    0xDD0D, 0xDD0D, 0xF58E, 0xFDEF, 0xFDEF, 0xFDEF, 0xFE2F, 0x9C0F, 0x734F, 0x736F, 0x738F, 0x7BB0, 0x7BB0, 0x7BD0, 0x7BD0, 0x83F1,
    0x83F1, 0x8411, 0x8411, 0x8432, 0x8C52, 0x8C52, 0x8C52, 0x9473, 0x9493, 0x9493, 0x94B3, 0x94B4, 0x9CD4, 0x9CD4, 0xB597, 0xF7BE,
    0xFFBF, 0xFFDF, 0xFFFF, 0xFFFF, 0xFFFF, 0xFFFF, 0xFFFF, 0xFFFF, 0xFFFF, 0xFFFF, 0xFFFF, 0xFFFF, 0xFFFF, 0xFFFF, 0xFFFF, 0xFFFF,
    0xFFFF, 0xFFFF, 0xFFFF, 0xFFFF, 0xFFFF, 0xFFFF, 0xFFFF, 0xFFFF, 0xFFFF, 0xFFFF, 0xFFFF, 0xFFFF, 0xFFFF, 0xFFFF, 0xFFFF, 0xFFFF,
    0xFFDF, 0xAD76, 0xA535, 0xA535, 0xA535, 0xA535, 0xA535, 0xA535, 0xA535, 0xA535, 0xA535, 0xA535, 0xA535, 0xA535, 0xA535, 0xA535,
    0xA535, 0xA535, 0xA535, 0xA535, 0xA535, 0xA535, 0xA535, 0xA535, 0xD54F, 0xDD4E, 0xDD4E, 0xDD0E, 0xDD0E, 0xDD2E, 0xDD2E, 0xDD2E,
    0xDD0E, 0xDD2E, 0xDD4E, 0xDD4E, 0xDD4E, 0xDD4E, 0xDD2E, 0xDD2E, 0xDD2E, 0xDD2E, 0xDD4E, 0xDD4E, 0xDD4E, 0xDD4E, 0xDD4E, 0xDD4E,
    0xFE0F, 0xFE2F, 0xFDEF, 0xFDEF, 0xFDEF, 0xFDEF, 0xFE2F, 0xFE2F, 0xFE2F, 0xFDEF, 0xFDEF, 0xFDEF, 0xFDEF, 0xFDEF, 0xFDEF, 0xFDEF,
    0xFDEF, 0xFE2F, 0xFE2F, 0xFE2F, 0xFE2F, 0xFDEF, 0xFDEF, 0xFDEF, 0xFDEF, 0xFE2F, 0xFE2F, 0xFE2F, 0xFE2F, 0xA4D5, 0xA4D5, 0x7BB0,
    0x7BB0, 0x3D7A, 0x3D7A, 0x3D7A, 0x3D7A, 0x3D7A, 0x3D7A, 0x3D7A, 0x3D7A, 0x3D7A, 0xFDEF, 0xFDEF, 0xFDEF, 0xFDEF, 0xFDEF, 0xFDEF,
    0xFE2F, 0xFE2F, 0xFE2F, 0xFE2F, 0xFDEF, 0xFDEF, 0xFDEF, 0xFDEF, 0xFE2F, 0xFE2F, 0xFE2F, 0xFE2F, 0x0000, 0x0000, 0x0000, 0x0000,
    0x0000, 0x0000, 0x0000, 0x0000, 0x0000, 0x0000, 0x0000, 0x0000, 0x0000, 0x0000, 0x0000, 0x0000, 0x0000, 0x0000, 0x0000, 0x0000,
    0x0000, 0x0000, 0x0000, 0x0000, 0x0000, 0x0000, 0x0000, 0x0000, 0x0000, 0x0000, 0x0000, 0x0000, 0x0000, 0x0000, 0x0000, 0x0000,
    0x0000, 0x0000, 0x0000, 0x0000, 0x0000, 0x0000, 0x0000, 0x0000, 0x0000, 0x0000, 0x0000, 0x0000, 0x0000, 0x0000, 0x0000, 0x0000,
    0x0000, 0x0000, 0x0000, 0x0000, 0x0000, 0x0000, 0x0000, 0x0000, 0x0000, 0x0000, 0x0000, 0x0000, 0x0000, 0x0000, 0x0000, 0x0000,
    0x0000, 0x0000, 0x0000, 0x0000, 0x9BC9, 0xDD4E, 0xDD4E, 0xDD4E, 0xDD2E, 0xCDD5, 0xCDD5, 0xCDD5, 0xCDD5, 0xCDD5, 0xDD4E, 0xDD4E,
    0xDD2E, 0xDD0E, 0xDD2E, 0xDD0E, 0xDD2E, 0xDD0E, 0xDD2E, 0xFDEF, 0xFE2F, 0xFE2F, 0xFE2F, 0xFE2F, 0xFDEF, 0xFDEF, 0xFDEF, 0xFDEF,
    0xFE2F, 0xFE2F, 0xFE2F, 0xFE2F, 0xFE2F, 0xFE2F, 0xFE2F, 0xFDEF, 0xFDEF, 0xFDEF, 0xFDEF, 0xFE2F, 0xFE2F, 0xFE2F, 0xFE2F, 0xFDEF,
    0xFDEF, 0xFDEF, 0xFDEF, 0xFDEF, 0xFDEF, 0xFDEF, 0xFDEF, 0xFE2F, 0xFE2F, 0xFE2F, 0xFE2F, 0xFDEF, 0xFDEF, 0xFDEF, 0xFE2F, 0xFE2F,
    0xFE2F, 0xFE2F, 0xFE2F, 0xFE2F, 0xFE2F, 0xFE2F, 0xFDEF, 0xFDEF, 0xFDEF, 0xFDEF, 0xFE2F, 0xFE2F, 0xFE2F, 0xFE2F, 0xFDEF, 0xFDEF,
    0xFDEF, 0xFDEF, 0xFDEF, 0xFDEF, 0xFDEF, 0xFDEF, 0xFE2F, 0xFE2F, 0xFE2F, 0xF58E, 0xDD2E, 0xDD2E, 0xCCCE, 0x7BD0, 0x7BD1, 0x83F1,
    0x8411, 0x8411, 0x8432, 0x8C32, 0x8C52, 0x8C52, 0x8C72, 0x9473, 0x9493, 0x9493, 0x94B3, 0x9CB4, 0x9CD4, 0x9CD4, 0x9CF4, 0x9CF5,
    0xA515, 0xA515, 0xA535, 0xA535, 0xA535, 0xA535, 0xA535, 0xA535, 0xA535, 0xA535, 0xA535, 0xA535, 0xA535, 0xA535, 0xA535, 0xA535,
    0xA535, 0xA535, 0xA535, 0xA535, 0xA535, 0xA535, 0xA535, 0xA535, 0xA535, 0xA535, 0xA535, 0xA535, 0xA535, 0xA535, 0xA535, 0xA535,
    0xA535, 0xA535, 0xA535, 0xA535, 0xA535, 0xA535, 0xA535, 0xA535, 0xA535, 0xA535, 0xA535, 0xA535, 0xA535, 0xA535, 0xA535, 0xA535,
    0xA535, 0xA535, 0xAD35, 0xD52F, 0xDD2E, 0xDD0E, 0xDD2E, 0xDD4E, 0xDD4E, 0xDD4E, 0xDD4E, 0xDD2E, 0xDD0E, 0xDD2E, 0xDD2E, 0xDD2E,
    0xDD0E, 0xDD0E, 0xDD4E, 0xDD4E, 0xDD4E, 0xDD4E, 0xDD2E, 0xDD0E, 0xDD2E, 0xDD0E, 0xDD4E, 0xDD4E, 0xDD4E, 0xDD4E, 0xFE2F, 0xFE2F,
    0xFE2F, 0xFE2F, 0xFDEF, 0xFDEF, 0xFDEF, 0xFDEF, 0xFE2F, 0xFE2F, 0xFE2F, 0xFDEF, 0xFDEF, 0xFDEF, 0xFDEF, 0xFDEF, 0xFDEF, 0xFDEF,
    0xFDEF, 0xFE2F, 0xFE2F, 0xFE2F, 0xFE2F, 0xFDEF, 0xFDEF, 0xFDEF, 0xFDEF, 0xFE2F, 0xFE2F, 0xFE2F, 0xFE2F, 0x9CD4, 0x9CD4, 0x7BB0,
    0x7BD0, 0x3D7A, 0x3D7A, 0x3D7A, 0x3D7A, 0x3D7A, 0x3D7A, 0x3D7A, 0x3D7A, 0x3D7A, 0x3D7A, 0xFDEF, 0xFDEF, 0xFDEF, 0xFDEF, 0xFDEF,
    0xFE2F, 0xFE2F, 0xFE2F, 0xFE2F, 0xFDEF, 0xFDEF, 0xFDEF, 0xFDEF, 0xFE2F, 0xFE2F, 0xFE2F, 0xFE2F, 0x0000, 0x0000, 0x0000, 0x0000,
    0x0000, 0x0000, 0x0000, 0x0000, 0x0000, 0x0000, 0x0000, 0x0000, 0x0000, 0x0000, 0x0000, 0x0000, 0x0000, 0x0000, 0x0000, 0x0000,
    0x0000, 0x0000, 0x0000, 0x0000, 0x0000, 0x0000, 0x0000, 0x0000, 0x0000, 0x0000, 0x0000, 0x0000, 0x0000, 0x0000, 0x0000, 0x0000,
    0x0000, 0x0000, 0x0000, 0x0000, 0x0000, 0x0000, 0x0000, 0x0000, 0x0000, 0x0000, 0x0000, 0x0000, 0x0000, 0x0000, 0x0000, 0x0000,
    0x0000, 0x0000, 0x0000, 0x0000, 0x0000, 0x0000, 0x0000, 0x0000, 0x0000, 0x0000, 0x0000, 0x0000, 0x0000, 0x0000, 0x0000, 0x0000,
    0x0000, 0x0000, 0x0000, 0x0000, 0x9BC9, 0xDD4E, 0xDD4E, 0xDD4E, 0xDD0E, 0xE73C, 0xE73C, 0xE73C, 0xE73C, 0xE73C, 0xDD4E, 0xDD4E,
    0xDD2E, 0xDD0E, 0xDD2E, 0xDD2E, 0xDD2E, 0xDD2E, 0xDD2E, 0xFDEF, 0xFE2F, 0xFE2F, 0xFE2F, 0xFE2F, 0xFDEF, 0xFDEF, 0xFDEF, 0xFDEF,
    0xFE2F, 0xFE2F, 0xFE2F, 0xFE2F, 0xFE2F, 0xFE2F, 0xFE2F, 0xFDEF, 0xFDEF, 0xFDEF, 0xFDEF, 0xFE2F, 0xFE2F, 0xFE2F, 0xFE2F, 0xFDEF,
    0xFDEF, 0xFDEF, 0xFDEF, 0xFDEF, 0xFDEF, 0xFDEF, 0xFDEF, 0xFE2F, 0xFE2F, 0xFE2F, 0xFE2F, 0xFDEF, 0xFDEF, 0xFDEF, 0xFE2F, 0xFE2F,
    0xFE2F, 0xFE2F, 0xFE2F, 0xFE2F, 0xFE2F, 0xFE2F, 0xFDEF, 0xFDEF, 0xFDEF, 0xFDEF, 0xFE2F, 0xFE2F, 0xFE2F, 0xFE2F, 0xFDEF, 0xFDEF,
    0xFDEF, 0xFDEF, 0xFDEF, 0xFDEF, 0xFDEF, 0xFDEF, 0xFE2F, 0xFE2F, 0xFE2F, 0xFDEF, 0xFDEF, 0xFDEF, 0xDD0E, 0xDD4E, 0xDD4E, 0xDD4E,
    0xDD4E, 0xDD4E, 0xB4D0, 0x8C52, 0x8C52, 0x8C52, 0x9473, 0x9493, 0x9493, 0x9493, 0x94B3, 0x9CB4, 0x9CD4, 0x9CD4, 0x9CF4, 0xA4F5,
    0xA515, 0xA515, 0xA535, 0xA535, 0xA535, 0xA535, 0xA535, 0xA535, 0xA535, 0xA535, 0xA535, 0xA535, 0xA535, 0xA535, 0xA535, 0xA535,
    0xA535, 0xA535, 0xA535, 0xA535, 0xA535, 0xA535, 0xA535, 0xA535, 0xA535, 0xA535, 0xA535, 0xA535, 0xA535, 0xA535, 0xA535, 0xA535,
    0xA535, 0xA535, 0xA535, 0xA535, 0xA535, 0xA535, 0xA535, 0xA535, 0xA535, 0xA535, 0xA535, 0xA535, 0xAD35, 0xD54F, 0xDD4E, 0xDD4E,
    0xDD4E, 0xDD4E, 0xDD4E, 0xDD0E, 0xDD0E, 0xDD2E, 0xDD2E, 0xDD4E, 0xDD4E, 0xDD4E, 0xDD2E, 0xDD0E, 0xDD2E, 0xDD2E, 0xDD2E, 0xDD2E,
    0xDD2E, 0xDD2E, 0xDD4E, 0xDD4E, 0xDD4E, 0xDD4E, 0xDD2E, 0xDD2E, 0xDD2E, 0xDD0E, 0xDD4E, 0xE58E, 0xFE2F, 0xFE2F, 0xFE2F, 0xFE2F,
    0xFE2F, 0xFE2F, 0xFDEF, 0xFDEF, 0xFDEF, 0xFDEF, 0xFE2F, 0xFE2F, 0xFE2F, 0xFDEF, 0xFDEF, 0xFDEF, 0xFDEF, 0xFDEF, 0xFDEF, 0xFDEF,
    0xFDEF, 0xFE2F, 0xFE2F, 0xFE2F, 0xFE2F, 0xFDEF, 0xFDEF, 0xFDEF, 0xFDEF, 0xFE2F, 0xFE2F, 0xFE2F, 0xFE2F, 0x9CB4, 0x9CB4, 0x7BAF,
    0x7BD0, 0x2372, 0x3D7A, 0x3D7A, 0x3D7A, 0x3D7A, 0x3D7A, 0x3D7A, 0x3D7A, 0x3D7A, 0x3D7A, 0x3D7A, 0xAD97, 0xFDEF, 0xFDEF, 0xFDEF,
    0xFE2F, 0xFE2F, 0xFE2F, 0xFE2F, 0xFDEF, 0xFDEF, 0xFDEF, 0xFDEF, 0xFE2F, 0xFE2F, 0xFE2F, 0xFE2F, 0x0000, 0x0000, 0x0000, 0x0000,
    0x0000, 0x0000, 0x0000, 0x0000, 0x0000, 0x0000, 0x0000, 0x0000, 0x0000, 0x0000, 0x0000, 0x0000, 0x0000, 0x0000, 0x0000, 0x0000,
    0x0000, 0x0000, 0x0000, 0x0000, 0x0000, 0x0000, 0x0000, 0x0000, 0x0000, 0x0000, 0x0000, 0x0000, 0x0000, 0x0000, 0x0000, 0x0000,
    0x0000, 0x0000, 0x0000, 0x0000, 0x0000, 0x0000, 0x0000, 0x0000, 0x0000, 0x0000, 0x0000, 0x0000, 0x0000, 0x0000, 0x0000, 0x0000,
    0x0000, 0x0000, 0x0000, 0x0000, 0x0000, 0x0000, 0x0000, 0x0000, 0x0000, 0x0000, 0x0000, 0x0000, 0x0000, 0x0000, 0x0000, 0x0000,
    0x0000, 0x0000, 0x0000, 0x0000, 0x9B89, 0xDD0E, 0xDD2E, 0xDD0E, 0xDD2E, 0xC638, 0xC638, 0xC638, 0xC638, 0xC638, 0x8C32, 0xDD4E,
    0xDD2E, 0xDD0E, 0xDD2E, 0xDD2E, 0xCCAD, 0xCCAD, 0xCCAD, 0xED6E, 0xF56E, 0xED6E, 0xED6E, 0xED6E, 0xED6E, 0xED6E, 0xED6E, 0xF56E,
    0xFDEF, 0xFDEF, 0xFDEF, 0xFDEF, 0xFDEF, 0xFDEF, 0xFDEF, 0xFDEF, 0xFDEF, 0xFDEF, 0xFDEF, 0xFE2F, 0xFE2F, 0xFE2F, 0xFE2F, 0xFDEF,
    0xFDEF, 0xFDEF, 0xFDEF, 0xED6E, 0xED6E, 0xED6E, 0xED6E, 0xED6E, 0xED6E, 0xED6E, 0xED6E, 0xED6E, 0xED6E, 0xED6E, 0xFDEF, 0xFDEF,
    0xFDEF, 0xFDEF, 0xFDEF, 0xFDEF, 0xFDEF, 0xFDEF, 0xFDEF, 0xFDEF, 0xFDEF, 0xFDEF, 0xFE2F, 0xFE2F, 0xFE2F, 0xFE2F, 0xFDEF, 0xFDEF,
    0xFDEF, 0xFDEF, 0xED6E, 0xED6E, 0xED6E, 0xED6E, 0xED6E, 0xED6E, 0xED6E, 0xED6E, 0xED6E, 0xED6E, 0xED6E, 0xFDEF, 0xDD2E, 0xDD0E,
    0xDD2E, 0xDD2E, 0xDD2E, 0xDD2E, 0xDD4E, 0xDDCF, 0xDDCF, 0xCD70, 0x9493, 0x94B3, 0x94B4, 0x9CD4, 0x9CD4, 0x9CF4, 0x9CF4, 0x9CF4,
    0xA515, 0xA515, 0xA535, 0xA535, 0xA535, 0xA535, 0xA535, 0xA535, 0xA535, 0xA535, 0xA535, 0xA535, 0xA535, 0xA535, 0xA535, 0xA535,
    0xA535, 0xA535, 0xA535, 0xA535, 0xA535, 0xA535, 0xA535, 0xA535, 0xA535, 0xA535, 0xA535, 0xA535, 0xA535, 0xA535, 0xA535, 0xA535,
    0xA535, 0xA535, 0xA535, 0xA535, 0xA535, 0xA535, 0xA535, 0xAD35, 0xDDCF, 0xDDCF, 0xDDCF, 0xDDAE, 0xDD2E, 0xDD0E, 0xDD2E, 0xDD0E,
    0xDD2E, 0xDD0E, 0xDD2E, 0xDD2E, 0xDD2E, 0xDD0E, 0xDD2E, 0xDD4E, 0xDD4E, 0xDD4E, 0xDD4E, 0xDD2E, 0xDD2E, 0xDD2E, 0xD4CD, 0xCCAD,
    0xCCAD, 0xCCAD, 0xCCAD, 0xD4AD, 0xCCAD, 0xCCAD, 0xCCAD, 0xCCAD, 0xCCAD, 0xD4CD, 0xFDEF, 0xFDEF, 0xFDEF, 0xFDEF, 0xFDEF, 0xFDEF,
    0xFDEF, 0xFDEF, 0xFDEF, 0xFDEF, 0xFDEF, 0xFDEF, 0xFE2F, 0xFE2F, 0xFE2F, 0xFDEF, 0xFDEF, 0xFDEF, 0xFDEF, 0xED6E, 0xED6E, 0xED6E,
    0xED6E, 0xED6E, 0xED6E, 0xED6E, 0xED6E, 0xED6E, 0xED6E, 0xED6E, 0xED6E, 0xFDEF, 0xFDEF, 0xFDEF, 0xFDEF, 0x9C93, 0x9C94, 0x7BB0,
    0x83F0, 0x2372, 0x34D8, 0x3D7A, 0x3D7A, 0x3D7A, 0x3D7A, 0x3D7A, 0x3D7A, 0x3D7A, 0x3D7A, 0x3D7A, 0x3D7A, 0x3D7A, 0xED6E, 0xED6E,
    0xED6E, 0xED6E, 0xED6E, 0xED6E, 0xED6E, 0xED6E, 0xED6E, 0xED6E, 0xFDEF, 0xFDEF, 0xFDEF, 0xFDEF, 0x0000, 0x0000, 0x0000, 0x0000,
    0x0000, 0x0000, 0x0000, 0x0000, 0x0000, 0x0000, 0x0000, 0x0000, 0x0000, 0x0000, 0x0000, 0x0000, 0x0000, 0x0000, 0x0000, 0x0000,
    0x0000, 0x0000, 0x0000, 0x0000, 0x0000, 0x0000, 0x0000, 0x0000, 0x0000, 0x0000, 0x0000, 0x0000, 0x0000, 0x0000, 0x0000, 0x0000,
    0x0000, 0x0000, 0x0000, 0x0000, 0x0000, 0x0000, 0x0000, 0x0000, 0x0000, 0x0000, 0x0000, 0x0000, 0x0000, 0x0000, 0x0000, 0x0000,
    0x0000, 0x0000, 0x0000, 0x0000, 0x0000, 0x0000, 0x0000, 0x0000, 0x0000, 0x0000, 0x0000, 0x0000, 0x0000, 0x0000, 0x0000, 0x0000,
    0x0000, 0x0000, 0x0000, 0x0000, 0x9B89, 0xDD2E, 0xDD2E, 0xDD2E, 0xDD0E, 0xC5F8, 0xB596, 0xC618, 0xF77E, 0x6B0D, 0xA4D5, 0xBCF0,
    0xDD0E, 0xDD2E, 0xDD2E, 0xDD0E, 0xCCAD, 0xCCAD, 0xCCAD, 0xED6E, 0xED6E, 0xED6E, 0xED6E, 0xED6E, 0xF56E, 0xED6E, 0xED6E, 0xF56E,
    0xFDEF, 0xFDEF, 0xFDEF, 0xFDEF, 0xFDEF, 0xFDEF, 0xFDEF, 0xFDEF, 0xFDEF, 0xFDEF, 0xFDEF, 0xFE2F, 0xFE2F, 0xFE2F, 0xFE2F, 0xFDEF,
    0xFDEF, 0xFDEF, 0xFDEF, 0xED6E, 0xED6E, 0xED6E, 0xED6E, 0xED6E, 0xED6E, 0xED6E, 0xF56E, 0xF56E, 0xED6E, 0xED6E, 0xFDEF, 0xFDEF,
    0xFDEF, 0xFDEF, 0xFDEF, 0xFDEF, 0xFDEF, 0xFDEF, 0xFDEF, 0xFDEF, 0xFDEF, 0xFDEF, 0xFE2F, 0xFE2F, 0xFE2F, 0xFE2F, 0xFDEF, 0xFDEF,
    0xFDEF, 0xFDEF, 0xED6E, 0xED6E, 0xED6E, 0xED6E, 0xED6E, 0xED6E, 0xED6E, 0xED6E, 0xED6E, 0xED6E, 0xED6E, 0xFDEF, 0xFDEF, 0xFDEF,
    0xDD0E, 0xDD2E, 0xDD0E, 0xDD2E, 0xDD4E, 0xDDCE, 0xDDCF, 0xDDCE, 0xDDCE, 0xDDCE, 0xDDAE, 0xDD0D, 0xDD0D, 0xC510, 0x9CF4, 0xA4F5,
    0xA515, 0xA515, 0xA535, 0xA535, 0xA535, 0xA535, 0xA535, 0xA535, 0xA535, 0xA535, 0xA535, 0xA535, 0xA535, 0xA535, 0xA535, 0xA535,
    0xA535, 0xA535, 0xA535, 0xA535, 0xA535, 0xA535, 0xA535, 0xA535, 0xA535, 0xA535, 0xA535, 0xA535, 0xA535, 0xA535, 0xA535, 0xA535,
    0xA535, 0xAD35, 0xD52E, 0xDD0D, 0xDD2D, 0xDD4D, 0xDDCF, 0xDDCF, 0xDDCF, 0xDDCF, 0xDDCE, 0xDDAE, 0xDD2E, 0xDD2E, 0xDD2E, 0xDD0E,
    0xDD2E, 0xDD2E, 0xDD2E, 0xDD2E, 0xDD2E, 0xDD2E, 0xDD2E, 0xDD4E, 0xDD4E, 0xDD4E, 0xDD4E, 0xDD2E, 0xDD2E, 0xDD2E, 0xD4CD, 0xCCAD,
    0xCCAD, 0xCCAD, 0xCCAD, 0xCCAD, 0xCCAD, 0xCCAD, 0xCCAD, 0xED4E, 0xED6E, 0xED6E, 0xFDEF, 0xFDEF, 0xFDEF, 0xFDEF, 0xFDEF, 0xFDEF,
    0xFDEF, 0xFDEF, 0xFDEF, 0xFDEF, 0xFDEF, 0xFDEF, 0xFE2F, 0xFE2F, 0xFE2F, 0xFDEF, 0xFDEF, 0xFDEF, 0xFDEF, 0xED6E, 0xED6E, 0xED6E,
    0xED6E, 0xED6E, 0xED6E, 0xED6E, 0xED6E, 0xED6E, 0xED6E, 0xED6E, 0xED6E, 0xFDEF, 0xFDEF, 0xFDEF, 0xFDEF, 0x9473, 0x9CB4, 0x7BD0,
    0x83F0, 0x2372, 0x2372, 0x3D7A, 0x3D7A, 0x3D7A, 0x3D7A, 0x3D7A, 0x3D7A, 0x3D7A, 0x3D7A, 0x3D7A, 0x3D7A, 0x3D7A, 0x3D7A, 0x3D7A,
    0x8D78, 0xED6E, 0xED6E, 0xED6E, 0xED6E, 0xED6E, 0xF56E, 0xED6E, 0xFDEF, 0xFDEF, 0xFDEF, 0xFDEF, 0x0000, 0x0000, 0x0000, 0x0000,
    0x0000, 0x0000, 0x0000, 0x0000, 0x0000, 0x0000, 0x0000, 0x0000, 0x0000, 0x0000, 0x0000, 0x0000, 0x0000, 0x0000, 0x0000, 0x0000,
    0x0000, 0x0000, 0x0000, 0x0000, 0x0000, 0x0000, 0x0000, 0x0000, 0x0000, 0x0000, 0x0000, 0x0000, 0x0000, 0x0000, 0x0000, 0x0000,
    0x0000, 0x0000, 0x0000, 0x0000, 0x0000, 0x0000, 0x0000, 0x0000, 0x0000, 0x0000, 0x0000, 0x0000, 0x0000, 0x0000, 0x0000, 0x0000,
    0x0000, 0x0000, 0x0000, 0x0000, 0x0000, 0x0000, 0x0000, 0x0000, 0x0000, 0x0000, 0x0000, 0x0000, 0x0000, 0x0000, 0x0000, 0x0000,
    0x0000, 0x0000, 0x0000, 0x0000, 0x9BC9, 0xDD4E, 0xDD4E, 0xDD4E, 0xDD4E, 0xC618, 0xB596, 0xC618, 0xF77E, 0x5CF7, 0x7BAF, 0xAD15,
    0xDD0E, 0xDD2E, 0xDD0E, 0xDD0E, 0xDD0E, 0xDD0E, 0xDD0E, 0xFDEF, 0xFE2F, 0xFE2F, 0xFE2F, 0xFE2F, 0xED6E, 0xED6E, 0xED6E, 0xF58E,
    0xFE2F, 0xFE2F, 0xFE2F, 0xFE2F, 0xFE2F, 0xFE2F, 0xFE2F, 0xFE2F, 0xFE2F, 0xFE2F, 0xFE2F, 0xFE2F, 0xFE2F, 0xFE2F, 0xFE2F, 0xFDEF,
    0xFDEF, 0xFDEF, 0xFDEF, 0xFDEF, 0xFDEF, 0xFDEF, 0xFDEF, 0xFE2F, 0xFE2F, 0xFE2F, 0xFE0F, 0xED6E, 0xED6E, 0xED6E, 0xFE2F, 0xFE2F,
    0xFE2F, 0xFE2F, 0xFE2F, 0xFE2F, 0xFE2F, 0xFE2F, 0xFE2F, 0xFE2F, 0xFE2F, 0xFE2F, 0xFE2F, 0xFE2F, 0xFE2F, 0xFE2F, 0xFDEF, 0xFDEF,
    0xFDEF, 0xFDEF, 0xFDEF, 0xFDEF, 0xFDEF, 0xFDEF, 0xFE2F, 0xFE2F, 0xFE2F, 0xED6E, 0xED6E, 0xED6E, 0xED6E, 0xFE2F, 0xFE2F, 0xFE2F,
    0xFE2F, 0xFE2F, 0xDD4E, 0xDD4E, 0xDD6E, 0xDDCF, 0xDDCF, 0xDDCF, 0xDDCE, 0xDDCE, 0xDDAE, 0xDD2D, 0xDD2D, 0xDD2D, 0xDD0D, 0xDD2D,
    0xDD2D, 0xDD0D, 0xD52E, 0xD50E, 0xD50E, 0xD52E, 0xD50E, 0xD52E, 0xD50E, 0xD52E, 0xD52E, 0xD52E, 0xD52E, 0xD52E, 0xD50E, 0xD50E,
    0xD50E, 0xD52E, 0xD50E, 0xD52E, 0xD52E, 0xD52E, 0xD52E, 0xD52E, 0xD50E, 0xD52E, 0xD52E, 0xD52E, 0xD52E, 0xDD0E, 0xDD2D, 0xDD0D,
    0xDD0D, 0xDD2D, 0xDD2D, 0xDD0D, 0xDD0D, 0xDD4D, 0xDDCF, 0xDDCF, 0xDDCF, 0xDDCE, 0xDDCE, 0xDDAE, 0xDD4E, 0xDD4E, 0xDD4E, 0xDD4E,
    0xDD4E, 0xDD4E, 0xDD4E, 0xDD4E, 0xDD4E, 0xDD4E, 0xDD4E, 0xDD4E, 0xDD4E, 0xDD4E, 0xDD4E, 0xDD2E, 0xDD2E, 0xDD2E, 0xDD2E, 0xDD0E,
    0xDD0E, 0xDD2E, 0xDD4E, 0xDD4E, 0xDD4E, 0xFE0F, 0xED6E, 0xED6E, 0xED6E, 0xED6E, 0xFE2F, 0xFE2F, 0xFE2F, 0xFE2F, 0xFE2F, 0xFE2F,
    0xFE2F, 0xFE2F, 0xFE2F, 0xFE2F, 0xFE2F, 0xFE2F, 0xFE2F, 0xFE2F, 0xFE2F, 0xFDEF, 0xFDEF, 0xFDEF, 0xFDEF, 0xFDEF, 0xFDEF, 0xFDEF,
    0xFDEF, 0xFE2F, 0xFE2F, 0xFE2F, 0xFE2F, 0xED6E, 0xED6E, 0xED6E, 0xED6E, 0xFE2F, 0xFE2F, 0xFE2F, 0xFE2F, 0xFE2F, 0xFE2F, 0xFE2F,
    0xFE2F, 0x2372, 0x2373, 0x2373, 0x3519, 0x3D7A, 0x3D7A, 0x3D7A, 0x3D7A, 0x3D7A, 0x3D7A, 0x3D7A, 0x3D7A, 0x3D7A, 0x3D7A, 0x3D7A,
    0x3D7A, 0x3D7A, 0x3D7A, 0x3D7A, 0x3D7A, 0x3D7A, 0x4D7A, 0x6579, 0xBDD6, 0xBDD6, 0xBDD6, 0xBDD6, 0x0000, 0x0000, 0x0000, 0x0000,
    0x0000, 0x0000, 0x0000, 0x0000, 0x0000, 0x0000, 0x0000, 0x0000, 0x0000, 0x0000, 0x0000, 0x0000, 0x0000, 0x0000, 0x0000, 0x0000,
    0x0000, 0x0000, 0x0000, 0x0000, 0x0000, 0x0000, 0x0000, 0x0000, 0x0000, 0x0000, 0x0000, 0x0000, 0x0000, 0x0000, 0x0000, 0x0000,
    0x0000, 0x0000, 0x0000, 0x0000, 0x0000, 0x0000, 0x0000, 0x0000, 0x0000, 0x0000, 0x0000, 0x0000, 0x0000, 0x0000, 0x0000, 0x0000,
    0x0000, 0x0000, 0x0000, 0x0000, 0x0000, 0x0000, 0x0000, 0x0000, 0x0000, 0x0000, 0x0000, 0x0000, 0x0000, 0x0000, 0x0000, 0x0000,
    0x0000, 0x0000, 0x0000, 0x0000, 0x9BC9, 0xDD4E, 0xDD4E, 0xDD4E, 0xDD4E, 0xBDF8, 0xB596, 0xC618, 0xF77E, 0x5CF7, 0x62EC, 0x9472,
    0xA4B2, 0xDD0E, 0xDD0E, 0xDD0E, 0xDD2E, 0xDD0E, 0xDD2E, 0xFDEF, 0xFE2F, 0xFE2F, 0xFE2F, 0xFE2F, 0xF56E, 0xED6E, 0xED6E, 0xF58E,
    0xFE2F, 0xFE2F, 0xFE2F, 0xFE2F, 0xFE2F, 0xFE2F, 0xFE2F, 0xFE2F, 0xFE2F, 0xFE2F, 0xFE2F, 0xFE2F, 0xFE2F, 0xFE2F, 0xFE2F, 0xFDEF,
    0xFDEF, 0xFDEF, 0xFDEF, 0xFDEF, 0xFDEF, 0xFDEF, 0xFDEF, 0xFE2F, 0xFE2F, 0xFE2F, 0xFE0F, 0xED6E, 0xED6E, 0xED6E, 0xFE2F, 0xFE2F,
    0xFE2F, 0xFE2F, 0xFE2F, 0xFE2F, 0xFE2F, 0xFE2F, 0xFE2F, 0xFE2F, 0xFE2F, 0xFE2F, 0xFE2F, 0xFE2F, 0xFE2F, 0xFE2F, 0xFDEF, 0xFDEF,
    0xFDEF, 0xFDEF, 0xFDEF, 0xFDEF, 0xFDEF, 0xFDEF, 0xFE2F, 0xFE2F, 0xFE2F, 0xF56E, 0xED6E, 0xED6E, 0xED6E, 0xFE2F, 0xFE2F, 0xFE2F,
    0xFE2F, 0xFE2F, 0xFE2F, 0xFE2F, 0xF60F, 0xDDCF, 0xDDCF, 0xDDCE, 0xDDCF, 0xDDCE, 0xDDAE, 0xDD2D, 0xDD0D, 0xDD2D, 0xDD2D, 0xDD0D,
    0xDD0D, 0xDD2D, 0xDD0D, 0xDD0D, 0xDD0D, 0xDD0D, 0xDD0D, 0xDD2D, 0xDD0D, 0xDD0D, 0xDD2D, 0xDD2D, 0xDD0D, 0xDD2D, 0xDD0D, 0xDD2D,
    0xDD0D, 0xDD0D, 0xDD0D, 0xDD2D, 0xDD2D, 0xDD2D, 0xDD2D, 0xDD2D, 0xDD0D, 0xDD0D, 0xDD0D, 0xDD2D, 0xDD2D, 0xDD0D, 0xDD2D, 0xDD2D,
    0xDD0D, 0xDD2D, 0xDD2D, 0xDD2D, 0xDD0D, 0xDD4D, 0xDDCF, 0xDDCF, 0xDDCF, 0xDDCF, 0xDDCE, 0xDDAE, 0xDD4E, 0xDD4E, 0xDD4E, 0xDD4E,
    0xDD4E, 0xDD4E, 0xDD4E, 0xDD4E, 0xDD4E, 0xDD4E, 0xDD4E, 0xDD4E, 0xDD4E, 0xDD4E, 0xDD4E, 0xDD2E, 0xDD2E, 0xDD2E, 0xDD0E, 0xDD2E,
    0xDD0E, 0xDD0E, 0xEDAE, 0xFE2F, 0xFE2F, 0xFE2F, 0xED6E, 0xED6E, 0xED6E, 0xED6E, 0xFE2F, 0xFE2F, 0xFE2F, 0xFE2F, 0xFE2F, 0xFE2F,
    0xFE2F, 0xFE2F, 0xFE2F, 0xFE2F, 0xFE2F, 0xFE2F, 0xFE2F, 0xFE2F, 0xFE2F, 0xFDEF, 0xFDEF, 0xFDEF, 0xFDEF, 0xFDEF, 0xFDEF, 0xFDEF,
    0xFDEF, 0xFE2F, 0xFE2F, 0xFE2F, 0xFE2F, 0xED6E, 0xED6E, 0xED6E, 0xED6E, 0xFE2F, 0xFE2F, 0xFE2F, 0xFE2F, 0xFE2F, 0xFE2F, 0xFE2F,
    0xFE2F, 0x2373, 0x2372, 0x2372, 0x2372, 0x2372, 0x3D7A, 0x3D7A, 0x3D7A, 0x3D7A, 0x3D7A, 0x3D7A, 0x3D7A, 0x3D7A, 0x3D7A, 0x3D7A,
    0x3D7A, 0x3D7A, 0x3D7A, 0x3D7A, 0x3D7A, 0x3D7A, 0x3D7A, 0x3D7A, 0x3D7A, 0x3D7A, 0x3D7A, 0x3D7A, 0x0000, 0x0000, 0x0000, 0x0000,
    0x0000, 0x0000, 0x0000, 0x0000, 0x0000, 0x0000, 0x0000, 0x0000, 0x0000, 0x0000, 0x0000, 0x0000, 0x0000, 0x0000, 0x0000, 0x0000,
    0x0000, 0x0000, 0x0000, 0x0000, 0x0000, 0x0000, 0x0000, 0x0000, 0x0000, 0x0000, 0x0000, 0x0000, 0x0000, 0x0000, 0x0000, 0x0000,
    0x0000, 0x0000, 0x0000, 0x0000, 0x0000, 0x0000, 0x0000, 0x0000, 0x0000, 0x0000, 0x0000, 0x0000, 0x0000, 0x0000, 0x0000, 0x0000,
    0x0000, 0x0000, 0x0000, 0x0000, 0x0000, 0x0000, 0x0000, 0x0000, 0x0000, 0x0000, 0x0000, 0x0000, 0x0000, 0x0000, 0x0000, 0x0000,
    0x0000, 0x0000, 0x0000, 0x0000, 0x9B89, 0xDD0E, 0xDD0E, 0xDD2E, 0xDD2E, 0xBDF8, 0xBDD7, 0xC618, 0xEF7E, 0x5CF7, 0x5CD7, 0x62ED,
    0xAD56, 0xDD2E, 0xDD2E, 0xDD0E, 0xDD2E, 0xDD2E, 0xDD2E, 0xFDEF, 0xFDEF, 0xFDEF, 0xFDEF, 0xFDEF, 0xED6E, 0xED6E, 0xED6E, 0xF58E,
    0xFDEF, 0xFDEF, 0xFDEF, 0xFDEF, 0xFDEF, 0xFDEF, 0xFDEF, 0xFDEF, 0xFDEF, 0xFDEF, 0xFDEF, 0xFDEF, 0xFDEF, 0xFDEF, 0xFDEF, 0xFDEF,
    0xFDEF, 0xFDEF, 0xFDEF, 0xFDEF, 0xFDEF, 0xFDEF, 0xFDEF, 0xFDEF, 0xFDEF, 0xFDEF, 0xFDCF, 0xED6E, 0xED6E, 0xED6E, 0xFDEF, 0xFDEF,
    0xFDEF, 0xFDEF, 0xFDEF, 0xFDEF, 0xFDEF, 0xFDEF, 0xFDEF, 0xFDEF, 0xFDEF, 0xFDEF, 0xFDEF, 0xFDEF, 0xFDEF, 0xFDEF, 0xFDEF, 0xFDEF,
    0xFDEF, 0xFDEF, 0xFDEF, 0xFDEF, 0xFDEF, 0xFDEF, 0xFDEF, 0xFDEF, 0xFDEF, 0xED6E, 0xED6E, 0xED6E, 0xED6E, 0xFDEF, 0xFDEF, 0xFDEF,
    0xFDEF, 0xFDEF, 0xFDEF, 0xFDEF, 0xFE2F, 0xFEB0, 0xFEB0, 0xFEB0, 0xFEB0, 0xFEB0, 0xF66F, 0xDD2D, 0xDD0D, 0xDD2D, 0xDD2D, 0xDD0D,
    0xDD2D, 0xDD0D, 0xDD2D, 0xDD0D, 0xDD0D, 0xDD0D, 0xDD0D, 0xDD0D, 0xDD2D, 0xDD2D, 0xDD2D, 0xDD0D, 0xDD0D, 0xDD0D, 0xDD2D, 0xDD2D,
    0xDD0D, 0xDD2D, 0xDD2D, 0xDD0D, 0xDD0D, 0xDD2D, 0xDD0D, 0xDD2D, 0xDD2D, 0xDD2D, 0xDD2D, 0xDD2D, 0xDD2D, 0xDD0D, 0xDD0D, 0xDD2D,
    0xDD2D, 0xDD2D, 0xDD0D, 0xDD0D, 0xDD2D, 0xDD4D, 0xDDCE, 0xDDCF, 0xDDCF, 0xDDCF, 0xDDCE, 0xDDAE, 0xDD2E, 0xDD2E, 0xDD0E, 0xDD0E,
    0xDD2E, 0xDD0E, 0xDD0E, 0xDD2E, 0xDD2E, 0xDD2E, 0xDD2E, 0xDD0E, 0xDD2E, 0xDD2E, 0xDD2E, 0xDD2E, 0xDD2E, 0xED6E, 0xFDEF, 0xFDEF,
    0xFDEF, 0xFDEF, 0xFDEF, 0xFDEF, 0xFDEF, 0xFDEF, 0xED6E, 0xED6E, 0xED6E, 0xED6E, 0xFDEF, 0xFDEF, 0xFDEF, 0xFDEF, 0xFDEF, 0xFDEF,
    0xFDEF, 0xFDEF, 0xFDEF, 0xFDEF, 0xFDEF, 0xFDEF, 0xFDEF, 0xFDEF, 0xFDEF, 0xFDEF, 0xFDEF, 0xFDEF, 0xFDEF, 0xFDEF, 0xFDEF, 0xFDEF,
    0xFDEF, 0xFDEF, 0xFDEF, 0xFDEF, 0xFDEF, 0xED6E, 0xED6E, 0xED6E, 0xED6E, 0xFDEF, 0xFDEF, 0xFDEF, 0xFDEF, 0xFDEF, 0xFDEF, 0xFDEF,
    0xFDEF, 0x2372, 0x2372, 0x2372, 0x2372, 0x2372, 0x2372, 0x3D7A, 0x3D7A, 0x3D7A, 0x3D7A, 0x3D7A, 0x3D7A, 0x3D7A, 0x3D7A, 0x3D7A,
    0x3D7A, 0x3D7A, 0x3D7A, 0x3D7A, 0x3D7A, 0x3D7A, 0x3D7A, 0x3D7A, 0x3D7A, 0x3D7A, 0x3D7A, 0x3D7A, 0x0000, 0x0000, 0x0000, 0x0000,
    0x0000, 0x0000, 0x0000, 0x0000, 0x0000, 0x0000, 0x0000, 0x0000, 0x0000, 0x0000, 0x0000, 0x0000, 0x0000, 0x0000, 0x0000, 0x0000,
    0x0000, 0x0000, 0x0000, 0x0000, 0x0000, 0x0000, 0x0000, 0x0000, 0x0000, 0x0000, 0x0000, 0x0000, 0x0000, 0x0000, 0x0000, 0x0000,
    0x0000, 0x0000, 0x0000, 0x0000, 0x0000, 0x0000, 0x0000, 0x0000, 0x0000, 0x0000, 0x0000, 0x0000, 0x0000, 0x0000, 0x0000, 0x0000,
    0x0000, 0x0000, 0x0000, 0x0000, 0x0000, 0x0000, 0x0000, 0x0000, 0x0000, 0x0000, 0x0000, 0x0000, 0x0000, 0x0000, 0x0000, 0x0000,
    0x0000, 0x0000, 0x0000, 0x0000, 0x9B89, 0xDD2E, 0xDD2E, 0xDD2E, 0xDD0E, 0xBDF8, 0xE71C, 0xC618, 0x3B10, 0x5CF7, 0x5CF7, 0x5C34,
    0x9493, 0x9CB3, 0xDD0E, 0xDD2E, 0xDD0E, 0xDD2E, 0xDD2E, 0xFDEF, 0xFDEF, 0xFDEF, 0xFDEF, 0xFDEF, 0xED6E, 0xED6E, 0xED6E, 0xF56E,
    0xFDEF, 0xFDEF, 0xFDEF, 0xFDEF, 0xFDEF, 0xFDEF, 0xFDEF, 0xFDEF, 0xFDEF, 0xFDEF, 0xFDEF, 0xFDEF, 0xFDEF, 0xFDEF, 0xFDEF, 0xFDEF,
    0xFDEF, 0xFDEF, 0xFDEF, 0xFDEF, 0xFDEF, 0xFDEF, 0xFDEF, 0xFDEF, 0xFDEF, 0xFDEF, 0xFDEF, 0xED6E, 0xED6E, 0xED6E, 0xFDEF, 0xFDEF,
    0xFDEF, 0xFDEF, 0xFDEF, 0xFDEF, 0xFDEF, 0xFDEF, 0xFDEF, 0xFDEF, 0xFDEF, 0xFDEF, 0xFDEF, 0xFDEF, 0xFDEF, 0xFDEF, 0xFDEF, 0xFDEF,
    0xFDEF, 0xFDEF, 0xFDEF, 0xFDEF, 0xFDEF, 0xFDEF, 0xFDEF, 0xFDEF, 0xFDEF, 0xED6E, 0xED6E, 0xED6E, 0xED6E, 0xFDEF, 0xFDEF, 0xFDEF,
    0xFDEF, 0xFDEF, 0xFDEF, 0xFDEF, 0xFE2F, 0xFEB0, 0xFEB0, 0xFEB0, 0xFEB0, 0xFEB0, 0xFE90, 0xFDEE, 0xFDEE, 0xFDEE, 0xFDEE, 0xFDEE,
    0xFDEE, 0xFDCE, 0xE54D, 0xDD2D, 0xDD2D, 0xDD0D, 0xDD2D, 0xDD2D, 0xDD0D, 0xDD2D, 0xDD2D, 0xDD0D, 0xDD2D, 0xDD2D, 0xDD0D, 0xDD2D,
    0xDD2D, 0xDD0D, 0xDD2D, 0xDD2D, 0xDD2D, 0xDD2D, 0xDD2D, 0xDD2D, 0xDD2D, 0xDD0D, 0xDD0D, 0xDD0D, 0xDD2D, 0xDD2D, 0xDD0D, 0xDD2D,
    0xDD0D, 0xDD0D, 0xDD2D, 0xDD0D, 0xDD2D, 0xDD4D, 0xDDCE, 0xDDCE, 0xDDCF, 0xDDCF, 0xDDCF, 0xDDAE, 0xDD0E, 0xDD2E, 0xDD0E, 0xDD2E,
    0xDD2E, 0xDD0E, 0xDD2E, 0xDD2E, 0xDD2E, 0xDD2E, 0xDD2E, 0xED6E, 0xFDEF, 0xFDEF, 0xFDEF, 0xFDEF, 0xFDEF, 0xFDEF, 0xFDEF, 0xFDEF,
    0xFDEF, 0xFDEF, 0xFDEF, 0xFDEF, 0xFDEF, 0xFDEF, 0xED6E, 0xED6E, 0xED6E, 0xED6E, 0xFDEF, 0xFDEF, 0xFDEF, 0xFDEF, 0xFDEF, 0xFDEF,
    0xFDEF, 0xFDEF, 0xFDEF, 0xFDEF, 0xFDEF, 0xFDEF, 0xFDEF, 0xFDEF, 0xFDEF, 0xFDEF, 0xFDEF, 0xFDEF, 0xFDEF, 0xFDEF, 0xFDEF, 0xFDEF,
    0xFDEF, 0xFDEF, 0xFDEF, 0xFDEF, 0xFDEF, 0xED6E, 0xED6E, 0xED6E, 0xED6E, 0xFDEF, 0xFDEF, 0xFDEF, 0xFDEF, 0xFDEF, 0xFDEF, 0xFDEF,
    0xFDEF, 0xAD36, 0x2372, 0x2372, 0x2372, 0x2372, 0x2372, 0x2372, 0x2372, 0x2372, 0x3D7A, 0x3D7A, 0x3D7A, 0x3D7A, 0x3D7A, 0x3D7A,
    0x3D7A, 0x3D7A, 0x3D7A, 0x3D7A, 0x3D7A, 0x3D7A, 0x3D7A, 0x3D7A, 0x3D7A, 0x3D7A, 0x3D7A, 0x3D7A, 0x0000, 0x0000, 0x0000, 0x0000,
    0x0000, 0x0000, 0x0000, 0x0000, 0x0000, 0x0000, 0x0000, 0x0000, 0x0000, 0x0000, 0x0000, 0x0000, 0x0000, 0x0000, 0x0000, 0x0000,
    0x0000, 0x0000, 0x0000, 0x0000, 0x0000, 0x0000, 0x0000, 0x0000, 0x0000, 0x0000, 0x0000, 0x0000, 0x0000, 0x0000, 0x0000, 0x0000,
    0x0000, 0x0000, 0x0000, 0x0000, 0x0000, 0x0000, 0x0000, 0x0000, 0x0000, 0x0000, 0x0000, 0x0000, 0x0000, 0x0000, 0x0000, 0x0000,
    0x0000, 0x0000, 0x0000, 0x0000, 0x0000, 0x0000, 0x0000, 0x0000, 0x0000, 0x0000, 0x0000, 0x0000, 0x0000, 0x0000, 0x0000, 0x0000,
    0x0000, 0x0000, 0x0000, 0x0000, 0x9B89, 0xDD0E, 0xDD2E, 0xDD0E, 0xCCAD, 0xBDF7, 0xE73C, 0xBDD7, 0x3B10, 0x3B10, 0x5CF7, 0x5CF7,
    0x62EC, 0xB597, 0xDD0E, 0xDD2E, 0xDD2E, 0xDD0E, 0xDD0E, 0xFDEF, 0xFDEF, 0xFDEF, 0xFDEF, 0xFDEF, 0xFDEF, 0xFDEF, 0xFDEF, 0xFDEF,
    0xFDEF, 0xFDEF, 0xFDEF, 0xFDEF, 0xFDEF, 0xFDEF, 0xFDEF, 0xED6E, 0xED6E, 0xED6E, 0xED6E, 0xFDEF, 0xFDEF, 0xFDEF, 0xFDEF, 0xFDEF,
    0xFDEF, 0xFDEF, 0xFDEF, 0xFDEF, 0xFDEF, 0xFDEF, 0xFDEF, 0xFDEF, 0xFDEF, 0xFDEF, 0xFDEF, 0xFDEF, 0xFDEF, 0xFDEF, 0xFDEF, 0xFDEF,
    0xFDEF, 0xFDEF, 0xFDEF, 0xFDEF, 0xFDEF, 0xFDEF, 0xED6E, 0xED6E, 0xED6E, 0xED6E, 0xFDEF, 0xFDEF, 0xFDEF, 0xFDEF, 0xFDEF, 0xFDEF,
    0xFDEF, 0xFDEF, 0xFDEF, 0xFDEF, 0xFDEF, 0xFDEF, 0xFDEF, 0xFDEF, 0xFDEF, 0xFDEF, 0xFDEF, 0xFDEF, 0xFDEF, 0xFDEF, 0xFDEF, 0xFDEF,
    0xFDEF, 0xFDEF, 0xFDEF, 0xFDEF, 0xFE2F, 0xFEB0, 0xFEB0, 0xFEB0, 0xFEB0, 0xFEB0, 0xFEB0, 0xFDEE, 0xFDEE, 0xFDEE, 0xFDEE, 0xFDEE,
    0xFDEE, 0xFDEE, 0xFDEE, 0xFDEE, 0xFDEE, 0xFDEE, 0xFDEE, 0xFDCE, 0xDD2D, 0xDD2D, 0xDD2D, 0xDD2D, 0xDD2D, 0xDD2D, 0xDD0D, 0xDD2D,
    0xDD0D, 0xDD2D, 0xDD0D, 0xDD2D, 0xDD0D, 0xDD2D, 0xDD0D, 0xDD0D, 0xDD0D, 0xDD0D, 0xDD0D, 0xDD0D, 0xDD0D, 0xDD0D, 0xDD0D, 0xDD2D,
    0xDD2D, 0xDD2D, 0xDD2D, 0xDD2D, 0xDD2D, 0xDD4D, 0xDDCE, 0xDDCE, 0xDDCF, 0xDDCE, 0xDDCE, 0xDDAE, 0xDD0E, 0xDD2E, 0xDD0E, 0xDD2E,
    0xDD0E, 0xDD2E, 0xED6E, 0xED6E, 0xED6E, 0xF56E, 0xED6E, 0xFDEF, 0xFDEF, 0xFDEF, 0xFDEF, 0xFDEF, 0xFDEF, 0xFDEF, 0xFDEF, 0xFDEF,
    0xFDEF, 0xFDEF, 0xFDEF, 0xFDEF, 0xFDEF, 0xFDEF, 0xFDEF, 0xFDEF, 0xFDEF, 0xFDEF, 0xFDEF, 0xFDEF, 0xFDEF, 0xFDEF, 0xFDEF, 0xFDEF,
    0xFDEF, 0xFDEF, 0xED6E, 0xED6E, 0xED6E, 0xF58E, 0xFDEF, 0xFDEF, 0xFDEF, 0xFDEF, 0xFDEF, 0xFDEF, 0xFDEF, 0xFDEF, 0xFDEF, 0xFDEF,
    0xFDEF, 0xFDEF, 0xFDEF, 0xFDEF, 0xFDEF, 0xFDEF, 0xFDEF, 0xFDEF, 0xFDEF, 0xFDEF, 0xFDEF, 0xFDEF, 0xFDEF, 0xFDEF, 0xFDEF, 0xFDEF,
    0xFDCF, 0xAD36, 0x2372, 0x2372, 0x2372, 0x2372, 0x2373, 0x2372, 0x2372, 0x2373, 0x2372, 0x2372, 0x3D7A, 0x3D7A, 0x3D7A, 0x3D7A,
    0x3D7A, 0x3D7A, 0x3D7A, 0x3D7A, 0x3D7A, 0x3D7A, 0x3D7A, 0x3D7A, 0x3D7A, 0x3D7A, 0x3D7A, 0x3D7A, 0x0000, 0x0000, 0x0000, 0x0000,
    0x0000, 0x0000, 0x0000, 0x0000, 0x0000, 0x0000, 0x0000, 0x0000, 0x0000, 0x0000, 0x0000, 0x0000, 0x0000, 0x0000, 0x0000, 0x0000,
    0x0000, 0x0000, 0x0000, 0x0000, 0x0000, 0x0000, 0x0000, 0x0000, 0x0000, 0x0000, 0x0000, 0x0000, 0x0000, 0x0000, 0x0000, 0x0000,
    0x0000, 0x0000, 0x0000, 0x0000, 0x0000, 0x0000, 0x0000, 0x0000, 0x0000, 0x0000, 0x0000, 0x0000, 0x0000, 0x0000, 0x0000, 0x0000,
    0x0000, 0x0000, 0x0000, 0x0000, 0x0000, 0x0000, 0x0000, 0x0000, 0x0000, 0x0000, 0x0000, 0x0000, 0x0000, 0x0000, 0x0000, 0x0000,
    0x0000, 0x0000, 0x0000, 0x0000, 0x9BA9, 0xDD2E, 0xDD2E, 0xDD2E, 0xCCAD, 0xBDF8, 0xE73C, 0x9CB4, 0x9CB4, 0x4350, 0x5496, 0x5CF7,
    0x5CF7, 0xC638, 0xB597, 0xDD2E, 0xDD0E, 0xDD2E, 0xDD2E, 0xFDEF, 0xFDEF, 0xFDEF, 0xFDEF, 0xFDEF, 0xFDEF, 0xFDEF, 0xFDEF, 0xFDEF,
    0xFDEF, 0xFDEF, 0xFDEF, 0xFDEF, 0xFDEF, 0xFDEF, 0xFDEF, 0xF56E, 0xED6E, 0xED6E, 0xED6E, 0xFDEF, 0xFDEF, 0xFDEF, 0xFDEF, 0xFDEF,
    0xFDEF, 0xFDEF, 0xFDEF, 0xFDEF, 0xFDEF, 0xFDEF, 0xFDEF, 0xFDEF, 0xFDEF, 0xFDEF, 0xFDEF, 0xFDEF, 0xFDEF, 0xFDEF, 0xFDEF, 0xFDEF,
    0xFDEF, 0xFDEF, 0xFDEF, 0xFDEF, 0xFDEF, 0xFDEF, 0xED6E, 0xED6E, 0xED6E, 0xED6E, 0xFDEF, 0xFDEF, 0xFDEF, 0xFDEF, 0xFDEF, 0xFDEF,
    0xFDEF, 0xFDEF, 0xFDEF, 0xFDEF, 0xFDEF, 0xFDEF, 0xFDEF, 0xFDEF, 0xFDEF, 0xFDEF, 0xFDEF, 0xFDEF, 0xFDEF, 0xFDEF, 0xFDEF, 0xFDEF,
    0xFDEF, 0xFDEF, 0xFDEF, 0xFDEF, 0xFE2F, 0xFEB0, 0xFEB0, 0xFEB0, 0xFEB0, 0xFEB0, 0xFE90, 0xFDEE, 0xFDEE, 0xFDEE, 0xFDEE, 0xFDEE,
    0xFDEE, 0xFDEE, 0xFDEE, 0xFDEE, 0xFDEE, 0xFDEE, 0xFDEE, 0xFDEE, 0xFDEE, 0xFDEE, 0xFDEE, 0xFDEE, 0xFDEE, 0xFDEE, 0xFDCE, 0xE52D,
    0xDD2D, 0xDD2D, 0xDD0D, 0xDD2D, 0xDD2D, 0xDD2D, 0xDD2D, 0xDD2D, 0xDD2D, 0xDD2D, 0xDD0D, 0xDD0D, 0xDD0D, 0xDD2D, 0xDD0D, 0xDD0D,
    0xDD2D, 0xDD0D, 0xDD2D, 0xDD0D, 0xDD2D, 0xDD4D, 0xDDCE, 0xDDCF, 0xDDCF, 0xDDCF, 0xDDCE, 0xDDCE, 0xF58E, 0xFDEF, 0xFDEF, 0xFDEF,
    0xFDEF, 0xFDEF, 0xFDEF, 0xED6E, 0xED6E, 0xF56E, 0xED6E, 0xFDEF, 0xFDEF, 0xFDEF, 0xFDEF, 0xFDEF, 0xFDEF, 0xFDEF, 0xFDEF, 0xFDEF,
    0xFDEF, 0xFDEF, 0xFDEF, 0xFDEF, 0xFDEF, 0xFDEF, 0xFDEF, 0xFDEF, 0xFDEF, 0xFDEF, 0xFDEF, 0xFDEF, 0xFDEF, 0xFDEF, 0xFDEF, 0xFDEF,
    0xFDEF, 0xFDEF, 0xED6E, 0xED6E, 0xED6E, 0xF58E, 0xFDEF, 0xFDEF, 0xFDEF, 0xFDEF, 0xFDEF, 0xFDEF, 0xFDEF, 0xFDEF, 0xFDEF, 0xFDEF,
    0xFDEF, 0xFDEF, 0xFDEF, 0xFDEF, 0xFDEF, 0xFDEF, 0xFDEF, 0xFDEF, 0xFDEF, 0xFDEF, 0xFDEF, 0xFDEF, 0xFDEF, 0xFDEF, 0xFDEF, 0xFDEF,
    0xFDCF, 0xAD13, 0xAD36, 0x2372, 0x2372, 0x2372, 0x2372, 0x2372, 0x2372, 0x2372, 0x2372, 0x2372, 0x2372, 0x2373, 0x2372, 0x2372,
    0x2372, 0x34D8, 0x3D7A, 0x3D7A, 0x3D7A, 0x3D7A, 0x3D7A, 0x3D7A, 0x3D7A, 0x3D7A, 0x3D7A, 0x3D7A, 0x0000, 0x0000, 0x0000, 0x0000,
    0x0000, 0x0000, 0x0000, 0x0000, 0x0000, 0x0000, 0x0000, 0x0000, 0x0000, 0x0000, 0x0000, 0x0000, 0x0000, 0x0000, 0x0000, 0x0000,
    0x0000, 0x0000, 0x0000, 0x0000, 0x0000, 0x0000, 0x0000, 0x0000, 0x0000, 0x0000, 0x0000, 0x0000, 0x0000, 0x0000, 0x0000, 0x0000,
    0x0000, 0x0000, 0x0000, 0x0000, 0x0000, 0x0000, 0x0000, 0x0000, 0x0000, 0x0000, 0x0000, 0x0000, 0x0000, 0x0000, 0x0000, 0x0000,
    0x0000, 0x0000, 0x0000, 0x0000, 0x0000, 0x0000, 0x0000, 0x0000, 0x0000, 0x0000, 0x0000, 0x0000, 0x0000, 0x0000, 0x0000, 0x0000,
    0x0000, 0x0000, 0x0000, 0x0000, 0x9BC9, 0xDD4E, 0xDD4E, 0xDD4E, 0xCCAD, 0xC5F8, 0xE73C, 0x9CB4, 0xCE39, 0x9DCE, 0x3B10, 0x5CF7,
    0x5CF7, 0xC638, 0xB576, 0xCD11, 0xDD0E, 0xDD0E, 0xDD0E, 0xFDEF, 0xFE2F, 0xFE2F, 0xFE2F, 0xFE2F, 0xFE2F, 0xFE2F, 0xFE2F, 0xFE2F,
    0xFE2F, 0xFE2F, 0xFE2F, 0xFE2F, 0xFE2F, 0xFE2F, 0xFE2F, 0xED6E, 0xED6E, 0xED6E, 0xED6E, 0xFE2F, 0xFE2F, 0xFE2F, 0xFE2F, 0xFDEF,
    0xFDEF, 0xFDEF, 0xFDEF, 0xFDEF, 0xFDEF, 0xFDEF, 0xFDEF, 0xFE2F, 0xFE2F, 0xFE2F, 0xFE2F, 0xFE2F, 0xFE2F, 0xFE2F, 0xFE2F, 0xFE2F,
    0xFE2F, 0xFE2F, 0xFE2F, 0xFE2F, 0xFE2F, 0xFE2F, 0xED6E, 0xED6E, 0xED6E, 0xED6E, 0xFE2F, 0xFE2F, 0xFE2F, 0xFE2F, 0xFDEF, 0xFDEF,
    0xFDEF, 0xFDEF, 0xFDEF, 0xFDEF, 0xFDEF, 0xFDEF, 0xFE2F, 0xFE2F, 0xFE2F, 0xFE2F, 0xFE2F, 0xFE2F, 0xFE2F, 0xFE2F, 0xFE2F, 0xFE2F,
    0xFE2F, 0xFE2F, 0xFE2F, 0xFE2F, 0xFE4F, 0xFEB0, 0xFEB0, 0xFEB0, 0xFEB0, 0xFEB0, 0xFEB0, 0xFDEE, 0xFDEE, 0xFDEE, 0xFDEE, 0xFDEE,
    0xFDEE, 0xFDEE, 0xFDEE, 0xFDEE, 0xFDEE, 0xFDEE, 0xFDEE, 0xFDEE, 0xFDEE, 0xFDEE, 0xFDEE, 0xFDEE, 0xFDEE, 0xFDEE, 0xFDEE, 0xFDEE,
    0xFDEE, 0xFDEE, 0xFDEE, 0xFDEE, 0xFDEE, 0xFDEE, 0xFDEE, 0xFDEE, 0xFDEE, 0xFDEE, 0xFDEE, 0xFDEE, 0xFDEE, 0xFDEE, 0xFDEE, 0xFDEE,
    0xFDEE, 0xFDEE, 0xFDEE, 0xFDEE, 0xFDEE, 0xFE2F, 0xFEB0, 0xFEB0, 0xFEB0, 0xFEB0, 0xFEB0, 0xFEB0, 0xFE2F, 0xFE2F, 0xFE2F, 0xFE2F,
    0xFE2F, 0xFE2F, 0xFE2F, 0xED6E, 0xED6E, 0xED6E, 0xED6E, 0xFE2F, 0xFE2F, 0xFE2F, 0xFE0F, 0xFDEF, 0xFDEF, 0xFDEF, 0xFDEF, 0xFDEF,
    0xFDEF, 0xFDEF, 0xFE2F, 0xFE2F, 0xFE2F, 0xFE2F, 0xFE2F, 0xFE2F, 0xFE2F, 0xFE2F, 0xFE2F, 0xFE2F, 0xFE2F, 0xFE2F, 0xFE2F, 0xFE2F,
    0xFE2F, 0xFE2F, 0xED6E, 0xED6E, 0xED6E, 0xF5AE, 0xFE2F, 0xFE2F, 0xFE2F, 0xFDEF, 0xFDEF, 0xFDEF, 0xFDEF, 0xFDEF, 0xFDEF, 0xFDEF,
    0xFDEF, 0xFE2F, 0xFE2F, 0xFE2F, 0xFE2F, 0xFE2F, 0xFE2F, 0xFE2F, 0xFE2F, 0xFE2F, 0xFE2F, 0xFE2F, 0xFE2F, 0xFE2F, 0xFE2F, 0xFE2F,
    0xFE0F, 0xACC7, 0xAD36, 0xAD36, 0x6414, 0x2372, 0x2372, 0x2372, 0x2372, 0x2372, 0x2372, 0x2372, 0x2372, 0x2372, 0x2372, 0x2372,
    0x2373, 0x2372, 0x2372, 0x2372, 0x2372, 0x2372, 0x2373, 0x2372, 0x2372, 0x2372, 0x2372, 0x2372, 0x0000, 0x0000, 0x0000, 0x0000,
    0x0000, 0x0000, 0x0000, 0x0000, 0x0000, 0x0000, 0x0000, 0x0000, 0x0000, 0x0000, 0x0000, 0x0000, 0x0000, 0x0000, 0x0000, 0x0000,
    0x0000, 0x0000, 0x0000, 0x0000, 0x0000, 0x0000, 0x0000, 0x0000, 0x0000, 0x0000, 0x0000, 0x0000, 0x0000, 0x0000, 0x0000, 0x0000,
    0x0000, 0x0000, 0x0000, 0x0000, 0x0000, 0x0000, 0x0000, 0x0000, 0x0000, 0x0000, 0x0000, 0x0000, 0x0000, 0x0000, 0x0000, 0x0000,
    0x0000, 0x0000, 0x0000, 0x0000, 0x0000, 0x0000, 0x0000, 0x0000, 0x0000, 0x0000, 0x0000, 0x0000, 0x0000, 0x0000, 0x0000, 0x0000,
    0x0000, 0x0000, 0x0000, 0x0000, 0x9B89, 0xDD2E, 0xDD2E, 0xDD2E, 0xCCAD, 0xBDF7, 0xE73C, 0x9CB4, 0xCE39, 0x9DCE, 0x642D, 0x3B10,
    0x5CD7, 0xC638, 0x62EC, 0xC5F8, 0xDD0E, 0xDD2E, 0xDD2E, 0xFDEF, 0xFE2F, 0xFE2F, 0xFE2F, 0xFE2F, 0xFDEF, 0xFDEF, 0xFDEF, 0xFDEF,
    0xFDEF, 0xFDEF, 0xFDEF, 0xFDEF, 0xFDEF, 0xFDEF, 0xFDEF, 0xED6E, 0xED6E, 0xED6E, 0xED6E, 0xF56E, 0xF56E, 0xED6E, 0xF56E, 0xF56E,
    0xF56E, 0xF56E, 0xF56E, 0xFDEF, 0xFDEF, 0xFDEF, 0xFDEF, 0xFE2F, 0xFE2F, 0xFE2F, 0xFE2F, 0xFDEF, 0xFDEF, 0xFDEF, 0xFDEF, 0xFDEF,
    0xFDEF, 0xFDEF, 0xFDEF, 0xFDEF, 0xFDEF, 0xFDEF, 0xED6E, 0xED6E, 0xED6E, 0xF56E, 0xED6E, 0xF56E, 0xF56E, 0xF56E, 0xF56E, 0xF56E,
    0xED6E, 0xF56E, 0xFDEF, 0xFDEF, 0xFDEF, 0xFDEF, 0xFE2F, 0xFE2F, 0xFE2F, 0xFDEF, 0xFDEF, 0xFDEF, 0xFDEF, 0xFDEF, 0xFDEF, 0xFDEF,
    0xFDEF, 0xFDEF, 0xFDEF, 0xFDEF, 0xFE2F, 0xFEB0, 0xFEB0, 0xFEB0, 0xFEB0, 0xFEB0, 0xFE90, 0xFDEE, 0xFDEE, 0xFDEE, 0xFDEE, 0xFDEE,
    0xFDEE, 0xFDEE, 0xFDEE, 0xFDEE, 0xFDEE, 0xFDEE, 0xFDEE, 0xFDEE, 0xFDEE, 0xFDEE, 0xFDEE, 0xFDEE, 0xFDEE, 0xFDEE, 0xFDEE, 0xFDEE,
    0xFDEE, 0xFDEE, 0xFDEE, 0xFDEE, 0xFDEE, 0xFDEE, 0xFDEE, 0xFDEE, 0xFDEE, 0xFDEE, 0xFDEE, 0xFDEE, 0xFDEE, 0xFDEE, 0xFDEE, 0xFDEE,
    0xFDEE, 0xFDEE, 0xFDEE, 0xFDEE, 0xFDEE, 0xFE2F, 0xFEB0, 0xFEB0, 0xFEB0, 0xFEB0, 0xFEB0, 0xFE90, 0xFDEF, 0xFDEF, 0xFDEF, 0xFDEF,
    0xFDEF, 0xFDEF, 0xFDEF, 0xED6E, 0xED6E, 0xED6E, 0xED6E, 0xF56E, 0xF56E, 0xED6E, 0xF56E, 0xF56E, 0xF56E, 0xF56E, 0xFDCF, 0xFDEF,
    0xFDEF, 0xFDEF, 0xFE2F, 0xFE2F, 0xFE2F, 0xFE2F, 0xFDEF, 0xFDEF, 0xFDEF, 0xFDEF, 0xFDEF, 0xFDEF, 0xFDEF, 0xFDEF, 0xFDEF, 0xFDEF,
    0xFDEF, 0xFDEF, 0xF56E, 0xED6E, 0xED6E, 0xF56E, 0xF56E, 0xF56E, 0xF56E, 0xF56E, 0xF56E, 0xF56E, 0xF56E, 0xFDEF, 0xFDEF, 0xFDEF,
    0xFDEF, 0xFE2F, 0xFE2F, 0xFE2F, 0xFE2F, 0xFDEF, 0xFDEF, 0xFDEF, 0xFDEF, 0xFDEF, 0xFDEF, 0xFDEF, 0xFDEF, 0xFDEF, 0xFDEF, 0xFDEF,
    0xFDCF, 0xACC7, 0xACC8, 0xAD36, 0xAD36, 0xAD36, 0x2373, 0x2372, 0x2372, 0x2372, 0x2372, 0x2372, 0x2373, 0x2373, 0x2372, 0x2372,
    0x2373, 0x2372, 0x2372, 0x2372, 0x2372, 0x2372, 0x2373, 0x2372, 0x2372, 0x2372, 0x2372, 0x2373, 0x0000, 0x0000, 0x0000, 0x0000,
    0x0000, 0x0000, 0x0000, 0x0000, 0x0000, 0x0000, 0x0000, 0x0000, 0x0000, 0x0000, 0x0000, 0x0000, 0x0000, 0x0000, 0x0000, 0x0000,
    0x0000, 0x0000, 0x0000, 0x0000, 0x0000, 0x0000, 0x0000, 0x0000, 0x0000, 0x0000, 0x0000, 0x0000, 0x0000, 0x0000, 0x0000, 0x0000,
    0x0000, 0x0000, 0x0000, 0x0000, 0x0000, 0x0000, 0x0000, 0x0000, 0x0000, 0x0000, 0x0000, 0x0000, 0x0000, 0x0000, 0x0000, 0x0000,
    0x0000, 0x0000, 0x0000, 0x0000, 0x0000, 0x0000, 0x0000, 0x0000, 0x0000, 0x0000, 0x0000, 0x0000, 0x0000, 0x0000, 0x0000, 0x0000,
    0x0000, 0x0000, 0x0000, 0x0000, 0x9B89, 0xDD2E, 0xDD0E, 0xDD2E, 0xCCAD, 0xC618, 0xE73C, 0x9CB4, 0xCE19, 0x9DCE, 0x8567, 0x3B10,
    0x5CF7, 0xC638, 0x62ED, 0xAD35, 0xAD35, 0xDD0E, 0xDD0E, 0xFDEF, 0xFE2F, 0xFE2F, 0xFE2F, 0xFE2F, 0xFDEF, 0xFDEF, 0xFDEF, 0xFDEF,
    0xFDEF, 0xFDEF, 0xFDEF, 0xFDEF, 0xFDEF, 0xFDEF, 0xFDEF, 0xED6E, 0xED6E, 0xED6E, 0xF56E, 0xF56E, 0xF56E, 0xED6E, 0xED6E, 0xED6E,
    0xF56E, 0xED6E, 0xED6E, 0xFDEF, 0xFDEF, 0xFDEF, 0xFDEF, 0xFE2F, 0xFE2F, 0xFE2F, 0xFE0F, 0xFDEF, 0xFDEF, 0xFDEF, 0xFDEF, 0xFDEF,
    0xFDEF, 0xFDEF, 0xFDEF, 0xFDEF, 0xFDEF, 0xFDEF, 0xED6E, 0xED6E, 0xED6E, 0xED6E, 0xED6E, 0xED6E, 0xED6E, 0xED6E, 0xED6E, 0xED6E,
    0xED6E, 0xED6E, 0xFDEF, 0xFDEF, 0xFDEF, 0xFDEF, 0xFE2F, 0xFE2F, 0xFE2F, 0xFDEF, 0xFDEF, 0xFDEF, 0xFDEF, 0xFDEF, 0xFDEF, 0xFDEF,
    0xFDEF, 0xFDEF, 0xFDEF, 0xFDEF, 0xFE2F, 0xFEB0, 0xFEB0, 0xFEB0, 0xFEB0, 0xFEB0, 0xFE90, 0xFDEE, 0xFDEE, 0xFDEE, 0xFDEE, 0xFDEE,
    0xFDEE, 0xFDEE, 0xFDEE, 0xFDEE, 0xFDEE, 0xFDEE, 0xFDEE, 0xFDEE, 0xFDEE, 0xFDEE, 0xFDEE, 0xFDEE, 0xFDEE, 0xFDEE, 0xFDEE, 0xFDEE,
    0xFDEE, 0xFDEE, 0xFDEE, 0xFDEE, 0xFDEE, 0xFDEE, 0xFDEE, 0xFDEE, 0xFDEE, 0xFDEE, 0xFDEE, 0xFDEE, 0xFDEE, 0xFDEE, 0xFDEE, 0xFDEE,
    0xFDEE, 0xFDEE, 0xFDEE, 0xFDEE, 0xFDEE, 0xFE2F, 0xFEB0, 0xFEB0, 0xFEB0, 0xFEB0, 0xFEB0, 0xFE90, 0xFDEF, 0xFDEF, 0xFDEF, 0xFDEF,
    0xFDEF, 0xFDEF, 0xFDEF, 0xED6E, 0xED6E, 0xED6E, 0xED6E, 0xED6E, 0xED6E, 0xED6E, 0xED6E, 0xED6E, 0xED6E, 0xED6E, 0xFDCF, 0xFDEF,
    0xFDEF, 0xFDEF, 0xFE2F, 0xFE2F, 0xFE2F, 0xFE2F, 0xFDEF, 0xFDEF, 0xFDEF, 0xFDEF, 0xFDEF, 0xFDEF, 0xFDEF, 0xFDEF, 0xFDEF, 0xFDEF,
    0xFDEF, 0xFDEF, 0xED6E, 0xED6E, 0xED6E, 0xED6E, 0xED6E, 0xED6E, 0xED6E, 0xED6E, 0xED6E, 0xED6E, 0xED6E, 0xFDEF, 0xFDEF, 0xFDEF,
    0xFDEF, 0xFE2F, 0xFE2F, 0xFE2F, 0xFE2F, 0xFDEF, 0xFDEF, 0xFDEF, 0xFDEF, 0xFDEF, 0xFDEF, 0xFDEF, 0xFDEF, 0xFDEF, 0xFDEF, 0xFDEF,
    0xFDCF, 0xACC7, 0xACC7, 0xACC8, 0xAD36, 0xAD36, 0xAD36, 0x2372, 0x2373, 0x2372, 0x2372, 0x2372, 0x2372, 0x2373, 0x2372, 0x2372,
    0x2372, 0x2372, 0x2373, 0x2372, 0x2373, 0x2373, 0x2373, 0x2372, 0x2372, 0x2372, 0x2372, 0x2372, 0x0000, 0x0000, 0x0000, 0x0000,
    0x0000, 0x0000, 0x0000, 0x0000, 0x0000, 0x0000, 0x0000, 0x0000, 0x0000, 0x0000, 0x0000, 0x0000, 0x0000, 0x0000, 0x0000, 0x0000,
    0x0000, 0x0000, 0x0000, 0x0000, 0x0000, 0x0000, 0x0000, 0x0000, 0x0000, 0x0000, 0x0000, 0x0000, 0x0000, 0x0000, 0x0000, 0x0000,
    0x0000, 0x0000, 0x0000, 0x0000, 0x0000, 0x0000, 0x0000, 0x0000, 0x0000, 0x0000, 0x0000, 0x0000, 0x0000, 0x0000, 0x0000, 0x0000,
    0x0000, 0x0000, 0x0000, 0x0000, 0x0000, 0x0000, 0x0000, 0x0000, 0x0000, 0x0000, 0x0000, 0x0000, 0x0000, 0x0000, 0x0000, 0x0000,
    0x0000, 0x0000, 0x0000, 0x0000, 0x82E8, 0xC44C, 0xC44C, 0xC44C, 0xC44C, 0xC638, 0xE73C, 0x9CB4, 0xCE19, 0x9DCE, 0x8567, 0x8567,
    0x3B10, 0xC638, 0x62EC, 0x62EC, 0xC619, 0xC44C, 0xC42C, 0xDCED, 0xDCED, 0xDCED, 0xDCED, 0xDCED, 0xDCED, 0xDCED, 0xDCED, 0xDCED,
    0xDCED, 0xDCED, 0xDCED, 0xDCED, 0xDCED, 0xDCED, 0xDCED, 0xDCED, 0xDCED, 0xDCED, 0xDCED, 0xDCED, 0xDCED, 0xDCCD, 0xDCED, 0xDCED,
    0xDCED, 0xDCED, 0xDCCD, 0xDCED, 0xDCED, 0xDCED, 0xDCCD, 0xDCED, 0xDCED, 0xDCED, 0xDCED, 0xDCED, 0xDCED, 0xDCED, 0xDCED, 0xDCED,
    0xDCED, 0xDCCD, 0xDCED, 0xE4ED, 0xED4E, 0xF5CE, 0xFDEF, 0xFDEF, 0xFDEF, 0xFDEF, 0xFE2F, 0xFE2F, 0xFE2F, 0xFE2F, 0xFDEF, 0xFDEF,
    0xFDEF, 0xFDEF, 0xFDEF, 0xFDEF, 0xFDEF, 0xFDEF, 0xFE2F, 0xFE2F, 0xFE2F, 0xFDEF, 0xFDEF, 0xFDEF, 0xFDEF, 0xFE2F, 0xFE2F, 0xFE2F,
    0xFE2F, 0xFE2F, 0xFE2F, 0xFE2F, 0xFE4F, 0xFEB0, 0xFEB0, 0xFEB0, 0xFEB0, 0xFEB0, 0xFE90, 0xFDEE, 0xFDEE, 0xFDEE, 0xFDEE, 0xFDEE,
    0xFDEE, 0xFDEE, 0xFDEE, 0xFDEE, 0xFDEE, 0xFDEE, 0xFDEE, 0xFDEE, 0xFDEE, 0xFDEE, 0xFDEE, 0xFDEE, 0xFDEE, 0xFDEE, 0xFDEE, 0xFDEE,
    0xFDEE, 0xFDEE, 0xFDEE, 0xFDEE, 0xFDEE, 0xFDEE, 0xFDEE, 0xFDEE, 0xFDEE, 0xFDEE, 0xFDEE, 0xFDEE, 0xFDEE, 0xFDEE, 0xFDEE, 0xFDEE,
    0xFDEE, 0xFDEE, 0xFDEE, 0xFDEE, 0xFDEE, 0xFE2F, 0xFEB0, 0xFEB0, 0xFEB0, 0xFEB0, 0xFEB0, 0xFEB0, 0xFE2F, 0xFE2F, 0xFE2F, 0xFE2F,
    0xFE2F, 0xFE2F, 0xFE2F, 0xFDEF, 0xFDEF, 0xFDEF, 0xFDEF, 0xFE2F, 0xFE2F, 0xFE2F, 0xFE0F, 0xFDEF, 0xFDEF, 0xFDEF, 0xFDEF, 0xFDEF,
    0xFDEF, 0xFDEF, 0xFE2F, 0xFE2F, 0xFE2F, 0xFE2F, 0xFDEF, 0xFDEF, 0xFDEF, 0xFDEF, 0xFDEF, 0xED6E, 0xE4ED, 0xDCED, 0xDCED, 0xDCCD,
    0xDCED, 0xDCED, 0xDCED, 0xDCED, 0xDCED, 0xDCED, 0xDCED, 0xDCED, 0xDCED, 0xDCED, 0xDCED, 0xDCED, 0xDCED, 0xDCED, 0xDCED, 0xDCED,
    0xDCED, 0xDCED, 0xDCCD, 0xDCED, 0xDCED, 0xDCED, 0xDCED, 0xDCED, 0xDCED, 0xDCED, 0xDCED, 0xDCED, 0xDCED, 0xDCED, 0xDCED, 0xDCCD,
    0xDCCD, 0xDCED, 0xACC7, 0xACC7, 0xACC7, 0xAD36, 0xAD36, 0xAD36, 0xAD36, 0x6C14, 0x2372, 0x2372, 0x2373, 0x2372, 0x2372, 0x2372,
    0x2372, 0x2372, 0x2372, 0x2372, 0x2372, 0x2372, 0x2373, 0x2373, 0x2372, 0x2372, 0x2372, 0x2372, 0x0000, 0x0000, 0x0000, 0x0000,
    0x0000, 0x0000, 0x0000, 0x0000, 0x0000, 0x0000, 0x0000, 0x0000, 0x0000, 0x0000, 0x0000, 0x0000, 0x0000, 0x0000, 0x0000, 0x0000,
    0x0000, 0x0000, 0x0000, 0x0000, 0x0000, 0x0000, 0x0000, 0x0000, 0x0000, 0x0000, 0x0000, 0x0000, 0x0000, 0x0000, 0x0000, 0x0000,
    0x0000, 0x0000, 0x0000, 0x0000, 0x0000, 0x0000, 0x0000, 0x0000, 0x0000, 0x0000, 0x0000, 0x0000, 0x0000, 0x0000, 0x0000, 0x0000,
    0x0000, 0x0000, 0x0000, 0x0000, 0x0000, 0x0000, 0x0000, 0x0000, 0x0000, 0x0000, 0x0000, 0x0000, 0x0000, 0x0000, 0x0000, 0x0000,
    0x0000, 0x0000, 0x0000, 0x0000, 0x8AE8, 0xC42C, 0xC44C, 0xC44C, 0xC44C, 0xC638, 0xE73C, 0x9CB4, 0x7BED, 0x5364, 0x8567, 0x8567,
    0xE73C, 0xC638, 0xFACA, 0x62EC, 0x9472, 0xBDD7, 0xC42C, 0xDCED, 0xDCED, 0xDCED, 0xDCED, 0xDCED, 0xDCED, 0xDCED, 0xDCED, 0xDCED,
    0xDCED, 0xDCED, 0xDCED, 0xDCED, 0xDCED, 0xDCED, 0xDCCD, 0xDCED, 0xDCED, 0xDCED, 0xDCCD, 0xDCED, 0xDCED, 0xDCED, 0xDCED, 0xDCED,
    0xDCED, 0xDCED, 0xDCED, 0xDCCD, 0xDCED, 0xDCED, 0xDCED, 0xDCED, 0xDCED, 0xDCED, 0xDCED, 0xDCED, 0xDCED, 0xDCED, 0xDCED, 0xDCED,
    0xDCED, 0xDCED, 0xDCED, 0xDCED, 0xDCED, 0xDCED, 0xDCED, 0xDCED, 0xDCED, 0xDCED, 0xDCCD, 0xDCED, 0xDCED, 0xDCED, 0xDCED, 0xED6E,
    0xFDEF, 0xFDEF, 0xFDEF, 0xFDEF, 0xFDEF, 0xFDEF, 0xFE2F, 0xFE2F, 0xFE2F, 0xFDEF, 0xFDEF, 0xFDEF, 0xFDEF, 0xFE2F, 0xFE2F, 0xFE2F,
    0xFE2F, 0xFE2F, 0xFE2F, 0xFE2F, 0xFE4F, 0xFEB0, 0xFEB0, 0xFEB0, 0xFEB0, 0xFEB0, 0xFE90, 0xFDEE, 0xFDEE, 0xFDEE, 0xFDEE, 0xFDEE,
    0xFDEE, 0xFDEE, 0xFDEE, 0xFDEE, 0xFDEE, 0xFDEE, 0xFDEE, 0xFDEE, 0xFDEE, 0xFDEE, 0xFDEE, 0xFDEE, 0xFDEE, 0xFDEE, 0xFDEE, 0xFDEE,
    0xFDEE, 0xFDEE, 0xFDEE, 0xFDEE, 0xFDEE, 0xFDEE, 0xFDEE, 0xFDEE, 0xFDEE, 0xFDEE, 0xFDEE, 0xFDEE, 0xFDEE, 0xFDEE, 0xFDEE, 0xFDEE,
    0xFDEE, 0xFDEE, 0xFDEE, 0xFDEE, 0xFDEE, 0xFE2F, 0xFEB0, 0xFEB0, 0xFEB0, 0xFEB0, 0xFEB0, 0xFEB0, 0xFE2F, 0xFE2F, 0xFE2F, 0xFE2F,
    0xFE2F, 0xFE2F, 0xFE2F, 0xFDEF, 0xFDEF, 0xFDEF, 0xFDEF, 0xFE2F, 0xFE2F, 0xFE2F, 0xFE0F, 0xFDEF, 0xFDEF, 0xFDEF, 0xFDEF, 0xFDEF,
    0xF5AE, 0xDCED, 0xDCCD, 0xDCED, 0xDCED, 0xDCED, 0xDCED, 0xDCED, 0xDCED, 0xDCED, 0xDCED, 0xDCED, 0xDCED, 0xDCED, 0xDCED, 0xDCED,
    0xDCED, 0xDCED, 0xDCED, 0xDCED, 0xDCED, 0xDCED, 0xDCED, 0xDCED, 0xDCED, 0xDCED, 0xDCED, 0xDCED, 0xDCED, 0xDCED, 0xDCED, 0xDCCD,
    0xDCED, 0xDCED, 0xDCED, 0xDCED, 0xDCED, 0xDCED, 0xDCED, 0xDCED, 0xDCED, 0xDCED, 0xDCED, 0xDCED, 0xDCED, 0xDCED, 0xDCED, 0xDCED,
    0xDCED, 0xDCED, 0xD4CC, 0xACC7, 0xACC7, 0xACC7, 0xACF0, 0xAD36, 0xAD36, 0xAD36, 0xAD36, 0xAD36, 0x2372, 0x2373, 0x2372, 0x2372,
    0x2372, 0x2373, 0x2372, 0x2372, 0x2372, 0x2372, 0x2372, 0x2372, 0x2372, 0x2372, 0x2372, 0x2372, 0x0000, 0x0000, 0x0000, 0x0000,
    0x0000, 0x0000, 0x0000, 0x0000, 0x0000, 0x0000, 0x0000, 0x0000, 0x0000, 0x0000, 0x0000, 0x0000, 0x0000, 0x0000, 0x0000, 0x0000,
    0x0000, 0x0000, 0x0000, 0x0000, 0x0000, 0x0000, 0x0000, 0x0000, 0x0000, 0x0000, 0x0000, 0x0000, 0x0000, 0x0000, 0x0000, 0x0000,
    0x0000, 0x0000, 0x0000, 0x0000, 0x0000, 0x0000, 0x0000, 0x0000, 0x0000, 0x0000, 0x0000, 0x0000, 0x0000, 0x0000, 0x0000, 0x0000,
    0x0000, 0x0000, 0x0000, 0x0000, 0x0000, 0x0000, 0x0000, 0x0000, 0x0000, 0x0000, 0x0000, 0x0000, 0x0000, 0x0000, 0x0000, 0x0000,
    0x0000, 0x0000, 0x0000, 0x0000, 0x8AE8, 0xC44C, 0xC44C, 0xC42C, 0xC44C, 0xCE59, 0xCE59, 0xCE59, 0xCE59, 0xCE59, 0x7CE6, 0x8567,
    0x8567, 0xC638, 0xFACA, 0xFACA, 0x62ED, 0xCE59, 0xBCB0, 0xDCED, 0xDCED, 0xDCED, 0xDCED, 0xDCED, 0xDCED, 0xDCED, 0xDCED, 0xDCED,
    0xDCED, 0xDCED, 0xDCED, 0xDCED, 0xDCCD, 0xDCED, 0xDCED, 0xDCED, 0xDCED, 0xDCED, 0xDCED, 0xDCED, 0xDCCD, 0xDCED, 0xDCED, 0xDCED,
    0xDCED, 0xDCED, 0xDCED, 0xDCED, 0xDCCD, 0xDCED, 0xDCED, 0xDCED, 0xDCED, 0xDCED, 0xDCED, 0xDCCD, 0xDCED, 0xDCED, 0xDCED, 0xDCED,
    0xDCED, 0xDCED, 0xDCED, 0xDCED, 0xDCED, 0xDCED, 0xDCED, 0xDCED, 0xDCCD, 0xDCED, 0xDCED, 0xDCED, 0xDCED, 0xDCED, 0xDCED, 0xDCED,
    0xDCED, 0xDCED, 0xFDEF, 0xFDEF, 0xFDEF, 0xFDEF, 0xFE2F, 0xFE2F, 0xFE2F, 0xFDEF, 0xFDEF, 0xFDEF, 0xFDEF, 0xFE2F, 0xFE2F, 0xFE2F,
    0xFE2F, 0xFE2F, 0xFE2F, 0xFE2F, 0xFE4F, 0xFEB0, 0xFEB0, 0xFEB0, 0xFEB0, 0xFEB0, 0xFE90, 0xFDEE, 0xFDEE, 0xFDEE, 0xFDEE, 0xFDEE,
    0xFDEE, 0xFDEE, 0xFDEE, 0xFDEE, 0xFDEE, 0xFDEE, 0xFDEE, 0xFDEE, 0xFDEE, 0xFDEE, 0xFE90, 0xFE90, 0xFEB0, 0xFEB0, 0xFEB0, 0xFEB0,
    0xFEB0, 0xFEB0, 0xFEB0, 0xFE90, 0xFEB0, 0xFEB0, 0xFDEE, 0xFDEE, 0xFDEE, 0xFDEE, 0xFDEE, 0xFDEE, 0xFDEE, 0xFDEE, 0xFDEE, 0xFDEE,
    0xFDEE, 0xFDEE, 0xFDEE, 0xFDEE, 0xFDEE, 0xFE2F, 0xFEB0, 0xFEB0, 0xFEB0, 0xFEB0, 0xFEB0, 0xFEB0, 0xFE2F, 0xFE2F, 0xFE2F, 0xFE2F,
    0xFE2F, 0xFE2F, 0xFE2F, 0xFDEF, 0xFDEF, 0xFDEF, 0xFDEF, 0xFE2F, 0xFE2F, 0xFE2F, 0xFE0F, 0xFDEF, 0xFDEF, 0xFDEF, 0xE4ED, 0xDCED,
    0xDCED, 0xDCED, 0xDCED, 0xDCED, 0xDCED, 0xDCED, 0xDCED, 0xDCCD, 0xDCED, 0xDCED, 0xDCED, 0xDCED, 0xDCED, 0xDCED, 0xDCCD, 0xDCED,
    0xDCED, 0xDCED, 0xDCED, 0xDCED, 0xDCCD, 0x9328, 0x9328, 0x9328, 0x9328, 0x9328, 0x9328, 0x9328, 0x9328, 0xDCED, 0xDCED, 0xDCED,
    0xDCCD, 0xDCED, 0xDCED, 0xDCED, 0xDCED, 0xDCED, 0xDCED, 0xDCED, 0xDCCD, 0xDCED, 0xDCED, 0xDCED, 0xDCED, 0xDCED, 0xDCED, 0xDCED,
    0xDCED, 0xDCED, 0xDCED, 0xACC7, 0xACC7, 0xACC7, 0xACC7, 0xACC7, 0xAD36, 0xAD36, 0xAD36, 0xAD36, 0xAD36, 0xAD36, 0xAD36, 0xAD36,
    0x7C54, 0x2372, 0x2372, 0x2372, 0x2372, 0x2373, 0x2372, 0x2372, 0x2372, 0x2372, 0x2372, 0x2373, 0x0000, 0x0000, 0x0000, 0x0000,
    0x0000, 0x0000, 0x0000, 0x0000, 0x0000, 0x0000, 0x0000, 0x0000, 0x0000, 0x0000, 0x0000, 0x0000, 0x0000, 0x0000, 0x0000, 0x0000,
    0x0000, 0x0000, 0x0000, 0x0000, 0x0000, 0x0000, 0x0000, 0x0000, 0x0000, 0x0000, 0x0000, 0x0000, 0x0000, 0x0000, 0x0000, 0x0000,
    0x0000, 0x0000, 0x0000, 0x0000, 0x0000, 0x0000, 0x0000, 0x0000, 0x0000, 0x0000, 0x0000, 0x0000, 0x0000, 0x0000, 0x0000, 0x0000,
    0x0000, 0x0000, 0x0000, 0x0000, 0x0000, 0x0000, 0x0000, 0x0000, 0x0000, 0x0000, 0x0000, 0x0000, 0x0000, 0x0000, 0x0000, 0x0000,
    0x0000, 0x0000, 0x0000, 0x0000, 0x82E8, 0xC44C, 0xC42C, 0xC42C, 0xC44C, 0xE73C, 0xE73C, 0xE73C, 0xE73C, 0xE73C, 0x73CD, 0x8567,
    0x8567, 0xC638, 0xFACA, 0xFACA, 0xFACA, 0xB5B7, 0xCE59, 0xDCED, 0xDCED, 0xDCED, 0xDCED, 0xDCED, 0xDCED, 0xDCCD, 0xDCED, 0xDCED,
    0xDCED, 0xDCED, 0xDCED, 0xDCED, 0xDCED, 0xDCED, 0xDCED, 0xDCED, 0xDCED, 0xDCED, 0xDCED, 0xDCED, 0xDCED, 0xDCED, 0xDCED, 0xDCED,
    0xDCCD, 0xDCED, 0xDCED, 0xDCCD, 0xDCED, 0xDCED, 0xDCED, 0xDCED, 0xDCED, 0xDCCD, 0xDCED, 0xDCED, 0xDCED, 0xDCED, 0xDCED, 0xDCED,
    0xDCED, 0xDCED, 0xDCED, 0xDCED, 0xDCED, 0xDCED, 0xDCED, 0xDCCD, 0xDCED, 0xDCCD, 0xDCED, 0xDCED, 0xDCCD, 0xDCED, 0xDCCD, 0xDCED,
    0xDCED, 0xDCED, 0xDCED, 0xDCCD, 0xDCED, 0xFDEF, 0xFE2F, 0xFE2F, 0xFE2F, 0xFDEF, 0xFDEF, 0xFDEF, 0xFDEF, 0xFE2F, 0xFE2F, 0xFE2F,
    0xFE2F, 0xFE2F, 0xFE2F, 0xFE2F, 0xFE4F, 0xFEB0, 0xFEB0, 0xFEB0, 0xFEB0, 0xFEB0, 0xFEB0, 0xFDEE, 0xFDEE, 0xFDEE, 0xFDEE, 0xFDEE,
    0xFDEE, 0xFDEE, 0xFDEE, 0xFDEE, 0xFDEE, 0xFE6F, 0xFEB0, 0xFEB0, 0xFEB0, 0xFEB0, 0xFEB0, 0xFEB0, 0xFEB0, 0xFEB0, 0xFEB0, 0xED6E,
    0xED6E, 0xFEB0, 0xFEB0, 0xFEB0, 0xFEB0, 0xFEB0, 0xFEB0, 0xFEB0, 0xFEB0, 0xFEB0, 0xFEB0, 0xFDEE, 0xFDEE, 0xFDEE, 0xFDEE, 0xFDEE,
    0xFDEE, 0xFDEE, 0xFDEE, 0xFDEE, 0xFDEE, 0xFE2F, 0xFEB0, 0xFEB0, 0xFEB0, 0xFEB0, 0xFEB0, 0xFEB0, 0xFE2F, 0xFE2F, 0xFE2F, 0xFE2F,
    0xFE2F, 0xFE2F, 0xFE2F, 0xFDEF, 0xFDEF, 0xFDEF, 0xFDEF, 0xFE2F, 0xFE2F, 0xFE2F, 0xFE0F, 0xE50D, 0xDCED, 0xDCED, 0xDCED, 0xDCED,
    0xDCCD, 0xDCED, 0xDCED, 0xDCED, 0xDCED, 0xDCED, 0xDCCD, 0xDCED, 0xDCED, 0xDCED, 0xDCED, 0xDCED, 0xDCED, 0xDCED, 0xDCCD, 0xDCED,
    0xDCED, 0xDCED, 0xDCCD, 0x3943, 0x3943, 0x4101, 0x7985, 0x8A06, 0x81E5, 0x81E5, 0x8A05, 0x7165, 0x4901, 0x3943, 0x3D7A, 0x3D7A,
    0x3D7A, 0x3D7A, 0x3D7A, 0x3D7A, 0x3D7A, 0x3D7A, 0x3D7A, 0x3D7A, 0x3D7A, 0x3D7A, 0x3D7A, 0x3D7A, 0x3D7A, 0x3D7A, 0x3D7A, 0x3D5A,
    0x3D5A, 0x3D3A, 0x3539, 0x3539, 0x5518, 0xACC7, 0xACC7, 0xACC7, 0xACC7, 0xACC7, 0xACC8, 0xAD36, 0xAD36, 0xAD36, 0xAD36, 0xAD36,
    0xAD36, 0xAD36, 0xAD36, 0xAD36, 0xAD36, 0xAD36, 0xAD36, 0xAD36, 0xAD36, 0xAD36, 0xAD36, 0xAD36, 0x0000, 0x0000, 0x0000, 0x0000,
    0x0000, 0x0000, 0x0000, 0x0000, 0x0000, 0x0000, 0x0000, 0x0000, 0x0000, 0x0000, 0x0000, 0x0000, 0x0000, 0x0000, 0x0000, 0x0000,
    0x0000, 0x0000, 0x0000, 0x0000, 0x0000, 0x0000, 0x0000, 0x0000, 0x0000, 0x0000, 0x0000, 0x0000, 0x0000, 0x0000, 0x0000, 0x0000,
    0x0000, 0x0000, 0x0000, 0x0000, 0x0000, 0x0000, 0x0000, 0x0000, 0x0000, 0x0000, 0x0000, 0x0000, 0x0000, 0x0000, 0x0000, 0x0000,
    0x0000, 0x0000, 0x0000, 0x0000, 0x0000, 0x0000, 0x0000, 0x0000, 0x0000, 0x0000, 0x0000, 0x0000, 0x0000, 0x0000, 0x0000, 0x0000,
    0x0000, 0x0000, 0x0000, 0x0000, 0x82E8, 0xC44C, 0xC42C, 0xC42C, 0xC44C, 0xA4F5, 0xA515, 0xA515, 0xA4F5, 0xA515, 0xA4D5, 0x5364,
    0x8567, 0xC638, 0xA9A7, 0xFACA, 0xFACA, 0xE73C, 0xC638, 0xC553, 0xDCED, 0xDCCD, 0xDCCD, 0xDCED, 0xDCED, 0xDCED, 0xDCCD, 0xDCED,
    0xDCED, 0xDCED, 0xDCED, 0xDCED, 0xDCED, 0xDCCD, 0xDCCD, 0xDCED, 0xDCED, 0xDCED, 0xDCED, 0xDCED, 0xDCED, 0xDCED, 0xDCED, 0xDCED,
    0xDCED, 0xDCED, 0xDCED, 0xDCED, 0xDCED, 0xDCED, 0xDCED, 0xDCED, 0xDCED, 0xDCED, 0xDCED, 0xDCED, 0xDCED, 0xDCCD, 0xDCED, 0xDCED,
    0xDCCD, 0xDCED, 0xDCED, 0xDCED, 0xDCED, 0xDCCD, 0xDCED, 0xDCED, 0xDCED, 0xDCED, 0xDCED, 0xDCED, 0xDCED, 0xDCED, 0xDCED, 0xDCED,
    0xDCED, 0xDCCD, 0xDCED, 0xDCED, 0xDCED, 0xDCCD, 0xDCCD, 0xED2E, 0xED6E, 0xED6E, 0xED6E, 0xED6E, 0xF56E, 0xFDEF, 0xFDEF, 0xFDEF,
    0xFDEF, 0xFDEF, 0xFDEF, 0xFDEF, 0xFE0F, 0xFEB0, 0xFEB0, 0xFEB0, 0xFEB0, 0xFEB0, 0xFEB0, 0xFDEE, 0xFDEE, 0xFDEE, 0xFDEE, 0xFDEE,
    0xFDEE, 0xFDEE, 0xFDEE, 0xFEB0, 0xFEB0, 0xFEB0, 0xFEB0, 0xFEB0, 0xFEB0, 0xFEB0, 0xED6E, 0xED6E, 0xED6E, 0xED6E, 0xED6E, 0xED6E,
    0xED6E, 0xED6E, 0xED6E, 0xED6E, 0xED6E, 0xED6E, 0xFEB0, 0xFEB0, 0xFEB0, 0xFEB0, 0xFEB0, 0xFEB0, 0xFEB0, 0xFDEE, 0xFDEE, 0xFDEE,
    0xFDEE, 0xFDEE, 0xFDEE, 0xFDEE, 0xFDEE, 0xFE2F, 0xFEB0, 0xFEB0, 0xFEB0, 0xFEB0, 0xFEB0, 0xFE90, 0xFDEF, 0xFDEF, 0xFDEF, 0xFDEF,
    0xFDEF, 0xFDEF, 0xFDEF, 0xFDEF, 0xFDEF, 0xFDEF, 0xFDEF, 0xFE2F, 0xFE0F, 0xDCED, 0xDCED, 0xDCED, 0xDCED, 0xDCED, 0xDCED, 0xDCED,
    0xDCED, 0xDCED, 0xDCED, 0xDCED, 0xDCED, 0xDCED, 0xDCED, 0xDCED, 0xDCED, 0xDCED, 0xDCED, 0xDCED, 0xDCED, 0xDCED, 0xDCED, 0xDCED,
    0xDCED, 0xDCED, 0xB3CA, 0x2880, 0x50E2, 0x6984, 0x8A06, 0x8A06, 0x81E5, 0x81E5, 0x8A06, 0x8A06, 0x6984, 0x50E3, 0x2C55, 0x3D7A,
    0x3D7A, 0x3D7A, 0x3D7A, 0x3D7A, 0x3D7A, 0x3D7A, 0x3D7A, 0x3D7A, 0x3D7A, 0x3D7A, 0x3D7A, 0x3D7A, 0x3D7A, 0x3D7A, 0x3D5A, 0x3D5A,
    0x3D5A, 0x3D5A, 0x3D3A, 0x3539, 0x3539, 0x3519, 0xACC7, 0xACC7, 0xACC7, 0xACC7, 0xACC7, 0xACC7, 0xACC7, 0xACCA, 0xAD36, 0xAD36,
    0xAD36, 0xAD36, 0xAD36, 0xAD36, 0xAD36, 0xAD36, 0xAD36, 0xAD36, 0xAD36, 0xAD36, 0xAD36, 0xAD36, 0x0000, 0x0000, 0x0000, 0x0000,
    0x0000, 0x0000, 0x0000, 0x0000, 0x0000, 0x0000, 0x0000, 0x0000, 0x0000, 0x0000, 0x0000, 0x0000, 0x0000, 0x0000, 0x0000, 0x0000,
    0x0000, 0x0000, 0x0000, 0x0000, 0x0000, 0x0000, 0x0000, 0x0000, 0x0000, 0x0000, 0x0000, 0x0000, 0x0000, 0x0000, 0x0000, 0x0000,
    0x0000, 0x0000, 0x0000, 0x0000, 0x0000, 0x0000, 0x0000, 0x0000, 0x0000, 0x0000, 0x0000, 0x0000, 0x0000, 0x0000, 0x0000, 0x0000,
    0x0000, 0x0000, 0x0000, 0x0000, 0x0000, 0x0000, 0x0000, 0x0000, 0x0000, 0x0000, 0x0000, 0x0000, 0x0000, 0x0000, 0x0000, 0x0000,
    0x0000, 0x0000, 0x0000, 0x0000, 0x9B89, 0xDD0D, 0xDD2D, 0xDD2D, 0xDD2D, 0x9CB4, 0x9CB4, 0x9CB4, 0x9CB4, 0x9CB4, 0x8C31, 0x9493,
    0x8567, 0xC638, 0xA9A7, 0xA9A7, 0xFACA, 0xE73C, 0xC638, 0xD69A, 0xFDEE, 0xFDEE, 0xFDEE, 0xFDEE, 0xFDEE, 0xFDEE, 0xFDEE, 0xFDEE,
    0xFDEE, 0xFDEE, 0xFDEE, 0xFDEE, 0xFDEE, 0xFDEE, 0xFDEE, 0xFDEE, 0xFDEE, 0xFDEE, 0xFDEE, 0xFDEE, 0xFDEE, 0xFDEE, 0xFDEE, 0xFDEE,
    0xFDEE, 0xFDEE, 0xFDEE, 0xFDEE, 0xFDEE, 0xFDEE, 0xFDEE, 0xFDEE, 0xFDEE, 0xFDEE, 0xFDEE, 0xFDEE, 0xFDEE, 0xFDEE, 0xFDEE, 0xFDEE,
    0xFDEE, 0xFDEE, 0xFDEE, 0xFDEE, 0xFDEE, 0xFDEE, 0xFDEE, 0xFDCE, 0xF58E, 0xDCED, 0xDCED, 0xDCED, 0xDCED, 0xDCED, 0xDCED, 0xDCED,
    0xDCED, 0xDCED, 0xDCED, 0xDCED, 0xDCED, 0xDCED, 0xDCED, 0xDCED, 0xDCCD, 0xDCED, 0xED6E, 0xED6E, 0xED6E, 0xFDEF, 0xFDEF, 0xFDEF,
    0xFDEF, 0xFDEF, 0xFDEF, 0xFDEF, 0xFE2F, 0xFEB0, 0xFEB0, 0xFEB0, 0xFEB0, 0xFEB0, 0xFEB0, 0xFDEE, 0xFDEE, 0xFDEE, 0xFDEE, 0xFE2F,
    0xFEB0, 0xFEB0, 0xFEB0, 0xFEB0, 0xFE70, 0xFE2F, 0xED6E, 0xED6E, 0xED6E, 0xED6E, 0xED6E, 0xED6E, 0xED6E, 0xED6E, 0xED6E, 0xED6E,
    0xED6E, 0xED6E, 0xED6E, 0xED6E, 0xED6E, 0xED6E, 0xED6E, 0xED6E, 0xED6E, 0xED6E, 0xFE2F, 0xFE2F, 0xFEB0, 0xFEB0, 0xFEB0, 0xFEB0,
    0xFE2F, 0xFDEE, 0xFDEE, 0xFDEE, 0xFDEE, 0xFE2F, 0xFEB0, 0xFEB0, 0xFEB0, 0xFEB0, 0xFEB0, 0xFEB0, 0xFDEF, 0xFDEF, 0xFDEF, 0xFDEF,
    0xFDEF, 0xFDEF, 0xFDEF, 0xFDEF, 0xFDEF, 0xFDEF, 0xDCED, 0xDCED, 0xDCED, 0xDCED, 0xDCED, 0xDCED, 0xDCED, 0xDCED, 0xDCCD, 0xDCED,
    0xDCED, 0xDCED, 0xDCED, 0xDCCD, 0xDCED, 0xDCED, 0xDCED, 0xF58E, 0xFDCE, 0xFDEE, 0xFDEE, 0xFDEE, 0xFDEE, 0xFDEE, 0xFDEE, 0xFDEE,
    0xFDEE, 0x7AC6, 0x40E1, 0x7164, 0x8A06, 0xA267, 0x8A26, 0x79A5, 0x7985, 0x7985, 0x79A5, 0x8A26, 0xA267, 0x8A06, 0x7164, 0x120A,
    0x3D7A, 0x3D7A, 0x3D7A, 0x3D7A, 0x3D7A, 0x3D7A, 0x3D7A, 0x3D7A, 0x3D7A, 0x3D7A, 0x3D7A, 0x3D7A, 0x3D7A, 0x3D7A, 0x3D5A, 0x3D5A,
    0x3D5A, 0x3D3A, 0x3D3A, 0x3D39, 0x3539, 0x3519, 0x3519, 0x7CF3, 0xACC7, 0xACC7, 0xACC7, 0xACC7, 0xACC7, 0xACC7, 0xACC7, 0xACC7,
    0xACC7, 0xACC7, 0xACC7, 0xACC7, 0xACCA, 0xACEF, 0xACF0, 0xACF0, 0xACF0, 0xACF0, 0xACF0, 0xACF0, 0x0000, 0x0000, 0x0000, 0x0000,
    0x0000, 0x0000, 0x0000, 0x0000, 0x0000, 0x0000, 0x0000, 0x0000, 0x0000, 0x0000, 0x0000, 0x0000, 0x0000, 0x0000, 0x0000, 0x0000,
    0x0000, 0x0000, 0x0000, 0x0000, 0x0000, 0x0000, 0x0000, 0x0000, 0x0000, 0x0000, 0x0000, 0x0000, 0x0000, 0x0000, 0x0000, 0x0000,
    0x0000, 0x0000, 0x0000, 0x0000, 0x0000, 0x0000, 0x0000, 0x0000, 0x0000, 0x0000, 0x0000, 0x0000, 0x0000, 0x0000, 0x0000, 0x0000,
    0x0000, 0x0000, 0x0000, 0x0000, 0x0000, 0x0000, 0x0000, 0x0000, 0x0000, 0x0000, 0x0000, 0x0000, 0x0000, 0x0000, 0x0000, 0x0000,
    0x0000, 0x0000, 0x0000, 0x0000, 0x9B89, 0xDD0D, 0xDD2D, 0xDD2D, 0xDD2D, 0x9CB4, 0x9CB4, 0x9CB4, 0x9CB4, 0x9CB4, 0x9CB4, 0xAD15,
    0xD6BA, 0xC638, 0x7435, 0xA9A7, 0xC207, 0xE73C, 0xC638, 0xB5B7, 0xD69A, 0xFDEE, 0xFDEE, 0xFDEE, 0xFDEE, 0xFDEE, 0xFDEE, 0xFDEE,
    0xFDEE, 0xFDEE, 0xFDEE, 0xFDEE, 0xFDEE, 0xFDEE, 0xFDEE, 0xFDEE, 0xFDEE, 0xFDEE, 0xFDEE, 0xFDEE, 0xFDEE, 0xFDEE, 0xFDEE, 0xFDEE,
    0xFDEE, 0xFDEE, 0xFDEE, 0xFDEE, 0xFDEE, 0xFDEE, 0xFDEE, 0xFDEE, 0xFDEE, 0xFDEE, 0xFDEE, 0xFDEE, 0xFDEE, 0xFDEE, 0xFDEE, 0xFDEE,
    0xFDEE, 0xFDEE, 0xFDEE, 0xFDEE, 0xFDEE, 0xFDEE, 0xFDEE, 0xFDEE, 0xFDEE, 0xFDEE, 0xFDEE, 0xFDEE, 0xFDEE, 0xFDEE, 0xE52D, 0xDCED,
    0xDCED, 0xDCED, 0xDCED, 0xDCED, 0xDCED, 0xDCED, 0xDCED, 0xDCED, 0xDCCD, 0xDCED, 0xDCED, 0xDCED, 0xED6E, 0xFE2F, 0xFE2F, 0xFE2F,
    0xFE2F, 0xFE2F, 0xFE2F, 0xFE2F, 0xFE4F, 0xFEB0, 0xFEB0, 0xFEB0, 0xFEB0, 0xFEB0, 0xFEB0, 0xFDEE, 0xFDEE, 0xFE90, 0xFEB0, 0xFEB0,
    0xFEB0, 0xFEB0, 0xF56E, 0xED6E, 0xED6E, 0xF56E, 0xED6E, 0xF56E, 0xED6E, 0xED6E, 0xED6E, 0xED6E, 0xED6E, 0xED6E, 0xED6E, 0xED6E,
    0xED6E, 0xED6E, 0xED6E, 0xED6E, 0xED6E, 0xED6E, 0xED6E, 0xED6E, 0xED6E, 0xED6E, 0xED6E, 0xED6E, 0xED6E, 0xED6E, 0xFEB0, 0xFEB0,
    0xFEB0, 0xFEB0, 0xFEB0, 0xFDEE, 0xFDEE, 0xFE2F, 0xFEB0, 0xFEB0, 0xFEB0, 0xFEB0, 0xFEB0, 0xFEB0, 0xFE2F, 0xFE2F, 0xFE2F, 0xFE2F,
    0xFE2F, 0xFE2F, 0xFE2F, 0xFE2F, 0xF58E, 0xDCED, 0xDCED, 0xDCED, 0xDCED, 0xDCED, 0xDCED, 0xDCED, 0xDCED, 0xDCCD, 0xDCED, 0xDCED,
    0xDCED, 0xE50D, 0xFDCE, 0xFDEE, 0xFDEE, 0xFDEE, 0xFDEE, 0xFDEE, 0xFDEE, 0xFDEE, 0xFDEE, 0xFDEE, 0xFDEE, 0xFDEE, 0xFDEE, 0xFDEE,
    0xFDEE, 0x4183, 0x4902, 0x7985, 0x8A06, 0x8A06, 0xA287, 0x8A06, 0x7985, 0x7985, 0x8A06, 0xA287, 0x8A06, 0x7985, 0x7985, 0x0000,
    0x3D7A, 0x3D7A, 0x3D7A, 0x3D7A, 0x3D7A, 0x3D7A, 0x3D7A, 0x3D7A, 0x3D7A, 0x3D7A, 0x3D7A, 0x3D7A, 0x3D7A, 0x3D7A, 0x3D5A, 0x3D5A,
    0x3D5A, 0x3D3A, 0x3539, 0x3539, 0x3539, 0x3519, 0x3519, 0x34F9, 0x34F9, 0x34F8, 0x9CCE, 0xACC7, 0xACC7, 0xACC7, 0xACC7, 0xACC7,
    0xACC7, 0xACC7, 0xACC7, 0xACC7, 0xACC7, 0xACC7, 0xACC7, 0xACC7, 0xACC7, 0xACC7, 0xACC7, 0xACC7, 0x0000, 0x0000, 0x0000, 0x0000,
    0x0000, 0x0000, 0x0000, 0x0000, 0x0000, 0x0000, 0x0000, 0x0000, 0x0000, 0x0000, 0x0000, 0x0000, 0x0000, 0x0000, 0x0000, 0x0000,
    0x0000, 0x0000, 0x0000, 0x0000, 0x0000, 0x0000, 0x0000, 0x0000, 0x0000, 0x0000, 0x0000, 0x0000, 0x0000, 0x0000, 0x0000, 0x0000,
    0x0000, 0x0000, 0x0000, 0x0000, 0x0000, 0x0000, 0x0000, 0x0000, 0x0000, 0x0000, 0x0000, 0x0000, 0x0000, 0x0000, 0x0000, 0x0000,
    0x0000, 0x0000, 0x0000, 0x0000, 0x0000, 0x0000, 0x0000, 0x0000, 0x0000, 0x0000, 0x0000, 0x0000, 0x0000, 0x0000, 0x0000, 0x0000,
    0x0000, 0x0000, 0x0000, 0x0000, 0x9B89, 0xDD2D, 0xDD2D, 0xDD2D, 0xDD0D, 0x9CB4, 0x9CB4, 0x9CB4, 0x9CB4, 0x9CB4, 0x9CB4, 0x9493,
    0xA4F5, 0xC638, 0x557F, 0xC638, 0xA9A7, 0xE73C, 0xC638, 0x62EC, 0xDEDB, 0xFDEE, 0xFDEE, 0xFDEE, 0xFDEE, 0xFDEE, 0xFDEE, 0xFDEE,
    0xFDEE, 0xFDEE, 0xFDEE, 0xFDEE, 0xFDEE, 0xFDEE, 0xFDEE, 0xFDEE, 0xFDEE, 0xFDEE, 0xFDEE, 0xFDEE, 0xFDEE, 0xFDEE, 0xFDEE, 0xFDEE,
    0xFDEE, 0xFDEE, 0xFDEE, 0xFDEE, 0xFDEE, 0xFDEE, 0xFDEE, 0xFDEE, 0xFDEE, 0xFDEE, 0xFDEE, 0xFDEE, 0xFDEE, 0xFDEE, 0xFDEE, 0xFDEE,
    0xFDEE, 0xFDEE, 0xFDEE, 0xFDEE, 0xFDEE, 0xFDEE, 0xFDEE, 0xFDEE, 0xFDEE, 0xFDEE, 0xFDEE, 0xFDEE, 0xFDEE, 0xFDEE, 0xFDEE, 0xFDEE,
    0xDCED, 0xDCED, 0xDCED, 0xDCED, 0xDCED, 0xDCED, 0xDCED, 0xDCED, 0xDCED, 0xDCED, 0xDCED, 0xDCED, 0xDCED, 0xFDEF, 0xFDEF, 0xFDEF,
    0xFDEF, 0xFDEF, 0xFDEF, 0xFDEF, 0xFE2F, 0xFEB0, 0xFEB0, 0xFEB0, 0xFEB0, 0xFEB0, 0xFEB0, 0xFDEE, 0xFDEE, 0xFEB0, 0xFEB0, 0xFEB0,
    0xED6E, 0xED6E, 0xED6E, 0xED6E, 0xED6E, 0xF56E, 0xED6E, 0xED6E, 0xED6E, 0xED6E, 0xED6E, 0xED6E, 0xED6E, 0xED6E, 0xED6E, 0xED6E,
    0xED6E, 0xED6E, 0xED6E, 0xED6E, 0xED6E, 0xED6E, 0xED6E, 0xED6E, 0xED6E, 0xF56E, 0xED6E, 0xED6E, 0xF56E, 0xED6E, 0xED6E, 0xED6E,
    0xFEB0, 0xFEB0, 0xFEB0, 0xFE70, 0xFDEE, 0xFE2F, 0xFEB0, 0xFEB0, 0xFEB0, 0xFEB0, 0xFEB0, 0xFEB0, 0xFDEF, 0xFDEF, 0xFDEF, 0xFDEF,
    0xFDEF, 0xFDEF, 0xFDEF, 0xDCED, 0xDCED, 0xDCED, 0xDCED, 0xDCED, 0xDCED, 0xDCED, 0xDCED, 0xDCED, 0xDCED, 0xDCED, 0xDCED, 0xDCED,
    0xFDEE, 0xFDEE, 0xFDEE, 0xFDEE, 0xFDEE, 0xFDEE, 0xFDEE, 0xFDEE, 0xFDEE, 0xFDEE, 0xFDEE, 0xFDEE, 0xFDEE, 0xFDEE, 0xFDEE, 0x7579,
    0x128C, 0x40E1, 0x4902, 0x5122, 0x79A5, 0x79A5, 0x9226, 0xA267, 0x8A06, 0x89E6, 0x9A67, 0x9226, 0x8A06, 0x7985, 0x7985, 0x40E1,
    0x128C, 0x3D5A, 0x3D7A, 0x3D7A, 0x3D7A, 0x3D7A, 0x3D7A, 0x3D7A, 0x3D7A, 0x3D7A, 0x3D7A, 0x3D7A, 0x3D7A, 0x3D7A, 0x3D7A, 0x3D5A,
    0x3D5A, 0x3D3A, 0x3D3A, 0x3539, 0x3539, 0x3519, 0x3519, 0x3519, 0x34F9, 0x34F8, 0x34D8, 0x34D8, 0x5CD6, 0xACC7, 0xACC7, 0xACC7,
    0xACC7, 0xACC7, 0xACC7, 0xACC7, 0xACC7, 0xACC7, 0xACC7, 0xACC7, 0xACC7, 0xACC7, 0xACC7, 0xACC7, 0x0000, 0x0000, 0x0000, 0x0000,
    0x0000, 0x0000, 0x0000, 0x0000, 0x0000, 0x0000, 0x0000, 0x0000, 0x0000, 0x0000, 0x0000, 0x0000, 0x0000, 0x0000, 0x0000, 0x0000,
    0x0000, 0x0000, 0x0000, 0x0000, 0x0000, 0x0000, 0x0000, 0x0000, 0x0000, 0x0000, 0x0000, 0x0000, 0x0000, 0x0000, 0x0000, 0x0000,
    0x0000, 0x0000, 0x0000, 0x0000, 0x0000, 0x0000, 0x0000, 0x0000, 0x0000, 0x0000, 0x0000, 0x0000, 0x0000, 0x0000, 0x0000, 0x0000,
    0x0000, 0x0000, 0x0000, 0x0000, 0x0000, 0x0000, 0x0000, 0x0000, 0x0000, 0x0000, 0x0000, 0x0000, 0x0000, 0x0000, 0x0000, 0x0000,
    0x0000, 0x0000, 0x0000, 0x0000, 0x9B89, 0xDD0D, 0xDD0D, 0xDD2D, 0xDD0D, 0x9CB4, 0x9CB4, 0x9CB4, 0x9CB4, 0x9CB4, 0x9CB4, 0x9CB4,
    0xAD35, 0x9CB4, 0x557F, 0x557F, 0xE73C, 0xE73C, 0xC638, 0x8567, 0x62EC, 0xDEFB, 0xFDEE, 0xFDEE, 0xFDEE, 0xFDEE, 0xFDEE, 0xFDEE,
    0xFDEE, 0xFDEE, 0xFDEE, 0xFDEE, 0xFDEE, 0xFDEE, 0xFDEE, 0xFDEE, 0xFDEE, 0xFDEE, 0xFDEE, 0xFDEE, 0xFDEE, 0xFDEE, 0xFDEE, 0xFDEE,
    0xFDEE, 0xFDEE, 0xFDEE, 0xFDEE, 0xFDEE, 0xFDEE, 0xFDEE, 0xFDEE, 0xFDEE, 0xFDEE, 0xFDEE, 0xFDEE, 0xFDEE, 0xFDEE, 0xFDEE, 0xFDEE,
    0xFDEE, 0xFDEE, 0xFDEE, 0xFDEE, 0xFDEE, 0xFDEE, 0xFDEE, 0xFDEE, 0xFDEE, 0xFDEE, 0xFDEE, 0xFDEE, 0xFDEE, 0xFDEE, 0xFDEE, 0xFDEE,
    0xFDEE, 0xFDEE, 0xDCED, 0xDCED, 0xDCCD, 0xDCED, 0xDCED, 0xDCED, 0xDCED, 0xDCED, 0xDCED, 0xDCED, 0xDCCD, 0xDCCD, 0xF5AE, 0xFDEF,
    0xFDEF, 0xFDEF, 0xFDEF, 0xFDEF, 0xFE2F, 0xFEB0, 0xFEB0, 0xFEB0, 0xFEB0, 0xFEB0, 0xFEB0, 0xFDEE, 0xFEB0, 0xFEB0, 0xFEB0, 0xED6E,
    0xED6E, 0xED6E, 0xED6E, 0xED6E, 0xF56E, 0xED6E, 0xED6E, 0xED6E, 0xED6E, 0xED6E, 0xED6E, 0xED6E, 0xED6E, 0xED6E, 0xED6E, 0xED6E,
    0xED6E, 0xED6E, 0xED6E, 0xED6E, 0xF56E, 0xED6E, 0xED6E, 0xED6E, 0xF56E, 0xED6E, 0xED6E, 0xED6E, 0xED6E, 0xED6E, 0xED6E, 0xED6E,
    0xED6E, 0xFEB0, 0xFEB0, 0xFEB0, 0xFE6F, 0xFE2F, 0xFEB0, 0xFEB0, 0xFEB0, 0xFEB0, 0xFEB0, 0xFE90, 0xFDEF, 0xFDEF, 0xFDEF, 0xFDEF,
    0xFDEF, 0xFDCF, 0xDCED, 0xDCED, 0xDCED, 0xDCED, 0xDCED, 0xDCED, 0xDCED, 0xDCED, 0xDCED, 0xDCED, 0xDCED, 0xDCED, 0xFDEE, 0xFDEE,
    0xFDEE, 0xFDEE, 0xFDEE, 0xFDEE, 0xFDEE, 0xFDEE, 0xFDEE, 0xFDEE, 0xFDEE, 0xFDEE, 0xFDEE, 0xFDEE, 0xD5B3, 0x3D7A, 0x3D7A, 0x3D7A,
    0x0000, 0x40E1, 0x4902, 0x4902, 0x7985, 0x7985, 0x7985, 0x8A06, 0x8A06, 0x8A06, 0x8A06, 0x7985, 0x7985, 0x7985, 0x4902, 0x4902,
    0x0000, 0x3D59, 0x3D7A, 0x3D7A, 0x3D7A, 0x3D7A, 0x3D7A, 0x3D7A, 0x3D7A, 0x3D7A, 0x3D7A, 0x3D7A, 0x3D7A, 0x3D7A, 0x3D5A, 0x3D5A,
    0x3D5A, 0x3D5A, 0x3D3A, 0x3539, 0x3539, 0x3519, 0x3519, 0x34F9, 0x34F9, 0x34F8, 0x34F8, 0x34D8, 0x34D8, 0x34B8, 0x34B8, 0x34B8,
    0x3497, 0x3497, 0x6494, 0x9CAE, 0xACC7, 0xACC7, 0xACC7, 0xACC7, 0xACC7, 0xACC7, 0xACC7, 0xACC7, 0x0000, 0x0000, 0x0000, 0x0000,
    0x0000, 0x0000, 0x0000, 0x0000, 0x0000, 0x0000, 0x0000, 0x0000, 0x0000, 0x0000, 0x0000, 0x0000, 0x0000, 0x0000, 0x0000, 0x0000,
    0x0000, 0x0000, 0x0000, 0x0000, 0x0000, 0x0000, 0x0000, 0x0000, 0x0000, 0x0000, 0x0000, 0x0000, 0x0000, 0x0000, 0x0000, 0x0000,
    0x0000, 0x0000, 0x0000, 0x0000, 0x0000, 0x0000, 0x0000, 0x0000, 0x0000, 0x0000, 0x0000, 0x0000, 0x0000, 0x0000, 0x0000, 0x0000,
    0x0000, 0x0000, 0x0000, 0x0000, 0x0000, 0x0000, 0x0000, 0x0000, 0x0000, 0x0000, 0x0000, 0x0000, 0x0000, 0x0000, 0x0000, 0x0000,
    0x0000, 0x0000, 0x0000, 0x0000, 0x9B89, 0xDD2D, 0xDD2D, 0xDD0D, 0xDD2D, 0x9CB4, 0x9CB4, 0x9CB4, 0x9CB4, 0x9CB4, 0x9CB4, 0x9CB4,
    0x9CB4, 0xB597, 0x4CDC, 0x557F, 0xBE9E, 0xE73C, 0xC638, 0x8567, 0x62EC, 0xD6BA, 0xF5F1, 0xFDEE, 0xFDEE, 0xFDEE, 0xFDEE, 0xFDEE,
    0xFDEE, 0xFDEE, 0xFDEE, 0xFDEE, 0xFDEE, 0xFDEE, 0xFDEE, 0xFDEE, 0xFDEE, 0xFDEE, 0xFDEE, 0xFDEE, 0xFDEE, 0xFDEE, 0xFDEE, 0xFDEE,
    0xFDEE, 0xFDEE, 0xFDEE, 0xFDEE, 0xFDEE, 0xFDEE, 0xFDEE, 0xFDEE, 0xFDEE, 0xFDEE, 0xFDEE, 0xFDEE, 0xFDEE, 0xFDEE, 0xFDEE, 0xFDEE,
    0xFDEE, 0xFDEE, 0xFDEE, 0xFDEE, 0xFDEE, 0xFDEE, 0xFDEE, 0xFDEE, 0xFDEE, 0xFDEE, 0xFDEE, 0xFDEE, 0xFDEE, 0xFDEE, 0xFDEE, 0xFDEE,
    0xFDEE, 0xFDEE, 0xFDEE, 0xFDEE, 0xDCED, 0xDCED, 0xDCED, 0xDCCD, 0xDCED, 0xDCED, 0xDCED, 0xDCED, 0xDCED, 0xDCED, 0xDCCD, 0xED4E,
    0xFDEF, 0xFDEF, 0xFDEF, 0xFDEF, 0xFE2F, 0xFEB0, 0xFEB0, 0xFEB0, 0xFEB0, 0xFEB0, 0xFEB0, 0xFEB0, 0xFEB0, 0xFEB0, 0xF58E, 0xED6E,
    0xED6E, 0xED6E, 0xED6E, 0xED6E, 0xED6E, 0xED6E, 0xED6E, 0xED6E, 0xED6E, 0xED6E, 0xED6E, 0xED6E, 0xED6E, 0xED6E, 0xED6E, 0xED6E,
    0xED6E, 0xF56E, 0xF56E, 0xED6E, 0xED6E, 0xF56E, 0xED6E, 0xF56E, 0xED6E, 0xED6E, 0xED6E, 0xED6E, 0xED6E, 0xED6E, 0xED6E, 0xED6E,
    0xED6E, 0xED6E, 0xFEB0, 0xFEB0, 0xFEB0, 0xFEB0, 0xFEB0, 0xFEB0, 0xFEB0, 0xFEB0, 0xFEB0, 0xFEB0, 0xFDEF, 0xFDEF, 0xFDEF, 0xFDEF,
    0xFDCF, 0xDCED, 0xDCED, 0xDCED, 0xDCED, 0xDCED, 0xDCED, 0xDCED, 0xDCED, 0xDCED, 0xDCED, 0xDCED, 0xFDEE, 0xFDEE, 0xFDEE, 0xFDEE,
    0xFDEE, 0xFDEE, 0xFDEE, 0xFDEE, 0xFDEE, 0xFDEE, 0xFDEE, 0xFDEE, 0xFDEE, 0xFDEE, 0xDDD3, 0x3D7A, 0x3D7A, 0x3D7A, 0x3D7A, 0x3D7A,
    0x0000, 0x4902, 0x4902, 0x4902, 0x5943, 0x5923, 0x7985, 0x81A5, 0x81A5, 0x81A5, 0x81A5, 0x7985, 0x5923, 0x5923, 0x4902, 0x4902,
    0x0000, 0x3D59, 0x3D7A, 0x3D7A, 0x3D7A, 0x3D7A, 0x3D7A, 0x3D7A, 0x3D7A, 0x3D7A, 0x3D7A, 0x3D7A, 0x3D7A, 0x3D7A, 0x3D5A, 0x3D5A,
    0x3D5A, 0x3D3A, 0x3D3A, 0x3539, 0x3539, 0x3519, 0x3519, 0x34F9, 0x34F9, 0x34F9, 0x34D8, 0x34D8, 0x34D8, 0x34B8, 0x34B8, 0x3497,
    0x3497, 0x3497, 0x3477, 0x2C77, 0x2C77, 0x2C56, 0x2C56, 0x2C36, 0x2C36, 0x3497, 0x2C56, 0xFDEE, 0x0000, 0x0000, 0x0000, 0x0000,
    0x0000, 0x0000, 0x0000, 0x0000, 0x0000, 0x0000, 0x0000, 0x0000, 0x0000, 0x0000, 0x0000, 0x0000, 0x0000, 0x0000, 0x0000, 0x0000,
    0x0000, 0x0000, 0x0000, 0x0000, 0x0000, 0x0000, 0x0000, 0x0000, 0x0000, 0x0000, 0x0000, 0x0000, 0x0000, 0x0000, 0x0000, 0x0000,
    0x0000, 0x0000, 0x0000, 0x0000, 0x0000, 0x0000, 0x0000, 0x0000, 0x0000, 0x0000, 0x0000, 0x0000, 0x0000, 0x0000, 0x0000, 0x0000,
    0x0000, 0x0000, 0x0000, 0x0000, 0x0000, 0x0000, 0x0000, 0x0000, 0x0000, 0x0000, 0x0000, 0x0000, 0x0000, 0x0000, 0x0000, 0x0000,
    0x0000, 0x0000, 0x0000, 0x0000, 0x840F, 0xBDD6, 0xBDD6, 0xBDD6, 0xBDD6, 0x9CB4, 0x9CB4, 0x9CB4, 0x9CB4, 0x9CB4, 0x9CB4, 0x9CB4,
    0x9CB4, 0xA515, 0x9CF4, 0x557F, 0x557F, 0xE73C, 0xC638, 0x8567, 0x8567, 0x62ED, 0xE71C, 0xCE37, 0xCE37, 0xCE37, 0xCE37, 0xCE37,
    0xCE37, 0xCE37, 0xCE37, 0xCE37, 0xCE37, 0xCE37, 0xCE37, 0xCE37, 0xCE37, 0xD658, 0xDEFB, 0xDEFB, 0xD69A, 0xCE37, 0xCE37, 0xD699,
    0xD6B9, 0xD6B9, 0xD6B9, 0xD6B9, 0xD6B9, 0xD6B9, 0xD6B9, 0xD6B9, 0xD6B9, 0xD6B9, 0xD6B9, 0xD6B9, 0xD6B9, 0xCE37, 0xCE37, 0xDEDB,
    0xDEFB, 0xDEFB, 0xCE37, 0xCE37, 0xCE37, 0xCE37, 0xCE37, 0xCE37, 0xCE37, 0xCE37, 0xD637, 0xFDEE, 0xFDEE, 0xFDEE, 0xFDEE, 0xFDEE,
    0xFDEE, 0xFDEE, 0xFDEE, 0xFDEE, 0xFDEE, 0xFDEE, 0xDCED, 0xDCED, 0xDCED, 0xDCED, 0xDCED, 0xDCED, 0xDCED, 0xDCED, 0xDCED, 0xDCED,
    0xDCED, 0xFDEF, 0xFDEF, 0xFDEF, 0xFE2F, 0xFEB0, 0xFEB0, 0xFEB0, 0xFEB0, 0xFEB0, 0xFEB0, 0xFEB0, 0xFE90, 0xED6E, 0xED6E, 0xED6E,
    0xED6E, 0xED6E, 0xED6E, 0xED6E, 0xED6E, 0xED6E, 0xED6E, 0xED6E, 0xED6E, 0xED6E, 0xED6E, 0xF56E, 0xED6E, 0xED6E, 0xED6E, 0xED6E,
    0xED6E, 0xF56E, 0xED6E, 0xED6E, 0xED6E, 0xED6E, 0xED6E, 0xED6E, 0xED6E, 0xED6E, 0xED6E, 0xF56E, 0xED6E, 0xED6E, 0xED6E, 0xED6E,
    0xED6E, 0xED6E, 0xED6E, 0xF5CF, 0xFEB0, 0xFEB0, 0xFEB0, 0xFEB0, 0xFEB0, 0xFEB0, 0xFEB0, 0xFE90, 0xFDEF, 0xFDEF, 0xFDEF, 0xDCED,
    0xDCED, 0xDCED, 0xDCED, 0xDCED, 0xDCED, 0xDCED, 0xDCED, 0xDCCD, 0xDCED, 0xDCED, 0xFDEE, 0xFDEE, 0xFDEE, 0xFDEE, 0xFDEE, 0xFDEE,
    0xFDEE, 0xFDEE, 0xFDEE, 0xFDEE, 0xFDEE, 0xFDEE, 0xFDEF, 0xD6B9, 0xD6B9, 0x3D7A, 0x3D7A, 0x3D7A, 0x3D7A, 0x3D7A, 0x3D7A, 0x3D7A,
    0x0000, 0x40E1, 0x4902, 0x4902, 0x4902, 0x4901, 0x4902, 0x4902, 0x4902, 0x4902, 0x4902, 0x4902, 0x4902, 0x4902, 0x4902, 0x4902,
    0x0000, 0x3D59, 0x3D7A, 0x3D7A, 0x3D7A, 0x3D7A, 0x3D7A, 0x3D7A, 0x3D7A, 0x3D7A, 0x3D7A, 0x3D7A, 0x3D7A, 0x3D7A, 0x3D5A, 0x3D5A,
    0x3D5A, 0x3D5A, 0x3539, 0x3539, 0x3539, 0x3519, 0x3519, 0x34F9, 0x34F9, 0x34F8, 0x34D8, 0x34D8, 0x34D8, 0x34B8, 0x34B8, 0x3497,
    0x3497, 0x3497, 0x2C77, 0x3477, 0x2C57, 0x2C56, 0x2C36, 0x2C36, 0x2C36, 0x3519, 0x34D8, 0xCE37, 0x0000, 0x0000, 0x0000, 0x0000,
    0x0000, 0x0000, 0x0000, 0x0000, 0x0000, 0x0000, 0x0000, 0x0000, 0x0000, 0x0000, 0x0000, 0x0000, 0x0000, 0x0000, 0x0000, 0x0000,
    0x0000, 0x0000, 0x0000, 0x0000, 0x0000, 0x0000, 0x0000, 0x0000, 0x0000, 0x0000, 0x0000, 0x0000, 0x0000, 0x0000, 0x0000, 0x0000,
    0x0000, 0x0000, 0x0000, 0x0000, 0x0000, 0x0000, 0x0000, 0x0000, 0x0000, 0x0000, 0x0000, 0x0000, 0x0000, 0x0000, 0x0000, 0x0000,
    0x0000, 0x0000, 0x0000, 0x0000, 0x0000, 0x0000, 0x0000, 0x0000, 0x0000, 0x0000, 0x0000, 0x0000, 0x0000, 0x0000, 0x0000, 0x0000,
    0x0000, 0x0000, 0x0000, 0x0000, 0x7BCE, 0xB554, 0xB595, 0xBDD6, 0xBDD6, 0x9CB4, 0x9CB4, 0x9CB4, 0x9CB4, 0x9CB4, 0x9CB4, 0x9CB4,
    0x9CB4, 0x9CB4, 0xBDB7, 0x3376, 0x557F, 0xE73C, 0xC638, 0x6405, 0x8567, 0xDF1B, 0xCE79, 0xCE37, 0xCE37, 0xCE37, 0xCE37, 0xCE37,
    0xCE37, 0xCE37, 0xCE37, 0xCE37, 0xCE37, 0xCE37, 0xCE37, 0xDEDB, 0xDEFB, 0xDEFB, 0xDEFB, 0xDEFB, 0xDEFB, 0xDEFB, 0xDEFB, 0xCE37,
    0xCE37, 0xCE37, 0xD6B9, 0xD6B9, 0xD6B9, 0xD6B9, 0xD6B9, 0xD6B9, 0xD6B9, 0xD6B9, 0xCE58, 0xCE37, 0xCE37, 0xDEFB, 0xDEFB, 0xDEFB,
    0xDEFB, 0xDEFB, 0xDEFB, 0xDEFB, 0xD699, 0xCE37, 0xCE37, 0xCE37, 0xCE37, 0xCE37, 0xCE37, 0xCE37, 0xF5F2, 0xFDEE, 0xFDEE, 0xFDEE,
    0xFDEE, 0xFDEE, 0xFDEE, 0xFDEE, 0xFDEE, 0xFDEE, 0xFDEE, 0xFDEE, 0xDCED, 0xDCED, 0xDCCD, 0xDCED, 0xDCED, 0xDCED, 0xDCED, 0xDCED,
    0xDCED, 0xDCED, 0xFE2F, 0xFE2F, 0xFE4F, 0xFEB0, 0xFEB0, 0xFEB0, 0xFEB0, 0xFEB0, 0xFEB0, 0xFEB0, 0xF5AE, 0xED6E, 0xED6E, 0xED6E,
    0xED6E, 0xED6E, 0xED6E, 0xF56E, 0xED6E, 0xED6E, 0xED6E, 0xED6E, 0xED6E, 0xED6E, 0xED6E, 0xED6E, 0xF5AE, 0xFEB0, 0xFEB0, 0xFEB0,
    0xFEB0, 0xFEB0, 0xFEB0, 0xFE70, 0xED6E, 0xED6E, 0xED6E, 0xF56E, 0xED6E, 0xED6E, 0xF56E, 0xED6E, 0xED6E, 0xED6E, 0xED6E, 0xED6E,
    0xED6E, 0xED6E, 0xED6E, 0xF58E, 0xF60F, 0xFEB0, 0xFEB0, 0xFEB0, 0xFEB0, 0xFEB0, 0xFEB0, 0xFEB0, 0xFE2F, 0xFE2F, 0xDCED, 0xDCED,
    0xDCED, 0xDCED, 0xDCED, 0xDCED, 0xDCED, 0xDCED, 0xDCED, 0xDCED, 0xFDEE, 0xFDEE, 0xFDEE, 0xFDEE, 0xFDEE, 0xFDEE, 0xFDEE, 0xFDEE,
    0xFDEE, 0xFDEE, 0xFDEE, 0xFDEE, 0xFDEE, 0xD6B9, 0xD6B9, 0xCE99, 0x3D7A, 0x3D7A, 0x3D7A, 0x3D7A, 0x3D7A, 0x3D7A, 0x3D7A, 0x3D7A,
    0x2C14, 0x2880, 0x4902, 0xAB4A, 0x4902, 0x4902, 0x4902, 0x4902, 0x4902, 0x4902, 0x4901, 0x4902, 0x4902, 0x4902, 0x4902, 0x4902,
    0x0000, 0x3D59, 0x3D7A, 0x3D7A, 0x3D5A, 0x3D7A, 0x3D5A, 0x3D7A, 0x3D7A, 0x7DDB, 0x7DDB, 0x7DDB, 0x7DDB, 0x7DDB, 0x7DDB, 0x7DDA,
    0x7DBA, 0x75BA, 0x75BA, 0x75BA, 0x759A, 0x759A, 0x759A, 0x7579, 0x7579, 0x7579, 0x7579, 0x7559, 0x7559, 0x7559, 0x7559, 0x7538,
    0x7538, 0x7538, 0x7538, 0x7518, 0x7518, 0x2C57, 0x2C56, 0x2C56, 0x3D7A, 0x3D7A, 0x3D39, 0x7BD0, 0x0000, 0x0000, 0x0000, 0x0000,
    0x0000, 0x0000, 0x0000, 0x0000, 0x0000, 0x0000, 0x0000, 0x0000, 0x0000, 0x0000, 0x0000, 0x0000, 0x0000, 0x0000, 0x0000, 0x0000,
    0x0000, 0x0000, 0x0000, 0x0000, 0x0000, 0x0000, 0x0000, 0x0000, 0x0000, 0x0000, 0x0000, 0x0000, 0x0000, 0x0000, 0x0000, 0x0000,
    0x0000, 0x0000, 0x0000, 0x0000, 0x0000, 0x0000, 0x0000, 0x0000, 0x0000, 0x0000, 0x0000, 0x0000, 0x0000, 0x0000, 0x0000, 0x0000,
    0x0000, 0x0000, 0x0000, 0x0000, 0x0000, 0x0000, 0x0000, 0x0000, 0x0000, 0x0000, 0x0000, 0x0000, 0x0000, 0x0000, 0x0000, 0x0000,
    0x0000, 0x0000, 0x0000, 0x0000, 0x8C51, 0xC618, 0xBDF7, 0xB554, 0xB554, 0x9CB4, 0x9CB4, 0x9CB4, 0x9CB4, 0x9CB4, 0x9CB4, 0x9CB4,
    0x9CB4, 0x9CB4, 0x9CD4, 0xAD35, 0x3376, 0xE73C, 0xC638, 0x5364, 0x8567, 0x8567, 0xCE59, 0xDEFB, 0xCE37, 0xCE37, 0xCE37, 0xCE37,
    0xCE37, 0xCE37, 0xCE37, 0xCE37, 0xDEBA, 0xDEFB, 0xDEFB, 0xDEFB, 0xDEFB, 0xDEFB, 0xDEFB, 0xDEFB, 0xDEFB, 0xDEFB, 0xDEFB, 0xDEFB,
    0xDEFB, 0xDEFB, 0xCE37, 0xCE37, 0xD678, 0xD6B9, 0xD6B9, 0xCE57, 0xCE37, 0xCE37, 0xDEFB, 0xDEFB, 0xDEFB, 0xDEFB, 0xDEFB, 0xDEFB,
    0xDEFB, 0xDEFB, 0xDEFB, 0xDEFB, 0xDEFB, 0xDEFB, 0xDEFB, 0xD658, 0xCE37, 0xCE37, 0xCE37, 0xCE37, 0xCE37, 0xCE37, 0xFDEE, 0xFDEE,
    0xFDEE, 0xFDEE, 0xFDEE, 0xFDEE, 0xFDEE, 0xFDEE, 0xFDEE, 0xFDEE, 0xFDEE, 0xDCED, 0xDCED, 0xDCED, 0xDCED, 0xDCED, 0xDCED, 0xDCED,
    0xDCED, 0xDCED, 0xED8E, 0xFE2F, 0xFE4F, 0xFEB0, 0xFEB0, 0xFEB0, 0xFEB0, 0xFEB0, 0xFEB0, 0xED6E, 0xED6E, 0xED6E, 0xED6E, 0xED6E,
    0xED6E, 0xED6E, 0xED6E, 0xED6E, 0xED6E, 0xED6E, 0xF56E, 0xED6E, 0xED6E, 0xED6E, 0xED6E, 0xFEB0, 0xFEB0, 0xFEB0, 0xFEB0, 0xFEB0,
    0xFEB0, 0xFEB0, 0xFEB0, 0xFEB0, 0xFEB0, 0xF58E, 0xED6E, 0xF56E, 0xED6E, 0xED6E, 0xF56E, 0xED6E, 0xED6E, 0xED6E, 0xED6E, 0xED6E,
    0xED6E, 0xED6E, 0xED6E, 0xED6E, 0xED6E, 0xFEB0, 0xFEB0, 0xFEB0, 0xFEB0, 0xFEB0, 0xFEB0, 0xFEB0, 0xFE2F, 0xFE2F, 0xDCED, 0xDCED,
    0xDCED, 0xDCED, 0xDCED, 0xDCED, 0xDCCD, 0xDCED, 0xDCED, 0xED6D, 0xFDEE, 0xFDEE, 0xFDEE, 0xFDEE, 0xFDEE, 0xFDEE, 0xFDEE, 0xFDEE,
    0xFDEE, 0xFDEE, 0xFDEE, 0xCE37, 0xCE37, 0xCE37, 0x3D7A, 0x3D7A, 0x3D7A, 0x3D7A, 0x3D7A, 0x3D7A, 0x3D7A, 0x3D7A, 0x3D7A, 0x3D7A,
    0x3D7A, 0x3519, 0x1820, 0xE5B1, 0xD40C, 0x4902, 0x4902, 0x4902, 0x4902, 0x4902, 0x4901, 0x4902, 0x4901, 0x4902, 0x4902, 0x4902,
    0x0000, 0x3499, 0x34BA, 0x34BA, 0x34B9, 0x34DA, 0x34DA, 0x34FA, 0x351A, 0xFFFF, 0xFFFF, 0xFFFF, 0xFFFF, 0xFFFF, 0xFFFF, 0xFFFF,
    0xFFFF, 0xFFFF, 0xFFFF, 0xFFFF, 0xFFFF, 0xFFFF, 0xFFFF, 0xFFFF, 0xFFFF, 0xFFFF, 0xFFFF, 0xFFFF, 0xFFFF, 0xFFFF, 0xFFFF, 0xFFFF,
    0xFFFF, 0xFFFF, 0xFFFF, 0xFFFF, 0xFFFF, 0x3D7A, 0x3D7A, 0x3D7A, 0x3D7A, 0x3D7A, 0x3D7A, 0x7BD0, 0x0000, 0x0000, 0x0000, 0x0000,
    0x0000, 0x0000, 0x0000, 0x0000, 0x0000, 0x0000, 0x0000, 0x0000, 0x0000, 0x0000, 0x0000, 0x0000, 0x0000, 0x0000, 0x0000, 0x0000,
    0x0000, 0x0000, 0x0000, 0x0000, 0x0000, 0x0000, 0x0000, 0x0000, 0x0000, 0x0000, 0x0000, 0x0000, 0x0000, 0x0000, 0x0000, 0x0000,
    0x0000, 0x0000, 0x0000, 0x0000, 0x0000, 0x0000, 0x0000, 0x0000, 0x0000, 0x0000, 0x0000, 0x0000, 0x0000, 0x0000, 0x0000, 0x0000,
    0x0000, 0x0000, 0x0000, 0x0000, 0x0000, 0x0000, 0x0000, 0x0000, 0x0000, 0x0000, 0x0000, 0x0000, 0x0000, 0x0000, 0x0000, 0x0000,
    0x0000, 0x0000, 0x0000, 0x0000, 0x8C31, 0xC618, 0xC618, 0xBDF8, 0xC618, 0x9CB4, 0x9CB4, 0x9CB4, 0x9CB4, 0x9CB4, 0x9CB4, 0x9CB4,
    0x9CB4, 0x9CB4, 0x9CB4, 0xC5F8, 0x3376, 0xE73C, 0xC638, 0x5B64, 0x5364, 0x8567, 0xCE79, 0xDEFB, 0xDEFB, 0xDEFB, 0xDEBA, 0xCE37,
    0xCE37, 0xCE37, 0xDEFB, 0xDEFB, 0xDEFB, 0xDEFB, 0xDEFB, 0xDEFB, 0xDEFB, 0xDEFB, 0xDEFB, 0xDEFB, 0xDEFB, 0xDEFB, 0xDEFB, 0xDEFB,
    0xDEFB, 0xDEFB, 0xDEFB, 0xDEFB, 0xCE37, 0xCE37, 0xCE37, 0xD658, 0xDEFB, 0xDEFB, 0xDEFB, 0xDEFB, 0xDEFB, 0xDEFB, 0xDEFB, 0xDEFB,
    0xDEFB, 0xDEFB, 0xDEFB, 0xDEFB, 0xDEFB, 0xDEFB, 0xDEFB, 0xDEFB, 0xDEFB, 0xDEFB, 0xCE37, 0xCE37, 0xCE37, 0xDEFB, 0xDEFB, 0xFDEE,
    0xFDEE, 0xFDEE, 0xFDEE, 0xFDEE, 0xFDEE, 0xFDEE, 0xFDEE, 0xFDEE, 0xFDEE, 0xDCED, 0xDCED, 0xDCED, 0xDCED, 0xDCCD, 0xDCED, 0xDCED,
    0xDCED, 0xDCED, 0xDCED, 0xFDEF, 0xFE2F, 0xFEB0, 0xFEB0, 0xFEB0, 0xFEB0, 0xFEB0, 0xFEB0, 0xED6E, 0xED6E, 0xED6E, 0xED6E, 0xED6E,
    0xED6E, 0xED6E, 0xED6E, 0xED6E, 0xED6E, 0xED6E, 0xED6E, 0xF56E, 0xED6E, 0xFEB0, 0xFEB0, 0xFEB0, 0xFEB0, 0xFEB0, 0xFDEE, 0xFDEE,
    0xFDEE, 0xFDEE, 0xFEB0, 0xFEB0, 0xFEB0, 0xFEB0, 0xFEB0, 0xED6E, 0xED6E, 0xED6E, 0xED6E, 0xED6E, 0xED6E, 0xED6E, 0xED6E, 0xED6E,
    0xED6E, 0xED6E, 0xED6E, 0xED6E, 0xED6E, 0xFEB0, 0xFEB0, 0xFEB0, 0xFEB0, 0xFEB0, 0xFEB0, 0xFE90, 0xFDEF, 0xE4ED, 0xDCED, 0xDCED,
    0xDCED, 0xDCED, 0xDCED, 0xDCED, 0xDCED, 0xDCED, 0xDCED, 0xFDEE, 0xFDEE, 0xFDEE, 0xFDEE, 0xFDEE, 0xFDEE, 0xFDEE, 0xFDEE, 0xFDEE,
    0xFDEE, 0xE6D9, 0xDEFB, 0xDEFB, 0xDEFB, 0x3D7A, 0x3D7A, 0x3D7A, 0x3D7A, 0x3D7A, 0x3D7A, 0x3D7A, 0x3D7A, 0x3D7A, 0x3D7A, 0x3D7A,
    0x3D7A, 0x3D7A, 0x0000, 0xE5F2, 0xE50F, 0x38C1, 0xB555, 0xA3EC, 0x4902, 0x4902, 0x4902, 0x4902, 0x4902, 0x4902, 0x4902, 0x38C1,
    0x1B11, 0x3499, 0x34B9, 0x34B9, 0x34B9, 0x34DA, 0x34FA, 0x34FA, 0x351A, 0xF7BE, 0xF79E, 0xF79E, 0xF79E, 0xF7BE, 0xF79E, 0xF7BE,
    0xF7BE, 0xF79E, 0xF79E, 0xF79E, 0xF79E, 0xF79E, 0xF79E, 0xF7BE, 0xF79E, 0xF7BE, 0xF79E, 0xF7BE, 0xF79E, 0xF79E, 0xF79E, 0xF79E,
    0xF7BE, 0xF79E, 0xF7BE, 0xF79E, 0xF79E, 0x3D7A, 0x3D7A, 0x3D7A, 0x3D7A, 0x2C36, 0x2BF5, 0x7BD0, 0x0000, 0x0000, 0x0000, 0x0000,
    0x0000, 0x0000, 0x0000, 0x0000, 0x0000, 0x0000, 0x0000, 0x0000, 0x0000, 0x0000, 0x0000, 0x0000, 0x0000, 0x0000, 0x0000, 0x0000,
    0x0000, 0x0000, 0x0000, 0x0000, 0x0000, 0x0000, 0x0000, 0x0000, 0x0000, 0x0000, 0x0000, 0x0000, 0x0000, 0x0000, 0x0000, 0x0000,
    0x0000, 0x0000, 0x0000, 0x0000, 0x0000, 0x0000, 0x0000, 0x0000, 0x0000, 0x0000, 0x0000, 0x0000, 0x0000, 0x0000, 0x0000, 0x0000,
    0x0000, 0x0000, 0x0000, 0x0000, 0x0000, 0x0000, 0x0000, 0x0000, 0x0000, 0x0000, 0x0000, 0x0000, 0x0000, 0x0000, 0x0000, 0x0000,
    0x0000, 0x0000, 0x0000, 0x0000, 0x8431, 0xC5F8, 0xC5F8, 0xB554, 0xB554, 0x9CB4, 0x9CB4, 0x9CB4, 0x9CB4, 0x9CB4, 0x9CB4, 0x9CB4,
    0x9CB4, 0x9CB4, 0x9CB4, 0xA4F4, 0xC619, 0xE73C, 0xC638, 0xFE6A, 0x5364, 0x8567, 0xCE79, 0xDEFB, 0xD679, 0xCE37, 0xCE37, 0xD6B9,
    0xD6B9, 0xD699, 0xCE37, 0xCE37, 0xDEFB, 0xDEFB, 0xDEFB, 0xDEFB, 0xDEFB, 0xDEFB, 0xDEFB, 0xDEFB, 0xDEFB, 0xDEFB, 0xDEFB, 0xDEFB,
    0xDEFB, 0xDEFB, 0xCE37, 0xCE37, 0xCE37, 0xCE37, 0xCE37, 0xCE37, 0xCE37, 0xCE58, 0xDEFB, 0xDEFB, 0xDEFB, 0xDEFB, 0xDEFB, 0xDEFB,
    0xDEFB, 0xDEFB, 0xDEFB, 0xDEFB, 0xDEFB, 0xDEFB, 0xDEFB, 0xDEBA, 0xCE37, 0xCE37, 0xD699, 0xD6B9, 0xD6B9, 0xCE37, 0xCE37, 0xDEBA,
    0xFDEE, 0xFDEE, 0xFDEE, 0xFDEE, 0xFDEE, 0xFDEE, 0xFDEE, 0xFDEE, 0xFDEE, 0xFDEE, 0xDCCD, 0xDCED, 0xDCED, 0xDCED, 0xDCED, 0xDCED,
    0xDCED, 0xDCED, 0xDCED, 0xFDEF, 0xFE2F, 0xFEB0, 0xFEB0, 0xFEB0, 0xFEB0, 0xFEB0, 0xFEB0, 0xFEB0, 0xFEB0, 0xFEB0, 0xFEB0, 0xFEB0,
    0xFEB0, 0xFEB0, 0xFEB0, 0xFEB0, 0xFEB0, 0xFEB0, 0xFEB0, 0xFEB0, 0xFEB0, 0xFEB0, 0xFEB0, 0xFEB0, 0xFE90, 0xFDEE, 0xFDEE, 0xFDEE,
    0xFDEE, 0xFDEE, 0xFDEE, 0xFDEE, 0xFEB0, 0xFEB0, 0xFEB0, 0xFEB0, 0xFEB0, 0xFEB0, 0xFEB0, 0xFEB0, 0xFEB0, 0xFEB0, 0xFEB0, 0xFEB0,
    0xFEB0, 0xFEB0, 0xFEB0, 0xFEB0, 0xFEB0, 0xFEB0, 0xFEB0, 0xFEB0, 0xFEB0, 0xFEB0, 0xFEB0, 0xFE90, 0xFDEF, 0xDCED, 0xDCED, 0xDCED,
    0xDCED, 0xDCED, 0xDCED, 0xDCCD, 0xDCCD, 0xDCED, 0xFDEE, 0xFDEE, 0xFDEE, 0xFDEE, 0xFDEE, 0xFDEE, 0xFDEE, 0xFDEE, 0xFDEE, 0xFDEE,
    0xDEFB, 0xDEFB, 0xDEFB, 0xD679, 0x3D3A, 0x3D5A, 0x3D7A, 0x3D7A, 0x3D7A, 0x3D7A, 0x3D7A, 0x3D7A, 0x3D7A, 0x3D7A, 0x3D7A, 0x3D7A,
    0x3D7A, 0x3D7A, 0x8A85, 0xE5F2, 0xE5F2, 0x6964, 0xFFFF, 0xE5F2, 0xCC0C, 0x1840, 0xBBAB, 0xD550, 0x4902, 0x4902, 0x4902, 0x0000,
    0x23B4, 0x2BD4, 0x2BD4, 0x2BD4, 0x2BD4, 0x2BD4, 0x2BD4, 0x2BD4, 0x2BD4, 0x8E9E, 0x8E9E, 0x8E9E, 0x8E9E, 0x8E9E, 0xE71F, 0xEF1F,
    0xE6FE, 0xE6FE, 0xE6FE, 0xE6FE, 0xE71F, 0xE71E, 0xE6FE, 0xE6FE, 0xE6FE, 0xEF1F, 0xE6FE, 0xE6FE, 0xE6FE, 0xEF1F, 0xE6FE, 0xE6FE,
    0xE71F, 0xE6FE, 0x8E9E, 0x8E9E, 0x8E9E, 0x23D4, 0x2BD4, 0x23D4, 0x2BD4, 0x2C15, 0x2BF5, 0x7BD0, 0x0000, 0x0000, 0x0000, 0x0000,
    0x0000, 0x0000, 0x0000, 0x0000, 0x0000, 0x0000, 0x0000, 0x0000, 0x0000, 0x0000, 0x0000, 0x0000, 0x0000, 0x0000, 0x0000, 0x0000,
    0x0000, 0x0000, 0x0000, 0x0000, 0x0000, 0x0000, 0x0000, 0x0000, 0x0000, 0x0000, 0x0000, 0x0000, 0x0000, 0x0000, 0x0000, 0x0000,
    0x0000, 0x0000, 0x0000, 0x0000, 0x0000, 0x0000, 0x0000, 0x0000, 0x0000, 0x0000, 0x0000, 0x0000, 0x0000, 0x0000, 0x0000, 0x0000,
    0x0000, 0x0000, 0x0000, 0x0000, 0x0000, 0x0000, 0x0000, 0x0000, 0x0000, 0x0000, 0x0000, 0x0000, 0x0000, 0x0000, 0x0000, 0x0000,
    0x0000, 0x0000, 0x0000, 0x0000, 0x7BCE, 0xB554, 0xB554, 0xB554, 0xB554, 0x9CB4, 0x9CB4, 0x9CB4, 0x9CB4, 0x9CB4, 0x9CB4, 0x9CB4,
    0x9CB4, 0x9CB4, 0x9CB4, 0x9CB4, 0xAD55, 0xAD76, 0xA535, 0xFE6A, 0xFE6A, 0x6BE9, 0xCE59, 0xCE37, 0xD6B9, 0xD6B9, 0xD6B9, 0xD6B9,
    0xD6B9, 0xD6B9, 0xD6B9, 0xD6B9, 0xD658, 0xCE37, 0xCE37, 0xDEFB, 0xDEFB, 0xDEFB, 0xDEFB, 0xDEFB, 0xDEFB, 0xDEFB, 0xDEFB, 0xD658,
    0xCE37, 0xCE37, 0xCE37, 0xCE37, 0xCE37, 0xCE37, 0xCE37, 0xCE37, 0xCE37, 0xCE37, 0xCE37, 0xCE37, 0xD658, 0xDEFB, 0xDEFB, 0xDEFB,
    0xDEFB, 0xDEFB, 0xDEFB, 0xDEFB, 0xDEFB, 0xCE37, 0xCE37, 0xD699, 0xD6B9, 0xD6B9, 0xD6B9, 0xD6B9, 0xD6B9, 0xD6B9, 0xD6B9, 0xD678,
    0xCE37, 0xFDEE, 0xFDEE, 0xFDEE, 0xFDEE, 0xFDEE, 0xFDEE, 0xFDEE, 0xFDEE, 0xFDEE, 0xE50D, 0xDCED, 0xDCED, 0xDCED, 0xDCED, 0xDCED,
    0xDCED, 0xDCED, 0xDCED, 0xFDEF, 0xFE4F, 0xFEB0, 0xFEB0, 0xFEB0, 0xFEB0, 0xFEB0, 0xFEB0, 0xFDEE, 0xFDEE, 0xFDEE, 0xFDEE, 0xFDEE,
    0xFDEE, 0xFDEE, 0xFDEE, 0xFDEE, 0xFDEE, 0xFDEE, 0xFDEE, 0xFDEE, 0xFEB0, 0xFEB0, 0xFEB0, 0xFEB0, 0xFE70, 0xFDEE, 0xFDEE, 0xFDEE,
    0xFDEE, 0xFDEE, 0xFDEE, 0xFDEE, 0xFEB0, 0xFEB0, 0xFEB0, 0xFEB0, 0xFDEE, 0xFDEE, 0xFDEE, 0xFDEE, 0xFDEE, 0xFDEE, 0xFDEE, 0xFDEE,
    0xFDEE, 0xFDEE, 0xFDEE, 0xFDEE, 0xFDEE, 0xFEB0, 0xFEB0, 0xFEB0, 0xFEB0, 0xFEB0, 0xFEB0, 0xFEB0, 0xFE2F, 0xDCED, 0xDCED, 0xDCED,
    0xDCED, 0xDCED, 0xDCED, 0xDCED, 0xDCED, 0xDCED, 0xFDEE, 0xFDEE, 0xFDEE, 0xFDEE, 0xFDEE, 0xFDEE, 0xFDEE, 0xFDEE, 0xFDEE, 0xDEFB,
    0xDEDA, 0xCE37, 0xCE37, 0x34F9, 0x34D8, 0x3D7A, 0x3D7A, 0x3D7A, 0x3D7A, 0x3D7A, 0x3D7A, 0x3D7A, 0x3D7A, 0x3D7A, 0x3D7A, 0x3D7A,
    0x3D7A, 0x3D7A, 0xDC4D, 0xE5F2, 0xE5F2, 0xE5F2, 0xE5F2, 0xDC6D, 0xDC6D, 0xDC6D, 0xDC6D, 0xDC6D, 0x4902, 0x4902, 0x0000, 0x2C16,
    0x2C36, 0x2C36, 0x2C36, 0x2C37, 0x2C37, 0x2C37, 0x2C37, 0x2C37, 0x2C37, 0xEF0D, 0xEF0D, 0xEF0D, 0xEF0D, 0xEF0D, 0xEF1F, 0xEF1F,
    0xEF1E, 0xEF1F, 0xEF1F, 0xEF1F, 0xEF1F, 0xEF1F, 0xEF1F, 0xEF1F, 0xEF1E, 0xEF1F, 0xEF1F, 0xEF1F, 0xEF1E, 0xEF1F, 0xEF1F, 0xEF1F,
    0xEF1F, 0xEF1F, 0xEF0C, 0xEF0D, 0xEF0D, 0x2C37, 0x2C37, 0x2C37, 0x2C37, 0x2BF5, 0x2BF5, 0x7BD0, 0x0000, 0x0000, 0x0000, 0x0000,
    0x0000, 0x0000, 0x0000, 0x0000, 0x0000, 0x0000, 0x0000, 0x0000, 0x0000, 0x0000, 0x0000, 0x0000, 0x0000, 0x0000, 0x0000, 0x0000,
    0x0000, 0x0000, 0x0000, 0x0000, 0x0000, 0x0000, 0x0000, 0x0000, 0x0000, 0x0000, 0x0000, 0x0000, 0x0000, 0x0000, 0x0000, 0x0000,
    0x0000, 0x0000, 0x0000, 0x0000, 0x0000, 0x0000, 0x0000, 0x0000, 0x0000, 0x0000, 0x0000, 0x0000, 0x0000, 0x0000, 0x0000, 0x0000,
    0x0000, 0x0000, 0x0000, 0x0000, 0x0000, 0x0000, 0x0000, 0x0000, 0x0000, 0x0000, 0x0000, 0x0000, 0x0000, 0x0000, 0x0000, 0x0000,
    0x0000, 0x0000, 0x0000, 0x0000, 0x7BCE, 0xB554, 0xB554, 0xB554, 0xB554, 0x8C32, 0x8C32, 0x8C32, 0x8C32, 0x8C32, 0x8C32, 0x8C32,
    0x8C32, 0x8C32, 0x8C32, 0x8C32, 0x8C32, 0xCE59, 0x9CB4, 0xFE6A, 0xFE6A, 0xE73C, 0xCE79, 0xD6B9, 0xD6B9, 0xD6B9, 0xD6B9, 0xD6B9,
    0xD6B9, 0xD6B9, 0xD6B9, 0xD6B9, 0xD6B9, 0xD6B9, 0xD6B9, 0xCE37, 0xCE37, 0xD699, 0xDEFB, 0xDEFB, 0xDEDB, 0xCE37, 0xCE37, 0xCE37,
    0xCE37, 0xCE37, 0xCE37, 0xCE37, 0xCE37, 0xCE37, 0xCE37, 0xCE37, 0xCE37, 0xCE37, 0xCE37, 0xCE37, 0xCE37, 0xCE37, 0xCE37, 0xDEFB,
    0xDEFB, 0xDEFB, 0xD658, 0xCE37, 0xCE37, 0xD6B9, 0xD6B9, 0xD6B9, 0xD6B9, 0xD6B9, 0xD6B9, 0xD6B9, 0xD6B9, 0xD6B9, 0xD6B9, 0xD6B9,
    0xD6B9, 0xE676, 0xFDEE, 0xFDEE, 0xFDEE, 0xFDEE, 0xFDEE, 0xFDEE, 0xFDEE, 0xFDEE, 0xFDEE, 0xDCED, 0xDCED, 0xDCCD, 0xDCED, 0xDCED,
    0xDCED, 0xDCED, 0xDCED, 0xDCED, 0xFE4F, 0xFEB0, 0xFEB0, 0xFEB0, 0xFEB0, 0xFEB0, 0xFEB0, 0xFDEE, 0xFDEE, 0xFDEE, 0xFDEE, 0xFDEE,
    0xFDEE, 0xFDEE, 0xFDEE, 0xFDEE, 0xFDEE, 0xFDEE, 0xFDEE, 0xFDEE, 0xFDEE, 0xFEB0, 0xFEB0, 0xFEB0, 0xFEB0, 0xFE90, 0xFDEE, 0xFDEE,
    0xFDEE, 0xFDEE, 0xFEB0, 0xFEB0, 0xFEB0, 0xFEB0, 0xFEB0, 0xFDEE, 0xFDEE, 0xFDEE, 0xFDEE, 0xFDEE, 0xFDEE, 0xFDEE, 0xFDEE, 0xFDEE,
    0xFDEE, 0xFDEE, 0xFDEE, 0xFDEE, 0xFDEE, 0xFEB0, 0xFEB0, 0xFEB0, 0xFEB0, 0xFEB0, 0xFEB0, 0xFEB0, 0xE52D, 0xDCED, 0xDCED, 0xDCED,
    0xDCED, 0xDCED, 0xDCED, 0xDCED, 0xDCED, 0xF58D, 0xFDEE, 0xFDEE, 0xFDEE, 0xFDEE, 0xFDEE, 0xFDEE, 0xFDEE, 0xFDEE, 0xFDEF, 0xCE37,
    0xCE37, 0xCE37, 0x6D18, 0x34B8, 0x3D7A, 0x3D7A, 0x3D7A, 0x3D7A, 0x3D7A, 0x3D7A, 0x3D7A, 0x3D7A, 0x3D7A, 0x3D7A, 0x3D7A, 0x3D7A,
    0x3D7A, 0x3D7A, 0x8D17, 0xBC2C, 0xE4EF, 0xE5F2, 0xE4EF, 0xDC4D, 0xDC6D, 0xDC6D, 0xBB89, 0x92A8, 0x2860, 0x2860, 0x2393, 0x2C78,
    0x2C78, 0x3478, 0x3478, 0x3498, 0x3478, 0x3478, 0x3478, 0x3478, 0x3498, 0xD65B, 0xD65B, 0xD67B, 0xD67B, 0xD65B, 0xD67B, 0xD67B,
    0xD65B, 0xD67B, 0xD67B, 0xD65B, 0xD67B, 0xD67B, 0xD67B, 0xD67B, 0xD65B, 0xD67B, 0xD67B, 0xD67B, 0xD67B, 0xD67B, 0xD67B, 0xD67B,
    0xD67B, 0xD67B, 0xD67B, 0xD67B, 0xD65B, 0x3498, 0x3478, 0x3478, 0x3478, 0x2BF5, 0xAD36, 0x7BD0, 0x0000, 0x0000, 0x0000, 0x0000,
    0x0000, 0x0000, 0x0000, 0x0000, 0x0000, 0x0000, 0x0000, 0x0000, 0x0000, 0x0000, 0x0000, 0x0000, 0x0000, 0x0000, 0x0000, 0x0000,
    0x0000, 0x0000, 0x0000, 0x0000, 0x0000, 0x0000, 0x0000, 0x0000, 0x0000, 0x0000, 0x0000, 0x0000, 0x0000, 0x0000, 0x0000, 0x0000,
    0x0000, 0x0000, 0x0000, 0x0000, 0x0000, 0x0000, 0x0000, 0x0000, 0x0000, 0x0000, 0x0000, 0x0000, 0x0000, 0x0000, 0x0000, 0x0000,
    0x0000, 0x0000, 0x0000, 0x0000, 0x0000, 0x0000, 0x0000, 0x0000, 0x0000, 0x0000, 0x0000, 0x0000, 0x0000, 0x0000, 0x0000, 0x0000,
    0x0000, 0x0000, 0x0000, 0x0000, 0x7BAE, 0xB554, 0xB554, 0xB554, 0xB554, 0x8C32, 0x8C32, 0x8C32, 0x8C32, 0x8C32, 0x8C32, 0x8C32,
    0x8C32, 0x8C32, 0x8C32, 0x8C32, 0x8C32, 0xAD76, 0xC5F8, 0xAC27, 0xFE6A, 0xFE6A, 0xCE79, 0xD6B9, 0xD6B9, 0xD6B9, 0xD6B9, 0xD6B9,
    0xD6B9, 0xD6B9, 0xD6B9, 0xD6B9, 0xD6B9, 0xD6B9, 0xD6B9, 0xD6B9, 0xD6B9, 0xD699, 0xCE37, 0xCE37, 0xCE37, 0xCE37, 0xCE37, 0xCE37,
    0xCE37, 0xCE37, 0xCE37, 0xCE37, 0xCE37, 0xCE37, 0xCE37, 0xCE37, 0xCE37, 0xCE37, 0xCE37, 0xCE37, 0xCE37, 0xCE37, 0xCE37, 0xCE37,
    0xCE37, 0xCE37, 0xD6B9, 0xD6B9, 0xD6B9, 0xD6B9, 0xD6B9, 0xD6B9, 0xD6B9, 0xD6B9, 0xD6B9, 0xD6B9, 0xD6B9, 0xD6B9, 0xD6B9, 0xD6B9,
    0xD6B9, 0xD6B9, 0xFDEE, 0xFDEE, 0xFDEE, 0xFDEE, 0xFDEE, 0xFDEE, 0xFDEE, 0xFDEE, 0xFDEE, 0xDCED, 0xDCED, 0xDCCD, 0xDCED, 0xDCED,
    0xDCED, 0xDCED, 0xDCED, 0xDCED, 0xFE4F, 0xFEB0, 0xFEB0, 0xFEB0, 0xFEB0, 0xFEB0, 0xFEB0, 0xFEB0, 0xFDEE, 0xFDEE, 0xFDEE, 0xFDEE,
    0xFDEE, 0xFDEE, 0xFDEE, 0xFDEE, 0xFDEE, 0xFDEE, 0xFDEE, 0xFDEE, 0xFDEE, 0xFDEE, 0xFDEE, 0xFEB0, 0xFEB0, 0xFEB0, 0xFEB0, 0xFEB0,
    0xFEB0, 0xFEB0, 0xFEB0, 0xFEB0, 0xFEB0, 0xFDEE, 0xFDEE, 0xFDEE, 0xFDEE, 0xFDEE, 0xFDEE, 0xFDEE, 0xFDEE, 0xFDEE, 0xFDEE, 0xFDEE,
    0xFDEE, 0xFDEE, 0xFDEE, 0xFDEE, 0xFE2F, 0xFEB0, 0xFEB0, 0xFEB0, 0xFEB0, 0xFEB0, 0xFEB0, 0xFEB0, 0xDCED, 0xDCED, 0xDCED, 0xDCED,
    0xDCED, 0xDCED, 0xDCED, 0xDCED, 0xDCED, 0xFDEE, 0xFDEE, 0xFDEE, 0xFDEE, 0xFDEE, 0xFDEE, 0xFDEE, 0xFDEE, 0xFDEE, 0xCE37, 0xCE37,
    0xCE37, 0xB5D7, 0x2C57, 0x3D7A, 0x3D7A, 0x3D7A, 0x3D7A, 0x3D7A, 0x3D7A, 0x3D7A, 0x3D7A, 0x3D7A, 0x3D7A, 0x3D7A, 0x3D7A, 0x3D7A,
    0x3D7A, 0x3D7A, 0x2C36, 0x3C15, 0x3923, 0x4184, 0x5984, 0x5984, 0x9AE6, 0x5984, 0x30A1, 0x0800, 0x3478, 0x3478, 0x5CD9, 0xA537,
    0xB557, 0xB577, 0xB578, 0xB598, 0xBD98, 0xBD98, 0xBD98, 0xBD98, 0xBD98, 0xD69C, 0xD69C, 0xD69C, 0xE6FD, 0xEF5F, 0xEF3F, 0xEF3F,
    0xEF5F, 0xEF3F, 0xEF3F, 0xEF5F, 0xEF5F, 0xEF3F, 0xEF5F, 0xEF5F, 0xEF5F, 0xEF3F, 0xEF3F, 0xEF5F, 0xEF5F, 0xEF5F, 0xEF5F, 0xEF5F,
    0xEF3F, 0xEF5F, 0xD69C, 0xD69C, 0xD69C, 0xBD98, 0xBD98, 0xEF3F, 0xF77F, 0xF79F, 0xCE19, 0x7BD0, 0x0000, 0x0000, 0x0000, 0x0000,
    0x0000, 0x0000, 0x0000, 0x0000, 0x0000, 0x0000, 0x0000, 0x0000, 0x0000, 0x0000, 0x0000, 0x0000, 0x0000, 0x0000, 0x0000, 0x0000,
    0x0000, 0x0000, 0x0000, 0x0000, 0x0000, 0x0000, 0x0000, 0x0000, 0x0000, 0x0000, 0x0000, 0x0000, 0x0000, 0x0000, 0x0000, 0x0000,
    0x0000, 0x0000, 0x0000, 0x0000, 0x0000, 0x0000, 0x0000, 0x0000, 0x0000, 0x0000, 0x0000, 0x0000, 0x0000, 0x0000, 0x0000, 0x0000,
    0x0000, 0x0000, 0x0000, 0x0000, 0x0000, 0x0000, 0x0000, 0x0000, 0x0000, 0x0000, 0x0000, 0x0000, 0x0000, 0x0000, 0x0000, 0x0000,
    0x0000, 0x0000, 0x0000, 0x0000, 0x7BCE, 0xB554, 0xB554, 0xB554, 0xB554, 0x8C32, 0x8C32, 0x8C32, 0x8C32, 0x8C32, 0x8C32, 0x8C32,
    0x8C32, 0x8C32, 0x8C32, 0x8C32, 0x8C32, 0x8C32, 0xD67A, 0xAC27, 0xFE6A, 0xFE6A, 0xCE79, 0xD6B9, 0xD6B9, 0xD6B9, 0xD6B9, 0xD6B9,
    0xD6B9, 0xD6B9, 0xD6B9, 0xD6B9, 0xD6B9, 0xD6B9, 0xD6B9, 0xD678, 0xCE37, 0xCE37, 0xDEDA, 0xDEFB, 0xCE37, 0xCE37, 0xCE37, 0xCE37,
    0xCE37, 0xCE37, 0xCE37, 0xCE37, 0xCE37, 0xCE37, 0xCE37, 0xCE37, 0xCE37, 0xCE37, 0xCE37, 0xCE37, 0xCE37, 0xCE37, 0xCE37, 0xCE37,
    0xDEFB, 0xDEDA, 0xCE37, 0xCE37, 0xD699, 0xD6B9, 0xD6B9, 0xD6B9, 0xD6B9, 0xD6B9, 0xD6B9, 0xD6B9, 0xD6B9, 0xD6B9, 0xD6B9, 0xD6B9,
    0xD6B9, 0xD6B9, 0xFDEE, 0xFDEE, 0xFDEE, 0xFDEE, 0xFDEE, 0xFDEE, 0xFDEE, 0xFDEE, 0xFDEE, 0xDCED, 0xDCED, 0xDCED, 0xDCED, 0xDCED,
    0xDCED, 0xDCED, 0xDCED, 0xDCED, 0xFE0F, 0xFEB0, 0xFEB0, 0xFEB0, 0xFEB0, 0xFEB0, 0xFEB0, 0xFEB0, 0xFE90, 0xFDEE, 0xFDEE, 0xFDEE,
    0xFDEE, 0xFDEE, 0xFDEE, 0xFDEE, 0xFDEE, 0xFDEE, 0xFDEE, 0xFDEE, 0xFDEE, 0xFDEE, 0xFDEE, 0xFDEE, 0xFE2F, 0xFEB0, 0xFEB0, 0xFEB0,
    0xFEB0, 0xFEB0, 0xFEB0, 0xFEB0, 0xFDEE, 0xFDEE, 0xFDEE, 0xFDEE, 0xFDEE, 0xFDEE, 0xFDEE, 0xFDEE, 0xFDEE, 0xFDEE, 0xFDEE, 0xFDEE,
    0xFDEE, 0xFDEE, 0xFDEE, 0xFE2F, 0xFEB0, 0xFEB0, 0xFEB0, 0xFEB0, 0xFEB0, 0xFEB0, 0xFEB0, 0xFE90, 0xDCED, 0xDCED, 0xDCED, 0xDCED,
    0xDCED, 0xDCED, 0xDCED, 0xDCCD, 0xDCED, 0xFDEE, 0xFDEE, 0xFDEE, 0xFDEE, 0xFDEE, 0xFDEE, 0xFDEE, 0xFDEE, 0xFDEE, 0xCE37, 0xCE37,
    0xCE37, 0x2C36, 0x2C36, 0x3D7A, 0x3D7A, 0x3D7A, 0x3D7A, 0x3D7A, 0x3D7A, 0x3D7A, 0x3D7A, 0x3D7A, 0x3D7A, 0x3D7A, 0x3D7A, 0x3D7A,
    0x3D7A, 0x3497, 0x2C36, 0x2C36, 0x1AF0, 0x1ACF, 0x30A1, 0x9452, 0xA493, 0x9452, 0x3186, 0x8C11, 0xBD98, 0xBDB9, 0xC5D9, 0xCE1A,
    0xCE1B, 0xCE3B, 0xCE3B, 0xCE3B, 0xCE3B, 0xCE3B, 0xCE3B, 0xCE3B, 0xD65B, 0xDE9C, 0xD69C, 0xDE9C, 0xD69C, 0xD69C, 0xAD78, 0xAD78,
    0xAD78, 0xAD78, 0xAD78, 0xAD78, 0xAD78, 0xAD78, 0xAD78, 0xAD78, 0xAD78, 0xAD78, 0xAD78, 0xAD78, 0xAD78, 0xAD78, 0xAD78, 0xAD78,
    0xD69C, 0xD69C, 0xD69C, 0xD69C, 0xD69C, 0xCE3B, 0xCE3B, 0xCE3B, 0xF7BF, 0xFFDF, 0xFFFF, 0x7BD0, 0x0000, 0x0000, 0x0000, 0x0000,
    0x0000, 0x0000, 0x0000, 0x0000, 0x0000, 0x0000, 0x0000, 0x0000, 0x0000, 0x0000, 0x0000, 0x0000, 0x0000, 0x0000, 0x0000, 0x0000,
    0x0000, 0x0000, 0x0000, 0x0000, 0x0000, 0x0000, 0x0000, 0x0000, 0x0000, 0x0000, 0x0000, 0x0000, 0x0000, 0x0000, 0x0000, 0x0000,
    0x0000, 0x0000, 0x0000, 0x0000, 0x0000, 0x0000, 0x0000, 0x0000, 0x0000, 0x0000, 0x0000, 0x0000, 0x0000, 0x0000, 0x0000, 0x0000,
    0x0000, 0x0000, 0x0000, 0x0000, 0x0000, 0x0000, 0x0000, 0x0000, 0x0000, 0x0000, 0x0000, 0x0000, 0x0000, 0x0000, 0x0000, 0x0000,
    0x0000, 0x0000, 0x0000, 0x0000, 0x7BCE, 0xB554, 0xB554, 0xB554, 0xB554, 0x8C32, 0x8C32, 0x8C32, 0x8C32, 0x8C32, 0x8C32, 0x8C32,
    0x8C32, 0x8C32, 0x8C32, 0x8C32, 0x8C32, 0x8C32, 0x8C52, 0xD69A, 0xAC27, 0xFE6A, 0xCE59, 0xB554, 0xBDD6, 0xD6B9, 0xD6B9, 0xD6B9,
    0xD6B9, 0xD6B9, 0xD6B9, 0xD6B9, 0xD699, 0xCE37, 0xCE37, 0xDEDB, 0xDEFB, 0xDEFB, 0xDEFB, 0xDEFB, 0xDEFB, 0xDEFB, 0xDEFB, 0xCE37,
    0xCE37, 0xCE37, 0xCE37, 0xCE37, 0xCE37, 0xCE37, 0xCE37, 0xCE37, 0xCE37, 0xCE37, 0xCE37, 0xCE37, 0xCE37, 0xDEFB, 0xDEFB, 0xDEFB,
    0xDEFB, 0xDEFB, 0xDEFB, 0xDEFB, 0xD699, 0xCE37, 0xCE37, 0xD6B9, 0xD6B9, 0xD6B9, 0xD6B9, 0xD6B9, 0xD6B9, 0xD6B9, 0xD6B9, 0xD6B9,
    0xCE37, 0xCE37, 0xFDEE, 0xFDEE, 0xFDEE, 0xFDEE, 0xFDEE, 0xFDEE, 0xFDEE, 0xFDEE, 0xFDEE, 0xE4ED, 0xDCED, 0xDCED, 0xDCED, 0xDCED,
    0xDCED, 0xDCED, 0xDCED, 0xDCED, 0xE56E, 0xFEB0, 0xFEB0, 0xFEB0, 0xFEB0, 0xFEB0, 0xFEB0, 0xFEB0, 0xFEB0, 0xFE6F, 0xFDEE, 0xFDEE,
    0xFDEE, 0xFDEE, 0xFDEE, 0xFDEE, 0xFDEE, 0xFDEE, 0xFDEE, 0xFDEE, 0xFDEE, 0xFDEE, 0xFDEE, 0xFDEE, 0xFDEE, 0xFDEE, 0xFDEE, 0xFDEE,
    0xFDEE, 0xFDEE, 0xFDEE, 0xFDEE, 0xFDEE, 0xFDEE, 0xFDEE, 0xFDEE, 0xFDEE, 0xFDEE, 0xFDEE, 0xFDEE, 0xFDEE, 0xFDEE, 0xFDEE, 0xFDEE,
    0xFDEE, 0xFDEE, 0xFE6F, 0xFEB0, 0xFEB0, 0xFEB0, 0xFEB0, 0xFEB0, 0xFEB0, 0xFEB0, 0xFEB0, 0xFE90, 0xDCED, 0xDCED, 0xDCED, 0xDCED,
    0xDCCD, 0xDCED, 0xDCED, 0xDCED, 0xDCED, 0xFDEE, 0xFDEE, 0xFDEE, 0xFDEE, 0xFDEE, 0xFDEE, 0xFDEE, 0xFDEE, 0xFDEE, 0xDEFB, 0xDEFB,
    0xCE38, 0x2C36, 0x2C56, 0xFFBA, 0xFFBA, 0xFFBA, 0xFFBA, 0x3D7A, 0x3D7A, 0x3D7A, 0x3D7A, 0x3D7A, 0x3D7A, 0x3D7A, 0x3D7A, 0x3D7A,
    0x3D5A, 0x2C36, 0x2C36, 0x2BD4, 0x2BD5, 0x2C36, 0x0000, 0x3B52, 0x347C, 0x3B53, 0x0106, 0xCE3B, 0xD65C, 0xD67C, 0xDE9D, 0xDEDE,
    0xE6DE, 0xDEBD, 0xCE1B, 0xBD98, 0xA4F5, 0xA4F5, 0xA4D5, 0xA4F5, 0xA4F5, 0xDEBC, 0xDEBC, 0xDEBC, 0xC61A, 0xAD78, 0xDEBC, 0xDEBC,
    0xDEBC, 0x8453, 0x8D38, 0x95BB, 0x95BB, 0x95BB, 0x95BB, 0x8453, 0x8453, 0x8453, 0x8453, 0x8453, 0x9C93, 0x9C93, 0x9C93, 0xB536,
    0xAD78, 0xAD78, 0xDEBC, 0xDEBC, 0xDEBC, 0xA4F5, 0xA4F5, 0xA4F5, 0xA4F5, 0xBDF7, 0xBDF7, 0xBDF7, 0x0000, 0x0000, 0x0000, 0x0000,
    0x0000, 0x0000, 0x0000, 0x0000, 0x0000, 0x0000, 0x0000, 0x0000, 0x0000, 0x0000, 0x0000, 0x0000, 0x0000, 0x0000, 0x0000, 0x0000,
    0x0000, 0x0000, 0x0000, 0x0000, 0x0000, 0x0000, 0x0000, 0x0000, 0x0000, 0x0000, 0x0000, 0x0000, 0x0000, 0x0000, 0x0000, 0x0000,
    0x0000, 0x0000, 0x0000, 0x0000, 0x0000, 0x0000, 0x0000, 0x0000, 0x0000, 0x0000, 0x0000, 0x0000, 0x0000, 0x0000, 0x0000, 0x0000,
    0x0000, 0x0000, 0x0000, 0x0000, 0x0000, 0x0000, 0x0000, 0x0000, 0x0000, 0x0000, 0x0000, 0x0000, 0x0000, 0x0000, 0x0000, 0x0000,
    0x0000, 0x0000, 0x0000, 0x0000, 0x8431, 0xC618, 0xB554, 0xB554, 0xB554, 0x8C32, 0x8C32, 0x8C32, 0x8C32, 0x8C32, 0x8C32, 0x8C32,
    0x8C32, 0x8C32, 0x8C32, 0x8C32, 0x8C32, 0x8C32, 0x8C32, 0xD67A, 0xBD96, 0xF609, 0xCE59, 0xBDF7, 0xB554, 0xB554, 0xB595, 0xD6B9,
    0xD6B9, 0xD6B9, 0xCE37, 0xCE37, 0xCE37, 0xDEFB, 0xDEFB, 0xDEFB, 0xDEFB, 0xDEFB, 0xDEFB, 0xDEFB, 0xDEFB, 0xDEFB, 0xDEFB, 0xDEFB,
    0xDEFB, 0xD679, 0xCE37, 0xCE37, 0xCE37, 0xCE37, 0xCE37, 0xCE37, 0xCE37, 0xCE37, 0xD678, 0xDEFB, 0xDEFB, 0xDEFB, 0xDEFB, 0xDEFB,
    0xDEFB, 0xDEFB, 0xDEFB, 0xDEFB, 0xDEFB, 0xDEFB, 0xDEFB, 0xCE37, 0xCE37, 0xD678, 0xD6B9, 0xD6B9, 0xD6B9, 0xD658, 0xCE37, 0xCE37,
    0xDEFB, 0xDEFB, 0xFDEE, 0xFDEE, 0xFDEE, 0xFDEE, 0xFDEE, 0xFDEE, 0xFDEE, 0xFDEE, 0xFDEE, 0xE4ED, 0xDCED, 0xDCED, 0xDCED, 0xDCED,
    0xDCED, 0xDCED, 0xDCED, 0xDCED, 0xE56E, 0xFEB0, 0xFEB0, 0xFEB0, 0xFEB0, 0xFEB0, 0xFE90, 0xFE4F, 0xFEB0, 0xFEB0, 0xFE6F, 0xFDEE,
    0xFDEE, 0xFDEE, 0xFDEE, 0xFDEE, 0xFDEE, 0xFDEE, 0xFDEE, 0xFDEE, 0xFDEE, 0xFDEE, 0xFDEE, 0xFDEE, 0xFDEE, 0xFDEE, 0xFDEE, 0xFDEE,
    0xFDEE, 0xFDEE, 0xFDEE, 0xFDEE, 0xFDEE, 0xFDEE, 0xFDEE, 0xFDEE, 0xFDEE, 0xFDEE, 0xFDEE, 0xFDEE, 0xFDEE, 0xFDEE, 0xFDEE, 0xFDEE,
    0xFDEE, 0xFE4F, 0xFEB0, 0xFEB0, 0xFE90, 0xFE2F, 0xFEB0, 0xFEB0, 0xFEB0, 0xFEB0, 0xFEB0, 0xFE90, 0xDCED, 0xDCED, 0xDCED, 0xDCED,
    0xDCED, 0xDCED, 0xDCED, 0xDCED, 0xDCED, 0xFDEE, 0xFDEE, 0xFDEE, 0xFDEE, 0xFDEE, 0xFDEE, 0xFDEE, 0xFDEE, 0xFDEE, 0xDEFB, 0xDEFB,
    0x2C36, 0x2C36, 0x3D7A, 0xFFBA, 0xFFBA, 0xFFBA, 0xFFBA, 0x3D7A, 0x3D7A, 0x3D7A, 0x3D7A, 0x3D7A, 0x3D7A, 0x3D7A, 0x3D7A, 0x3D7A,
    0x2C36, 0x2C36, 0x2C36, 0x2BD5, 0x2C37, 0x2373, 0x8382, 0x13B7, 0x2396, 0xADD9, 0x4A6A, 0xE6DE, 0xB557, 0x7BD0, 0x7BD0, 0x7BD0,
    0x7BD0, 0x7BD0, 0x7BD0, 0x7BD0, 0x7BD0, 0x7BD0, 0x83D0, 0x7BD0, 0x7BD0, 0xDEDC, 0xDEDC, 0xDEBC, 0xC61A, 0xAD98, 0xC61A, 0xC61A,
    0xC61A, 0x8453, 0x7CF7, 0x7559, 0x7559, 0x7559, 0x7559, 0xC61A, 0xC61A, 0xC61A, 0xC61A, 0xC61A, 0x9C93, 0x9C93, 0x9C93, 0x9C93,
    0xAD98, 0xAD98, 0xDEBC, 0xDEDC, 0xDEBC, 0x7BD0, 0x83D0, 0x7BD0, 0x7BD0, 0x83D0, 0xBDF7, 0xBDF7, 0x0000, 0x0000, 0x0000, 0x0000,
    0x0000, 0x0000, 0x0000, 0x0000, 0x0000, 0x0000, 0x0000, 0x0000, 0x0000, 0x0000, 0x0000, 0x0000, 0x0000, 0x0000, 0x0000, 0x0000,
    0x0000, 0x0000, 0x0000, 0x0000, 0x0000, 0x0000, 0x0000, 0x0000, 0x0000, 0x0000, 0x0000, 0x0000, 0x0000, 0x0000, 0x0000, 0x0000,
    0x0000, 0x0000, 0x0000, 0x0000, 0x0000, 0x0000, 0x0000, 0x0000, 0x0000, 0x0000, 0x0000, 0x0000, 0x0000, 0x0000, 0x0000, 0x0000,
    0x0000, 0x0000, 0x0000, 0x0000, 0x0000, 0x0000, 0x0000, 0x0000, 0x0000, 0x0000, 0x0000, 0x0000, 0x0000, 0x0000, 0x0000, 0x0000,
    0x0000, 0x0000, 0x0000, 0x0000, 0x8431, 0xC618, 0xC618, 0xC618, 0xC618, 0x8C32, 0x8C32, 0x8C32, 0x8C32, 0x8C32, 0x8C32, 0x8C32,
    0x8C32, 0x8C32, 0x8C32, 0x8C12, 0x8C32, 0x8C32, 0x8C32, 0x8C32, 0xDEBB, 0xBD30, 0xCE79, 0xBDF7, 0xBDF7, 0xBDF7, 0xBDB6, 0xB554,
    0xB554, 0xCE37, 0xDEFB, 0xDEFB, 0xDEFB, 0xDEFB, 0xDEFB, 0xDEFB, 0xDEFB, 0xDEFB, 0xDEFB, 0xDEFB, 0xDEFB, 0xDEFB, 0xDEFB, 0xDEFB,
    0xDEFB, 0xDEFB, 0xDEFB, 0xDEFB, 0xCE37, 0xCE37, 0xCE37, 0xD679, 0xDEFB, 0xDEFB, 0xDEFB, 0xDEFB, 0xDEFB, 0xDEFB, 0xDEFB, 0xDEFB,
    0xDEFB, 0xDEFB, 0xDEFB, 0xDEFB, 0xDEFB, 0xDEFB, 0x2B62, 0x2B62, 0x2B42, 0x2B62, 0xCE37, 0xCE37, 0xCE37, 0xDEFB, 0xDEFB, 0xDEFB,
    0xDEFB, 0xDEFB, 0xFDEE, 0xFDEE, 0xFDEE, 0xFDEE, 0xFDEE, 0xFDEE, 0xFDEE, 0xFDEE, 0xFDEE, 0xE4ED, 0xDCCD, 0xDCED, 0xDCED, 0xDCED,
    0xDCED, 0xDCED, 0xDCED, 0xDCED, 0xE56E, 0xFEB0, 0xFEB0, 0xFEB0, 0xFEB0, 0xFEB0, 0xFE90, 0xFDEE, 0xFDEE, 0xFEB0, 0xFEB0, 0xFEB0,
    0xFDEE, 0xFDEE, 0xFDEE, 0xFDEE, 0xFDEE, 0xFDEE, 0xFDEE, 0xFDEE, 0xFDEE, 0xFDEE, 0xFDEE, 0xFDEE, 0xFDEE, 0xFDEE, 0xFDEE, 0xFDEE,
    0xFDEE, 0xFDEE, 0xFDEE, 0xFDEE, 0xFDEE, 0xFDEE, 0xFDEE, 0xFDEE, 0xFDEE, 0xFDEE, 0xFDEE, 0xFDEE, 0xFDEE, 0xFDEE, 0xFDEE, 0xFDEE,
    0xFEB0, 0xFEB0, 0xFEB0, 0xFE6F, 0xFDEE, 0xFE2F, 0xFEB0, 0xFEB0, 0xFEB0, 0xFEB0, 0xFEB0, 0xFE90, 0xDCCD, 0xDCED, 0xDCED, 0xDCCD,
    0xDCED, 0xDCED, 0xDCED, 0xDCED, 0xDCED, 0xFDEE, 0xFDEE, 0xFDEE, 0xFDEE, 0xFDEE, 0xFDEE, 0xFDEE, 0xFDEE, 0xFDEE, 0xDEFB, 0xDEFB,
    0x2C36, 0x2C36, 0x3D7A, 0xFFBA, 0xFFBA, 0xFFBA, 0xFFDA, 0x3D7A, 0x3D7A, 0x3D7A, 0x3D7A, 0x3D7A, 0x3D7A, 0x3D7A, 0x3D7A, 0x3D7A,
    0x2C36, 0x2C36, 0x2393, 0x2C57, 0x3499, 0x0000, 0xC565, 0x0C7C, 0x3A0A, 0xFFFF, 0x63F3, 0x39A7, 0x7BD0, 0x7BD0, 0x7BD0, 0x7BD0,
    0x7BD0, 0x7BD0, 0x7BD0, 0x7BD0, 0x7BD0, 0x7BD0, 0x7BD0, 0x7BD0, 0x7BD0, 0xDEDC, 0xDEDC, 0xDEDC, 0xDEDC, 0xDEDC, 0xDEDC, 0xDEDC,
    0xDEDC, 0xDEDC, 0xDEDC, 0xDEDC, 0xDEDC, 0xDEDC, 0xDEDC, 0xDEDC, 0xDEDC, 0xDEDC, 0xDEDC, 0xDEDC, 0xDEDC, 0xDEDC, 0xDEDC, 0xDEDC,
    0xDEDC, 0xDEDC, 0xDEDC, 0xDEDC, 0xDEDC, 0x7BD0, 0x7BD0, 0x7BD0, 0x7BD0, 0x7BD0, 0x7BD0, 0x9472, 0x0000, 0x0000, 0x0000, 0x0000,
    0x0000, 0x0000, 0x0000, 0x0000, 0x0000, 0x0000, 0x0000, 0x0000, 0x0000, 0x0000, 0x0000, 0x0000, 0x0000, 0x0000, 0x0000, 0x0000,
    0x0000, 0x0000, 0x0000, 0x0000, 0x0000, 0x0000, 0x0000, 0x0000, 0x0000, 0x0000, 0x0000, 0x0000, 0x0000, 0x0000, 0x0000, 0x0000,
    0x0000, 0x0000, 0x0000, 0x0000, 0x0000, 0x0000, 0x0000, 0x0000, 0x0000, 0x0000, 0x0000, 0x0000, 0x0000, 0x0000, 0x0000, 0x0000,
    0x0000, 0x0000, 0x0000, 0x0000, 0x0000, 0x0000, 0x0000, 0x0000, 0x0000, 0x0000, 0x0000, 0x0000, 0x0000, 0x0000, 0x0000, 0x0000,
    0x0000, 0x0000, 0x0000, 0x0000, 0x8C51, 0xC618, 0xC618, 0xB596, 0xB554, 0x8C32, 0x8C32, 0x8C32, 0x8C32, 0x8C32, 0x8C32, 0x8C32,
    0x8C32, 0x8C32, 0x8C32, 0x8C32, 0x8C32, 0x8C32, 0x8C32, 0x8C32, 0xBDD7, 0xBDF7, 0xCE59, 0xBDF7, 0xBDF7, 0xB554, 0xB554, 0xB554,
    0xB554, 0xB554, 0xC5F6, 0xD678, 0xDEFB, 0xDEFB, 0xDEFB, 0xDEFB, 0xDEFB, 0xDEFB, 0xDEFB, 0xDEFB, 0xDEFB, 0xDEFB, 0xDEFB, 0xDEFB,
    0xDEFB, 0xDEFB, 0xD6BA, 0xCE37, 0xCE37, 0xD6B9, 0xD678, 0xCE37, 0xCE37, 0xDEFB, 0xDEFB, 0xDEFB, 0xDEFB, 0xDEFB, 0xDEFB, 0xDEFB,
    0xDEFB, 0xDEFB, 0xDEFB, 0x8CF1, 0x2B42, 0x2B42, 0x2B42, 0x2B42, 0x2B42, 0x3C04, 0x2B42, 0xCE16, 0xCE37, 0x2B42, 0x2B62, 0xDEFB,
    0xDEFB, 0xDEFB, 0xFDEE, 0xFDEE, 0xFDEE, 0xFDEE, 0xFDEE, 0xFDEE, 0xFDEE, 0xFDEE, 0xFDEE, 0xE4ED, 0xDCED, 0xDCED, 0xDCED, 0xDCED,
    0xDCED, 0xDCED, 0xDCED, 0xDCED, 0xE56E, 0xFEB0, 0xFEB0, 0xFEB0, 0xFEB0, 0xFEB0, 0xFE90, 0xFDEE, 0xFDEE, 0xFE90, 0xFEB0, 0xFEB0,
    0xFEB0, 0xFEB0, 0xFDEE, 0xFDEE, 0xFDEE, 0xFDEE, 0xFDEE, 0xFDEE, 0xFDEE, 0xFDEE, 0xFDEE, 0xFDEE, 0xFDEE, 0xFDEE, 0xFDEE, 0xFDEE,
    0xFDEE, 0xFDEE, 0xFDEE, 0xFDEE, 0xFDEE, 0xFDEE, 0xFDEE, 0xFDEE, 0xFDEE, 0xFDEE, 0xFDEE, 0xFDEE, 0xFDEE, 0xFDEE, 0xFEB0, 0xFEB0,
    0xFEB0, 0xFEB0, 0xFEB0, 0xFDEE, 0xFDEE, 0xFE0E, 0xFEB0, 0xFEB0, 0xFEB0, 0xFEB0, 0xFEB0, 0xFE90, 0xDCED, 0xDCED, 0xDCED, 0xDCED,
    0xDCED, 0xDCED, 0xDCCD, 0xDCED, 0xDCED, 0xFDEE, 0xFDEE, 0xFDEE, 0xFDEE, 0xFDEE, 0xFDEE, 0xFDEE, 0xFDEE, 0xFDEE, 0xDEFB, 0xDEFB,
    0x2C36, 0x2C36, 0x3D7A, 0xACB2, 0xACB2, 0xACB3, 0xACB2, 0x3D7A, 0x3D7A, 0x3D7A, 0x3D7A, 0x3D7A, 0x3D7A, 0x3D7A, 0x3D7A, 0x3D5A,
    0x2C36, 0x2C36, 0x2BF5, 0x3499, 0xCE3B, 0x0000, 0x0000, 0x0000, 0x0000, 0x0000, 0x0000, 0x0000, 0x0000, 0x7BD0, 0x7BD0, 0x7BD0,
    0x7BD0, 0x7BD0, 0x7BD0, 0x7BD0, 0x7BD0, 0x7BD0, 0x7BD0, 0x7BD0, 0x7BD0, 0xDEFC, 0xDEFC, 0xDEFC, 0xEF5E, 0xF7BF, 0xF7BF, 0xF7BF,
    0xF7BF, 0xF7BF, 0xF7BF, 0xF79F, 0xF7BF, 0xF7BF, 0xF79F, 0xF7BF, 0xF79F, 0xF7BF, 0xF7BF, 0xF79F, 0xF7BF, 0xF7BF, 0xF7BF, 0xF79F,
    0xF7BF, 0xF7BF, 0xDEFC, 0xDEDC, 0xDEFC, 0x7BD0, 0x7BD0, 0x7BD0, 0x7BD0, 0x7BD0, 0x7BD0, 0x7BD0, 0x0000, 0x0000, 0x0000, 0x0000,
    0x0000, 0x0000, 0x0000, 0x0000, 0x0000, 0x0000, 0x0000, 0x0000, 0x0000, 0x0000, 0x0000, 0x0000, 0x0000, 0x0000, 0x0000, 0x0000,
    0x0000, 0x0000, 0x0000, 0x0000, 0x0000, 0x0000, 0x0000, 0x0000, 0x0000, 0x0000, 0x0000, 0x0000, 0x0000, 0x0000, 0x0000, 0x0000,
    0x0000, 0x0000, 0x0000, 0x0000, 0x0000, 0x0000, 0x0000, 0x0000, 0x0000, 0x0000, 0x0000, 0x0000, 0x0000, 0x0000, 0x0000, 0x0000,
    0x0000, 0x0000, 0x0000, 0x0000, 0x0000, 0x0000, 0x0000, 0x0000, 0x0000, 0x0000, 0x0000, 0x0000, 0x0000, 0x0000, 0x0000, 0x0000,
    0x0000, 0x0000, 0x0000, 0x0000, 0x8410, 0xB554, 0xB554, 0xBDB6, 0xBDD6, 0x8C32, 0x8C32, 0x8C32, 0x8C32, 0x8C32, 0x8C32, 0x8C32,
    0x8C32, 0x8C32, 0x8C32, 0x8C32, 0x8C32, 0x8C12, 0x8C32, 0x8C32, 0x8C32, 0xDEFB, 0x83F1, 0xB554, 0xB554, 0xB554, 0xB554, 0xB554,
    0xB554, 0xB554, 0xC5D6, 0xC5D6, 0xC5F6, 0xCE37, 0xD678, 0xDEFB, 0xDEFB, 0xDEFB, 0xDEFB, 0xDEFB, 0xDEFB, 0xDEFB, 0xDEFB, 0xDEDB,
    0xCE37, 0xCE37, 0xD699, 0xD6B9, 0xD6B9, 0xD6B9, 0xD6B9, 0xD6B9, 0xD6B9, 0xD658, 0xCE37, 0xCE37, 0xDEFB, 0xDEFB, 0xDEFB, 0xDEFB,
    0xDEFB, 0xDEFB, 0x2B42, 0x5444, 0x64C4, 0x64C4, 0x2281, 0x2B42, 0x3C04, 0x64C4, 0x2B42, 0x2B42, 0x2B42, 0x64C4, 0x64C4, 0x2B42,
    0xCE37, 0xCE58, 0xFDEE, 0xFDEE, 0xFDEE, 0xFDEE, 0xFDEE, 0xFDEE, 0xFDEE, 0xFDEE, 0xFDEE, 0xE4ED, 0xDCED, 0xDCED, 0xDCED, 0xDCED,
    0xDCED, 0xDCED, 0xDCED, 0xDCED, 0xE56E, 0xFEB0, 0xFEB0, 0xFEB0, 0xFEB0, 0xFEB0, 0xFEB0, 0xFDEE, 0xFDEE, 0xFDEE, 0xFDEE, 0xFE90,
    0xFEB0, 0xFEB0, 0xFEB0, 0xFEB0, 0xFE4F, 0xFDEE, 0xFDEE, 0xFDEE, 0xFDEE, 0xFDEE, 0xFDEE, 0xFDEE, 0xFDEE, 0xFDEE, 0xFDEE, 0xFDEE,
    0xFDEE, 0xFDEE, 0xFDEE, 0xFDEE, 0xFDEE, 0xFDEE, 0xFDEE, 0xFDEE, 0xFDEE, 0xFDEE, 0xFDEE, 0xFDEE, 0xFEB0, 0xFEB0, 0xFEB0, 0xFEB0,
    0xFEB0, 0xFDEE, 0xFDEE, 0xFDEE, 0xFDEE, 0xFE2F, 0xFEB0, 0xFEB0, 0xFEB0, 0xFEB0, 0xFEB0, 0xFE90, 0xDCED, 0xDCED, 0xDCED, 0xDCED,
    0xDCCD, 0xDCED, 0xDCED, 0xDCED, 0xDCED, 0xFDEE, 0xFDEE, 0xFDEE, 0xFDEE, 0xFDEE, 0xFDEE, 0xFDEE, 0xFDEE, 0xFDEE, 0xDEFB, 0xCE9A,
    0x2C36, 0x2C36, 0x3D7A, 0xACB2, 0xACB2, 0xACD3, 0xACB2, 0xF759, 0xEF18, 0x3D7A, 0x3D7A, 0x3D7A, 0x3D7A, 0x3D7A, 0x3D7A, 0x3D5A,
    0x2C36, 0x2C36, 0x2C57, 0x0000, 0x0000, 0x4902, 0x7985, 0x8A06, 0x8A06, 0x8A06, 0x8A06, 0x7985, 0x4902, 0x0000, 0xB554, 0xB554,
    0xB554, 0xB554, 0xB554, 0xC618, 0xC618, 0xC618, 0xC618, 0xC618, 0xC618, 0xE6FC, 0xE6FC, 0xE6FC, 0xE6FC, 0xE6FC, 0xB5B8, 0xB5B8,
    0xB5B8, 0xB5B8, 0xB5B8, 0xB5B8, 0xB5B8, 0xB5B8, 0xB5B8, 0xB5B8, 0xB5B8, 0xB5B8, 0xB5B8, 0xB5B8, 0xB5B8, 0xB5B8, 0xB5B8, 0xB5B8,
    0xE6FC, 0xE6FC, 0xE6FC, 0xDEFC, 0xE6FC, 0xB554, 0xB554, 0xB554, 0xB554, 0xB554, 0xB554, 0xB554, 0x0000, 0x0000, 0x0000, 0x0000,
    0x0000, 0x0000, 0x0000, 0x0000, 0x0000, 0x0000, 0x0000, 0x0000, 0x0000, 0x0000, 0x0000, 0x0000, 0x0000, 0x0000, 0x0000, 0x0000,
    0x0000, 0x0000, 0x0000, 0x0000, 0x0000, 0x0000, 0x0000, 0x0000, 0x0000, 0x0000, 0x0000, 0x0000, 0x0000, 0x0000, 0x0000, 0x0000,
    0x0000, 0x0000, 0x0000, 0x0000, 0x0000, 0x0000, 0x0000, 0x0000, 0x0000, 0x0000, 0x0000, 0x0000, 0x0000, 0x0000, 0x0000, 0x0000,
    0x0000, 0x0000, 0x0000, 0x0000, 0x0000, 0x0000, 0x0000, 0x0000, 0x0000, 0x0000, 0x0000, 0x0000, 0x0000, 0x0000, 0x0000, 0x0000,
    0x0000, 0x0000, 0x0000, 0x0000, 0x840F, 0xBDD6, 0xBDD6, 0xBDD6, 0xBDD6, 0x8C32, 0x8C32, 0x8C32, 0x8C32, 0x8C32, 0x8C32, 0x8C32,
    0x8C32, 0x8C32, 0x8C32, 0x8C32, 0x8C32, 0x8C32, 0x8C32, 0x8C32, 0x8C32, 0xAD35, 0xD69A, 0xB554, 0xB554, 0xB554, 0xB554, 0xB554,
    0xB554, 0xB554, 0xC5D6, 0xC5D6, 0xC5F6, 0xCE37, 0xCE37, 0xCE37, 0xCE37, 0xDEBA, 0xDEFB, 0xDEFB, 0xDEDB, 0xCE37, 0xCE37, 0xD658,
    0xD6B9, 0xD6B9, 0xD6B9, 0xD6B9, 0xD6B9, 0xD6B9, 0xD6B9, 0xD6B9, 0xD6B9, 0xD6B9, 0xD6B9, 0xD6B9, 0xD658, 0xCE37, 0xCE37, 0xDEFB,
    0xDEFB, 0x2B42, 0x64A4, 0x64A4, 0x5C84, 0x3C04, 0x3BE4, 0x2281, 0x64A4, 0x64A4, 0x2281, 0x2B42, 0x2B42, 0x3BE4, 0x64A4, 0x64A4,
    0x2B42, 0xCE37, 0xFDEE, 0xFDEE, 0xFDEE, 0xFDEE, 0xFDEE, 0xFDEE, 0xFDEE, 0xFDEE, 0xFDEE, 0xE4ED, 0xDCED, 0xDCED, 0xDCED, 0xDCED,
    0xDCED, 0xDCED, 0xDCED, 0xDCED, 0xED6E, 0xFEB0, 0xFEB0, 0xFEB0, 0xFEB0, 0xFEB0, 0xFEB0, 0xFDEE, 0xFDEE, 0xFDEE, 0xFDEE, 0xFDEE,
    0xFDEE, 0xFDEE, 0xFDEE, 0xFEB0, 0xFEB0, 0xFEB0, 0xFEB0, 0xFEB0, 0xFE90, 0xFEB0, 0xFDEE, 0xFDEE, 0xFDEE, 0xFDEE, 0xFDEE, 0xFDEE,
    0xFDEE, 0xFDEE, 0xFDEE, 0xFDEE, 0xFDEE, 0xFDEE, 0xFE90, 0xFEB0, 0xFEB0, 0xFEB0, 0xFEB0, 0xFEB0, 0xFEB0, 0xFDEE, 0xFDEE, 0xFDEE,
    0xFDEE, 0xFDEE, 0xFDEE, 0xFDEE, 0xFDEE, 0xFE2F, 0xFEB0, 0xFEB0, 0xFEB0, 0xFEB0, 0xFEB0, 0xFE90, 0xDCED, 0xDCED, 0xDCED, 0xDCED,
    0xDCED, 0xDCED, 0xDCED, 0xDCED, 0xDCED, 0xDCED, 0xDCED, 0xDCED, 0xDCED, 0xDCED, 0xDCED, 0xDCED, 0xFDEE, 0xFDEE, 0xD658, 0xBDD7,
    0x2C36, 0x2C57, 0x3D7A, 0xACB2, 0xACB2, 0xACB2, 0xACB2, 0xEF39, 0xEF18, 0xDE97, 0xD656, 0x7D99, 0x3D7A, 0x3D7A, 0x3D7A, 0x3D5A,
    0x2C36, 0x2C36, 0x0000, 0x4902, 0x7985, 0x8A06, 0xA287, 0x8A06, 0x7985, 0x7985, 0x8A06, 0xA287, 0x8A06, 0x7985, 0x0000, 0xB554,
    0xB554, 0xB554, 0xB554, 0xB554, 0xB554, 0xB554, 0xC618, 0xC618, 0xC618, 0xE71C, 0xE71C, 0xE71C, 0xCE7A, 0xB5D8, 0x8C73, 0xA4D3,
    0xBD33, 0xBD33, 0xACF3, 0x8C93, 0x8C93, 0x8C93, 0xBDF8, 0xBDD8, 0xBDF8, 0xBDF8, 0xBDD8, 0xBDD8, 0x8C93, 0x8C93, 0x8C93, 0x8C93,
    0xB5D8, 0xB5D8, 0xE71C, 0xE71C, 0xE71C, 0xB554, 0xB554, 0xB554, 0xB554, 0xB554, 0xB554, 0xB554, 0x0000, 0x0000, 0x0000, 0x0000,
    0x0000, 0x0000, 0x0000, 0x0000, 0x0000, 0x0000, 0x0000, 0x0000, 0x0000, 0x0000, 0x0000, 0x0000, 0x0000, 0x0000, 0x0000, 0x0000,
    0x0000, 0x0000, 0x0000, 0x0000, 0x0000, 0x0000, 0x0000, 0x0000, 0x0000, 0x0000, 0x0000, 0x0000, 0x0000, 0x0000, 0x0000, 0x0000,
    0x0000, 0x0000, 0x0000, 0x0000, 0x0000, 0x0000, 0x0000, 0x0000, 0x0000, 0x0000, 0x0000, 0x0000, 0x0000, 0x0000, 0x0000, 0x0000,
    0x0000, 0x0000, 0x0000, 0x0000, 0x0000, 0x0000, 0x0000, 0x0000, 0x0000, 0x0000, 0x0000, 0x0000, 0x0000, 0x0000, 0x0000, 0x0000,
    0x0000, 0x0000, 0x0000, 0x0000, 0x8410, 0xBDD6, 0xBDD6, 0xBDD6, 0xBDD6, 0x8C32, 0x8C32, 0x8C32, 0x8C32, 0x8C32, 0x8C32, 0x8C32,
    0x8C32, 0x8C32, 0x8C32, 0x8C32, 0x8C32, 0x8C32, 0x8C32, 0x8C32, 0x8C32, 0x8C32, 0xE71C, 0xB554, 0xB554, 0xB554, 0xB554, 0xB554,
    0xB554, 0xE71C, 0xEF7D, 0xEF7D, 0xF79E, 0xEF7D, 0xEF7D, 0xEF3C, 0xCE37, 0xCE37, 0xCE37, 0xCE37, 0xCE37, 0xD6B9, 0xD6B9, 0xD6B9,
    0xD6B9, 0xD6B9, 0xD6B9, 0xD6B9, 0xD6B9, 0xD6B9, 0xD6B9, 0xD6B9, 0xD6B9, 0xD6B9, 0xD6B9, 0xD6B9, 0xD6B9, 0xD6B9, 0xD699, 0xCE37,
    0xCE37, 0x2B42, 0x5403, 0x5464, 0x5444, 0x3BE4, 0x3BE4, 0x22C2, 0x5464, 0x5464, 0x2281, 0x2B22, 0x2B42, 0x33A4, 0x5464, 0x5424,
    0x2B22, 0xCE37, 0xFDEE, 0xFDEE, 0xFDEE, 0xFDEE, 0xFDEE, 0xFDEE, 0xFDEE, 0xFDEE, 0xFDEE, 0xE4ED, 0xDCED, 0xDCED, 0xDCED, 0xDCED,
    0xDCED, 0xDCCD, 0xDCED, 0xDCED, 0xE56E, 0xFEB0, 0xFEB0, 0xFEB0, 0xFEB0, 0xFEB0, 0xFEB0, 0xFDEE, 0xFDEE, 0xFDEE, 0xFDEE, 0xFDEE,
    0xFDEE, 0xFDEE, 0xFDEE, 0xFDEE, 0xFDEE, 0xFE6F, 0xFEB0, 0xFEB0, 0xFEB0, 0xFEB0, 0xFEB0, 0xFEB0, 0xFE90, 0xFE90, 0xFE90, 0xFDEE,
    0xFDEE, 0xFE90, 0xFE90, 0xFE90, 0xFEB0, 0xFEB0, 0xFEB0, 0xFEB0, 0xFEB0, 0xFEB0, 0xFEB0, 0xFE0E, 0xFDEE, 0xFDEE, 0xFDEE, 0xFDEE,
    0xFDEE, 0xFDEE, 0xFDEE, 0xFDEE, 0xFDEE, 0xFE2F, 0xFEB0, 0xFEB0, 0xFEB0, 0xFEB0, 0xFEB0, 0xFE90, 0xDCED, 0xDCED, 0xDCED, 0xDCED,
    0xDCED, 0xDCED, 0xDCED, 0xDCED, 0xDCED, 0xDCED, 0xDCED, 0xDCED, 0xDCED, 0xDCED, 0xDCED, 0xDCED, 0xDCED, 0xDCED, 0xD593, 0xC659,
    0x2C57, 0x2C57, 0x3D7A, 0xAE7A, 0xCDF4, 0xCDF4, 0xFFBA, 0xF779, 0xEF18, 0xE6D7, 0xC5D4, 0xCE15, 0xBD94, 0x3D7A, 0x3D7A, 0x3D5A,
    0x2C36, 0x0106, 0x4902, 0x7985, 0x8A06, 0xA287, 0x8A06, 0x7985, 0x7985, 0x7985, 0x7985, 0x8A06, 0xA287, 0x8A06, 0x7985, 0x0000,
    0xB554, 0xB554, 0xB554, 0xB554, 0xB554, 0xB554, 0xB554, 0xB554, 0xB554, 0xE71C, 0xE71C, 0xE71C, 0xCE7A, 0xB5D8, 0xEDD3, 0xED71,
    0xE510, 0xE510, 0xB4D2, 0x8C93, 0x8C93, 0x8C93, 0xCE5A, 0xCE5A, 0xCE5A, 0xCE5A, 0xCE5A, 0xCE5A, 0x8C93, 0x8C93, 0x8C93, 0x8C93,
    0xB5D8, 0xB5D8, 0xE71C, 0xE71C, 0xE71C, 0xAD34, 0xB554, 0xB554, 0xB554, 0xB554, 0xB554, 0xB554, 0x0000, 0x0000, 0x0000, 0x0000,
    0x0000, 0x0000, 0x0000, 0x0000, 0x0000, 0x0000, 0x0000, 0x0000, 0x0000, 0x0000, 0x0000, 0x0000, 0x0000, 0x0000, 0x0000, 0x0000,
    0x0000, 0x0000, 0x0000, 0x0000, 0x0000, 0x0000, 0x0000, 0x0000, 0x0000, 0x0000, 0x0000, 0x0000, 0x0000, 0x0000, 0x0000, 0x0000,
    0x0000, 0x0000, 0x0000, 0x0000, 0x0000, 0x0000, 0x0000, 0x0000, 0x0000, 0x0000, 0x0000, 0x0000, 0x0000, 0x0000, 0x0000, 0x0000,
    0x0000, 0x0000, 0x0000, 0x0000, 0x0000, 0x0000, 0x0000, 0x0000, 0x0000, 0x0000, 0x0000, 0x0000, 0x0000, 0x0000, 0x0000, 0x0000,
    0x0000, 0x0000, 0x0000, 0x0000, 0x840F, 0xBDD6, 0xBDD6, 0xBDD6, 0xBDD6, 0x8C32, 0xAC11, 0xA3D0, 0xA3D0, 0x8C32, 0x8C32, 0x8C32,
    0x8C32, 0x8C32, 0x8C32, 0x8C32, 0x8C32, 0x8C32, 0x8C32, 0x8C32, 0x8C32, 0x8C32, 0x9473, 0xB554, 0xB554, 0xCE38, 0xFFFF, 0xFFFF,
    0xFFFF, 0xEF7D, 0xD69A, 0xD69A, 0xD69A, 0xD69A, 0xD69A, 0xEF7D, 0xFFFF, 0xFFFF, 0xFFFF, 0xEF7D, 0xCE37, 0xCE37, 0xCE58, 0xD6B9,
    0xD6B9, 0xD6B9, 0xD6B9, 0xD6B9, 0xD6B9, 0xD6B9, 0xD6B9, 0xD6B9, 0xD6B9, 0xD6B9, 0xD6B9, 0xD6B9, 0xDE17, 0xD5B5, 0xD5B5, 0xCE37,
    0xDEFB, 0x2B22, 0x2281, 0x3383, 0x3BE4, 0x3BE4, 0x3BE4, 0x2B22, 0x3BE4, 0x3BE4, 0x2281, 0x2B22, 0x2B22, 0x2B22, 0x3BE4, 0x2281,
    0x2B22, 0xCE37, 0xFDEE, 0xFDEE, 0xFDEE, 0xFDEE, 0xFDEE, 0xFDEE, 0xFDEE, 0xFDEE, 0xFDEE, 0xE4ED, 0xDCED, 0xDCED, 0xDCED, 0xDCED,
    0xDCED, 0xDCED, 0xDCED, 0xDCCD, 0xE56E, 0xFEB0, 0xFEB0, 0xFEB0, 0xFEB0, 0xFEB0, 0xFE90, 0xFDEE, 0xFDEE, 0xFDEE, 0xFDEE, 0xFDEE,
    0xFDEE, 0xFDEE, 0xFDEE, 0xFDEE, 0xFDEE, 0xFDEE, 0xFDEE, 0xFDEE, 0xFDEE, 0xFDEE, 0xFEB0, 0xFEB0, 0xFEB0, 0xFEB0, 0xFEB0, 0xFEB0,
    0xFEB0, 0xFEB0, 0xFEB0, 0xFEB0, 0xFEB0, 0xFEB0, 0xFDEE, 0xFDEE, 0xFDEE, 0xFDEE, 0xFDEE, 0xFDEE, 0xFDEE, 0xFDEE, 0xFDEE, 0xFDEE,
    0xFDEE, 0xFDEE, 0xFDEE, 0xFDEE, 0xFDEE, 0xFE2F, 0xFEB0, 0xFEB0, 0xFEB0, 0xFEB0, 0xFEB0, 0xFE90, 0xDCED, 0xDCED, 0xDCED, 0xDCED,
    0xDCCD, 0xDCED, 0xDCED, 0xDCED, 0xDCED, 0xDCED, 0xDCED, 0xDCED, 0xDCED, 0xDCED, 0xDCED, 0xDCED, 0xDCCD, 0xDCED, 0xDCED, 0xBDD7,
    0x2C57, 0x2C57, 0x3D7A, 0x9E19, 0xE6B8, 0xE6B8, 0xFFBA, 0xF779, 0xEF18, 0xDE97, 0xD636, 0xC5B4, 0xBD94, 0xB533, 0x3D7A, 0x3D5A,
    0x2C36, 0x0105, 0x4901, 0x7985, 0x8A06, 0x8A06, 0xA287, 0x8A06, 0x7985, 0x7985, 0x8A06, 0xA287, 0x8A06, 0x7985, 0x7985, 0x0000,
    0xB554, 0xB554, 0xB554, 0xB554, 0xB554, 0xB554, 0xB554, 0xC618, 0xBDD7, 0xE73C, 0xE73C, 0xE73C, 0xD6DB, 0xC65A, 0xE5D5, 0xE5F5,
    0xE5F5, 0xE5F5, 0xC5B6, 0xB597, 0xAD97, 0xAD97, 0xD6BB, 0xD6BB, 0xD6BB, 0xD6BB, 0xD6BB, 0xD6BB, 0xCE38, 0xCE38, 0xCE38, 0xCE38,
    0xC65A, 0xC659, 0xE73C, 0xE73C, 0xE73C, 0x9C91, 0x9C91, 0xB554, 0xB554, 0xB554, 0xB554, 0xB554, 0x0000, 0x0000, 0x0000, 0x0000,
    0x0000, 0x0000, 0x0000, 0x0000, 0x0000, 0x0000, 0x0000, 0x0000, 0x0000, 0x0000, 0x0000, 0x0000, 0x0000, 0x0000, 0x0000, 0x0000,
    0x0000, 0x0000, 0x0000, 0x0000, 0x0000, 0x0000, 0x0000, 0x0000, 0x0000, 0x0000, 0x0000, 0x0000, 0x0000, 0x0000, 0x0000, 0x0000,
    0x0000, 0x0000, 0x0000, 0x0000, 0x0000, 0x0000, 0x0000, 0x0000, 0x0000, 0x0000, 0x0000, 0x0000, 0x0000, 0x0000, 0x0000, 0x0000,
    0x0000, 0x0000, 0x0000, 0x0000, 0x0000, 0x0000, 0x0000, 0x0000, 0x0000, 0x0000, 0x0000, 0x0000, 0x0000, 0x0000, 0x0000, 0x0000,
    0x0000, 0x0000, 0x0000, 0x0000, 0x7BCE, 0xB554, 0xBDD6, 0xBDD6, 0xBDD6, 0x8C32, 0xF34A, 0xF286, 0xE1C4, 0xE1C4, 0x8C32, 0x8C32,
    0x8C32, 0x8C32, 0x8C32, 0x8C32, 0x8C32, 0x8C32, 0x8C32, 0x8C32, 0x8C32, 0x8C32, 0x8C32, 0xB554, 0xB595, 0xFFFF, 0xF79E, 0xEF7D,
    0xCE79, 0xCE79, 0xCE79, 0xCE79, 0xCE79, 0xCE79, 0xCE79, 0xCE79, 0xCE79, 0xEF7D, 0xEF7D, 0xFFFF, 0xDEFB, 0xDEFB, 0xD658, 0xCE37,
    0xCE37, 0xD6B9, 0xD6B9, 0xD6B9, 0xD6B9, 0xD6B9, 0xD6B9, 0xD6B9, 0xD6B9, 0xD6B9, 0xD6B9, 0xE267, 0xE1C4, 0xEA65, 0xF34A, 0xDEFB,
    0xDEFB, 0x2261, 0x2261, 0x2261, 0x2261, 0x2261, 0x3BC4, 0x3BC4, 0x2B22, 0x2261, 0x2B22, 0x2B22, 0x2B22, 0x2261, 0x2261, 0x2B22,
    0x2261, 0xCE37, 0xFDEE, 0xFDEE, 0xFDEE, 0xFDEE, 0xFDEE, 0xFDEE, 0xFDEE, 0xFDEE, 0xFDEE, 0xE4ED, 0xDCED, 0xDCED, 0xDCED, 0xDCED,
    0xDCED, 0xDCED, 0xDCED, 0xDCED, 0xE56E, 0xFEB0, 0xFEB0, 0xFEB0, 0xFEB0, 0xFEB0, 0xFE90, 0xFDEE, 0xFDEE, 0xFDEE, 0xFDEE, 0xFDEE,
    0xFDEE, 0xFDEE, 0xFDEE, 0xFDEE, 0xFDEE, 0xFDEE, 0xFDEE, 0xFDEE, 0xFDEE, 0xFDEE, 0xFDEE, 0xFDEE, 0xFDEE, 0xFDEE, 0xFDEE, 0xFDEE,
    0xFDEE, 0xFDEE, 0xFDEE, 0xFDEE, 0xFDEE, 0xFDEE, 0xFDEE, 0xFDEE, 0xFDEE, 0xFDEE, 0xFDEE, 0xFDEE, 0xFDEE, 0xFDEE, 0xFDEE, 0xFDEE,
    0xFDEE, 0xFDEE, 0xFDEE, 0xFDEE, 0xFDEE, 0xFE2F, 0xFEB0, 0xFEB0, 0xFEB0, 0xFEB0, 0xFEB0, 0xFE90, 0xDCED, 0xDCED, 0xDCED, 0xFEB0,
    0xFEB0, 0xFEB0, 0xFEB0, 0xFEB0, 0xFEB0, 0xFEB0, 0xFEB0, 0xFEB0, 0xFEB0, 0xFEB0, 0xFEB0, 0xDCED, 0xDCED, 0xDCED, 0xDCEE, 0xCE9A,
    0x3477, 0x3478, 0x3D7A, 0x7D37, 0xACB2, 0xACB2, 0xFFBA, 0xD6FB, 0xEF18, 0xE6B7, 0xC5D4, 0xCE15, 0xBD94, 0xB533, 0x4B50, 0x3D5A,
    0x0000, 0x4101, 0x4902, 0x4901, 0x7985, 0x7985, 0x8A06, 0xA287, 0x8A06, 0x8A06, 0xA287, 0x8A06, 0x8A06, 0x7985, 0x7985, 0x4902,
    0x0000, 0xAD34, 0xB554, 0xB554, 0xBDB6, 0xC618, 0xC5F8, 0xC618, 0xC618, 0x9CB4, 0x9CB4, 0x9CB4, 0x9CB4, 0x9CB4, 0x9CB4, 0x9CB4,
    0x9CB4, 0x9CB4, 0x9CB4, 0x9CB4, 0x9CB4, 0x9CB4, 0x9CB4, 0x9CB4, 0x9CB4, 0x9CB4, 0x9CB4, 0x9CB4, 0x9CB4, 0x9CB4, 0x9CB4, 0x9CB4,
    0x9CB4, 0x9CB4, 0x9CB4, 0x9CB4, 0x9CB4, 0x9C91, 0x9C91, 0x9C91, 0xB554, 0xB554, 0xB554, 0xB554, 0x0000, 0x0000, 0x0000, 0x0000,
    0x0000, 0x0000, 0x0000, 0x0000, 0x0000, 0x0000, 0x0000, 0x0000, 0x0000, 0x0000, 0x0000, 0x0000, 0x0000, 0x0000, 0x0000, 0x0000,
    0x0000, 0x0000, 0x0000, 0x0000, 0x0000, 0x0000, 0x0000, 0x0000, 0x0000, 0x0000, 0x0000, 0x0000, 0x0000, 0x0000, 0x0000, 0x0000,
    0x0000, 0x0000, 0x0000, 0x0000, 0x0000, 0x0000, 0x0000, 0x0000, 0x0000, 0x0000, 0x0000, 0x0000, 0x0000, 0x0000, 0x0000, 0x0000,
    0x0000, 0x0000, 0x0000, 0x0000, 0x0000, 0x0000, 0x0000, 0x0000, 0x0000, 0x0000, 0x0000, 0x0000, 0x0000, 0x0000, 0x0000, 0x0000,
    0x0000, 0x0000, 0x0000, 0x0000, 0x8431, 0xC618, 0xB554, 0xB554, 0xB575, 0x83F1, 0xFB6A, 0xF286, 0xE1C4, 0xE1C4, 0x83F1, 0x83F1,
    0x83F1, 0x83F1, 0x83F1, 0x83F1, 0x83F1, 0x83F1, 0x83F1, 0x83F1, 0x83F1, 0x83F1, 0x83F1, 0xC618, 0xFFFF, 0xEF7D, 0xCE79, 0xCE79,
    0xCE79, 0xCE79, 0xCE79, 0xCE79, 0xCE79, 0xCE79, 0xCE79, 0xCE79, 0xCE79, 0xCE79, 0xCE79, 0xEF7D, 0xFFFF, 0xDEFB, 0xDEFB, 0xDEFB,
    0xDEFB, 0xD658, 0xCE37, 0xCE37, 0xD6B9, 0xD6B9, 0xD6B9, 0xD6B9, 0xCE37, 0xCE37, 0xD679, 0xE1C4, 0xE1C4, 0xEA65, 0xF34A, 0xDEFB,
    0xDEFB, 0x3BC4, 0x3BC4, 0x2B43, 0x2B22, 0x2B02, 0x2B22, 0x2B22, 0x2261, 0x2261, 0x2261, 0x2261, 0x2261, 0x2B22, 0x2B22, 0x3BC4,
    0x2B22, 0xDEFB, 0xFDEE, 0xFDEE, 0xFDEE, 0xFDEE, 0xFDEE, 0xFDEE, 0xFDEE, 0xFDEE, 0xFDEE, 0xE4ED, 0xDCED, 0xDCED, 0xDCED, 0xDCED,
    0xDCED, 0xDCCD, 0xDCED, 0xDCED, 0xE56E, 0xFEB0, 0xFEB0, 0xFEB0, 0xFEB0, 0xFEB0, 0xFEB0, 0xFDEE, 0xFDEE, 0xFDEE, 0xFDEE, 0xFDEE,
    0xFDEE, 0xFDEE, 0xFDEE, 0xFDEE, 0xFDEE, 0xFDEE, 0xFDEE, 0xFDEE, 0xFDEE, 0xFDEE, 0xFDEE, 0xFDEE, 0xFDEE, 0xFDEE, 0xFDEE, 0xFDEE,
    0xFDEE, 0xFDEE, 0xFDEE, 0xFDEE, 0xFDEE, 0xFDEE, 0xFDEE, 0xFDEE, 0xFDEE, 0xFDEE, 0xFDEE, 0xFDEE, 0xFDEE, 0xFDEE, 0xFDEE, 0xFDEE,
    0xFDEE, 0xFDEE, 0xFDEE, 0xFDEE, 0xFDEE, 0xFE2F, 0xFEB0, 0xFEB0, 0xFEB0, 0xFEB0, 0xFEB0, 0xFE90, 0xDCED, 0xDCED, 0xDCED, 0xFEB0,
    0xFEB0, 0x3D7A, 0x3D7A, 0x3D7A, 0x3D7A, 0x3D7A, 0x3D7A, 0x3D7A, 0x3D7A, 0x3D7A, 0xFEB0, 0xDCED, 0xDCED, 0xDCED, 0xDCEE, 0xCE9B,
    0x3478, 0x3478, 0x3D7A, 0x7D38, 0xACD2, 0xACF3, 0xACF2, 0xF759, 0xEF18, 0xE6B7, 0x351B, 0xCE15, 0xBD94, 0xB533, 0x4B50, 0x3D5A,
    0x0000, 0x40E1, 0x4902, 0x4902, 0x7985, 0x7985, 0x7985, 0x8A06, 0x8A06, 0x8A06, 0x8A06, 0x7985, 0x7985, 0x7985, 0x4901, 0x4902,
    0x0000, 0xB575, 0xC618, 0xC618, 0xC618, 0xC618, 0xC618, 0xBDF8, 0xC618, 0x9CB4, 0x9CB4, 0x9CB4, 0x9CB4, 0x9CB4, 0x9CB4, 0x9CB4,
    0x9CB4, 0x9CB4, 0x9CB4, 0x9CB4, 0x9CB4, 0x9CB4, 0x9CB4, 0x9CB4, 0x9CB4, 0x9CB4, 0x9CB4, 0x9CB4, 0x9CB4, 0x9CB4, 0x9CB4, 0x9CB4,
    0x9CB4, 0x9CB4, 0x9CB4, 0x9CB4, 0x9CB4, 0x9CB2, 0x9CB2, 0x9CB2, 0x9CB2, 0xA4D2, 0xBD95, 0xBD95, 0x0000, 0x0000, 0x0000, 0x0000,
    0x0000, 0x0000, 0x0000, 0x0000, 0x0000, 0x0000, 0x0000, 0x0000, 0x0000, 0x0000, 0x0000, 0x0000, 0x0000, 0x0000, 0x0000, 0x0000,
    0x0000, 0x0000, 0x0000, 0x0000, 0x0000, 0x0000, 0x0000, 0x0000, 0x0000, 0x0000, 0x0000, 0x0000, 0x0000, 0x0000, 0x0000, 0x0000,
    0x0000, 0x0000, 0x0000, 0x0000, 0x0000, 0x0000, 0x0000, 0x0000, 0x0000, 0x0000, 0x0000, 0x0000, 0x0000, 0x0000, 0x0000, 0x0000,
    0x0000, 0x0000, 0x0000, 0x0000, 0x0000, 0x0000, 0x0000, 0x0000, 0x0000, 0x0000, 0x0000, 0x0000, 0x0000, 0x0000, 0x0000, 0x0000,
    0x0000, 0x0000, 0x0000, 0x0000, 0x8C51, 0xC618, 0xC618, 0xC618, 0xB596, 0x9CB4, 0xF36A, 0xF286, 0xE1C4, 0xE1C4, 0xD1A3, 0x9CB4,
    0x9CB4, 0x9CB4, 0x9CB4, 0x9CB4, 0x9CB4, 0x9CB4, 0x9CB4, 0x9CB4, 0x9CB4, 0x9CB4, 0x9CB4, 0xEF7D, 0xEF7D, 0xCE79, 0xCE79, 0xCE79,
    0xCE79, 0xCE79, 0xCE79, 0xCE79, 0xCE79, 0xCE79, 0xCE79, 0xCE79, 0xCE79, 0xCE79, 0xCE79, 0xCE79, 0xEF7D, 0xF79E, 0xDEFB, 0xDEFB,
    0xDEFB, 0xDEFB, 0xDEFB, 0xDEDB, 0xCE37, 0xCE37, 0xCE37, 0xCE37, 0xDEFB, 0xDEFB, 0xD268, 0xE1C4, 0xE1C4, 0xEA65, 0xF34A, 0xDEFB,
    0x2B02, 0x5C64, 0x3BC4, 0x2B43, 0x2B02, 0x2B02, 0x2B02, 0x2261, 0x2261, 0x2B02, 0x2B02, 0x2261, 0x2261, 0x2B02, 0x2B02, 0x5C64,
    0x5C64, 0x2B02, 0xFDEE, 0xFDEE, 0xFDEE, 0xFDEE, 0xFDEE, 0xFDEE, 0xFDEE, 0xFDEE, 0xFDEE, 0xE4ED, 0xDCED, 0xDCCD, 0xDCED, 0xDCED,
    0xDCED, 0xDCED, 0xDCED, 0xDCED, 0xE56E, 0xFEB0, 0xFEB0, 0xFEB0, 0xFEB0, 0xFEB0, 0xFE90, 0xFDEE, 0xFDEE, 0xFDEE, 0xFDEE, 0xFDEE,
    0xFDEE, 0xFDEE, 0xFDEE, 0xFDEE, 0xFDEE, 0xFDEE, 0xFDEE, 0xFDEE, 0xFDEE, 0xFDEE, 0xFDEE, 0xFDEE, 0xFDEE, 0xFDEE, 0xFDEE, 0xFDEE,
    0xFDEE, 0xFDEE, 0xFDEE, 0xFDEE, 0xFDEE, 0xFDEE, 0xFDEE, 0xFDEE, 0xFDEE, 0xFDEE, 0xFDEE, 0xFDEE, 0xFDEE, 0xFDEE, 0xFDEE, 0xFDEE,
    0xFDEE, 0xFDEE, 0xFDEE, 0xFDEE, 0xFDEE, 0xFE2F, 0xFEB0, 0xFEB0, 0xFEB0, 0xFEB0, 0xFEB0, 0xFE90, 0xDCED, 0xDCED, 0xDCED, 0xFEB0,
    0xFEB0, 0x3D7A, 0x3D7A, 0x3D7A, 0x3D7A, 0x3D7A, 0x3D7A, 0x3D7A, 0x3D7A, 0x3D7A, 0xFEB0, 0xDCED, 0xDCED, 0xDCED, 0xDCEE, 0xCE9B,
    0x3478, 0x3478, 0x3D7A, 0x7D37, 0xACD2, 0xACF2, 0xAD12, 0xAD12, 0xACF2, 0xE6D7, 0xD656, 0x9578, 0xBDB4, 0xB533, 0x4B50, 0x3D5A,
    0x0000, 0x4101, 0x4902, 0x4902, 0x4902, 0x4902, 0x7985, 0x7985, 0x7985, 0x7985, 0x7985, 0x7985, 0x4902, 0x4902, 0x4902, 0x4902,
    0x0000, 0xBDD7, 0xC618, 0xC618, 0xC618, 0xC5F8, 0xCE79, 0xDEFB, 0xDEFB, 0x330F, 0x330F, 0x330F, 0x330F, 0x330F, 0x432F, 0x432F,
    0x434F, 0x434F, 0x434F, 0x432F, 0x434F, 0x434F, 0x434F, 0x434F, 0x434F, 0x434F, 0x434F, 0x434F, 0x434F, 0x434F, 0x432F, 0x434F,
    0x434F, 0x434F, 0x330F, 0x330F, 0x330F, 0xBDF7, 0xB554, 0xB554, 0xB554, 0xB554, 0xCE58, 0xDEFB, 0x0000, 0x0000, 0x0000, 0x0000,
    0x0000, 0x0000, 0x0000, 0x0000, 0x0000, 0x0000, 0x0000, 0x0000, 0x0000, 0x0000, 0x0000, 0x0000, 0x0000, 0x0000, 0x0000, 0x0000,
    0x0000, 0x0000, 0x0000, 0x0000, 0x0000, 0x0000, 0x0000, 0x0000, 0x0000, 0x0000, 0x0000, 0x0000, 0x0000, 0x0000, 0x0000, 0x0000,
    0x0000, 0x0000, 0x0000, 0x0000, 0x0000, 0x0000, 0x0000, 0x0000, 0x0000, 0x0000, 0x0000, 0x0000, 0x0000, 0x0000, 0x0000, 0x0000,
    0x0000, 0x0000, 0x0000, 0x0000, 0x0000, 0x0000, 0x0000, 0x0000, 0x0000, 0x0000, 0x0000, 0x0000, 0x0000, 0x0000, 0x0000, 0x0000,
    0x0000, 0x0000, 0x0000, 0x0000, 0x8431, 0xC618, 0xC618, 0xBDB6, 0xB554, 0x9CB4, 0xF34A, 0xF329, 0xE1C4, 0xE1C4, 0xD1A3, 0x9CB4,
    0x9CB4, 0x9CB4, 0x9CB4, 0x9CB4, 0x9CB4, 0x9CB4, 0x9CB4, 0x9CB4, 0x9CB4, 0x9CB4, 0x9CB4, 0xEF7D, 0xEF7D, 0xCE79, 0xCE79, 0xCE79,
    0xCE79, 0xCE79, 0xCE79, 0xCE79, 0xCE79, 0xCE79, 0xCE79, 0xCE79, 0xCE79, 0xCE79, 0xCE79, 0xCE79, 0xEF7D, 0xEF7D, 0xDEFB, 0xDEFB,
    0xDEFB, 0xDEFB, 0xD6BA, 0xCE37, 0xCE37, 0xCE37, 0xCE37, 0xCE37, 0xCE37, 0xDEBA, 0xD1A3, 0xE1C4, 0xE1C4, 0xF2C8, 0xF34A, 0xDEFB,
    0x2B02, 0x5C64, 0x5C64, 0x43E4, 0x3363, 0x2B02, 0x2261, 0x2241, 0x2B02, 0x2B02, 0x2B02, 0x2B02, 0x2B02, 0x2261, 0x3BA4, 0x5C64,
    0x3BA4, 0x2B02, 0xFDEE, 0xFDEE, 0xFDEE, 0xFDEE, 0xFDEE, 0xFDEE, 0xFDEE, 0xFDEE, 0xFDEE, 0xE4ED, 0xDCED, 0xDCED, 0xDCED, 0xDCED,
    0xDCED, 0xDCED, 0xDCED, 0xDCCD, 0xED6E, 0xFEB0, 0xFEB0, 0xFEB0, 0xFEB0, 0xFEB0, 0xFE90, 0xFDEE, 0xFDEE, 0xFDEE, 0xFDEE, 0xFDEE,
    0xFDEE, 0xFDEE, 0xFDEE, 0xFDEE, 0xFDEE, 0xFDEE, 0xFDEE, 0xFDEE, 0xFDEE, 0xFDEE, 0xFDEE, 0xFDEE, 0xFDEE, 0xFDEE, 0xFDEE, 0xFDEE,
    0xFDEE, 0xFDEE, 0xFDEE, 0xFDEE, 0xFDEE, 0xFDEE, 0xFDEE, 0xFDEE, 0xFDEE, 0xFDEE, 0xFDEE, 0xFDEE, 0xFDEE, 0xFDEE, 0xFDEE, 0xFDEE,
    0xFDEE, 0xFDEE, 0xFDEE, 0xFDEE, 0xFDEE, 0xFE2F, 0xFEB0, 0xFEB0, 0xFEB0, 0xFEB0, 0xFEB0, 0xFE90, 0xDCED, 0xDCED, 0xDCED, 0xFEB0,
    0xFEB0, 0x3D7A, 0x3D7A, 0x3D7A, 0x3D7A, 0x3D7A, 0x3D7A, 0x3D7A, 0x3D7A, 0x3D7A, 0xFEB0, 0xDCED, 0xDCED, 0xDCED, 0xDCEE, 0xCE9B,
    0x3498, 0x3498, 0x3D7A, 0x6CF7, 0x942F, 0x942F, 0x944F, 0x9450, 0x944F, 0x9450, 0xACD2, 0xCE15, 0xBD94, 0xB533, 0x4B50, 0x3D5A,
    0x0000, 0x4902, 0x4902, 0x4902, 0x4902, 0x4902, 0x4902, 0x4902, 0x4902, 0x4902, 0x4902, 0x4902, 0x4902, 0x4902, 0x4902, 0x4902,
    0x0000, 0xBDD7, 0xC618, 0xC618, 0xDEFB, 0xDEFB, 0xDEFB, 0xDEFB, 0xDEFB, 0x330F, 0x330F, 0x330F, 0x330F, 0x330F, 0x332F, 0x330F,
    0x332F, 0x330F, 0x332F, 0x330F, 0x330F, 0x332F, 0x330F, 0x3B2F, 0x3B2F, 0x330F, 0x3B2F, 0x332F, 0x330F, 0x330F, 0x332F, 0x330F,
    0x332F, 0x3B2F, 0x330F, 0x330F, 0x330F, 0xB554, 0xB554, 0xB574, 0xB5B5, 0xB554, 0xC5D6, 0xCE79, 0x0000, 0x0000, 0x0000, 0x0000,
    0x0000, 0x0000, 0x0000, 0x0000, 0x0000, 0x0000, 0x0000, 0x0000, 0x0000, 0x0000, 0x0000, 0x0000, 0x0000, 0x0000, 0x0000, 0x0000,
    0x0000, 0x0000, 0x0000, 0x0000, 0x0000, 0x0000, 0x0000, 0x0000, 0x0000, 0x0000, 0x0000, 0x0000, 0x0000, 0x0000, 0x0000, 0x0000,
    0x0000, 0x0000, 0x0000, 0x0000, 0x0000, 0x0000, 0x0000, 0x0000, 0x0000, 0x0000, 0x0000, 0x0000, 0x0000, 0x0000, 0x0000, 0x0000,
    0x0000, 0x0000, 0x0000, 0x0000, 0x0000, 0x0000, 0x0000, 0x0000, 0x0000, 0x0000, 0x0000, 0x0000, 0x0000, 0x0000, 0x0000, 0x0000,
    0x0000, 0x0000, 0x0000, 0x0000, 0x8C51, 0xB554, 0xB554, 0xB554, 0xB554, 0x83F1, 0xC3AE, 0xF34A, 0xEA45, 0xE1C4, 0xD1A3, 0xD267,
    0xDAE8, 0xDAE9, 0xE309, 0xE309, 0xEB29, 0xEB29, 0xEB29, 0xF34A, 0xF34A, 0x83F1, 0x83F1, 0xEF7D, 0xEF7D, 0xCE79, 0xCE79, 0xCE79,
    0xCE79, 0xCE79, 0xCE79, 0xCE79, 0xCE79, 0xCE79, 0xCE79, 0xCE79, 0xCE79, 0xCE79, 0xCE79, 0xCE79, 0xEF7D, 0xEF7D, 0xDEFB, 0xDEFB,
    0xF34A, 0xF34A, 0xEB29, 0xEB29, 0xEB29, 0xE309, 0xE309, 0xDAE9, 0xDAE9, 0xD287, 0xD1A3, 0xE1C4, 0xEA45, 0xF36A, 0xDEFB, 0xDEFB,
    0x33A4, 0x5C44, 0x5C44, 0x5C44, 0x4BC3, 0x2241, 0x2241, 0x2B02, 0x2B02, 0x2B02, 0x2B02, 0x2B02, 0x2B02, 0x2241, 0x2B02, 0x3BA4,
    0x5C44, 0x3BA4, 0xFDEE, 0xFDEE, 0xFDEE, 0xFDEE, 0xFDEE, 0xFDEE, 0xFDEE, 0xFDEE, 0xFDEE, 0xE4ED, 0xDCED, 0xDCED, 0xDCED, 0xDCCD,
    0xDCED, 0xDCED, 0xDCED, 0xDCED, 0xE56E, 0xFEB0, 0xFEB0, 0xFEB0, 0xFEB0, 0xFEB0, 0xFE90, 0xFDEE, 0xFDEE, 0xFDEE, 0xFDEE, 0xFDEE,
    0xFDEE, 0xFDEE, 0xFDEE, 0xFDEE, 0xFDEE, 0xFDEE, 0xFDEE, 0xFDEE, 0xFDEE, 0xFDEE, 0xFDEE, 0xFDEE, 0xFDEE, 0xFDEE, 0xFDEE, 0xFDEE,
    0xFDEE, 0xFDEE, 0xFDEE, 0xFDEE, 0xFDEE, 0xFDEE, 0xFDEE, 0xFDEE, 0xFDEE, 0xFDEE, 0xFDEE, 0xFDEE, 0xFDEE, 0xFDEE, 0xFDEE, 0xFDEE,
    0xFDEE, 0xFDEE, 0xFDEE, 0xFDEE, 0xFDEE, 0xFE2F, 0xFEB0, 0xFEB0, 0xFEB0, 0xFEB0, 0xFEB0, 0xFE90, 0xDCED, 0xDCED, 0xDCCD, 0xFEB0,
    0xFEB0, 0x3D7A, 0x3D7A, 0x3D7A, 0x3D7A, 0x3D7A, 0x3D7A, 0x3D7A, 0x3D7A, 0x3D7A, 0xFEB0, 0xDCED, 0xDCED, 0xDCCD, 0xDCEE, 0xCE9B,
    0x3499, 0x3499, 0x3D7A, 0x6CF7, 0x9430, 0x942F, 0x944F, 0x944F, 0x9450, 0x944F, 0x9450, 0x9450, 0xAD12, 0xB533, 0x4B50, 0x3D5A,
    0x2C36, 0x0105, 0x4902, 0xDC4D, 0x4902, 0x4902, 0x4901, 0x4902, 0x4902, 0x4902, 0x4902, 0x4902, 0x4902, 0x4902, 0x4902, 0x4902,
    0x0000, 0xAD34, 0xD679, 0xDEFB, 0xDEFB, 0xDEFB, 0xDEFB, 0xDEFB, 0xDEFB, 0xFFFF, 0xFFFF, 0xFFFF, 0xFFFF, 0xFFFF, 0xFFFF, 0xFFFF,
    0xFFFF, 0xFFFF, 0xFFFF, 0xFFFF, 0xFFFF, 0xFFFF, 0xFFFF, 0xFFFF, 0xFFFF, 0xFFFF, 0xFFFF, 0xFFFF, 0xFFFF, 0xFFFF, 0xFFFF, 0xFFFF,
    0xFFFF, 0xFFFF, 0xFFFF, 0xFFFF, 0xFFFF, 0xB5B6, 0xB5B6, 0xB5B6, 0xB5B6, 0xBDD6, 0xCE58, 0xC5D6, 0x0000, 0x0000, 0x0000, 0x0000,
    0x0000, 0x0000, 0x0000, 0x0000, 0x0000, 0x0000, 0x0000, 0x0000, 0x0000, 0x0000, 0x0000, 0x0000, 0x0000, 0x0000, 0x0000, 0x0000,
    0x0000, 0x0000, 0x0000, 0x0000, 0x0000, 0x0000, 0x0000, 0x0000, 0x0000, 0x0000, 0x0000, 0x0000, 0x0000, 0x0000, 0x0000, 0x0000,
    0x0000, 0x0000, 0x0000, 0x0000, 0x0000, 0x0000, 0x0000, 0x0000, 0x0000, 0x0000, 0x0000, 0x0000, 0x0000, 0x0000, 0x0000, 0x0000,
    0x0000, 0x0000, 0x0000, 0x0000, 0x0000, 0x0000, 0x0000, 0x0000, 0x0000, 0x0000, 0x0000, 0x0000, 0x0000, 0x0000, 0x0000, 0x0000,
    0x0000, 0x0000, 0x0000, 0x0000, 0x7BCE, 0xB554, 0xB554, 0xB554, 0xB554, 0x0906, 0x0906, 0xF34A, 0xEA45, 0xE1C4, 0xD1A3, 0xD266,
    0xDAE9, 0xDB09, 0xE309, 0xE309, 0xEB29, 0xEB29, 0xEB29, 0xF34A, 0xF34A, 0x0906, 0x0906, 0xEF7D, 0xEF7D, 0xCE79, 0xCE79, 0xCE79,
    0xCE79, 0xCE79, 0xCE79, 0xCE79, 0xCE79, 0xCE79, 0xCE79, 0xCE79, 0xCE79, 0xCE79, 0xCE79, 0xCE79, 0xEF7D, 0xEF7D, 0xCE37, 0xCE37,
    0xF34A, 0xF34A, 0xEB29, 0xEB29, 0xEB29, 0xE309, 0xE309, 0xDB09, 0xDAE9, 0xD287, 0xD1A3, 0xE1C4, 0xEA45, 0xF34A, 0xDEBA, 0xDEFB,
    0x2B02, 0x3BA4, 0x5C44, 0x3B42, 0x2281, 0x2241, 0x2241, 0x22E2, 0x3384, 0x22E2, 0x3384, 0x2B02, 0x2AE2, 0x22E2, 0x2241, 0x2B02,
    0x3BA4, 0x2B02, 0xFDEE, 0xFDEE, 0xFDEE, 0xFDEE, 0xFDEE, 0xFDEE, 0xFDEE, 0xFDEE, 0xFDEE, 0xE4ED, 0xDCCD, 0xDCED, 0xDCED, 0xDCED,
    0xDCED, 0xDCED, 0xDCCD, 0xDCED, 0xED6E, 0xFEB0, 0xFEB0, 0xFEB0, 0xFEB0, 0xFEB0, 0xFEB0, 0xFDEE, 0xFDEE, 0xFDEE, 0xFDEE, 0xFDEE,
    0xFDEE, 0xFDEE, 0xFDEE, 0xFDEE, 0xFDEE, 0xFDEE, 0xFDEE, 0xFDEE, 0xFDEE, 0xFDEE, 0xFDEE, 0xFDEE, 0xFDEE, 0xFDEE, 0xFDEE, 0xFDEE,
    0xFDEE, 0xFDEE, 0xFDEE, 0xFDEE, 0xFDEE, 0xFDEE, 0xFDEE, 0xFDEE, 0xFDEE, 0xFDEE, 0xFDEE, 0xFDEE, 0xFDEE, 0xFDEE, 0xFDEE, 0xFDEE,
    0xFDEE, 0xFDEE, 0xFDEE, 0xFDEE, 0xFDEE, 0xFE2F, 0xFEB0, 0xFEB0, 0xFEB0, 0xFEB0, 0xFEB0, 0xFE90, 0xDCED, 0xDCED, 0xDCED, 0xFEB0,
    0xFEB0, 0x3D7A, 0x3D7A, 0x3D7A, 0x3D7A, 0x3D7A, 0x3D7A, 0x3D7A, 0x3D7A, 0x3D7A, 0xFEB0, 0xDCED, 0xDCED, 0xDCED, 0xDCED, 0xBDF7,
    0x3499, 0x3499, 0x3D7A, 0x64D6, 0x83AD, 0x83AC, 0x83CC, 0x83CD, 0x83CC, 0x83CD, 0x83CC, 0x83CD, 0x83CC, 0x8BED, 0x4B50, 0x3D5A,
    0x2C36, 0x2C36, 0x0000, 0xE5F2, 0xDC6D, 0x4902, 0x4902, 0x4902, 0x4902, 0x4902, 0x4902, 0x4902, 0x4902, 0x4902, 0x4902, 0x4902,
    0x0000, 0xCE79, 0xD6B9, 0xCE37, 0xCE37, 0xDEBA, 0xDEFB, 0xDEFB, 0xDEFB, 0xFFFF, 0xFFFF, 0xFFFF, 0xFFFF, 0xFFFF, 0xFFFF, 0xFFFF,
    0xFFFF, 0xFFFF, 0xFFFF, 0xFFFF, 0xFFFF, 0xFFFF, 0xFFFF, 0xFFFF, 0xFFFF, 0xFFFF, 0xFFFF, 0xFFFF, 0xFFFF, 0xFFFF, 0xFFFF, 0xFFFF,
    0xFFFF, 0xFFFF, 0xFFFF, 0xFFFF, 0xFFFF, 0xBDD6, 0xBDD6, 0xB5B6, 0xBDD6, 0xB5B6, 0xCE58, 0xCE58, 0x0000, 0x0000, 0x0000, 0x0000,
    0x0000, 0x0000, 0x0000, 0x0000, 0x0000, 0x0000, 0x0000, 0x0000, 0x0000, 0x0000, 0x0000, 0x0000, 0x0000, 0x0000, 0x0000, 0x0000,
    0x0000, 0x0000, 0x0000, 0x0000, 0x0000, 0x0000, 0x0000, 0x0000, 0x0000, 0x0000, 0x0000, 0x0000, 0x0000, 0x0000, 0x0000, 0x0000,
    0x0000, 0x0000, 0x0000, 0x0000, 0x0000, 0x0000, 0x0000, 0x0000, 0x0000, 0x0000, 0x0000, 0x0000, 0x0000, 0x0000, 0x0000, 0x0000,
    0x0000, 0x0000, 0x0000, 0x0000, 0x0000, 0x0000, 0x0000, 0x0000, 0x0000, 0x0000, 0x0000, 0x0000, 0x0000, 0x0000, 0x0000, 0x0000,
    0x0000, 0x0000, 0x0000, 0x0000, 0x7BAE, 0xB554, 0xB554, 0xB554, 0xB554, 0x0906, 0x0906, 0xF34A, 0xF308, 0xE9E4, 0xD1A3, 0xD266,
    0xDAE8, 0xDB09, 0xE309, 0xE309, 0xEB29, 0xEB29, 0xEB29, 0xF34A, 0xF34A, 0x0906, 0x0906, 0xEF7D, 0xEF7D, 0xCE79, 0xCE79, 0xCE79,
    0xCE79, 0xCE79, 0xCE79, 0xCE79, 0xCE79, 0xCE79, 0xCE79, 0xCE79, 0xCE79, 0xCE79, 0xCE79, 0xCE79, 0xEF7D, 0xEF7D, 0xCE37, 0xCE37,
    0xF34A, 0xF34A, 0xEB49, 0xEB29, 0xEB29, 0xE309, 0xE309, 0xDAE9, 0xDAE8, 0xD287, 0xD1A3, 0xE9E4, 0xF2C8, 0xF34A, 0xCE37, 0xCE37,
    0x22E2, 0x2B23, 0x43C4, 0x32E2, 0x7C0E, 0xB5B5, 0x2241, 0x22E2, 0x4C04, 0x3363, 0x4C04, 0x3363, 0x3363, 0x22E2, 0x2241, 0x22E2,
    0x2B23, 0x22E2, 0xFDEE, 0xFDEE, 0xFDEE, 0xFDEE, 0xFDEE, 0xFDEE, 0xFDEE, 0xFDEE, 0xFDEE, 0xE4ED, 0xDCED, 0xDCED, 0xDCED, 0xDCED,
    0xDCED, 0xDCED, 0xDCED, 0xDCED, 0xE56E, 0xFEB0, 0xFEB0, 0xFEB0, 0xFEB0, 0xFEB0, 0xFE90, 0xFDEE, 0xFDEE, 0xFDEE, 0xFDEE, 0xFDEE,
    0xFDEE, 0xFDEE, 0xFDEE, 0xFDEE, 0xFDEE, 0xFDEE, 0xFDEE, 0xFDEE, 0xFDEE, 0xFDEE, 0xFDEE, 0xFDEE, 0xFDEE, 0xFDEE, 0xFDEE, 0xFDEE,
    0xFDEE, 0xFDEE, 0xFDEE, 0xFDEE, 0xFDEE, 0xFDEE, 0xFDEE, 0xFDEE, 0xFDEE, 0xFDEE, 0xFDEE, 0xFDEE, 0xFDEE, 0xFDEE, 0xFDEE, 0xFDEE,
    0xFDEE, 0xFDEE, 0xFDEE, 0xFDEE, 0xFDEE, 0xFE2F, 0xFEB0, 0xFEB0, 0xFEB0, 0xFEB0, 0xFEB0, 0xFE90, 0xDCED, 0xDCED, 0xDCED, 0xFEB0,
    0xFEB0, 0xFEB0, 0xFEB0, 0xFEB0, 0xFEB0, 0xFEB0, 0xFEB0, 0xFEB0, 0xFEB0, 0xFEB0, 0xFEB0, 0xDCED, 0xDCED, 0xDCED, 0xDCED, 0xBDF8,
    0x34B9, 0x34B9, 0x3D7A, 0x44B7, 0x4B50, 0x4B50, 0x4B70, 0x4B50, 0x4B50, 0x4B50, 0x4B70, 0x4B50, 0x4B70, 0x4B50, 0x4B50, 0x3D5A,
    0x2C36, 0x2C36, 0x0000, 0xE5F2, 0xE5F2, 0x0000, 0xFFFF, 0xE5F2, 0x59E5, 0x4902, 0x4902, 0x4902, 0x4902, 0x4902, 0x4902, 0x0000,
    0xD6B9, 0xD6B9, 0xD6B9, 0xD6B9, 0xD6B9, 0xD678, 0xCE37, 0xCE37, 0xCE37, 0x8E9E, 0x8E9E, 0x8E9E, 0x8E9E, 0x8E9F, 0xE6FE, 0xE6FE,
    0xE6FE, 0xE6FF, 0xE6FE, 0xE6FF, 0xE6FE, 0xE6FF, 0xE6FE, 0xE6FE, 0xE6FE, 0xE6FE, 0xE6FE, 0xE6FF, 0xE6FE, 0xE6FE, 0xE6FE, 0xE6FE,
    0xE6FE, 0xE6FE, 0x8E9E, 0x8E9E, 0x8E9E, 0xBDD6, 0xB5B6, 0xBDD6, 0xBDD6, 0xB5B6, 0xCE58, 0xCE58, 0x0000, 0x0000, 0x0000, 0x0000,
    0x0000, 0x0000, 0x0000, 0x0000, 0x0000, 0x0000, 0x0000, 0x0000, 0x0000, 0x0000, 0x0000, 0x0000, 0x0000, 0x0000, 0x0000, 0x0000,
    0x0000, 0x0000, 0x0000, 0x0000, 0x0000, 0x0000, 0x0000, 0x0000, 0x0000, 0x0000, 0x0000, 0x0000, 0x0000, 0x0000, 0x0000, 0x0000,
    0x0000, 0x0000, 0x0000, 0x0000, 0x0000, 0x0000, 0x0000, 0x0000, 0x0000, 0x0000, 0x0000, 0x0000, 0x0000, 0x0000, 0x0000, 0x0000,
    0x0000, 0x0000, 0x0000, 0x0000, 0x0000, 0x0000, 0x0000, 0x0000, 0x0000, 0x0000, 0x0000, 0x0000, 0x0000, 0x0000, 0x0000, 0x0000,
    0x0000, 0x0000, 0x0000, 0x0000, 0x7BCE, 0xB554, 0xB554, 0xB554, 0xB554, 0x0906, 0x0906, 0x0906, 0xF34A, 0xEA45, 0xE1C4, 0xD246,
    0xDAE8, 0xDB09, 0xE309, 0xE309, 0xEB29, 0xEB29, 0xEB29, 0xF34A, 0xF34A, 0x0906, 0x0906, 0xEF7D, 0xEF7D, 0xCE79, 0xCE79, 0xCE79,
    0xCE79, 0xCE79, 0xCE79, 0xCE79, 0xCE79, 0xCE79, 0xCE79, 0xCE79, 0xCE79, 0xCE79, 0xCE79, 0xCE79, 0xEF7D, 0xEF7D, 0xCE37, 0xCE37,
    0xF34A, 0xF34A, 0xEB29, 0xEB29, 0xEB29, 0xE309, 0xE309, 0xDAE9, 0xDAE9, 0xD287, 0xD9C3, 0xEA45, 0xF34A, 0xCE37, 0xCE37, 0xCE37,
    0x22E2, 0x22E2, 0x3384, 0x2AA2, 0x846F, 0xD6B9, 0x2241, 0x22E2, 0x5424, 0x3384, 0x5424, 0x3B84, 0x3384, 0x22E2, 0x1A21, 0x22E2,
    0x22E2, 0x22E2, 0xFDEE, 0xFDEE, 0xFDEE, 0xFDEE, 0xFDEE, 0xFDEE, 0xFDEE, 0xFDEE, 0xFDEE, 0xE4ED, 0xDCED, 0xDCED, 0xDCED, 0xDCED,
    0xDCED, 0xDCED, 0xDCED, 0xDCED, 0xE56E, 0xFEB0, 0xFEB0, 0xFEB0, 0xFEB0, 0xFEB0, 0xFEB0, 0xFDEE, 0xFDEE, 0xFDEE, 0xFDEE, 0xFDEE,
    0xFDEE, 0xFDEE, 0xFDEE, 0xFDEE, 0xFDEE, 0xFDEE, 0xFDEE, 0xFDEE, 0xFDEE, 0xFDEE, 0xFDEE, 0xFDEE, 0xFDEE, 0xFDEE, 0xFDEE, 0xFDEE,
    0xFDEE, 0xFDEE, 0xFDEE, 0xFDEE, 0xFDEE, 0xFDEE, 0xFDEE, 0xFDEE, 0xFDEE, 0xFDEE, 0xFDEE, 0xFDEE, 0xFDEE, 0xFDEE, 0xFDEE, 0xFDEE,
    0xFDEE, 0xFDEE, 0xFDEE, 0xFDEE, 0xFDEE, 0xFE2F, 0xFEB0, 0xFEB0, 0xFEB0, 0xFEB0, 0xFEB0, 0xFE90, 0xDCED, 0xDCED, 0xDCED, 0xDCED,
    0xDCED, 0xDCED, 0xDCED, 0xDCED, 0xDCED, 0xDCCD, 0xDCED, 0xDCED, 0xDCED, 0xDCCD, 0xDCED, 0xDCED, 0xDCED, 0xDCED, 0xDCED, 0xBDF8,
    0x34B9, 0x34B9, 0x3D5A, 0x3476, 0x2A0B, 0x320B, 0x2A0B, 0x2A0B, 0x2A0B, 0x2A0B, 0x2A0B, 0x2A0B, 0x2A0B, 0x320B, 0x2A0B, 0x3D3A,
    0x2C36, 0x2C36, 0x9AC6, 0xE5F2, 0xE5F2, 0x7985, 0xFFFF, 0xE5F2, 0xDC6D, 0x0000, 0xD40C, 0xE5F2, 0x4901, 0x4902, 0x4902, 0x0000,
    0xD6B9, 0xD6B9, 0xD6B9, 0xD6B9, 0xD699, 0xCE37, 0xCE37, 0xDEDB, 0xCE37, 0xB6DA, 0xB6DA, 0xB6DA, 0xB6DA, 0xB6DA, 0xEF1F, 0xEF1F,
    0xEF1F, 0xEF1F, 0xEF1E, 0xEF1E, 0xEF1F, 0xEF1F, 0xEF1F, 0xEF1F, 0xEF1E, 0xEF1F, 0xEF1F, 0xEF1F, 0xEF1F, 0xEF1E, 0xEF1E, 0xEF1F,
    0xEF1F, 0xEF1F, 0xB6BA, 0xB6BA, 0xB6DA, 0xCE58, 0xCE58, 0xCE58, 0xCE58, 0xCE58, 0xCE58, 0xCE58, 0x0000, 0x0000, 0x0000, 0x0000,
    0x0000, 0x0000, 0x0000, 0x0000, 0x0000, 0x0000, 0x0000, 0x0000, 0x0000, 0x0000, 0x0000, 0x0000, 0x0000, 0x0000, 0x0000, 0x0000,
    0x0000, 0x0000, 0x0000, 0x0000, 0x0000, 0x0000, 0x0000, 0x0000, 0x0000, 0x0000, 0x0000, 0x0000, 0x0000, 0x0000, 0x0000, 0x0000,
    0x0000, 0x0000, 0x0000, 0x0000, 0x0000, 0x0000, 0x0000, 0x0000, 0x0000, 0x0000, 0x0000, 0x0000, 0x0000, 0x0000, 0x0000, 0x0000,
    0x0000, 0x0000, 0x0000, 0x0000, 0x0000, 0x0000, 0x0000, 0x0000, 0x0000, 0x0000, 0x0000, 0x0000, 0x0000, 0x0000, 0x0000, 0x0000,
    0x0000, 0x0000, 0x0000, 0x0000, 0x7BCE, 0xB554, 0xB554, 0xB554, 0xB554, 0x8C10, 0x8C30, 0x8C30, 0xF34A, 0xEA45, 0xE1C4, 0xD246,
    0xDAE8, 0xDB09, 0xE309, 0xE309, 0xEB29, 0xEB29, 0xEB29, 0xF34A, 0xF34A, 0xA4D2, 0x9CD2, 0xEF7D, 0xEF7D, 0xCE79, 0xCE79, 0xCE79,
    0xCE79, 0xCE79, 0xCE79, 0xCE79, 0xCE79, 0xCE79, 0xCE79, 0xCE79, 0xCE79, 0xCE79, 0xCE79, 0xCE79, 0xEF7D, 0xEF7D, 0xD658, 0xCE37,
    0xF34A, 0xF34A, 0xEB29, 0xEB29, 0xEB29, 0xE309, 0xE309, 0xDB09, 0xDAE9, 0xD287, 0xE1C4, 0xEA45, 0xF34A, 0xDEBA, 0xDEFB, 0xDEFB,
    0x22C2, 0x22C2, 0x1A21, 0xBDF7, 0xCE37, 0xCE37, 0x1A21, 0x22C2, 0x5404, 0x5404, 0x5404, 0x5404, 0x5404, 0x22C2, 0x1A21, 0x22C2,
    0x22C2, 0x22C2, 0xFDEE, 0xFDEE, 0xFDEE, 0xFDEE, 0xFDEE, 0xFDEE, 0xFDEE, 0xFDEE, 0xFDEE, 0xE4ED, 0xDCED, 0xDCED, 0xDCED, 0xDCED,
    0xDCED, 0xDCED, 0xDCED, 0xDCED, 0xE56E, 0xFEB0, 0xFEB0, 0xFEB0, 0xFEB0, 0xFEB0, 0xFE90, 0xFDEE, 0xFDEE, 0xFDEE, 0xFDEE, 0xFDEE,
    0xFDEE, 0xFDEE, 0xFDEE, 0xFDEE, 0xFDEE, 0xFDEE, 0xFDEE, 0xFDEE, 0xFDEE, 0xFDEE, 0xFDEE, 0xFDEE, 0xFDEE, 0xFDEE, 0xFDEE, 0xFDEE,
    0xFDEE, 0xFDEE, 0xFDEE, 0xFDEE, 0xFDEE, 0xFDEE, 0xFDEE, 0xFDEE, 0xFDEE, 0xFDEE, 0xFDEE, 0xFDEE, 0xFDEE, 0xFDEE, 0xFDEE, 0xFDEE,
    0xFDEE, 0xFDEE, 0xFDEE, 0xFDEE, 0xFDEE, 0xFE2F, 0xFEB0, 0xFEB0, 0xFEB0, 0xFEB0, 0xFEB0, 0xFE90, 0xDCED, 0xDCED, 0xDCED, 0xDCED,
    0xDCED, 0xDCED, 0xDCED, 0xDCED, 0xDCED, 0xDCED, 0xDCED, 0xDCED, 0xDCED, 0xDCED, 0xDCED, 0xDCED, 0xDCED, 0xDCED, 0xDCEE, 0xCE9B,
    0x34DA, 0x34DA, 0x3D3A, 0x3D3A, 0x3D5A, 0x3D5A, 0x3D3A, 0x3D3A, 0x3D3A, 0x3D3A, 0x353A, 0x3D5A, 0x3D3A, 0x353A, 0x3D5A, 0x3539,
    0x2C57, 0x2C56, 0xDC6D, 0xE5F2, 0xE5F2, 0xE5F2, 0xE5F2, 0xDC6D, 0xDC6D, 0xDC4D, 0xDC6D, 0xDC6D, 0x4902, 0x4902, 0x0000, 0xD6B9,
    0xD6B9, 0xD6B9, 0xCE37, 0xCE37, 0xD699, 0xDEFB, 0xDEFB, 0xDEFB, 0xDEFB, 0xD67C, 0xD67C, 0xD67C, 0xD67C, 0xD67C, 0xD67C, 0xD67C,
    0xD67C, 0xD67C, 0xD67C, 0xD67C, 0xD67C, 0xD67C, 0xD67C, 0xD67C, 0xD67C, 0xD67C, 0xD67C, 0xD67C, 0xD67C, 0xD67C, 0xD67C, 0xD67C,
    0xD67C, 0xD67C, 0xD67C, 0xD67B, 0xD67C, 0xD6B9, 0xD6B9, 0xD6B9, 0xD6B9, 0xD6B9, 0xD6B9, 0xD6B9, 0x0000, 0x0000, 0x0000, 0x0000,
    0x0000, 0x0000, 0x0000, 0x0000, 0x0000, 0x0000, 0x0000, 0x0000, 0x0000, 0x0000, 0x0000, 0x0000, 0x0000, 0x0000, 0x0000, 0x0000,
    0x0000, 0x0000, 0x0000, 0x0000, 0x0000, 0x0000, 0x0000, 0x0000, 0x0000, 0x0000, 0x0000, 0x0000, 0x0000, 0x0000, 0x0000, 0x0000,
    0x0000, 0x0000, 0x0000, 0x0000, 0x0000, 0x0000, 0x0000, 0x0000, 0x0000, 0x0000, 0x0000, 0x0000, 0x0000, 0x0000, 0x0000, 0x0000,
    0x0000, 0x0000, 0x0000, 0x0000, 0x0000, 0x0000, 0x0000, 0x0000, 0x0000, 0x0000, 0x0000, 0x0000, 0x0000, 0x0000, 0x0000, 0x0000,
    0x0000, 0x0000, 0x0000, 0x0000, 0x8C51, 0xBDB6, 0xB554, 0xB554, 0xB554, 0xB554, 0xF34A, 0xF286, 0xE1C4, 0xF34A, 0xE1C4, 0xD266,
    0xDAE9, 0xDB09, 0xE309, 0xE309, 0xEB29, 0xEB29, 0xEB29, 0xF34A, 0xF34A, 0xBDF7, 0xBDF7, 0xEF7D, 0xEF7D, 0xCE79, 0xCE79, 0xCE79,
    0xCE79, 0xCE79, 0xCE79, 0xCE79, 0xCE79, 0xCE79, 0xCE79, 0xCE79, 0xCE79, 0xCE79, 0xCE79, 0xCE79, 0xEF7D, 0xEF7D, 0xDEFB, 0xDEFB,
    0xF34A, 0xF34A, 0xEB29, 0xEB29, 0xEB29, 0xE309, 0xE309, 0xDAE9, 0xDAE9, 0xD287, 0xE1C4, 0xF34A, 0xE1C4, 0xEA65, 0xF34A, 0xDEFB,
    0x22C2, 0x22C2, 0x1A21, 0xBDF7, 0xDEFB, 0xDEFB, 0x2221, 0x22C2, 0x5404, 0x5404, 0x3363, 0x3364, 0x3364, 0x1A21, 0xCE37, 0x1A21,
    0x22C2, 0xDEFB, 0xFDEE, 0xFDEE, 0xFDEE, 0xFDEE, 0xFDEE, 0xFDEE, 0xFDEE, 0xFDEE, 0xFDEE, 0xE4ED, 0xDCED, 0xDCED, 0xDCCD, 0xDCED,
    0xDCED, 0xDCED, 0xDCED, 0xDCED, 0xE56E, 0xFEB0, 0xFEB0, 0xFEB0, 0xFEB0, 0xFEB0, 0xFE90, 0xFDEE, 0xFDEE, 0xFDEE, 0xFDEE, 0xFDEE,
    0xFDEE, 0xFDEE, 0xFDEE, 0xFDEE, 0xFDEE, 0xFDEE, 0xFDEE, 0xFDEE, 0xFDEE, 0xFDEE, 0xFDEE, 0xFDEE, 0xFDEE, 0xFDEE, 0xFDEE, 0xFDEE,
    0xFDEE, 0xFDEE, 0xFDEE, 0xFDEE, 0xFDEE, 0xFDEE, 0xFDEE, 0xFDEE, 0xFDEE, 0xFDEE, 0xFDEE, 0xFDEE, 0xFDEE, 0xFDEE, 0xFDEE, 0xFDEE,
    0xFDEE, 0xFDEE, 0xFDEE, 0xFDEE, 0xFDEE, 0xFE2F, 0xFEB0, 0xFEB0, 0xFEB0, 0xFEB0, 0xFEB0, 0xFE90, 0xDCED, 0xDCED, 0xDCED, 0xDD0D,
    0xE50D, 0xE50D, 0xE50D, 0xE50D, 0xE50D, 0xE50D, 0xE50D, 0xE50D, 0xE50D, 0xE50D, 0xE50D, 0xDCED, 0xDCED, 0xDCCD, 0xDCEE, 0xCE9B,
    0x34DA, 0x34DA, 0x3539, 0x3539, 0x3539, 0x3539, 0x3539, 0x3539, 0x3539, 0x3539, 0x3539, 0x3539, 0x3539, 0x3539, 0x3539, 0x3519,
    0x2C77, 0x2C57, 0x7BD0, 0x9AC6, 0xDC6D, 0xE5F2, 0xDC6D, 0xDC6D, 0xDC6D, 0xDC6D, 0xA307, 0x4902, 0x0000, 0x0000, 0xD6B9, 0xD658,
    0xCE37, 0xCE37, 0xDEFB, 0xDEFB, 0xDEFB, 0xDEFB, 0xDEFB, 0xDEFB, 0xDEFB, 0xB598, 0xB598, 0xB599, 0xB5B9, 0xBDD9, 0xBDD9, 0xBDD9,
    0xBDD9, 0xBDD9, 0xBDD9, 0xB5D9, 0xB5D9, 0xBDD9, 0xBDD9, 0xBDD9, 0xBDD9, 0xBDD9, 0xB5D9, 0xBDD9, 0xBDD9, 0xBDD9, 0xBDD9, 0xBDD9,
    0xB5D9, 0xB5D9, 0xB598, 0xB598, 0xB598, 0xCE37, 0xD6B9, 0xD6B9, 0xD6B9, 0xD6B9, 0xD699, 0xCE37, 0x0000, 0x0000, 0x0000, 0x0000,
    0x0000, 0x0000, 0x0000, 0x0000, 0x0000, 0x0000, 0x0000, 0x0000, 0x0000, 0x0000, 0x0000, 0x0000, 0x0000, 0x0000, 0x0000, 0x0000,
    0x0000, 0x0000, 0x0000, 0x0000, 0x0000, 0x0000, 0x0000, 0x0000, 0x0000, 0x0000, 0x0000, 0x0000, 0x0000, 0x0000, 0x0000, 0x0000,
    0x0000, 0x0000, 0x0000, 0x0000, 0x0000, 0x0000, 0x0000, 0x0000, 0x0000, 0x0000, 0x0000, 0x0000, 0x0000, 0x0000, 0x0000, 0x0000,
    0x0000, 0x0000, 0x0000, 0x0000, 0x0000, 0x0000, 0x0000, 0x0000, 0x0000, 0x0000, 0x0000, 0x0000, 0x0000, 0x0000, 0x0000, 0x0000,
    0x0000, 0x0000, 0x0000, 0x0000, 0x8431, 0xC618, 0xC618, 0xC618, 0xB575, 0xB554, 0xF34A, 0xF286, 0xE1C4, 0xE1C4, 0xD9A3, 0xD9A3,
    0xD9A3, 0xD9A3, 0xD9A3, 0xD9A3, 0xD9A3, 0xD9A4, 0xD9A4, 0xD9A3, 0xBDF7, 0xBDF7, 0xBDF7, 0xEF7D, 0xEF7D, 0xCE79, 0xCE79, 0xCE79,
    0xCE79, 0xCE79, 0xCE79, 0xCE79, 0xCE79, 0xCE79, 0xCE79, 0xCE79, 0xCE79, 0xCE79, 0xCE79, 0xCE79, 0xEF7D, 0xF79E, 0xDEFB, 0xDEFB,
    0xDEFB, 0xD9A3, 0xD9A3, 0xD9A3, 0xD9A3, 0xD9A3, 0xD9A3, 0xD9A3, 0xD9C4, 0xD9C4, 0xD9A3, 0xE1C4, 0xE1C4, 0xEA65, 0xF34A, 0xDEFB,
    0xDEFB, 0x22A2, 0x1A01, 0xBDF7, 0xDEFB, 0xDEFB, 0xDEFB, 0x1A21, 0x3343, 0x3364, 0x22A2, 0x22C2, 0x22A2, 0x1A01, 0xDEFB, 0x1A21,
    0xDEFB, 0xDEFB, 0xFDEE, 0xFDEE, 0xFDEE, 0xFDEE, 0xFDEE, 0xFDEE, 0xFDEE, 0xFDEE, 0xFDEE, 0xE4ED, 0xDCED, 0xDCED, 0xDCED, 0xDCED,
    0xDCED, 0xDCED, 0xDCED, 0xDCED, 0xE56E, 0xFEB0, 0xFEB0, 0xFEB0, 0xFEB0, 0xFEB0, 0xFEB0, 0xFDEE, 0xFDEE, 0xFDEE, 0xFDEE, 0xFDEE,
    0xFDEE, 0xFDEE, 0xFDEE, 0xFDEE, 0xFDEE, 0xFDEE, 0xFDEE, 0xFDEE, 0xFDEE, 0xFDEE, 0xFDEE, 0xFDEE, 0xFDEE, 0xFDEE, 0xFDEE, 0xFDEE,
    0xFDEE, 0xFDEE, 0xFDEE, 0xFDEE, 0xFDEE, 0xFDEE, 0xFDEE, 0xFDEE, 0xFDEE, 0xFDEE, 0xFDEE, 0xFDEE, 0xFDEE, 0xFDEE, 0xFDEE, 0xFDEE,
    0xFDEE, 0xFDEE, 0xFDEE, 0xFDEE, 0xFDEE, 0xFE2F, 0xFEB0, 0xFEB0, 0xFEB0, 0xFEB0, 0xFEB0, 0xFE90, 0xDCCD, 0xDCED, 0xDCED, 0xFEB0,
    0xFEB0, 0xFEB0, 0xFEB0, 0xFEB0, 0xFEB0, 0xFEB0, 0xFEB0, 0xFEB0, 0xFEB0, 0xFEB0, 0xFEB0, 0xDCED, 0xDCED, 0xDCED, 0xDCEE, 0xCE9B,
    0x34FA, 0x34FA, 0x3519, 0x3519, 0x3519, 0x3519, 0x3519, 0x3519, 0x3519, 0x3519, 0x3519, 0x3519, 0x3519, 0x3519, 0x3519, 0x34F9,
    0x3497, 0x3477, 0x7BD0, 0x7BD0, 0x0000, 0x0000, 0x4902, 0x4902, 0x9AC6, 0x4902, 0x1020, 0x0000, 0xB554, 0xCE37, 0xCE37, 0xDEDB,
    0xDEFB, 0xDEFB, 0xDEFB, 0xDEFB, 0xDEFB, 0xDEFB, 0xDEFB, 0xDEFB, 0xDEFB, 0xD69C, 0xD69C, 0xD69C, 0xD69C, 0xD69C, 0xAD78, 0xAD78,
    0xAD78, 0xAD78, 0xAD78, 0xAD78, 0xAD78, 0xAD78, 0xAD78, 0xAD78, 0xAD78, 0xAD78, 0xAD78, 0xAD78, 0xAD78, 0xAD78, 0xAD78, 0xAD78,
    0xD69C, 0xD69C, 0xD69C, 0xDE9C, 0xD69C, 0xDEFB, 0xCE37, 0xCE37, 0xCE37, 0xCE37, 0xDEBA, 0xDEFB, 0x0000, 0x0000, 0x0000, 0x0000,
    0x0000, 0x0000, 0x0000, 0x0000, 0x0000, 0x0000, 0x0000, 0x0000, 0x0000, 0x0000, 0x0000, 0x0000, 0x0000, 0x0000, 0x0000, 0x0000,
    0x0000, 0x0000, 0x0000, 0x0000, 0x0000, 0x0000, 0x0000, 0x0000, 0x0000, 0x0000, 0x0000, 0x0000, 0x0000, 0x0000, 0x0000, 0x0000,
    0x0000, 0x0000, 0x0000, 0x0000, 0x0000, 0x0000, 0x0000, 0x0000, 0x0000, 0x0000, 0x0000, 0x0000, 0x0000, 0x0000, 0x0000, 0x0000,
    0x0000, 0x0000, 0x0000, 0x0000, 0x0000, 0x0000, 0x0000, 0x0000, 0x0000, 0x0000, 0x0000, 0x0000, 0x0000, 0x0000, 0x0000, 0x0000,
    0x0000, 0x0000, 0x0000, 0x0000, 0x8C51, 0xC618, 0xC618, 0xC618, 0xB554, 0xB554, 0xF34A, 0xF286, 0xE1C4, 0xE1C4, 0xDA04, 0xDA04,
    0xDA04, 0xDA04, 0xDA04, 0xDA04, 0xDA04, 0xDA04, 0xDA04, 0xBDF7, 0xBDF7, 0xBDF7, 0xBDF7, 0xF79E, 0xEF7D, 0xCE79, 0xCE79, 0xCE79,
    0xCE79, 0xCE79, 0xCE79, 0xCE79, 0xCE79, 0xCE79, 0xCE79, 0xCE79, 0xCE79, 0xCE79, 0xCE79, 0xCE79, 0xEF7D, 0xF79E, 0xDEFB, 0xDEFB,
    0xDEFB, 0xDEFB, 0xDA04, 0xDA04, 0xDA04, 0xDA04, 0xDA04, 0xDA04, 0xDA04, 0xDA04, 0xDA04, 0xE1C4, 0xE1C4, 0xEA65, 0xF34A, 0xDEFB,
    0xDEFB, 0xDEFB, 0x1A01, 0xBDF7, 0xDEFB, 0xDEFB, 0x3902, 0x1A01, 0x22A2, 0x22A2, 0x22A2, 0x1A21, 0x1A01, 0xCE37, 0xDEBA, 0xDEFB,
    0xDEFB, 0xDEFB, 0xFDEE, 0xFDEE, 0xFDEE, 0xFDEE, 0xFDEE, 0xFDEE, 0xFDEE, 0xFDEE, 0xFDEE, 0xE4ED, 0xDCED, 0xDCED, 0xDCED, 0xDCED,
    0xDCED, 0xDCED, 0xDCED, 0xDCED, 0xE56E, 0xFEB0, 0xFEB0, 0xFEB0, 0xFEB0, 0xFEB0, 0xFE90, 0xFDEE, 0xFDEE, 0xFDEE, 0xFDEE, 0xFDEE,
    0xFDEE, 0xFDEE, 0xFDEE, 0xFDEE, 0xFDEE, 0xFDEE, 0xFDEE, 0xFDEE, 0xFDEE, 0xFDEE, 0xFDEE, 0xFDEE, 0xFDEE, 0xFDEE, 0xFDEE, 0xFDEE,
    0xFDEE, 0xFDEE, 0xFDEE, 0xFDEE, 0xFDEE, 0xFDEE, 0xFDEE, 0xFDEE, 0xFDEE, 0xFDEE, 0xFDEE, 0xFDEE, 0xFDEE, 0xFDEE, 0xFDEE, 0xFDEE,
    0xFDEE, 0xFDEE, 0xFDEE, 0xFDEE, 0xFDEE, 0xFE0E, 0xFEB0, 0xFEB0, 0xFEB0, 0xFEB0, 0xFEB0, 0xFE90, 0xDCED, 0xDCED, 0xDCED, 0xFEB0,
    0xFEB0, 0xFEB0, 0xFEB0, 0xFEB0, 0xFEB0, 0xFEB0, 0xFEB0, 0xFEB0, 0xFEB0, 0xFEB0, 0xFEB0, 0xDCCD, 0xDCED, 0xDCED, 0xDCEE, 0xCE9B,
    0x34FA, 0x34FA, 0x34F8, 0x34F8, 0x34F8, 0x34F8, 0x34F8, 0x34F8, 0x34F8, 0x34F8, 0x34F8, 0x34F8, 0x34F8, 0x34F8, 0x34F8, 0x34F8,
    0x34B7, 0x3497, 0x7BD0, 0x7BD0, 0xC618, 0xC618, 0x0000, 0xB5B8, 0xB5B8, 0xB5B8, 0x4229, 0xB554, 0xB554, 0xCE37, 0xCE37, 0xD658,
    0xDEFB, 0xDEFB, 0xDEFB, 0xDEFB, 0xDEFB, 0xDEFB, 0xDEFB, 0xDEFB, 0xDEFB, 0xDEBC, 0xDEBC, 0xDEBC, 0xC61A, 0xAD78, 0x8C73, 0x8C73,
    0x8C73, 0x8453, 0x8473, 0x8473, 0x8473, 0x8473, 0x8473, 0x8453, 0x8453, 0x8453, 0x8453, 0x8453, 0xB536, 0xB536, 0xB536, 0x8453,
    0xAD78, 0xAD78, 0xDEBC, 0xDEBC, 0xDEBC, 0xD658, 0xCE37, 0xCE37, 0xCE37, 0xCE37, 0xCE37, 0xDEFB, 0x0000, 0x0000, 0x0000, 0x0000,
    0x0000, 0x0000, 0x0000, 0x0000, 0x0000, 0x0000, 0x0000, 0x0000, 0x0000, 0x0000, 0x0000, 0x0000, 0x0000, 0x0000, 0x0000, 0x0000,
    0x0000, 0x0000, 0x0000, 0x0000, 0x0000, 0x0000, 0x0000, 0x0000, 0x0000, 0x0000, 0x0000, 0x0000, 0x0000, 0x0000, 0x0000, 0x0000,
    0x0000, 0x0000, 0x0000, 0x0000, 0x0000, 0x0000, 0x0000, 0x0000, 0x0000, 0x0000, 0x0000, 0x0000, 0x0000, 0x0000, 0x0000, 0x0000,
    0x0000, 0x0000, 0x0000, 0x0000, 0x0000, 0x0000, 0x0000, 0x0000, 0x0000, 0x0000, 0x0000, 0x0000, 0x0000, 0x0000, 0x0000, 0x0000,
    0x0000, 0x0000, 0x0000, 0x0000, 0x8C51, 0xB554, 0xB554, 0xB574, 0xBDD6, 0xBDD6, 0xF34A, 0xF286, 0xE1C4, 0xE1C4, 0xD1A3, 0xD2C8,
    0xD2C8, 0xD2C8, 0xD2C8, 0xD2C8, 0xD2C8, 0xD2C8, 0x0000, 0xD69A, 0xD69A, 0xD69A, 0xCE59, 0xDEFB, 0xFFFF, 0xFFFF, 0xEF7D, 0xEF7D,
    0xCE79, 0xCE79, 0xCE79, 0xCE79, 0xCE79, 0xCE79, 0xCE79, 0xCE79, 0xCE79, 0xEF7D, 0xEF7D, 0xFFFF, 0xFFFF, 0xE71C, 0xDEFB, 0xDEFB,
    0xCE37, 0xCE37, 0x0000, 0xD2C8, 0xD2C8, 0xD2C8, 0xD2C8, 0xD2C8, 0xD2C8, 0xD2C8, 0xD1A3, 0xE1C4, 0xE1C4, 0xF265, 0xF34A, 0xDEFB,
    0xDEFB, 0xDEFB, 0xDEFB, 0xDEFB, 0xDEFB, 0xDEFB, 0x3102, 0x4942, 0x1A01, 0x22A2, 0x22A2, 0x1A01, 0x1A01, 0xCE37, 0xCE37, 0xCE37,
    0xCE37, 0xDEFB, 0xFDEE, 0xFDEE, 0xFDEE, 0xFDEE, 0xFDEE, 0xFDEE, 0xFDEE, 0xFDEE, 0xFDEE, 0xE4ED, 0xDCED, 0xDCED, 0xDCED, 0xDCED,
    0xDCED, 0xDCED, 0xDCED, 0xDCED, 0xED6E, 0xFEB0, 0xFEB0, 0xFEB0, 0xFEB0, 0xFEB0, 0xFEB0, 0xFDEE, 0xFDEE, 0xFDEE, 0xFDEE, 0xFDEE,
    0xFDEE, 0xFDEE, 0xFDEE, 0xFDEE, 0xFDEE, 0xFDEE, 0xFDEE, 0xFDEE, 0xFDEE, 0xFDEE, 0xFDEE, 0xFDEE, 0xFDEE, 0xFDEE, 0xFDEE, 0xFDEE,
    0xFDEE, 0xFDEE, 0xFDEE, 0xFDEE, 0xFDEE, 0xFDEE, 0xFDEE, 0xFDEE, 0xFDEE, 0xFDEE, 0xFDEE, 0xFDEE, 0xFDEE, 0xFDEE, 0xFDEE, 0xFDEE,
    0xFDEE, 0xFDEE, 0xFDEE, 0xFDEE, 0xFDEE, 0xFE2F, 0xFEB0, 0xFEB0, 0xFEB0, 0xFEB0, 0xFEB0, 0xFE90, 0xDCED, 0xDCED, 0xDCED, 0xFDEE,
    0xFDEE, 0xFDEE, 0xFDEE, 0xFDEE, 0xFDEE, 0xFDEE, 0xFDEE, 0xFDEE, 0xFDEE, 0xFDEE, 0xFDEE, 0xDCED, 0xDCED, 0xDCED, 0xDCEE, 0xCE9B,
    0x351A, 0x351A, 0x34D8, 0x34D8, 0x34D8, 0x34D8, 0x34D8, 0x34D8, 0x34D8, 0x34D8, 0x34D8, 0x34D8, 0x34D8, 0x34D8, 0x34D8, 0x34D8,
    0x34B8, 0x34B8, 0x7BD0, 0x7BD0, 0xC5F8, 0xC618, 0x0000, 0x1B12, 0x0C5C, 0x1B12, 0x0106, 0xB554, 0xB554, 0xCE37, 0xCE37, 0xCE37,
    0xCE37, 0xCE37, 0xD699, 0xDEFB, 0xDEFB, 0xDEFB, 0xDEFB, 0xDEFB, 0xDEFB, 0xDEBC, 0xDEDC, 0xDEBC, 0xC63A, 0xAD98, 0xC61A, 0xC61A,
    0xC61A, 0x8453, 0x7CF7, 0x7559, 0x7559, 0x7559, 0x7559, 0xC61A, 0xC61A, 0xC61A, 0xC61A, 0xC61A, 0x9C93, 0x9C93, 0x9C93, 0x9C93,
    0xAD98, 0xAD98, 0xDEBC, 0xDEBC, 0xDEBC, 0xCE37, 0xCE37, 0xCE37, 0xCE37, 0xCE37, 0xCE37, 0xCE37, 0x0000, 0x0000, 0x0000, 0x0000,
    0x0000, 0x0000, 0x0000, 0x0000, 0x0000, 0x0000, 0x0000, 0x0000, 0x0000, 0x0000, 0x0000, 0x0000, 0x0000, 0x0000, 0x0000, 0x0000,
    0x0000, 0x0000, 0x0000, 0x0000, 0x0000, 0x0000, 0x0000, 0x0000, 0x0000, 0x0000, 0x0000, 0x0000, 0x0000, 0x0000, 0x0000, 0x0000,
    0x0000, 0x0000, 0x0000, 0x0000, 0x0000, 0x0000, 0x0000, 0x0000, 0x0000, 0x0000, 0x0000, 0x0000, 0x0000, 0x0000, 0x0000, 0x0000,
    0x0000, 0x0000, 0x0000, 0x0000, 0x0000, 0x0000, 0x0000, 0x0000, 0x0000, 0x0000, 0x0000, 0x0000, 0x0000, 0x0000, 0x0000, 0x0000,
    0x0000, 0x0000, 0x0000, 0x0000, 0x7BCE, 0xB5B6, 0xBDD6, 0xBDD6, 0xBDD6, 0xBDD6, 0xFB6A, 0xF36A, 0xE1C4, 0xE1C4, 0xD1A3, 0xBA06,
    0xCAA8, 0xCAA8, 0xD2C8, 0xD2C8, 0xD2C8, 0xCAC8, 0xD2C8, 0xEC91, 0xEC70, 0xCE37, 0xCE37, 0xD6BA, 0xFFFF, 0xFFFF, 0xFFFF, 0xFFFF,
    0xFFDF, 0xCE79, 0xCE79, 0xCE79, 0xCE79, 0xCE79, 0xCE79, 0xCE79, 0xEF7D, 0xF7BE, 0xFFFF, 0xFFFF, 0xEF7D, 0xD6BA, 0xCE37, 0xCE37,
    0xEC4F, 0xEC90, 0xD2C8, 0xCAC8, 0xD2C8, 0xD2C8, 0xD2C8, 0xCAA8, 0xCAA8, 0xBA46, 0xD1A3, 0xE1C4, 0xE1C4, 0xF34A, 0xF46F, 0xDEFB,
    0xDEFB, 0xDEFB, 0xDEFB, 0xD699, 0xCE37, 0xCE37, 0x3102, 0x4942, 0x1A01, 0x22A2, 0x2282, 0x29C1, 0x29A1, 0xCE37, 0xCE37, 0xCE37,
    0xCE37, 0xCE37, 0xFDEE, 0xFDEE, 0xFDEE, 0xFDEE, 0xFDEE, 0xFDEE, 0xFDEE, 0xFDEE, 0xFDEE, 0xE4ED, 0xDCED, 0xDCED, 0xDCED, 0xDCED,
    0xDCED, 0xDCED, 0xDCED, 0xDCED, 0xE56E, 0xFEB0, 0xFEB0, 0xFEB0, 0xFEB0, 0xFEB0, 0xFE90, 0xFDEE, 0xFDEE, 0xFDEE, 0xFDEE, 0xFDEE,
    0xFDEE, 0xFDEE, 0xFDEE, 0xFDEE, 0xFDEE, 0xFDEE, 0xFDEE, 0xFDEE, 0xFDEE, 0xFDEE, 0xFDEE, 0xFDEE, 0xFDEE, 0xFDEE, 0xFDEE, 0xFDEE,
    0xFDEE, 0xFDEE, 0xFDEE, 0xFDEE, 0xFDEE, 0xFDEE, 0xFDEE, 0xFDEE, 0xFDEE, 0xFDEE, 0xFDEE, 0xFDEE, 0xFDEE, 0xFDEE, 0xFDEE, 0xFDEE,
    0xFDEE, 0xFDEE, 0xFDEE, 0xFDEE, 0xFDEE, 0xFE2F, 0xFEB0, 0xFEB0, 0xFEB0, 0xFEB0, 0xFEB0, 0xFE90, 0xDCED, 0xDCED, 0xDCED, 0xFDEE,
    0xFDEE, 0xFDEE, 0xFDEE, 0xFDEE, 0xFDEE, 0xFDEE, 0xFDEE, 0xFDEE, 0xFDEE, 0xFDEE, 0xFDEE, 0xDCED, 0xDCED, 0xDCED, 0xDCEE, 0xBE18,
    0x351A, 0x351A, 0x34B7, 0x34B8, 0x34B8, 0x34B8, 0x34B8, 0x34B8, 0x34B8, 0x34B8, 0x34B8, 0x34B8, 0x34B8, 0x34B8, 0x34B8, 0x34B8,
    0x34D8, 0x34D8, 0x7BD0, 0x7BD0, 0xBDF8, 0x0000, 0xC565, 0x0C5C, 0x3A0A, 0xFFFF, 0x632C, 0xB554, 0xB554, 0xCE37, 0xCE37, 0xCE37,
    0xCE37, 0xCE37, 0xCE37, 0xCE37, 0xCE37, 0xDEFB, 0xDEFB, 0xDEFB, 0xDEFB, 0xDEDC, 0xDEDC, 0xDEDC, 0xC63A, 0xAD98, 0xC61A, 0xC61A,
    0xC61A, 0x8453, 0x7D17, 0x7559, 0x7559, 0x7559, 0x7559, 0xB556, 0xB556, 0xB556, 0xB556, 0xB556, 0x9C93, 0x9C93, 0x9C93, 0x9C93,
    0xAD98, 0xAD98, 0xDEDC, 0xDEDC, 0xDEDC, 0xCE37, 0xCE37, 0xCE37, 0xCE37, 0xCE37, 0xCE37, 0xCE37, 0x0000, 0x0000, 0x0000, 0x0000,
    0x0000, 0x0000, 0x0000, 0x0000, 0x0000, 0x0000, 0x0000, 0x0000, 0x0000, 0x0000, 0x0000, 0x0000, 0x0000, 0x0000, 0x0000, 0x0000,
    0x0000, 0x0000, 0x0000, 0x0000, 0x0000, 0x0000, 0x0000, 0x0000, 0x0000, 0x0000, 0x0000, 0x0000, 0x0000, 0x0000, 0x0000, 0x0000,
    0x0000, 0x0000, 0x0000, 0x0000, 0x0000, 0x0000, 0x0000, 0x0000, 0x0000, 0x0000, 0x0000, 0x0000, 0x0000, 0x0000, 0x0000, 0x0000,
    0x0000, 0x0000, 0x0000, 0x0000, 0x0000, 0x0000, 0x0000, 0x0000, 0x0000, 0x0000, 0x0000, 0x0000, 0x0000, 0x0000, 0x0000, 0x0000,
    0x0000, 0x0000, 0x0000, 0x0000, 0x840F, 0xBDD6, 0xBDD6, 0xBDD6, 0xBDD6, 0xBDD6, 0xBDD6, 0xF36A, 0xF245, 0xE1C4, 0xD1A3, 0xD266,
    0xDAE9, 0xDB09, 0xE309, 0xE309, 0xEB29, 0xEB29, 0xEB4A, 0xF34A, 0xF34A, 0xCE37, 0xCE37, 0xD6BA, 0xD6BA, 0xEF7D, 0xFFFF, 0xFFFF,
    0xFFFF, 0xFFFF, 0xEF7D, 0xEF7D, 0xEF7D, 0xEF7D, 0xEF7D, 0xFFFF, 0xFFFF, 0xFFFF, 0xFFFF, 0xF7BE, 0xD6BA, 0xD6BA, 0xD6B9, 0xD6B9,
    0xF34A, 0xF34A, 0xEB29, 0xEB29, 0xEB29, 0xE309, 0xE309, 0xDB09, 0xDAE8, 0xD287, 0xD1A3, 0xE1C4, 0xEA45, 0xF34A, 0xCE37, 0xCE37,
    0xCE37, 0xCE37, 0xCE37, 0xCE37, 0xC5F6, 0xC5D6, 0x3902, 0x4942, 0x19E1, 0x2282, 0x2282, 0x3122, 0x3902, 0xC5D6, 0xCE37, 0xCE37,
    0xCE37, 0xCE37, 0xFDEE, 0xFDEE, 0xFDEE, 0xFDEE, 0xFDEE, 0xFDEE, 0xFDEE, 0xFDEE, 0xFDEE, 0xE4ED, 0xDCED, 0xDCED, 0xDCED, 0xDCED,
    0xDCED, 0xDCCD, 0xDCED, 0xDCED, 0xED6E, 0xFEB0, 0xFEB0, 0xFEB0, 0xFEB0, 0xFEB0, 0xFEB0, 0xFDEE, 0xFDEE, 0xFDEE, 0xFDEE, 0xFDEE,
    0xFDEE, 0xFDEE, 0xFDEE, 0xFDEE, 0xFDEE, 0xFDEE, 0xFDEE, 0xFDEE, 0xFDEE, 0xFDEE, 0xFDEE, 0xFDEE, 0xFDEE, 0xFDEE, 0xFDEE, 0xFDEE,
    0xFDEE, 0xFDEE, 0xFDEE, 0xFDEE, 0xFDEE, 0xFDEE, 0xFDEE, 0xFDEE, 0xFDEE, 0xFDEE, 0xFDEE, 0xFDEE, 0xFDEE, 0xFDEE, 0xFDEE, 0xFDEE,
    0xFDEE, 0xFDEE, 0xFDEE, 0xFDEE, 0xFDEE, 0xFE2F, 0xFEB0, 0xFEB0, 0xFEB0, 0xFEB0, 0xFEB0, 0xFE90, 0xDCED, 0xDCED, 0xDCED, 0xFDEE,
    0xFDEE, 0xFDEE, 0xFDEE, 0xFDEE, 0xFDEE, 0xFDEE, 0xFDEE, 0xFDEE, 0xFDEE, 0xFDEE, 0xFDEE, 0xDCED, 0xDCED, 0xDCED, 0xDCED, 0xC659,
    0x3D3A, 0x3D3A, 0x3497, 0x3497, 0x3497, 0x3497, 0x3497, 0x3497, 0x3497, 0x3497, 0x3497, 0x3497, 0x3497, 0x3497, 0x3497, 0x3497,
    0x34F9, 0x34F8, 0x7BD0, 0x83D0, 0xB554, 0x0000, 0xC565, 0x0C7C, 0x3A0A, 0xFFFF, 0x6C35, 0x0000, 0xB554, 0xCE37, 0xCE37, 0xCE37,
    0xCE37, 0xCE37, 0xCE37, 0xCE37, 0xCE37, 0xCE37, 0xCE37, 0xCE37, 0xCE37, 0xDEDC, 0xDEDC, 0xDEDC, 0xEF5E, 0xF79F, 0xF79F, 0xF79F,
    0xF7BF, 0xF7BF, 0xF79F, 0xF79F, 0xF79F, 0xF7BF, 0xF79F, 0xF79F, 0xF79F, 0xF79F, 0xF79F, 0xF79F, 0xF79F, 0xF7BF, 0xF79F, 0xF79F,
    0xF7BF, 0xF79F, 0xDEDC, 0xDEDC, 0xDEFC, 0xCE37, 0xCE37, 0xCE37, 0xCE37, 0xCE37, 0xCE37, 0xCE37, 0x0000, 0x0000, 0x0000, 0x0000,
    0x0000, 0x0000, 0x0000, 0x0000, 0x0000, 0x0000, 0x0000, 0x0000, 0x0000, 0x0000, 0x0000, 0x0000, 0x0000, 0x0000, 0x0000, 0x0000,
    0x0000, 0x0000, 0x0000, 0x0000, 0x0000, 0x0000, 0x0000, 0x0000, 0x0000, 0x0000, 0x0000, 0x0000, 0x0000, 0x0000, 0x0000, 0x0000,
    0x0000, 0x0000, 0x0000, 0x0000, 0x0000, 0x0000, 0x0000, 0x0000, 0x0000, 0x0000, 0x0000, 0x0000, 0x0000, 0x0000, 0x0000, 0x0000,
    0x0000, 0x0000, 0x0000, 0x0000, 0x0000, 0x0000, 0x0000, 0x0000, 0x0000, 0x0000, 0x0000, 0x0000, 0x0000, 0x0000, 0x0000, 0x0000,
    0x0000, 0x0000, 0x0000, 0x0000, 0x840F, 0xBDD6, 0xBDD6, 0xBDD6, 0xBDD6, 0xBDD6, 0xBDD6, 0xF34A, 0xEA45, 0xE1C4, 0xD1A3, 0xD266,
    0xDAE9, 0xDB09, 0xE309, 0xE309, 0xEB29, 0xEB29, 0xEB29, 0xF34A, 0xF34A, 0xCE37, 0xCE37, 0x8C51, 0xD6BA, 0xD6BA, 0xD6BA, 0xD6BA,
    0xD6BA, 0xFFFF, 0xFFFF, 0xFFFF, 0xFFFF, 0xFFFF, 0xFFFF, 0xFFFF, 0xDEDB, 0xD6BA, 0xD6BA, 0xD6BA, 0xD6BA, 0x94B2, 0xD6B9, 0xD6B9,
    0xF34A, 0xF34A, 0xEB29, 0xEB29, 0xEB29, 0xE309, 0xE309, 0xDAE9, 0xDAE9, 0xD287, 0xD1A3, 0xE1C4, 0xEA45, 0xF34A, 0xCE37, 0xCE37,
    0xDEDB, 0xCE37, 0xCE37, 0xCE37, 0xB553, 0x30E2, 0x4122, 0x59C3, 0x19E1, 0x2282, 0x19E1, 0x4141, 0x4122, 0x3102, 0xCE37, 0xCE37,
    0xCE37, 0xCE37, 0xFDEE, 0xFDEE, 0xFDEE, 0xFDEE, 0xFDEE, 0xFDEE, 0xFDEE, 0xFDEE, 0xFDEE, 0xE4ED, 0xDCED, 0xDCCD, 0xDCED, 0xDCED,
    0xDCED, 0xDCCD, 0xDCED, 0xDCED, 0xE56E, 0xFEB0, 0xFEB0, 0xFEB0, 0xFEB0, 0xFEB0, 0xFE90, 0xFDEE, 0xFDEE, 0xFDEE, 0xFDEE, 0xFDEE,
    0xFDEE, 0xFDEE, 0xFDEE, 0xFDEE, 0xFDEE, 0xFDEE, 0xFDEE, 0xFDEE, 0xFDEE, 0xFDEE, 0xFDEE, 0xFDEE, 0xFDEE, 0xFDEE, 0xFDEE, 0xFDEE,
    0xFDEE, 0xFDEE, 0xFDEE, 0xFDEE, 0xFDEE, 0xFDEE, 0xFDEE, 0xFDEE, 0xFDEE, 0xFDEE, 0xFDEE, 0xFDEE, 0xFDEE, 0xFDEE, 0xFDEE, 0xFDEE,
    0xFDEE, 0xFDEE, 0xFDEE, 0xFDEE, 0xFDEE, 0xFE2F, 0xFEB0, 0xFEB0, 0xFEB0, 0xFEB0, 0xFEB0, 0xFE90, 0xDCED, 0xDCED, 0xDCED, 0xFEB0,
    0xFEB0, 0xFEB0, 0xFEB0, 0xFEB0, 0xFEB0, 0xFEB0, 0xFEB0, 0xFEB0, 0xFEB0, 0xFEB0, 0xFEB0, 0xDCED, 0xDCED, 0xDCED, 0xDCED, 0xBE18,
    0x3D3A, 0x3D5A, 0x2C76, 0x2C77, 0x2C77, 0x2C77, 0x2C77, 0x2C77, 0x2C77, 0x2C77, 0x2C77, 0x2C77, 0x2C77, 0x2C77, 0x2C77, 0x3477,
    0x3519, 0x3519, 0x7BD0, 0x7BD0, 0xB554, 0x120C, 0xC565, 0x0C7C, 0x3A0A, 0xFFFF, 0xC619, 0x0000, 0xB554, 0xCE37, 0xCE37, 0xCE37,
    0xCE37, 0xCE37, 0xCE37, 0xCE37, 0xCE37, 0xCE37, 0xCE37, 0xDEDB, 0xCE37, 0xE6FC, 0xDEFC, 0xE6FC, 0xE71C, 0xE71D, 0xC63A, 0xC639,
    0xC63A, 0xC63A, 0xC63A, 0xC63A, 0xC63A, 0xC63A, 0xC63A, 0xC63A, 0xC63A, 0xC63A, 0xC639, 0xC63A, 0xC63A, 0xC63A, 0xC63A, 0xC63A,
    0xE71D, 0xE71D, 0xDEFC, 0xE6FC, 0xE6FC, 0xCE37, 0xCE37, 0xCE37, 0xCE37, 0xCE37, 0xCE37, 0xCE37, 0x0000, 0x0000, 0x0000, 0x0000,
    0x0000, 0x0000, 0x0000, 0x0000, 0x0000, 0x0000, 0x0000, 0x0000, 0x0000, 0x0000, 0x0000, 0x0000, 0x0000, 0x0000, 0x0000, 0x0000,
    0x0000, 0x0000, 0x0000, 0x0000, 0x0000, 0x0000, 0x0000, 0x0000, 0x0000, 0x0000, 0x0000, 0x0000, 0x0000, 0x0000, 0x0000, 0x0000,
    0x0000, 0x0000, 0x0000, 0x0000, 0x0000, 0x0000, 0x0000, 0x0000, 0x0000, 0x0000, 0x0000, 0x0000, 0x0000, 0x0000, 0x0000, 0x0000,
    0x0000, 0x0000, 0x0000, 0x0000, 0x0000, 0x0000, 0x0000, 0x0000, 0x0000, 0x0000, 0x0000, 0x0000, 0x0000, 0x0000, 0x0000, 0x0000,
    0x0000, 0x0000, 0x0000, 0x0000, 0x7BCE, 0xBDB6, 0xBDD6, 0xBDD6, 0xBDD6, 0xBDD6, 0xBDD6, 0xE44F, 0xF34A, 0xEA45, 0xD1A3, 0xD266,
    0xDAE8, 0xDB09, 0xE309, 0xE309, 0xEB29, 0xEB29, 0xEB49, 0xF34A, 0xF34A, 0xCE37, 0xCE37, 0x18C3, 0xCE79, 0xD6BA, 0xD6BA, 0xD6BA,
    0xD6BA, 0xD6BA, 0xD6BA, 0xD6BA, 0xD6BA, 0xD6BA, 0xD6BA, 0xD6BA, 0xD6BA, 0xD6BA, 0xD6BA, 0xD6BA, 0xAD75, 0x18C3, 0xCE37, 0xCE37,
    0xF34A, 0xF34A, 0xEB29, 0xEB29, 0xEB29, 0xE309, 0xE309, 0xDB09, 0xDAE9, 0xD287, 0xD1A3, 0xEA04, 0xF34A, 0xF3ED, 0xDEFB, 0xDEFB,
    0xDEFB, 0xDEFB, 0xDEFB, 0xE6B2, 0xC58F, 0x30E2, 0x4122, 0x59A3, 0x4122, 0x19E1, 0x4122, 0x4122, 0x4122, 0x30E2, 0xE6B2, 0xCE37,
    0xCE37, 0xCE37, 0xFDEE, 0xFDEE, 0xFDEE, 0xFDEE, 0xFDEE, 0xFDEE, 0xFDEE, 0xFDEE, 0xFDEE, 0xE4ED, 0xDCED, 0xDCED, 0xDCED, 0xDCED,
    0xDCED, 0xDCED, 0xDCED, 0xDCED, 0xE56E, 0xFEB0, 0xFEB0, 0xFEB0, 0xFEB0, 0xFEB0, 0xFE90, 0xFDEE, 0xFDEE, 0xFDEE, 0xFDEE, 0xFDEE,
    0xFDEE, 0xFDEE, 0xFDEE, 0xFDEE, 0xFDEE, 0xFDEE, 0xFDEE, 0xFDEE, 0xFDEE, 0xFDEE, 0xFDEE, 0xFDEE, 0xFDEE, 0xFDEE, 0xFDEE, 0xFDEE,
    0xFDEE, 0xFDEE, 0xFDEE, 0xFDEE, 0xFDEE, 0xFDEE, 0xFDEE, 0xFDEE, 0xFDEE, 0xFDEE, 0xFDEE, 0xFDEE, 0xFDEE, 0xFDEE, 0xFDEE, 0xFDEE,
    0xFDEE, 0xFDEE, 0xFDEE, 0xFDEE, 0xFDEE, 0xFE2F, 0xFEB0, 0xFEB0, 0xFEB0, 0xFEB0, 0xFEB0, 0xFE90, 0xDCED, 0xDCED, 0xDCED, 0xFEB0,
    0xFEB0, 0xFEB0, 0xFEB0, 0xFEB0, 0xFEB0, 0xFEB0, 0xFEB0, 0xFEB0, 0xFEB0, 0xFEB0, 0xFEB0, 0xDCED, 0xDCED, 0xDCED, 0xDCEE, 0xC639,
    0x3D3A, 0x3D5A, 0x2C56, 0x2C56, 0x2C56, 0x2C56, 0x2C56, 0x2C56, 0x2C56, 0x2C56, 0x2C56, 0x2C56, 0x2C56, 0x2C56, 0x2C56, 0x2C77,
    0x3539, 0x3519, 0x7BD0, 0x7BD0, 0x120C, 0x120C, 0x1B12, 0x0C7C, 0x3A0A, 0xDC6D, 0xBD97, 0x0000, 0xB554, 0xCE37, 0xCE37, 0xCE37,
    0xCE37, 0xCE37, 0xCE37, 0xCE37, 0xCE37, 0xDEFB, 0xDEFB, 0xDEFB, 0xDEFB, 0xE6FC, 0xE6FC, 0xE6FC, 0xCE7A, 0xB5B8, 0x8C93, 0x8C93,
    0x8C73, 0x8C93, 0x8C73, 0x8C93, 0x8C93, 0x8C73, 0x8C93, 0x8C93, 0x8C93, 0x8C73, 0x8C93, 0x8C93, 0x8C93, 0x8C93, 0x8C93, 0x8C93,
    0xB5D8, 0xB5B8, 0xE6FC, 0xE71C, 0xE6FC, 0xCE37, 0xCE37, 0xCE37, 0xCE37, 0xCE37, 0xCE37, 0xCE37, 0x0000, 0x0000, 0x0000, 0x0000,
    0x0000, 0x0000, 0x0000, 0x0000, 0x0000, 0x0000, 0x0000, 0x0000, 0x0000, 0x0000, 0x0000, 0x0000, 0x0000, 0x0000, 0x0000, 0x0000,
    0x0000, 0x0000, 0x0000, 0x0000, 0x0000, 0x0000, 0x0000, 0x0000, 0x0000, 0x0000, 0x0000, 0x0000, 0x0000, 0x0000, 0x0000, 0x0000,
    0x0000, 0x0000, 0x0000, 0x0000, 0x0000, 0x0000, 0x0000, 0x0000, 0x0000, 0x0000, 0x0000, 0x0000, 0x0000, 0x0000, 0x0000, 0x0000,
    0x0000, 0x0000, 0x0000, 0x0000, 0x0000, 0x0000, 0x0000, 0x0000, 0x0000, 0x0000, 0x0000, 0x0000, 0x0000, 0x0000, 0x0000, 0x0000,
    0x0000, 0x0000, 0x0000, 0x0000, 0x8431, 0xBDB6, 0xB554, 0xB554, 0xBDD6, 0xBDD6, 0xBDD6, 0xBDD6, 0xF34A, 0xEA45, 0xE1C4, 0xD266,
    0xDAE9, 0xDB09, 0xE309, 0xE309, 0xEB29, 0xEB29, 0xEB29, 0xF34A, 0xF34A, 0xDEFB, 0xDEFB, 0x528A, 0x18C3, 0xB596, 0xCE79, 0xCE79,
    0xD6BA, 0xD6BA, 0xD6BA, 0xD6BA, 0xD6BA, 0xD6BA, 0xD6BA, 0xD6BA, 0xD6BA, 0xCE79, 0xCE79, 0xBDF7, 0x18C3, 0x528A, 0xDEFB, 0xDEFB,
    0xF34A, 0xF34A, 0xEB29, 0xEB29, 0xEB29, 0xE309, 0xE309, 0xDB09, 0xDAE9, 0xD2A7, 0xE1C4, 0xEA45, 0xF34A, 0xDEFB, 0xDEFB, 0xDEFB,
    0xDEFB, 0xDEFB, 0xE6B2, 0xE6B2, 0x5182, 0x30E1, 0x4121, 0x51A3, 0x51A3, 0x51A3, 0x51A3, 0x4122, 0x4122, 0x30E2, 0xE6B2, 0xE6B2,
    0xD679, 0xDEFB, 0xFDEE, 0xFDEE, 0xFDEE, 0xFDEE, 0xFDEE, 0xFDEE, 0xFDEE, 0xFDEE, 0xFDEE, 0xE4ED, 0xDCED, 0xDCED, 0xDCED, 0xDCED,
    0xDCCD, 0xDCED, 0xDCED, 0xDCED, 0xE56E, 0xFEB0, 0xFEB0, 0xFEB0, 0xFEB0, 0xFEB0, 0xFEB0, 0xFDEE, 0xFDEE, 0xFDEE, 0xFDEE, 0xFDEE,
    0xFDEE, 0xFDEE, 0xFDEE, 0xFDEE, 0xFDEE, 0xFDEE, 0xFDEE, 0xFDEE, 0xFDEE, 0xFDEE, 0xFDEE, 0xFDEE, 0xFDEE, 0xFDEE, 0xFDEE, 0xFDEE,
    0xFDEE, 0xFDEE, 0xFDEE, 0xFDEE, 0xFDEE, 0xFDEE, 0xFDEE, 0xFDEE, 0xFDEE, 0xFDEE, 0xFDEE, 0xFDEE, 0xFDEE, 0xFDEE, 0xFDEE, 0xFDEE,
    0xFDEE, 0xFDEE, 0xFDEE, 0xFDEE, 0xFDEE, 0xFE2F, 0xFEB0, 0xFEB0, 0xFEB0, 0xFEB0, 0xFEB0, 0xFE90, 0xDCCD, 0xDCED, 0xDCED, 0xE50D,
    0xE50D, 0xE50D, 0xDD0D, 0xE50D, 0xE50D, 0xE50D, 0xE50D, 0xE50D, 0xE50D, 0xE50D, 0xDD0D, 0xDCED, 0xDCED, 0xDCED, 0xDCEE, 0xCEBB,
    0x3D5A, 0x3D7A, 0x2C16, 0x2C36, 0x2C15, 0x2C36, 0x2C36, 0x2C36, 0x2C36, 0x2C36, 0x2C36, 0x2C36, 0x2C36, 0x2C36, 0x2C36, 0x2C56,
    0x3D5A, 0x3539, 0x7BD0, 0x7BD0, 0x120C, 0x1B12, 0x1B12, 0x0000, 0xDDB2, 0xDC6D, 0xBD97, 0x0000, 0xB554, 0xCE37, 0xCE37, 0xCE37,
    0xCE37, 0xCE37, 0xDEFB, 0xDEFB, 0xDEFB, 0xDEFB, 0xDEFB, 0xDEFB, 0xDEFB, 0xE71C, 0xE71C, 0xE71C, 0xCE7A, 0xB5D8, 0xD573, 0xDD52,
    0xE551, 0xE551, 0xB4F2, 0x8C93, 0x8C93, 0x8C93, 0xD69B, 0xD69B, 0xD69B, 0xD69B, 0xD69B, 0xD69B, 0x8C93, 0x8C93, 0x8C93, 0x8C93,
    0xB5D8, 0xB5D8, 0xE71C, 0xE71C, 0xE71C, 0xCE37, 0xCE37, 0xCE37, 0xCE37, 0xCE37, 0xCE37, 0xCE37, 0x0000, 0x0000, 0x0000, 0x0000,
    0x0000, 0x0000, 0x0000, 0x0000, 0x0000, 0x0000, 0x0000, 0x0000, 0x0000, 0x0000, 0x0000, 0x0000, 0x0000, 0x0000, 0x0000, 0x0000,
    0x0000, 0x0000, 0x0000, 0x0000, 0x0000, 0x0000, 0x0000, 0x0000, 0x0000, 0x0000, 0x0000, 0x0000, 0x0000, 0x0000, 0x0000, 0x0000,
    0x0000, 0x0000, 0x0000, 0x0000, 0x0000, 0x0000, 0x0000, 0x0000, 0x0000, 0x0000, 0x0000, 0x0000, 0x0000, 0x0000, 0x0000, 0x0000,
    0x0000, 0x0000, 0x0000, 0x0000, 0x0000, 0x0000, 0x0000, 0x0000, 0x0000, 0x0000, 0x0000, 0x0000, 0x0000, 0x0000, 0x0000, 0x0000,
    0x0000, 0x0000, 0x0000, 0x0000, 0x8C31, 0xC618, 0xC618, 0xC618, 0xB554, 0xB554, 0xB595, 0xB554, 0xF34A, 0xF286, 0xE1C4, 0xD266,
    0xDAE8, 0xDB09, 0xE309, 0xE309, 0xEB29, 0xEB29, 0xEB29, 0xF34A, 0xF34A, 0xDEFB, 0xDEFB, 0x528A, 0x528A, 0x2945, 0x7BCF, 0x7BCF,
    0xBDF7, 0xCE79, 0xCE79, 0xCE79, 0xCE79, 0xCE79, 0xCE79, 0xCE79, 0xC638, 0x7BCF, 0x7BCF, 0x39E7, 0x528A, 0x528A, 0xDEFB, 0xDEFB,
    0xF34A, 0xF34A, 0xEB29, 0xEB29, 0xEB29, 0xE309, 0xE309, 0xDAE9, 0xDAE9, 0xD287, 0xE1C4, 0xF265, 0xF34A, 0xDEFB, 0xDEFB, 0xDEFB,
    0xDEFB, 0xDEFB, 0xE6B2, 0xE6B2, 0x61C3, 0x61C3, 0x30E1, 0x4101, 0x4101, 0x4121, 0x4101, 0x30E1, 0x30E1, 0x61C3, 0xE6B2, 0xE6B2,
    0xDEFB, 0xDEFB, 0xFDEE, 0xFDEE, 0xFDEE, 0xFDEE, 0xFDEE, 0xFDEE, 0xFDEE, 0xFDEE, 0xFDEE, 0xE4ED, 0xDCED, 0xDCED, 0xDCED, 0xDCED,
    0xDCED, 0xDCED, 0xDCED, 0xDCED, 0xED6E, 0xFEB0, 0xFEB0, 0xFEB0, 0xFEB0, 0xFEB0, 0xFEB0, 0xFDEE, 0xFDEE, 0xFDEE, 0xFDEE, 0xFDEE,
    0xFDEE, 0xFDEE, 0xFDEE, 0xFDEE, 0xFDEE, 0xFDEE, 0xFDEE, 0xFDEE, 0xFDEE, 0xFDEE, 0xFDEE, 0xFDEE, 0xFDEE, 0xFDEE, 0xFDEE, 0xFDEE,
    0xFDEE, 0xFDEE, 0xFDEE, 0xFDEE, 0xFDEE, 0xFDEE, 0xFDEE, 0xFDEE, 0xFDEE, 0xFDEE, 0xFDEE, 0xFDEE, 0xFDEE, 0xFDEE, 0xFDEE, 0xFDEE,
    0xFDEE, 0xFDEE, 0xFDEE, 0xFDEE, 0xFDEE, 0xFE2F, 0xFEB0, 0xFEB0, 0xFEB0, 0xFEB0, 0xFEB0, 0xFE90, 0xDCED, 0xDCCD, 0xDCED, 0xDCED,
    0xDCED, 0xDCED, 0xDCED, 0xDCED, 0xDCED, 0xDCED, 0xDCED, 0xDCED, 0xDCED, 0xDCED, 0xDCED, 0xDCED, 0xDCED, 0xDCED, 0xDCEE, 0xCEBB,
    0x3D5A, 0x3D7A, 0x2BF5, 0x2C15, 0x2BF5, 0x2C15, 0x2C15, 0x2C15, 0x2C15, 0x2C15, 0x2C15, 0x2C15, 0x2C15, 0x2C15, 0x2C15, 0x3D5A,
    0x3D5A, 0x3D5A, 0x7BD0, 0x7BD0, 0x0000, 0x1B12, 0x1B12, 0x0000, 0xDDD2, 0xE5F2, 0x92A8, 0x0000, 0xB554, 0xCE37, 0xCE37, 0xCE37,
    0xDEFB, 0xDEFB, 0xDEFB, 0xDEFB, 0xDEFB, 0xDEFB, 0xDEFB, 0xDEFB, 0xDEFB, 0xE73C, 0xE71C, 0xE73C, 0xCE7A, 0xB5D8, 0xE530, 0xE530,
    0xE510, 0xE530, 0xB4D2, 0x8C93, 0x8C93, 0x8C93, 0xCE7A, 0xCE7A, 0xCE7A, 0xCE7A, 0xCE7A, 0xCE7A, 0xBD96, 0xBDB6, 0xBD96, 0xBD96,
    0xB5D8, 0xB5D8, 0xE73C, 0xE73C, 0xE71C, 0xB595, 0xCE37, 0xCE37, 0xCE37, 0xCE37, 0xCE37, 0xDEFB, 0x0000, 0x0000, 0x0000, 0x0000,
    0x0000, 0x0000, 0x0000, 0x0000, 0x0000, 0x0000, 0x0000, 0x0000, 0x0000, 0x0000, 0x0000, 0x0000, 0x0000, 0x0000, 0x0000, 0x0000,
    0x0000, 0x0000, 0x0000, 0x0000, 0x0000, 0x0000, 0x0000, 0x0000, 0x0000, 0x0000, 0x0000, 0x0000, 0x0000, 0x0000, 0x0000, 0x0000,
    0x0000, 0x0000, 0x0000, 0x0000, 0x0000, 0x0000, 0x0000, 0x0000, 0x0000, 0x0000, 0x0000, 0x0000, 0x0000, 0x0000, 0x0000, 0x0000,
    0x0000, 0x0000, 0x0000, 0x0000, 0x0000, 0x0000, 0x0000, 0x0000, 0x0000, 0x0000, 0x0000, 0x0000, 0x0000, 0x0000, 0x0000, 0x0000,
    0x0000, 0x0000, 0x0000, 0x0000, 0x8431, 0xC5F8, 0xC618, 0xC618, 0xB554, 0xB554, 0xB554, 0xB554, 0xC4B2, 0xE1C4, 0xE1C4, 0xE1C4,
    0xE1C4, 0xE1C4, 0xE1C4, 0xE1C4, 0xE1C4, 0xE1C4, 0xE1C4, 0xE1C4, 0xE1C4, 0xDEFB, 0xDEFB, 0x528A, 0x528A, 0x528A, 0x39E7, 0x18C3,
    0x18C3, 0x4228, 0x7BCF, 0x7BCF, 0x7BCF, 0x7BCF, 0x7BEF, 0x528A, 0x18C3, 0x18C3, 0x4208, 0x528A, 0x528A, 0x528A, 0xDEFB, 0xDEFB,
    0xE1C4, 0xE1C4, 0xE1C4, 0xE1C4, 0xE1C4, 0xE1C4, 0xE1C4, 0xE1C4, 0xE1C4, 0xE1C4, 0xE1C4, 0xE1C4, 0xE514, 0xDEFB, 0xDEFB, 0xDEFB,
    0xDEFB, 0xDEFB, 0xD631, 0xE6B2, 0xE6B2, 0x61C3, 0x61C3, 0x61C3, 0x61C3, 0x61C3, 0x61C3, 0x61C3, 0x61C3, 0xE6B2, 0xE6B2, 0xDE52,
    0xDEFB, 0xDEFB, 0xFDEE, 0xFDEE, 0xFDEE, 0xFDEE, 0xFDEE, 0xFDEE, 0xFDEE, 0xFDEE, 0xFDEE, 0xE4ED, 0xDCED, 0xDCED, 0xDCED, 0xDCED,
    0xDCED, 0xDCED, 0xDCED, 0xDCED, 0xED6E, 0xFEB0, 0xFEB0, 0xFEB0, 0xFEB0, 0xFEB0, 0xFE90, 0xFDEE, 0xFDEE, 0xFDEE, 0xFDEE, 0xFDEE,
    0xFDEE, 0xFDEE, 0xFDEE, 0xFDEE, 0xFDEE, 0xFDEE, 0xFDEE, 0xFDEE, 0xFDEE, 0xFDEE, 0xFDEE, 0xFDEE, 0xFDEE, 0xFDEE, 0xFDEE, 0xFDEE,
    0xFDEE, 0xFDEE, 0xFDEE, 0xFDEE, 0xFDEE, 0xFDEE, 0xFDEE, 0xFDEE, 0xFDEE, 0xFDEE, 0xFDEE, 0xFDEE, 0xFDEE, 0xFDEE, 0xFDEE, 0xFDEE,
    0xFDEE, 0xFDEE, 0xFDEE, 0xFDEE, 0xFDEE, 0xFE2F, 0xFEB0, 0xFEB0, 0xFEB0, 0xFEB0, 0xFEB0, 0xFE90, 0xDCED, 0xDCED, 0xDCED, 0xDCED,
    0xDCED, 0xDCED, 0xDCED, 0xDCCD, 0xDCED, 0xDCED, 0xDCED, 0xDCED, 0xDCED, 0xDCED, 0xDCED, 0xDCED, 0xDCED, 0xDCED, 0xDCEE, 0xCEBB,
    0x3D7A, 0x3D7A, 0x3D7A, 0x3D7A, 0x3D7A, 0x3D7A, 0x3D7A, 0x3D7A, 0x3D7A, 0x3D7A, 0x3D7A, 0x3D7A, 0x3D7A, 0x3D7A, 0x3D7A, 0x3D7A,
    0x3D7A, 0x3D7A, 0x7BD0, 0x83D0, 0x0000, 0x1B12, 0x1B12, 0x7985, 0x1820, 0x0000, 0x7164, 0x0000, 0xB574, 0xCE37, 0xCE37, 0xD658,
    0xDEFB, 0xDEFB, 0xDEFB, 0xDEFB, 0xDEFB, 0xDEFB, 0xDEFB, 0xDEFB, 0xDEFB, 0xC5F8, 0xC5F8, 0xC5F8, 0xC5F8, 0xC5F8, 0xC618, 0xC5F8,
    0xC618, 0xC618, 0xC5F8, 0xC618, 0xC5F8, 0xC618, 0xC618, 0xC618, 0xC618, 0xC5F8, 0xC5F8, 0xC5F8, 0xC5F8, 0xC5F8, 0xC5F8, 0xC5F8,
    0xC5F8, 0xC618, 0xC5F8, 0xC5F8, 0xC5F8, 0xB575, 0xB554, 0xB554, 0xCE37, 0xCE37, 0xCE37, 0xDEFB, 0x0000, 0x0000, 0x0000, 0x0000,
    0x0000, 0x0000, 0x0000, 0x0000, 0x0000, 0x0000, 0x0000, 0x0000, 0x0000, 0x0000, 0x0000, 0x0000, 0x0000, 0x0000, 0x0000, 0x0000,
    0x0000, 0x0000, 0x0000, 0x0000, 0x0000, 0x0000, 0x0000, 0x0000, 0x0000, 0x0000, 0x0000, 0x0000, 0x0000, 0x0000, 0x0000, 0x0000,
    0x0000, 0x0000, 0x0000, 0x0000, 0x0000, 0x0000, 0x0000, 0x0000, 0x0000, 0x0000, 0x0000, 0x0000, 0x0000, 0x0000, 0x0000, 0x0000,
    0x0000, 0x0000, 0x0000, 0x0000, 0x0000, 0x0000, 0x0000, 0x0000, 0x0000, 0x0000, 0x0000, 0x0000, 0x0000, 0x0000, 0x0000, 0x0000,
    0x0000, 0x0000, 0x0000, 0x0000, 0x8431, 0xBDD7, 0xB554, 0xB554, 0xB554, 0xB554, 0xB554, 0xB554, 0xB554, 0xC491, 0xD9A3, 0xD9A3,
    0xD9A3, 0xD9A3, 0xD9A3, 0xD9A3, 0xD9A3, 0xD9A3, 0xD9A3, 0xD9A3, 0xDEFB, 0xDEFB, 0xDEFB, 0x528A, 0x528A, 0x528A, 0x528A, 0x528A,
    0x528A, 0x528A, 0x2965, 0x3186, 0x2965, 0x3186, 0x3186, 0x528A, 0x528A, 0x528A, 0x528A, 0x528A, 0x528A, 0x528A, 0xDEFB, 0xDEFB,
    0xDEDB, 0xD9A3, 0xD9A3, 0xD9A3, 0xD9A3, 0xD9A3, 0xD9A3, 0xD9A3, 0xD9A3, 0xD9A3, 0xD9A3, 0xDCD2, 0xDEFB, 0xDEFB, 0xDEFB, 0xDEFB,
    0xDEFB, 0xDEFB, 0xD699, 0x9C4D, 0xE6B2, 0xE6B2, 0xCDF0, 0x61C3, 0x61C3, 0x61C3, 0x61C3, 0xD610, 0xE6B2, 0xE6B2, 0x9C4C, 0xCDF6,
    0xD679, 0xDEFB, 0xFDEE, 0xFDEE, 0xFDEE, 0xFDEE, 0xFDEE, 0xFDEE, 0xFDEE, 0xFDEE, 0xFDEE, 0xE4ED, 0xDCED, 0xDCED, 0xDCED, 0xDCED,
    0xDCED, 0xDCED, 0xDCED, 0xDCED, 0xED6E, 0xFEB0, 0xFEB0, 0xFEB0, 0xFEB0, 0xFEB0, 0xFE90, 0xFDEE, 0xFDEE, 0xFDEE, 0xFDEE, 0xFDEE,
    0xFDEE, 0xFDEE, 0xFDEE, 0xFDEE, 0xFDEE, 0xFDEE, 0xFDEE, 0xFDEE, 0xFDEE, 0xFDEE, 0xFDEE, 0xFDEE, 0xFDEE, 0xFDEE, 0xFDEE, 0xFDEE,
    0xFDEE, 0xFDEE, 0xFDEE, 0xFDEE, 0xFDEE, 0xFDEE, 0xFDEE, 0xFDEE, 0xFDEE, 0xFDEE, 0xFDEE, 0xFDEE, 0xFDEE, 0xFDEE, 0xFDEE, 0xFDEE,
    0xFDEE, 0xFDEE, 0xFDEE, 0xFDEE, 0xFDEE, 0xFE2F, 0xFEB0, 0xFEB0, 0xFEB0, 0xFEB0, 0xFEB0, 0xFE90, 0xDCED, 0xDCCD, 0xDCED, 0xFEB0,
    0xFEB0, 0xFEB0, 0xFEB0, 0xFEB0, 0xFEB0, 0xFEB0, 0xFEB0, 0xFEB0, 0xFEB0, 0xFEB0, 0xFEB0, 0xDCED, 0xDCED, 0xDCED, 0xDCEE, 0xCE7A,
    0x34B8, 0x3D7A, 0x3D7A, 0x3D7A, 0x3D7A, 0x3D7A, 0x3D7A, 0x3D7A, 0x3D7A, 0x3D7A, 0x3D7A, 0x3D7A, 0x3D7A, 0x3D7A, 0x3D7A, 0x3D7A,
    0x3D5A, 0x2BF5, 0x7BD0, 0x7BD0, 0xC618, 0x120C, 0x120C, 0x7985, 0x9AC6, 0x9AC6, 0x81C5, 0x0000, 0x7BEF, 0xD6B9, 0xD6B9, 0xD658,
    0xCE37, 0xCE37, 0xDEFB, 0xDEFB, 0xDEFB, 0xDEFB, 0xDEFB, 0xDEFB, 0xDEFB, 0x9CB4, 0x9CB4, 0x9CB4, 0xA4F5, 0xAD36, 0xAD36, 0xAD36,
    0xAD36, 0xAD36, 0xAD36, 0xAD36, 0xAD36, 0xAD36, 0xAD36, 0xAD36, 0xAD36, 0xAD36, 0xAD36, 0xAD36, 0xAD36, 0xAD36, 0xAD36, 0xAD36,
    0xAD36, 0xAD36, 0x9CB4, 0x9CB4, 0x9CB4, 0xB554, 0xBDD6, 0xBDD6, 0xB5B6, 0xD6B9, 0xD699, 0xCE37, 0x0000, 0x0000, 0x0000, 0x0000,
    0x0000, 0x0000, 0x0000, 0x0000, 0x0000, 0x0000, 0x0000, 0x0000, 0x0000, 0x0000, 0x0000, 0x0000, 0x0000, 0x0000, 0x0000, 0x0000,
    0x0000, 0x0000, 0x0000, 0x0000, 0x0000, 0x0000, 0x0000, 0x0000, 0x0000, 0x0000, 0x0000, 0x0000, 0x0000, 0x0000, 0x0000, 0x0000,
    0x0000, 0x0000, 0x0000, 0x0000, 0x0000, 0x0000, 0x0000, 0x0000, 0x0000, 0x0000, 0x0000, 0x0000, 0x0000, 0x0000, 0x0000, 0x0000,
    0x0000, 0x0000, 0x0000, 0x0000, 0x0000, 0x0000, 0x0000, 0x0000, 0x0000, 0x0000, 0x0000, 0x0000, 0x0000, 0x0000, 0x0000, 0x0000,
    0x0000, 0x0000, 0x0000, 0x0000, 0x7BCE, 0xB554, 0xB554, 0xB554, 0xB554, 0xB554, 0xB554, 0xB554, 0xB554, 0xB554, 0x9142, 0xD204,
    0xD204, 0xD204, 0xD204, 0xD204, 0xD204, 0xD204, 0xD288, 0xDEFB, 0xD679, 0xCE37, 0xCE37, 0x528A, 0x528A, 0x528A, 0x528A, 0x528A,
    0x528A, 0x528A, 0x528A, 0x528A, 0x528A, 0x528A, 0x528A, 0x528A, 0x528A, 0x528A, 0x528A, 0x528A, 0x528A, 0x528A, 0xCE37, 0xCE37,
    0xCE37, 0xCE37, 0xD3AD, 0xD204, 0xD204, 0xD204, 0xD204, 0xD204, 0xD204, 0xD204, 0xB1A3, 0xCE37, 0xCE37, 0xCE37, 0xDEFB, 0xDEFB,
    0xDEFB, 0xDEFB, 0xDEFB, 0x9C4C, 0x9C4C, 0x9C4D, 0xE692, 0xE692, 0xE692, 0xE692, 0xE692, 0xE692, 0x9C4D, 0x9C4D, 0x9C4D, 0xD6B9,
    0xD699, 0xCE37, 0xFDEE, 0xFDEE, 0xFDEE, 0xFDEE, 0xFDEE, 0xFDEE, 0xFDEE, 0xFDEE, 0xFDEE, 0xE4ED, 0xDCED, 0xDCED, 0xDCED, 0xDCED,
    0xDCED, 0xDCED, 0xDCED, 0xDCED, 0xE56E, 0xFEB0, 0xFEB0, 0xFEB0, 0xFEB0, 0xFEB0, 0xFEB0, 0xFDEE, 0xFDEE, 0xFDEE, 0xFDEE, 0xFDEE,
    0xFDEE, 0xFDEE, 0xFDEE, 0xFDEE, 0xFDEE, 0xFDEE, 0xFDEE, 0xFDEE, 0xFDEE, 0xFDEE, 0xFDEE, 0xFDEE, 0xFDEE, 0xFDEE, 0xFDEE, 0xFDEE,
    0xFDEE, 0xFDEE, 0xFDEE, 0xFDEE, 0xFDEE, 0xFDEE, 0xFDEE, 0xFDEE, 0xFDEE, 0xFDEE, 0xFDEE, 0xFDEE, 0xFDEE, 0xFDEE, 0xFDEE, 0xFDEE,
    0xFDEE, 0xFDEE, 0xFDEE, 0xFDEE, 0xFDEE, 0xFE2F, 0xFEB0, 0xFEB0, 0xFEB0, 0xFEB0, 0xFEB0, 0xFE90, 0xDCED, 0xDCED, 0xDCCD, 0xFEB0,
    0xFEB0, 0x7599, 0x7599, 0x7599, 0x7599, 0x7599, 0x7599, 0x7599, 0x7599, 0x7599, 0xFEB0, 0xDCED, 0xDCED, 0xDCED, 0xDCEE, 0xBDF8,
    0x2BF5, 0x2BF5, 0x2373, 0x2372, 0x2373, 0x2372, 0x2372, 0x2372, 0x2372, 0x2373, 0x2372, 0x2373, 0x2372, 0x2372, 0x2372, 0x2393,
    0x2BF5, 0x2BF5, 0x630D, 0x5AAB, 0x8410, 0x0000, 0x7985, 0x7985, 0x9AC6, 0x9AC6, 0x38E1, 0x7BEF, 0x7BEF, 0x8C71, 0x9491, 0x9491,
    0xD6B9, 0xD6B9, 0xCE37, 0xCE37, 0xCE37, 0xDEFB, 0xDEFB, 0xDEFB, 0xDEFB, 0x330F, 0x330F, 0x330F, 0x330F, 0x330F, 0x330F, 0x330F,
    0x330F, 0x330F, 0x332F, 0x330F, 0x330F, 0x330F, 0x330F, 0x330F, 0x332F, 0x330F, 0x330F, 0x330F, 0x330F, 0x330F, 0x330F, 0x330F,
    0x330F, 0x330F, 0x330F, 0x330F, 0x330F, 0xB5B6, 0xBDD6, 0xBDD6, 0xB5B6, 0xB5B6, 0xCE58, 0xD6B9, 0x0000, 0x0000, 0x0000, 0x0000,
    0x0000, 0x0000, 0x0000, 0x0000, 0x0000, 0x0000, 0x0000, 0x0000, 0x0000, 0x0000, 0x0000, 0x0000, 0x0000, 0x0000, 0x0000, 0x0000,
    0x0000, 0x0000, 0x0000, 0x0000, 0x0000, 0x0000, 0x0000, 0x0000, 0x0000, 0x0000, 0x0000, 0x0000, 0x0000, 0x0000, 0x0000, 0x0000,
    0x0000, 0x0000, 0x0000, 0x0000, 0x0000, 0x0000, 0x0000, 0x0000, 0x0000, 0x0000, 0x0000, 0x0000, 0x0000, 0x0000, 0x0000, 0x0000,
    0x0000, 0x0000, 0x0000, 0x0000, 0x0000, 0x0000, 0x0000, 0x0000, 0x0000, 0x0000, 0x0000, 0x0000, 0x0000, 0x0000, 0x0000, 0x0000,
    0x0000, 0x0000, 0x0000, 0x0000, 0x7BCE, 0xB554, 0xB554, 0xB554, 0xB554, 0xB554, 0xB554, 0xB554, 0xB554, 0x0000, 0x0000, 0xA226,
    0xCAA8, 0xCAA8, 0xCAC8, 0xCAC8, 0xCAA8, 0x7164, 0x0000, 0xCE37, 0xCE37, 0xD6B9, 0xD6B9, 0xBDD6, 0x528A, 0x528A, 0x528A, 0x528A,
    0x528A, 0x528A, 0x528A, 0x528A, 0x528A, 0x528A, 0x528A, 0x528A, 0x528A, 0x528A, 0x528A, 0x528A, 0x528A, 0x9CB2, 0xCE37, 0xCE37,
    0xCE37, 0xCE37, 0x0000, 0x6123, 0xCAC8, 0xCAC8, 0xCAA8, 0xCAC8, 0xCAA8, 0xAA46, 0x0000, 0x0000, 0xCE37, 0xCE37, 0xCE37, 0xCE37,
    0xDEDB, 0xCE37, 0xCE37, 0x9C4C, 0x9C4C, 0x9C4C, 0x9C4D, 0x9C4D, 0x9C4C, 0x9C4C, 0x9C4D, 0x9C4C, 0x9C4D, 0x9C4D, 0x9C4C, 0xD6B9,
    0xD6B9, 0xD6B9, 0xFDEE, 0xFDEE, 0xFDEE, 0xFDEE, 0xFDEE, 0xFDEE, 0xFDEE, 0xFDEE, 0xFDEE, 0xE4ED, 0xDCED, 0xDCCD, 0xDCED, 0xDCED,
    0xDCED, 0xDCED, 0xDCED, 0xDCED, 0xED6E, 0xFEB0, 0xFEB0, 0xFEB0, 0xFEB0, 0xFEB0, 0xFE90, 0xFDEE, 0xFDEE, 0xFDEE, 0xFDEE, 0xFDEE,
    0xFDEE, 0xFDEE, 0xFDEE, 0xFDEE, 0xFDEE, 0xFDEE, 0xFDEE, 0xFDEE, 0xFDEE, 0xFDEE, 0xFDEE, 0xFDEE, 0xFDEE, 0xFDEE, 0xFDEE, 0xFDEE,
    0xFDEE, 0xFDEE, 0xFDEE, 0xFDEE, 0xFDEE, 0xFDEE, 0xFDEE, 0xFDEE, 0xFDEE, 0xFDEE, 0xFDEE, 0xFDEE, 0xFDEE, 0xFDEE, 0xFDEE, 0xFDEE,
    0xFDEE, 0xFDEE, 0xFDEE, 0xFDEE, 0xFDEE, 0xFE2F, 0xFEB0, 0xFEB0, 0xFEB0, 0xFEB0, 0xFEB0, 0xFE90, 0xDCED, 0xDCED, 0xDCED, 0xFEB0,
    0xFEB0, 0x3D7A, 0x3D7A, 0x3D7A, 0x3D7A, 0x3D7A, 0x3D7A, 0x3D7A, 0x3D7A, 0x3D7A, 0xFEB0, 0xDCED, 0xDCED, 0xDCED, 0xDCED, 0xBDD7,
    0x2BF5, 0x2BF5, 0x2372, 0x2372, 0x2372, 0x2372, 0x2372, 0x2372, 0x2372, 0x2372, 0x2372, 0x2372, 0x2372, 0x2372, 0x2372, 0x2393,
    0x2BF5, 0x2BF5, 0x5AAB, 0x5AAB, 0x7BAE, 0x7BEF, 0x0000, 0x1B12, 0x1B12, 0x1B12, 0x0106, 0x7BEF, 0x7BEF, 0x9491, 0x9491, 0x8C71,
    0x9491, 0xD699, 0xD6B9, 0xD6B9, 0xD699, 0xCE37, 0xCE37, 0xDEDB, 0xCE37, 0x330F, 0x332F, 0x330F, 0x330F, 0x330F, 0x434F, 0x434F,
    0x434F, 0x434F, 0x4350, 0x434F, 0x4350, 0x434F, 0x434F, 0x434F, 0x434F, 0x434F, 0x434F, 0x434F, 0x434F, 0x434F, 0x434F, 0x434F,
    0x4350, 0x434F, 0x330F, 0x332F, 0x330F, 0xBDD6, 0xB5B6, 0xBDD6, 0xBDD6, 0xB5B6, 0xCE58, 0xCE58, 0x0000, 0x0000, 0x0000, 0x0000,
    0x0000, 0x0000, 0x0000, 0x0000, 0x0000, 0x0000, 0x0000, 0x0000, 0x0000, 0x0000, 0x0000, 0x0000, 0x0000, 0x0000, 0x0000, 0x0000,
    0x0000, 0x0000, 0x0000, 0x0000, 0x0000, 0x0000, 0x0000, 0x0000, 0x0000, 0x0000, 0x0000, 0x0000, 0x0000, 0x0000, 0x0000, 0x0000,
    0x0000, 0x0000, 0x0000, 0x0000, 0x0000, 0x0000, 0x0000, 0x0000, 0x0000, 0x0000, 0x0000, 0x0000, 0x0000, 0x0000, 0x0000, 0x0000,
    0x0000, 0x0000, 0x0000, 0x0000, 0x0000, 0x0000, 0x0000, 0x0000, 0x0000, 0x0000, 0x0000, 0x0000, 0x0000, 0x0000, 0x0000, 0x0000,
    0x0000, 0x0000, 0x0000, 0x0000, 0x7BCE, 0xB554, 0xB554, 0xB554, 0xB554, 0xB554, 0xB554, 0xB554, 0xB554, 0x0000, 0x0000, 0x0000,
    0x7143, 0x91A4, 0x91A4, 0x91A4, 0x0000, 0x0000, 0x0000, 0xCE37, 0xD6B9, 0xD6B9, 0xD6B9, 0xD6B9, 0x9CD2, 0x528A, 0x528A, 0x528A,
    0x528A, 0x528A, 0x528A, 0x528A, 0x528A, 0x528A, 0x528A, 0x528A, 0x528A, 0x528A, 0x528A, 0x528A, 0xC5D6, 0xCE37, 0xCE37, 0xCE37,
    0xCE37, 0xCE37, 0x0000, 0x0000, 0x0000, 0x91A4, 0x91A4, 0x91A4, 0x8163, 0x0000, 0x0000, 0x0000, 0xCE37, 0xCE37, 0xCE37, 0xCE37,
    0xCE37, 0xCE37, 0xCE37, 0xA48E, 0x9C4C, 0x9C4D, 0x9C4C, 0x9C4D, 0x9C4D, 0x9C4D, 0x9C4C, 0x9C4D, 0x9C4C, 0x9C4C, 0x9C4D, 0xD6B9,
    0xD6B9, 0xD6B9, 0xFDEE, 0xFDEE, 0xFDEE, 0xFDEE, 0xFDEE, 0xFDEE, 0xFDEE, 0xFDEE, 0xFDEE, 0xE4ED, 0xDCCD, 0xDCED, 0xDCCD, 0xDCED,
    0xDCED, 0xDCED, 0xDCCD, 0xDCED, 0xE56E, 0xFEB0, 0xFEB0, 0xFEB0, 0xFEB0, 0xFEB0, 0xFEB0, 0xFDEE, 0xFDEE, 0xFDEE, 0xFDEE, 0xFDEE,
    0xFDEE, 0xFDEE, 0xFDEE, 0xFDEE, 0xFDEE, 0xFDEE, 0xFDEE, 0xFDEE, 0xFDEE, 0xFDEE, 0xFDEE, 0xFDEE, 0xFDEE, 0xFDEE, 0xFDEE, 0xFDEE,
    0xFDEE, 0xFDEE, 0xFDEE, 0xFDEE, 0xFDEE, 0xFDEE, 0xFDEE, 0xFDEE, 0xFDEE, 0xFDEE, 0xFDEE, 0xFDEE, 0xFDEE, 0xFDEE, 0xFDEE, 0xFDEE,
    0xFDEE, 0xFDEE, 0xFDEE, 0xFDEE, 0xFDEE, 0xFE0E, 0xFEB0, 0xFEB0, 0xFEB0, 0xFEB0, 0xFEB0, 0xFE90, 0xDCED, 0xDCED, 0xDCED, 0xFEB0,
    0xFEB0, 0x3D7A, 0x3D7A, 0x3D7A, 0x3D7A, 0x3D7A, 0x3D7A, 0x3D7A, 0x3D7A, 0x3D7A, 0xFEB0, 0xDCED, 0xDCCD, 0xDCED, 0xDCED, 0xC5D6,
    0x2BF5, 0x2BF5, 0x2373, 0x2372, 0x2372, 0x2372, 0x2372, 0x2372, 0x2372, 0x2373, 0x2372, 0x2372, 0x2372, 0x2372, 0x2372, 0x2393,
    0x2BF5, 0x4371, 0x5AAB, 0x5AAB, 0x7BAE, 0x7BEF, 0x7BEF, 0x2104, 0x2124, 0x2124, 0x73AE, 0x7BEF, 0x7BEF, 0x8C71, 0x8C71, 0x8C71,
    0x9491, 0xD699, 0xD6B9, 0xD6B9, 0xD6B9, 0xCE37, 0xCE37, 0xCE37, 0xCE37, 0xAD54, 0xA4F3, 0xA4F3, 0xA4F3, 0xA4F3, 0xA4F3, 0xA4F3,
    0xA4F3, 0xA4F3, 0xA4F3, 0xA4F3, 0xA4F3, 0xA4F3, 0xA4F3, 0xA4F3, 0xA4F3, 0xA4F3, 0xA4F3, 0xA4F3, 0xA4F3, 0xA4F3, 0xA4F3, 0xA4F3,
    0xA554, 0xA554, 0xA554, 0xA554, 0xA554, 0xBDD6, 0xB5B6, 0xB5B6, 0xBDD6, 0xBDD6, 0xCE58, 0xCE58, 0x0000, 0x0000, 0x0000, 0x0000,
    0x0000, 0x0000, 0x0000, 0x0000, 0x0000, 0x0000, 0x0000, 0x0000, 0x0000, 0x0000, 0x0000, 0x0000, 0x0000, 0x0000, 0x0000, 0x0000,
    0x0000, 0x0000, 0x0000, 0x0000, 0x0000, 0x0000, 0x0000, 0x0000, 0x0000, 0x0000, 0x0000, 0x0000, 0x0000, 0x0000, 0x0000, 0x0000,
    0x0000, 0x0000, 0x0000, 0x0000, 0x0000, 0x0000, 0x0000, 0x0000, 0x0000, 0x0000, 0x0000, 0x0000, 0x0000, 0x0000, 0x0000, 0x0000,
    0x0000, 0x0000, 0x0000, 0x0000, 0x0000, 0x0000, 0x0000, 0x0000, 0x0000, 0x0000, 0x0000, 0x0000, 0x0000, 0x0000, 0x0000, 0x0000,
    0x0000, 0x0000, 0x0000, 0x0000, 0x7BCE, 0xB554, 0xB554, 0xB554, 0xB554, 0xB554, 0xB554, 0xB554, 0xB554, 0x0000, 0x0000, 0x0000,
    0x0000, 0x6902, 0x8163, 0x0000, 0x0000, 0x0000, 0x0000, 0xDEFB, 0xD658, 0xCE37, 0xCE37, 0xD6B9, 0xD6B9, 0xD699, 0x528A, 0x528A,
    0x528A, 0x528A, 0x528A, 0x528A, 0x528A, 0x528A, 0x528A, 0x528A, 0x528A, 0x528A, 0x528A, 0xCE79, 0xDEFB, 0xDEFB, 0xCE37, 0xCE37,
    0xCE37, 0xCE37, 0x0000, 0x0000, 0x0000, 0x0000, 0x8163, 0x3881, 0x0000, 0x0000, 0x0000, 0x0000, 0xCE37, 0xCE37, 0xDEFB, 0xDEFB,
    0xDEFB, 0xDEFB, 0xDEFB, 0xD699, 0x9C4C, 0x9C4C, 0x9C4C, 0x9C4D, 0x9C4D, 0x9C4D, 0x9C4C, 0x9C4C, 0x9C4D, 0x9C4C, 0xA4F1, 0xD6B9,
    0xD6B9, 0xCE37, 0xFDEE, 0xFDEE, 0xFDEE, 0xFDEE, 0xFDEE, 0xFDEE, 0xFDEE, 0xFDEE, 0xFDEE, 0xE4ED, 0xDCED, 0xDCED, 0xDCED, 0xDCED,
    0xDCED, 0xDCED, 0xDCED, 0xDCED, 0xE56E, 0xFEB0, 0xFEB0, 0xFEB0, 0xFEB0, 0xFEB0, 0xFE90, 0xFDEE, 0xFDEE, 0xFDEE, 0xFDEE, 0xFDEE,
    0xFDEE, 0xFDEE, 0xFDEE, 0xFDEE, 0xFDEE, 0xFDEE, 0xFDEE, 0xFDEE, 0xFDEE, 0xFDEE, 0xFDEE, 0xFDEE, 0xFDEE, 0xFDEE, 0xFDEE, 0xFDEE,
    0xFDEE, 0xFDEE, 0xFDEE, 0xFDEE, 0xFDEE, 0xFDEE, 0xFDEE, 0xFDEE, 0xFDEE, 0xFDEE, 0xFDEE, 0xFDEE, 0xFDEE, 0xFDEE, 0xFDEE, 0xFDEE,
    0xFDEE, 0xFDEE, 0xFDEE, 0xFDEE, 0xFDEE, 0xFE2F, 0xFEB0, 0xFEB0, 0xFEB0, 0xFEB0, 0xFEB0, 0xFE90, 0xDCED, 0xDCED, 0xDCCD, 0xFEB0,
    0xFEB0, 0x3D7A, 0x3D7A, 0x3D7A, 0x3D7A, 0x3D7A, 0x3D7A, 0x3D7A, 0x3D7A, 0x3D7A, 0xFEB0, 0xDCED, 0xDCED, 0xDCED, 0xDCEE, 0xC617,
    0x7BD0, 0x7BD0, 0xA4F6, 0xA4F6, 0xD67D, 0xA4F6, 0xA4F6, 0xA4F6, 0xA4F6, 0xA4F6, 0xA4F6, 0xA4F6, 0xD65C, 0xA4F6, 0xA4F6, 0xA516,
    0x7BD0, 0x7BD0, 0x7BD0, 0x736F, 0x8410, 0x7BAE, 0x7BAE, 0x7BCE, 0x7BEF, 0x7BEF, 0x7BEF, 0x7BEF, 0x7BEF, 0x8C71, 0x8C71, 0xD6B9,
    0xD6B9, 0xD6B9, 0xCE58, 0xCE37, 0xCE37, 0xDEFB, 0xDEFB, 0xDEFB, 0xDEFB, 0xDEFB, 0xD699, 0xC5D6, 0xB554, 0xB554, 0xB554, 0xB554,
    0xB554, 0xB554, 0xB554, 0xB554, 0xB554, 0xB554, 0xB554, 0xB554, 0xB554, 0xB554, 0xB575, 0xBDF7, 0xBDF7, 0xBDF7, 0xBDF7, 0xBDF7,
    0xB554, 0xB554, 0xB574, 0xB5B6, 0xB5B6, 0xB5B6, 0xBDD6, 0xB5B6, 0xB5B6, 0xB5B6, 0xCE58, 0xCE58, 0x0000, 0x0000, 0x0000, 0x0000,
    0x0000, 0x0000, 0x0000, 0x0000, 0x0000, 0x0000, 0x0000, 0x0000, 0x0000, 0x0000, 0x0000, 0x0000, 0x0000, 0x0000, 0x0000, 0x0000,
    0x0000, 0x0000, 0x0000, 0x0000, 0x0000, 0x0000, 0x0000, 0x0000, 0x0000, 0x0000, 0x0000, 0x0000, 0x0000, 0x0000, 0x0000, 0x0000,
    0x0000, 0x0000, 0x0000, 0x0000, 0x0000, 0x0000, 0x0000, 0x0000, 0x0000, 0x0000, 0x0000, 0x0000, 0x0000, 0x0000, 0x0000, 0x0000,
    0x0000, 0x0000, 0x0000, 0x0000, 0x0000, 0x0000, 0x0000, 0x0000, 0x0000, 0x0000, 0x0000, 0x0000, 0x0000, 0x0000, 0x0000, 0x0000,
    0x0000, 0x0000, 0x0000, 0x0000, 0x8431, 0xB554, 0xB554, 0xB554, 0xB554, 0xB554, 0xB554, 0xB554, 0xB554, 0xB554, 0x0000, 0x0000,
    0x0000, 0x0000, 0x0000, 0x0000, 0x0000, 0x0000, 0xC618, 0xDEFB, 0xDEFB, 0xDEFB, 0xD699, 0xCE37, 0xCE37, 0xD699, 0xD6B9, 0xD6B9,
    0xCE58, 0x528A, 0x528A, 0x528A, 0x528A, 0x528A, 0x528A, 0x528A, 0xD69A, 0xDEFB, 0xDEFB, 0xDEFB, 0xDEFB, 0xDEFB, 0xDEFB, 0xDEFB,
    0xCE37, 0xCE37, 0xCE37, 0x0000, 0x0000, 0x0000, 0x0000, 0x0000, 0x0000, 0x0000, 0x0000, 0xD658, 0xDEFB, 0xDEFB, 0xDEFB, 0xDEFB,
    0xDEFB, 0xDEFB, 0xDEFB, 0xDEFB, 0x9C4D, 0x9C4D, 0x9C4C, 0x9C4D, 0x9C4C, 0x9C4D, 0x9C4D, 0x9C4D, 0x9C4C, 0x9C4C, 0xB595, 0xB554,
    0xCE37, 0xDEFB, 0xFDEE, 0xFDEE, 0xFDEE, 0xFDEE, 0xFDEE, 0xFDEE, 0xFDEE, 0xFDEE, 0xFDEE, 0xE4ED, 0xDCED, 0xDCED, 0xDCCD, 0xDCED,
    0xDCCD, 0xDCED, 0xDCED, 0xDCED, 0xE56E, 0xFEB0, 0xFEB0, 0xFEB0, 0xFEB0, 0xFEB0, 0xFEB0, 0xFDEE, 0xFDEE, 0xFDEE, 0xFDEE, 0xFDEE,
    0xFDEE, 0xFDEE, 0xFDEE, 0xFDEE, 0xFDEE, 0xFDEE, 0xFDEE, 0xFDEE, 0xFDEE, 0xFDEE, 0xFDEE, 0xFDEE, 0xFDEE, 0xFDEE, 0xFDEE, 0xFDEE,
    0xFDEE, 0xFDEE, 0xFDEE, 0xFDEE, 0xFDEE, 0xFDEE, 0xFDEE, 0xFDEE, 0xFDEE, 0xFDEE, 0xFDEE, 0xFDEE, 0xFDEE, 0xFDEE, 0xFDEE, 0xFDEE,
    0xFDEE, 0xFDEE, 0xFDEE, 0xFDEE, 0xFDEE, 0xFE2F, 0xFEB0, 0xFEB0, 0xFEB0, 0xFEB0, 0xFEB0, 0xFE90, 0xDCED, 0xDCED, 0xDCED, 0xFEB0,
    0xFEB0, 0x3D7A, 0x3D7A, 0x3D7A, 0x3D7A, 0x3D7A, 0x3D7A, 0x3D7A, 0x3D7A, 0x3D7A, 0xFEB0, 0xDCED, 0xDCED, 0xDCED, 0xDCEE, 0xCE79,
    0x7BD0, 0x7BD0, 0xAD36, 0xEF5F, 0xEF1F, 0xAD36, 0xAD36, 0xAD36, 0xAD36, 0xAD36, 0xAD36, 0xAD36, 0xE6FE, 0xEF3F, 0xAD36, 0xAD36,
    0x7BD0, 0x7BD0, 0x83D0, 0x7BD0, 0xC618, 0xC618, 0x8410, 0x7BAE, 0x7BAE, 0x7BAE, 0x7BEF, 0x7BEF, 0x7BEF, 0xD6B9, 0xD6B9, 0xD6B9,
    0xCE37, 0xCE37, 0xD679, 0xDEFB, 0xDEFB, 0xDEFB, 0xDEFB, 0xDEFB, 0xDEFB, 0xDEFB, 0xDEFB, 0xDEFB, 0xDEFB, 0xB554, 0xB554, 0xB554,
    0xB554, 0xB554, 0xB554, 0xB554, 0xB554, 0xB554, 0xB554, 0xB554, 0xBDF7, 0xBDF7, 0xBDF7, 0xBDF7, 0xBDF7, 0xBDF7, 0xBDF7, 0xBDF7,
    0xBDF7, 0xBDF7, 0xB575, 0xB554, 0xB554, 0xBDD6, 0xBDD6, 0xBDD6, 0xBDD6, 0xB5B6, 0xCE58, 0xC5D6, 0x0000, 0x0000, 0x0000, 0x0000,
    0x0000, 0x0000, 0x0000, 0x0000, 0x0000, 0x0000, 0x0000, 0x0000, 0x0000, 0x0000, 0x0000, 0x0000, 0x0000, 0x0000, 0x0000, 0x0000,
    0x0000, 0x0000, 0x0000, 0x0000, 0x0000, 0x0000, 0x0000, 0x0000, 0x0000, 0x0000, 0x0000, 0x0000, 0x0000, 0x0000, 0x0000, 0x0000,
    0x0000, 0x0000, 0x0000, 0x0000, 0x0000, 0x0000, 0x0000, 0x0000, 0x0000, 0x0000, 0x0000, 0x0000, 0x0000, 0x0000, 0x0000, 0x0000,
    0x0000, 0x0000, 0x0000, 0x0000, 0x0000, 0x0000, 0x0000, 0x0000, 0x0000, 0x0000, 0x0000, 0x0000, 0x0000, 0x0000, 0x0000, 0x0000,
    0x0000, 0x0000, 0x0000, 0x0000, 0x8C51, 0xC618, 0xC618, 0xC5F8, 0xB554, 0xB554, 0xB554, 0xB554, 0xB554, 0xB575, 0xC618, 0xC618,
    0xC618, 0xC618, 0xC618, 0xC618, 0xC618, 0xC618, 0xC618, 0xDEFB, 0xDEFB, 0xDEFB, 0xDEFB, 0xDEFB, 0xDEFB, 0xD699, 0xCE37, 0xCE37,
    0xD678, 0xCE37, 0xCE37, 0xDEFB, 0xDEFB, 0xDEFB, 0xDEFB, 0xDEFB, 0xDEFB, 0xDEFB, 0xDEFB, 0xDEFB, 0xDEFB, 0xDEFB, 0xDEFB, 0xDEFB,
    0xDEFB, 0xDEFB, 0xDEFB, 0xCE37, 0xCE37, 0xCE37, 0xCE37, 0xCE37, 0xCE37, 0xDEFB, 0xDEFB, 0xDEFB, 0xDEFB, 0xDEFB, 0xDEFB, 0xDEFB,
    0xDEFB, 0xDEFB, 0xDEFB, 0xDEFB, 0xC5F6, 0x9C4D, 0x9C4C, 0x9C4D, 0x9C4C, 0x9C4D, 0x9C4D, 0x9C4D, 0x9C4C, 0xA4D1, 0xBDD7, 0xBDF7,
    0xBDF7, 0xDEFB, 0xFDEE, 0xFDEE, 0xFDEE, 0xFDEE, 0xFDEE, 0xFDEE, 0xFDEE, 0xFDEE, 0xFDEE, 0xE4ED, 0xDCED, 0xDCED, 0xDCED, 0xDCED,
    0xDCED, 0xDCED, 0xDCED, 0xDCED, 0xED6E, 0xFEB0, 0xFEB0, 0xFEB0, 0xFEB0, 0xFEB0, 0xFE90, 0xFDEE, 0xFDEE, 0xFDEE, 0xFDEE, 0xFDEE,
    0xFDEE, 0xFDEE, 0xFDEE, 0xFDEE, 0xFDEE, 0xFDEE, 0xFDEE, 0xFDEE, 0xFDEE, 0xFDEE, 0xFDEE, 0xFDEE, 0xFDEE, 0xFDEE, 0xFDEE, 0xFDEE,
    0xFDEE, 0xFDEE, 0xFDEE, 0xFDEE, 0xFDEE, 0xFDEE, 0xFDEE, 0xFDEE, 0xFDEE, 0xFDEE, 0xFDEE, 0xFDEE, 0xFDEE, 0xFDEE, 0xFDEE, 0xFDEE,
    0xFDEE, 0xFDEE, 0xFDEE, 0xFDEE, 0xFDEE, 0xFE2F, 0xFEB0, 0xFEB0, 0xFEB0, 0xFEB0, 0xFEB0, 0xFE90, 0xDCED, 0xDCCD, 0xDCED, 0xFEB0,
    0xFEB0, 0xFEB0, 0xFEB0, 0xFEB0, 0xFEB0, 0xFEB0, 0xFEB0, 0xFEB0, 0xFEB0, 0xFEB0, 0xFEB0, 0xDCED, 0xDCED, 0xDCED, 0xDCEE, 0xCE79,
    0x7BD0, 0x7BD0, 0xFFDF, 0xF79F, 0xD65B, 0xC5D9, 0xC5D9, 0xC5D9, 0xC5D9, 0xC5F9, 0xC5D9, 0xC5D9, 0xC5D9, 0xF77F, 0xFFBF, 0xAD15,
    0x83D0, 0x7BD0, 0x7BD0, 0x7BD0, 0xC618, 0xC618, 0xC618, 0xC618, 0xC618, 0xBDF8, 0xB554, 0xB554, 0xB575, 0xCE37, 0xCE37, 0xCE37,
    0xDEFB, 0xDEFB, 0xDEFB, 0xDEFB, 0xDEFB, 0xDEFB, 0xDEFB, 0xDEFB, 0xDEFB, 0xDEFB, 0xDEFB, 0xDEFB, 0xDEFB, 0xDEFB, 0xDEFB, 0xCE79,
    0xC5D6, 0xC5D6, 0xC5D6, 0xC5D6, 0xC5D6, 0xCE59, 0xD69A, 0xD69A, 0xD69A, 0xD69A, 0xD69A, 0xD69A, 0xD69A, 0xD69A, 0xD69A, 0xD69A,
    0xD69A, 0xD69A, 0xD69A, 0xD69A, 0xD69A, 0xC5F7, 0xC5D6, 0xC5D6, 0xC5D6, 0xC5D6, 0xC5D6, 0xD69A, 0x0000, 0x0000, 0x0000, 0x0000,
    0x0000, 0x0000, 0x0000, 0x0000, 0x0000, 0x0000, 0x0000, 0x0000, 0x0000, 0x0000, 0x0000, 0x0000, 0x0000, 0x0000, 0x0000, 0x0000,
    0x0000, 0x0000, 0x0000, 0x0000, 0x0000, 0x0000, 0x0000, 0x0000, 0x0000, 0x0000, 0x0000, 0x0000, 0x0000, 0x0000, 0x0000, 0x0000,
    0x0000, 0x0000, 0x0000, 0x0000, 0x0000, 0x0000, 0x0000, 0x0000, 0x0000, 0x0000, 0x0000, 0x0000, 0x0000, 0x0000, 0x0000, 0x0000,
    0x0000, 0x0000, 0x0000, 0x0000, 0x0000, 0x0000, 0x0000, 0x0000, 0x0000, 0x0000, 0x0000, 0x0000, 0x0000, 0x0000, 0x0000, 0x0000,
    0x0000, 0x0000, 0x0000, 0x0000, 0x8431, 0xC618, 0xC618, 0xC618, 0xB596, 0xB554, 0xB554, 0xB554, 0xB554, 0xC5F8, 0xC618, 0xC618,
    0xC5F8, 0xC5F8, 0xC618, 0xC5F8, 0xC618, 0xC618, 0xC618, 0xDEFB, 0xDEFB, 0xDEFB, 0xDEFB, 0xDEFB, 0xDEFB, 0xDEFB, 0xCE37, 0xCE37,
    0xCE37, 0xCE37, 0xD678, 0xDEFB, 0xDEFB, 0xDEFB, 0xDEFB, 0xDEFB, 0xDEFB, 0xDEFB, 0xDEFB, 0xDEFB, 0xDEFB, 0xDEFB, 0xDEFB, 0xDEFB,
    0xDEFB, 0xDEFB, 0xDEFB, 0xDEFB, 0xCE37, 0xCE37, 0xCE37, 0xCE37, 0xDEFB, 0xDEFB, 0xDEFB, 0xDEFB, 0xDEFB, 0xDEFB, 0xDEFB, 0xDEFB,
    0xDEFB, 0xDEFB, 0xDEFB, 0xDEFB, 0xDEFB, 0xDEFB, 0x9C4D, 0x9C4D, 0x9C4D, 0x9C4D, 0x9C4C, 0x9C4D, 0xB554, 0xB574, 0xBDF7, 0xBDF7,
    0xBDF7, 0xD69A, 0xFDEE, 0xFDEE, 0xFDEE, 0xFDEE, 0xFDEE, 0xFDEE, 0xFDEE, 0xFDEE, 0xFDEE, 0xE4ED, 0xDCED, 0xDCED, 0xDCED, 0xDCED,
    0xDCCD, 0xDCED, 0xDCCD, 0xDCED, 0xE56E, 0xFEB0, 0xFEB0, 0xFEB0, 0xFEB0, 0xFEB0, 0xFE90, 0xFDEE, 0xFDEE, 0xFDEE, 0xFDEE, 0xFDEE,
    0xFDEE, 0xFDEE, 0xFDEE, 0xFDEE, 0xFDEE, 0xFDEE, 0xFDEE, 0xFDEE, 0xFDEE, 0xFDEE, 0xFDEE, 0xFDEE, 0xFDEE, 0xFDEE, 0xFDEE, 0xFDEE,
    0xFDEE, 0xFDEE, 0xFDEE, 0xFDEE, 0xFDEE, 0xFDEE, 0xFDEE, 0xFDEE, 0xFDEE, 0xFDEE, 0xFDEE, 0xFDEE, 0xFDEE, 0xFDEE, 0xFDEE, 0xFDEE,
    0xFDEE, 0xFDEE, 0xFDEE, 0xFDEE, 0xFDEE, 0xFE2F, 0xFEB0, 0xFEB0, 0xFEB0, 0xFEB0, 0xFEB0, 0xFE90, 0xDCED, 0xDCED, 0xDCED, 0xFEB0,
    0xFEB0, 0xFEB0, 0xFEB0, 0xFEB0, 0xFEB0, 0xFEB0, 0xFEB0, 0xFEB0, 0xFEB0, 0xFEB0, 0xFEB0, 0xDCED, 0xDCED, 0xDCED, 0xDCEE, 0xCE7A,
    0xB596, 0xBDF7, 0xFFDF, 0xEF5E, 0xDE9C, 0xDE9C, 0xDE9C, 0xDE9C, 0xDE9C, 0xDE9C, 0xDE9C, 0xDE9C, 0xDE9D, 0xDE9C, 0xFFFF, 0xBDF7,
    0xBDF7, 0xBDF7, 0x9CD3, 0x7BD0, 0xC618, 0xC618, 0xC618, 0xC618, 0xC5F8, 0xC618, 0xBDF7, 0xB554, 0xB554, 0xCE37, 0xCE37, 0xDEFB,
    0xDEFB, 0xDEFB, 0xDEFB, 0xDEFB, 0xDEFB, 0xDEFB, 0xDEFB, 0xDEFB, 0xDEFB, 0xDEFB, 0xDEFB, 0xDEFB, 0xDEFB, 0xDEFB, 0xDEFB, 0xDEFB,
    0xCE37, 0xCE37, 0xCE37, 0xCE37, 0xCE37, 0xDEFB, 0xDEFB, 0xDEFB, 0xDEFB, 0xDEFB, 0xDEFB, 0xDEFB, 0xDEFB, 0xDEFB, 0xDEFB, 0xDEFB,
    0xDEFB, 0xDEFB, 0xDEFB, 0xDEFB, 0xDEFB, 0xDEFB, 0xCE37, 0xCE37, 0xCE37, 0xCE37, 0xDEBA, 0xDEFB, 0x0000, 0x0000, 0x0000, 0x0000,
    0x0000, 0x0000, 0x0000, 0x0000, 0x0000, 0x0000, 0x0000, 0x0000, 0x0000, 0x0000, 0x0000, 0x0000, 0x0000, 0x0000, 0x0000, 0x0000,
    0x0000, 0x0000, 0x0000, 0x0000, 0x0000, 0x0000, 0x0000, 0x0000, 0x0000, 0x0000, 0x0000, 0x0000, 0x0000, 0x0000, 0x0000, 0x0000,
    0x0000, 0x0000, 0x0000, 0x0000, 0x0000, 0x0000, 0x0000, 0x0000, 0x0000, 0x0000, 0x0000, 0x0000, 0x0000, 0x0000, 0x0000, 0x0000,
    0x0000, 0x0000, 0x0000, 0x0000, 0x0000, 0x0000, 0x0000, 0x0000, 0x0000, 0x0000, 0x0000, 0x0000, 0x0000, 0x0000, 0x0000, 0x0000,
    0x0000, 0x0000, 0x0000, 0x0000, 0x8431, 0xBDD7, 0xB554, 0xB554, 0xBDB6, 0xBDD6, 0xBDD6, 0xBDD6, 0xBDD6, 0xB554, 0xB554, 0xB554,
    0xC618, 0xC618, 0xC618, 0xC618, 0xC618, 0xC618, 0xC618, 0xDEFB, 0xDEFB, 0xDEFB, 0xDEFB, 0xCE58, 0xCE37, 0xCE37, 0xCE37, 0xCE37,
    0xCE37, 0xCE37, 0xCE37, 0xCE37, 0xCE37, 0xDEBA, 0xDEFB, 0xDEFB, 0xDEFB, 0xDEFB, 0xDEFB, 0xDEFB, 0xDEFB, 0xDEFB, 0xDEFB, 0xDEFB,
    0xDEFB, 0xCE37, 0xCE37, 0xD658, 0xD6B9, 0xD6B9, 0xD6B9, 0xD6B9, 0xD678, 0xCE37, 0xCE37, 0xDEFB, 0xDEFB, 0xDEFB, 0xDEFB, 0xDEFB,
    0xDEFB, 0xDEFB, 0xDEFB, 0xDEFB, 0xDEFB, 0xDEFB, 0xD678, 0xCE37, 0xCE17, 0xB554, 0xB554, 0xB554, 0xB554, 0xB554, 0xB554, 0xB554,
    0xCE38, 0xD69A, 0xFDEE, 0xFDEE, 0xFDEE, 0xFDEE, 0xFDEE, 0xFDEE, 0xFDEE, 0xFDEE, 0xFDEE, 0xE4ED, 0xDCED, 0xDCED, 0xDCCD, 0xDCED,
    0xDCED, 0xDCED, 0xDCED, 0xDCED, 0xE56E, 0xFEB0, 0xFEB0, 0xFEB0, 0xFEB0, 0xFEB0, 0xFEB0, 0xFDEE, 0xFDEE, 0xFDEE, 0xFDEE, 0xFDEE,
    0xFDEE, 0xFDEE, 0xFDEE, 0xFDEE, 0xFDEE, 0xFDEE, 0xFDEE, 0xFDEE, 0xFDEE, 0xFDEE, 0xFDEE, 0xFDEE, 0xFDEE, 0xFDEE, 0xFDEE, 0xFDEE,
    0xFDEE, 0xFDEE, 0xFDEE, 0xFDEE, 0xFDEE, 0xFDEE, 0xFDEE, 0xFDEE, 0xFDEE, 0xFDEE, 0xFDEE, 0xFDEE, 0xFDEE, 0xFDEE, 0xFDEE, 0xFDEE,
    0xFDEE, 0xFDEE, 0xFDEE, 0xFDEE, 0xFDEE, 0xFE2F, 0xFEB0, 0xFEB0, 0xFEB0, 0xFEB0, 0xFEB0, 0xFE90, 0xDCED, 0xDCCD, 0xDCED, 0xDCED,
    0xDCED, 0xDCED, 0xDCED, 0xDCED, 0xDCED, 0xDCED, 0xDCED, 0xDCED, 0xDCED, 0xDCED, 0xDCED, 0xDCED, 0xDCED, 0xDCED, 0xDCEE, 0xDEFB,
    0xBDF7, 0xAD35, 0x7BD0, 0x7BD0, 0x7BD0, 0x7BD0, 0x7BD0, 0x7BD0, 0x7BD0, 0x7BD0, 0x7BD0, 0x7BD0, 0x7BD0, 0x7BD0, 0x7BD0, 0x7BD0,
    0x9472, 0xBDF7, 0xBDF7, 0xBDF7, 0xC618, 0xC618, 0xC618, 0xBDF7, 0xB554, 0xB554, 0xB554, 0xB554, 0xB554, 0xCE37, 0xCE37, 0xCE37,
    0xCE37, 0xCE37, 0xDEFB, 0xDEFB, 0xDEFB, 0xDEFB, 0xDEFB, 0xDEFB, 0xDEFB, 0xDEFB, 0xDEFB, 0xDEFB, 0xDEFB, 0xD658, 0xCE37, 0xCE37,
    0xD6B9, 0xD6B9, 0xD6B9, 0xD6B9, 0xD6B9, 0xCE37, 0xCE37, 0xD678, 0xDEFB, 0xDEFB, 0xDEFB, 0xDEFB, 0xDEFB, 0xDEFB, 0xDEFB, 0xDEFB,
    0xDEFB, 0xDEFB, 0xDEFB, 0xCE37, 0xCE37, 0xCE37, 0xCE37, 0xCE37, 0xCE37, 0xCE37, 0xCE37, 0xCE37, 0x0000, 0x0000, 0x0000, 0x0000,
    0x0000, 0x0000, 0x0000, 0x0000, 0x0000, 0x0000, 0x0000, 0x0000, 0x0000, 0x0000, 0x0000, 0x0000, 0x0000, 0x0000, 0x0000, 0x0000,
    0x0000, 0x0000, 0x0000, 0x0000, 0x0000, 0x0000, 0x0000, 0x0000, 0x0000, 0x0000, 0x0000, 0x0000, 0x0000, 0x0000, 0x0000, 0x0000,
    0x0000, 0x0000, 0x0000, 0x0000, 0x0000, 0x0000, 0x0000, 0x0000, 0x0000, 0x0000, 0x0000, 0x0000, 0x0000, 0x0000, 0x0000, 0x0000,
    0x0000, 0x0000, 0x0000, 0x0000, 0x0000, 0x0000, 0x0000, 0x0000, 0x0000, 0x0000, 0x0000, 0x0000, 0x0000, 0x0000, 0x0000, 0x0000,
    0x0000, 0x0000, 0x0000, 0x0000, 0x7BAE, 0xB554, 0xBDD6, 0xBDD6, 0xBDD6, 0xBDD6, 0xBDD6, 0xBDD6, 0xBDD6, 0xBDD6, 0xBDD6, 0xB5B6,
    0xB554, 0xB554, 0xC618, 0xC618, 0xC618, 0xC618, 0xC618, 0xDEFB, 0xDEFB, 0xCE37, 0xCE37, 0xCE37, 0xCE37, 0xCE37, 0xCE37, 0xCE37,
    0xCE37, 0xCE37, 0xCE37, 0xCE37, 0xCE37, 0xCE37, 0xCE37, 0xCE37, 0xDEFB, 0xDEFB, 0xDEFB, 0xDEFB, 0xDEFB, 0xDEFB, 0xD658, 0xCE37,
    0xCE37, 0xD6B9, 0xD6B9, 0xD6B9, 0xD6B9, 0xD6B9, 0xD6B9, 0xD6B9, 0xD6B9, 0xD6B9, 0xD6B9, 0xCE37, 0xCE37, 0xD699, 0xDEFB, 0xDEFB,
    0xDEFB, 0xDEFB, 0xDEFB, 0xDEFB, 0xCE37, 0xCE37, 0xCE37, 0xCE37, 0xCE37, 0xCE37, 0xCE37, 0xB574, 0xB574, 0xB574, 0xB574, 0xC5D6,
    0xC5D6, 0xCE37, 0xFDEE, 0xFDEE, 0xFDEE, 0xFDEE, 0xFDEE, 0xFDEE, 0xFDEE, 0xFDEE, 0xFDEE, 0xE4ED, 0xDCED, 0xDCED, 0xDCED, 0xDCED,
    0xDCED, 0xDCED, 0xDCED, 0xDCED, 0xE56E, 0xFEB0, 0xFEB0, 0xFEB0, 0xFEB0, 0xFEB0, 0xFEB0, 0xFDEE, 0xFDEE, 0xFDEE, 0xFDEE, 0xFDEE,
    0xFDEE, 0xFDEE, 0xFDEE, 0xFDEE, 0xFDEE, 0xFDEE, 0xFDEE, 0xFDEE, 0xFDEE, 0xFDEE, 0xFDEE, 0xFDEE, 0xFDEE, 0xFDEE, 0xFDEE, 0xFDEE,
    0xFDEE, 0xFDEE, 0xFDEE, 0xFDEE, 0xFDEE, 0xFDEE, 0xFDEE, 0xFDEE, 0xFDEE, 0xFDEE, 0xFDEE, 0xFDEE, 0xFDEE, 0xFDEE, 0xFDEE, 0xFDEE,
    0xFDEE, 0xFDEE, 0xFDEE, 0xFDEE, 0xFDEE, 0xFE2F, 0xFEB0, 0xFEB0, 0xFEB0, 0xFEB0, 0xFEB0, 0xFE90, 0xDCED, 0xDCED, 0xDCED, 0xDCED,
    0xDCED, 0xDCED, 0xDCED, 0xDCED, 0xDCED, 0xDCED, 0xDCED, 0xDCED, 0xDCED, 0xDCED, 0xDCED, 0xDCED, 0xDCED, 0xFDCE, 0xDEFB, 0xDEFB,
    0xCE37, 0xB554, 0xB595, 0xBDD6, 0xBDD6, 0xBDD6, 0xBDD6, 0xBDD6, 0xBDD6, 0xBDD6, 0xBDD6, 0xBDD6, 0xB554, 0xB554, 0xB554, 0xC618,
    0xC618, 0xC618, 0xC618, 0xC618, 0xC618, 0xB575, 0xB554, 0xB554, 0xB554, 0xB554, 0xB554, 0xB554, 0xB554, 0xCE37, 0xCE37, 0xCE37,
    0xCE37, 0xCE37, 0xCE37, 0xCE37, 0xD69A, 0xDEFB, 0xDEFB, 0xDEFB, 0xDEFB, 0xDEFB, 0xDEFB, 0xCE37, 0xCE37, 0xCE58, 0xD6B9, 0xD6B9,
    0xD6B9, 0xD6B9, 0xD6B9, 0xD6B9, 0xD6B9, 0xD6B9, 0xD6B9, 0xCE37, 0xCE37, 0xCE37, 0xDEFB, 0xDEFB, 0xDEFB, 0xDEFB, 0xDEFB, 0xDEFB,
    0xD679, 0xCE37, 0xCE37, 0xCE37, 0xCE37, 0xCE37, 0xCE37, 0xCE37, 0xCE37, 0xCE37, 0xCE37, 0xCE37, 0x0000, 0x0000, 0x0000, 0x0000,
    0x0000, 0x0000, 0x0000, 0x0000, 0x0000, 0x0000, 0x0000, 0x0000, 0x0000, 0x0000, 0x0000, 0x0000, 0x0000, 0x0000, 0x0000, 0x0000,
    0x0000, 0x0000, 0x0000, 0x0000, 0x0000, 0x0000, 0x0000, 0x0000, 0x0000, 0x0000, 0x0000, 0x0000, 0x0000, 0x0000, 0x0000, 0x0000,
    0x0000, 0x0000, 0x0000, 0x0000, 0x0000, 0x0000, 0x0000, 0x0000, 0x0000, 0x0000, 0x0000, 0x0000, 0x0000, 0x0000, 0x0000, 0x0000,
    0x0000, 0x0000, 0x0000, 0x0000, 0x0000, 0x0000, 0x0000, 0x0000, 0x0000, 0x0000, 0x0000, 0x0000, 0x0000, 0x0000, 0x0000, 0x0000,
    0x0000, 0x0000, 0x0000, 0x0000, 0x840F, 0xBDD6, 0xBDD6, 0xBDD6, 0xBDD6, 0xBDD6, 0xBDD6, 0xBDD6, 0xBDD6, 0xBDD6, 0xBDD6, 0xBDD6,
    0xBDD6, 0xBDD6, 0xB595, 0xB554, 0xB554, 0xC618, 0xB554, 0xCE37, 0xCE37, 0xCE37, 0xCE37, 0xCE37, 0xCE37, 0xCE37, 0xCE37, 0xCE37,
    0xCE37, 0xCE37, 0xCE37, 0xCE37, 0xCE37, 0xCE37, 0xCE37, 0xCE37, 0xCE37, 0xCE37, 0xCE37, 0xD6BA, 0xCE37, 0xCE37, 0xD6B9, 0xD6B9,
    0xD6B9, 0xD6B9, 0xD6B9, 0xD6B9, 0xD6B9, 0xD6B9, 0xD6B9, 0xD6B9, 0xD6B9, 0xD6B9, 0xD6B9, 0xD6B9, 0xD6B9, 0xD6B9, 0xCE37, 0xCE37,
    0xDEDB, 0xCE37, 0xCE37, 0xCE37, 0xCE37, 0xCE37, 0xCE37, 0xCE37, 0xCE37, 0xCE37, 0xCE37, 0xCE37, 0xCE37, 0xCE37, 0xCE37, 0xCE37,
    0xCE37, 0xCE37, 0xFDEE, 0xFDEE, 0xFDEE, 0xFDEE, 0xFDEE, 0xFDEE, 0xFDEE, 0xFDEE, 0xFDEE, 0xE4ED, 0xDCED, 0xDCED, 0xDCED, 0xDCED,
    0xDCED, 0xDCCD, 0xDCED, 0xDCED, 0xE56E, 0xFEB0, 0xFEB0, 0xFEB0, 0xFEB0, 0xFEB0, 0xFEB0, 0xFDEE, 0xFDEE, 0xFDEE, 0xFDEE, 0xFDEE,
    0xFDEE, 0xFDEE, 0xFDEE, 0xFDEE, 0xFDEE, 0xFDEE, 0xFDEE, 0xFDEE, 0xFDEE, 0xFDEE, 0xFDEE, 0xFDEE, 0xFDEE, 0xFDEE, 0xFDEE, 0xFDEE,
    0xFDEE, 0xFDEE, 0xFDEE, 0xFDEE, 0xFDEE, 0xFDEE, 0xFDEE, 0xFDEE, 0xFDEE, 0xFDEE, 0xFDEE, 0xFDEE, 0xFDEE, 0xFDEE, 0xFDEE, 0xFDEE,
    0xFDEE, 0xFDEE, 0xFDEE, 0xFDEE, 0xFDEE, 0xFE2F, 0xFEB0, 0xFEB0, 0xFEB0, 0xFEB0, 0xFEB0, 0xFE90, 0xDCED, 0xDCED, 0xDCED, 0xDCED,
    0xDCED, 0xDCED, 0xDCED, 0xDCED, 0xDCED, 0xFDEE, 0xFDEE, 0xFDEE, 0xFDEE, 0xFDEE, 0xFDEE, 0xFDEE, 0xFDEE, 0xFDEE, 0xCE37, 0xCE37,
    0xD6B9, 0xD6B9, 0xBDD6, 0xBDD6, 0xBDD6, 0xBDD6, 0xBDD6, 0xBDD6, 0xBDD6, 0xBDD6, 0xBDD6, 0xBDD6, 0xBDD6, 0xBDD6, 0xBDD6, 0xB554,
    0xB554, 0xB554, 0xBDB6, 0xB554, 0xB554, 0xB554, 0xB554, 0xB554, 0xB554, 0xB554, 0xB554, 0xB554, 0xCE37, 0xCE37, 0xCE37, 0xCE37,
    0xCE37, 0xCE37, 0xCE37, 0xCE37, 0xCE37, 0xCE37, 0xCE37, 0xDEFB, 0xCE37, 0xCE37, 0xCE37, 0xD6B9, 0xD6B9, 0xD6B9, 0xD6B9, 0xD6B9,
    0xD6B9, 0xD6B9, 0xD6B9, 0xD6B9, 0xD6B9, 0xD6B9, 0xD6B9, 0xD6B9, 0xD6B9, 0xD6B9, 0xCE37, 0xCE37, 0xCE37, 0xDEDA, 0xCE37, 0xCE37,
    0xCE37, 0xCE37, 0xCE37, 0xCE37, 0xCE37, 0xCE37, 0xCE37, 0xCE37, 0xCE37, 0xCE37, 0xCE37, 0xCE37, 0x0000, 0x0000, 0x0000, 0x0000,
    0x0000, 0x0000, 0x0000, 0x0000, 0x0000, 0x0000, 0x0000, 0x0000, 0x0000, 0x0000, 0x0000, 0x0000, 0x0000, 0x0000, 0x0000, 0x0000,
    0x0000, 0x0000, 0x0000, 0x0000, 0x0000, 0x0000, 0x0000, 0x0000, 0x0000, 0x0000, 0x0000, 0x0000, 0x0000, 0x0000, 0x0000, 0x0000,
    0x0000, 0x0000, 0x0000, 0x0000, 0x0000, 0x0000, 0x0000, 0x0000, 0x0000, 0x0000, 0x0000, 0x0000, 0x0000, 0x0000, 0x0000, 0x0000,
    0x0000, 0x0000, 0x0000, 0x0000, 0x0000, 0x0000, 0x0000, 0x0000, 0x0000, 0x0000, 0x0000, 0x0000, 0x0000, 0x0000, 0x0000, 0x0000,
    0x0000, 0x0000, 0x0000, 0x0000, 0x0000, 0x0000, 0x0000, 0x0000, 0x0000, 0x0000, 0x0000, 0x0000, 0x0000, 0x0000, 0x0000, 0x0000,
    0x0000, 0x0000, 0x0000, 0x0000, 0x0000, 0x0000, 0x0000, 0x0000, 0x0000, 0x0000, 0x0000, 0x0000, 0x0000, 0x0000, 0x0000, 0x0000,
    0x0000, 0x0000, 0x0000, 0x0000, 0x0000, 0x0000, 0x0000, 0x0000, 0x0000, 0x0000, 0x0000, 0x0000, 0x0000, 0x0000, 0x0000, 0x0000,
    0x0000, 0x0000, 0x0000, 0x0000, 0x0000, 0x0000, 0x0000, 0x0000, 0x0000, 0x0000, 0x0000, 0x0000, 0x0000, 0x0000, 0x0000, 0x0000,
    0x0000, 0x0000, 0x0000, 0x0000, 0x0000, 0x0000, 0x0000, 0x0000, 0x0000, 0x0000, 0x0000, 0x0000, 0x0000, 0x0000, 0x0000, 0x0000,
    0x0000, 0x0000, 0x0000, 0x0000, 0x0000, 0x0000, 0x0000, 0x0000, 0x0000, 0x0000, 0x0000, 0x0000, 0x0000, 0x0000, 0x0000, 0x0000,
    0x0000, 0x0000, 0x0000, 0x0000, 0x8BA8, 0xFEB0, 0xFEB0, 0xFEB0, 0xFEB0, 0xFEB0, 0xFEB0, 0xFDEE, 0xFDEE, 0xFDEE, 0xFDEE, 0xFDEE,
    0xFDEE, 0xFDEE, 0xFDEE, 0xFDEE, 0xFDEE, 0xFDEE, 0xFDEE, 0xFDEE, 0xFDEE, 0xFDEE, 0xFDEE, 0xFDEE, 0xFDEE, 0xFDEE, 0xFDEE, 0xFDEE,
    0xFDEE, 0xFDEE, 0xFDEE, 0xFDEE, 0xFDEE, 0xFDEE, 0xFDEE, 0xFDEE, 0xFDEE, 0xFDEE, 0xFDEE, 0xFDEE, 0xFDEE, 0xFDEE, 0xFDEE, 0xFDEE,
    0xFDEE, 0xFDEE, 0xFDEE, 0xFDEE, 0xFDEE, 0xFE2F, 0xFEB0, 0xFEB0, 0xFEB0, 0xFEB0, 0xFEB0, 0xF66F, 0x0000, 0x0000, 0x0000, 0x0000,
    0x0000, 0x0000, 0x0000, 0x0000, 0x0000, 0x0000, 0x0000, 0x0000, 0x0000, 0x0000, 0x0000, 0x0000, 0x0000, 0x0000, 0x0000, 0x0000,
    0x0000, 0x0000, 0x0000, 0x0000, 0x0000, 0x0000, 0x0000, 0x0000, 0x0000, 0x0000, 0x0000, 0x0000, 0x0000, 0x0000, 0x0000, 0x0000,
    0x0000, 0x0000, 0x0000, 0x0000, 0x0000, 0x0000, 0x0000, 0x0000, 0x0000, 0x0000, 0x0000, 0x0000, 0x0000, 0x0000, 0x0000, 0x0000,
    0x0000, 0x0000, 0x0000, 0x0000, 0x0000, 0x0000, 0x0000, 0x0000, 0x0000, 0x0000, 0x0000, 0x0000, 0x0000, 0x0000, 0x0000, 0x0000,
    0x0000, 0x0000, 0x0000, 0x0000, 0x0000, 0x0000, 0x0000, 0x0000, 0x0000, 0x0000, 0x0000, 0x0000, 0x0000, 0x0000, 0x0000, 0x0000,
    0x0000, 0x0000, 0x0000, 0x0000, 0x0000, 0x0000, 0x0000, 0x0000, 0x0000, 0x0000, 0x0000, 0x0000, 0x0000, 0x0000, 0x0000, 0x0000,
    0x0000, 0x0000, 0x0000, 0x0000, 0x0000, 0x0000, 0x0000, 0x0000, 0x0000, 0x0000, 0x0000, 0x0000, 0x0000, 0x0000, 0x0000, 0x0000,
    0x0000, 0x0000, 0x0000, 0x0000, 0x0000, 0x0000, 0x0000, 0x0000, 0x0000, 0x0000, 0x0000, 0x0000, 0x0000, 0x0000, 0x0000, 0x0000,
    0x0000, 0x0000, 0x0000, 0x0000, 0x0000, 0x0000, 0x0000, 0x0000, 0x0000, 0x0000, 0x0000, 0x0000, 0x0000, 0x0000, 0x0000, 0x0000,
    0x0000, 0x0000, 0x0000, 0x0000, 0x0000, 0x0000, 0x0000, 0x0000, 0x0000, 0x0000, 0x0000, 0x0000, 0x0000, 0x0000, 0x0000, 0x0000,
    0x0000, 0x0000, 0x0000, 0x0000, 0x0000, 0x0000, 0x0000, 0x0000, 0x0000, 0x0000, 0x0000, 0x0000, 0x0000, 0x0000, 0x0000, 0x0000,
    0x0000, 0x0000, 0x0000, 0x0000, 0x0000, 0x0000, 0x0000, 0x0000, 0x0000, 0x0000, 0x0000, 0x0000, 0x0000, 0x0000, 0x0000, 0x0000,
    0x0000, 0x0000, 0x0000, 0x0000, 0x0000, 0x0000, 0x0000, 0x0000, 0x0000, 0x0000, 0x0000, 0x0000, 0x0000, 0x0000, 0x0000, 0x0000,
    0x0000, 0x0000, 0x0000, 0x0000, 0x0000, 0x0000, 0x0000, 0x0000, 0x0000, 0x0000, 0x0000, 0x0000, 0x0000, 0x0000, 0x0000, 0x0000,
    0x0000, 0x0000, 0x0000, 0x0000, 0x0000, 0x0000, 0x0000, 0x0000, 0x0000, 0x0000, 0x0000, 0x0000, 0x0000, 0x0000, 0x0000, 0x0000,
    0x0000, 0x0000, 0x0000, 0x0000, 0x0000, 0x0000, 0x0000, 0x0000, 0x0000, 0x0000, 0x0000, 0x0000, 0x0000, 0x0000, 0x0000, 0x0000,
    0x0000, 0x0000, 0x0000, 0x0000, 0x8BA8, 0xFEB0, 0xFEB0, 0xFEB0, 0xFEB0, 0xFEB0, 0xFEB0, 0xFDEE, 0xFDEE, 0xFDEE, 0xFDEE, 0xFDEE,
    0xFDEE, 0xFDEE, 0xFDEE, 0xFDEE, 0xFDEE, 0xFDEE, 0xFDEE, 0xFDEE, 0xFDEE, 0xFDEE, 0xFDEE, 0xFDEE, 0xFDEE, 0xFDEE, 0xFDEE, 0xFDEE,
    0xFDEE, 0xFDEE, 0xFDEE, 0xFDEE, 0xFDEE, 0xFDEE, 0xFDEE, 0xFDEE, 0xFDEE, 0xFDEE, 0xFDEE, 0xFDEE, 0xFDEE, 0xFDEE, 0xFDEE, 0xFDEE,
    0xFDEE, 0xFDEE, 0xFDEE, 0xFDEE, 0xFDEE, 0xFE2F, 0xFEB0, 0xFEB0, 0xFEB0, 0xFEB0, 0xFEB0, 0xF670, 0x0000, 0x0000, 0x0000, 0x0000,
    0x0000, 0x0000, 0x0000, 0x0000, 0x0000, 0x0000, 0x0000, 0x0000, 0x0000, 0x0000, 0x0000, 0x0000, 0x0000, 0x0000, 0x0000, 0x0000,
    0x0000, 0x0000, 0x0000, 0x0000, 0x0000, 0x0000, 0x0000, 0x0000, 0x0000, 0x0000, 0x0000, 0x0000, 0x0000, 0x0000, 0x0000, 0x0000,
    0x0000, 0x0000, 0x0000, 0x0000, 0x0000, 0x0000, 0x0000, 0x0000, 0x0000, 0x0000, 0x0000, 0x0000, 0x0000, 0x0000, 0x0000, 0x0000,
    0x0000, 0x0000, 0x0000, 0x0000, 0x0000, 0x0000, 0x0000, 0x0000, 0x0000, 0x0000, 0x0000, 0x0000, 0x0000, 0x0000, 0x0000, 0x0000,
    0x0000, 0x0000, 0x0000, 0x0000, 0x0000, 0x0000, 0x0000, 0x0000, 0x0000, 0x0000, 0x0000, 0x0000, 0x0000, 0x0000, 0x0000, 0x0000,
    0x0000, 0x0000, 0x0000, 0x0000, 0x0000, 0x0000, 0x0000, 0x0000, 0x0000, 0x0000, 0x0000, 0x0000, 0x0000, 0x0000, 0x0000, 0x0000,
    0x0000, 0x0000, 0x0000, 0x0000, 0x0000, 0x0000, 0x0000, 0x0000, 0x0000, 0x0000, 0x0000, 0x0000, 0x0000, 0x0000, 0x0000, 0x0000,
    0x0000, 0x0000, 0x0000, 0x0000, 0x0000, 0x0000, 0x0000, 0x0000, 0x0000, 0x0000, 0x0000, 0x0000, 0x0000, 0x0000, 0x0000, 0x0000,
    0x0000, 0x0000, 0x0000, 0x0000, 0x0000, 0x0000, 0x0000, 0x0000, 0x0000, 0x0000, 0x0000, 0x0000, 0x0000, 0x0000, 0x0000, 0x0000,
    0x0000, 0x0000, 0x0000, 0x0000, 0x0000, 0x0000, 0x0000, 0x0000, 0x0000, 0x0000, 0x0000, 0x0000, 0x0000, 0x0000, 0x0000, 0x0000,
    0x0000, 0x0000, 0x0000, 0x0000, 0x0000, 0x0000, 0x0000, 0x0000, 0x0000, 0x0000, 0x0000, 0x0000, 0x0000, 0x0000, 0x0000, 0x0000,
    0x0000, 0x0000, 0x0000, 0x0000, 0x0000, 0x0000, 0x0000, 0x0000, 0x0000, 0x0000, 0x0000, 0x0000, 0x0000, 0x0000, 0x0000, 0x0000,
    0x0000, 0x0000, 0x0000, 0x0000, 0x0000, 0x0000, 0x0000, 0x0000, 0x0000, 0x0000, 0x0000, 0x0000, 0x0000, 0x0000, 0x0000, 0x0000,
    0x0000, 0x0000, 0x0000, 0x0000, 0x0000, 0x0000, 0x0000, 0x0000, 0x0000, 0x0000, 0x0000, 0x0000, 0x0000, 0x0000, 0x0000, 0x0000,
    0x0000, 0x0000, 0x0000, 0x0000, 0x0000, 0x0000, 0x0000, 0x0000, 0x0000, 0x0000, 0x0000, 0x0000, 0x0000, 0x0000, 0x0000, 0x0000,
    0x0000, 0x0000, 0x0000, 0x0000, 0x0000, 0x0000, 0x0000, 0x0000, 0x0000, 0x0000, 0x0000, 0x0000, 0x0000, 0x0000, 0x0000, 0x0000,
    0x0000, 0x0000, 0x0000, 0x0000, 0x0000, 0xFEB0, 0xFEB0, 0xFEB0, 0xFEB0, 0xFEB0, 0xFEB0, 0xFDEE, 0xFDEE, 0xFDEE, 0xFDEE, 0xFDEE,
    0xFDEE, 0xFDEE, 0xFDEE, 0xFDEE, 0xFDEE, 0xFDEE, 0xFDEE, 0xFDEE, 0xFDEE, 0xFDEE, 0xFDEE, 0xFDEE, 0xFDEE, 0xFDEE, 0xFDEE, 0xFDEE,
    0xFDEE, 0xFDEE, 0xFDEE, 0xFDEE, 0xFDEE, 0xFDEE, 0xFDEE, 0xFDEE, 0xFDEE, 0xFDEE, 0xFDEE, 0xFDEE, 0xFDEE, 0xFDEE, 0xFDEE, 0xFDEE,
    0xFDEE, 0xFDEE, 0xFDEE, 0xFDEE, 0xFDEE, 0xFEB0, 0xFEB0, 0xFEB0, 0xFEB0, 0xFEB0, 0xFEB0, 0x0000, 0x0000, 0x0000, 0x0000, 0x0000,
    0x0000, 0x0000, 0x0000, 0x0000, 0x0000, 0x0000, 0x0000, 0x0000, 0x0000, 0x0000, 0x0000, 0x0000, 0x0000, 0x0000, 0x0000, 0x0000,
    0x0000, 0x0000, 0x0000, 0x0000, 0x0000, 0x0000, 0x0000, 0x0000, 0x0000, 0x0000, 0x0000, 0x0000, 0x0000, 0x0000, 0x0000, 0x0000,
    0x0000, 0x0000, 0x0000, 0x0000, 0x0000, 0x0000, 0x0000, 0x0000, 0x0000, 0x0000, 0x0000, 0x0000, 0x0000, 0x0000, 0x0000, 0x0000,
    0x0000, 0x0000, 0x0000, 0x0000, 0x0000, 0x0000, 0x0000, 0x0000, 0x0000, 0x0000, 0x0000, 0x0000, 0x0000, 0x0000, 0x0000, 0x0000,
    0x0000, 0x0000, 0x0000, 0x0000, 0x0000, 0x0000, 0x0000, 0x0000, 0x0000, 0x0000, 0x0000, 0x0000, 0x0000, 0x0000, 0x0000, 0x0000,
    0x0000, 0x0000, 0x0000, 0x0000, 0x0000, 0x0000, 0x0000, 0x0000, 0x0000, 0x0000, 0x0000, 0x0000, 0x0000, 0x0000, 0x0000, 0x0000,
    0x0000, 0x0000, 0x0000, 0x0000, 0x0000, 0x0000, 0x0000, 0x0000, 0x0000, 0x0000, 0x0000, 0x0000, 0x0000, 0x0000, 0x0000, 0x0000,
    0x0000, 0x0000, 0x0000, 0x0000, 0x0000, 0x0000, 0x0000, 0x0000, 0x0000, 0x0000, 0x0000, 0x0000, 0x0000, 0x0000, 0x0000, 0x0000,
    0x0000, 0x0000, 0x0000, 0x0000, 0x0000, 0x0000, 0x0000, 0x0000, 0x0000, 0x0000, 0x0000, 0x0000, 0x0000, 0x0000, 0x0000, 0x0000,
    0x0000, 0x0000, 0x0000, 0x0000, 0x0000, 0x0000, 0x0000, 0x0000, 0x0000, 0x0000, 0x0000, 0x0000, 0x0000, 0x0000, 0x0000, 0x0000,
    0x0000, 0x0000, 0x0000, 0x0000, 0x0000, 0x0000, 0x0000, 0x0000, 0x0000, 0x0000, 0x0000, 0x0000, 0x0000, 0x0000, 0x0000, 0x0000,
    0x0000, 0x0000, 0x0000, 0x0000, 0x0000, 0x0000, 0x0000, 0x0000, 0x0000, 0x0000, 0x0000, 0x0000, 0x0000, 0x0000, 0x0000, 0x0000,
    0x0000, 0x0000, 0x0000, 0x0000, 0x0000, 0x0000, 0x0000, 0x0000, 0x0000, 0x0000, 0x0000, 0x0000, 0x0000, 0x0000, 0x0000, 0x0000,
    0x0000, 0x0000, 0x0000, 0x0000, 0x0000, 0x0000, 0x0000, 0x0000, 0x0000, 0x0000, 0x0000, 0x0000, 0x0000, 0x0000, 0x0000, 0x0000,
    0x0000, 0x0000, 0x0000, 0x0000, 0x0000, 0x0000, 0x0000, 0x0000, 0x0000, 0x0000, 0x0000, 0x0000, 0x0000, 0x0000, 0x0000, 0x0000,
    0x0000, 0x0000, 0x0000, 0x0000, 0x0000, 0x0000, 0x0000, 0x0000, 0x0000, 0x0000, 0x0000, 0x0000, 0x0000, 0x0000, 0x0000, 0x0000,
    0x0000, 0x0000, 0x0000, 0x0000, 0x0000, 0xFEB0, 0xFEB0, 0xFEB0, 0xFEB0, 0xFEB0, 0xFEB0, 0xFDEE, 0xFDEE, 0xFDEE, 0xFDEE, 0xFDEE,
    0xFDEE, 0xFDEE, 0xFDEE, 0xFDEE, 0xFDEE, 0xFDEE, 0xFDEE, 0xFDEE, 0xFDEE, 0xFDEE, 0xFDEE, 0xFDEE, 0xFDEE, 0xFDEE, 0xFDEE, 0xFDEE,
    0xFDEE, 0xFDEE, 0xFDEE, 0xFDEE, 0xFDEE, 0xFDEE, 0xFDEE, 0xFDEE, 0xFDEE, 0xFDEE, 0xFDEE, 0xFDEE, 0xFDEE, 0xFDEE, 0xFDEE, 0xFDEE,
    0xFDEE, 0xFDEE, 0xFDEE, 0xFDEE, 0xFDEE, 0xFEB0, 0xFEB0, 0xFEB0, 0xFEB0, 0xFEB0, 0xFEB0, 0x0000, 0x0000, 0x0000, 0x0000, 0x0000,
    0x0000, 0x0000, 0x0000, 0x0000, 0x0000, 0x0000, 0x0000, 0x0000, 0x0000, 0x0000, 0x0000, 0x0000, 0x0000, 0x0000, 0x0000, 0x0000,
    0x0000, 0x0000, 0x0000, 0x0000, 0x0000, 0x0000, 0x0000, 0x0000, 0x0000, 0x0000, 0x0000, 0x0000, 0x0000, 0x0000, 0x0000, 0x0000,
    0x0000, 0x0000, 0x0000, 0x0000, 0x0000, 0x0000, 0x0000, 0x0000, 0x0000, 0x0000, 0x0000, 0x0000, 0x0000, 0x0000, 0x0000, 0x0000,
    0x0000, 0x0000, 0x0000, 0x0000, 0x0000, 0x0000, 0x0000, 0x0000, 0x0000, 0x0000, 0x0000, 0x0000, 0x0000, 0x0000, 0x0000, 0x0000,
    0x0000, 0x0000, 0x0000, 0x0000, 0x0000, 0x0000, 0x0000, 0x0000, 0x0000, 0x0000, 0x0000, 0x0000, 0x0000, 0x0000, 0x0000, 0x0000,
    0x0000, 0x0000, 0x0000, 0x0000, 0x0000, 0x0000, 0x0000, 0x0000, 0x0000, 0x0000, 0x0000, 0x0000, 0x0000, 0x0000, 0x0000, 0x0000,
    0x0000, 0x0000, 0x0000, 0x0000, 0x0000, 0x0000, 0x0000, 0x0000, 0x0000, 0x0000, 0x0000, 0x0000, 0x0000, 0x0000, 0x0000, 0x0000,
    0x0000, 0x0000, 0x0000, 0x0000, 0x0000, 0x0000, 0x0000, 0x0000, 0x0000, 0x0000, 0x0000, 0x0000, 0x0000, 0x0000, 0x0000, 0x0000,
    0x0000, 0x0000, 0x0000, 0x0000, 0x0000, 0x0000, 0x0000, 0x0000, 0x0000, 0x0000, 0x0000, 0x0000, 0x0000, 0x0000, 0x0000, 0x0000,
    0x0000, 0x0000, 0x0000, 0x0000, 0x0000, 0x0000, 0x0000, 0x0000, 0x0000, 0x0000, 0x0000, 0x0000, 0x0000, 0x0000, 0x0000, 0x0000,
    0x0000, 0x0000, 0x0000, 0x0000, 0x0000, 0x0000, 0x0000, 0x0000, 0x0000, 0x0000, 0x0000, 0x0000, 0x0000, 0x0000, 0x0000, 0x0000,
    0x0000, 0x0000, 0x0000, 0x0000, 0x0000, 0x0000, 0x0000, 0x0000, 0x0000, 0x0000, 0x0000, 0x0000, 0x0000, 0x0000, 0x0000, 0x0000,
    0x0000, 0x0000, 0x0000, 0x0000, 0x0000, 0x0000, 0x0000, 0x0000, 0x0000, 0x0000, 0x0000, 0x0000, 0x0000, 0x0000, 0x0000, 0x0000,
    0x0000, 0x0000, 0x0000, 0x0000, 0x0000, 0x0000, 0x0000, 0x0000, 0x0000, 0x0000, 0x0000, 0x0000, 0x0000, 0x0000, 0x0000, 0x0000,
    0x0000, 0x0000, 0x0000, 0x0000, 0x0000, 0x0000, 0x0000, 0x0000, 0x0000, 0x0000, 0x0000, 0x0000, 0x0000, 0x0000, 0x0000, 0x0000,
    0x0000, 0x0000, 0x0000, 0x0000, 0x0000, 0x0000, 0x0000, 0x0000, 0x0000, 0x0000, 0x0000, 0x0000, 0x0000, 0x0000, 0x0000, 0x0000,
    0x0000, 0x0000, 0x0000, 0x0000, 0x0000, 0x0000, 0xFEB0, 0xFEB0, 0xFEB0, 0xFEB0, 0xFEB0, 0xFE6F, 0xFDEE, 0xFDEE, 0xFDEE, 0xFDEE,
    0xFDEE, 0xFDEE, 0xFDEE, 0xFDEE, 0xFDEE, 0xFDEE, 0xFDEE, 0xFDEE, 0xFDEE, 0xFDEE, 0xFDEE, 0xFDEE, 0xFDEE, 0xFDEE, 0xFDEE, 0xFDEE,
    0xFDEE, 0xFDEE, 0xFDEE, 0xFDEE, 0xFDEE, 0xFDEE, 0xFDEE, 0xFDEE, 0xFDEE, 0xFDEE, 0xFDEE, 0xFDEE, 0xFDEE, 0xFDEE, 0xFDEE, 0xFDEE,
    0xFDEE, 0xFDEE, 0xFDEE, 0xFDEE, 0xFDEE, 0xFEB0, 0xFEB0, 0xFEB0, 0xFEB0, 0xFEB0, 0xAC6A, 0x0000, 0x0000, 0x0000, 0x0000, 0x0000,
    0x0000, 0x0000, 0x0000, 0x0000, 0x0000, 0x0000, 0x0000, 0x0000, 0x0000, 0x0000, 0x0000, 0x0000, 0x0000, 0x0000, 0x0000, 0x0000,
    0x0000, 0x0000, 0x0000, 0x0000, 0x0000, 0x0000, 0x0000, 0x0000, 0x0000, 0x0000, 0x0000, 0x0000, 0x0000, 0x0000, 0x0000, 0x0000,
    0x0000, 0x0000, 0x0000, 0x0000, 0x0000, 0x0000, 0x0000, 0x0000, 0x0000, 0x0000, 0x0000, 0x0000, 0x0000, 0x0000, 0x0000, 0x0000,
    0x0000, 0x0000, 0x0000, 0x0000, 0x0000, 0x0000, 0x0000, 0x0000, 0x0000, 0x0000, 0x0000, 0x0000, 0x0000, 0x0000, 0x0000, 0x0000,
    0x0000, 0x0000, 0x0000, 0x0000, 0x0000, 0x0000, 0x0000, 0x0000, 0x0000, 0x0000, 0x0000, 0x0000, 0x0000, 0x0000, 0x0000, 0x0000,
    0x0000, 0x0000, 0x0000, 0x0000, 0x0000, 0x0000, 0x0000, 0x0000, 0x0000, 0x0000, 0x0000, 0x0000, 0x0000, 0x0000, 0x0000, 0x0000,
    0x0000, 0x0000, 0x0000, 0x0000, 0x0000, 0x0000, 0x0000, 0x0000, 0x0000, 0x0000, 0x0000, 0x0000, 0x0000, 0x0000, 0x0000, 0x0000,
    0x0000, 0x0000, 0x0000, 0x0000, 0x0000, 0x0000, 0x0000, 0x0000, 0x0000, 0x0000, 0x0000, 0x0000, 0x0000, 0x0000, 0x0000, 0x0000,
    0x0000, 0x0000, 0x0000, 0x0000, 0x0000, 0x0000, 0x0000, 0x0000, 0x0000, 0x0000, 0x0000, 0x0000, 0x0000, 0x0000, 0x0000, 0x0000,
    0x0000, 0x0000, 0x0000, 0x0000, 0x0000, 0x0000, 0x0000, 0x0000, 0x0000, 0x0000, 0x0000, 0x0000, 0x0000, 0x0000, 0x0000, 0x0000,
    0x0000, 0x0000, 0x0000, 0x0000, 0x0000, 0x0000, 0x0000, 0x0000, 0x0000, 0x0000, 0x0000, 0x0000, 0x0000, 0x0000, 0x0000, 0x0000,
    0x0000, 0x0000, 0x0000, 0x0000, 0x0000, 0x0000, 0x0000, 0x0000, 0x0000, 0x0000, 0x0000, 0x0000, 0x0000, 0x0000, 0x0000, 0x0000,
    0x0000, 0x0000, 0x0000, 0x0000, 0x0000, 0x0000, 0x0000, 0x0000, 0x0000, 0x0000, 0x0000, 0x0000, 0x0000, 0x0000, 0x0000, 0x0000,
    0x0000, 0x0000, 0x0000, 0x0000, 0x0000, 0x0000, 0x0000, 0x0000, 0x0000, 0x0000, 0x0000, 0x0000, 0x0000, 0x0000, 0x0000, 0x0000,
    0x0000, 0x0000, 0x0000, 0x0000, 0x0000, 0x0000, 0x0000, 0x0000, 0x0000, 0x0000, 0x0000, 0x0000, 0x0000, 0x0000, 0x0000, 0x0000,
    0x0000, 0x0000, 0x0000, 0x0000, 0x0000, 0x0000, 0x0000, 0x0000, 0x0000, 0x0000, 0x0000, 0x0000, 0x0000, 0x0000, 0x0000, 0x0000,
    0x0000, 0x0000, 0x0000, 0x0000, 0x0000, 0x0000, 0xFEB0, 0xFEB0, 0xFEB0, 0xFEB0, 0xFEB0, 0xFEB0, 0xFDEE, 0xFDEE, 0xFDEE, 0xFDEE,
    0xFDEE, 0xFDEE, 0xFDEE, 0xFDEE, 0xFDEE, 0xFDEE, 0xFDEE, 0xFDEE, 0xFDEE, 0xFDEE, 0xFDEE, 0xFDEE, 0xFDEE, 0xFDEE, 0xFDEE, 0xFDEE,
    0xFDEE, 0xFDEE, 0xFDEE, 0xFDEE, 0xFDEE, 0xFDEE, 0xFDEE, 0xFDEE, 0xFDEE, 0xFDEE, 0xFDEE, 0xFDEE, 0xFDEE, 0xFDEE, 0xFDEE, 0xFDEE,
    0xFDEE, 0xFDEE, 0xFDEE, 0xFDEE, 0xFEB0, 0xFEB0, 0xFEB0, 0xFEB0, 0xFEB0, 0xFEB0, 0x0000, 0x0000, 0x0000, 0x0000, 0x0000, 0x0000,
    0x0000, 0x0000, 0x0000, 0x0000, 0x0000, 0x0000, 0x0000, 0x0000, 0x0000, 0x0000, 0x0000, 0x0000, 0x0000, 0x0000, 0x0000, 0x0000,
    0x0000, 0x0000, 0x0000, 0x0000, 0x0000, 0x0000, 0x0000, 0x0000, 0x0000, 0x0000, 0x0000, 0x0000, 0x0000, 0x0000, 0x0000, 0x0000,
    0x0000, 0x0000, 0x0000, 0x0000, 0x0000, 0x0000, 0x0000, 0x0000, 0x0000, 0x0000, 0x0000, 0x0000, 0x0000, 0x0000, 0x0000, 0x0000,
    0x0000, 0x0000, 0x0000, 0x0000, 0x0000, 0x0000, 0x0000, 0x0000, 0x0000, 0x0000, 0x0000, 0x0000, 0x0000, 0x0000, 0x0000, 0x0000,
    0x0000, 0x0000, 0x0000, 0x0000, 0x0000, 0x0000, 0x0000, 0x0000, 0x0000, 0x0000, 0x0000, 0x0000, 0x0000, 0x0000, 0x0000, 0x0000,
    0x0000, 0x0000, 0x0000, 0x0000, 0x0000, 0x0000, 0x0000, 0x0000, 0x0000, 0x0000, 0x0000, 0x0000, 0x0000, 0x0000, 0x0000, 0x0000,
    0x0000, 0x0000, 0x0000, 0x0000, 0x0000, 0x0000, 0x0000, 0x0000, 0x0000, 0x0000, 0x0000, 0x0000, 0x0000, 0x0000, 0x0000, 0x0000,
    0x0000, 0x0000, 0x0000, 0x0000, 0x0000, 0x0000, 0x0000, 0x0000, 0x0000, 0x0000, 0x0000, 0x0000, 0x0000, 0x0000, 0x0000, 0x0000,
    0x0000, 0x0000, 0x0000, 0x0000, 0x0000, 0x0000, 0x0000, 0x0000, 0x0000, 0x0000, 0x0000, 0x0000, 0x0000, 0x0000, 0x0000, 0x0000,
    0x0000, 0x0000, 0x0000, 0x0000, 0x0000, 0x0000, 0x0000, 0x0000, 0x0000, 0x0000, 0x0000, 0x0000, 0x0000, 0x0000, 0x0000, 0x0000,
    0x0000, 0x0000, 0x0000, 0x0000, 0x0000, 0x0000, 0x0000, 0x0000, 0x0000, 0x0000, 0x0000, 0x0000, 0x0000, 0x0000, 0x0000, 0x0000,
    0x0000, 0x0000, 0x0000, 0x0000, 0x0000, 0x0000, 0x0000, 0x0000, 0x0000, 0x0000, 0x0000, 0x0000, 0x0000, 0x0000, 0x0000, 0x0000,
    0x0000, 0x0000, 0x0000, 0x0000, 0x0000, 0x0000, 0x0000, 0x0000, 0x0000, 0x0000, 0x0000, 0x0000, 0x0000, 0x0000, 0x0000, 0x0000,
    0x0000, 0x0000, 0x0000, 0x0000, 0x0000, 0x0000, 0x0000, 0x0000, 0x0000, 0x0000, 0x0000, 0x0000, 0x0000, 0x0000, 0x0000, 0x0000,
    0x0000, 0x0000, 0x0000, 0x0000, 0x0000, 0x0000, 0x0000, 0x0000, 0x0000, 0x0000, 0x0000, 0x0000, 0x0000, 0x0000, 0x0000, 0x0000,
    0x0000, 0x0000, 0x0000, 0x0000, 0x0000, 0x0000, 0x0000, 0x0000, 0x0000, 0x0000, 0x0000, 0x0000, 0x0000, 0x0000, 0x0000, 0x0000,
    0x0000, 0x0000, 0x0000, 0x0000, 0x0000, 0x0000, 0xFEB0, 0xFEB0, 0xFEB0, 0xFEB0, 0xFEB0, 0xFEB0, 0xFDEE, 0xFDEE, 0xFDEE, 0xFDEE,
    0xFDEE, 0xFDEE, 0xFDEE, 0xFDEE, 0xFDEE, 0xFDEE, 0xFDEE, 0xFDEE, 0xFDEE, 0xFDEE, 0xFDEE, 0xFDEE, 0xFDEE, 0xFDEE, 0xFDEE, 0xFDEE,
    0xFDEE, 0xFDEE, 0xFDEE, 0xFDEE, 0xFDEE, 0xFDEE, 0xFDEE, 0xFDEE, 0xFDEE, 0xFDEE, 0xFDEE, 0xFDEE, 0xFDEE, 0xFDEE, 0xFDEE, 0xFDEE,
    0xFDEE, 0xFDEE, 0xFDEE, 0xFDEE, 0xFEB0, 0xFEB0, 0xFEB0, 0xFEB0, 0xFEB0, 0xFEB0, 0x0000, 0x0000, 0x0000, 0x0000, 0x0000, 0x0000,
    0x0000, 0x0000, 0x0000, 0x0000, 0x0000, 0x0000, 0x0000, 0x0000, 0x0000, 0x0000, 0x0000, 0x0000, 0x0000, 0x0000, 0x0000, 0x0000,
    0x0000, 0x0000, 0x0000, 0x0000, 0x0000, 0x0000, 0x0000, 0x0000, 0x0000, 0x0000, 0x0000, 0x0000, 0x0000, 0x0000, 0x0000, 0x0000,
    0x0000, 0x0000, 0x0000, 0x0000, 0x0000, 0x0000, 0x0000, 0x0000, 0x0000, 0x0000, 0x0000, 0x0000, 0x0000, 0x0000, 0x0000, 0x0000,
    0x0000, 0x0000, 0x0000, 0x0000, 0x0000, 0x0000, 0x0000, 0x0000, 0x0000, 0x0000, 0x0000, 0x0000, 0x0000, 0x0000, 0x0000, 0x0000,
    0x0000, 0x0000, 0x0000, 0x0000, 0x0000, 0x0000, 0x0000, 0x0000, 0x0000, 0x0000, 0x0000, 0x0000, 0x0000, 0x0000, 0x0000, 0x0000,
    0x0000, 0x0000, 0x0000, 0x0000, 0x0000, 0x0000, 0x0000, 0x0000, 0x0000, 0x0000, 0x0000, 0x0000, 0x0000, 0x0000, 0x0000, 0x0000,
    0x0000, 0x0000, 0x0000, 0x0000, 0x0000, 0x0000, 0x0000, 0x0000, 0x0000, 0x0000, 0x0000, 0x0000, 0x0000, 0x0000, 0x0000, 0x0000,
    0x0000, 0x0000, 0x0000, 0x0000, 0x0000, 0x0000, 0x0000, 0x0000, 0x0000, 0x0000, 0x0000, 0x0000, 0x0000, 0x0000, 0x0000, 0x0000,
    0x0000, 0x0000, 0x0000, 0x0000, 0x0000, 0x0000, 0x0000, 0x0000, 0x0000, 0x0000, 0x0000, 0x0000, 0x0000, 0x0000, 0x0000, 0x0000,
    0x0000, 0x0000, 0x0000, 0x0000, 0x0000, 0x0000, 0x0000, 0x0000, 0x0000, 0x0000, 0x0000, 0x0000, 0x0000, 0x0000, 0x0000, 0x0000,
    0x0000, 0x0000, 0x0000, 0x0000, 0x0000, 0x0000, 0x0000, 0x0000, 0x0000, 0x0000, 0x0000, 0x0000, 0x0000, 0x0000, 0x0000, 0x0000,
    0x0000, 0x0000, 0x0000, 0x0000, 0x0000, 0x0000, 0x0000, 0x0000, 0x0000, 0x0000, 0x0000, 0x0000, 0x0000, 0x0000, 0x0000, 0x0000,
    0x0000, 0x0000, 0x0000, 0x0000, 0x0000, 0x0000, 0x0000, 0x0000, 0x0000, 0x0000, 0x0000, 0x0000, 0x0000, 0x0000, 0x0000, 0x0000,
    0x0000, 0x0000, 0x0000, 0x0000, 0x0000, 0x0000, 0x0000, 0x0000, 0x0000, 0x0000, 0x0000, 0x0000, 0x0000, 0x0000, 0x0000, 0x0000,
    0x0000, 0x0000, 0x0000, 0x0000, 0x0000, 0x0000, 0x0000, 0x0000, 0x0000, 0x0000, 0x0000, 0x0000, 0x0000, 0x0000, 0x0000, 0x0000,
    0x0000, 0x0000, 0x0000, 0x0000, 0x0000, 0x0000, 0x0000, 0x0000, 0x0000, 0x0000, 0x0000, 0x0000, 0x0000, 0x0000, 0x0000, 0x0000,
    0x0000, 0x0000, 0x0000, 0x0000, 0x0000, 0x0000, 0x0000, 0xFEB0, 0xFEB0, 0xFEB0, 0xFEB0, 0xFEB0, 0xFEB0, 0xFE0E, 0xFDEE, 0xFDEE,
    0xFDEE, 0xFDEE, 0xFDEE, 0xFDEE, 0xFDEE, 0xFDEE, 0xFDEE, 0xFDEE, 0xFDEE, 0xFDEE, 0xFDEE, 0xFDEE, 0xFDEE, 0xFDEE, 0xFDEE, 0xFDEE,
    0xFDEE, 0xFDEE, 0xFDEE, 0xFDEE, 0xFDEE, 0xFDEE, 0xFDEE, 0xFDEE, 0xFDEE, 0xFDEE, 0xFDEE, 0xFDEE, 0xFDEE, 0xFDEE, 0xFDEE, 0xFDEE,
    0xFDEE, 0xFDEE, 0xFDEE, 0xFEB0, 0xFEB0, 0xFEB0, 0xFEB0, 0xFEB0, 0xFEB0, 0xAC6A, 0x0000, 0x0000, 0x0000, 0x0000, 0x0000, 0x0000,
    0x0000, 0x0000, 0x0000, 0x0000, 0x0000, 0x0000, 0x0000, 0x0000, 0x0000, 0x0000, 0x0000, 0x0000, 0x0000, 0x0000, 0x0000, 0x0000,
    0x0000, 0x0000, 0x0000, 0x0000, 0x0000, 0x0000, 0x0000, 0x0000, 0x0000, 0x0000, 0x0000, 0x0000, 0x0000, 0x0000, 0x0000, 0x0000,
    0x0000, 0x0000, 0x0000, 0x0000, 0x0000, 0x0000, 0x0000, 0x0000, 0x0000, 0x0000, 0x0000, 0x0000, 0x0000, 0x0000, 0x0000, 0x0000,
    0x0000, 0x0000, 0x0000, 0x0000, 0x0000, 0x0000, 0x0000, 0x0000, 0x0000, 0x0000, 0x0000, 0x0000, 0x0000, 0x0000, 0x0000, 0x0000,
    0x0000, 0x0000, 0x0000, 0x0000, 0x0000, 0x0000, 0x0000, 0x0000, 0x0000, 0x0000, 0x0000, 0x0000, 0x0000, 0x0000, 0x0000, 0x0000,
    0x0000, 0x0000, 0x0000, 0x0000, 0x0000, 0x0000, 0x0000, 0x0000, 0x0000, 0x0000, 0x0000, 0x0000, 0x0000, 0x0000, 0x0000, 0x0000,
    0x0000, 0x0000, 0x0000, 0x0000, 0x0000, 0x0000, 0x0000, 0x0000, 0x0000, 0x0000, 0x0000, 0x0000, 0x0000, 0x0000, 0x0000, 0x0000,
    0x0000, 0x0000, 0x0000, 0x0000, 0x0000, 0x0000, 0x0000, 0x0000, 0x0000, 0x0000, 0x0000, 0x0000, 0x0000, 0x0000, 0x0000, 0x0000,
    0x0000, 0x0000, 0x0000, 0x0000, 0x0000, 0x0000, 0x0000, 0x0000, 0x0000, 0x0000, 0x0000, 0x0000, 0x0000, 0x0000, 0x0000, 0x0000,
    0x0000, 0x0000, 0x0000, 0x0000, 0x0000, 0x0000, 0x0000, 0x0000, 0x0000, 0x0000, 0x0000, 0x0000, 0x0000, 0x0000, 0x0000, 0x0000,
    0x0000, 0x0000, 0x0000, 0x0000, 0x0000, 0x0000, 0x0000, 0x0000, 0x0000, 0x0000, 0x0000, 0x0000, 0x0000, 0x0000, 0x0000, 0x0000,
    0x0000, 0x0000, 0x0000, 0x0000, 0x0000, 0x0000, 0x0000, 0x0000, 0x0000, 0x0000, 0x0000, 0x0000, 0x0000, 0x0000, 0x0000, 0x0000,
    0x0000, 0x0000, 0x0000, 0x0000, 0x0000, 0x0000, 0x0000, 0x0000, 0x0000, 0x0000, 0x0000, 0x0000, 0x0000, 0x0000, 0x0000, 0x0000,
    0x0000, 0x0000, 0x0000, 0x0000, 0x0000, 0x0000, 0x0000, 0x0000, 0x0000, 0x0000, 0x0000, 0x0000, 0x0000, 0x0000, 0x0000, 0x0000,
    0x0000, 0x0000, 0x0000, 0x0000, 0x0000, 0x0000, 0x0000, 0x0000, 0x0000, 0x0000, 0x0000, 0x0000, 0x0000, 0x0000, 0x0000, 0x0000,
    0x0000, 0x0000, 0x0000, 0x0000, 0x0000, 0x0000, 0x0000, 0x0000, 0x0000, 0x0000, 0x0000, 0x0000, 0x0000, 0x0000, 0x0000, 0x0000,
    0x0000, 0x0000, 0x0000, 0x0000, 0x0000, 0x0000, 0x0000, 0x0000, 0xFEB0, 0xFEB0, 0xFEB0, 0xFEB0, 0xFEB0, 0xFEB0, 0xFEB0, 0xFDEE,
    0xFDEE, 0xFDEE, 0xFDEE, 0xFDEE, 0xFDEE, 0xFDEE, 0xFDEE, 0xFDEE, 0xFDEE, 0xFDEE, 0xFDEE, 0xFDEE, 0xFDEE, 0xFDEE, 0xFDEE, 0xFDEE,
    0xFDEE, 0xFDEE, 0xFDEE, 0xFDEE, 0xFDEE, 0xFDEE, 0xFDEE, 0xFDEE, 0xFDEE, 0xFDEE, 0xFDEE, 0xFDEE, 0xFDEE, 0xFDEE, 0xFDEE, 0xFDEE,
    0xFDEE, 0xFEB0, 0xFEB0, 0xFEB0, 0xFEB0, 0xFEB0, 0xFEB0, 0xFEB0, 0x7B27, 0x0000, 0x0000, 0x0000, 0x0000, 0x0000, 0x0000, 0x0000,
    0x0000, 0x0000, 0x0000, 0x0000, 0x0000, 0x0000, 0x0000, 0x0000, 0x0000, 0x0000, 0x0000, 0x0000, 0x0000, 0x0000, 0x0000, 0x0000,
    0x0000, 0x0000, 0x0000, 0x0000, 0x0000, 0x0000, 0x0000, 0x0000, 0x0000, 0x0000, 0x0000, 0x0000, 0x0000, 0x0000, 0x0000, 0x0000,
    0x0000, 0x0000, 0x0000, 0x0000, 0x0000, 0x0000, 0x0000, 0x0000, 0x0000, 0x0000, 0x0000, 0x0000, 0x0000, 0x0000, 0x0000, 0x0000,
    0x0000, 0x0000, 0x0000, 0x0000, 0x0000, 0x0000, 0x0000, 0x0000, 0x0000, 0x0000, 0x0000, 0x0000, 0x0000, 0x0000, 0x0000, 0x0000,
    0x0000, 0x0000, 0x0000, 0x0000, 0x0000, 0x0000, 0x0000, 0x0000, 0x0000, 0x0000, 0x0000, 0x0000, 0x0000, 0x0000, 0x0000, 0x0000,
    0x0000, 0x0000, 0x0000, 0x0000, 0x0000, 0x0000, 0x0000, 0x0000, 0x0000, 0x0000, 0x0000, 0x0000, 0x0000, 0x0000, 0x0000, 0x0000,
    0x0000, 0x0000, 0x0000, 0x0000, 0x0000, 0x0000, 0x0000, 0x0000, 0x0000, 0x0000, 0x0000, 0x0000, 0x0000, 0x0000, 0x0000, 0x0000,
    0x0000, 0x0000, 0x0000, 0x0000, 0x0000, 0x0000, 0x0000, 0x0000, 0x0000, 0x0000, 0x0000, 0x0000, 0x0000, 0x0000, 0x0000, 0x0000,
    0x0000, 0x0000, 0x0000, 0x0000, 0x0000, 0x0000, 0x0000, 0x0000, 0x0000, 0x0000, 0x0000, 0x0000, 0x0000, 0x0000, 0x0000, 0x0000,
    0x0000, 0x0000, 0x0000, 0x0000, 0x0000, 0x0000, 0x0000, 0x0000, 0x0000, 0x0000, 0x0000, 0x0000, 0x0000, 0x0000, 0x0000, 0x0000,
    0x0000, 0x0000, 0x0000, 0x0000, 0x0000, 0x0000, 0x0000, 0x0000, 0x0000, 0x0000, 0x0000, 0x0000, 0x0000, 0x0000, 0x0000, 0x0000,
    0x0000, 0x0000, 0x0000, 0x0000, 0x0000, 0x0000, 0x0000, 0x0000, 0x0000, 0x0000, 0x0000, 0x0000, 0x0000, 0x0000, 0x0000, 0x0000,
    0x0000, 0x0000, 0x0000, 0x0000, 0x0000, 0x0000, 0x0000, 0x0000, 0x0000, 0x0000, 0x0000, 0x0000, 0x0000, 0x0000, 0x0000, 0x0000,
    0x0000, 0x0000, 0x0000, 0x0000, 0x0000, 0x0000, 0x0000, 0x0000, 0x0000, 0x0000, 0x0000, 0x0000, 0x0000, 0x0000, 0x0000, 0x0000,
    0x0000, 0x0000, 0x0000, 0x0000, 0x0000, 0x0000, 0x0000, 0x0000, 0x0000, 0x0000, 0x0000, 0x0000, 0x0000, 0x0000, 0x0000, 0x0000,
    0x0000, 0x0000, 0x0000, 0x0000, 0x0000, 0x0000, 0x0000, 0x0000, 0x0000, 0x0000, 0x0000, 0x0000, 0x0000, 0x0000, 0x0000, 0x0000,
    0x0000, 0x0000, 0x0000, 0x0000, 0x0000, 0x0000, 0x0000, 0x0000, 0x0000, 0xFEB0, 0xFEB0, 0xFEB0, 0xFEB0, 0xFEB0, 0xFEB0, 0xFEB0,
    0xFDEE, 0xFDEE, 0xFDEE, 0xFDEE, 0xFDEE, 0xFDEE, 0xFDEE, 0xFDEE, 0xFDEE, 0xFDEE, 0xFDEE, 0xFDEE, 0xFDEE, 0xFDEE, 0xFDEE, 0xFDEE,
    0xFDEE, 0xFDEE, 0xFDEE, 0xFDEE, 0xFDEE, 0xFDEE, 0xFDEE, 0xFDEE, 0xFDEE, 0xFDEE, 0xFDEE, 0xFDEE, 0xFDEE, 0xFDEE, 0xFDEE, 0xFDEE,
    0xFEB0, 0xFEB0, 0xFEB0, 0xFEB0, 0xFEB0, 0xFEB0, 0xFEB0, 0x7B27, 0x0000, 0x0000, 0x0000, 0x0000, 0x0000, 0x0000, 0x0000, 0x0000,
    0x0000, 0x0000, 0x0000, 0x0000, 0x0000, 0x0000, 0x0000, 0x0000, 0x0000, 0x0000, 0x0000, 0x0000, 0x0000, 0x0000, 0x0000, 0x0000,
    0x0000, 0x0000, 0x0000, 0x0000, 0x0000, 0x0000, 0x0000, 0x0000, 0x0000, 0x0000, 0x0000, 0x0000, 0x0000, 0x0000, 0x0000, 0x0000,
    0x0000, 0x0000, 0x0000, 0x0000, 0x0000, 0x0000, 0x0000, 0x0000, 0x0000, 0x0000, 0x0000, 0x0000, 0x0000, 0x0000, 0x0000, 0x0000,
    0x0000, 0x0000, 0x0000, 0x0000, 0x0000, 0x0000, 0x0000, 0x0000, 0x0000, 0x0000, 0x0000, 0x0000, 0x0000, 0x0000, 0x0000, 0x0000,
    0x0000, 0x0000, 0x0000, 0x0000, 0x0000, 0x0000, 0x0000, 0x0000, 0x0000, 0x0000, 0x0000, 0x0000, 0x0000, 0x0000, 0x0000, 0x0000,
    0x0000, 0x0000, 0x0000, 0x0000, 0x0000, 0x0000, 0x0000, 0x0000, 0x0000, 0x0000, 0x0000, 0x0000, 0x0000, 0x0000, 0x0000, 0x0000,
    0x0000, 0x0000, 0x0000, 0x0000, 0x0000, 0x0000, 0x0000, 0x0000, 0x0000, 0x0000, 0x0000, 0x0000, 0x0000, 0x0000, 0x0000, 0x0000,
    0x0000, 0x0000, 0x0000, 0x0000, 0x0000, 0x0000, 0x0000, 0x0000, 0x0000, 0x0000, 0x0000, 0x0000, 0x0000, 0x0000, 0x0000, 0x0000,
    0x0000, 0x0000, 0x0000, 0x0000, 0x0000, 0x0000, 0x0000, 0x0000, 0x0000, 0x0000, 0x0000, 0x0000, 0x0000, 0x0000, 0x0000, 0x0000,
    0x0000, 0x0000, 0x0000, 0x0000, 0x0000, 0x0000, 0x0000, 0x0000, 0x0000, 0x0000, 0x0000, 0x0000, 0x0000, 0x0000, 0x0000, 0x0000,
    0x0000, 0x0000, 0x0000, 0x0000, 0x0000, 0x0000, 0x0000, 0x0000, 0x0000, 0x0000, 0x0000, 0x0000, 0x0000, 0x0000, 0x0000, 0x0000,
    0x0000, 0x0000, 0x0000, 0x0000, 0x0000, 0x0000, 0x0000, 0x0000, 0x0000, 0x0000, 0x0000, 0x0000, 0x0000, 0x0000, 0x0000, 0x0000,
    0x0000, 0x0000, 0x0000, 0x0000, 0x0000, 0x0000, 0x0000, 0x0000, 0x0000, 0x0000, 0x0000, 0x0000, 0x0000, 0x0000, 0x0000, 0x0000,
    0x0000, 0x0000, 0x0000, 0x0000, 0x0000, 0x0000, 0x0000, 0x0000, 0x0000, 0x0000, 0x0000, 0x0000, 0x0000, 0x0000, 0x0000, 0x0000,
    0x0000, 0x0000, 0x0000, 0x0000, 0x0000, 0x0000, 0x0000, 0x0000, 0x0000, 0x0000, 0x0000, 0x0000, 0x0000, 0x0000, 0x0000, 0x0000,
    0x0000, 0x0000, 0x0000, 0x0000, 0x0000, 0x0000, 0x0000, 0x0000, 0x0000, 0x0000, 0x0000, 0x0000, 0x0000, 0x0000, 0x0000, 0x0000,
    0x0000, 0x0000, 0x0000, 0x0000, 0x0000, 0x0000, 0x0000, 0x0000, 0x0000, 0x0000, 0xFEB0, 0xFEB0, 0xFEB0, 0xFEB0, 0xFEB0, 0xFEB0,
    0xFEB0, 0xFDEE, 0xFDEE, 0xFDEE, 0xFDEE, 0xFDEE, 0xFDEE, 0xFDEE, 0xFDEE, 0xFDEE, 0xFDEE, 0xFDEE, 0xFDEE, 0xFDEE, 0xFDEE, 0xFDEE,
    0xFDEE, 0xFDEE, 0xFDEE, 0xFDEE, 0xFDEE, 0xFDEE, 0xFDEE, 0xFDEE, 0xFDEE, 0xFDEE, 0xFDEE, 0xFDEE, 0xFDEE, 0xFDEE, 0xFDEE, 0xFEB0,
    0xFEB0, 0xFEB0, 0xFEB0, 0xFEB0, 0xFEB0, 0xFEB0, 0x0000, 0x0000, 0x0000, 0x0000, 0x0000, 0x0000, 0x0000, 0x0000, 0x0000, 0x0000,
    0x0000, 0x0000, 0x0000, 0x0000, 0x0000, 0x0000, 0x0000, 0x0000, 0x0000, 0x0000, 0x0000, 0x0000, 0x0000, 0x0000, 0x0000, 0x0000,
    0x0000, 0x0000, 0x0000, 0x0000, 0x0000, 0x0000, 0x0000, 0x0000, 0x0000, 0x0000, 0x0000, 0x0000, 0x0000, 0x0000, 0x0000, 0x0000,
    0x0000, 0x0000, 0x0000, 0x0000, 0x0000, 0x0000, 0x0000, 0x0000, 0x0000, 0x0000, 0x0000, 0x0000, 0x0000, 0x0000, 0x0000, 0x0000,
    0x0000, 0x0000, 0x0000, 0x0000, 0x0000, 0x0000, 0x0000, 0x0000, 0x0000, 0x0000, 0x0000, 0x0000, 0x0000, 0x0000, 0x0000, 0x0000,
    0x0000, 0x0000, 0x0000, 0x0000, 0x0000, 0x0000, 0x0000, 0x0000, 0x0000, 0x0000, 0x0000, 0x0000, 0x0000, 0x0000, 0x0000, 0x0000,
    0x0000, 0x0000, 0x0000, 0x0000, 0x0000, 0x0000, 0x0000, 0x0000, 0x0000, 0x0000, 0x0000, 0x0000, 0x0000, 0x0000, 0x0000, 0x0000,
    0x0000, 0x0000, 0x0000, 0x0000, 0x0000, 0x0000, 0x0000, 0x0000, 0x0000, 0x0000, 0x0000, 0x0000, 0x0000, 0x0000, 0x0000, 0x0000,
    0x0000, 0x0000, 0x0000, 0x0000, 0x0000, 0x0000, 0x0000, 0x0000, 0x0000, 0x0000, 0x0000, 0x0000, 0x0000, 0x0000, 0x0000, 0x0000,
    0x0000, 0x0000, 0x0000, 0x0000, 0x0000, 0x0000, 0x0000, 0x0000, 0x0000, 0x0000, 0x0000, 0x0000, 0x0000, 0x0000, 0x0000, 0x0000,
    0x0000, 0x0000, 0x0000, 0x0000, 0x0000, 0x0000, 0x0000, 0x0000, 0x0000, 0x0000, 0x0000, 0x0000, 0x0000, 0x0000, 0x0000, 0x0000,
    0x0000, 0x0000, 0x0000, 0x0000, 0x0000, 0x0000, 0x0000, 0x0000, 0x0000, 0x0000, 0x0000, 0x0000, 0x0000, 0x0000, 0x0000, 0x0000,
    0x0000, 0x0000, 0x0000, 0x0000, 0x0000, 0x0000, 0x0000, 0x0000, 0x0000, 0x0000, 0x0000, 0x0000, 0x0000, 0x0000, 0x0000, 0x0000,
    0x0000, 0x0000, 0x0000, 0x0000, 0x0000, 0x0000, 0x0000, 0x0000, 0x0000, 0x0000, 0x0000, 0x0000, 0x0000, 0x0000, 0x0000, 0x0000,
    0x0000, 0x0000, 0x0000, 0x0000, 0x0000, 0x0000, 0x0000, 0x0000, 0x0000, 0x0000, 0x0000, 0x0000, 0x0000, 0x0000, 0x0000, 0x0000,
    0x0000, 0x0000, 0x0000, 0x0000, 0x0000, 0x0000, 0x0000, 0x0000, 0x0000, 0x0000, 0x0000, 0x0000, 0x0000, 0x0000, 0x0000, 0x0000,
    0x0000, 0x0000, 0x0000, 0x0000, 0x0000, 0x0000, 0x0000, 0x0000, 0x0000, 0x0000, 0x0000, 0x0000, 0x0000, 0x0000, 0x0000, 0x0000,
    0x0000, 0x0000, 0x0000, 0x0000, 0x0000, 0x0000, 0x0000, 0x0000, 0x0000, 0x0000, 0x0000, 0xCD4D, 0xFEB0, 0xFEB0, 0xFEB0, 0xFEB0,
    0xFEB0, 0xFEB0, 0xFEB0, 0xFEB0, 0xFE4F, 0xFDEE, 0xFDEE, 0xFDEE, 0xFDEE, 0xFDEE, 0xFDEE, 0xFDEE, 0xFDEE, 0xFDEE, 0xFDEE, 0xFDEE,
    0xFDEE, 0xFDEE, 0xFDEE, 0xFDEE, 0xFDEE, 0xFDEE, 0xFDEE, 0xFDEE, 0xFDEE, 0xFDEE, 0xFDEE, 0xFE2F, 0xFEB0, 0xFEB0, 0xFEB0, 0xFEB0,
    0xFEB0, 0xFEB0, 0xFEB0, 0xFEB0, 0xF670, 0x0000, 0x0000, 0x0000, 0x0000, 0x0000, 0x0000, 0x0000, 0x0000, 0x0000, 0x0000, 0x0000,
    0x0000, 0x0000, 0x0000, 0x0000, 0x0000, 0x0000, 0x0000, 0x0000, 0x0000, 0x0000, 0x0000, 0x0000, 0x0000, 0x0000, 0x0000, 0x0000,
    0x0000, 0x0000, 0x0000, 0x0000, 0x0000, 0x0000, 0x0000, 0x0000, 0x0000, 0x0000, 0x0000, 0x0000, 0x0000, 0x0000, 0x0000, 0x0000,
    0x0000, 0x0000, 0x0000, 0x0000, 0x0000, 0x0000, 0x0000, 0x0000, 0x0000, 0x0000, 0x0000, 0x0000, 0x0000, 0x0000, 0x0000, 0x0000,
    0x0000, 0x0000, 0x0000, 0x0000, 0x0000, 0x0000, 0x0000, 0x0000, 0x0000, 0x0000, 0x0000, 0x0000, 0x0000, 0x0000, 0x0000, 0x0000,
    0x0000, 0x0000, 0x0000, 0x0000, 0x0000, 0x0000, 0x0000, 0x0000, 0x0000, 0x0000, 0x0000, 0x0000, 0x0000, 0x0000, 0x0000, 0x0000,
    0x0000, 0x0000, 0x0000, 0x0000, 0x0000, 0x0000, 0x0000, 0x0000, 0x0000, 0x0000, 0x0000, 0x0000, 0x0000, 0x0000, 0x0000, 0x0000,
    0x0000, 0x0000, 0x0000, 0x0000, 0x0000, 0x0000, 0x0000, 0x0000, 0x0000, 0x0000, 0x0000, 0x0000, 0x0000, 0x0000, 0x0000, 0x0000,
    0x0000, 0x0000, 0x0000, 0x0000, 0x0000, 0x0000, 0x0000, 0x0000, 0x0000, 0x0000, 0x0000, 0x0000, 0x0000, 0x0000, 0x0000, 0x0000,
    0x0000, 0x0000, 0x0000, 0x0000, 0x0000, 0x0000, 0x0000, 0x0000, 0x0000, 0x0000, 0x0000, 0x0000, 0x0000, 0x0000, 0x0000, 0x0000,
    0x0000, 0x0000, 0x0000, 0x0000, 0x0000, 0x0000, 0x0000, 0x0000, 0x0000, 0x0000, 0x0000, 0x0000, 0x0000, 0x0000, 0x0000, 0x0000,
    0x0000, 0x0000, 0x0000, 0x0000, 0x0000, 0x0000, 0x0000, 0x0000, 0x0000, 0x0000, 0x0000, 0x0000, 0x0000, 0x0000, 0x0000, 0x0000,
    0x0000, 0x0000, 0x0000, 0x0000, 0x0000, 0x0000, 0x0000, 0x0000, 0x0000, 0x0000, 0x0000, 0x0000, 0x0000, 0x0000, 0x0000, 0x0000,
    0x0000, 0x0000, 0x0000, 0x0000, 0x0000, 0x0000, 0x0000, 0x0000, 0x0000, 0x0000, 0x0000, 0x0000, 0x0000, 0x0000, 0x0000, 0x0000,
    0x0000, 0x0000, 0x0000, 0x0000, 0x0000, 0x0000, 0x0000, 0x0000, 0x0000, 0x0000, 0x0000, 0x0000, 0x0000, 0x0000, 0x0000, 0x0000,
    0x0000, 0x0000, 0x0000, 0x0000, 0x0000, 0x0000, 0x0000, 0x0000, 0x0000, 0x0000, 0x0000, 0x0000, 0x0000, 0x0000, 0x0000, 0x0000,
    0x0000, 0x0000, 0x0000, 0x0000, 0x0000, 0x0000, 0x0000, 0x0000, 0x0000, 0x0000, 0x0000, 0x0000, 0x0000, 0x0000, 0x0000, 0x0000,
    0x0000, 0x0000, 0x0000, 0x0000, 0x0000, 0x0000, 0x0000, 0x0000, 0x0000, 0x0000, 0x0000, 0x0000, 0x0000, 0xFEB0, 0xFEB0, 0xFEB0,
    0xFEB0, 0xFEB0, 0xFEB0, 0xFEB0, 0xFEB0, 0xFEB0, 0xFEB0, 0xFEB0, 0xFDEE, 0xFDEE, 0xFDEE, 0xFDEE, 0xFDEE, 0xFDEE, 0xFDEE, 0xFDEE,
    0xFDEE, 0xFDEE, 0xFDEE, 0xFDEE, 0xFDEE, 0xFDEE, 0xFDEE, 0xFDEE, 0xFE90, 0xFEB0, 0xFEB0, 0xFEB0, 0xFEB0, 0xFEB0, 0xFEB0, 0xFEB0,
    0xFEB0, 0xFEB0, 0xFEB0, 0x8BA8, 0x0000, 0x0000, 0x0000, 0x0000, 0x0000, 0x0000, 0x0000, 0x0000, 0x0000, 0x0000, 0x0000, 0x0000,
    0x0000, 0x0000, 0x0000, 0x0000, 0x0000, 0x0000, 0x0000, 0x0000, 0x0000, 0x0000, 0x0000, 0x0000, 0x0000, 0x0000, 0x0000, 0x0000,
    0x0000, 0x0000, 0x0000, 0x0000, 0x0000, 0x0000, 0x0000, 0x0000, 0x0000, 0x0000, 0x0000, 0x0000, 0x0000, 0x0000, 0x0000, 0x0000,
    0x0000, 0x0000, 0x0000, 0x0000, 0x0000, 0x0000, 0x0000, 0x0000, 0x0000, 0x0000, 0x0000, 0x0000, 0x0000, 0x0000, 0x0000, 0x0000,
    0x0000, 0x0000, 0x0000, 0x0000, 0x0000, 0x0000, 0x0000, 0x0000, 0x0000, 0x0000, 0x0000, 0x0000, 0x0000, 0x0000, 0x0000, 0x0000,
    0x0000, 0x0000, 0x0000, 0x0000, 0x0000, 0x0000, 0x0000, 0x0000, 0x0000, 0x0000, 0x0000, 0x0000, 0x0000, 0x0000, 0x0000, 0x0000,
    0x0000, 0x0000, 0x0000, 0x0000, 0x0000, 0x0000, 0x0000, 0x0000, 0x0000, 0x0000, 0x0000, 0x0000, 0x0000, 0x0000, 0x0000, 0x0000,
    0x0000, 0x0000, 0x0000, 0x0000, 0x0000, 0x0000, 0x0000, 0x0000, 0x0000, 0x0000, 0x0000, 0x0000, 0x0000, 0x0000, 0x0000, 0x0000,
    0x0000, 0x0000, 0x0000, 0x0000, 0x0000, 0x0000, 0x0000, 0x0000, 0x0000, 0x0000, 0x0000, 0x0000, 0x0000, 0x0000, 0x0000, 0x0000,
    0x0000, 0x0000, 0x0000, 0x0000, 0x0000, 0x0000, 0x0000, 0x0000, 0x0000, 0x0000, 0x0000, 0x0000, 0x0000, 0x0000, 0x0000, 0x0000,
    0x0000, 0x0000, 0x0000, 0x0000, 0x0000, 0x0000, 0x0000, 0x0000, 0x0000, 0x0000, 0x0000, 0x0000, 0x0000, 0x0000, 0x0000, 0x0000,
    0x0000, 0x0000, 0x0000, 0x0000, 0x0000, 0x0000, 0x0000, 0x0000, 0x0000, 0x0000, 0x0000, 0x0000, 0x0000, 0x0000, 0x0000, 0x0000,
    0x0000, 0x0000, 0x0000, 0x0000, 0x0000, 0x0000, 0x0000, 0x0000, 0x0000, 0x0000, 0x0000, 0x0000, 0x0000, 0x0000, 0x0000, 0x0000,
    0x0000, 0x0000, 0x0000, 0x0000, 0x0000, 0x0000, 0x0000, 0x0000, 0x0000, 0x0000, 0x0000, 0x0000, 0x0000, 0x0000, 0x0000, 0x0000,
    0x0000, 0x0000, 0x0000, 0x0000, 0x0000, 0x0000, 0x0000, 0x0000, 0x0000, 0x0000, 0x0000, 0x0000, 0x0000, 0x0000, 0x0000, 0x0000,
    0x0000, 0x0000, 0x0000, 0x0000, 0x0000, 0x0000, 0x0000, 0x0000, 0x0000, 0x0000, 0x0000, 0x0000, 0x0000, 0x0000, 0x0000, 0x0000,
    0x0000, 0x0000, 0x0000, 0x0000, 0x0000, 0x0000, 0x0000, 0x0000, 0x0000, 0x0000, 0x0000, 0x0000, 0x0000, 0x0000, 0x0000, 0x0000,
    0x0000, 0x0000, 0x0000, 0x0000, 0x0000, 0x0000, 0x0000, 0x0000, 0x0000, 0x0000, 0x0000, 0x0000, 0x0000, 0x0000, 0x8BA8, 0xFEB0,
    0xFEB0, 0xFEB0, 0xFEB0, 0xFEB0, 0xFEB0, 0xFEB0, 0xFEB0, 0xFEB0, 0xFEB0, 0xFEB0, 0xFEB0, 0xFEB0, 0xFEB0, 0xFEB0, 0xFEB0, 0xFEB0,
    0xFEB0, 0xFEB0, 0xFEB0, 0xFEB0, 0xFEB0, 0xFEB0, 0xFEB0, 0xFEB0, 0xFEB0, 0xFEB0, 0xFEB0, 0xFEB0, 0xFEB0, 0xFEB0, 0xFEB0, 0xFEB0,
    0xFEB0, 0xCD4D, 0x0000, 0x0000, 0x0000, 0x0000, 0x0000, 0x0000, 0x0000, 0x0000, 0x0000, 0x0000, 0x0000, 0x0000, 0x0000, 0x0000,
    0x0000, 0x0000, 0x0000, 0x0000, 0x0000, 0x0000, 0x0000, 0x0000, 0x0000, 0x0000, 0x0000, 0x0000, 0x0000, 0x0000, 0x0000, 0x0000,
    0x0000, 0x0000, 0x0000, 0x0000, 0x0000, 0x0000, 0x0000, 0x0000, 0x0000, 0x0000, 0x0000, 0x0000, 0x0000, 0x0000, 0x0000, 0x0000,
    0x0000, 0x0000, 0x0000, 0x0000, 0x0000, 0x0000, 0x0000, 0x0000, 0x0000, 0x0000, 0x0000, 0x0000, 0x0000, 0x0000, 0x0000, 0x0000,
    0x0000, 0x0000, 0x0000, 0x0000, 0x0000, 0x0000, 0x0000, 0x0000, 0x0000, 0x0000, 0x0000, 0x0000, 0x0000, 0x0000, 0x0000, 0x0000,
    0x0000, 0x0000, 0x0000, 0x0000, 0x0000, 0x0000, 0x0000, 0x0000, 0x0000, 0x0000, 0x0000, 0x0000, 0x0000, 0x0000, 0x0000, 0x0000,
    0x0000, 0x0000, 0x0000, 0x0000, 0x0000, 0x0000, 0x0000, 0x0000, 0x0000, 0x0000, 0x0000, 0x0000, 0x0000, 0x0000, 0x0000, 0x0000,
    0x0000, 0x0000, 0x0000, 0x0000, 0x0000, 0x0000, 0x0000, 0x0000, 0x0000, 0x0000, 0x0000, 0x0000, 0x0000, 0x0000, 0x0000, 0x0000,
    0x0000, 0x0000, 0x0000, 0x0000, 0x0000, 0x0000, 0x0000, 0x0000, 0x0000, 0x0000, 0x0000, 0x0000, 0x0000, 0x0000, 0x0000, 0x0000,
    0x0000, 0x0000, 0x0000, 0x0000, 0x0000, 0x0000, 0x0000, 0x0000, 0x0000, 0x0000, 0x0000, 0x0000, 0x0000, 0x0000, 0x0000, 0x0000,
    0x0000, 0x0000, 0x0000, 0x0000, 0x0000, 0x0000, 0x0000, 0x0000, 0x0000, 0x0000, 0x0000, 0x0000, 0x0000, 0x0000, 0x0000, 0x0000,
    0x0000, 0x0000, 0x0000, 0x0000, 0x0000, 0x0000, 0x0000, 0x0000, 0x0000, 0x0000, 0x0000, 0x0000, 0x0000, 0x0000, 0x0000, 0x0000,
    0x0000, 0x0000, 0x0000, 0x0000, 0x0000, 0x0000, 0x0000, 0x0000, 0x0000, 0x0000, 0x0000, 0x0000, 0x0000, 0x0000, 0x0000, 0x0000,
    0x0000, 0x0000, 0x0000, 0x0000, 0x0000, 0x0000, 0x0000, 0x0000, 0x0000, 0x0000, 0x0000, 0x0000, 0x0000, 0x0000, 0x0000, 0x0000,
    0x0000, 0x0000, 0x0000, 0x0000, 0x0000, 0x0000, 0x0000, 0x0000, 0x0000, 0x0000, 0x0000, 0x0000, 0x0000, 0x0000, 0x0000, 0x0000,
    0x0000, 0x0000, 0x0000, 0x0000, 0x0000, 0x0000, 0x0000, 0x0000, 0x0000, 0x0000, 0x0000, 0x0000, 0x0000, 0x0000, 0x0000, 0x0000,
    0x0000, 0x0000, 0x0000, 0x0000, 0x0000, 0x0000, 0x0000, 0x0000, 0x0000, 0x0000, 0x0000, 0x0000, 0x0000, 0x0000, 0x0000, 0x0000,
    0x0000, 0x0000, 0x0000, 0x0000, 0x0000, 0x0000, 0x0000, 0x0000, 0x0000, 0x0000, 0x0000, 0x0000, 0x0000, 0x0000, 0x0000, 0x0000,
    0x0000, 0x0000, 0xFEB0, 0xFEB0, 0xFEB0, 0xFEB0, 0xFEB0, 0xFEB0, 0xFEB0, 0xFEB0, 0xFEB0, 0xFEB0, 0xFEB0, 0xFEB0, 0xFEB0, 0xFEB0,
    0xFEB0, 0xFEB0, 0xFEB0, 0xFEB0, 0xFEB0, 0xFEB0, 0xFEB0, 0xFEB0, 0xFEB0, 0xFEB0, 0xFEB0, 0xFEB0, 0xFEB0, 0xFEB0, 0x49E4, 0x0000,
    0x0000, 0x0000, 0x0000, 0x0000, 0x0000, 0x0000, 0x0000, 0x0000, 0x0000, 0x0000, 0x0000, 0x0000, 0x0000, 0x0000, 0x0000, 0x0000,
    0x0000, 0x0000, 0x0000, 0x0000, 0x0000, 0x0000, 0x0000, 0x0000, 0x0000, 0x0000, 0x0000, 0x0000, 0x0000, 0x0000, 0x0000, 0x0000,
    0x0000, 0x0000, 0x0000, 0x0000, 0x0000, 0x0000, 0x0000, 0x0000, 0x0000, 0x0000, 0x0000, 0x0000, 0x0000, 0x0000, 0x0000, 0x0000,
    0x0000, 0x0000, 0x0000, 0x0000, 0x0000, 0x0000, 0x0000, 0x0000, 0x0000, 0x0000, 0x0000, 0x0000, 0x0000, 0x0000, 0x0000, 0x0000,
    0x0000, 0x0000, 0x0000, 0x0000, 0x0000, 0x0000, 0x0000, 0x0000, 0x0000, 0x0000, 0x0000, 0x0000, 0x0000, 0x0000, 0x0000, 0x0000,
    0x0000, 0x0000, 0x0000, 0x0000, 0x0000, 0x0000, 0x0000, 0x0000, 0x0000, 0x0000, 0x0000, 0x0000, 0x0000, 0x0000, 0x0000, 0x0000,
    0x0000, 0x0000, 0x0000, 0x0000, 0x0000, 0x0000, 0x0000, 0x0000, 0x0000, 0x0000, 0x0000, 0x0000, 0x0000, 0x0000, 0x0000, 0x0000,
    0x0000, 0x0000, 0x0000, 0x0000, 0x0000, 0x0000, 0x0000, 0x0000, 0x0000, 0x0000, 0x0000, 0x0000, 0x0000, 0x0000, 0x0000, 0x0000,
    0x0000, 0x0000, 0x0000, 0x0000, 0x0000, 0x0000, 0x0000, 0x0000, 0x0000, 0x0000, 0x0000, 0x0000, 0x0000, 0x0000, 0x0000, 0x0000,
    0x0000, 0x0000, 0x0000, 0x0000, 0x0000, 0x0000, 0x0000, 0x0000, 0x0000, 0x0000, 0x0000, 0x0000, 0x0000, 0x0000, 0x0000, 0x0000,
    0x0000, 0x0000, 0x0000, 0x0000, 0x0000, 0x0000, 0x0000, 0x0000, 0x0000, 0x0000, 0x0000, 0x0000, 0x0000, 0x0000, 0x0000, 0x0000,
    0x0000, 0x0000, 0x0000, 0x0000, 0x0000, 0x0000, 0x0000, 0x0000, 0x0000, 0x0000, 0x0000, 0x0000, 0x0000, 0x0000, 0x0000, 0x0000,
    0x0000, 0x0000, 0x0000, 0x0000, 0x0000, 0x0000, 0x0000, 0x0000, 0x0000, 0x0000, 0x0000, 0x0000, 0x0000, 0x0000, 0x0000, 0x0000,
    0x0000, 0x0000, 0x0000, 0x0000, 0x0000, 0x0000, 0x0000, 0x0000, 0x0000, 0x0000, 0x0000, 0x0000, 0x0000, 0x0000, 0x0000, 0x0000,
    0x0000, 0x0000, 0x0000, 0x0000, 0x0000, 0x0000, 0x0000, 0x0000, 0x0000, 0x0000, 0x0000, 0x0000, 0x0000, 0x0000, 0x0000, 0x0000,
    0x0000, 0x0000, 0x0000, 0x0000, 0x0000, 0x0000, 0x0000, 0x0000, 0x0000, 0x0000, 0x0000, 0x0000, 0x0000, 0x0000, 0x0000, 0x0000,
    0x0000, 0x0000, 0x0000, 0x0000, 0x0000, 0x0000, 0x0000, 0x0000, 0x0000, 0x0000, 0x0000, 0x0000, 0x0000, 0x0000, 0x0000, 0x0000,
    0x0000, 0x0000, 0x0000, 0x0000, 0x0000, 0x0000, 0x0000, 0x0000, 0x0000, 0x0000, 0x0000, 0x0000, 0x0000, 0x0000, 0x0000, 0x0000,
    0x0000, 0x0000, 0x0000, 0x0000, 0x0000, 0x0000, 0x0000, 0x0000, 0x0000, 0x0000, 0x0000, 0x0000, 0x0000, 0x0000, 0x0000, 0x0000,
    0x0000, 0x0000, 0x0000, 0x0000, 0x0000, 0x0000, 0x0000, 0x0000, 0x0000, 0x0000, 0x0000, 0x0000, 0x0000, 0x0000, 0x0000, 0x0000,
    0x0000, 0x0000, 0x0000, 0x0000, 0x0000, 0x0000, 0x0000, 0x0000, 0x0000, 0x0000, 0x0000, 0x0000, 0x0000, 0x0000, 0x0000, 0x0000,
    0x0000, 0x0000, 0x0000, 0x0000, 0x0000, 0x0000, 0x0000, 0x0000, 0x0000, 0x0000, 0x0000, 0x0000, 0x0000, 0x0000, 0x0000, 0x0000,
    0x0000, 0x0000, 0x0000, 0x0000, 0x0000, 0x0000, 0x0000, 0x0000, 0x0000, 0x0000, 0x0000, 0x0000, 0x0000, 0x0000, 0x0000, 0x0000,
    0x0000, 0x0000, 0x0000, 0x0000, 0x0000, 0x0000, 0x0000, 0x0000, 0x0000, 0x0000, 0x0000, 0x0000, 0x0000, 0x0000, 0x0000, 0x0000,
    0x0000, 0x0000, 0x0000, 0x0000, 0x0000, 0x0000, 0x0000, 0x0000, 0x0000, 0x0000, 0x0000, 0x0000, 0x0000, 0x0000, 0x0000, 0x0000,
    0x0000, 0x0000, 0x0000, 0x0000, 0x0000, 0x0000, 0x0000, 0x0000, 0x0000, 0x0000, 0x0000, 0x0000, 0x0000, 0x0000, 0x0000, 0x0000,
    0x0000, 0x0000, 0x0000, 0x0000, 0x0000, 0x0000, 0x0000, 0x0000, 0x0000, 0x0000, 0x0000, 0x0000, 0x0000, 0x0000, 0x0000, 0x0000,
    0x0000, 0x0000, 0x0000, 0x0000, 0x0000, 0x0000, 0x0000, 0x0000, 0x0000, 0x0000, 0x0000, 0x0000, 0x0000, 0x0000, 0x0000, 0x0000,
    0x0000, 0x0000, 0x0000, 0x0000, 0x0000, 0x0000, 0x0000, 0x0000, 0x0000, 0x0000, 0x0000, 0x0000, 0x0000, 0x0000, 0x0000, 0x0000,
    0x0000, 0x0000, 0x0000, 0x0000, 0x0000, 0x0000, 0x0000, 0x0000, 0x0000, 0x0000, 0x0000, 0x0000, 0x0000, 0x0000, 0x0000, 0x0000,
    0x0000, 0x0000, 0x0000, 0x0000, 0x0000, 0x0000, 0x0000, 0x0000, 0x0000, 0x0000, 0x0000, 0x0000, 0x0000, 0x0000, 0x0000, 0x0000,
    0x0000, 0x0000, 0x0000, 0x0000, 0x0000, 0x0000, 0x0000, 0x0000, 0x0000, 0x0000, 0x0000, 0x0000, 0x0000, 0x0000, 0x0000, 0x0000,
    0x0000, 0x0000, 0x0000, 0x0000, 0x0000, 0x0000, 0x0000, 0x0000, 0x0000, 0x0000, 0x0000, 0x0000, 0x0000, 0x0000, 0x0000, 0x0000,
    0x0000, 0x0000, 0x0000, 0x0000, 0x0000, 0x0000, 0x0000, 0x0000, 0x0000, 0x0000, 0x0000, 0x0000, 0x0000, 0x0000, 0x0000, 0x0000,
    0x0000, 0x0000, 0x0000, 0x0000, 0x0000, 0x0000, 0x0000, 0x0000, 0x0000, 0x0000, 0x0000, 0x0000, 0x0000, 0x0000, 0x0000, 0x0000,
    0x0000, 0x0000, 0x0000, 0x0000, 0x0000, 0x0000, 0x0000, 0x0000, 0x0000, 0x0000, 0x0000, 0x0000, 0x0000, 0x0000, 0x0000, 0x0000,
    0x0000, 0x0000, 0x0000, 0x0000, 0x0000, 0x0000, 0x0000, 0x0000, 0x0000, 0x0000, 0x0000, 0x0000, 0x0000, 0x0000, 0x0000, 0x0000,
    0x0000, 0x0000, 0x0000, 0x0000, 0x0000, 0x0000, 0x0000, 0x0000, 0x0000, 0x0000, 0x0000, 0x0000, 0x0000, 0x0000, 0x0000, 0x0000,
    0x0000, 0x0000, 0x0000, 0x0000, 0x0000, 0x0000, 0x0000, 0x0000, 0x0000, 0x0000, 0x0000, 0x0000, 0x0000, 0x0000, 0x0000, 0x0000,
    0x0000, 0x0000, 0x0000, 0x0000, 0x0000, 0x0000, 0x0000, 0x0000, 0x0000, 0x0000, 0x0000, 0x0000, 0x0000, 0x0000, 0x0000, 0x0000,
    0x0000, 0x0000, 0x0000, 0x0000, 0x0000, 0x0000, 0x0000, 0x0000, 0x0000, 0x0000, 0x0000, 0x0000, 0x0000, 0x0000, 0x0000, 0x0000,
    0x0000, 0x0000, 0x0000, 0x0000, 0x0000, 0x0000, 0x0000, 0x0000, 0x0000, 0x0000, 0x0000, 0x0000, 0x0000, 0x0000, 0x0000, 0x0000,
    0x0000, 0x0000, 0x0000, 0x0000, 0x0000, 0x0000, 0x0000, 0x0000, 0x0000, 0x0000, 0x0000, 0x0000, 0x0000, 0x0000, 0x0000, 0x0000,
    0x0000, 0x0000, 0x0000, 0x0000, 0x0000, 0x0000, 0x0000, 0x0000, 0x0000, 0x0000, 0x0000, 0x0000, 0x0000, 0x0000, 0x0000, 0x0000,
    0x0000, 0x0000, 0x0000, 0x0000, 0x0000, 0x0000, 0x0000, 0x0000, 0x0000, 0x0000, 0x0000, 0x0000, 0x0000, 0x0000, 0x0000, 0x0000,
    0x0000, 0x0000, 0x0000, 0x0000, 0x0000, 0x0000, 0x0000, 0x0000, 0x0000, 0x0000, 0x0000, 0x0000, 0x0000, 0x0000, 0x0000, 0x0000,
    0x0000, 0x0000, 0x0000, 0x0000, 0x0000, 0x0000, 0x0000, 0x0000, 0x0000, 0x0000, 0x0000, 0x0000, 0x0000, 0x0000, 0x0000, 0x0000,
    0x0000, 0x0000, 0x0000, 0x0000, 0x0000, 0x0000, 0x0000, 0x0000, 0x0000, 0x0000, 0x0000, 0x0000, 0x0000, 0x0000, 0x0000, 0x0000,
    0x0000, 0x0000, 0x0000, 0x0000, 0x0000, 0x0000, 0x0000, 0x0000, 0x0000, 0x0000, 0x0000, 0x0000, 0x0000, 0x0000, 0x0000, 0x0000,
    0x0000, 0x0000, 0x0000, 0x0000, 0x0000, 0x0000, 0x0000, 0x0000, 0x0000, 0x0000, 0x0000, 0x0000, 0x0000, 0x0000, 0x0000, 0x0000,
    0x0000, 0x0000, 0x0000, 0x0000, 0x0000, 0x0000, 0x0000, 0x0000, 0x0000, 0x0000, 0x0000, 0x0000, 0x0000, 0x0000, 0x0000, 0x0000,
    0x0000, 0x0000, 0x0000, 0x0000, 0x0000, 0x0000, 0x0000, 0x0000, 0x0000, 0x0000, 0x0000, 0x0000, 0x0000, 0x0000, 0x0000, 0x0000,
    0x0000, 0x0000, 0x0000, 0x0000, 0x0000, 0x0000, 0x0000, 0x0000, 0x0000, 0x0000, 0x0000, 0x0000, 0x0000, 0x0000, 0x0000, 0x0000,
    0x0000, 0x0000, 0x0000, 0x0000, 0x0000, 0x0000, 0x0000, 0x0000, 0x0000, 0x0000, 0x0000, 0x0000, 0x0000, 0x0000, 0x0000, 0x0000,
    0x0000, 0x0000, 0x0000, 0x0000, 0x0000, 0x0000, 0x0000, 0x0000, 0x0000, 0x0000, 0x0000, 0x0000, 0x0000, 0x0000, 0x0000, 0x0000,
    0x0000, 0x0000, 0x0000, 0x0000, 0x0000, 0x0000, 0x0000, 0x0000, 0x0000, 0x0000, 0x0000, 0x0000, 0x0000, 0x0000, 0x0000, 0x0000,
    0x0000, 0x0000, 0x0000, 0x0000, 0x0000, 0x0000, 0x0000, 0x0000, 0x0000, 0x0000, 0x0000, 0x0000, 0x0000, 0x0000, 0x0000, 0x0000,
    0x0000, 0x0000, 0x0000, 0x0000, 0x0000, 0x0000, 0x0000, 0x0000, 0x0000, 0x0000, 0x0000, 0x0000, 0x0000, 0x0000, 0x0000, 0x0000,
    0x0000, 0x0000, 0x0000, 0x0000, 0x0000, 0x0000, 0x0000, 0x0000, 0x0000, 0x0000, 0x0000, 0x0000, 0x0000, 0x0000, 0x0000, 0x0000,
    0x0000, 0x0000, 0x0000, 0x0000, 0x0000, 0x0000, 0x0000, 0x0000, 0x0000, 0x0000, 0x0000, 0x0000, 0x0000, 0x0000, 0x0000, 0x0000,
    0x0000, 0x0000, 0x0000, 0x0000, 0x0000, 0x0000, 0x0000, 0x0000, 0x0000, 0x0000, 0x0000, 0x0000, 0x0000, 0x0000, 0x0000, 0x0000,
    0x0000, 0x0000, 0x0000, 0x0000, 0x0000, 0x0000, 0x0000, 0x0000, 0x0000, 0x0000, 0x0000, 0x0000, 0x0000, 0x0000, 0x0000, 0x0000,
    0x0000, 0x0000, 0x0000, 0x0000, 0x0000, 0x0000, 0x0000, 0x0000, 0x0000, 0x0000, 0x0000, 0x0000, 0x0000, 0x0000, 0x0000, 0x0000,
    0x0000, 0x0000, 0x0000, 0x0000, 0x0000, 0x0000, 0x0000, 0x0000, 0x0000, 0x0000, 0x0000, 0x0000, 0x0000, 0x0000, 0x0000, 0x0000,
    0x0000, 0x0000, 0x0000, 0x0000, 0x0000, 0x0000, 0x0000, 0x0000, 0x0000, 0x0000, 0x0000, 0x0000, 0x0000, 0x0000, 0x0000, 0x0000,
    0x0000, 0x0000, 0x0000, 0x0000, 0x0000, 0x0000, 0x0000, 0x0000, 0x0000, 0x0000, 0x0000, 0x0000, 0x0000, 0x0000, 0x0000, 0x0000,
    0x0000, 0x0000, 0x0000, 0x0000, 0x0000, 0x0000, 0x0000, 0x0000, 0x0000, 0x0000, 0x0000, 0x0000, 0x0000, 0x0000, 0x0000, 0x0000,
    0x0000, 0x0000, 0x0000, 0x0000, 0x0000, 0x0000, 0x0000, 0x0000, 0x0000, 0x0000, 0x0000, 0x0000, 0x0000, 0x0000, 0x0000, 0x0000,
    0x0000, 0x0000, 0x0000, 0x0000, 0x0000, 0x0000, 0x0000, 0x0000, 0x0000, 0x0000, 0x0000, 0x0000, 0x0000, 0x0000, 0x0000, 0x0000,
    0x0000, 0x0000, 0x0000, 0x0000, 0x0000, 0x0000, 0x0000, 0x0000, 0x0000, 0x0000, 0x0000, 0x0000, 0x0000, 0x0000, 0x0000, 0x0000,
    0x0000, 0x0000, 0x0000, 0x0000, 0x0000, 0x0000, 0x0000, 0x0000, 0x0000, 0x0000, 0x0000, 0x0000, 0x0000, 0x0000, 0x0000, 0x0000,
    0x0000, 0x0000, 0x0000, 0x0000, 0x0000, 0x0000, 0x0000, 0x0000, 0x0000, 0x0000, 0x0000, 0x0000, 0x0000, 0x0000, 0x0000, 0x0000,
    0x0000, 0x0000, 0x0000, 0x0000, 0x0000, 0x0000, 0x0000, 0x0000, 0x0000, 0x0000, 0x0000, 0x0000, 0x0000, 0x0000, 0x0000, 0x0000,
    0x0000, 0x0000, 0x0000, 0x0000, 0x0000, 0x0000, 0x0000, 0x0000, 0x0000, 0x0000, 0x0000, 0x0000, 0x0000, 0x0000, 0x0000, 0x0000,
    0x0000, 0x0000, 0x0000, 0x0000, 0x0000, 0x0000, 0x0000, 0x0000, 0x0000, 0x0000, 0x0000, 0x0000, 0x0000, 0x0000, 0x0000, 0x0000,
    0x0000, 0x0000, 0x0000, 0x0000, 0x0000, 0x0000, 0x0000, 0x0000, 0x0000, 0x0000, 0x0000, 0x0000, 0x0000, 0x0000, 0x0000, 0x0000,
    0x0000, 0x0000, 0x0000, 0x0000, 0x0000, 0x0000, 0x0000, 0x0000, 0x0000, 0x0000, 0x0000, 0x0000, 0x0000, 0x0000, 0x0000, 0x0000,
    0x0000, 0x0000, 0x0000, 0x0000, 0x0000, 0x0000, 0x0000, 0x0000, 0x0000, 0x0000, 0x0000, 0x0000, 0x0000, 0x0000, 0x0000, 0x0000,
    0x0000, 0x0000, 0x0000, 0x0000, 0x0000, 0x0000, 0x0000, 0x0000, 0x0000, 0x0000, 0x0000, 0x0000, 0x0000, 0x0000, 0x0000, 0x0000,
    0x0000, 0x0000, 0x0000, 0x0000, 0x0000, 0x0000, 0x0000, 0x0000, 0x0000, 0x0000, 0x0000, 0x0000, 0x0000, 0x0000, 0x0000, 0x0000,
    0x0000, 0x0000, 0x0000, 0x0000, 0x0000, 0x0000, 0x0000, 0x0000, 0x0000, 0x0000, 0x0000, 0x0000, 0x0000, 0x0000, 0x0000, 0x0000,
    0x0000, 0x0000, 0x0000, 0x0000, 0x0000, 0x0000, 0x0000, 0x0000, 0x0000, 0x0000, 0x0000, 0x0000, 0x0000, 0x0000, 0x0000, 0x0000,
    0x0000, 0x0000, 0x0000, 0x0000, 0x0000, 0x0000, 0x0000, 0x0000, 0x0000, 0x0000, 0x0000, 0x0000, 0x0000, 0x0000, 0x0000, 0x0000,
    0x0000, 0x0000, 0x0000, 0x0000, 0x0000, 0x0000, 0x0000, 0x0000, 0x0000, 0x0000, 0x0000, 0x0000, 0x0000, 0x0000, 0x0000, 0x0000,
    0x0000, 0x0000, 0x0000, 0x0000, 0x0000, 0x0000, 0x0000, 0x0000, 0x0000, 0x0000, 0x0000, 0x0000, 0x0000, 0x0000, 0x0000, 0x0000,
    0x0000, 0x0000, 0x0000, 0x0000, 0x0000, 0x0000, 0x0000, 0x0000, 0x0000, 0x0000, 0x0000, 0x0000, 0x0000, 0x0000, 0x0000, 0x0000,
    0x0000, 0x0000, 0x0000, 0x0000, 0x0000, 0x0000, 0x0000, 0x0000, 0x0000, 0x0000, 0x0000, 0x0000, 0x0000, 0x0000, 0x0000, 0x0000,
    0x0000, 0x0000, 0x0000, 0x0000, 0x0000, 0x0000, 0x0000, 0x0000, 0x0000, 0x0000, 0x0000, 0x0000, 0x0000, 0x0000, 0x0000, 0x0000,
    0x0000, 0x0000, 0x0000, 0x0000, 0x0000, 0x0000, 0x0000, 0x0000, 0x0000, 0x0000, 0x0000, 0x0000, 0x0000, 0x0000, 0x0000, 0x0000,
    0x0000, 0x0000, 0x0000, 0x0000, 0x0000, 0x0000, 0x0000, 0x0000, 0x0000, 0x0000, 0x0000, 0x0000, 0x0000, 0x0000, 0x0000, 0x0000,
    0x0000, 0x0000, 0x0000, 0x0000, 0x0000, 0x0000, 0x0000, 0x0000, 0x0000, 0x0000, 0x0000, 0x0000, 0x0000, 0x0000, 0x0000, 0x0000,
    0x0000, 0x0000, 0x0000, 0x0000, 0x0000, 0x0000, 0x0000, 0x0000, 0x0000, 0x0000, 0x0000, 0x0000, 0x0000, 0x0000, 0x0000, 0x0000,
    0x0000, 0x0000, 0x0000, 0x0000, 0x0000, 0x0000, 0x0000, 0x0000, 0x0000, 0x0000, 0x0000, 0x0000, 0x0000, 0x0000, 0x0000, 0x0000,
    0x0000, 0x0000, 0x0000, 0x0000, 0x0000, 0x0000, 0x0000, 0x0000, 0x0000, 0x0000, 0x0000, 0x0000, 0x0000, 0x0000, 0x0000, 0x0000,
    0x0000, 0x0000, 0x0000, 0x0000, 0x0000, 0x0000, 0x0000, 0x0000, 0x0000, 0x0000, 0x0000, 0x0000, 0x0000, 0x0000, 0x0000, 0x0000,
    0x0000, 0x0000, 0x0000, 0x0000, 0x0000, 0x0000, 0x0000, 0x0000, 0x0000, 0x0000, 0x0000, 0x0000, 0x0000, 0x0000, 0x0000, 0x0000,
    0x0000, 0x0000, 0x0000, 0x0000, 0x0000, 0x0000, 0x0000, 0x0000, 0x0000, 0x0000, 0x0000, 0x0000, 0x0000, 0x0000, 0x0000, 0x0000,
    0x0000, 0x0000, 0x0000, 0x0000, 0x0000, 0x0000, 0x0000, 0x0000, 0x0000, 0x0000, 0x0000, 0x0000, 0x0000, 0x0000, 0x0000, 0x0000,
    0x0000, 0x0000, 0x0000, 0x0000, 0x0000, 0x0000, 0x0000, 0x0000, 0x0000, 0x0000, 0x0000, 0x0000, 0x0000, 0x0000, 0x0000, 0x0000,
    0x0000, 0x0000, 0x0000, 0x0000, 0x0000, 0x0000, 0x0000, 0x0000, 0x0000, 0x0000, 0x0000, 0x0000, 0x0000, 0x0000, 0x0000, 0x0000,
    0x0000, 0x0000, 0x0000, 0x0000, 0x0000, 0x0000, 0x0000, 0x0000, 0x0000, 0x0000, 0x0000, 0x0000, 0x0000, 0x0000, 0x0000, 0x0000,
    0x0000, 0x0000, 0x0000, 0x0000, 0x0000, 0x0000, 0x0000, 0x0000, 0x0000, 0x0000, 0x0000, 0x0000, 0x0000, 0x0000, 0x0000, 0x0000,
    0x0000, 0x0000, 0x0000, 0x0000, 0x0000, 0x0000, 0x0000, 0x0000, 0x0000, 0x0000, 0x0000, 0x0000, 0x0000, 0x0000, 0x0000, 0x0000,
    0x0000, 0x0000, 0x0000, 0x0000, 0x0000, 0x0000, 0x0000, 0x0000, 0x0000, 0x0000, 0x0000, 0x0000, 0x0000, 0x0000, 0x0000, 0x0000,
    0x0000, 0x0000, 0x0000, 0x0000, 0x0000, 0x0000, 0x0000, 0x0000, 0x0000, 0x0000, 0x0000, 0x0000, 0x0000, 0x0000, 0x0000, 0x0000,
    0x0000, 0x0000, 0x0000, 0x0000, 0x0000, 0x0000, 0x0000, 0x0000, 0x0000, 0x0000, 0x0000, 0x0000, 0x0000, 0x0000, 0x0000, 0x0000,
    0x0000, 0x0000, 0x0000, 0x0000, 0x0000, 0x0000, 0x0000, 0x0000, 0x0000, 0x0000, 0x0000, 0x0000, 0x0000, 0x0000, 0x0000, 0x0000,
    0x0000, 0x0000, 0x0000, 0x0000, 0x0000, 0x0000, 0x0000, 0x0000, 0x0000, 0x0000, 0x0000, 0x0000, 0x0000, 0x0000, 0x0000, 0x0000,
    0x0000, 0x0000, 0x0000, 0x0000, 0x0000, 0x0000, 0x0000, 0x0000, 0x0000, 0x0000, 0x0000, 0x0000, 0x0000, 0x0000, 0x0000, 0x0000,
    0x0000, 0x0000, 0x0000, 0x0000, 0x0000, 0x0000, 0x0000, 0x0000, 0x0000, 0x0000, 0x0000, 0x0000, 0x0000, 0x0000, 0x0000, 0x0000,
    0x0000, 0x0000, 0x0000, 0x0000, 0x0000, 0x0000, 0x0000, 0x0000, 0x0000, 0x0000, 0x0000, 0x0000, 0x0000, 0x0000, 0x0000, 0x0000,
    0x0000, 0x0000, 0x0000, 0x0000, 0x0000, 0x0000, 0x0000, 0x0000, 0x0000, 0x0000, 0x0000, 0x0000, 0x0000, 0x0000, 0x0000, 0x0000,
    0x0000, 0x0000, 0x0000, 0x0000, 0x0000, 0x0000, 0x0000, 0x0000, 0x0000, 0x0000, 0x0000, 0x0000, 0x0000, 0x0000, 0x0000, 0x0000,
    0x0000, 0x0000, 0x0000, 0x0000, 0x0000, 0x0000, 0x0000, 0x0000, 0x0000, 0x0000, 0x0000, 0x0000, 0x0000, 0x0000, 0x0000, 0x0000,
    0x0000, 0x0000, 0x0000, 0x0000, 0x0000, 0x0000, 0x0000, 0x0000, 0x0000, 0x0000, 0x0000, 0x0000, 0x0000, 0x0000, 0x0000, 0x0000,
    0x0000, 0x0000, 0x0000, 0x0000, 0x0000, 0x0000, 0x0000, 0x0000, 0x0000, 0x0000, 0x0000, 0x0000, 0x0000, 0x0000, 0x0000, 0x0000,
    0x0000, 0x0000, 0x0000, 0x0000, 0x0000, 0x0000, 0x0000, 0x0000, 0x0000, 0x0000, 0x0000, 0x0000, 0x0000, 0x0000, 0x0000, 0x0000,
    0x0000, 0x0000, 0x0000, 0x0000, 0x0000, 0x0000, 0x0000, 0x0000, 0x0000, 0x0000, 0x0000, 0x0000, 0x0000, 0x0000, 0x0000, 0x0000,
    0x0000, 0x0000, 0x0000, 0x0000, 0x0000, 0x0000, 0x0000, 0x0000, 0x0000, 0x0000, 0x0000, 0x0000, 0x0000, 0x0000, 0x0000, 0x0000,
    0x0000, 0x0000, 0x0000, 0x0000, 0x0000, 0x0000, 0x0000, 0x0000, 0x0000, 0x0000, 0x0000, 0x0000, 0x0000, 0x0000, 0x0000, 0x0000,
    0x0000, 0x0000, 0x0000, 0x0000, 0x0000, 0x0000, 0x0000, 0x0000, 0x0000, 0x0000, 0x0000, 0x0000, 0x0000, 0x0000, 0x0000, 0x0000,
    0x0000, 0x0000, 0x0000, 0x0000, 0x0000, 0x0000, 0x0000, 0x0000, 0x0000, 0x0000, 0x0000, 0x0000, 0x0000, 0x0000, 0x0000, 0x0000,
    0x0000, 0x0000, 0x0000, 0x0000, 0x0000, 0x0000, 0x0000, 0x0000, 0x0000, 0x0000, 0x0000, 0x0000, 0x0000, 0x0000, 0x0000, 0x0000,
    0x0000, 0x0000, 0x0000, 0x0000, 0x0000, 0x0000, 0x0000, 0x0000, 0x0000, 0x0000, 0x0000, 0x0000, 0x0000, 0x0000, 0x0000, 0x0000,
    0x0000, 0x0000, 0x0000, 0x0000, 0x0000, 0x0000, 0x0000, 0x0000, 0x0000, 0x0000, 0x0000, 0x0000, 0x0000, 0x0000, 0x0000, 0x0000,
    0x0000, 0x0000, 0x0000, 0x0000, 0x0000, 0x0000, 0x0000, 0x0000, 0x0000, 0x0000, 0x0000, 0x0000, 0x0000, 0x0000, 0x0000, 0x0000,
    0x0000, 0x0000, 0x0000, 0x0000, 0x0000, 0x0000, 0x0000, 0x0000, 0x0000, 0x0000, 0x0000, 0x0000, 0x0000, 0x0000, 0x0000, 0x0000,
    0x0000, 0x0000, 0x0000, 0x0000, 0x0000, 0x0000, 0x0000, 0x0000, 0x0000, 0x0000, 0x0000, 0x0000, 0x0000, 0x0000, 0x0000, 0x0000,
    0x0000, 0x0000, 0x0000, 0x0000, 0x0000, 0x0000, 0x0000, 0x0000, 0x0000, 0x0000, 0x0000, 0x0000, 0x0000, 0x0000, 0x0000, 0x0000,
    0x0000, 0x0000, 0x0000, 0x0000, 0x0000, 0x0000, 0x0000, 0x0000, 0x0000, 0x0000, 0x0000, 0x0000, 0x0000, 0x0000, 0x0000, 0x0000,
    0x0000, 0x0000, 0x0000, 0x0000, 0x0000, 0x0000, 0x0000, 0x0000, 0x0000, 0x0000, 0x0000, 0x0000, 0x0000, 0x0000, 0x0000, 0x0000,
    0x0000, 0x0000, 0x0000, 0x0000, 0x0000, 0x0000, 0x0000, 0x0000, 0x0000, 0x0000, 0x0000, 0x0000, 0x0000, 0x0000, 0x0000, 0x0000,
    0x0000, 0x0000, 0x0000, 0x0000, 0x0000, 0x0000, 0x0000, 0x0000, 0x0000, 0x0000, 0x0000, 0x0000, 0x0000, 0x0000, 0x0000, 0x0000,
    0x0000, 0x0000, 0x0000, 0x0000, 0x0000, 0x0000, 0x0000, 0x0000, 0x0000, 0x0000, 0x0000, 0x0000, 0x0000, 0x0000, 0x0000, 0x0000,
    0x0000, 0x0000, 0x0000, 0x0000, 0x0000, 0x0000, 0x0000, 0x0000, 0x0000, 0x0000, 0x0000, 0x0000, 0x0000, 0x0000, 0x0000, 0x0000,
    0x0000, 0x0000, 0x0000, 0x0000, 0x0000, 0x0000, 0x0000, 0x0000, 0x0000, 0x0000, 0x0000, 0x0000, 0x0000, 0x0000, 0x0000, 0x0000,
    0x0000, 0x0000, 0x0000, 0x0000, 0x0000, 0x0000, 0x0000, 0x0000, 0x0000, 0x0000, 0x0000, 0x0000, 0x0000, 0x0000, 0x0000, 0x0000,
    0x0000, 0x0000, 0x0000, 0x0000, 0x0000, 0x0000, 0x0000, 0x0000, 0x0000, 0x0000, 0x0000, 0x0000, 0x0000, 0x0000, 0x0000, 0x0000,
    0x0000, 0x0000, 0x0000, 0x0000, 0x0000, 0x0000, 0x0000, 0x0000, 0x0000, 0x0000, 0x0000, 0x0000, 0x0000, 0x0000, 0x0000, 0x0000,
    0x0000, 0x0000, 0x0000, 0x0000, 0x0000, 0x0000, 0x0000, 0x0000, 0x0000, 0x0000, 0x0000, 0x0000, 0x0000, 0x0000, 0x0000, 0x0000,
    0x0000, 0x0000, 0x0000, 0x0000, 0x0000, 0x0000, 0x0000, 0x0000, 0x0000, 0x0000, 0x0000, 0x0000, 0x0000, 0x0000, 0x0000, 0x0000,
    0x0000, 0x0000, 0x0000, 0x0000, 0x0000, 0x0000, 0x0000, 0x0000, 0x0000, 0x0000, 0x0000, 0x0000, 0x0000, 0x0000, 0x0000, 0x0000,
    0x0000, 0x0000, 0x0000, 0x0000, 0x0000, 0x0000, 0x0000, 0x0000, 0x0000, 0x0000, 0x0000, 0x0000, 0x0000, 0x0000, 0x0000, 0x0000,
    0x0000, 0x0000, 0x0000, 0x0000, 0x0000, 0x0000, 0x0000, 0x0000, 0x0000, 0x0000, 0x0000, 0x0000, 0x0000, 0x0000, 0x0000, 0x0000,
    0x0000, 0x0000, 0x0000, 0x0000, 0x0000, 0x0000, 0x0000, 0x0000, 0x0000, 0x0000, 0x0000, 0x0000, 0x0000, 0x0000, 0x0000, 0x0000,
    0x0000, 0x0000, 0x0000, 0x0000, 0x0000, 0x0000, 0x0000, 0x0000, 0x0000, 0x0000, 0x0000, 0x0000, 0x0000, 0x0000, 0x0000, 0x0000,
    0x0000, 0x0000, 0x0000, 0x0000, 0x0000, 0x0000, 0x0000, 0x0000, 0x0000, 0x0000, 0x0000, 0x0000, 0x0000, 0x0000, 0x0000, 0x0000,
    0x0000, 0x0000, 0x0000, 0x0000, 0x0000, 0x0000, 0x0000, 0x0000, 0x0000, 0x0000, 0x0000, 0x0000, 0x0000, 0x0000, 0x0000, 0x0000,
    0x0000, 0x0000, 0x0000, 0x0000, 0x0000, 0x0000, 0x0000, 0x0000, 0x0000, 0x0000, 0x0000, 0x0000, 0x0000, 0x0000, 0x0000, 0x0000,
    0x0000, 0x0000, 0x0000, 0x0000, 0x0000, 0x0000, 0x0000, 0x0000, 0x0000, 0x0000, 0x0000, 0x0000, 0x0000, 0x0000, 0x0000, 0x0000,
    0x0000, 0x0000, 0x0000, 0x0000, 0x0000, 0x0000, 0x0000, 0x0000, 0x0000, 0x0000, 0x0000, 0x0000, 0x0000, 0x0000, 0x0000, 0x0000,
    0x0000, 0x0000, 0x0000, 0x0000, 0x0000, 0x0000, 0x0000, 0x0000, 0x0000, 0x0000, 0x0000, 0x0000, 0x0000, 0x0000, 0x0000, 0x0000,
    0x0000, 0x0000, 0x0000, 0x0000, 0x0000, 0x0000, 0x0000, 0x0000, 0x0000, 0x0000, 0x0000, 0x0000, 0x0000, 0x0000, 0x0000, 0x0000,
    0x0000, 0x0000, 0x0000, 0x0000, 0x0000, 0x0000, 0x0000, 0x0000, 0x0000, 0x0000, 0x0000, 0x0000, 0x0000, 0x0000, 0x0000, 0x0000,
    0x0000, 0x0000, 0x0000, 0x0000, 0x0000, 0x0000, 0x0000, 0x0000, 0x0000, 0x0000, 0x0000, 0x0000, 0x0000, 0x0000, 0x0000, 0x0000,
    0x0000, 0x0000, 0x0000, 0x0000, 0x0000, 0x0000, 0x0000, 0x0000, 0x0000, 0x0000, 0x0000, 0x0000, 0x0000, 0x0000, 0x0000, 0x0000,
    0x0000, 0x0000, 0x0000, 0x0000, 0x0000, 0x0000, 0x0000, 0x0000, 0x0000, 0x0000, 0x0000, 0x0000, 0x0000, 0x0000, 0x0000, 0x0000,
    0x0000, 0x0000, 0x0000, 0x0000, 0x0000, 0x0000, 0x0000, 0x0000, 0x0000, 0x0000, 0x0000, 0x0000, 0x0000, 0x0000, 0x0000, 0x0000,
    0x0000, 0x0000, 0x0000, 0x0000, 0x0000, 0x0000, 0x0000, 0x0000, 0x0000, 0x0000, 0x0000, 0x0000, 0x0000, 0x0000, 0x0000, 0x0000,
    0x0000, 0x0000, 0x0000, 0x0000, 0x0000, 0x0000, 0x0000, 0x0000, 0x0000, 0x0000, 0x0000, 0x0000, 0x0000, 0x0000, 0x0000, 0x0000,
    0x0000, 0x0000, 0x0000, 0x0000, 0x0000, 0x0000, 0x0000, 0x0000, 0x0000, 0x0000, 0x0000, 0x0000, 0x0000, 0x0000, 0x0000, 0x0000,
    0x0000, 0x0000, 0x0000, 0x0000, 0x0000, 0x0000, 0x0000, 0x0000, 0x0000, 0x0000, 0x0000, 0x0000, 0x0000, 0x0000, 0x0000, 0x0000,
    0x0000, 0x0000, 0x0000, 0x0000, 0x0000, 0x0000, 0x0000, 0x0000, 0x0000, 0x0000, 0x0000, 0x0000, 0x0000, 0x0000, 0x0000, 0x0000,
    0x0000, 0x0000, 0x0000, 0x0000, 0x0000, 0x0000, 0x0000, 0x0000, 0x0000, 0x0000, 0x0000, 0x0000, 0x0000, 0x0000, 0x0000, 0x0000,
    0x0000, 0x0000, 0x0000, 0x0000, 0x0000, 0x0000, 0x0000, 0x0000, 0x0000, 0x0000, 0x0000, 0x0000, 0x0000, 0x0000, 0x0000, 0x0000,
    0x0000, 0x0000, 0x0000, 0x0000, 0x0000, 0x0000, 0x0000, 0x0000, 0x0000, 0x0000, 0x0000, 0x0000, 0x0000, 0x0000, 0x0000, 0x0000,
    0x0000, 0x0000, 0x0000, 0x0000, 0x0000, 0x0000, 0x0000, 0x0000, 0x0000, 0x0000, 0x0000, 0x0000, 0x0000, 0x0000, 0x0000, 0x0000,
    0x0000, 0x0000, 0x0000, 0x0000, 0x0000, 0x0000, 0x0000, 0x0000, 0x0000, 0x0000, 0x0000, 0x0000, 0x0000, 0x0000, 0x0000, 0x0000,
    0x0000, 0x0000, 0x0000, 0x0000, 0x0000, 0x0000, 0x0000, 0x0000, 0x0000, 0x0000, 0x0000, 0x0000, 0x0000, 0x0000, 0x0000, 0x0000,
    0x0000, 0x0000, 0x0000, 0x0000, 0x0000, 0x0000, 0x0000, 0x0000, 0x0000, 0x0000, 0x0000, 0x0000, 0x0000, 0x0000, 0x0000, 0x0000,
    0x0000, 0x0000, 0x0000, 0x0000, 0x0000, 0x0000, 0x0000, 0x0000, 0x0000, 0x0000, 0x0000, 0x0000, 0x0000, 0x0000, 0x0000, 0x0000,
    0x0000, 0x0000, 0x0000, 0x0000, 0x0000, 0x0000, 0x0000, 0x0000, 0x0000, 0x0000, 0x0000, 0x0000, 0x0000, 0x0000, 0x0000, 0x0000,
    0x0000, 0x0000, 0x0000, 0x0000, 0x0000, 0x0000, 0x0000, 0x0000, 0x0000, 0x0000, 0x0000, 0x0000, 0x0000, 0x0000, 0x0000, 0x0000,
    0x0000, 0x0000, 0x0000, 0x0000, 0x0000, 0x0000, 0x0000, 0x0000, 0x0000, 0x0000, 0x0000, 0x0000, 0x0000, 0x0000, 0x0000, 0x0000,
    0x0000, 0x0000, 0x0000, 0x0000, 0x0000, 0x0000, 0x0000, 0x0000, 0x0000, 0x0000, 0x0000, 0x0000, 0x0000, 0x0000, 0x0000, 0x0000,
    0x0000, 0x0000, 0x0000, 0x0000, 0x0000, 0x0000, 0x0000, 0x0000, 0x0000, 0x0000, 0x0000, 0x0000, 0x0000, 0x0000, 0x0000, 0x0000,
    0x0000, 0x0000, 0x0000, 0x0000, 0x0000, 0x0000, 0x0000, 0x0000, 0x0000, 0x0000, 0x0000, 0x0000, 0x0000, 0x0000, 0x0000, 0x0000,
    0x0000, 0x0000, 0x0000, 0x0000, 0x0000, 0x0000, 0x0000, 0x0000, 0x0000, 0x0000, 0x0000, 0x0000, 0x0000, 0x0000, 0x0000, 0x0000,
    0x0000, 0x0000, 0x0000, 0x0000, 0x0000, 0x0000, 0x0000, 0x0000, 0x0000, 0x0000, 0x0000, 0x0000, 0x0000, 0x0000, 0x0000, 0x0000,
    0x0000, 0x0000, 0x0000, 0x0000, 0x0000, 0x0000, 0x0000, 0x0000, 0x0000, 0x0000, 0x0000, 0x0000, 0x0000, 0x0000, 0x0000, 0x0000,
    0x0000, 0x0000, 0x0000, 0x0000, 0x0000, 0x0000, 0x0000, 0x0000, 0x0000, 0x0000, 0x0000, 0x0000, 0x0000, 0x0000, 0x0000, 0x0000,
    0x0000, 0x0000, 0x0000, 0x0000, 0x0000, 0x0000, 0x0000, 0x0000, 0x0000, 0x0000, 0x0000, 0x0000, 0x0000, 0x0000, 0x0000, 0x0000,
    0x0000, 0x0000, 0x0000, 0x0000, 0x0000, 0x0000, 0x0000, 0x0000, 0x0000, 0x0000, 0x0000, 0x0000, 0x0000, 0x0000, 0x0000, 0x0000,
    0x0000, 0x0000, 0x0000, 0x0000, 0x0000, 0x0000, 0x0000, 0x0000, 0x0000, 0x0000, 0x0000, 0x0000, 0x0000, 0x0000, 0x0000, 0x0000,
    0x0000, 0x0000, 0x0000, 0x0000, 0x0000, 0x0000, 0x0000, 0x0000, 0x0000, 0x0000, 0x0000, 0x0000, 0x0000, 0x0000, 0x0000, 0x0000,
    0x0000, 0x0000, 0x0000, 0x0000, 0x0000, 0x0000, 0x0000, 0x0000, 0x0000, 0x0000, 0x0000, 0x0000, 0x0000, 0x0000, 0x0000, 0x0000,
    0x0000, 0x0000, 0x0000, 0x0000, 0x0000, 0x0000, 0x0000, 0x0000, 0x0000, 0x0000, 0x0000, 0x0000, 0x0000, 0x0000, 0x0000, 0x0000,
    0x0000, 0x0000, 0x0000, 0x0000, 0x0000, 0x0000, 0x0000, 0x0000, 0x0000, 0x0000, 0x0000, 0x0000, 0x0000, 0x0000, 0x0000, 0x0000,
    0x0000, 0x0000, 0x0000, 0x0000, 0x0000, 0x0000, 0x0000, 0x0000, 0x0000, 0x0000, 0x0000, 0x0000, 0x0000, 0x0000, 0x0000, 0x0000,
    0x0000, 0x0000, 0x0000, 0x0000, 0x0000, 0x0000, 0x0000, 0x0000, 0x0000, 0x0000, 0x0000, 0x0000, 0x0000, 0x0000, 0x0000, 0x0000,
    0x0000, 0x0000, 0x0000, 0x0000, 0x0000, 0x0000, 0x0000, 0x0000, 0x0000, 0x0000, 0x0000, 0x0000, 0x0000, 0x0000, 0x0000, 0x0000,
    0x0000, 0x0000, 0x0000, 0x0000, 0x0000, 0x0000, 0x0000, 0x0000, 0x0000, 0x0000, 0x0000, 0x0000, 0x0000, 0x0000, 0x0000, 0x0000,
    0x0000, 0x0000, 0x0000, 0x0000, 0x0000, 0x0000, 0x0000, 0x0000, 0x0000, 0x0000, 0x0000, 0x0000, 0x0000, 0x0000, 0x0000, 0x0000,
    0x0000, 0x0000, 0x0000, 0x0000, 0x0000, 0x0000, 0x0000, 0x0000, 0x0000, 0x0000, 0x0000, 0x0000, 0x0000, 0x0000, 0x0000, 0x0000,
    0x0000, 0x0000, 0x0000, 0x0000, 0x0000, 0x0000, 0x0000, 0x0000, 0x0000, 0x0000, 0x0000, 0x0000, 0x0000, 0x0000, 0x0000, 0x0000,
    0x0000, 0x0000, 0x0000, 0x0000, 0x0000, 0x0000, 0x0000, 0x0000, 0x0000, 0x0000, 0x0000, 0x0000, 0x0000, 0x0000, 0x0000, 0x0000,
    0x0000, 0x0000, 0x0000, 0x0000, 0x0000, 0x0000, 0x0000, 0x0000, 0x0000, 0x0000, 0x0000, 0x0000, 0x0000, 0x0000, 0x0000, 0x0000,
    0x0000, 0x0000, 0x0000, 0x0000, 0x0000, 0x0000, 0x0000, 0x0000, 0x0000, 0x0000, 0x0000, 0x0000, 0x0000, 0x0000, 0x0000, 0x0000,
    0x0000, 0x0000, 0x0000, 0x0000, 0x0000, 0x0000, 0x0000, 0x0000, 0x0000, 0x0000, 0x0000, 0x0000, 0x0000, 0x0000, 0x0000, 0x0000,
    0x0000, 0x0000, 0x0000, 0x0000, 0x0000, 0x0000, 0x0000, 0x0000, 0x0000, 0x0000, 0x0000, 0x0000, 0x0000, 0x0000, 0x0000, 0x0000,
    0x0000, 0x0000, 0x0000, 0x0000, 0x0000, 0x0000, 0x0000, 0x0000, 0x0000, 0x0000, 0x0000, 0x0000, 0x0000, 0x0000, 0x0000, 0x0000,
    0x0000, 0x0000, 0x0000, 0x0000, 0x0000, 0x0000, 0x0000, 0x0000, 0x0000, 0x0000, 0x0000, 0x0000, 0x0000, 0x0000, 0x0000, 0x0000,
    0x0000, 0x0000, 0x0000, 0x0000, 0x0000, 0x0000, 0x0000, 0x0000, 0x0000, 0x0000, 0x0000, 0x0000, 0x0000, 0x0000, 0x0000, 0x0000,
    0x0000, 0x0000, 0x0000, 0x0000, 0x0000, 0x0000, 0x0000, 0x0000, 0x0000, 0x0000, 0x0000, 0x0000, 0x0000, 0x0000, 0x0000, 0x0000,
    0x0000, 0x0000, 0x0000, 0x0000, 0x0000, 0x0000, 0x0000, 0x0000, 0x0000, 0x0000, 0x0000, 0x0000, 0x0000, 0x0000, 0x0000, 0x0000,
    0x0000, 0x0000, 0x0000, 0x0000, 0x0000, 0x0000, 0x0000, 0x0000, 0x0000, 0x0000, 0x0000, 0x0000, 0x0000, 0x0000, 0x0000, 0x0000,
    0x0000, 0x0000, 0x0000, 0x0000, 0x0000, 0x0000, 0x0000, 0x0000, 0x0000, 0x0000, 0x0000, 0x0000, 0x0000, 0x0000, 0x0000, 0x0000,
    0x0000, 0x0000, 0x0000, 0x0000, 0x0000, 0x0000, 0x0000, 0x0000, 0x0000, 0x0000, 0x0000, 0x0000, 0x0000, 0x0000, 0x0000, 0x0000,
    0x0000, 0x0000, 0x0000, 0x0000, 0x0000, 0x0000, 0x0000, 0x0000, 0x0000, 0x0000, 0x0000, 0x0000, 0x0000, 0x0000, 0x0000, 0x0000,
    0x0000, 0x0000, 0x0000, 0x0000, 0x0000, 0x0000, 0x0000, 0x0000, 0x0000, 0x0000, 0x0000, 0x0000, 0x0000, 0x0000, 0x0000, 0x0000,
    0x0000, 0x0000, 0x0000, 0x0000, 0x0000, 0x0000, 0x0000, 0x0000, 0x0000, 0x0000, 0x0000, 0x0000, 0x0000, 0x0000, 0x0000, 0x0000,
    0x0000, 0x0000, 0x0000, 0x0000, 0x0000, 0x0000, 0x0000, 0x0000, 0x0000, 0x0000, 0x0000, 0x0000, 0x0000, 0x0000, 0x0000, 0x0000,
    0x0000, 0x0000, 0x0000, 0x0000, 0x0000, 0x0000, 0x0000, 0x0000, 0x0000, 0x0000, 0x0000, 0x0000, 0x0000, 0x0000, 0x0000, 0x0000,
    0x0000, 0x0000, 0x0000, 0x0000, 0x0000, 0x0000, 0x0000, 0x0000, 0x0000, 0x0000, 0x0000, 0x0000, 0x0000, 0x0000, 0x0000, 0x0000,
    0x0000, 0x0000, 0x0000, 0x0000, 0x0000, 0x0000, 0x0000, 0x0000, 0x0000, 0x0000, 0x0000, 0x0000, 0x0000, 0x0000, 0x0000, 0x0000,
    0x0000, 0x0000, 0x0000, 0x0000, 0x0000, 0x0000, 0x0000, 0x0000, 0x0000, 0x0000, 0x0000, 0x0000, 0x0000, 0x0000, 0x0000, 0x0000,
    0x0000, 0x0000, 0x0000, 0x0000, 0x0000, 0x0000, 0x0000, 0x0000, 0x0000, 0x0000, 0x0000, 0x0000, 0x0000, 0x0000, 0x0000, 0x0000,
    0x0000, 0x0000, 0x0000, 0x0000, 0x0000, 0x0000, 0x0000, 0x0000, 0x0000, 0x0000, 0x0000, 0x0000, 0x0000, 0x0000, 0x0000, 0x0000,
    0x0000, 0x0000, 0x0000, 0x0000, 0x0000, 0x0000, 0x0000, 0x0000, 0x0000, 0x0000, 0x0000, 0x0000, 0x0000, 0x0000, 0x0000, 0x0000,
    0x0000, 0x0000, 0x0000, 0x0000, 0x0000, 0x0000, 0x0000, 0x0000, 0x0000, 0x0000, 0x0000, 0x0000, 0x0000, 0x0000, 0x0000, 0x0000,
    0x0000, 0x0000, 0x0000, 0x0000, 0x0000, 0x0000, 0x0000, 0x0000, 0x0000, 0x0000, 0x0000, 0x0000, 0x0000, 0x0000, 0x0000, 0x0000,
    0x0000, 0x0000, 0x0000, 0x0000, 0x0000, 0x0000, 0x0000, 0x0000, 0x0000, 0x0000, 0x0000, 0x0000, 0x0000, 0x0000, 0x0000, 0x0000,
    0x0000, 0x0000, 0x0000, 0x0000, 0x0000, 0x0000, 0x0000, 0x0000, 0x0000, 0x0000, 0x0000, 0x0000, 0x0000, 0x0000, 0x0000, 0x0000,
    0x0000, 0x0000, 0x0000, 0x0000, 0x0000, 0x0000, 0x0000, 0x0000, 0x0000, 0x0000, 0x0000, 0x0000, 0x0000, 0x0000, 0x0000, 0x0000,
    0x0000, 0x0000, 0x0000, 0x0000, 0x0000, 0x0000, 0x0000, 0x0000, 0x0000, 0x0000, 0x0000, 0x0000, 0x0000, 0x0000, 0x0000, 0x0000,
    0x0000, 0x0000, 0x0000, 0x0000, 0x0000, 0x0000, 0x0000, 0x0000, 0x0000, 0x0000, 0x0000, 0x0000, 0x0000, 0x0000, 0x0000, 0x0000,
    0x0000, 0x0000, 0x0000, 0x0000, 0x0000, 0x0000, 0x0000, 0x0000, 0x0000, 0x0000, 0x0000, 0x0000, 0x0000, 0x0000, 0x0000, 0x0000,
    0x0000, 0x0000, 0x0000, 0x0000, 0x0000, 0x0000, 0x0000, 0x0000, 0x0000, 0x0000, 0x0000, 0x0000, 0x0000, 0x0000, 0x0000, 0x0000,
    0x0000, 0x0000, 0x0000, 0x0000, 0x0000, 0x0000, 0x0000, 0x0000, 0x0000, 0x0000, 0x0000, 0x0000, 0x0000, 0x0000, 0x0000, 0x0000,
    0x0000, 0x0000, 0x0000, 0x0000, 0x0000, 0x0000, 0x0000, 0x0000, 0x0000, 0x0000, 0x0000, 0x0000, 0x0000, 0x0000, 0x0000, 0x0000,
    0x0000, 0x0000, 0x0000, 0x0000, 0x0000, 0x0000, 0x0000, 0x0000, 0x0000, 0x0000, 0x0000, 0x0000, 0x0000, 0x0000, 0x0000, 0x0000,
    0x0000, 0x0000, 0x0000, 0x0000, 0x0000, 0x0000, 0x0000, 0x0000, 0x0000, 0x0000, 0x0000, 0x0000, 0x0000, 0x0000, 0x0000, 0x0000,
    0x0000, 0x0000, 0x0000, 0x0000, 0x0000, 0x0000, 0x0000, 0x0000, 0x0000, 0x0000, 0x0000, 0x0000, 0x0000, 0x0000, 0x0000, 0x0000,
    0x0000, 0x0000, 0x0000, 0x0000, 0x0000, 0x0000, 0x0000, 0x0000, 0x0000, 0x0000, 0x0000, 0x0000, 0x0000, 0x0000, 0x0000, 0x0000,
    0x0000, 0x0000, 0x0000, 0x0000, 0x0000, 0x0000, 0x0000, 0x0000, 0x0000, 0x0000, 0x0000, 0x0000, 0x0000, 0x0000, 0x0000, 0x0000,
    0x0000, 0x0000, 0x0000, 0x0000, 0x0000, 0x0000, 0x0000, 0x0000, 0x0000, 0x0000, 0x0000, 0x0000, 0x0000, 0x0000, 0x0000, 0x0000,
    0x0000, 0x0000, 0x0000, 0x0000, 0x0000, 0x0000, 0x0000, 0x0000, 0x0000, 0x0000, 0x0000, 0x0000, 0x0000, 0x0000, 0x0000, 0x0000,
    0x0000, 0x0000, 0x0000, 0x0000, 0x0000, 0x0000, 0x0000, 0x0000, 0x0000, 0x0000, 0x0000, 0x0000, 0x0000, 0x0000, 0x0000, 0x0000,
    0x0000, 0x0000, 0x0000, 0x0000, 0x0000, 0x0000, 0x0000, 0x0000, 0x0000, 0x0000, 0x0000, 0x0000, 0x0000, 0x0000, 0x0000, 0x0000,
    0x0000, 0x0000, 0x0000, 0x0000, 0x0000, 0x0000, 0x0000, 0x0000, 0x0000, 0x0000, 0x0000, 0x0000, 0x0000, 0x0000, 0x0000, 0x0000,
    0x0000, 0x0000, 0x0000, 0x0000, 0x0000, 0x0000, 0x0000, 0x0000, 0x0000, 0x0000, 0x0000, 0x0000, 0x0000, 0x0000, 0x0000, 0x0000,
    0x0000, 0x0000, 0x0000, 0x0000, 0x0000, 0x0000, 0x0000, 0x0000, 0x0000, 0x0000, 0x0000, 0x0000, 0x0000, 0x0000, 0x0000, 0x0000,
    0x0000, 0x0000, 0x0000, 0x0000, 0x0000, 0x0000, 0x0000, 0x0000, 0x0000, 0x0000, 0x0000, 0x0000, 0x0000, 0x0000, 0x0000, 0x0000,
    0x0000, 0x0000, 0x0000, 0x0000, 0x0000, 0x0000, 0x0000, 0x0000, 0x0000, 0x0000, 0x0000, 0x0000, 0x0000, 0x0000, 0x0000, 0x0000,
    0x0000, 0x0000, 0x0000, 0x0000, 0x0000, 0x0000, 0x0000, 0x0000, 0x0000, 0x0000, 0x0000, 0x0000, 0x0000, 0x0000, 0x0000, 0x0000,
    0x0000, 0x0000, 0x0000, 0x0000, 0x0000, 0x0000, 0x0000, 0x0000, 0x0000, 0x0000, 0x0000, 0x0000, 0x0000, 0x0000, 0x0000, 0x0000,
    0x0000, 0x0000, 0x0000, 0x0000, 0x0000, 0x0000, 0x0000, 0x0000, 0x0000, 0x0000, 0x0000, 0x0000, 0x0000, 0x0000, 0x0000, 0x0000,
    0x0000, 0x0000, 0x0000, 0x0000, 0x0000, 0x0000, 0x0000, 0x0000, 0x0000, 0x0000, 0x0000, 0x0000, 0x0000, 0x0000, 0x0000, 0x0000,
    0x0000, 0x0000, 0x0000, 0x0000, 0x0000, 0x0000, 0x0000, 0x0000, 0x0000, 0x0000, 0x0000, 0x0000, 0x0000, 0x0000, 0x0000, 0x0000,
    0x0000, 0x0000, 0x0000, 0x0000, 0x0000, 0x0000, 0x0000, 0x0000, 0x0000, 0x0000, 0x0000, 0x0000, 0x0000, 0x0000, 0x0000, 0x0000,
    0x0000, 0x0000, 0x0000, 0x0000, 0x0000, 0x0000, 0x0000, 0x0000, 0x0000, 0x0000, 0x0000, 0x0000, 0x0000, 0x0000, 0x0000, 0x0000,
    0x0000, 0x0000, 0x0000, 0x0000, 0x0000, 0x0000, 0x0000, 0x0000, 0x0000, 0x0000, 0x0000, 0x0000, 0x0000, 0x0000, 0x0000, 0x0000,
    0x0000, 0x0000, 0x0000, 0x0000, 0x0000, 0x0000, 0x0000, 0x0000, 0x0000, 0x0000, 0x0000, 0x0000, 0x0000, 0x0000, 0x0000, 0x0000,
    0x0000, 0x0000, 0x0000, 0x0000, 0x0000, 0x0000, 0x0000, 0x0000, 0x0000, 0x0000, 0x0000, 0x0000, 0x0000, 0x0000, 0x0000, 0x0000,
    0x0000, 0x0000, 0x0000, 0x0000, 0x0000, 0x0000, 0x0000, 0x0000, 0x0000, 0x0000, 0x0000, 0x0000, 0x0000, 0x0000, 0x0000, 0x0000,
    0x0000, 0x0000, 0x0000, 0x0000, 0x0000, 0x0000, 0x0000, 0x0000, 0x0000, 0x0000, 0x0000, 0x0000, 0x0000, 0x0000, 0x0000, 0x0000,
    0x0000, 0x0000, 0x0000, 0x0000, 0x0000, 0x0000, 0x0000, 0x0000, 0x0000, 0x0000, 0x0000, 0x0000, 0x0000, 0x0000, 0x0000, 0x0000,
    0x0000, 0x0000, 0x0000, 0x0000, 0x0000, 0x0000, 0x0000, 0x0000, 0x0000, 0x0000, 0x0000, 0x0000, 0x0000, 0x0000, 0x0000, 0x0000,
    0x0000, 0x0000, 0x0000, 0x0000, 0x0000, 0x0000, 0x0000, 0x0000, 0x0000, 0x0000, 0x0000, 0x0000, 0x0000, 0x0000, 0x0000, 0x0000,
    0x0000, 0x0000, 0x0000, 0x0000, 0x0000, 0x0000, 0x0000, 0x0000, 0x0000, 0x0000, 0x0000, 0x0000, 0x0000, 0x0000, 0x0000, 0x0000,
    0x0000, 0x0000, 0x0000, 0x0000, 0x0000, 0x0000, 0x0000, 0x0000, 0x0000, 0x0000, 0x0000, 0x0000, 0x0000, 0x0000, 0x0000, 0x0000,
    0x0000, 0x0000, 0x0000, 0x0000, 0x0000, 0x0000, 0x0000, 0x0000, 0x0000, 0x0000, 0x0000, 0x0000, 0x0000, 0x0000, 0x0000, 0x0000,
    0x0000, 0x0000, 0x0000, 0x0000, 0x0000, 0x0000, 0x0000, 0x0000, 0x0000, 0x0000, 0x0000, 0x0000, 0x0000, 0x0000, 0x0000, 0x0000,
    0x0000, 0x0000, 0x0000, 0x0000, 0x0000, 0x0000, 0x0000, 0x0000, 0x0000, 0x0000, 0x0000, 0x0000, 0x0000, 0x0000, 0x0000, 0x0000,
    0x0000, 0x0000, 0x0000, 0x0000, 0x0000, 0x0000, 0x0000, 0x0000, 0x0000, 0x0000, 0x0000, 0x0000, 0x0000, 0x0000, 0x0000, 0x0000,
    0x0000, 0x0000, 0x0000, 0x0000, 0x0000, 0x0000, 0x0000, 0x0000, 0x0000, 0x0000, 0x0000, 0x0000, 0x0000, 0x0000, 0x0000, 0x0000,
    0x0000, 0x0000, 0x0000, 0x0000, 0x0000, 0x0000, 0x0000, 0x0000, 0x0000, 0x0000, 0x0000, 0x0000, 0x0000, 0x0000, 0x0000, 0x0000,
    0x0000, 0x0000, 0x0000, 0x0000, 0x0000, 0x0000, 0x0000, 0x0000, 0x0000, 0x0000, 0x0000, 0x0000, 0x0000, 0x0000, 0x0000, 0x0000,
    0x0000, 0x0000, 0x0000, 0x0000, 0x0000, 0x0000, 0x0000, 0x0000, 0x0000, 0x0000, 0x0000, 0x0000, 0x0000, 0x0000, 0x0000, 0x0000,
    0x0000, 0x0000, 0x0000, 0x0000, 0x0000, 0x0000, 0x0000, 0x0000, 0x0000, 0x0000, 0x0000, 0x0000, 0x0000, 0x0000, 0x0000, 0x0000,
    0x0000, 0x0000, 0x0000, 0x0000, 0x0000, 0x0000, 0x0000, 0x0000, 0x0000, 0x0000, 0x0000, 0x0000, 0x0000, 0x0000, 0x0000, 0x0000,
    0x0000, 0x0000, 0x0000, 0x0000, 0x0000, 0x0000, 0x0000, 0x0000, 0x0000, 0x0000, 0x0000, 0x0000, 0x0000, 0x0000, 0x0000, 0x0000,
    0x0000, 0x0000, 0x0000, 0x0000, 0x0000, 0x0000, 0x0000, 0x0000, 0x0000, 0x0000, 0x0000, 0x0000, 0x0000, 0x0000, 0x0000, 0x0000,
    0x0000, 0x0000, 0x0000, 0x0000, 0x0000, 0x0000, 0x0000, 0x0000, 0x0000, 0x0000, 0x0000, 0x0000, 0x0000, 0x0000, 0x0000, 0x0000,
    0x0000, 0x0000, 0x0000, 0x0000, 0x0000, 0x0000, 0x0000, 0x0000, 0x0000, 0x0000, 0x0000, 0x0000, 0x0000, 0x0000, 0x0000, 0x0000,
    0x0000, 0x0000, 0x0000, 0x0000, 0x0000, 0x0000, 0x0000, 0x0000, 0x0000, 0x0000, 0x0000, 0x0000, 0x0000, 0x0000, 0x0000, 0x0000,
    0x0000, 0x0000, 0x0000, 0x0000, 0x0000, 0x0000, 0x0000, 0x0000, 0x0000, 0x0000, 0x0000, 0x0000, 0x0000, 0x0000, 0x0000, 0x0000,
    0x0000, 0x0000, 0x0000, 0x0000, 0x0000, 0x0000, 0x0000, 0x0000, 0x0000, 0x0000, 0x0000, 0x0000, 0x0000, 0x0000, 0x0000, 0x0000,
    0x0000, 0x0000, 0x0000, 0x0000, 0x0000, 0x0000, 0x0000, 0x0000, 0x0000, 0x0000, 0x0000, 0x0000, 0x0000, 0x0000, 0x0000, 0x0000,
    0x0000, 0x0000, 0x0000, 0x0000, 0x0000, 0x0000, 0x0000, 0x0000, 0x0000, 0x0000, 0x0000, 0x0000, 0x0000, 0x0000, 0x0000, 0x0000,
    0x0000, 0x0000, 0x0000, 0x0000, 0x0000, 0x0000, 0x0000, 0x0000, 0x0000, 0x0000, 0x0000, 0x0000, 0x0000, 0x0000, 0x0000, 0x0000,
    0x0000, 0x0000, 0x0000, 0x0000, 0x0000, 0x0000, 0x0000, 0x0000, 0x0000, 0x0000, 0x0000, 0x0000, 0x0000, 0x0000, 0x0000, 0x0000,
    0x0000, 0x0000, 0x0000, 0x0000, 0x0000, 0x0000, 0x0000, 0x0000, 0x0000, 0x0000, 0x0000, 0x0000, 0x0000, 0x0000, 0x0000, 0x0000,
    0x0000, 0x0000, 0x0000, 0x0000, 0x0000, 0x0000, 0x0000, 0x0000, 0x0000, 0x0000, 0x0000, 0x0000, 0x0000, 0x0000, 0x0000, 0x0000,
    0x0000, 0x0000, 0x0000, 0x0000, 0x0000, 0x0000, 0x0000, 0x0000, 0x0000, 0x0000, 0x0000, 0x0000, 0x0000, 0x0000, 0x0000, 0x0000,
    0x0000, 0x0000, 0x0000, 0x0000, 0x0000, 0x0000, 0x0000, 0x0000, 0x0000, 0x0000, 0x0000, 0x0000, 0x0000, 0x0000, 0x0000, 0x0000,
    0x0000, 0x0000, 0x0000, 0x0000, 0x0000, 0x0000, 0x0000, 0x0000, 0x0000, 0x0000, 0x0000, 0x0000, 0x0000, 0x0000, 0x0000, 0x0000,
    0x0000, 0x0000, 0x0000, 0x0000, 0x0000, 0x0000, 0x0000, 0x0000, 0x0000, 0x0000, 0x0000, 0x0000, 0x0000, 0x0000, 0x0000, 0x0000,
    0x0000, 0x0000, 0x0000, 0x0000, 0x0000, 0x0000, 0x0000, 0x0000, 0x0000, 0x0000, 0x0000, 0x0000, 0x0000, 0x0000, 0x0000, 0x0000,
    0x0000, 0x0000, 0x0000, 0x0000, 0x0000, 0x0000, 0x0000, 0x0000, 0x0000, 0x0000, 0x0000, 0x0000, 0x0000, 0x0000, 0x0000, 0x0000,
    0x0000, 0x0000, 0x0000, 0x0000, 0x0000, 0x0000, 0x0000, 0x0000, 0x0000, 0x0000, 0x0000, 0x0000, 0x0000, 0x0000, 0x0000, 0x0000,
    0x0000, 0x0000, 0x0000, 0x0000, 0x0000, 0x0000, 0x0000, 0x0000, 0x0000, 0x0000, 0x0000, 0x0000, 0x0000, 0x0000, 0x0000, 0x0000,
    0x0000, 0x0000, 0x0000, 0x0000, 0x0000, 0x0000, 0x0000, 0x0000, 0x0000, 0x0000, 0x0000, 0x0000, 0x0000, 0x0000, 0x0000, 0x0000,
    0x0000, 0x0000, 0x0000, 0x0000, 0x0000, 0x0000, 0x0000, 0x0000, 0x0000, 0x0000, 0x0000, 0x0000, 0x0000, 0x0000, 0x0000, 0x0000,
    0x0000, 0x0000, 0x0000, 0x0000, 0x0000, 0x0000, 0x0000, 0x0000, 0x0000, 0x0000, 0x0000, 0x0000, 0x0000, 0x0000, 0x0000, 0x0000,
    0x0000, 0x0000, 0x0000, 0x0000, 0x0000, 0x0000, 0x0000, 0x0000, 0x0000, 0x0000, 0x0000, 0x0000, 0x0000, 0x0000, 0x0000, 0x0000,
    0x0000, 0x0000, 0x0000, 0x0000, 0x0000, 0x0000, 0x0000, 0x0000, 0x0000, 0x0000, 0x0000, 0x0000, 0x0000, 0x0000, 0x0000, 0x0000,
    0x0000, 0x0000, 0x0000, 0x0000, 0x0000, 0x0000, 0x0000, 0x0000, 0x0000, 0x0000, 0x0000, 0x0000, 0x0000, 0x0000, 0x0000, 0x0000,
    0x0000, 0x0000, 0x0000, 0x0000, 0x0000, 0x0000, 0x0000, 0x0000, 0x0000, 0x0000, 0x0000, 0x0000, 0x0000, 0x0000, 0x0000, 0x0000,
    0x0000, 0x0000, 0x0000, 0x0000, 0x0000, 0x0000, 0x0000, 0x0000, 0x0000, 0x0000, 0x0000, 0x0000, 0x0000, 0x0000, 0x0000, 0x0000,
    0x0000, 0x0000, 0x0000, 0x0000, 0x0000, 0x0000, 0x0000, 0x0000, 0x0000, 0x0000, 0x0000, 0x0000, 0x0000, 0x0000, 0x0000, 0x0000,
    0x0000, 0x0000, 0x0000, 0x0000, 0x0000, 0x0000, 0x0000, 0x0000, 0x0000, 0x0000, 0x0000, 0x0000, 0x0000, 0x0000, 0x0000, 0x0000,
    0x0000, 0x0000, 0x0000, 0x0000, 0x0000, 0x0000, 0x0000, 0x0000, 0x0000, 0x0000, 0x0000, 0x0000, 0x0000, 0x0000, 0x0000, 0x0000,
    0x0000, 0x0000, 0x0000, 0x0000, 0x0000, 0x0000, 0x0000, 0x0000, 0x0000, 0x0000, 0x0000, 0x0000, 0x0000, 0x0000, 0x0000, 0x0000,
    0x0000, 0x0000, 0x0000, 0x0000, 0x0000, 0x0000, 0x0000, 0x0000, 0x0000, 0x0000, 0x0000, 0x0000, 0x0000, 0x0000, 0x0000, 0x0000,
    0x0000, 0x0000, 0x0000, 0x0000, 0x0000, 0x0000, 0x0000, 0x0000, 0x0000, 0x0000, 0x0000, 0x0000, 0x0000, 0x0000, 0x0000, 0x0000,
    0x0000, 0x0000, 0x0000, 0x0000, 0x0000, 0x0000, 0x0000, 0x0000, 0x0000, 0x0000, 0x0000, 0x0000, 0x0000, 0x0000, 0x0000, 0x0000,
    0x0000, 0x0000, 0x0000, 0x0000, 0x0000, 0x0000, 0x0000, 0x0000, 0x0000, 0x0000, 0x0000, 0x0000, 0x0000, 0x0000, 0x0000, 0x0000,
    0x0000, 0x0000, 0x0000, 0x0000, 0x0000, 0x0000, 0x0000, 0x0000, 0x0000, 0x0000, 0x0000, 0x0000, 0x0000, 0x0000, 0x0000, 0x0000,
    0x0000, 0x0000, 0x0000, 0x0000, 0x0000, 0x0000, 0x0000, 0x0000, 0x0000, 0x0000, 0x0000, 0x0000, 0x0000, 0x0000, 0x0000, 0x0000,
    0x0000, 0x0000, 0x0000, 0x0000, 0x0000, 0x0000, 0x0000, 0x0000, 0x0000, 0x0000, 0x0000, 0x0000, 0x0000, 0x0000, 0x0000, 0x0000,
    0x0000, 0x0000, 0x0000, 0x0000, 0x0000, 0x0000, 0x0000, 0x0000, 0x0000, 0x0000, 0x0000, 0x0000, 0x0000, 0x0000, 0x0000, 0x0000,
    0x0000, 0x0000, 0x0000, 0x0000, 0x0000, 0x0000, 0x0000, 0x0000, 0x0000, 0x0000, 0x0000, 0x0000, 0x0000, 0x0000, 0x0000, 0x0000,
    0x0000, 0x0000, 0x0000, 0x0000, 0x0000, 0x0000, 0x0000, 0x0000, 0x0000, 0x0000, 0x0000, 0x0000, 0x0000, 0x0000, 0x0000, 0x0000,
    0x0000, 0x0000, 0x0000, 0x0000, 0x0000, 0x0000, 0x0000, 0x0000, 0x0000, 0x0000, 0x0000, 0x0000, 0x0000, 0x0000, 0x0000, 0x0000,
    0x0000, 0x0000, 0x0000, 0x0000, 0x0000, 0x0000, 0x0000, 0x0000, 0x0000, 0x0000, 0x0000, 0x0000, 0x0000, 0x0000, 0x0000, 0x0000,
    0x0000, 0x0000, 0x0000, 0x0000, 0x0000, 0x0000, 0x0000, 0x0000, 0x0000, 0x0000, 0x0000, 0x0000, 0x0000, 0x0000, 0x0000, 0x0000,
    0x0000, 0x0000, 0x0000, 0x0000, 0x0000, 0x0000, 0x0000, 0x0000, 0x0000, 0x0000, 0x0000, 0x0000, 0x0000, 0x0000, 0x0000, 0x0000,
    0x0000, 0x0000, 0x0000, 0x0000, 0x0000, 0x0000, 0x0000, 0x0000, 0x0000, 0x0000, 0x0000, 0x0000, 0x0000, 0x0000, 0x0000, 0x0000,
    0x0000, 0x0000, 0x0000, 0x0000, 0x0000, 0x0000, 0x0000, 0x0000, 0x0000, 0x0000, 0x0000, 0x0000, 0x0000, 0x0000, 0x0000, 0x0000,
    0x0000, 0x0000, 0x0000, 0x0000, 0x0000, 0x0000, 0x0000, 0x0000, 0x0000, 0x0000, 0x0000, 0x0000, 0x0000, 0x0000, 0x0000, 0x0000,
    0x0000, 0x0000, 0x0000, 0x0000, 0x0000, 0x0000, 0x0000, 0x0000, 0x0000, 0x0000, 0x0000, 0x0000, 0x0000, 0x0000, 0x0000, 0x0000,
    0x0000, 0x0000, 0x0000, 0x0000, 0x0000, 0x0000, 0x0000, 0x0000, 0x0000, 0x0000, 0x0000, 0x0000, 0x0000, 0x0000, 0x0000, 0x0000,
    0x0000, 0x0000, 0x0000, 0x0000, 0x0000, 0x0000, 0x0000, 0x0000, 0x0000, 0x0000, 0x0000, 0x0000, 0x0000, 0x0000, 0x0000, 0x0000,
    0x0000, 0x0000, 0x0000, 0x0000, 0x0000, 0x0000, 0x0000, 0x0000, 0x0000, 0x0000, 0x0000, 0x0000, 0x0000, 0x0000, 0x0000, 0x0000,
    0x0000, 0x0000, 0x0000, 0x0000, 0x0000, 0x0000, 0x0000, 0x0000, 0x0000, 0x0000, 0x0000, 0x0000, 0x0000, 0x0000, 0x0000, 0x0000,
    0x0000, 0x0000, 0x0000, 0x0000, 0x0000, 0x0000, 0x0000, 0x0000, 0x0000, 0x0000, 0x0000, 0x0000, 0x0000, 0x0000, 0x0000, 0x0000,
    0x0000, 0x0000, 0x0000, 0x0000, 0x0000, 0x0000, 0x0000, 0x0000, 0x0000, 0x0000, 0x0000, 0x0000, 0x0000, 0x0000, 0x0000, 0x0000,
    0x0000, 0x0000, 0x0000, 0x0000, 0x0000, 0x0000, 0x0000, 0x0000, 0x0000, 0x0000, 0x0000, 0x0000, 0x0000, 0x0000, 0x0000, 0x0000,
    0x0000, 0x0000, 0x0000, 0x0000, 0x0000, 0x0000, 0x0000, 0x0000, 0x0000, 0x0000, 0x0000, 0x0000, 0x0000, 0x0000, 0x0000, 0x0000,
    0x0000, 0x0000, 0x0000, 0x0000, 0x0000, 0x0000, 0x0000, 0x0000, 0x0000, 0x0000, 0x0000, 0x0000, 0x0000, 0x0000, 0x0000, 0x0000,
    0x0000, 0x0000, 0x0000, 0x0000, 0x0000, 0x0000, 0x0000, 0x0000, 0x0000, 0x0000, 0x0000, 0x0000, 0x0000, 0x0000, 0x0000, 0x0000,
    0x0000, 0x0000, 0x0000, 0x0000, 0x0000, 0x0000, 0x0000, 0x0000, 0x0000, 0x0000, 0x0000, 0x0000, 0x0000, 0x0000, 0x0000, 0x0000,
    0x0000, 0x0000, 0x0000, 0x0000, 0x0000, 0x0000, 0x0000, 0x0000, 0x0000, 0x0000, 0x0000, 0x0000, 0x0000, 0x0000, 0x0000, 0x0000,
    0x0000, 0x0000, 0x0000, 0x0000, 0x0000, 0x0000, 0x0000, 0x0000, 0x0000, 0x0000, 0x0000, 0x0000, 0x0000, 0x0000, 0x0000, 0x0000,
    0x0000, 0x0000, 0x0000, 0x0000, 0x0000, 0x0000, 0x0000, 0x0000, 0x0000, 0x0000, 0x0000, 0x0000, 0x0000, 0x0000, 0x0000, 0x0000,
    0x0000, 0x0000, 0x0000, 0x0000, 0x0000, 0x0000, 0x0000, 0x0000, 0x0000, 0x0000, 0x0000, 0x0000, 0x0000, 0x0000, 0x0000, 0x0000,
    0x0000, 0x0000, 0x0000, 0x0000, 0x0000, 0x0000, 0x0000, 0x0000, 0x0000, 0x0000, 0x0000, 0x0000, 0x0000, 0x0000, 0x0000, 0x0000,
    0x0000, 0x0000, 0x0000, 0x0000, 0x0000, 0x0000, 0x0000, 0x0000, 0x0000, 0x0000, 0x0000, 0x0000, 0x0000, 0x0000, 0x0000, 0x0000,
    0x0000, 0x0000, 0x0000, 0x0000, 0x0000, 0x0000, 0x0000, 0x0000, 0x0000, 0x0000, 0x0000, 0x0000, 0x0000, 0x0000, 0x0000, 0x0000,
    0x0000, 0x0000, 0x0000, 0x0000, 0x0000, 0x0000, 0x0000, 0x0000, 0x0000, 0x0000, 0x0000, 0x0000, 0x0000, 0x0000, 0x0000, 0x0000,
    0x0000, 0x0000, 0x0000, 0x0000, 0x0000, 0x0000, 0x0000, 0x0000, 0x0000, 0x0000, 0x0000, 0x0000, 0x0000, 0x0000, 0x0000, 0x0000,
    0x0000, 0x0000, 0x0000, 0x0000, 0x0000, 0x0000, 0x0000, 0x0000, 0x0000, 0x0000, 0x0000, 0x0000, 0x0000, 0x0000, 0x0000, 0x0000,
    0x0000, 0x0000, 0x0000, 0x0000, 0x0000, 0x0000, 0x0000, 0x0000, 0x0000, 0x0000, 0x0000, 0x0000, 0x0000, 0x0000, 0x0000, 0x0000,
    0x0000, 0x0000, 0x0000, 0x0000, 0x0000, 0x0000, 0x0000, 0x0000, 0x0000, 0x0000, 0x0000, 0x0000, 0x0000, 0x0000, 0x0000, 0x0000,
    0x0000, 0x0000, 0x0000, 0x0000, 0x0000, 0x0000, 0x0000, 0x0000, 0x0000, 0x0000, 0x0000, 0x0000, 0x0000, 0x0000, 0x0000, 0x0000,
    0x0000, 0x0000, 0x0000, 0x0000, 0x0000, 0x0000, 0x0000, 0x0000, 0x0000, 0x0000, 0x0000, 0x0000, 0x0000, 0x0000, 0x0000, 0x0000,
    0x0000, 0x0000, 0x0000, 0x0000, 0x0000, 0x0000, 0x0000, 0x0000, 0x0000, 0x0000, 0x0000, 0x0000, 0x0000, 0x0000, 0x0000, 0x0000,
    0x0000, 0x0000, 0x0000, 0x0000, 0x0000, 0x0000, 0x0000, 0x0000, 0x0000, 0x0000, 0x0000, 0x0000, 0x0000, 0x0000, 0x0000, 0x0000,
    0x0000, 0x0000, 0x0000, 0x0000, 0x0000, 0x0000, 0x0000, 0x0000, 0x0000, 0x0000, 0x0000, 0x0000, 0x0000, 0x0000, 0x0000, 0x0000,
    0x0000, 0x0000, 0x0000, 0x0000, 0x0000, 0x0000, 0x0000, 0x0000, 0x0000, 0x0000, 0x0000, 0x0000, 0x0000, 0x0000, 0x0000, 0x0000,
    0x0000, 0x0000, 0x0000, 0x0000, 0x0000, 0x0000, 0x0000, 0x0000, 0x0000, 0x0000, 0x0000, 0x0000, 0x0000, 0x0000, 0x0000, 0x0000,
    0x0000, 0x0000, 0x0000, 0x0000, 0x0000, 0x0000, 0x0000, 0x0000, 0x0000, 0x0000, 0x0000, 0x0000, 0x0000, 0x0000, 0x0000, 0x0000,
    0x0000, 0x0000, 0x0000, 0x0000, 0x0000, 0x0000, 0x0000, 0x0000, 0x0000, 0x0000, 0x0000, 0x0000, 0x0000, 0x0000, 0x0000, 0x0000,
    0x0000, 0x0000, 0x0000, 0x0000, 0x0000, 0x0000, 0x0000, 0x0000, 0x0000, 0x0000, 0x0000, 0x0000, 0x0000, 0x0000, 0x0000, 0x0000,
    0x0000, 0x0000, 0x0000, 0x0000, 0x0000, 0x0000, 0x0000, 0x0000, 0x0000, 0x0000, 0x0000, 0x0000, 0x0000, 0x0000, 0x0000, 0x0000,
    0x0000, 0x0000, 0x0000, 0x0000, 0x0000, 0x0000, 0x0000, 0x0000, 0x0000, 0x0000, 0x0000, 0x0000, 0x0000, 0x0000, 0x0000, 0x0000,
    0x0000, 0x0000, 0x0000, 0x0000, 0x0000, 0x0000, 0x0000, 0x0000, 0x0000, 0x0000, 0x0000, 0x0000, 0x0000, 0x0000, 0x0000, 0x0000,
    0x0000, 0x0000, 0x0000, 0x0000, 0x0000, 0x0000, 0x0000, 0x0000, 0x0000, 0x0000, 0x0000, 0x0000, 0x0000, 0x0000, 0x0000, 0x0000,
    0x0000, 0x0000, 0x0000, 0x0000, 0x0000, 0x0000, 0x0000, 0x0000, 0x0000, 0x0000, 0x0000, 0x0000, 0x0000, 0x0000, 0x0000, 0x0000,
    0x0000, 0x0000, 0x0000, 0x0000, 0x0000, 0x0000, 0x0000, 0x0000, 0x0000, 0x0000, 0x0000, 0x0000, 0x0000, 0x0000, 0x0000, 0x0000,
    0x0000, 0x0000, 0x0000, 0x0000, 0x0000, 0x0000, 0x0000, 0x0000, 0x0000, 0x0000, 0x0000, 0x0000, 0x0000, 0x0000, 0x0000, 0x0000,
    0x0000, 0x0000, 0x0000, 0x0000, 0x0000, 0x0000, 0x0000, 0x0000, 0x0000, 0x0000, 0x0000, 0x0000, 0x0000, 0x0000, 0x0000, 0x0000,
    0x0000, 0x0000, 0x0000, 0x0000, 0x0000, 0x0000, 0x0000, 0x0000, 0x0000, 0x0000, 0x0000, 0x0000, 0x0000, 0x0000, 0x0000, 0x0000,
    0x0000, 0x0000, 0x0000, 0x0000, 0x0000, 0x0000, 0x0000, 0x0000, 0x0000, 0x0000, 0x0000, 0x0000, 0x0000, 0x0000, 0x0000, 0x0000,
    0x0000, 0x0000, 0x0000, 0x0000, 0x0000, 0x0000, 0x0000, 0x0000, 0x0000, 0x0000, 0x0000, 0x0000, 0x0000, 0x0000, 0x0000, 0x0000,
    0x0000, 0x0000, 0x0000, 0x0000, 0x0000, 0x0000, 0x0000, 0x0000, 0x0000, 0x0000, 0x0000, 0x0000, 0x0000, 0x0000, 0x0000, 0x0000,
    0x0000, 0x0000, 0x0000, 0x0000, 0x0000, 0x0000, 0x0000, 0x0000, 0x0000, 0x0000, 0x0000, 0x0000, 0x0000, 0x0000, 0x0000, 0x0000,
    0x0000, 0x0000, 0x0000, 0x0000, 0x0000, 0x0000, 0x0000, 0x0000, 0x0000, 0x0000, 0x0000, 0x0000, 0x0000, 0x0000, 0x0000, 0x0000,
    0x0000, 0x0000, 0x0000, 0x0000, 0x0000, 0x0000, 0x0000, 0x0000, 0x0000, 0x0000, 0x0000, 0x0000, 0x0000, 0x0000, 0x0000, 0x0000,
    0x0000, 0x0000, 0x0000, 0x0000, 0x0000, 0x0000, 0x0000, 0x0000, 0x0000, 0x0000, 0x0000, 0x0000, 0x0000, 0x0000, 0x0000, 0x0000,
    0x0000, 0x0000, 0x0000, 0x0000, 0x0000, 0x0000, 0x0000, 0x0000, 0x0000, 0x0000, 0x0000, 0x0000, 0x0000, 0x0000, 0x0000, 0x0000,
    0x0000, 0x0000, 0x0000, 0x0000, 0x0000, 0x0000, 0x0000, 0x0000, 0x0000, 0x0000, 0x0000, 0x0000, 0x0000, 0x0000, 0x0000, 0x0000,
    0x0000, 0x0000, 0x0000, 0x0000, 0x0000, 0x0000, 0x0000, 0x0000, 0x0000, 0x0000, 0x0000, 0x0000, 0x0000, 0x0000, 0x0000, 0x0000,
    0x0000, 0x0000, 0x0000, 0x0000, 0x0000, 0x0000, 0x0000, 0x0000, 0x0000, 0x0000, 0x0000, 0x0000, 0x0000, 0x0000, 0x0000, 0x0000,
    0x0000, 0x0000, 0x0000, 0x0000, 0x0000, 0x0000, 0x0000, 0x0000, 0x0000, 0x0000, 0x0000, 0x0000, 0x0000, 0x0000, 0x0000, 0x0000,
    0x0000, 0x0000, 0x0000, 0x0000, 0x0000, 0x0000, 0x0000, 0x0000, 0x0000, 0x0000, 0x0000, 0x0000, 0x0000, 0x0000, 0x0000, 0x0000,
    0x0000, 0x0000, 0x0000, 0x0000, 0x0000, 0x0000, 0x0000, 0x0000, 0x0000, 0x0000, 0x0000, 0x0000, 0x0000, 0x0000, 0x0000, 0x0000,
    0x0000, 0x0000, 0x0000, 0x0000, 0x0000, 0x0000, 0x0000, 0x0000, 0x0000, 0x0000, 0x0000, 0x0000, 0x0000, 0x0000, 0x0000, 0x0000,
    0x0000, 0x0000, 0x0000, 0x0000, 0x0000, 0x0000, 0x0000, 0x0000, 0x0000, 0x0000, 0x0000, 0x0000, 0x0000, 0x0000, 0x0000, 0x0000,
    0x0000, 0x0000, 0x0000, 0x0000, 0x0000, 0x0000, 0x0000, 0x0000, 0x0000, 0x0000, 0x0000, 0x0000, 0x0000, 0x0000, 0x0000, 0x0000,
    0x0000, 0x0000, 0x0000, 0x0000, 0x0000, 0x0000, 0x0000, 0x0000, 0x0000, 0x0000, 0x0000, 0x0000, 0x0000, 0x0000, 0x0000, 0x0000,
    0x0000, 0x0000, 0x0000, 0x0000, 0x0000, 0x0000, 0x0000, 0x0000, 0x0000, 0x0000, 0x0000, 0x0000, 0x0000, 0x0000, 0x0000, 0x0000,
    0x0000, 0x0000, 0x0000, 0x0000, 0x0000, 0x0000, 0x0000, 0x0000, 0x0000, 0x0000, 0x0000, 0x0000, 0x0000, 0x0000, 0x0000, 0x0000,
    0x0000, 0x0000, 0x0000, 0x0000, 0x0000, 0x0000, 0x0000, 0x0000, 0x0000, 0x0000, 0x0000, 0x0000, 0x0000, 0x0000, 0x0000, 0x0000,
    0x0000, 0x0000, 0x0000, 0x0000, 0x0000, 0x0000, 0x0000, 0x0000, 0x0000, 0x0000, 0x0000, 0x0000, 0x0000, 0x0000, 0x0000, 0x0000,
    0x0000, 0x0000, 0x0000, 0x0000, 0x0000, 0x0000, 0x0000, 0x0000, 0x0000, 0x0000, 0x0000, 0x0000, 0x0000, 0x0000, 0x0000, 0x0000,
    0x0000, 0x0000, 0x0000, 0x0000, 0x0000, 0x0000, 0x0000, 0x0000, 0x0000, 0x0000, 0x0000, 0x0000, 0x0000, 0x0000, 0x0000, 0x0000,
    0x0000, 0x0000, 0x0000, 0x0000, 0x0000, 0x0000, 0x0000, 0x0000, 0x0000, 0x0000, 0x0000, 0x0000, 0x0000, 0x0000, 0x0000, 0x0000,
    0x0000, 0x0000, 0x0000, 0x0000, 0x0000, 0x0000, 0x0000, 0x0000, 0x0000, 0x0000, 0x0000, 0x0000, 0x0000, 0x0000, 0x0000, 0x0000,
    0x0000, 0x0000, 0x0000, 0x0000, 0x0000, 0x0000, 0x0000, 0x0000, 0x0000, 0x0000, 0x0000, 0x0000, 0x0000, 0x0000, 0x0000, 0x0000,
    0x0000, 0x0000, 0x0000, 0x0000, 0x0000, 0x0000, 0x0000, 0x0000, 0x0000, 0x0000, 0x0000, 0x0000, 0x0000, 0x0000, 0x0000, 0x0000,
    0x0000, 0x0000, 0x0000, 0x0000, 0x0000, 0x0000, 0x0000, 0x0000, 0x0000, 0x0000, 0x0000, 0x0000, 0x0000, 0x0000, 0x0000, 0x0000,
    0x0000, 0x0000, 0x0000, 0x0000, 0x0000, 0x0000, 0x0000, 0x0000, 0x0000, 0x0000, 0x0000, 0x0000, 0x0000, 0x0000, 0x0000, 0x0000,
    0x0000, 0x0000, 0x0000, 0x0000, 0x0000, 0x0000, 0x0000, 0x0000, 0x0000, 0x0000, 0x0000, 0x0000, 0x0000, 0x0000, 0x0000, 0x0000,
    0x0000, 0x0000, 0x0000, 0x0000, 0x0000, 0x0000, 0x0000, 0x0000, 0x0000, 0x0000, 0x0000, 0x0000, 0x0000, 0x0000, 0x0000, 0x0000,
    0x0000, 0x0000, 0x0000, 0x0000, 0x0000, 0x0000, 0x0000, 0x0000, 0x0000, 0x0000, 0x0000, 0x0000, 0x0000, 0x0000, 0x0000, 0x0000,
    0x0000, 0x0000, 0x0000, 0x0000, 0x0000, 0x0000, 0x0000, 0x0000, 0x0000, 0x0000, 0x0000, 0x0000, 0x0000, 0x0000, 0x0000, 0x0000,
    0x0000, 0x0000, 0x0000, 0x0000, 0x0000, 0x0000, 0x0000, 0x0000, 0x0000, 0x0000, 0x0000, 0x0000, 0x0000, 0x0000, 0x0000, 0x0000,
    0x0000, 0x0000, 0x0000, 0x0000, 0x0000, 0x0000, 0x0000, 0x0000, 0x0000, 0x0000, 0x0000, 0x0000, 0x0000, 0x0000, 0x0000, 0x0000,
    0x0000, 0x0000, 0x0000, 0x0000, 0x0000, 0x0000, 0x0000, 0x0000, 0x0000, 0x0000, 0x0000, 0x0000, 0x0000, 0x0000, 0x0000, 0x0000,
    0x0000, 0x0000, 0x0000, 0x0000, 0x0000, 0x0000, 0x0000, 0x0000, 0x0000, 0x0000, 0x0000, 0x0000, 0x0000, 0x0000, 0x0000, 0x0000,
    0x0000, 0x0000, 0x0000, 0x0000, 0x0000, 0x0000, 0x0000, 0x0000, 0x0000, 0x0000, 0x0000, 0x0000, 0x0000, 0x0000, 0x0000, 0x0000,
    0x0000, 0x0000, 0x0000, 0x0000, 0x0000, 0x0000, 0x0000, 0x0000, 0x0000, 0x0000, 0x0000, 0x0000, 0x0000, 0x0000, 0x0000, 0x0000,
    0x0000, 0x0000, 0x0000, 0x0000, 0x0000, 0x0000, 0x0000, 0x0000, 0x0000, 0x0000, 0x0000, 0x0000, 0x0000, 0x0000, 0x0000, 0x0000,
    0x0000, 0x0000, 0x0000, 0x0000, 0x0000, 0x0000, 0x0000, 0x0000, 0x0000, 0x0000, 0x0000, 0x0000, 0x0000, 0x0000, 0x0000, 0x0000,
    0x0000, 0x0000, 0x0000, 0x0000, 0x0000, 0x0000, 0x0000, 0x0000, 0x0000, 0x0000, 0x0000, 0x0000, 0x0000, 0x0000, 0x0000, 0x0000,
    0x0000, 0x0000, 0x0000, 0x0000, 0x0000, 0x0000, 0x0000, 0x0000, 0x0000, 0x0000, 0x0000, 0x0000, 0x0000, 0x0000, 0x0000, 0x0000,
    0x0000, 0x0000, 0x0000, 0x0000, 0x0000, 0x0000, 0x0000, 0x0000, 0x0000, 0x0000, 0x0000, 0x0000, 0x0000, 0x0000, 0x0000, 0x0000,
    0x0000, 0x0000, 0x0000, 0x0000, 0x0000, 0x0000, 0x0000, 0x0000, 0x0000, 0x0000, 0x0000, 0x0000, 0x0000, 0x0000, 0x0000, 0x0000,
    0x0000, 0x0000, 0x0000, 0x0000, 0x0000, 0x0000, 0x0000, 0x0000, 0x0000, 0x0000, 0x0000, 0x0000, 0x0000, 0x0000, 0x0000, 0x0000,
    0x0000, 0x0000, 0x0000, 0x0000, 0x0000, 0x0000, 0x0000, 0x0000, 0x0000, 0x0000, 0x0000, 0x0000, 0x0000, 0x0000, 0x0000, 0x0000,
    0x0000, 0x0000, 0x0000, 0x0000, 0x0000, 0x0000, 0x0000, 0x0000, 0x0000, 0x0000, 0x0000, 0x0000, 0x0000, 0x0000, 0x0000, 0x0000,
    0x0000, 0x0000, 0x0000, 0x0000, 0x0000, 0x0000, 0x0000, 0x0000, 0x0000, 0x0000, 0x0000, 0x0000, 0x0000, 0x0000, 0x0000, 0x0000,
    0x0000, 0x0000, 0x0000, 0x0000, 0x0000, 0x0000, 0x0000, 0x0000, 0x0000, 0x0000, 0x0000, 0x0000, 0x0000, 0x0000, 0x0000, 0x0000,
    0x0000, 0x0000, 0x0000, 0x0000, 0x0000, 0x0000, 0x0000, 0x0000, 0x0000, 0x0000, 0x0000, 0x0000, 0x0000, 0x0000, 0x0000, 0x0000,
    0x0000, 0x0000, 0x0000, 0x0000, 0x0000, 0x0000, 0x0000, 0x0000, 0x0000, 0x0000, 0x0000, 0x0000, 0x0000, 0x0000, 0x0000, 0x0000,
    0x0000, 0x0000, 0x0000, 0x0000, 0x0000, 0x0000, 0x0000, 0x0000, 0x0000, 0x0000, 0x0000, 0x0000, 0x0000, 0x0000, 0x0000, 0x0000,
    0x0000, 0x0000, 0x0000, 0x0000, 0x0000, 0x0000, 0x0000, 0x0000, 0x0000, 0x0000, 0x0000, 0x0000, 0x0000, 0x0000, 0x0000, 0x0000,
    0x0000, 0x0000, 0x0000, 0x0000, 0x0000, 0x0000, 0x0000, 0x0000, 0x0000, 0x0000, 0x0000, 0x0000, 0x0000, 0x0000, 0x0000, 0x0000,
    0x0000, 0x0000, 0x0000, 0x0000, 0x0000, 0x0000, 0x0000, 0x0000, 0x0000, 0x0000, 0x0000, 0x0000, 0x0000, 0x0000, 0x0000, 0x0000,
    0x0000, 0x0000, 0x0000, 0x0000, 0x0000, 0x0000, 0x0000, 0x0000, 0x0000, 0x0000, 0x0000, 0x0000, 0x0000, 0x0000, 0x0000, 0x0000,
    0x0000, 0x0000, 0x0000, 0x0000, 0x0000, 0x0000, 0x0000, 0x0000, 0x0000, 0x0000, 0x0000, 0x0000, 0x0000, 0x0000, 0x0000, 0x0000,
    0x0000, 0x0000, 0x0000, 0x0000, 0x0000, 0x0000, 0x0000, 0x0000, 0x0000, 0x0000, 0x0000, 0x0000, 0x0000, 0x0000, 0x0000, 0x0000,
    0x0000, 0x0000, 0x0000, 0x0000, 0x0000, 0x0000, 0x0000, 0x0000, 0x0000, 0x0000, 0x0000, 0x0000, 0x0000, 0x0000, 0x0000, 0x0000,
    0x0000, 0x0000, 0x0000, 0x0000, 0x0000, 0x0000, 0x0000, 0x0000, 0x0000, 0x0000, 0x0000, 0x0000, 0x0000, 0x0000, 0x0000, 0x0000,
    0x0000, 0x0000, 0x0000, 0x0000, 0x0000, 0x0000, 0x0000, 0x0000, 0x0000, 0x0000, 0x0000, 0x0000, 0x0000, 0x0000, 0x0000, 0x0000,
    0x0000, 0x0000, 0x0000, 0x0000, 0x0000, 0x0000, 0x0000, 0x0000, 0x0000, 0x0000, 0x0000, 0x0000, 0x0000, 0x0000, 0x0000, 0x0000,
    0x0000, 0x0000, 0x0000, 0x0000, 0x0000, 0x0000, 0x0000, 0x0000, 0x0000, 0x0000, 0x0000, 0x0000, 0x0000, 0x0000, 0x0000, 0x0000,
    0x0000, 0x0000, 0x0000, 0x0000, 0x0000, 0x0000, 0x0000, 0x0000, 0x0000, 0x0000, 0x0000, 0x0000, 0x0000, 0x0000, 0x0000, 0x0000,
    0x0000, 0x0000, 0x0000, 0x0000, 0x0000, 0x0000, 0x0000, 0x0000, 0x0000, 0x0000, 0x0000, 0x0000, 0x0000, 0x0000, 0x0000, 0x0000,
    0x0000, 0x0000, 0x0000, 0x0000, 0x0000, 0x0000, 0x0000, 0x0000, 0x0000, 0x0000, 0x0000, 0x0000, 0x0000, 0x0000, 0x0000, 0x0000,
    0x0000, 0x0000, 0x0000, 0x0000, 0x0000, 0x0000, 0x0000, 0x0000, 0x0000, 0x0000, 0x0000, 0x0000, 0x0000, 0x0000, 0x0000, 0x0000,
    0x0000, 0x0000, 0x0000, 0x0000, 0x0000, 0x0000, 0x0000, 0x0000, 0x0000, 0x0000, 0x0000, 0x0000, 0x0000, 0x0000, 0x0000, 0x0000,
    0x0000, 0x0000, 0x0000, 0x0000, 0x0000, 0x0000, 0x0000, 0x0000, 0x0000, 0x0000, 0x0000, 0x0000, 0x0000, 0x0000, 0x0000, 0x0000,
    0x0000, 0x0000, 0x0000, 0x0000, 0x0000, 0x0000, 0x0000, 0x0000, 0x0000, 0x0000, 0x0000, 0x0000, 0x0000, 0x0000, 0x0000, 0x0000,
    0x0000, 0x0000, 0x0000, 0x0000, 0x0000, 0x0000, 0x0000, 0x0000, 0x0000, 0x0000, 0x0000, 0x0000, 0x0000, 0x0000, 0x0000, 0x0000,
    0x0000, 0x0000, 0x0000, 0x0000, 0x0000, 0x0000, 0x0000, 0x0000, 0x0000, 0x0000, 0x0000, 0x0000, 0x0000, 0x0000, 0x0000, 0x0000,
    0x0000, 0x0000, 0x0000, 0x0000, 0x0000, 0x0000, 0x0000, 0x0000, 0x0000, 0x0000, 0x0000, 0x0000, 0x0000, 0x0000, 0x0000, 0x0000,
    0x0000, 0x0000, 0x0000, 0x0000, 0x0000, 0x0000, 0x0000, 0x0000, 0x0000, 0x0000, 0x0000, 0x0000, 0x0000, 0x0000, 0x0000, 0x0000,
    0x0000, 0x0000, 0x0000, 0x0000, 0x0000, 0x0000, 0x0000, 0x0000, 0x0000, 0x0000, 0x0000, 0x0000, 0x0000, 0x0000, 0x0000, 0x0000,
    0x0000, 0x0000, 0x0000, 0x0000, 0x0000, 0x0000, 0x0000, 0x0000, 0x0000, 0x0000, 0x0000, 0x0000, 0x0000, 0x0000, 0x0000, 0x0000,
    0x0000, 0x0000, 0x0000, 0x0000, 0x0000, 0x0000, 0x0000, 0x0000, 0x0000, 0x0000, 0x0000, 0x0000, 0x0000, 0x0000, 0x0000, 0x0000,
    0x0000, 0x0000, 0x0000, 0x0000, 0x0000, 0x0000, 0x0000, 0x0000, 0x0000, 0x0000, 0x0000, 0x0000, 0x0000, 0x0000, 0x0000, 0x0000,
    0x0000, 0x0000, 0x0000, 0x0000, 0x0000, 0x0000, 0x0000, 0x0000, 0x0000, 0x0000, 0x0000, 0x0000, 0x0000, 0x0000, 0x0000, 0x0000,
    0x0000, 0x0000, 0x0000, 0x0000, 0x0000, 0x0000, 0x0000, 0x0000, 0x0000, 0x0000, 0x0000, 0x0000, 0x0000, 0x0000, 0x0000, 0x0000,
    0x0000, 0x0000, 0x0000, 0x0000, 0x0000, 0x0000, 0x0000, 0x0000, 0x0000, 0x0000, 0x0000, 0x0000, 0x0000, 0x0000, 0x0000, 0x0000,
    0x0000, 0x0000, 0x0000, 0x0000, 0x0000, 0x0000, 0x0000, 0x0000, 0x0000, 0x0000, 0x0000, 0x0000, 0x0000, 0x0000, 0x0000, 0x0000,
    0x0000, 0x0000, 0x0000, 0x0000, 0x0000, 0x0000, 0x0000, 0x0000, 0x0000, 0x0000, 0x0000, 0x0000, 0x0000, 0x0000, 0x0000, 0x0000,
    0x0000, 0x0000, 0x0000, 0x0000, 0x0000, 0x0000, 0x0000, 0x0000, 0x0000, 0x0000, 0x0000, 0x0000, 0x0000, 0x0000, 0x0000, 0x0000,
    0x0000, 0x0000, 0x0000, 0x0000, 0x0000, 0x0000, 0x0000, 0x0000, 0x0000, 0x0000, 0x0000, 0x0000, 0x0000, 0x0000, 0x0000, 0x0000,
    0x0000, 0x0000, 0x0000, 0x0000, 0x0000, 0x0000, 0x0000, 0x0000, 0x0000, 0x0000, 0x0000, 0x0000, 0x0000, 0x0000, 0x0000, 0x0000,
    0x0000, 0x0000, 0x0000, 0x0000, 0x0000, 0x0000, 0x0000, 0x0000, 0x0000, 0x0000, 0x0000, 0x0000, 0x0000, 0x0000, 0x0000, 0x0000,
    0x0000, 0x0000, 0x0000, 0x0000, 0x0000, 0x0000, 0x0000, 0x0000, 0x0000, 0x0000, 0x0000, 0x0000, 0x0000, 0x0000, 0x0000, 0x0000,
    0x0000, 0x0000, 0x0000, 0x0000, 0x0000, 0x0000, 0x0000, 0x0000, 0x0000, 0x0000, 0x0000, 0x0000, 0x0000, 0x0000, 0x0000, 0x0000,
    0x0000, 0x0000, 0x0000, 0x0000, 0x0000, 0x0000, 0x0000, 0x0000, 0x0000, 0x0000, 0x0000, 0x0000, 0x0000, 0x0000, 0x0000, 0x0000,
    0x0000, 0x0000, 0x0000, 0x0000, 0x0000, 0x0000, 0x0000, 0x0000, 0x0000, 0x0000, 0x0000, 0x0000, 0x0000, 0x0000, 0x0000, 0x0000,
    0x0000, 0x0000, 0x0000, 0x0000, 0x0000, 0x0000, 0x0000, 0x0000, 0x0000, 0x0000, 0x0000, 0x0000, 0x0000, 0x0000, 0x0000, 0x0000,
    0x0000, 0x0000, 0x0000, 0x0000, 0x0000, 0x0000, 0x0000, 0x0000, 0x0000, 0x0000, 0x0000, 0x0000, 0x0000, 0x0000, 0x0000, 0x0000,
    0x0000, 0x0000, 0x0000, 0x0000, 0x0000, 0x0000, 0x0000, 0x0000, 0x0000, 0x0000, 0x0000, 0x0000, 0x0000, 0x0000, 0x0000, 0x0000,
    0x0000, 0x0000, 0x0000, 0x0000, 0x0000, 0x0000, 0x0000, 0x0000, 0x0000, 0x0000, 0x0000, 0x0000, 0x0000, 0x0000, 0x0000, 0x0000,
    0x0000, 0x0000, 0x0000, 0x0000, 0x0000, 0x0000, 0x0000, 0x0000, 0x0000, 0x0000, 0x0000, 0x0000, 0x0000, 0x0000, 0x0000, 0x0000,
    0x0000, 0x0000, 0x0000, 0x0000, 0x0000, 0x0000, 0x0000, 0x0000, 0x0000, 0x0000, 0x0000, 0x0000, 0x0000, 0x0000, 0x0000, 0x0000,
    0x0000, 0x0000, 0x0000, 0x0000, 0x0000, 0x0000, 0x0000, 0x0000, 0x0000, 0x0000, 0x0000, 0x0000, 0x0000, 0x0000, 0x0000, 0x0000,
    0x0000, 0x0000, 0x0000, 0x0000, 0x0000, 0x0000, 0x0000, 0x0000, 0x0000, 0x0000, 0x0000, 0x0000, 0x0000, 0x0000, 0x0000, 0x0000,
    0x0000, 0x0000, 0x0000, 0x0000, 0x0000, 0x0000, 0x0000, 0x0000, 0x0000, 0x0000, 0x0000, 0x0000, 0x0000, 0x0000, 0x0000, 0x0000,
    0x0000, 0x0000, 0x0000, 0x0000, 0x0000, 0x0000, 0x0000, 0x0000, 0x0000, 0x0000, 0x0000, 0x0000, 0x0000, 0x0000, 0x0000, 0x0000,
    0x0000, 0x0000, 0x0000, 0x0000, 0x0000, 0x0000, 0x0000, 0x0000, 0x0000, 0x0000, 0x0000, 0x0000, 0x0000, 0x0000, 0x0000, 0x0000,
    0x0000, 0x0000, 0x0000, 0x0000, 0x0000, 0x0000, 0x0000, 0x0000, 0x0000, 0x0000, 0x0000, 0x0000, 0x0000, 0x0000, 0x0000, 0x0000,
    0x0000, 0x0000, 0x0000, 0x0000, 0x0000, 0x0000, 0x0000, 0x0000, 0x0000, 0x0000, 0x0000, 0x0000, 0x0000, 0x0000, 0x0000, 0x0000,
    0x0000, 0x0000, 0x0000, 0x0000, 0x0000, 0x0000, 0x0000, 0x0000, 0x0000, 0x0000, 0x0000, 0x0000, 0x0000, 0x0000, 0x0000, 0x0000,
    0x0000, 0x0000, 0x0000, 0x0000, 0x0000, 0x0000, 0x0000, 0x0000, 0x0000, 0x0000, 0x0000, 0x0000, 0x0000, 0x0000, 0x0000, 0x0000,
    0x0000, 0x0000, 0x0000, 0x0000, 0x0000, 0x0000, 0x0000, 0x0000, 0x0000, 0x0000, 0x0000, 0x0000, 0x0000, 0x0000, 0x0000, 0x0000,
    0x0000, 0x0000, 0x0000, 0x0000, 0x0000, 0x0000, 0x0000, 0x0000, 0x0000, 0x0000, 0x0000, 0x0000, 0x0000, 0x0000, 0x0000, 0x0000,
    0x0000, 0x0000, 0x0000, 0x0000, 0x0000, 0x0000, 0x0000, 0x0000, 0x0000, 0x0000, 0x0000, 0x0000, 0x0000, 0x0000, 0x0000, 0x0000,
    0x0000, 0x0000, 0x0000, 0x0000, 0x0000, 0x0000, 0x0000, 0x0000, 0x0000, 0x0000, 0x0000, 0x0000, 0x0000, 0x0000, 0x0000, 0x0000,
    0x0000, 0x0000, 0x0000, 0x0000, 0x0000, 0x0000, 0x0000, 0x0000, 0x0000, 0x0000, 0x0000, 0x0000, 0x0000, 0x0000, 0x0000, 0x0000,
    0x0000, 0x0000, 0x0000, 0x0000, 0x0000, 0x0000, 0x0000, 0x0000, 0x0000, 0x0000, 0x0000, 0x0000, 0x0000, 0x0000, 0x0000, 0x0000,
    0x0000, 0x0000, 0x0000, 0x0000, 0x0000, 0x0000, 0x0000, 0x0000, 0x0000, 0x0000, 0x0000, 0x0000, 0x0000, 0x0000, 0x0000, 0x0000,
    0x0000, 0x0000, 0x0000, 0x0000, 0x0000, 0x0000, 0x0000, 0x0000, 0x0000, 0x0000, 0x0000, 0x0000, 0x0000, 0x0000, 0x0000, 0x0000,
    0x0000, 0x0000, 0x0000, 0x0000, 0x0000, 0x0000, 0x0000, 0x0000, 0x0000, 0x0000, 0x0000, 0x0000, 0x0000, 0x0000, 0x0000, 0x0000,
    0x0000, 0x0000, 0x0000, 0x0000, 0x0000, 0x0000, 0x0000, 0x0000, 0x0000, 0x0000, 0x0000, 0x0000, 0x0000, 0x0000, 0x0000, 0x0000,
    0x0000, 0x0000, 0x0000, 0x0000, 0x0000, 0x0000, 0x0000, 0x0000, 0x0000, 0x0000, 0x0000, 0x0000, 0x0000, 0x0000, 0x0000, 0x0000,
    0x0000, 0x0000, 0x0000, 0x0000, 0x0000, 0x0000, 0x0000, 0x0000, 0x0000, 0x0000, 0x0000, 0x0000, 0x0000, 0x0000, 0x0000, 0x0000,
    0x0000, 0x0000, 0x0000, 0x0000, 0x0000, 0x0000, 0x0000, 0x0000, 0x0000, 0x0000, 0x0000, 0x0000, 0x0000, 0x0000, 0x0000, 0x0000,
    0x0000, 0x0000, 0x0000, 0x0000, 0x0000, 0x0000, 0x0000, 0x0000, 0x0000, 0x0000, 0x0000, 0x0000, 0x0000, 0x0000, 0x0000, 0x0000,
    0x0000, 0x0000, 0x0000, 0x0000, 0x0000, 0x0000, 0x0000, 0x0000, 0x0000, 0x0000, 0x0000, 0x0000, 0x0000, 0x0000, 0x0000, 0x0000,
    0x0000, 0x0000, 0x0000, 0x0000, 0x0000, 0x0000, 0x0000, 0x0000, 0x0000, 0x0000, 0x0000, 0x0000, 0x0000, 0x0000, 0x0000, 0x0000,
    0x0000, 0x0000, 0x0000, 0x0000, 0x0000, 0x0000, 0x0000, 0x0000, 0x0000, 0x0000, 0x0000, 0x0000, 0x0000, 0x0000, 0x0000, 0x0000,
    0x0000, 0x0000, 0x0000, 0x0000, 0x0000, 0x0000, 0x0000, 0x0000, 0x0000, 0x0000, 0x0000, 0x0000, 0x0000, 0x0000, 0x0000, 0x0000,
    0x0000, 0x0000, 0x0000, 0x0000, 0x0000, 0x0000, 0x0000, 0x0000, 0x0000, 0x0000, 0x0000, 0x0000, 0x0000, 0x0000, 0x0000, 0x0000,
    0x0000, 0x0000, 0x0000, 0x0000, 0x0000, 0x0000, 0x0000, 0x0000, 0x0000, 0x0000, 0x0000, 0x0000, 0x0000, 0x0000, 0x0000, 0x0000,
    0x0000, 0x0000, 0x0000, 0x0000, 0x0000, 0x0000, 0x0000, 0x0000, 0x0000, 0x0000, 0x0000, 0x0000, 0x0000, 0x0000, 0x0000, 0x0000,
    0x0000, 0x0000, 0x0000, 0x0000, 0x0000, 0x0000, 0x0000, 0x0000, 0x0000, 0x0000, 0x0000, 0x0000, 0x0000, 0x0000, 0x0000, 0x0000,
    0x0000, 0x0000, 0x0000, 0x0000, 0x0000, 0x0000, 0x0000, 0x0000, 0x0000, 0x0000, 0x0000, 0x0000, 0x0000, 0x0000, 0x0000, 0x0000,
    0x0000, 0x0000, 0x0000, 0x0000, 0x0000, 0x0000, 0x0000, 0x0000, 0x0000, 0x0000, 0x0000, 0x0000, 0x0000, 0x0000, 0x0000, 0x0000,
    0x0000, 0x0000, 0x0000, 0x0000, 0x0000, 0x0000, 0x0000, 0x0000, 0x0000, 0x0000, 0x0000, 0x0000, 0x0000, 0x0000, 0x0000, 0x0000,
    0x0000, 0x0000, 0x0000, 0x0000, 0x0000, 0x0000, 0x0000, 0x0000, 0x0000, 0x0000, 0x0000, 0x0000, 0x0000, 0x0000, 0x0000, 0x0000,
    0x0000, 0x0000, 0x0000, 0x0000, 0x0000, 0x0000, 0x0000, 0x0000, 0x0000, 0x0000, 0x0000, 0x0000, 0x0000, 0x0000, 0x0000, 0x0000,
    0x0000, 0x0000, 0x0000, 0x0000, 0x0000, 0x0000, 0x0000, 0x0000, 0x0000, 0x0000, 0x0000, 0x0000, 0x0000, 0x0000, 0x0000, 0x0000,
    0x0000, 0x0000, 0x0000, 0x0000, 0x0000, 0x0000, 0x0000, 0x0000, 0x0000, 0x0000, 0x0000, 0x0000, 0x0000, 0x0000, 0x0000, 0x0000,
    0x0000, 0x0000, 0x0000, 0x0000, 0x0000, 0x0000, 0x0000, 0x0000, 0x0000, 0x0000, 0x0000, 0x0000, 0x0000, 0x0000, 0x0000, 0x0000,
    0x0000, 0x0000, 0x0000, 0x0000, 0x0000, 0x0000, 0x0000, 0x0000, 0x0000, 0x0000, 0x0000, 0x0000, 0x0000, 0x0000, 0x0000, 0x0000,
    0x0000, 0x0000, 0x0000, 0x0000, 0x0000, 0x0000, 0x0000, 0x0000, 0x0000, 0x0000, 0x0000, 0x0000, 0x0000, 0x0000, 0x0000, 0x0000,
    0x0000, 0x0000, 0x0000, 0x0000, 0x0000, 0x0000, 0x0000, 0x0000, 0x0000, 0x0000, 0x0000, 0x0000, 0x0000, 0x0000, 0x0000, 0x0000,
    0x0000, 0x0000, 0x0000, 0x0000, 0x0000, 0x0000, 0x0000, 0x0000, 0x0000, 0x0000, 0x0000, 0x0000, 0x0000, 0x0000, 0x0000, 0x0000,
    0x0000, 0x0000, 0x0000, 0x0000, 0x0000, 0x0000, 0x0000, 0x0000, 0x0000, 0x0000, 0x0000, 0x0000, 0x0000, 0x0000, 0x0000, 0x0000,
    0x0000, 0x0000, 0x0000, 0x0000, 0x0000, 0x0000, 0x0000, 0x0000, 0x0000, 0x0000, 0x0000, 0x0000, 0x0000, 0x0000, 0x0000, 0x0000,
    0x0000, 0x0000, 0x0000, 0x0000, 0x0000, 0x0000, 0x0000, 0x0000, 0x0000, 0x0000, 0x0000, 0x0000, 0x0000, 0x0000, 0x0000, 0x0000,
    0x0000, 0x0000, 0x0000, 0x0000, 0x0000, 0x0000, 0x0000, 0x0000, 0x0000, 0x0000, 0x0000, 0x0000, 0x0000, 0x0000, 0x0000, 0x0000,
    0x0000, 0x0000, 0x0000, 0x0000, 0x0000, 0x0000, 0x0000, 0x0000, 0x0000, 0x0000, 0x0000, 0x0000, 0x0000, 0x0000, 0x0000, 0x0000,
    0x0000, 0x0000, 0x0000, 0x0000, 0x0000, 0x0000, 0x0000, 0x0000, 0x0000, 0x0000, 0x0000, 0x0000, 0x0000, 0x0000, 0x0000, 0x0000,
    0x0000, 0x0000, 0x0000, 0x0000, 0x0000, 0x0000, 0x0000, 0x0000, 0x0000, 0x0000, 0x0000, 0x0000, 0x0000, 0x0000, 0x0000, 0x0000,
    0x0000, 0x0000, 0x0000, 0x0000, 0x0000, 0x0000, 0x0000, 0x0000, 0x0000, 0x0000, 0x0000, 0x0000, 0x0000, 0x0000, 0x0000, 0x0000,
    0x0000, 0x0000, 0x0000, 0x0000, 0x0000, 0x0000, 0x0000, 0x0000, 0x0000, 0x0000, 0x0000, 0x0000, 0x0000, 0x0000, 0x0000, 0x0000,
    0x0000, 0x0000, 0x0000, 0x0000, 0x0000, 0x0000, 0x0000, 0x0000, 0x0000, 0x0000, 0x0000, 0x0000, 0x0000, 0x0000, 0x0000, 0x0000,
    0x0000, 0x0000, 0x0000, 0x0000, 0x0000, 0x0000, 0x0000, 0x0000, 0x0000, 0x0000, 0x0000, 0x0000, 0x0000, 0x0000, 0x0000, 0x0000,
    0x0000, 0x0000, 0x0000, 0x0000, 0x0000, 0x0000, 0x0000, 0x0000, 0x0000, 0x0000, 0x0000, 0x0000, 0x0000, 0x0000, 0x0000, 0x0000,
    0x0000, 0x0000, 0x0000, 0x0000, 0x0000, 0x0000, 0x0000, 0x0000, 0x0000, 0x0000, 0x0000, 0x0000, 0x0000, 0x0000, 0x0000, 0x0000,
    0x0000, 0x0000, 0x0000, 0x0000, 0x0000, 0x0000, 0x0000, 0x0000, 0x0000, 0x0000, 0x0000, 0x0000, 0x0000, 0x0000, 0x0000, 0x0000,
    0x0000, 0x0000, 0x0000, 0x0000, 0x0000, 0x0000, 0x0000, 0x0000, 0x0000, 0x0000, 0x0000, 0x0000, 0x0000, 0x0000, 0x0000, 0x0000,
    0x0000, 0x0000, 0x0000, 0x0000, 0x0000, 0x0000, 0x0000, 0x0000, 0x0000, 0x0000, 0x0000, 0x0000, 0x0000, 0x0000, 0x0000, 0x0000,
    0x0000, 0x0000, 0x0000, 0x0000, 0x0000, 0x0000, 0x0000, 0x0000, 0x0000, 0x0000, 0x0000, 0x0000, 0x0000, 0x0000, 0x0000, 0x0000,
    0x0000, 0x0000, 0x0000, 0x0000, 0x0000, 0x0000, 0x0000, 0x0000, 0x0000, 0x0000, 0x0000, 0x0000, 0x0000, 0x0000, 0x0000, 0x0000,
    0x0000, 0x0000, 0x0000, 0x0000, 0x0000, 0x0000, 0x0000, 0x0000, 0x0000, 0x0000, 0x0000, 0x0000, 0x0000, 0x0000, 0x0000, 0x0000,
    0x0000, 0x0000, 0x0000, 0x0000, 0x0000, 0x0000, 0x0000, 0x0000, 0x0000, 0x0000, 0x0000, 0x0000, 0x0000, 0x0000, 0x0000, 0x0000,
    0x0000, 0x0000, 0x0000, 0x0000, 0x0000, 0x0000, 0x0000, 0x0000, 0x0000, 0x0000, 0x0000, 0x0000, 0x0000, 0x0000, 0x0000, 0x0000,
    0x0000, 0x0000, 0x0000, 0x0000, 0x0000, 0x0000, 0x0000, 0x0000, 0x0000, 0x0000, 0x0000, 0x0000, 0x0000, 0x0000, 0x0000, 0x0000,
    0x0000, 0x0000, 0x0000, 0x0000, 0x0000, 0x0000, 0x0000, 0x0000, 0x0000, 0x0000, 0x0000, 0x0000, 0x0000, 0x0000, 0x0000, 0x0000,
    0x0000, 0x0000, 0x0000, 0x0000, 0x0000, 0x0000, 0x0000, 0x0000, 0x0000, 0x0000, 0x0000, 0x0000, 0x0000, 0x0000, 0x0000, 0x0000,
    0x0000, 0x0000, 0x0000, 0x0000, 0x0000, 0x0000, 0x0000, 0x0000, 0x0000, 0x0000, 0x0000, 0x0000, 0x0000, 0x0000, 0x0000, 0x0000,
    0x0000, 0x0000, 0x0000, 0x0000, 0x0000, 0x0000, 0x0000, 0x0000, 0x0000, 0x0000, 0x0000, 0x0000, 0x0000, 0x0000, 0x0000, 0x0000,
    0x0000, 0x0000, 0x0000, 0x0000, 0x0000, 0x0000, 0x0000, 0x0000, 0x0000, 0x0000, 0x0000, 0x0000, 0x0000, 0x0000, 0x0000, 0x0000,
    0x0000, 0x0000, 0x0000, 0x0000, 0x0000, 0x0000, 0x0000, 0x0000, 0x0000, 0x0000, 0x0000, 0x0000, 0x0000, 0x0000, 0x0000, 0x0000,
    0x0000, 0x0000, 0x0000, 0x0000, 0x0000, 0x0000, 0x0000, 0x0000, 0x0000, 0x0000, 0x0000, 0x0000, 0x0000, 0x0000, 0x0000, 0x0000,
    0x0000, 0x0000, 0x0000, 0x0000, 0x0000, 0x0000, 0x0000, 0x0000, 0x0000, 0x0000, 0x0000, 0x0000, 0x0000, 0x0000, 0x0000, 0x0000,
    0x0000, 0x0000, 0x0000, 0x0000, 0x0000, 0x0000, 0x0000, 0x0000, 0x0000, 0x0000, 0x0000, 0x0000, 0x0000, 0x0000, 0x0000, 0x0000,
    0x0000, 0x0000, 0x0000, 0x0000, 0x0000, 0x0000, 0x0000, 0x0000, 0x0000, 0x0000, 0x0000, 0x0000, 0x0000, 0x0000, 0x0000, 0x0000,
    0x0000, 0x0000, 0x0000, 0x0000, 0x0000, 0x0000, 0x0000, 0x0000, 0x0000, 0x0000, 0x0000, 0x0000, 0x0000, 0x0000, 0x0000, 0x0000,
    0x0000, 0x0000, 0x0000, 0x0000, 0x0000, 0x0000, 0x0000, 0x0000, 0x0000, 0x0000, 0x0000, 0x0000, 0x0000, 0x0000, 0x0000, 0x0000,
    0x0000, 0x0000, 0x0000, 0x0000, 0x0000, 0x0000, 0x0000, 0x0000, 0x0000, 0x0000, 0x0000, 0x0000, 0x0000, 0x0000, 0x0000, 0x0000,
    0x0000, 0x0000, 0x0000, 0x0000, 0x0000, 0x0000, 0x0000, 0x0000, 0x0000, 0x0000, 0x0000, 0x0000, 0x0000, 0x0000, 0x0000, 0x0000,
    0x0000, 0x0000, 0x0000, 0x0000, 0x0000, 0x0000, 0x0000, 0x0000, 0x0000, 0x0000, 0x0000, 0x0000, 0x0000, 0x0000, 0x0000, 0x0000,
    0x0000, 0x0000, 0x0000, 0x0000, 0x0000, 0x0000, 0x0000, 0x0000, 0x0000, 0x0000, 0x0000, 0x0000, 0x0000, 0x0000, 0x0000, 0x0000,
    0x0000, 0x0000, 0x0000, 0x0000, 0x0000, 0x0000, 0x0000, 0x0000, 0x0000, 0x0000, 0x0000, 0x0000, 0x0000, 0x0000, 0x0000, 0x0000,
    0x0000, 0x0000, 0x0000, 0x0000, 0x0000, 0x0000, 0x0000, 0x0000, 0x0000, 0x0000, 0x0000, 0x0000, 0x0000, 0x0000, 0x0000, 0x0000,
    0x0000, 0x0000, 0x0000, 0x0000, 0x0000, 0x0000, 0x0000, 0x0000, 0x0000, 0x0000, 0x0000, 0x0000, 0x0000, 0x0000, 0x0000, 0x0000,
    0x0000, 0x0000, 0x0000, 0x0000, 0x0000, 0x0000, 0x0000, 0x0000, 0x0000, 0x0000, 0x0000, 0x0000, 0x0000, 0x0000, 0x0000, 0x0000,
    0x0000, 0x0000, 0x0000, 0x0000, 0x0000, 0x0000, 0x0000, 0x0000, 0x0000, 0x0000, 0x0000, 0x0000, 0x0000, 0x0000, 0x0000, 0x0000,
    0x0000, 0x0000, 0x0000, 0x0000, 0x0000, 0x0000, 0x0000, 0x0000, 0x0000, 0x0000, 0x0000, 0x0000, 0x0000, 0x0000, 0x0000, 0x0000,
    0x0000, 0x0000, 0x0000, 0x0000, 0x0000, 0x0000, 0x0000, 0x0000, 0x0000, 0x0000, 0x0000, 0x0000, 0x0000, 0x0000, 0x0000, 0x0000,
    0x0000, 0x0000, 0x0000, 0x0000, 0x0000, 0x0000, 0x0000, 0x0000, 0x0000, 0x0000, 0x0000, 0x0000, 0x0000, 0x0000, 0x0000, 0x0000,
    0x0000, 0x0000, 0x0000, 0x0000, 0x0000, 0x0000, 0x0000, 0x0000, 0x0000, 0x0000, 0x0000, 0x0000, 0x0000, 0x0000, 0x0000, 0x0000,
    0x0000, 0x0000, 0x0000, 0x0000, 0x0000, 0x0000, 0x0000, 0x0000, 0x0000, 0x0000, 0x0000, 0x0000, 0x0000, 0x0000, 0x0000, 0x0000,
    0x0000, 0x0000, 0x0000, 0x0000, 0x0000, 0x0000, 0x0000, 0x0000, 0x0000, 0x0000, 0x0000, 0x0000, 0x0000, 0x0000, 0x0000, 0x0000,
    0x0000, 0x0000, 0x0000, 0x0000, 0x0000, 0x0000, 0x0000, 0x0000, 0x0000, 0x0000, 0x0000, 0x0000, 0x0000, 0x0000, 0x0000, 0x0000,
    0x0000, 0x0000, 0x0000, 0x0000, 0x0000, 0x0000, 0x0000, 0x0000, 0x0000, 0x0000, 0x0000, 0x0000, 0x0000, 0x0000, 0x0000, 0x0000,
    0x0000, 0x0000, 0x0000, 0x0000, 0x0000, 0x0000, 0x0000, 0x0000, 0x0000, 0x0000, 0x0000, 0x0000, 0x0000, 0x0000, 0x0000, 0x0000,
    0x0000, 0x0000, 0x0000, 0x0000, 0x0000, 0x0000, 0x0000, 0x0000, 0x0000, 0x0000, 0x0000, 0x0000, 0x0000, 0x0000, 0x0000, 0x0000,
    0x0000, 0x0000, 0x0000, 0x0000, 0x0000, 0x0000, 0x0000, 0x0000, 0x0000, 0x0000, 0x0000, 0x0000, 0x0000, 0x0000, 0x0000, 0x0000,
    0x0000, 0x0000, 0x0000, 0x0000, 0x0000, 0x0000, 0x0000, 0x0000, 0x0000, 0x0000, 0x0000, 0x0000, 0x0000, 0x0000, 0x0000, 0x0000,
    0x0000, 0x0000, 0x0000, 0x0000, 0x0000, 0x0000, 0x0000, 0x0000, 0x0000, 0x0000, 0x0000, 0x0000, 0x0000, 0x0000, 0x0000, 0x0000,
    0x0000, 0x0000, 0x0000, 0x0000, 0x0000, 0x0000, 0x0000, 0x0000, 0x0000, 0x0000, 0x0000, 0x0000, 0x0000, 0x0000, 0x0000, 0x0000,
    0x0000, 0x0000, 0x0000, 0x0000, 0x0000, 0x0000, 0x0000, 0x0000, 0x0000, 0x0000, 0x0000, 0x0000, 0x0000, 0x0000, 0x0000, 0x0000,
    0x0000, 0x0000, 0x0000, 0x0000, 0x0000, 0x0000, 0x0000, 0x0000, 0x0000, 0x0000, 0x0000, 0x0000, 0x0000, 0x0000, 0x0000, 0x0000,
    0x0000, 0x0000, 0x0000, 0x0000, 0x0000, 0x0000, 0x0000, 0x0000, 0x0000, 0x0000, 0x0000, 0x0000, 0x0000, 0x0000, 0x0000, 0x0000,
    0x0000, 0x0000, 0x0000, 0x0000, 0x0000, 0x0000, 0x0000, 0x0000, 0x0000, 0x0000, 0x0000, 0x0000, 0x0000, 0x0000, 0x0000, 0x0000,
    0x0000, 0x0000, 0x0000, 0x0000, 0x0000, 0x0000, 0x0000, 0x0000, 0x0000, 0x0000, 0x0000, 0x0000, 0x0000, 0x0000, 0x0000, 0x0000,
    0x0000, 0x0000, 0x0000, 0x0000, 0x0000, 0x0000, 0x0000, 0x0000, 0x0000, 0x0000, 0x0000, 0x0000, 0x0000, 0x0000, 0x0000, 0x0000,
    0x0000, 0x0000, 0x0000, 0x0000, 0x0000, 0x0000, 0x0000, 0x0000, 0x0000, 0x0000, 0x0000, 0x0000, 0x0000, 0x0000, 0x0000, 0x0000,
    0x0000, 0x0000, 0x0000, 0x0000, 0x0000, 0x0000, 0x0000, 0x0000, 0x0000, 0x0000, 0x0000, 0x0000, 0x0000, 0x0000, 0x0000, 0x0000,
    0x0000, 0x0000, 0x0000, 0x0000, 0x0000, 0x0000, 0x0000, 0x0000, 0x0000, 0x0000, 0x0000, 0x0000, 0x0000, 0x0000, 0x0000, 0x0000,
    0x0000, 0x0000, 0x0000, 0x0000, 0x0000, 0x0000, 0x0000, 0x0000, 0x0000, 0x0000, 0x0000, 0x0000, 0x0000, 0x0000, 0x0000, 0x0000,
    0x0000, 0x0000, 0x0000, 0x0000, 0x0000, 0x0000, 0x0000, 0x0000, 0x0000, 0x0000, 0x0000, 0x0000, 0x0000, 0x0000, 0x0000, 0x0000,
    0x0000, 0x0000, 0x0000, 0x0000, 0x0000, 0x0000, 0x0000, 0x0000, 0x0000, 0x0000, 0x0000, 0x0000, 0x0000, 0x0000, 0x0000, 0x0000,
    0x0000, 0x0000, 0x0000, 0x0000, 0x0000, 0x0000, 0x0000, 0x0000, 0x0000, 0x0000, 0x0000, 0x0000, 0x0000, 0x0000, 0x0000, 0x0000,
    0x0000, 0x0000, 0x0000, 0x0000, 0x0000, 0x0000, 0x0000, 0x0000, 0x0000, 0x0000, 0x0000, 0x0000, 0x0000, 0x0000, 0x0000, 0x0000,
    0x0000, 0x0000, 0x0000, 0x0000, 0x0000, 0x0000, 0x0000, 0x0000, 0x0000, 0x0000, 0x0000, 0x0000, 0x0000, 0x0000, 0x0000, 0x0000,
    0x0000, 0x0000, 0x0000, 0x0000, 0x0000, 0x0000, 0x0000, 0x0000, 0x0000, 0x0000, 0x0000, 0x0000, 0x0000, 0x0000, 0x0000, 0x0000,
    0x0000, 0x0000, 0x0000, 0x0000, 0x0000, 0x0000, 0x0000, 0x0000, 0x0000, 0x0000, 0x0000, 0x0000, 0x0000, 0x0000, 0x0000, 0x0000,
    0x0000, 0x0000, 0x0000, 0x0000, 0x0000, 0x0000, 0x0000, 0x0000, 0x0000, 0x0000, 0x0000, 0x0000, 0x0000, 0x0000, 0x0000, 0x0000,
    0x0000, 0x0000, 0x0000, 0x0000, 0x0000, 0x0000, 0x0000, 0x0000, 0x0000, 0x0000, 0x0000, 0x0000, 0x0000, 0x0000, 0x0000, 0x0000,
    0x0000, 0x0000, 0x0000, 0x0000, 0x0000, 0x0000, 0x0000, 0x0000, 0x0000, 0x0000, 0x0000, 0x0000, 0x0000, 0x0000, 0x0000, 0x0000,
    0x0000, 0x0000, 0x0000, 0x0000, 0x0000, 0x0000, 0x0000, 0x0000, 0x0000, 0x0000, 0x0000, 0x0000, 0x0000, 0x0000, 0x0000, 0x0000,
    0x0000, 0x0000, 0x0000, 0x0000, 0x0000, 0x0000, 0x0000, 0x0000, 0x0000, 0x0000, 0x0000, 0x0000, 0x0000, 0x0000, 0x0000, 0x0000,
    0x0000, 0x0000, 0x0000, 0x0000, 0x0000, 0x0000, 0x0000, 0x0000, 0x0000, 0x0000, 0x0000, 0x0000, 0x0000, 0x0000, 0x0000, 0x0000,
    0x0000, 0x0000, 0x0000, 0x0000, 0x0000, 0x0000, 0x0000, 0x0000, 0x0000, 0x0000, 0x0000, 0x0000, 0x0000, 0x0000, 0x0000, 0x0000,
    0x0000, 0x0000, 0x0000, 0x0000, 0x0000, 0x0000, 0x0000, 0x0000, 0x0000, 0x0000, 0x0000, 0x0000, 0x0000, 0x0000, 0x0000, 0x0000,
    0x0000, 0x0000, 0x0000, 0x0000, 0x0000, 0x0000, 0x0000, 0x0000, 0x0000, 0x0000, 0x0000, 0x0000, 0x0000, 0x0000, 0x0000, 0x0000,
    0x0000, 0x0000, 0x0000, 0x0000, 0x0000, 0x0000, 0x0000, 0x0000, 0x0000, 0x0000, 0x0000, 0x0000, 0x0000, 0x0000, 0x0000, 0x0000,
    0x0000, 0x0000, 0x0000, 0x0000, 0x0000, 0x0000, 0x0000, 0x0000, 0x0000, 0x0000, 0x0000, 0x0000, 0x0000, 0x0000, 0x0000, 0x0000,
    0x0000, 0x0000, 0x0000, 0x0000, 0x0000, 0x0000, 0x0000, 0x0000, 0x0000, 0x0000, 0x0000, 0x0000, 0x0000, 0x0000, 0x0000, 0x0000,
    0x0000, 0x0000, 0x0000, 0x0000, 0x0000, 0x0000, 0x0000, 0x0000, 0x0000, 0x0000, 0x0000, 0x0000, 0x0000, 0x0000, 0x0000, 0x0000,
    0x0000, 0x0000, 0x0000, 0x0000, 0x0000, 0x0000, 0x0000, 0x0000, 0x0000, 0x0000, 0x0000, 0x0000, 0x0000, 0x0000, 0x0000, 0x0000,
    0x0000, 0x0000, 0x0000, 0x0000, 0x0000, 0x0000, 0x0000, 0x0000, 0x0000, 0x0000, 0x0000, 0x0000, 0x0000, 0x0000, 0x0000, 0x0000,
    0x0000, 0x0000, 0x0000, 0x0000, 0x0000, 0x0000, 0x0000, 0x0000, 0x0000, 0x0000, 0x0000, 0x0000, 0x0000, 0x0000, 0x0000, 0x0000,
    0x0000, 0x0000, 0x0000, 0x0000, 0x0000, 0x0000, 0x0000, 0x0000, 0x0000, 0x0000, 0x0000, 0x0000, 0x0000, 0x0000, 0x0000, 0x0000,
    0x0000, 0x0000, 0x0000, 0x0000, 0x0000, 0x0000, 0x0000, 0x0000, 0x0000, 0x0000, 0x0000, 0x0000, 0x0000, 0x0000, 0x0000, 0x0000,
    0x0000, 0x0000, 0x0000, 0x0000, 0x0000, 0x0000, 0x0000, 0x0000, 0x0000, 0x0000, 0x0000, 0x0000, 0x0000, 0x0000, 0x0000, 0x0000,
    0x0000, 0x0000, 0x0000, 0x0000, 0x0000, 0x0000, 0x0000, 0x0000, 0x0000, 0x0000, 0x0000, 0x0000, 0x0000, 0x0000, 0x0000, 0x0000,
    0x0000, 0x0000, 0x0000, 0x0000, 0x0000, 0x0000, 0x0000, 0x0000, 0x0000, 0x0000, 0x0000, 0x0000, 0x0000, 0x0000, 0x0000, 0x0000,
    0x0000, 0x0000, 0x0000, 0x0000, 0x0000, 0x0000, 0x0000, 0x0000, 0x0000, 0x0000, 0x0000, 0x0000, 0x0000, 0x0000, 0x0000, 0x0000,
    0x0000, 0x0000, 0x0000, 0x0000, 0x0000, 0x0000, 0x0000, 0x0000, 0x0000, 0x0000, 0x0000, 0x0000, 0x0000, 0x0000, 0x0000, 0x0000,
    0x0000, 0x0000, 0x0000, 0x0000, 0x0000, 0x0000, 0x0000, 0x0000, 0x0000, 0x0000, 0x0000, 0x0000, 0x0000, 0x0000, 0x0000, 0x0000,
    0x0000, 0x0000, 0x0000, 0x0000, 0x0000, 0x0000, 0x0000, 0x0000, 0x0000, 0x0000, 0x0000, 0x0000, 0x0000, 0x0000, 0x0000, 0x0000,
    0x0000, 0x0000, 0x0000, 0x0000, 0x0000, 0x0000, 0x0000, 0x0000, 0x0000, 0x0000, 0x0000, 0x0000, 0x0000, 0x0000, 0x0000, 0x0000,
    0x0000, 0x0000, 0x0000, 0x0000, 0x0000, 0x0000, 0x0000, 0x0000, 0x0000, 0x0000, 0x0000, 0x0000, 0x0000, 0x0000, 0x0000, 0x0000,
    0x0000, 0x0000, 0x0000, 0x0000, 0x0000, 0x0000, 0x0000, 0x0000, 0x0000, 0x0000, 0x0000, 0x0000, 0x0000, 0x0000, 0x0000, 0x0000,
    0x0000, 0x0000, 0x0000, 0x0000, 0x0000, 0x0000, 0x0000, 0x0000, 0x0000, 0x0000, 0x0000, 0x0000, 0x0000, 0x0000, 0x0000, 0x0000,
    0x0000, 0x0000, 0x0000, 0x0000, 0x0000, 0x0000, 0x0000, 0x0000, 0x0000, 0x0000, 0x0000, 0x0000, 0x0000, 0x0000, 0x0000, 0x0000,
    0x0000, 0x0000, 0x0000, 0x0000, 0x0000, 0x0000, 0x0000, 0x0000, 0x0000, 0x0000, 0x0000, 0x0000, 0x0000, 0x0000, 0x0000, 0x0000,
    0x0000, 0x0000, 0x0000, 0x0000, 0x0000, 0x0000, 0x0000, 0x0000, 0x0000, 0x0000, 0x0000, 0x0000, 0x0000, 0x0000, 0x0000, 0x0000,
    0x0000, 0x0000, 0x0000, 0x0000, 0x0000, 0x0000, 0x0000, 0x0000, 0x0000, 0x0000, 0x0000, 0x0000, 0x0000, 0x0000, 0x0000, 0x0000,
    0x0000, 0x0000, 0x0000, 0x0000, 0x0000, 0x0000, 0x0000, 0x0000, 0x0000, 0x0000, 0x0000, 0x0000, 0x0000, 0x0000, 0x0000, 0x0000,
    0x0000, 0x0000, 0x0000, 0x0000, 0x0000, 0x0000, 0x0000, 0x0000, 0x0000, 0x0000, 0x0000, 0x0000, 0x0000, 0x0000, 0x0000, 0x0000,
    0x0000, 0x0000, 0x0000, 0x0000, 0x0000, 0x0000, 0x0000, 0x0000, 0x0000, 0x0000, 0x0000, 0x0000, 0x0000, 0x0000, 0x0000, 0x0000,
    0x0000, 0x0000, 0x0000, 0x0000, 0x0000, 0x0000, 0x0000, 0x0000, 0x0000, 0x0000, 0x0000, 0x0000, 0x0000, 0x0000, 0x0000, 0x0000,
    0x0000, 0x0000, 0x0000, 0x0000, 0x0000, 0x0000, 0x0000, 0x0000, 0x0000, 0x0000, 0x0000, 0x0000, 0x0000, 0x0000, 0x0000, 0x0000,
    0x0000, 0x0000, 0x0000, 0x0000, 0x0000, 0x0000, 0x0000, 0x0000, 0x0000, 0x0000, 0x0000, 0x0000, 0x0000, 0x0000, 0x0000, 0x0000,
    0x0000, 0x0000, 0x0000, 0x0000, 0x0000, 0x0000, 0x0000, 0x0000, 0x0000, 0x0000, 0x0000, 0x0000, 0x0000, 0x0000, 0x0000, 0x0000,
    0x0000, 0x0000, 0x0000, 0x0000, 0x0000, 0x0000, 0x0000, 0x0000, 0x0000, 0x0000, 0x0000, 0x0000, 0x0000, 0x0000, 0x0000, 0x0000,
    0x0000, 0x0000, 0x0000, 0x0000, 0x0000, 0x0000, 0x0000, 0x0000, 0x0000, 0x0000, 0x0000, 0x0000, 0x0000, 0x0000, 0x0000, 0x0000,
    0x0000, 0x0000, 0x0000, 0x0000, 0x0000, 0x0000, 0x0000, 0x0000, 0x0000, 0x0000, 0x0000, 0x0000, 0x0000, 0x0000, 0x0000, 0x0000,
    0x0000, 0x0000, 0x0000, 0x0000, 0x0000, 0x0000, 0x0000, 0x0000, 0x0000, 0x0000, 0x0000, 0x0000, 0x0000, 0x0000, 0x0000, 0x0000,
    0x0000, 0x0000, 0x0000, 0x0000, 0x0000, 0x0000, 0x0000, 0x0000, 0x0000, 0x0000, 0x0000, 0x0000, 0x0000, 0x0000, 0x0000, 0x0000,
    0x0000, 0x0000, 0x0000, 0x0000, 0x0000, 0x0000, 0x0000, 0x0000, 0x0000, 0x0000, 0x0000, 0x0000, 0x0000, 0x0000, 0x0000, 0x0000,
    0x0000, 0x0000, 0x0000, 0x0000, 0x0000, 0x0000, 0x0000, 0x0000, 0x0000, 0x0000, 0x0000, 0x0000, 0x0000, 0x0000, 0x0000, 0x0000,
    0x0000, 0x0000, 0x0000, 0x0000, 0x0000, 0x0000, 0x0000, 0x0000, 0x0000, 0x0000, 0x0000, 0x0000, 0x0000, 0x0000, 0x0000, 0x0000,
    0x0000, 0x0000, 0x0000, 0x0000, 0x0000, 0x0000, 0x0000, 0x0000, 0x0000, 0x0000, 0x0000, 0x0000, 0x0000, 0x0000, 0x0000, 0x0000
};

const unsigned short* const newPokemartIdeaSprites[NEW_POKEMART_IDEA_SPRITE_COUNT] = {
    pokeBuildingSprite,
    pokeBuildingInteriorSprite
};

const uint16_t newPokemartIdeaSpritesWidths[NEW_POKEMART_IDEA_SPRITE_COUNT] = {
    160,
    320
};

const uint16_t newPokemartIdeaSpritesHeights[NEW_POKEMART_IDEA_SPRITE_COUNT] = {
    152,
    240
};
