#include "ground_tiles.h"

const short ground_tile_0[TILE_SIZE * TILE_SIZE] = {
    0x8615, 0x7DF4, 0x75B3, 0x6DB2, 0x6572, 0x6DB3, 0x7DF4, 0x8615, 0x7DD4, 0x75B3, 0x6D92, 0x6D93, 0x6D92, 0x75B3, 0x75B3, 0x7DD3,
    0x6DB3, 0x6D93, 0x6D93, 0x6D92, 0x6D92, 0x75B3, 0x75D3, 0x75B3, 0x75D3, 0x6DB3, 0x6D92, 0x6D92, 0x75B3, 0x6DB3, 0x6D93, 0x75B3,
    0x6D92, 0x6D92, 0x6572, 0x6572, 0x6D93, 0x75D3, 0x75D3, 0x6DB3, 0x6DB3, 0x6DB3, 0x6DB3, 0x6592, 0x75B3, 0x6DB3, 0x6D92, 0x6D92,
    0x6DB3, 0x6D93, 0x6D92, 0x6D92, 0x75B3, 0x6DB3, 0x6DB3, 0x6DB3, 0x75B3, 0x75B3, 0x6DB3, 0x6DB2, 0x75B3, 0x75B3, 0x75B3, 0x6D93,
    0x8615, 0x75D4, 0x6D93, 0x6D92, 0x6D93, 0x6DB3, 0x6DB3, 0x6DB3, 0x6D93, 0x6D93, 0x6D92, 0x6D92, 0x6DB3, 0x7DD4, 0x7DD4, 0x6DB3,
    0x8E56, 0x7DF4, 0x6D93, 0x6D93, 0x75B3, 0x75B3, 0x75D3, 0x7DD4, 0x6D93, 0x6592, 0x6592, 0x6592, 0x6DB3, 0x7DF4, 0x7DF4, 0x6DB3,
    0x6DB3, 0x6D93, 0x6DB3, 0x6DB3, 0x6D93, 0x6DB3, 0x75D4, 0x85F5, 0x6D93, 0x6D93, 0x6D93, 0x6DB3, 0x6DB3, 0x6DB3, 0x6D93, 0x6D93,
    0x6D92, 0x6DB3, 0x75B3, 0x75B3, 0x6D93, 0x6D93, 0x75B3, 0x7DF4, 0x6D93, 0x6D93, 0x6D92, 0x6D92, 0x6DB3, 0x6DB3, 0x6DB3, 0x6DB3,
    0x75B3, 0x75D3, 0x75B3, 0x6D93, 0x6DB3, 0x6D92, 0x6DB3, 0x7DF4, 0x75B3, 0x6D72, 0x6D72, 0x6D93, 0x6DB3, 0x6DB3, 0x6DB3, 0x6DB3,
    0x75D4, 0x75B3, 0x6DB3, 0x6DB3, 0x75B3, 0x6DB3, 0x6DB3, 0x6DB3, 0x6DB3, 0x6D93, 0x6D92, 0x6D93, 0x75B3, 0x6DB3, 0x6DB3, 0x6DB3,
    0x8E36, 0x7DF4, 0x75B3, 0x75B3, 0x75D4, 0x75B3, 0x6DB3, 0x6DB3, 0x75B3, 0x6DB3, 0x6D93, 0x6D92, 0x75B3, 0x7DD4, 0x7DD4, 0x75B3,
    0x7DF4, 0x75B3, 0x75B3, 0x75B3, 0x75B3, 0x6DB3, 0x6DB3, 0x6D92, 0x6D93, 0x6D92, 0x6D92, 0x6DB3, 0x7DD4, 0x75D4, 0x75B3, 0x75D3,
    0x75B3, 0x6DB3, 0x6D93, 0x6DB3, 0x75B3, 0x75B3, 0x6DB3, 0x6DB3, 0x6DB3, 0x6DB3, 0x6D93, 0x6D92, 0x75B3, 0x6DB3, 0x6D93, 0x6DB3,
    0x75B3, 0x75B3, 0x75B3, 0x75B3, 0x75B3, 0x6D93, 0x6D93, 0x75B3, 0x7DD4, 0x6DB3, 0x6592, 0x6D93, 0x6D92, 0x6D92, 0x6D93, 0x75D3,
    0x6D93, 0x7DD4, 0x7DD4, 0x75B3, 0x75D3, 0x6D92, 0x6D92, 0x7DD4, 0x8E36, 0x75B3, 0x6572, 0x6D93, 0x6592, 0x6572, 0x7593, 0x85F5,
    0x6DB3, 0x75D4, 0x75D4, 0x6DB3, 0x6DB3, 0x6DB3, 0x75D4, 0x7DF4, 0x6DB3, 0x6592, 0x6592, 0x6D93, 0x6D93, 0x6592, 0x6D92, 0x75B3
};

const short ground_tile_1[TILE_SIZE * TILE_SIZE] = {
    0x7DF4, 0x7DF4, 0x7DD4, 0x75D4, 0x6DB3, 0x75D4, 0x75D4, 0x6DB3, 0x75D3, 0x75D4, 0x7DF4, 0x7DF4, 0x75D4, 0x6DB3, 0x6DB3, 0x75B3,
    0x75D3, 0x75B3, 0x75B3, 0x75D4, 0x75D4, 0x6DB3, 0x6DB3, 0x6DD3, 0x6DB3, 0x6DB3, 0x6DB3, 0x6DB3, 0x75D3, 0x6DB3, 0x6D92, 0x6D92,
    0x6D93, 0x75B3, 0x6DB3, 0x6DB3, 0x6DB3, 0x6D92, 0x6592, 0x6DB3, 0x6DB3, 0x6DB3, 0x6DB3, 0x6D92, 0x75B3, 0x6DB3, 0x6D92, 0x6592,
    0x6D93, 0x75B3, 0x6DB3, 0x6DB3, 0x6DB2, 0x6D92, 0x6DB3, 0x75D3, 0x6DB3, 0x6DB3, 0x6592, 0x6592, 0x6DB3, 0x75B3, 0x75B3, 0x75D3,
    0x6DB3, 0x6DB3, 0x6DB3, 0x6DB3, 0x7DF4, 0x75D4, 0x6DB3, 0x6DB3, 0x6DB3, 0x6DB3, 0x6DB3, 0x6DB3, 0x6D92, 0x6D92, 0x6D92, 0x6DB3,
    0x6DB3, 0x6DB3, 0x6DB3, 0x6DB3, 0x85F4, 0x7DF4, 0x75D3, 0x6DB3, 0x75B3, 0x6DB3, 0x75D3, 0x75D4, 0x6D92, 0x6572, 0x6592, 0x6D92,
    0x6D93, 0x6D92, 0x6DB3, 0x75D3, 0x6D92, 0x6592, 0x6D92, 0x6DB3, 0x6592, 0x6D92, 0x75B3, 0x7DF4, 0x6DB3, 0x6DB3, 0x6D93, 0x6D93,
    0x75B3, 0x6DB3, 0x6D93, 0x6D92, 0x6592, 0x6D93, 0x6D93, 0x6D92, 0x6DB3, 0x6D93, 0x75B3, 0x7DF4, 0x75D4, 0x6DB3, 0x6572, 0x6592,
    0x75D3, 0x75D3, 0x75D3, 0x6DB3, 0x6592, 0x6D93, 0x6D93, 0x6D72, 0x6592, 0x6592, 0x6DB3, 0x7DD4, 0x75B3, 0x6D93, 0x6D72, 0x6D92,
    0x6DB3, 0x6DB3, 0x6DB3, 0x75D3, 0x6DB3, 0x6D93, 0x6D92, 0x6D92, 0x6DB3, 0x6D93, 0x6D93, 0x6D92, 0x6DB3, 0x75B3, 0x6DB3, 0x6DB3,
    0x6DB3, 0x6DB3, 0x6DB3, 0x6DB3, 0x8E15, 0x7DD4, 0x6D93, 0x6D93, 0x75B3, 0x75B3, 0x75B3, 0x6D93, 0x6D93, 0x75B3, 0x75B3, 0x75B3,
    0x75D3, 0x6DB3, 0x6DB3, 0x75B3, 0x8615, 0x7DD4, 0x75B3, 0x75B3, 0x75B3, 0x75B3, 0x6DB3, 0x6D92, 0x6DB3, 0x6D93, 0x6D93, 0x75B3,
    0x6DB3, 0x75D3, 0x75D3, 0x75B3, 0x6DB3, 0x6DB3, 0x6DB3, 0x75B3, 0x75D4, 0x75D3, 0x75B3, 0x75B3, 0x6DB3, 0x6D93, 0x6D93, 0x6D93,
    0x75B3, 0x6DB3, 0x6DB3, 0x6DB3, 0x6D92, 0x75B3, 0x75B3, 0x75B3, 0x75B3, 0x6DB3, 0x75D3, 0x75D3, 0x75D4, 0x6D93, 0x6D93, 0x6DB3,
    0x7DD4, 0x75B3, 0x6DB3, 0x6D93, 0x6572, 0x7DD4, 0x7DD4, 0x6D92, 0x75D3, 0x6DB3, 0x75B3, 0x7DF5, 0x8E15, 0x75B3, 0x6DB3, 0x75D3,
    0x6DB3, 0x6DB3, 0x6DB3, 0x6D93, 0x75F4, 0x75B3, 0x6DB3, 0x6D92, 0x6DB3, 0x7DD4, 0x7DD4, 0x75B3, 0x6DB3, 0x6DB3, 0x6DB3, 0x6D93
};

const short ground_tile_2[TILE_SIZE * TILE_SIZE] = {
    0x6D92, 0x6D92, 0x75B3, 0x75D3, 0x7DF4, 0x75B3, 0x75B3, 0x75B3, 0x75D3, 0x7DF4, 0x75D4, 0x6D72, 0x6DB3, 0x6DB3, 0x75D4, 0x7E15,
    0x6DB3, 0x6DB3, 0x6D93, 0x75B3, 0x6DB3, 0x6DB3, 0x6DB3, 0x6DB3, 0x6DB3, 0x6DB3, 0x6DB3, 0x6DB3, 0x6DB3, 0x75B3, 0x75B3, 0x6DB3,
    0x6DB3, 0x6D93, 0x6D92, 0x6D92, 0x6DB3, 0x6DB3, 0x6DB3, 0x6D93, 0x6DB3, 0x6D93, 0x6D93, 0x6DB3, 0x75D3, 0x75D4, 0x75D4, 0x6DB3,
    0x75B3, 0x75B3, 0x6DB3, 0x6592, 0x6DB3, 0x75D3, 0x75D4, 0x75B3, 0x6DB3, 0x6DB3, 0x6DB3, 0x75B3, 0x7DD4, 0x75D3, 0x6DB3, 0x6DB3,
    0x75D4, 0x7DF4, 0x75D4, 0x6DB3, 0x6DB3, 0x6DB3, 0x6DB3, 0x6DB3, 0x8615, 0x75F4, 0x6DB3, 0x6DB3, 0x75B3, 0x6DB3, 0x6DB3, 0x6DB3,
    0x6593, 0x75D4, 0x7DD4, 0x6DB3, 0x6DB3, 0x6DB3, 0x6DB3, 0x6DB3, 0x8615, 0x75F4, 0x6DB3, 0x6D93, 0x75B3, 0x6DB3, 0x75D3, 0x7DD4,
    0x6D92, 0x6D93, 0x6DB3, 0x6D93, 0x6DB3, 0x6D93, 0x75D3, 0x7DF4, 0x6572, 0x6592, 0x6DB3, 0x6DB3, 0x6D93, 0x6D93, 0x75B3, 0x7DD4,
    0x6D93, 0x6DB3, 0x6D93, 0x6D93, 0x6DB3, 0x75B3, 0x6DB3, 0x6D92, 0x6572, 0x6DB3, 0x75D3, 0x75D3, 0x6D93, 0x6D93, 0x6D93, 0x6D93,
    0x6DB3, 0x6D93, 0x6D93, 0x6DB3, 0x75D3, 0x75B3, 0x6D92, 0x6592, 0x6592, 0x6DB3, 0x6DB3, 0x6D93, 0x6D93, 0x6D92, 0x6D92, 0x6DB3,
    0x6D93, 0x6D93, 0x6D93, 0x6D92, 0x6DB3, 0x6D93, 0x6D92, 0x6DB3, 0x75D3, 0x6DB3, 0x6D93, 0x6D93, 0x6D93, 0x75B3, 0x75D3, 0x75B3,
    0x75B3, 0x7DD4, 0x7DD4, 0x6592, 0x6D93, 0x6D93, 0x6DB3, 0x6DB3, 0x8E36, 0x7DD4, 0x6D93, 0x6D93, 0x6DB3, 0x7DF4, 0x85F4, 0x7DD4,
    0x7DD4, 0x7593, 0x6D93, 0x6DB3, 0x6DB3, 0x75B3, 0x6DB3, 0x6DB3, 0x75D4, 0x75D3, 0x75B3, 0x75B3, 0x75B3, 0x6DB3, 0x6DB3, 0x6DB3,
    0x6D93, 0x6D92, 0x6572, 0x6592, 0x6DB3, 0x75B3, 0x75B3, 0x75D3, 0x75B3, 0x6DB3, 0x6DB3, 0x75B3, 0x75B3, 0x6DB3, 0x6D92, 0x6592,
    0x6D93, 0x6D92, 0x6D93, 0x6D93, 0x6DB3, 0x75B3, 0x75B3, 0x75D3, 0x7DF4, 0x75D4, 0x75B3, 0x75B3, 0x6DB3, 0x6DB3, 0x6DB3, 0x6DB3,
    0x6D92, 0x6D92, 0x6DB3, 0x75D3, 0x75B3, 0x75B3, 0x6DB3, 0x6D92, 0x85F5, 0x85F5, 0x75D4, 0x6D93, 0x6D93, 0x6D92, 0x6D93, 0x75B3,
    0x6D93, 0x6D93, 0x6DB3, 0x75D3, 0x75D3, 0x6DB3, 0x6D93, 0x6D93, 0x6DB3, 0x6DB3, 0x6D93, 0x6592, 0x6DB3, 0x6DB3, 0x6DB3, 0x6D93
};

const short ground_tile_3[TILE_SIZE * TILE_SIZE] = {
    0x75D4, 0x6DB3, 0x6D92, 0x6D92, 0x6572, 0x6D92, 0x6D93, 0x6DB3, 0x7DF4, 0x75D3, 0x75B3, 0x75D4, 0x6DD3, 0x6DD4, 0x6DB3, 0x6572,
    0x75D3, 0x6DB3, 0x6D92, 0x6D92, 0x6DB3, 0x6DB3, 0x6DB3, 0x6DB3, 0x6DB3, 0x6DB3, 0x6DB3, 0x75B3, 0x6DB3, 0x6DB3, 0x6DB3, 0x6DB3,
    0x6DB3, 0x6DB3, 0x6DB3, 0x6592, 0x75D3, 0x6DB3, 0x6D93, 0x6DB3, 0x6DB3, 0x6DB3, 0x6DB3, 0x6DB3, 0x6DD3, 0x6DB3, 0x6D93, 0x6DB3,
    0x6DB3, 0x75B3, 0x6DB3, 0x6DB3, 0x75B3, 0x75B3, 0x6DB3, 0x75B3, 0x75B3, 0x75B3, 0x75B3, 0x6DB3, 0x6DB3, 0x6DB3, 0x6DB3, 0x75B3,
    0x6D92, 0x6D72, 0x6592, 0x6D93, 0x6DD3, 0x7DD4, 0x7DD4, 0x6DB3, 0x6DB3, 0x6DB3, 0x75B3, 0x75D3, 0x8615, 0x75D4, 0x6DB3, 0x6D92,
    0x6D93, 0x6D92, 0x6592, 0x6592, 0x6DB3, 0x7E15, 0x7DF4, 0x6DB3, 0x6DB2, 0x6DB3, 0x6DB3, 0x75B3, 0x85F5, 0x75D4, 0x6DB3, 0x6DB3,
    0x75B3, 0x6DB3, 0x6DB3, 0x6D93, 0x6DB3, 0x6DB3, 0x6DB3, 0x6DB3, 0x6D92, 0x6572, 0x6D92, 0x75B3, 0x6572, 0x6572, 0x6572, 0x6D92,
    0x6DB3, 0x75D3, 0x75B3, 0x6DB3, 0x6DB3, 0x6D93, 0x6D93, 0x6DB3, 0x75D4, 0x6D93, 0x6D72, 0x6D72, 0x6572, 0x6D92, 0x6D92, 0x6D92,
    0x6DB2, 0x6D92, 0x6D93, 0x75B3, 0x6D92, 0x6D93, 0x6DB3, 0x6DB3, 0x7DF4, 0x7DD4, 0x75B3, 0x6D93, 0x6592, 0x6D93, 0x6D93, 0x6D72,
    0x6D92, 0x6572, 0x6592, 0x6D92, 0x6DB3, 0x6DB3, 0x6DB3, 0x6DB3, 0x6DD3, 0x6DB3, 0x6DB3, 0x6DB3, 0x6DB3, 0x6D93, 0x6D93, 0x6D93,
    0x6D92, 0x6592, 0x6592, 0x6592, 0x75B3, 0x8615, 0x8615, 0x75D4, 0x6DD4, 0x6DD3, 0x6DB3, 0x6592, 0x85F5, 0x7DD4, 0x75B3, 0x75B3,
    0x6572, 0x6572, 0x6572, 0x6D92, 0x7DD4, 0x75D4, 0x75D4, 0x75D4, 0x6DD3, 0x6DB3, 0x6DB3, 0x6592, 0x6DB3, 0x75B3, 0x75D4, 0x75D3,
    0x6592, 0x6592, 0x6572, 0x6D92, 0x75D3, 0x6DD3, 0x6DB3, 0x6DB3, 0x6DB3, 0x6DB3, 0x6DB3, 0x6DB3, 0x6DB3, 0x6DB3, 0x6DB3, 0x75B3,
    0x75D3, 0x6DB3, 0x6D93, 0x6D93, 0x6DB3, 0x6DB2, 0x6DB3, 0x6DB3, 0x6DB3, 0x75B3, 0x6DB3, 0x6DB2, 0x75D3, 0x75B3, 0x75B3, 0x75B3,
    0x8615, 0x75D3, 0x6DB3, 0x75D3, 0x6D92, 0x6592, 0x6D92, 0x6DB3, 0x75B3, 0x75D4, 0x75D3, 0x6D92, 0x7DF4, 0x7DD4, 0x75D4, 0x6DB3,
    0x6DB3, 0x6DB3, 0x6DB3, 0x6DB3, 0x6D93, 0x6D92, 0x6D92, 0x6DB3, 0x6DB3, 0x75D3, 0x75B3, 0x6D93, 0x6DB3, 0x6DB3, 0x6DB3, 0x6DB3
};

const short ground_tile_4[TILE_SIZE * TILE_SIZE] = {
    0x6D93, 0x6DB3, 0x75F4, 0x8615, 0x7DF5, 0x75B3, 0x6DB3, 0x75B3, 0x6D93, 0x6D93, 0x7593, 0x75B3, 0x7DF4, 0x7DD4, 0x75B3, 0x6DB3,
    0x6DB3, 0x75B3, 0x75D3, 0x75D4, 0x75D4, 0x6DB3, 0x6D93, 0x6D72, 0x75B3, 0x75B3, 0x6D93, 0x7593, 0x7593, 0x6DB3, 0x6DB3, 0x75B3,
    0x6DB3, 0x75B3, 0x75D3, 0x75B3, 0x75D3, 0x6DB3, 0x6DB3, 0x6D93, 0x75B3, 0x6DB3, 0x6D93, 0x6D93, 0x75B3, 0x75B3, 0x6DB3, 0x6D93,
    0x75B3, 0x6D93, 0x6D93, 0x6DB3, 0x75B3, 0x75B3, 0x75D4, 0x7DD4, 0x7DD4, 0x7DD4, 0x75B4, 0x6DB3, 0x6DB3, 0x75D4, 0x75D3, 0x6D93,
    0x6D93, 0x6DB3, 0x6D93, 0x6D93, 0x6D93, 0x6D93, 0x6593, 0x6DB3, 0x75D4, 0x85F5, 0x7DF5, 0x75D4, 0x6DB3, 0x75B3, 0x6DB3, 0x6DB3,
    0x6DB3, 0x6DB3, 0x75B3, 0x75D4, 0x6D93, 0x6572, 0x6572, 0x6592, 0x6DB3, 0x7DF4, 0x7DF5, 0x75D4, 0x6DB3, 0x6DB3, 0x6DB3, 0x75D3,
    0x6572, 0x6D93, 0x75D4, 0x85F5, 0x6DB3, 0x6D93, 0x6D93, 0x6D93, 0x6D93, 0x6D93, 0x6DB3, 0x6DB3, 0x6DB3, 0x6DB3, 0x75D4, 0x7E14,
    0x6DB3, 0x6DB3, 0x75D3, 0x7DF4, 0x75D4, 0x6D93, 0x6D72, 0x6D92, 0x6D92, 0x6D92, 0x6D93, 0x6DB3, 0x75D4, 0x75D4, 0x75B3, 0x6D93,
    0x6D93, 0x6DB3, 0x75B3, 0x75D4, 0x75D4, 0x6D93, 0x6D93, 0x6D93, 0x6D92, 0x6D93, 0x6D93, 0x6DB3, 0x75D4, 0x75D4, 0x75B3, 0x6D92,
    0x6DB3, 0x75B3, 0x75B3, 0x6D93, 0x6D93, 0x6D72, 0x6D72, 0x6D72, 0x6D72, 0x6D93, 0x6D93, 0x6D93, 0x6DB3, 0x6D93, 0x6DB3, 0x75B3,
    0x6D93, 0x75B3, 0x75B3, 0x6D93, 0x6D92, 0x6D92, 0x6D93, 0x6D92, 0x75B3, 0x7DD4, 0x7DD4, 0x6D92, 0x6D93, 0x6DB3, 0x6DB3, 0x75D3,
    0x6DB3, 0x75B3, 0x75B3, 0x6D93, 0x6572, 0x6572, 0x6D92, 0x75B3, 0x7DD4, 0x75B3, 0x6DB3, 0x6DB3, 0x6DB3, 0x6DB3, 0x6DB3, 0x75D3,
    0x75B3, 0x75B3, 0x75B3, 0x6DB3, 0x6DB3, 0x6D93, 0x6D93, 0x6DB3, 0x75B3, 0x6DB3, 0x6D93, 0x6D93, 0x6DB3, 0x6DB3, 0x75D3, 0x75D3,
    0x75B3, 0x75B3, 0x6D93, 0x6DB3, 0x7DF4, 0x75B3, 0x6D93, 0x6D93, 0x6D93, 0x6D92, 0x6D93, 0x6DB3, 0x6DB3, 0x75B3, 0x6DB3, 0x6D93,
    0x75D3, 0x6D93, 0x6D92, 0x6DB3, 0x8E36, 0x75B4, 0x6592, 0x75B3, 0x6D93, 0x6D93, 0x6DB3, 0x75D3, 0x75B3, 0x6D93, 0x6592, 0x6572,
    0x75B3, 0x75B3, 0x7DD4, 0x7DD4, 0x75D4, 0x6DB3, 0x6DB3, 0x6DB3, 0x6D93, 0x6D93, 0x6DB2, 0x6DB3, 0x6DB3, 0x75B3, 0x75B3, 0x6D92
};

const short ground_tile_5[TILE_SIZE * TILE_SIZE] = {
    0x75D3, 0x7DF4, 0x75D4, 0x6D92, 0x6DB3, 0x6DD3, 0x7DF4, 0x8E36, 0x75B4, 0x6D93, 0x6DB3, 0x75B3, 0x6D93, 0x75B3, 0x75B3, 0x75B3,
    0x6DB3, 0x6DB3, 0x6DB3, 0x6DB3, 0x6DB3, 0x75B3, 0x75D3, 0x75D3, 0x75D3, 0x6DB3, 0x6D93, 0x6D93, 0x75B3, 0x6DB3, 0x75B3, 0x75B3,
    0x6DB3, 0x6DB3, 0x6D93, 0x6D93, 0x75B3, 0x75D3, 0x75D3, 0x6DB3, 0x6DB3, 0x6DB3, 0x6D93, 0x6D92, 0x75D4, 0x75B3, 0x6DB3, 0x6DB3,
    0x6D92, 0x6DB3, 0x6DB3, 0x75B3, 0x75B3, 0x6DB3, 0x6D92, 0x6D92, 0x6DB3, 0x75D4, 0x6DB3, 0x6D93, 0x75D4, 0x75B3, 0x6D93, 0x6D93,
    0x7DF5, 0x75D4, 0x6D93, 0x6D92, 0x6D93, 0x6DB3, 0x6DB3, 0x6D93, 0x6D92, 0x6D92, 0x6D92, 0x6592, 0x6DB3, 0x75D4, 0x75D4, 0x6DB3,
    0x8615, 0x75D4, 0x6D93, 0x6592, 0x6DB3, 0x6DB3, 0x75B3, 0x7DD4, 0x6D92, 0x6D72, 0x6572, 0x6572, 0x6593, 0x7DF4, 0x7DF5, 0x75D3,
    0x6572, 0x6572, 0x6D93, 0x6DB3, 0x6D92, 0x6D92, 0x75B3, 0x7DD4, 0x6D93, 0x6D72, 0x6572, 0x6592, 0x6DB3, 0x6592, 0x6DB3, 0x6DD3,
    0x6592, 0x6D93, 0x6DB3, 0x6D92, 0x6D92, 0x6D93, 0x6D93, 0x6D93, 0x6D93, 0x6D93, 0x6D92, 0x6D92, 0x6DB3, 0x6DB3, 0x6D93, 0x6DB3,
    0x6D92, 0x6D93, 0x6D92, 0x6572, 0x6572, 0x6592, 0x6D92, 0x6DB3, 0x7DD4, 0x6D93, 0x6D72, 0x6D93, 0x6D93, 0x6D93, 0x6D93, 0x6DB3,
    0x75B3, 0x6DB3, 0x6D92, 0x6D92, 0x75B3, 0x6D93, 0x6DB3, 0x75B3, 0x6D92, 0x6D92, 0x6D92, 0x6D93, 0x6DB3, 0x6DB3, 0x6DB3, 0x6DB3,
    0x8E36, 0x7DF4, 0x75B3, 0x6D93, 0x6D93, 0x75B3, 0x75D3, 0x75D3, 0x6D92, 0x6D92, 0x6D92, 0x6D93, 0x75B4, 0x85F5, 0x7DF5, 0x6DB3,
    0x7DF4, 0x75D4, 0x75B3, 0x75B3, 0x6D92, 0x6D92, 0x6D92, 0x6D92, 0x6572, 0x6572, 0x6D93, 0x75B3, 0x85F5, 0x7DD4, 0x75B3, 0x6DB3,
    0x75D4, 0x75B3, 0x6D93, 0x6D92, 0x6D93, 0x6DB3, 0x6DB3, 0x6D92, 0x6572, 0x6D92, 0x6D93, 0x6D93, 0x75B3, 0x6DB3, 0x6D93, 0x6DB3,
    0x75D3, 0x75B3, 0x6DB3, 0x75B3, 0x75B3, 0x6D93, 0x6D92, 0x6DB2, 0x75D4, 0x75B3, 0x6D93, 0x6D93, 0x6D93, 0x6D93, 0x6D93, 0x6DB3,
    0x6D92, 0x75B4, 0x75D4, 0x6DB3, 0x75D3, 0x6D92, 0x6572, 0x6DB3, 0x9656, 0x75D4, 0x6D93, 0x75D4, 0x6D93, 0x6D92, 0x6D93, 0x75B3,
    0x6D93, 0x6DB3, 0x75B3, 0x6D93, 0x6DB3, 0x75D3, 0x7DD4, 0x7DF4, 0x6DB3, 0x6D93, 0x6D93, 0x6DB3, 0x6D93, 0x6D93, 0x6DB3, 0x75D3
};

const short ground_tile_6[TILE_SIZE * TILE_SIZE] = {
    0x7E15, 0x7DF4, 0x75D3, 0x75B3, 0x6DB3, 0x75D4, 0x75B3, 0x6592, 0x6572, 0x6D92, 0x75D3, 0x7DF4, 0x75D3, 0x6DB3, 0x6DB3, 0x6D93,
    0x6DB3, 0x6DB3, 0x75B3, 0x75B3, 0x6DB3, 0x6DB3, 0x6DB3, 0x6D93, 0x6D93, 0x6DB3, 0x75B3, 0x6DB3, 0x6DB3, 0x6DB3, 0x6D92, 0x6D92,
    0x6DB3, 0x75B3, 0x75B3, 0x6DB3, 0x75D4, 0x6DB3, 0x6592, 0x6592, 0x6D93, 0x6DB3, 0x6DD3, 0x6DB3, 0x6DB3, 0x6DB3, 0x6D92, 0x6572,
    0x6DB3, 0x75D3, 0x75D3, 0x6DB3, 0x6DB3, 0x6D93, 0x6D93, 0x6DB3, 0x6D92, 0x6592, 0x6592, 0x6592, 0x6DB3, 0x6DB3, 0x6DB3, 0x6DB3,
    0x6DB3, 0x6DB3, 0x6DB3, 0x6DD3, 0x7DF5, 0x75D4, 0x6DB3, 0x6D93, 0x6D92, 0x6D93, 0x6D93, 0x6D92, 0x6D92, 0x6D72, 0x6572, 0x6D92,
    0x6DB3, 0x6DB3, 0x6DB3, 0x6DB3, 0x8615, 0x7DD4, 0x6DB3, 0x6DB3, 0x6DB3, 0x6DB3, 0x75B3, 0x7DD4, 0x6D93, 0x6572, 0x6572, 0x6572,
    0x6DB3, 0x6D92, 0x6DB3, 0x75D3, 0x6592, 0x6592, 0x6D93, 0x6DB3, 0x6D93, 0x6D93, 0x75B3, 0x7DD4, 0x6D93, 0x6D93, 0x6D93, 0x6D92,
    0x75D3, 0x6DB3, 0x6D93, 0x6592, 0x6592, 0x6DB3, 0x6DB3, 0x6D93, 0x6DB3, 0x6DB3, 0x75D4, 0x7DF4, 0x75B3, 0x6D93, 0x6D92, 0x6D92,
    0x75D4, 0x7DD4, 0x75D3, 0x6D92, 0x6DB3, 0x6DD3, 0x6DB3, 0x6D93, 0x6DB3, 0x6DB3, 0x6DB3, 0x7DD4, 0x75D4, 0x6D92, 0x6D72, 0x6D72,
    0x6DB3, 0x6DB3, 0x6DB3, 0x6DB3, 0x6DB3, 0x6DB3, 0x6D93, 0x6D93, 0x6DB3, 0x6DB3, 0x6D92, 0x6D92, 0x6D92, 0x6572, 0x6572, 0x6D92,
    0x6DB3, 0x6DB3, 0x6D93, 0x6DB3, 0x8615, 0x7DD4, 0x75B3, 0x6DB3, 0x6D93, 0x6DB3, 0x6D93, 0x6D92, 0x6572, 0x6D92, 0x6D92, 0x6D93,
    0x75D3, 0x6DD3, 0x6DB3, 0x6DB3, 0x6DB3, 0x6DB3, 0x6DB3, 0x6DB3, 0x75D3, 0x75B3, 0x6DB3, 0x6D93, 0x6572, 0x6572, 0x6DB3, 0x75D4,
    0x6DB3, 0x75D3, 0x75D3, 0x75D3, 0x6DB3, 0x6DB3, 0x6DB3, 0x75D3, 0x75D3, 0x75B3, 0x6DB3, 0x6DB3, 0x6D93, 0x6D93, 0x6DB3, 0x75D3,
    0x75B3, 0x75B3, 0x6DB3, 0x6DB3, 0x75D3, 0x75D4, 0x75D4, 0x75D3, 0x75B3, 0x6DB3, 0x6DB3, 0x6DB3, 0x75D4, 0x75B4, 0x6DB3, 0x6DB3,
    0x6DB3, 0x6DB3, 0x6D92, 0x6593, 0x75D4, 0x8615, 0x85F4, 0x6DB3, 0x6DD3, 0x6DB3, 0x6D93, 0x6DB3, 0x9656, 0x7DD4, 0x6DB3, 0x75D4,
    0x6DB3, 0x6D93, 0x6DB3, 0x6DB3, 0x6DD3, 0x75D4, 0x75D4, 0x6DB3, 0x75D3, 0x6DD3, 0x6DB3, 0x6D93, 0x6DB3, 0x6D93, 0x6D92, 0x6592
};

const short ground_tile_7[TILE_SIZE * TILE_SIZE] = {
    0x6D92, 0x6D93, 0x6D93, 0x6DB3, 0x7DF4, 0x7DD4, 0x75B3, 0x6DB3, 0x75D3, 0x75D4, 0x6DB3, 0x6593, 0x6D93, 0x6DB3, 0x75F4, 0x8635,
    0x75B3, 0x6DB3, 0x6DB3, 0x6DB3, 0x75D3, 0x6DB3, 0x6DB3, 0x6DB3, 0x6DB3, 0x6DB3, 0x6DB3, 0x6DB3, 0x6DB3, 0x75B3, 0x75B3, 0x75B3,
    0x6DB3, 0x6DB3, 0x6DB3, 0x75D3, 0x6DB3, 0x6DB3, 0x6DB3, 0x6DB3, 0x6DB3, 0x6DB3, 0x6DB3, 0x6DB3, 0x75B3, 0x75D4, 0x75D3, 0x6DB3,
    0x6DB3, 0x75B3, 0x75B3, 0x6D93, 0x6DB3, 0x75D3, 0x75D4, 0x6DB3, 0x6DB3, 0x75B3, 0x75D3, 0x75D4, 0x75B3, 0x75B3, 0x6DB3, 0x6D93,
    0x75B3, 0x7DD4, 0x7DD4, 0x6DB3, 0x6DB3, 0x6DB3, 0x6DB3, 0x75D3, 0x8615, 0x75D4, 0x6DB3, 0x6DB3, 0x75B3, 0x75B3, 0x75B3, 0x75B3,
    0x6DB3, 0x7DD4, 0x7DD4, 0x6DB3, 0x6DB3, 0x6DB3, 0x6DB3, 0x75B3, 0x8615, 0x7DD4, 0x6DB3, 0x6D93, 0x6DB3, 0x6DB3, 0x75D4, 0x7DF4,
    0x6D93, 0x6D93, 0x6D93, 0x6DB3, 0x6DD3, 0x6DB3, 0x75B3, 0x75D4, 0x6592, 0x6592, 0x6D93, 0x6DB3, 0x6D92, 0x6DB3, 0x7DD4, 0x85F5,
    0x6D92, 0x6D92, 0x6D92, 0x6DB3, 0x75B3, 0x6DB3, 0x6D92, 0x6572, 0x6572, 0x6D92, 0x6DB3, 0x6D93, 0x6D93, 0x6D93, 0x75B3, 0x85F4,
    0x6D92, 0x6D72, 0x6D92, 0x6DB3, 0x75B3, 0x75B3, 0x6D93, 0x6572, 0x6592, 0x6D92, 0x6D92, 0x6572, 0x6592, 0x6592, 0x6DB3, 0x7DF4,
    0x6D93, 0x6DB3, 0x6DB3, 0x6592, 0x6DB3, 0x6DB3, 0x6DB3, 0x6DB3, 0x6DD3, 0x6DB3, 0x6D92, 0x6D93, 0x6DB3, 0x6DB3, 0x6DB3, 0x6D93,
    0x7DD4, 0x7DF4, 0x75B3, 0x6572, 0x6DB3, 0x6DB3, 0x6DB3, 0x6DB3, 0x8E35, 0x7DF4, 0x6DB3, 0x6DB3, 0x6DB3, 0x6DB3, 0x6D93, 0x6D92,
    0x85F5, 0x75B3, 0x6D93, 0x6DB3, 0x6DB3, 0x75B3, 0x75B3, 0x6DB3, 0x75D4, 0x75D3, 0x75D3, 0x75D3, 0x6DB3, 0x6DB3, 0x6DB3, 0x6D92,
    0x75D4, 0x6DB3, 0x6D93, 0x6D93, 0x6DB3, 0x75B3, 0x75B3, 0x75B3, 0x6DD3, 0x6DB3, 0x6DB3, 0x75D3, 0x75B3, 0x6DB3, 0x6DB3, 0x6D92,
    0x6DB3, 0x6D93, 0x6D93, 0x6DB3, 0x6DB3, 0x75D3, 0x75D3, 0x6DB3, 0x75D3, 0x75B3, 0x75D3, 0x75D3, 0x75D3, 0x75B3, 0x6DB3, 0x6DB3,
    0x6D93, 0x6D93, 0x6DB3, 0x75D3, 0x75D3, 0x75D3, 0x6DB3, 0x6DB3, 0x7DF5, 0x8615, 0x7DD4, 0x6D93, 0x6DB3, 0x6DB3, 0x6593, 0x75D3,
    0x6D93, 0x6D93, 0x6D92, 0x6D93, 0x75D3, 0x75D4, 0x6DB3, 0x6572, 0x6DB3, 0x75B3, 0x6D93, 0x6592, 0x6DB3, 0x6DD3, 0x6DB3, 0x75B3
};

const short ground_tile_8[TILE_SIZE * TILE_SIZE] = {
    0x75D4, 0x75B3, 0x75D3, 0x75D3, 0x6DB3, 0x75B3, 0x75B3, 0x6DB3, 0x75F4, 0x75D4, 0x75B3, 0x6D93, 0x6DB3, 0x75D4, 0x75B4, 0x6D93,
    0x75D3, 0x6DB3, 0x6DB3, 0x6DB3, 0x75D4, 0x75B3, 0x75B3, 0x75D3, 0x6DB3, 0x6D93, 0x6DB3, 0x75B3, 0x6DB3, 0x6DB3, 0x6DB3, 0x6DB3,
    0x6DB3, 0x6DB3, 0x6DB3, 0x6DB3, 0x7DF4, 0x75D4, 0x6DB3, 0x75D3, 0x6DB3, 0x6DB3, 0x75B3, 0x6DB3, 0x75D3, 0x6DB3, 0x6D93, 0x6D93,
    0x6DB3, 0x75D3, 0x75D3, 0x6DB3, 0x7DF4, 0x75D4, 0x75B3, 0x6DB3, 0x6DB3, 0x75B3, 0x75D3, 0x6DB3, 0x6DB3, 0x6DB3, 0x75B3, 0x75B3,
    0x6DB3, 0x6D93, 0x6D93, 0x6D93, 0x75D4, 0x7DF4, 0x7DD4, 0x75B3, 0x75B3, 0x6DB3, 0x6DB3, 0x6DB3, 0x7DF4, 0x75D4, 0x6DB3, 0x6DB3,
    0x6D93, 0x6D92, 0x6D92, 0x6592, 0x6DB3, 0x7DF5, 0x8615, 0x75B3, 0x6DB3, 0x6DB3, 0x6DB3, 0x6DB3, 0x8615, 0x75D4, 0x6DB3, 0x6DB3,
    0x6DB3, 0x6D93, 0x6D92, 0x6D93, 0x6D93, 0x6D93, 0x6DB3, 0x6DB3, 0x6D92, 0x6592, 0x6DB3, 0x7DF4, 0x6592, 0x6592, 0x6D92, 0x6D93,
    0x75B4, 0x6DB3, 0x6D93, 0x6D92, 0x6DB3, 0x6DB3, 0x6DB3, 0x6DB3, 0x75D3, 0x6DB3, 0x6D93, 0x6D93, 0x6592, 0x6DB3, 0x6DB3, 0x6DB3,
    0x75B3, 0x6D93, 0x6D92, 0x6D93, 0x6D93, 0x6D93, 0x6DB3, 0x6DB3, 0x75F4, 0x7DD4, 0x75B3, 0x6D93, 0x6592, 0x6DB3, 0x6D93, 0x6D92,
    0x6D92, 0x6592, 0x6592, 0x6D92, 0x6DB3, 0x6DB3, 0x6DB3, 0x75D4, 0x6DD3, 0x75D3, 0x6DB3, 0x6DB3, 0x6DB3, 0x6D93, 0x6D92, 0x6D92,
    0x6592, 0x6592, 0x6592, 0x6D92, 0x75D4, 0x7DD4, 0x75D4, 0x6DB3, 0x6DD3, 0x6DB3, 0x6DB3, 0x6DB3, 0x8615, 0x75D4, 0x6D93, 0x6DB3,
    0x6572, 0x6572, 0x6572, 0x6D92, 0x7DD4, 0x75B3, 0x6D93, 0x6DD3, 0x6DD3, 0x6DB3, 0x6DB3, 0x6DB3, 0x6DB3, 0x75B3, 0x75B3, 0x75B3,
    0x6D92, 0x6D93, 0x6D92, 0x6572, 0x6DB3, 0x6D92, 0x6572, 0x6593, 0x6DB3, 0x6D93, 0x6DB3, 0x75B3, 0x75D3, 0x6DB3, 0x6D93, 0x75B3,
    0x75D4, 0x6DB3, 0x6D93, 0x6D93, 0x6D93, 0x6D93, 0x6D93, 0x6D93, 0x6DB3, 0x6DB3, 0x6D93, 0x6DB3, 0x7DF4, 0x7DD4, 0x75D4, 0x75D3,
    0x9E77, 0x7DD4, 0x6D93, 0x75D4, 0x6DB3, 0x75B3, 0x75B3, 0x75B3, 0x75B3, 0x6DB3, 0x6D92, 0x6592, 0x85F5, 0x9636, 0x8E15, 0x6DB3,
    0x75D4, 0x6DB3, 0x6DB3, 0x6DB3, 0x6DB3, 0x6D93, 0x6DB3, 0x6D93, 0x6DB3, 0x6D92, 0x6D92, 0x6DB3, 0x75D4, 0x75D4, 0x75D3, 0x6D93
};

const short ground_tile_9[TILE_SIZE * TILE_SIZE] = {
    0x75D4, 0x6DB3, 0x75D3, 0x8615, 0x75B3, 0x6DB3, 0x75B3, 0x75B3, 0x6D93, 0x6D93, 0x6D93, 0x75B3, 0x7DF4, 0x7DD4, 0x75B4, 0x75B3,
    0x6DB3, 0x75D3, 0x75D3, 0x75B3, 0x75B3, 0x6DB3, 0x6D93, 0x6D72, 0x75B3, 0x6D93, 0x6D93, 0x75B3, 0x75B3, 0x75B3, 0x75B3, 0x75B3,
    0x6593, 0x75B3, 0x75D3, 0x6DB3, 0x75B3, 0x6DB3, 0x6D92, 0x6592, 0x6DB3, 0x6D93, 0x6D93, 0x75B3, 0x75B3, 0x75B3, 0x75B3, 0x75B3,
    0x6D93, 0x6D92, 0x6592, 0x6D93, 0x75B3, 0x75B3, 0x6DB3, 0x6D93, 0x6DB3, 0x75B3, 0x75B3, 0x6D92, 0x6D92, 0x75B3, 0x75B3, 0x6DB3,
    0x6D93, 0x6D93, 0x6DB3, 0x6DB3, 0x6DB3, 0x6D93, 0x6D93, 0x6D93, 0x75B3, 0x7DD4, 0x7DD4, 0x6DB3, 0x6DB3, 0x6DB3, 0x6DB3, 0x75D3,
    0x75B3, 0x6DB3, 0x75D3, 0x75D4, 0x6DB3, 0x6D93, 0x6D92, 0x6592, 0x75B3, 0x7DF4, 0x7DF4, 0x6DB3, 0x6DB3, 0x6DB3, 0x6DB3, 0x75D3,
    0x6D93, 0x6D93, 0x75B4, 0x85F5, 0x6DB3, 0x6DB3, 0x6DB3, 0x6D93, 0x6DB3, 0x6DB3, 0x6DB3, 0x6DD3, 0x75D3, 0x6DB3, 0x75D3, 0x7DF4,
    0x6DB3, 0x6DB3, 0x75D3, 0x7DF5, 0x75D4, 0x6D93, 0x6572, 0x6D92, 0x6D93, 0x6D93, 0x6DB3, 0x75B3, 0x75D4, 0x75D3, 0x6DB3, 0x6D93,
    0x6DB3, 0x6D93, 0x6DB3, 0x75D4, 0x6DB3, 0x6D92, 0x6572, 0x6572, 0x6D92, 0x6592, 0x6D93, 0x75B3, 0x75D4, 0x75D4, 0x75B3, 0x6D93,
    0x6592, 0x6DB3, 0x6DB3, 0x6D93, 0x6DB3, 0x6D92, 0x6572, 0x6D92, 0x6D92, 0x6DB3, 0x6DB3, 0x6DB3, 0x6DB3, 0x6DB3, 0x6DB3, 0x6DD3,
    0x6D93, 0x75B3, 0x75B3, 0x6DB3, 0x6D93, 0x6D93, 0x6D93, 0x6DB3, 0x75B3, 0x7DF5, 0x7DF4, 0x6D92, 0x6DB3, 0x6DB3, 0x6DB3, 0x6DB3,
    0x6DB3, 0x6DB3, 0x6DB3, 0x6D93, 0x6572, 0x6592, 0x6D92, 0x75D3, 0x7DD4, 0x75B3, 0x6DB3, 0x6DB3, 0x6DB3, 0x6DB3, 0x6DB3, 0x6DB3,
    0x75D3, 0x6DB3, 0x6D93, 0x6D93, 0x6D93, 0x6D93, 0x6DB3, 0x75B3, 0x6DB3, 0x6D93, 0x6592, 0x6592, 0x6D93, 0x6DB3, 0x75B3, 0x75B3,
    0x75B3, 0x6DB3, 0x6DB3, 0x6DB3, 0x75D4, 0x6DB3, 0x6D93, 0x6D93, 0x6D93, 0x6D93, 0x6D92, 0x6D92, 0x6DB3, 0x75B3, 0x75B3, 0x75B3,
    0x75D3, 0x6D92, 0x6D92, 0x75D4, 0x8E36, 0x7DD4, 0x6DB3, 0x6DD3, 0x6DB3, 0x6DB3, 0x75B3, 0x75B3, 0x6D92, 0x6DB3, 0x75D3, 0x7DD4,
    0x75D3, 0x6DB3, 0x6DB3, 0x75B3, 0x75D3, 0x6DB3, 0x6DB3, 0x6592, 0x6DB3, 0x6592, 0x6572, 0x6D72, 0x6DB3, 0x75D3, 0x6DD3, 0x6D93
};

const short ground_tile_10[TILE_SIZE * TILE_SIZE] = {
    0x75B3, 0x75D4, 0x75B4, 0x6572, 0x6DD3, 0x75F4, 0x75F4, 0x75F4, 0x6DB3, 0x75D4, 0x75F4, 0x6DF4, 0x6DD3, 0x75D4, 0x75D4, 0x75B3,
    0x6DB3, 0x6DB3, 0x6DB3, 0x6DB3, 0x6DB3, 0x6DD3, 0x75F4, 0x7DF4, 0x6DD4, 0x6DD3, 0x6DD3, 0x6DD3, 0x7DF5, 0x75D4, 0x6DB3, 0x75B3,
    0x6DB3, 0x6D92, 0x6592, 0x6592, 0x75B3, 0x6DD3, 0x6DB3, 0x6DB3, 0x6DD3, 0x6DD3, 0x65B3, 0x6592, 0x6DB3, 0x6D93, 0x6D92, 0x6DB3,
    0x6DB3, 0x6DB3, 0x6D93, 0x6D93, 0x75B3, 0x6DB3, 0x6D93, 0x6593, 0x75B3, 0x75D4, 0x75B3, 0x6DB3, 0x6DB3, 0x6DB3, 0x6DB3, 0x6D93,
    0x7DF5, 0x75D4, 0x6DB3, 0x6DB3, 0x6DB3, 0x6DB3, 0x6DB3, 0x6DB3, 0x6D93, 0x6D93, 0x6D93, 0x6DB3, 0x6DB3, 0x7DD4, 0x7DF4, 0x6DD3,
    0x85F5, 0x75D4, 0x6DB3, 0x6DB3, 0x6DB3, 0x6DB3, 0x75D4, 0x7DF5, 0x6DB3, 0x6592, 0x6592, 0x6D93, 0x6DB3, 0x7DF5, 0x7E15, 0x6DD3,
    0x6592, 0x6592, 0x6D93, 0x6DB3, 0x6592, 0x6DB3, 0x75D4, 0x7DD4, 0x6D93, 0x6D93, 0x6D93, 0x6D93, 0x6DB3, 0x6DB3, 0x6DB3, 0x6DB3,
    0x6592, 0x6DB3, 0x6DB3, 0x6DB3, 0x6D93, 0x6DB3, 0x75B3, 0x75B3, 0x6D92, 0x6D93, 0x6D93, 0x6D93, 0x6DB3, 0x6D92, 0x6D92, 0x6DB3,
    0x6DB3, 0x6DB3, 0x6DB3, 0x6D93, 0x6DB3, 0x6D93, 0x6D93, 0x75B3, 0x6DB3, 0x6D92, 0x6D72, 0x6D93, 0x6DB3, 0x6D93, 0x6D93, 0x6DB3,
    0x75D3, 0x6DB3, 0x6D92, 0x6D92, 0x6DB3, 0x75D3, 0x75D3, 0x6DB3, 0x6D92, 0x6D92, 0x6D92, 0x6D93, 0x6DB3, 0x75B3, 0x75B3, 0x6DB3,
    0x9656, 0x7DF4, 0x6D92, 0x6D92, 0x6D92, 0x7DF4, 0x7DF4, 0x75D4, 0x6DB3, 0x6D93, 0x6D92, 0x6D93, 0x75B3, 0x8615, 0x85F5, 0x6DB3,
    0x8E56, 0x7DF4, 0x75B3, 0x6D93, 0x6D92, 0x6DB3, 0x75D3, 0x75B3, 0x6DB3, 0x6D92, 0x6D92, 0x6DB3, 0x8615, 0x7DF4, 0x75D4, 0x6DB3,
    0x75D3, 0x75D3, 0x6DB3, 0x6DB3, 0x75B3, 0x75D3, 0x75B3, 0x6DB3, 0x6D93, 0x6D93, 0x6D93, 0x6DB3, 0x75D4, 0x75B3, 0x6D93, 0x6DB3,
    0x6DB3, 0x6DB3, 0x75B3, 0x75B3, 0x75B3, 0x6DB3, 0x6DB3, 0x6DB3, 0x7DD4, 0x75B3, 0x6DB3, 0x6DB3, 0x6DB3, 0x6D93, 0x6D92, 0x6D93,
    0x6DB3, 0x75B3, 0x75B3, 0x6DB3, 0x6DB3, 0x6D92, 0x6D92, 0x75D3, 0xA698, 0x8615, 0x6DB3, 0x75D4, 0x6DB3, 0x6D92, 0x6D93, 0x75B3,
    0x75B4, 0x75B4, 0x7593, 0x6D72, 0x6DB3, 0x75D3, 0x75B3, 0x75B3, 0x6DB3, 0x6DB3, 0x6DB3, 0x6DB3, 0x6DB3, 0x6DB3, 0x6DB3, 0x75B3
};

const short ground_tile_11[TILE_SIZE * TILE_SIZE] = {
    0x7DF4, 0x75D4, 0x7DD4, 0x7DD4, 0x6DB3, 0x75D4, 0x75D4, 0x6DB3, 0x6DB3, 0x75D3, 0x75D4, 0x75F4, 0x75D4, 0x6DD3, 0x75B3, 0x75D3,
    0x6DB3, 0x6DB3, 0x75B3, 0x75D4, 0x6DD3, 0x6DB3, 0x6DB3, 0x6DD3, 0x6DD3, 0x75F4, 0x7DF4, 0x75D4, 0x6DD3, 0x6DB3, 0x6DB3, 0x6D93,
    0x6DB3, 0x6DB3, 0x6DB3, 0x6DB3, 0x6DB3, 0x6DB3, 0x6592, 0x65B3, 0x6DD3, 0x75F4, 0x75F4, 0x75D3, 0x6DD3, 0x6DD3, 0x6DB3, 0x6DB3,
    0x6DB3, 0x6DB3, 0x6DB3, 0x6DB3, 0x6DB3, 0x6DB3, 0x6DD3, 0x75D3, 0x6DB3, 0x6DB3, 0x6DB3, 0x6DB3, 0x75B3, 0x75D4, 0x75F4, 0x7E15,
    0x6DB3, 0x6DB3, 0x6DB3, 0x6DD3, 0x7E15, 0x75D4, 0x6DB3, 0x6DB3, 0x6DB3, 0x6DB3, 0x6DB3, 0x6DB3, 0x6D93, 0x6D93, 0x6DB3, 0x75B3,
    0x6DB3, 0x6DB3, 0x6DB3, 0x6DD3, 0x8615, 0x75D4, 0x6DB3, 0x6DB3, 0x6DB3, 0x6DB3, 0x75B3, 0x75D4, 0x6DB3, 0x6592, 0x6572, 0x6592,
    0x6DB2, 0x6D92, 0x6DB3, 0x75B3, 0x6592, 0x6592, 0x6D92, 0x6DB3, 0x6DB3, 0x6DB3, 0x75B3, 0x85F4, 0x75B3, 0x6DB3, 0x6DB3, 0x6D93,
    0x75D3, 0x75B3, 0x6DB3, 0x6DB3, 0x6DB3, 0x6DB3, 0x6DB3, 0x6D93, 0x75D3, 0x6DB3, 0x6DB3, 0x7DD4, 0x7DF4, 0x75B3, 0x6D93, 0x6D93,
    0x75F4, 0x7DD4, 0x75D3, 0x6DB3, 0x6D93, 0x6DB3, 0x75B3, 0x6DB3, 0x6DB3, 0x6D93, 0x6DB3, 0x75D4, 0x75D4, 0x75B3, 0x6D93, 0x6D92,
    0x6DB3, 0x6DB3, 0x6DB3, 0x6DB3, 0x6DB3, 0x6D93, 0x6D93, 0x6DB3, 0x6D93, 0x6DB3, 0x6DB3, 0x6DB3, 0x6DB3, 0x6D93, 0x6D93, 0x6DB3,
    0x6DB3, 0x6DB3, 0x6D93, 0x6D93, 0x85F5, 0x7DD4, 0x75B3, 0x75B3, 0x6D93, 0x75B3, 0x75B3, 0x6DB3, 0x6D93, 0x6DB3, 0x75B3, 0x75B3,
    0x6DB3, 0x6DB3, 0x6D93, 0x6D92, 0x6D93, 0x75B3, 0x75B3, 0x75B3, 0x75D3, 0x75D3, 0x6DB3, 0x6DB3, 0x6572, 0x6D93, 0x75B3, 0x7DD4,
    0x6DB3, 0x6DB3, 0x6D93, 0x6D93, 0x6DB3, 0x6DB3, 0x6D93, 0x6DB3, 0x75D3, 0x75D3, 0x6DB3, 0x6DB3, 0x6DB3, 0x6DB3, 0x75B3, 0x75B3,
    0x6D93, 0x6D93, 0x6D92, 0x6D93, 0x75D3, 0x75D4, 0x75D3, 0x75D3, 0x75D3, 0x75B3, 0x6DB3, 0x6DB3, 0x7DF4, 0x75B3, 0x6D92, 0x6D93,
    0x6D93, 0x6D93, 0x6D92, 0x6D93, 0x8615, 0x8E35, 0x85F5, 0x75B3, 0x75D4, 0x6DB3, 0x6DB3, 0x75D4, 0x9E77, 0x7DD4, 0x6D93, 0x6DB3,
    0x6DB3, 0x75B3, 0x75B3, 0x75D4, 0x75F4, 0x75D4, 0x75D3, 0x6DB3, 0x75D3, 0x75D4, 0x75D3, 0x75B3, 0x75D3, 0x6DB3, 0x6D93, 0x6D93
};

const short ground_tile_12[TILE_SIZE * TILE_SIZE] = {
    0x6D92, 0x6D93, 0x75B3, 0x75B3, 0x7DF4, 0x7DD4, 0x75B3, 0x6D93, 0x75B3, 0x75D4, 0x75B4, 0x6D93, 0x6DB3, 0x75D3, 0x7DF4, 0x8615,
    0x75B3, 0x6DB3, 0x6DB3, 0x75B3, 0x75B3, 0x75B3, 0x75B3, 0x75B3, 0x6DB3, 0x6DB3, 0x75B3, 0x75B3, 0x75B3, 0x75D3, 0x75B3, 0x75B3,
    0x75D4, 0x6DB3, 0x6DD3, 0x75D3, 0x75D3, 0x75B3, 0x75B3, 0x6DB3, 0x6DB3, 0x6DB3, 0x6DB3, 0x6DB3, 0x75D4, 0x75D4, 0x75D3, 0x6DB3,
    0x7DD4, 0x75D4, 0x75D3, 0x6DB3, 0x6DB3, 0x75D3, 0x75D4, 0x75D4, 0x6DB3, 0x75B3, 0x75D3, 0x75D4, 0x7DD4, 0x75B3, 0x6D93, 0x6D92,
    0x7DF4, 0x7DF4, 0x75D4, 0x6DB3, 0x6DB3, 0x6DB3, 0x6DD3, 0x75D3, 0x8615, 0x75D4, 0x6DB3, 0x6DB3, 0x6DB3, 0x6DB3, 0x6DB3, 0x75B3,
    0x75D4, 0x8615, 0x7DF4, 0x6DB3, 0x6DB3, 0x6DB3, 0x6DB3, 0x75D3, 0x8615, 0x75D4, 0x6DB3, 0x6DB3, 0x75B3, 0x6DB3, 0x75D4, 0x85F5,
    0x75B3, 0x6DB3, 0x6DB3, 0x6DB3, 0x6DB3, 0x6DB3, 0x75B3, 0x7DF4, 0x6592, 0x6DB3, 0x6DB3, 0x6DB3, 0x6D93, 0x6DB3, 0x75D4, 0x7DD4,
    0x75B3, 0x75B3, 0x6DB3, 0x75B3, 0x75B3, 0x75B3, 0x6D93, 0x6D92, 0x6572, 0x6D93, 0x6DB3, 0x75B3, 0x6DB3, 0x6D93, 0x6DB3, 0x75B3,
    0x6DB3, 0x75B3, 0x75B3, 0x6DB3, 0x75B3, 0x75D4, 0x75B3, 0x6572, 0x6592, 0x6D93, 0x6D93, 0x6D92, 0x6D93, 0x6D93, 0x6D93, 0x6DB3,
    0x6D93, 0x75D3, 0x75B3, 0x6DB3, 0x6DB3, 0x6DB3, 0x6DB3, 0x6DB3, 0x75D3, 0x6D93, 0x6592, 0x6D92, 0x6D92, 0x75B3, 0x75D3, 0x75B3,
    0x75D3, 0x85F5, 0x7DF4, 0x6D93, 0x6DB3, 0x6DB3, 0x6DB3, 0x6DB3, 0x9656, 0x7DF4, 0x6DB3, 0x6D93, 0x6D92, 0x7DD4, 0x85F4, 0x7DF4,
    0x7DF4, 0x75B3, 0x6D93, 0x6DB3, 0x6DB3, 0x6DB3, 0x6DB3, 0x75D3, 0x7DF4, 0x75D4, 0x75B3, 0x75B3, 0x6DB3, 0x75D3, 0x75B3, 0x6DB3,
    0x75B3, 0x6DB3, 0x6593, 0x6D93, 0x6DB3, 0x6DB3, 0x6DB3, 0x75D3, 0x6DB3, 0x6DB3, 0x6DB3, 0x75B3, 0x75B3, 0x6DB3, 0x6DB3, 0x6DB3,
    0x6DB3, 0x6D93, 0x6DB3, 0x6DB3, 0x6DB3, 0x6DB3, 0x6DB3, 0x6D93, 0x75D4, 0x75D4, 0x75D4, 0x75D3, 0x6DB3, 0x6DB3, 0x6DB3, 0x6DB3,
    0x6D93, 0x6DB3, 0x6DB3, 0x6DB3, 0x6DB3, 0x75B3, 0x6D93, 0x6572, 0x8615, 0x8E16, 0x7DF5, 0x6DB3, 0x6DB3, 0x6DB3, 0x6DB3, 0x7DD4,
    0x6D93, 0x6DB3, 0x6DB3, 0x6D93, 0x6DB3, 0x75B3, 0x6DB3, 0x6D93, 0x6DB3, 0x6DB3, 0x6DB3, 0x6DB3, 0x75D4, 0x75D3, 0x6DB3, 0x6D93
};

const short ground_tile_13[TILE_SIZE * TILE_SIZE] = {
    0x6D93, 0x6D92, 0x6DB3, 0x75B3, 0x6D92, 0x6D93, 0x6DB3, 0x75B3, 0x7DF4, 0x75F4, 0x7DD4, 0x7DF4, 0x6DD3, 0x75D4, 0x75D4, 0x6D93,
    0x6DB3, 0x6DB3, 0x6D93, 0x6DB3, 0x75B3, 0x6DB3, 0x6DB3, 0x75D3, 0x6DD3, 0x6DB3, 0x75D3, 0x75D4, 0x6DD3, 0x75D4, 0x75D4, 0x75B3,
    0x6DB3, 0x6DB3, 0x6DB3, 0x6DB3, 0x75B3, 0x6DB3, 0x6DB3, 0x6DD3, 0x6DB3, 0x6DB3, 0x6DB3, 0x6DB3, 0x75D4, 0x75D4, 0x6DB3, 0x6DB3,
    0x75B3, 0x75D3, 0x75D3, 0x6DB3, 0x75B3, 0x75B3, 0x75B3, 0x6DB3, 0x75B3, 0x75D3, 0x75D3, 0x75D3, 0x75D4, 0x75D3, 0x75D3, 0x75D4,
    0x6DB3, 0x6D93, 0x6D93, 0x6DB3, 0x75D3, 0x7DF4, 0x7DD4, 0x6DB3, 0x6DB3, 0x75D3, 0x75D3, 0x75D4, 0x8615, 0x7DF4, 0x75B3, 0x6DB3,
    0x6D93, 0x6D93, 0x6D72, 0x6592, 0x6DB3, 0x7DF5, 0x85F5, 0x6DB3, 0x6DB3, 0x6DB3, 0x6DB3, 0x75D3, 0x8615, 0x7DF4, 0x6DB3, 0x6DB3,
    0x6D93, 0x6D93, 0x6D93, 0x6D93, 0x6D93, 0x6DB3, 0x6DB3, 0x6D93, 0x6DB3, 0x6DB3, 0x6DB3, 0x75D3, 0x6D92, 0x6592, 0x6D92, 0x6DB3,
    0x6572, 0x75B3, 0x75B3, 0x6D93, 0x6DB3, 0x6DB3, 0x6DB3, 0x6DB3, 0x75B3, 0x6D93, 0x6D92, 0x6572, 0x6592, 0x6593, 0x6D93, 0x6DB3,
    0x75D3, 0x6D93, 0x6D92, 0x6D93, 0x75B3, 0x6DB3, 0x6D93, 0x6D92, 0x75D4, 0x75D4, 0x6DB3, 0x6592, 0x6572, 0x6D92, 0x6DB3, 0x6D93,
    0x6DB3, 0x6D92, 0x6D92, 0x6D92, 0x75B3, 0x6DB3, 0x6DB3, 0x6DB3, 0x6DB3, 0x6DB3, 0x6DB3, 0x6DB3, 0x6DB3, 0x6DB3, 0x6DB3, 0x6DB3,
    0x6DB3, 0x6D92, 0x6D92, 0x6DB3, 0x7DF4, 0x8615, 0x7DF4, 0x6DB3, 0x6DB3, 0x6DB3, 0x6DB3, 0x6DB3, 0x8615, 0x7DF4, 0x75B3, 0x6DB3,
    0x6592, 0x6592, 0x6DB3, 0x75D4, 0x7DF5, 0x75D4, 0x6DB3, 0x6DD3, 0x6DB3, 0x6DB3, 0x6DB3, 0x75D3, 0x6DB3, 0x6DB3, 0x6DB3, 0x6DB3,
    0x6DB3, 0x6DB3, 0x6DB3, 0x75D4, 0x75D4, 0x6DB3, 0x6D93, 0x6DB3, 0x6DB3, 0x6DD3, 0x75D3, 0x75D3, 0x6DD3, 0x6DB3, 0x6DB3, 0x6DB3,
    0x75D4, 0x6DB3, 0x6DB3, 0x6DB3, 0x6DB3, 0x6DB3, 0x6DB3, 0x6DB3, 0x75D3, 0x6DB3, 0x6DB3, 0x6DB3, 0x75D4, 0x75D4, 0x75D4, 0x75D4,
    0x8615, 0x75B3, 0x6DB3, 0x75F4, 0x6DD3, 0x6DB3, 0x75B3, 0x75D4, 0x75D3, 0x6DB3, 0x6D92, 0x6592, 0x8615, 0x8615, 0x7DF5, 0x75D4,
    0x6D92, 0x6592, 0x6593, 0x6DB3, 0x6DD3, 0x6DB3, 0x6593, 0x6DB3, 0x75D4, 0x75D3, 0x6DB3, 0x6DB3, 0x75D3, 0x75D4, 0x75B3, 0x6DB3
};

const short ground_tile_14[TILE_SIZE * TILE_SIZE] = {
    0x6D93, 0x6DB3, 0x7DD4, 0x8E15, 0x8615, 0x75D4, 0x6DB3, 0x6DB3, 0x6D93, 0x6D93, 0x6D93, 0x75B3, 0x7DF4, 0x75B3, 0x75B3, 0x75B3,
    0x75B3, 0x75B3, 0x75B3, 0x75B3, 0x75D4, 0x75B3, 0x6DB3, 0x6D93, 0x75B3, 0x6D93, 0x6D93, 0x75B3, 0x75B3, 0x75B3, 0x75B3, 0x75D4,
    0x75B3, 0x75D4, 0x75D3, 0x6DB3, 0x6DB3, 0x6DB3, 0x6DB3, 0x6DB3, 0x75B3, 0x6D92, 0x6D92, 0x6D93, 0x75B3, 0x75B3, 0x75B3, 0x75D4,
    0x75B3, 0x6DB3, 0x6DB3, 0x6DB3, 0x75B3, 0x75B3, 0x7DD4, 0x7DF4, 0x6D93, 0x6D93, 0x6DB3, 0x6DB3, 0x6DB3, 0x75D4, 0x75D4, 0x75D4,
    0x6DB3, 0x6DB3, 0x6DB3, 0x6DB3, 0x6D93, 0x6D93, 0x6D93, 0x75B3, 0x75D4, 0x7DD4, 0x75D4, 0x6DD3, 0x75D3, 0x75D4, 0x75D4, 0x75F4,
    0x75D3, 0x75D3, 0x75D4, 0x7DD4, 0x6D93, 0x6D93, 0x6D93, 0x6D93, 0x75D4, 0x7DF4, 0x7DF4, 0x75D3, 0x6DD3, 0x6DD3, 0x75D3, 0x75F4,
    0x6DB3, 0x6DB3, 0x7DD4, 0x8615, 0x75D4, 0x6DB3, 0x6DB3, 0x6DB3, 0x75B3, 0x6DB3, 0x6DB3, 0x6DD3, 0x6DD3, 0x6DD3, 0x75D4, 0x7E14,
    0x75D4, 0x75D4, 0x75D4, 0x7DF5, 0x75F4, 0x75B3, 0x6DB3, 0x6DB3, 0x75B3, 0x6DB3, 0x6DB3, 0x6DB3, 0x75B3, 0x75B3, 0x6DB3, 0x6D93,
    0x6DB3, 0x6DB3, 0x75B3, 0x7DF4, 0x75D4, 0x75B3, 0x6D93, 0x6D93, 0x75B3, 0x6DB3, 0x6DB3, 0x6DB3, 0x75D3, 0x75D3, 0x75B3, 0x6D93,
    0x6DB3, 0x75B3, 0x75B3, 0x6DB3, 0x75D3, 0x6DB3, 0x6DB3, 0x6DB3, 0x6D93, 0x75B3, 0x75D3, 0x6D93, 0x6D93, 0x6D93, 0x6DB3, 0x6DB3,
    0x6DB3, 0x75B3, 0x75B3, 0x6DB3, 0x6DB3, 0x6DB3, 0x6DB3, 0x75D3, 0x75D4, 0x8615, 0x7DD4, 0x6572, 0x6592, 0x6D93, 0x6D93, 0x6DB3,
    0x6DD3, 0x6DD3, 0x6DB3, 0x6DB3, 0x6D92, 0x6DB3, 0x75B3, 0x7DF4, 0x7DF4, 0x75B3, 0x6D93, 0x6D93, 0x6D93, 0x6DB3, 0x6DB3, 0x75D3,
    0x75D3, 0x75D3, 0x6DB3, 0x6DB3, 0x6DB3, 0x6DB3, 0x75B3, 0x75D3, 0x75D4, 0x6DB3, 0x6DB3, 0x6DB3, 0x6DB3, 0x75D3, 0x7DD4, 0x75D4,
    0x75D4, 0x75D3, 0x6DB3, 0x6DB3, 0x75D3, 0x6DB3, 0x6DB3, 0x6DB3, 0x6DB3, 0x6DB3, 0x6DB3, 0x75D3, 0x75D3, 0x75D4, 0x7DD4, 0x7DD4,
    0x75D4, 0x6DB3, 0x6DB3, 0x75B3, 0x8615, 0x75D3, 0x6D93, 0x6DB3, 0x6DB3, 0x6DB3, 0x75D3, 0x7DF4, 0x7DF4, 0x75D3, 0x75D4, 0x85F4,
    0x75D4, 0x75D3, 0x7DD4, 0x7DF4, 0x6DB3, 0x6DB3, 0x6DB3, 0x6D93, 0x6D93, 0x6D92, 0x6592, 0x6592, 0x6DB3, 0x75D3, 0x75D3, 0x6DB3
};

const short ground_tile_15[TILE_SIZE * TILE_SIZE] = {
    0x75D4, 0x75D4, 0x75B4, 0x6D93, 0x75B3, 0x75B3, 0x7DF4, 0x8E35, 0x75D4, 0x6DB3, 0x6D93, 0x6DB3, 0x6DB3, 0x6DB3, 0x75B3, 0x75D3,
    0x6DB3, 0x75B3, 0x75B3, 0x75B3, 0x75B3, 0x75D4, 0x75D4, 0x75D3, 0x75D3, 0x75D3, 0x6DB3, 0x6DB3, 0x75B3, 0x6DB3, 0x6DB3, 0x75B3,
    0x75D3, 0x6DB3, 0x6D93, 0x6D93, 0x75B3, 0x75D4, 0x75D4, 0x75B3, 0x75D3, 0x75D3, 0x6DB3, 0x6DB3, 0x75D3, 0x6DB3, 0x6D93, 0x6D93,
    0x75D4, 0x75B3, 0x75B3, 0x75D3, 0x7DD4, 0x75D3, 0x6DB3, 0x6DB3, 0x75B3, 0x75D3, 0x75D3, 0x6DB3, 0x75D3, 0x75D3, 0x75B3, 0x6DB3,
    0x8635, 0x7DF4, 0x75B3, 0x75B3, 0x75B3, 0x75B3, 0x75B3, 0x75B3, 0x6D93, 0x6D93, 0x6D93, 0x6D93, 0x75B3, 0x7DF4, 0x7DD4, 0x6DB3,
    0x8E36, 0x7DF4, 0x75B3, 0x6DB3, 0x75D3, 0x75B3, 0x75D4, 0x7DF4, 0x6DB3, 0x6D93, 0x6D93, 0x6593, 0x6DB3, 0x7DF4, 0x7E15, 0x75D3,
    0x6DB3, 0x6DB3, 0x6DB3, 0x75B3, 0x6D93, 0x6DB3, 0x75D3, 0x7DD4, 0x75D3, 0x75B3, 0x75B3, 0x6DB3, 0x6DB3, 0x6DB3, 0x6DB3, 0x75B3,
    0x6DB3, 0x6DB3, 0x75B3, 0x75B3, 0x6D93, 0x6D93, 0x75B3, 0x85F4, 0x75B3, 0x75B3, 0x75B3, 0x6D93, 0x6DB3, 0x6DB3, 0x6D93, 0x6DB3,
    0x6DB3, 0x75D3, 0x75B3, 0x6D93, 0x6D93, 0x6D92, 0x75B3, 0x7DF4, 0x75B3, 0x6D92, 0x6D72, 0x6D92, 0x6DB3, 0x6D93, 0x6D92, 0x6D93,
    0x75B3, 0x6DB3, 0x6DB3, 0x75B3, 0x6DB3, 0x6DB3, 0x6D93, 0x6D92, 0x6D92, 0x6D92, 0x6D92, 0x6DB3, 0x75B3, 0x75D3, 0x75D4, 0x75D3,
    0x8E36, 0x7DF4, 0x6DB3, 0x75B3, 0x75B3, 0x75B3, 0x75B3, 0x6D92, 0x6D92, 0x6D92, 0x6DB3, 0x75D3, 0x7DF4, 0x8615, 0x7DF5, 0x6DD3,
    0x8E36, 0x7DF4, 0x75B3, 0x6DB3, 0x6DB3, 0x75B3, 0x75B3, 0x6D93, 0x6572, 0x6572, 0x6D92, 0x75B3, 0x8615, 0x7DF4, 0x75B4, 0x6DD3,
    0x75B3, 0x6DB3, 0x6D93, 0x6DB3, 0x75B3, 0x75B3, 0x75B3, 0x6DB3, 0x6DB3, 0x75B3, 0x6DB3, 0x6DB3, 0x75D4, 0x6DB3, 0x6DB3, 0x6DD3,
    0x75B3, 0x6DB3, 0x75B3, 0x75B3, 0x75B3, 0x75B3, 0x6DB3, 0x75B3, 0x7DF4, 0x75B3, 0x6D93, 0x6D93, 0x6DB3, 0x6DB3, 0x6D93, 0x6DB3,
    0x75D3, 0x75B3, 0x75B3, 0x6D93, 0x75B3, 0x6DB3, 0x6DD3, 0x7DD4, 0x9E57, 0x7DD4, 0x6D93, 0x75B3, 0x6DB3, 0x6D93, 0x6D93, 0x75B3,
    0x6DB3, 0x6DD3, 0x6DB3, 0x6DB3, 0x6DD3, 0x75D4, 0x7DF4, 0x7DF4, 0x75D4, 0x6DB3, 0x6DB3, 0x6D93, 0x6D93, 0x6D93, 0x6DB3, 0x75B3
};

const short ground_tile_16[TILE_SIZE * TILE_SIZE] = {
    0x7DF4, 0x7DF4, 0x7DF4, 0x7DF4, 0x6DB3, 0x75D3, 0x75B3, 0x6592, 0x6572, 0x6D93, 0x75B3, 0x75D3, 0x6D93, 0x6DB3, 0x75D3, 0x75D4,
    0x75B3, 0x75B3, 0x75D3, 0x7DD4, 0x6DB3, 0x6DB3, 0x6DB3, 0x6D93, 0x6D93, 0x6DB3, 0x75B3, 0x75D3, 0x6DB3, 0x6DB3, 0x6DB3, 0x6DB3,
    0x75B3, 0x75B3, 0x75B3, 0x75B3, 0x6DD3, 0x6DB3, 0x6D93, 0x6D92, 0x6DB3, 0x75D3, 0x6DD3, 0x6DB3, 0x6DB3, 0x6DB3, 0x6DB3, 0x6D93,
    0x75B3, 0x75B3, 0x75B3, 0x6DB3, 0x6DB3, 0x6DB3, 0x6DB3, 0x6DB3, 0x75B3, 0x6DB3, 0x6DB3, 0x6593, 0x6DB3, 0x75D3, 0x75F4, 0x75D4,
    0x6DD3, 0x75D3, 0x75D3, 0x75F4, 0x7E15, 0x75F4, 0x6DB3, 0x6DB3, 0x6DB3, 0x6DB3, 0x6DB3, 0x6DB3, 0x6D93, 0x6DB3, 0x6DB3, 0x6DB3,
    0x6DB3, 0x6DB3, 0x75D3, 0x75D4, 0x8615, 0x7DF4, 0x75D3, 0x6DB3, 0x75D3, 0x6DB3, 0x75B3, 0x75D4, 0x6DB3, 0x6D93, 0x6D93, 0x6D93,
    0x6D93, 0x6DB3, 0x75B3, 0x75B3, 0x6DB3, 0x6DB3, 0x6DB3, 0x6DB3, 0x6D93, 0x6DB3, 0x75D4, 0x85F4, 0x6DB3, 0x6DB3, 0x6DB3, 0x6D93,
    0x75B3, 0x6DB3, 0x6DB3, 0x6DB3, 0x6D92, 0x6DB3, 0x6DB3, 0x6DB3, 0x75D4, 0x75D3, 0x75D4, 0x7DF4, 0x75D4, 0x75B3, 0x6D93, 0x6D93,
    0x7DF4, 0x7DF4, 0x75B3, 0x6D93, 0x6592, 0x6DB3, 0x6DB3, 0x6D93, 0x6DB3, 0x6DB3, 0x6DB3, 0x75F4, 0x75D3, 0x75B3, 0x6D93, 0x6D92,
    0x6DD3, 0x6DB3, 0x6DB3, 0x6DD3, 0x6DD3, 0x6DB3, 0x6DB3, 0x6DB3, 0x6DB3, 0x6DD3, 0x6DD3, 0x6DB3, 0x6D93, 0x6D92, 0x6D92, 0x6D92,
    0x6DD3, 0x6DD3, 0x6DD3, 0x75D3, 0x8635, 0x7DF4, 0x75B3, 0x75B3, 0x6DB3, 0x75F4, 0x75D4, 0x6DB3, 0x6D92, 0x6D92, 0x6572, 0x6572,
    0x75D3, 0x75D3, 0x75D4, 0x75D4, 0x75D3, 0x75D3, 0x75D3, 0x75D3, 0x75D3, 0x75D4, 0x75D4, 0x6DB3, 0x6572, 0x6D92, 0x6D93, 0x6DB3,
    0x6DD3, 0x75D3, 0x75D3, 0x6DD3, 0x6DB3, 0x6DB3, 0x6DB3, 0x75D3, 0x75D4, 0x75D4, 0x75D3, 0x6DB3, 0x6DB3, 0x6DB3, 0x75B3, 0x75B3,
    0x75B3, 0x6DB3, 0x6DB3, 0x6D92, 0x6DB3, 0x75D3, 0x75D4, 0x75D3, 0x75D3, 0x75D3, 0x75D3, 0x6DB3, 0x7DD4, 0x75D4, 0x75B3, 0x75D3,
    0x75D4, 0x6DB3, 0x6592, 0x6572, 0x6D93, 0x8E36, 0x8E36, 0x6DB3, 0x6DD3, 0x6DB3, 0x6DB3, 0x7DD4, 0x9E77, 0x7DF4, 0x6DB3, 0x7DF4,
    0x75D4, 0x6DB3, 0x6D93, 0x6D93, 0x6DB3, 0x7DD4, 0x7DF4, 0x75D3, 0x6DD3, 0x75D4, 0x75D3, 0x6DB3, 0x6D93, 0x6D93, 0x6DB3, 0x6D93
};

const short ground_tile_17[TILE_SIZE * TILE_SIZE] = {
    0x6D93, 0x6D93, 0x7593, 0x7DD4, 0x7DF4, 0x75B3, 0x75B3, 0x75B3, 0x75D4, 0x75D4, 0x6DB3, 0x6D93, 0x6DB3, 0x6DB3, 0x7DF4, 0x8E56,
    0x75D4, 0x75B3, 0x6DB3, 0x75B3, 0x75B3, 0x75B3, 0x75B3, 0x75B3, 0x6DB3, 0x6DB3, 0x6DB3, 0x6DB3, 0x6DB3, 0x75B3, 0x75D3, 0x75D3,
    0x75B3, 0x6DB3, 0x6D93, 0x6D93, 0x75B3, 0x75B3, 0x75B3, 0x75B3, 0x6DB3, 0x6DB3, 0x6D92, 0x6592, 0x75B3, 0x75D4, 0x75D3, 0x75B3,
    0x6D93, 0x75B3, 0x75B3, 0x6DB3, 0x6DB3, 0x75D4, 0x75D3, 0x6D93, 0x6DB3, 0x6DB3, 0x6DB3, 0x75D3, 0x75B3, 0x75B3, 0x6DB3, 0x6DB3,
    0x6DB3, 0x7DD4, 0x7DD4, 0x6DD3, 0x6DD3, 0x75B3, 0x75B3, 0x75D3, 0x85F5, 0x75D4, 0x6DB3, 0x6DB3, 0x75B3, 0x75B3, 0x75B3, 0x6DB3,
    0x6DB3, 0x7DF4, 0x7DF5, 0x6DD3, 0x6DB3, 0x6DB3, 0x6DB3, 0x75D3, 0x8615, 0x7DD4, 0x6DB3, 0x6DB3, 0x75B3, 0x6DB3, 0x75D4, 0x7DD4,
    0x6DB3, 0x6DB3, 0x6DB3, 0x6DB3, 0x6DB3, 0x6DB3, 0x6DB3, 0x6DB3, 0x6572, 0x6D92, 0x6DB3, 0x75B3, 0x6DB3, 0x6DB3, 0x7DF4, 0x8615,
    0x6D93, 0x6D93, 0x6D93, 0x6D92, 0x6DB3, 0x6DB3, 0x6D92, 0x6572, 0x6572, 0x6D92, 0x6DB3, 0x6D93, 0x6D93, 0x6DB3, 0x75D3, 0x7DF4,
    0x6D92, 0x6D72, 0x6D92, 0x6D93, 0x75D3, 0x75D3, 0x7593, 0x6572, 0x6572, 0x6572, 0x6572, 0x6572, 0x6D92, 0x6D93, 0x75D3, 0x7DF4,
    0x6D72, 0x6D93, 0x6DB3, 0x6DB3, 0x6DB3, 0x6DB3, 0x6DB3, 0x6DB3, 0x6DB3, 0x6D92, 0x6572, 0x6572, 0x6592, 0x6DB3, 0x6DB3, 0x6DB3,
    0x75B3, 0x85F5, 0x7DF4, 0x6D92, 0x6DB3, 0x6DB3, 0x6DB3, 0x75B3, 0x9657, 0x7DF4, 0x6D92, 0x6D92, 0x6D93, 0x75B3, 0x75D3, 0x6DB3,
    0x8615, 0x7DF5, 0x75D4, 0x6DB3, 0x6DB3, 0x6DB3, 0x6DB3, 0x75D4, 0x8635, 0x7DF4, 0x75B3, 0x6DB3, 0x6592, 0x6DB3, 0x6DB3, 0x6DB3,
    0x7DD4, 0x75D3, 0x6DB3, 0x6DB3, 0x6DB3, 0x6DB3, 0x75B3, 0x75D4, 0x7DD4, 0x75D4, 0x75B3, 0x6D93, 0x6DB3, 0x75B3, 0x6DB3, 0x6DB3,
    0x75B3, 0x6DB3, 0x6DB3, 0x75B3, 0x6DB3, 0x75B3, 0x75B3, 0x75D3, 0x7DD4, 0x75B4, 0x75B3, 0x75B3, 0x75B3, 0x75B3, 0x6DB3, 0x6DB3,
    0x6D93, 0x6DB3, 0x75D4, 0x7DF4, 0x75D3, 0x75B3, 0x6DB3, 0x75B3, 0x85F5, 0x7DD4, 0x75B4, 0x6DB3, 0x6DB3, 0x6D93, 0x6D93, 0x75D4,
    0x6DB3, 0x6DB3, 0x6D92, 0x6D92, 0x75D3, 0x75D3, 0x6DB3, 0x6572, 0x75B3, 0x75B4, 0x75B3, 0x6D93, 0x75D4, 0x75D4, 0x75D3, 0x75D3
};

const short ground_tile_18[TILE_SIZE * TILE_SIZE] = {
    0x7DF4, 0x75B3, 0x75B3, 0x75B3, 0x6D93, 0x75B3, 0x75D4, 0x75D3, 0x75F4, 0x75D4, 0x7DF4, 0x7E15, 0x75F4, 0x75F4, 0x75D4, 0x6DB3,
    0x75D3, 0x75D3, 0x6DB3, 0x6D93, 0x75B3, 0x6DB3, 0x75D3, 0x7DF4, 0x75F4, 0x75D3, 0x75D4, 0x7DF4, 0x6DD4, 0x6DD3, 0x6DD3, 0x6DD3,
    0x75B3, 0x6DD3, 0x6DB3, 0x6593, 0x75D4, 0x75D3, 0x6DD3, 0x75D3, 0x75D4, 0x75F4, 0x75F4, 0x75F4, 0x75D3, 0x6DB3, 0x6DB3, 0x6DB3,
    0x75B3, 0x75D3, 0x75B3, 0x6DB3, 0x75B3, 0x75B3, 0x6DB3, 0x75D3, 0x75D4, 0x7DF4, 0x7DF4, 0x75D4, 0x75D3, 0x75B3, 0x75B3, 0x75B3,
    0x75B3, 0x6D93, 0x6D93, 0x6D93, 0x75B3, 0x7DD4, 0x7DF4, 0x75D4, 0x75D4, 0x75D3, 0x6DB3, 0x75D3, 0x8615, 0x7DF4, 0x75B3, 0x6DB3,
    0x6DB3, 0x6D93, 0x6D92, 0x6592, 0x6DB3, 0x7DF5, 0x8615, 0x75D3, 0x6DD3, 0x6DB3, 0x6DB3, 0x75D3, 0x8E35, 0x7DF4, 0x75D3, 0x75D3,
    0x75D3, 0x6DB3, 0x6DB3, 0x6DB3, 0x6DB3, 0x6DB3, 0x6DB3, 0x6DB3, 0x6DB3, 0x6DB3, 0x75D3, 0x7DF4, 0x6D93, 0x6D92, 0x6D93, 0x75B3,
    0x6DB3, 0x6DB3, 0x6DB3, 0x6DB3, 0x6DB3, 0x6DB3, 0x6DB3, 0x6DB3, 0x75B3, 0x6D92, 0x6D92, 0x6DB3, 0x6592, 0x6D93, 0x75B3, 0x75D3,
    0x75B3, 0x6DB3, 0x6DB3, 0x75D3, 0x75B3, 0x6D93, 0x6D92, 0x6DB3, 0x75D4, 0x75B3, 0x6D92, 0x6592, 0x6592, 0x6DB3, 0x6DB3, 0x6DB3,
    0x6DB3, 0x6DB3, 0x6D92, 0x6D92, 0x6DB3, 0x6DB3, 0x6DB3, 0x6DD3, 0x6DB3, 0x6DB3, 0x6DB3, 0x6D92, 0x75B3, 0x6DB3, 0x6D93, 0x6DB3,
    0x6DB3, 0x6D92, 0x6D92, 0x6DB3, 0x75D3, 0x7DF5, 0x7DF4, 0x6DB3, 0x6DB3, 0x6DB3, 0x6D93, 0x6DB3, 0x8615, 0x7DF4, 0x75B3, 0x75B3,
    0x6592, 0x6592, 0x6D92, 0x6DB3, 0x7DF4, 0x7DD4, 0x75B3, 0x6DB3, 0x6DB3, 0x6DB3, 0x6DB3, 0x75D3, 0x75D4, 0x75D4, 0x75D4, 0x75B3,
    0x6DB3, 0x6DB3, 0x6D93, 0x6D93, 0x75D4, 0x6DB3, 0x6D93, 0x6DB3, 0x6DB3, 0x6DB3, 0x6DB3, 0x6DB3, 0x75D4, 0x75B3, 0x6DB3, 0x75B3,
    0x85F5, 0x75D4, 0x6DB3, 0x6DB3, 0x6DB3, 0x6DB3, 0x6DB3, 0x6DB3, 0x6DB3, 0x6DB3, 0x6DB3, 0x6DB2, 0x75D4, 0x75D4, 0x75D4, 0x75B3,
    0xA698, 0x7DF4, 0x6592, 0x6DD3, 0x6DB3, 0x6D93, 0x6D93, 0x6DB3, 0x6DB3, 0x6DB3, 0x6D92, 0x6D92, 0x85F4, 0x8E15, 0x85F5, 0x6DB3,
    0x75D3, 0x6DB3, 0x6D93, 0x6D93, 0x6DB3, 0x6593, 0x6D93, 0x6DB3, 0x6DB3, 0x6592, 0x6D92, 0x6DB3, 0x75D4, 0x75D4, 0x75D4, 0x6DB3
};

const short ground_tile_19[TILE_SIZE * TILE_SIZE] = {
    0x75D4, 0x75B3, 0x75D4, 0x8615, 0x75D3, 0x6DB3, 0x6DB3, 0x6D92, 0x6D92, 0x6D93, 0x6D93, 0x6D93, 0x75B3, 0x7573, 0x6D73, 0x75B3,
    0x75D4, 0x75D3, 0x75B3, 0x75B3, 0x75B3, 0x6DB3, 0x6D92, 0x6572, 0x75B3, 0x6D93, 0x6D92, 0x6D92, 0x6D92, 0x6D93, 0x6D93, 0x6DB3,
    0x75B3, 0x75D4, 0x75D4, 0x75B3, 0x75B3, 0x6DB3, 0x6D93, 0x6572, 0x6DB3, 0x6D93, 0x6D92, 0x6D92, 0x75B3, 0x6D93, 0x6D93, 0x6DB3,
    0x75B3, 0x6DB3, 0x6DB3, 0x6DB3, 0x75B3, 0x75D3, 0x75D4, 0x75B3, 0x6D93, 0x6D93, 0x6DB3, 0x75B3, 0x6DB3, 0x75B3, 0x75D4, 0x75B3,
    0x6DB3, 0x6DB3, 0x6DB3, 0x75B3, 0x6DB3, 0x6DB3, 0x6DB3, 0x6DB3, 0x6DB3, 0x75D4, 0x75D4, 0x75D3, 0x6DB3, 0x75B3, 0x75B3, 0x75D4,
    0x75B3, 0x6DB3, 0x75D4, 0x7DF4, 0x6D93, 0x6592, 0x6592, 0x6593, 0x6DB3, 0x7DF4, 0x7E14, 0x6DD3, 0x6DB3, 0x6D93, 0x75B3, 0x75D3,
    0x75B3, 0x75B3, 0x75D4, 0x7DF4, 0x6DB3, 0x6DB3, 0x6DB3, 0x6DB3, 0x6DB3, 0x6DB3, 0x6DB3, 0x6DB3, 0x75D3, 0x75B3, 0x75B3, 0x75D3,
    0x75D3, 0x6DB3, 0x75B3, 0x7DF4, 0x85F5, 0x75D4, 0x6DB3, 0x6DB3, 0x6DB3, 0x6D93, 0x6D92, 0x6D92, 0x75B3, 0x75B3, 0x6DB3, 0x6572,
    0x6592, 0x6572, 0x6DB3, 0x7DF4, 0x7DF4, 0x75B3, 0x6DB3, 0x75B3, 0x6D93, 0x6D72, 0x6D72, 0x6DB3, 0x75D3, 0x75B3, 0x6D92, 0x6572,
    0x6D93, 0x6D93, 0x6D93, 0x6D93, 0x6DB3, 0x6D92, 0x6D92, 0x6D92, 0x6D72, 0x6D92, 0x6D93, 0x6DB3, 0x6DB3, 0x6DB3, 0x6DB3, 0x6DB3,
    0x75B3, 0x75D4, 0x75D4, 0x6DB3, 0x75B3, 0x6D92, 0x6D92, 0x6D92, 0x6D93, 0x7DD4, 0x7DD4, 0x6DB3, 0x6D93, 0x6D93, 0x6D92, 0x6D92,
    0x75D3, 0x6DB3, 0x6D93, 0x6DB3, 0x6D93, 0x6D92, 0x6D92, 0x75B3, 0x7DF4, 0x75D4, 0x6DB3, 0x6DB3, 0x6DB3, 0x6D92, 0x6D93, 0x6DB3,
    0x75B3, 0x6D93, 0x6D93, 0x6D92, 0x6DB3, 0x75B3, 0x75B3, 0x75B3, 0x75D4, 0x6DB3, 0x6592, 0x6592, 0x6DB3, 0x6DB3, 0x6D93, 0x6DB3,
    0x75B3, 0x6DB3, 0x6DB3, 0x6DB3, 0x7DD4, 0x75D3, 0x6DB3, 0x6DB3, 0x6DB3, 0x6DB3, 0x6DB3, 0x6DB3, 0x6DB3, 0x6D93, 0x6D92, 0x6D92,
    0x6DB3, 0x6D93, 0x6D93, 0x75D3, 0x9636, 0x7DD4, 0x6D93, 0x6DD3, 0x6DB3, 0x6D93, 0x75B3, 0x75B3, 0x6D93, 0x6DB3, 0x6D93, 0x6592,
    0x75D4, 0x6DB3, 0x6D93, 0x6D93, 0x6DB3, 0x6DB3, 0x6DB3, 0x6DB3, 0x6D93, 0x6D92, 0x6592, 0x6592, 0x6DB3, 0x75B3, 0x75B3, 0x6572
};

const short ground_tile_20[TILE_SIZE * TILE_SIZE] = {
    0x6D92, 0x6D93, 0x6D93, 0x6D93, 0x6DB3, 0x6DB3, 0x6DB3, 0x6D93, 0x6DB3, 0x6D93, 0x6592, 0x6D92, 0x7DF4, 0x75B3, 0x6D93, 0x6D93,
    0x6592, 0x6592, 0x6592, 0x6D93, 0x6D93, 0x6D93, 0x6D92, 0x6592, 0x6DB3, 0x6DB3, 0x6D93, 0x6D93, 0x6D93, 0x6D93, 0x6DB3, 0x6DB3,
    0x6D93, 0x6DB3, 0x6DB3, 0x6DB3, 0x75B3, 0x6DB3, 0x6592, 0x6592, 0x6592, 0x6D92, 0x6D93, 0x6DB3, 0x6DB3, 0x6D93, 0x6D93, 0x6D93,
    0x7E14, 0x75D3, 0x6DB3, 0x6D92, 0x6D92, 0x6D92, 0x6D93, 0x6DB3, 0x6DB3, 0x6D93, 0x6D93, 0x6DB3, 0x6D93, 0x6D93, 0x6D93, 0x6D93,
    0x8E76, 0x7DF4, 0x6DB3, 0x6DB2, 0x6DB3, 0x6D92, 0x75B3, 0x7DF5, 0x75D4, 0x6D93, 0x6D92, 0x6D92, 0x6D93, 0x75B3, 0x75B3, 0x6DB3,
    0x6D92, 0x6DB3, 0x6DB3, 0x6DB3, 0x75B3, 0x6DB3, 0x75B3, 0x7DD4, 0x6D93, 0x6592, 0x6592, 0x6D93, 0x75D3, 0x75D4, 0x75D4, 0x7DD4,
    0x6592, 0x6DB3, 0x6DB3, 0x6D92, 0x6D72, 0x6D92, 0x75B3, 0x75D4, 0x6DB3, 0x6D93, 0x6D92, 0x6572, 0x6D93, 0x6D92, 0x6D92, 0x6DB3,
    0x6572, 0x75B3, 0x75B3, 0x6572, 0x6572, 0x6592, 0x75D3, 0x8615, 0x75D4, 0x6D92, 0x6572, 0x6572, 0x6572, 0x6D72, 0x6D93, 0x6DB3,
    0x6572, 0x6D93, 0x6D93, 0x6D92, 0x6D92, 0x6D92, 0x6D93, 0x6DB3, 0x6DB3, 0x6D93, 0x6592, 0x6572, 0x6D93, 0x6D92, 0x6D93, 0x6DB3,
    0x6DB3, 0x6D92, 0x6D92, 0x6D92, 0x6572, 0x6D92, 0x6DB3, 0x6DB3, 0x6DB3, 0x6DB3, 0x6D93, 0x6592, 0x6DB3, 0x75D3, 0x75B3, 0x6DB3,
    0x75D3, 0x6DB3, 0x6D92, 0x6D92, 0x6D92, 0x6D92, 0x6D92, 0x6DB3, 0x6DB3, 0x6D92, 0x6D92, 0x6D93, 0x7DD4, 0x75D3, 0x75B3, 0x75D3,
    0x6DB3, 0x6D92, 0x6DB3, 0x6DB3, 0x6D93, 0x6D92, 0x6D92, 0x6592, 0x6D92, 0x6D92, 0x6DB3, 0x75D4, 0x7DD4, 0x75B3, 0x6DB3, 0x75D3,
    0x75D4, 0x75D3, 0x6DD3, 0x6DB3, 0x6DB3, 0x6DB3, 0x6DB3, 0x6DB3, 0x75D4, 0x6DB3, 0x6DB3, 0x75D3, 0x6DB3, 0x6DB3, 0x6DB3, 0x6DB3,
    0x9656, 0x8615, 0x75D4, 0x6DB3, 0x75D4, 0x6DB3, 0x6DB3, 0x75F4, 0x9657, 0x8615, 0x75D3, 0x75F4, 0x75D3, 0x75D3, 0x75D3, 0x6DB3,
    0x75D4, 0x75D4, 0x6DB3, 0x6572, 0x6DB3, 0x6DB3, 0x75D4, 0x8615, 0x6DB3, 0x75D3, 0x75D4, 0x6DB3, 0x75F4, 0x75D4, 0x75D4, 0x75B3,
    0x6DB3, 0x6DB3, 0x6D93, 0x6D93, 0x6DB3, 0x6DB3, 0x6DB3, 0x6DD3, 0x6DD3, 0x6DD3, 0x6DD3, 0x6DD4, 0x7DF4, 0x75D4, 0x75D3, 0x75D4
};

const short ground_tile_21[TILE_SIZE * TILE_SIZE] = {
    0x6DB3, 0x6DB3, 0x75B3, 0x7DD4, 0x8E36, 0x7DF4, 0x6D93, 0x6592, 0x6D92, 0x6D93, 0x75B3, 0x6DB3, 0x6DB3, 0x6DB3, 0x6D92, 0x6592,
    0x6DB3, 0x6DB3, 0x75B3, 0x75B3, 0x6DB3, 0x6D92, 0x6592, 0x6572, 0x6DB3, 0x6DB3, 0x6DB3, 0x75B3, 0x6DB3, 0x6DB3, 0x6D93, 0x6592,
    0x75B3, 0x75D3, 0x75B3, 0x75B3, 0x6DB3, 0x6DB2, 0x6DB3, 0x75B3, 0x75B3, 0x75B3, 0x6DB3, 0x6DB3, 0x6D93, 0x6D92, 0x6D92, 0x6D93,
    0x6DB3, 0x6DB3, 0x75B3, 0x75D4, 0x7DF4, 0x75D4, 0x6DB3, 0x6D92, 0x6D93, 0x6DB3, 0x6DB3, 0x6DB3, 0x75B3, 0x6D93, 0x6572, 0x6592,
    0x6DB3, 0x6D93, 0x6DB3, 0x75D4, 0x8E35, 0x7DF4, 0x6DB3, 0x6DB3, 0x6DB3, 0x6D93, 0x75B3, 0x7DF4, 0x75B4, 0x6D93, 0x6592, 0x6572,
    0x6DB3, 0x6DB3, 0x6DB3, 0x6DB3, 0x6592, 0x6592, 0x6D93, 0x6DB3, 0x6D92, 0x6DB3, 0x7DD4, 0x8E15, 0x6DB3, 0x6DB3, 0x6DB3, 0x6DB3,
    0x6DB3, 0x6DB3, 0x6DB3, 0x6D93, 0x6572, 0x6592, 0x6DB3, 0x6DB3, 0x75B3, 0x6DB3, 0x75B3, 0x75D4, 0x6DB3, 0x6D93, 0x6592, 0x6572,
    0x75B3, 0x75B3, 0x75B3, 0x6D93, 0x6572, 0x75D4, 0x7DF4, 0x75B3, 0x6DB3, 0x6DB3, 0x75D3, 0x7DF4, 0x75B3, 0x6D92, 0x6572, 0x6592,
    0x6D93, 0x6D92, 0x6D92, 0x6D92, 0x6592, 0x6DB3, 0x75B3, 0x6DB3, 0x6DB3, 0x6D93, 0x6D92, 0x6DB3, 0x6DB3, 0x6D92, 0x6592, 0x6572,
    0x6D92, 0x6D93, 0x6D92, 0x6572, 0x6DB3, 0x6D93, 0x6DB3, 0x6DB3, 0x6D92, 0x6DB3, 0x6DB3, 0x6D92, 0x6D92, 0x6DB3, 0x6DB3, 0x6D93,
    0x6DB3, 0x6DB3, 0x6D93, 0x6572, 0x6D93, 0x6D93, 0x6DB3, 0x6DD3, 0x6DD3, 0x6DB3, 0x6DB3, 0x6DB3, 0x6DB3, 0x6DB3, 0x75D3, 0x7DF5,
    0x75D4, 0x75D4, 0x6DB3, 0x6D93, 0x6DB3, 0x6DB3, 0x6DB3, 0x75B3, 0x75B3, 0x75D3, 0x6DB3, 0x6DB3, 0x75B3, 0x6DB3, 0x6DB3, 0x75B4,
    0x6DB3, 0x6DB3, 0x6DB3, 0x75B3, 0x7DF5, 0x7DD4, 0x75B3, 0x75B3, 0x6DB3, 0x75B3, 0x75D3, 0x75D3, 0x75D4, 0x6DB3, 0x6D93, 0x6DB3,
    0x6D93, 0x6DB3, 0x75D4, 0x7DF5, 0x9677, 0x8635, 0x75D4, 0x6DB3, 0x75B3, 0x6D93, 0x75D3, 0x8615, 0x8615, 0x7DD4, 0x75D4, 0x6DB3,
    0x75B3, 0x6DB3, 0x6DB3, 0x6DD3, 0x75D4, 0x75D3, 0x75B3, 0x6DB3, 0x75B3, 0x75B3, 0x75D3, 0x75D3, 0x6D93, 0x6DB3, 0x6DB3, 0x6592,
    0x6DB3, 0x6DB3, 0x6DB3, 0x75B3, 0x75D4, 0x6DB3, 0x6DB3, 0x6DB3, 0x75D3, 0x75B3, 0x75B3, 0x6D93, 0x6D93, 0x6D93, 0x6592, 0x6592
};

const short ground_tile_22[TILE_SIZE * TILE_SIZE] = {
    0x75B3, 0x6DB3, 0x6D93, 0x6D93, 0x6DB3, 0x75D3, 0x7DF4, 0x7DF5, 0x6D93, 0x6DB3, 0x6DB3, 0x6DB3, 0x6DB3, 0x6DB3, 0x75D3, 0x7DF4,
    0x7DD4, 0x6DB3, 0x6592, 0x6DB3, 0x6DB3, 0x6DB3, 0x6DB3, 0x6DB3, 0x6D93, 0x6D92, 0x6592, 0x6592, 0x6D92, 0x6D92, 0x6DB3, 0x6DB3,
    0x8615, 0x75D3, 0x6592, 0x6DB3, 0x75D3, 0x75D3, 0x6DB3, 0x6DB3, 0x75D3, 0x75D4, 0x75D3, 0x6DB3, 0x75B3, 0x6DB3, 0x6D93, 0x6592,
    0x75D4, 0x75D4, 0x75B3, 0x6DB3, 0x6DB3, 0x6DB3, 0x6DB3, 0x6DB3, 0x75F4, 0x75D3, 0x6D93, 0x6D92, 0x6D92, 0x6DB3, 0x6DB3, 0x6DB3,
    0x6592, 0x6DB3, 0x75D3, 0x6DB3, 0x6DB3, 0x6DB3, 0x6DB3, 0x6DB3, 0x8E36, 0x7DD4, 0x6D92, 0x6D92, 0x6DB3, 0x6DB3, 0x75D3, 0x7DF4,
    0x6D93, 0x6572, 0x6592, 0x6D93, 0x6DB3, 0x6DB3, 0x6D93, 0x6D93, 0x6572, 0x6D92, 0x6D93, 0x6DB3, 0x6D93, 0x6DB3, 0x75D3, 0x85F4,
    0x6572, 0x6592, 0x6592, 0x6592, 0x6D93, 0x6DB3, 0x6DB3, 0x6D92, 0x6572, 0x6D92, 0x6DB3, 0x6DB3, 0x6D92, 0x6D92, 0x6DB3, 0x75B3,
    0x6592, 0x6D93, 0x75B3, 0x75B3, 0x6D92, 0x6D92, 0x6D92, 0x6592, 0x6592, 0x6D92, 0x6D92, 0x6D92, 0x75B3, 0x6D72, 0x75B3, 0x8E15,
    0x6592, 0x6D93, 0x75B3, 0x6DB3, 0x6D92, 0x6D92, 0x6D92, 0x6DB3, 0x6DB3, 0x6D93, 0x6D92, 0x6D92, 0x6D93, 0x6D93, 0x6D93, 0x6DB3,
    0x6DB3, 0x6D93, 0x6592, 0x6572, 0x6D92, 0x6D92, 0x6DB3, 0x75B3, 0x8E16, 0x75D4, 0x6D92, 0x6D92, 0x6D92, 0x6DB3, 0x6DB3, 0x6DB3,
    0x75B3, 0x6D93, 0x6592, 0x6592, 0x6D92, 0x75B3, 0x6DB3, 0x6D92, 0x75D3, 0x75B3, 0x6DB3, 0x6DB3, 0x6D92, 0x6D92, 0x6DB3, 0x75D3,
    0x75B3, 0x6D92, 0x6592, 0x6D93, 0x75D4, 0x75D4, 0x75B3, 0x6DB2, 0x6D92, 0x6D92, 0x6D93, 0x6DB3, 0x75B3, 0x6DB3, 0x6D93, 0x6D92,
    0x6D93, 0x6D93, 0x6D93, 0x6DB3, 0x75B3, 0x75B3, 0x75B3, 0x75D3, 0x7DF5, 0x75D4, 0x6DB3, 0x6DB3, 0x6DB3, 0x6DB3, 0x6DB3, 0x75B3,
    0x6D72, 0x6D93, 0x6D93, 0x6D93, 0x75B3, 0x75D4, 0x75B3, 0x6D93, 0x9657, 0x8615, 0x75D4, 0x6DB3, 0x6DB3, 0x6592, 0x6DB3, 0x8615,
    0x6D93, 0x6D92, 0x6D92, 0x6D93, 0x75D4, 0x75B3, 0x6D93, 0x6D92, 0x6DB3, 0x75B4, 0x75B3, 0x6D92, 0x6DB3, 0x75D3, 0x75F4, 0x7E14,
    0x7DD4, 0x75B3, 0x6D93, 0x6D93, 0x6D93, 0x6D93, 0x6D92, 0x6D93, 0x6DB3, 0x6DB3, 0x6DB3, 0x75B3, 0x75D4, 0x6DD4, 0x6DD3, 0x6DD4
};

const short ground_tile_23[TILE_SIZE * TILE_SIZE] = {
    0x6DB3, 0x6DB3, 0x6592, 0x6592, 0x7DF4, 0x75D4, 0x75B3, 0x75B3, 0x6DB3, 0x6DB3, 0x75D4, 0x75D4, 0x75D3, 0x6DB3, 0x6DB3, 0x6D93,
    0x6DB3, 0x6DB3, 0x6D93, 0x6D93, 0x6DB3, 0x6DB3, 0x6DB3, 0x6DB3, 0x6DB3, 0x75D3, 0x75D4, 0x75D4, 0x75D4, 0x7DD4, 0x75B3, 0x6D92,
    0x6592, 0x6D93, 0x6DB3, 0x75B3, 0x6DB3, 0x6DB3, 0x6DB3, 0x6D92, 0x6D93, 0x75D4, 0x7DD4, 0x75B3, 0x6D93, 0x75B3, 0x75B3, 0x75B3,
    0x6DB3, 0x6D93, 0x6D93, 0x6D93, 0x6DB3, 0x6DB3, 0x6DB3, 0x6DB3, 0x6DB3, 0x6DB3, 0x75B3, 0x75D4, 0x8615, 0x7DF4, 0x6DB3, 0x6DB3,
    0x75D4, 0x6DB3, 0x6592, 0x6592, 0x6593, 0x75D4, 0x7DD4, 0x75D4, 0x6DB3, 0x6D93, 0x6DB3, 0x75D4, 0x9677, 0x7E15, 0x75D3, 0x6DB3,
    0x6D93, 0x6D93, 0x6DB3, 0x75B3, 0x6D93, 0x6D93, 0x6DB3, 0x75B3, 0x6DB3, 0x6D93, 0x6D93, 0x6DB3, 0x6DD3, 0x75D4, 0x75D4, 0x75B3,
    0x6DB3, 0x6D93, 0x6D92, 0x6572, 0x6D92, 0x6D92, 0x6D93, 0x75B3, 0x6DB3, 0x6D93, 0x6D93, 0x6D92, 0x6D93, 0x75B3, 0x75B3, 0x6D93,
    0x75B3, 0x6572, 0x6572, 0x6592, 0x6D93, 0x6DB3, 0x6D93, 0x6DB3, 0x75B3, 0x6DB3, 0x6DB3, 0x6D93, 0x6DB3, 0x75B3, 0x75B3, 0x6D93,
    0x6DB3, 0x6D92, 0x6592, 0x6D93, 0x6DB3, 0x75B3, 0x6DB3, 0x6D92, 0x6D92, 0x6D92, 0x6D93, 0x6DB3, 0x75D3, 0x6DB3, 0x6D92, 0x6D72,
    0x75D3, 0x6DB3, 0x6D93, 0x6DB3, 0x75D3, 0x85F5, 0x7DD4, 0x6D92, 0x6DB3, 0x6DB3, 0x6DB3, 0x6DB3, 0x7DF5, 0x75D4, 0x75B3, 0x6D92,
    0x75D3, 0x6DB3, 0x6D93, 0x75B3, 0x75D3, 0x6DB3, 0x6D93, 0x6DB3, 0x6DD3, 0x75D3, 0x6DB3, 0x6592, 0x75D4, 0x75B4, 0x6DB3, 0x6DB3,
    0x6D93, 0x6DB3, 0x75B3, 0x75D3, 0x75D3, 0x6DB3, 0x6DB3, 0x75D3, 0x75D4, 0x75D4, 0x75B3, 0x6DB3, 0x75D4, 0x75B3, 0x6DB3, 0x6DB3,
    0x7DD4, 0x75B3, 0x6DB3, 0x75D3, 0x6DB3, 0x6DB3, 0x6DB3, 0x6DB3, 0x75D4, 0x75B3, 0x75B3, 0x75D4, 0x7DF5, 0x75D4, 0x75D3, 0x75D3,
    0x9E77, 0x85F4, 0x6DB3, 0x75D3, 0x6DB3, 0x75B3, 0x75B3, 0x6DB3, 0x75D4, 0x75D4, 0x75D4, 0x7DF4, 0x9657, 0x8615, 0x75D4, 0x6DB3,
    0x6DB3, 0x6DB3, 0x6DB3, 0x6DB3, 0x6593, 0x6D93, 0x6D93, 0x6DB3, 0x75D4, 0x6DB3, 0x6D93, 0x6DB3, 0x6DB4, 0x75D4, 0x6DB3, 0x6D93,
    0x6DB3, 0x65B3, 0x6D93, 0x6DB3, 0x6DB3, 0x6DB3, 0x6DB3, 0x6DB3, 0x6D93, 0x6D93, 0x6DB3, 0x6DB3, 0x6DB3, 0x6DD3, 0x75D3, 0x75D3
};

const short ground_tile_24[TILE_SIZE * TILE_SIZE] = {
    0x6D93, 0x6D93, 0x75B3, 0x7DD4, 0x75D3, 0x6DB3, 0x6D93, 0x6D93, 0x75B3, 0x6DB3, 0x6DB3, 0x6D92, 0x6D92, 0x75B3, 0x75B3, 0x75B3,
    0x75B3, 0x6DB3, 0x6DB3, 0x75D3, 0x75B3, 0x6D93, 0x6D93, 0x6DB3, 0x85F4, 0x75D4, 0x6DB3, 0x6DB3, 0x6D93, 0x6D93, 0x75B3, 0x75D4,
    0x75B3, 0x75B3, 0x6DB3, 0x6DB3, 0x6D93, 0x6D93, 0x6DB3, 0x75B3, 0x8E15, 0x75D4, 0x6DB3, 0x6D92, 0x6DB3, 0x75B3, 0x75B3, 0x75B3,
    0x6DB3, 0x6DB3, 0x6DB3, 0x6DB3, 0x6DB3, 0x6D93, 0x6D93, 0x75B3, 0x75D4, 0x75D3, 0x6DB3, 0x6DB3, 0x6DB3, 0x6DB3, 0x6DB3, 0x6DB3,
    0x6DB3, 0x6DB3, 0x75D3, 0x7DF4, 0x75B3, 0x6D92, 0x6572, 0x6D92, 0x6D93, 0x6DB3, 0x75D3, 0x6DD3, 0x6DB3, 0x6DB3, 0x6DB3, 0x75D3,
    0x6D93, 0x6D93, 0x75D4, 0x85F5, 0x6D93, 0x6572, 0x6D72, 0x6D93, 0x6DB3, 0x6DB3, 0x6D93, 0x6D93, 0x6D92, 0x6DB3, 0x6DB3, 0x6592,
    0x6D93, 0x6DB3, 0x6DB3, 0x75B3, 0x6D93, 0x6572, 0x6572, 0x6572, 0x6572, 0x6D93, 0x6DB3, 0x6D93, 0x6DB3, 0x6DB3, 0x6DB3, 0x6592,
    0x6D93, 0x6DB3, 0x7DD4, 0x8615, 0x75D4, 0x6D92, 0x6572, 0x6572, 0x6592, 0x6D93, 0x6D93, 0x65B3, 0x6DB3, 0x75D3, 0x6DB3, 0x6592,
    0x6D92, 0x6D92, 0x6D93, 0x6DB3, 0x6D93, 0x6572, 0x6572, 0x6D92, 0x6D93, 0x6D92, 0x6D92, 0x6D93, 0x6592, 0x6D92, 0x6D93, 0x6DB3,
    0x6D92, 0x6D92, 0x6D93, 0x6DB3, 0x75B3, 0x6DB3, 0x6D93, 0x6D92, 0x6DB3, 0x6DB3, 0x6D93, 0x6D92, 0x6D92, 0x6D92, 0x6DB3, 0x6DB3,
    0x6DB3, 0x6DB3, 0x6DB3, 0x6DD3, 0x6DB3, 0x6DB3, 0x6DB3, 0x75B4, 0x7DD4, 0x6DB3, 0x6D93, 0x6D92, 0x6DB3, 0x6DB3, 0x6DB3, 0x6D93,
    0x75D4, 0x75B3, 0x6DB3, 0x6DB3, 0x75D3, 0x6DB3, 0x6DB3, 0x75B3, 0x6D93, 0x6D93, 0x6D92, 0x6D92, 0x75B3, 0x75D3, 0x75B3, 0x75B3,
    0x75D3, 0x75B3, 0x6DB3, 0x75D3, 0x75F4, 0x75B3, 0x6D93, 0x6D93, 0x6D93, 0x6D93, 0x6D93, 0x6D93, 0x6DB3, 0x6DB3, 0x6DB3, 0x75D4,
    0x75D3, 0x6DB3, 0x6DB3, 0x7DF4, 0x8E36, 0x7DD4, 0x75B3, 0x6DB3, 0x6592, 0x75B3, 0x75B3, 0x6D92, 0x6D92, 0x6D93, 0x6D93, 0x75B4,
    0x6DB3, 0x6DB2, 0x75D3, 0x7DF4, 0x6DB3, 0x6DB3, 0x6D92, 0x6572, 0x6D93, 0x6D93, 0x6D92, 0x6572, 0x75B3, 0x6D93, 0x6572, 0x6572,
    0x6DB3, 0x75B3, 0x75B3, 0x6DB3, 0x6DB3, 0x6DB3, 0x6592, 0x6592, 0x6DB3, 0x6D93, 0x6D92, 0x6D92, 0x6D93, 0x6D72, 0x6D72, 0x6D72
};

const short ground_tile_25[TILE_SIZE * TILE_SIZE] = {
    0x6D93, 0x6DB3, 0x6DB3, 0x6DB3, 0x6DB3, 0x6DB3, 0x75B3, 0x75D3, 0x6DB3, 0x6DB3, 0x6D93, 0x6DB3, 0x75B3, 0x6DB3, 0x6D93, 0x6D93,
    0x6DB3, 0x6DB3, 0x6DB3, 0x6D93, 0x6DB3, 0x6DB3, 0x6DB3, 0x75D3, 0x6DB3, 0x6D93, 0x6593, 0x6D93, 0x8615, 0x75B4, 0x6D93, 0x6D93,
    0x6DB3, 0x75D4, 0x75D4, 0x6DB3, 0x75B3, 0x6DB3, 0x6DB3, 0x6DB3, 0x6D93, 0x6D93, 0x6DB3, 0x75B3, 0x7DF4, 0x75B3, 0x6D93, 0x6D92,
    0x75D4, 0x75D4, 0x6DB3, 0x6D93, 0x6D93, 0x75B3, 0x75B3, 0x6DB3, 0x6DB3, 0x6D93, 0x6D93, 0x6D93, 0x6DB3, 0x6DB3, 0x6DB3, 0x6D93,
    0x8E35, 0x7DD4, 0x6DB3, 0x6DB3, 0x6DB3, 0x6DB3, 0x75D3, 0x7DF4, 0x75D4, 0x6DB3, 0x6592, 0x6572, 0x6593, 0x75D4, 0x75D4, 0x6DB3,
    0x6572, 0x6D93, 0x6DB3, 0x6DB3, 0x6DB3, 0x6DB3, 0x75D4, 0x8615, 0x6DB3, 0x6D93, 0x6DB3, 0x6DB3, 0x6DB3, 0x6DB3, 0x6DB3, 0x75D4,
    0x6572, 0x6D93, 0x6DB3, 0x6592, 0x6D93, 0x6DB3, 0x75D3, 0x7DF4, 0x6DB3, 0x6D92, 0x6D93, 0x6DB3, 0x6DB3, 0x6D93, 0x6D92, 0x6D93,
    0x6592, 0x7DD4, 0x7DF4, 0x6DB3, 0x6DB3, 0x6D92, 0x75D4, 0x8635, 0x75D4, 0x6D93, 0x6592, 0x6DB3, 0x7DF5, 0x75D4, 0x6D93, 0x6592,
    0x6592, 0x6D93, 0x6D93, 0x6D92, 0x6D92, 0x6D92, 0x6DB3, 0x6DB3, 0x6DB3, 0x6DB3, 0x6592, 0x6593, 0x6DB3, 0x6D93, 0x6D93, 0x6D92,
    0x75B3, 0x6D93, 0x6D92, 0x6D92, 0x6D92, 0x6DB3, 0x6DB3, 0x6DB3, 0x75D3, 0x6DB3, 0x6D93, 0x6592, 0x6D93, 0x6DB3, 0x6DB3, 0x6D93,
    0x7DF4, 0x75B3, 0x6D92, 0x6D93, 0x6D93, 0x6DB3, 0x6DB3, 0x6DD3, 0x6DD3, 0x6DB3, 0x6D93, 0x6D93, 0x75B4, 0x6D93, 0x6D92, 0x6DB3,
    0x6DB3, 0x6D93, 0x6DB3, 0x75B3, 0x6DB3, 0x6DB3, 0x6D93, 0x6DB3, 0x6DB3, 0x6DB3, 0x6DB3, 0x6D93, 0x75B3, 0x6D72, 0x6572, 0x6D93,
    0x7DF4, 0x75D4, 0x75D3, 0x75B3, 0x6DB3, 0x6DB3, 0x6DB3, 0x6DB3, 0x7DF4, 0x75D4, 0x6DB3, 0x6D93, 0x6D93, 0x6D92, 0x6D92, 0x6D93,
    0x8E36, 0x8615, 0x75D4, 0x6DB3, 0x75D3, 0x6DB3, 0x6DB3, 0x75D4, 0x8E36, 0x7DF5, 0x75D4, 0x6DB3, 0x6D93, 0x6DB3, 0x6DB3, 0x6D93,
    0x6DB3, 0x75D4, 0x6DB3, 0x6D93, 0x75D3, 0x6DD3, 0x7DF4, 0x8635, 0x6DB3, 0x6DB3, 0x6DB4, 0x6DB3, 0x6DB3, 0x6DB3, 0x6D93, 0x6D93,
    0x6DB3, 0x6DB3, 0x6DB3, 0x75D3, 0x6DD3, 0x6DD3, 0x75D3, 0x75D4, 0x6DD3, 0x6DB3, 0x6DB3, 0x6DB3, 0x7DF4, 0x6D93, 0x6D92, 0x75B3
};

const short ground_tile_26[TILE_SIZE * TILE_SIZE] = {
    0x6D93, 0x6D93, 0x75B3, 0x75D4, 0x6DB3, 0x6DB3, 0x6DB3, 0x6DB3, 0x6D93, 0x6D93, 0x6DB3, 0x7DD4, 0x6DB3, 0x6D93, 0x6D92, 0x6D93,
    0x6D93, 0x6D93, 0x6592, 0x6592, 0x6592, 0x6592, 0x6D93, 0x6D93, 0x6572, 0x6D92, 0x6D93, 0x6DB3, 0x6DB3, 0x6D92, 0x6D92, 0x6D93,
    0x6DB3, 0x6DB3, 0x6D93, 0x6572, 0x6D93, 0x75B3, 0x75D4, 0x75D3, 0x6D92, 0x6D92, 0x6D92, 0x6572, 0x6D72, 0x6572, 0x6D93, 0x75B3,
    0x6DB3, 0x6DB3, 0x6DB3, 0x75D4, 0x7DF5, 0x75D4, 0x6DB3, 0x6DB3, 0x6D92, 0x6D93, 0x6D93, 0x6D93, 0x6D93, 0x6D72, 0x6D93, 0x7593,
    0x6DB3, 0x6D93, 0x6DB3, 0x75D4, 0x8615, 0x7DD4, 0x6DB3, 0x6D92, 0x6DB3, 0x6DB3, 0x75B3, 0x7DD4, 0x75B3, 0x6D93, 0x6D92, 0x6572,
    0x6DB3, 0x6DB3, 0x6D93, 0x6D93, 0x6592, 0x6D93, 0x6DB3, 0x6DB3, 0x6593, 0x6D93, 0x75D4, 0x85F5, 0x6D93, 0x6D93, 0x6D93, 0x6D93,
    0x6DB3, 0x6D93, 0x6D93, 0x6D93, 0x6572, 0x6D92, 0x6DB3, 0x6DB3, 0x6DB3, 0x6DB3, 0x75B3, 0x75D4, 0x6DB3, 0x6592, 0x6572, 0x6572,
    0x6DB3, 0x6DB3, 0x6D93, 0x6592, 0x6572, 0x75D4, 0x7DD4, 0x6DB3, 0x6DB3, 0x6593, 0x75D4, 0x8E56, 0x75F4, 0x6592, 0x6572, 0x6572,
    0x6D93, 0x6D92, 0x6D72, 0x6572, 0x6572, 0x6D93, 0x75B3, 0x6DB3, 0x6D92, 0x6D93, 0x6DB3, 0x75B3, 0x6DB3, 0x6DB3, 0x6D93, 0x6D93,
    0x6592, 0x6D92, 0x6572, 0x6572, 0x6D92, 0x6D92, 0x6D93, 0x6DB3, 0x6D93, 0x75B3, 0x6DB3, 0x6DB3, 0x6DB3, 0x6DB3, 0x6D93, 0x6572,
    0x6D92, 0x6D93, 0x6D92, 0x6592, 0x6D92, 0x6D93, 0x6DB3, 0x6DB3, 0x6DB3, 0x6DB3, 0x6DB3, 0x75D3, 0x6DB3, 0x6DB3, 0x6592, 0x6572,
    0x75B3, 0x75B3, 0x75B3, 0x75B3, 0x75B3, 0x6DB3, 0x6DB3, 0x75B3, 0x75D3, 0x75D3, 0x6DB3, 0x75D3, 0x75D4, 0x6DB3, 0x6D92, 0x6D93,
    0x75B3, 0x75B3, 0x75B3, 0x75D4, 0x8615, 0x7DD4, 0x75B3, 0x75B3, 0x75B3, 0x6DB3, 0x75D3, 0x75F4, 0x75D4, 0x6D93, 0x6D92, 0x6D93,
    0x75B3, 0x75B3, 0x7DD4, 0x8636, 0x9657, 0x8615, 0x75D4, 0x75B3, 0x75B3, 0x6D92, 0x75D4, 0x9657, 0x8615, 0x75D4, 0x6DB3, 0x6DB3,
    0x75D4, 0x6DB3, 0x6DB3, 0x75B3, 0x6DB3, 0x6DB3, 0x6DB3, 0x6D92, 0x6D92, 0x6D92, 0x6D93, 0x6DB3, 0x6592, 0x6DB3, 0x6DB3, 0x6DB3,
    0x6D93, 0x6D93, 0x6DB3, 0x6DB3, 0x6DB3, 0x6D93, 0x6D93, 0x6DB3, 0x6DB3, 0x75B3, 0x6DB3, 0x6D93, 0x6D93, 0x6DB3, 0x6DB3, 0x6DB3
};

const short ground_tile_27[TILE_SIZE * TILE_SIZE] = {
    0x7DD4, 0x75B3, 0x6D93, 0x6DB3, 0x75B3, 0x6DB3, 0x6DB3, 0x75B3, 0x6D93, 0x6DB3, 0x6DB3, 0x6DB3, 0x6D93, 0x6DB3, 0x6DD3, 0x75D4,
    0x6D93, 0x6D92, 0x6D93, 0x6DB3, 0x75B3, 0x75D3, 0x75D4, 0x75B3, 0x6D93, 0x6D93, 0x6DB3, 0x6DB3, 0x6DB3, 0x6DB3, 0x6DB3, 0x6DB3,
    0x6D92, 0x6D93, 0x6D93, 0x6D93, 0x75D3, 0x7DD4, 0x75D4, 0x75D3, 0x6DD3, 0x75D4, 0x75D4, 0x75D3, 0x75D4, 0x6DB3, 0x6DB3, 0x6D93,
    0x6D93, 0x6D93, 0x6DB3, 0x6DB3, 0x75D3, 0x75B3, 0x6DB3, 0x6DB3, 0x7DF5, 0x75D4, 0x6DB3, 0x6DB3, 0x6DB3, 0x75B3, 0x75D3, 0x6DB3,
    0x6D93, 0x6DB3, 0x75B3, 0x75D4, 0x6DB3, 0x6DB3, 0x6DB3, 0x75D4, 0x9657, 0x7DF5, 0x6DB3, 0x6DB3, 0x6DB3, 0x6DB3, 0x75D4, 0x7DF4,
    0x6DB3, 0x6D93, 0x6D93, 0x6D92, 0x6D93, 0x6D93, 0x6D93, 0x6D93, 0x6DB3, 0x6DB3, 0x6DB3, 0x65B3, 0x6593, 0x6DB3, 0x7DF4, 0x8E15,
    0x6DB3, 0x6DB3, 0x6D93, 0x6592, 0x6593, 0x6D93, 0x6D93, 0x6572, 0x6572, 0x6DB3, 0x6DB3, 0x6593, 0x6592, 0x6DB3, 0x75D4, 0x7DF4,
    0x6DB3, 0x6DB3, 0x75B3, 0x6DB3, 0x6D92, 0x6D93, 0x6D92, 0x6592, 0x6592, 0x75B3, 0x75D4, 0x6DB3, 0x6D93, 0x6592, 0x75D4, 0x8635,
    0x6592, 0x6DB3, 0x6DB3, 0x6D93, 0x6592, 0x6572, 0x6D72, 0x6D92, 0x6592, 0x6D93, 0x6D93, 0x6D93, 0x6D93, 0x6DB3, 0x6DB3, 0x6DD3,
    0x6DB3, 0x6DB3, 0x6D93, 0x6572, 0x6592, 0x6D92, 0x6D92, 0x6D92, 0x6DB3, 0x6D92, 0x6D92, 0x6D93, 0x6DB3, 0x75B3, 0x75D3, 0x75D3,
    0x75D4, 0x6DB3, 0x6592, 0x6572, 0x6D93, 0x6DB3, 0x6DB3, 0x6592, 0x75B3, 0x6D93, 0x6D93, 0x6DB3, 0x6DB3, 0x6DB3, 0x6DB3, 0x75D3,
    0x6DB3, 0x6D93, 0x6592, 0x6D93, 0x75B3, 0x75B3, 0x6DB3, 0x6D93, 0x6D93, 0x6D93, 0x6D93, 0x75B3, 0x6DB3, 0x6DB3, 0x6DB3, 0x6DB3,
    0x6D92, 0x6D92, 0x6D92, 0x6D93, 0x6DB3, 0x6DB3, 0x6DB3, 0x75D4, 0x7DF5, 0x75D4, 0x75B3, 0x6DB3, 0x6DB3, 0x6D92, 0x6D92, 0x6DB3,
    0x6592, 0x6DB3, 0x6DB3, 0x6D93, 0x6D93, 0x75B3, 0x6DB3, 0x6DB3, 0x9657, 0x8636, 0x7DD4, 0x6DB3, 0x6DB3, 0x6572, 0x6D92, 0x7E15,
    0x6DB3, 0x6DB3, 0x6D93, 0x6D93, 0x75D4, 0x6DB3, 0x6D93, 0x6DB3, 0x75D4, 0x75D4, 0x75B3, 0x6D92, 0x6DB3, 0x6DB3, 0x75F4, 0x7E15,
    0x75B3, 0x6DB3, 0x6DB3, 0x6DB3, 0x6D93, 0x6D93, 0x6D93, 0x6D93, 0x6DB3, 0x6DB3, 0x6DB3, 0x6DB3, 0x6DB3, 0x6DD3, 0x6DD3, 0x75D3
};

const short ground_tile_28[TILE_SIZE * TILE_SIZE] = {
    0x75D3, 0x6DB3, 0x6D93, 0x6DB3, 0x75D4, 0x6DB3, 0x6D92, 0x6592, 0x6D92, 0x6DB3, 0x75D4, 0x7E15, 0x6DB3, 0x6DB3, 0x6DB3, 0x6DB3,
    0x75D3, 0x6DB3, 0x6D93, 0x6DB3, 0x8615, 0x75D4, 0x6D93, 0x6D93, 0x6D93, 0x6DB3, 0x6DB3, 0x6D93, 0x6592, 0x6D93, 0x6DB3, 0x6DB3,
    0x6DB3, 0x6D93, 0x6D93, 0x75D4, 0x9656, 0x7DF4, 0x6DB3, 0x6D93, 0x6DB3, 0x6DB3, 0x6D93, 0x6D93, 0x6D93, 0x6DB3, 0x75D3, 0x75B3,
    0x75D4, 0x6DB3, 0x6DB3, 0x75B3, 0x75D4, 0x7DD4, 0x75D4, 0x6DB3, 0x6DB3, 0x6DB3, 0x6DB3, 0x75D3, 0x7DF4, 0x75D4, 0x6DB3, 0x6D92,
    0x75F4, 0x75B3, 0x6D93, 0x6572, 0x6D93, 0x7DF4, 0x7DF5, 0x75D4, 0x6DD3, 0x6DB3, 0x6DB3, 0x75D4, 0x8E36, 0x7DF4, 0x6DB3, 0x6592,
    0x75B3, 0x6D93, 0x6D93, 0x6DB3, 0x6DB3, 0x6DB3, 0x75B3, 0x75F4, 0x6DB3, 0x6DB3, 0x6DB3, 0x6D93, 0x6592, 0x6592, 0x6DB3, 0x6DB3,
    0x75B3, 0x6DB3, 0x6DB3, 0x6D93, 0x6DB3, 0x6DB3, 0x6DB3, 0x6D93, 0x6DB3, 0x6DB3, 0x6D92, 0x6572, 0x6572, 0x6D93, 0x6DB3, 0x6DB3,
    0x7DF4, 0x6DB3, 0x6D93, 0x6DB3, 0x6DB3, 0x75D4, 0x75B3, 0x6592, 0x6D93, 0x6DB3, 0x6DB3, 0x6592, 0x6592, 0x75D4, 0x7DF4, 0x75D4,
    0x6DB3, 0x6DB3, 0x6D93, 0x6DB3, 0x6DB3, 0x6D93, 0x6D93, 0x6D92, 0x6592, 0x6592, 0x6D92, 0x6592, 0x6592, 0x6DB3, 0x75B3, 0x6DB3,
    0x75D4, 0x6DB3, 0x6D93, 0x6592, 0x6D93, 0x75B3, 0x6DB3, 0x6D92, 0x6572, 0x6592, 0x6D92, 0x6D92, 0x6D93, 0x6D92, 0x6D93, 0x6DB3,
    0x75D4, 0x6DB3, 0x6D92, 0x6D92, 0x75B4, 0x6DB3, 0x6DB3, 0x75B3, 0x6D93, 0x6D93, 0x6D93, 0x6D92, 0x6D93, 0x6D93, 0x6D93, 0x6DB3,
    0x6DB3, 0x6DB3, 0x6DB3, 0x6D93, 0x75B3, 0x6DB3, 0x6D93, 0x75B3, 0x75B3, 0x75B3, 0x75B3, 0x6DB3, 0x6DB3, 0x6DB3, 0x6DB3, 0x75B3,
    0x7DF4, 0x75D3, 0x6DB3, 0x6DB3, 0x6DB3, 0x6DB3, 0x6D93, 0x6D93, 0x75B3, 0x75B3, 0x75D4, 0x75D4, 0x7DF4, 0x75D4, 0x75D3, 0x75B3,
    0x9E77, 0x8E15, 0x75D4, 0x6DD3, 0x6DB3, 0x6DB3, 0x6D93, 0x6D92, 0x6DB3, 0x75D4, 0x7DF4, 0x8636, 0x8E56, 0x8615, 0x75D4, 0x6DB3,
    0x6DD3, 0x6DB3, 0x6DB3, 0x6DB3, 0x6DB3, 0x6D93, 0x6D93, 0x6DB3, 0x75D4, 0x6DB3, 0x6DB3, 0x75D4, 0x6DB4, 0x6DD3, 0x6DB3, 0x6DB3,
    0x6DB3, 0x6DB3, 0x6DB3, 0x6DB3, 0x6DB3, 0x6DB3, 0x6DB3, 0x6DB3, 0x6D93, 0x6D93, 0x6DB3, 0x6DB3, 0x6DB3, 0x6DB3, 0x6DB3, 0x6DB3
};

const short ground_tile_29[TILE_SIZE * TILE_SIZE] = {
    0x6DB3, 0x75B3, 0x75D4, 0x7DD4, 0x75D3, 0x6DB3, 0x6592, 0x6572, 0x6DB3, 0x6DB3, 0x75B3, 0x75B4, 0x75D4, 0x75B3, 0x6DB3, 0x75B3,
    0x75B3, 0x6DB3, 0x6DB3, 0x6D93, 0x6DB3, 0x6D92, 0x6592, 0x6592, 0x6DB3, 0x6DB3, 0x6DB3, 0x6DB3, 0x6DB3, 0x75B3, 0x75D4, 0x75D4,
    0x75D3, 0x75B3, 0x6DB3, 0x6D93, 0x6D72, 0x6D92, 0x6D92, 0x6DB3, 0x85F5, 0x75D4, 0x6DB3, 0x6DB2, 0x6DB3, 0x75D3, 0x75D4, 0x75D4,
    0x6D93, 0x6DB3, 0x75B3, 0x6DB3, 0x75B3, 0x6D93, 0x6D92, 0x6D93, 0x75D4, 0x75B3, 0x6DB3, 0x6DB3, 0x6DB3, 0x6DB3, 0x6DB3, 0x6DB3,
    0x6DB3, 0x6DB3, 0x75D4, 0x7DF4, 0x75B3, 0x6D93, 0x6D93, 0x6572, 0x6593, 0x6DB3, 0x6DB3, 0x6DB3, 0x6DB3, 0x6D92, 0x6D93, 0x6DB3,
    0x6592, 0x6DB3, 0x7DD4, 0x8615, 0x6D93, 0x6592, 0x6DB3, 0x75B3, 0x6DB3, 0x6D93, 0x6D93, 0x6D92, 0x6D93, 0x6D93, 0x6D93, 0x6DB3,
    0x6DB3, 0x6DB3, 0x75B3, 0x75D3, 0x6592, 0x6572, 0x6572, 0x6D92, 0x6D93, 0x6D93, 0x6D93, 0x6D93, 0x6D93, 0x6D93, 0x6DB3, 0x6592,
    0x75D4, 0x75D4, 0x7DF4, 0x8E36, 0x75D3, 0x6572, 0x6552, 0x6D92, 0x6D92, 0x6D93, 0x6D93, 0x6DB3, 0x75B3, 0x75B3, 0x6DB3, 0x6592,
    0x6DB3, 0x6D93, 0x6DB3, 0x75D3, 0x6DB3, 0x6D93, 0x6DB3, 0x75B3, 0x75B3, 0x75D4, 0x6DB3, 0x6592, 0x6D92, 0x6D92, 0x6DB3, 0x6DB3,
    0x6DB3, 0x6DB3, 0x6DB3, 0x6DB3, 0x6DB3, 0x6DB3, 0x6DB3, 0x6D93, 0x7DD4, 0x85F5, 0x75D4, 0x6572, 0x6592, 0x6D92, 0x6DB3, 0x75B3,
    0x6DB3, 0x6DB3, 0x6DB3, 0x6DB3, 0x6DB3, 0x6DB3, 0x6DB3, 0x6D93, 0x7DD4, 0x75B3, 0x6D93, 0x6572, 0x6592, 0x6D92, 0x6D93, 0x6D93,
    0x75B3, 0x75B3, 0x6DB3, 0x6DB3, 0x75D4, 0x75B3, 0x6DB3, 0x75B3, 0x75B3, 0x6D93, 0x6D92, 0x6D93, 0x75B3, 0x75B3, 0x6DB3, 0x6DB3,
    0x75B3, 0x6DB3, 0x75D3, 0x7DF4, 0x6DB3, 0x6D93, 0x6D93, 0x6DB3, 0x6DB3, 0x6DB3, 0x6DB3, 0x6DB3, 0x6DB3, 0x6D93, 0x6D93, 0x6DB3,
    0x75D3, 0x6592, 0x75B3, 0x8E36, 0x7DF5, 0x6DB3, 0x6D93, 0x75D3, 0x6DB3, 0x6DD3, 0x6DB3, 0x6D93, 0x6DB3, 0x6DB3, 0x6DB3, 0x75B4,
    0x6DB3, 0x6DB2, 0x75D3, 0x7DF4, 0x6592, 0x6DB3, 0x6DB3, 0x6DB3, 0x6DB3, 0x6DB3, 0x6D93, 0x6D93, 0x75D4, 0x6DB3, 0x6D92, 0x6D92,
    0x6DB3, 0x6DB3, 0x75B3, 0x6DB3, 0x6DB3, 0x6DB3, 0x6DB3, 0x75D4, 0x75D4, 0x6DB3, 0x6DB3, 0x6DB3, 0x6DB3, 0x6D93, 0x6D93, 0x6D93
};

const short ground_tile_30[TILE_SIZE * TILE_SIZE] = {
    0x6D93, 0x6DB3, 0x6DB3, 0x6DB3, 0x6DB3, 0x6DB3, 0x75D3, 0x7DD4, 0x6DD3, 0x6DB3, 0x6DB3, 0x6DB3, 0x75D4, 0x75B3, 0x6DB3, 0x6DB3,
    0x6D93, 0x6D93, 0x6DB3, 0x6DB3, 0x6D93, 0x6D93, 0x6DB3, 0x6DB3, 0x6DB3, 0x6DB3, 0x6DB3, 0x6DD3, 0x8615, 0x7DD4, 0x75B3, 0x75B3,
    0x6D93, 0x75B3, 0x75D3, 0x6DB3, 0x75B3, 0x6DB3, 0x6D93, 0x6593, 0x6D93, 0x6D93, 0x6DB3, 0x75B3, 0x7DF5, 0x75D4, 0x6DB3, 0x6DB3,
    0x75F4, 0x75D4, 0x6DB3, 0x6DB3, 0x6D93, 0x6DB3, 0x6DB3, 0x6DB3, 0x75B3, 0x75B3, 0x75B3, 0x75B3, 0x75D3, 0x75B3, 0x75B3, 0x6DB3,
    0x9656, 0x7DF5, 0x6DB3, 0x75D3, 0x6DB3, 0x6DB3, 0x75D4, 0x7DF5, 0x75D4, 0x75D3, 0x6DB3, 0x6D93, 0x6DB3, 0x75D3, 0x75D4, 0x75F4,
    0x75B3, 0x6DB3, 0x6DB3, 0x6DB3, 0x6DB3, 0x6DB3, 0x75D4, 0x85F4, 0x6DB3, 0x6DB3, 0x6DB3, 0x6DB3, 0x75D3, 0x75B3, 0x75B3, 0x7DD4,
    0x6592, 0x6DB3, 0x6DB3, 0x6DB3, 0x6DB3, 0x6DB3, 0x75B3, 0x75B3, 0x6DB3, 0x6DB3, 0x6DB3, 0x6D93, 0x6DB3, 0x6D93, 0x6D93, 0x6D93,
    0x6592, 0x75D3, 0x7DD4, 0x75D3, 0x6DB3, 0x6DB3, 0x75D3, 0x7DF4, 0x75B3, 0x6D93, 0x6592, 0x6DB3, 0x7DF4, 0x75B3, 0x6D92, 0x6572,
    0x6592, 0x6DB3, 0x75B3, 0x6DB3, 0x6D92, 0x6DB3, 0x75B3, 0x75D4, 0x6DB3, 0x6D92, 0x6592, 0x6D93, 0x6DB3, 0x6DB3, 0x6D93, 0x6D92,
    0x75D3, 0x6DB3, 0x6DB3, 0x6D93, 0x6DB3, 0x75D3, 0x75D4, 0x75B3, 0x75D3, 0x6DB3, 0x6D93, 0x6D93, 0x6D93, 0x6D93, 0x6D93, 0x6D92,
    0x75D3, 0x6DB3, 0x6D93, 0x6DB3, 0x6DB3, 0x75B3, 0x75B3, 0x75B3, 0x6DD3, 0x6DB3, 0x6D93, 0x7593, 0x6D93, 0x6D93, 0x6D93, 0x6DB3,
    0x6DB3, 0x6DB3, 0x6DB3, 0x75B3, 0x75B3, 0x75B3, 0x6DB3, 0x6D93, 0x6D93, 0x6DB3, 0x6DB3, 0x6D93, 0x75B3, 0x6DB3, 0x75B3, 0x75B3,
    0x7DD4, 0x75D4, 0x75B3, 0x75B3, 0x75B3, 0x6DB3, 0x6DB3, 0x6DB3, 0x75D3, 0x6DB3, 0x6D92, 0x6DB3, 0x75B3, 0x6DB3, 0x6D93, 0x6DB3,
    0x8E36, 0x85F5, 0x75B4, 0x6DB3, 0x75D3, 0x6D92, 0x6DB3, 0x8615, 0x8E36, 0x75D4, 0x6D93, 0x6DB3, 0x75D4, 0x75B3, 0x6D93, 0x6D93,
    0x6D93, 0x6DB3, 0x6D93, 0x6592, 0x6D93, 0x6DB3, 0x6DD3, 0x7DF4, 0x6D93, 0x6DB3, 0x6DB3, 0x6D93, 0x6D93, 0x6D93, 0x75B3, 0x75D4,
    0x6D93, 0x6D93, 0x6D93, 0x6DB3, 0x6DB3, 0x6DB3, 0x75D3, 0x75D4, 0x6DB3, 0x6DB3, 0x6DB3, 0x6DB3, 0x75D4, 0x6DB3, 0x75B3, 0x7DD4
};

const short ground_tile_31[TILE_SIZE * TILE_SIZE] = {
    0x6DB3, 0x75D4, 0x7DF4, 0x8615, 0x75D4, 0x75D3, 0x75D3, 0x75B3, 0x6DB3, 0x6D93, 0x75B3, 0x7DD4, 0x75B3, 0x6D93, 0x6D93, 0x6D93,
    0x75B3, 0x75D3, 0x75D3, 0x6DB3, 0x75D3, 0x75D3, 0x6DB3, 0x6DB3, 0x75B3, 0x6DB3, 0x6DB3, 0x75D3, 0x75B3, 0x6DB3, 0x6DB3, 0x6DB3,
    0x75D3, 0x75D4, 0x75D3, 0x6DB3, 0x6DD3, 0x75D4, 0x7DD4, 0x75D4, 0x75D3, 0x75B3, 0x6DB3, 0x6D93, 0x6D72, 0x6D92, 0x6DB3, 0x75D4,
    0x75D3, 0x75B3, 0x75B3, 0x75D4, 0x8615, 0x7DF4, 0x75D3, 0x6DB3, 0x6D93, 0x6DB3, 0x6DB3, 0x6DB3, 0x6D93, 0x6D93, 0x6DB3, 0x75B4,
    0x6DD3, 0x6DB3, 0x6DB3, 0x75F4, 0x8E56, 0x7DF4, 0x6DB3, 0x6DB3, 0x6DB3, 0x6DB3, 0x75D4, 0x7DF5, 0x6DB3, 0x6D93, 0x6D93, 0x6D93,
    0x6DB3, 0x6DB3, 0x6DB3, 0x6DB3, 0x6DB3, 0x6DB3, 0x6DB3, 0x6DB3, 0x6592, 0x6D93, 0x75D4, 0x85F5, 0x6D93, 0x6D93, 0x6DB3, 0x75B3,
    0x6DB3, 0x75B3, 0x75B3, 0x6DB3, 0x6592, 0x6D93, 0x6DB3, 0x6D93, 0x6D93, 0x6D93, 0x6DB3, 0x75B3, 0x75B3, 0x6D93, 0x6D72, 0x6D92,
    0x6DB3, 0x75B3, 0x75D4, 0x75B3, 0x6592, 0x75D4, 0x7DF4, 0x75B3, 0x6DD3, 0x6DB3, 0x75B3, 0x85F4, 0x7DD4, 0x6D93, 0x6572, 0x6D93,
    0x6D92, 0x6D93, 0x6D93, 0x6D92, 0x6592, 0x6D93, 0x75B3, 0x6DB3, 0x6DB3, 0x6D93, 0x6D93, 0x6DB3, 0x6DB3, 0x6DB3, 0x6DB3, 0x6DB3,
    0x6D92, 0x6D93, 0x6D93, 0x6D92, 0x6D92, 0x6D92, 0x6D93, 0x6DB3, 0x6D92, 0x6DB3, 0x6DB3, 0x6DB3, 0x6DB3, 0x75D3, 0x6DB3, 0x6DB3,
    0x6D92, 0x6D93, 0x6D93, 0x6D92, 0x6D93, 0x6D93, 0x6DB3, 0x6DB3, 0x6DB3, 0x6DB3, 0x6DB3, 0x6DB3, 0x6DB3, 0x6DB3, 0x6DB3, 0x75D4,
    0x75B3, 0x75B3, 0x75B3, 0x6DB3, 0x6DB3, 0x6DB3, 0x6DB3, 0x75B3, 0x75B3, 0x75B3, 0x6DB3, 0x6DB3, 0x75B3, 0x6DB3, 0x6DB3, 0x75D4,
    0x75B3, 0x75B3, 0x75D3, 0x75D4, 0x7DF4, 0x75D4, 0x75B3, 0x75D3, 0x75B3, 0x75B3, 0x75B3, 0x75D4, 0x75D4, 0x6DB3, 0x6D93, 0x6DB3,
    0x75B3, 0x75B3, 0x7DF4, 0x8E36, 0x9657, 0x85F5, 0x75B3, 0x75B3, 0x75D3, 0x6D92, 0x75D3, 0x8635, 0x8E15, 0x7DD4, 0x6DB3, 0x6DD3,
    0x75D4, 0x6DB3, 0x6DB3, 0x75D4, 0x6DD4, 0x6DB3, 0x6DB3, 0x6D93, 0x6592, 0x6DB3, 0x75F4, 0x8635, 0x6DB3, 0x75D4, 0x75D4, 0x75D4,
    0x75B3, 0x6DB3, 0x6DB3, 0x6DB3, 0x6DD3, 0x6DB3, 0x6DB3, 0x75D3, 0x6DD3, 0x75B3, 0x75D3, 0x75D3, 0x6DD3, 0x6DD3, 0x75D4, 0x75D4
};

const short ground_tile_32[TILE_SIZE * TILE_SIZE] = {
    0x75D3, 0x75B3, 0x6DB3, 0x6DB3, 0x6DB3, 0x6DB3, 0x6DB3, 0x6DB3, 0x6DB3, 0x6DB3, 0x6DB3, 0x75D3, 0x6DB3, 0x6DB3, 0x6DB3, 0x75D4,
    0x7DF5, 0x75D4, 0x6DB3, 0x6DB3, 0x6DB3, 0x6DB3, 0x75B3, 0x6DB3, 0x6DB3, 0x6DB3, 0x6DB3, 0x6DB3, 0x75D3, 0x6DB3, 0x6DB3, 0x6DB3,
    0x8615, 0x7DF4, 0x6DB3, 0x6592, 0x6DB3, 0x75D3, 0x75D3, 0x6DB3, 0x6DD3, 0x7DF4, 0x7DF4, 0x75D4, 0x75D4, 0x75D3, 0x6DB3, 0x6592,
    0x75D4, 0x75D4, 0x6DB3, 0x6D93, 0x6DB3, 0x6DB3, 0x6DB3, 0x6DB3, 0x7E15, 0x75F4, 0x75D3, 0x6DD3, 0x6DB3, 0x75D3, 0x6DB3, 0x6DB3,
    0x6DB3, 0x6DD3, 0x75D3, 0x6DD3, 0x6DB3, 0x6DB3, 0x6DB3, 0x75D3, 0x8E56, 0x7DF4, 0x6DB3, 0x6DB3, 0x75D3, 0x6DD3, 0x75D4, 0x7DF4,
    0x6DB3, 0x6D93, 0x6D93, 0x6D93, 0x6DB3, 0x6DB3, 0x6DB3, 0x6592, 0x6DB3, 0x6DB3, 0x75D3, 0x75D3, 0x6DB3, 0x75D4, 0x7DF4, 0x8615,
    0x6D93, 0x6D93, 0x6D93, 0x6D93, 0x6D93, 0x6D93, 0x6DB3, 0x6D93, 0x6592, 0x6DB3, 0x75D3, 0x6DB3, 0x6D93, 0x6DB3, 0x75D4, 0x7DF4,
    0x6D93, 0x75B3, 0x75B4, 0x6DB3, 0x6D92, 0x6D93, 0x6D93, 0x6592, 0x6592, 0x7E15, 0x8615, 0x6DB3, 0x6DB3, 0x6DB3, 0x7DF4, 0x9656,
    0x6DB3, 0x75B3, 0x75B3, 0x6D93, 0x6D93, 0x6D92, 0x6D92, 0x6D92, 0x6592, 0x75B3, 0x75B3, 0x6D92, 0x6DB3, 0x6D93, 0x6DB3, 0x6DB3,
    0x75D4, 0x75D4, 0x6DB3, 0x6572, 0x6DB3, 0x6DB3, 0x6D92, 0x6D92, 0x6D92, 0x6D93, 0x6D93, 0x6D93, 0x6D92, 0x6DB3, 0x6DB3, 0x6DB3,
    0x85F5, 0x75B3, 0x6593, 0x6592, 0x6DB3, 0x75B3, 0x6DB3, 0x6D92, 0x75B3, 0x6DB3, 0x6D93, 0x6D93, 0x6D93, 0x6D93, 0x6D93, 0x6DB3,
    0x75D3, 0x6DB3, 0x6593, 0x6DB3, 0x75D4, 0x7DD4, 0x75D4, 0x75D3, 0x75D3, 0x75B3, 0x75B3, 0x75B3, 0x75B3, 0x6DB3, 0x6D92, 0x6D92,
    0x6DB3, 0x6D93, 0x6DB3, 0x6DB3, 0x75D3, 0x75B3, 0x75D3, 0x75D4, 0x8615, 0x7DD4, 0x75D3, 0x75B3, 0x75B3, 0x6D93, 0x6D93, 0x6DB3,
    0x6593, 0x6DB3, 0x6DB3, 0x6D93, 0x6DB3, 0x75B3, 0x75B3, 0x75B3, 0x9636, 0x8615, 0x75D4, 0x75B3, 0x75B3, 0x6592, 0x6DB3, 0x8615,
    0x6DB3, 0x6DB3, 0x6DB3, 0x6D93, 0x75D4, 0x75B3, 0x6D93, 0x6DB3, 0x6DB3, 0x75B4, 0x75B3, 0x6DB3, 0x6D93, 0x6DB3, 0x75F4, 0x7DF5,
    0x75D3, 0x6DB3, 0x6DB3, 0x6DB3, 0x6DB3, 0x6D93, 0x6D93, 0x6DB3, 0x6DB3, 0x6DB3, 0x6DB3, 0x75B3, 0x75D3, 0x75D4, 0x75D3, 0x6DD3
};

const short ground_tile_33[TILE_SIZE * TILE_SIZE] = {
    0x6DB3, 0x6592, 0x6592, 0x6592, 0x7DF5, 0x7DF4, 0x75D4, 0x75D4, 0x6DB3, 0x6DB3, 0x75B3, 0x75D4, 0x6DD3, 0x75D3, 0x75D3, 0x75B3,
    0x6DB3, 0x6592, 0x6572, 0x6593, 0x6DB3, 0x6DB3, 0x6DB3, 0x75B3, 0x6DB3, 0x75B3, 0x6DB3, 0x6DB3, 0x75D4, 0x75D4, 0x75D3, 0x6DB3,
    0x6592, 0x6D92, 0x6D93, 0x6D93, 0x75D3, 0x75D3, 0x6DB3, 0x6592, 0x6D93, 0x75B3, 0x75B4, 0x75B3, 0x7DF4, 0x85F4, 0x7DF4, 0x75D3,
    0x6DB3, 0x6DB3, 0x6DB3, 0x6DB3, 0x6DB3, 0x75B3, 0x6DB3, 0x6D93, 0x6DB3, 0x75B3, 0x75D4, 0x7DF4, 0x8615, 0x7DF4, 0x6DD3, 0x6DB3,
    0x6DB3, 0x6D93, 0x6D93, 0x6D93, 0x75B3, 0x75D3, 0x75D4, 0x75B3, 0x6DB3, 0x6DB3, 0x6DB3, 0x7DF4, 0x8E56, 0x7DF4, 0x6DB3, 0x6DB2,
    0x6D93, 0x65B3, 0x6DD3, 0x75D4, 0x75D4, 0x75D3, 0x75D4, 0x7DD4, 0x6DB3, 0x6DB3, 0x6DB3, 0x6D93, 0x6D93, 0x6D93, 0x6D93, 0x6DB3,
    0x6592, 0x6592, 0x6DB3, 0x6DB3, 0x75D4, 0x75D4, 0x75B3, 0x75B3, 0x6DB3, 0x6D93, 0x6D93, 0x6D92, 0x6572, 0x6D93, 0x6DB3, 0x6DB3,
    0x75D3, 0x6592, 0x6592, 0x6DD3, 0x8616, 0x7DF5, 0x75D4, 0x6593, 0x6DB3, 0x6DB3, 0x6D93, 0x6D93, 0x6592, 0x75B4, 0x7DD4, 0x75D4,
    0x6DD3, 0x6DB3, 0x6DB3, 0x6DB3, 0x6DD4, 0x6DD3, 0x6DB3, 0x6592, 0x6592, 0x6D92, 0x6D92, 0x6D92, 0x6592, 0x6D93, 0x7593, 0x6D93,
    0x75B3, 0x6DD3, 0x75D3, 0x75B3, 0x6DB3, 0x6DB3, 0x6D93, 0x6D92, 0x6572, 0x6D92, 0x6D92, 0x6D92, 0x75B3, 0x75B3, 0x6D93, 0x6D92,
    0x6DB3, 0x6DB3, 0x6DB3, 0x75B3, 0x75B3, 0x6DB3, 0x6D93, 0x6DB3, 0x6D92, 0x6DB3, 0x6D93, 0x6572, 0x6DB3, 0x6D93, 0x6D93, 0x6D93,
    0x6D93, 0x6DB3, 0x6DB3, 0x6D93, 0x6D93, 0x6D93, 0x75B3, 0x75D4, 0x75D4, 0x75B3, 0x75B3, 0x6DB3, 0x6DB3, 0x6DB3, 0x6DB3, 0x6DB3,
    0x75D4, 0x6DB3, 0x6DB3, 0x6DB3, 0x7DD4, 0x75B3, 0x6DB3, 0x75B3, 0x75B3, 0x75B3, 0x75B3, 0x75D3, 0x7DF4, 0x75D4, 0x75B3, 0x75B3,
    0x8E36, 0x7DD4, 0x6D93, 0x6DB3, 0x75D4, 0x75B3, 0x6DB3, 0x6DB3, 0x75D4, 0x75B3, 0x75B3, 0x75B3, 0x9656, 0x8615, 0x75D4, 0x6DB3,
    0x6D93, 0x6592, 0x6D93, 0x75B3, 0x6DB3, 0x6DB3, 0x6DB3, 0x6D93, 0x75D3, 0x75B3, 0x7DD4, 0x7DF5, 0x75D4, 0x6DD4, 0x6DB3, 0x6D93,
    0x6DB3, 0x65B3, 0x6D93, 0x6D93, 0x75B3, 0x6D93, 0x6D92, 0x6D93, 0x6D93, 0x6D93, 0x75B4, 0x7DD4, 0x6DD4, 0x6DB3, 0x75B3, 0x75D3
};

const short ground_tile_34[TILE_SIZE * TILE_SIZE] = {
    0x6DB3, 0x6DB3, 0x75D4, 0x7DD4, 0x6DB3, 0x6DB3, 0x6592, 0x6592, 0x6592, 0x7DD4, 0x7DF4, 0x75B3, 0x6DB3, 0x6DD3, 0x75D3, 0x75D4,
    0x75B3, 0x6DB3, 0x6DB3, 0x6DB3, 0x75B3, 0x6D93, 0x6592, 0x6592, 0x6D92, 0x6D93, 0x6DB3, 0x6DB3, 0x6DB3, 0x75D3, 0x75D4, 0x75D4,
    0x75B3, 0x75B3, 0x6DB3, 0x6DB3, 0x6D92, 0x6D93, 0x6D93, 0x6D93, 0x75B3, 0x6DB3, 0x6DB3, 0x6D93, 0x75B3, 0x75D4, 0x75D4, 0x75D4,
    0x6DB3, 0x6DB3, 0x6DB3, 0x75B3, 0x75B3, 0x75B3, 0x75B3, 0x75B3, 0x6DB3, 0x6DB3, 0x6DB3, 0x6DB3, 0x6DB3, 0x75D3, 0x75D3, 0x75D3,
    0x6DB3, 0x6DB3, 0x75D4, 0x7DF4, 0x75B3, 0x75B3, 0x6DB3, 0x6D92, 0x6DB3, 0x6DB3, 0x6DB3, 0x6DB3, 0x6DB3, 0x6DB3, 0x6DB3, 0x75D4,
    0x6D93, 0x6DB3, 0x7DD4, 0x85F5, 0x6D92, 0x6572, 0x6DB3, 0x75D4, 0x75B3, 0x6D93, 0x6D92, 0x6592, 0x6DB3, 0x6DB3, 0x6DB3, 0x6DB3,
    0x6DB3, 0x6D93, 0x6D93, 0x6DB3, 0x6572, 0x6D92, 0x6D92, 0x6D93, 0x6DB3, 0x6DB3, 0x6D92, 0x6D92, 0x6D93, 0x6DB3, 0x6DB3, 0x6DB3,
    0x6D93, 0x6D92, 0x6DB3, 0x75D4, 0x6D93, 0x6D92, 0x6D92, 0x6D93, 0x7DF5, 0x75D4, 0x6DB3, 0x65B3, 0x6DB3, 0x75B3, 0x6DB3, 0x65B2,
    0x6D92, 0x6D92, 0x6D93, 0x75B3, 0x6D93, 0x6D93, 0x6D93, 0x6D93, 0x75B4, 0x75D4, 0x6DB3, 0x6DB3, 0x6DB3, 0x6DB3, 0x6DB3, 0x6DB3,
    0x6D72, 0x6D93, 0x6DB3, 0x6DB3, 0x6DB3, 0x75B3, 0x6DB3, 0x6D93, 0x6DB3, 0x6DB3, 0x6DB3, 0x6D93, 0x6DB3, 0x75B3, 0x6DB3, 0x6DB3,
    0x6DB3, 0x6DB3, 0x6DB3, 0x75B3, 0x6DB3, 0x6D93, 0x6DB3, 0x75D4, 0x75D4, 0x6DD3, 0x6DB3, 0x6592, 0x6D93, 0x6DB3, 0x6DB3, 0x6DB3,
    0x75B3, 0x75B3, 0x6DB3, 0x6DB3, 0x75B3, 0x6D93, 0x6D93, 0x6DB3, 0x75B3, 0x6DB3, 0x6D93, 0x6D92, 0x75B3, 0x75B3, 0x75D3, 0x75D3,
    0x75B3, 0x75B3, 0x75B3, 0x75D3, 0x75D4, 0x6DB3, 0x6D93, 0x6DB3, 0x6D93, 0x6D93, 0x6D93, 0x6D93, 0x75B3, 0x6DB3, 0x75B3, 0x75D4,
    0x75D3, 0x6DB3, 0x75B3, 0x8615, 0x8E36, 0x7DD4, 0x6DB3, 0x6DD3, 0x6592, 0x6DB3, 0x6DB3, 0x6D93, 0x6DB3, 0x6DB3, 0x6DB3, 0x6DB3,
    0x6D93, 0x6DB3, 0x75D4, 0x7DF4, 0x6DB3, 0x6DB3, 0x6DB3, 0x6D93, 0x6D93, 0x6D93, 0x6D93, 0x6DB3, 0x7DD4, 0x75B3, 0x6D93, 0x6D93,
    0x6DB3, 0x75D4, 0x75D4, 0x6DB3, 0x6DB3, 0x6DB3, 0x6DB3, 0x6DB3, 0x75B3, 0x6DB3, 0x6DB3, 0x6DB3, 0x6DB3, 0x6DB3, 0x75B3, 0x75B3
};

const short ground_tile_35[TILE_SIZE * TILE_SIZE] = {
    0x6DB3, 0x6DB3, 0x6DB3, 0x6DB3, 0x75B3, 0x6DB3, 0x75B3, 0x75D4, 0x75D3, 0x6DB3, 0x6D93, 0x6D93, 0x75D3, 0x6DB3, 0x6DB3, 0x6DB3,
    0x7DF4, 0x75D4, 0x75D3, 0x6D92, 0x6D92, 0x6D93, 0x6D93, 0x6DB3, 0x75D4, 0x6DB3, 0x6DB3, 0x6DB3, 0x8615, 0x75D4, 0x6DB3, 0x6DB3,
    0x7DF4, 0x7DF4, 0x75D4, 0x6D93, 0x75B3, 0x6DB3, 0x6DB3, 0x6D92, 0x6DB3, 0x6DB3, 0x6DB3, 0x75B3, 0x75D4, 0x75B3, 0x6DB3, 0x6DB3,
    0x75F4, 0x75D4, 0x6DB3, 0x6DB3, 0x6DB3, 0x75B3, 0x75B3, 0x6DB3, 0x75D4, 0x75B3, 0x75B3, 0x75B3, 0x75D4, 0x75D4, 0x75D4, 0x6DD3,
    0x9677, 0x7E15, 0x6DD3, 0x75D3, 0x75D3, 0x6DD3, 0x75D4, 0x7DF4, 0x75D4, 0x6DB3, 0x6D93, 0x6D93, 0x6DD3, 0x75F4, 0x7DF4, 0x75D4,
    0x8E36, 0x7DF5, 0x6DD4, 0x6DD3, 0x6DB3, 0x6DB3, 0x7DF4, 0x8E15, 0x75B4, 0x6D93, 0x6D93, 0x75D3, 0x6DB3, 0x75B3, 0x75D4, 0x75D4,
    0x6593, 0x6DB3, 0x6DD3, 0x6DB3, 0x6DB3, 0x6DB3, 0x75D4, 0x7DD4, 0x6DB3, 0x6D93, 0x6D93, 0x6DB3, 0x6DB3, 0x6DB3, 0x6DB3, 0x6DB3,
    0x5D72, 0x75D4, 0x7DF4, 0x6DB3, 0x6DB3, 0x6DB3, 0x75D4, 0x85F5, 0x75B3, 0x6D92, 0x6D92, 0x6DB3, 0x6DB3, 0x75B3, 0x6DB3, 0x6DB3,
    0x6592, 0x6DB3, 0x6DB3, 0x6D93, 0x6D93, 0x6DB3, 0x6DB3, 0x75B3, 0x75D4, 0x75B3, 0x6DB3, 0x6DB3, 0x75D4, 0x75B3, 0x75B3, 0x6DB3,
    0x6DB3, 0x6DB3, 0x6D93, 0x6D92, 0x6D92, 0x6DB3, 0x75B3, 0x6DB3, 0x75D4, 0x75D4, 0x75D3, 0x6DB3, 0x75D3, 0x75B3, 0x6D93, 0x6572,
    0x75D3, 0x6DB3, 0x6DB3, 0x6DB3, 0x6DB3, 0x6DB3, 0x75D3, 0x75D4, 0x6DB3, 0x6DB3, 0x75D3, 0x75D4, 0x7DD4, 0x75B3, 0x6DB3, 0x6DB3,
    0x6DB3, 0x6DB3, 0x75B3, 0x75D3, 0x75B3, 0x6DB3, 0x6DB3, 0x6DB3, 0x6DB3, 0x6DB3, 0x75B3, 0x75D4, 0x75D3, 0x75B3, 0x75B3, 0x75D4,
    0x7DF4, 0x7DF4, 0x75D3, 0x75D3, 0x75B3, 0x6DB3, 0x6DB3, 0x75D3, 0x7E15, 0x75D4, 0x6DB3, 0x6DB3, 0x6DB3, 0x75B3, 0x75B3, 0x6DB3,
    0x8E36, 0x8635, 0x7DF4, 0x75D3, 0x75D3, 0x6592, 0x6D93, 0x8615, 0xAEB8, 0x8615, 0x6DB3, 0x6DD3, 0x75B3, 0x75B3, 0x75B3, 0x6DB3,
    0x6DB3, 0x75D4, 0x75D3, 0x6DB3, 0x75D3, 0x6DB3, 0x75D3, 0x7DF4, 0x75B3, 0x75B3, 0x6DB3, 0x6DB3, 0x75D4, 0x6DB3, 0x75B3, 0x75D3,
    0x6DD3, 0x6DD3, 0x75D3, 0x75D4, 0x75D3, 0x75D3, 0x75D3, 0x75D3, 0x6DD3, 0x6DD3, 0x6DB3, 0x6DB3, 0x85F5, 0x75D4, 0x6DB3, 0x75B3
};

const short ground_tile_36[TILE_SIZE * TILE_SIZE] = {
    0x6DB3, 0x6DB3, 0x75B3, 0x75D4, 0x6DB3, 0x75D3, 0x75D4, 0x75D3, 0x6DB3, 0x6DB3, 0x75D3, 0x7DD4, 0x6DB3, 0x6592, 0x6572, 0x6D92,
    0x6D93, 0x6DB3, 0x75D3, 0x6DB3, 0x75D4, 0x75D4, 0x6DB3, 0x6DB3, 0x6DB3, 0x6DB3, 0x6DB3, 0x6DB3, 0x6D92, 0x6572, 0x6572, 0x6572,
    0x75B3, 0x75D4, 0x75D4, 0x75D4, 0x8615, 0x7DF4, 0x75D4, 0x6DB3, 0x75B3, 0x6DB3, 0x6D93, 0x6572, 0x6572, 0x6572, 0x6572, 0x6D92,
    0x75D4, 0x75D4, 0x75D4, 0x75F4, 0x8615, 0x7DF4, 0x6DB3, 0x6D93, 0x6D93, 0x6DB3, 0x6DB3, 0x6DB3, 0x6D93, 0x6D93, 0x6D93, 0x6D93,
    0x6DB3, 0x6DB3, 0x75D4, 0x7DF4, 0x8E36, 0x7DF4, 0x6DB3, 0x6DB3, 0x6DB3, 0x6DB3, 0x75B3, 0x7DD4, 0x75B3, 0x6DB3, 0x6D93, 0x6572,
    0x6DB3, 0x75B3, 0x75D4, 0x75D4, 0x6DB3, 0x6DB3, 0x6DB3, 0x6DB3, 0x6D93, 0x6DB3, 0x75D3, 0x7DD4, 0x6D93, 0x6DB3, 0x75B3, 0x75B3,
    0x6DB3, 0x6DB3, 0x6DB3, 0x6D93, 0x6592, 0x6DB3, 0x6DB3, 0x6D93, 0x6D93, 0x6DB3, 0x6DB3, 0x75B3, 0x6DB3, 0x6DB3, 0x6D92, 0x6D92,
    0x6DB3, 0x6DB3, 0x6D92, 0x6552, 0x6572, 0x75D4, 0x7DD4, 0x6DB3, 0x6DB3, 0x6D93, 0x75D4, 0x8E35, 0x75D3, 0x6D92, 0x6572, 0x6592,
    0x6D92, 0x6D92, 0x6D92, 0x6592, 0x6572, 0x75B3, 0x75B3, 0x6DB3, 0x6DB3, 0x6D92, 0x6D93, 0x75B3, 0x6DB3, 0x6DB3, 0x6DB3, 0x6D93,
    0x6D92, 0x6D92, 0x6D92, 0x6D72, 0x6D92, 0x6D93, 0x6D93, 0x6DB3, 0x6DB3, 0x6DB3, 0x6DB3, 0x6DB3, 0x75D3, 0x75D3, 0x6DB3, 0x6DB3,
    0x6DB3, 0x6DB3, 0x6D93, 0x6572, 0x6D92, 0x6D92, 0x6D93, 0x6DB3, 0x75D3, 0x6DB3, 0x6DB3, 0x6DD3, 0x75D3, 0x75B3, 0x6DB3, 0x6DB3,
    0x75D4, 0x75D3, 0x75D3, 0x75D3, 0x6DB3, 0x6DB3, 0x6DB3, 0x75B3, 0x75B3, 0x75D3, 0x75D3, 0x75D3, 0x75D3, 0x75B3, 0x6DB3, 0x6DB3,
    0x6DB3, 0x75B3, 0x75D3, 0x75D4, 0x8615, 0x7DF4, 0x75B3, 0x75B3, 0x75B3, 0x6DB3, 0x6DB3, 0x6DB3, 0x75D3, 0x6DB3, 0x6DB3, 0x6DB3,
    0x75B3, 0x6DB3, 0x75D4, 0x8615, 0x9E77, 0x8615, 0x75D4, 0x6DB3, 0x75D4, 0x6D92, 0x6D92, 0x75D3, 0x8E15, 0x7DF4, 0x75D3, 0x6DD3,
    0x75B3, 0x6DB3, 0x6DB3, 0x75D4, 0x75D4, 0x6DD3, 0x6DB3, 0x6DB3, 0x75B3, 0x6DB3, 0x75D3, 0x8615, 0x6DB3, 0x75D4, 0x75D4, 0x6DB3,
    0x6D93, 0x6DB3, 0x6DB3, 0x75B3, 0x6DD3, 0x6DD3, 0x75D3, 0x75D4, 0x75D3, 0x75D4, 0x75D3, 0x6DB3, 0x6DB3, 0x6DB3, 0x6DB3, 0x6DB3
};

const short ground_tile_37[TILE_SIZE * TILE_SIZE] = {
    0x7DF4, 0x7DD4, 0x75B3, 0x75B3, 0x6DB3, 0x6DB3, 0x6DB3, 0x75B3, 0x6D93, 0x6DB3, 0x6DB3, 0x6DB3, 0x6D93, 0x6DB3, 0x75D3, 0x7DD4,
    0x6DB3, 0x6D93, 0x6DB3, 0x75D3, 0x6DB3, 0x75B3, 0x75D4, 0x75B3, 0x6D93, 0x6DB3, 0x6DB3, 0x6DB3, 0x6DB3, 0x6DB3, 0x6DB3, 0x6DB3,
    0x6D93, 0x6DB3, 0x6D93, 0x6572, 0x6DB3, 0x75D4, 0x75D4, 0x6DB3, 0x6DB3, 0x75D4, 0x75D4, 0x6DB3, 0x75B3, 0x6DB3, 0x6D93, 0x6592,
    0x6DB3, 0x75B3, 0x75B3, 0x6DB3, 0x6DB3, 0x75D3, 0x75D3, 0x75D3, 0x7DF4, 0x75D4, 0x6DB3, 0x6D93, 0x6D93, 0x6DB3, 0x6DB3, 0x6DB3,
    0x6DB3, 0x75D3, 0x75D4, 0x75D4, 0x6DD3, 0x6DB3, 0x6DB3, 0x75F4, 0x9E77, 0x85F5, 0x6DB3, 0x6DB3, 0x6DB3, 0x6DB3, 0x75D4, 0x7DF5,
    0x6D93, 0x6D92, 0x6D92, 0x6DB3, 0x6DB3, 0x6DB3, 0x6DB3, 0x6DD3, 0x7DF4, 0x6DB3, 0x6D93, 0x6D92, 0x6D93, 0x6D93, 0x75B3, 0x85F4,
    0x6DB3, 0x6D93, 0x6D93, 0x6DB3, 0x75D3, 0x75D3, 0x6DD3, 0x6DB3, 0x6593, 0x6D93, 0x6DB3, 0x6D93, 0x6D93, 0x6DB3, 0x75B3, 0x75D4,
    0x75D4, 0x75B3, 0x6DB3, 0x6DD3, 0x6DB3, 0x75D3, 0x75D3, 0x6DB3, 0x6592, 0x75D4, 0x7DD4, 0x6D92, 0x6DB3, 0x6DB3, 0x7DD4, 0x8E36,
    0x6D93, 0x75B3, 0x75B3, 0x6DB3, 0x75B3, 0x75B3, 0x6DB3, 0x6592, 0x6592, 0x75B3, 0x75B3, 0x6D92, 0x6DB3, 0x6DB3, 0x6DB3, 0x75D3,
    0x75B3, 0x6DB3, 0x6D93, 0x6D92, 0x6D92, 0x75B3, 0x75B3, 0x6DB3, 0x6DB3, 0x6DB3, 0x6D93, 0x6D93, 0x6DB3, 0x6DB3, 0x6DB3, 0x6DB3,
    0x7DD4, 0x75B3, 0x6D93, 0x6D93, 0x6DB3, 0x75D3, 0x75D3, 0x75B3, 0x75D3, 0x6DB3, 0x6DB3, 0x6DB3, 0x6DB3, 0x6DB3, 0x75B3, 0x75D4,
    0x75B3, 0x6D93, 0x6D93, 0x6DB3, 0x75D4, 0x75D4, 0x7DF4, 0x75D4, 0x6DB3, 0x6DB3, 0x6DB3, 0x75D3, 0x75D3, 0x75B3, 0x6DB3, 0x6DB3,
    0x6D93, 0x6D92, 0x6D92, 0x6D92, 0x6DB3, 0x75B3, 0x75D3, 0x7DF4, 0x7E15, 0x75F4, 0x75D3, 0x75D3, 0x6DB3, 0x6DB3, 0x6DB3, 0x6DB3,
    0x6D92, 0x6D92, 0x6D92, 0x6572, 0x6D93, 0x6DB3, 0x6DB3, 0x6DB3, 0x9E57, 0x8E36, 0x7DF4, 0x75D3, 0x6D93, 0x6592, 0x6D92, 0x7DF4,
    0x6DB3, 0x6DB3, 0x6D92, 0x6572, 0x75B3, 0x75B3, 0x6DB3, 0x6D93, 0x75B3, 0x75D4, 0x75D3, 0x6DB3, 0x6DB3, 0x6DD3, 0x7DF4, 0x8615,
    0x75D3, 0x6DB3, 0x6DB3, 0x6D93, 0x6D92, 0x6D93, 0x6D93, 0x6D93, 0x6DB3, 0x6DB3, 0x75B3, 0x75B3, 0x75D3, 0x75D4, 0x75D4, 0x75D3
};

const short ground_tile_38[TILE_SIZE * TILE_SIZE] = {
    0x75D3, 0x6DB3, 0x6D93, 0x6D93, 0x75D4, 0x6DB3, 0x6D92, 0x6592, 0x6592, 0x6D93, 0x75D4, 0x7DF4, 0x75D3, 0x75D3, 0x75D3, 0x75B3,
    0x6DB3, 0x6592, 0x6592, 0x6DB3, 0x8E15, 0x75D4, 0x6D92, 0x6D92, 0x6D92, 0x6D92, 0x6D93, 0x6D93, 0x6DB3, 0x6DB3, 0x75B3, 0x6DB3,
    0x6D92, 0x6D93, 0x6D93, 0x75B3, 0x7DD4, 0x75B3, 0x6D93, 0x6D93, 0x6DB3, 0x6DB3, 0x6DB3, 0x6D93, 0x6DD3, 0x75D4, 0x75D4, 0x75B3,
    0x75B3, 0x6DB3, 0x6DB3, 0x75B3, 0x75D4, 0x75B3, 0x75B3, 0x6DB3, 0x6DB3, 0x6DB3, 0x6DD3, 0x75D4, 0x7DF4, 0x75D4, 0x6DB3, 0x6D93,
    0x75D4, 0x6DB3, 0x6D93, 0x6D93, 0x6DB3, 0x75D3, 0x75D3, 0x6DB3, 0x6DB3, 0x6DD3, 0x6DD4, 0x75F4, 0x8E35, 0x7DF4, 0x6DB3, 0x6DB3,
    0x75B3, 0x6DB3, 0x6DD3, 0x75D4, 0x75D3, 0x6DB3, 0x75B3, 0x7DD4, 0x6DB3, 0x6DB3, 0x6DB3, 0x6DB3, 0x6572, 0x6592, 0x6D93, 0x6D92,
    0x6DB3, 0x6DB3, 0x6DB3, 0x6DB3, 0x6DB3, 0x6DB3, 0x6DB3, 0x6DB3, 0x6DB3, 0x6DB3, 0x6DB3, 0x6DB3, 0x6572, 0x6D93, 0x6D93, 0x6592,
    0x75D4, 0x6DB3, 0x6D92, 0x6593, 0x6DB3, 0x75D4, 0x75D3, 0x6D92, 0x6DB3, 0x6DB3, 0x6D92, 0x6592, 0x6D92, 0x7DF4, 0x7DF4, 0x6D93,
    0x75D3, 0x6DB3, 0x6DB3, 0x6DB3, 0x6DB3, 0x75B3, 0x75B3, 0x75B3, 0x6DB3, 0x6DB3, 0x6DB3, 0x6D92, 0x6592, 0x75B3, 0x75B3, 0x6D93,
    0x75B3, 0x6DB3, 0x6DB3, 0x6DB3, 0x75B3, 0x75D3, 0x75D3, 0x75B3, 0x75B3, 0x75B3, 0x75B3, 0x6D93, 0x6D92, 0x6D92, 0x6D92, 0x6D93,
    0x75D3, 0x6DB3, 0x6DB3, 0x6DB3, 0x85F4, 0x75D4, 0x6DB3, 0x6D93, 0x6DB3, 0x75D3, 0x75B3, 0x6D92, 0x75B3, 0x6DB3, 0x6D93, 0x6DB3,
    0x6DB3, 0x6DB3, 0x6DB3, 0x6D93, 0x75D4, 0x75B3, 0x75B3, 0x75D4, 0x75D3, 0x75D3, 0x75B3, 0x75B3, 0x75B3, 0x6DB3, 0x6DB3, 0x75B3,
    0x7DF4, 0x75B3, 0x6D93, 0x6DB3, 0x75B3, 0x75B3, 0x75B3, 0x75B3, 0x75D3, 0x75D4, 0x75D4, 0x75D4, 0x7DF5, 0x7DD4, 0x75D4, 0x75D3,
    0xA697, 0x85F4, 0x6DB3, 0x75D3, 0x75B3, 0x75B3, 0x75B3, 0x6DB3, 0x75D4, 0x75D4, 0x75D4, 0x7DF4, 0x9656, 0x8635, 0x7DF4, 0x75D3,
    0x75B3, 0x6DB3, 0x6DB3, 0x6DB3, 0x6DB3, 0x75B3, 0x75B3, 0x75D4, 0x75D4, 0x75B4, 0x75B3, 0x6DB3, 0x75D4, 0x75D4, 0x6DB3, 0x6D93,
    0x6DB3, 0x6DB3, 0x6DB3, 0x6DB3, 0x75B3, 0x6DB3, 0x6DB3, 0x75D3, 0x6DB3, 0x75B3, 0x75D4, 0x75D4, 0x6DB3, 0x6DB3, 0x6DB3, 0x6DD3
};

const short ground_tile_39[TILE_SIZE * TILE_SIZE] = {
    0x6DB3, 0x7DD4, 0x7DF4, 0x75B3, 0x6DB3, 0x6DB3, 0x6D93, 0x6D93, 0x6DB3, 0x6DB3, 0x6DB3, 0x6D93, 0x6D93, 0x6D93, 0x6DB3, 0x75D3,
    0x6D93, 0x75B3, 0x75B3, 0x6D93, 0x75B3, 0x6DB3, 0x6DB3, 0x6DB3, 0x75D4, 0x75B3, 0x6DB3, 0x6DB3, 0x6DB3, 0x6DB3, 0x75B3, 0x75D3,
    0x75B3, 0x6DB3, 0x6D93, 0x6D92, 0x6D93, 0x75B3, 0x75D4, 0x75D4, 0x75D3, 0x75B3, 0x6DB3, 0x6592, 0x75B3, 0x75D3, 0x75D3, 0x75B3,
    0x6D93, 0x6DB3, 0x6DB3, 0x6DB3, 0x75B3, 0x75D3, 0x75D4, 0x75D4, 0x6DB3, 0x6DB3, 0x6DB3, 0x6DB3, 0x6DB3, 0x75B3, 0x75B3, 0x75D4,
    0x6D92, 0x6D92, 0x75B3, 0x7DF4, 0x75D4, 0x6DB3, 0x6DB3, 0x6DB3, 0x6DD3, 0x75B3, 0x6DB3, 0x6DB3, 0x6D92, 0x6DB3, 0x75D3, 0x7DF4,
    0x6D93, 0x6D93, 0x75B3, 0x7DD4, 0x6D93, 0x6D93, 0x6DB3, 0x75F4, 0x75D4, 0x6DB3, 0x6D92, 0x6D92, 0x6DB3, 0x75B3, 0x75D3, 0x75D4,
    0x6D93, 0x6DB3, 0x6DB3, 0x6DB3, 0x6D92, 0x6D92, 0x6D93, 0x6DB3, 0x75B3, 0x6DB3, 0x6D93, 0x6DB3, 0x6DB3, 0x6DB3, 0x6DB3, 0x6DD3,
    0x6DB3, 0x6D92, 0x6DB3, 0x7DF4, 0x6DB3, 0x6572, 0x6572, 0x6D92, 0x6DB3, 0x6D93, 0x75B3, 0x7E14, 0x75D3, 0x6DB3, 0x6DB3, 0x6DB3,
    0x6D93, 0x6DB3, 0x75B3, 0x75D4, 0x6DB3, 0x6592, 0x6592, 0x6D92, 0x6D72, 0x6D92, 0x75B3, 0x7DF4, 0x6DB3, 0x6DB3, 0x6DB3, 0x6DD3,
    0x6DB3, 0x75B3, 0x75B3, 0x6D93, 0x6D93, 0x6DB3, 0x6DB3, 0x6D93, 0x6D93, 0x6D93, 0x6D92, 0x6D92, 0x6DB3, 0x6DB3, 0x6DD3, 0x6DB3,
    0x6DB3, 0x6DB3, 0x6DB3, 0x75B3, 0x6D92, 0x6D93, 0x75B3, 0x7DF4, 0x7DB4, 0x6D93, 0x6D92, 0x6D92, 0x75B3, 0x75D3, 0x6DB3, 0x6DB2,
    0x75B3, 0x75B3, 0x6DB3, 0x6DB3, 0x75B3, 0x6D93, 0x6DB3, 0x75D3, 0x75B3, 0x6D92, 0x6D92, 0x6DB3, 0x7DD4, 0x75D3, 0x75D3, 0x75D3,
    0x75B3, 0x6DB3, 0x6DB3, 0x6DB3, 0x75D4, 0x75B3, 0x6DB3, 0x6DB3, 0x6DB3, 0x6DB3, 0x6DB3, 0x6DB3, 0x75B3, 0x6DB3, 0x75D3, 0x7DF4,
    0x75D3, 0x6DB3, 0x6DB3, 0x75D3, 0x8E35, 0x7DF4, 0x75D3, 0x6DD3, 0x6D93, 0x6DB3, 0x75B3, 0x6DB3, 0x6DB3, 0x6D93, 0x6DB3, 0x75F4,
    0x6DB3, 0x6DB3, 0x75D3, 0x7E14, 0x75D4, 0x75D3, 0x6DD3, 0x6DB3, 0x6DB3, 0x6D93, 0x6D93, 0x6D93, 0x75B3, 0x75B3, 0x6D93, 0x6D93,
    0x6DB3, 0x6DB3, 0x6DB3, 0x6DB3, 0x6DB3, 0x6DB3, 0x6DB3, 0x6DB3, 0x7DF5, 0x75B3, 0x6D92, 0x6D92, 0x6D92, 0x6D92, 0x6D93, 0x6DB3
};

const short ground_tile_40[TILE_SIZE * TILE_SIZE] = {
    0x75B3, 0x6DB3, 0x6D92, 0x6D92, 0x75B3, 0x75B3, 0x6DB3, 0x6593, 0x6DD3, 0x6DD3, 0x6DD3, 0x6DD3, 0x75D4, 0x6DB3, 0x6DB3, 0x6DB3,
    0x6DB3, 0x6DB3, 0x6DB3, 0x6D93, 0x75D4, 0x6DB3, 0x6D93, 0x6DB3, 0x6DB3, 0x75D4, 0x75D4, 0x6DD3, 0x6DB3, 0x6DB3, 0x6D92, 0x6D92,
    0x8615, 0x75D4, 0x6DB3, 0x6DB3, 0x6DB3, 0x6DB3, 0x6DB3, 0x6DB3, 0x6D93, 0x6DB3, 0x6DB3, 0x6DB3, 0x6DB3, 0x7DF4, 0x75D4, 0x6DB3,
    0x8E56, 0x7DF4, 0x6DB3, 0x6DB3, 0x75B3, 0x6DB3, 0x75D4, 0x7DF4, 0x6DB3, 0x6592, 0x6592, 0x6592, 0x6DB3, 0x8615, 0x8615, 0x6DD3,
    0x75D3, 0x6DB3, 0x6DB3, 0x75B3, 0x6D92, 0x6DB3, 0x75D4, 0x7DF4, 0x6D93, 0x6592, 0x6D92, 0x6D92, 0x6DB3, 0x75D3, 0x75D3, 0x6DB3,
    0x6DB3, 0x6DB3, 0x75D4, 0x7DD4, 0x75B3, 0x6D93, 0x75B3, 0x7DD4, 0x6DB3, 0x6DB3, 0x6D93, 0x6D93, 0x75B3, 0x6DB3, 0x6DB3, 0x75B3,
    0x6DB3, 0x6DB3, 0x75B3, 0x75B3, 0x75B3, 0x6D92, 0x6D92, 0x75D3, 0x75B3, 0x6D92, 0x6D93, 0x75B3, 0x6DB3, 0x6DB3, 0x6DB3, 0x75B3,
    0x75B3, 0x75B3, 0x75B3, 0x75B3, 0x75B3, 0x6DB3, 0x6D93, 0x6DB3, 0x6592, 0x6D92, 0x6DB3, 0x6D92, 0x6DB3, 0x6DB3, 0x6DB3, 0x6DB3,
    0x8E15, 0x7DD4, 0x75B3, 0x75B3, 0x75B3, 0x75B3, 0x75B3, 0x6DB3, 0x6DB3, 0x6DB3, 0x6D93, 0x6D92, 0x75D3, 0x7DF4, 0x7DD4, 0x6DB3,
    0x7DD4, 0x75D4, 0x75B3, 0x75B3, 0x6DB3, 0x6DB3, 0x6DB3, 0x6DB3, 0x6DB3, 0x6D93, 0x6DB3, 0x6DB3, 0x8615, 0x7DD4, 0x75D4, 0x75D4,
    0x75D4, 0x6DB3, 0x6D93, 0x6DB3, 0x75B3, 0x75B3, 0x6DB3, 0x6DB3, 0x6DB3, 0x6DB3, 0x6DB3, 0x6DD3, 0x7DF4, 0x6DB3, 0x6DB3, 0x6DB3,
    0x75D3, 0x6DB3, 0x6DB3, 0x75B3, 0x75B3, 0x6DB3, 0x6DB3, 0x6DB3, 0x75D4, 0x75D3, 0x6DB3, 0x6DB3, 0x75B3, 0x6DB3, 0x6DB3, 0x6DB3,
    0x75D3, 0x75D4, 0x75B3, 0x6DB3, 0x75D4, 0x6DB3, 0x6593, 0x75D3, 0x9E77, 0x7DF4, 0x6DB3, 0x75D4, 0x6DB3, 0x6DB3, 0x6DB3, 0x6DB3,
    0x75D4, 0x7DF4, 0x75D4, 0x6D93, 0x6DB3, 0x75F4, 0x8615, 0x8636, 0x75D3, 0x6DB3, 0x6DB3, 0x6DB3, 0x6DB3, 0x6DB3, 0x6DB3, 0x6D93,
    0x6DB3, 0x6DB4, 0x6DB3, 0x6DB3, 0x6DB3, 0x6DB3, 0x75D3, 0x75D4, 0x6DB3, 0x6DB3, 0x6593, 0x6DB3, 0x75D4, 0x6DB3, 0x6D93, 0x6D93,
    0x6D93, 0x6DB3, 0x6DB3, 0x6DD3, 0x75D3, 0x6DB3, 0x6DB3, 0x6DB3, 0x75D3, 0x6DB3, 0x6DB3, 0x6DB3, 0x85F5, 0x75B4, 0x6D93, 0x6D93
};

const short ground_tile_41[TILE_SIZE * TILE_SIZE] = {
    0x6DB3, 0x75B3, 0x75B3, 0x75B3, 0x75D4, 0x75B3, 0x6DB3, 0x6DB3, 0x75B3, 0x75D4, 0x75B3, 0x6592, 0x6D93, 0x6DB3, 0x6D93, 0x6593,
    0x6DB3, 0x75B3, 0x75B3, 0x75B3, 0x6DB3, 0x6DB3, 0x75D3, 0x75D3, 0x6DB3, 0x6D93, 0x6592, 0x6572, 0x6DB3, 0x6DB3, 0x6DB3, 0x75B3,
    0x6DB3, 0x75B3, 0x6DB3, 0x75B3, 0x8615, 0x7DD4, 0x75D3, 0x6DB3, 0x6DB3, 0x6DD3, 0x6DB3, 0x6DB3, 0x6DB3, 0x6DB3, 0x6DB3, 0x6DB3,
    0x6DB3, 0x6DB3, 0x6DB3, 0x6DB3, 0x8615, 0x7DF4, 0x75D3, 0x6DD3, 0x75D3, 0x6DD3, 0x75D4, 0x7DF5, 0x6DB3, 0x6DB3, 0x6D93, 0x6593,
    0x6D93, 0x6D92, 0x6DB3, 0x75D3, 0x6D93, 0x6D92, 0x6DB3, 0x75B3, 0x6DB3, 0x6DB3, 0x75D4, 0x7DF5, 0x6DB3, 0x6D93, 0x6D93, 0x6593,
    0x75B3, 0x75B3, 0x6D93, 0x6D93, 0x6592, 0x6DB3, 0x75B4, 0x75D4, 0x75D4, 0x75B3, 0x6DB3, 0x75B3, 0x6DB3, 0x6D93, 0x6D92, 0x6D93,
    0x6DB3, 0x6D93, 0x6D93, 0x6D93, 0x6DB3, 0x6DD3, 0x75B3, 0x6DB3, 0x75D3, 0x6DB3, 0x6DB3, 0x75D3, 0x6DB3, 0x6D72, 0x6552, 0x6D72,
    0x6DB3, 0x6DB3, 0x6DB3, 0x6DB3, 0x75D4, 0x75B3, 0x6DB3, 0x6DB3, 0x6DB3, 0x75B3, 0x6DB3, 0x6D93, 0x6D93, 0x6D92, 0x6D72, 0x6D92,
    0x6DB3, 0x6DD3, 0x6DB3, 0x6DD3, 0x9656, 0x7DF4, 0x75B3, 0x75D3, 0x6DB3, 0x75B3, 0x75B3, 0x75B3, 0x75B3, 0x6D93, 0x6D92, 0x6D92,
    0x75D3, 0x75D3, 0x6DD3, 0x6DB3, 0x75F4, 0x75F4, 0x75D4, 0x75D4, 0x75B3, 0x6DB3, 0x6DB3, 0x6D93, 0x6D93, 0x6D93, 0x6D93, 0x7593,
    0x6DD3, 0x6DD3, 0x6DB3, 0x6DB3, 0x75F4, 0x75D4, 0x75D3, 0x75D3, 0x75D3, 0x75B3, 0x6DB3, 0x6DB3, 0x6DB3, 0x6DB3, 0x6DB3, 0x6DB3,
    0x75D3, 0x6DB3, 0x6DB2, 0x6DB3, 0x7DF4, 0x7DF4, 0x7DD4, 0x75D4, 0x75D4, 0x75D3, 0x75D3, 0x75D4, 0x75D4, 0x6DB3, 0x6DB3, 0x6DB3,
    0x6DB3, 0x6DB3, 0x6592, 0x6592, 0x7DF5, 0x8615, 0x7DF4, 0x6DB3, 0x75F4, 0x6DD3, 0x75F4, 0x8615, 0x8615, 0x75D3, 0x6D93, 0x6D93,
    0x6DB3, 0x6DB3, 0x75B3, 0x6DB3, 0x6DD3, 0x75D3, 0x75D3, 0x6DB3, 0x6DD3, 0x75F4, 0x75D4, 0x75D3, 0x6D92, 0x6DB3, 0x6D93, 0x6D93,
    0x6D93, 0x6DB3, 0x7DD4, 0x8615, 0x6DB3, 0x6DB3, 0x6DB3, 0x75B3, 0x6D93, 0x6DB3, 0x75B3, 0x7DD4, 0x6DB3, 0x6592, 0x6572, 0x6572,
    0x6D93, 0x6DB3, 0x6DB3, 0x6DB3, 0x6D93, 0x6D93, 0x6DB3, 0x6DB3, 0x6D93, 0x6D93, 0x6D92, 0x6D93, 0x6DB3, 0x6592, 0x6572, 0x6572
};

const short ground_tile_42[TILE_SIZE * TILE_SIZE] = {
    0x6DB3, 0x6D93, 0x6D93, 0x6D92, 0x6D92, 0x6D93, 0x6D93, 0x6D93, 0x75B3, 0x6DB3, 0x6D93, 0x6DB3, 0x75D4, 0x75D4, 0x6DD3, 0x6DB3,
    0x6D93, 0x6D93, 0x6DB3, 0x6D93, 0x6D93, 0x6DB3, 0x75B3, 0x6DB3, 0x6DB3, 0x6DB3, 0x6DB3, 0x6DB3, 0x75B3, 0x6DB3, 0x6DB3, 0x6DB3,
    0x6DB3, 0x75D4, 0x75D4, 0x6DB3, 0x6DB3, 0x6DB3, 0x6DB3, 0x75D3, 0x8615, 0x75D4, 0x6DB3, 0x6D93, 0x6D93, 0x6DB3, 0x6DB3, 0x6DB3,
    0x6DB3, 0x7DF4, 0x7DF4, 0x75D3, 0x6DB3, 0x6DB3, 0x6DB3, 0x75D4, 0x8615, 0x75D4, 0x6D93, 0x6D93, 0x6DB3, 0x6DB3, 0x75B3, 0x7DF4,
    0x6D93, 0x6D93, 0x6DB3, 0x6DB3, 0x6DB3, 0x6DB3, 0x75D3, 0x7DF4, 0x6572, 0x6592, 0x6DB3, 0x6DB3, 0x6D93, 0x6D93, 0x75B3, 0x7DD4,
    0x6DB3, 0x6DB3, 0x6D93, 0x6DB3, 0x6DB3, 0x6D93, 0x6D92, 0x6572, 0x6592, 0x6DB3, 0x75D3, 0x75D3, 0x6DB3, 0x6D93, 0x6DB3, 0x75B3,
    0x6DB3, 0x6D93, 0x6D93, 0x6D93, 0x6D93, 0x6D93, 0x6D93, 0x6592, 0x6DB3, 0x75D3, 0x75D3, 0x6D93, 0x6D93, 0x6D92, 0x6D92, 0x6DB3,
    0x6DB3, 0x6DB3, 0x6592, 0x6572, 0x6592, 0x6D93, 0x6DB3, 0x6DB3, 0x6DD3, 0x6DB3, 0x6DB3, 0x6D92, 0x6D93, 0x75B3, 0x75D3, 0x75B3,
    0x7DD4, 0x7DD4, 0x75B3, 0x6572, 0x6572, 0x6D93, 0x6DB3, 0x75D3, 0x8635, 0x75D4, 0x6DB3, 0x6DB3, 0x6D93, 0x7DD4, 0x85F4, 0x7DD4,
    0x85F4, 0x75B3, 0x6D93, 0x6DB3, 0x6DB3, 0x6DB3, 0x6DB3, 0x6DB3, 0x8615, 0x7DF4, 0x75B3, 0x6DB3, 0x6D92, 0x6DB3, 0x75B3, 0x6DB3,
    0x75D4, 0x6DB3, 0x6D93, 0x6DB3, 0x6DB3, 0x6DD3, 0x75D4, 0x75D4, 0x75D4, 0x75D3, 0x75B3, 0x75B3, 0x75B3, 0x75B3, 0x6DB3, 0x6592,
    0x6DB3, 0x6D93, 0x6DB3, 0x6DB3, 0x75D3, 0x75D3, 0x75D3, 0x75D3, 0x6DB3, 0x75B3, 0x75D3, 0x75D3, 0x75B3, 0x6DB3, 0x6DB3, 0x6DB2,
    0x6D92, 0x6D93, 0x6DB3, 0x6DB3, 0x75D4, 0x75D4, 0x6DD3, 0x6DB3, 0x75D4, 0x7DD4, 0x75D4, 0x6DB3, 0x6DB3, 0x6592, 0x6592, 0x6DB3,
    0x6DB3, 0x6DB3, 0x6D92, 0x6592, 0x6DB3, 0x6DB3, 0x6DB3, 0x6DB3, 0x75D4, 0x75D4, 0x75D4, 0x75B3, 0x75D4, 0x75D4, 0x7DF4, 0x8615,
    0x7DD4, 0x75B3, 0x6D93, 0x6D92, 0x6D93, 0x6DB3, 0x6DB3, 0x6DB3, 0x6D93, 0x6DB3, 0x6DB3, 0x75B3, 0x6DB3, 0x6DB3, 0x6DB3, 0x75D3,
    0x6DB3, 0x6D92, 0x6592, 0x6DB3, 0x6D93, 0x75B3, 0x75D4, 0x75D4, 0x6D93, 0x6D93, 0x6DB3, 0x6D93, 0x6D93, 0x6DB3, 0x6DB3, 0x6DB3
};

const short ground_tile_43[TILE_SIZE * TILE_SIZE] = {
    0x6DD4, 0x6DB3, 0x6593, 0x6593, 0x7DF4, 0x6DD3, 0x6D93, 0x6D93, 0x6DB3, 0x6DB3, 0x6DB3, 0x6DB3, 0x75D4, 0x75D3, 0x6DB3, 0x6DD3,
    0x6DD4, 0x75D4, 0x6DB3, 0x6593, 0x7DF4, 0x75D3, 0x6DB3, 0x6DB3, 0x6D93, 0x6DB3, 0x6DB3, 0x6DB3, 0x6DB3, 0x6DD3, 0x75D4, 0x75D4,
    0x6DB3, 0x6DB3, 0x6DB3, 0x6DB3, 0x6DD4, 0x75F4, 0x75D4, 0x6D93, 0x6DB3, 0x6DB3, 0x6DB3, 0x6DD3, 0x7E15, 0x75D4, 0x6DB3, 0x6DB3,
    0x6D93, 0x6D93, 0x6DB3, 0x6DB3, 0x6DB3, 0x7E14, 0x7DF4, 0x6D93, 0x6D93, 0x6D93, 0x6D93, 0x6DB3, 0x8615, 0x75D4, 0x6DB3, 0x6DB3,
    0x6D93, 0x6592, 0x6592, 0x6D93, 0x6DB3, 0x6DB3, 0x6D93, 0x6D93, 0x6D92, 0x6D92, 0x6DB3, 0x6DB3, 0x6592, 0x6592, 0x6D93, 0x75B3,
    0x6D93, 0x6D93, 0x6D93, 0x6D93, 0x6D93, 0x6D93, 0x6D93, 0x6DB3, 0x6D92, 0x6D93, 0x6D93, 0x6D92, 0x6592, 0x6D93, 0x6D93, 0x6D93,
    0x75B3, 0x6D72, 0x6572, 0x6D93, 0x6D92, 0x6D92, 0x6DB3, 0x75D3, 0x6DB3, 0x75B3, 0x6D93, 0x6592, 0x6592, 0x6D93, 0x6D93, 0x6572,
    0x6D92, 0x6D92, 0x6572, 0x6572, 0x6D93, 0x75D3, 0x6DD3, 0x6DB3, 0x6593, 0x6DB3, 0x6DB3, 0x6D93, 0x6D93, 0x6D93, 0x6D93, 0x6D92,
    0x6D92, 0x6572, 0x6572, 0x6572, 0x75B3, 0x85F5, 0x7DF5, 0x6DB3, 0x6DB3, 0x6DB3, 0x6DB3, 0x6D93, 0x8615, 0x7DF4, 0x75B3, 0x6D93,
    0x6572, 0x6572, 0x6572, 0x6D92, 0x7DD4, 0x75D4, 0x6DB3, 0x6DD3, 0x6DB3, 0x6DB3, 0x6DB3, 0x6DB3, 0x8E56, 0x7DF4, 0x75B3, 0x6DB3,
    0x6592, 0x6D92, 0x6D92, 0x6592, 0x75D3, 0x6DB3, 0x6DB3, 0x6DB3, 0x6DB3, 0x6DB3, 0x6DB3, 0x6DB3, 0x75D3, 0x75B3, 0x6DB3, 0x75B3,
    0x75D4, 0x6DB3, 0x6D93, 0x6D93, 0x6DB3, 0x6DB3, 0x6DB3, 0x6DB3, 0x75D3, 0x75D3, 0x75D3, 0x75B3, 0x6DB3, 0x6DB3, 0x6DB3, 0x75D3,
    0x9E97, 0x7DF5, 0x6DB3, 0x75B3, 0x6D93, 0x6D93, 0x6D93, 0x75B3, 0x75D4, 0x75D4, 0x75D4, 0x7DD4, 0x6DB3, 0x75B3, 0x75B3, 0x6DB3,
    0x6DB3, 0x6D93, 0x6D93, 0x6DB3, 0x6D93, 0x6D93, 0x6D93, 0x6D93, 0x6592, 0x6D93, 0x75B3, 0x75D4, 0x6DD3, 0x6DD3, 0x6DB3, 0x6DB3,
    0x75D3, 0x6DB3, 0x6592, 0x6DB3, 0x75D4, 0x6DB3, 0x6DB3, 0x75B3, 0x6D92, 0x6D92, 0x6DB3, 0x75F4, 0x7DF4, 0x75D4, 0x6DB3, 0x6592,
    0x75D4, 0x6DB3, 0x65B3, 0x6DB3, 0x7DF4, 0x6DB3, 0x6D93, 0x75B3, 0x6D93, 0x6D93, 0x75B3, 0x75D4, 0x75B4, 0x75B4, 0x6DB3, 0x6592
};

const short ground_tile_44[TILE_SIZE * TILE_SIZE] = {
    0x6DB3, 0x75D4, 0x75B4, 0x6DB3, 0x6DB3, 0x6DB3, 0x6DB3, 0x6D93, 0x6DB3, 0x6D92, 0x6592, 0x6D92, 0x6D92, 0x6D93, 0x6D93, 0x6D93,
    0x75D3, 0x6DB3, 0x6593, 0x6D93, 0x6D93, 0x6DB3, 0x7DF4, 0x8E36, 0x75B3, 0x6D93, 0x6D92, 0x6D93, 0x6D93, 0x6DB3, 0x75B3, 0x6DB3,
    0x6DB3, 0x6DB3, 0x6DB3, 0x6DB3, 0x6D93, 0x6DB3, 0x6DB3, 0x75D4, 0x6DB3, 0x75B3, 0x75B3, 0x6DB3, 0x6DB3, 0x6DB3, 0x6DB3, 0x75D3,
    0x75D3, 0x6DB3, 0x75D3, 0x75D4, 0x6D93, 0x6D93, 0x6592, 0x6592, 0x6D93, 0x75D4, 0x7DD4, 0x6DB3, 0x6DB3, 0x6D93, 0x6DB3, 0x75B3,
    0x6DB3, 0x6D93, 0x75B3, 0x7DF4, 0x6DB3, 0x6D93, 0x6D93, 0x6D93, 0x6D93, 0x6592, 0x6D93, 0x6DB3, 0x6DB3, 0x6D93, 0x6D93, 0x75B3,
    0x6DB3, 0x6DB3, 0x6DB3, 0x75D4, 0x75B3, 0x6D93, 0x6D93, 0x6D93, 0x6DB3, 0x6D93, 0x6D93, 0x6DB3, 0x6D93, 0x6D93, 0x6D93, 0x6572,
    0x6DB3, 0x6592, 0x6D93, 0x75D3, 0x6DB3, 0x6D92, 0x6572, 0x6D93, 0x6DB3, 0x6D93, 0x6D93, 0x75B3, 0x6DB3, 0x6DB3, 0x6DB3, 0x6592,
    0x6D93, 0x6DB3, 0x6DB3, 0x6DB3, 0x6DB3, 0x6D92, 0x6D93, 0x6DB3, 0x6DB3, 0x6DB3, 0x6DB3, 0x6DB3, 0x6DB3, 0x6DB3, 0x6DB3, 0x6DB3,
    0x6D93, 0x75D3, 0x75D4, 0x6DB3, 0x6DB3, 0x6DB3, 0x6DB3, 0x6DB3, 0x75D3, 0x85F5, 0x7DF4, 0x6D93, 0x6DB3, 0x6DB3, 0x6DB3, 0x6DB3,
    0x6DB3, 0x75D3, 0x75D3, 0x75B3, 0x6DB3, 0x6DB3, 0x6DB3, 0x75D3, 0x7DF5, 0x75D4, 0x75B3, 0x6DB3, 0x6DB3, 0x6DB3, 0x6DB3, 0x6DB3,
    0x75D3, 0x75D3, 0x75D3, 0x6DB3, 0x6DB3, 0x75D4, 0x75D3, 0x75B3, 0x75D4, 0x6DB3, 0x6DB3, 0x6DB3, 0x6DB3, 0x75B3, 0x75B3, 0x75D3,
    0x75D4, 0x75B3, 0x6DB3, 0x6DB3, 0x75D4, 0x75B3, 0x6DB3, 0x6D93, 0x6D93, 0x6DB3, 0x6DB3, 0x75D4, 0x75D4, 0x75D3, 0x75D3, 0x75D4,
    0x7DF4, 0x75D3, 0x6DB3, 0x7DD4, 0x8E36, 0x75B3, 0x6D92, 0x6DB3, 0x6D92, 0x6D92, 0x75B3, 0x7DF4, 0x7DF4, 0x75D4, 0x75D4, 0x7DF4,
    0x75D3, 0x7DF4, 0x7DF5, 0x7DD4, 0x6DB3, 0x6DB3, 0x6D93, 0x6572, 0x6D93, 0x6D93, 0x6D92, 0x6D93, 0x75D3, 0x75D3, 0x6D93, 0x6572,
    0x6D92, 0x6DB3, 0x75B3, 0x75D4, 0x6DB3, 0x6D93, 0x6592, 0x6D72, 0x75B4, 0x6D93, 0x6D93, 0x75B3, 0x75D3, 0x75B3, 0x6DB3, 0x6DB3,
    0x6D93, 0x6D93, 0x6DB3, 0x75B3, 0x6DB3, 0x6D93, 0x6572, 0x6572, 0x6D93, 0x6592, 0x6D92, 0x6DB3, 0x6DB3, 0x75D3, 0x75D4, 0x75D4
};

const short ground_tile_45[TILE_SIZE * TILE_SIZE] = {
    0x6DB3, 0x6DB3, 0x6DB3, 0x6DD3, 0x75D4, 0x75D4, 0x75D3, 0x6DB3, 0x6DD3, 0x6DB3, 0x65B3, 0x6593, 0x75D4, 0x6D93, 0x6572, 0x6D72,
    0x6DB3, 0x6DD3, 0x75D4, 0x75D4, 0x75D4, 0x6DB3, 0x6D93, 0x6D93, 0x75B3, 0x75D3, 0x6DB3, 0x6DB3, 0x6DB3, 0x6D92, 0x6D92, 0x6D72,
    0x7E15, 0x75F4, 0x6DB3, 0x6DB3, 0x6DB3, 0x6DB3, 0x6DB3, 0x6D93, 0x6D93, 0x6D92, 0x6D92, 0x6D93, 0x6DB3, 0x75D4, 0x75B3, 0x6D93,
    0x8615, 0x75D4, 0x6DB3, 0x6DB3, 0x6DB3, 0x6DB3, 0x75D3, 0x7DD4, 0x6D93, 0x6572, 0x6572, 0x6572, 0x6593, 0x7DF4, 0x7DF4, 0x6DB3,
    0x6572, 0x6592, 0x6DB3, 0x75B3, 0x6D93, 0x6D93, 0x75B3, 0x85D4, 0x6DB3, 0x6572, 0x6572, 0x6572, 0x6D93, 0x6DB3, 0x6DB3, 0x75B3,
    0x6572, 0x6D92, 0x75B3, 0x75B3, 0x75B3, 0x6DB3, 0x75D3, 0x7DD4, 0x6D93, 0x6D93, 0x6D93, 0x6D92, 0x6DB3, 0x6DB3, 0x6DB3, 0x6DB3,
    0x6592, 0x6D92, 0x6D93, 0x6D92, 0x6D92, 0x6592, 0x6DB3, 0x7DF4, 0x6DB3, 0x6D92, 0x6D93, 0x75B3, 0x6D93, 0x6D93, 0x6DB3, 0x6DB3,
    0x6DB3, 0x6D93, 0x6D92, 0x6D92, 0x6D92, 0x6D92, 0x6D92, 0x6D93, 0x6D92, 0x6592, 0x6592, 0x6D92, 0x75B3, 0x6DB3, 0x6DB3, 0x65B3,
    0x8E36, 0x7DF4, 0x6DB3, 0x6DB3, 0x6D93, 0x6DB3, 0x6DB3, 0x6D93, 0x6D93, 0x6D93, 0x6592, 0x6592, 0x7DF4, 0x7DD4, 0x6DB3, 0x6593,
    0x8615, 0x7DD4, 0x75B3, 0x6D93, 0x6DB3, 0x6DB3, 0x6D93, 0x6D92, 0x6592, 0x6592, 0x6592, 0x6DB3, 0x8615, 0x75D4, 0x6DB3, 0x75B3,
    0x75D4, 0x75B3, 0x6DB3, 0x6DB3, 0x6DB3, 0x6DB3, 0x6D93, 0x6592, 0x6592, 0x6DB3, 0x6D93, 0x6592, 0x75D4, 0x6DB3, 0x6DB3, 0x6DB3,
    0x75D3, 0x6DB3, 0x6DB3, 0x75B3, 0x6DB3, 0x6DB3, 0x6D92, 0x6592, 0x6DB3, 0x6DB3, 0x6D93, 0x6D93, 0x6DB3, 0x6DB3, 0x6DB3, 0x6DB3,
    0x6D93, 0x75B3, 0x6DB3, 0x6D93, 0x6DB3, 0x6592, 0x6572, 0x6D93, 0x85F5, 0x75B4, 0x6DB3, 0x6DB3, 0x6D93, 0x6DB3, 0x6DB3, 0x6D93,
    0x6DB3, 0x75D4, 0x75D4, 0x6DB3, 0x6DB3, 0x75D4, 0x7DF4, 0x8E35, 0x6D93, 0x6D93, 0x6DB3, 0x6D93, 0x6DB3, 0x6DB3, 0x6DB3, 0x6DB3,
    0x6DB3, 0x6DB3, 0x6DB3, 0x6D93, 0x6D93, 0x6D93, 0x75B3, 0x75D3, 0x75B3, 0x6DB3, 0x6D93, 0x75B3, 0x75D4, 0x6DB3, 0x6D93, 0x6592,
    0x6DB3, 0x75B3, 0x6DB3, 0x6592, 0x6D92, 0x6DB3, 0x6DB3, 0x6DB3, 0x75D4, 0x6DB3, 0x6DB3, 0x75B3, 0x8615, 0x75B3, 0x6572, 0x6D92
};

const short ground_tile_46[TILE_SIZE * TILE_SIZE] = {
    0x6D92, 0x75B3, 0x75D3, 0x6DB3, 0x6DD3, 0x6D93, 0x6592, 0x6D93, 0x6D93, 0x75B3, 0x75D3, 0x6DB3, 0x6DB3, 0x6DB3, 0x6DB3, 0x6D93,
    0x6D93, 0x75B3, 0x75D4, 0x75D3, 0x75B4, 0x6DB3, 0x6DB3, 0x6DB3, 0x6D93, 0x6D93, 0x6D93, 0x6D93, 0x6D93, 0x6DB3, 0x75D4, 0x7DF4,
    0x6DB3, 0x6DB3, 0x6DB3, 0x75B3, 0x8615, 0x7DD4, 0x6DB3, 0x6DB3, 0x6DB3, 0x6DB3, 0x6DB3, 0x6D93, 0x6D93, 0x6592, 0x6D93, 0x6DB3,
    0x6DB3, 0x6D93, 0x6D93, 0x6DB3, 0x8615, 0x7DD4, 0x6DB3, 0x6DB3, 0x6DB3, 0x6D93, 0x75B3, 0x7DD4, 0x6D93, 0x6D93, 0x6D92, 0x6D93,
    0x6D93, 0x6D92, 0x6D93, 0x75D3, 0x6572, 0x6572, 0x6D93, 0x6DB3, 0x6D92, 0x6D93, 0x75B3, 0x7DF4, 0x6DB3, 0x6D93, 0x6D93, 0x6D93,
    0x6DB3, 0x6D93, 0x6D92, 0x6572, 0x6592, 0x6D93, 0x6DB3, 0x6DB3, 0x6DB3, 0x6DB3, 0x6D93, 0x6DB3, 0x6DB3, 0x6D93, 0x6D93, 0x6D93,
    0x6593, 0x75D3, 0x75B3, 0x6D92, 0x6592, 0x6DB3, 0x6DB3, 0x6D93, 0x6DD3, 0x6DB3, 0x6D93, 0x6DB3, 0x6DB3, 0x6D92, 0x6572, 0x6D93,
    0x65B3, 0x6DB3, 0x6DB3, 0x6DB3, 0x6D93, 0x6D93, 0x6D93, 0x6DB3, 0x6DB3, 0x75B3, 0x75B3, 0x6D93, 0x6D92, 0x6D72, 0x6572, 0x6572,
    0x6DB3, 0x6DB3, 0x6D93, 0x6D93, 0x8E15, 0x7DD4, 0x6DB3, 0x75B3, 0x6DB3, 0x7DD4, 0x7DD4, 0x75B3, 0x6D92, 0x6D92, 0x6D92, 0x6D92,
    0x6DD3, 0x6DB3, 0x6DB3, 0x6DB3, 0x8615, 0x7DF4, 0x75B3, 0x6DB3, 0x75D3, 0x75D4, 0x75D4, 0x6DB3, 0x6572, 0x6572, 0x6D92, 0x6DB3,
    0x6DB3, 0x6DB3, 0x6DB3, 0x75B3, 0x75B3, 0x6D93, 0x6DB3, 0x75B3, 0x75D4, 0x75D4, 0x75D3, 0x75B3, 0x6DB3, 0x6D93, 0x6D93, 0x6DB3,
    0x6DB3, 0x6DB3, 0x6DB3, 0x6D93, 0x6D93, 0x6D93, 0x75B3, 0x75B3, 0x75D3, 0x75D3, 0x75D3, 0x75D3, 0x75D3, 0x6DB3, 0x6D93, 0x6D93,
    0x6DB3, 0x6DB3, 0x6DB3, 0x6D93, 0x6592, 0x75B3, 0x75B4, 0x6D93, 0x75D3, 0x6DD3, 0x75D4, 0x7DF4, 0x7DF4, 0x6DB3, 0x6592, 0x6D93,
    0x6DB3, 0x6D93, 0x6D93, 0x75B3, 0x6DB3, 0x75D4, 0x75D4, 0x6DB3, 0x75D4, 0x75F4, 0x75D4, 0x75D3, 0x6DB3, 0x6DB3, 0x6D93, 0x6572,
    0x6D93, 0x6DB3, 0x75D4, 0x7DF4, 0x6DB3, 0x6DB3, 0x6DB3, 0x6DB3, 0x6D93, 0x6DB3, 0x6DB3, 0x75D3, 0x75D3, 0x6DB3, 0x6592, 0x6D93,
    0x6D92, 0x6D93, 0x6DB3, 0x6DB3, 0x6D93, 0x6DB3, 0x6DB3, 0x6D92, 0x6D92, 0x6DB3, 0x6DB3, 0x6DB3, 0x75D4, 0x6DB3, 0x6593, 0x6D93
};

const short ground_tile_47[TILE_SIZE * TILE_SIZE] = {
    0x75D4, 0x6DB3, 0x6D93, 0x6D93, 0x6D93, 0x6DB3, 0x6DB3, 0x6DB3, 0x75D3, 0x6DB3, 0x6DB3, 0x6DB3, 0x75D4, 0x75D4, 0x6DB3, 0x6DB3,
    0x75D4, 0x6DB3, 0x6593, 0x6D93, 0x6D93, 0x6DB3, 0x6DB3, 0x6DB3, 0x6DB3, 0x6DB3, 0x6DD3, 0x75D4, 0x7DF4, 0x6DD3, 0x6593, 0x6D93,
    0x75D4, 0x7DD4, 0x75D4, 0x6DB3, 0x6DB3, 0x6DB3, 0x6DB3, 0x6DB3, 0x7DF5, 0x75D4, 0x6DB3, 0x6DB3, 0x75B3, 0x75B3, 0x75B3, 0x75B3,
    0x6DB3, 0x7DF4, 0x7DF5, 0x75D4, 0x6DB3, 0x6DB3, 0x6DB3, 0x6DB3, 0x8615, 0x75D4, 0x6DB3, 0x6DB3, 0x75B3, 0x6DB3, 0x75D4, 0x7DF4,
    0x6DB3, 0x6DB3, 0x6DB3, 0x75D4, 0x6DB3, 0x6DB3, 0x6DB3, 0x6DB3, 0x6DB3, 0x6593, 0x6DB3, 0x6DB3, 0x6D92, 0x6D93, 0x75D4, 0x7DD4,
    0x6D93, 0x6DB3, 0x6DB3, 0x6DB3, 0x6DB3, 0x6D93, 0x6D93, 0x6592, 0x6DB3, 0x6DB3, 0x6DB3, 0x6DB3, 0x6D93, 0x6D93, 0x6DB3, 0x75B3,
    0x6D93, 0x6DB3, 0x6DB3, 0x6DD3, 0x6DB3, 0x6DB3, 0x6DB3, 0x6D92, 0x6592, 0x6DB3, 0x6D93, 0x6572, 0x6D93, 0x6572, 0x6D92, 0x75B3,
    0x6DB3, 0x75D3, 0x6DB3, 0x6592, 0x6DB3, 0x6DB3, 0x6DB3, 0x6DB3, 0x6DB3, 0x6D93, 0x6D93, 0x6D92, 0x6D93, 0x6D93, 0x6DB3, 0x6D93,
    0x75D4, 0x7DF5, 0x75D4, 0x6592, 0x6DB3, 0x6DB3, 0x6DB3, 0x6DB3, 0x8615, 0x7DD4, 0x75B3, 0x6D93, 0x6D93, 0x75B3, 0x75B3, 0x6DB3,
    0x7DD4, 0x75B3, 0x6DB3, 0x6DB3, 0x6DD3, 0x75D3, 0x6DD3, 0x75D3, 0x7DF4, 0x75D4, 0x75B3, 0x75B3, 0x6DB3, 0x6DB3, 0x6DB3, 0x6DB3,
    0x75B3, 0x6DB3, 0x6DB3, 0x6DB3, 0x6DD3, 0x75D3, 0x75D4, 0x75F4, 0x75D4, 0x6DB3, 0x6DB3, 0x75B3, 0x75B3, 0x75B3, 0x6DB3, 0x6DB3,
    0x6D92, 0x6DB3, 0x6DB3, 0x6DD3, 0x75D3, 0x75D3, 0x75D3, 0x75B3, 0x75B3, 0x75B3, 0x75B3, 0x75B3, 0x75B3, 0x6DB3, 0x6DB3, 0x6DB3,
    0x6D92, 0x6D92, 0x75B3, 0x75D3, 0x75B3, 0x75D3, 0x75D3, 0x75D3, 0x75D4, 0x7DF4, 0x75D4, 0x6DB3, 0x6DD3, 0x6593, 0x6592, 0x75D4,
    0x6D93, 0x6D93, 0x6D92, 0x6D92, 0x6DB3, 0x6DB3, 0x6DB3, 0x6DB3, 0x6DB3, 0x7DD4, 0x75D4, 0x6DB3, 0x6DD4, 0x6DD4, 0x75D4, 0x8615,
    0x75B3, 0x6D93, 0x6D92, 0x6D92, 0x6D92, 0x6D93, 0x6DB3, 0x6DB3, 0x6D93, 0x6D93, 0x6D93, 0x6D92, 0x6D93, 0x6DB3, 0x75D3, 0x7DF4,
    0x75B3, 0x6D72, 0x6572, 0x6D92, 0x6D92, 0x6DB3, 0x75D3, 0x75B4, 0x6D93, 0x6D93, 0x6D93, 0x6592, 0x6D92, 0x6D93, 0x6DB3, 0x6DB3
};

const short ground_tile_48[TILE_SIZE * TILE_SIZE] = {
    0x6DD3, 0x6DB3, 0x6593, 0x6DB3, 0x7DF4, 0x6DB3, 0x6592, 0x6D93, 0x6D93, 0x6DB3, 0x6D93, 0x6D93, 0x75D4, 0x6DD3, 0x6DB3, 0x6DB3,
    0x75B3, 0x75D4, 0x6DB3, 0x6DB3, 0x8635, 0x75D4, 0x6DB3, 0x6D93, 0x6D93, 0x6D93, 0x6D93, 0x6DB3, 0x6DB3, 0x6DB3, 0x6DB3, 0x75D3,
    0x75B3, 0x6DB3, 0x6DB3, 0x6DB3, 0x75F4, 0x7DF4, 0x75D4, 0x6DB3, 0x6DB3, 0x6DB3, 0x6DB3, 0x6DB3, 0x7E15, 0x75D4, 0x6DB3, 0x6DB3,
    0x6DB3, 0x6D93, 0x6D93, 0x6D93, 0x6DB3, 0x7DF4, 0x7DF4, 0x6DB3, 0x6DB3, 0x6D93, 0x6DB3, 0x75D3, 0x8615, 0x75D4, 0x6DB3, 0x6DB3,
    0x6DB3, 0x6D93, 0x6D72, 0x6D93, 0x6DB3, 0x6DB3, 0x6DB3, 0x75D3, 0x6D92, 0x6D92, 0x6DB3, 0x6DB3, 0x6592, 0x6592, 0x6D93, 0x6DB3,
    0x6DB3, 0x6D93, 0x6D92, 0x6D92, 0x6DB3, 0x6DB3, 0x75B3, 0x75D3, 0x75B3, 0x6D93, 0x6D92, 0x6592, 0x6592, 0x6DB3, 0x6DB3, 0x6DB3,
    0x6DB3, 0x6D72, 0x6D72, 0x6D72, 0x6D92, 0x6D93, 0x6D93, 0x6DB3, 0x75B3, 0x6DB3, 0x6DB3, 0x6D92, 0x6592, 0x6DB3, 0x6DB3, 0x6D93,
    0x6592, 0x6592, 0x6572, 0x6572, 0x6DB3, 0x6DB3, 0x6D93, 0x6DB3, 0x6DB3, 0x6DB3, 0x75D3, 0x6DD3, 0x6DB3, 0x6DB3, 0x6D93, 0x6D92,
    0x6D93, 0x6592, 0x6592, 0x6D92, 0x7DF4, 0x7DD4, 0x6DB3, 0x6592, 0x6DB3, 0x6DB3, 0x6DB3, 0x6DB3, 0x8E36, 0x7DF4, 0x6DB3, 0x6D93,
    0x6D92, 0x6572, 0x6592, 0x75B3, 0x8615, 0x75D4, 0x6DB3, 0x75F4, 0x75D4, 0x75D3, 0x6DB3, 0x75D3, 0x8E36, 0x7DF5, 0x75B3, 0x6DB3,
    0x6D93, 0x6DB3, 0x6D93, 0x6DB3, 0x75F4, 0x75D4, 0x6DD3, 0x75F4, 0x75D4, 0x75D4, 0x75D3, 0x6DB3, 0x75D4, 0x75B3, 0x6DB3, 0x75B3,
    0x7DF4, 0x75B4, 0x6DB3, 0x6DB3, 0x6DB3, 0x6DB3, 0x6DB3, 0x75D4, 0x75D4, 0x75D3, 0x75B3, 0x6DB3, 0x6D93, 0x6DB3, 0x75B3, 0x75B3,
    0x9E77, 0x7DD4, 0x6593, 0x6DB3, 0x6D93, 0x6D93, 0x6DB3, 0x75D4, 0x75D4, 0x75D3, 0x75D3, 0x75B3, 0x6D93, 0x75B3, 0x75B3, 0x6D93,
    0x75D3, 0x6D93, 0x6D92, 0x6572, 0x6592, 0x6592, 0x6D93, 0x6DB3, 0x75B3, 0x75B3, 0x6DB3, 0x6D93, 0x6DB3, 0x6DB3, 0x6DB3, 0x6DB3,
    0x75B3, 0x6D93, 0x6592, 0x6D93, 0x6DB3, 0x6D93, 0x6D93, 0x6DB3, 0x6DB3, 0x6D93, 0x6D93, 0x75B3, 0x8615, 0x7DD4, 0x6DB3, 0x6D92,
    0x75D4, 0x6DB3, 0x6592, 0x6D93, 0x85F5, 0x75B3, 0x6D93, 0x6DB3, 0x6DB3, 0x6DB3, 0x6D93, 0x6DB3, 0x7DD4, 0x75B3, 0x6D93, 0x6D92
};

const short ground_tile_49[TILE_SIZE * TILE_SIZE] = {
    0x6DB3, 0x75B3, 0x75B3, 0x6DB3, 0x6DB3, 0x6DB3, 0x6DB3, 0x6DB3, 0x75D4, 0x6DB3, 0x6DB3, 0x6DB3, 0x6DB3, 0x6D93, 0x6D93, 0x6DB3,
    0x6DB3, 0x6D93, 0x6D93, 0x6D93, 0x6D93, 0x6DB3, 0x6DB3, 0x6DB3, 0x6DB3, 0x6DB3, 0x6DB3, 0x6DB3, 0x6DB3, 0x6DB3, 0x75B3, 0x6DB3,
    0x6D93, 0x6DB3, 0x6DB3, 0x6D93, 0x6D93, 0x6D93, 0x6D93, 0x6DB3, 0x6DB3, 0x75D4, 0x75D4, 0x6DB3, 0x6DB3, 0x6DB3, 0x6DB3, 0x75D3,
    0x6DB3, 0x6DB3, 0x75D4, 0x7DD4, 0x6D93, 0x6D93, 0x6D92, 0x6D93, 0x6DB3, 0x7DF4, 0x7DF4, 0x6DB3, 0x6DB3, 0x6DB3, 0x6DB3, 0x75D3,
    0x6DB3, 0x6DB3, 0x75D4, 0x85F5, 0x6DB3, 0x6D93, 0x6D93, 0x6D93, 0x6DB3, 0x6DB3, 0x6DB3, 0x6DD3, 0x6DB3, 0x6DB3, 0x75D3, 0x7DF4,
    0x75D4, 0x6DD3, 0x6DB3, 0x75B3, 0x75D3, 0x6DB3, 0x6D93, 0x6D93, 0x6DB3, 0x6DB3, 0x6DB3, 0x6DB3, 0x75B3, 0x6D93, 0x6D93, 0x6D92,
    0x6D93, 0x6DB3, 0x6DB3, 0x6DB3, 0x6DB3, 0x6D93, 0x6D72, 0x6572, 0x6DB3, 0x6DB3, 0x6DB3, 0x6DD3, 0x75D4, 0x75D4, 0x75B3, 0x6D92,
    0x6DB3, 0x75B3, 0x75D3, 0x6DB3, 0x6DB3, 0x6D93, 0x6592, 0x6D93, 0x6DB3, 0x6DB3, 0x6DB3, 0x65B3, 0x6DB3, 0x6DB3, 0x6DD3, 0x75D3,
    0x6D93, 0x75D4, 0x7DF4, 0x75D4, 0x6DB3, 0x6DB3, 0x6D93, 0x6D93, 0x75D4, 0x7DF5, 0x7DF4, 0x6593, 0x6DB3, 0x6DD3, 0x6DB3, 0x6DD3,
    0x6DB3, 0x6DB3, 0x6DD3, 0x6DB3, 0x6DB3, 0x6D93, 0x6DB3, 0x75D4, 0x7DF4, 0x75B3, 0x6DB3, 0x6DD3, 0x6DD3, 0x6DD3, 0x6DB3, 0x6DB3,
    0x75D3, 0x75D3, 0x6DB3, 0x6DB3, 0x75D3, 0x6DB3, 0x6DB3, 0x6DB3, 0x75B3, 0x6DD3, 0x6DB3, 0x6DB3, 0x6DB3, 0x75B3, 0x75D4, 0x75D4,
    0x75D3, 0x75D3, 0x75D3, 0x75D4, 0x75D4, 0x75B3, 0x6DB3, 0x6D93, 0x6D93, 0x6DB3, 0x6DD3, 0x75D4, 0x75D4, 0x75D3, 0x75D3, 0x75D3,
    0x75D3, 0x75D3, 0x75F4, 0x8615, 0x8615, 0x75B3, 0x6D92, 0x6DB3, 0x6572, 0x6D92, 0x75D3, 0x85F5, 0x75D4, 0x75B3, 0x75D3, 0x75D4,
    0x6DB3, 0x75D4, 0x7DD4, 0x75B3, 0x6DB3, 0x6DB3, 0x6D92, 0x6592, 0x6D93, 0x6D92, 0x6D92, 0x6DB3, 0x6DB3, 0x6DB3, 0x6DB3, 0x6DB3,
    0x6D93, 0x6DB3, 0x75B3, 0x75D4, 0x6DB3, 0x6D92, 0x6D93, 0x6D93, 0x75B3, 0x75B3, 0x6D93, 0x6D92, 0x6DB3, 0x6DB3, 0x6DB3, 0x75B3,
    0x6DB3, 0x6DB3, 0x6DB3, 0x6DB3, 0x6DB3, 0x6D92, 0x6572, 0x6572, 0x6D92, 0x6D92, 0x6D93, 0x6DB3, 0x6D93, 0x6DB3, 0x6DB3, 0x75B3
};

const short ground_tile_50[TILE_SIZE * TILE_SIZE] = {
    0x6D93, 0x6D93, 0x6D93, 0x6DB3, 0x75D3, 0x75D4, 0x75B3, 0x6DB3, 0x6DB3, 0x6DB3, 0x6DB3, 0x6DB3, 0x7DF4, 0x75D3, 0x6DB3, 0x6DB3,
    0x6D92, 0x6D93, 0x6DB3, 0x75D3, 0x75D4, 0x6DB3, 0x6D93, 0x6593, 0x6DB3, 0x75B3, 0x6DB3, 0x6D93, 0x75B3, 0x6DB3, 0x6DB3, 0x6D93,
    0x7E15, 0x75D4, 0x6DB3, 0x6DB3, 0x6DB3, 0x75B3, 0x6DB3, 0x6DB3, 0x6D93, 0x6D93, 0x6D93, 0x6D93, 0x6DB3, 0x7DD4, 0x75D4, 0x6DB3,
    0x8615, 0x75D4, 0x6DB3, 0x6DB3, 0x75B3, 0x6DB3, 0x75D4, 0x7DF5, 0x6D93, 0x6D93, 0x6D92, 0x6592, 0x6DB3, 0x7DF4, 0x7DF4, 0x6DB3,
    0x6D92, 0x6592, 0x6DB3, 0x6DB3, 0x6D92, 0x6DB3, 0x75D4, 0x85F5, 0x6DB3, 0x6D93, 0x6D92, 0x6D92, 0x6DB3, 0x6DB3, 0x6D93, 0x6DB3,
    0x6D92, 0x6DB3, 0x6DB3, 0x6DB3, 0x6D93, 0x6D93, 0x6D93, 0x75B3, 0x6D93, 0x6D93, 0x6D93, 0x6D72, 0x6DB3, 0x6DB3, 0x6DB3, 0x75B3,
    0x6DB3, 0x6DB3, 0x6DB3, 0x6D93, 0x6DB3, 0x6572, 0x6D72, 0x6D93, 0x6D93, 0x6572, 0x6D72, 0x75B3, 0x6D93, 0x75B3, 0x75D3, 0x6DB3,
    0x75D3, 0x6DB3, 0x6DB3, 0x75D3, 0x75D4, 0x75B3, 0x6D93, 0x6D92, 0x6572, 0x6572, 0x6592, 0x6DB3, 0x75D3, 0x75D3, 0x6DB3, 0x6DB3,
    0x8E36, 0x7DF4, 0x6DB3, 0x75D3, 0x75D3, 0x75D4, 0x75D3, 0x6DB3, 0x6D92, 0x6D92, 0x6D93, 0x6DB3, 0x8615, 0x8615, 0x75D4, 0x6DB3,
    0x8615, 0x7DF4, 0x75D4, 0x6DD3, 0x6DB3, 0x6DB3, 0x6DB3, 0x6DB3, 0x6D92, 0x6D92, 0x6DB3, 0x6DB3, 0x8615, 0x7DF4, 0x6DB3, 0x6DD3,
    0x75D3, 0x75B3, 0x75B3, 0x75B3, 0x75B3, 0x6DB3, 0x6DB3, 0x6D93, 0x6DB3, 0x75B3, 0x75D3, 0x75B3, 0x7DF4, 0x75D4, 0x6DB3, 0x6DB3,
    0x75B3, 0x75B3, 0x6DB3, 0x75B3, 0x75B3, 0x6DB3, 0x6DB3, 0x6DB3, 0x7DF4, 0x75D4, 0x6DB3, 0x6D93, 0x6DB3, 0x6DB3, 0x6DB3, 0x75D3,
    0x75D4, 0x75B3, 0x6D93, 0x6D93, 0x6DB3, 0x6D92, 0x6D93, 0x75D4, 0x9E77, 0x7DF4, 0x6D93, 0x75D4, 0x6D93, 0x6D93, 0x75D3, 0x75D4,
    0x6DB3, 0x6DB3, 0x6DB3, 0x6D93, 0x75D4, 0x6DB3, 0x6DB3, 0x75B3, 0x75D3, 0x75B3, 0x6DB3, 0x6D93, 0x6DB3, 0x75B3, 0x6DB3, 0x6DB3,
    0x75B3, 0x6DB3, 0x6D93, 0x6D93, 0x6D93, 0x6DB3, 0x75D3, 0x7DF4, 0x6DB3, 0x6DB3, 0x6D93, 0x6D93, 0x75D4, 0x75B3, 0x6DB3, 0x6D92,
    0x75B3, 0x75B4, 0x75B3, 0x6D92, 0x6D92, 0x6DB3, 0x6DB3, 0x75B3, 0x6DB3, 0x6D93, 0x6D92, 0x6D93, 0x8615, 0x75D4, 0x6D93, 0x6DB3
};

const short ground_tile_51[TILE_SIZE * TILE_SIZE] = {
    0x6DB3, 0x75D3, 0x75B3, 0x6DB3, 0x75D3, 0x6DB3, 0x6DB3, 0x6DB3, 0x75B3, 0x75D4, 0x75D4, 0x75D3, 0x75D4, 0x6DD4, 0x6DD3, 0x6DB3,
    0x6DB3, 0x75D3, 0x75B3, 0x6D93, 0x6D92, 0x6DB3, 0x75D3, 0x6DD3, 0x6DB3, 0x6DB3, 0x6DB3, 0x6DB3, 0x75D4, 0x75D4, 0x6DB3, 0x6DD3,
    0x75B3, 0x75B3, 0x6DB3, 0x6DB3, 0x85F4, 0x75D4, 0x6DB3, 0x6D93, 0x6D93, 0x6DB3, 0x75B3, 0x75B3, 0x75B3, 0x6D93, 0x6592, 0x6DB3,
    0x6DB3, 0x6DB3, 0x6DB3, 0x75D4, 0x85F5, 0x75D4, 0x6DB3, 0x6DB3, 0x6DB3, 0x6DB3, 0x75D4, 0x7DF4, 0x6D93, 0x6572, 0x6572, 0x6593,
    0x6D93, 0x6D92, 0x6D93, 0x75B3, 0x6592, 0x6592, 0x6DB3, 0x75B3, 0x6DB3, 0x6DB3, 0x75D3, 0x7DF4, 0x6DB3, 0x6DB3, 0x6D93, 0x6D93,
    0x75B3, 0x6D93, 0x6D92, 0x6D92, 0x6DB3, 0x6DB3, 0x6DB3, 0x75B3, 0x75D3, 0x6DB3, 0x6D93, 0x6DB3, 0x75D4, 0x75B3, 0x6D93, 0x6572,
    0x75D3, 0x75B3, 0x6DB3, 0x6DB3, 0x6DB3, 0x6DB3, 0x6D93, 0x6D92, 0x6DB3, 0x6D93, 0x6D92, 0x6DB3, 0x75D4, 0x6D93, 0x6572, 0x6572,
    0x6DB3, 0x6DB3, 0x6DB3, 0x6DB3, 0x6DB3, 0x6D93, 0x6D93, 0x6D93, 0x6DB3, 0x6DB3, 0x6DB3, 0x6D93, 0x6DB3, 0x6D92, 0x6592, 0x6D92,
    0x6DD3, 0x6DB3, 0x6DB3, 0x6DB3, 0x85F5, 0x75D4, 0x75B3, 0x6D93, 0x6D93, 0x75B3, 0x75B3, 0x75B3, 0x6DB3, 0x6DB3, 0x6DB3, 0x6D93,
    0x6DD4, 0x6DD3, 0x6DB3, 0x6DB3, 0x7DD4, 0x75D4, 0x75B3, 0x75B3, 0x6DB3, 0x6DB3, 0x6DB3, 0x6DB3, 0x6D93, 0x6D93, 0x75B3, 0x75D4,
    0x6DB3, 0x6DB3, 0x6DB3, 0x75B3, 0x75B3, 0x6DB3, 0x6DB3, 0x75B3, 0x75B3, 0x75B3, 0x75B3, 0x6DB3, 0x75D3, 0x75B3, 0x75D3, 0x75D4,
    0x75D3, 0x75B3, 0x75B3, 0x6DB3, 0x6D93, 0x6D93, 0x6DB3, 0x75D3, 0x75D4, 0x75D3, 0x75D3, 0x75D3, 0x75D4, 0x75D3, 0x6DB3, 0x6DD3,
    0x75D3, 0x6DB3, 0x6DB3, 0x6DB3, 0x6DB3, 0x75B3, 0x75B3, 0x6D93, 0x75F4, 0x75D4, 0x75D4, 0x7DF5, 0x7DF4, 0x75D3, 0x6DB3, 0x6DB3,
    0x6DB3, 0x6DB3, 0x6DB3, 0x75D4, 0x75D4, 0x75D4, 0x75D4, 0x6DB3, 0x6DD3, 0x7DF4, 0x7DF4, 0x75D4, 0x6DB3, 0x75D3, 0x6DB3, 0x6D93,
    0x6D92, 0x75D3, 0x75F4, 0x7DF4, 0x6DB3, 0x6DB3, 0x75B3, 0x75B3, 0x6DB3, 0x6DB3, 0x75D4, 0x7DD4, 0x75D4, 0x6DB3, 0x6D93, 0x6D93,
    0x6D92, 0x6DB3, 0x6DB3, 0x6DB3, 0x6D93, 0x6DB3, 0x75B3, 0x6DB3, 0x6D93, 0x6DB3, 0x6DD3, 0x75D4, 0x75D4, 0x6DB3, 0x6D93, 0x6592
};

const short ground_tile_52[TILE_SIZE * TILE_SIZE] = {
    0x8615, 0x75D4, 0x6DB3, 0x6D93, 0x6D93, 0x6DB3, 0x6DB3, 0x6DB3, 0x75D3, 0x6DB3, 0x6DB3, 0x6DB3, 0x75B3, 0x75D4, 0x75D4, 0x6DB3,
    0x8E35, 0x7DF4, 0x6DB3, 0x6D92, 0x6DB3, 0x75B3, 0x75D4, 0x75B3, 0x6DB3, 0x6DB3, 0x75D3, 0x75D3, 0x7DD4, 0x75D3, 0x6DB3, 0x6593,
    0x75D4, 0x7DF4, 0x75D4, 0x6DB3, 0x6DB3, 0x6DB3, 0x6DB3, 0x6DD3, 0x7DF5, 0x75D4, 0x6DB3, 0x6DB3, 0x75B3, 0x75D3, 0x75D3, 0x6DB3,
    0x6DB3, 0x7DF5, 0x7DF5, 0x6DB3, 0x6DB3, 0x6D93, 0x6D92, 0x6DB3, 0x8615, 0x75D4, 0x6D93, 0x6DB3, 0x75B3, 0x75D3, 0x7DF4, 0x85F5,
    0x6DB3, 0x6DB3, 0x6DB3, 0x6DB3, 0x6DB3, 0x6D93, 0x6D92, 0x6D92, 0x6D92, 0x6D93, 0x6DB3, 0x6DB3, 0x6D92, 0x6DB3, 0x75D4, 0x85F5,
    0x6D93, 0x6DB3, 0x6DB3, 0x6DB3, 0x6DB3, 0x6D93, 0x6572, 0x6572, 0x6D92, 0x6DB3, 0x75B3, 0x75B3, 0x75B3, 0x6DB3, 0x75B3, 0x7DD4,
    0x6D92, 0x6D93, 0x6DB3, 0x6DB3, 0x6DB3, 0x6DB3, 0x6DB3, 0x6DB3, 0x6593, 0x6D93, 0x6D93, 0x6D93, 0x6DB3, 0x6D93, 0x6DB3, 0x75D4,
    0x7593, 0x75B3, 0x6DB3, 0x6DB3, 0x6DD3, 0x6DB3, 0x6DD3, 0x75D3, 0x6DB3, 0x6DB3, 0x6DB3, 0x6DB3, 0x6DB3, 0x6DB3, 0x6D93, 0x6D93,
    0x7DD4, 0x7DF4, 0x75D4, 0x6593, 0x6DD3, 0x75D4, 0x6DB3, 0x6DB3, 0x8E35, 0x7DF4, 0x75B3, 0x6D93, 0x6D93, 0x75B3, 0x75B3, 0x6DB3,
    0x7DF4, 0x75B4, 0x6DB3, 0x75D3, 0x6DD3, 0x6DD3, 0x6DB3, 0x6DB3, 0x7DF5, 0x75D4, 0x75B3, 0x75B3, 0x6DB3, 0x6DB3, 0x6DB3, 0x6DD3,
    0x75D4, 0x6DB3, 0x6DB3, 0x6DB3, 0x75D3, 0x75D4, 0x75D4, 0x75D4, 0x75D4, 0x75B3, 0x6DB3, 0x6DB3, 0x6DB3, 0x75D3, 0x6DB3, 0x6DB3,
    0x6DB3, 0x6D93, 0x6DB3, 0x75D3, 0x75D4, 0x75D3, 0x75D3, 0x75D4, 0x75B3, 0x75B3, 0x6DB3, 0x75D4, 0x75D4, 0x75D4, 0x6DD3, 0x6DB3,
    0x6D93, 0x6572, 0x6DB3, 0x7DF4, 0x75D4, 0x75D4, 0x75D4, 0x7DF4, 0x7DD4, 0x75B3, 0x6DB3, 0x6DB3, 0x75D4, 0x6DB3, 0x6DB3, 0x75D4,
    0x6DB3, 0x6D93, 0x6D92, 0x6572, 0x6DB3, 0x75D3, 0x6DB3, 0x6D93, 0x8615, 0x7DF5, 0x75B4, 0x6D93, 0x6DB3, 0x75D4, 0x7DF4, 0x8615,
    0x7DD4, 0x75D4, 0x75B3, 0x6DB3, 0x6DB3, 0x6DB3, 0x6DB3, 0x6DB3, 0x6DB3, 0x6DB3, 0x6DB3, 0x6DB3, 0x6DB3, 0x6DB3, 0x75D3, 0x7DF4,
    0x6D93, 0x6DB3, 0x6DB3, 0x6DB3, 0x6D93, 0x75B3, 0x75D3, 0x75B3, 0x6D93, 0x6D93, 0x6DB3, 0x6D93, 0x6DB3, 0x6DB3, 0x6DB3, 0x6DD3
};

const short ground_tile_53[TILE_SIZE * TILE_SIZE] = {
    0x6DD3, 0x6DB3, 0x6592, 0x6572, 0x75B3, 0x6DB3, 0x6D93, 0x6DB3, 0x6DB3, 0x75B3, 0x75D4, 0x75D4, 0x75D4, 0x75D3, 0x6DB3, 0x6DB3,
    0x75D3, 0x75D3, 0x6DB3, 0x6592, 0x6D92, 0x6D92, 0x6D93, 0x6DB3, 0x75B3, 0x75D3, 0x75D3, 0x6DB3, 0x6DB3, 0x75D3, 0x75D4, 0x75D3,
    0x6DB3, 0x6D93, 0x6D92, 0x6DB3, 0x6DB3, 0x75D4, 0x75D3, 0x6DB3, 0x75D3, 0x75D3, 0x75D3, 0x75D4, 0x8615, 0x7DF4, 0x75D3, 0x6DB3,
    0x6D93, 0x6592, 0x6592, 0x6593, 0x6DB3, 0x7DF4, 0x7DF4, 0x6DB3, 0x6DB3, 0x6DB3, 0x6DB3, 0x75D3, 0x8615, 0x7DF4, 0x6DB3, 0x6DD3,
    0x75D4, 0x6D93, 0x6D92, 0x6DB3, 0x6DB3, 0x6DB3, 0x6DB3, 0x75B3, 0x6DB3, 0x6D92, 0x6DB3, 0x6DB3, 0x6D93, 0x6D93, 0x6DB3, 0x75D3,
    0x75D3, 0x75D3, 0x75B3, 0x6DB3, 0x6DB3, 0x6DB3, 0x6DB3, 0x75B3, 0x75B3, 0x6DB3, 0x6D93, 0x6D92, 0x6DB3, 0x6DB3, 0x6DB3, 0x75B3,
    0x6DD3, 0x6DB3, 0x6DB3, 0x75B3, 0x6DB3, 0x6DB3, 0x6D93, 0x6D93, 0x6DB3, 0x75B3, 0x75B3, 0x6DB3, 0x6DB3, 0x6DB3, 0x6DB3, 0x6D93,
    0x6DB3, 0x6DB3, 0x6DB3, 0x6DB3, 0x75D4, 0x75D3, 0x6DB3, 0x6DB3, 0x6DB3, 0x6DB3, 0x75D3, 0x75D3, 0x75D3, 0x6DB3, 0x6DB3, 0x6DB3,
    0x6DB3, 0x6DB3, 0x6DB3, 0x6DD3, 0x8615, 0x7DF4, 0x6DB3, 0x6593, 0x6DB3, 0x75D3, 0x75B3, 0x6DB3, 0x8E35, 0x7DF4, 0x75B3, 0x6DB3,
    0x6592, 0x6D93, 0x6DB3, 0x75D4, 0x8615, 0x7DD4, 0x6DB3, 0x6DD3, 0x6DD3, 0x75D3, 0x75D4, 0x75F4, 0x8615, 0x7DF4, 0x6DB3, 0x6DB3,
    0x6593, 0x6DB3, 0x6DB3, 0x6DB3, 0x7DD4, 0x75D4, 0x6DB3, 0x6DB3, 0x6DB3, 0x75D4, 0x75D4, 0x75D3, 0x75D3, 0x6DB3, 0x6DB3, 0x6DB3,
    0x75D3, 0x6DB3, 0x6DB3, 0x6DB3, 0x6DB3, 0x6DB3, 0x6DB3, 0x75B3, 0x75B3, 0x75D3, 0x75B3, 0x6DB3, 0x6DB3, 0x6D93, 0x6D93, 0x6D93,
    0x8E36, 0x75D4, 0x6DB3, 0x75D4, 0x6DB3, 0x6D93, 0x6D93, 0x75B3, 0x75B3, 0x75B3, 0x6DB3, 0x6DB3, 0x6D93, 0x75B3, 0x6DB3, 0x6D92,
    0x75B3, 0x6DB3, 0x6DB3, 0x6D93, 0x6DB3, 0x6D92, 0x6D92, 0x6D92, 0x6D93, 0x6DB3, 0x6DB3, 0x6DB3, 0x75D4, 0x75F4, 0x75D3, 0x6D93,
    0x75D3, 0x6DB3, 0x6D93, 0x6D93, 0x75B3, 0x6D93, 0x6572, 0x6D92, 0x6D93, 0x6D93, 0x6DB3, 0x75D4, 0x6DB3, 0x6DB3, 0x6DB3, 0x6DB3,
    0x75D3, 0x6DB3, 0x6D93, 0x6DB3, 0x8615, 0x75B3, 0x6D92, 0x6D93, 0x6D93, 0x6DB3, 0x6DB3, 0x75B3, 0x6DB3, 0x6DB3, 0x75D3, 0x6DB3
};

const short ground_tile_54[TILE_SIZE * TILE_SIZE] = {
    0x6DB3, 0x7DF4, 0x7DF4, 0x6DB3, 0x6DB3, 0x6DB3, 0x6DB3, 0x6D93, 0x6D93, 0x6D93, 0x6D93, 0x6DB3, 0x6DB3, 0x75B3, 0x75D3, 0x75D4,
    0x75D3, 0x6DB3, 0x6DB3, 0x6DB3, 0x6DB3, 0x6DB3, 0x75D4, 0x7DF4, 0x75B3, 0x6D93, 0x6DB3, 0x6DB3, 0x6DB3, 0x75D4, 0x75D4, 0x6DD3,
    0x6DB3, 0x6DB3, 0x6DB3, 0x6DB3, 0x6DB3, 0x6D93, 0x6D93, 0x75B3, 0x75B3, 0x75D4, 0x75D4, 0x6DB3, 0x75D3, 0x75B3, 0x75D3, 0x75D4,
    0x75D3, 0x75D3, 0x75D4, 0x7DD4, 0x6DB3, 0x6D93, 0x6D93, 0x6D93, 0x6D93, 0x7DF4, 0x7DF4, 0x6DB3, 0x6DD3, 0x6DB3, 0x6DB3, 0x75D3,
    0x6DB3, 0x6DD3, 0x75D4, 0x7DF5, 0x6DB3, 0x6D93, 0x6D93, 0x6D93, 0x6DB3, 0x6DB3, 0x6DB3, 0x6DD3, 0x6DD3, 0x6DB3, 0x75B3, 0x75D3,
    0x75D4, 0x6DB3, 0x6DB3, 0x75B3, 0x6D93, 0x6D93, 0x6D93, 0x6D93, 0x6D93, 0x6DB3, 0x6DB3, 0x6DB3, 0x75B3, 0x6DB3, 0x6D93, 0x6592,
    0x75B3, 0x6D93, 0x6D92, 0x6D93, 0x75B3, 0x6D92, 0x6D72, 0x6D72, 0x6D93, 0x6D93, 0x6D93, 0x75D4, 0x75F4, 0x75D4, 0x6DB3, 0x6592,
    0x6D92, 0x75B3, 0x75B3, 0x75B3, 0x6DB3, 0x6D93, 0x6D92, 0x6D92, 0x6D93, 0x6DB3, 0x6DB3, 0x6DB3, 0x6DD3, 0x6DD3, 0x6DB3, 0x6DB3,
    0x6D93, 0x75D4, 0x85F4, 0x85F4, 0x75B3, 0x6DB3, 0x6DB3, 0x6D93, 0x75B3, 0x7DF4, 0x75D4, 0x6592, 0x6DB3, 0x6DD3, 0x6DD3, 0x6DD3,
    0x75B3, 0x75D3, 0x75D3, 0x75B3, 0x6D93, 0x6DB3, 0x75B3, 0x75D4, 0x7DF5, 0x75D4, 0x6DB3, 0x6DB3, 0x6DB3, 0x6DB3, 0x6DD3, 0x75D4,
    0x75B3, 0x75B3, 0x75D3, 0x75B3, 0x75B3, 0x75D3, 0x75B3, 0x6DB3, 0x75D4, 0x6DD3, 0x6DB3, 0x6DB3, 0x6DD3, 0x75D3, 0x75D4, 0x75D3,
    0x6D93, 0x6DB3, 0x6DB3, 0x6DB3, 0x75D3, 0x6DB3, 0x6DB3, 0x6DB3, 0x6DB3, 0x6DB3, 0x6DB3, 0x75F3, 0x75D4, 0x75D4, 0x75D3, 0x75B3,
    0x6DB3, 0x6DB3, 0x75B3, 0x7DF4, 0x8615, 0x75B3, 0x6592, 0x6D93, 0x6D92, 0x6D92, 0x75D3, 0x8615, 0x7DF4, 0x75D4, 0x75F4, 0x7DF4,
    0x6DD3, 0x75D4, 0x75D4, 0x7DD4, 0x75B3, 0x6DB3, 0x6DB3, 0x6D93, 0x6D93, 0x6D92, 0x6D92, 0x6D92, 0x75B3, 0x75D3, 0x75B3, 0x6D92,
    0x6DB3, 0x6DB3, 0x75D4, 0x7DF4, 0x6DB3, 0x6D93, 0x6D93, 0x6D93, 0x75B3, 0x6D93, 0x6D93, 0x6DB3, 0x75D3, 0x6DD3, 0x6DB3, 0x6DB3,
    0x6DB3, 0x6DB3, 0x6DB3, 0x75D4, 0x75D3, 0x6D93, 0x6572, 0x6572, 0x6D72, 0x6572, 0x6D93, 0x6DB3, 0x6DB3, 0x75D3, 0x75D4, 0x75D4
};

const short ground_tile_55[TILE_SIZE * TILE_SIZE] = {
    0x75D4, 0x75B3, 0x6DB3, 0x6DB3, 0x6DB3, 0x75D4, 0x75D4, 0x6DB3, 0x75D4, 0x75D4, 0x6DD3, 0x6DB3, 0x75B4, 0x75B3, 0x6DB3, 0x6DB3,
    0x6DB3, 0x6DD3, 0x75D4, 0x75D4, 0x7DD4, 0x75D4, 0x6DB3, 0x6DB3, 0x75D4, 0x75D4, 0x75B3, 0x6D93, 0x6D93, 0x6DB3, 0x6DB3, 0x6DB3,
    0x8615, 0x75F4, 0x6DD3, 0x6DB3, 0x75B3, 0x75B3, 0x75B3, 0x6DB3, 0x75B3, 0x6DB3, 0x6D93, 0x6D93, 0x6DB3, 0x75D4, 0x75D4, 0x6DB3,
    0x8E35, 0x7DF4, 0x6DB3, 0x6DB3, 0x75D3, 0x75B3, 0x75D4, 0x7DF5, 0x6DB3, 0x6D93, 0x6D92, 0x6592, 0x6DB3, 0x7DF4, 0x7DF4, 0x6DB3,
    0x6D93, 0x6DB3, 0x75B3, 0x75B3, 0x6D93, 0x6DB3, 0x75D4, 0x85F5, 0x75D4, 0x6DB3, 0x6D93, 0x6D93, 0x6DB3, 0x6DB3, 0x6DB3, 0x6DB3,
    0x6592, 0x6DB3, 0x75D3, 0x75B3, 0x7593, 0x6D93, 0x75B3, 0x7DD4, 0x75D4, 0x75D4, 0x75B3, 0x6DB3, 0x6DB3, 0x6DB3, 0x6DB3, 0x75B3,
    0x6592, 0x6D93, 0x6D93, 0x6D92, 0x6D93, 0x6572, 0x6592, 0x75B3, 0x75D3, 0x75B3, 0x6DB3, 0x6DB3, 0x6DB3, 0x6DB3, 0x6DB3, 0x6D93,
    0x6DB3, 0x6DB3, 0x6DB3, 0x6DB3, 0x6DB3, 0x6D93, 0x6D92, 0x6D92, 0x6592, 0x6592, 0x6592, 0x6592, 0x75B3, 0x75B3, 0x6DB3, 0x6DB3,
    0x8615, 0x7DF4, 0x75B3, 0x6DB3, 0x75B3, 0x75B3, 0x75B3, 0x6DB3, 0x6DB3, 0x65B3, 0x65B3, 0x6DB3, 0x8615, 0x7DF5, 0x75D4, 0x6DB3,
    0x8615, 0x7DD4, 0x75B3, 0x6DB3, 0x6DB3, 0x6DB3, 0x6DD3, 0x75D3, 0x6DB3, 0x6DB3, 0x6DB3, 0x75D4, 0x8E36, 0x7DD4, 0x6D93, 0x6DB3,
    0x75D3, 0x6DB3, 0x6DB3, 0x6DB3, 0x75D3, 0x75D4, 0x75D3, 0x6DB3, 0x6DB3, 0x75D3, 0x75D3, 0x75D3, 0x7DF4, 0x6DB3, 0x6D93, 0x6DB3,
    0x6DB3, 0x6D93, 0x6DB3, 0x75B3, 0x75B3, 0x75D3, 0x6DD3, 0x6DD3, 0x75D3, 0x6DB3, 0x6DB3, 0x6DB3, 0x6DB3, 0x6D93, 0x6DB3, 0x75D3,
    0x6DB3, 0x6DB3, 0x6DB3, 0x6D93, 0x6DB3, 0x6DB3, 0x6DB3, 0x7DF4, 0x8E15, 0x75B3, 0x6D93, 0x75D4, 0x6D93, 0x6DB3, 0x75B3, 0x75D3,
    0x6DB3, 0x6DB3, 0x6DB3, 0x6DB3, 0x6DB3, 0x6DD3, 0x7E14, 0x8E36, 0x6DB3, 0x6D93, 0x6DB3, 0x7593, 0x6DB3, 0x6DB3, 0x6DB3, 0x75D3,
    0x75D3, 0x6DB3, 0x6DB3, 0x6D93, 0x6D93, 0x6DB3, 0x75D3, 0x75D4, 0x6DB3, 0x6DB3, 0x6DB3, 0x75B3, 0x75B4, 0x6DB3, 0x6D93, 0x6D92,
    0x6DB3, 0x6DB3, 0x6DB3, 0x6592, 0x6D93, 0x6DB3, 0x6DB3, 0x6DB3, 0x75B3, 0x6DB3, 0x6DB3, 0x75B3, 0x85F5, 0x75B3, 0x6D92, 0x6D93
};

const short ground_tile_56[TILE_SIZE * TILE_SIZE] = {
    0x6DB3, 0x6DB3, 0x75B3, 0x6DB3, 0x75F4, 0x75D4, 0x75B3, 0x6DB3, 0x6DB3, 0x7DD4, 0x75D4, 0x6DB3, 0x6DB3, 0x6DB3, 0x6DB3, 0x6DB3,
    0x6DB3, 0x75D3, 0x75D3, 0x6DB3, 0x75B3, 0x75B3, 0x75D3, 0x75D4, 0x75B3, 0x75B3, 0x6DB3, 0x6D93, 0x6DB3, 0x6DB3, 0x75D4, 0x7DF5,
    0x75B3, 0x75B3, 0x6DB3, 0x6DB3, 0x85F5, 0x75D4, 0x6DB3, 0x6DB3, 0x6DB3, 0x6DB3, 0x6DB3, 0x6DB3, 0x6D93, 0x6D93, 0x6D93, 0x6DB3,
    0x6DB3, 0x6DB3, 0x6DB3, 0x75B3, 0x8615, 0x7DD4, 0x6DB3, 0x6DB3, 0x6DB3, 0x6DB3, 0x75D3, 0x7DD4, 0x6D93, 0x6D72, 0x6572, 0x6D92,
    0x6D92, 0x6D92, 0x6D92, 0x6D72, 0x6572, 0x6D92, 0x6DB3, 0x6DB3, 0x6D92, 0x6DB3, 0x75D4, 0x7DF4, 0x6D93, 0x6D93, 0x6D93, 0x6D93,
    0x75B3, 0x6D92, 0x6D72, 0x6572, 0x6592, 0x6D92, 0x6DB3, 0x75B3, 0x75B3, 0x6DB3, 0x6DB3, 0x75B3, 0x6D93, 0x6D93, 0x6DB3, 0x6DB3,
    0x75D3, 0x75B3, 0x6D93, 0x6D92, 0x6592, 0x6DB3, 0x6DB3, 0x6D93, 0x75D4, 0x6DB3, 0x6D93, 0x6DB3, 0x6DB3, 0x6D72, 0x6D72, 0x75B3,
    0x6DB3, 0x6DB3, 0x75B3, 0x6DB3, 0x75D3, 0x6DB3, 0x6DB3, 0x6DB3, 0x75B3, 0x75D4, 0x75D4, 0x75B3, 0x6DB3, 0x6D93, 0x6D93, 0x6D93,
    0x6DD3, 0x6DD3, 0x6DB3, 0x75D3, 0x9656, 0x7DF4, 0x6DB3, 0x6DB3, 0x75B3, 0x7DF5, 0x8615, 0x7DD4, 0x75B3, 0x6DB3, 0x6D93, 0x6D92,
    0x6DD3, 0x6DB3, 0x6DB3, 0x75D4, 0x8615, 0x7DD4, 0x75B3, 0x75B3, 0x75D3, 0x75D4, 0x75D4, 0x75D3, 0x6D93, 0x6D93, 0x6DB3, 0x75D4,
    0x6DB3, 0x6DB3, 0x75B3, 0x75D3, 0x75B3, 0x6DB3, 0x6DB3, 0x75D3, 0x75D3, 0x75D4, 0x75D4, 0x75D3, 0x6DB3, 0x6DB3, 0x6DB3, 0x75D3,
    0x75D3, 0x75B3, 0x75B3, 0x75B3, 0x6D93, 0x6DB3, 0x75B3, 0x75D3, 0x75D4, 0x75D4, 0x75D3, 0x75D3, 0x75D4, 0x6DB3, 0x6DB3, 0x6DB3,
    0x75D4, 0x75B3, 0x6DB3, 0x6D93, 0x6DB3, 0x75B3, 0x75B3, 0x6D93, 0x75D4, 0x6DD3, 0x6DD3, 0x75F4, 0x85F5, 0x75B3, 0x6D92, 0x6DB3,
    0x6DB3, 0x6DB3, 0x6DB3, 0x75D4, 0x6DD3, 0x75D3, 0x75B3, 0x6DB3, 0x6DD3, 0x75D4, 0x75D3, 0x6DB3, 0x6DB3, 0x6DB3, 0x6DB3, 0x6D93,
    0x6D93, 0x75B3, 0x75D4, 0x7DD4, 0x6DB3, 0x6DB3, 0x6DB3, 0x75B3, 0x6DB3, 0x6DB3, 0x75D4, 0x8615, 0x75D4, 0x6DB3, 0x6D92, 0x6D93,
    0x6D93, 0x6D93, 0x6D93, 0x6D93, 0x6DB3, 0x6DB3, 0x6DB3, 0x6DB3, 0x6D93, 0x6D93, 0x6DB3, 0x75D3, 0x6DB3, 0x6D93, 0x6592, 0x6DB3
};

const short ground_tile_57[TILE_SIZE * TILE_SIZE] = {
    0x75D4, 0x75D3, 0x6DB3, 0x75B3, 0x6D93, 0x6D93, 0x6D93, 0x6D92, 0x6DB3, 0x75B3, 0x6DB3, 0x6DB3, 0x75B3, 0x75D4, 0x75D3, 0x6DB3,
    0x8E36, 0x7DF4, 0x6DB3, 0x6D93, 0x6D93, 0x75B3, 0x75B3, 0x6D93, 0x6D92, 0x6DB3, 0x75B3, 0x75B3, 0x75D3, 0x6DB3, 0x6D92, 0x6D92,
    0x75D4, 0x7DF4, 0x7DD4, 0x6DB3, 0x6DB3, 0x6DB3, 0x75B3, 0x75D3, 0x85F5, 0x75D4, 0x6DB3, 0x6DB3, 0x6DB3, 0x6DB3, 0x6DB3, 0x6DB3,
    0x6D93, 0x7DF4, 0x7DF5, 0x6DB3, 0x6DB3, 0x6DB3, 0x6DB3, 0x75D4, 0x8E15, 0x7DD4, 0x6DB3, 0x6DB3, 0x75B3, 0x6DB3, 0x75D4, 0x7DF4,
    0x75B3, 0x75B3, 0x6DB3, 0x6DB3, 0x75D3, 0x75B3, 0x75B3, 0x75D3, 0x6D93, 0x6D93, 0x6DB3, 0x75D3, 0x6D93, 0x6DB3, 0x75B3, 0x7DD4,
    0x75B3, 0x6DB3, 0x6DB3, 0x75B3, 0x75B3, 0x6DB3, 0x6D93, 0x6D92, 0x6DB3, 0x6DB3, 0x75D3, 0x75D3, 0x75B3, 0x6DB3, 0x6DB3, 0x7593,
    0x6DB3, 0x6D93, 0x6D93, 0x75B3, 0x75B3, 0x75B3, 0x6DB3, 0x6D93, 0x6592, 0x6DB3, 0x75B3, 0x6DB3, 0x6D93, 0x6D92, 0x6D92, 0x75B3,
    0x6D92, 0x6D93, 0x6DB3, 0x6D93, 0x6DB3, 0x6DB3, 0x6DB3, 0x6DB3, 0x75D3, 0x6DB3, 0x6DB3, 0x6DB3, 0x6D93, 0x75B3, 0x75D4, 0x75B3,
    0x75B3, 0x85F5, 0x7DF4, 0x6D93, 0x6DB3, 0x6DB3, 0x6DB3, 0x75B3, 0x9656, 0x7DF4, 0x6DD3, 0x75D3, 0x75B3, 0x7DF4, 0x8615, 0x7DF4,
    0x8615, 0x7DF4, 0x75D4, 0x6DD3, 0x75D3, 0x6DB3, 0x6DB3, 0x6DB3, 0x7DF4, 0x75D4, 0x75D3, 0x6DB3, 0x75B3, 0x75D4, 0x75D4, 0x75B3,
    0x7DF4, 0x75D4, 0x6DB3, 0x6DB3, 0x6DD3, 0x75B3, 0x75D3, 0x75D3, 0x75D3, 0x75D3, 0x75D3, 0x75D3, 0x75B3, 0x75B3, 0x75B3, 0x6DB3,
    0x75B3, 0x6DB3, 0x6DB3, 0x6DD3, 0x75D3, 0x75D3, 0x75D3, 0x75D3, 0x75D4, 0x75D4, 0x75D4, 0x75D4, 0x75D3, 0x75D3, 0x75D3, 0x6DD3,
    0x75B3, 0x6DB3, 0x6DB3, 0x75D4, 0x75D4, 0x75D3, 0x6DB3, 0x6DB3, 0x8E35, 0x8E35, 0x7DF4, 0x6DD3, 0x75D3, 0x6DD3, 0x6DD4, 0x75F4,
    0x6DB3, 0x6DB3, 0x6DB3, 0x75B3, 0x6DB3, 0x6DB3, 0x6DB3, 0x6DB3, 0x6DD3, 0x75D3, 0x75D3, 0x6DB3, 0x75F4, 0x75F4, 0x75D4, 0x75D4,
    0x75B3, 0x6DB3, 0x6D93, 0x6D92, 0x6592, 0x6DB3, 0x75D4, 0x7DF4, 0x6DB3, 0x6DB3, 0x6DB3, 0x6DB3, 0x6D92, 0x6D93, 0x6DB3, 0x7DD4,
    0x8615, 0x7DD4, 0x6DB3, 0x6DB3, 0x6D93, 0x6D93, 0x6DB3, 0x6DB3, 0x6D93, 0x6DB3, 0x6DB3, 0x6DB3, 0x6D92, 0x6D93, 0x6DB3, 0x6DB3
};

const short ground_tile_58[TILE_SIZE * TILE_SIZE] = {
    0x75D3, 0x6DB3, 0x6DB3, 0x6592, 0x7DD4, 0x75B3, 0x6DB3, 0x75B3, 0x6DB3, 0x6DB3, 0x6DB3, 0x6DB3, 0x6DB3, 0x6DB3, 0x6DB3, 0x75D3,
    0x75D4, 0x7DD4, 0x75D3, 0x6D93, 0x75B3, 0x75B3, 0x6DB3, 0x6DB3, 0x75B3, 0x75D3, 0x75D3, 0x6DB3, 0x6DB3, 0x6DB3, 0x75D3, 0x75D4,
    0x75B3, 0x6DB3, 0x6D93, 0x6D93, 0x6DB3, 0x7DF4, 0x7DF4, 0x6DD3, 0x75D3, 0x75D3, 0x6DD3, 0x75D4, 0x8615, 0x7DD4, 0x6DB3, 0x6DB3,
    0x6DB3, 0x6D93, 0x6D92, 0x6D92, 0x6D93, 0x85F5, 0x8615, 0x6DB3, 0x6DD3, 0x6DB3, 0x6DB3, 0x75D4, 0x8635, 0x7DF4, 0x6DB3, 0x6DB3,
    0x75B3, 0x6D92, 0x6D92, 0x6D92, 0x6DB3, 0x6DB3, 0x6DB3, 0x6D92, 0x6D92, 0x6D92, 0x6DB3, 0x75D3, 0x6D92, 0x6592, 0x6D92, 0x6DB3,
    0x75B3, 0x75B3, 0x75B3, 0x6D93, 0x6D92, 0x6D93, 0x6DB3, 0x75B3, 0x6D93, 0x6D93, 0x6D93, 0x6DB3, 0x6D92, 0x6D93, 0x6DB3, 0x75B3,
    0x75D3, 0x6D92, 0x6D92, 0x6DB3, 0x6D92, 0x6D92, 0x6D93, 0x6DB3, 0x6D92, 0x6D92, 0x6D93, 0x6D93, 0x6D92, 0x75B3, 0x75B3, 0x6D93,
    0x6DB3, 0x6D92, 0x6592, 0x6D92, 0x6DB3, 0x6DB3, 0x6DB3, 0x6D92, 0x6572, 0x6DB3, 0x75B3, 0x6D93, 0x6DB3, 0x6DB3, 0x6DB3, 0x6DB3,
    0x6DB3, 0x6DB3, 0x6592, 0x6572, 0x75D4, 0x7DF5, 0x75D4, 0x6592, 0x6593, 0x6DB3, 0x75B3, 0x75B3, 0x8E35, 0x75D4, 0x6DB3, 0x75D3,
    0x6D92, 0x6D92, 0x6D93, 0x6DB3, 0x7E15, 0x75D4, 0x6DB4, 0x6DB3, 0x6DD3, 0x6DB3, 0x6D93, 0x6D72, 0x75B3, 0x75B3, 0x75B3, 0x75B3,
    0x6DB3, 0x6DB3, 0x6D93, 0x6D93, 0x7DF4, 0x6DD3, 0x6DB3, 0x6DD3, 0x75D4, 0x6DD3, 0x6DB3, 0x6D93, 0x6D92, 0x6D92, 0x6D92, 0x75B3,
    0x75D3, 0x6DB3, 0x6DB3, 0x6DB3, 0x6DB3, 0x6DB3, 0x6DB3, 0x75D3, 0x75D4, 0x75D3, 0x6DB3, 0x6DB3, 0x75B3, 0x75B3, 0x75B3, 0x75B3,
    0x8615, 0x75B3, 0x6D93, 0x75D3, 0x6D93, 0x6D93, 0x6DB3, 0x75D4, 0x75D3, 0x6DD3, 0x6DB3, 0x6DB3, 0x7E15, 0x8E15, 0x85F4, 0x6DB3,
    0x6DB3, 0x6DB3, 0x6D93, 0x6DB3, 0x6DB3, 0x6D93, 0x6D93, 0x6DB3, 0x6DD3, 0x6DB3, 0x6DB3, 0x75D4, 0x75D3, 0x75D3, 0x75B3, 0x6DB3,
    0x75D3, 0x6D93, 0x6D93, 0x6D93, 0x75D3, 0x75B3, 0x6DB3, 0x6DB3, 0x6D92, 0x6DB3, 0x75D4, 0x7DF4, 0x6DB3, 0x6DB3, 0x6DB3, 0x6DB3,
    0x75D3, 0x6DB3, 0x6DB3, 0x6DB3, 0x8615, 0x75B3, 0x6592, 0x6D92, 0x6D93, 0x6DB3, 0x6D93, 0x6592, 0x6592, 0x6D93, 0x6DB3, 0x6D92
};

const short ground_tile_59[TILE_SIZE * TILE_SIZE] = {
    0x6DD4, 0x75D3, 0x6DB3, 0x6D92, 0x6DB3, 0x6DB3, 0x6DB3, 0x6593, 0x6DB3, 0x6DB3, 0x6DB3, 0x6D92, 0x75B3, 0x6D93, 0x6D93, 0x6D93,
    0x75B3, 0x6DB3, 0x6593, 0x6592, 0x6DB3, 0x6DD4, 0x75D4, 0x7DF4, 0x6DB3, 0x6DB3, 0x6DB3, 0x6D92, 0x6DB3, 0x75D4, 0x75B3, 0x6572,
    0x6DB3, 0x6DB3, 0x6D93, 0x6D93, 0x6DB3, 0x6D93, 0x6D93, 0x6D93, 0x6DB3, 0x75D4, 0x75D4, 0x6DB3, 0x75D3, 0x75D3, 0x75B3, 0x6DB3,
    0x6DB3, 0x6DB3, 0x6DB3, 0x75B4, 0x6592, 0x6572, 0x6592, 0x6592, 0x6D93, 0x75D4, 0x7DF4, 0x6DB3, 0x6DB3, 0x6DB3, 0x75B3, 0x75B4,
    0x6D93, 0x6D93, 0x75B3, 0x7DD4, 0x6D93, 0x6D93, 0x6D93, 0x6D93, 0x6DB3, 0x6DB3, 0x6D93, 0x6DB3, 0x6D92, 0x6D93, 0x75D4, 0x8615,
    0x75B3, 0x6DB3, 0x75B3, 0x7DF4, 0x7DF4, 0x6DB3, 0x6D93, 0x6DB3, 0x6D93, 0x6D92, 0x6D92, 0x6DB3, 0x75D4, 0x75B3, 0x6D93, 0x6D93,
    0x75B3, 0x6D93, 0x6DB3, 0x75D4, 0x75D4, 0x6D93, 0x6572, 0x6D92, 0x6DB3, 0x6D93, 0x6D92, 0x6D93, 0x7DD4, 0x75D3, 0x6DB3, 0x6D92,
    0x75D3, 0x75D4, 0x75D3, 0x6DB3, 0x6DB3, 0x6D92, 0x6592, 0x6592, 0x6D93, 0x6DB3, 0x6D93, 0x6592, 0x6DB3, 0x6DB3, 0x6DB3, 0x6DB3,
    0x75D3, 0x75D4, 0x7DD4, 0x75D3, 0x6D92, 0x6DB3, 0x6DB3, 0x75D3, 0x75B3, 0x7DF4, 0x7DD4, 0x6D92, 0x6D93, 0x6DB3, 0x6DB3, 0x6DB3,
    0x75B3, 0x75B3, 0x75D3, 0x75B3, 0x6592, 0x6D92, 0x6DB3, 0x75D4, 0x85F5, 0x75D4, 0x6DB3, 0x6DB3, 0x6DB3, 0x6DB3, 0x75D3, 0x75F4,
    0x75B3, 0x75B3, 0x6DB3, 0x6DB3, 0x6DB3, 0x75D3, 0x75B3, 0x6DB3, 0x75B3, 0x6DB3, 0x6DB3, 0x6DB3, 0x6DB3, 0x75B3, 0x75B3, 0x6DD3,
    0x75B3, 0x75B3, 0x6DB3, 0x6DD3, 0x75D4, 0x6DB3, 0x6D93, 0x6D93, 0x6D93, 0x6DB3, 0x6DB3, 0x6DB3, 0x75D3, 0x75B3, 0x6DB3, 0x6DB3,
    0x75D3, 0x6DB3, 0x6DB3, 0x75D4, 0x8E35, 0x75D3, 0x6592, 0x6DB3, 0x6D72, 0x6D92, 0x75B3, 0x75D4, 0x75B3, 0x75D3, 0x75D3, 0x75D3,
    0x6DB3, 0x75D4, 0x7DD4, 0x7DD4, 0x6DB3, 0x6D92, 0x6D92, 0x6D93, 0x6DB3, 0x6D93, 0x6D92, 0x6D92, 0x6D93, 0x75B3, 0x6D93, 0x6552,
    0x6D93, 0x6DB3, 0x75B3, 0x75D4, 0x6DB3, 0x6D92, 0x6572, 0x6D72, 0x7DF4, 0x75B3, 0x6D93, 0x6D93, 0x6D93, 0x6D93, 0x6D93, 0x6DB3,
    0x6D93, 0x6DB3, 0x6DB3, 0x6DB3, 0x6DB3, 0x6D92, 0x6572, 0x6572, 0x6D93, 0x6D93, 0x6D93, 0x6DB3, 0x75B3, 0x75B3, 0x75B3, 0x75B3
};

const short ground_tile_60[TILE_SIZE * TILE_SIZE] = {
    0x75B3, 0x75B4, 0x75D4, 0x75D4, 0x75D3, 0x6DB3, 0x6DB3, 0x6DB3, 0x6D93, 0x6D92, 0x6D93, 0x6DB3, 0x75B3, 0x6DB3, 0x6D93, 0x6D93,
    0x6DB3, 0x6DD3, 0x75D4, 0x75D3, 0x6DB3, 0x6DB3, 0x6DB3, 0x6D93, 0x6D93, 0x6D92, 0x6D93, 0x6D93, 0x6D93, 0x6D92, 0x6592, 0x6592,
    0x75D4, 0x6DD3, 0x6DB3, 0x6DB3, 0x6DB3, 0x6DB3, 0x6DB3, 0x75D4, 0x6DB3, 0x6572, 0x6572, 0x6D92, 0x6592, 0x6D93, 0x6DB3, 0x6DB3,
    0x9EB8, 0x8635, 0x6DB3, 0x6DB3, 0x6D93, 0x6DB3, 0x7DD4, 0x85F5, 0x6D93, 0x6DB3, 0x6DB3, 0x6DB3, 0x6DB3, 0x7DD4, 0x85F5, 0x85F5,
    0x75D4, 0x75D4, 0x75B3, 0x6D93, 0x6D92, 0x6DB3, 0x75D3, 0x7DD4, 0x6D93, 0x6DB3, 0x6DB3, 0x6DB3, 0x6DB3, 0x75B3, 0x75B3, 0x6DB3,
    0x6D92, 0x75D4, 0x75D4, 0x6DB3, 0x6592, 0x6D93, 0x75D4, 0x8615, 0x75B3, 0x6D93, 0x6D93, 0x6D92, 0x6572, 0x6D92, 0x6D93, 0x6D92,
    0x6DB3, 0x6D93, 0x6D93, 0x6DB3, 0x75D3, 0x6DB3, 0x6DB3, 0x6DB3, 0x6DB3, 0x6D92, 0x6D92, 0x6D93, 0x6D93, 0x6D92, 0x6D93, 0x75B3,
    0x75B3, 0x6DB3, 0x75B3, 0x75B3, 0x6DB3, 0x75D3, 0x75D4, 0x75B3, 0x75D3, 0x6D93, 0x6592, 0x6592, 0x75B3, 0x75D4, 0x75D4, 0x75D4,
    0x75D3, 0x75D3, 0x75D3, 0x75D3, 0x6D93, 0x6DB3, 0x6DB3, 0x75D3, 0x6DB3, 0x6DB3, 0x6DB3, 0x75B3, 0x8E36, 0x7DD4, 0x6DB3, 0x6DB3,
    0x6DD3, 0x6DB3, 0x75D3, 0x75D4, 0x75B3, 0x6DB3, 0x6DB3, 0x6D93, 0x6D93, 0x6DB3, 0x75D3, 0x75D3, 0x7DF4, 0x75B3, 0x6DB3, 0x75D4,
    0x7DF4, 0x75D4, 0x75D3, 0x75D3, 0x75B3, 0x6D93, 0x6D93, 0x6D93, 0x75D3, 0x75D3, 0x75D3, 0x6DD3, 0x6DB3, 0x6DB3, 0x6DB3, 0x75D3,
    0x9E76, 0x8635, 0x75D4, 0x6DB3, 0x75D3, 0x6D92, 0x6592, 0x6DB3, 0x8E35, 0x8615, 0x7DF4, 0x75F4, 0x6D93, 0x6D93, 0x6D93, 0x6D93,
    0x75F4, 0x75D4, 0x75D4, 0x75B3, 0x75B3, 0x6DB3, 0x75F4, 0x8636, 0x75D4, 0x75D4, 0x6DD4, 0x6DD3, 0x6DB3, 0x6DB3, 0x6D93, 0x6D93,
    0x6DB3, 0x6DB3, 0x6D93, 0x6D93, 0x6D93, 0x6DB3, 0x75D4, 0x75F4, 0x75D4, 0x6DD4, 0x6DB3, 0x6DB3, 0x6DB3, 0x6D93, 0x6592, 0x6592,
    0x6DB3, 0x6DB3, 0x6592, 0x6572, 0x75B3, 0x75D4, 0x75D4, 0x6DD3, 0x75D4, 0x6DD3, 0x65B3, 0x6593, 0x75B3, 0x6D93, 0x6592, 0x6D92,
    0x6DB3, 0x6DB3, 0x6D93, 0x6D92, 0x75B3, 0x6DB3, 0x6DB3, 0x6DB3, 0x6DB3, 0x75B3, 0x6DB3, 0x6DB3, 0x75B3, 0x75B3, 0x75B3, 0x6DB3
};

const short ground_tile_61[TILE_SIZE * TILE_SIZE] = {
    0x6D93, 0x6D93, 0x6D93, 0x75B3, 0x85F5, 0x7DF4, 0x75D4, 0x6DB3, 0x75B3, 0x6DB3, 0x6D92, 0x6592, 0x6D92, 0x6D92, 0x6D93, 0x6D93,
    0x6D93, 0x6D93, 0x6DB3, 0x75D4, 0x75D4, 0x75D4, 0x75B3, 0x6DB3, 0x6DB3, 0x6DB3, 0x6DB3, 0x6D93, 0x6D93, 0x6D93, 0x7593, 0x75B3,
    0x6DB3, 0x6593, 0x6D93, 0x75B3, 0x75D4, 0x75D3, 0x6DB3, 0x6D93, 0x6D93, 0x6D93, 0x75D3, 0x7DF4, 0x6DB3, 0x6D93, 0x6D93, 0x6D93,
    0x6DB3, 0x6DB3, 0x6DB3, 0x6DB3, 0x8615, 0x7DF4, 0x6DB3, 0x6DB3, 0x6D93, 0x6DB3, 0x75D4, 0x7DF5, 0x6D93, 0x6D93, 0x6D93, 0x6DB3,
    0x6D92, 0x6D93, 0x6D93, 0x6DB3, 0x75B3, 0x75B3, 0x6DB3, 0x6D93, 0x6D93, 0x6DB3, 0x75D4, 0x7DF4, 0x6DB3, 0x6D93, 0x6D93, 0x6D93,
    0x6592, 0x6D92, 0x6DB3, 0x75B3, 0x6DB3, 0x7DD4, 0x7DD4, 0x6DB3, 0x6D93, 0x6D93, 0x7DF4, 0x8E56, 0x75B3, 0x6DB3, 0x6D93, 0x6D93,
    0x6D92, 0x6D92, 0x6D92, 0x6D92, 0x6592, 0x6592, 0x6D93, 0x6D93, 0x6DB3, 0x6DB3, 0x75D4, 0x75D4, 0x6DB3, 0x6D93, 0x6D92, 0x6D93,
    0x6DB3, 0x6DB3, 0x6D92, 0x6572, 0x6592, 0x6592, 0x6592, 0x6D93, 0x6DB3, 0x75D4, 0x75D4, 0x6DB3, 0x75D3, 0x6DB3, 0x6D93, 0x6592,
    0x6DB3, 0x6DB3, 0x6DB3, 0x6D92, 0x6D93, 0x6D93, 0x6DB3, 0x6DB3, 0x6DB3, 0x6DB3, 0x6DB3, 0x6DB3, 0x6DB3, 0x6DD3, 0x6DB3, 0x6D93,
    0x75D4, 0x75D3, 0x75B3, 0x75D3, 0x75D3, 0x6DB3, 0x6DB3, 0x75D3, 0x75D3, 0x75B3, 0x6DB3, 0x6DB3, 0x6D93, 0x6D93, 0x6DB3, 0x6DB3,
    0x75B3, 0x6DB3, 0x75B3, 0x75D4, 0x7DF4, 0x7DD4, 0x75D4, 0x75D4, 0x75B3, 0x6DB3, 0x6592, 0x6592, 0x75D3, 0x75B3, 0x6DB3, 0x6DB3,
    0x75B3, 0x6DB3, 0x6D93, 0x6DB3, 0x8615, 0x85F5, 0x7DD4, 0x75B3, 0x75D3, 0x6D92, 0x6592, 0x6DB3, 0x8E15, 0x85F5, 0x75D4, 0x6DD3,
    0x6DB3, 0x6DB3, 0x6D93, 0x6DB3, 0x6DB3, 0x6DD3, 0x6DB3, 0x6D92, 0x6DB3, 0x6DD3, 0x75F4, 0x7E15, 0x6D93, 0x6DB3, 0x6DB3, 0x6592,
    0x6D93, 0x75B3, 0x75D4, 0x75D4, 0x6DD3, 0x6DB3, 0x6DB3, 0x6DB3, 0x6DD3, 0x6DD3, 0x75D4, 0x7DF4, 0x6DD3, 0x6593, 0x6592, 0x6D93,
    0x6D93, 0x6DB3, 0x6DB3, 0x6DB3, 0x6DB3, 0x6DB3, 0x6DB3, 0x6DB3, 0x6DB3, 0x6DB3, 0x6DB3, 0x6592, 0x6DB3, 0x6593, 0x6592, 0x6592,
    0x6DB3, 0x6DB3, 0x6DB3, 0x75D4, 0x6DB3, 0x6DD3, 0x75D4, 0x75D4, 0x6DB3, 0x6DB3, 0x6592, 0x6592, 0x6DB3, 0x6DD3, 0x6DB3, 0x6DB3
};

const short ground_tile_62[TILE_SIZE * TILE_SIZE] = {
    0x6D93, 0x6D93, 0x6D93, 0x6592, 0x6DB3, 0x75D3, 0x75D4, 0x75D4, 0x6DB3, 0x75D4, 0x75D4, 0x6D93, 0x75B3, 0x6DB3, 0x6DB3, 0x6DB3,
    0x6DB3, 0x6DB3, 0x6DB3, 0x6DB3, 0x6DB3, 0x6DB3, 0x6DB3, 0x6DB3, 0x6DD3, 0x6DD3, 0x6DB3, 0x6DB3, 0x75B3, 0x75B3, 0x75B3, 0x75B3,
    0x6D93, 0x75D4, 0x75D4, 0x75D4, 0x6DD3, 0x6DB3, 0x6593, 0x6DB3, 0x7E15, 0x75D4, 0x6DB3, 0x6DB3, 0x6DD3, 0x6DB3, 0x75D4, 0x7DF5,
    0x6DB3, 0x8E15, 0x8E36, 0x6DB3, 0x6DB3, 0x6DB3, 0x6D93, 0x6DB3, 0x9E98, 0x8615, 0x6DB3, 0x6592, 0x6592, 0x6DB3, 0x7DD4, 0x8E15,
    0x6DB3, 0x75B3, 0x75B3, 0x6D92, 0x6D93, 0x6DB3, 0x6DB3, 0x6D92, 0x75B3, 0x75D4, 0x75B3, 0x6593, 0x6D93, 0x6DB3, 0x75B3, 0x75D4,
    0x6D93, 0x6D93, 0x6D93, 0x6D92, 0x6D93, 0x6DB3, 0x6DB3, 0x6D92, 0x6592, 0x6DB3, 0x75D3, 0x6DB3, 0x6DB3, 0x6DB3, 0x75B3, 0x75D3,
    0x6D72, 0x6572, 0x6572, 0x6D92, 0x6D92, 0x6D92, 0x6D93, 0x6DB3, 0x6D93, 0x6D92, 0x6D92, 0x6D93, 0x6D93, 0x6DB3, 0x6DB3, 0x75B3,
    0x6D92, 0x6D72, 0x6D72, 0x6D72, 0x6D72, 0x6D92, 0x6DB3, 0x6D93, 0x6DB3, 0x6D93, 0x6DB3, 0x75B3, 0x6DB3, 0x7DD4, 0x7DD4, 0x7DD4,
    0x7DB3, 0x6D93, 0x6572, 0x6D72, 0x6D93, 0x6DB3, 0x6DB3, 0x6DB3, 0x75D3, 0x6DB3, 0x6DB3, 0x75B3, 0x75B3, 0x75B3, 0x75B3, 0x75B3,
    0x75B3, 0x6DB3, 0x6D93, 0x75B3, 0x75B3, 0x75B3, 0x6DB3, 0x75B3, 0x6DB3, 0x6DB3, 0x6DB3, 0x6DB3, 0x75B3, 0x75B3, 0x6DB3, 0x6DB3,
    0x6D93, 0x6D92, 0x6D93, 0x6DB3, 0x75B3, 0x6DB3, 0x6DB3, 0x75D3, 0x7DF4, 0x75D4, 0x75D3, 0x6DD3, 0x75B3, 0x6DB3, 0x6DB3, 0x6DB3,
    0x6592, 0x6D92, 0x6D93, 0x6DB3, 0x6DB3, 0x6DB3, 0x6DB3, 0x6DB3, 0x8E36, 0x8615, 0x75F4, 0x6DB3, 0x6DB3, 0x6DB3, 0x6DD3, 0x7DF4,
    0x6592, 0x6572, 0x6592, 0x6D93, 0x75D4, 0x75B4, 0x6DB3, 0x6DB3, 0x6DB3, 0x6DD3, 0x6DB3, 0x6DB3, 0x6DB3, 0x75D3, 0x7DF4, 0x7DF5,
    0x6D93, 0x6D93, 0x6D93, 0x6D93, 0x6DB3, 0x6DB3, 0x6DB3, 0x6D93, 0x6D93, 0x6DB3, 0x6DB3, 0x6DB3, 0x75D3, 0x75D3, 0x75D4, 0x75D4,
    0x75D4, 0x6DB3, 0x6D93, 0x6DB3, 0x6DB3, 0x6DB3, 0x6DB3, 0x6DB3, 0x6DB3, 0x6DB3, 0x6D93, 0x6D93, 0x75B3, 0x75B3, 0x6DB3, 0x6DB3,
    0x8615, 0x75D4, 0x6DB3, 0x6DB3, 0x6DB3, 0x6DD3, 0x75D3, 0x75D3, 0x75D4, 0x6DB3, 0x6DB3, 0x75D3, 0x75B3, 0x6DB3, 0x6D93, 0x6D93
};

const short ground_tile_63[TILE_SIZE * TILE_SIZE] = {
    0x6D93, 0x6DB3, 0x6DB3, 0x6DB3, 0x75D4, 0x6DB3, 0x6DB3, 0x6D92, 0x6D93, 0x6DB3, 0x75B3, 0x6D93, 0x6593, 0x6DB3, 0x6DB3, 0x6DB3,
    0x6DB3, 0x6DB3, 0x6DB3, 0x6DB3, 0x6DB3, 0x75D4, 0x75D4, 0x6D93, 0x6D93, 0x6DB3, 0x6DB3, 0x6DB3, 0x6DB3, 0x6593, 0x6D93, 0x6DB3,
    0x6DB3, 0x6D93, 0x6D93, 0x6592, 0x6D93, 0x75F4, 0x75F4, 0x6DB3, 0x6DB3, 0x6DB3, 0x6DB3, 0x6DB3, 0x75F4, 0x6DD3, 0x6DB3, 0x6DB3,
    0x75B3, 0x6D93, 0x6592, 0x6572, 0x6572, 0x6593, 0x6DB3, 0x6DB3, 0x6DB3, 0x6DB3, 0x6DB3, 0x6DD4, 0x8E56, 0x7E15, 0x6DD3, 0x6DD3,
    0x6D93, 0x6D93, 0x6D92, 0x6D92, 0x6572, 0x6592, 0x6D93, 0x6DB3, 0x6DB3, 0x6DB3, 0x6DB3, 0x6593, 0x6DB3, 0x6DB3, 0x75B3, 0x6DB3,
    0x75B3, 0x7593, 0x6DB3, 0x6DB3, 0x6572, 0x6592, 0x6DB3, 0x6DB3, 0x75D4, 0x7DD4, 0x75B4, 0x6592, 0x6592, 0x7DD4, 0x7DF4, 0x75D3,
    0x75B3, 0x6DB3, 0x6DB3, 0x6D93, 0x6D93, 0x6592, 0x6592, 0x6D93, 0x6DB3, 0x6DB3, 0x6DB3, 0x6DB2, 0x6592, 0x6DB3, 0x6DB3, 0x6DB3,
    0x75D4, 0x75B3, 0x6DB3, 0x6DB3, 0x75B3, 0x6DB3, 0x6D93, 0x6D93, 0x6D92, 0x6D92, 0x6D92, 0x6D92, 0x75D3, 0x75B3, 0x6DB3, 0x6D93,
    0x6DB3, 0x75B3, 0x75D3, 0x75B3, 0x7DF4, 0x75B3, 0x6D93, 0x75B3, 0x6D93, 0x6DB3, 0x6DB3, 0x6DB3, 0x7DF4, 0x75D4, 0x6DB3, 0x6DB3,
    0x6DB3, 0x75B3, 0x75B3, 0x75B3, 0x7DD4, 0x75B3, 0x6DB3, 0x75D3, 0x75B3, 0x75B3, 0x75D3, 0x75D3, 0x75D4, 0x75B3, 0x6DB3, 0x75B3,
    0x75D4, 0x75B3, 0x6DB3, 0x75B3, 0x6DB3, 0x6DB3, 0x6DB3, 0x75B3, 0x75B3, 0x75B3, 0x75B3, 0x75D4, 0x7DF4, 0x75D4, 0x75D4, 0x75D4,
    0x8E36, 0x7DD4, 0x6DB3, 0x75D3, 0x6DB3, 0x6DB3, 0x6DB3, 0x6DB3, 0x75B3, 0x75B3, 0x75D4, 0x7DD4, 0x8E36, 0x8615, 0x75D4, 0x6DB3,
    0x6572, 0x6D93, 0x6DB3, 0x6DB3, 0x75F4, 0x75D4, 0x75D3, 0x6DB3, 0x75D4, 0x6DB3, 0x6D93, 0x75B3, 0x6DD3, 0x6DB3, 0x6DB3, 0x6D93,
    0x6DB3, 0x6DB3, 0x6DB3, 0x6DB3, 0x8615, 0x7DF4, 0x75D4, 0x7DF4, 0x6DB3, 0x6DB3, 0x6DB3, 0x6DB3, 0x6DD3, 0x6DB3, 0x6DB3, 0x6DB3,
    0x75D3, 0x75D3, 0x6DD3, 0x6DD3, 0x75D3, 0x6DB3, 0x6D92, 0x6DB3, 0x6D92, 0x6DB3, 0x6DB3, 0x6DD3, 0x7DD4, 0x75D4, 0x6DB3, 0x6D93,
    0x75B3, 0x7DF4, 0x7DF5, 0x75D3, 0x6DB3, 0x6D92, 0x6DB3, 0x6DB3, 0x6D93, 0x75B3, 0x75B3, 0x6DB3, 0x6DB3, 0x6DB3, 0x6DB3, 0x6DB3
};

const short ground_tile_64[TILE_SIZE * TILE_SIZE] = {
    0x75B3, 0x6DB3, 0x6DB3, 0x6DB3, 0x6DB3, 0x6D93, 0x6592, 0x6572, 0x6D92, 0x6D92, 0x6592, 0x6592, 0x6D93, 0x75D3, 0x75D4, 0x75D4,
    0x6D93, 0x6DB3, 0x6DB3, 0x6DB3, 0x75B3, 0x6D93, 0x6D92, 0x6572, 0x6D93, 0x6DB3, 0x6DB3, 0x6D93, 0x6DB3, 0x6DB3, 0x6DD3, 0x6DB3,
    0x6D93, 0x6DB3, 0x75D4, 0x7DF4, 0x6DB3, 0x6DB3, 0x6D92, 0x6572, 0x6D93, 0x6D93, 0x6D93, 0x6DB3, 0x6DB3, 0x6DB3, 0x6DB3, 0x6DB3,
    0x6DB3, 0x6DD3, 0x7DF4, 0x8615, 0x6D93, 0x6592, 0x6D92, 0x6DB3, 0x6DB3, 0x6D92, 0x6592, 0x6592, 0x6D93, 0x6DB3, 0x6D93, 0x6D93,
    0x6D93, 0x6DB3, 0x75D4, 0x75D4, 0x6D93, 0x6D92, 0x6D92, 0x6D92, 0x6592, 0x6D93, 0x6D93, 0x6592, 0x6D93, 0x6DB3, 0x6D93, 0x6572,
    0x6D93, 0x6D93, 0x7DF4, 0x8E56, 0x75D4, 0x6D93, 0x6D92, 0x6D72, 0x6572, 0x6572, 0x6592, 0x6DB3, 0x6DB3, 0x75B3, 0x6DB3, 0x6572,
    0x6DB3, 0x6592, 0x6D93, 0x6DB3, 0x6DB3, 0x6592, 0x6572, 0x6D72, 0x6DB3, 0x6DB3, 0x6D93, 0x6592, 0x6592, 0x6D92, 0x6D93, 0x6DB3,
    0x6D92, 0x6D93, 0x6D93, 0x6D93, 0x75D4, 0x6DD3, 0x6DB3, 0x6D93, 0x75D4, 0x7DD4, 0x75B3, 0x6592, 0x6D92, 0x6D93, 0x6DB3, 0x6DB3,
    0x6D93, 0x6592, 0x6D93, 0x6DB3, 0x6DB3, 0x75D3, 0x75D3, 0x75B3, 0x7DF4, 0x75B3, 0x6D92, 0x6D92, 0x6DB3, 0x6DB3, 0x6DB3, 0x6D92,
    0x75B3, 0x75B3, 0x6DB3, 0x6DB3, 0x75D3, 0x6DB3, 0x6DB3, 0x6DB3, 0x75B3, 0x6DB3, 0x6D93, 0x6DB3, 0x75B3, 0x75B3, 0x75D3, 0x75B3,
    0x75D3, 0x6DB3, 0x6DB3, 0x6DB3, 0x75D4, 0x75B3, 0x6D93, 0x6D93, 0x6D93, 0x6D92, 0x6D92, 0x6D93, 0x6DB3, 0x6DB3, 0x75B3, 0x75B3,
    0x75D3, 0x6DB3, 0x6592, 0x6DD3, 0x8E36, 0x7DF4, 0x6DB3, 0x6DB3, 0x6D93, 0x6DB3, 0x6D93, 0x6592, 0x6D93, 0x6DB3, 0x75B3, 0x75D4,
    0x6D93, 0x6DB2, 0x75D3, 0x8615, 0x75D4, 0x6DD4, 0x75D4, 0x75D4, 0x6DB3, 0x6D93, 0x6593, 0x6D93, 0x75D4, 0x6DB3, 0x6D93, 0x6D93,
    0x6DB3, 0x6DB3, 0x6DB3, 0x6DD3, 0x6DD3, 0x6DD3, 0x6DD3, 0x6DB3, 0x75B3, 0x6DB3, 0x6DB3, 0x6DB3, 0x6D93, 0x6D93, 0x6D93, 0x6D93,
    0x6DB3, 0x75D4, 0x75D4, 0x6DB3, 0x6DD3, 0x6DB3, 0x6DB3, 0x6DB3, 0x75D3, 0x6DB3, 0x6DB3, 0x6DB3, 0x6D93, 0x6D93, 0x6D93, 0x6D93,
    0x6D93, 0x6D93, 0x6D93, 0x6593, 0x75D4, 0x6DB3, 0x75D4, 0x7DF5, 0x7DF5, 0x75D4, 0x6DB3, 0x6DB3, 0x6DB3, 0x6DB3, 0x6DB3, 0x6DB3
};

const short ground_tile_65[TILE_SIZE * TILE_SIZE] = {
    0x75D4, 0x75D4, 0x75D4, 0x6D93, 0x75B3, 0x75B3, 0x75B3, 0x6DB3, 0x6D93, 0x6D93, 0x6DB3, 0x75D4, 0x7DF4, 0x75B3, 0x6D93, 0x6D93,
    0x6DB3, 0x6DB3, 0x6DB3, 0x6D93, 0x6DB3, 0x75D3, 0x75D4, 0x75B3, 0x75B3, 0x6DB3, 0x75D3, 0x75D4, 0x6DD3, 0x75D3, 0x6DB3, 0x6DB3,
    0x7DF5, 0x6DB4, 0x6DB3, 0x6DB3, 0x6DB3, 0x6DB3, 0x75D4, 0x7DF5, 0x75B3, 0x6DB3, 0x6DB3, 0x6DB3, 0x6DB3, 0x6DB3, 0x75B3, 0x6DB3,
    0x8E56, 0x8615, 0x75D4, 0x6DB3, 0x6D93, 0x6DB3, 0x75D4, 0x8615, 0x75B3, 0x6DB3, 0x6DB3, 0x6DB3, 0x6DB3, 0x6D93, 0x6D93, 0x6DB3,
    0x6D93, 0x75B3, 0x6DB3, 0x6DB3, 0x6D93, 0x6DB3, 0x6DB3, 0x75B3, 0x6DB3, 0x6DB3, 0x6D93, 0x6D92, 0x6D93, 0x6D93, 0x6D93, 0x6D93,
    0x6572, 0x6DB3, 0x75B3, 0x75B3, 0x75B3, 0x6D93, 0x6DB3, 0x75D4, 0x6DB3, 0x6D92, 0x6D72, 0x6572, 0x6D93, 0x75B3, 0x75B3, 0x6592,
    0x6D92, 0x6572, 0x6572, 0x6D72, 0x6D93, 0x6D93, 0x6DB3, 0x75B3, 0x6DB3, 0x6D93, 0x6D93, 0x6D93, 0x6D93, 0x6D92, 0x6D93, 0x6DB3,
    0x6DB3, 0x6D92, 0x6D92, 0x6D93, 0x6D92, 0x75B3, 0x75B3, 0x75B3, 0x75B3, 0x6DB3, 0x6D93, 0x6D92, 0x6DB3, 0x6D93, 0x6D93, 0x6D93,
    0x8615, 0x75D4, 0x6D93, 0x6D92, 0x6D93, 0x6DB3, 0x75B3, 0x6DB3, 0x6DB3, 0x6D93, 0x6D92, 0x6D93, 0x7DD4, 0x75B3, 0x6D93, 0x6DB3,
    0x75B4, 0x6D93, 0x6D93, 0x6D93, 0x75B3, 0x6DB3, 0x6D93, 0x6D93, 0x6DB3, 0x6D93, 0x6D92, 0x6D93, 0x75D4, 0x75B3, 0x75B3, 0x75B3,
    0x75B4, 0x75B3, 0x6DB3, 0x75B3, 0x75B3, 0x6DB3, 0x6DB3, 0x6DB3, 0x75D4, 0x6DB3, 0x6DB3, 0x6DB3, 0x6DB3, 0x6DB3, 0x6DB3, 0x75B3,
    0x8E36, 0x85F5, 0x75B3, 0x6DB3, 0x75D4, 0x6DB3, 0x6DB3, 0x75D4, 0x7DF5, 0x75D4, 0x75D3, 0x6DD3, 0x6DB3, 0x6D93, 0x6D92, 0x6D92,
    0x6DB3, 0x75B3, 0x75B3, 0x6DB3, 0x75D4, 0x6DD4, 0x75F4, 0x7E15, 0x6DB3, 0x6DB3, 0x6DB3, 0x6D93, 0x6DB3, 0x6D93, 0x6DB3, 0x75B3,
    0x6D93, 0x6D93, 0x6DB3, 0x6DB3, 0x6DB3, 0x6DB3, 0x6DD3, 0x75D4, 0x6DD4, 0x6DD3, 0x6DB3, 0x6DB3, 0x6DB3, 0x6D93, 0x6D93, 0x6D93,
    0x6DB3, 0x6DB3, 0x6D93, 0x6D93, 0x6DB3, 0x75B3, 0x75D3, 0x6DD3, 0x6DD4, 0x6DD4, 0x6DD3, 0x6DD3, 0x7DF4, 0x6DB3, 0x6D93, 0x6D92,
    0x75B3, 0x6DB3, 0x6DB3, 0x6DB3, 0x6DB3, 0x6D93, 0x6DB3, 0x6DB3, 0x75D4, 0x75F4, 0x75F4, 0x75D4, 0x6DB3, 0x6D93, 0x6D92, 0x6D93
};

const short ground_tile_66[TILE_SIZE * TILE_SIZE] = {
    0x6D93, 0x6D92, 0x6592, 0x6DB3, 0x6DB3, 0x75D4, 0x75D4, 0x6DB3, 0x75B3, 0x75B3, 0x6DB3, 0x6DB3, 0x6D93, 0x6D93, 0x75B3, 0x7DD4,
    0x6D93, 0x6D93, 0x6DB3, 0x6DB3, 0x6DB3, 0x6DB3, 0x6DB3, 0x6D93, 0x6D92, 0x6DB3, 0x6DB3, 0x6DB3, 0x6DB3, 0x6DB3, 0x75B3, 0x75D4,
    0x6DB3, 0x6D93, 0x6D93, 0x6D93, 0x75F4, 0x75D3, 0x6DB3, 0x6D92, 0x6D92, 0x6DB3, 0x75D3, 0x7DF4, 0x6DB3, 0x6DB3, 0x6D93, 0x6D93,
    0x6D93, 0x6DB3, 0x6DB3, 0x6DD3, 0x9656, 0x8615, 0x75D3, 0x6D93, 0x6572, 0x6DB3, 0x7DF4, 0x8615, 0x6D93, 0x6592, 0x6592, 0x6D92,
    0x6D92, 0x6D93, 0x6D93, 0x6593, 0x6DB3, 0x6DB3, 0x6D93, 0x6D92, 0x6DB3, 0x6DB3, 0x75D3, 0x75D4, 0x6D92, 0x6572, 0x6572, 0x6D93,
    0x6D93, 0x6DB3, 0x6DB3, 0x6592, 0x6592, 0x75D3, 0x75D4, 0x6DB3, 0x6DB3, 0x6DB3, 0x6DB3, 0x6D93, 0x6D92, 0x6D92, 0x6D92, 0x6D93,
    0x6D93, 0x6DB3, 0x6D93, 0x6592, 0x6572, 0x6572, 0x6D92, 0x6D92, 0x6DB3, 0x75B3, 0x6DB3, 0x6D93, 0x75B3, 0x6D93, 0x6D93, 0x6DB3,
    0x6D93, 0x6DB3, 0x6DB3, 0x6592, 0x6572, 0x6572, 0x6D92, 0x6DB3, 0x6DB3, 0x75D4, 0x7DD4, 0x6DB3, 0x75B3, 0x75D3, 0x6DB3, 0x6D93,
    0x6D93, 0x6DB3, 0x6DB3, 0x6592, 0x6D93, 0x6DB3, 0x6DB3, 0x6DB3, 0x6DB3, 0x6DB3, 0x75D4, 0x75D4, 0x6DB3, 0x75B3, 0x75B3, 0x6D93,
    0x6DB3, 0x6D93, 0x6D93, 0x6DB3, 0x75D3, 0x75B3, 0x75B3, 0x75B3, 0x75B3, 0x75B3, 0x75B3, 0x6DB3, 0x75B3, 0x75B3, 0x75B3, 0x6DB3,
    0x6D93, 0x6DB3, 0x75B3, 0x75D4, 0x8615, 0x7DF4, 0x75D4, 0x75D3, 0x75B3, 0x6DB3, 0x6DB3, 0x6DB3, 0x75D3, 0x75D3, 0x75B3, 0x6DB3,
    0x6DB3, 0x6D93, 0x75D4, 0x8E36, 0x8E56, 0x8615, 0x7DF4, 0x75B3, 0x75B3, 0x6D92, 0x6DB2, 0x75D4, 0x8615, 0x7DF4, 0x75D4, 0x75D3,
    0x75B3, 0x6DB3, 0x6D93, 0x6DB3, 0x6DB3, 0x6DD3, 0x6DB3, 0x6DB3, 0x6DB3, 0x6DB3, 0x75D3, 0x75D3, 0x6DB3, 0x6DB3, 0x6DB3, 0x6DB3,
    0x6D93, 0x6D93, 0x6DB3, 0x6DB3, 0x6DD3, 0x6DB3, 0x6DB3, 0x75B3, 0x6DD3, 0x75D3, 0x75B3, 0x6DB3, 0x6DD3, 0x6DB3, 0x6DB3, 0x6DB3,
    0x6D93, 0x75B3, 0x75D3, 0x6DB3, 0x75D3, 0x6DB3, 0x6DB3, 0x6DB3, 0x6DB3, 0x75D4, 0x75D4, 0x6DB3, 0x75D3, 0x6DB3, 0x6DB3, 0x6D93,
    0x75B3, 0x75D3, 0x75D3, 0x6DD3, 0x75D4, 0x75D4, 0x75D4, 0x75D4, 0x6DB3, 0x6DB3, 0x6DB3, 0x6DB3, 0x75B4, 0x75B3, 0x75D4, 0x7DD4
};

const short ground_tile_67[TILE_SIZE * TILE_SIZE] = {
    0x75B3, 0x6D72, 0x6572, 0x6572, 0x6D92, 0x6DB3, 0x75D4, 0x75D4, 0x6DB3, 0x6DB3, 0x6DB3, 0x6D93, 0x75B3, 0x6DB3, 0x6DB3, 0x6DB3,
    0x6DB3, 0x6592, 0x6592, 0x6593, 0x6DB3, 0x6DB3, 0x6DB3, 0x6D93, 0x6593, 0x6DB3, 0x6DB3, 0x6D93, 0x6D93, 0x6DB3, 0x75B3, 0x6DB3,
    0x6592, 0x6D93, 0x6DB3, 0x6DB3, 0x6DB3, 0x6DB3, 0x6DB3, 0x6DB3, 0x6DD3, 0x6DB3, 0x6DB3, 0x6DB3, 0x6DB3, 0x6DB3, 0x75D4, 0x7DF5,
    0x6D92, 0x6DB3, 0x6DB3, 0x6D92, 0x6D93, 0x6D93, 0x6DB3, 0x75D3, 0x9E97, 0x8635, 0x75D4, 0x6DB3, 0x6DB3, 0x6DB3, 0x7DF4, 0x8E15,
    0x6DB3, 0x6D93, 0x6D92, 0x6592, 0x6D92, 0x6DB3, 0x6DB3, 0x6DB3, 0x6DB3, 0x75D3, 0x75B3, 0x6DB3, 0x6DB3, 0x75B3, 0x75D3, 0x75D3,
    0x7DD4, 0x6D93, 0x6592, 0x6DB3, 0x6DB3, 0x6DB3, 0x6DB3, 0x6D92, 0x6572, 0x6D92, 0x75D3, 0x75D3, 0x75D3, 0x6DB3, 0x6DB3, 0x75D4,
    0x6DB3, 0x6DB3, 0x6DB3, 0x6592, 0x6592, 0x6DB3, 0x6DB3, 0x6DB3, 0x6592, 0x6D92, 0x6D92, 0x6D72, 0x6D92, 0x6DB3, 0x6DB3, 0x6DB3,
    0x6DB3, 0x75D3, 0x6DB3, 0x6572, 0x6592, 0x6DB3, 0x6DB3, 0x6DB3, 0x6DB3, 0x6DB3, 0x6D92, 0x6D72, 0x6D72, 0x6D93, 0x6DB3, 0x6DB3,
    0x75D3, 0x6DB3, 0x6D93, 0x6D92, 0x6DB3, 0x6DB3, 0x6DB3, 0x6DB3, 0x7DF4, 0x75B3, 0x6D93, 0x6D92, 0x6572, 0x6592, 0x6D93, 0x75D3,
    0x7593, 0x6D92, 0x6D92, 0x6D93, 0x75B3, 0x75B3, 0x75D4, 0x75D4, 0x75D4, 0x75B3, 0x6DB3, 0x75B3, 0x6D93, 0x6D93, 0x6D92, 0x6DB3,
    0x6D93, 0x6D92, 0x6D92, 0x6DB3, 0x75B3, 0x75B3, 0x75B3, 0x75D4, 0x75D4, 0x75B3, 0x6DB3, 0x75B3, 0x75B3, 0x6DB3, 0x6DB2, 0x6DB3,
    0x6D92, 0x6D92, 0x6D93, 0x6D93, 0x75B3, 0x75D4, 0x75D4, 0x75D4, 0x8615, 0x7DD4, 0x75B3, 0x6DB3, 0x75D4, 0x6DB3, 0x65B2, 0x75D3,
    0x6D93, 0x6D93, 0x6D93, 0x6D93, 0x75D3, 0x75B3, 0x75B3, 0x75B4, 0x75D4, 0x7DD4, 0x75D4, 0x6DB3, 0x6DB3, 0x6DB3, 0x75F4, 0x7DF4,
    0x6DB3, 0x6DB3, 0x6DB3, 0x6DB3, 0x6DB3, 0x6DB3, 0x6DB3, 0x7593, 0x6DB3, 0x6DB3, 0x6DB3, 0x6DB3, 0x6DB3, 0x6DB3, 0x6DD3, 0x75D4,
    0x6DB3, 0x6DB3, 0x6D93, 0x6DB3, 0x6DB3, 0x6DB3, 0x75B3, 0x6DB3, 0x6D93, 0x6DB3, 0x6DB3, 0x6DB3, 0x75D3, 0x75D4, 0x6DD3, 0x6DB3,
    0x7DF4, 0x75B3, 0x6DB3, 0x6DB3, 0x6DB3, 0x6DB3, 0x6DB3, 0x6DB3, 0x6DB3, 0x6DB3, 0x6DB3, 0x6DB3, 0x75B3, 0x6DB3, 0x6593, 0x6593
};

const short ground_tile_68[TILE_SIZE * TILE_SIZE] = {
    0x6DB3, 0x6D93, 0x6D92, 0x6D93, 0x6DB3, 0x6DB3, 0x6D93, 0x6D93, 0x6DB3, 0x6DB3, 0x6DB3, 0x6D93, 0x6592, 0x6D93, 0x6DB3, 0x6DB3,
    0x75B3, 0x75B3, 0x75B3, 0x75D3, 0x6DB3, 0x6DB3, 0x6DB3, 0x6DB3, 0x6DB3, 0x6DB3, 0x6DB3, 0x6DB3, 0x65B3, 0x6DB3, 0x6DB3, 0x6DB3,
    0x6DB3, 0x6DB3, 0x6DB3, 0x6DB3, 0x75B3, 0x6DB3, 0x6DD3, 0x75D4, 0x6DB3, 0x6D93, 0x6DB3, 0x75D4, 0x75F4, 0x6DD3, 0x6DB3, 0x65B3,
    0x75B3, 0x6592, 0x6D93, 0x75D3, 0x6DD3, 0x7DF4, 0x7DF4, 0x75D4, 0x6DB3, 0x6DB3, 0x6DB3, 0x75D4, 0x9657, 0x7DF4, 0x6D93, 0x6592,
    0x6D92, 0x6D92, 0x6D92, 0x6D92, 0x6DB3, 0x6DB3, 0x75B3, 0x6DB3, 0x6D92, 0x6DB3, 0x6DB3, 0x6DB3, 0x75B4, 0x75D4, 0x6DB3, 0x6572,
    0x6DB3, 0x6D92, 0x6572, 0x6572, 0x6D92, 0x75B3, 0x6DB3, 0x6DB3, 0x6DB3, 0x6DB3, 0x6DB3, 0x6D93, 0x75B3, 0x75D4, 0x75D4, 0x6D93,
    0x6DB3, 0x6DB3, 0x6592, 0x6572, 0x6592, 0x6DB3, 0x6DB3, 0x6DB3, 0x6DB3, 0x6D93, 0x6D93, 0x6D93, 0x6592, 0x6D93, 0x6D93, 0x6D93,
    0x75D3, 0x6DB3, 0x6DB3, 0x6DB3, 0x6DB3, 0x75B3, 0x75B3, 0x6D93, 0x6DB3, 0x6DB3, 0x6D93, 0x6D92, 0x6572, 0x6D93, 0x6DB3, 0x6DB3,
    0x6DD3, 0x6DB3, 0x75D3, 0x7DD4, 0x75B3, 0x6DB3, 0x6D93, 0x6DB3, 0x6D92, 0x6D93, 0x6D93, 0x6592, 0x6D93, 0x6D93, 0x6D93, 0x6DB3,
    0x6DB3, 0x6D93, 0x6DB3, 0x75D4, 0x7DD4, 0x75B3, 0x6DB3, 0x75B3, 0x6D93, 0x6D93, 0x6D93, 0x6D93, 0x6DB3, 0x6DB3, 0x6DB3, 0x75B3,
    0x7DD4, 0x75D3, 0x6DB3, 0x75D4, 0x75D3, 0x6DB3, 0x6DB3, 0x6DB3, 0x6DB3, 0x6DB3, 0x75B3, 0x75D4, 0x7DF4, 0x75D4, 0x75D3, 0x75D3,
    0x9E77, 0x85F5, 0x75B3, 0x75D3, 0x6DB3, 0x75B3, 0x6DB3, 0x6D93, 0x6D93, 0x6D93, 0x7DD4, 0x8E36, 0x9677, 0x8615, 0x75D4, 0x75D3,
    0x6DB3, 0x6DD3, 0x6DB3, 0x6DB3, 0x6DB3, 0x6DB3, 0x75B3, 0x75D4, 0x6DB3, 0x6DB3, 0x6DB3, 0x6DB3, 0x6DD4, 0x75D4, 0x6DB3, 0x6DB3,
    0x6DD3, 0x6DB3, 0x6DB3, 0x6DD3, 0x6DD3, 0x6DB3, 0x75B3, 0x75D4, 0x6DB3, 0x6DB3, 0x6DB3, 0x6DB3, 0x6DB3, 0x6DB3, 0x6DB3, 0x6DD3,
    0x6DD3, 0x6DD3, 0x6DD3, 0x6DD3, 0x8615, 0x75D4, 0x6DB3, 0x6DB3, 0x6DB3, 0x75D3, 0x75D3, 0x6DB3, 0x75D4, 0x6DB3, 0x6DB3, 0x6DD3,
    0x75D4, 0x75F4, 0x75D4, 0x75D3, 0x75D4, 0x75B3, 0x6DB3, 0x6DB3, 0x6DB3, 0x75D3, 0x75D3, 0x6DB3, 0x6DB3, 0x6DB3, 0x75D4, 0x75F4
};

const short ground_tile_69[TILE_SIZE * TILE_SIZE] = {
    0x75D4, 0x6DB3, 0x6DB3, 0x6DB3, 0x6D93, 0x6D72, 0x6572, 0x6D72, 0x6D92, 0x6D93, 0x6D93, 0x6D92, 0x6DB3, 0x6DB3, 0x75B3, 0x75B3,
    0x6DB3, 0x6DB3, 0x6DB3, 0x6DB3, 0x6DB3, 0x6D93, 0x6D92, 0x6D93, 0x6D93, 0x6592, 0x6D92, 0x6D93, 0x6DB3, 0x6DB3, 0x6DB3, 0x6D93,
    0x6DB3, 0x6DB3, 0x75D4, 0x7DF5, 0x6DD3, 0x6D93, 0x6592, 0x6D92, 0x6D93, 0x6D93, 0x6D93, 0x6D93, 0x6D93, 0x6DB3, 0x6DB3, 0x6D93,
    0x6D93, 0x6DD3, 0x7DF4, 0x8615, 0x6DB3, 0x6592, 0x6D93, 0x6DB3, 0x6DB3, 0x7DF4, 0x7DD4, 0x6572, 0x6D93, 0x6D93, 0x6DB3, 0x75D4,
    0x6DB3, 0x6DB3, 0x75D4, 0x75D4, 0x6DB3, 0x6DB3, 0x6D93, 0x6D93, 0x6DB3, 0x6D93, 0x6D93, 0x6D92, 0x6D93, 0x6DB3, 0x6DB3, 0x6DB3,
    0x6DB3, 0x6DB3, 0x75D4, 0x8636, 0x75F4, 0x6DB3, 0x6D93, 0x6592, 0x6D92, 0x6572, 0x6572, 0x6DB3, 0x6DB3, 0x6DB3, 0x6DB3, 0x6D92,
    0x6D93, 0x6DB3, 0x6DB3, 0x6DB3, 0x6DB3, 0x6593, 0x6592, 0x6D93, 0x6572, 0x6D93, 0x6D93, 0x6592, 0x6592, 0x6D92, 0x6DB3, 0x75D3,
    0x6D93, 0x6DB3, 0x6DB3, 0x6DB3, 0x6DB3, 0x6DB3, 0x6DB3, 0x6592, 0x6DB3, 0x75D4, 0x75B3, 0x6592, 0x6D93, 0x6DB3, 0x6DB3, 0x75B3,
    0x6DB3, 0x6D93, 0x6D93, 0x6DB3, 0x6D93, 0x6DB3, 0x6DB3, 0x6592, 0x7DD4, 0x75B4, 0x6DB3, 0x6DB3, 0x6DB3, 0x75B3, 0x75B3, 0x6DB3,
    0x75B3, 0x6D93, 0x6592, 0x6D93, 0x6DB3, 0x6D92, 0x6D72, 0x6D93, 0x75D4, 0x6D93, 0x6592, 0x6D93, 0x75B3, 0x75D4, 0x75D4, 0x75D3,
    0x75B3, 0x6D93, 0x6D92, 0x6D93, 0x75D4, 0x6D93, 0x6572, 0x6D92, 0x6DB3, 0x6DB3, 0x6DB3, 0x6DB3, 0x75B3, 0x75B3, 0x75D4, 0x75D4,
    0x75D3, 0x6DB3, 0x6D92, 0x6DB3, 0x8E36, 0x7DF4, 0x6DB3, 0x6593, 0x6593, 0x6DB3, 0x6DB3, 0x6D93, 0x75B3, 0x75B4, 0x75B3, 0x75D4,
    0x6DB3, 0x6DB3, 0x75D4, 0x8615, 0x75B4, 0x6DB3, 0x6DB3, 0x6DB3, 0x6D93, 0x6D93, 0x6D93, 0x6DB3, 0x75D4, 0x75B4, 0x75B3, 0x6DB3,
    0x6DD3, 0x75B3, 0x75D3, 0x75D4, 0x6DB3, 0x6DB3, 0x6DB3, 0x75B4, 0x6DB3, 0x6DB3, 0x6DB3, 0x6DB3, 0x6D93, 0x6D93, 0x6D93, 0x75B3,
    0x6DB3, 0x75D4, 0x75D3, 0x6DB3, 0x6DB3, 0x6DB3, 0x6DB3, 0x6DB3, 0x75D4, 0x6DB3, 0x6D92, 0x6D93, 0x6D93, 0x6D93, 0x6D93, 0x6DB3,
    0x6DB3, 0x6DB3, 0x6DB3, 0x6D93, 0x6DB3, 0x6DB3, 0x6DB3, 0x6DB3, 0x75B4, 0x75D3, 0x6DB3, 0x6D92, 0x6DB3, 0x6DB3, 0x75B3, 0x6DB3
};

const short ground_tile_70[TILE_SIZE * TILE_SIZE] = {
    0x6592, 0x6DB3, 0x75B3, 0x6D93, 0x6D93, 0x6DB3, 0x6DB3, 0x6DB3, 0x6D93, 0x6D93, 0x6D93, 0x6D93, 0x75D4, 0x75B3, 0x6D93, 0x6DB3,
    0x6DB3, 0x6D93, 0x6D93, 0x6DB3, 0x6DB3, 0x75B3, 0x75B3, 0x6DB3, 0x75B3, 0x6DB3, 0x6DB3, 0x6DB3, 0x6DB3, 0x6DB3, 0x6DB3, 0x6DB3,
    0x75D3, 0x6DB3, 0x6D93, 0x6D93, 0x6DB3, 0x6DB3, 0x75D4, 0x7DF4, 0x75D4, 0x6DB3, 0x6D93, 0x6D93, 0x6DB3, 0x75D4, 0x7DF4, 0x75D4,
    0x9656, 0x85F5, 0x75B3, 0x6D93, 0x6D92, 0x6D93, 0x75D4, 0x85F5, 0x75B4, 0x6DB3, 0x6DB3, 0x75B3, 0x75D4, 0x75D4, 0x75D4, 0x7DF4,
    0x75B3, 0x7DD4, 0x75D4, 0x6D93, 0x6D92, 0x6D93, 0x75B3, 0x75B3, 0x6DB3, 0x6DB3, 0x6DB3, 0x6D93, 0x6DB3, 0x6D93, 0x6D93, 0x6DB3,
    0x6D92, 0x75B3, 0x75D3, 0x75B3, 0x75B3, 0x6DB3, 0x75D3, 0x7DF4, 0x75B3, 0x6D93, 0x6D92, 0x6DB3, 0x6DB3, 0x75D4, 0x75B3, 0x6592,
    0x6DB3, 0x6D92, 0x6D92, 0x6D93, 0x6D93, 0x6DB3, 0x6DB3, 0x75B3, 0x6DB3, 0x6D93, 0x6D92, 0x6D92, 0x6DB3, 0x6DB3, 0x6DB3, 0x6DB3,
    0x6DB3, 0x6DB3, 0x75B3, 0x75B3, 0x6D93, 0x75B3, 0x75B3, 0x6DB3, 0x75B3, 0x6DB3, 0x6DB3, 0x6D92, 0x6DB3, 0x6DB3, 0x6DB3, 0x6D93,
    0x7DF4, 0x75D4, 0x75B3, 0x75D3, 0x75B3, 0x75B3, 0x75B3, 0x75D4, 0x75D3, 0x6DB3, 0x6D92, 0x6DB3, 0x7DF4, 0x75D4, 0x6DB3, 0x6DB3,
    0x6DB3, 0x6DB3, 0x75B3, 0x75D3, 0x75D3, 0x75B3, 0x6DB3, 0x6DB3, 0x6DB3, 0x6DB3, 0x6DB3, 0x75D4, 0x75D4, 0x75D3, 0x75B3, 0x75B3,
    0x7DF4, 0x75D4, 0x75B3, 0x6DB3, 0x6DB3, 0x6D93, 0x6DB3, 0x6DB3, 0x7DF4, 0x75D4, 0x6DB3, 0x75D3, 0x6DB3, 0x6D93, 0x6DB3, 0x6DB3,
    0x9657, 0x8616, 0x75D4, 0x6D93, 0x6D92, 0x6592, 0x6D92, 0x75D4, 0xAEB8, 0x85F5, 0x6D93, 0x75D4, 0x6DB3, 0x6D93, 0x6593, 0x6D93,
    0x75D4, 0x75D4, 0x75B4, 0x6D93, 0x6D93, 0x6DB3, 0x75D4, 0x8615, 0x75D4, 0x75D4, 0x6DD3, 0x65B3, 0x6DD4, 0x6DD4, 0x6DB3, 0x6DB3,
    0x75B3, 0x75B3, 0x6DB3, 0x6DB3, 0x6DB3, 0x6DB3, 0x6DD3, 0x75F4, 0x6DD3, 0x6DB3, 0x65B3, 0x6DB3, 0x8615, 0x75D4, 0x6DB3, 0x75D4,
    0x75B3, 0x75B3, 0x6DB3, 0x6DB3, 0x75B3, 0x6DB3, 0x6DB3, 0x6DB3, 0x6DB3, 0x6DB3, 0x65B3, 0x6593, 0x6DB3, 0x6DB3, 0x6DB3, 0x75B3,
    0x6DB3, 0x6DB3, 0x6DB3, 0x75B3, 0x75B3, 0x6DB3, 0x6DB3, 0x6D93, 0x75B3, 0x75D4, 0x75D3, 0x6D93, 0x6592, 0x6D92, 0x6DB3, 0x6DB3
};

const short ground_tile_71[TILE_SIZE * TILE_SIZE] = {
    0x6DB3, 0x6D93, 0x6D93, 0x6DB3, 0x7DF4, 0x85F5, 0x7DF5, 0x75D4, 0x75B3, 0x6DB3, 0x6DB3, 0x6DB3, 0x6DB3, 0x6D92, 0x6D72, 0x6D93,
    0x6DB3, 0x6DB3, 0x6DB3, 0x75D4, 0x75D4, 0x75D4, 0x75B4, 0x6DB3, 0x6DB3, 0x6DB3, 0x6DB3, 0x6DB3, 0x6DB3, 0x6D93, 0x6D93, 0x6D93,
    0x6DB3, 0x6DB3, 0x6DB3, 0x6DD3, 0x7DF4, 0x75D4, 0x6DB3, 0x6DB3, 0x6DB3, 0x75D3, 0x75D4, 0x75F4, 0x6DB3, 0x6DB3, 0x6D93, 0x6572,
    0x6DB3, 0x6DB3, 0x6DB3, 0x6DB3, 0x7DF4, 0x6DB3, 0x6D93, 0x6DB3, 0x6DB3, 0x75D4, 0x85F5, 0x7DF5, 0x75B3, 0x6DB3, 0x6DB3, 0x75B3,
    0x6D92, 0x6DB3, 0x6DB3, 0x6DB3, 0x6572, 0x6D92, 0x6DB3, 0x6DB3, 0x6DB3, 0x6DB3, 0x6DB3, 0x6DB3, 0x6DB3, 0x6DB3, 0x6D92, 0x6592,
    0x6DB3, 0x75B3, 0x75D3, 0x6DD3, 0x6D93, 0x7DD4, 0x7DD4, 0x6D93, 0x6DB3, 0x6DB3, 0x6DB3, 0x6DD3, 0x6DB3, 0x6D92, 0x6572, 0x6D92,
    0x6DB3, 0x6DB3, 0x6DB3, 0x6DB3, 0x6D92, 0x6D93, 0x6D93, 0x6D93, 0x6DB3, 0x6DD3, 0x6DD3, 0x6DB3, 0x6D93, 0x6592, 0x6592, 0x6DB3,
    0x6DB3, 0x6DB3, 0x6DB3, 0x6D92, 0x6D92, 0x6D92, 0x6DB3, 0x6DB3, 0x6DB3, 0x75D4, 0x75D4, 0x6DB3, 0x6DB3, 0x6DB3, 0x6DB3, 0x6D93,
    0x6DB3, 0x6DB3, 0x6DB3, 0x6D92, 0x6DB3, 0x6DB3, 0x6DB3, 0x6DB3, 0x6DD3, 0x6DB3, 0x6DB3, 0x75B3, 0x6D93, 0x6D92, 0x6D92, 0x6D92,
    0x6DB3, 0x6DB3, 0x6DB3, 0x6DB3, 0x6DB3, 0x6DB3, 0x6DB3, 0x75B3, 0x75B3, 0x75B3, 0x6DB3, 0x6DB3, 0x75B3, 0x6D92, 0x6D72, 0x6D72,
    0x6D93, 0x6DB3, 0x6DB3, 0x75B3, 0x7DF4, 0x75D4, 0x75D4, 0x75D3, 0x75B3, 0x6DB3, 0x6D93, 0x6DB3, 0x75D4, 0x75B3, 0x6D92, 0x6D92,
    0x6DB3, 0x6DB3, 0x75D3, 0x85F5, 0x9657, 0x8636, 0x75F4, 0x75D3, 0x75D3, 0x6D92, 0x6592, 0x75D4, 0x9656, 0x85F5, 0x75B3, 0x6DB3,
    0x75D4, 0x6DB3, 0x6DB3, 0x75D3, 0x75D4, 0x75D4, 0x6DB3, 0x6DB3, 0x6DB3, 0x6DB3, 0x75F4, 0x8615, 0x75B4, 0x6DD3, 0x6DB3, 0x6D93,
    0x6DD3, 0x6DB3, 0x75B3, 0x75D4, 0x75D4, 0x6DD3, 0x6DD3, 0x75D3, 0x75D4, 0x75D4, 0x75D3, 0x6DB3, 0x6DB3, 0x6DB3, 0x6DB3, 0x6DB3,
    0x6DB3, 0x75D4, 0x75D4, 0x75D4, 0x75F4, 0x6DD3, 0x6DB3, 0x6DD3, 0x6DD4, 0x75F4, 0x75D4, 0x6D93, 0x6DB3, 0x6DB3, 0x6DD3, 0x75D4,
    0x6DB3, 0x75D4, 0x75D4, 0x75D4, 0x75B3, 0x75D3, 0x75D4, 0x75D4, 0x6DB3, 0x6DB3, 0x6DB3, 0x6D92, 0x6D93, 0x6DB3, 0x75D4, 0x8E36
};

const short ground_tile_72[TILE_SIZE * TILE_SIZE] = {
    0x6592, 0x6D93, 0x6D93, 0x6D93, 0x6D93, 0x75B3, 0x75D3, 0x75B4, 0x75D4, 0x75D4, 0x75D3, 0x6DB3, 0x75D4, 0x75D3, 0x6DB3, 0x6D93,
    0x6D93, 0x6D92, 0x6D93, 0x6DB3, 0x6DB3, 0x6DB3, 0x6DB3, 0x6DB3, 0x6DB3, 0x6DB3, 0x6DB3, 0x6DB3, 0x6D93, 0x6D93, 0x6DB3, 0x6D93,
    0x6D93, 0x6D93, 0x6593, 0x65B3, 0x6DB3, 0x6DB3, 0x6DB3, 0x6DB3, 0x6DD4, 0x6DD3, 0x6DB3, 0x6DB3, 0x6D92, 0x6592, 0x6DB3, 0x75D4,
    0x6D93, 0x6D93, 0x6D93, 0x6572, 0x6D93, 0x6DB3, 0x6DB3, 0x75D4, 0x9657, 0x8615, 0x6DB3, 0x6592, 0x6592, 0x6D92, 0x75D4, 0x8E15,
    0x6D93, 0x6D92, 0x6D92, 0x6592, 0x6592, 0x6D93, 0x6DB3, 0x6DB3, 0x75D4, 0x75B3, 0x6D93, 0x6572, 0x6D72, 0x6D93, 0x6DB3, 0x75B3,
    0x75B3, 0x6D93, 0x6593, 0x6DB3, 0x6DB3, 0x6DB3, 0x6D93, 0x6592, 0x6592, 0x75B3, 0x75B3, 0x6D93, 0x6D93, 0x6D72, 0x6D92, 0x6D93,
    0x6DB3, 0x75D3, 0x6DB3, 0x6592, 0x6D93, 0x6D93, 0x6D93, 0x6DB3, 0x6D92, 0x6D92, 0x6D92, 0x6D93, 0x6D93, 0x75B3, 0x75D3, 0x75B3,
    0x6DB3, 0x8615, 0x7DF5, 0x6592, 0x6D92, 0x6D93, 0x6DB3, 0x6DB3, 0x6D92, 0x6D92, 0x6D93, 0x6D93, 0x6D93, 0x7DF4, 0x8615, 0x7DF4,
    0x75B3, 0x75D3, 0x6DB3, 0x6DB3, 0x6D93, 0x6DB3, 0x75B3, 0x6D92, 0x75B3, 0x6DB3, 0x6D93, 0x6DB3, 0x6D92, 0x6D93, 0x75D3, 0x75D4,
    0x6DB3, 0x6D93, 0x6D93, 0x6DB3, 0x75D4, 0x75D4, 0x75D4, 0x75B3, 0x6DB3, 0x6D93, 0x6D93, 0x6DB3, 0x75B3, 0x6DB3, 0x6DB3, 0x6DB3,
    0x6D92, 0x6D93, 0x6DB3, 0x6DB3, 0x75D4, 0x75D3, 0x75D4, 0x75D4, 0x7DF5, 0x75D4, 0x75B3, 0x75B3, 0x6DB3, 0x6DB3, 0x6DB3, 0x6DB3,
    0x6572, 0x6D93, 0x6DB3, 0x6DB3, 0x75B3, 0x75D4, 0x6DB3, 0x6DB3, 0x9E77, 0x8E36, 0x75D4, 0x6DB3, 0x75B3, 0x6D93, 0x6D93, 0x75D4,
    0x6D92, 0x6D93, 0x6D93, 0x6DB3, 0x75F4, 0x75D4, 0x75B3, 0x6DB3, 0x75F4, 0x75D4, 0x75D4, 0x6DD3, 0x6DB3, 0x6DB3, 0x75F4, 0x8615,
    0x6DB3, 0x6DB3, 0x6DB3, 0x6DB3, 0x6DB3, 0x6DB3, 0x6D93, 0x6DB3, 0x6DB3, 0x6DB3, 0x6DD3, 0x6DB3, 0x6DD4, 0x6DD3, 0x75D4, 0x75F4,
    0x75D3, 0x6DB3, 0x6D93, 0x6DB3, 0x6D92, 0x6D93, 0x6DB3, 0x6DB3, 0x6DB3, 0x6DB3, 0x6DB3, 0x6DB3, 0x75D4, 0x75D4, 0x6DD3, 0x6DB3,
    0x8615, 0x75D4, 0x6D93, 0x6D93, 0x6D93, 0x6DB3, 0x75D3, 0x75D3, 0x6DB3, 0x6DB3, 0x6DB3, 0x75D3, 0x75D4, 0x6DB3, 0x6593, 0x6592
};

const short ground_tile_73[TILE_SIZE * TILE_SIZE] = {
    0x6DB3, 0x6DB3, 0x6DB3, 0x6D93, 0x75B3, 0x6DB3, 0x6D92, 0x6D92, 0x6DB3, 0x6DB3, 0x6DB3, 0x6DB3, 0x6DB3, 0x7DD4, 0x7DF4, 0x75D3,
    0x6DB3, 0x6DB3, 0x6DB3, 0x75B3, 0x6DB3, 0x6DB3, 0x6DB3, 0x6DB3, 0x6DB3, 0x6DB3, 0x6DB3, 0x6DB3, 0x6DD3, 0x75D3, 0x6DB3, 0x6DB3,
    0x6DB3, 0x6DB3, 0x6D93, 0x6D93, 0x75B3, 0x6DB3, 0x6DB3, 0x6DD3, 0x6DB3, 0x6D93, 0x6D93, 0x6DB3, 0x7E15, 0x75D4, 0x6DB3, 0x6DB3,
    0x75D3, 0x6D93, 0x6D93, 0x6D93, 0x6DB3, 0x7DF4, 0x85F4, 0x75D4, 0x6DB3, 0x6DB3, 0x6DB3, 0x6DB3, 0x9656, 0x7DF4, 0x6DB3, 0x6DB3,
    0x6DB3, 0x75B3, 0x6DB3, 0x6DB3, 0x6DB3, 0x6DB3, 0x75B3, 0x75B3, 0x6DB3, 0x6DB3, 0x6D93, 0x6D93, 0x6D93, 0x6D93, 0x6DB3, 0x6DB3,
    0x75B3, 0x7593, 0x6D93, 0x6D92, 0x6D93, 0x75D4, 0x75D4, 0x6DB3, 0x6DB3, 0x75B3, 0x75B3, 0x6D93, 0x6D92, 0x75D4, 0x7DD4, 0x75D4,
    0x75B3, 0x75B3, 0x6DB3, 0x6D92, 0x6D92, 0x6DB3, 0x75B3, 0x75B3, 0x6DB3, 0x6DB3, 0x6DB3, 0x6DB3, 0x6DB3, 0x6DB3, 0x75B3, 0x75B3,
    0x7DD4, 0x75D3, 0x6DB3, 0x6D93, 0x75B3, 0x6D93, 0x6D93, 0x6D92, 0x6D92, 0x6D93, 0x6D93, 0x6DB3, 0x6DB3, 0x75B3, 0x75D3, 0x75D4,
    0x75D3, 0x75B3, 0x75B3, 0x75B3, 0x7DD4, 0x75B3, 0x6D92, 0x6DB3, 0x6DB3, 0x6DB3, 0x6DB3, 0x6D92, 0x6DB3, 0x75D3, 0x75D4, 0x75D4,
    0x6DB3, 0x75B3, 0x75B3, 0x75B3, 0x75B3, 0x6D93, 0x6D93, 0x75B3, 0x75B3, 0x6DB3, 0x6DB3, 0x6DB3, 0x75D3, 0x75D3, 0x75B3, 0x75B3,
    0x7DF4, 0x75D4, 0x6DB3, 0x6DB3, 0x6DB3, 0x6DB3, 0x6D93, 0x6D93, 0x6DB3, 0x75B3, 0x75D3, 0x75D4, 0x7DF5, 0x7DF4, 0x75D4, 0x75D3,
    0xAEB8, 0x8615, 0x6D93, 0x6DB3, 0x6DB3, 0x6DB3, 0x6D93, 0x6D92, 0x6DB3, 0x75B3, 0x7DF4, 0x8615, 0x9656, 0x8615, 0x7DF4, 0x75B3,
    0x75D4, 0x75D4, 0x75D3, 0x6DB3, 0x75D3, 0x75D3, 0x6DB3, 0x6DB3, 0x75D4, 0x6DB3, 0x6D93, 0x6DB3, 0x75D4, 0x75D4, 0x6DB3, 0x6DB3,
    0x6DD3, 0x6DD3, 0x75D4, 0x75D4, 0x75F4, 0x75D3, 0x6DD3, 0x75D3, 0x6DB3, 0x6DB3, 0x6DB3, 0x6DB3, 0x6DD3, 0x6DB3, 0x6DB3, 0x6DB3,
    0x6DD3, 0x6DD4, 0x6DD3, 0x6DD3, 0x7DF4, 0x75D3, 0x6DB3, 0x6DB3, 0x6DB3, 0x6DB3, 0x6DB3, 0x6DB3, 0x75D4, 0x6DB3, 0x6DB3, 0x6D93,
    0x6DB3, 0x75D4, 0x75F4, 0x75D4, 0x75D4, 0x6DB3, 0x6DB3, 0x6DB3, 0x6DB3, 0x75B3, 0x75D3, 0x6DD3, 0x75D4, 0x75B3, 0x75B3, 0x75D3
};

const short ground_tile_74[TILE_SIZE * TILE_SIZE] = {
    0x75D3, 0x75B3, 0x6DB3, 0x6DB3, 0x6D93, 0x6D92, 0x6D72, 0x6572, 0x6572, 0x6592, 0x6D92, 0x6D93, 0x6DB3, 0x75D3, 0x75D4, 0x75D4,
    0x6DB3, 0x6DB3, 0x6DB3, 0x6DB3, 0x75B3, 0x6D93, 0x6572, 0x6592, 0x6D93, 0x6D93, 0x6DB3, 0x6DB3, 0x6DD3, 0x75D4, 0x75D4, 0x75D3,
    0x6D92, 0x6DB3, 0x75B3, 0x7DD4, 0x6DB3, 0x6D93, 0x6572, 0x6572, 0x6DB3, 0x6DB3, 0x6DB3, 0x6DB3, 0x6DD3, 0x6DD3, 0x6DB3, 0x6DB3,
    0x6DB3, 0x6DB3, 0x7DF4, 0x8615, 0x6DB3, 0x6592, 0x6D92, 0x6DB3, 0x75B3, 0x6DB3, 0x6D93, 0x6592, 0x6DB3, 0x6DB3, 0x6DB3, 0x75D4,
    0x6DB3, 0x6D93, 0x6DB3, 0x6DB3, 0x6DB3, 0x6DB3, 0x6D93, 0x6DB3, 0x6DB3, 0x6DB3, 0x6D93, 0x6592, 0x6D93, 0x6DB3, 0x6DB3, 0x6DB3,
    0x75B3, 0x6DB3, 0x6DB3, 0x75B3, 0x7DD4, 0x75B3, 0x75B3, 0x75B3, 0x6DB3, 0x6D93, 0x6D93, 0x6DB3, 0x75B3, 0x75D3, 0x75B3, 0x6DB3,
    0x75D3, 0x75D3, 0x75B3, 0x6DB3, 0x75D3, 0x6DB3, 0x6DB3, 0x6DB3, 0x7593, 0x6D93, 0x6D93, 0x6592, 0x6D92, 0x6D93, 0x6DB3, 0x6DB3,
    0x75D3, 0x7E15, 0x7DF5, 0x75D3, 0x75D4, 0x75D4, 0x6DB3, 0x6DB3, 0x75D3, 0x75D4, 0x6DB3, 0x6572, 0x6D92, 0x6D93, 0x6DB3, 0x6DB3,
    0x75D3, 0x75D3, 0x75D4, 0x75F4, 0x75D3, 0x75D3, 0x75B3, 0x75B3, 0x8615, 0x75D4, 0x6D93, 0x6D92, 0x6DB3, 0x6DB3, 0x6DB3, 0x75B3,
    0x75D3, 0x75D3, 0x75B3, 0x6DB3, 0x75B3, 0x75B3, 0x75B3, 0x75D3, 0x75D4, 0x6DB3, 0x6DB3, 0x6DB3, 0x75B3, 0x75B3, 0x75B3, 0x75D3,
    0x75B3, 0x6DB3, 0x6D93, 0x6DB3, 0x75D3, 0x75B3, 0x75B3, 0x6DB3, 0x6DB3, 0x6D93, 0x6DB3, 0x6DB3, 0x75B3, 0x75B3, 0x75B3, 0x75D3,
    0x7DD4, 0x6D92, 0x6D92, 0x75D3, 0x85F5, 0x7DD4, 0x75D4, 0x75D4, 0x6D93, 0x6D92, 0x6D93, 0x6DB3, 0x75B3, 0x75D4, 0x75B3, 0x75B3,
    0x6DB3, 0x6DB3, 0x75D4, 0x8615, 0x75D4, 0x75D4, 0x75D4, 0x75B3, 0x6DB3, 0x6D92, 0x6D93, 0x6DB3, 0x75D4, 0x75D3, 0x6DB3, 0x6DB3,
    0x6DB3, 0x6DB3, 0x75B3, 0x75D3, 0x6DD3, 0x6DB3, 0x6DB3, 0x6DB3, 0x75B3, 0x6DB3, 0x6DB3, 0x6DB3, 0x6DB3, 0x6DB3, 0x6DB3, 0x6DB3,
    0x6DB3, 0x75D4, 0x75D3, 0x6DB3, 0x6DD3, 0x6DD3, 0x6DB3, 0x6DB3, 0x75D3, 0x6DB3, 0x6DB3, 0x75B3, 0x75D3, 0x75B3, 0x6DB3, 0x6DB3,
    0x6DB3, 0x6DB3, 0x6DB3, 0x6D93, 0x6DB3, 0x6DB3, 0x75D4, 0x7DF4, 0x85F5, 0x75D4, 0x6DB3, 0x6DB3, 0x75D3, 0x75D4, 0x75D4, 0x6DD4
};

const short ground_tile_75[TILE_SIZE * TILE_SIZE] = {
    0x6593, 0x6DB3, 0x75B3, 0x6D93, 0x6DB3, 0x75D3, 0x6DD3, 0x6DB3, 0x6D93, 0x6DB3, 0x6DB3, 0x6D93, 0x75D4, 0x75B3, 0x75B3, 0x6DB3,
    0x6DD3, 0x6DB3, 0x6DB3, 0x6DB3, 0x75B3, 0x75D3, 0x75D3, 0x6DB3, 0x75B3, 0x75B3, 0x6DB3, 0x6DB3, 0x6DB3, 0x75D3, 0x75B3, 0x6DB3,
    0x75F4, 0x6DD3, 0x6DB3, 0x75D3, 0x75D3, 0x6DD3, 0x75D4, 0x7DD4, 0x75B3, 0x6DB3, 0x6D93, 0x6D92, 0x6DB3, 0x75D3, 0x75D4, 0x75D4,
    0x9E77, 0x8636, 0x75F4, 0x75D3, 0x6DB3, 0x6DB3, 0x75D4, 0x85F5, 0x75B3, 0x75B3, 0x75B3, 0x75D3, 0x75D3, 0x75D4, 0x7DF5, 0x8615,
    0x6DB3, 0x75D4, 0x75D3, 0x6DB3, 0x6DB3, 0x6DB3, 0x75B3, 0x7593, 0x75B3, 0x75B3, 0x75B3, 0x6DB3, 0x6DB3, 0x6DB3, 0x6DB3, 0x75B3,
    0x6592, 0x6DB3, 0x75B3, 0x6DB3, 0x6D93, 0x6D93, 0x6D93, 0x75D3, 0x75B3, 0x6D93, 0x6D92, 0x6D92, 0x6D93, 0x75B3, 0x6DB3, 0x6D92,
    0x6D93, 0x6D92, 0x6572, 0x6572, 0x6D72, 0x6D93, 0x6DB3, 0x6DB3, 0x6DB3, 0x6D93, 0x6D93, 0x6D93, 0x6D92, 0x6D93, 0x6D93, 0x6D93,
    0x6D93, 0x6D93, 0x6D92, 0x6D92, 0x6572, 0x75B3, 0x75B3, 0x6DB3, 0x75B3, 0x6DB3, 0x6D93, 0x6D93, 0x6DB3, 0x6D93, 0x6D92, 0x6D92,
    0x85F5, 0x75B4, 0x6D93, 0x6D93, 0x6D92, 0x6DB3, 0x75D3, 0x75D4, 0x6DB3, 0x6DB3, 0x6D93, 0x6DB3, 0x7DF4, 0x75B3, 0x6D93, 0x6D93,
    0x75B3, 0x6DB3, 0x6DB3, 0x6DB3, 0x75B3, 0x6DB3, 0x6DB3, 0x6DD3, 0x6DB3, 0x6DB3, 0x6DB3, 0x75B3, 0x75D4, 0x75B3, 0x6DB3, 0x75B3,
    0x7DF4, 0x75D4, 0x75D3, 0x75D3, 0x75D3, 0x6DB3, 0x6DB3, 0x6DB3, 0x75F4, 0x75D3, 0x6DB3, 0x6DD3, 0x6DB3, 0x6DB3, 0x6DB3, 0x6DB3,
    0x9E77, 0x8E36, 0x7DF4, 0x75D3, 0x75D3, 0x6DB3, 0x6593, 0x6DD3, 0x9E57, 0x7DF5, 0x6DB3, 0x6DD4, 0x6DB3, 0x6DB3, 0x6DB3, 0x6D93,
    0x75D4, 0x75F4, 0x75D4, 0x6592, 0x6DB3, 0x6DD3, 0x75F4, 0x8615, 0x75D3, 0x75D3, 0x6DD3, 0x6DB3, 0x6DD4, 0x6DD3, 0x6DB3, 0x75B3,
    0x6DB3, 0x6DD3, 0x6DD3, 0x6DD3, 0x75D3, 0x75D4, 0x75D4, 0x75D4, 0x6DD3, 0x6DB3, 0x6DB3, 0x6DB3, 0x8616, 0x75D4, 0x6D93, 0x6D93,
    0x75D4, 0x75D3, 0x6DB3, 0x6DD3, 0x75D4, 0x75D4, 0x75D3, 0x6DB3, 0x6DD4, 0x6DD3, 0x6DB3, 0x6D93, 0x6DB3, 0x6DB3, 0x6DB3, 0x6D93,
    0x6DD3, 0x6DB3, 0x6DD3, 0x75D4, 0x75D4, 0x6DB3, 0x6D93, 0x6D93, 0x75D4, 0x7DF4, 0x7DF4, 0x6DB3, 0x6592, 0x6D93, 0x6DB3, 0x6DB3
};

const short ground_tile_76[TILE_SIZE * TILE_SIZE] = {
    0x6DB3, 0x6D93, 0x6D93, 0x6DB3, 0x8615, 0x85F5, 0x75D4, 0x6DB3, 0x75B3, 0x6DB3, 0x6DB3, 0x6D93, 0x6D93, 0x6D93, 0x6D93, 0x6DB3,
    0x6DB3, 0x6DB3, 0x6DB3, 0x6DB3, 0x75D4, 0x75B4, 0x6DB3, 0x6D93, 0x6D92, 0x6D93, 0x6D93, 0x6DB3, 0x75B3, 0x6DB3, 0x6DB3, 0x75B3,
    0x6DB3, 0x6DB3, 0x6DB3, 0x6DB3, 0x75D4, 0x6DB3, 0x6DB3, 0x6D93, 0x6D93, 0x6D93, 0x75B3, 0x7DF4, 0x75B3, 0x6DB3, 0x6D93, 0x6D93,
    0x6DB3, 0x6DB3, 0x6DB3, 0x6DB3, 0x8E36, 0x8615, 0x75D4, 0x6DB3, 0x6D93, 0x6DB3, 0x75D4, 0x8615, 0x6DB3, 0x6DB3, 0x6DB3, 0x6DB3,
    0x6D93, 0x6D93, 0x6D93, 0x6D93, 0x6DB3, 0x75D4, 0x75D4, 0x6DB3, 0x6DB3, 0x6DB3, 0x75D4, 0x75D4, 0x6DB3, 0x6DB3, 0x6D93, 0x6D93,
    0x6D93, 0x6DB3, 0x6DB3, 0x6D93, 0x6DB3, 0x7DF4, 0x7DF4, 0x6DB3, 0x75D4, 0x6DD4, 0x75F4, 0x8615, 0x7DF4, 0x6DB3, 0x6593, 0x6593,
    0x6DB3, 0x6DB3, 0x6DB3, 0x6D93, 0x6DB3, 0x6DB3, 0x6DB3, 0x6DD3, 0x6DD3, 0x6DB3, 0x6DB3, 0x75B3, 0x6DB3, 0x6DB3, 0x6D93, 0x6D93,
    0x6D93, 0x6DB3, 0x6D93, 0x6592, 0x6592, 0x6DB3, 0x6DB3, 0x6DD3, 0x6DB3, 0x6DB3, 0x6DB3, 0x6DB3, 0x75B3, 0x6DB3, 0x6DB3, 0x6DB3,
    0x6D93, 0x6D93, 0x6D92, 0x6D92, 0x6DB3, 0x6DB3, 0x6DB3, 0x6DD3, 0x6DB3, 0x6DB3, 0x6DB3, 0x75D3, 0x6DB3, 0x6DB3, 0x75B3, 0x75B3,
    0x6DB3, 0x6DB3, 0x6DB3, 0x6DB3, 0x6DB3, 0x6DB3, 0x6DB3, 0x6DB3, 0x75B3, 0x75B3, 0x6DB3, 0x6DB3, 0x75B3, 0x75B3, 0x6DB3, 0x6DB3,
    0x6DB3, 0x6DB3, 0x6DB3, 0x75D3, 0x7DF4, 0x75D4, 0x75B3, 0x75B3, 0x6DB3, 0x6DB3, 0x6DB3, 0x6DB3, 0x75D4, 0x75D3, 0x6DB3, 0x6DB3,
    0x6DB3, 0x6DB3, 0x75B3, 0x7DF5, 0x9677, 0x8616, 0x75D4, 0x6DB3, 0x75D3, 0x6D92, 0x6592, 0x75D3, 0x8E35, 0x85F5, 0x75D3, 0x6DD3,
    0x75B3, 0x6D93, 0x6D93, 0x75D4, 0x75D4, 0x75D4, 0x6DD4, 0x6DB3, 0x6DB3, 0x6DB3, 0x75D4, 0x7DF4, 0x6DB3, 0x6DD3, 0x75D4, 0x6DB3,
    0x6D93, 0x6D93, 0x6DB3, 0x75B3, 0x6DD4, 0x6DD4, 0x75D4, 0x75D4, 0x75D4, 0x75D4, 0x75D3, 0x6DB3, 0x6DB3, 0x6DB3, 0x6DD3, 0x75D3,
    0x6DB3, 0x75B3, 0x75B3, 0x6DB3, 0x75D4, 0x6DD4, 0x6DD3, 0x6DD4, 0x75D4, 0x75F4, 0x75D4, 0x6DB3, 0x6DB3, 0x6DD3, 0x6DD3, 0x6DB3,
    0x75B3, 0x75B3, 0x75B4, 0x6DD4, 0x6DD4, 0x75D4, 0x75D4, 0x75F4, 0x75D4, 0x6DB3, 0x6DB3, 0x6DB3, 0x6DB3, 0x6DD3, 0x75D4, 0x75D4
};

const short ground_tile_77[TILE_SIZE * TILE_SIZE] = {
    0x7DD4, 0x75B4, 0x6D93, 0x6592, 0x6D93, 0x6DB3, 0x6DB3, 0x6DB3, 0x6DB3, 0x75D4, 0x75B3, 0x75B3, 0x75B3, 0x75B3, 0x6DB3, 0x6D93,
    0x75D4, 0x75B3, 0x6DB3, 0x6DB3, 0x6DB3, 0x6DB3, 0x6DB3, 0x6D93, 0x6DB3, 0x6DB3, 0x6DB3, 0x6DB3, 0x6D93, 0x6DB3, 0x75B3, 0x6DB3,
    0x6DB3, 0x7DF5, 0x8615, 0x75D4, 0x6DB3, 0x6D93, 0x6DB3, 0x6DB3, 0x6DD3, 0x6DB3, 0x6D93, 0x6D93, 0x6D92, 0x6D93, 0x75D4, 0x7DD4,
    0x6DB3, 0x75F4, 0x75D4, 0x6DB3, 0x6D93, 0x6D93, 0x6D93, 0x6D93, 0x8E15, 0x7DF4, 0x6DB3, 0x6D93, 0x6D92, 0x6DB3, 0x7DD4, 0x85F5,
    0x6DB3, 0x6DB3, 0x6D92, 0x6572, 0x6D93, 0x6DB3, 0x6DB3, 0x6D93, 0x75B3, 0x75B3, 0x6D93, 0x6D92, 0x6D93, 0x6DB3, 0x75B3, 0x75B3,
    0x6D93, 0x6D93, 0x6D93, 0x6DB3, 0x75D4, 0x75D4, 0x75B3, 0x6DB3, 0x6D93, 0x6DB3, 0x75B3, 0x7593, 0x6D93, 0x6D93, 0x6DB3, 0x75D3,
    0x6D92, 0x6592, 0x6D92, 0x6D92, 0x6D92, 0x6D93, 0x6DB3, 0x75D3, 0x6D93, 0x6D93, 0x6D92, 0x6D92, 0x6D93, 0x6DB3, 0x6DB3, 0x6D93,
    0x6D93, 0x6D93, 0x6592, 0x6572, 0x6D92, 0x6DB3, 0x75B3, 0x6DB3, 0x6D92, 0x6D92, 0x6D93, 0x6D93, 0x6D92, 0x75D4, 0x7DD4, 0x75B3,
    0x75D4, 0x6DB3, 0x6D92, 0x6D92, 0x6DB3, 0x75B3, 0x75B3, 0x6DB3, 0x75B3, 0x6DB3, 0x6DB3, 0x6DB3, 0x6D93, 0x6D93, 0x75B3, 0x75B3,
    0x75B3, 0x6D93, 0x6592, 0x6D93, 0x75D4, 0x75D4, 0x75D4, 0x75D3, 0x6DB3, 0x6DB3, 0x6D93, 0x6DB3, 0x75B3, 0x6DB3, 0x6DB3, 0x6DB3,
    0x6DB3, 0x6D92, 0x6D93, 0x6DB3, 0x6DB3, 0x75B3, 0x75D3, 0x75D4, 0x7DF4, 0x75D4, 0x75B3, 0x75B3, 0x75B3, 0x6DB3, 0x6D93, 0x6DB3,
    0x6D92, 0x6DB3, 0x6DB3, 0x6592, 0x6D93, 0x6DB3, 0x75B3, 0x75D3, 0x9657, 0x8E15, 0x75D4, 0x6DB3, 0x6DB3, 0x6D92, 0x6D92, 0x75B3,
    0x6DB3, 0x6DB3, 0x6DB3, 0x6D93, 0x75B3, 0x6D93, 0x6D93, 0x75B3, 0x75D4, 0x75D4, 0x6DB3, 0x6DB3, 0x6DD3, 0x6DB3, 0x75F4, 0x8E36,
    0x75D4, 0x6DB3, 0x6DB3, 0x6D93, 0x6D92, 0x6D93, 0x6D93, 0x6DB3, 0x6DB3, 0x6DD3, 0x6DD3, 0x6DD3, 0x6DD3, 0x6DD3, 0x75F4, 0x75F4,
    0x6DB3, 0x6D93, 0x6592, 0x6D92, 0x6DB3, 0x6DB3, 0x6DB3, 0x6DB3, 0x75D3, 0x75D3, 0x6DD3, 0x6DB3, 0x6DD3, 0x75D4, 0x6DD3, 0x6DD3,
    0x75B3, 0x6DB3, 0x6D93, 0x6DB3, 0x75B3, 0x75D3, 0x6DB3, 0x6DB3, 0x6DB3, 0x6DD3, 0x75D3, 0x75D4, 0x75D4, 0x6DD3, 0x6DB3, 0x6DB3
};

const short ground_tile_78[TILE_SIZE * TILE_SIZE] = {
    0x6D93, 0x6D93, 0x6DB3, 0x7DD4, 0x75D4, 0x6DB3, 0x6593, 0x6592, 0x6DB3, 0x6DB3, 0x6DB3, 0x6D93, 0x6D93, 0x75B3, 0x75B3, 0x75B3,
    0x6DB3, 0x6DB3, 0x6DB3, 0x6DB3, 0x6DB3, 0x6DB3, 0x6DB3, 0x6DB3, 0x6DD3, 0x6DB3, 0x75B3, 0x75B3, 0x75D4, 0x6DB3, 0x6D93, 0x6D92,
    0x6DB3, 0x6D93, 0x6D92, 0x6592, 0x6DB3, 0x75D3, 0x75D4, 0x75F4, 0x6DD3, 0x6DB3, 0x6DB3, 0x75D4, 0x9656, 0x7DF4, 0x6D93, 0x6D92,
    0x75B3, 0x6DB3, 0x6DB3, 0x75B3, 0x75D3, 0x75D3, 0x7DF4, 0x7DF4, 0x6DD3, 0x6DD3, 0x6DB3, 0x6D93, 0x6D92, 0x6D93, 0x6D92, 0x6D92,
    0x6D93, 0x6DB3, 0x6DB3, 0x6D93, 0x6DB3, 0x6DB3, 0x75B3, 0x75D4, 0x75B3, 0x6DB3, 0x6DB3, 0x6DB3, 0x6D93, 0x75B3, 0x6DB3, 0x6D92,
    0x6D92, 0x6D92, 0x6D92, 0x6592, 0x6D93, 0x6DB3, 0x75B3, 0x6DB3, 0x75D4, 0x75D4, 0x75D3, 0x6DB3, 0x75B3, 0x75D4, 0x75B3, 0x6D93,
    0x75B3, 0x6D93, 0x6D92, 0x6D92, 0x6D93, 0x75B3, 0x75B3, 0x6DB3, 0x6DB3, 0x6DB3, 0x6DB3, 0x6D92, 0x6572, 0x6D92, 0x6D92, 0x6D93,
    0x7DD4, 0x75D3, 0x6DB3, 0x6DB3, 0x6DB3, 0x7DD4, 0x7DD4, 0x75B3, 0x6DB3, 0x6DB3, 0x6D92, 0x6572, 0x6572, 0x6D92, 0x6D93, 0x75B3,
    0x75B3, 0x75B3, 0x75B3, 0x75B3, 0x7DF4, 0x75B4, 0x6DB3, 0x75B3, 0x6DB3, 0x6DB3, 0x6D93, 0x6D92, 0x6D93, 0x6D93, 0x6D93, 0x6DB3,
    0x6D93, 0x75B3, 0x75B3, 0x6DB3, 0x7DD4, 0x75B3, 0x6DB3, 0x75D4, 0x75D3, 0x75B3, 0x75B3, 0x75B3, 0x6DB3, 0x6D93, 0x6D93, 0x75B3,
    0x75D3, 0x75D3, 0x75B3, 0x75D3, 0x75B3, 0x75D3, 0x75D3, 0x75B3, 0x6DB3, 0x6DB3, 0x6DB3, 0x75D3, 0x7DF4, 0x75D4, 0x75B3, 0x75B3,
    0x8E15, 0x7DF4, 0x75D4, 0x75D4, 0x75D3, 0x75D3, 0x75B3, 0x6DB3, 0x6DB3, 0x6DB3, 0x6DB3, 0x75D4, 0x9656, 0x8615, 0x75D4, 0x6D93,
    0x75D4, 0x75F4, 0x75F4, 0x6DD3, 0x6DD3, 0x75D3, 0x75D4, 0x75D4, 0x6DB3, 0x6D93, 0x6D93, 0x75B3, 0x6DB3, 0x6DB3, 0x6D93, 0x6592,
    0x6DD3, 0x6DD3, 0x75D4, 0x75D4, 0x75D4, 0x75D4, 0x6DB3, 0x6DB3, 0x6593, 0x6DB3, 0x6DB3, 0x75B3, 0x6DB3, 0x6DB3, 0x6DB3, 0x6DB3,
    0x6DD3, 0x6DD3, 0x6DB3, 0x6DB3, 0x7DF4, 0x75D3, 0x6DB3, 0x6D92, 0x6D93, 0x6DB3, 0x6DB3, 0x6DB3, 0x6DB3, 0x6DB3, 0x6DB3, 0x6DB3,
    0x75D3, 0x75D3, 0x75D3, 0x6DB3, 0x75D4, 0x75D4, 0x6DB3, 0x6DB3, 0x75B3, 0x75B3, 0x6DD3, 0x6DD4, 0x75D3, 0x75D3, 0x75D3, 0x6DB3
};

const short ground_tile_79[TILE_SIZE * TILE_SIZE] = {
    0x75B3, 0x6DB3, 0x6DB3, 0x6592, 0x6592, 0x6D93, 0x6D93, 0x6DB3, 0x6592, 0x6D92, 0x6D92, 0x6D92, 0x75B3, 0x75B3, 0x75B3, 0x6DB3,
    0x6D92, 0x6D92, 0x6DB3, 0x6DB3, 0x6DB3, 0x6DB3, 0x6DB3, 0x6DB3, 0x6592, 0x6592, 0x6592, 0x6DB3, 0x75B3, 0x75D3, 0x75D3, 0x75D4,
    0x6D72, 0x6D92, 0x75B3, 0x7DF4, 0x6DB3, 0x6593, 0x6592, 0x6572, 0x6DB3, 0x6DB3, 0x6DB3, 0x6DD3, 0x6DB3, 0x6DB3, 0x75D3, 0x7DF4,
    0x6D72, 0x6D93, 0x75D4, 0x85F5, 0x6DB3, 0x6572, 0x6572, 0x6DB3, 0x6DB3, 0x6DB3, 0x6DB3, 0x6DB3, 0x6DD3, 0x75D3, 0x75D3, 0x75D3,
    0x6D72, 0x6D93, 0x6DB3, 0x6DB3, 0x6D92, 0x6D92, 0x6D92, 0x6D93, 0x6DB3, 0x6D92, 0x6572, 0x6592, 0x6DB3, 0x75B3, 0x6DB3, 0x6DB3,
    0x6D93, 0x6D93, 0x75D3, 0x7DF4, 0x75D3, 0x6D93, 0x6D92, 0x6D92, 0x6D92, 0x6572, 0x6572, 0x6D92, 0x75B3, 0x75D4, 0x75B3, 0x6D92,
    0x6D93, 0x6D93, 0x6DB3, 0x75B3, 0x6DB3, 0x6D92, 0x6592, 0x6D92, 0x6D92, 0x6D93, 0x6D93, 0x6D92, 0x6D92, 0x6D93, 0x6DB3, 0x6DB3,
    0x6DB3, 0x6DB3, 0x6D93, 0x6D93, 0x75B3, 0x75D3, 0x6DB3, 0x6D92, 0x6DB3, 0x7DD4, 0x75B3, 0x6572, 0x6D92, 0x6DB3, 0x75B3, 0x6DB3,
    0x6DB3, 0x6DB3, 0x6DB3, 0x75B3, 0x6DB3, 0x75B3, 0x75B3, 0x75B3, 0x75B3, 0x6D93, 0x6D92, 0x6D92, 0x6D92, 0x75B3, 0x75B3, 0x6DB3,
    0x75B3, 0x75B3, 0x6DB3, 0x6DB3, 0x75D3, 0x75B3, 0x75B3, 0x75B3, 0x75B3, 0x6D92, 0x6D92, 0x6DB3, 0x75B3, 0x75B3, 0x75D3, 0x75D3,
    0x75B3, 0x6DB3, 0x6DB3, 0x6DB3, 0x75D4, 0x75B3, 0x6DB3, 0x6DB3, 0x6DB3, 0x6D93, 0x6DB3, 0x6DB3, 0x75B3, 0x6DB3, 0x75B3, 0x7DF4,
    0x6DB3, 0x6D92, 0x6DB3, 0x75D4, 0x7DF5, 0x75D4, 0x75D3, 0x6DD3, 0x6D93, 0x6D93, 0x6DB3, 0x6DB3, 0x75B3, 0x6D93, 0x6D93, 0x75B3,
    0x6D93, 0x6DB3, 0x75F4, 0x8615, 0x6DB3, 0x6DB3, 0x6DB3, 0x6592, 0x6592, 0x6D92, 0x6D93, 0x6D93, 0x6DB3, 0x75B3, 0x6DB3, 0x6DB3,
    0x6DB3, 0x65B3, 0x6DB3, 0x75D4, 0x6DB3, 0x65B3, 0x6592, 0x6593, 0x6DB3, 0x6D93, 0x6D92, 0x6D92, 0x6D92, 0x6D93, 0x6DB3, 0x6DB3,
    0x6DB3, 0x6DB3, 0x6DB3, 0x6DB3, 0x6DB3, 0x6593, 0x6592, 0x6592, 0x6D93, 0x6D92, 0x6D92, 0x75B3, 0x75B3, 0x6DB3, 0x6DB3, 0x6DB3,
    0x6D93, 0x6DB3, 0x6DB3, 0x6593, 0x6DB3, 0x75B3, 0x75D3, 0x6DB3, 0x6D93, 0x6D93, 0x6DB3, 0x6D93, 0x6DB3, 0x75D4, 0x75D4, 0x6DB3
};

const short ground_tile_80[TILE_SIZE * TILE_SIZE] = {
    0x8615, 0x75D4, 0x6DB3, 0x6D93, 0x6DB3, 0x75B3, 0x75D3, 0x75B3, 0x6DB3, 0x6DB3, 0x6DB3, 0x6DB3, 0x75D4, 0x7DF5, 0x7DF4, 0x75B3,
    0x8E36, 0x7DF4, 0x6DB3, 0x6DB3, 0x6DB3, 0x6DD3, 0x75F4, 0x7DF4, 0x6DB3, 0x6D93, 0x6DB3, 0x6DB3, 0x6DB3, 0x8615, 0x8615, 0x75B3,
    0x6D92, 0x6D93, 0x6DB3, 0x6DB3, 0x6DB3, 0x6DB3, 0x75F4, 0x8615, 0x6D93, 0x6D92, 0x6DB3, 0x6DD3, 0x6DB3, 0x75D3, 0x75B3, 0x75B3,
    0x6DB3, 0x6DB3, 0x75D3, 0x75B3, 0x75D3, 0x75B3, 0x75D4, 0x7DF5, 0x75B3, 0x6D93, 0x6D93, 0x6D93, 0x75B3, 0x6DB3, 0x6DB3, 0x75B3,
    0x75D4, 0x75D4, 0x75B3, 0x6D93, 0x6DB3, 0x6DB3, 0x75B3, 0x7DF4, 0x75D3, 0x6D92, 0x6D72, 0x6D93, 0x6DB3, 0x6D93, 0x6DB3, 0x6DB3,
    0x75B3, 0x75B3, 0x6DB3, 0x6DB3, 0x6D93, 0x6DB3, 0x6DB3, 0x6DB3, 0x6DB3, 0x6D93, 0x6D92, 0x6D92, 0x6D93, 0x75B3, 0x75B3, 0x6DB3,
    0x8615, 0x7DD4, 0x75B3, 0x6DB3, 0x75B3, 0x75B3, 0x75B3, 0x6DB3, 0x75D3, 0x75B3, 0x6D93, 0x6D93, 0x75B3, 0x7DF4, 0x7DF4, 0x6DB3,
    0x7DF4, 0x75D4, 0x75B3, 0x6D93, 0x6DB3, 0x6DB3, 0x6DB3, 0x6D92, 0x6D93, 0x6D93, 0x6DB3, 0x75B3, 0x8615, 0x75D4, 0x75D3, 0x75D4,
    0x6DB3, 0x6DB3, 0x6DB3, 0x6DB3, 0x6DB3, 0x6DB3, 0x6DB3, 0x6D93, 0x6D93, 0x6D93, 0x6DB3, 0x6DB3, 0x75D4, 0x75B3, 0x6DB3, 0x6DD3,
    0x75B3, 0x6DB3, 0x6DB3, 0x75D3, 0x75D4, 0x6DB3, 0x6DB3, 0x75B3, 0x75B3, 0x6D93, 0x6D93, 0x6D93, 0x6DB3, 0x6DB3, 0x75B3, 0x75D4,
    0x7593, 0x75B3, 0x6DB3, 0x6DB3, 0x75D4, 0x6DB3, 0x6DB3, 0x7DF4, 0x8615, 0x75B3, 0x6D93, 0x75D4, 0x6D93, 0x6D93, 0x75B3, 0x7DD4,
    0x75D4, 0x75B3, 0x6DB3, 0x6D93, 0x75B3, 0x7DF4, 0x7DF5, 0x7DF5, 0x6D93, 0x6D93, 0x6DB3, 0x6DB3, 0x6DB3, 0x6DB3, 0x6DB3, 0x75B3,
    0x75B3, 0x6DB3, 0x6D93, 0x6D92, 0x6D93, 0x6DB3, 0x6DD3, 0x75D3, 0x6DB3, 0x6DB3, 0x6D93, 0x6D93, 0x85F5, 0x75B4, 0x6DB3, 0x75D4,
    0x6D92, 0x6D93, 0x6DB3, 0x6D93, 0x6DB3, 0x6DB3, 0x6DD3, 0x6DD3, 0x75F4, 0x6DB3, 0x6DB3, 0x6DB3, 0x75B4, 0x6DB3, 0x6DB3, 0x75B3,
    0x6572, 0x6DB3, 0x6DB3, 0x6DB3, 0x7DF4, 0x75D4, 0x6DD3, 0x6DD4, 0x75D4, 0x75B3, 0x6DB3, 0x6DB3, 0x6DB3, 0x75D3, 0x75B3, 0x6D93,
    0x7DF4, 0x75F4, 0x6DD3, 0x6DB3, 0x6DB3, 0x75B3, 0x75D4, 0x75D4, 0x75B4, 0x75B3, 0x75B3, 0x6DB3, 0x6DB3, 0x75B3, 0x75B3, 0x6D93
};

const short ground_tile_81[TILE_SIZE * TILE_SIZE] = {
    0x75B3, 0x75B3, 0x75B3, 0x75D4, 0x7DF5, 0x75D4, 0x6DB3, 0x6DB3, 0x6DB3, 0x6DB3, 0x6DB3, 0x6593, 0x6DB3, 0x6DB3, 0x6DB3, 0x6DB3,
    0x6DB3, 0x6DB3, 0x6DB3, 0x6DB3, 0x8635, 0x7DF4, 0x6DD3, 0x6DB2, 0x6DB3, 0x6DB3, 0x6DD3, 0x75D4, 0x6DB3, 0x6D93, 0x6D93, 0x6593,
    0x75B3, 0x6DB3, 0x6DB3, 0x75D3, 0x6DB3, 0x6DB3, 0x6DB3, 0x6DB2, 0x6D92, 0x6DB3, 0x75D3, 0x7DF4, 0x6DB3, 0x6DB3, 0x6D93, 0x6592,
    0x75D3, 0x75B3, 0x6DB3, 0x6DB3, 0x6DB3, 0x6DD3, 0x6DB3, 0x6DB3, 0x6DD3, 0x6DD3, 0x75D4, 0x75D4, 0x6DB3, 0x6D92, 0x6572, 0x6592,
    0x6DB3, 0x6D93, 0x6DB3, 0x6DB3, 0x6DB3, 0x75D3, 0x75D3, 0x6D93, 0x6DB3, 0x6DB3, 0x6DB3, 0x75D4, 0x6D93, 0x6D72, 0x6D72, 0x6D92,
    0x6DB3, 0x6DB3, 0x6DB3, 0x6DB3, 0x75D3, 0x6DB3, 0x6D93, 0x6DB3, 0x6DB3, 0x75B3, 0x6DB3, 0x6D93, 0x6D93, 0x6D93, 0x6D93, 0x6D93,
    0x6DB3, 0x6DB3, 0x6D93, 0x6DB3, 0x9636, 0x7DD4, 0x6DB3, 0x6DB3, 0x6D93, 0x75D4, 0x75D4, 0x6DB3, 0x75B3, 0x6DB3, 0x6DB3, 0x6D93,
    0x6DD3, 0x6DD3, 0x6DB3, 0x6D93, 0x8E35, 0x8615, 0x75B3, 0x6D93, 0x6DB3, 0x6DB3, 0x6DB3, 0x6D93, 0x6DB3, 0x6DB3, 0x6DB3, 0x6DB3,
    0x6DD3, 0x6DD3, 0x75D3, 0x75D3, 0x6DB3, 0x6D93, 0x6DB3, 0x75B3, 0x75B3, 0x75B3, 0x6DB3, 0x6DB3, 0x75F4, 0x6DB3, 0x6DB3, 0x6DB3,
    0x75D4, 0x75B3, 0x6DB3, 0x6DB3, 0x6592, 0x6D93, 0x6DB3, 0x75D3, 0x75D3, 0x75D3, 0x75D4, 0x75D4, 0x6DD3, 0x6DB3, 0x6D92, 0x6593,
    0x7DD4, 0x75D3, 0x6DB3, 0x6572, 0x6592, 0x6DB3, 0x75B3, 0x75D3, 0x75D4, 0x6DD3, 0x7DF4, 0x8E36, 0x75D4, 0x6D93, 0x6DB3, 0x6DD3,
    0x75D3, 0x6DD3, 0x6DB3, 0x6D93, 0x75D4, 0x75D4, 0x6DB3, 0x6DB3, 0x6DB3, 0x75D4, 0x75D4, 0x6DB3, 0x6592, 0x6D93, 0x6DB3, 0x6593,
    0x75D3, 0x6DB3, 0x6DB3, 0x75D4, 0x8615, 0x7DF4, 0x6DB3, 0x6572, 0x6592, 0x6D93, 0x6DB3, 0x6DB3, 0x6D92, 0x6D93, 0x6D93, 0x6DB3,
    0x6DB3, 0x6DB3, 0x6DB3, 0x6DB3, 0x75B3, 0x6DB3, 0x6592, 0x6572, 0x6592, 0x6DB3, 0x6DB3, 0x75D3, 0x6D93, 0x6D92, 0x6592, 0x6D93,
    0x6DB3, 0x75B3, 0x75B3, 0x6DB3, 0x6DB3, 0x6DB3, 0x6DB3, 0x6DB3, 0x6DB3, 0x6DB3, 0x6DB3, 0x6DB3, 0x6D93, 0x6D92, 0x6D92, 0x6D93,
    0x6DB3, 0x75B3, 0x75B3, 0x75D4, 0x8615, 0x75D4, 0x6DB3, 0x6DB3, 0x6DB3, 0x6DB3, 0x6DB3, 0x6DB3, 0x6DB3, 0x6D93, 0x6D93, 0x6DB3
};

const short ground_tile_82[TILE_SIZE * TILE_SIZE] = {
    0x7DD4, 0x7DD4, 0x75D4, 0x6DB3, 0x6DB3, 0x6DB3, 0x6DB3, 0x75D3, 0x8615, 0x7DF4, 0x6DB3, 0x6DB3, 0x75B3, 0x6DB3, 0x6DB3, 0x6DB3,
    0x75D4, 0x7DF5, 0x7DF4, 0x6DB3, 0x6DB3, 0x6DB3, 0x6DB3, 0x75D3, 0x8E35, 0x7DF4, 0x6DB3, 0x6DB3, 0x6DB3, 0x6DB3, 0x75D3, 0x7DD4,
    0x6DB3, 0x6DB3, 0x6DB3, 0x6DD3, 0x6DB3, 0x6DB3, 0x6DB3, 0x7DD4, 0x6592, 0x6592, 0x6DB3, 0x6DB3, 0x6592, 0x6D93, 0x75D3, 0x7DD4,
    0x6DB3, 0x6DB3, 0x6DB3, 0x6DB3, 0x6D93, 0x6DB3, 0x6D93, 0x6D93, 0x6592, 0x6DB3, 0x75B3, 0x75B3, 0x6D93, 0x6D93, 0x6DB3, 0x6DB3,
    0x6DB3, 0x6D93, 0x6D93, 0x6DB3, 0x75B3, 0x75B3, 0x75B3, 0x6D93, 0x6DB3, 0x6DB3, 0x6D93, 0x6D92, 0x6D93, 0x6D93, 0x6D93, 0x6D93,
    0x6D93, 0x6DB3, 0x6DB3, 0x6DB3, 0x6DB3, 0x6DB3, 0x6DB3, 0x6DB3, 0x6DB3, 0x6D93, 0x6D92, 0x6D93, 0x6D93, 0x75B3, 0x75B3, 0x75B3,
    0x6DB3, 0x7DD4, 0x7DD4, 0x6DB3, 0x6DB3, 0x6DB3, 0x6DB3, 0x6DB3, 0x8E15, 0x7DD4, 0x6DB3, 0x75B3, 0x75B3, 0x7DD4, 0x85F4, 0x7DF4,
    0x7DF4, 0x7DD4, 0x75D4, 0x6DD3, 0x6DD3, 0x6DB3, 0x6DB3, 0x6D93, 0x75D4, 0x75D3, 0x75B3, 0x75B3, 0x6DB3, 0x75B3, 0x75B3, 0x6DB3,
    0x75D4, 0x6DB3, 0x6592, 0x65B3, 0x6DB3, 0x6DB3, 0x75D3, 0x75D3, 0x75D3, 0x6DB3, 0x6DB3, 0x6DB3, 0x75B3, 0x6DB3, 0x6D93, 0x6D92,
    0x6D93, 0x6D92, 0x6DB3, 0x75D4, 0x75D3, 0x75D3, 0x75D3, 0x6DD3, 0x7DF4, 0x75D4, 0x75D3, 0x75B3, 0x75B3, 0x6DB3, 0x6DB3, 0x6DB3,
    0x6572, 0x6572, 0x75D4, 0x8E36, 0x75D4, 0x6DB3, 0x6DB3, 0x6DD3, 0x9636, 0x8E36, 0x7DF4, 0x6DB3, 0x75D3, 0x6DB3, 0x75B3, 0x7DF4,
    0x6D93, 0x6D92, 0x6D92, 0x6D93, 0x75B3, 0x75D4, 0x75D3, 0x6D93, 0x75D4, 0x75D4, 0x6DB3, 0x6DB3, 0x75D4, 0x75F4, 0x7DF4, 0x7DF4,
    0x75B3, 0x75D4, 0x75D4, 0x6DB3, 0x75B3, 0x75B3, 0x75B3, 0x6DB3, 0x6D93, 0x6DB3, 0x6DB3, 0x6DB3, 0x6DB3, 0x6DB3, 0x75D3, 0x75F4,
    0x6D93, 0x6592, 0x6D93, 0x6DB3, 0x6D93, 0x75B3, 0x75D4, 0x75D4, 0x6D93, 0x6DB3, 0x6DB3, 0x6DB3, 0x6D93, 0x6DB3, 0x6DB3, 0x6DD3,
    0x6D93, 0x6DB3, 0x6DB3, 0x6DB3, 0x6DB3, 0x75D4, 0x75D4, 0x75D4, 0x7DF5, 0x8615, 0x7DF4, 0x6D93, 0x75B3, 0x6DB3, 0x6DB3, 0x6DB3,
    0x6DB3, 0x6DB3, 0x6DB3, 0x6DB3, 0x75B3, 0x75B3, 0x6DD3, 0x6DB3, 0x6DD3, 0x75D4, 0x6DB3, 0x6D93, 0x6DB3, 0x75B3, 0x75B3, 0x6DB3
};

const short ground_tile_83[TILE_SIZE * TILE_SIZE] = {
    0x6D93, 0x6DB3, 0x75B3, 0x75B3, 0x6DB3, 0x75D4, 0x75D4, 0x6DB3, 0x6DB3, 0x6DB3, 0x6DB3, 0x6DB3, 0x7DF4, 0x75D4, 0x6DB3, 0x6DB3,
    0x6592, 0x6D93, 0x6DB3, 0x6D93, 0x6DB3, 0x7DF4, 0x7DF4, 0x6DB3, 0x6DB3, 0x6DB3, 0x6D92, 0x6D93, 0x7DF5, 0x75D4, 0x6DB3, 0x6DB3,
    0x6DB3, 0x6DB3, 0x6D93, 0x6592, 0x6DB3, 0x6DB3, 0x6D93, 0x6DB3, 0x6D92, 0x6D92, 0x6DB3, 0x75B3, 0x6D92, 0x6D92, 0x6DB3, 0x6DB3,
    0x6DB3, 0x75B3, 0x75B3, 0x6DB3, 0x6D93, 0x6D93, 0x6D93, 0x6D93, 0x75B3, 0x6DB3, 0x6DB3, 0x6D93, 0x6DB3, 0x6DB3, 0x75B3, 0x75B3,
    0x6D93, 0x6D92, 0x6D93, 0x75D3, 0x6DB3, 0x6DB3, 0x6DB3, 0x6DB3, 0x75D4, 0x7E15, 0x7DF4, 0x6DB3, 0x65B3, 0x6DB3, 0x6DB3, 0x6D92,
    0x6D92, 0x6D92, 0x6592, 0x6592, 0x6DB3, 0x6DB3, 0x6DB3, 0x6DD3, 0x6DD3, 0x6DD3, 0x6DD3, 0x6DB3, 0x6DB3, 0x6D93, 0x6D93, 0x6D93,
    0x6DB3, 0x6DB3, 0x6DB3, 0x6DB3, 0x75D3, 0x7DF4, 0x7DF4, 0x75D4, 0x6DD3, 0x6DB3, 0x6DB3, 0x6DB3, 0x7DF5, 0x75D4, 0x75B3, 0x75B3,
    0x6D93, 0x6D93, 0x6DB3, 0x6DB3, 0x7DF4, 0x75D4, 0x75D3, 0x75F4, 0x75D3, 0x6DB3, 0x6DB3, 0x6DB3, 0x75F4, 0x75D4, 0x75B3, 0x75D4,
    0x6DB3, 0x6DB3, 0x6DB3, 0x6DB3, 0x7DF4, 0x75D3, 0x6DB3, 0x75D3, 0x6DD3, 0x6DB3, 0x6DB3, 0x6DB3, 0x6DB3, 0x6DB3, 0x6DB3, 0x75D3,
    0x75D3, 0x6DB3, 0x6DB3, 0x6DB3, 0x6DB3, 0x6DB3, 0x6DB3, 0x75D3, 0x75D3, 0x75D3, 0x6DB3, 0x6DB3, 0x75D3, 0x75D4, 0x75D3, 0x75D3,
    0x85F5, 0x75B3, 0x6D93, 0x6DB3, 0x6DB3, 0x6DB3, 0x75D3, 0x75D4, 0x75B3, 0x6DB3, 0x6DB3, 0x6592, 0x7DF5, 0x85F5, 0x7DF4, 0x75D4,
    0x6D92, 0x6D92, 0x6DB3, 0x6DB3, 0x6DB3, 0x6D93, 0x6DB3, 0x6DB3, 0x6DB3, 0x75B3, 0x75B3, 0x6DB3, 0x75D4, 0x75D3, 0x6DB3, 0x6DB3,
    0x6DD3, 0x6DB3, 0x65B3, 0x6DB3, 0x7DF4, 0x6DB3, 0x6592, 0x6D92, 0x6D92, 0x6D93, 0x75B3, 0x7DF4, 0x6DB3, 0x6DB3, 0x6DB3, 0x6DB3,
    0x75F4, 0x6DB3, 0x6592, 0x6DB3, 0x7DF5, 0x6DB3, 0x6592, 0x6DB3, 0x6D92, 0x6592, 0x6592, 0x6D92, 0x6572, 0x6592, 0x6D93, 0x6DB3,
    0x6DB3, 0x6DB3, 0x6DB3, 0x6D93, 0x75D3, 0x6DB3, 0x6D93, 0x6592, 0x6DB3, 0x6D93, 0x6D93, 0x6D93, 0x6D93, 0x6DB3, 0x75B3, 0x75B3,
    0x6DB3, 0x6DB3, 0x6DB3, 0x6DB3, 0x6DB3, 0x6DB3, 0x6DB3, 0x65B3, 0x6DB3, 0x6DB3, 0x6DB3, 0x75D4, 0x7DD4, 0x75D4, 0x75B3, 0x6DB3
};

const short ground_tile_84[TILE_SIZE * TILE_SIZE] = {
    0x6D93, 0x6DB3, 0x6DB3, 0x6DB3, 0x75B3, 0x6D93, 0x6D93, 0x6DB3, 0x75B3, 0x7DF4, 0x7DD4, 0x6DB3, 0x6DB3, 0x6DB3, 0x6DB3, 0x6DB3,
    0x6DB3, 0x6DB3, 0x75D4, 0x7DF4, 0x6DB3, 0x6D92, 0x6572, 0x6572, 0x6D93, 0x7DF4, 0x7DF4, 0x6DB3, 0x6DB3, 0x6DB3, 0x6DB3, 0x75D3,
    0x6DB3, 0x6DB3, 0x75D4, 0x7DF5, 0x6D93, 0x6D93, 0x6D93, 0x6D92, 0x6DB3, 0x6D93, 0x6D93, 0x6DB3, 0x6DB3, 0x6D93, 0x75B3, 0x7DD4,
    0x75D4, 0x6DB3, 0x6DB3, 0x75D4, 0x6DB3, 0x6D93, 0x6D72, 0x6572, 0x6D93, 0x6D93, 0x6D93, 0x6D93, 0x6DB3, 0x6DB3, 0x6D93, 0x6D92,
    0x6DB3, 0x6D92, 0x6D93, 0x75D3, 0x6DB3, 0x6D92, 0x6572, 0x6D93, 0x6D93, 0x6D93, 0x6DB3, 0x75D3, 0x6DB3, 0x75D4, 0x75B3, 0x6D93,
    0x6DB3, 0x75B3, 0x75B3, 0x6DB3, 0x6D93, 0x6592, 0x6592, 0x6DB3, 0x6D93, 0x6DB3, 0x6DB3, 0x6D93, 0x6DB3, 0x6DB3, 0x6DB3, 0x75D3,
    0x6DB3, 0x75D4, 0x7DD4, 0x6DB3, 0x6DB3, 0x6DB3, 0x6D93, 0x6D93, 0x6DB3, 0x7DD4, 0x75D4, 0x6592, 0x6DB3, 0x6DB3, 0x6DD3, 0x6DD3,
    0x75D3, 0x6DB3, 0x6DB3, 0x6D93, 0x6DB3, 0x6DB3, 0x6DB3, 0x75B3, 0x7DD4, 0x75B3, 0x6DB3, 0x75D4, 0x6DD3, 0x75D3, 0x75D3, 0x75D3,
    0x75D3, 0x75B3, 0x6DB3, 0x6DB3, 0x6DB3, 0x6DB3, 0x6DB3, 0x6DB3, 0x75D4, 0x6DB3, 0x6DB3, 0x6DB3, 0x6DD3, 0x75D4, 0x75D4, 0x75D3,
    0x75B3, 0x75B3, 0x75D3, 0x75D4, 0x75D3, 0x6DB3, 0x6D93, 0x6DB3, 0x6DB3, 0x6DB3, 0x6DD3, 0x75D4, 0x75D3, 0x75D4, 0x75D4, 0x75D4,
    0x75D3, 0x6DB3, 0x75D3, 0x7DF5, 0x7DF4, 0x6DB3, 0x6DB3, 0x6DD4, 0x6DB3, 0x6DB3, 0x75D4, 0x8615, 0x75F4, 0x75D4, 0x75D4, 0x75D4,
    0x75D4, 0x75D3, 0x6DB3, 0x6DB3, 0x6592, 0x6DB3, 0x6DB3, 0x65B3, 0x6593, 0x6D93, 0x6D93, 0x6D93, 0x6DB3, 0x6DD3, 0x6DB3, 0x6DB3,
    0x6DB3, 0x6DB3, 0x75D3, 0x75B3, 0x6DB3, 0x6D93, 0x6D93, 0x6D93, 0x6D93, 0x7DD4, 0x75D4, 0x6D93, 0x6DB3, 0x6DB3, 0x6DB3, 0x6DB3,
    0x6DB3, 0x6DB3, 0x6DB3, 0x6D93, 0x75B3, 0x6D93, 0x6572, 0x6572, 0x6D93, 0x6DB3, 0x6DD3, 0x6DB3, 0x6DB3, 0x6DB3, 0x6DD3, 0x6DD4,
    0x7DF4, 0x75D4, 0x6DB3, 0x6DB3, 0x6D93, 0x6D92, 0x6592, 0x6593, 0x75D4, 0x75D4, 0x6DB3, 0x6593, 0x6DB3, 0x75D4, 0x75D4, 0x75D4,
    0x75B3, 0x6DB3, 0x6DB3, 0x6DB3, 0x6DB3, 0x6D93, 0x6D93, 0x6DB3, 0x6DD4, 0x6DD3, 0x6DB3, 0x6DB3, 0x6DB3, 0x6DB3, 0x6DD3, 0x6DD3
};

const short ground_tile_85[TILE_SIZE * TILE_SIZE] = {
    0x7DF5, 0x75D4, 0x6DB3, 0x6DB3, 0x6D93, 0x6DB3, 0x6DB3, 0x6DB3, 0x6DB3, 0x6DB3, 0x6DB3, 0x6DB3, 0x6DD3, 0x75F4, 0x75D4, 0x6DB3,
    0x8615, 0x75D4, 0x6DB3, 0x6DB3, 0x6DB3, 0x6DD3, 0x75D4, 0x7DF4, 0x6D93, 0x6D93, 0x6DB3, 0x6DB3, 0x6DB3, 0x7E14, 0x7DF5, 0x6DB3,
    0x6572, 0x6592, 0x6DB3, 0x6DD3, 0x6DB3, 0x6DB3, 0x75D4, 0x7DF4, 0x6DB3, 0x6D92, 0x6D92, 0x6DB3, 0x6DB3, 0x6DB3, 0x6DB3, 0x6D93,
    0x6592, 0x6DB3, 0x6DB3, 0x6DB3, 0x6D93, 0x6DB3, 0x75D4, 0x7DF4, 0x6DB3, 0x6D92, 0x6D92, 0x6D93, 0x6DB3, 0x6DB3, 0x6D93, 0x6D93,
    0x6DB3, 0x6DB3, 0x6D93, 0x6592, 0x6D93, 0x6592, 0x6DB3, 0x7DF4, 0x6DB3, 0x6572, 0x6572, 0x6D92, 0x6D93, 0x6D93, 0x6D93, 0x6D93,
    0x75D3, 0x6DB3, 0x6D93, 0x6DB3, 0x75D3, 0x6DB3, 0x6D93, 0x6DB3, 0x6592, 0x6572, 0x6572, 0x6592, 0x6DB3, 0x6DB3, 0x6DB3, 0x6DD3,
    0x8E36, 0x7DF4, 0x75B3, 0x6DB3, 0x75B3, 0x75B3, 0x6DB3, 0x6D93, 0x6D93, 0x6D93, 0x6D93, 0x6D93, 0x75D4, 0x7DF5, 0x75D4, 0x6DB3,
    0x75D4, 0x75D4, 0x75D3, 0x75B3, 0x6D93, 0x6D93, 0x6D93, 0x6D92, 0x6DB3, 0x6DB3, 0x6DB3, 0x75B3, 0x85F5, 0x75D4, 0x75D4, 0x75D3,
    0x75D3, 0x6DB3, 0x6DB3, 0x75B3, 0x75B3, 0x75B3, 0x6DB3, 0x6DB3, 0x6D92, 0x6DB3, 0x6DB3, 0x6DB3, 0x75D4, 0x6DB3, 0x6DB3, 0x6DB3,
    0x85F5, 0x75D4, 0x75B3, 0x75D4, 0x75D4, 0x75B3, 0x6DB3, 0x6DB3, 0x75B3, 0x6DB3, 0x6D93, 0x6D93, 0x6DB3, 0x6DB3, 0x6DB3, 0x6DB3,
    0x9656, 0x85F5, 0x75B3, 0x75B3, 0x75D4, 0x75B3, 0x6DB3, 0x75D4, 0x8E15, 0x75B3, 0x6572, 0x6DB3, 0x6DB3, 0x6DB3, 0x6DB3, 0x6DB3,
    0x75F4, 0x75D3, 0x6DB3, 0x6DB3, 0x75D4, 0x7DF4, 0x8615, 0x85F5, 0x75B3, 0x6D93, 0x6DB3, 0x6DB3, 0x6D93, 0x6DB3, 0x6DB3, 0x75D3,
    0x6DB3, 0x6DB3, 0x6DB3, 0x6DB3, 0x6DB3, 0x6DB3, 0x75B3, 0x75D4, 0x75D4, 0x6DB3, 0x6DB3, 0x6DB3, 0x75B3, 0x6DB3, 0x6D93, 0x6D93,
    0x75D4, 0x75D4, 0x75B3, 0x6D93, 0x6D93, 0x6DB3, 0x6DB3, 0x75D4, 0x75D4, 0x6DD3, 0x6DB3, 0x6DB3, 0x8615, 0x75B3, 0x6D92, 0x6DB3,
    0x75D4, 0x7DF4, 0x7DD4, 0x6D93, 0x75D4, 0x75D4, 0x6DD3, 0x6DB3, 0x6DB3, 0x6DB3, 0x6DD3, 0x75D4, 0x7DF4, 0x75B3, 0x6D93, 0x6DB3,
    0x75D4, 0x75D4, 0x6DD3, 0x6DB3, 0x6DB3, 0x75D4, 0x75D4, 0x6DB3, 0x75B3, 0x75B3, 0x6DB3, 0x75D3, 0x75D3, 0x6DB3, 0x6DB3, 0x6D93
};

const short ground_tile_86[TILE_SIZE * TILE_SIZE] = {
    0x75B3, 0x75B3, 0x6DB3, 0x75B3, 0x8615, 0x7DF4, 0x75B3, 0x6DB3, 0x6DB3, 0x6DB3, 0x6DB3, 0x6DB3, 0x6D93, 0x6D93, 0x6D93, 0x6DB3,
    0x6DB3, 0x6DB3, 0x6DB3, 0x6DB3, 0x8615, 0x7DD4, 0x75B3, 0x75D3, 0x6DB3, 0x6DB3, 0x75D3, 0x7DF4, 0x6D93, 0x6D92, 0x6D92, 0x6592,
    0x6D92, 0x6D92, 0x75B3, 0x7DD4, 0x6D93, 0x6D93, 0x6DB3, 0x6DB3, 0x6DB3, 0x6DB3, 0x75D4, 0x7DF5, 0x6DB3, 0x6D92, 0x6D72, 0x6D72,
    0x75B3, 0x6DB3, 0x6DB3, 0x6D93, 0x6DB3, 0x6DB3, 0x6DB3, 0x75B3, 0x75B3, 0x6DB3, 0x75D3, 0x7DD4, 0x75D4, 0x6D93, 0x6D92, 0x6D93,
    0x6DB3, 0x75D4, 0x75D4, 0x6DB3, 0x6DB3, 0x6DB3, 0x6DB3, 0x6D93, 0x75D3, 0x6DB3, 0x6DB3, 0x75F4, 0x75D4, 0x6D93, 0x6D72, 0x6D92,
    0x6DB3, 0x6DB3, 0x75B3, 0x75D4, 0x75B3, 0x6DB3, 0x6D93, 0x6DB3, 0x75B3, 0x6DB3, 0x6DB3, 0x6DB3, 0x6DB3, 0x6D92, 0x6D72, 0x6D93,
    0x6DB3, 0x6DB3, 0x6DB3, 0x6DB3, 0x7DF5, 0x7DD4, 0x75B3, 0x75B3, 0x6D93, 0x75B3, 0x6DB3, 0x6DB3, 0x75B3, 0x6DB3, 0x6D93, 0x6D93,
    0x6DD3, 0x6DB3, 0x6DB3, 0x6DB3, 0x6DB3, 0x75D4, 0x75D3, 0x7593, 0x75B3, 0x6DB3, 0x6DB3, 0x6D93, 0x6DB3, 0x6DB3, 0x6DB3, 0x6DB3,
    0x6DB3, 0x6DB3, 0x75B3, 0x75D3, 0x75D4, 0x75B3, 0x75B3, 0x75B3, 0x75B3, 0x75B3, 0x6DB3, 0x6DB3, 0x6DB3, 0x6DB3, 0x6DB3, 0x75B3,
    0x6DB3, 0x6DB3, 0x6DB3, 0x6DB2, 0x75D4, 0x75D4, 0x75D3, 0x75D3, 0x75D3, 0x75D3, 0x75D3, 0x75D4, 0x75D4, 0x6DB3, 0x6DB3, 0x6DB3,
    0x75B3, 0x6DB3, 0x6D92, 0x6592, 0x85F4, 0x85F5, 0x7DD4, 0x75B3, 0x7DF4, 0x75D3, 0x75F4, 0x8615, 0x8615, 0x6DB3, 0x6D93, 0x75D3,
    0x6DD3, 0x6DB3, 0x6DB3, 0x75B3, 0x75D3, 0x75D3, 0x75B3, 0x75B3, 0x75D4, 0x7DF5, 0x7E15, 0x7DD4, 0x6DB3, 0x6DB3, 0x6DB3, 0x6DB3,
    0x6D93, 0x6DB3, 0x7DD4, 0x7DF4, 0x6DB3, 0x6DB3, 0x75B3, 0x75B3, 0x75B3, 0x75D3, 0x75D3, 0x75D3, 0x6DB3, 0x6DB3, 0x6D93, 0x6D93,
    0x6D93, 0x6D93, 0x6D93, 0x6D93, 0x6D93, 0x6DB3, 0x6DB3, 0x6D93, 0x75B3, 0x75B3, 0x75D3, 0x75D4, 0x6DB3, 0x6D92, 0x6572, 0x6572,
    0x6DB3, 0x6DB3, 0x6DB3, 0x6DB3, 0x75D4, 0x7DF4, 0x7DD4, 0x75D3, 0x75D4, 0x75B3, 0x6DB3, 0x6DB3, 0x6D93, 0x6D72, 0x6572, 0x6572,
    0x6DB3, 0x6DB3, 0x75D4, 0x75D4, 0x7DF5, 0x75D4, 0x75B3, 0x75B3, 0x75B3, 0x75B3, 0x75B3, 0x6DB3, 0x6D93, 0x6D93, 0x6D93, 0x6DB3
};

const short ground_tile_87[TILE_SIZE * TILE_SIZE] = {
    0x75D4, 0x7DF4, 0x7DD4, 0x6DB3, 0x6DB3, 0x6DB3, 0x6DB3, 0x6DB3, 0x7DF5, 0x75D3, 0x6DB3, 0x6DB3, 0x6DB3, 0x6DB3, 0x6DB3, 0x6DB3,
    0x6D93, 0x7DF4, 0x7DF4, 0x6DB3, 0x6DB3, 0x6DB3, 0x6DB3, 0x75D3, 0x8615, 0x75D4, 0x6DB3, 0x6DB3, 0x6DB3, 0x6DB3, 0x75D4, 0x7DF4,
    0x6DB3, 0x6D93, 0x6DB3, 0x6DB3, 0x75D3, 0x6DB3, 0x75D4, 0x7DF4, 0x6DB3, 0x6DB3, 0x6DB3, 0x6DB3, 0x6D92, 0x6DB3, 0x75D4, 0x7DF4,
    0x6D93, 0x6D93, 0x6D93, 0x6DB3, 0x6DB3, 0x75B3, 0x75B3, 0x6DB3, 0x6DB3, 0x6DB3, 0x6DB3, 0x6DB3, 0x6D93, 0x6D93, 0x75B3, 0x7DD4,
    0x6D93, 0x6D93, 0x6D93, 0x6DB3, 0x6DB3, 0x75D4, 0x75D4, 0x6DB3, 0x6DB3, 0x6DB3, 0x6D93, 0x6572, 0x6572, 0x6572, 0x6D93, 0x75D4,
    0x6D93, 0x6DB3, 0x6DB3, 0x6DB3, 0x6DB3, 0x6DB3, 0x6DB3, 0x75D3, 0x75D3, 0x6DB3, 0x6D93, 0x6D93, 0x6D93, 0x6D93, 0x6DB3, 0x6DB3,
    0x75D4, 0x85F5, 0x7DD4, 0x6592, 0x6DB3, 0x6DB3, 0x6DB3, 0x6DD3, 0x8E36, 0x7DF4, 0x75B3, 0x75B3, 0x75B3, 0x75B3, 0x75B3, 0x6DB3,
    0x7DF4, 0x75D4, 0x6D93, 0x6DB3, 0x6DB3, 0x6DB3, 0x6DB3, 0x75D4, 0x8615, 0x7DF4, 0x75B3, 0x6DB3, 0x75B3, 0x75B3, 0x75B3, 0x6DB3,
    0x75D4, 0x6DB3, 0x6DB3, 0x6DB3, 0x6DB3, 0x75D3, 0x75D4, 0x7DF4, 0x6DB3, 0x6DB3, 0x6D93, 0x6DB3, 0x75B3, 0x75B3, 0x6DB3, 0x6D93,
    0x6DB3, 0x6DB3, 0x6DD3, 0x75D4, 0x75D3, 0x75D3, 0x75D3, 0x75D3, 0x75B3, 0x6DB3, 0x6DB3, 0x75B3, 0x75B3, 0x6DB3, 0x6DB3, 0x75B3,
    0x6D92, 0x6D93, 0x75D4, 0x8E36, 0x7DD4, 0x75D3, 0x75D3, 0x6DB3, 0x6D92, 0x6D93, 0x6DB3, 0x6D93, 0x6DB3, 0x6D93, 0x6DB3, 0x7DF4,
    0x6D92, 0x6D93, 0x6DB3, 0x6DB3, 0x75B3, 0x75D3, 0x75B3, 0x6D93, 0x7DD4, 0x7DD4, 0x75D3, 0x6DB3, 0x75D4, 0x75D4, 0x7DF4, 0x7DF4,
    0x75B3, 0x75D4, 0x75D4, 0x75B3, 0x6DB3, 0x6DB3, 0x6DB3, 0x75B3, 0x6DB3, 0x6DB3, 0x6DB3, 0x6D93, 0x6DB3, 0x6DB3, 0x75D4, 0x7DF4,
    0x6D93, 0x6DB3, 0x6DB3, 0x6DD3, 0x6DB3, 0x75D3, 0x75D4, 0x75D3, 0x6592, 0x6D93, 0x6DB3, 0x6D92, 0x6D93, 0x6DB3, 0x6DB3, 0x6DB3,
    0x6D93, 0x6DB3, 0x6DB3, 0x6D93, 0x6DB3, 0x75D4, 0x75D4, 0x75D4, 0x6D93, 0x75B3, 0x75B3, 0x6D93, 0x7DF4, 0x75D4, 0x6DB3, 0x6DB3,
    0x6DB3, 0x6DB3, 0x6DB3, 0x6DB3, 0x6DB3, 0x75D3, 0x75D3, 0x6DB3, 0x75D3, 0x75D3, 0x6DB3, 0x6DB3, 0x6DB3, 0x75B3, 0x75D3, 0x75D3
};

const short ground_tile_88[TILE_SIZE * TILE_SIZE] = {
    0x6DB3, 0x6DB3, 0x6DB3, 0x75B3, 0x75D4, 0x7DF5, 0x7DF4, 0x75D3, 0x75D3, 0x75D3, 0x75B3, 0x6DB3, 0x7E15, 0x75D4, 0x6DB3, 0x6DB3,
    0x6DB3, 0x6DB3, 0x6DB3, 0x6DB3, 0x6DB3, 0x8615, 0x8615, 0x75D3, 0x6DB3, 0x75D3, 0x75D3, 0x75D3, 0x8635, 0x75F4, 0x6DB3, 0x6DB3,
    0x75B3, 0x6D93, 0x6D92, 0x6D93, 0x6DB3, 0x6DB3, 0x6DB3, 0x75B3, 0x6DB3, 0x6DB3, 0x75D4, 0x7E15, 0x6DB3, 0x6DB3, 0x6D93, 0x6D93,
    0x7DD4, 0x75B3, 0x6D92, 0x6D93, 0x75B3, 0x6DB3, 0x6DB3, 0x6DB3, 0x75D3, 0x75D3, 0x75B3, 0x6DB3, 0x6DB3, 0x6DB3, 0x6DB3, 0x6DB3,
    0x7DD4, 0x6D93, 0x6572, 0x6D92, 0x6D93, 0x6DB3, 0x6DB3, 0x6DB3, 0x75D3, 0x7DD4, 0x75D4, 0x6DB3, 0x6DB3, 0x6DB3, 0x6DB3, 0x6D92,
    0x6D92, 0x6D93, 0x6D92, 0x6D93, 0x6DB3, 0x75B3, 0x6DB3, 0x6DB3, 0x6DB3, 0x6DB3, 0x6DB3, 0x75B3, 0x75B3, 0x6D93, 0x6D92, 0x6D72,
    0x6DB3, 0x6DB3, 0x6D93, 0x6D93, 0x7DD4, 0x85F5, 0x7DF5, 0x6DD3, 0x6DB3, 0x6DB3, 0x6DB3, 0x6DB3, 0x8E15, 0x75B4, 0x6D93, 0x6D93,
    0x6D92, 0x6D93, 0x6D93, 0x75B3, 0x8615, 0x7DD4, 0x75B4, 0x75D4, 0x6DD3, 0x6DD3, 0x6DB3, 0x6DB3, 0x75B4, 0x75B3, 0x75B3, 0x75B3,
    0x6DB3, 0x6D93, 0x6D92, 0x6DB3, 0x75D4, 0x75D3, 0x6DB3, 0x6DD3, 0x6DD3, 0x6DB3, 0x75D3, 0x75B3, 0x6DB3, 0x6D93, 0x75B3, 0x75B3,
    0x7DF4, 0x6DB3, 0x6593, 0x6D93, 0x6DB3, 0x6DB3, 0x6DB3, 0x75D3, 0x75B3, 0x6DB3, 0x6DB3, 0x6D93, 0x6D93, 0x75B3, 0x75B3, 0x75B3,
    0x9E56, 0x7DD4, 0x6D93, 0x6DB3, 0x6DB3, 0x6D93, 0x75B3, 0x7DF4, 0x75B3, 0x6DB3, 0x6D92, 0x6572, 0x6D93, 0x8E15, 0x8E15, 0x6DB3,
    0x75B3, 0x6DB3, 0x6DB3, 0x75B3, 0x6D93, 0x6D93, 0x6D93, 0x75B3, 0x6D93, 0x6D93, 0x6D93, 0x6DB3, 0x6DB3, 0x75B3, 0x75B3, 0x6DB3,
    0x75D4, 0x6DB3, 0x6D93, 0x6DB3, 0x75B3, 0x6D93, 0x6D92, 0x6D92, 0x6DB3, 0x6DB3, 0x75D3, 0x7DF4, 0x6D93, 0x6D93, 0x6D93, 0x6D93,
    0x75F4, 0x6DB3, 0x6D93, 0x6D93, 0x7DF5, 0x75B3, 0x6D93, 0x6D93, 0x6DB3, 0x6DB3, 0x6DB3, 0x6DB3, 0x6592, 0x6DB3, 0x6DB3, 0x6D93,
    0x6DB3, 0x6DB3, 0x6DB3, 0x75B3, 0x75D4, 0x75B3, 0x6D93, 0x6DB3, 0x75B3, 0x75B3, 0x75B3, 0x6DB3, 0x6DB3, 0x75D3, 0x75F4, 0x75D4,
    0x75B4, 0x75B3, 0x75B3, 0x75B3, 0x75B3, 0x75B3, 0x6DB3, 0x6D93, 0x6DB3, 0x75B3, 0x75D4, 0x75F4, 0x7E15, 0x75F4, 0x75D3, 0x75D3
};

const short ground_tile_89[TILE_SIZE * TILE_SIZE] = {
    0x6DB3, 0x6DB3, 0x6DB3, 0x6DB3, 0x6DB3, 0x6DB3, 0x6DB3, 0x6DB3, 0x6DB3, 0x75D4, 0x75D4, 0x6DB3, 0x6DB3, 0x6DB3, 0x75D3, 0x75D4,
    0x6DB3, 0x6DB3, 0x75D4, 0x7DF4, 0x6DB3, 0x6DB3, 0x6D93, 0x6D93, 0x6DB3, 0x7DF4, 0x7DF4, 0x6DB3, 0x6DB3, 0x6DD3, 0x75D3, 0x75D3,
    0x6DB3, 0x6DB3, 0x75D4, 0x7E15, 0x6DB3, 0x6DB3, 0x6DB3, 0x6DB3, 0x6DB3, 0x6DB3, 0x6DB3, 0x6DB3, 0x6DB3, 0x6DB3, 0x75D4, 0x8614,
    0x75D4, 0x6DD3, 0x75D4, 0x7DF5, 0x75F4, 0x75B3, 0x6D93, 0x6D93, 0x6D93, 0x6D93, 0x6D93, 0x6D93, 0x6D93, 0x6DB3, 0x6DB3, 0x6D92,
    0x6DB3, 0x6DB3, 0x6DB3, 0x7DF4, 0x6DB3, 0x75B3, 0x6D93, 0x6D92, 0x6D92, 0x6D92, 0x6D93, 0x6D93, 0x6DB3, 0x75D3, 0x6DB3, 0x6592,
    0x6D92, 0x6D93, 0x6DB3, 0x6DB3, 0x6DB3, 0x6D93, 0x6D92, 0x6D93, 0x6D93, 0x6DB3, 0x6D93, 0x6592, 0x6DB3, 0x6D93, 0x6DB3, 0x6DB3,
    0x6D92, 0x75B3, 0x75B3, 0x6DB3, 0x6DB3, 0x6DB3, 0x6D93, 0x6D93, 0x7DF4, 0x7DF4, 0x75B3, 0x6592, 0x6D93, 0x6DB3, 0x6DB3, 0x6DB3,
    0x6DB3, 0x75B3, 0x6DB3, 0x6D93, 0x6DB3, 0x6D93, 0x6DB3, 0x75B3, 0x8615, 0x75D4, 0x6DB3, 0x6593, 0x6D93, 0x6DB3, 0x6DB3, 0x75D4,
    0x75B3, 0x75B3, 0x75B3, 0x6DB3, 0x6DB3, 0x6DB3, 0x6D93, 0x6DB3, 0x75B3, 0x75D3, 0x6DB3, 0x6593, 0x6D93, 0x75B3, 0x7DD4, 0x7DF4,
    0x75B3, 0x75D4, 0x75D4, 0x75D3, 0x75D4, 0x75B3, 0x6DB3, 0x6D93, 0x6DB3, 0x6DB3, 0x75D3, 0x7DF4, 0x75B3, 0x75D3, 0x75D3, 0x75D3,
    0x75F4, 0x6DD3, 0x75D4, 0x8615, 0x8615, 0x75B3, 0x6DB3, 0x75D4, 0x6D93, 0x6DB3, 0x7E15, 0x9656, 0x7DD4, 0x75D3, 0x75D3, 0x7DD4,
    0x6DD3, 0x6DB3, 0x6DB3, 0x75B3, 0x6DB3, 0x6DB3, 0x6DB3, 0x6DB3, 0x6DB3, 0x6DB3, 0x6DB3, 0x6DB3, 0x6DB3, 0x75D3, 0x75B3, 0x6D93,
    0x6592, 0x6D93, 0x6DB3, 0x75B3, 0x6DB3, 0x6D93, 0x6D93, 0x75B3, 0x75D4, 0x7DD4, 0x75B3, 0x6592, 0x6DB3, 0x6DB3, 0x6DB3, 0x75B3,
    0x6D93, 0x6DB3, 0x6DB3, 0x6D93, 0x6D93, 0x6D92, 0x6572, 0x6592, 0x6D93, 0x6D93, 0x6D93, 0x6DB3, 0x6D93, 0x6DB3, 0x75D3, 0x75D4,
    0x7DF4, 0x6DB3, 0x6592, 0x6592, 0x6D72, 0x6D72, 0x6D72, 0x6D93, 0x6D93, 0x6D93, 0x6D93, 0x6D93, 0x6DB3, 0x75B3, 0x75D4, 0x75F4,
    0x75B3, 0x6D93, 0x6D93, 0x6D93, 0x6D93, 0x6D93, 0x6D93, 0x6D93, 0x6DB3, 0x6DB3, 0x6D93, 0x6DB3, 0x75D3, 0x75D4, 0x75D4, 0x75D4
};

const short ground_tile_90[TILE_SIZE * TILE_SIZE] = {
    0x7DF5, 0x75D4, 0x6DB3, 0x6DB3, 0x75B3, 0x75B3, 0x75D3, 0x75B3, 0x6DB3, 0x6D93, 0x6D93, 0x6D93, 0x6D93, 0x75D4, 0x75D4, 0x6DB3,
    0x8615, 0x75D4, 0x6DB3, 0x6DB3, 0x75D3, 0x75D3, 0x75D4, 0x7DF5, 0x6DB4, 0x6DB3, 0x6D93, 0x6592, 0x6DB3, 0x7DF5, 0x7DF4, 0x6DB3,
    0x6D93, 0x6D93, 0x6DB3, 0x75B3, 0x6DB3, 0x6DB3, 0x75D4, 0x7DF4, 0x75D4, 0x6DB3, 0x6DB3, 0x6593, 0x6DB3, 0x6DB3, 0x6DB3, 0x6DB3,
    0x6592, 0x6DB3, 0x75D3, 0x75B3, 0x75B3, 0x6DB3, 0x75D4, 0x7DF4, 0x75D4, 0x75B3, 0x6DB3, 0x6D93, 0x75B3, 0x6DB3, 0x6D93, 0x6D92,
    0x6592, 0x6DB3, 0x6D93, 0x6592, 0x6592, 0x6592, 0x6DB3, 0x7DF4, 0x75D3, 0x6D92, 0x6D93, 0x6DB3, 0x75D3, 0x6DB3, 0x6D93, 0x6D93,
    0x6DB3, 0x6DB3, 0x6D93, 0x6D92, 0x6D92, 0x6DB3, 0x6DB3, 0x6D93, 0x6592, 0x6592, 0x6592, 0x6593, 0x6DB3, 0x6DB3, 0x6DB3, 0x65B3,
    0x8615, 0x7DF4, 0x75B3, 0x6DB3, 0x6DB3, 0x75B3, 0x75B3, 0x6DB3, 0x6DB3, 0x6DB3, 0x6593, 0x6D93, 0x7DF4, 0x7E15, 0x7DF4, 0x6DB3,
    0x7DF4, 0x7DF4, 0x75D4, 0x75B3, 0x6DB3, 0x6DB3, 0x6DB3, 0x6DB3, 0x6DB3, 0x6DB3, 0x6DB3, 0x75B3, 0x8616, 0x7DF5, 0x75D4, 0x75D4,
    0x75F4, 0x75D3, 0x75D3, 0x75B3, 0x75D4, 0x75B3, 0x6DB3, 0x6DB3, 0x6DB3, 0x75D3, 0x6DB3, 0x6DB3, 0x7DF4, 0x75D4, 0x6DB3, 0x6DD3,
    0x75B3, 0x75B3, 0x75B3, 0x75B3, 0x75B3, 0x75B3, 0x75B3, 0x75D4, 0x7DD4, 0x75B3, 0x6DB3, 0x6D93, 0x6DB3, 0x6DB3, 0x6DB3, 0x75D3,
    0x6D93, 0x6DB3, 0x6DB3, 0x6DB3, 0x75B3, 0x6DB3, 0x75D3, 0x8615, 0x9636, 0x75B4, 0x6D93, 0x75D4, 0x6DB3, 0x6D93, 0x75B3, 0x7DF4,
    0x6DB3, 0x75B3, 0x75B3, 0x6DB3, 0x75D4, 0x7DF4, 0x8615, 0x7DF5, 0x75D3, 0x6DB3, 0x6DB3, 0x6DB3, 0x6DB3, 0x6DB3, 0x6DB3, 0x75D3,
    0x6DB3, 0x6DB3, 0x6DB3, 0x6DB3, 0x6DB3, 0x6DB3, 0x75D4, 0x7DF4, 0x75D3, 0x6DB3, 0x6D93, 0x6D93, 0x75D4, 0x6DB3, 0x6DB3, 0x6DB3,
    0x6DB3, 0x6DB3, 0x6DB3, 0x6DB3, 0x6DB3, 0x6DD3, 0x75D4, 0x75D4, 0x75D4, 0x6DB3, 0x6DB3, 0x6DB3, 0x8615, 0x75D4, 0x6D93, 0x6DB3,
    0x6DB3, 0x75D4, 0x75D4, 0x6DB3, 0x75D3, 0x75D3, 0x75D3, 0x75D3, 0x75D4, 0x6DB3, 0x6DB3, 0x6DB3, 0x7DD4, 0x75B3, 0x6DB3, 0x6DB3,
    0x75D4, 0x75D4, 0x6DB3, 0x6DB3, 0x6DB3, 0x75D3, 0x75D4, 0x75D4, 0x75B3, 0x6DB3, 0x6DB3, 0x6DB3, 0x6DB3, 0x6DB3, 0x6DB3, 0x6DB3
};

const short ground_tile_91[TILE_SIZE * TILE_SIZE] = {
    0x6DB3, 0x75B3, 0x6DB3, 0x6DB3, 0x8615, 0x7DF4, 0x75D4, 0x75D3, 0x75B3, 0x75B3, 0x6DB3, 0x6DB3, 0x6D93, 0x6D92, 0x6D93, 0x75D3,
    0x6DB3, 0x6DB3, 0x6DB3, 0x6DB3, 0x8615, 0x7DF4, 0x75D4, 0x6DD3, 0x75D3, 0x75B3, 0x75D4, 0x7DF4, 0x6D93, 0x6D92, 0x6D92, 0x6592,
    0x6DB3, 0x6DB3, 0x75D4, 0x7DD4, 0x6D93, 0x6D93, 0x6DB3, 0x75B3, 0x6DB3, 0x6DB3, 0x75F4, 0x8615, 0x6DB3, 0x75B3, 0x75B3, 0x6D93,
    0x75D3, 0x6DB3, 0x6D93, 0x6D92, 0x6DB3, 0x6DB3, 0x75B3, 0x75B3, 0x75D3, 0x75D3, 0x75D4, 0x75F4, 0x75F4, 0x75B3, 0x6D93, 0x6D93,
    0x75D4, 0x75D4, 0x75D4, 0x6D93, 0x6D93, 0x6DB3, 0x6DB3, 0x6DB3, 0x6DB3, 0x6DB3, 0x6DB3, 0x75D4, 0x75D3, 0x6D93, 0x6D92, 0x6D92,
    0x6DB3, 0x6DB3, 0x6DB3, 0x6DB3, 0x6DB3, 0x6DB3, 0x6D93, 0x6DB3, 0x75B3, 0x75B3, 0x75B3, 0x6DB3, 0x6DB3, 0x6D93, 0x6D92, 0x6D93,
    0x6DD3, 0x6DB3, 0x6DB3, 0x6DB3, 0x7DF4, 0x75D4, 0x75B3, 0x75B3, 0x6DB3, 0x75D3, 0x75D3, 0x6DB3, 0x75B3, 0x6DB3, 0x6DB3, 0x6D93,
    0x6DD4, 0x6DB3, 0x6DB3, 0x6DB3, 0x6DB3, 0x75D4, 0x75D4, 0x75B3, 0x75D3, 0x75D3, 0x6DB3, 0x6DB3, 0x6DB3, 0x6DB3, 0x6DB3, 0x75B3,
    0x6DD3, 0x6DB3, 0x6DB3, 0x75D3, 0x75F4, 0x75D3, 0x75B3, 0x75D3, 0x75D4, 0x75B3, 0x6DB3, 0x6DB3, 0x6DD3, 0x6DB3, 0x6DB3, 0x75D3,
    0x75B3, 0x75B3, 0x6DB3, 0x6DB3, 0x7DF4, 0x7DF4, 0x7DF4, 0x75D4, 0x75D4, 0x75D3, 0x75D3, 0x75D3, 0x75D3, 0x6DB3, 0x6DB3, 0x6DB3,
    0x75B3, 0x6DB3, 0x6DB3, 0x6DB3, 0x8E15, 0x8E36, 0x8615, 0x75B3, 0x75F4, 0x6DD3, 0x75F4, 0x8615, 0x8615, 0x75D3, 0x6DB3, 0x75D4,
    0x75D3, 0x6DD3, 0x6DD3, 0x75D4, 0x75F4, 0x75D4, 0x75D3, 0x6DB3, 0x75F4, 0x75F4, 0x75F4, 0x75D4, 0x75D3, 0x6DD3, 0x6DB3, 0x6DB3,
    0x6DB3, 0x75D4, 0x7DF5, 0x8615, 0x75D4, 0x75D3, 0x75B3, 0x6DB3, 0x6DB3, 0x6DD3, 0x75F4, 0x7DF4, 0x75B3, 0x6D93, 0x6D93, 0x75B3,
    0x6DB3, 0x6DB3, 0x6DB3, 0x6DB3, 0x6DB3, 0x6DB3, 0x6DB3, 0x6D93, 0x6DB3, 0x6DB3, 0x6DD3, 0x6DB3, 0x6D93, 0x6592, 0x6572, 0x6D93,
    0x75D4, 0x75B3, 0x6DB3, 0x6DB3, 0x75F4, 0x7DF4, 0x75D4, 0x6DB3, 0x75D3, 0x75B3, 0x6DB3, 0x6D93, 0x6D92, 0x6D72, 0x6D72, 0x6D92,
    0x6DD3, 0x75D4, 0x75D4, 0x75F4, 0x7DF5, 0x75D4, 0x6DB3, 0x6DB3, 0x6D93, 0x75B3, 0x75B3, 0x6DB3, 0x7593, 0x6D93, 0x6D93, 0x6D93
};

const short ground_tile_92[TILE_SIZE * TILE_SIZE] = {
    0x75D4, 0x7DF4, 0x75D4, 0x6DB3, 0x6DD3, 0x6DB3, 0x6DB3, 0x75D3, 0x7E15, 0x75D4, 0x6DB3, 0x6DB3, 0x75B3, 0x6DB3, 0x6DB3, 0x6DB3,
    0x6D93, 0x7DF4, 0x7DF4, 0x75B3, 0x6DB3, 0x6DB3, 0x6DB3, 0x75B3, 0x8615, 0x75D4, 0x6DB3, 0x6DB3, 0x75D3, 0x6DD3, 0x75D4, 0x7DF4,
    0x75B3, 0x6DB3, 0x6DB3, 0x6DB3, 0x6DB3, 0x6DB3, 0x6DB3, 0x75B3, 0x6592, 0x6D93, 0x6DB3, 0x6DB3, 0x6D93, 0x6DB3, 0x75D4, 0x85F5,
    0x6D93, 0x6D93, 0x6D93, 0x6DB3, 0x75B3, 0x6DB3, 0x6D92, 0x6572, 0x6592, 0x6DB3, 0x75B3, 0x6DB3, 0x6DB3, 0x6DB3, 0x75B3, 0x7DD4,
    0x6D93, 0x6D93, 0x6D93, 0x6DB3, 0x75B3, 0x75D4, 0x75B3, 0x6D93, 0x6592, 0x6D93, 0x6D93, 0x6D92, 0x6DB3, 0x6D92, 0x6DB3, 0x7DD4,
    0x75B3, 0x75B3, 0x6DB3, 0x6592, 0x6DB3, 0x6DB3, 0x6DB3, 0x6DB3, 0x6DD3, 0x6DB3, 0x6DB3, 0x6DB3, 0x6D93, 0x6D93, 0x6D93, 0x6D93,
    0x7DD4, 0x7DF4, 0x75D4, 0x6592, 0x6DB3, 0x6DB3, 0x6DB3, 0x6DB3, 0x8E36, 0x7DF4, 0x75D3, 0x6DB3, 0x6DB3, 0x75B3, 0x6DB3, 0x6D93,
    0x7DF5, 0x75D4, 0x6DB3, 0x6DB3, 0x6DD3, 0x6DD3, 0x6DD3, 0x6DB3, 0x7E15, 0x75F4, 0x75D4, 0x75D3, 0x6DB3, 0x6DB3, 0x6DB3, 0x6D93,
    0x75B4, 0x6DB3, 0x6593, 0x6DB3, 0x6DD3, 0x75F4, 0x7DF4, 0x75F4, 0x75F4, 0x75D3, 0x6DB3, 0x75B3, 0x75B3, 0x75B3, 0x6DB3, 0x6DB3,
    0x6D93, 0x6D93, 0x6DB3, 0x75D3, 0x6DD3, 0x75D4, 0x75F4, 0x75D4, 0x7DF4, 0x75D4, 0x75D4, 0x75D4, 0x75D4, 0x75B3, 0x75B3, 0x75D4,
    0x6D92, 0x6D93, 0x75D4, 0x8615, 0x75D4, 0x75D4, 0x75D4, 0x75D4, 0x8E36, 0x8E36, 0x7DF5, 0x75B3, 0x75D3, 0x6DB3, 0x75D4, 0x8615,
    0x6DB3, 0x6DB3, 0x6DB3, 0x6D93, 0x6DB3, 0x75D4, 0x6DB3, 0x6D92, 0x7DD4, 0x75D4, 0x75B3, 0x6DB3, 0x75D4, 0x75D4, 0x7DF4, 0x7DD4,
    0x7DD4, 0x75B3, 0x6DB3, 0x75B3, 0x6DB3, 0x6DB3, 0x6DB3, 0x6D93, 0x6D93, 0x6D93, 0x6DB3, 0x6DB3, 0x6DB3, 0x6DB3, 0x75D4, 0x7DD4,
    0x6DB3, 0x6D93, 0x6DB3, 0x6DD3, 0x6DB3, 0x75B3, 0x75D4, 0x75B3, 0x6572, 0x6D93, 0x6DB3, 0x6DB3, 0x6DB3, 0x6DD3, 0x6DD3, 0x75D3,
    0x6DB3, 0x75B3, 0x6DB3, 0x6DB3, 0x75D3, 0x75D4, 0x75F4, 0x75D4, 0x6D93, 0x75B3, 0x75D4, 0x6DB3, 0x7DF4, 0x75D4, 0x6DB3, 0x6DB3,
    0x6DB3, 0x6DB3, 0x6DB3, 0x6DD3, 0x75D4, 0x75D4, 0x75D4, 0x75F4, 0x6DD4, 0x6DD4, 0x6DD3, 0x6DB3, 0x6DB3, 0x6DB3, 0x6DD3, 0x6DD3
};

const short ground_tile_93[TILE_SIZE * TILE_SIZE] = {
    0x6DB3, 0x6DB3, 0x6DB3, 0x6DB3, 0x6DB3, 0x75D4, 0x75D4, 0x6DB3, 0x75D4, 0x75D3, 0x75D3, 0x75D4, 0x8615, 0x75D4, 0x6DB3, 0x6DB3,
    0x6DB3, 0x6DB3, 0x6D92, 0x6592, 0x6DB3, 0x7DF4, 0x7DF4, 0x6DD3, 0x6DD3, 0x75B3, 0x75B3, 0x75B3, 0x8615, 0x75D4, 0x6DB3, 0x6DB3,
    0x6DB3, 0x6D93, 0x6D93, 0x6D93, 0x6DB3, 0x6DB3, 0x6DB3, 0x6DB3, 0x6DB3, 0x6DB3, 0x6DB3, 0x75D4, 0x6DB3, 0x6D93, 0x6DB3, 0x6DB3,
    0x6D93, 0x6D93, 0x6DB3, 0x6DB3, 0x6DB3, 0x6DB3, 0x6DB3, 0x75B3, 0x75B3, 0x6DB3, 0x6D93, 0x6D92, 0x6593, 0x6DB3, 0x6DB3, 0x6DB3,
    0x6DB3, 0x6D72, 0x6D93, 0x75B3, 0x75B3, 0x6DB3, 0x6D93, 0x6D93, 0x6DB3, 0x7DF4, 0x75D4, 0x6D93, 0x6592, 0x6DB3, 0x6DB3, 0x6D93,
    0x6D93, 0x6D92, 0x6D92, 0x6DB3, 0x75B3, 0x75D3, 0x75D4, 0x6DD3, 0x6DB3, 0x6DB3, 0x6DB3, 0x75B3, 0x6DB3, 0x6DB3, 0x6DB3, 0x75B3,
    0x6DB3, 0x6DB3, 0x6DB3, 0x6DB3, 0x75D4, 0x7E15, 0x7E15, 0x75D4, 0x6DD3, 0x6DD3, 0x6DB3, 0x75B3, 0x8615, 0x7DF4, 0x75D3, 0x75B3,
    0x6D93, 0x6DB3, 0x6DB3, 0x75D3, 0x7DF5, 0x7DF4, 0x75D4, 0x6DD4, 0x6DD4, 0x6DD3, 0x75D3, 0x75D4, 0x6DB3, 0x75D3, 0x75D4, 0x75D3,
    0x75B3, 0x75B3, 0x6DB3, 0x75B3, 0x7DD4, 0x75D3, 0x6DB3, 0x6DD3, 0x6DD3, 0x75D4, 0x75D3, 0x75D3, 0x75D3, 0x6DB3, 0x6DB3, 0x75D3,
    0x7DD4, 0x75D3, 0x6DB3, 0x6DB3, 0x6DB3, 0x6DB3, 0x6DB3, 0x75D3, 0x75D3, 0x75B3, 0x6DB3, 0x6D92, 0x75B3, 0x75D3, 0x75D4, 0x75D4,
    0x8E36, 0x75D4, 0x6DB3, 0x75D3, 0x6DB3, 0x6D93, 0x75B3, 0x75D4, 0x6DB3, 0x6DB3, 0x6DB3, 0x6572, 0x7DF5, 0x8E36, 0x8615, 0x6DB3,
    0x6DB3, 0x6DB3, 0x6DB3, 0x75D4, 0x6D93, 0x6D92, 0x6D93, 0x6DB3, 0x75B3, 0x75D4, 0x75D4, 0x75D4, 0x75D4, 0x75D4, 0x6DB3, 0x6D93,
    0x75D3, 0x6DB3, 0x6D93, 0x6D93, 0x75B3, 0x6D93, 0x6592, 0x6D93, 0x6DB3, 0x6DB3, 0x75D4, 0x8615, 0x6DB3, 0x6DB3, 0x6DB3, 0x6D93,
    0x75D4, 0x6DB3, 0x6593, 0x6D93, 0x85F5, 0x75B3, 0x6D93, 0x6DB3, 0x6D93, 0x6DB3, 0x6DB3, 0x6DB3, 0x6DD3, 0x6DB3, 0x6DB3, 0x6592,
    0x75D4, 0x6DB3, 0x6DB3, 0x6DB3, 0x75B3, 0x6D93, 0x6D93, 0x6D93, 0x6DB3, 0x75B3, 0x75D4, 0x75D4, 0x7E15, 0x8615, 0x7DF4, 0x75D3,
    0x75D4, 0x75D4, 0x75D3, 0x75B3, 0x6DB3, 0x6DB3, 0x6DB3, 0x6D93, 0x6DB3, 0x75B3, 0x75D4, 0x7E15, 0x8635, 0x7DF4, 0x75D3, 0x6DB3
};

const short ground_tile_94[TILE_SIZE * TILE_SIZE] = {
    0x6DB3, 0x6DB3, 0x6DB3, 0x6DB3, 0x6DB3, 0x6DB3, 0x6DB3, 0x75D4, 0x75D4, 0x7DF4, 0x75D4, 0x6DD3, 0x75D4, 0x75D3, 0x75D4, 0x75F4,
    0x6DB3, 0x6DB3, 0x75D4, 0x7DF4, 0x6DB3, 0x6D93, 0x6D93, 0x6DB3, 0x6DB3, 0x7DF4, 0x7DF4, 0x75D3, 0x6DD3, 0x75D3, 0x75D3, 0x75D4,
    0x6DB3, 0x6DB3, 0x75D4, 0x7DF5, 0x6D93, 0x6D93, 0x6D93, 0x6DB3, 0x75B3, 0x6DB3, 0x6DB3, 0x6DB3, 0x75D3, 0x75D3, 0x75D4, 0x7E14,
    0x75D3, 0x6DB3, 0x6DB3, 0x75D4, 0x75B3, 0x6DB3, 0x6D93, 0x6D93, 0x6DB3, 0x6D93, 0x6D93, 0x6DB3, 0x75B3, 0x75B3, 0x6DB3, 0x6D92,
    0x75D4, 0x6DB3, 0x6D93, 0x6DB3, 0x75D4, 0x6DB3, 0x6D93, 0x6D93, 0x75B3, 0x6DB3, 0x6DB3, 0x75D4, 0x75D4, 0x75B3, 0x6D93, 0x6D72,
    0x75B3, 0x75B3, 0x6DB3, 0x6D93, 0x6DB3, 0x6D93, 0x6D93, 0x6DB3, 0x6D93, 0x75D4, 0x75D4, 0x6DD3, 0x6DB3, 0x6DB3, 0x6DB3, 0x6DB3,
    0x75B3, 0x75B3, 0x75B3, 0x6DB3, 0x75B3, 0x75B3, 0x6DB3, 0x6D93, 0x6DB3, 0x7DF4, 0x7DF4, 0x6DB3, 0x6DB3, 0x6DB3, 0x6DB3, 0x6D93,
    0x75D3, 0x75D3, 0x75B3, 0x75B3, 0x6DB3, 0x6DB3, 0x6DB3, 0x75D3, 0x7DF4, 0x75D4, 0x6DB3, 0x75D3, 0x6DD3, 0x6DB3, 0x6DB3, 0x6DB3,
    0x75D3, 0x75B3, 0x75B3, 0x6DB3, 0x75D3, 0x75B3, 0x6DB3, 0x75D3, 0x75D4, 0x6DD3, 0x6DB3, 0x6DD3, 0x75D4, 0x75D4, 0x75D3, 0x75D3,
    0x75D4, 0x75B3, 0x75B3, 0x75B3, 0x75D4, 0x75B3, 0x6DB3, 0x6DB3, 0x6DB3, 0x6DB3, 0x75D4, 0x75F4, 0x75D4, 0x75D4, 0x75D3, 0x75B3,
    0x75D3, 0x6DB3, 0x75D3, 0x7DF4, 0x75D4, 0x6DB3, 0x6DB3, 0x75D4, 0x6DB3, 0x6DB3, 0x7DF4, 0x8E36, 0x7DF4, 0x7DF4, 0x75F4, 0x75D4,
    0x75D4, 0x6DD3, 0x6DB3, 0x6DB3, 0x6DB3, 0x6DB3, 0x6DB3, 0x6D93, 0x6DB3, 0x6DB3, 0x6D93, 0x6D93, 0x6DB3, 0x75D3, 0x75D3, 0x6DB3,
    0x6DB3, 0x6DB3, 0x75D4, 0x7DF4, 0x6DB3, 0x6D92, 0x6D92, 0x6DB3, 0x75B3, 0x7DD4, 0x7DD4, 0x6D92, 0x6DB3, 0x6DB3, 0x6DB3, 0x75D4,
    0x6592, 0x6DB3, 0x6DD3, 0x6DD3, 0x6D93, 0x6592, 0x6592, 0x6D92, 0x6D92, 0x6D93, 0x6D93, 0x6DB3, 0x6DB3, 0x75D3, 0x75D4, 0x75D4,
    0x75D3, 0x6DB3, 0x6D92, 0x6593, 0x6D92, 0x6D92, 0x6D93, 0x6D93, 0x75B3, 0x6DB3, 0x6D93, 0x6D93, 0x75B3, 0x75D4, 0x75F4, 0x75F4,
    0x75B3, 0x6D93, 0x6D93, 0x6D93, 0x6D93, 0x6D93, 0x6DB3, 0x6DB3, 0x6DB3, 0x6DB3, 0x6DB3, 0x6DD3, 0x75D3, 0x75D4, 0x75D4, 0x75D4
};

const short ground_tile_95[TILE_SIZE * TILE_SIZE] = {
    0x8615, 0x75D4, 0x6DB3, 0x6DB3, 0x75B3, 0x6DB3, 0x6DB3, 0x6DB3, 0x6DB3, 0x6DB3, 0x75B3, 0x6DB3, 0x6DB3, 0x7DF4, 0x7DF4, 0x6DD4,
    0x8615, 0x75D4, 0x6DB3, 0x6DB3, 0x6DB3, 0x6DB3, 0x75D4, 0x7DD4, 0x6D93, 0x6D93, 0x6D93, 0x6593, 0x6DB3, 0x7E15, 0x7E15, 0x6DB3,
    0x6D93, 0x6592, 0x6D93, 0x6DB3, 0x6572, 0x6592, 0x75B3, 0x7DD4, 0x6DB3, 0x6D93, 0x6572, 0x6572, 0x6593, 0x6D93, 0x6D93, 0x6D93,
    0x6592, 0x6DB3, 0x6DB3, 0x6D93, 0x6D92, 0x6D92, 0x6DB3, 0x7DB4, 0x75B3, 0x6D93, 0x6D72, 0x6572, 0x6D92, 0x6D93, 0x6D93, 0x6DB3,
    0x6D93, 0x6DB3, 0x6D93, 0x6D92, 0x6D93, 0x6572, 0x6D93, 0x75D4, 0x75B3, 0x6572, 0x6552, 0x6572, 0x6D93, 0x6D93, 0x6DB3, 0x6DD3,
    0x6DB3, 0x6D93, 0x6D93, 0x6DB3, 0x75B3, 0x6DB3, 0x6D93, 0x6D93, 0x6592, 0x6592, 0x6592, 0x6592, 0x6DB3, 0x75B3, 0x6DD3, 0x6DD3,
    0x85F5, 0x7DD4, 0x75B3, 0x6D93, 0x75B3, 0x75B3, 0x75B3, 0x6DB3, 0x6D93, 0x6D93, 0x6D93, 0x6D93, 0x7DF4, 0x8615, 0x7DF4, 0x6DD3,
    0x75D4, 0x75D4, 0x75D3, 0x75B3, 0x75B3, 0x75D3, 0x75D3, 0x75B3, 0x6DB3, 0x6D93, 0x6D93, 0x6DB3, 0x8615, 0x75F4, 0x6DD4, 0x6DD4,
    0x75D4, 0x6DB3, 0x6DB3, 0x75B3, 0x75D3, 0x75D4, 0x75B3, 0x6DB3, 0x6DB3, 0x6DB3, 0x6DB3, 0x75D3, 0x75D4, 0x6DB3, 0x6DB3, 0x6DB3,
    0x75B3, 0x75B3, 0x75B3, 0x75B3, 0x75B3, 0x75B3, 0x75D4, 0x75D4, 0x75D3, 0x6DB3, 0x6DB3, 0x6DB3, 0x6DB3, 0x6D93, 0x6DB3, 0x75B3,
    0x6D93, 0x7593, 0x75B3, 0x6D93, 0x75B3, 0x6DB3, 0x75D4, 0x8615, 0x85F5, 0x6DB3, 0x6592, 0x6DB3, 0x6DB3, 0x6D93, 0x75B3, 0x7DF4,
    0x75D4, 0x75D4, 0x75B3, 0x6DB3, 0x75D4, 0x7DF4, 0x7DF4, 0x85F5, 0x6DB3, 0x6DB3, 0x6DB3, 0x75D3, 0x6DB3, 0x6D93, 0x6D93, 0x75B3,
    0x6DD4, 0x75B3, 0x75B3, 0x6D93, 0x6D93, 0x6DB3, 0x6DB3, 0x75D3, 0x6DD3, 0x6DB3, 0x6DB3, 0x6DB3, 0x75D4, 0x6DB3, 0x6D92, 0x6572,
    0x75D4, 0x75B3, 0x75B3, 0x6DB3, 0x6D93, 0x6DB3, 0x6DB3, 0x6DB3, 0x75D4, 0x6DD3, 0x6DB3, 0x6DB3, 0x8615, 0x75B4, 0x6D93, 0x6D92,
    0x7DF5, 0x85F5, 0x7DD4, 0x6D93, 0x75B3, 0x75D3, 0x6DB3, 0x6DB3, 0x75B3, 0x75B3, 0x6DB3, 0x6D93, 0x75D4, 0x75B3, 0x6D93, 0x6D92,
    0x75D4, 0x75D4, 0x6DB3, 0x6DB3, 0x6DB3, 0x6DB3, 0x6DB3, 0x6DB3, 0x75B3, 0x75B3, 0x6DB3, 0x6DB3, 0x6DB3, 0x75B3, 0x6DB3, 0x6DB3
};

const short ground_tile_96[TILE_SIZE * TILE_SIZE] = {
    0x75D4, 0x75D3, 0x75B3, 0x75D3, 0x7DF4, 0x75D4, 0x75D4, 0x75D4, 0x75B3, 0x6DB3, 0x6DB3, 0x6D93, 0x6DB3, 0x6DB3, 0x6D93, 0x6DB3,
    0x6DB3, 0x6DB3, 0x6DB3, 0x6DB3, 0x7DF4, 0x75D4, 0x75D4, 0x75D3, 0x75D3, 0x6DB3, 0x75B3, 0x75D4, 0x6D93, 0x6D92, 0x6592, 0x6593,
    0x6DB3, 0x6D93, 0x6D93, 0x6DB3, 0x6D92, 0x6D92, 0x6DB3, 0x75B3, 0x75B3, 0x6DB3, 0x75B3, 0x7DD4, 0x6DB3, 0x6DB3, 0x6DB3, 0x6D93,
    0x6DB3, 0x6DB3, 0x6D93, 0x6D93, 0x6592, 0x6DB3, 0x6DB3, 0x6DB3, 0x75D4, 0x75B3, 0x75D3, 0x7DF4, 0x75F4, 0x75B3, 0x6DB3, 0x6DB3,
    0x6DD3, 0x75D4, 0x75D4, 0x6DB3, 0x6592, 0x6D93, 0x6D93, 0x6D92, 0x6DB3, 0x6DB3, 0x75B3, 0x7DF4, 0x7DF4, 0x6DB3, 0x6D93, 0x75B3,
    0x6DD3, 0x6DD4, 0x75D4, 0x75D3, 0x6DB3, 0x6D93, 0x6D93, 0x6DB3, 0x75D3, 0x6DB3, 0x6DB3, 0x75D3, 0x6DB3, 0x6DB3, 0x6D93, 0x6D93,
    0x75D4, 0x75D4, 0x6DD3, 0x6DD3, 0x8615, 0x7DF4, 0x75B3, 0x75B3, 0x75B3, 0x75D4, 0x75D4, 0x75B3, 0x75B3, 0x6DB3, 0x6DB3, 0x6D93,
    0x75F4, 0x6DD4, 0x6DD3, 0x75D4, 0x75D4, 0x75D4, 0x7DD4, 0x75D4, 0x75D3, 0x75B3, 0x6DB3, 0x6DB3, 0x6DB3, 0x6DB3, 0x6D93, 0x6D93,
    0x6DB3, 0x6DB3, 0x75B3, 0x75D3, 0x75D3, 0x75B3, 0x75D3, 0x7DD4, 0x75D4, 0x75B3, 0x6DB3, 0x6DB3, 0x6DB3, 0x6DB3, 0x6D93, 0x6D93,
    0x75B3, 0x75B3, 0x6DB3, 0x6D92, 0x75D4, 0x75D4, 0x75D4, 0x75D4, 0x75D3, 0x75D3, 0x75D3, 0x75D3, 0x75B3, 0x6DB3, 0x6D93, 0x6D93,
    0x75B3, 0x6D93, 0x6572, 0x6572, 0x8615, 0x8E36, 0x8615, 0x75B3, 0x75D3, 0x6DD3, 0x75D3, 0x7DF5, 0x7DF4, 0x6D93, 0x6D93, 0x75D4,
    0x6D93, 0x6592, 0x6D93, 0x75B3, 0x75B3, 0x75D4, 0x75B3, 0x6DB3, 0x75D3, 0x6DD3, 0x6DB3, 0x6D93, 0x6592, 0x6DB3, 0x6DB3, 0x6D93,
    0x6572, 0x6D92, 0x75B3, 0x7DF4, 0x6DB3, 0x6DB3, 0x6DB3, 0x6DB3, 0x6D93, 0x6D93, 0x75B3, 0x7DF4, 0x6DB3, 0x6D92, 0x6592, 0x6D93,
    0x6D92, 0x6D93, 0x6D93, 0x6D93, 0x6D93, 0x6D93, 0x6DB3, 0x6D93, 0x6D93, 0x6DB3, 0x6DB3, 0x6DB3, 0x6DB3, 0x6D92, 0x6592, 0x6D93,
    0x6D93, 0x6DB3, 0x6DB3, 0x6DB3, 0x75D4, 0x75D4, 0x75B3, 0x6D93, 0x75B4, 0x6DB3, 0x6D93, 0x6D93, 0x6D93, 0x6D93, 0x6D93, 0x6DB3,
    0x6DB3, 0x6DB3, 0x75D4, 0x75D4, 0x7DF4, 0x75B3, 0x6D93, 0x6D93, 0x6D93, 0x6D93, 0x6DB3, 0x6DB3, 0x6DB3, 0x6D93, 0x6D93, 0x6D93
};

const short ground_tile_97[TILE_SIZE * TILE_SIZE] = {
    0x75B4, 0x7DF4, 0x7DF4, 0x6DB3, 0x75D4, 0x75D4, 0x75D3, 0x75D3, 0x7E15, 0x75D4, 0x6DB3, 0x6DD3, 0x75D3, 0x6DD3, 0x6DD3, 0x6DB3,
    0x6DB3, 0x7DF4, 0x7DF5, 0x6DB3, 0x6DD3, 0x6DD3, 0x6DB3, 0x75D3, 0x8615, 0x75D4, 0x6DB3, 0x6DB3, 0x6DB3, 0x6DD3, 0x75F4, 0x7DF4,
    0x6DB3, 0x6DB3, 0x6DB3, 0x6DB3, 0x6DB3, 0x6DB3, 0x6DB3, 0x75B3, 0x6D92, 0x6D93, 0x6DB3, 0x75D3, 0x6DB3, 0x6DD3, 0x75D4, 0x7DD4,
    0x6DB3, 0x6D93, 0x6D93, 0x6D93, 0x6D92, 0x6D92, 0x6D72, 0x6D72, 0x6DB3, 0x6DB3, 0x75D3, 0x75D3, 0x75B3, 0x75B3, 0x75B3, 0x6DB3,
    0x6DB3, 0x6D93, 0x6D93, 0x6DB3, 0x6DB3, 0x6DB3, 0x6D93, 0x6D92, 0x6DB3, 0x6DB3, 0x75D3, 0x6DB3, 0x6DB3, 0x6DB3, 0x6D93, 0x6D93,
    0x6D92, 0x6DB3, 0x6DB3, 0x6DD3, 0x6DD3, 0x6DB3, 0x6DB3, 0x6DB3, 0x6DB3, 0x6DB3, 0x6D93, 0x6DB3, 0x6DB3, 0x75D3, 0x75D3, 0x6DB3,
    0x75B3, 0x7DF5, 0x7DF4, 0x6DB3, 0x6DB3, 0x6DB3, 0x6D93, 0x6D92, 0x8615, 0x75D4, 0x75B3, 0x75D3, 0x6DB3, 0x7DF4, 0x85F4, 0x7DD4,
    0x85F5, 0x7DF4, 0x75D4, 0x6DD3, 0x6DD3, 0x6DB3, 0x6D93, 0x6D93, 0x75D4, 0x75D4, 0x75F4, 0x75F4, 0x6DB3, 0x6DB3, 0x75B3, 0x75B3,
    0x75D4, 0x6DB3, 0x6D93, 0x6D93, 0x6DB3, 0x6DB3, 0x6DB3, 0x75D4, 0x75D3, 0x75D3, 0x75D3, 0x75D3, 0x75D3, 0x6DB3, 0x6DB3, 0x6DB3,
    0x6D93, 0x6DB3, 0x6DB3, 0x6DB3, 0x6DB3, 0x6DB3, 0x6DB3, 0x6DB3, 0x7DF4, 0x7DF4, 0x75D4, 0x75D4, 0x75D4, 0x75D3, 0x6DD3, 0x75D3,
    0x6DB3, 0x75B3, 0x75D4, 0x7DF4, 0x75B3, 0x6DB3, 0x6D93, 0x6D93, 0x8E36, 0x8E36, 0x7DF5, 0x75B3, 0x75B3, 0x6DB3, 0x75B3, 0x75D4,
    0x6DB3, 0x6D93, 0x6D93, 0x6DB3, 0x6DB3, 0x6D93, 0x6D93, 0x6D93, 0x75B3, 0x75B3, 0x75B3, 0x6DB3, 0x75F4, 0x75D4, 0x75D3, 0x75B3,
    0x75D4, 0x6DB3, 0x6D93, 0x6592, 0x6572, 0x6D93, 0x75B3, 0x75B3, 0x6D93, 0x6DB3, 0x6DB3, 0x6DB3, 0x6DB3, 0x6DB3, 0x75B3, 0x75D4,
    0x8615, 0x7DD4, 0x6DB3, 0x6D93, 0x6D72, 0x6D92, 0x6D93, 0x6D93, 0x6D72, 0x6DB3, 0x6DB3, 0x6D93, 0x6D93, 0x6DB3, 0x6DB3, 0x6DB3,
    0x75D4, 0x75B3, 0x6DB3, 0x6D93, 0x6D93, 0x6DB3, 0x6DB3, 0x6D93, 0x6D93, 0x75B4, 0x75D4, 0x75B3, 0x75B4, 0x75B3, 0x6DB3, 0x6DB3,
    0x6D93, 0x6DB3, 0x6DB3, 0x6DB3, 0x6DB3, 0x75B3, 0x6DB3, 0x6D93, 0x6593, 0x6D93, 0x6DB3, 0x6DB3, 0x6D93, 0x75B3, 0x6DB3, 0x6DB3
};

const short ground_tile_98[TILE_SIZE * TILE_SIZE] = {
    0x6DB3, 0x6D93, 0x6DB3, 0x75D3, 0x75D3, 0x7DF4, 0x7DF4, 0x75B3, 0x75B3, 0x75B3, 0x6DB3, 0x6DB3, 0x7DF4, 0x7DD4, 0x75B3, 0x6DB3,
    0x6D93, 0x6D93, 0x6D93, 0x6DB3, 0x6DB3, 0x8615, 0x8615, 0x75D3, 0x6DB3, 0x6DB3, 0x6DB3, 0x6D93, 0x7DF4, 0x75D4, 0x6DB3, 0x6DB3,
    0x6DB3, 0x6D93, 0x6D92, 0x6D93, 0x6DB3, 0x6DB3, 0x6DB3, 0x6D93, 0x6DB3, 0x6D92, 0x6D92, 0x75B3, 0x6D92, 0x6D92, 0x6D93, 0x75B3,
    0x6D93, 0x6DB3, 0x6DB3, 0x6D93, 0x6DB3, 0x6DB3, 0x6DB3, 0x75D3, 0x7DD4, 0x75B3, 0x6D92, 0x6D72, 0x6572, 0x6D72, 0x6D92, 0x6D93,
    0x6DB3, 0x6D92, 0x6D92, 0x75B3, 0x6DB3, 0x75D3, 0x6DB3, 0x6DB3, 0x75D3, 0x75B3, 0x6DB3, 0x6D92, 0x6D92, 0x6D93, 0x6D93, 0x6D93,
    0x6DB3, 0x6D93, 0x6D92, 0x6D93, 0x6DB3, 0x7DF4, 0x7DF4, 0x75D3, 0x6DB3, 0x6DB3, 0x75B3, 0x75D3, 0x75D3, 0x75B3, 0x6DB3, 0x6DB3,
    0x75D3, 0x6DB3, 0x6DB3, 0x6DB3, 0x6DB3, 0x7DF5, 0x7E15, 0x75D3, 0x6DB3, 0x6DB3, 0x75D3, 0x75D4, 0x9656, 0x7DF4, 0x75B3, 0x75B3,
    0x6D93, 0x6DB3, 0x6DB3, 0x6DB3, 0x75D4, 0x75D4, 0x75D3, 0x75D3, 0x6DB3, 0x6DB3, 0x75B3, 0x75B3, 0x7DF4, 0x75D4, 0x75D3, 0x75B3,
    0x75D3, 0x6DB3, 0x6DB3, 0x6DB3, 0x75D4, 0x75D3, 0x6DD3, 0x6DD3, 0x6DB3, 0x75B3, 0x75D3, 0x75D3, 0x75D3, 0x6DB3, 0x6DB3, 0x75D3,
    0x75D4, 0x6DB3, 0x6DB3, 0x6DB3, 0x75B3, 0x6DB3, 0x6DD3, 0x75D3, 0x6DB3, 0x75B3, 0x6DB3, 0x6D93, 0x6DB3, 0x75B3, 0x75D4, 0x75B3,
    0x85F5, 0x75D3, 0x6DB3, 0x6DD3, 0x6DB3, 0x6DB3, 0x75B3, 0x75D4, 0x6DB3, 0x6DB3, 0x6D92, 0x6572, 0x6DB3, 0x8E35, 0x8E15, 0x6DB3,
    0x6D92, 0x6592, 0x6592, 0x6593, 0x6DB3, 0x6D93, 0x6D93, 0x6D93, 0x6DB3, 0x6DB3, 0x6DB3, 0x6DB3, 0x75D4, 0x7DD4, 0x75D4, 0x6DB3,
    0x6DB3, 0x6592, 0x6572, 0x6592, 0x7DF4, 0x75D4, 0x75B3, 0x6DB3, 0x6D93, 0x6592, 0x6DB3, 0x7DF4, 0x6DB3, 0x6DB3, 0x75B3, 0x6DB3,
    0x75D3, 0x6DB3, 0x6592, 0x6592, 0x6DB3, 0x6DB3, 0x6DB3, 0x6DB3, 0x6DB3, 0x6DB3, 0x6DB3, 0x75B3, 0x6D93, 0x6DB3, 0x6DB3, 0x6D92,
    0x75B3, 0x6DB3, 0x6D93, 0x6DB3, 0x6DB3, 0x6DB3, 0x6D93, 0x6592, 0x6DB3, 0x6DB3, 0x6DB3, 0x6DB3, 0x75D3, 0x75D4, 0x75B3, 0x75B3,
    0x6DB3, 0x6DB3, 0x6DB3, 0x6DB3, 0x6DB3, 0x6DB3, 0x6D93, 0x6592, 0x6D93, 0x6DB3, 0x6DB3, 0x75D4, 0x7E15, 0x75D4, 0x6DB3, 0x6D93
};

const short ground_tile_99[TILE_SIZE * TILE_SIZE] = {
    0x6D93, 0x6DB3, 0x6DB3, 0x6DB3, 0x6DB3, 0x6D93, 0x6D93, 0x6DB3, 0x6DB3, 0x75D4, 0x75D4, 0x6DB3, 0x75D3, 0x75D4, 0x75D4, 0x75D4,
    0x6DB3, 0x6DB3, 0x75D4, 0x75D4, 0x6593, 0x6572, 0x6592, 0x6593, 0x6593, 0x7DF4, 0x7DF4, 0x6DB3, 0x6DB3, 0x6DB3, 0x75D3, 0x7DF4,
    0x6DB3, 0x6DB3, 0x75D4, 0x7DD4, 0x6DB3, 0x6D93, 0x6D93, 0x6593, 0x6DB3, 0x6D93, 0x6D93, 0x6DB3, 0x6DB3, 0x6DB3, 0x75D4, 0x8E35,
    0x75B3, 0x6DB3, 0x75B3, 0x75B4, 0x75B3, 0x6D93, 0x6D93, 0x6D93, 0x6DB3, 0x6D93, 0x6D92, 0x6DB3, 0x6DB3, 0x6DB3, 0x6DB3, 0x6DB3,
    0x75B3, 0x6D93, 0x6D93, 0x75B3, 0x6D93, 0x6D92, 0x6D92, 0x6D93, 0x6DB3, 0x6D93, 0x6D93, 0x6DB3, 0x75D3, 0x6DB3, 0x6DB3, 0x6DB3,
    0x75D3, 0x75B3, 0x6DB3, 0x6D92, 0x6D93, 0x6D92, 0x6D93, 0x6DB3, 0x6D93, 0x75B3, 0x75B3, 0x6DB3, 0x6DB3, 0x6DB3, 0x6DB3, 0x75D3,
    0x75B3, 0x75D4, 0x75D4, 0x6D93, 0x6D93, 0x6DB3, 0x6DB3, 0x6D93, 0x6D93, 0x75D4, 0x75D4, 0x6DB3, 0x6DB3, 0x6DB3, 0x6DB3, 0x6DB3,
    0x75D3, 0x75B3, 0x6DB3, 0x6D93, 0x6D72, 0x6D93, 0x6DB3, 0x75D3, 0x7DD4, 0x75B3, 0x6DB3, 0x6DD3, 0x6DB3, 0x6DB3, 0x75D3, 0x75D4,
    0x75D3, 0x75B3, 0x6DB3, 0x6DB3, 0x6D93, 0x6D93, 0x6D93, 0x6DB3, 0x75D4, 0x75D3, 0x6DB3, 0x6DB3, 0x6DD3, 0x75B3, 0x75B3, 0x75D3,
    0x75B3, 0x6DB3, 0x6DB3, 0x6DB3, 0x75D3, 0x6DB3, 0x6DB3, 0x6DB3, 0x75B3, 0x6DB3, 0x6DB3, 0x6DB3, 0x6DB3, 0x6DB3, 0x6DB3, 0x6DB3,
    0x75D3, 0x6DB3, 0x6DB3, 0x7DF4, 0x85F4, 0x75D4, 0x6DD3, 0x6DD3, 0x6DB3, 0x75B3, 0x75D3, 0x75D4, 0x75B3, 0x6DB3, 0x6DB3, 0x6D93,
    0x75D4, 0x6DD3, 0x6DB3, 0x6592, 0x6DB3, 0x6DB3, 0x6DB3, 0x6592, 0x6593, 0x6592, 0x6572, 0x6592, 0x6D92, 0x6DB3, 0x75B3, 0x6DB3,
    0x6592, 0x75D3, 0x7DD4, 0x7DF4, 0x75D3, 0x6DB3, 0x6592, 0x6572, 0x6DB3, 0x75D4, 0x75B3, 0x6DB3, 0x6D93, 0x6D93, 0x6DB3, 0x75D4,
    0x6592, 0x6D92, 0x6D93, 0x6DB3, 0x75D3, 0x6DB3, 0x6592, 0x6592, 0x6D93, 0x6D93, 0x6DB3, 0x6DB3, 0x75B3, 0x6DB3, 0x75D3, 0x75D4,
    0x75B3, 0x6DB3, 0x6D92, 0x6D93, 0x6DB3, 0x75B3, 0x6DB3, 0x6D93, 0x6DB3, 0x6DB3, 0x6DB3, 0x6DB3, 0x75D3, 0x75D4, 0x75D4, 0x75B3,
    0x6D93, 0x6D93, 0x6D93, 0x6DB3, 0x75B3, 0x6D93, 0x6D93, 0x6D93, 0x6D93, 0x6DB3, 0x6DB3, 0x6DB3, 0x75D3, 0x75B3, 0x75D3, 0x75D4
};

const short ground_tile_100[TILE_SIZE * TILE_SIZE] = {
    0x8E56, 0x7DF4, 0x6DB3, 0x6DB3, 0x6DB3, 0x6DB3, 0x75F4, 0x7E15, 0x75D4, 0x6DB3, 0x6D93, 0x6D93, 0x75D4, 0x75D4, 0x75D3, 0x6DB3,
    0x6DD3, 0x6DD3, 0x6DB3, 0x6DB3, 0x6DB3, 0x6DB3, 0x75D4, 0x8615, 0x75B4, 0x6D93, 0x6DB3, 0x75D4, 0x75F4, 0x75F4, 0x7DF4, 0x7DF5,
    0x6DB3, 0x6DD3, 0x6DB3, 0x6D92, 0x6D93, 0x6DB3, 0x75D3, 0x75D4, 0x6DB3, 0x6D93, 0x6D93, 0x6D93, 0x6DD3, 0x6DB3, 0x6DB3, 0x75B3,
    0x6DB3, 0x7DF4, 0x7DD4, 0x6D92, 0x6DB3, 0x6D93, 0x75D3, 0x8615, 0x75D4, 0x6DB3, 0x6D93, 0x6D92, 0x6D93, 0x6D93, 0x6DB3, 0x6DB3,
    0x6D93, 0x75B3, 0x75B3, 0x6D93, 0x6D93, 0x6D93, 0x6DB3, 0x6DB3, 0x75B3, 0x6D93, 0x6D93, 0x6592, 0x6D93, 0x6D93, 0x6592, 0x6592,
    0x6DB3, 0x6D93, 0x6D93, 0x6DB3, 0x6D93, 0x6DB3, 0x6DB3, 0x6DB3, 0x75B3, 0x6DB3, 0x6592, 0x6572, 0x6DB3, 0x75B3, 0x75B3, 0x6DB3,
    0x6DB3, 0x6D93, 0x6D93, 0x6DB3, 0x6DB3, 0x6DB3, 0x6DB3, 0x75D3, 0x6DB3, 0x6D93, 0x6D93, 0x6DB3, 0x7DF5, 0x75B4, 0x6D93, 0x6DB3,
    0x6DB2, 0x6D93, 0x6DB3, 0x75B3, 0x75D3, 0x6DB3, 0x6DB3, 0x6DB3, 0x6DB3, 0x6D92, 0x6D92, 0x6D93, 0x75D4, 0x75B3, 0x6DB3, 0x75B3,
    0x75D4, 0x75D3, 0x75D3, 0x75D3, 0x75D3, 0x6DB3, 0x6D93, 0x6D93, 0x6DB3, 0x6D93, 0x6D93, 0x6D93, 0x6D93, 0x6D93, 0x6D93, 0x6D93,
    0x9E77, 0x8635, 0x75D4, 0x75D3, 0x75D4, 0x6DB3, 0x6D92, 0x75B3, 0x8615, 0x7DF4, 0x75D4, 0x6DB3, 0x6D93, 0x6DB3, 0x6D93, 0x6D93,
    0x75F4, 0x75D4, 0x75B3, 0x6DB3, 0x6DB3, 0x6DB3, 0x7DF4, 0x8E56, 0x75F4, 0x75D4, 0x6DD4, 0x6593, 0x75D4, 0x6DB3, 0x75B3, 0x75D4,
    0x6DB3, 0x6DB3, 0x6DB3, 0x75B3, 0x6DB3, 0x6DB3, 0x6DB3, 0x75D4, 0x6DD4, 0x6DD3, 0x65B3, 0x6DB3, 0x75D4, 0x75D4, 0x75D4, 0x7DD4,
    0x75B3, 0x6DB3, 0x6DB3, 0x6DB3, 0x75D3, 0x75D3, 0x6DB3, 0x6593, 0x75F4, 0x6DD4, 0x6DB3, 0x6DD4, 0x7DF5, 0x75D4, 0x6DB3, 0x6592,
    0x6DB3, 0x6DB3, 0x6DB3, 0x6DB3, 0x7DD4, 0x6DB3, 0x6593, 0x6593, 0x75D4, 0x75D4, 0x75D4, 0x75D4, 0x8615, 0x7DF4, 0x6DB3, 0x6592,
    0x7E15, 0x75F4, 0x6DD3, 0x6DB3, 0x6DB3, 0x6DB3, 0x6DB3, 0x75D4, 0x6DB3, 0x6DB3, 0x6DB3, 0x6DB3, 0x75D4, 0x75D4, 0x75D4, 0x6DB3,
    0x8E56, 0x7DF5, 0x6DB3, 0x6DB3, 0x6DD3, 0x75D3, 0x7DD4, 0x7DF5, 0x6D93, 0x6D93, 0x6593, 0x6593, 0x6DB3, 0x7DF4, 0x7DF4, 0x6DB3
};

const short ground_tile_101[TILE_SIZE * TILE_SIZE] = {
    0x6DB3, 0x6DB3, 0x6DB3, 0x75F4, 0x8615, 0x7DF4, 0x6DD4, 0x6DB3, 0x6DB3, 0x6DD3, 0x75F4, 0x8615, 0x75B4, 0x6DB3, 0x6D93, 0x6D93,
    0x6DB3, 0x6DB3, 0x6DB3, 0x6DB3, 0x65B3, 0x65B3, 0x6DD3, 0x6DD3, 0x6D93, 0x6DB3, 0x7DF4, 0x8E36, 0x6DB3, 0x6572, 0x6593, 0x6DB3,
    0x6DB3, 0x75B4, 0x75D4, 0x6DB3, 0x6593, 0x6DB3, 0x6DD3, 0x6DB3, 0x6DB3, 0x6DB3, 0x75D4, 0x7DF4, 0x6DB3, 0x6592, 0x6592, 0x6D93,
    0x6DB3, 0x75D4, 0x7DD4, 0x75B3, 0x6592, 0x75D3, 0x7DD4, 0x75D3, 0x6DB3, 0x6DB3, 0x75F4, 0x8E36, 0x75F4, 0x6D93, 0x6572, 0x6D93,
    0x6D92, 0x6D93, 0x6D93, 0x6D93, 0x6DB3, 0x75D4, 0x75D4, 0x75D3, 0x6DB3, 0x6DB3, 0x6DB3, 0x6DB3, 0x6DB3, 0x6DB3, 0x6DB3, 0x6593,
    0x6D92, 0x6D93, 0x6592, 0x6592, 0x7DF5, 0x75B4, 0x6D93, 0x6D93, 0x6D93, 0x6DB3, 0x6DB3, 0x6DB3, 0x6DB3, 0x75D3, 0x6DB3, 0x6D93,
    0x6D93, 0x6DB3, 0x6DB3, 0x6592, 0x75D4, 0x6DB3, 0x6DB3, 0x6DB3, 0x6DB3, 0x6DB3, 0x6DB3, 0x6DB3, 0x6DB3, 0x6DB3, 0x75B3, 0x75D4,
    0x75B3, 0x75B3, 0x75B3, 0x6DB3, 0x6DB3, 0x6DB3, 0x6DB3, 0x75D3, 0x75D3, 0x75D3, 0x6DB3, 0x6DB3, 0x75D4, 0x6DB3, 0x6DB3, 0x75D3,
    0x7593, 0x7593, 0x6DB3, 0x6DB3, 0x7DF5, 0x75D4, 0x6DD3, 0x75D3, 0x75B3, 0x6DB3, 0x6DB3, 0x6DD3, 0x75F4, 0x6DB3, 0x6DB3, 0x6DB3,
    0x6D93, 0x75B3, 0x6DB3, 0x6DB3, 0x9657, 0x8615, 0x75D4, 0x75B3, 0x75D4, 0x6DB2, 0x6D92, 0x75F4, 0x8E56, 0x8615, 0x75D4, 0x6DD3,
    0x75B3, 0x6DB3, 0x6DB3, 0x6DB3, 0x75D4, 0x6DD4, 0x6DB3, 0x6D93, 0x6DB3, 0x6DB3, 0x75F4, 0x8635, 0x6DD4, 0x6DD4, 0x6DD3, 0x6DD3,
    0x6DB3, 0x6D93, 0x6D93, 0x6DB3, 0x6DB3, 0x6DB3, 0x6DB3, 0x75B3, 0x75D4, 0x6DD3, 0x6DD3, 0x75D4, 0x6DD3, 0x6DB3, 0x6DB3, 0x6DB3,
    0x6D93, 0x6DB3, 0x75B3, 0x75B3, 0x6DB3, 0x6DB3, 0x6DB3, 0x6DB3, 0x75D4, 0x7DF4, 0x75F4, 0x6DD3, 0x6DD3, 0x6DD3, 0x6DB3, 0x6DB3,
    0x6DB3, 0x75B3, 0x75D3, 0x75B3, 0x75D4, 0x75B3, 0x6DB3, 0x6DB3, 0x6D93, 0x6D93, 0x6DB3, 0x6DB3, 0x6DB3, 0x6DB3, 0x6DB3, 0x75F4,
    0x6DB3, 0x6DB3, 0x6DB3, 0x75D3, 0x8615, 0x7DF4, 0x6DB3, 0x6D92, 0x6D92, 0x6DB3, 0x6DB3, 0x6DB3, 0x6DB3, 0x6D93, 0x6DB3, 0x6DD3,
    0x6DB3, 0x6DB3, 0x6DB3, 0x6DB3, 0x8615, 0x7DF4, 0x75B3, 0x6DB3, 0x6DB3, 0x6DB3, 0x75D4, 0x7DF4, 0x6DB3, 0x6D93, 0x6D93, 0x6593
};

const short ground_tile_102[TILE_SIZE * TILE_SIZE] = {
    0x6DB3, 0x6DB3, 0x6DB3, 0x6DB3, 0x6DD3, 0x6DB3, 0x6DB3, 0x6DB3, 0x75D4, 0x6DB3, 0x6DB3, 0x6DB3, 0x6DB3, 0x6DB3, 0x75D4, 0x7DF4,
    0x75D4, 0x6DB3, 0x6593, 0x6592, 0x6DB3, 0x6DB3, 0x6DB3, 0x6DB3, 0x9657, 0x7DF5, 0x6DB3, 0x6DB3, 0x6DB3, 0x6DB3, 0x75D4, 0x8615,
    0x6DD3, 0x6DB3, 0x6D93, 0x6DB3, 0x6DB3, 0x6DB3, 0x6DB3, 0x6DB3, 0x6DB3, 0x6DB3, 0x6DB3, 0x6DB3, 0x6D93, 0x6DB3, 0x75D3, 0x75D4,
    0x7DF4, 0x6DB3, 0x6592, 0x6DB3, 0x6DB3, 0x75B3, 0x6DB3, 0x6592, 0x6592, 0x6DB3, 0x75B3, 0x6DB3, 0x6D93, 0x6D93, 0x75D4, 0x8615,
    0x6DB3, 0x6D93, 0x6592, 0x6592, 0x6DB3, 0x6DB3, 0x6DB3, 0x6DB3, 0x6592, 0x6D92, 0x6D93, 0x6D92, 0x6D92, 0x6DB3, 0x6DB3, 0x75B3,
    0x6DB3, 0x6DB3, 0x6DB3, 0x6DB3, 0x6DB3, 0x6DB3, 0x6D93, 0x6592, 0x6592, 0x6D92, 0x6D93, 0x6D93, 0x6D93, 0x75B3, 0x75B3, 0x6DB3,
    0x75D4, 0x6DB3, 0x6DB3, 0x75D3, 0x6DB3, 0x6DB3, 0x6DB3, 0x6592, 0x75B3, 0x6DB3, 0x6DB3, 0x6DB3, 0x6DB3, 0x6DB3, 0x6DB3, 0x75B3,
    0x75B3, 0x6592, 0x6592, 0x6DB3, 0x75B3, 0x75D3, 0x75D3, 0x75B3, 0x75D3, 0x6DB3, 0x6DB3, 0x6DB3, 0x75B3, 0x6DB3, 0x6DB3, 0x6D93,
    0x6DB3, 0x6D93, 0x6D93, 0x75B3, 0x75B3, 0x6DB3, 0x6DB3, 0x75D4, 0x8615, 0x75F4, 0x75B3, 0x6DB3, 0x6DB3, 0x6DB3, 0x6592, 0x65B3,
    0x6592, 0x6DB3, 0x75B3, 0x6DB3, 0x6DB3, 0x6DB3, 0x6D93, 0x6D93, 0x9657, 0x8615, 0x75D4, 0x6DB3, 0x6DB3, 0x6592, 0x6592, 0x6DD3,
    0x6D93, 0x6D93, 0x6D92, 0x6D93, 0x75F4, 0x75B4, 0x75B3, 0x75B3, 0x75B3, 0x75B3, 0x6DB3, 0x6DB3, 0x6DB3, 0x6DB3, 0x75F4, 0x8656,
    0x75D3, 0x6DB3, 0x6DB3, 0x6D93, 0x6DB3, 0x6DB3, 0x6DB3, 0x6DB3, 0x6DB3, 0x6DB3, 0x75B3, 0x6DB3, 0x6DD3, 0x6DB3, 0x75D4, 0x7E14,
    0x7E15, 0x75D3, 0x6DB3, 0x6DB3, 0x6D93, 0x6D93, 0x6DB3, 0x6DB3, 0x75D3, 0x6DB3, 0x6D93, 0x6DB3, 0x75B3, 0x6DD3, 0x6DB3, 0x6DB3,
    0x8E56, 0x7DF4, 0x6DB3, 0x6DB3, 0x6D93, 0x6DB3, 0x75D4, 0x75D4, 0x75D3, 0x6DB3, 0x6DB3, 0x75B3, 0x75B3, 0x6D93, 0x6592, 0x65B3,
    0x7DF4, 0x7E15, 0x7DF4, 0x6DB3, 0x6DB3, 0x6DB3, 0x6DD3, 0x75D4, 0x8615, 0x75D4, 0x6DB3, 0x6DB3, 0x6DB3, 0x6DB3, 0x6DB3, 0x6DB3,
    0x6DB3, 0x7DF4, 0x7DF4, 0x6DB3, 0x6DB3, 0x6DB3, 0x6DB3, 0x75D3, 0x8635, 0x75F4, 0x6DB3, 0x6DB3, 0x6DD3, 0x6DB3, 0x75D4, 0x7DF5
};

const short ground_tile_103[TILE_SIZE * TILE_SIZE] = {
    0x75B3, 0x6DB3, 0x6D93, 0x6D92, 0x6DB3, 0x6DB3, 0x6DD3, 0x75D4, 0x6DB3, 0x6DB3, 0x6DB3, 0x75D4, 0x85F5, 0x7DD4, 0x75B3, 0x6DB3,
    0x6DB3, 0x6592, 0x6D93, 0x75D3, 0x6DB3, 0x6DB3, 0x75F4, 0x8615, 0x75B3, 0x6DB3, 0x6DB3, 0x6D93, 0x6592, 0x6D93, 0x6DB3, 0x6DB3,
    0x75B3, 0x6DB3, 0x6DB3, 0x6DB3, 0x6DB3, 0x6D93, 0x6DB3, 0x75D3, 0x6D93, 0x6DB3, 0x6DB3, 0x6D93, 0x6593, 0x6DB3, 0x6DB3, 0x6DB3,
    0x7DD4, 0x75B3, 0x6D93, 0x6DB3, 0x6DB3, 0x75B3, 0x6DB3, 0x6592, 0x6DB3, 0x75D3, 0x75B3, 0x6D93, 0x6592, 0x75D4, 0x7DF4, 0x75D3,
    0x75B3, 0x6DB3, 0x6D93, 0x6DB3, 0x6DB3, 0x75D3, 0x75B3, 0x6DB3, 0x6DB3, 0x6DB3, 0x6D93, 0x6592, 0x65B2, 0x75B3, 0x75B3, 0x6DB3,
    0x75D3, 0x75B3, 0x6DB3, 0x6D93, 0x6DB3, 0x6DB3, 0x75B3, 0x75D3, 0x6DB3, 0x6DB3, 0x6D92, 0x6592, 0x75D3, 0x6DB3, 0x6DB3, 0x6DB3,
    0x75D3, 0x75B3, 0x75B3, 0x75B3, 0x75D3, 0x6DB3, 0x6DB3, 0x75D4, 0x6DB3, 0x6DB3, 0x6DB3, 0x6D93, 0x7DF4, 0x75D4, 0x6DB3, 0x6DB3,
    0x6D93, 0x6DB3, 0x6DB3, 0x6DB3, 0x75D3, 0x6DB3, 0x75B3, 0x75D4, 0x75D4, 0x75D4, 0x75D3, 0x75D3, 0x75D4, 0x75D3, 0x6DB3, 0x6DB3,
    0x75D3, 0x6DB3, 0x6DB3, 0x6DD3, 0x6DB3, 0x6DB3, 0x6DB3, 0x6DB3, 0x75D4, 0x75D3, 0x75D3, 0x75D4, 0x7E15, 0x7DF4, 0x75D3, 0x75D3,
    0x8E35, 0x7DF4, 0x75D3, 0x75D3, 0x6DB3, 0x6DB3, 0x6DB3, 0x6D93, 0x75D3, 0x75D4, 0x75D4, 0x75D4, 0x9657, 0x8615, 0x75D4, 0x75D3,
    0x75D4, 0x75D4, 0x6DD3, 0x6592, 0x6593, 0x6D93, 0x6D93, 0x6DB3, 0x75D4, 0x6DB3, 0x6DB3, 0x75D4, 0x75D4, 0x75D4, 0x75B3, 0x6DB3,
    0x6DD4, 0x6DD3, 0x65B3, 0x6593, 0x6DB3, 0x6DB3, 0x6DB3, 0x6DB3, 0x6D93, 0x6D93, 0x6DB3, 0x75B3, 0x6DD3, 0x6DD4, 0x75D4, 0x75D3,
    0x6DF4, 0x6DD3, 0x65B3, 0x65B3, 0x7DF4, 0x75D3, 0x6D92, 0x6D93, 0x6D93, 0x6DB3, 0x6DB3, 0x6DB3, 0x75F4, 0x75D4, 0x75D3, 0x6DD3,
    0x6DD3, 0x6DD3, 0x6DB3, 0x6D93, 0x75B3, 0x6DB3, 0x6D93, 0x6D92, 0x6DB3, 0x75D3, 0x75D3, 0x6DB3, 0x75B3, 0x75D3, 0x75D3, 0x75D3,
    0x6DB3, 0x6DB3, 0x6D93, 0x6DB3, 0x6DB3, 0x75F4, 0x75D4, 0x6DB3, 0x6DB3, 0x6DB3, 0x6DD3, 0x75D4, 0x8615, 0x75D4, 0x6DB3, 0x6DB3,
    0x6DB3, 0x6DB3, 0x6DB3, 0x65B3, 0x65B3, 0x7E14, 0x7DF4, 0x6DB3, 0x6DB2, 0x6DB3, 0x6DB3, 0x6DB3, 0x8615, 0x75D4, 0x6DB3, 0x6DB3
};

const short ground_tile_104[TILE_SIZE * TILE_SIZE] = {
    0x6DB3, 0x6DB3, 0x75D4, 0x7DF5, 0x6DB3, 0x6D93, 0x6593, 0x6DB3, 0x6DB3, 0x6DD3, 0x75D3, 0x75D3, 0x6DB3, 0x6DB3, 0x6DB3, 0x75D4,
    0x6DB3, 0x6DB3, 0x7DD4, 0x85F5, 0x6D93, 0x6592, 0x6DB3, 0x75D4, 0x6DB3, 0x6DB3, 0x6D93, 0x6DB3, 0x6DB3, 0x6DB3, 0x6DB3, 0x6DB3,
    0x6D93, 0x6DB3, 0x75B3, 0x75B3, 0x6D93, 0x6D93, 0x6D93, 0x6DB3, 0x6DB3, 0x6592, 0x6592, 0x6592, 0x6D93, 0x6DB3, 0x6DB3, 0x6DB3,
    0x6DB3, 0x6D93, 0x75B3, 0x7DF4, 0x7DF4, 0x6D93, 0x6572, 0x6D93, 0x6DB3, 0x6D93, 0x6592, 0x6592, 0x6DB3, 0x6DB3, 0x6DB3, 0x6592,
    0x6DB3, 0x6DB3, 0x75B3, 0x75D4, 0x75D3, 0x6DB3, 0x6D93, 0x6D93, 0x75B3, 0x75B3, 0x6D93, 0x6572, 0x6592, 0x6592, 0x6D92, 0x6DB3,
    0x6DB3, 0x75D4, 0x75D4, 0x75D3, 0x75D4, 0x75D3, 0x6DB3, 0x6D93, 0x75B3, 0x75B3, 0x6D93, 0x6572, 0x6592, 0x6D93, 0x6D92, 0x6D92,
    0x75D4, 0x6DD3, 0x6DD3, 0x75D4, 0x75D4, 0x6DD3, 0x6DB3, 0x6DB3, 0x7DD4, 0x6DB3, 0x6D93, 0x6D92, 0x6D92, 0x6DB3, 0x6D93, 0x6D92,
    0x75D3, 0x75D3, 0x6DD3, 0x75D4, 0x75D4, 0x6DB3, 0x6DB3, 0x6DB3, 0x6DB3, 0x6D93, 0x6592, 0x6D93, 0x75B3, 0x75B3, 0x75D3, 0x75D3,
    0x75D3, 0x6DB3, 0x6DB3, 0x6DD3, 0x75D4, 0x6DB3, 0x6DB3, 0x6DB3, 0x6D93, 0x6D93, 0x6D93, 0x6D93, 0x75B3, 0x75B3, 0x75B3, 0x75D4,
    0x75F4, 0x6DB3, 0x6DB3, 0x7DF5, 0x8615, 0x8615, 0x75F4, 0x6DD3, 0x6592, 0x6DB3, 0x6DB3, 0x6D93, 0x6DB3, 0x6DB3, 0x6DB3, 0x6DB3,
    0x6DB3, 0x6DB3, 0x75D3, 0x7E15, 0x75D4, 0x75D4, 0x75D4, 0x6DB3, 0x6DB3, 0x6D92, 0x6D92, 0x6D93, 0x75D4, 0x75D4, 0x6DB3, 0x6D93,
    0x75D3, 0x6DB3, 0x6DB3, 0x6DD3, 0x6DD3, 0x6DB3, 0x6DB3, 0x6DB3, 0x75D3, 0x6DB3, 0x6DB3, 0x6D93, 0x6DB3, 0x6D93, 0x6D93, 0x6D93,
    0x75D4, 0x75D4, 0x75D4, 0x6DB3, 0x6DD3, 0x6DD3, 0x6DB3, 0x6DB3, 0x75F4, 0x75D4, 0x6DB3, 0x6D92, 0x6D92, 0x6D93, 0x6D93, 0x6D93,
    0x75B3, 0x6DB3, 0x6D93, 0x6D93, 0x6DB3, 0x6DD4, 0x7DF5, 0x8E36, 0x75D4, 0x75D4, 0x6DB3, 0x6D92, 0x6D93, 0x75B3, 0x75B3, 0x6D93,
    0x6DB3, 0x6DB3, 0x6DB3, 0x6DB3, 0x75B3, 0x75D4, 0x75D4, 0x7DF4, 0x7DF4, 0x7DF5, 0x75D4, 0x6DB3, 0x6DB3, 0x6DB3, 0x6DB3, 0x6DB3,
    0x6DD3, 0x6DD3, 0x75D4, 0x7DF5, 0x6DB3, 0x6DB3, 0x6DB3, 0x6D93, 0x6DB3, 0x7DF4, 0x7DF4, 0x6DB3, 0x6DB3, 0x6DB3, 0x6DB3, 0x75D4
};

const short ground_tile_105[TILE_SIZE * TILE_SIZE] = {
    0x8E56, 0x75F5, 0x6DB3, 0x6DD3, 0x6DD3, 0x6DD3, 0x75D4, 0x7DF5, 0x75B4, 0x6DB3, 0x6DB3, 0x6DB3, 0x6DB3, 0x75D3, 0x6DD3, 0x6DB3,
    0x8636, 0x7DF4, 0x6DB3, 0x65B3, 0x6592, 0x6DB3, 0x75D4, 0x8615, 0x75B4, 0x6DB3, 0x6DB3, 0x6DB3, 0x75D4, 0x75B3, 0x75D4, 0x7DF4,
    0x6DB3, 0x6DB3, 0x6DB3, 0x6D93, 0x6592, 0x6D93, 0x75B3, 0x75D4, 0x6DB3, 0x6DB3, 0x6D93, 0x6DB3, 0x6DB3, 0x6DB3, 0x6DB3, 0x75B3,
    0x6592, 0x75D4, 0x7DD4, 0x6DB3, 0x6D93, 0x6D92, 0x75D3, 0x8615, 0x75B3, 0x6DB3, 0x6D93, 0x6D93, 0x6DB3, 0x6DB3, 0x6DB3, 0x6592,
    0x6592, 0x6DB3, 0x6DB3, 0x6D93, 0x6D93, 0x6DB3, 0x6DB3, 0x75D3, 0x6DB3, 0x6DB3, 0x6D93, 0x6DB3, 0x6DB3, 0x6DB3, 0x6DB3, 0x6DB3,
    0x6DB3, 0x6DB3, 0x6DB3, 0x6DB3, 0x6D93, 0x75B3, 0x75B3, 0x6DB3, 0x6DB3, 0x6DB3, 0x6DB3, 0x6D93, 0x6DB3, 0x75D4, 0x75D4, 0x6DB3,
    0x75D3, 0x75D3, 0x75B3, 0x75B3, 0x6DB3, 0x6DB3, 0x6DB3, 0x75D3, 0x6DB3, 0x6D93, 0x6D92, 0x6D93, 0x7DD4, 0x75B3, 0x6DB3, 0x75D3,
    0x75D3, 0x6DB3, 0x6DB3, 0x6DB3, 0x75D3, 0x6DB3, 0x6DB3, 0x6DB3, 0x6D93, 0x6DB3, 0x6D93, 0x6D93, 0x75D3, 0x75B3, 0x6DB3, 0x75D4,
    0x8615, 0x7DF4, 0x75B3, 0x75B3, 0x6DB3, 0x6DB3, 0x6DB3, 0x6DB3, 0x6DB3, 0x6DB3, 0x6DB3, 0x6DB3, 0x6DB3, 0x75B3, 0x75B3, 0x75D3,
    0x9677, 0x8636, 0x75D4, 0x6DD3, 0x6DB3, 0x65B2, 0x6DB3, 0x75F4, 0x7DF4, 0x75D3, 0x75B3, 0x75D4, 0x75B3, 0x75B3, 0x75B3, 0x6DB3,
    0x6DB3, 0x6DD4, 0x6DB3, 0x6592, 0x6DB3, 0x6DB3, 0x75F4, 0x8E36, 0x6DB3, 0x75F4, 0x75F4, 0x6DB3, 0x75D3, 0x75D3, 0x6DB3, 0x6D93,
    0x6DB3, 0x6DB3, 0x6DB3, 0x6DB3, 0x6DB3, 0x6DB3, 0x75D3, 0x75D4, 0x6DD3, 0x6DD3, 0x6DD3, 0x75D4, 0x7DF4, 0x75B3, 0x6D93, 0x6D93,
    0x6DB3, 0x6DB3, 0x6DB3, 0x65B3, 0x75D3, 0x75D4, 0x75D4, 0x6DD3, 0x75F4, 0x6DD4, 0x6DD3, 0x6DD3, 0x8615, 0x75D3, 0x6D92, 0x6D92,
    0x6DB3, 0x6DB3, 0x6DB3, 0x75D4, 0x7DD4, 0x75D3, 0x6DB3, 0x6DB3, 0x75D4, 0x75D4, 0x75D4, 0x75D3, 0x75B3, 0x6DB3, 0x6DB3, 0x6DB3,
    0x7E15, 0x75D4, 0x6DB3, 0x6DB3, 0x75B3, 0x75D3, 0x6DB3, 0x6DB3, 0x6DB3, 0x6DB3, 0x6DB3, 0x6DB3, 0x6DB3, 0x7DF4, 0x75D4, 0x6DB3,
    0x8615, 0x75D4, 0x6DB3, 0x6DD3, 0x75D3, 0x6DB3, 0x75D4, 0x7DD4, 0x6DB3, 0x6DB3, 0x6DB3, 0x6D93, 0x6DB3, 0x7DF5, 0x7DF5, 0x6DB3
};

const short ground_tile_106[TILE_SIZE * TILE_SIZE] = {
    0x6DB3, 0x6DD3, 0x75D4, 0x75D4, 0x8E36, 0x7DF4, 0x6DB3, 0x6DB3, 0x6DB3, 0x6DB3, 0x75D4, 0x7DF4, 0x6DB3, 0x6DB3, 0x6DB3, 0x6DB3,
    0x75B3, 0x75D3, 0x75B3, 0x6DB3, 0x6D93, 0x6DB3, 0x6DB3, 0x6DB3, 0x6DB3, 0x6DB3, 0x7DF4, 0x8615, 0x6D93, 0x6592, 0x6DB3, 0x75F4,
    0x6DB3, 0x6DB3, 0x6DB3, 0x6D93, 0x6572, 0x6D93, 0x6DB3, 0x6DB3, 0x6DB3, 0x6DB3, 0x75D3, 0x75D4, 0x6DB3, 0x6D92, 0x6D92, 0x6DB3,
    0x6DB3, 0x75B3, 0x75B3, 0x6592, 0x6592, 0x75B3, 0x7DD4, 0x75D4, 0x6DB3, 0x6DB3, 0x6DD3, 0x7E15, 0x7DF4, 0x6D93, 0x6592, 0x6D93,
    0x6D93, 0x6D93, 0x6D93, 0x6D93, 0x6D93, 0x6DB3, 0x75B3, 0x75B3, 0x6DB3, 0x6DB3, 0x6DB3, 0x6DB3, 0x6DB3, 0x6DB3, 0x6DB3, 0x6D93,
    0x6DB3, 0x6DB3, 0x6D93, 0x6D93, 0x6DB3, 0x6DB3, 0x6DB3, 0x6DB3, 0x6DB3, 0x6DB3, 0x6DB3, 0x6DB3, 0x6DB3, 0x75D3, 0x6DB3, 0x6DB3,
    0x6DB3, 0x6DB3, 0x6DB3, 0x6D93, 0x6DB3, 0x6DB3, 0x6DB3, 0x75D3, 0x6DB3, 0x6DB3, 0x6DB3, 0x6DD3, 0x6DB3, 0x6DB3, 0x6DB3, 0x75D3,
    0x75D4, 0x75D4, 0x75B3, 0x75D3, 0x75D4, 0x75D3, 0x75D3, 0x75D3, 0x75D3, 0x6DB3, 0x6DB3, 0x6DB3, 0x6DD3, 0x6DB3, 0x75B3, 0x75D3,
    0x75D3, 0x75D3, 0x6DB3, 0x75B3, 0x7E15, 0x7DF4, 0x75D3, 0x75D3, 0x75D3, 0x6DB3, 0x6DB3, 0x6DB3, 0x6DB3, 0x6DB3, 0x6DB3, 0x6DB3,
    0x75D4, 0x75D4, 0x6DB3, 0x6DB3, 0x9656, 0x8615, 0x75D4, 0x6DB3, 0x75D4, 0x6DB3, 0x75D3, 0x7E15, 0x85F5, 0x75D4, 0x75D3, 0x75D3,
    0x75B3, 0x6DB3, 0x6DB3, 0x75D4, 0x6DD4, 0x75D4, 0x6DB3, 0x6DB3, 0x6DB3, 0x6DD3, 0x75D4, 0x7DF4, 0x6DB3, 0x6DD3, 0x75D3, 0x6DD3,
    0x6DB3, 0x6DB3, 0x75D4, 0x75D4, 0x6DD4, 0x75D4, 0x75D4, 0x75D4, 0x75D4, 0x75D4, 0x75D4, 0x75D4, 0x6DD3, 0x6DD3, 0x6DD3, 0x6DB3,
    0x6DB3, 0x75B3, 0x75D4, 0x75F4, 0x7DF4, 0x75D4, 0x6DB3, 0x6DB3, 0x75D3, 0x75D4, 0x75D4, 0x75D4, 0x6DD4, 0x6DD3, 0x6DD3, 0x75D4,
    0x75B3, 0x75D3, 0x75D4, 0x75D4, 0x6DB3, 0x6DB3, 0x75D3, 0x7DF4, 0x75B3, 0x6DB3, 0x6DB3, 0x6DB3, 0x75D4, 0x75D4, 0x7DF5, 0x8E36,
    0x6DB3, 0x6DB3, 0x6DB3, 0x6DD3, 0x7DF4, 0x75D4, 0x6DB3, 0x6DB3, 0x75B3, 0x75B3, 0x6DB3, 0x6DB3, 0x75D4, 0x75B3, 0x75B3, 0x75D4,
    0x6DB3, 0x6DB3, 0x6DB3, 0x6DD3, 0x8615, 0x75D4, 0x6DB3, 0x6DB3, 0x75D3, 0x6DB3, 0x75D4, 0x7DF5, 0x75B3, 0x75B3, 0x6DB3, 0x6D93
};

const short ground_tile_107[TILE_SIZE * TILE_SIZE] = {
    0x75D4, 0x75D3, 0x6DB3, 0x6DB3, 0x6DB3, 0x6DB3, 0x75D3, 0x75D4, 0x8635, 0x75D4, 0x6DB3, 0x6DB3, 0x6DB3, 0x6DB3, 0x75D4, 0x7DF5,
    0x75D4, 0x75B3, 0x6DB3, 0x6593, 0x6DB3, 0x6DB3, 0x6DB3, 0x75D4, 0x9676, 0x8615, 0x75B3, 0x6DB3, 0x75B3, 0x75D3, 0x7DF4, 0x8615,
    0x6DB3, 0x6D93, 0x6D93, 0x6D93, 0x6DB3, 0x6DB3, 0x6DB3, 0x75D3, 0x75D3, 0x75D3, 0x6DB3, 0x6DB3, 0x6D93, 0x75B3, 0x75D4, 0x75D4,
    0x6DB3, 0x6D92, 0x6D92, 0x6DB3, 0x6DB3, 0x6DB3, 0x6DB3, 0x6DB3, 0x6592, 0x75D4, 0x7DF4, 0x6DB3, 0x6D93, 0x6DB3, 0x7DF4, 0x8635,
    0x6D93, 0x75B3, 0x6DB3, 0x6592, 0x6DB3, 0x6D93, 0x6DB3, 0x6DB3, 0x6592, 0x6DB3, 0x6DB3, 0x6D93, 0x6D93, 0x6D93, 0x6DB3, 0x75D4,
    0x75D3, 0x75D4, 0x75B3, 0x6592, 0x6D93, 0x6DB3, 0x6D93, 0x6592, 0x6D93, 0x6D93, 0x6D93, 0x6D93, 0x6D93, 0x6DB3, 0x75D3, 0x75B3,
    0x7DF4, 0x75D3, 0x6DB3, 0x6DB3, 0x6DB3, 0x75D3, 0x6DB3, 0x6592, 0x6DB3, 0x6D93, 0x6D93, 0x6DB3, 0x6D93, 0x6DB3, 0x6DB3, 0x6DD3,
    0x75B3, 0x6D92, 0x6D92, 0x75B3, 0x7DD4, 0x75D4, 0x75D3, 0x75B3, 0x6DB3, 0x6DB3, 0x6DB3, 0x6DB3, 0x6DB3, 0x6DB3, 0x6DB3, 0x6DB3,
    0x6DB3, 0x6D93, 0x6D93, 0x6DB3, 0x75D3, 0x75D3, 0x75D3, 0x75D3, 0x7E15, 0x75D4, 0x75D3, 0x75D3, 0x6DB3, 0x6DB3, 0x6D93, 0x6DB3,
    0x6592, 0x6DB3, 0x6DB3, 0x6D92, 0x6DB3, 0x75B3, 0x6DB3, 0x6DB3, 0x9E77, 0x8E35, 0x75D4, 0x6DB3, 0x75B3, 0x6593, 0x6593, 0x75D3,
    0x6DB3, 0x6D93, 0x6D92, 0x6D93, 0x75D4, 0x75B3, 0x75B3, 0x75D4, 0x75D4, 0x75D4, 0x75D4, 0x6DB3, 0x6DD3, 0x75F4, 0x7E14, 0x8635,
    0x6DB3, 0x6DB3, 0x6DB3, 0x6DB3, 0x6DB3, 0x6DB3, 0x6D93, 0x6DB3, 0x6DB3, 0x6DB3, 0x75B3, 0x75D3, 0x6DD3, 0x6DD3, 0x75F4, 0x7E14,
    0x75D4, 0x6DB3, 0x6DB3, 0x6DB3, 0x6D92, 0x6D93, 0x6DB3, 0x6D93, 0x6D93, 0x6D93, 0x6DB3, 0x6DB3, 0x75D4, 0x75D4, 0x75D4, 0x75D4,
    0x8615, 0x75B3, 0x6D93, 0x6D93, 0x6D93, 0x6DB3, 0x6DB3, 0x6DB3, 0x6593, 0x6DB3, 0x6DB3, 0x75B3, 0x7DD4, 0x75D3, 0x6DB3, 0x6DB3,
    0x75D4, 0x75D4, 0x75D4, 0x6DB3, 0x6DB3, 0x6DB3, 0x6DB3, 0x6DB3, 0x7DF5, 0x75D4, 0x6DB3, 0x6DB3, 0x6DB3, 0x6DB3, 0x6DB3, 0x6DB3,
    0x6DB3, 0x7DF4, 0x7DF4, 0x6DB3, 0x6DB3, 0x6DB3, 0x6DB3, 0x6DB3, 0x8615, 0x75D4, 0x6DB3, 0x6DB3, 0x75B3, 0x6DB3, 0x75D4, 0x7DF5
};

const short ground_tile_108[TILE_SIZE * TILE_SIZE] = {
    0x75D4, 0x75B3, 0x6DB3, 0x6D93, 0x75D4, 0x75D4, 0x75D3, 0x6DB3, 0x6DB3, 0x6DB3, 0x75D4, 0x7DF5, 0x8E36, 0x7E15, 0x6DD3, 0x6DB3,
    0x6DB3, 0x6DB3, 0x75D4, 0x7E15, 0x7DF4, 0x75D4, 0x75D4, 0x75D4, 0x6DB3, 0x75B3, 0x75B3, 0x6DD3, 0x6DB3, 0x6D93, 0x6D93, 0x6D93,
    0x75B3, 0x6DB3, 0x6DB3, 0x6DB3, 0x75D3, 0x6DB3, 0x75B3, 0x75D4, 0x6DB3, 0x75B3, 0x75B3, 0x6DB3, 0x6592, 0x6D92, 0x6DB3, 0x6DB3,
    0x7DF4, 0x6DB3, 0x6592, 0x6592, 0x6DB3, 0x75D3, 0x6DB3, 0x6592, 0x6DB3, 0x75D4, 0x75D4, 0x6592, 0x6592, 0x75B3, 0x75D4, 0x75D3,
    0x75D4, 0x6DB3, 0x6D93, 0x6592, 0x6D93, 0x6DB3, 0x6DB3, 0x6593, 0x6DB3, 0x6DB3, 0x6DB3, 0x6DB3, 0x6592, 0x6D93, 0x6DB3, 0x6DB3,
    0x75D4, 0x75D4, 0x6DB3, 0x6572, 0x6D92, 0x75B3, 0x75B3, 0x6DB3, 0x6D93, 0x6DB3, 0x6DB3, 0x6D93, 0x6DB3, 0x6D93, 0x6D93, 0x6D93,
    0x75D4, 0x6DB3, 0x6D93, 0x6D92, 0x75B3, 0x6DB3, 0x6DB3, 0x6DB3, 0x6592, 0x6DB3, 0x6DB3, 0x6D93, 0x6DB3, 0x6D93, 0x6D93, 0x6DB3,
    0x6D93, 0x6D93, 0x6D93, 0x6D92, 0x75B3, 0x75B3, 0x75B3, 0x75B3, 0x6DB3, 0x6DB3, 0x75B3, 0x75B3, 0x6DB3, 0x6DB3, 0x6D93, 0x6DB3,
    0x75D4, 0x6DB3, 0x6D93, 0x6DB3, 0x75B3, 0x6DB3, 0x6D93, 0x6D93, 0x6DB3, 0x6DB3, 0x6DB3, 0x75B3, 0x7DF4, 0x75D4, 0x75B3, 0x75B3,
    0x8615, 0x7DF4, 0x75D4, 0x75B3, 0x6D93, 0x6D93, 0x6D92, 0x6572, 0x6DB3, 0x6D93, 0x6D93, 0x6D93, 0x8E36, 0x8615, 0x75D4, 0x6DB3,
    0x6DD3, 0x75D4, 0x75D4, 0x6D93, 0x6DB3, 0x6DB3, 0x6592, 0x6D93, 0x7DF4, 0x75B3, 0x75B3, 0x75D4, 0x6DD4, 0x6DB3, 0x6DB3, 0x6DB3,
    0x75F4, 0x6DD3, 0x6DB3, 0x6D93, 0x7DF4, 0x6DB3, 0x6592, 0x6592, 0x6D93, 0x6DB3, 0x75B3, 0x75D4, 0x6DB3, 0x6DB3, 0x6DD3, 0x6DD3,
    0x75F4, 0x75F4, 0x6DD3, 0x6DB3, 0x7DD4, 0x6DB3, 0x6D93, 0x6DB3, 0x6D93, 0x6DB3, 0x75B3, 0x75D4, 0x6DB3, 0x6DB3, 0x6D93, 0x6DB3,
    0x75F4, 0x7DF5, 0x7DF4, 0x75D4, 0x6DB3, 0x6DD3, 0x6DB3, 0x6DB3, 0x6DB3, 0x6DB3, 0x6DB3, 0x6DB3, 0x6DB3, 0x6DB3, 0x6DB3, 0x75D4,
    0x75D4, 0x75B3, 0x6DB3, 0x6DB3, 0x6DB3, 0x7DF4, 0x75D4, 0x6DB3, 0x75B3, 0x75B3, 0x6DB3, 0x6DB3, 0x7DF4, 0x75D4, 0x6DB3, 0x6DB3,
    0x75B4, 0x6D93, 0x6D93, 0x6D93, 0x6DB3, 0x7E15, 0x7DF4, 0x6DB3, 0x6DB3, 0x6DB3, 0x6DB3, 0x6DD3, 0x7E15, 0x75D4, 0x75B3, 0x75D3
};

const short ground_tile_109[TILE_SIZE * TILE_SIZE] = {
    0x6DB3, 0x6D93, 0x75B3, 0x7DD4, 0x75B3, 0x6D93, 0x6572, 0x6593, 0x6DB3, 0x6DB3, 0x6DB3, 0x6DB3, 0x6DB3, 0x6DB3, 0x6DB3, 0x75D3,
    0x6D93, 0x6D93, 0x7DD4, 0x85F5, 0x6D73, 0x6572, 0x6D93, 0x75B3, 0x6DB3, 0x6DB3, 0x6D93, 0x6593, 0x6DB3, 0x6DB3, 0x6DB3, 0x75D4,
    0x6DB3, 0x6D93, 0x6DB3, 0x75B3, 0x6D93, 0x6592, 0x6D92, 0x6DB3, 0x6DB3, 0x6DB3, 0x6593, 0x6592, 0x6D93, 0x6DB3, 0x6DB3, 0x6DB3,
    0x75B3, 0x6D92, 0x6DB3, 0x7DF5, 0x6DB3, 0x6572, 0x6572, 0x6D93, 0x75B3, 0x6D93, 0x6592, 0x6592, 0x6D93, 0x75B3, 0x75B3, 0x6DB3,
    0x6D92, 0x6D93, 0x6DB3, 0x75D4, 0x75D3, 0x6DB3, 0x6593, 0x6D93, 0x6D93, 0x6DB3, 0x6DB3, 0x6D93, 0x6D93, 0x6D92, 0x6DB3, 0x75B3,
    0x6D92, 0x6DB3, 0x75D3, 0x75B3, 0x75D4, 0x75D4, 0x6DB3, 0x6592, 0x6D93, 0x75D4, 0x75D4, 0x6DB3, 0x6DB3, 0x6DB3, 0x6DB3, 0x6DB3,
    0x6DB3, 0x6DB3, 0x6DB3, 0x75D3, 0x75D4, 0x75D4, 0x75B3, 0x6D93, 0x75B3, 0x6DB3, 0x6DB3, 0x6DB3, 0x6DB3, 0x75D3, 0x75B3, 0x6DB3,
    0x6DB3, 0x6DB3, 0x6DB3, 0x6DB3, 0x75F4, 0x75B3, 0x6D93, 0x6D93, 0x6D93, 0x6D92, 0x6592, 0x6D93, 0x7DD4, 0x75D4, 0x75D4, 0x75D3,
    0x75B3, 0x6DB3, 0x6DB3, 0x75D4, 0x75D4, 0x6DB3, 0x6D93, 0x6DB3, 0x6D93, 0x6D93, 0x6D93, 0x6DB3, 0x75B3, 0x6DB3, 0x6DB3, 0x75B3,
    0x75D4, 0x6DB3, 0x75D3, 0x8636, 0x8E36, 0x7DD4, 0x75B3, 0x75D4, 0x6D93, 0x6DB3, 0x75B3, 0x6D93, 0x6DB3, 0x75B3, 0x6DB3, 0x75B3,
    0x75D3, 0x6DD3, 0x75F4, 0x7E35, 0x6DD4, 0x6DD4, 0x75D4, 0x75B4, 0x6DB3, 0x6DB3, 0x6D93, 0x6D92, 0x75F4, 0x75B3, 0x75B3, 0x75B3,
    0x6DD4, 0x6DD3, 0x6DD3, 0x6DD3, 0x6DD3, 0x6DD4, 0x6DD4, 0x75D4, 0x75D4, 0x6DB3, 0x6D93, 0x6D93, 0x6DB3, 0x6D93, 0x6D93, 0x6DB3,
    0x6DD4, 0x75D4, 0x75D4, 0x75D3, 0x6DD4, 0x6DD3, 0x6DB3, 0x6DB3, 0x75D4, 0x6DB3, 0x6D92, 0x6D92, 0x6D93, 0x6D93, 0x6D93, 0x6D93,
    0x75B3, 0x6DB3, 0x6DB3, 0x6DB3, 0x6DB3, 0x6DB3, 0x75D4, 0x75D4, 0x6DB3, 0x75B3, 0x75B3, 0x6D92, 0x6DB3, 0x6DB3, 0x6DB3, 0x6DB3,
    0x6DB3, 0x75D3, 0x75D3, 0x6DB3, 0x6DB3, 0x6DB3, 0x6DB3, 0x6DB3, 0x75B3, 0x7DF4, 0x7DD4, 0x6DB3, 0x6DB3, 0x6DB3, 0x6DB3, 0x6DB3,
    0x75D3, 0x75D3, 0x75D4, 0x7DD4, 0x6D93, 0x6D93, 0x6D93, 0x6593, 0x6DB3, 0x7E15, 0x7DF5, 0x6DB3, 0x6DB3, 0x6DB3, 0x6DB3, 0x75B3
};

const short ground_tile_110[TILE_SIZE * TILE_SIZE] = {
    0x7E15, 0x75D4, 0x6DB3, 0x75D4, 0x6DB3, 0x6DB3, 0x75D4, 0x7DF5, 0x75D4, 0x6DB3, 0x6D93, 0x6D93, 0x6DB3, 0x6DB3, 0x6DB3, 0x6DB3,
    0x9677, 0x8615, 0x75D4, 0x6DB3, 0x6DB3, 0x6DB3, 0x75D4, 0x7DF4, 0x75D4, 0x6DB3, 0x6DB3, 0x75D3, 0x75D3, 0x6DB3, 0x6DB3, 0x75D3,
    0x6DB3, 0x75B3, 0x6DB3, 0x6DB3, 0x6DB3, 0x6DB3, 0x75D3, 0x75D4, 0x6DB3, 0x6DB3, 0x6DB3, 0x6DB3, 0x6DB3, 0x6D92, 0x6D92, 0x6DB3,
    0x6592, 0x6DB3, 0x75B3, 0x75B3, 0x6DB3, 0x6DB3, 0x7DF4, 0x8E36, 0x75B3, 0x6D93, 0x6D93, 0x6DB3, 0x75B3, 0x6DB3, 0x6DB3, 0x6DB2,
    0x6D92, 0x6D92, 0x6D92, 0x6592, 0x6592, 0x6DB3, 0x6DD3, 0x75D4, 0x75B3, 0x6DB3, 0x6DB3, 0x6DB3, 0x6DB3, 0x6DB3, 0x6DB3, 0x6DB2,
    0x6D92, 0x6D93, 0x6DB3, 0x6DB3, 0x6D92, 0x6DB3, 0x75D3, 0x6DB3, 0x75D3, 0x75B3, 0x6DB3, 0x6DB3, 0x75B3, 0x6DB3, 0x6DB3, 0x75B3,
    0x75D3, 0x75B3, 0x75B3, 0x75B3, 0x6DB3, 0x6DB3, 0x6DB3, 0x6DB3, 0x75D3, 0x6DB3, 0x6D93, 0x75B3, 0x85F5, 0x75B3, 0x6D93, 0x75B3,
    0x75D3, 0x75B3, 0x75B3, 0x75B3, 0x75D4, 0x6DB3, 0x6D93, 0x6D93, 0x6D93, 0x6DB3, 0x6DB3, 0x6DB3, 0x7DD4, 0x75B3, 0x6DB3, 0x75D3,
    0x8615, 0x7DF4, 0x75D4, 0x75D3, 0x75D3, 0x6DB3, 0x6DB3, 0x6DB3, 0x75D3, 0x6DB3, 0x6DB3, 0x6DB3, 0x75B3, 0x6DB3, 0x6DB3, 0x6DB3,
    0x9E77, 0x8E36, 0x75D4, 0x6DB3, 0x6DD3, 0x6DB3, 0x6DB3, 0x75D4, 0x8E35, 0x7DD4, 0x6DB3, 0x75D4, 0x75B3, 0x75B3, 0x6D93, 0x6D92,
    0x75D4, 0x75D4, 0x6DB3, 0x6D93, 0x75D3, 0x6DD3, 0x75F4, 0x8635, 0x6DD3, 0x6DD3, 0x75D3, 0x6DB3, 0x6DB3, 0x6D93, 0x6D93, 0x75B3,
    0x6DB3, 0x6DB3, 0x6DB3, 0x6DB3, 0x6DD3, 0x75D4, 0x75F4, 0x7E15, 0x6DD4, 0x6DD3, 0x6DB3, 0x6DB3, 0x75B3, 0x6DB3, 0x6DB3, 0x75B3,
    0x6DB3, 0x6DB3, 0x6DB3, 0x6DB3, 0x75D3, 0x75D4, 0x75D4, 0x6DD3, 0x6DD3, 0x6DD3, 0x6DB3, 0x6DB3, 0x85F5, 0x75D4, 0x6D93, 0x6D93,
    0x6DB3, 0x6DB3, 0x6DB3, 0x6DB3, 0x75D4, 0x75D4, 0x6DD3, 0x6DD3, 0x75D3, 0x75D4, 0x75D3, 0x75D3, 0x75D4, 0x75B3, 0x6DB3, 0x6DB3,
    0x7E15, 0x75D4, 0x6DB3, 0x6DB3, 0x75D3, 0x75D3, 0x75D4, 0x75D4, 0x6DB3, 0x6DB3, 0x6DB3, 0x6DB3, 0x6DB3, 0x7DD4, 0x7DD4, 0x6DB3,
    0x8615, 0x75D4, 0x6DB3, 0x6DB3, 0x75D3, 0x75D3, 0x75F4, 0x85F5, 0x6DB3, 0x6DB3, 0x6D93, 0x6D93, 0x6DB3, 0x7DF4, 0x7DF4, 0x6DB3
};

const short ground_tile_111[TILE_SIZE * TILE_SIZE] = {
    0x6DB3, 0x6DB3, 0x6DD3, 0x75F4, 0x9656, 0x7DF4, 0x6D93, 0x6D93, 0x6DB3, 0x6DB3, 0x75B3, 0x7DD4, 0x75D4, 0x75B3, 0x6DB3, 0x6D93,
    0x6DB3, 0x6DB3, 0x6DB3, 0x6D93, 0x6D72, 0x6572, 0x6D93, 0x6DB3, 0x6D93, 0x6D93, 0x75D4, 0x85F5, 0x75B4, 0x6DB3, 0x6DB3, 0x75D4,
    0x6DB3, 0x6DB3, 0x6DB3, 0x6D93, 0x6572, 0x6592, 0x6D93, 0x6DB3, 0x6D93, 0x6DB3, 0x6DB3, 0x75B3, 0x6DB3, 0x6592, 0x6D92, 0x6DB3,
    0x6DB3, 0x75D3, 0x75B3, 0x6D93, 0x6592, 0x75D4, 0x7DD4, 0x75D3, 0x75D3, 0x6DB3, 0x75B3, 0x7DF4, 0x75D4, 0x6593, 0x6572, 0x75B3,
    0x6DB3, 0x6D93, 0x6D92, 0x6D92, 0x6592, 0x6DB3, 0x6DB3, 0x6DB3, 0x6D93, 0x6DB3, 0x75B3, 0x7DD4, 0x6DB3, 0x6DB3, 0x6DB3, 0x6DB3,
    0x6DB3, 0x6DB3, 0x6D92, 0x6D92, 0x6DB3, 0x6DB3, 0x6DB3, 0x6DB3, 0x6DB3, 0x6DB3, 0x75B3, 0x6DB3, 0x75D4, 0x75D4, 0x6DD3, 0x6DB3,
    0x6DB3, 0x75B3, 0x6DB3, 0x6D93, 0x6DB3, 0x6DB3, 0x6DB3, 0x6DB3, 0x6DB3, 0x6DB3, 0x6DB3, 0x75D3, 0x75B3, 0x6DB3, 0x6DB3, 0x6DB3,
    0x75D4, 0x75D3, 0x75D3, 0x75B3, 0x6DB3, 0x6DB3, 0x6DB3, 0x75D3, 0x75B3, 0x6DB3, 0x6DB3, 0x6DB3, 0x75B3, 0x6DB3, 0x6D93, 0x6DB3,
    0x6DB3, 0x75B3, 0x75D3, 0x75D4, 0x7DF5, 0x75F4, 0x75D3, 0x6DD3, 0x75B3, 0x6DB3, 0x6DB3, 0x6DB3, 0x75D4, 0x75B3, 0x6DB3, 0x6DB3,
    0x6DB3, 0x75D3, 0x75D4, 0x7E15, 0x9657, 0x8615, 0x75D4, 0x6DB3, 0x75D4, 0x6DB3, 0x6DB3, 0x7DD4, 0x9656, 0x8615, 0x75D4, 0x75D4,
    0x75D4, 0x6DB3, 0x75B3, 0x7DF4, 0x75F4, 0x75F4, 0x75D4, 0x6DB3, 0x6DD3, 0x75D3, 0x75D4, 0x75D4, 0x6DD3, 0x75D4, 0x6DD4, 0x6DB3,
    0x6D93, 0x6DB3, 0x6DB3, 0x75D4, 0x75F4, 0x75D4, 0x75D4, 0x75D4, 0x75D4, 0x75D4, 0x75D4, 0x75D3, 0x6DD3, 0x6DD3, 0x6DD3, 0x6DD4,
    0x6DB3, 0x75B3, 0x75D4, 0x75D4, 0x7DF4, 0x75F4, 0x75D4, 0x6DD4, 0x75F4, 0x75F4, 0x75D4, 0x75D4, 0x6DD3, 0x6DD3, 0x6DD3, 0x6DD3,
    0x75B3, 0x75D4, 0x75D4, 0x6DD3, 0x6DD3, 0x6DD3, 0x75D4, 0x75F4, 0x75D4, 0x6DB3, 0x6DB3, 0x6D93, 0x75B3, 0x75D4, 0x75D4, 0x75D4,
    0x75B3, 0x75D3, 0x75D3, 0x6DD3, 0x8615, 0x75D4, 0x6DB3, 0x6DD3, 0x6DB3, 0x6DB3, 0x6DB3, 0x6DB3, 0x6DB3, 0x6D93, 0x6DB3, 0x6DB3,
    0x6DB3, 0x6DB3, 0x6DB3, 0x6DD3, 0x8615, 0x7DD4, 0x6DD3, 0x6DD3, 0x75D3, 0x75D3, 0x75D4, 0x7DF4, 0x6DB3, 0x6592, 0x6592, 0x65B3
};

const short ground_tile_112[TILE_SIZE * TILE_SIZE] = {
    0x6DB3, 0x75D3, 0x6DB3, 0x6DB3, 0x6DD3, 0x6DD3, 0x6DD3, 0x75F4, 0x8E76, 0x7E15, 0x6DB3, 0x6DB3, 0x6DB3, 0x6DB3, 0x75D4, 0x7E15,
    0x75D4, 0x75D3, 0x6DB3, 0x65B3, 0x6DB3, 0x6DB3, 0x6DB3, 0x75D4, 0x9677, 0x8615, 0x6DB3, 0x65B3, 0x6D93, 0x6DB3, 0x75D4, 0x8615,
    0x75D4, 0x6DB3, 0x6DB3, 0x6DB3, 0x6DB3, 0x6DB3, 0x6DD3, 0x6DD3, 0x75D3, 0x75B3, 0x6DB3, 0x6572, 0x6572, 0x6D93, 0x75B3, 0x75B3,
    0x85F5, 0x6DB3, 0x6593, 0x6DB3, 0x75D3, 0x75D4, 0x75D3, 0x6DB3, 0x6592, 0x75D4, 0x7DD4, 0x6D93, 0x6D92, 0x6D93, 0x75D4, 0x8615,
    0x75B4, 0x6DB3, 0x6DB3, 0x65B3, 0x75B3, 0x75B3, 0x6DB3, 0x6DB3, 0x6592, 0x6D93, 0x7593, 0x6D93, 0x75B3, 0x6DB3, 0x6DB3, 0x75B3,
    0x6DB3, 0x75B3, 0x6DB3, 0x6DB3, 0x6DB3, 0x6DB3, 0x6DB3, 0x6D92, 0x6D92, 0x6D93, 0x6DB3, 0x6DB3, 0x6DB3, 0x6DB3, 0x6DB3, 0x6DB3,
    0x75D3, 0x75B3, 0x6DB3, 0x6DB3, 0x6DB3, 0x75B3, 0x6DB3, 0x6592, 0x6DB3, 0x6DB3, 0x6DB3, 0x6DB3, 0x6DB3, 0x6D93, 0x6DB3, 0x75D4,
    0x75B3, 0x6DB3, 0x6D93, 0x6DB3, 0x6DB3, 0x75D4, 0x75D4, 0x75B3, 0x75D3, 0x6DB3, 0x6DB3, 0x6DB3, 0x75D3, 0x6DB3, 0x6DB3, 0x6DB3,
    0x6DB3, 0x6DB3, 0x6DB3, 0x6DB3, 0x6DB3, 0x75D3, 0x75D3, 0x75D4, 0x7E15, 0x75D4, 0x75B3, 0x75B3, 0x6DB3, 0x6DB3, 0x6DB3, 0x6DB3,
    0x6D93, 0x75B3, 0x6DB3, 0x6D93, 0x6DB3, 0x75B3, 0x75D4, 0x75D4, 0x9677, 0x8615, 0x75D4, 0x6DB3, 0x6DB3, 0x6592, 0x65B3, 0x75F4,
    0x75D3, 0x6DD3, 0x6DB3, 0x6D93, 0x75D4, 0x6DB3, 0x75D3, 0x7DF4, 0x75D4, 0x75D4, 0x6DB3, 0x6592, 0x6DB3, 0x6DD3, 0x7E14, 0x8635,
    0x8615, 0x75D4, 0x6DB3, 0x6DB3, 0x6D93, 0x6DB3, 0x75B3, 0x75B3, 0x6DD3, 0x6DB3, 0x6DB3, 0x6DB3, 0x6DB3, 0x6DB3, 0x6DD3, 0x75F4,
    0x75D4, 0x6DB3, 0x6D93, 0x6D93, 0x6DB3, 0x75B3, 0x75B3, 0x6DB3, 0x75D3, 0x6DB3, 0x6DB3, 0x6DB3, 0x75D4, 0x75D4, 0x6DD3, 0x6DB3,
    0x6DB3, 0x6DB3, 0x6DB3, 0x6DB3, 0x6DB3, 0x6DD3, 0x75D4, 0x75D3, 0x6D93, 0x6DB3, 0x6DD3, 0x75D4, 0x75D4, 0x6DB3, 0x6DB3, 0x6593,
    0x6DD3, 0x7DF4, 0x7DF4, 0x6DB3, 0x6DB3, 0x6DD3, 0x75D3, 0x75D4, 0x8615, 0x75F4, 0x6DB3, 0x6DB3, 0x6DB3, 0x75D3, 0x75D3, 0x6DB3,
    0x6DB3, 0x8615, 0x8615, 0x6DB3, 0x6DB3, 0x6DB3, 0x6DB3, 0x6DB3, 0x8615, 0x75D4, 0x6DB3, 0x6DB3, 0x6DD3, 0x75D3, 0x75F4, 0x7DF5
};

const short ground_tile_113[TILE_SIZE * TILE_SIZE] = {
    0x75F4, 0x75D4, 0x75B3, 0x6593, 0x6DB3, 0x75B3, 0x75B3, 0x6DB3, 0x6DB3, 0x6DB3, 0x6DB3, 0x75F4, 0x8E56, 0x7DF4, 0x75B3, 0x6DB3,
    0x7DF4, 0x75D3, 0x6DB3, 0x75D4, 0x75D4, 0x75B3, 0x75D4, 0x7DD4, 0x6DB3, 0x6D93, 0x6D93, 0x6572, 0x6572, 0x6D92, 0x6DB3, 0x6DB3,
    0x6DB3, 0x6DB3, 0x6DB3, 0x75D3, 0x75D4, 0x75D3, 0x6DB3, 0x6DB3, 0x6D93, 0x6D93, 0x6D93, 0x6D72, 0x6572, 0x6D93, 0x6DB3, 0x6DB3,
    0x75B3, 0x6DB3, 0x6D93, 0x6D93, 0x6DB3, 0x75D4, 0x75D4, 0x6DB3, 0x6DB3, 0x75B3, 0x75B3, 0x6DB3, 0x6592, 0x75D4, 0x7DF4, 0x75D4,
    0x75B3, 0x6DB3, 0x6D93, 0x6D93, 0x6D93, 0x6D93, 0x6D93, 0x6D93, 0x6D93, 0x6D93, 0x6D92, 0x6592, 0x6592, 0x6D93, 0x75B3, 0x6DB3,
    0x75B3, 0x6DB3, 0x6D93, 0x6572, 0x6D93, 0x75B3, 0x75B3, 0x6593, 0x6592, 0x6D92, 0x6D92, 0x6572, 0x6DB3, 0x6D93, 0x6D93, 0x6DB3,
    0x6DB3, 0x6DB3, 0x6D92, 0x6D72, 0x75B3, 0x75B3, 0x6DB3, 0x6D93, 0x6D93, 0x6DB3, 0x6D93, 0x6D92, 0x75B3, 0x6DB3, 0x6D93, 0x6D93,
    0x6DB3, 0x6DB3, 0x6D93, 0x6D93, 0x75B3, 0x6DB3, 0x6DB3, 0x6DB3, 0x75D4, 0x75D4, 0x75D4, 0x75B3, 0x6DB3, 0x6D93, 0x6D93, 0x75B3,
    0x75D4, 0x6DB3, 0x6D93, 0x6DB3, 0x6DB3, 0x6D93, 0x6D93, 0x6D93, 0x75B3, 0x75B3, 0x75D3, 0x75D4, 0x7DF4, 0x75D3, 0x75B3, 0x75B3,
    0x9656, 0x7DD4, 0x6D93, 0x6DD3, 0x75B3, 0x6DB3, 0x6DB3, 0x6D93, 0x6DB3, 0x75B3, 0x75B3, 0x75D4, 0x9656, 0x8615, 0x75D4, 0x75B3,
    0x6DB3, 0x6DD4, 0x6DD4, 0x6DB3, 0x6DD3, 0x6DB3, 0x6DB3, 0x6DB3, 0x75D4, 0x75B3, 0x75B3, 0x75D3, 0x75D4, 0x75D4, 0x75B3, 0x6D93,
    0x6DD4, 0x6DD3, 0x65B3, 0x6DB3, 0x7DF5, 0x75D3, 0x6DB3, 0x75B3, 0x6D93, 0x6D93, 0x75B3, 0x75D4, 0x6DB3, 0x6DB3, 0x6DB3, 0x75D3,
    0x6DD3, 0x6DB3, 0x65B3, 0x6593, 0x75B3, 0x6DB3, 0x6DB3, 0x6DB3, 0x6DB3, 0x75B3, 0x75D4, 0x75D4, 0x75D3, 0x6DB3, 0x6D93, 0x6DB3,
    0x6DB3, 0x75D3, 0x75D3, 0x6DB3, 0x6DB3, 0x6DB3, 0x6DB3, 0x6D93, 0x6DB3, 0x75D4, 0x75D4, 0x75D4, 0x6DB3, 0x6DB3, 0x6DB3, 0x75D4,
    0x6DB3, 0x6D93, 0x6D93, 0x6DB3, 0x6DB3, 0x75D4, 0x75D4, 0x6DB3, 0x6DD3, 0x75D3, 0x75D3, 0x75D4, 0x7E15, 0x7DF4, 0x75D3, 0x6DD3,
    0x6D93, 0x6D93, 0x6D93, 0x6D93, 0x6DB3, 0x7DF4, 0x7DF4, 0x65B3, 0x6DB3, 0x6DB3, 0x6DD3, 0x75D3, 0x8615, 0x7DF4, 0x75D4, 0x75D4
};

const short ground_tile_114[TILE_SIZE * TILE_SIZE] = {
    0x6DB3, 0x6DB3, 0x75B4, 0x7DD4, 0x6D93, 0x6DB3, 0x6DB3, 0x6D93, 0x6DB3, 0x6DD3, 0x75D3, 0x75D3, 0x75D4, 0x75D4, 0x75D4, 0x75D4,
    0x6DB3, 0x6DB3, 0x7DD4, 0x8615, 0x6D93, 0x6593, 0x6DB3, 0x75D4, 0x6DD3, 0x6DB3, 0x6DB3, 0x6DB3, 0x6DB3, 0x6DB3, 0x6DB3, 0x75F4,
    0x6DB3, 0x6DB3, 0x6DB3, 0x75B3, 0x6DB3, 0x6D93, 0x6D93, 0x6DB3, 0x6DB3, 0x6DB3, 0x6DB3, 0x6DB3, 0x6DB3, 0x6DB3, 0x6DB3, 0x6DB3,
    0x6DD3, 0x6DB3, 0x6DB3, 0x75F4, 0x75F4, 0x6DB3, 0x6D93, 0x75B3, 0x75D4, 0x6DB3, 0x6DB3, 0x6DB3, 0x6DB3, 0x75B3, 0x6DB3, 0x6592,
    0x6592, 0x6D93, 0x6DB3, 0x6DB3, 0x6DB3, 0x6DB3, 0x6DB3, 0x6DB3, 0x75D3, 0x75D4, 0x6DB3, 0x6592, 0x6592, 0x6D92, 0x6DB3, 0x6DB3,
    0x6D93, 0x6DB3, 0x6DB3, 0x6DB3, 0x75B3, 0x75D4, 0x75D3, 0x6DD3, 0x75D3, 0x75F4, 0x75B3, 0x6572, 0x6592, 0x6D93, 0x6D93, 0x6D93,
    0x6DB3, 0x6DB3, 0x6DB3, 0x6DB3, 0x6DB3, 0x75B3, 0x75B3, 0x75B3, 0x75D4, 0x75D4, 0x6DB3, 0x6D93, 0x6DB3, 0x6DB3, 0x6DB3, 0x6D93,
    0x75B3, 0x75B3, 0x6DB3, 0x6DD3, 0x75D4, 0x75B3, 0x75B3, 0x75B3, 0x6DB3, 0x6DB3, 0x6D93, 0x6D93, 0x75B3, 0x75B3, 0x75D3, 0x75B3,
    0x75B3, 0x75B3, 0x75D3, 0x75F4, 0x6DB3, 0x6DB3, 0x6DB3, 0x6DB3, 0x6DB3, 0x6DB3, 0x6D93, 0x6D93, 0x6DB3, 0x75B3, 0x6DB3, 0x75B3,
    0x75D3, 0x6D93, 0x7DF4, 0x9657, 0x75D4, 0x75B3, 0x75D4, 0x75F4, 0x6D93, 0x75B3, 0x75B3, 0x6D92, 0x6D93, 0x6D93, 0x6D93, 0x6DB3,
    0x6DB3, 0x6DB3, 0x75D3, 0x7E14, 0x6DB3, 0x75D3, 0x75D3, 0x75D3, 0x6DB3, 0x6D93, 0x6D93, 0x6D93, 0x75B3, 0x75B3, 0x75B3, 0x7DD4,
    0x75D3, 0x75D3, 0x75D3, 0x6DB3, 0x6DB3, 0x6DD3, 0x6DD3, 0x6DB3, 0x75B3, 0x75B3, 0x75B3, 0x6D93, 0x6D93, 0x6DB3, 0x75B3, 0x75D3,
    0x6DD3, 0x7DF4, 0x7DD4, 0x6DB3, 0x6DB3, 0x6DB3, 0x6DB3, 0x75D4, 0x75D4, 0x75B3, 0x6DB3, 0x6D92, 0x7593, 0x75B3, 0x75B3, 0x6DD4,
    0x75D3, 0x6DB3, 0x6D93, 0x6593, 0x75B3, 0x6DB3, 0x7DF4, 0x9636, 0x8615, 0x75D4, 0x6DB3, 0x6DB3, 0x6DB3, 0x6DB3, 0x6DD3, 0x6DB3,
    0x75D3, 0x75B3, 0x6DB3, 0x6DB3, 0x75D4, 0x6DB3, 0x6DB3, 0x75D4, 0x75F4, 0x7E15, 0x7DF4, 0x6DB3, 0x6DB3, 0x6DB3, 0x6DB3, 0x6DD3,
    0x75D3, 0x75D3, 0x75D4, 0x7DD4, 0x6DB3, 0x6DB3, 0x6DB3, 0x6DB3, 0x6DD3, 0x7E15, 0x7E15, 0x6DB3, 0x6DB3, 0x6DB3, 0x6DB3, 0x75D3
};

const short ground_tile_115[TILE_SIZE * TILE_SIZE] = {
    0x8636, 0x75D4, 0x6DB3, 0x75D4, 0x6DB3, 0x6DB3, 0x75D4, 0x7DF4, 0x75D4, 0x6DB3, 0x6D93, 0x6592, 0x6DB3, 0x75D4, 0x75D4, 0x6DD4,
    0x9E97, 0x8615, 0x6DD3, 0x6DB3, 0x6DB3, 0x6DB3, 0x75D4, 0x8E15, 0x75D4, 0x6D93, 0x6DB3, 0x75D4, 0x75D4, 0x75D4, 0x75D4, 0x7DF4,
    0x6DB3, 0x6DB3, 0x6DB3, 0x6DB3, 0x6DB3, 0x75B3, 0x75B3, 0x6D93, 0x6D93, 0x6D93, 0x6DB3, 0x6DB3, 0x6DB3, 0x6DB3, 0x75B3, 0x75D3,
    0x6592, 0x6DB3, 0x75D3, 0x75D3, 0x75B3, 0x6DB3, 0x6DB3, 0x75B3, 0x75B3, 0x6D92, 0x6D92, 0x6D92, 0x75B3, 0x75B3, 0x75B3, 0x6592,
    0x6592, 0x6592, 0x6D92, 0x6D92, 0x6D92, 0x6DB3, 0x6DB3, 0x75B3, 0x75B3, 0x6D92, 0x6572, 0x6D93, 0x75B3, 0x75B3, 0x75B3, 0x6D93,
    0x6DB3, 0x6DB3, 0x6DB3, 0x6D93, 0x6D92, 0x75D4, 0x75D4, 0x75B4, 0x75D4, 0x6DB3, 0x6D92, 0x6D72, 0x6D93, 0x75B3, 0x7593, 0x6D93,
    0x75D3, 0x75B3, 0x6DB3, 0x6DB3, 0x6DB3, 0x75D3, 0x75D4, 0x75D3, 0x6DB3, 0x6D92, 0x6D72, 0x7593, 0x75B3, 0x6D93, 0x6DB3, 0x75B3,
    0x6DB3, 0x6DB3, 0x6DB3, 0x75B3, 0x75B3, 0x6DB3, 0x6DB3, 0x6DB3, 0x6D93, 0x6D93, 0x6D93, 0x6D93, 0x75B3, 0x6DB3, 0x75B3, 0x75D4,
    0x7E15, 0x7DF4, 0x75D4, 0x75D3, 0x75B3, 0x6DB3, 0x6D93, 0x6D93, 0x75D3, 0x6DB3, 0x6D93, 0x6DB3, 0x75B3, 0x6DB3, 0x75B3, 0x75B3,
    0x9656, 0x8615, 0x75D4, 0x6DB3, 0x75B3, 0x6D92, 0x6592, 0x75B3, 0x8615, 0x7DD4, 0x75B3, 0x75D4, 0x75B3, 0x75B3, 0x75B3, 0x6DB3,
    0x75D3, 0x75D4, 0x6DB3, 0x6D93, 0x6DB3, 0x6DB3, 0x7DF4, 0x8E36, 0x75D4, 0x75D4, 0x6DD3, 0x6D93, 0x6DB3, 0x75B3, 0x6DB3, 0x6DB3,
    0x6DD3, 0x6DB3, 0x6DB3, 0x75D3, 0x6DD3, 0x6DD3, 0x75D4, 0x75F4, 0x6DD4, 0x6DD4, 0x6DD3, 0x6DB3, 0x75D4, 0x6DB3, 0x6DB3, 0x6DB3,
    0x75D4, 0x6DB3, 0x6DB3, 0x6DB3, 0x6DB3, 0x75D3, 0x6DB3, 0x6DB3, 0x6DD3, 0x6DD3, 0x6DB3, 0x6593, 0x7DF4, 0x75D3, 0x6D93, 0x6592,
    0x6DB3, 0x6DB3, 0x6DB3, 0x75B3, 0x75B3, 0x6DB3, 0x6593, 0x6592, 0x6DB3, 0x75D4, 0x75D3, 0x6DB3, 0x7DD4, 0x75B3, 0x6D93, 0x6D93,
    0x7E15, 0x75D4, 0x6DB3, 0x75D3, 0x75B3, 0x6DB3, 0x6DB3, 0x6DB3, 0x6DB3, 0x6D93, 0x6D93, 0x6DB3, 0x6DB3, 0x75D4, 0x75D4, 0x6DB3,
    0x8615, 0x75D4, 0x6DB3, 0x6DB3, 0x75D3, 0x6DB3, 0x75D3, 0x7DF4, 0x6D93, 0x6D93, 0x6D93, 0x6593, 0x6DB3, 0x7DF4, 0x7DF4, 0x6DB3
};

const short ground_tile_116[TILE_SIZE * TILE_SIZE] = {
    0x6DD3, 0x6DD3, 0x6DD3, 0x75F4, 0x8E56, 0x7DF4, 0x6DB3, 0x6DB3, 0x6DB3, 0x6D93, 0x75B3, 0x7DF4, 0x75D4, 0x6DB3, 0x6592, 0x6572,
    0x75D3, 0x75D3, 0x75D3, 0x6DB3, 0x6DB3, 0x6DB3, 0x6DB3, 0x75B3, 0x75B3, 0x6DB3, 0x75D4, 0x85F5, 0x6D93, 0x6D93, 0x6DB3, 0x75F4,
    0x6DB3, 0x6DB3, 0x6DB3, 0x6DB3, 0x6592, 0x6DB3, 0x6DB3, 0x6DB3, 0x6DB3, 0x6D93, 0x6DB3, 0x6DB3, 0x6DB3, 0x6DB3, 0x6DB3, 0x75B3,
    0x75B3, 0x75D4, 0x75B3, 0x6D93, 0x6592, 0x7DF4, 0x7DF5, 0x75D4, 0x75D4, 0x6DB3, 0x6DB3, 0x75F4, 0x75F4, 0x6DB3, 0x6D93, 0x6DB3,
    0x6DB3, 0x6DB3, 0x6D93, 0x6592, 0x6592, 0x6DD3, 0x75D4, 0x75D3, 0x6DB3, 0x6DB3, 0x75D3, 0x7DD4, 0x75B3, 0x6DB3, 0x6DB3, 0x6DB3,
    0x6D93, 0x6DB3, 0x6592, 0x6572, 0x6DB3, 0x6DB3, 0x6DB3, 0x6DB3, 0x6DB3, 0x6DD3, 0x75D3, 0x75D3, 0x75D4, 0x75D4, 0x6DB3, 0x6D92,
    0x6DB3, 0x6DB3, 0x6D92, 0x6572, 0x6DB3, 0x6DB3, 0x75D3, 0x75D4, 0x6DD3, 0x6DB3, 0x6DD3, 0x75D3, 0x75F4, 0x75D3, 0x75B3, 0x75B3,
    0x75D3, 0x75B3, 0x75B3, 0x75B3, 0x6DD3, 0x6DB3, 0x75D3, 0x75D4, 0x75D4, 0x75D3, 0x6DB3, 0x75D3, 0x75F4, 0x75D3, 0x75B3, 0x75B3,
    0x75B3, 0x75B3, 0x75D3, 0x75D4, 0x7E15, 0x7DF4, 0x75D4, 0x75D4, 0x75D3, 0x75B3, 0x6DB3, 0x75D3, 0x75D4, 0x75B3, 0x6DB3, 0x6DB3,
    0x75B3, 0x75B3, 0x75D3, 0x7DF4, 0x9677, 0x8636, 0x75F4, 0x6DD3, 0x75D4, 0x6DB3, 0x6DB3, 0x75D4, 0x8E36, 0x7DF4, 0x75D3, 0x6DD3,
    0x75D4, 0x75B3, 0x75B3, 0x75D4, 0x75D4, 0x75D4, 0x6DD4, 0x6DB3, 0x6DB3, 0x6DB3, 0x75F4, 0x8615, 0x75D4, 0x6DD3, 0x6DD3, 0x6DB3,
    0x6DB3, 0x6DB3, 0x6DB3, 0x75B3, 0x6DD3, 0x6DD3, 0x6DD4, 0x6DD4, 0x6DD3, 0x75D4, 0x75D3, 0x6DB3, 0x6DD3, 0x6DB3, 0x6DB3, 0x75D4,
    0x6D93, 0x6DB3, 0x6DB3, 0x6DB3, 0x75D4, 0x75B3, 0x6DB3, 0x6DB3, 0x6DB3, 0x75F4, 0x75D4, 0x6DB3, 0x6DD3, 0x6DD3, 0x6DB3, 0x6DB3,
    0x6D93, 0x6DB3, 0x6DB3, 0x6DD3, 0x6DB3, 0x6DB3, 0x6DD3, 0x75D4, 0x75D3, 0x6DB3, 0x6DB3, 0x6DB3, 0x6DB3, 0x6DB3, 0x75D4, 0x7DF4,
    0x6DB3, 0x75B3, 0x75B3, 0x75D3, 0x7DF5, 0x75D4, 0x6DD3, 0x6DD3, 0x75D3, 0x6DD3, 0x6DB3, 0x6DB3, 0x6DB3, 0x6DB3, 0x6DB3, 0x6DB3,
    0x6DB3, 0x6DB3, 0x6DB3, 0x75B3, 0x8615, 0x75D4, 0x6DB3, 0x6DD3, 0x6DD3, 0x6DD3, 0x75D4, 0x7DF4, 0x6DB3, 0x6D93, 0x6592, 0x6592
};

const short ground_tile_117[TILE_SIZE * TILE_SIZE] = {
    0x6593, 0x6DB3, 0x6DD3, 0x6DD3, 0x6DD3, 0x6DB3, 0x6DB3, 0x6DB3, 0x75F4, 0x6DB3, 0x6DB3, 0x6DB3, 0x6D93, 0x6DB3, 0x75D3, 0x7DF4,
    0x6DD3, 0x6DB3, 0x6DB3, 0x6DB3, 0x6DB3, 0x6DB3, 0x6DB3, 0x75D4, 0xA698, 0x8E36, 0x75D4, 0x6DB3, 0x6D92, 0x6DB3, 0x75D4, 0x85F4,
    0x6DD3, 0x6D93, 0x6D93, 0x6DB3, 0x6DB3, 0x75D3, 0x75D3, 0x6DB3, 0x75D4, 0x75D3, 0x6DB3, 0x6D92, 0x6D93, 0x6DB3, 0x75D3, 0x75D3,
    0x6DB3, 0x6DB3, 0x6DB3, 0x75D3, 0x75D4, 0x75D4, 0x75B3, 0x6DB3, 0x6592, 0x75D3, 0x75D3, 0x6DB3, 0x6DB3, 0x6DB3, 0x75D4, 0x8635,
    0x75B3, 0x75B3, 0x6DB3, 0x6D92, 0x7593, 0x75B3, 0x75B3, 0x6DB3, 0x6D92, 0x6D93, 0x6D93, 0x6D92, 0x6D93, 0x6DB3, 0x6DD3, 0x75D4,
    0x75B3, 0x75B3, 0x6DB3, 0x6D92, 0x6D92, 0x75B3, 0x75B3, 0x6DB3, 0x6D92, 0x6D93, 0x6D93, 0x6D93, 0x6D93, 0x6DB3, 0x6DD3, 0x6DD3,
    0x7DD4, 0x75B3, 0x6DB3, 0x75B3, 0x75D3, 0x75D4, 0x75D3, 0x6DB3, 0x75B3, 0x6DB3, 0x6DB3, 0x6DB3, 0x6D93, 0x6DB3, 0x6DB3, 0x6DD3,
    0x75B3, 0x6D93, 0x6DB3, 0x75D4, 0x7DD4, 0x7DD4, 0x75D4, 0x75D3, 0x75B3, 0x6DB3, 0x6D93, 0x6D93, 0x75B3, 0x6DB3, 0x6DB3, 0x6DB3,
    0x6DB3, 0x6DB3, 0x75B3, 0x75D3, 0x75D3, 0x75B3, 0x75B3, 0x7DD4, 0x8615, 0x7DD4, 0x75B3, 0x75B3, 0x6DB3, 0x6D92, 0x6D92, 0x6DB3,
    0x6DB3, 0x75D3, 0x75D3, 0x6DB3, 0x6DB3, 0x75B3, 0x6DB3, 0x75B3, 0x9E57, 0x8E15, 0x75D4, 0x6DB3, 0x6D92, 0x6572, 0x6592, 0x75D3,
    0x75D4, 0x75D4, 0x75D3, 0x75B3, 0x75D4, 0x6DB3, 0x6D93, 0x6D93, 0x6DD4, 0x75D4, 0x6DB3, 0x6DB3, 0x6DB3, 0x6DB3, 0x75F4, 0x8E56,
    0x75F4, 0x75D4, 0x75B3, 0x6DB3, 0x6DB3, 0x6D93, 0x6D93, 0x6D93, 0x6DD3, 0x6DD3, 0x6DD3, 0x75D3, 0x6DD3, 0x6DD3, 0x75D4, 0x75F4,
    0x75D4, 0x75B3, 0x6DB3, 0x6D93, 0x6DB3, 0x6DB3, 0x6DB3, 0x6D93, 0x75D4, 0x75D4, 0x6DD3, 0x6DD3, 0x75D4, 0x75D4, 0x75D3, 0x6DB3,
    0x75D4, 0x6DB3, 0x6DB3, 0x6DB3, 0x6DB3, 0x6DD3, 0x6DB3, 0x6DB3, 0x6DB3, 0x6DD3, 0x75D4, 0x75F4, 0x75D4, 0x6DD3, 0x6DB3, 0x6DB3,
    0x75D4, 0x7DF4, 0x75D4, 0x6DB3, 0x6DB3, 0x6DB3, 0x6DD3, 0x75D4, 0x7E15, 0x75D4, 0x6DD3, 0x75D3, 0x75D3, 0x75D3, 0x75D3, 0x75D3,
    0x6DB3, 0x7DF4, 0x7DF4, 0x6DB3, 0x6DD3, 0x6DD3, 0x6DD3, 0x75D4, 0x8615, 0x7DF4, 0x75B3, 0x75D3, 0x75D3, 0x6DB3, 0x75D4, 0x7DF4
};

const short ground_tile_118[TILE_SIZE * TILE_SIZE] = {
    0x75B3, 0x6DB3, 0x6D92, 0x6592, 0x6DB3, 0x6DB3, 0x6DB3, 0x6DB3, 0x6DB3, 0x6D93, 0x6D93, 0x75D4, 0x9656, 0x7DF4, 0x6D93, 0x6D93,
    0x75D3, 0x6DB3, 0x6D92, 0x6DB3, 0x6DB3, 0x6D93, 0x75B3, 0x85F4, 0x6DB3, 0x6DB3, 0x6D92, 0x6572, 0x6572, 0x6D93, 0x6D93, 0x6D92,
    0x6DB3, 0x6D92, 0x6D92, 0x6DB3, 0x6DB3, 0x6D93, 0x6DB3, 0x75B3, 0x6DB3, 0x6D93, 0x6D93, 0x6D92, 0x6572, 0x6572, 0x6D92, 0x6592,
    0x75D3, 0x6DB3, 0x6D92, 0x6D92, 0x6DB3, 0x7DF5, 0x7DF4, 0x6DB3, 0x6D93, 0x6DB3, 0x6D92, 0x6572, 0x6D92, 0x7DD4, 0x7DD4, 0x6DB3,
    0x6DB3, 0x6DB3, 0x6D93, 0x6DB3, 0x6DB3, 0x7DF4, 0x7DD4, 0x6D93, 0x6D92, 0x6D92, 0x6D92, 0x6592, 0x6592, 0x6DB3, 0x6DB3, 0x6D93,
    0x75D4, 0x75B3, 0x6DB3, 0x6D93, 0x6DB3, 0x6DB3, 0x6D93, 0x6D92, 0x6D92, 0x6D92, 0x6D92, 0x6D92, 0x6D92, 0x6DB3, 0x6DB3, 0x6D93,
    0x75D4, 0x75D3, 0x75B3, 0x75B3, 0x75B3, 0x6D92, 0x6D93, 0x75B3, 0x6D93, 0x6DB3, 0x6D93, 0x6D92, 0x6DB3, 0x6DB3, 0x6DB3, 0x6DB3,
    0x6DB3, 0x75B3, 0x75B3, 0x6D93, 0x6DB3, 0x6D93, 0x6DB3, 0x75D4, 0x75D3, 0x75B3, 0x75B3, 0x75B3, 0x6DB3, 0x6DB3, 0x6DB3, 0x75B3,
    0x7DD4, 0x75D3, 0x6DB3, 0x6DB3, 0x6DB3, 0x6DB3, 0x6DB3, 0x6DB3, 0x75B3, 0x6DB3, 0x75B3, 0x75D3, 0x7DF4, 0x75D4, 0x75D3, 0x75D3,
    0x9E77, 0x8615, 0x6DB3, 0x75D3, 0x75D3, 0x75B3, 0x6D93, 0x6D92, 0x6D93, 0x6DB3, 0x75B3, 0x7DF4, 0x8E36, 0x8615, 0x75D4, 0x75D3,
    0x75D4, 0x75D4, 0x75D4, 0x6DB3, 0x6D93, 0x6D93, 0x6DB3, 0x75D4, 0x6DB3, 0x75B3, 0x75D4, 0x7DF4, 0x75F4, 0x75D4, 0x6DB3, 0x6D92,
    0x6DD3, 0x6DD3, 0x6DD3, 0x6DB3, 0x6DD3, 0x6DB3, 0x6DB3, 0x6DB3, 0x6D93, 0x6DB3, 0x75B3, 0x75D4, 0x6DD3, 0x6DB3, 0x6DB3, 0x6DB3,
    0x6DD3, 0x6DD3, 0x65B3, 0x6DB3, 0x85F4, 0x75D3, 0x6D93, 0x6D93, 0x6DB3, 0x75B3, 0x75D3, 0x6DB3, 0x6DB3, 0x6D93, 0x6DB3, 0x6DB3,
    0x75D4, 0x75D4, 0x6DB3, 0x6DB3, 0x8615, 0x75D4, 0x6DB3, 0x6D93, 0x6DB3, 0x75B3, 0x75D4, 0x75D4, 0x6D93, 0x6DB3, 0x75D3, 0x75D3,
    0x75D3, 0x6DB3, 0x6DB3, 0x6DB3, 0x75D4, 0x7DF4, 0x75D4, 0x6DB3, 0x6DB3, 0x75B3, 0x75B3, 0x75D3, 0x7DF5, 0x75D4, 0x6DB3, 0x6DB3,
    0x75D3, 0x6DB3, 0x6DB3, 0x6DB3, 0x6DB3, 0x7E14, 0x7E14, 0x6DB3, 0x6DB3, 0x6DB3, 0x6DB3, 0x6DB3, 0x8615, 0x7DD4, 0x6DB3, 0x6DB3
};

const short ground_tile_119[TILE_SIZE * TILE_SIZE] = {
    0x6D92, 0x6D92, 0x75B3, 0x7DF4, 0x6DB3, 0x6D93, 0x6D93, 0x6D92, 0x6DB3, 0x6DB3, 0x6DB3, 0x6DB3, 0x6DB3, 0x6DB3, 0x75B3, 0x7DF4,
    0x6D93, 0x6D93, 0x75D4, 0x85F5, 0x6D93, 0x6592, 0x6DB3, 0x75D4, 0x75D3, 0x6DB3, 0x6DB3, 0x65B3, 0x6DB3, 0x6DB3, 0x75B3, 0x6DB3,
    0x6D92, 0x6D93, 0x6DB3, 0x6DB3, 0x6D92, 0x6592, 0x6D92, 0x6DB3, 0x6DB3, 0x6DB3, 0x6592, 0x6593, 0x6DD3, 0x75D3, 0x75B3, 0x6DB3,
    0x6DB3, 0x6DB3, 0x6D93, 0x6DB3, 0x6572, 0x6592, 0x6D92, 0x6DB3, 0x7DD4, 0x6D93, 0x6592, 0x65B3, 0x75F4, 0x7DF4, 0x75D4, 0x6DB3,
    0x6D92, 0x6D93, 0x6DB3, 0x6DB3, 0x6D93, 0x6D92, 0x6D93, 0x6DB3, 0x75B3, 0x6D93, 0x6592, 0x6DB3, 0x6DB3, 0x75B3, 0x75D3, 0x6DD3,
    0x6D93, 0x6DB3, 0x6DB3, 0x6D93, 0x6DB3, 0x75D4, 0x75D3, 0x6DB3, 0x6D92, 0x6D93, 0x6D93, 0x6DB3, 0x6DB3, 0x75D3, 0x6DD3, 0x6DD3,
    0x6DB3, 0x6DB3, 0x6DB3, 0x75B3, 0x75D3, 0x75D3, 0x75B3, 0x75B3, 0x6D93, 0x6D93, 0x6D93, 0x6DB3, 0x6DB3, 0x6DB3, 0x6DB3, 0x6DB2,
    0x6DB3, 0x6DB3, 0x6DB3, 0x75B3, 0x75D4, 0x75B3, 0x75B3, 0x6DB3, 0x6D93, 0x6D93, 0x6D93, 0x6DB3, 0x75D4, 0x75B4, 0x75D3, 0x75F4,
    0x75B3, 0x6DB3, 0x6DB3, 0x6DD3, 0x75F4, 0x75D3, 0x6DB3, 0x6DB3, 0x6D93, 0x6D93, 0x6D93, 0x6DB3, 0x75B3, 0x6D93, 0x6D93, 0x6DB3,
    0x75D4, 0x6DB3, 0x6DB2, 0x75D4, 0x8E15, 0x7DF4, 0x75D4, 0x6DD3, 0x6592, 0x6D93, 0x6DB3, 0x6DB3, 0x6DB3, 0x6DB3, 0x6D93, 0x6572,
    0x6D92, 0x6DB3, 0x75F4, 0x8615, 0x75D4, 0x75D3, 0x6DB3, 0x6DB3, 0x6D93, 0x6D92, 0x6D92, 0x6D93, 0x75B3, 0x6D93, 0x6D93, 0x6D93,
    0x6DB3, 0x6DD3, 0x75D3, 0x6DD3, 0x6DB3, 0x6DB3, 0x6DB3, 0x6DB3, 0x75B3, 0x6D93, 0x6592, 0x6592, 0x6D93, 0x6D93, 0x6D93, 0x6DB3,
    0x6DB3, 0x75D4, 0x75D4, 0x6DB3, 0x6DB3, 0x6DB3, 0x65B3, 0x6593, 0x75D4, 0x6DB3, 0x6D92, 0x6592, 0x6DB3, 0x6D93, 0x6DB3, 0x75D3,
    0x6DB3, 0x6D93, 0x6DB3, 0x6DB3, 0x6DB3, 0x6DB3, 0x6DB3, 0x75D4, 0x7DF4, 0x75B3, 0x6DB2, 0x6D92, 0x6DB3, 0x6DB3, 0x6DD3, 0x75F4,
    0x6DB3, 0x6DB3, 0x6DB3, 0x6DB3, 0x6DB3, 0x6D93, 0x6DB3, 0x75B3, 0x75D3, 0x7DD4, 0x75D3, 0x6DB3, 0x6DB3, 0x6DB3, 0x75D4, 0x75D4,
    0x6DB3, 0x6DB3, 0x75D3, 0x7DD4, 0x6593, 0x6592, 0x6593, 0x6593, 0x6DB3, 0x7E15, 0x7DF4, 0x6DB3, 0x6D93, 0x6D93, 0x6DB3, 0x75D4
};

const short ground_tile_120[TILE_SIZE * TILE_SIZE] = {
    0x6DB3, 0x6DB3, 0x6DD3, 0x75D3, 0x6DB3, 0x75D3, 0x75D4, 0x7DD4, 0x6572, 0x6572, 0x6592, 0x6592, 0x6DB3, 0x6D93, 0x6D93, 0x6DB3,
    0x6592, 0x6DB3, 0x6DB3, 0x75B3, 0x75B3, 0x6DB3, 0x6DB3, 0x75B3, 0x6D92, 0x6D93, 0x6D93, 0x6572, 0x6D93, 0x6D92, 0x6D93, 0x6DB3,
    0x6D92, 0x6DB3, 0x6DB3, 0x6DB3, 0x75B3, 0x6DB3, 0x6DB3, 0x75D4, 0x75D3, 0x6D72, 0x6572, 0x6D72, 0x6D93, 0x6D93, 0x6D93, 0x6DB3,
    0x75D3, 0x6DB3, 0x6D93, 0x6D93, 0x6D92, 0x6DB3, 0x75D3, 0x6DB3, 0x6D92, 0x6572, 0x6592, 0x6D92, 0x6DB3, 0x6DB3, 0x6DB3, 0x6DB3,
    0x8E36, 0x75D4, 0x6DB3, 0x6DB3, 0x6DB3, 0x7DD4, 0x7DF4, 0x6DB3, 0x6D93, 0x6D92, 0x6D93, 0x6DB3, 0x75B3, 0x7DF4, 0x7DF4, 0x6DB3,
    0x7DF4, 0x75D4, 0x75D3, 0x75D3, 0x75B3, 0x75D3, 0x75D3, 0x75B3, 0x6DB3, 0x6D93, 0x6D93, 0x6DB3, 0x7DF5, 0x75B4, 0x6DB3, 0x75D4,
    0x75D4, 0x75B3, 0x6DB3, 0x75B3, 0x75B3, 0x75B3, 0x6DB3, 0x6DB3, 0x6DB3, 0x6DB3, 0x6DB3, 0x6D93, 0x75D4, 0x6D93, 0x6D93, 0x6DB3,
    0x75D4, 0x75D3, 0x75B3, 0x75D3, 0x75D3, 0x75B3, 0x6DB3, 0x6DB3, 0x7DF5, 0x75D4, 0x6DB3, 0x6DB3, 0x6DB3, 0x6DB3, 0x6DB3, 0x75D4,
    0x75B3, 0x75D3, 0x6DB3, 0x6DB3, 0x75D3, 0x6DB3, 0x6DB3, 0x7DF4, 0x9E77, 0x7DD4, 0x6592, 0x6DB3, 0x6D93, 0x6D93, 0x75D3, 0x7DF4,
    0x75D4, 0x75F4, 0x75D3, 0x6DB3, 0x6DB3, 0x75D4, 0x8615, 0x8636, 0x6D93, 0x6D93, 0x6D93, 0x6DB3, 0x6DB3, 0x6DB3, 0x6DB3, 0x6DB3,
    0x6D93, 0x6D93, 0x6D92, 0x6D92, 0x6D92, 0x6DB3, 0x75D3, 0x75D4, 0x6DB3, 0x6DB3, 0x6592, 0x6D92, 0x75B3, 0x6DB3, 0x6D93, 0x6592,
    0x6D92, 0x6D93, 0x6D93, 0x6D92, 0x6DB3, 0x6DB3, 0x6DB3, 0x6DB3, 0x75D4, 0x6DB3, 0x6593, 0x6593, 0x8615, 0x75D3, 0x6D93, 0x6DB3,
    0x6DB3, 0x75D3, 0x75D4, 0x75D4, 0x7E14, 0x75D4, 0x6DB3, 0x6DB3, 0x75D4, 0x6DB3, 0x6DB3, 0x6DB3, 0x7DF4, 0x75D4, 0x75B3, 0x6DB3,
    0x7DF4, 0x75F4, 0x6DD3, 0x6DD3, 0x75D3, 0x75D3, 0x6DB3, 0x6DB3, 0x6DB3, 0x6D93, 0x6D93, 0x6DB3, 0x75D3, 0x7DD4, 0x75D4, 0x6DB3,
    0x8656, 0x75F4, 0x6DD3, 0x6DD3, 0x6DD3, 0x6DB3, 0x75D4, 0x7DF5, 0x75B3, 0x6592, 0x6572, 0x6592, 0x6DB3, 0x7DF4, 0x7DF5, 0x6DD4,
    0x65B3, 0x65B3, 0x6DB3, 0x6DD3, 0x6DB3, 0x6DB3, 0x7DF4, 0x8615, 0x75B3, 0x6592, 0x6592, 0x6DB3, 0x6DB3, 0x6DB3, 0x75D4, 0x85F5
};

const short ground_tile_121[TILE_SIZE * TILE_SIZE] = {
    0x6DB3, 0x6DB3, 0x6DB3, 0x6DB3, 0x6DB3, 0x6DB3, 0x6DB3, 0x6DB3, 0x6D93, 0x6DB3, 0x75D4, 0x7DF5, 0x6D93, 0x6D93, 0x6DB3, 0x6D93,
    0x6DB3, 0x6DB3, 0x6DB3, 0x6D93, 0x6DB3, 0x6DB3, 0x6DB3, 0x6D93, 0x75B3, 0x6DB3, 0x75B3, 0x75D4, 0x6D93, 0x6D92, 0x6D92, 0x6D93,
    0x75D4, 0x75D4, 0x75D4, 0x6DB3, 0x6DB3, 0x6DB3, 0x6DB3, 0x6D92, 0x6DB3, 0x6D93, 0x6DB3, 0x75D4, 0x6DB3, 0x6572, 0x6572, 0x6D93,
    0x6DB3, 0x6DB3, 0x6DB3, 0x6DD3, 0x6DB3, 0x6DB3, 0x6DB3, 0x6DB3, 0x75B3, 0x75B3, 0x75B3, 0x6DB3, 0x6D93, 0x6572, 0x6572, 0x6D93,
    0x6DB3, 0x6DB3, 0x6DB3, 0x75D3, 0x7DF5, 0x7DD4, 0x75D3, 0x75B3, 0x75B3, 0x75D3, 0x75D3, 0x6DB3, 0x6DB3, 0x6DB3, 0x6DB3, 0x6D93,
    0x6DD4, 0x6DD3, 0x75D4, 0x75D4, 0x6DB3, 0x75D4, 0x75D4, 0x75B3, 0x75D3, 0x75D3, 0x6DB3, 0x6D93, 0x6D93, 0x6DB3, 0x6DB3, 0x75B3,
    0x6DD4, 0x75B3, 0x75D4, 0x75F4, 0x75D4, 0x75B3, 0x6D93, 0x75B3, 0x75D3, 0x75B3, 0x6DB3, 0x6DB3, 0x6DB3, 0x6DB3, 0x6D93, 0x6D93,
    0x75D4, 0x75D4, 0x75D3, 0x75D3, 0x7DF4, 0x75D4, 0x75B3, 0x75B3, 0x75D3, 0x75D3, 0x75D4, 0x75D4, 0x6DD3, 0x6D93, 0x6D92, 0x6D93,
    0x75F4, 0x75D3, 0x6DB3, 0x6DB3, 0x8615, 0x8615, 0x7DD4, 0x75D3, 0x75F4, 0x75D4, 0x75F4, 0x8636, 0x8615, 0x6DB3, 0x6592, 0x6DB3,
    0x6DB3, 0x6DB3, 0x6D93, 0x75B3, 0x75F4, 0x75F4, 0x75D4, 0x75D4, 0x75F4, 0x7E15, 0x7DF4, 0x75D3, 0x6D92, 0x6D93, 0x6D93, 0x6592,
    0x6D93, 0x6DB3, 0x75D4, 0x7DF4, 0x75D3, 0x75D4, 0x75D4, 0x75D4, 0x75D3, 0x75D3, 0x75D3, 0x75D3, 0x6DB3, 0x6D93, 0x6D93, 0x6D93,
    0x6DB3, 0x6DB3, 0x6DD3, 0x75D4, 0x75B3, 0x75F4, 0x75F4, 0x6DD4, 0x75F4, 0x6DD3, 0x6DD3, 0x75F4, 0x75D4, 0x6D93, 0x6593, 0x6D93,
    0x75D4, 0x6DB3, 0x6DB3, 0x75F4, 0x8E36, 0x8E36, 0x8615, 0x75F4, 0x7DF4, 0x6DD3, 0x6DB3, 0x6DB3, 0x6DB3, 0x6DB3, 0x6DB3, 0x6DD3,
    0x6DB3, 0x6DB3, 0x75D4, 0x75F4, 0x8616, 0x7DF5, 0x75F4, 0x75D4, 0x75D3, 0x6DB3, 0x6DB3, 0x6DB3, 0x6DB3, 0x6D93, 0x6D93, 0x6DB3,
    0x6DB3, 0x6DB3, 0x6DB3, 0x75D4, 0x8615, 0x7DF4, 0x75D4, 0x75D4, 0x6DB3, 0x6DB3, 0x75D3, 0x7DF4, 0x6DB3, 0x6592, 0x6572, 0x6592,
    0x6DB3, 0x6DB3, 0x6DB3, 0x6D93, 0x6593, 0x6DB3, 0x6DB3, 0x75D3, 0x6DB3, 0x6DD3, 0x7DF4, 0x85F5, 0x6D72, 0x6572, 0x6592, 0x75B3
};

const short ground_tile_122[TILE_SIZE * TILE_SIZE] = {
    0x6DB3, 0x6DB3, 0x6DD3, 0x75D4, 0x6DB3, 0x6DB3, 0x75B3, 0x75D3, 0x6DB3, 0x6DB3, 0x6DB3, 0x6DD3, 0x6DB3, 0x6DB3, 0x75F4, 0x7DF4,
    0x6D93, 0x6D93, 0x6DB3, 0x75D4, 0x6DB3, 0x6DB3, 0x6DB3, 0x6D92, 0x6D92, 0x6DB3, 0x75D3, 0x6DB3, 0x75B3, 0x6DB3, 0x6DB3, 0x75D3,
    0x6DB3, 0x6D93, 0x6D93, 0x75D3, 0x6DB3, 0x75B3, 0x6DB3, 0x6DB3, 0x6DB3, 0x75D3, 0x75B3, 0x6D93, 0x6D93, 0x6D92, 0x6D92, 0x6DB3,
    0x6D93, 0x6D93, 0x6DB3, 0x6DB3, 0x6DB3, 0x6DB3, 0x6DB3, 0x6DB3, 0x75F4, 0x6DD3, 0x6DB3, 0x6DB3, 0x6D93, 0x75B3, 0x75D3, 0x75B3,
    0x7DD4, 0x7DF4, 0x75D3, 0x6D92, 0x6DB3, 0x6DB3, 0x6DB3, 0x6DB3, 0x8E56, 0x7DF4, 0x75B3, 0x75B3, 0x75B3, 0x7DF4, 0x85F4, 0x7DD4,
    0x7DF4, 0x75B3, 0x6DB3, 0x75D4, 0x6DB3, 0x6DB3, 0x6DB3, 0x6DB3, 0x75F4, 0x75F4, 0x75D4, 0x75D4, 0x75B3, 0x75D3, 0x75B3, 0x6DB3,
    0x75B3, 0x6DB3, 0x6DB3, 0x6DB3, 0x6DB3, 0x75B3, 0x75D4, 0x75D4, 0x75F4, 0x75D3, 0x75D3, 0x75B3, 0x6DB3, 0x6DB3, 0x6DB3, 0x6D93,
    0x6D93, 0x6D92, 0x6DB3, 0x75D4, 0x75D3, 0x75D4, 0x75D4, 0x75F4, 0x7DF4, 0x75D4, 0x75B3, 0x75B3, 0x75B3, 0x6DB3, 0x75B3, 0x75D3,
    0x6592, 0x6D92, 0x75B3, 0x7E15, 0x75D3, 0x75D3, 0x75D4, 0x75F4, 0x9657, 0x8615, 0x75D4, 0x6DB3, 0x6DB3, 0x6DB3, 0x75D4, 0x8615,
    0x6D92, 0x6D93, 0x6D93, 0x6D93, 0x6DB3, 0x75D3, 0x6DB3, 0x6592, 0x75F4, 0x75D4, 0x75D4, 0x6DB3, 0x75F4, 0x75F4, 0x7DF5, 0x8E36,
    0x7DD4, 0x75B3, 0x6DB3, 0x6DB3, 0x75B3, 0x6DB3, 0x6DB3, 0x6DB3, 0x6D93, 0x6DB3, 0x6DB3, 0x6DB3, 0x6DB3, 0x6DB3, 0x75D4, 0x7DF4,
    0x6DB3, 0x6D93, 0x6DB3, 0x6DB3, 0x6DB3, 0x6DB3, 0x75D3, 0x75D3, 0x6D92, 0x6D93, 0x6DB3, 0x6DB3, 0x6DB3, 0x6DB3, 0x6DB3, 0x6DB3,
    0x6D92, 0x6D93, 0x6DB3, 0x6DB3, 0x6DB3, 0x75D3, 0x75D4, 0x75D3, 0x75D4, 0x75F4, 0x75D4, 0x6DB3, 0x7DD4, 0x75D3, 0x6DB3, 0x6592,
    0x6DB3, 0x6DB3, 0x6DB3, 0x6DB3, 0x75D3, 0x75D3, 0x6DD3, 0x6DD3, 0x7DF5, 0x75F4, 0x75D4, 0x6DD3, 0x75B3, 0x6DB3, 0x6DB3, 0x6DB3,
    0x6DB3, 0x6DD3, 0x6DB3, 0x6DB3, 0x6DD3, 0x6DD3, 0x6DD3, 0x75F4, 0x9677, 0x7DF5, 0x75D3, 0x75D3, 0x75D3, 0x6DB3, 0x75B3, 0x7DF4,
    0x7DD4, 0x75B3, 0x6DB3, 0x6DB3, 0x6DB3, 0x6DB3, 0x6DB3, 0x6593, 0x7DF4, 0x7DF4, 0x75D4, 0x75D3, 0x6DB3, 0x6DB3, 0x75D4, 0x85F5
};

const short ground_tile_123[TILE_SIZE * TILE_SIZE] = {
    0x75D3, 0x6DB3, 0x6DB3, 0x6D93, 0x6DB3, 0x6DB3, 0x6DB3, 0x6DB3, 0x6D92, 0x6D92, 0x6DB3, 0x6DB3, 0x6D93, 0x6D93, 0x6DB3, 0x6DB3,
    0x6DB3, 0x75B3, 0x6DB3, 0x6D93, 0x6DB3, 0x6DB3, 0x6DB3, 0x75B3, 0x6DB3, 0x6DB3, 0x6DB3, 0x6D93, 0x6DB3, 0x6DB3, 0x6DB3, 0x6DB3,
    0x75B3, 0x6D92, 0x6D92, 0x75D3, 0x6DD3, 0x6DB3, 0x6DB3, 0x75D3, 0x7DF4, 0x7DF4, 0x75D4, 0x6DB3, 0x6DB3, 0x75D4, 0x6DB3, 0x6D92,
    0x6D92, 0x6D92, 0x6592, 0x6D92, 0x6DB3, 0x6DB3, 0x6DB3, 0x6DD3, 0x6DD3, 0x6DB3, 0x6DB3, 0x75D3, 0x6DB3, 0x6DB3, 0x6D93, 0x6D92,
    0x6DB3, 0x6DB3, 0x6DB3, 0x6D92, 0x75D4, 0x7DF4, 0x7DF4, 0x75D3, 0x6DD3, 0x6DD3, 0x6DB3, 0x6DB3, 0x7DF4, 0x75D4, 0x75B3, 0x6DB3,
    0x6D92, 0x6DB3, 0x6DB3, 0x75B3, 0x8E36, 0x7DF4, 0x75D3, 0x75D4, 0x75D4, 0x6DD3, 0x6DB3, 0x6DB3, 0x6D93, 0x6DB3, 0x75B4, 0x7DD4,
    0x6D93, 0x6DB3, 0x6DB3, 0x6DB3, 0x75D4, 0x6DB3, 0x6DB3, 0x6DD3, 0x6DD3, 0x6DD3, 0x75D3, 0x6DD3, 0x6DB3, 0x6DB3, 0x6DB3, 0x75D4,
    0x75D4, 0x75D3, 0x6DB3, 0x6593, 0x6DB3, 0x6DB3, 0x6DB3, 0x75D4, 0x75D3, 0x6DB3, 0x6DB3, 0x6DB3, 0x75D4, 0x75D3, 0x75B3, 0x75B3,
    0x9E77, 0x7DF4, 0x6593, 0x6DB3, 0x6D92, 0x6D92, 0x75D4, 0x8615, 0x7DF4, 0x75D3, 0x6DB3, 0x6592, 0x8E15, 0x8615, 0x75D4, 0x6DB3,
    0x75D3, 0x6DB3, 0x6DB3, 0x6D93, 0x6DB3, 0x6592, 0x6D92, 0x75B3, 0x75D3, 0x6DB3, 0x6DB3, 0x6D92, 0x75D4, 0x75D4, 0x75D4, 0x75D4,
    0x75D4, 0x6D93, 0x6592, 0x6593, 0x6D93, 0x6DB3, 0x6DB3, 0x75B3, 0x6DB3, 0x6D93, 0x6D93, 0x6DB3, 0x6DB3, 0x6DB3, 0x75B3, 0x75D3,
    0x75F4, 0x6DB3, 0x6592, 0x6D93, 0x7DD4, 0x75B3, 0x6DB3, 0x6D93, 0x6D93, 0x6D93, 0x6DB3, 0x6DB3, 0x6DB3, 0x75B3, 0x6DB3, 0x6DB3,
    0x6DB3, 0x6D93, 0x6D93, 0x6DB3, 0x7DF4, 0x75D4, 0x6D93, 0x6592, 0x6D93, 0x6DB3, 0x75B3, 0x75B3, 0x75D4, 0x7DD4, 0x75D4, 0x75B3,
    0x6DB3, 0x6DB3, 0x6DB3, 0x6DB3, 0x75D3, 0x75D3, 0x6DB3, 0x6DB3, 0x6DD3, 0x75D4, 0x75D4, 0x75D3, 0x7DF4, 0x75D4, 0x6DB3, 0x6D93,
    0x6DB3, 0x6DB3, 0x6D93, 0x6592, 0x6DB3, 0x75D3, 0x75D4, 0x6DD3, 0x6DD3, 0x6DD3, 0x6DB3, 0x6DB3, 0x8615, 0x75D4, 0x6DB3, 0x6DB3,
    0x75D4, 0x6DB3, 0x6DB3, 0x75D4, 0x75D3, 0x6DB3, 0x75B3, 0x75D4, 0x6DB3, 0x6DB3, 0x6DB3, 0x6D93, 0x6592, 0x6D92, 0x6DB3, 0x75D3
};

const short ground_tile_124[TILE_SIZE * TILE_SIZE] = {
    0x6DB3, 0x6DB3, 0x75D4, 0x7DF4, 0x6D93, 0x6D93, 0x6D93, 0x6DB3, 0x6DB3, 0x6DB3, 0x6DB3, 0x6DD3, 0x6DB3, 0x6DB3, 0x6DB3, 0x75B3,
    0x75D3, 0x6DB3, 0x75D4, 0x75D4, 0x6DB3, 0x6D93, 0x6D93, 0x6DB3, 0x6DB3, 0x6D93, 0x6D93, 0x75B3, 0x75D3, 0x6DB3, 0x6D93, 0x6572,
    0x6DB3, 0x6DB3, 0x6DD3, 0x7DF4, 0x75D4, 0x6D93, 0x6572, 0x6D93, 0x6DB3, 0x6D92, 0x6D93, 0x75D4, 0x75F4, 0x75D4, 0x75B3, 0x6D93,
    0x6DB3, 0x75D3, 0x75D3, 0x6DB3, 0x75B3, 0x6DB3, 0x6DB3, 0x6D93, 0x6D93, 0x6DB3, 0x6DB3, 0x6DD3, 0x6DD3, 0x6DB3, 0x6DB3, 0x6DB3,
    0x6DB3, 0x7DF4, 0x7DF4, 0x75B3, 0x75B3, 0x6DB3, 0x6DB3, 0x75B3, 0x6DB3, 0x7DF5, 0x7DF4, 0x6DB3, 0x6DB3, 0x6DB3, 0x6DB3, 0x6DD3,
    0x75D4, 0x75D3, 0x75B3, 0x6DB3, 0x6D93, 0x6DB3, 0x6DB3, 0x75B3, 0x7DF4, 0x75D4, 0x6DB3, 0x6DD3, 0x6DB3, 0x6DB3, 0x6DB3, 0x75B3,
    0x75D4, 0x75D3, 0x75B3, 0x6DB3, 0x6DB3, 0x6DB3, 0x6DB3, 0x6D93, 0x75B3, 0x6DB3, 0x6DB3, 0x6DB3, 0x6DB3, 0x75B3, 0x75B3, 0x75D4,
    0x75D3, 0x75D3, 0x75D4, 0x75D3, 0x75D4, 0x6DB3, 0x6D93, 0x6592, 0x6D92, 0x6D92, 0x6DB3, 0x75B3, 0x6DB3, 0x75B3, 0x75B3, 0x75D3,
    0x75D3, 0x75D3, 0x75F4, 0x7DF4, 0x8E36, 0x75B3, 0x6593, 0x6DB3, 0x6D93, 0x6D93, 0x75D4, 0x85F5, 0x75B3, 0x6DB3, 0x6DB3, 0x6DB3,
    0x75F4, 0x7E14, 0x7DF4, 0x7DF4, 0x6DB3, 0x6DB3, 0x6DB3, 0x6DB3, 0x6D93, 0x6592, 0x6572, 0x6D93, 0x6DB3, 0x6DB3, 0x6DB3, 0x6572,
    0x6DB3, 0x6DB3, 0x75D4, 0x75D4, 0x75D3, 0x6DB3, 0x6593, 0x6D93, 0x7DD4, 0x6D93, 0x6572, 0x6572, 0x6D93, 0x6DB3, 0x6DB3, 0x6DB3,
    0x6DB3, 0x6DB3, 0x75D3, 0x75D4, 0x75D4, 0x6DB3, 0x6593, 0x6593, 0x75B3, 0x6D93, 0x6592, 0x6D93, 0x6D93, 0x6DB3, 0x6DB3, 0x75D4,
    0x7DD4, 0x75B3, 0x6DB3, 0x6DB3, 0x6D93, 0x6D92, 0x6DB3, 0x7DD4, 0x7DF4, 0x75B3, 0x6D93, 0x6592, 0x6DB3, 0x75B3, 0x75D4, 0x75F4,
    0x75B3, 0x6DB3, 0x6DB3, 0x6DB3, 0x6D93, 0x6D93, 0x6DB3, 0x6DB3, 0x6DB3, 0x6DB3, 0x6DB3, 0x6593, 0x6DB3, 0x75D3, 0x75D4, 0x75D4,
    0x75D3, 0x6DB3, 0x75D3, 0x7DF4, 0x6DB3, 0x6DB3, 0x6D93, 0x6572, 0x6D93, 0x6DB3, 0x6DB3, 0x6DB3, 0x6DB3, 0x6DB3, 0x6DD3, 0x75D4,
    0x6DB3, 0x75D3, 0x7DF4, 0x8615, 0x75B3, 0x6DB3, 0x6DB3, 0x75B3, 0x6DB3, 0x6DB3, 0x6D93, 0x6DB3, 0x6DB3, 0x6DB3, 0x6DB3, 0x6DB3
};

const short ground_tile_125[TILE_SIZE * TILE_SIZE] = {
    0x6592, 0x6D92, 0x6DB3, 0x75D3, 0x6DB3, 0x6DB3, 0x75D4, 0x7DD4, 0x6DB3, 0x6D93, 0x6592, 0x6572, 0x6DB3, 0x6DB3, 0x6DB3, 0x6DB3,
    0x6592, 0x6DB3, 0x6DB3, 0x6DB3, 0x6D93, 0x6DB3, 0x75D3, 0x7DD4, 0x75B3, 0x6DB3, 0x6D93, 0x6572, 0x6DB3, 0x6DB3, 0x6D93, 0x6D93,
    0x6592, 0x6D92, 0x6D92, 0x6572, 0x6D92, 0x6592, 0x6DB3, 0x7DF4, 0x75B3, 0x6D92, 0x6D72, 0x6D93, 0x6D92, 0x6D92, 0x6D92, 0x6D93,
    0x6DB3, 0x6DB3, 0x6D92, 0x6D92, 0x6D92, 0x6D93, 0x6DB3, 0x6DB3, 0x6D93, 0x6592, 0x6572, 0x6572, 0x6DB3, 0x6DB3, 0x6DB3, 0x65B3,
    0x8635, 0x7DF4, 0x75B3, 0x6DB3, 0x6DB3, 0x75B3, 0x75B3, 0x6DB3, 0x6DB3, 0x6DB3, 0x6D93, 0x6592, 0x7DF4, 0x7DD4, 0x75B3, 0x6DB3,
    0x75D4, 0x75F4, 0x75D4, 0x75D3, 0x75D3, 0x6DB3, 0x6DB3, 0x6D93, 0x6D93, 0x6DB3, 0x6DB3, 0x6DB3, 0x8615, 0x75D4, 0x75B3, 0x75D4,
    0x75F4, 0x75D4, 0x75D3, 0x75D3, 0x75B3, 0x6DB3, 0x6DB3, 0x6DB3, 0x6DB3, 0x6DB3, 0x6DB3, 0x6DB3, 0x75D4, 0x75D4, 0x6DB3, 0x75D3,
    0x7DF4, 0x7DF4, 0x75D4, 0x75F4, 0x75D4, 0x75D3, 0x6DB3, 0x6DB3, 0x75D3, 0x75B3, 0x6DB3, 0x6DB3, 0x75B3, 0x75B3, 0x75D4, 0x75D4,
    0x8E15, 0x8615, 0x7DF4, 0x75D3, 0x75F4, 0x6DD3, 0x6DB3, 0x75D3, 0x8615, 0x7DD4, 0x75D4, 0x7DF4, 0x6DB3, 0x6DB3, 0x75D4, 0x7DD4,
    0x6DB3, 0x75D3, 0x75D3, 0x6DB3, 0x75D4, 0x75D3, 0x7DF4, 0x8E36, 0x75B3, 0x6DB3, 0x6DB3, 0x6DB3, 0x6DB3, 0x6DB3, 0x6DB3, 0x75B3,
    0x6593, 0x6DB3, 0x6DB3, 0x6DB3, 0x6D93, 0x6DB3, 0x75D3, 0x7DF4, 0x75D4, 0x6DB3, 0x6D93, 0x6D93, 0x85F5, 0x75B4, 0x6D93, 0x75B3,
    0x75D4, 0x75B3, 0x6DB3, 0x6D92, 0x6D93, 0x6DB3, 0x6DB3, 0x6DD3, 0x7DF4, 0x75D4, 0x6DB3, 0x6DB3, 0x75B3, 0x6DB3, 0x6D93, 0x6D93,
    0x8E36, 0x8615, 0x7DD4, 0x6D93, 0x75D4, 0x75B3, 0x6DB3, 0x6DB3, 0x6DB3, 0x6D93, 0x75B3, 0x75D4, 0x75B3, 0x7593, 0x6D93, 0x6D92,
    0x7DF4, 0x75D4, 0x6DB3, 0x6DB3, 0x6DB3, 0x75B3, 0x75B3, 0x6DD3, 0x75B3, 0x75B3, 0x75B3, 0x6DB3, 0x6D92, 0x6D93, 0x6D93, 0x6DB3,
    0x8E36, 0x7DF4, 0x6DB3, 0x75D4, 0x75D3, 0x6DB3, 0x75D4, 0x7DF4, 0x75B3, 0x6DB3, 0x6D93, 0x6572, 0x6D93, 0x6DB3, 0x75B3, 0x75D3,
    0x8E36, 0x8615, 0x75D4, 0x6DB3, 0x6DB3, 0x75D3, 0x7DF4, 0x85F5, 0x75B3, 0x6D72, 0x6572, 0x6D93, 0x6DB3, 0x6DB3, 0x75D3, 0x75D4
};

const short ground_tile_126[TILE_SIZE * TILE_SIZE] = {
    0x6DB3, 0x6DB3, 0x6DB3, 0x6DB3, 0x6592, 0x6592, 0x6D93, 0x6DB3, 0x6DB3, 0x6D93, 0x75D4, 0x7DF4, 0x6D93, 0x6D93, 0x6D93, 0x6D93,
    0x6DB3, 0x6D93, 0x6D93, 0x6D93, 0x6592, 0x6D93, 0x6DB3, 0x6DB3, 0x75B3, 0x6DB3, 0x6D93, 0x6D93, 0x6DB3, 0x6DB3, 0x6D93, 0x6D93,
    0x6DB3, 0x75D4, 0x75B3, 0x6D93, 0x6592, 0x6D93, 0x6D93, 0x6D92, 0x75D3, 0x6D93, 0x6D92, 0x6DB3, 0x75D3, 0x6D93, 0x6D72, 0x6D93,
    0x6593, 0x6DB3, 0x6DB3, 0x6DB3, 0x6DB3, 0x6D93, 0x6DB3, 0x6DB3, 0x75B3, 0x75B3, 0x75B3, 0x6DB3, 0x6DB3, 0x6D92, 0x6D72, 0x6D93,
    0x6DB3, 0x6DB3, 0x6DB3, 0x6DB3, 0x7E15, 0x7DF4, 0x75B3, 0x75B3, 0x6DB3, 0x7DF4, 0x7DF4, 0x75D3, 0x6DB3, 0x6D93, 0x6D93, 0x6D93,
    0x6DD3, 0x6DD3, 0x6DB3, 0x75B3, 0x75D4, 0x75D4, 0x75D4, 0x75B3, 0x75B3, 0x75D3, 0x75D3, 0x75B3, 0x6D92, 0x6D92, 0x6D93, 0x75B3,
    0x75D4, 0x75D4, 0x75D4, 0x75D3, 0x75F4, 0x75D3, 0x75B3, 0x75B3, 0x75D3, 0x75D3, 0x75B3, 0x75B3, 0x75D3, 0x6DB3, 0x6D93, 0x6D93,
    0x75D4, 0x75D3, 0x75D3, 0x75D3, 0x7DF4, 0x75F4, 0x75D4, 0x75D3, 0x75D4, 0x75D4, 0x75D4, 0x7DF4, 0x75D4, 0x6DB3, 0x6D93, 0x6D93,
    0x75D4, 0x75D3, 0x75D3, 0x75D3, 0x8615, 0x85F5, 0x7DF4, 0x75D3, 0x7DF4, 0x75F4, 0x8615, 0x9656, 0x7DF4, 0x6D93, 0x6D93, 0x6DB3,
    0x75D3, 0x75D3, 0x75B3, 0x6DB3, 0x75D3, 0x75D4, 0x75D4, 0x75D3, 0x7DF4, 0x7E14, 0x7DF4, 0x75D3, 0x6D93, 0x6DB3, 0x6DB3, 0x6592,
    0x75B3, 0x75B3, 0x75D3, 0x75D4, 0x75D3, 0x75D3, 0x75B3, 0x75B3, 0x6DB3, 0x6DB3, 0x75D3, 0x75D3, 0x6DB3, 0x6D93, 0x6D93, 0x6DB3,
    0x6D93, 0x75B3, 0x75D4, 0x75D4, 0x6DB3, 0x75B3, 0x6DB3, 0x6D92, 0x6D92, 0x6DB3, 0x75D3, 0x75F4, 0x75D3, 0x6DB3, 0x6D93, 0x6D93,
    0x6DB3, 0x75B3, 0x75D4, 0x75D4, 0x75D4, 0x75D4, 0x75B3, 0x6DB3, 0x7DD4, 0x75D3, 0x6DB3, 0x6DB3, 0x6DB3, 0x6D93, 0x6DB3, 0x6DB3,
    0x6DB3, 0x6DB3, 0x75B3, 0x75D4, 0x7DD4, 0x75B3, 0x6D93, 0x6DB3, 0x75B3, 0x6DB3, 0x6DB3, 0x6DB3, 0x6DB3, 0x6D93, 0x6D92, 0x6D93,
    0x6DB3, 0x6DB3, 0x6DB3, 0x6DB3, 0x8635, 0x7DD4, 0x6DB3, 0x6DB3, 0x6DB3, 0x6DB3, 0x75D3, 0x7DF4, 0x6DB3, 0x6D92, 0x6592, 0x6592,
    0x6DB3, 0x6DB3, 0x6DB3, 0x6592, 0x6572, 0x6D93, 0x6DB3, 0x75B3, 0x6D93, 0x6D93, 0x75D4, 0x85F5, 0x6DB3, 0x6DB3, 0x6DB3, 0x75B3
};

const short ground_tile_127[TILE_SIZE * TILE_SIZE] = {
    0x6DB3, 0x6DB3, 0x6DB3, 0x75F4, 0x6DB3, 0x6D93, 0x75B3, 0x75D4, 0x6D92, 0x6D92, 0x6DB3, 0x75B3, 0x6DB3, 0x6DB3, 0x75D4, 0x85F5,
    0x6D93, 0x6DB3, 0x6DB3, 0x6DB3, 0x6DB3, 0x6DB3, 0x6DB3, 0x6D93, 0x6D92, 0x6DB3, 0x6DB3, 0x6DB3, 0x75B3, 0x6DB3, 0x75D4, 0x7DF4,
    0x6DB3, 0x6DB3, 0x6DB3, 0x6DB3, 0x6DB3, 0x75D4, 0x75B3, 0x6DB3, 0x6DB3, 0x6DB3, 0x6D93, 0x6D92, 0x6D93, 0x6DB3, 0x75D4, 0x8615,
    0x75B3, 0x75B3, 0x6DB3, 0x6DB3, 0x6DD3, 0x6DB3, 0x6DB3, 0x6DD3, 0x6DD3, 0x6DB3, 0x6DB3, 0x6DB3, 0x6DB3, 0x6DB3, 0x6DB3, 0x6DD3,
    0x75D4, 0x7DF4, 0x75D4, 0x6DB3, 0x6DB3, 0x6DB3, 0x6DB3, 0x6DB3, 0x8E15, 0x7DF4, 0x75B3, 0x6DB3, 0x6DB3, 0x75B3, 0x75D3, 0x75B3,
    0x75D4, 0x75B3, 0x6DB3, 0x75D4, 0x6DD3, 0x6DB3, 0x6DB3, 0x75D3, 0x7DF4, 0x75D4, 0x75D4, 0x75D3, 0x6DB3, 0x75B3, 0x75B3, 0x75B3,
    0x75B3, 0x6DB3, 0x6DB3, 0x6DB3, 0x6DD3, 0x75D3, 0x75D4, 0x75F4, 0x75F4, 0x75F3, 0x75D3, 0x75B3, 0x75B3, 0x75B3, 0x6DB3, 0x6DB3,
    0x6D93, 0x6DB3, 0x6DD3, 0x75D4, 0x75D4, 0x75D4, 0x75D3, 0x6DD3, 0x7E15, 0x75D4, 0x75D3, 0x75B3, 0x75B3, 0x75B3, 0x75B3, 0x75D3,
    0x6592, 0x6D93, 0x7DF4, 0x8635, 0x75D4, 0x75D3, 0x6DD3, 0x6DB3, 0x9656, 0x8E15, 0x75D4, 0x6DB3, 0x6DB3, 0x6D93, 0x6DB3, 0x7DF5,
    0x6D93, 0x6DB3, 0x6DB3, 0x6DB3, 0x6DB3, 0x75D3, 0x6DB3, 0x6D92, 0x75D4, 0x75F4, 0x75D3, 0x6D93, 0x75D4, 0x6DD3, 0x7DF4, 0x8636,
    0x75D4, 0x75D3, 0x6DB3, 0x6D93, 0x6DB3, 0x6DB3, 0x75B3, 0x75B3, 0x6D93, 0x6DB3, 0x6DB3, 0x6DB3, 0x6DB3, 0x6DB3, 0x75D3, 0x7DF4,
    0x75B3, 0x6DB3, 0x6DB3, 0x6DB3, 0x6D93, 0x75B3, 0x75D4, 0x75D4, 0x6D93, 0x6DB3, 0x6DB3, 0x6DB3, 0x6D93, 0x6DB3, 0x6DB3, 0x6DD3,
    0x75B3, 0x75D4, 0x6DB3, 0x6592, 0x6DB3, 0x75D3, 0x75D4, 0x75D4, 0x6DB3, 0x75D4, 0x75D4, 0x6D93, 0x75D4, 0x75D3, 0x6DB3, 0x6DB3,
    0x6DB3, 0x6DB3, 0x6D93, 0x6592, 0x6DB3, 0x6DD3, 0x75D3, 0x6DD3, 0x6DD3, 0x6DD3, 0x75D3, 0x6DB3, 0x6D93, 0x6DB3, 0x6DB3, 0x6DB3,
    0x6DB3, 0x6DB3, 0x6DB3, 0x6DB3, 0x6DB3, 0x6DB3, 0x6DB3, 0x75D3, 0x75F4, 0x75D4, 0x6DB3, 0x75D4, 0x6DB3, 0x6DB3, 0x75D3, 0x7DF4,
    0x75D3, 0x6DB3, 0x6DB3, 0x6DB3, 0x6DB3, 0x6DB3, 0x6DB3, 0x6DB3, 0x8E56, 0x8615, 0x75D4, 0x75D3, 0x6D93, 0x6DB3, 0x75B3, 0x7DD4
};

const short ground_tile_128[TILE_SIZE * TILE_SIZE] = {
    0x75D4, 0x6DB3, 0x6D93, 0x6DB3, 0x6D93, 0x6DB3, 0x6DB3, 0x6DB3, 0x6D92, 0x6592, 0x6DB3, 0x75D4, 0x6DB3, 0x6593, 0x6DB3, 0x75D3,
    0x75D4, 0x75D4, 0x75B3, 0x6D93, 0x6D93, 0x6DB3, 0x6DB3, 0x6DB3, 0x6D93, 0x6DB3, 0x6D93, 0x6D93, 0x6DB3, 0x6DB3, 0x6DB3, 0x6DB3,
    0x7DF4, 0x6DB3, 0x6D93, 0x6D93, 0x6D93, 0x6D93, 0x6D93, 0x6D93, 0x6DB3, 0x75D3, 0x75D4, 0x6DB3, 0x6DB3, 0x6DB3, 0x6DB3, 0x6D93,
    0x6DB3, 0x6D93, 0x6592, 0x6D93, 0x6DB3, 0x6DB3, 0x6DB3, 0x6DD3, 0x65B3, 0x6DB3, 0x6DB3, 0x6DB3, 0x6D93, 0x6D93, 0x6D93, 0x6DB3,
    0x6DB3, 0x6DB3, 0x6DB3, 0x6DB3, 0x7DF4, 0x7DF4, 0x75D4, 0x75D4, 0x75D4, 0x6DB3, 0x6DB3, 0x6DB3, 0x7DF5, 0x75D4, 0x75B3, 0x75B3,
    0x6DB3, 0x6DB3, 0x6DB3, 0x6DB3, 0x8615, 0x7DF4, 0x75D4, 0x75D4, 0x6DD4, 0x6DD3, 0x6DB3, 0x6DB3, 0x75D4, 0x75D4, 0x75D4, 0x75D4,
    0x6DB3, 0x6DB3, 0x6DB3, 0x6DB3, 0x7DF4, 0x75D4, 0x6DD4, 0x6DD3, 0x6DD3, 0x75D3, 0x75D3, 0x75D3, 0x75D4, 0x75D3, 0x6DB3, 0x75D3,
    0x7DF5, 0x75D4, 0x6DB3, 0x6DB3, 0x6DB3, 0x6DB3, 0x75D3, 0x75D4, 0x75D3, 0x75D3, 0x6DB3, 0x6DB3, 0x75D4, 0x75D4, 0x75D4, 0x75D4,
    0x9E77, 0x7DD4, 0x6D93, 0x75D3, 0x6DB3, 0x6DB3, 0x75D4, 0x7DF4, 0x75D4, 0x6DD3, 0x6D93, 0x6D93, 0x8615, 0x8615, 0x7DF5, 0x6DB3,
    0x75D4, 0x6DB3, 0x6DB3, 0x6DB3, 0x6DB3, 0x6DB3, 0x6DB3, 0x75D3, 0x75D4, 0x6DB3, 0x6DB3, 0x75D3, 0x6DD3, 0x75D4, 0x75D4, 0x6DB3,
    0x6DD4, 0x6DB3, 0x6DB3, 0x6DB3, 0x75B3, 0x6DB3, 0x6D93, 0x6D93, 0x6DB3, 0x75D3, 0x7DF4, 0x8615, 0x6DB3, 0x6DB3, 0x6DB3, 0x6DB3,
    0x75D4, 0x6DB3, 0x6DB3, 0x6DB3, 0x8615, 0x75B3, 0x6D93, 0x6DB3, 0x6DB3, 0x6DB3, 0x6DB3, 0x6DB3, 0x6592, 0x6D93, 0x6D92, 0x6592,
    0x6DB3, 0x6D93, 0x6D93, 0x75D3, 0x8E35, 0x7DF4, 0x75B3, 0x6DB3, 0x75B3, 0x6DB3, 0x6DB3, 0x6DB3, 0x6DB3, 0x75D3, 0x75B3, 0x6DB3,
    0x6DB3, 0x6D93, 0x6D93, 0x6DB3, 0x75B3, 0x75D4, 0x75D4, 0x6DD4, 0x6DD3, 0x75B3, 0x75D4, 0x75D4, 0x7DF4, 0x75B3, 0x6D93, 0x6DB3,
    0x6DB3, 0x6D93, 0x6D92, 0x6592, 0x6DB3, 0x7DF4, 0x7DF5, 0x75D4, 0x6DB3, 0x6DB3, 0x6DB3, 0x75D3, 0x8E36, 0x7DF4, 0x6DB3, 0x6DB3,
    0x75B3, 0x6DB3, 0x6DB3, 0x75D4, 0x75D3, 0x75D3, 0x75D4, 0x75D4, 0x6DB3, 0x6DB3, 0x6DB3, 0x6D93, 0x6D92, 0x6D92, 0x6DB3, 0x6DB3
};

const short ground_tile_129[TILE_SIZE * TILE_SIZE] = {
    0x6DB3, 0x6DD3, 0x75D4, 0x7DF5, 0x6D93, 0x6DB3, 0x6DB3, 0x6DB3, 0x75B3, 0x6DB3, 0x6DB3, 0x6DD3, 0x6DB3, 0x6DB3, 0x75D3, 0x7DF4,
    0x75F4, 0x75D4, 0x6DB3, 0x6DB3, 0x6DB3, 0x6D93, 0x6D93, 0x6D93, 0x6DB3, 0x6DB3, 0x75B3, 0x75D4, 0x6DB3, 0x75B3, 0x75B3, 0x6D93,
    0x6DB3, 0x6DB3, 0x6DB3, 0x75B3, 0x75B3, 0x6D72, 0x6D72, 0x6D73, 0x6DB3, 0x6D93, 0x6DB3, 0x75D4, 0x6DB3, 0x75B4, 0x75D3, 0x6DB3,
    0x6DB3, 0x75B3, 0x75B3, 0x6DB3, 0x6DB3, 0x6D72, 0x6572, 0x6D93, 0x6D93, 0x6DB3, 0x6DB3, 0x6DB3, 0x6DB3, 0x6DB3, 0x75D3, 0x6DD3,
    0x6DB3, 0x75D4, 0x7DD4, 0x75B3, 0x6DB3, 0x6DB3, 0x6DB3, 0x75B3, 0x75D4, 0x7DF5, 0x7DF4, 0x6DB3, 0x6DB3, 0x6DB3, 0x6DB3, 0x6DD3,
    0x75D3, 0x75B3, 0x75B3, 0x6D93, 0x6D93, 0x6D93, 0x75D3, 0x7DF5, 0x85F5, 0x7DD4, 0x75D3, 0x75D3, 0x75D3, 0x6DB3, 0x75B3, 0x75D4,
    0x75D3, 0x75B3, 0x75B3, 0x6DB3, 0x75D3, 0x75D3, 0x75D3, 0x75D4, 0x75D4, 0x6DD3, 0x6DB3, 0x6DB3, 0x6DB3, 0x75D4, 0x7DD4, 0x75D4,
    0x75D4, 0x75D3, 0x75D4, 0x7DF4, 0x75D4, 0x6DB3, 0x6DB3, 0x6DB3, 0x6DB3, 0x6DB3, 0x75D3, 0x75F4, 0x75D4, 0x75D4, 0x75D3, 0x75B3,
    0x75D4, 0x75D4, 0x7DF5, 0x9656, 0x7DF4, 0x75B3, 0x6DB3, 0x6DD3, 0x6DB3, 0x6DB3, 0x7DF4, 0x9656, 0x7DF5, 0x75D4, 0x75D4, 0x7DD4,
    0x75D4, 0x7E14, 0x8615, 0x7DF4, 0x6DB3, 0x6DB3, 0x6DB3, 0x6DB3, 0x6DB3, 0x6DB3, 0x6DB3, 0x6DB3, 0x75D4, 0x75D3, 0x6DB3, 0x6572,
    0x6D93, 0x6DB3, 0x75D3, 0x75D4, 0x75D3, 0x6DB3, 0x6DB3, 0x6DB3, 0x6DB3, 0x75D4, 0x75D4, 0x6DB3, 0x6DD3, 0x6DB3, 0x6DB3, 0x6DB3,
    0x6592, 0x6D93, 0x6DB3, 0x75D3, 0x75D3, 0x6D93, 0x6592, 0x6592, 0x6D93, 0x6DB3, 0x6DB3, 0x6DD3, 0x6DB3, 0x6DB3, 0x75D3, 0x75D3,
    0x7DD4, 0x75D3, 0x6DB3, 0x6DB3, 0x6D93, 0x6592, 0x6D92, 0x6DB3, 0x7DF4, 0x75D4, 0x6DB3, 0x6592, 0x6DB3, 0x75D4, 0x75F4, 0x75D4,
    0x6DB3, 0x6DB3, 0x6DB3, 0x6D93, 0x6D93, 0x6D93, 0x6D93, 0x6D93, 0x75B3, 0x75D3, 0x6DB3, 0x6DB3, 0x75D4, 0x75D4, 0x75D4, 0x6DB3,
    0x6DB3, 0x6D93, 0x6DB3, 0x7DF4, 0x6DB3, 0x6D92, 0x6592, 0x6572, 0x6DB3, 0x6DD3, 0x75D3, 0x6DD3, 0x6DD3, 0x6DD3, 0x6DB3, 0x6DB3,
    0x6DB3, 0x6DB3, 0x75D4, 0x7DF4, 0x6D93, 0x6572, 0x6D93, 0x75D3, 0x75D3, 0x6DB3, 0x6DB3, 0x6DB3, 0x6DB3, 0x6DB3, 0x6DB3, 0x6DB3
};

const short ground_tile_130[TILE_SIZE * TILE_SIZE] = {
    0x6DB3, 0x6DB3, 0x6DB3, 0x75D3, 0x6DB3, 0x75D3, 0x75D4, 0x7DD4, 0x75D3, 0x6D93, 0x6D92, 0x6D93, 0x6D93, 0x6DB3, 0x6DB3, 0x6DB3,
    0x6DB3, 0x6DB3, 0x75D3, 0x75D3, 0x75B3, 0x75B3, 0x75B3, 0x75B3, 0x75B3, 0x75B3, 0x7593, 0x6D92, 0x6D93, 0x6DB3, 0x75B3, 0x75D4,
    0x6DB3, 0x6DB3, 0x75B3, 0x6D93, 0x6D93, 0x6D93, 0x6D93, 0x6DB3, 0x75B3, 0x6D92, 0x6D72, 0x6D92, 0x6DB3, 0x75B3, 0x75D3, 0x75D4,
    0x6DB3, 0x6DB3, 0x6DB3, 0x6DB3, 0x6DB3, 0x75B3, 0x75D3, 0x75B3, 0x6D92, 0x6572, 0x6572, 0x6592, 0x6DB3, 0x6DB3, 0x6DD3, 0x6DD3,
    0x8E35, 0x7DF4, 0x75B3, 0x75B3, 0x6DB3, 0x7DD4, 0x85F4, 0x7DD4, 0x6DB3, 0x6D93, 0x6D92, 0x6DB3, 0x75D3, 0x8615, 0x7DF5, 0x6DB3,
    0x8635, 0x7DF4, 0x75D4, 0x75D3, 0x6DB3, 0x75D3, 0x75B3, 0x6D93, 0x6D93, 0x6D93, 0x6D93, 0x6DB3, 0x8615, 0x7DF4, 0x75B4, 0x6DD3,
    0x7DF4, 0x75D3, 0x6DB3, 0x75D3, 0x75D4, 0x75B3, 0x6DB3, 0x6D93, 0x6DB3, 0x6DB3, 0x6DB3, 0x6DB3, 0x75D4, 0x6DD3, 0x6DB3, 0x6DB3,
    0x75D3, 0x75B3, 0x75B3, 0x75B3, 0x75B3, 0x75B3, 0x75B3, 0x75B3, 0x75D4, 0x75B3, 0x6DB3, 0x6DB3, 0x6DB3, 0x6DB3, 0x6DD3, 0x75D4,
    0x75B3, 0x75D3, 0x75D3, 0x6DB3, 0x6DB3, 0x6DB3, 0x75D3, 0x8615, 0x9656, 0x7DD4, 0x6DB3, 0x75D4, 0x6DB3, 0x6DB3, 0x7DF4, 0x8E36,
    0x75D4, 0x7DF4, 0x75D3, 0x6D93, 0x75F4, 0x75D4, 0x7DF4, 0x8615, 0x6DB3, 0x6DB3, 0x6DB3, 0x6D93, 0x6DB3, 0x6D93, 0x6D93, 0x6D93,
    0x6DB3, 0x6DB3, 0x6DB3, 0x6DB3, 0x6DB3, 0x6DB3, 0x75D3, 0x7DF4, 0x6DB3, 0x6DB3, 0x6593, 0x6D93, 0x85F5, 0x75D4, 0x75B3, 0x75B3,
    0x6D93, 0x6DB3, 0x6DB3, 0x6DB3, 0x6DB3, 0x6DB3, 0x6DB3, 0x6DB3, 0x75D3, 0x6DB3, 0x6D93, 0x6D93, 0x6DB3, 0x6DB3, 0x6DB3, 0x75D4,
    0x6DB3, 0x75D4, 0x75D4, 0x75D3, 0x7DF4, 0x75D4, 0x6DB3, 0x6D93, 0x6DB3, 0x6D93, 0x6D93, 0x75B4, 0x6DB3, 0x6DB3, 0x6DB3, 0x6D93,
    0x6DD3, 0x6DD3, 0x6DD3, 0x75D3, 0x75B3, 0x75B3, 0x75B3, 0x6DB3, 0x75B3, 0x75B3, 0x75B3, 0x75B3, 0x6DB3, 0x75B3, 0x6D93, 0x6D93,
    0x75F4, 0x75D3, 0x6DD3, 0x75D4, 0x6DD3, 0x6DB3, 0x75D4, 0x7DF5, 0x75B4, 0x75B3, 0x6D93, 0x6D93, 0x75B3, 0x75D4, 0x75B3, 0x6DB3,
    0x9656, 0x8615, 0x75F4, 0x75D3, 0x6DB3, 0x6DB3, 0x7DF4, 0x85F5, 0x75D3, 0x6DB3, 0x6DB3, 0x75D4, 0x75D4, 0x75D3, 0x75D4, 0x75D4
};

const short ground_tile_131[TILE_SIZE * TILE_SIZE] = {
    0x6DB3, 0x6DB3, 0x6D93, 0x6D93, 0x6592, 0x6592, 0x6DB3, 0x6DB3, 0x6DB3, 0x6DB3, 0x75D4, 0x7DF4, 0x6D93, 0x6D93, 0x6DB3, 0x6DB3,
    0x7DF4, 0x75B3, 0x6D92, 0x6592, 0x65B3, 0x6DB3, 0x6DB3, 0x75D3, 0x75D4, 0x6DB3, 0x75D3, 0x75D4, 0x6DB3, 0x6DB3, 0x6DB3, 0x6DB3,
    0x7DF4, 0x7DF4, 0x75D3, 0x6D93, 0x6DB3, 0x6DB3, 0x6DB3, 0x6D93, 0x6DB3, 0x6DB3, 0x6DB3, 0x75D3, 0x75D4, 0x6DB3, 0x6D93, 0x6DB3,
    0x6DD3, 0x6DD3, 0x6DD3, 0x6DD3, 0x6DD3, 0x6DB3, 0x6DB3, 0x6DB3, 0x6DB3, 0x6DB3, 0x6DB3, 0x6DB3, 0x6DB3, 0x6DB3, 0x6D93, 0x6D92,
    0x6DB3, 0x6DB3, 0x6DB3, 0x6DB3, 0x8615, 0x7DF4, 0x75D4, 0x75D3, 0x6DB3, 0x75D3, 0x75D4, 0x6DB3, 0x6DB3, 0x6DD3, 0x6DB3, 0x6DB3,
    0x6DD3, 0x6DB3, 0x6DB3, 0x75B3, 0x75D4, 0x7DD4, 0x75D4, 0x75B3, 0x75D3, 0x75D4, 0x75D3, 0x6DB3, 0x6DB3, 0x6DB3, 0x75D3, 0x7DF4,
    0x6DB3, 0x75D4, 0x75D4, 0x75D4, 0x75D4, 0x75B3, 0x75B3, 0x75B3, 0x75D4, 0x75D4, 0x75D3, 0x6DD3, 0x6DD3, 0x75D4, 0x75D4, 0x75D3,
    0x75D3, 0x75B3, 0x75B3, 0x75B3, 0x75D4, 0x75B3, 0x6D93, 0x75B3, 0x75D4, 0x75D4, 0x75D4, 0x75D4, 0x7E15, 0x75D4, 0x6DB3, 0x6DB3,
    0x7DD4, 0x75D3, 0x75B3, 0x75B3, 0x7DD4, 0x75B3, 0x6D93, 0x6D93, 0x75D4, 0x6DB3, 0x6DD3, 0x7DF5, 0x9E97, 0x7DD4, 0x6D93, 0x75D3,
    0x6DB3, 0x75D3, 0x6DB3, 0x6D93, 0x75D4, 0x75D4, 0x75D4, 0x75D3, 0x6DB3, 0x75F4, 0x7DF5, 0x7DF4, 0x75D4, 0x75D3, 0x6DB3, 0x6DB3,
    0x6DB3, 0x6DB3, 0x6DB3, 0x75D4, 0x8636, 0x7DF5, 0x75B3, 0x6D92, 0x6DB3, 0x75B3, 0x75D3, 0x75D4, 0x75D3, 0x6DB3, 0x6DB3, 0x6DB3,
    0x75B3, 0x75D3, 0x75D4, 0x75D4, 0x75D4, 0x75B3, 0x6D93, 0x6572, 0x6D93, 0x6DB3, 0x75B3, 0x75D3, 0x75D3, 0x6DB3, 0x6DB3, 0x75D4,
    0x6DB3, 0x7DF4, 0x7DD4, 0x75B3, 0x6D93, 0x6D93, 0x6D93, 0x6D92, 0x75B3, 0x75D3, 0x6DD3, 0x6DB3, 0x6D93, 0x6D93, 0x6DB3, 0x75D4,
    0x6DD3, 0x75D4, 0x75D4, 0x6DB3, 0x75D4, 0x75D3, 0x6DB3, 0x6DB3, 0x75D3, 0x75D4, 0x75B3, 0x6DB3, 0x6DB3, 0x6D93, 0x6D93, 0x75B3,
    0x6DB3, 0x6DB3, 0x6DB3, 0x75B4, 0x9E77, 0x8615, 0x75D4, 0x75D3, 0x6DD3, 0x6DB3, 0x75D4, 0x7DF4, 0x6DB3, 0x6D93, 0x6D92, 0x6D93,
    0x6DB3, 0x6DB3, 0x6DB3, 0x6DB3, 0x7E15, 0x75F4, 0x75D3, 0x75D4, 0x6DB3, 0x75D4, 0x7DF5, 0x8615, 0x6D93, 0x6592, 0x6D93, 0x75B3
};

const short ground_tile_132[TILE_SIZE * TILE_SIZE] = {
    0x6DB3, 0x6DB3, 0x6DD3, 0x6DD3, 0x75D3, 0x6DB3, 0x75D3, 0x75F4, 0x6D92, 0x6592, 0x6DB3, 0x6DB3, 0x6D93, 0x6DB3, 0x75D4, 0x7DF4,
    0x6DB3, 0x6DB3, 0x75D3, 0x75D4, 0x75D4, 0x75D4, 0x6DB3, 0x6D92, 0x6DB3, 0x6DB3, 0x6DD3, 0x75D3, 0x75B3, 0x6DB3, 0x6DB3, 0x6DB3,
    0x6DB3, 0x6DB3, 0x75B3, 0x75D4, 0x7DF4, 0x7DF4, 0x75D4, 0x6DB3, 0x65B3, 0x6DB3, 0x6DB3, 0x6D93, 0x75B3, 0x6DB3, 0x6D93, 0x6D93,
    0x6DB3, 0x75D3, 0x75D4, 0x6DD3, 0x6DD4, 0x75D4, 0x75D3, 0x75D3, 0x6DD3, 0x6DB3, 0x6DB3, 0x6DD3, 0x75D3, 0x75D4, 0x75D4, 0x75D3,
    0x75D4, 0x7DF5, 0x7DF4, 0x6DD3, 0x75D4, 0x75D3, 0x6DD3, 0x75D3, 0x8635, 0x7DF4, 0x75D4, 0x75D3, 0x75B3, 0x7DF4, 0x8615, 0x85F4,
    0x7DF5, 0x75D4, 0x6DD3, 0x75D4, 0x75F4, 0x6DD3, 0x75D4, 0x75F4, 0x7E15, 0x7DF4, 0x75F4, 0x75D4, 0x75D3, 0x75D3, 0x75D3, 0x75B3,
    0x75D4, 0x6DD3, 0x6DB3, 0x6DD3, 0x75F4, 0x75D4, 0x75F4, 0x7E15, 0x75F4, 0x75F4, 0x75D3, 0x75D3, 0x75D3, 0x75D3, 0x75B3, 0x6DB3,
    0x6DB3, 0x6DB3, 0x6DB3, 0x6DD3, 0x75D3, 0x75D3, 0x75D4, 0x75D4, 0x7E14, 0x75F4, 0x75D4, 0x75D4, 0x75D4, 0x75D3, 0x75D3, 0x75D4,
    0x6D93, 0x75B3, 0x75D4, 0x75D4, 0x75B3, 0x6DB3, 0x6DB3, 0x6DB3, 0x8E36, 0x8615, 0x7DF4, 0x6DD3, 0x75D3, 0x6DD3, 0x75D4, 0x7DF4,
    0x6DB3, 0x6DB3, 0x6DB3, 0x6DB3, 0x75D4, 0x7DD4, 0x7DD4, 0x6DB3, 0x6DB3, 0x6DB3, 0x6DB3, 0x6D93, 0x75F4, 0x7DF4, 0x75F4, 0x75B3,
    0x75D4, 0x75B3, 0x6DB3, 0x6DB3, 0x6DB3, 0x75B3, 0x75D4, 0x75B3, 0x6D93, 0x6DB3, 0x6DB3, 0x6DB3, 0x6DB3, 0x6DB3, 0x75D4, 0x7DF4,
    0x8E15, 0x7DD4, 0x6DB3, 0x6DB3, 0x6DB3, 0x6DB3, 0x6DB3, 0x6DB3, 0x6592, 0x6DB3, 0x6DB3, 0x6DB3, 0x6DB3, 0x6DB3, 0x75D3, 0x75F4,
    0x9656, 0x8615, 0x75B3, 0x6DB3, 0x75B3, 0x75D3, 0x75D3, 0x6DB3, 0x6D93, 0x75D4, 0x75D4, 0x75D3, 0x7DF4, 0x75D4, 0x6DB3, 0x6DD3,
    0x75D3, 0x75B3, 0x6DB3, 0x6D93, 0x75B3, 0x75D4, 0x75D3, 0x6DB3, 0x75D4, 0x75D4, 0x75D3, 0x75D3, 0x75B3, 0x75B3, 0x6DB3, 0x6DB3,
    0x6DB3, 0x75B3, 0x75D3, 0x75B3, 0x6DB3, 0x6DD3, 0x6DD3, 0x75D4, 0x8E56, 0x7E15, 0x75D4, 0x75D4, 0x75D3, 0x6DD3, 0x75D4, 0x7DF5,
    0x75D4, 0x75D3, 0x6DB3, 0x6DB3, 0x6DB3, 0x6DB3, 0x6DB3, 0x75D4, 0x9677, 0x8635, 0x75D4, 0x6DB3, 0x6DB3, 0x75D3, 0x7DF4, 0x8615
};

const short ground_tile_133[TILE_SIZE * TILE_SIZE] = {
    0x75B3, 0x6D93, 0x6D93, 0x6D93, 0x6DB3, 0x6DB3, 0x6DB3, 0x65B3, 0x6592, 0x6DB3, 0x75D3, 0x75D4, 0x6DB3, 0x6DB3, 0x6DD3, 0x75D4,
    0x6DB3, 0x6DB3, 0x6DB3, 0x6D93, 0x6DB3, 0x6DB3, 0x6D93, 0x6D93, 0x6DB3, 0x6DB3, 0x6DB3, 0x6D93, 0x6DB3, 0x6DB3, 0x6DB3, 0x75D3,
    0x75D3, 0x6D92, 0x6D92, 0x75B3, 0x6DB3, 0x6D93, 0x6DB3, 0x6DB3, 0x75D4, 0x75D4, 0x75B3, 0x6DB3, 0x6592, 0x6DB3, 0x75B3, 0x6DB3,
    0x6DB3, 0x6D92, 0x6592, 0x6DB3, 0x75D3, 0x6DB3, 0x6DB3, 0x6DB3, 0x6DB3, 0x6DB3, 0x6DB3, 0x6DB3, 0x6DB3, 0x6DB3, 0x6DB3, 0x6DD3,
    0x75B3, 0x6DB3, 0x6D93, 0x6DB3, 0x85F5, 0x7DF4, 0x75D3, 0x6DB3, 0x6DD3, 0x6DD3, 0x6DB3, 0x6DB3, 0x8635, 0x7DF4, 0x75D4, 0x75D3,
    0x6DB3, 0x6D93, 0x6DB3, 0x7DF4, 0x7DF5, 0x75D4, 0x6DB3, 0x75D4, 0x6DD3, 0x6DD3, 0x6DD4, 0x75D4, 0x7DF4, 0x75D4, 0x75B3, 0x75B3,
    0x75D3, 0x75B3, 0x6DB3, 0x6DB3, 0x75D4, 0x6DB3, 0x6DB3, 0x6DB3, 0x6DB3, 0x75D4, 0x75F4, 0x75D4, 0x75D3, 0x6DB3, 0x6D92, 0x6DB3,
    0x7DF4, 0x75B3, 0x6DB3, 0x6DB3, 0x6DB3, 0x6DB3, 0x6DD3, 0x75D4, 0x75D4, 0x75D3, 0x6DB3, 0x6D93, 0x6DB3, 0x6DB3, 0x6DB3, 0x75D3,
    0x8E15, 0x75B3, 0x6D93, 0x75D4, 0x6DB3, 0x6DB3, 0x75F4, 0x8615, 0x7DF4, 0x75D4, 0x6DB3, 0x6D92, 0x6D93, 0x75B3, 0x75B3, 0x6DB3,
    0x6DB3, 0x6DB3, 0x6DB3, 0x6DB3, 0x6DD3, 0x6DB3, 0x6DB3, 0x6DB3, 0x75D3, 0x75D3, 0x6DB3, 0x6D93, 0x75F4, 0x75F4, 0x75D4, 0x6DB3,
    0x75D4, 0x6DB3, 0x6593, 0x6D93, 0x8615, 0x75F4, 0x75B3, 0x75D4, 0x6DB3, 0x6DB3, 0x6DB3, 0x75B3, 0x6DB3, 0x6DB3, 0x6DB3, 0x6DB3,
    0x75F4, 0x6DB3, 0x6D93, 0x6D93, 0x75D4, 0x6DB3, 0x6DB3, 0x75D4, 0x6DB3, 0x75B3, 0x75B3, 0x6DB3, 0x6592, 0x6D93, 0x6D93, 0x6592,
    0x75D4, 0x6DB3, 0x6DB3, 0x6DB3, 0x6DD3, 0x75D3, 0x6DB3, 0x6DB3, 0x75B3, 0x75D3, 0x75B3, 0x6DB3, 0x6D93, 0x75D3, 0x75D3, 0x6DB3,
    0x75B3, 0x75B3, 0x6DB3, 0x6DB3, 0x6DB3, 0x6DB3, 0x6DD3, 0x6DB3, 0x75D4, 0x75D4, 0x75D4, 0x75D4, 0x7DF5, 0x75D4, 0x6DB3, 0x6D93,
    0x75D4, 0x6DB3, 0x6D93, 0x6D93, 0x6DB3, 0x75D4, 0x75D4, 0x6DD3, 0x6DD3, 0x6DB3, 0x6DB3, 0x75F4, 0x9677, 0x7E15, 0x6DB3, 0x6DB3,
    0x75D4, 0x6D93, 0x6DB3, 0x7DF4, 0x7DF4, 0x75D4, 0x75D4, 0x7DD4, 0x75D3, 0x6DB3, 0x6DB3, 0x6D93, 0x6DB3, 0x6DB3, 0x6DB3, 0x75B3
};

const short ground_tile_134[TILE_SIZE * TILE_SIZE] = {
    0x6DB3, 0x75D4, 0x7DF4, 0x85F5, 0x6DB3, 0x6DB3, 0x6DB3, 0x6D93, 0x6DB3, 0x6DB3, 0x6DB3, 0x6DD3, 0x6DB3, 0x6DB3, 0x75B3, 0x75D3,
    0x75D4, 0x75D4, 0x75D4, 0x75D4, 0x75B3, 0x6DB3, 0x6D93, 0x6593, 0x6DB3, 0x6DB3, 0x6DB3, 0x6DB3, 0x6DD3, 0x6DB3, 0x6DB3, 0x6D92,
    0x75F4, 0x75D3, 0x6DB3, 0x75D3, 0x75B3, 0x6D93, 0x6D72, 0x6D93, 0x6DB3, 0x6D93, 0x6DB3, 0x6DD3, 0x75F4, 0x75D4, 0x6DB3, 0x6D93,
    0x75D3, 0x75D4, 0x75B3, 0x6DB3, 0x6DB3, 0x6D93, 0x6D92, 0x6D93, 0x6D93, 0x6DB3, 0x6DB3, 0x6DB3, 0x6DD3, 0x6DB3, 0x6DB3, 0x6DB3,
    0x6DB3, 0x75D4, 0x75D4, 0x75B3, 0x6DB3, 0x6DB3, 0x6DB3, 0x6DB3, 0x75D4, 0x7DF4, 0x75F4, 0x6DB3, 0x6DB3, 0x6DB3, 0x6DB3, 0x6DB3,
    0x6DB3, 0x75D3, 0x75D4, 0x75B3, 0x6D93, 0x6D93, 0x6DB3, 0x75D4, 0x7DF5, 0x75D4, 0x6DD3, 0x6DD3, 0x6DD3, 0x6DD3, 0x6DB3, 0x6DB3,
    0x75D3, 0x75D3, 0x75B3, 0x6DB3, 0x6DB3, 0x6DB3, 0x6DB3, 0x6DB3, 0x75D4, 0x6DD3, 0x6DD3, 0x6DD3, 0x6DD4, 0x75D4, 0x75D4, 0x75D4,
    0x75D4, 0x75D4, 0x6DD3, 0x6DB3, 0x75D4, 0x75B3, 0x6DB3, 0x6DB3, 0x6DB3, 0x6DB3, 0x75D4, 0x75F4, 0x75D4, 0x75D4, 0x75D4, 0x75B3,
    0x75F4, 0x6DD3, 0x6DB3, 0x75D4, 0x8E36, 0x7DD4, 0x6DB3, 0x6DD3, 0x6D93, 0x6DB3, 0x7DF4, 0x8E36, 0x7DF4, 0x75D4, 0x6DB3, 0x75B3,
    0x6DD3, 0x6DD3, 0x75D4, 0x7DF4, 0x6DB3, 0x6DB3, 0x6DB3, 0x6592, 0x65B3, 0x6DB3, 0x6D93, 0x6D93, 0x75B3, 0x75D4, 0x75D3, 0x6DB3,
    0x6DB3, 0x6DB3, 0x75D4, 0x7DF4, 0x6DD4, 0x6DB3, 0x6592, 0x6593, 0x75D4, 0x7DD4, 0x75D4, 0x6D93, 0x6DB3, 0x6DB3, 0x6DB3, 0x6DD3,
    0x6DB3, 0x6DB3, 0x6DB3, 0x6DB3, 0x75D4, 0x6DB3, 0x6592, 0x6572, 0x6D93, 0x6D93, 0x6D93, 0x6DB3, 0x6DB3, 0x6DB3, 0x6DB3, 0x6DB3,
    0x75D3, 0x6DB3, 0x6592, 0x6592, 0x6D93, 0x6572, 0x6D93, 0x75D3, 0x6D93, 0x6D92, 0x6592, 0x6D93, 0x6DB3, 0x75D3, 0x6DB3, 0x6DB3,
    0x6DB3, 0x6DB3, 0x6DB3, 0x6D93, 0x6D92, 0x6D72, 0x6572, 0x6D93, 0x6593, 0x6D93, 0x6D93, 0x6DB3, 0x6DB3, 0x6DB3, 0x6DB3, 0x6DB3,
    0x6D93, 0x6DB3, 0x75B3, 0x75D4, 0x6592, 0x6572, 0x6572, 0x6572, 0x6D93, 0x75B3, 0x75D3, 0x6DB3, 0x6DB3, 0x6DB3, 0x6DB3, 0x6DB3,
    0x6DB3, 0x6DB3, 0x75D4, 0x85D4, 0x6592, 0x6D92, 0x6DB3, 0x75D3, 0x75B3, 0x75B3, 0x6DB3, 0x6592, 0x6D93, 0x6DB3, 0x6D93, 0x6DB3
};

const short ground_tile_135[TILE_SIZE * TILE_SIZE] = {
    0x6D93, 0x6D93, 0x6DB3, 0x75B3, 0x6D93, 0x6DB3, 0x75D4, 0x7DF4, 0x75B3, 0x6D93, 0x6D92, 0x6D93, 0x6DB3, 0x6DB3, 0x6DB3, 0x6DB3,
    0x6592, 0x6DB3, 0x6DB3, 0x6DB3, 0x6DB3, 0x6DB3, 0x75B3, 0x7DD4, 0x75D4, 0x6DB3, 0x6D92, 0x6D92, 0x6D93, 0x6DB3, 0x75B3, 0x75D4,
    0x65B3, 0x6DB3, 0x6D93, 0x6D92, 0x6DB3, 0x6D93, 0x6DB3, 0x7DF4, 0x75F4, 0x6D93, 0x6572, 0x6D72, 0x6D92, 0x6D93, 0x6D93, 0x6DB3,
    0x6DB3, 0x6DB3, 0x6DB3, 0x6DB3, 0x75B3, 0x75D3, 0x75D3, 0x6DB3, 0x6DB3, 0x6D92, 0x6572, 0x6D92, 0x75B3, 0x75B3, 0x6DB3, 0x6DD3,
    0x8E35, 0x7DF4, 0x6DB3, 0x6DB3, 0x75B3, 0x7DD4, 0x7DD4, 0x75B3, 0x6DB3, 0x6DB3, 0x6DB3, 0x6DB3, 0x85F5, 0x7DF4, 0x75D4, 0x65B3,
    0x8615, 0x75D4, 0x75B3, 0x75D3, 0x75B3, 0x75D3, 0x75D3, 0x6DB3, 0x6D92, 0x6DB3, 0x6DB3, 0x75D4, 0x8636, 0x7DF4, 0x6DB3, 0x6DD4,
    0x75D4, 0x6DB3, 0x6DB3, 0x75B3, 0x75B3, 0x75D4, 0x75D3, 0x6DB3, 0x6DB3, 0x75B3, 0x6DB3, 0x6DD3, 0x75F4, 0x75D4, 0x6DB3, 0x6DB3,
    0x6DB3, 0x6DB3, 0x75B3, 0x75D4, 0x75B3, 0x6DB3, 0x6DB3, 0x75D3, 0x7DF5, 0x75D4, 0x6DB3, 0x6DB3, 0x6DB3, 0x6DB3, 0x75D3, 0x75D4,
    0x6DB3, 0x75B3, 0x75B3, 0x6DB3, 0x6D93, 0x6D92, 0x6DB3, 0x85F5, 0x9E57, 0x7DF4, 0x6D93, 0x6D93, 0x75B3, 0x6D93, 0x75B3, 0x7DF4,
    0x6DD4, 0x75D4, 0x75B3, 0x6DB3, 0x75D4, 0x75D3, 0x7DF4, 0x8E36, 0x75D3, 0x75B3, 0x75B3, 0x6DB3, 0x75B3, 0x75B3, 0x75B3, 0x6DB3,
    0x6DD3, 0x6DB3, 0x6DB3, 0x6DB3, 0x6DB3, 0x6DB3, 0x6DB3, 0x75D3, 0x6DB3, 0x6DB3, 0x6DB3, 0x75B3, 0x75D4, 0x75B3, 0x6D93, 0x6D93,
    0x75D4, 0x75D4, 0x6DB3, 0x6DB3, 0x6DB3, 0x6DB3, 0x6DB3, 0x6DB3, 0x75D3, 0x6DB3, 0x6DB3, 0x75D4, 0x8E15, 0x75D4, 0x6DB3, 0x75B3,
    0x75D4, 0x7DD4, 0x75D4, 0x6DB3, 0x75D4, 0x6DB3, 0x6DB3, 0x6DB3, 0x6DB3, 0x6DB3, 0x6DB3, 0x75D4, 0x9656, 0x7DF4, 0x6DB3, 0x75D3,
    0x75D4, 0x75D3, 0x6DB3, 0x6DB3, 0x6DB3, 0x6DB3, 0x6DB3, 0x6DB3, 0x75B3, 0x6DB3, 0x6DB3, 0x6DB3, 0x75D4, 0x75D4, 0x75D4, 0x6DD3,
    0x8E56, 0x7E15, 0x75D4, 0x75D3, 0x6DD3, 0x6DB3, 0x75D4, 0x7DF4, 0x75D4, 0x75D4, 0x6DB3, 0x6593, 0x6DB3, 0x7DF4, 0x7DF4, 0x75D4,
    0x9677, 0x8636, 0x75F4, 0x6DD3, 0x6DB3, 0x75D3, 0x7DF4, 0x8E15, 0x75D4, 0x6DB3, 0x6DB3, 0x75D4, 0x75D3, 0x75D3, 0x75D4, 0x7DD4
};

const short ground_tile_136[TILE_SIZE * TILE_SIZE] = {
    0x6DB3, 0x6DB3, 0x6DB3, 0x75B3, 0x6DB3, 0x6DB3, 0x6DB3, 0x6DB3, 0x6DB3, 0x6DB3, 0x75D4, 0x7DF4, 0x6DB3, 0x6DB3, 0x6D93, 0x6D93,
    0x75D3, 0x6DB3, 0x6D93, 0x6D92, 0x6D93, 0x6DB3, 0x6DB3, 0x6DB3, 0x75D4, 0x75D3, 0x75B3, 0x75B3, 0x6D93, 0x6D93, 0x6D93, 0x6D93,
    0x75F4, 0x7DD4, 0x75B3, 0x6D93, 0x6592, 0x6DB3, 0x75D3, 0x75B3, 0x75D3, 0x6DB3, 0x6DB3, 0x75D3, 0x6DB3, 0x6572, 0x6572, 0x6D93,
    0x6DB3, 0x6DB3, 0x75D3, 0x75D3, 0x6DD3, 0x6DB3, 0x6DB3, 0x6DB3, 0x6DB3, 0x75D4, 0x75D3, 0x6DB3, 0x6D92, 0x6D93, 0x6D93, 0x6D93,
    0x6DB3, 0x6DD3, 0x6DD3, 0x75D4, 0x8635, 0x7DF4, 0x75D3, 0x6DB3, 0x6DB3, 0x7DD4, 0x7DD4, 0x75B3, 0x6D93, 0x75B3, 0x75D3, 0x75D3,
    0x6DD4, 0x6DB3, 0x6DB3, 0x75D3, 0x75D4, 0x75F4, 0x75F4, 0x75D4, 0x75B3, 0x75D3, 0x75D3, 0x75B3, 0x6D93, 0x6D93, 0x6D93, 0x75B3,
    0x6DD4, 0x6DD3, 0x6DB3, 0x6DD3, 0x75D4, 0x75D4, 0x75D3, 0x75B3, 0x75B3, 0x75D3, 0x75B3, 0x6DB3, 0x6DB3, 0x6DB3, 0x6D93, 0x6DB3,
    0x75D4, 0x75D3, 0x6DB3, 0x6DB3, 0x75D4, 0x75D4, 0x75D4, 0x75D3, 0x75D3, 0x75D4, 0x75D4, 0x75D4, 0x75D4, 0x75B3, 0x6D93, 0x6593,
    0x75D4, 0x6DB3, 0x6DB3, 0x6D93, 0x8615, 0x8615, 0x7DF4, 0x75B3, 0x75F4, 0x75D3, 0x75F4, 0x8615, 0x85F5, 0x75B3, 0x6D93, 0x6DB3,
    0x75B3, 0x75B3, 0x75B3, 0x75D4, 0x75D4, 0x75D3, 0x75D3, 0x75B3, 0x75F4, 0x75F4, 0x75F4, 0x75D4, 0x6DB3, 0x6DB3, 0x6DB3, 0x6DD3,
    0x6DB3, 0x6DB3, 0x75D4, 0x7DD4, 0x6DB3, 0x6DB3, 0x75B3, 0x75B3, 0x6DD3, 0x6DD3, 0x75D4, 0x7DF4, 0x75D4, 0x6DB3, 0x6DB3, 0x6DB3,
    0x6DB3, 0x6DB3, 0x6DB3, 0x6DB3, 0x75D4, 0x75D4, 0x75B3, 0x6DB3, 0x75D3, 0x75D3, 0x6DD3, 0x6DB3, 0x75D4, 0x6DB3, 0x6DB3, 0x6DB3,
    0x75B3, 0x75B3, 0x6DB3, 0x75D4, 0x7DF5, 0x7DF5, 0x7DD4, 0x6DB3, 0x75B3, 0x75B3, 0x6D93, 0x6D93, 0x6D93, 0x6D93, 0x6DD3, 0x7E15,
    0x6DB3, 0x6DB3, 0x75D4, 0x75D4, 0x7DF5, 0x75D4, 0x6DB3, 0x6D92, 0x6D93, 0x6D93, 0x6DB3, 0x6DB3, 0x75B3, 0x6DB3, 0x6DB3, 0x6DB3,
    0x6DD3, 0x6DB3, 0x6DB3, 0x75D4, 0x8E56, 0x7DF4, 0x6DB3, 0x6DB3, 0x6DB3, 0x6D93, 0x75B3, 0x7DF4, 0x75D4, 0x6DB3, 0x6592, 0x6593,
    0x6DD3, 0x6DD3, 0x6DD3, 0x6DB3, 0x6D93, 0x6D93, 0x6DB3, 0x75B3, 0x6DB3, 0x6DB3, 0x75D4, 0x7DF4, 0x6DB3, 0x6DB3, 0x6DB3, 0x6DB3
};

const short ground_tile_137[TILE_SIZE * TILE_SIZE] = {
    0x6DB3, 0x6DB3, 0x6DB3, 0x6DD3, 0x6DD3, 0x6DB3, 0x6DB3, 0x75D3, 0x6D93, 0x6D93, 0x6DB3, 0x75D4, 0x6DB3, 0x6DB3, 0x75D4, 0x7DF4,
    0x6D93, 0x6DB3, 0x6DB3, 0x75D4, 0x75D3, 0x6DB3, 0x6D93, 0x6D92, 0x6D93, 0x6DB3, 0x75B3, 0x75B3, 0x75B3, 0x75B3, 0x6DB3, 0x6DB3,
    0x6DB3, 0x6DB3, 0x75B3, 0x75F4, 0x75D4, 0x75D4, 0x75B3, 0x6DB3, 0x6D92, 0x6DB3, 0x75B3, 0x6D93, 0x6D93, 0x6D92, 0x6D92, 0x6DB3,
    0x6DB3, 0x75D3, 0x75D4, 0x6DD3, 0x6DB3, 0x6DD3, 0x6DB3, 0x6DB3, 0x6DB3, 0x6DB3, 0x6DB3, 0x75B3, 0x6D93, 0x75B3, 0x75D3, 0x75B3,
    0x75D4, 0x8615, 0x7DF4, 0x6593, 0x6DB3, 0x6DB3, 0x6DB3, 0x6D93, 0x8615, 0x7DD4, 0x75B3, 0x75B3, 0x75B3, 0x7DF4, 0x7DF4, 0x7DF4,
    0x85F5, 0x7DF4, 0x75D3, 0x6DB3, 0x6DD3, 0x6DB3, 0x6D93, 0x6D92, 0x75B3, 0x75B3, 0x75B3, 0x75B3, 0x75B3, 0x75D4, 0x75D3, 0x6DB3,
    0x75D4, 0x6DB3, 0x6DB3, 0x6DB3, 0x6DB3, 0x75B3, 0x75B3, 0x75B3, 0x6D93, 0x6D93, 0x6D93, 0x75B3, 0x75B3, 0x75D3, 0x6DB3, 0x6DB3,
    0x6DB3, 0x6DB3, 0x6DB3, 0x75D3, 0x75D3, 0x75D3, 0x75B3, 0x6DB3, 0x75D4, 0x75D4, 0x75B3, 0x75D3, 0x75D3, 0x75D3, 0x75D3, 0x75D3,
    0x6D92, 0x6DB3, 0x75D3, 0x7DF4, 0x75D4, 0x75D4, 0x6DB3, 0x6D93, 0x8E15, 0x8E15, 0x7DD4, 0x75B3, 0x75D4, 0x75B3, 0x75D4, 0x8615,
    0x6DB3, 0x6DB3, 0x6DB3, 0x6DB3, 0x6DB3, 0x75D3, 0x75B3, 0x6D93, 0x6DB3, 0x75B3, 0x6DB3, 0x6DB3, 0x7DF4, 0x75F4, 0x7DF4, 0x7DF4,
    0x7DD4, 0x6DB3, 0x6DB3, 0x6DB3, 0x6DB3, 0x6DB3, 0x6DB3, 0x75B3, 0x6DB3, 0x6D93, 0x6DB3, 0x6D93, 0x6D93, 0x6DB3, 0x75D3, 0x7DF4,
    0x7DD4, 0x6DB3, 0x6DB3, 0x6DB3, 0x6D93, 0x6DB3, 0x75D3, 0x75B3, 0x6D92, 0x6D93, 0x6DB3, 0x6D92, 0x6DB3, 0x6DB3, 0x6DB3, 0x75D3,
    0x8E35, 0x75F4, 0x6DB3, 0x6592, 0x6DB3, 0x75D3, 0x75D4, 0x6DB3, 0x6D93, 0x75D4, 0x75D4, 0x6DB3, 0x75D4, 0x75B3, 0x6DB3, 0x6593,
    0x75D4, 0x75D4, 0x6DB3, 0x6DB3, 0x6DB3, 0x75D3, 0x6DD3, 0x6DD3, 0x75F4, 0x75D4, 0x6DB3, 0x6DB3, 0x6DB3, 0x6DB3, 0x6DB3, 0x6DB3,
    0x6DB3, 0x75F4, 0x75D4, 0x6DB3, 0x6DB3, 0x6DB3, 0x6DB3, 0x75D4, 0x9E97, 0x8615, 0x6DD3, 0x75D3, 0x6DD3, 0x6DB3, 0x75B3, 0x7DF4,
    0x6DD3, 0x6DB3, 0x6DB3, 0x6DB3, 0x6DB3, 0x6DB3, 0x6D93, 0x6DB3, 0x8E56, 0x7E15, 0x75D4, 0x75D3, 0x6DB3, 0x6DB3, 0x75D4, 0x85F4
};

const short ground_tile_138[TILE_SIZE * TILE_SIZE] = {
    0x75B3, 0x6DB3, 0x6DB3, 0x6D93, 0x6DB3, 0x6DB3, 0x6DB3, 0x6DB3, 0x6DB3, 0x6D92, 0x6DB3, 0x75D3, 0x6DB3, 0x6D93, 0x6D93, 0x6DB3,
    0x75B3, 0x75B3, 0x75B3, 0x6D93, 0x75B3, 0x75B3, 0x75B3, 0x75D3, 0x75D3, 0x75B3, 0x6D93, 0x6D93, 0x6DB3, 0x6DB3, 0x6DB3, 0x6DB3,
    0x75D4, 0x6D93, 0x6572, 0x6D93, 0x6DB3, 0x6DB3, 0x75B3, 0x75F4, 0x7DF4, 0x75D3, 0x6DB3, 0x6DB3, 0x6DB3, 0x6DB3, 0x6DB3, 0x6D92,
    0x6D93, 0x6D92, 0x6592, 0x6572, 0x6D93, 0x75D4, 0x75D4, 0x6DD3, 0x6DD3, 0x6DD3, 0x6DB3, 0x6DB3, 0x6DD3, 0x6DB3, 0x6D93, 0x6D92,
    0x6DB3, 0x6D92, 0x6D92, 0x6572, 0x75B3, 0x85F5, 0x85F5, 0x75B3, 0x6DB3, 0x6DB3, 0x6DB3, 0x75D3, 0x8615, 0x7DF4, 0x75D3, 0x6DB3,
    0x6592, 0x6D92, 0x6D92, 0x6DB3, 0x85F5, 0x7DD4, 0x75B4, 0x6DB3, 0x6DB3, 0x6DB3, 0x75D3, 0x75D4, 0x75D4, 0x75D4, 0x75D4, 0x75D3,
    0x6D92, 0x6DB3, 0x6DB3, 0x6D93, 0x75D4, 0x75B3, 0x6DB3, 0x6DB3, 0x6DB3, 0x6DB3, 0x75D3, 0x75D3, 0x75B3, 0x75B3, 0x75B3, 0x75D3,
    0x75D3, 0x6DB3, 0x6D93, 0x6DB3, 0x6DB3, 0x6DB3, 0x6DB3, 0x75D3, 0x75B3, 0x75B3, 0x6DB3, 0x6D92, 0x6DB3, 0x75D3, 0x75D4, 0x75D4,
    0x9656, 0x75D4, 0x6DB3, 0x75D3, 0x6D93, 0x6DB3, 0x7DD4, 0x85F5, 0x75B3, 0x6DB3, 0x6D92, 0x6592, 0x75D4, 0x8E16, 0x8615, 0x6DB3,
    0x75D3, 0x6DB3, 0x6DB3, 0x6DB3, 0x6DB3, 0x6592, 0x6572, 0x6D93, 0x6DB3, 0x6DB3, 0x6DB3, 0x75D4, 0x7DF4, 0x7DF5, 0x75D4, 0x6DB3,
    0x75D3, 0x6DB3, 0x6D93, 0x6DB3, 0x75D4, 0x6D93, 0x6D92, 0x6D92, 0x6D93, 0x6DB3, 0x75D4, 0x7DF4, 0x6DB3, 0x75B3, 0x75B3, 0x6DB3,
    0x75D3, 0x6DB3, 0x6593, 0x6D93, 0x7DF4, 0x75B4, 0x6D93, 0x6D93, 0x6D93, 0x6DB3, 0x6DB3, 0x75D3, 0x6DB3, 0x6DB3, 0x6DB3, 0x6D93,
    0x6DB3, 0x6DB3, 0x6D93, 0x6D93, 0x85F5, 0x75D4, 0x6D93, 0x6D93, 0x6DB3, 0x75B3, 0x75B3, 0x6DD3, 0x75D4, 0x7DF4, 0x75D4, 0x75B3,
    0x6DB3, 0x6D93, 0x6D93, 0x6DB3, 0x75B3, 0x75B3, 0x6DB3, 0x6DB3, 0x6DB3, 0x75D4, 0x75D4, 0x6DB3, 0x6DD3, 0x6DB3, 0x6D93, 0x6D92,
    0x6DB3, 0x6D93, 0x6D93, 0x6D93, 0x6D93, 0x75D3, 0x75D4, 0x6DD3, 0x6DB3, 0x6DB3, 0x6DB3, 0x6DB3, 0x8615, 0x75D4, 0x6D93, 0x6D92,
    0x75D4, 0x6DB3, 0x6DB3, 0x75F4, 0x6DB3, 0x6DB3, 0x75B3, 0x75B3, 0x6DB3, 0x6DB3, 0x6DB3, 0x75D4, 0x8636, 0x7DF5, 0x6DB3, 0x6592
};

const short ground_tile_139[TILE_SIZE * TILE_SIZE] = {
    0x6D93, 0x6DB3, 0x75B3, 0x75B4, 0x6D93, 0x6592, 0x6592, 0x6D93, 0x6DB3, 0x6DB3, 0x6D93, 0x6DB3, 0x6DB3, 0x6D93, 0x75D3, 0x8635,
    0x75B3, 0x6DB3, 0x6D93, 0x6D93, 0x6DB3, 0x6D93, 0x6D72, 0x6D72, 0x6D93, 0x6DB3, 0x6DB3, 0x6DB3, 0x75B3, 0x6DB3, 0x6D93, 0x6D93,
    0x6DB3, 0x6DB3, 0x6DB3, 0x75B3, 0x6DB3, 0x6572, 0x6572, 0x6572, 0x6DB3, 0x6D93, 0x6DB3, 0x75D4, 0x7DF4, 0x75D4, 0x6DB3, 0x6DB3,
    0x6DB3, 0x75D4, 0x75D4, 0x6DB3, 0x6DB3, 0x6592, 0x6592, 0x6D93, 0x6D93, 0x6DB3, 0x6DB3, 0x6DB3, 0x6DD3, 0x6DD4, 0x6DD4, 0x6DD3,
    0x6DB3, 0x7DF4, 0x7DF5, 0x75D4, 0x6DB3, 0x6DB3, 0x6DD3, 0x6DD3, 0x75D3, 0x7DF5, 0x7DF4, 0x6DB3, 0x6DB3, 0x75D4, 0x75D4, 0x6DD3,
    0x6DD3, 0x75D3, 0x75D4, 0x75D4, 0x6D93, 0x6DB3, 0x6DB3, 0x75D4, 0x8615, 0x75D4, 0x6DB3, 0x6DD3, 0x6DD3, 0x6DD3, 0x75D4, 0x75F4,
    0x7DF4, 0x75D4, 0x6DD3, 0x6DB3, 0x6DB3, 0x6DB3, 0x6DB3, 0x6DB3, 0x75D4, 0x6DD3, 0x6DB3, 0x6DB3, 0x75D4, 0x75D4, 0x75D4, 0x75D4,
    0x7DF4, 0x75D4, 0x6DD3, 0x6DD3, 0x7DF4, 0x75B3, 0x6DB3, 0x6DB3, 0x6DB3, 0x6DB3, 0x6DB3, 0x75D3, 0x75D4, 0x75D3, 0x75D3, 0x75D3,
    0x75F4, 0x6DB3, 0x6D92, 0x75D4, 0x9E76, 0x7DF4, 0x6DB3, 0x6DD3, 0x6D92, 0x6D93, 0x75D3, 0x7DF4, 0x75D4, 0x75D4, 0x75D3, 0x75F3,
    0x75D4, 0x75D3, 0x75D3, 0x7DD4, 0x75B3, 0x6DB3, 0x6DB3, 0x6DB3, 0x6592, 0x6D93, 0x6DB3, 0x6DB3, 0x6DB3, 0x75D3, 0x6DB3, 0x6572,
    0x6D93, 0x6DB3, 0x75D3, 0x7DF4, 0x75D3, 0x6DB3, 0x6D93, 0x6D93, 0x6DB3, 0x6DB3, 0x6DB3, 0x6DB3, 0x6DB3, 0x6D93, 0x6D93, 0x75B3,
    0x6D93, 0x6DB3, 0x6DB3, 0x6DB3, 0x75D3, 0x6D93, 0x6593, 0x6DB3, 0x8E15, 0x7DD4, 0x6DB3, 0x6DB3, 0x6D93, 0x6D93, 0x6D93, 0x75B3,
    0x7DD4, 0x75B3, 0x6D93, 0x6D92, 0x6D93, 0x6D93, 0x6DB3, 0x75B4, 0x7DF4, 0x75D4, 0x6DB3, 0x6D93, 0x75D3, 0x75B3, 0x75B3, 0x6D93,
    0x6D72, 0x6D92, 0x6D93, 0x6DB3, 0x75B3, 0x6DB3, 0x6DB3, 0x6DB3, 0x75B3, 0x6DB3, 0x6DB3, 0x6DB3, 0x75D4, 0x75B3, 0x75B3, 0x75B3,
    0x6572, 0x6572, 0x75B3, 0x7DD4, 0x75B4, 0x6DB3, 0x6DB3, 0x6D93, 0x6DD3, 0x75D4, 0x75D4, 0x75D3, 0x6DB3, 0x6DB3, 0x75B3, 0x75D4,
    0x6572, 0x6D93, 0x75B3, 0x7DD4, 0x6DB3, 0x6572, 0x6D93, 0x75D4, 0x75B3, 0x75B3, 0x75B3, 0x6DB3, 0x6DB3, 0x6DB3, 0x6DB3, 0x6DB3
};

const short ground_tile_140[TILE_SIZE * TILE_SIZE] = {
    0x65B2, 0x65B3, 0x6DB3, 0x6592, 0x6DB3, 0x75B3, 0x75D4, 0x75D4, 0x75B3, 0x6D93, 0x6D93, 0x6D93, 0x6D93, 0x6592, 0x6D93, 0x75B3,
    0x65B2, 0x7E14, 0x7DF4, 0x6593, 0x6DB3, 0x6DB3, 0x6DB3, 0x75B3, 0x75B3, 0x6D93, 0x6D92, 0x6D93, 0x6592, 0x6D93, 0x6DB3, 0x75D4,
    0x6D92, 0x6DB3, 0x6DB3, 0x6DB3, 0x6DB3, 0x75B3, 0x75B3, 0x6D93, 0x6D93, 0x6D93, 0x6572, 0x6572, 0x6D93, 0x6DB3, 0x6DB3, 0x6DB3,
    0x6DB3, 0x6DB2, 0x6DB3, 0x6DB3, 0x6D93, 0x7DD4, 0x7DF4, 0x7DB4, 0x75D3, 0x6DB3, 0x6592, 0x6592, 0x75B3, 0x7DD4, 0x75B3, 0x6592,
    0x75D3, 0x75B3, 0x75B3, 0x75D3, 0x6DB3, 0x75B3, 0x75B3, 0x75B3, 0x6DB3, 0x6D93, 0x6D93, 0x75B3, 0x7DF4, 0x75B3, 0x6DB3, 0x6DB3,
    0x75D3, 0x75B3, 0x75B3, 0x75D4, 0x75D4, 0x75B3, 0x6DB3, 0x6DB3, 0x6D93, 0x6D93, 0x6DB3, 0x75B3, 0x7DD4, 0x75D3, 0x6DB3, 0x75D4,
    0x7E14, 0x7DF4, 0x75D4, 0x75D3, 0x75B3, 0x75B3, 0x6DB3, 0x6DB3, 0x75B3, 0x6DB3, 0x6DB3, 0x75D4, 0x75B3, 0x75B3, 0x6DB3, 0x75B3,
    0x9E97, 0x8E35, 0x7DD4, 0x6DB3, 0x6DB3, 0x6DB3, 0x6DB3, 0x75D4, 0x7DB4, 0x75D4, 0x75D4, 0x75F4, 0x75D4, 0x75B3, 0x6DB3, 0x6DB3,
    0x75D4, 0x75D4, 0x75B3, 0x6DB3, 0x6DB3, 0x6DB3, 0x6DB3, 0x75B3, 0x7593, 0x75D3, 0x75B3, 0x6592, 0x75D3, 0x75D4, 0x75D4, 0x6DB3,
    0x6DB3, 0x6DB3, 0x6DB3, 0x75B3, 0x75D4, 0x75D4, 0x75D4, 0x75B3, 0x75B3, 0x6DB3, 0x6DB3, 0x6DB3, 0x85F5, 0x75D4, 0x6DB3, 0x6DB3,
    0x6DB3, 0x6DB3, 0x6DB3, 0x6DB3, 0x75D4, 0x7DF4, 0x75D4, 0x6DB3, 0x75D3, 0x75D3, 0x6DD3, 0x6DD3, 0x75D4, 0x6DB3, 0x6D92, 0x6592,
    0x75D3, 0x75B3, 0x6DB3, 0x6DB3, 0x7DF4, 0x75D4, 0x6DB3, 0x6DB3, 0x75D3, 0x75D4, 0x75B3, 0x6DB3, 0x6D93, 0x6D92, 0x6D93, 0x6DB3,
    0x8636, 0x7DF5, 0x6DD3, 0x6DB3, 0x6DB3, 0x6DB3, 0x6DB3, 0x75B3, 0x6DB3, 0x6DB3, 0x6DB3, 0x6DB3, 0x6DB3, 0x75D4, 0x75D4, 0x6D92,
    0x9677, 0x7E15, 0x6DD3, 0x6DB3, 0x6DB3, 0x6DB3, 0x75D4, 0x7DD4, 0x75B3, 0x6D93, 0x6D93, 0x6D93, 0x6D93, 0x8615, 0x7DF5, 0x6572,
    0x6DD3, 0x6DD3, 0x75B3, 0x75B3, 0x6D93, 0x6DB3, 0x75D4, 0x7DD4, 0x6D93, 0x6D93, 0x6D93, 0x6D93, 0x6DB3, 0x6D93, 0x6D93, 0x6592,
    0x6592, 0x6DB3, 0x75D3, 0x75B3, 0x75B3, 0x6DB3, 0x75B3, 0x7DD4, 0x6DB3, 0x6D93, 0x6D93, 0x6D92, 0x6D93, 0x6D93, 0x6DB3, 0x75B3
};

const short ground_tile_141[TILE_SIZE * TILE_SIZE] = {
    0x6DB3, 0x6DB3, 0x6D93, 0x6D93, 0x6592, 0x6D92, 0x6DB3, 0x6DB3, 0x75D3, 0x75B3, 0x75D3, 0x75D4, 0x6572, 0x6D92, 0x6D93, 0x6D92,
    0x75B3, 0x6DB3, 0x6D93, 0x6592, 0x65B2, 0x6DB3, 0x6D93, 0x6D93, 0x6DB3, 0x6D92, 0x6D93, 0x75D4, 0x75B3, 0x6D93, 0x6D92, 0x6D93,
    0x6DB3, 0x6D93, 0x6592, 0x6DB3, 0x75D3, 0x6DB3, 0x6D93, 0x6D93, 0x6D93, 0x6D93, 0x6DB3, 0x6DB3, 0x6DB3, 0x6D93, 0x6DB3, 0x6DB3,
    0x6DB3, 0x6DB3, 0x6DB3, 0x6DB3, 0x8615, 0x7DF4, 0x75B3, 0x6D93, 0x6D92, 0x6DB3, 0x6DB3, 0x6DB3, 0x6DB3, 0x6DB3, 0x6DB3, 0x6D93,
    0x6DB3, 0x6DB3, 0x6DB3, 0x6DB3, 0x7DF4, 0x75D4, 0x6DB3, 0x6D92, 0x6D93, 0x6D92, 0x6DB3, 0x75D3, 0x6DB3, 0x75B3, 0x6DB3, 0x6D93,
    0x75B3, 0x75B3, 0x75D3, 0x75D4, 0x75B3, 0x75B3, 0x6DB3, 0x6DB3, 0x75B3, 0x6DB3, 0x6DB3, 0x6DB3, 0x75B3, 0x6DB3, 0x6D93, 0x6D93,
    0x75B3, 0x75B3, 0x75D3, 0x75D4, 0x7DF4, 0x75D4, 0x75B3, 0x75B3, 0x75B3, 0x6DB3, 0x6D93, 0x6DB3, 0x75D4, 0x6D93, 0x6D92, 0x6572,
    0x75D3, 0x75B3, 0x6DB3, 0x75D4, 0x8E36, 0x85F5, 0x75D4, 0x75B3, 0x7DD4, 0x6DB3, 0x6DB3, 0x7DF4, 0x8E15, 0x7DD4, 0x6D93, 0x6D93,
    0x6DB3, 0x6DB3, 0x6DB3, 0x6DB3, 0x6DB3, 0x6DB3, 0x6D93, 0x6D92, 0x6D93, 0x6DB3, 0x75B3, 0x75D3, 0x6D93, 0x6DB3, 0x6DB3, 0x6DB3,
    0x6DB3, 0x6DB3, 0x6DB3, 0x6DB3, 0x6DB3, 0x6DB3, 0x6DB3, 0x6D93, 0x6DB3, 0x6DB3, 0x6DB3, 0x6DB3, 0x6D93, 0x6DB3, 0x6D93, 0x6D93,
    0x6D93, 0x6DB3, 0x6DB3, 0x6D93, 0x75D3, 0x6DB3, 0x6DB3, 0x6DB3, 0x75B3, 0x75B3, 0x75B3, 0x6DB3, 0x6DB3, 0x6DB3, 0x6DB3, 0x6DB3,
    0x6DB3, 0x75B3, 0x75B3, 0x6DB3, 0x75F4, 0x75D3, 0x6DB3, 0x75B3, 0x6D93, 0x6DB3, 0x6DB3, 0x6592, 0x6DB3, 0x6DB3, 0x75D4, 0x7DF5,
    0x6D93, 0x6DB3, 0x6DB3, 0x6DB3, 0x8615, 0x75D4, 0x6DB3, 0x6D93, 0x6D93, 0x6DB3, 0x6DB3, 0x6DB3, 0x6DB3, 0x6593, 0x6D93, 0x75B3,
    0x6592, 0x6DB3, 0x6DB3, 0x6DB3, 0x8615, 0x75D4, 0x6DB3, 0x6DB3, 0x6D92, 0x6D92, 0x6DB3, 0x75D4, 0x6DB3, 0x6593, 0x6593, 0x6593,
    0x6592, 0x6592, 0x6D93, 0x75B3, 0x6D92, 0x6592, 0x6D92, 0x6DB3, 0x6D92, 0x6DB2, 0x6DB3, 0x75D4, 0x6593, 0x6D93, 0x6DB3, 0x6DB3,
    0x6DB3, 0x75D3, 0x75D3, 0x6D93, 0x6592, 0x6D93, 0x6D93, 0x6D93, 0x6DB3, 0x6DB3, 0x6DB3, 0x75D4, 0x75D4, 0x6DB3, 0x6D93, 0x6D93
};

const short ground_tile_142[TILE_SIZE * TILE_SIZE] = {
    0x75B3, 0x6D93, 0x6D93, 0x6D93, 0x6DB3, 0x6DB3, 0x6DB3, 0x6592, 0x6592, 0x6DB3, 0x6DB3, 0x6D93, 0x6D93, 0x6D93, 0x6DB3, 0x75B3,
    0x7593, 0x6D93, 0x6D93, 0x6D93, 0x6D93, 0x6DB3, 0x6DB3, 0x6D92, 0x6592, 0x6DB3, 0x6DB3, 0x6D93, 0x6D92, 0x6572, 0x6592, 0x6DB3,
    0x6D93, 0x6DB3, 0x6DB3, 0x6592, 0x6592, 0x6D92, 0x6D92, 0x6DB3, 0x6592, 0x6D93, 0x6D93, 0x6D92, 0x6D92, 0x6D93, 0x6DB3, 0x6DB3,
    0x75B3, 0x85F5, 0x7DD4, 0x6D92, 0x6592, 0x6D92, 0x6D93, 0x6D93, 0x6D93, 0x6D93, 0x6D93, 0x6D93, 0x6D93, 0x75B3, 0x75B3, 0x75B3,
    0x7DD4, 0x75B3, 0x6D93, 0x6DB3, 0x6592, 0x6D93, 0x6D93, 0x6D92, 0x75B3, 0x75B3, 0x6DB3, 0x75D3, 0x6DB3, 0x75B3, 0x75B3, 0x75B3,
    0x75B3, 0x6DB3, 0x6D93, 0x6D93, 0x6D93, 0x6DB3, 0x75B3, 0x75D3, 0x75D3, 0x75D3, 0x75B3, 0x75B3, 0x75D4, 0x6DB3, 0x6D92, 0x6592,
    0x6D92, 0x6D93, 0x6D93, 0x6D93, 0x6D93, 0x6D93, 0x6DB3, 0x75D3, 0x8615, 0x7DF4, 0x75D4, 0x75D3, 0x75B3, 0x6DB3, 0x6DB3, 0x6DB3,
    0x6572, 0x75B3, 0x75B3, 0x6D72, 0x6D93, 0x75B3, 0x75B3, 0x75B4, 0x9E77, 0x8E56, 0x7DF4, 0x6DB3, 0x6DB3, 0x6592, 0x6DB3, 0x7DF4,
    0x6D93, 0x6D93, 0x6D93, 0x6D93, 0x6DB3, 0x6DB3, 0x6D93, 0x6DB3, 0x6DB4, 0x75D4, 0x75D3, 0x6DB3, 0x6DB3, 0x6DB3, 0x75F4, 0x8635,
    0x75B3, 0x6DB3, 0x6D93, 0x6D92, 0x6D93, 0x6D93, 0x6D93, 0x6D93, 0x6DB3, 0x6DB3, 0x6DB3, 0x6DB3, 0x6DD3, 0x6DD3, 0x6DD3, 0x75F4,
    0x6DB3, 0x6D93, 0x6D92, 0x6D93, 0x6D93, 0x6D93, 0x6D93, 0x6D93, 0x75B3, 0x6DB3, 0x6D92, 0x6DB3, 0x6DB3, 0x6DD3, 0x6DD3, 0x6DD3,
    0x75B3, 0x6DB3, 0x6DB3, 0x75B3, 0x6D93, 0x6DB3, 0x6DB3, 0x6DB3, 0x6DB3, 0x6DB3, 0x6DB3, 0x6DB3, 0x75D3, 0x6DB3, 0x6D93, 0x6DB3,
    0x7DD4, 0x7DD4, 0x75D4, 0x6DB3, 0x75B3, 0x6DB3, 0x6DB3, 0x6DD3, 0x8615, 0x75D4, 0x6DB3, 0x6DB3, 0x6DB3, 0x6DB3, 0x6DB3, 0x6DB3,
    0x75D4, 0x7DF5, 0x7DF4, 0x6DB3, 0x6DB3, 0x6DB3, 0x6DB3, 0x6DB3, 0x8635, 0x75F4, 0x6DB3, 0x6DB3, 0x6DB3, 0x6DB3, 0x75D3, 0x7DD4,
    0x6DB3, 0x6DB3, 0x6DB3, 0x6DB3, 0x6DB3, 0x6DB3, 0x75B3, 0x75D4, 0x6DB3, 0x6DB3, 0x6DB3, 0x6DB3, 0x6D93, 0x6DB3, 0x75D4, 0x7DD4,
    0x6D93, 0x6D93, 0x6D93, 0x75B3, 0x6DB3, 0x6D93, 0x6D93, 0x6D93, 0x6D93, 0x6DB3, 0x75D3, 0x75D3, 0x75B3, 0x6DB3, 0x6DB3, 0x75B3
};

const short ground_tile_143[TILE_SIZE * TILE_SIZE] = {
    0x75D3, 0x75B3, 0x6DB3, 0x6D93, 0x6D92, 0x6D92, 0x6DB3, 0x75B3, 0x6D93, 0x6DB3, 0x6DB3, 0x6D93, 0x6592, 0x6D93, 0x6DB3, 0x6DB3,
    0x75D3, 0x6D93, 0x6D92, 0x6592, 0x6D92, 0x6DB3, 0x6DB3, 0x6D92, 0x6D93, 0x75D4, 0x6DB3, 0x6592, 0x6DB3, 0x6DB3, 0x6DB3, 0x6D93,
    0x6DB3, 0x6D93, 0x6D92, 0x6592, 0x6592, 0x6D93, 0x6DB3, 0x6DD3, 0x6DB3, 0x6592, 0x6D92, 0x6DB3, 0x75D3, 0x6DB3, 0x6DB3, 0x6DB3,
    0x75B3, 0x6DB3, 0x6592, 0x6592, 0x6DB3, 0x7DD4, 0x7DD4, 0x6DB3, 0x6DB3, 0x6DB3, 0x6592, 0x6DB3, 0x8615, 0x7DF4, 0x75B3, 0x6D93,
    0x6DB3, 0x6D92, 0x6592, 0x6D92, 0x8615, 0x75D4, 0x75B3, 0x6DB3, 0x6DB3, 0x6DB3, 0x6DB3, 0x6D93, 0x75B4, 0x75B4, 0x75B3, 0x6D93,
    0x6D92, 0x6D93, 0x6D93, 0x6DB3, 0x75F4, 0x6DB3, 0x6DB3, 0x75D4, 0x75D3, 0x75B3, 0x75B3, 0x75B3, 0x6DB3, 0x6DB3, 0x6D93, 0x6D93,
    0x75B3, 0x6DB3, 0x6DB3, 0x6DD3, 0x6DB3, 0x6DB3, 0x6DB3, 0x75B3, 0x75B3, 0x75B3, 0x75B3, 0x75B3, 0x7DF4, 0x75D4, 0x75B3, 0x75B3,
    0x8635, 0x75D4, 0x6DD3, 0x75F4, 0x6DB3, 0x6DB3, 0x6D93, 0x6D93, 0x6DB3, 0x75D4, 0x75D4, 0x75D4, 0x8E36, 0x7DF5, 0x75D4, 0x75B3,
    0x75D3, 0x75D3, 0x6DD3, 0x6DB3, 0x6DB3, 0x6D93, 0x6D93, 0x6DB3, 0x6DB3, 0x6DB3, 0x75B3, 0x7DF4, 0x6DD4, 0x6DD4, 0x6DB3, 0x6D92,
    0x75D4, 0x6DD3, 0x6DB3, 0x6DB3, 0x6DB3, 0x6DB3, 0x6DB3, 0x6D93, 0x6D93, 0x6D93, 0x6DB3, 0x75D4, 0x6DB3, 0x6DB3, 0x6DB3, 0x6DB3,
    0x6DD4, 0x6DB3, 0x6593, 0x6592, 0x7DD4, 0x75D3, 0x6D93, 0x6D92, 0x6DB3, 0x6DB3, 0x6DB3, 0x6DB3, 0x6DB3, 0x6DB3, 0x6DB3, 0x6DB3,
    0x6DD3, 0x6DB3, 0x6DB3, 0x6DB3, 0x75D3, 0x75B3, 0x6DB3, 0x6D93, 0x6D93, 0x6D93, 0x6DB3, 0x6D93, 0x6DB3, 0x6DB3, 0x6DB3, 0x75D4,
    0x6DB3, 0x6D93, 0x6DB3, 0x6DB3, 0x6DD3, 0x7DF4, 0x7DD4, 0x6DB3, 0x75B3, 0x6DB3, 0x6DB3, 0x6DB3, 0x7DF5, 0x75D4, 0x6DB3, 0x6DB3,
    0x6D93, 0x6D93, 0x6593, 0x6DB3, 0x6DB3, 0x7E15, 0x7DF5, 0x6DB3, 0x6DB3, 0x6DB3, 0x6DB3, 0x6DB3, 0x7E15, 0x7DF4, 0x75D3, 0x6DD3,
    0x6D93, 0x6592, 0x6592, 0x6DB3, 0x6DB3, 0x6DB3, 0x6DB3, 0x6DB3, 0x6D93, 0x6D93, 0x6DB3, 0x75B3, 0x6D92, 0x6D92, 0x6DB3, 0x75D3,
    0x6DB3, 0x75D3, 0x75B3, 0x75B3, 0x6DB3, 0x6DB3, 0x6DB3, 0x75D3, 0x75B3, 0x75B3, 0x6DB3, 0x6D92, 0x6592, 0x6DB3, 0x6DB3, 0x6DB3
};

const short ground_tile_144[TILE_SIZE * TILE_SIZE] = {
    0x6DB3, 0x6DB3, 0x75D4, 0x7DF4, 0x6DB3, 0x6D92, 0x6D92, 0x6D93, 0x6D93, 0x6D93, 0x6D93, 0x6D93, 0x6D93, 0x6DB3, 0x6D93, 0x6D92,
    0x6DB3, 0x6592, 0x75D3, 0x8635, 0x75D3, 0x6572, 0x6572, 0x6DB3, 0x6DB3, 0x6D93, 0x6DB3, 0x6DB3, 0x6D93, 0x75B3, 0x75B3, 0x6D93,
    0x6DB3, 0x6DB3, 0x6DB3, 0x6DB3, 0x6D92, 0x6D93, 0x6D93, 0x6D93, 0x6D93, 0x6D93, 0x6D93, 0x6592, 0x6592, 0x6D92, 0x6D93, 0x6DB3,
    0x6D93, 0x75B3, 0x75B3, 0x6DB3, 0x75B3, 0x6DB3, 0x6DB3, 0x6DB3, 0x75D4, 0x7DD4, 0x75B4, 0x6572, 0x6D92, 0x6D93, 0x6DB3, 0x6DB3,
    0x6DB3, 0x6DB3, 0x6DB3, 0x75B3, 0x6DB3, 0x6DB3, 0x6DB3, 0x75D4, 0x8615, 0x75D4, 0x6D93, 0x6D93, 0x6D92, 0x6DB3, 0x75B3, 0x6D93,
    0x6D93, 0x6D93, 0x6D93, 0x6DB3, 0x75B3, 0x75B3, 0x75B3, 0x75B3, 0x75D3, 0x6D93, 0x6D92, 0x6D93, 0x7593, 0x75B3, 0x75B3, 0x75D4,
    0x75B3, 0x6DB3, 0x6DB3, 0x6DB3, 0x7DD4, 0x75D4, 0x75D3, 0x6DB3, 0x6DB3, 0x6DB3, 0x6D93, 0x6D93, 0x6D93, 0x7593, 0x75B3, 0x75D3,
    0x75D3, 0x6D92, 0x6D92, 0x75D3, 0x8E35, 0x8615, 0x7DF4, 0x75F4, 0x6DB3, 0x75D3, 0x75B3, 0x6D92, 0x6D93, 0x7593, 0x6D93, 0x75B3,
    0x6D92, 0x6DB3, 0x75F4, 0x8635, 0x75D4, 0x75F4, 0x75F4, 0x75F4, 0x75B3, 0x6DB3, 0x6D93, 0x6D93, 0x75B3, 0x7593, 0x7593, 0x75B3,
    0x6D93, 0x6D93, 0x6DB3, 0x75B3, 0x75D3, 0x6DB3, 0x6DB3, 0x6DB3, 0x75D3, 0x6DB3, 0x6D92, 0x6D92, 0x6D93, 0x6D93, 0x7593, 0x7593,
    0x6D93, 0x6D93, 0x6DB3, 0x6DB3, 0x75D3, 0x6DD3, 0x6DB3, 0x6593, 0x75D3, 0x75B3, 0x6D93, 0x6D72, 0x6D72, 0x7592, 0x7593, 0x75B3,
    0x75B3, 0x6D93, 0x6592, 0x6D92, 0x75B3, 0x6DB3, 0x75D4, 0x7E15, 0x7DD4, 0x75D4, 0x75B3, 0x6D92, 0x6D92, 0x75B3, 0x75B3, 0x75B3,
    0x6DB3, 0x6DB3, 0x6DB3, 0x6DB3, 0x6DB3, 0x6DB3, 0x6DB3, 0x6DD3, 0x75B3, 0x75D4, 0x75D4, 0x6DB3, 0x6DB3, 0x75B3, 0x75B3, 0x75D3,
    0x75D3, 0x6DB3, 0x75D4, 0x7DF4, 0x6DB3, 0x6D93, 0x6592, 0x6592, 0x6D93, 0x75D4, 0x75D4, 0x6D93, 0x6DB3, 0x6DB3, 0x75B3, 0x75D3,
    0x6DB3, 0x6DB3, 0x75F4, 0x8615, 0x6D93, 0x6D92, 0x6D92, 0x6592, 0x6D92, 0x6D93, 0x6DB3, 0x6DB3, 0x6DB3, 0x6D93, 0x75B3, 0x7DD4,
    0x75B3, 0x6DB3, 0x75D3, 0x75F4, 0x6DB3, 0x6D93, 0x6D92, 0x6D92, 0x6D93, 0x6D93, 0x6D93, 0x75B3, 0x6DB3, 0x6D93, 0x6D93, 0x6D92
};

const short ground_tile_145[TILE_SIZE * TILE_SIZE] = {
    0x6D93, 0x75B3, 0x75B3, 0x75B3, 0x6DB3, 0x6DB3, 0x75B3, 0x7DD4, 0x6DB3, 0x6D92, 0x6D92, 0x6D92, 0x6DB3, 0x6D92, 0x6592, 0x6D93,
    0x6D92, 0x75B3, 0x75B3, 0x75B3, 0x75B3, 0x6D92, 0x6DB3, 0x7DF4, 0x75B3, 0x6D92, 0x6D92, 0x6D93, 0x6D92, 0x6DB3, 0x6DB3, 0x6D93,
    0x6D93, 0x6D93, 0x6D93, 0x75B3, 0x75B3, 0x6DB3, 0x6DB3, 0x6DB3, 0x6DB3, 0x6592, 0x6572, 0x6572, 0x6D93, 0x75B3, 0x75B3, 0x6DB3,
    0x6D92, 0x6DB3, 0x75B3, 0x75B3, 0x75D3, 0x75B3, 0x6DB3, 0x6DB3, 0x75B3, 0x6D93, 0x6592, 0x6572, 0x75D3, 0x8615, 0x7DF4, 0x6D92,
    0x6DB3, 0x6DB3, 0x75B3, 0x75D3, 0x6DB3, 0x75B3, 0x6DB3, 0x6D93, 0x6DB3, 0x6DB3, 0x6DB3, 0x6D93, 0x7DF5, 0x75D4, 0x6DB3, 0x6D93,
    0x6DB3, 0x6DB3, 0x6DB3, 0x75B3, 0x6DB3, 0x6D92, 0x6D92, 0x6D92, 0x6DB3, 0x6DB3, 0x6DB3, 0x6DB3, 0x7DD4, 0x6DB3, 0x6DB3, 0x75B3,
    0x85F5, 0x7DD4, 0x75B3, 0x75B3, 0x6DB3, 0x6D93, 0x6DB3, 0x6DB3, 0x6DB3, 0x6DB3, 0x6DB3, 0x6DD3, 0x6DB3, 0x6DB3, 0x6DB3, 0x75B3,
    0x9636, 0x85F5, 0x75D4, 0x6DB3, 0x6DB3, 0x6D92, 0x75B3, 0x7DF5, 0x75D4, 0x75B3, 0x75D3, 0x75F4, 0x6DB3, 0x6DB3, 0x6DB3, 0x6D93,
    0x6DB3, 0x75B3, 0x6DB3, 0x6D92, 0x6D92, 0x6D92, 0x75D4, 0x8615, 0x6DB3, 0x6DB3, 0x75D3, 0x75D4, 0x6DB3, 0x6DB3, 0x75B3, 0x75D4,
    0x6DB3, 0x6DB3, 0x6DB3, 0x6DB3, 0x6DB3, 0x6DB3, 0x6DB3, 0x75B3, 0x6DB3, 0x6DD3, 0x75D3, 0x75D4, 0x75D4, 0x6DB3, 0x6DB3, 0x6DD3,
    0x75B3, 0x6D93, 0x6592, 0x6D92, 0x75B3, 0x75B3, 0x75B3, 0x6DB3, 0x75D4, 0x6DD3, 0x6DB3, 0x6DB3, 0x85F5, 0x75D4, 0x6DB3, 0x6DB3,
    0x75B3, 0x6DB3, 0x6DB3, 0x75B3, 0x75D3, 0x6DB3, 0x6D93, 0x6D93, 0x75B3, 0x75D4, 0x6DB3, 0x6DB3, 0x7DD4, 0x75D4, 0x6DB3, 0x6DB3,
    0x8615, 0x75F4, 0x6DB3, 0x6DB3, 0x75B3, 0x75B3, 0x6DB3, 0x6DB3, 0x6DB3, 0x6DB3, 0x6D93, 0x6D93, 0x6DB3, 0x7DF4, 0x7DD4, 0x6DB3,
    0x8615, 0x75F4, 0x6DB3, 0x6DB3, 0x75B3, 0x6DB3, 0x75D4, 0x7DF4, 0x6DB3, 0x6D93, 0x6D93, 0x6593, 0x6DB3, 0x7DF5, 0x7E15, 0x6DB3,
    0x6592, 0x6592, 0x6D93, 0x6DB3, 0x6D93, 0x6DB3, 0x75D4, 0x85F5, 0x75B3, 0x6D93, 0x6D92, 0x6D92, 0x6DB3, 0x6DB3, 0x6DB3, 0x6DB3,
    0x6592, 0x6DB3, 0x6DB3, 0x75B3, 0x6DB3, 0x6DB3, 0x75B3, 0x7DD4, 0x7593, 0x6D93, 0x6D93, 0x6D93, 0x6DB3, 0x6DB3, 0x6D93, 0x6D93
};

const short ground_tile_146[TILE_SIZE * TILE_SIZE] = {
    0x6D92, 0x6D93, 0x6D92, 0x6592, 0x6572, 0x6D92, 0x6DB3, 0x6DB3, 0x6D93, 0x6DB3, 0x6DB3, 0x75D3, 0x75D3, 0x6D93, 0x6592, 0x6D93,
    0x6593, 0x6DB3, 0x6DB3, 0x6572, 0x6592, 0x75B3, 0x75B4, 0x6D93, 0x6DB3, 0x6592, 0x6DB3, 0x75F4, 0x75D4, 0x6D93, 0x6D93, 0x6DB3,
    0x6592, 0x6DB3, 0x6DB3, 0x6D93, 0x6572, 0x6D93, 0x6D93, 0x6D93, 0x6D93, 0x6DB3, 0x6DB3, 0x6DB3, 0x6D93, 0x6DB3, 0x6DB3, 0x6D93,
    0x6DB3, 0x6DB3, 0x6DB3, 0x6D93, 0x6D92, 0x6D93, 0x6DB3, 0x6D93, 0x6D93, 0x75B4, 0x75B3, 0x6D93, 0x6DB3, 0x6DB3, 0x6DB3, 0x6DB3,
    0x6DB3, 0x6DB3, 0x6DB3, 0x6DB3, 0x75B3, 0x75B3, 0x75B3, 0x75B3, 0x75B3, 0x75B3, 0x75B3, 0x75D3, 0x75D3, 0x6DB3, 0x6DB3, 0x75B3,
    0x6DB3, 0x6DB3, 0x6DB3, 0x75B3, 0x75D3, 0x75D3, 0x75B3, 0x75D3, 0x75D3, 0x75B3, 0x6DB3, 0x6D93, 0x6DB3, 0x6DB3, 0x6DB3, 0x75B3,
    0x6D93, 0x6D93, 0x6DB3, 0x75D4, 0x8615, 0x7DF4, 0x75D4, 0x75D3, 0x75B3, 0x6DB3, 0x6D93, 0x6DB3, 0x75D4, 0x6DB3, 0x6DB3, 0x6DB3,
    0x6DB3, 0x6DB3, 0x75D3, 0x7DF4, 0x8E36, 0x8615, 0x75D4, 0x75D4, 0x75D4, 0x6D93, 0x6D93, 0x75D4, 0x8635, 0x75D4, 0x6DB3, 0x6DD3,
    0x75D4, 0x75D4, 0x6DB3, 0x6DB3, 0x6DB3, 0x75D4, 0x75D4, 0x75B3, 0x75D4, 0x75D3, 0x6DD3, 0x75D3, 0x6DB3, 0x6DD3, 0x6DB3, 0x6D93,
    0x6DB3, 0x6DB3, 0x75B3, 0x75D4, 0x6DD3, 0x6DB3, 0x75D4, 0x75D4, 0x75D4, 0x75F4, 0x75F4, 0x75D4, 0x6DB3, 0x6DB3, 0x6DB3, 0x6D93,
    0x6DB3, 0x6DB3, 0x6DB3, 0x75D4, 0x75B3, 0x6DB3, 0x6DD3, 0x75D4, 0x75D4, 0x75D4, 0x75D3, 0x6DD3, 0x75D4, 0x6DB3, 0x6592, 0x6593,
    0x6DB3, 0x6DB3, 0x6DD3, 0x6DB3, 0x6DB3, 0x6DB3, 0x75D3, 0x75F4, 0x75B3, 0x6DB3, 0x6DB3, 0x6D93, 0x75B3, 0x6DB3, 0x6DB3, 0x6DB3,
    0x75D3, 0x6DB3, 0x6DB3, 0x6DD3, 0x7E15, 0x7DF4, 0x75D4, 0x6DB3, 0x6DB3, 0x6DB3, 0x6DB3, 0x6DB3, 0x6DB3, 0x6D93, 0x6D93, 0x6D93,
    0x6DB3, 0x6DB3, 0x75D3, 0x75D4, 0x8615, 0x7DF4, 0x75D3, 0x6DD3, 0x6DB3, 0x6DB3, 0x75B3, 0x7DD4, 0x6DB3, 0x6DB3, 0x6D93, 0x6592,
    0x6DB3, 0x6DB3, 0x75D3, 0x75D4, 0x6D93, 0x6592, 0x6DB3, 0x6DB3, 0x6D93, 0x6D93, 0x75D3, 0x7DF4, 0x6DB3, 0x6DB3, 0x6D93, 0x6592,
    0x75B3, 0x75D3, 0x6DB3, 0x6DB3, 0x6592, 0x6DB3, 0x6DB3, 0x6DB3, 0x6DB3, 0x6DB3, 0x6D93, 0x6DB3, 0x6D93, 0x6D93, 0x6D93, 0x6D92
};

const short ground_tile_147[TILE_SIZE * TILE_SIZE] = {
    0x6DB3, 0x6D93, 0x6D93, 0x6DB3, 0x6DB3, 0x6DB3, 0x6DB3, 0x6DB3, 0x6DB3, 0x75D4, 0x75D3, 0x6DB3, 0x6D93, 0x7593, 0x7593, 0x6D93,
    0x6DB3, 0x6D93, 0x6D93, 0x6DB3, 0x6DB3, 0x75D4, 0x75B3, 0x6D92, 0x6592, 0x6DB3, 0x75D3, 0x75B3, 0x75B3, 0x6D93, 0x6D93, 0x75B3,
    0x6DB3, 0x75B3, 0x6DB3, 0x6592, 0x6592, 0x6D93, 0x6DB3, 0x75B3, 0x6DB3, 0x6DB3, 0x6DB3, 0x6D93, 0x6DB3, 0x75B3, 0x75B3, 0x75B3,
    0x75D4, 0x7DF4, 0x75D4, 0x6572, 0x6D93, 0x75B3, 0x75B3, 0x6DB3, 0x75B3, 0x6DB3, 0x6D93, 0x6D93, 0x6D93, 0x7DD4, 0x7DD4, 0x75D3,
    0x7DD4, 0x75B3, 0x6D93, 0x6D93, 0x6D93, 0x75B3, 0x75B3, 0x6DB3, 0x75B3, 0x6DB3, 0x6DB3, 0x6DB3, 0x6D93, 0x6DB3, 0x75B3, 0x75B3,
    0x75B3, 0x6DB3, 0x6DB3, 0x6DB3, 0x75B3, 0x75B3, 0x75B3, 0x75B3, 0x75B3, 0x6DB3, 0x6DB3, 0x6DB3, 0x6DB3, 0x6DB3, 0x6D93, 0x6D93,
    0x6DB3, 0x6D93, 0x6DB3, 0x6DB3, 0x6DB3, 0x75B3, 0x75B3, 0x75D4, 0x7DF5, 0x75D4, 0x75D3, 0x75D3, 0x75B3, 0x6DB3, 0x6DB3, 0x6DB3,
    0x6D93, 0x6DB3, 0x6DB3, 0x6D93, 0x6D93, 0x75B3, 0x75B3, 0x75B4, 0x9677, 0x8E16, 0x75D4, 0x75B3, 0x75D3, 0x6DB3, 0x6DB3, 0x75D4,
    0x6DB3, 0x6DB3, 0x6D93, 0x6DB3, 0x75B4, 0x75B3, 0x75B3, 0x6DB3, 0x6DB3, 0x75D4, 0x75B3, 0x6D93, 0x6DB3, 0x6DD3, 0x7DF4, 0x8635,
    0x75B4, 0x6DB3, 0x6D93, 0x6D93, 0x6D93, 0x6D93, 0x6D93, 0x6D93, 0x6DB3, 0x6DB3, 0x6DB3, 0x75B3, 0x6DB3, 0x6DD3, 0x75D4, 0x75D4,
    0x75B3, 0x6DB3, 0x6DB3, 0x6D93, 0x6D93, 0x6D93, 0x6D93, 0x6D92, 0x6D93, 0x6D92, 0x6D93, 0x6DB3, 0x75D4, 0x75D4, 0x75D4, 0x75D4,
    0x6D93, 0x6DB3, 0x75B3, 0x6D93, 0x6D93, 0x6DB3, 0x6DB3, 0x6D93, 0x6D93, 0x6DB3, 0x6DB3, 0x75D3, 0x7DD4, 0x75D4, 0x6DB3, 0x6DB3,
    0x6DB3, 0x7DD4, 0x75D4, 0x6DB3, 0x6DB3, 0x6DB3, 0x6DB3, 0x6DB3, 0x7DF5, 0x75D4, 0x6DD3, 0x6DB3, 0x75D3, 0x75D4, 0x75D4, 0x75D4,
    0x6592, 0x7DD4, 0x7DD4, 0x6DB3, 0x6DB3, 0x6DB3, 0x6DB3, 0x6DB3, 0x8615, 0x75F4, 0x6DD3, 0x75D3, 0x75D3, 0x75D3, 0x7DF4, 0x8615,
    0x6DB3, 0x6D93, 0x6D93, 0x6DB3, 0x6DB3, 0x6DB3, 0x6DB3, 0x75D3, 0x6DB3, 0x6DB3, 0x75D3, 0x75F4, 0x75B3, 0x75D3, 0x7DD4, 0x85F4,
    0x6D92, 0x6D93, 0x6D93, 0x6DB3, 0x6DB3, 0x6DB3, 0x6DB3, 0x6D93, 0x6592, 0x6DB3, 0x75D3, 0x75D3, 0x75B3, 0x6DB3, 0x75D3, 0x7DD4
};

const short ground_tile_148[TILE_SIZE * TILE_SIZE] = {
    0x6DB3, 0x75B3, 0x75B3, 0x6D93, 0x6DB3, 0x6DB3, 0x6DB3, 0x6DB3, 0x6DB3, 0x6DB3, 0x6DB3, 0x6592, 0x6572, 0x6D93, 0x6DB3, 0x6DB3,
    0x7593, 0x6D93, 0x6D93, 0x6DB3, 0x6DB3, 0x75B3, 0x75D3, 0x6DB3, 0x6D93, 0x75D3, 0x6DB3, 0x6592, 0x65B2, 0x75D4, 0x7DD4, 0x6DB3,
    0x75B3, 0x6D93, 0x6592, 0x6D93, 0x6DD3, 0x75D4, 0x6DD3, 0x6DB3, 0x6D93, 0x6DB3, 0x6DB3, 0x6DB3, 0x6DB2, 0x6D93, 0x6DB3, 0x6DB3,
    0x75D4, 0x6DB3, 0x6593, 0x6593, 0x75D3, 0x7DF4, 0x7DF4, 0x6DB3, 0x6DB3, 0x6DB3, 0x6DB3, 0x6DB3, 0x6D93, 0x6D93, 0x6DB3, 0x75B3,
    0x6DB3, 0x6592, 0x6592, 0x6DB3, 0x7DF4, 0x75D4, 0x6DB3, 0x6DB3, 0x6DB3, 0x6DB3, 0x6DB3, 0x6DB3, 0x7DD4, 0x75B4, 0x6D93, 0x6D93,
    0x6D93, 0x6D93, 0x6D93, 0x6DB3, 0x7DF4, 0x75D3, 0x75D3, 0x7DD4, 0x75D3, 0x75B3, 0x75B3, 0x75D4, 0x75B3, 0x6DB3, 0x6DB3, 0x75B3,
    0x6DB3, 0x6DB3, 0x6DB3, 0x6DD3, 0x6DD3, 0x6DB3, 0x6DB3, 0x75D3, 0x6DB3, 0x6DB3, 0x75B3, 0x75D4, 0x7DD4, 0x75D4, 0x75B3, 0x75D3,
    0x7DF4, 0x75D4, 0x75D3, 0x75D4, 0x75D3, 0x6DB3, 0x6D93, 0x6D93, 0x6DB3, 0x75B3, 0x75B3, 0x75D4, 0x8E36, 0x8615, 0x75D4, 0x75D3,
    0x75D3, 0x6DD3, 0x75D4, 0x75D4, 0x75B3, 0x6DB3, 0x6DB3, 0x6DB3, 0x75D4, 0x6DB3, 0x6D93, 0x6DB3, 0x75D4, 0x6DD4, 0x6DB3, 0x75D3,
    0x75F4, 0x75D4, 0x75D4, 0x75D4, 0x75D4, 0x6DB3, 0x6DB3, 0x6DB3, 0x6D93, 0x6D93, 0x6DB3, 0x6DB3, 0x6DD4, 0x6DD4, 0x75D3, 0x75D4,
    0x75F4, 0x6DD4, 0x6DB3, 0x6DB3, 0x7DD4, 0x75B3, 0x6D93, 0x6D93, 0x6D93, 0x6DB3, 0x6DB3, 0x6DD4, 0x7E15, 0x75D4, 0x6DB3, 0x6DB3,
    0x75D4, 0x75F4, 0x6DD4, 0x6DB3, 0x7DF4, 0x75D4, 0x75B3, 0x6D92, 0x6D93, 0x6DB3, 0x6DB3, 0x6DD3, 0x7DF5, 0x75D4, 0x6DB3, 0x75B3,
    0x75D4, 0x75D3, 0x6DB3, 0x6DB3, 0x75D3, 0x7DF4, 0x7DD4, 0x6D93, 0x75B3, 0x6DB3, 0x6DB3, 0x75D3, 0x8615, 0x75D4, 0x6DB3, 0x6DB3,
    0x75B3, 0x6DB3, 0x6DB3, 0x6DB3, 0x6DB3, 0x7DF4, 0x7DF4, 0x6D93, 0x6DB3, 0x6DB3, 0x6DB3, 0x75B3, 0x8615, 0x7DD4, 0x75B3, 0x75B3,
    0x75D4, 0x6DB3, 0x6D93, 0x6D93, 0x6DB3, 0x6DB3, 0x6DB3, 0x75D3, 0x6DB3, 0x6DB3, 0x6DB3, 0x75B3, 0x6DB3, 0x6D93, 0x6D93, 0x75B3,
    0x75B3, 0x75B3, 0x7593, 0x6D93, 0x75B3, 0x6DB3, 0x75B3, 0x75D4, 0x75B3, 0x75D4, 0x75D3, 0x6DB3, 0x6593, 0x6DB3, 0x75B3, 0x75B4
};

const short ground_tile_149[TILE_SIZE * TILE_SIZE] = {
    0x6DB3, 0x6DB3, 0x75B3, 0x75D4, 0x6D93, 0x6D92, 0x6572, 0x6D92, 0x6DB3, 0x6DB3, 0x6DB3, 0x6DB3, 0x6D93, 0x6DB3, 0x6DB3, 0x6D93,
    0x75B3, 0x6D93, 0x6DB3, 0x8615, 0x75D4, 0x6572, 0x6572, 0x6D93, 0x6DB3, 0x75B3, 0x75D3, 0x75D4, 0x6DB3, 0x75B3, 0x75B3, 0x6D93,
    0x6DB3, 0x6DB3, 0x6DB3, 0x6DB3, 0x6D93, 0x6D93, 0x6D93, 0x6592, 0x6D93, 0x6DB3, 0x6DB3, 0x6D93, 0x6D93, 0x6DB3, 0x6DB3, 0x6DB3,
    0x6DB3, 0x75D4, 0x75B4, 0x6D93, 0x75B3, 0x6DB3, 0x6DB3, 0x6D93, 0x75B3, 0x85F5, 0x7DD4, 0x6D92, 0x6DB3, 0x6DB3, 0x6DB3, 0x6DB3,
    0x6DB3, 0x75B3, 0x75B3, 0x75B3, 0x75D4, 0x6DB3, 0x6D93, 0x75B3, 0x7DD4, 0x75B3, 0x6D93, 0x6D93, 0x6D93, 0x6D93, 0x6DB3, 0x6DB3,
    0x75B3, 0x6DB3, 0x6DB3, 0x75D3, 0x75D4, 0x75B3, 0x6D93, 0x6D93, 0x75B3, 0x6D92, 0x6D93, 0x6DB3, 0x7DD4, 0x75B4, 0x75B4, 0x75D3,
    0x75B3, 0x6DB3, 0x6DB3, 0x6DB3, 0x7DD4, 0x75B3, 0x6DB3, 0x6DB3, 0x6DB3, 0x6DB3, 0x6DB3, 0x6DB3, 0x75B3, 0x75B3, 0x75B3, 0x75D4,
    0x7DF4, 0x6DB3, 0x6593, 0x75D4, 0x9656, 0x7DF4, 0x6DB3, 0x75F4, 0x6DB3, 0x75D3, 0x75D3, 0x6DB3, 0x6DB3, 0x75B3, 0x75B3, 0x75D4,
    0x75D4, 0x75D3, 0x75D3, 0x75D4, 0x6D93, 0x6DB3, 0x75D3, 0x75D4, 0x6DB3, 0x6DB3, 0x6DB3, 0x6DB3, 0x6DB3, 0x6DB3, 0x75B3, 0x75D4,
    0x75D4, 0x75D3, 0x75D3, 0x6DB3, 0x6DB3, 0x6DB3, 0x6DB3, 0x6DB3, 0x75B3, 0x6DB3, 0x6D93, 0x6DB3, 0x6D93, 0x6D93, 0x6DB3, 0x6DB3,
    0x6DB3, 0x6DB3, 0x6DB3, 0x6DB3, 0x75B3, 0x6DB3, 0x6D93, 0x6D93, 0x75B3, 0x6DB3, 0x6DB3, 0x75B3, 0x75B3, 0x75B3, 0x75B3, 0x75B3,
    0x6D93, 0x6DB3, 0x6D93, 0x6D93, 0x75B3, 0x6DB3, 0x75B3, 0x7DD4, 0x75B3, 0x75D4, 0x75D3, 0x6DB3, 0x6DB3, 0x75B3, 0x75D3, 0x75D3,
    0x6DB3, 0x6DB3, 0x75B3, 0x75B3, 0x6D93, 0x6D93, 0x6D93, 0x6D93, 0x75B3, 0x7DF4, 0x7DD4, 0x6DB3, 0x6DB3, 0x6DB3, 0x6DD3, 0x75D4,
    0x6DB3, 0x6DB3, 0x75D4, 0x7DF4, 0x7593, 0x6D93, 0x6D93, 0x6572, 0x6DB3, 0x7DF5, 0x7DF5, 0x6DB3, 0x6DB3, 0x6DB3, 0x6DB3, 0x6DD3,
    0x6DB3, 0x75B3, 0x7DF4, 0x8615, 0x75B3, 0x75B3, 0x6DB3, 0x6DB3, 0x6DB3, 0x6DB3, 0x6DB3, 0x6DB3, 0x6DB3, 0x6DB3, 0x75B3, 0x75D4,
    0x75D4, 0x75B3, 0x75B3, 0x75B3, 0x75B3, 0x75B3, 0x75B3, 0x6D93, 0x6D93, 0x6D93, 0x6DB3, 0x6DB3, 0x75B3, 0x6DB3, 0x6D93, 0x6D93
};

const short ground_tile_150[TILE_SIZE * TILE_SIZE] = {
    0x6D93, 0x7DD4, 0x7DF4, 0x75D3, 0x75B3, 0x75B3, 0x75B3, 0x75B3, 0x75B3, 0x75D4, 0x75D4, 0x6D93, 0x75B3, 0x6DB3, 0x6D93, 0x6DB3,
    0x6DB3, 0x75B3, 0x75D3, 0x75D4, 0x75B3, 0x6D93, 0x6D93, 0x6DB3, 0x75B3, 0x6DB3, 0x6DB3, 0x6DB3, 0x75B3, 0x75B3, 0x6DB3, 0x6593,
    0x6DB3, 0x6DB3, 0x6DB3, 0x6DB3, 0x75D3, 0x75D3, 0x75D3, 0x75D3, 0x75D3, 0x6DB3, 0x6DB3, 0x6DB3, 0x6D93, 0x6D93, 0x6DB3, 0x6DB3,
    0x6D92, 0x6DB3, 0x6DB3, 0x6DB3, 0x75D3, 0x7DF4, 0x7DF4, 0x75D4, 0x75D4, 0x6DB3, 0x6DB3, 0x6DB3, 0x6DB3, 0x6DB3, 0x6DB3, 0x6DB3,
    0x75B3, 0x75B3, 0x75B3, 0x6DB3, 0x75B3, 0x75B3, 0x75B3, 0x75D3, 0x75D3, 0x6DB3, 0x6592, 0x6D92, 0x7DF4, 0x6DB3, 0x6D92, 0x6DB3,
    0x75D3, 0x75B3, 0x75B3, 0x75B3, 0x75B3, 0x75B3, 0x6DB3, 0x6DB3, 0x6DB3, 0x6DB3, 0x6D93, 0x6D93, 0x75D4, 0x75B3, 0x6DB3, 0x75B3,
    0x7E15, 0x7DF4, 0x75D4, 0x75D4, 0x75D3, 0x75B3, 0x6DB3, 0x6DB3, 0x75D3, 0x6DB3, 0x6DB3, 0x6DB3, 0x6DB3, 0x6DB3, 0x75B3, 0x75B3,
    0x9657, 0x8E15, 0x7DF4, 0x75D4, 0x75D4, 0x6DB3, 0x75D3, 0x8615, 0x8615, 0x75B3, 0x6DB3, 0x75D4, 0x75B3, 0x75B3, 0x6DB3, 0x6D93,
    0x75B4, 0x75D4, 0x75B3, 0x6DB3, 0x6DB3, 0x6DD3, 0x7E15, 0x9656, 0x75B3, 0x6DB3, 0x6DB3, 0x6DB3, 0x6DB3, 0x6DB3, 0x75B3, 0x75D4,
    0x6DB3, 0x75B3, 0x75D4, 0x75D4, 0x75D4, 0x75D3, 0x75D3, 0x75D4, 0x6DD3, 0x6DD3, 0x6DB3, 0x75B3, 0x75D3, 0x6DB3, 0x6DB3, 0x6DB3,
    0x75D4, 0x6DB3, 0x6DB3, 0x6DB3, 0x75D4, 0x75D3, 0x6DB3, 0x6DB3, 0x75D4, 0x6DD3, 0x6DB3, 0x6592, 0x7DD4, 0x75D4, 0x6DB3, 0x6D92,
    0x6DD4, 0x6DD3, 0x6DB3, 0x75D4, 0x7DD4, 0x75B3, 0x6D93, 0x6D93, 0x75B4, 0x75D4, 0x6DB3, 0x6DB3, 0x75D4, 0x75D4, 0x75B3, 0x6DB3,
    0x7E15, 0x75F4, 0x6DD3, 0x6DB3, 0x75B3, 0x6DB3, 0x6DB3, 0x6DB3, 0x6DB3, 0x6DB3, 0x6D93, 0x6DB3, 0x75D4, 0x7E15, 0x7DF4, 0x6DB3,
    0x8615, 0x75F4, 0x6DB3, 0x6DD3, 0x6DD3, 0x6DB3, 0x75D4, 0x85F4, 0x75B3, 0x6D93, 0x6592, 0x6593, 0x6DB3, 0x8635, 0x8615, 0x6DB3,
    0x6DB3, 0x6DB3, 0x6DB3, 0x75D3, 0x6DB3, 0x6DB3, 0x75D4, 0x85F5, 0x75B3, 0x6D93, 0x6D93, 0x6D93, 0x6DB3, 0x6DB3, 0x6DB3, 0x6DB3,
    0x6DB3, 0x6DB3, 0x6DB3, 0x75B3, 0x75B3, 0x75B3, 0x75B3, 0x75B3, 0x6DB3, 0x6D93, 0x6D93, 0x6D93, 0x6DB3, 0x6DB3, 0x6DB3, 0x6DB3
};

const short ground_tile_151[TILE_SIZE * TILE_SIZE] = {
    0x6DB3, 0x6DB3, 0x6DB3, 0x6593, 0x6592, 0x6DB3, 0x75D3, 0x75D4, 0x75B3, 0x6DB3, 0x75D3, 0x7DD4, 0x6DB3, 0x6D92, 0x6D92, 0x6D93,
    0x6DB3, 0x7DD4, 0x75D4, 0x6DB3, 0x6592, 0x75B3, 0x75D4, 0x75D3, 0x75D3, 0x6DB3, 0x75D4, 0x8615, 0x75F4, 0x6D92, 0x6D72, 0x6D93,
    0x6D93, 0x6DB3, 0x6DB3, 0x6DB2, 0x6592, 0x6D93, 0x6DB3, 0x6DB3, 0x6DB3, 0x6DB3, 0x6DB3, 0x6DB3, 0x6DB3, 0x6D93, 0x6D92, 0x6D93,
    0x6D93, 0x6D93, 0x6D92, 0x6D92, 0x6D92, 0x6D93, 0x75B3, 0x6DB3, 0x6D93, 0x75D4, 0x75D4, 0x6DB3, 0x6DB3, 0x75D3, 0x6DB3, 0x6D93,
    0x6D93, 0x6DB3, 0x6DB3, 0x6D93, 0x7593, 0x7593, 0x6D93, 0x6DB3, 0x6DB3, 0x6DB3, 0x75D4, 0x75D4, 0x6DB3, 0x6DB3, 0x75D3, 0x75B3,
    0x75B3, 0x75B3, 0x75B3, 0x75B3, 0x6D93, 0x6D92, 0x6D93, 0x75B3, 0x75D4, 0x75B3, 0x6DB3, 0x75D4, 0x75D4, 0x75D4, 0x6DB3, 0x6DB3,
    0x6DB3, 0x6DB3, 0x75D3, 0x75D4, 0x7DD4, 0x75B3, 0x6DB3, 0x75B3, 0x75D3, 0x6DB3, 0x6DB3, 0x6DD4, 0x7E15, 0x75D4, 0x6DB3, 0x6DB3,
    0x6DB3, 0x6DB3, 0x75D4, 0x7DF4, 0x8E36, 0x85F5, 0x75D4, 0x6DB3, 0x75F4, 0x6DB3, 0x6DB3, 0x75F4, 0xA6B8, 0x8E15, 0x75D4, 0x75D4,
    0x75D4, 0x75D4, 0x75B3, 0x75B3, 0x6DB3, 0x75D4, 0x75D4, 0x6D93, 0x6DB3, 0x75D3, 0x75D3, 0x6DB3, 0x6DB3, 0x6DD3, 0x6DD3, 0x6DB3,
    0x6D93, 0x6DB3, 0x75D4, 0x75D4, 0x75D4, 0x6DD3, 0x6DD3, 0x75D4, 0x6DD4, 0x75D4, 0x75D4, 0x7DF4, 0x75D4, 0x6DD3, 0x6DB3, 0x6DB3,
    0x6DB3, 0x6DB3, 0x6DB3, 0x75D4, 0x75D4, 0x75B3, 0x6DD3, 0x75D3, 0x75D4, 0x75F4, 0x75D4, 0x6DD3, 0x75D4, 0x6DD3, 0x6DB3, 0x6DB3,
    0x75B3, 0x75D3, 0x6DB3, 0x6DB3, 0x6DB3, 0x6DB3, 0x75D3, 0x75F4, 0x75B3, 0x75B3, 0x6DB3, 0x6DB3, 0x75D4, 0x75D4, 0x75F4, 0x7DF4,
    0x6DB3, 0x6DB3, 0x6DB3, 0x6DB3, 0x7E15, 0x7DF4, 0x75D3, 0x6DB3, 0x6DB3, 0x75B3, 0x75D3, 0x6DD3, 0x6DB3, 0x6DB3, 0x75B3, 0x75D4,
    0x6DB3, 0x6DB3, 0x6DB3, 0x6DB3, 0x8615, 0x7DF4, 0x75D4, 0x75D4, 0x75D3, 0x75D3, 0x75D4, 0x7DF4, 0x6DB3, 0x6DB3, 0x6DB3, 0x6DB3,
    0x6D92, 0x6D92, 0x6DB3, 0x7DF4, 0x6DB3, 0x6DB3, 0x6DB3, 0x75D4, 0x6DB3, 0x6DB3, 0x75D4, 0x85F5, 0x75D4, 0x6DB3, 0x6DB3, 0x6DB3,
    0x6DB3, 0x6DB3, 0x6DB3, 0x6DB3, 0x6593, 0x6DB3, 0x6DB3, 0x6DB3, 0x75D3, 0x6DB3, 0x6DB3, 0x75B3, 0x75D4, 0x75B3, 0x75B3, 0x6DB3
};

const short ground_tile_152[TILE_SIZE * TILE_SIZE] = {
    0x6DB3, 0x6DB3, 0x6DB3, 0x6DB3, 0x6DB3, 0x75D3, 0x75D4, 0x75D4, 0x75D3, 0x75B3, 0x75B3, 0x75B3, 0x75D4, 0x75D3, 0x75D3, 0x7DD4,
    0x6DB3, 0x6DB3, 0x75D3, 0x75D4, 0x75D3, 0x75F4, 0x75D4, 0x6DB3, 0x6DB3, 0x75D3, 0x75D3, 0x75B3, 0x75D4, 0x6DB3, 0x75D4, 0x8615,
    0x6D93, 0x6DB3, 0x6DB3, 0x6DB3, 0x6DB3, 0x75B3, 0x6DB3, 0x75D3, 0x6DB3, 0x6DB3, 0x6D93, 0x75B3, 0x75B3, 0x75B3, 0x75B3, 0x75D4,
    0x75B3, 0x7DF4, 0x75D4, 0x6572, 0x6D93, 0x6DB3, 0x6DD3, 0x75D3, 0x8615, 0x7DF4, 0x75D4, 0x75B3, 0x6DB3, 0x75B3, 0x75D4, 0x75D4,
    0x75B4, 0x75B3, 0x6D93, 0x6D93, 0x6D93, 0x6DB3, 0x75B3, 0x6DB3, 0x75D4, 0x75D3, 0x75B3, 0x6DB3, 0x6D93, 0x6DB3, 0x75D3, 0x75D3,
    0x75B3, 0x6D93, 0x6D93, 0x6D93, 0x6D93, 0x75B3, 0x75D4, 0x75D4, 0x75D3, 0x75B3, 0x75B3, 0x75D4, 0x75B3, 0x6DB3, 0x6DB3, 0x6DB3,
    0x6DB3, 0x6D93, 0x6D93, 0x6D93, 0x75B3, 0x75B3, 0x75B3, 0x75D4, 0x8615, 0x7DF4, 0x75D4, 0x75D4, 0x75D3, 0x6DB3, 0x6DB3, 0x75B3,
    0x6D93, 0x6DB3, 0x6D93, 0x6D93, 0x75B3, 0x75D4, 0x75D4, 0x75D4, 0x9657, 0x8615, 0x75D4, 0x75D3, 0x75B3, 0x6D93, 0x75B3, 0x8615,
    0x6D93, 0x6DB3, 0x6DB3, 0x6DB3, 0x75D4, 0x75D4, 0x75B4, 0x75D4, 0x75D4, 0x75D4, 0x75D3, 0x6DB3, 0x6592, 0x6DB3, 0x7DF4, 0x8636,
    0x75B3, 0x6D93, 0x6D93, 0x6D93, 0x6D93, 0x6DB3, 0x6DB3, 0x6DB3, 0x6DB3, 0x6DB3, 0x75B3, 0x6DB3, 0x6DD3, 0x6DD3, 0x6DD3, 0x75D4,
    0x7DD4, 0x6DB3, 0x6D93, 0x6D93, 0x6D93, 0x6DB3, 0x6DB3, 0x6DB3, 0x75B3, 0x6DB3, 0x6DB3, 0x6DB3, 0x75B3, 0x75D4, 0x6DB3, 0x6DB3,
    0x75D4, 0x75D3, 0x6DB3, 0x6D93, 0x6D93, 0x6DB3, 0x75D3, 0x75D3, 0x75D3, 0x75D3, 0x75D3, 0x75D3, 0x75D4, 0x6DB3, 0x6593, 0x6593,
    0x75D3, 0x7DF4, 0x7DD4, 0x6DB3, 0x6DB3, 0x6DB3, 0x6DB3, 0x75D4, 0x8615, 0x75F4, 0x6DB3, 0x6DB3, 0x75B3, 0x6DD3, 0x6DB3, 0x6DD3,
    0x6DB3, 0x7DF4, 0x7DF4, 0x6DB3, 0x6DB3, 0x6DB3, 0x6DB3, 0x75D3, 0x8E35, 0x7DF4, 0x6DB3, 0x6DD3, 0x75D3, 0x75D4, 0x7DF4, 0x85F5,
    0x6DB3, 0x6DB3, 0x6DB3, 0x6DD3, 0x6DB3, 0x6D93, 0x75B3, 0x75D4, 0x6DB3, 0x6D93, 0x6DB3, 0x75F4, 0x75D3, 0x75D4, 0x7DF4, 0x85F5,
    0x6D93, 0x6DB3, 0x6DB3, 0x6DB3, 0x6DB3, 0x75B3, 0x6DB3, 0x6D93, 0x6592, 0x6DB3, 0x75D4, 0x75D3, 0x75B3, 0x75B3, 0x75D3, 0x75D4
};

const short ground_tile_153[TILE_SIZE * TILE_SIZE] = {
    0x75B3, 0x6DB3, 0x75B3, 0x75D3, 0x75D4, 0x75B3, 0x75B3, 0x75D3, 0x6DB3, 0x6DB3, 0x6D93, 0x6572, 0x6572, 0x6D93, 0x6DB3, 0x6DB3,
    0x75D4, 0x6DB3, 0x6DB3, 0x75D4, 0x6DB3, 0x75B3, 0x75B3, 0x75B3, 0x6DB3, 0x6DB3, 0x6D93, 0x6572, 0x6592, 0x75D4, 0x7DF4, 0x75D3,
    0x75D3, 0x6DB3, 0x6D93, 0x6D92, 0x75B3, 0x75D4, 0x75B3, 0x6D92, 0x6D92, 0x6D92, 0x6D92, 0x6D92, 0x6592, 0x6D93, 0x6DB3, 0x6DB3,
    0x75D4, 0x75D3, 0x6DB3, 0x6DB3, 0x7DD4, 0x8615, 0x7DD4, 0x6D92, 0x6D93, 0x6D93, 0x6D93, 0x6D93, 0x6DB3, 0x6DB3, 0x6D93, 0x6D93,
    0x75D3, 0x75D3, 0x75D3, 0x75B3, 0x85F5, 0x75D4, 0x6DB3, 0x6DB3, 0x6DB3, 0x6DB3, 0x6DB3, 0x6D93, 0x75D3, 0x75B3, 0x6DB3, 0x6DB3,
    0x75B3, 0x75D3, 0x6DB3, 0x6DB3, 0x75D4, 0x6DB3, 0x6DB3, 0x75D3, 0x75D4, 0x75B3, 0x75B3, 0x75D3, 0x75D4, 0x75B3, 0x6DB3, 0x6DB3,
    0x7DD4, 0x75B3, 0x6DB3, 0x6DB3, 0x6DB3, 0x6DB3, 0x6DB3, 0x75B3, 0x75B3, 0x75B3, 0x75B3, 0x75D4, 0x7DF4, 0x75D4, 0x75B3, 0x75D3,
    0x9656, 0x7DD4, 0x6D92, 0x6DD3, 0x6DB3, 0x75B3, 0x6DB3, 0x6D93, 0x75B4, 0x75B4, 0x75B4, 0x75D4, 0x9656, 0x85F5, 0x75D4, 0x75B3,
    0x75D4, 0x6DD3, 0x6DB3, 0x6D93, 0x6DB3, 0x6DB3, 0x6DB3, 0x75B3, 0x75D4, 0x6DB3, 0x75D4, 0x7DF4, 0x6DD4, 0x6DB3, 0x6DB3, 0x6D93,
    0x6DD3, 0x6DD3, 0x6DB3, 0x6DB3, 0x75D4, 0x6DB3, 0x6DB3, 0x75B3, 0x6DB3, 0x6DB3, 0x75B3, 0x75D4, 0x6DB3, 0x6DB3, 0x6DB3, 0x6DB3,
    0x75D4, 0x6DD4, 0x6DD3, 0x6DB3, 0x7DF5, 0x75D4, 0x6DB3, 0x6D93, 0x6DB3, 0x75D3, 0x75D4, 0x6DB3, 0x75D4, 0x75D4, 0x6DB3, 0x6DB3,
    0x75D4, 0x75D4, 0x75D4, 0x75D4, 0x7DD4, 0x75B3, 0x6DB3, 0x6D93, 0x6D93, 0x75B3, 0x6DB3, 0x6DB3, 0x85F5, 0x7DD4, 0x75D4, 0x6DB3,
    0x75D4, 0x6DB3, 0x6DB3, 0x6DB3, 0x6DB3, 0x7DD4, 0x75D4, 0x6DB3, 0x6DB3, 0x6DB3, 0x6DB3, 0x75D4, 0x8615, 0x7DD4, 0x6DB3, 0x6DB3,
    0x6DB3, 0x6D93, 0x6D92, 0x6D93, 0x6DB3, 0x7DF4, 0x7DF4, 0x6DB3, 0x6DB3, 0x6DB3, 0x6DB3, 0x75B3, 0x8615, 0x7DD4, 0x75B3, 0x75B3,
    0x75B4, 0x6D93, 0x6D92, 0x6DB3, 0x6DB3, 0x6DB3, 0x6DB3, 0x6DB3, 0x6D93, 0x6D92, 0x6DB3, 0x75D3, 0x6DB3, 0x6DB3, 0x6DB3, 0x6DB3,
    0x6DB3, 0x75D3, 0x75B3, 0x6D93, 0x6DB3, 0x6DB3, 0x6DB3, 0x75B3, 0x75B3, 0x75B3, 0x6DB3, 0x6D93, 0x6DB3, 0x6DB3, 0x6DB3, 0x6DB3
};

const short ground_tile_154[TILE_SIZE * TILE_SIZE] = {
    0x6D93, 0x6DB3, 0x6DB3, 0x6DB3, 0x75D4, 0x75B3, 0x6D93, 0x6DB3, 0x6DB3, 0x6DB3, 0x6DB3, 0x6DB3, 0x6D93, 0x6DB3, 0x6DB3, 0x6DB3,
    0x6DB3, 0x6DB3, 0x6DB3, 0x75F4, 0x8E56, 0x75D3, 0x6572, 0x6D93, 0x6DB3, 0x6DB3, 0x6DB3, 0x6DD3, 0x6DB3, 0x75D4, 0x75D3, 0x6DB3,
    0x6D93, 0x6DB3, 0x6DB3, 0x6DB3, 0x75B3, 0x6DB3, 0x6DB3, 0x6D93, 0x6DB3, 0x6DB3, 0x6D93, 0x6592, 0x6D93, 0x6D93, 0x6DB3, 0x6DB3,
    0x6D93, 0x75D3, 0x75D3, 0x6DB3, 0x6DD3, 0x75D4, 0x6DD3, 0x6DB3, 0x75D4, 0x7DD4, 0x75B3, 0x6572, 0x6592, 0x6D93, 0x6DB3, 0x6DB3,
    0x6592, 0x6DB3, 0x75D3, 0x75D4, 0x6DB3, 0x75D3, 0x75D4, 0x75D4, 0x7DF4, 0x6DB3, 0x6D93, 0x6592, 0x6D92, 0x6D93, 0x6DB3, 0x6DB3,
    0x6DB3, 0x75B3, 0x75B3, 0x6DD3, 0x75D4, 0x75D3, 0x75D3, 0x75D3, 0x75B3, 0x6DB3, 0x6D93, 0x6D93, 0x75B3, 0x75B3, 0x75D3, 0x75D3,
    0x75B3, 0x6DB3, 0x6DB3, 0x75D3, 0x75D4, 0x75B3, 0x6DB3, 0x6DB3, 0x6DB3, 0x6DB3, 0x6DB3, 0x6DB3, 0x6DB3, 0x6DB3, 0x75B3, 0x75D3,
    0x75D3, 0x6DB3, 0x75D3, 0x8615, 0x7DF4, 0x75D4, 0x75D4, 0x75D4, 0x6D93, 0x6DB3, 0x6DB3, 0x6D93, 0x6D93, 0x6DB3, 0x6DB3, 0x75B3,
    0x6DB3, 0x6DB3, 0x75D4, 0x8615, 0x75D4, 0x75D4, 0x75D3, 0x6DB3, 0x6D93, 0x6DB3, 0x6DB3, 0x6DB3, 0x75D4, 0x75B3, 0x75B3, 0x75D4,
    0x6DB3, 0x6DB3, 0x6DB3, 0x6DB3, 0x6DB3, 0x6DD3, 0x6DB3, 0x6DB3, 0x75B3, 0x6DB3, 0x6D93, 0x6D93, 0x6D93, 0x75B3, 0x75B3, 0x75B3,
    0x6DB3, 0x75B3, 0x75B3, 0x6DB3, 0x6DB3, 0x6DB3, 0x6DB3, 0x6DB3, 0x75B3, 0x6DB3, 0x6D93, 0x6D93, 0x6D92, 0x75B3, 0x75B3, 0x75B3,
    0x6D93, 0x6D93, 0x6D93, 0x6D93, 0x6D93, 0x6DB3, 0x75F4, 0x8E36, 0x85F5, 0x75B3, 0x6D93, 0x6D93, 0x6D93, 0x6DB3, 0x75D3, 0x6DD3,
    0x6DB3, 0x75B3, 0x75D3, 0x6DB3, 0x6DB3, 0x6D93, 0x6DB3, 0x75B3, 0x75B3, 0x7DF4, 0x75D4, 0x6DB3, 0x6DB3, 0x6DB3, 0x75D3, 0x75D4,
    0x6DB3, 0x75B3, 0x75D4, 0x7DF4, 0x6DB3, 0x6D93, 0x6D93, 0x6592, 0x6D93, 0x7DF4, 0x7DF4, 0x6D93, 0x6D93, 0x6DB3, 0x6DB3, 0x75D3,
    0x6DB3, 0x6DB3, 0x75D4, 0x85F5, 0x6D93, 0x6D93, 0x6D93, 0x6D93, 0x6DB3, 0x6DB3, 0x6D93, 0x6D93, 0x6DB3, 0x6DB3, 0x75D3, 0x75D4,
    0x75D4, 0x75B3, 0x6DB3, 0x6DB3, 0x6D93, 0x6D93, 0x6D93, 0x6D93, 0x6D93, 0x6DB3, 0x6DB3, 0x6DB3, 0x6DB3, 0x6DB3, 0x6DB3, 0x6D92
};

const short ground_tile_155[TILE_SIZE * TILE_SIZE] = {
    0x6DB3, 0x6DB3, 0x6DB3, 0x6DB3, 0x6DB3, 0x75B3, 0x75D3, 0x75B3, 0x6DB3, 0x75B3, 0x75B3, 0x6DB3, 0x6DB3, 0x6DB3, 0x6DB3, 0x75D3,
    0x6592, 0x6DB3, 0x6DB3, 0x6DB3, 0x6DB3, 0x6D93, 0x75B3, 0x75D4, 0x75B3, 0x6D93, 0x6D93, 0x6DB3, 0x6DB3, 0x6DB3, 0x75B3, 0x75B3,
    0x6592, 0x6DB3, 0x6DB3, 0x6D92, 0x6DB3, 0x75B3, 0x75B3, 0x6DB3, 0x75B3, 0x6D93, 0x6572, 0x6592, 0x6D92, 0x6DB3, 0x6DB3, 0x6DB3,
    0x6DB3, 0x6DB3, 0x6DB3, 0x6D93, 0x6DB3, 0x7DD4, 0x7DF4, 0x75B3, 0x75D4, 0x6DB3, 0x6592, 0x6592, 0x75B3, 0x7DF4, 0x75D4, 0x6D93,
    0x75D3, 0x75D3, 0x6DB3, 0x6DB3, 0x6DB3, 0x75B3, 0x75D3, 0x75D4, 0x75D3, 0x6DB3, 0x6D92, 0x6D93, 0x85F5, 0x75D4, 0x6DB3, 0x6D93,
    0x6DB3, 0x6DB3, 0x75B3, 0x75B3, 0x75B3, 0x6DB3, 0x6DB3, 0x6DB3, 0x6DB3, 0x6DB3, 0x6D93, 0x6DB3, 0x75D4, 0x75D3, 0x75D3, 0x75D3,
    0x7DF4, 0x75F4, 0x75D4, 0x75D4, 0x75D3, 0x6DB3, 0x6DB3, 0x6DB3, 0x75D3, 0x6DB3, 0x6DB3, 0x6DD3, 0x6DB3, 0x6DB3, 0x75B3, 0x75B3,
    0x9657, 0x8615, 0x75D4, 0x75D3, 0x6DB3, 0x6DB3, 0x75D4, 0x8615, 0x7DD4, 0x6DB3, 0x6DB3, 0x75D3, 0x75B3, 0x75B3, 0x6D93, 0x6D93,
    0x75D4, 0x75D4, 0x6DB3, 0x6D93, 0x6DB3, 0x6DD3, 0x75F4, 0x8615, 0x6DB3, 0x6DB3, 0x6DB3, 0x6DB3, 0x75D3, 0x75B3, 0x75B3, 0x75B3,
    0x6DB3, 0x6DB3, 0x6DB3, 0x6DB3, 0x6DB3, 0x6DB3, 0x6DB3, 0x75D3, 0x6DB3, 0x6DB3, 0x6DB3, 0x6DB3, 0x75D4, 0x75B3, 0x75B3, 0x75B3,
    0x6DB3, 0x6D93, 0x6D93, 0x6DB3, 0x6DB3, 0x6DB3, 0x6DB3, 0x6DB3, 0x75D4, 0x75D4, 0x6DB3, 0x6DB3, 0x7DD4, 0x75D3, 0x6D93, 0x6D92,
    0x6DB3, 0x6DB3, 0x6DB3, 0x75D4, 0x75D4, 0x6DB3, 0x6DB3, 0x6DB3, 0x75D4, 0x7DD4, 0x75D4, 0x6DB3, 0x75B3, 0x6DB3, 0x6D93, 0x6D93,
    0x8615, 0x75F4, 0x75D3, 0x6DB3, 0x75B3, 0x6DB3, 0x6DB3, 0x6DB3, 0x75D3, 0x75D3, 0x6DB3, 0x6D93, 0x6DB3, 0x75D4, 0x75D4, 0x6DB3,
    0x8636, 0x7DF4, 0x75B3, 0x6DB3, 0x6DB3, 0x6DB3, 0x75D4, 0x7DF4, 0x6DB3, 0x6DB3, 0x6DB3, 0x6592, 0x6593, 0x7DF4, 0x7DF4, 0x6DB3,
    0x6DB3, 0x6DB3, 0x6DB3, 0x75D3, 0x6DB3, 0x6DB3, 0x75D4, 0x7DF4, 0x75D4, 0x6DB3, 0x6D93, 0x6593, 0x6DB3, 0x6DB3, 0x6DB3, 0x6DB3,
    0x6D92, 0x6DB3, 0x75B3, 0x6DB3, 0x75B3, 0x6DB3, 0x75D3, 0x7DD4, 0x75B3, 0x6DB3, 0x6DB3, 0x6D93, 0x6DB3, 0x75D3, 0x75D3, 0x75B3
};

const short ground_tile_156[TILE_SIZE * TILE_SIZE] = {
    0x75B3, 0x6DB3, 0x6DB3, 0x6DB3, 0x6592, 0x6D93, 0x6DB3, 0x6D93, 0x6D93, 0x6DB3, 0x75D4, 0x7DD4, 0x6DB3, 0x6D93, 0x6D93, 0x6DB3,
    0x6DB3, 0x75B3, 0x75B3, 0x6D93, 0x6592, 0x7DF4, 0x7DF4, 0x6DB3, 0x6DB3, 0x6DB3, 0x75D4, 0x8E56, 0x75D4, 0x6D93, 0x6D72, 0x6D72,
    0x6DB3, 0x6DB3, 0x6DB3, 0x6DB3, 0x6592, 0x6D93, 0x6DB3, 0x6DB3, 0x6DB3, 0x6DB3, 0x6DB3, 0x6DB3, 0x6D93, 0x6592, 0x6572, 0x6D72,
    0x6DB3, 0x6DB3, 0x6D93, 0x6D92, 0x6D92, 0x6D93, 0x6DB3, 0x6DB3, 0x6DB3, 0x75D4, 0x75D4, 0x6DB3, 0x6DB3, 0x6D93, 0x6592, 0x6572,
    0x6D93, 0x6D93, 0x6D93, 0x6D93, 0x6DB3, 0x6DB3, 0x6DB3, 0x75D3, 0x75D3, 0x75D3, 0x75D3, 0x75B3, 0x75B3, 0x6DB3, 0x6DB3, 0x6DB3,
    0x6DB3, 0x6DB3, 0x75B3, 0x75D3, 0x6DB3, 0x6DB3, 0x75B3, 0x75D3, 0x75D3, 0x75B3, 0x6DB3, 0x6DB3, 0x6DB3, 0x6DB3, 0x6DB3, 0x6DB3,
    0x6DB3, 0x6DB3, 0x6DB3, 0x75D4, 0x7DF4, 0x75D4, 0x75D4, 0x75D3, 0x75D3, 0x75D3, 0x6DB3, 0x6DB3, 0x75D4, 0x75D3, 0x6DB3, 0x6DB3,
    0x75B3, 0x6DB3, 0x75B3, 0x7DF4, 0x9657, 0x8615, 0x75D4, 0x75D3, 0x7DF4, 0x6DB3, 0x6DB3, 0x75F4, 0x8615, 0x7DF4, 0x75D4, 0x6DD4,
    0x75D4, 0x75B3, 0x75B3, 0x75D4, 0x6DD4, 0x75D4, 0x75D4, 0x6DB3, 0x6DB3, 0x6DB3, 0x75D4, 0x7DF4, 0x6DB3, 0x6DD3, 0x6DD4, 0x6DB3,
    0x6DB3, 0x6DB3, 0x75B3, 0x75D3, 0x6DD4, 0x75D4, 0x75D4, 0x75D4, 0x75D4, 0x75D4, 0x75D3, 0x6DB3, 0x6DB3, 0x6DB3, 0x6DD3, 0x75D4,
    0x6D93, 0x75B3, 0x75D3, 0x6DD3, 0x7DF4, 0x75D4, 0x6DD4, 0x6DD3, 0x6DD4, 0x75D4, 0x75D4, 0x75B3, 0x75D3, 0x6DB3, 0x6DB3, 0x6DB3,
    0x6D93, 0x6DB3, 0x6DB3, 0x6DB3, 0x6DB3, 0x6DB3, 0x75D4, 0x75F4, 0x75D3, 0x6DD3, 0x6DB3, 0x6DB3, 0x75D4, 0x75D3, 0x75D3, 0x75B3,
    0x6DD3, 0x6DD3, 0x6DB3, 0x6DD3, 0x7DF4, 0x75F4, 0x75D4, 0x6DD3, 0x75D4, 0x75D4, 0x75D3, 0x75B3, 0x75D4, 0x6DB3, 0x6D93, 0x6D93,
    0x6DB3, 0x6DB3, 0x6DB3, 0x75D4, 0x8615, 0x7DF4, 0x75D4, 0x75D3, 0x75D3, 0x6DB3, 0x75D4, 0x7DF4, 0x75D4, 0x6DB3, 0x6D93, 0x6D93,
    0x6D93, 0x6D93, 0x6D93, 0x6D93, 0x6DB3, 0x6DB3, 0x6DB3, 0x75D3, 0x6D93, 0x6DB3, 0x75D4, 0x7DD4, 0x75B3, 0x6DB3, 0x6D93, 0x6D93,
    0x75B3, 0x75B3, 0x6DB3, 0x6D92, 0x6D93, 0x6D93, 0x6DB3, 0x75B3, 0x75B3, 0x6DB3, 0x6DB3, 0x75B3, 0x6DB3, 0x6DB3, 0x6D93, 0x6D93
};

const short ground_tile_157[TILE_SIZE * TILE_SIZE] = {
    0x6DB3, 0x6DB3, 0x6DB3, 0x6DB3, 0x6DB3, 0x6DB3, 0x6DB3, 0x6DB3, 0x6D93, 0x6DB3, 0x6DB3, 0x6DB3, 0x6DB3, 0x75B3, 0x75B3, 0x7593,
    0x6D93, 0x6D93, 0x75D4, 0x75D4, 0x75B3, 0x75B3, 0x6DB3, 0x6D92, 0x6592, 0x6DB3, 0x6DB3, 0x6D92, 0x75B3, 0x6DB3, 0x6DB3, 0x75B3,
    0x6D93, 0x6D93, 0x6DB3, 0x6DB3, 0x6DB3, 0x6DB3, 0x6DB3, 0x6DB3, 0x6592, 0x6DB3, 0x6DB3, 0x6D92, 0x6DB3, 0x75D3, 0x75D3, 0x75B3,
    0x6DB3, 0x7DD4, 0x75D4, 0x6572, 0x6DB3, 0x75B3, 0x75B3, 0x6DB3, 0x6D93, 0x6DB3, 0x6DB3, 0x6DB3, 0x6DB3, 0x7DF4, 0x85F5, 0x7DD4,
    0x7DF4, 0x75D4, 0x6DB3, 0x6D92, 0x6DB3, 0x75D3, 0x75B3, 0x6DB3, 0x75D3, 0x75B3, 0x6DB3, 0x75B3, 0x6D93, 0x75D4, 0x7DD4, 0x75B3,
    0x75D3, 0x6DB3, 0x6DB3, 0x6DB3, 0x75D3, 0x75D3, 0x75D4, 0x75D3, 0x6DB3, 0x6DB3, 0x6DB3, 0x75B3, 0x75B3, 0x6DB3, 0x6DB3, 0x6DB3,
    0x6DB3, 0x6DB3, 0x6DB3, 0x6D93, 0x6DB3, 0x6DB3, 0x75B3, 0x75D4, 0x8615, 0x75D4, 0x75B3, 0x75B3, 0x75B3, 0x6DB3, 0x6DB3, 0x6DD3,
    0x6DB3, 0x6DB3, 0x6DB3, 0x6572, 0x6D93, 0x6D93, 0x6D93, 0x75B3, 0x9E77, 0x8E15, 0x75D4, 0x6DB3, 0x75B3, 0x6DB3, 0x6DB3, 0x75F4,
    0x6DD3, 0x6DB3, 0x6D93, 0x6D93, 0x75B3, 0x6D93, 0x6D93, 0x75B3, 0x6DB3, 0x6DB3, 0x6DB3, 0x6592, 0x6DB3, 0x6DD3, 0x75F4, 0x7E15,
    0x7DD4, 0x6DB3, 0x6D93, 0x6D93, 0x6D93, 0x6D93, 0x6D93, 0x6D93, 0x6D93, 0x6DB3, 0x75B3, 0x75B3, 0x6DB3, 0x6DD3, 0x75D3, 0x75D3,
    0x6DB3, 0x6D92, 0x6572, 0x6D72, 0x6D92, 0x6D93, 0x7593, 0x6D93, 0x6D93, 0x6D93, 0x6D93, 0x6DB3, 0x75B3, 0x75D4, 0x75D4, 0x75D3,
    0x6D72, 0x6D92, 0x6D92, 0x6D92, 0x6D93, 0x75B3, 0x75B3, 0x75B3, 0x6D93, 0x6D93, 0x6DB3, 0x6DB3, 0x75B3, 0x6DB3, 0x6DB3, 0x6DD3,
    0x6DB3, 0x7DD4, 0x75D4, 0x6DB3, 0x6DB3, 0x6DB3, 0x6DD3, 0x75D4, 0x7E15, 0x75D4, 0x6DB3, 0x6DB3, 0x75B3, 0x75B3, 0x75D3, 0x75D4,
    0x6DB3, 0x7DF4, 0x7DF4, 0x6DB3, 0x6DB3, 0x6DB3, 0x6DB3, 0x75D3, 0x8615, 0x75D4, 0x6DB3, 0x6DB3, 0x6DB3, 0x6DB3, 0x75D4, 0x85F5,
    0x6DB3, 0x6DB3, 0x6DB3, 0x6DB3, 0x6DB3, 0x6DB3, 0x6DB3, 0x75D3, 0x6DB3, 0x6DB3, 0x6DB3, 0x75B3, 0x6D93, 0x6DB3, 0x7DD4, 0x7DD4,
    0x6DB3, 0x6DB3, 0x6DB3, 0x6DB3, 0x75D3, 0x75D3, 0x6DB3, 0x6592, 0x6DB3, 0x6DB3, 0x75B3, 0x75D4, 0x75B3, 0x75B3, 0x75B3, 0x75B3
};

const short ground_tile_158[TILE_SIZE * TILE_SIZE] = {
    0x7593, 0x75B3, 0x75B3, 0x6D93, 0x6DB3, 0x6DB3, 0x75B3, 0x6DB3, 0x6D92, 0x6DB3, 0x6DB3, 0x6DB3, 0x6D93, 0x6DB3, 0x6DB3, 0x6D93,
    0x75B3, 0x6D92, 0x6D92, 0x6D92, 0x6D92, 0x7DD4, 0x7DD4, 0x6D93, 0x6DB3, 0x75B3, 0x75D3, 0x6DB3, 0x6D93, 0x75D3, 0x75D3, 0x6DB3,
    0x6D93, 0x6D92, 0x6D92, 0x6D92, 0x6D92, 0x6DB3, 0x6DB3, 0x6D93, 0x6DB3, 0x6DB3, 0x6DB3, 0x6DB3, 0x6592, 0x6D93, 0x6D93, 0x6D93,
    0x7DF4, 0x75D3, 0x6DB3, 0x6DB3, 0x75B3, 0x75B3, 0x75B3, 0x6D93, 0x6DB3, 0x6DB3, 0x75B3, 0x75B3, 0x6D93, 0x6D93, 0x6D93, 0x6D93,
    0x7DF4, 0x75D3, 0x6DB3, 0x75B3, 0x85F4, 0x75B3, 0x75B3, 0x75B3, 0x6D93, 0x75B3, 0x75B3, 0x75B3, 0x75B3, 0x75B3, 0x6DB3, 0x6D93,
    0x75D3, 0x75B3, 0x6DB3, 0x75B3, 0x7DD4, 0x75B3, 0x6DB3, 0x75D3, 0x75B3, 0x75B3, 0x75B3, 0x75D3, 0x75B3, 0x75B3, 0x75B3, 0x75B3,
    0x7E14, 0x75D4, 0x75D3, 0x75D3, 0x75D3, 0x75B3, 0x6DB3, 0x75B3, 0x6DB3, 0x6DB3, 0x75B3, 0x75D3, 0x7DF4, 0x7DD4, 0x75D4, 0x7DD4,
    0x9E97, 0x8615, 0x75D3, 0x75F4, 0x75D3, 0x75B3, 0x6DB3, 0x6D92, 0x6D93, 0x6DB3, 0x6DB3, 0x75D4, 0x9657, 0x8635, 0x75D4, 0x75D4,
    0x7DF4, 0x75F4, 0x75D4, 0x6DD3, 0x6DB3, 0x6DB3, 0x6DB3, 0x75D3, 0x6DB3, 0x6D93, 0x6D93, 0x75D3, 0x75D4, 0x6DD4, 0x6DD3, 0x6DB3,
    0x75D4, 0x75D3, 0x6DD3, 0x6DB3, 0x75D3, 0x6DB3, 0x6DB3, 0x6DB3, 0x6DB3, 0x6DB3, 0x6DB3, 0x75B3, 0x6DB3, 0x6DB3, 0x6DB3, 0x6DB3,
    0x75F4, 0x75F4, 0x6DD3, 0x6DB3, 0x7DF4, 0x6DB3, 0x6592, 0x6D93, 0x6DB3, 0x75D3, 0x75B3, 0x6DB3, 0x6DB3, 0x6DB3, 0x6D93, 0x6DB3,
    0x7DF4, 0x7DF4, 0x75D4, 0x6DB3, 0x75D3, 0x6DB3, 0x6DB3, 0x6D93, 0x6DB3, 0x75D3, 0x75D3, 0x6DB3, 0x6DB3, 0x6DB3, 0x75D3, 0x75D4,
    0x75D4, 0x75D3, 0x6DB3, 0x6DB3, 0x6DB3, 0x7DF4, 0x7DF4, 0x6DB3, 0x6DB3, 0x6DB3, 0x6DB3, 0x6DD3, 0x85F5, 0x7DD4, 0x75D3, 0x6DB3,
    0x75B3, 0x6D93, 0x6592, 0x6D92, 0x6DB3, 0x7DF5, 0x7E14, 0x6DB3, 0x6DB3, 0x6DB3, 0x6DB3, 0x6DB3, 0x8615, 0x7DD4, 0x75B3, 0x75B3,
    0x75B3, 0x6D92, 0x6592, 0x6D92, 0x6D92, 0x6592, 0x6592, 0x6592, 0x6DB3, 0x6DB3, 0x6DB3, 0x75B3, 0x6DB3, 0x6D93, 0x6D93, 0x75B3,
    0x75B3, 0x75B3, 0x6DB3, 0x6D92, 0x6D93, 0x6DB3, 0x6DB3, 0x75D4, 0x75D4, 0x6DB3, 0x6DB3, 0x6D93, 0x6DB3, 0x6DB3, 0x6DB3, 0x6DB3
};

const short ground_tile_159[TILE_SIZE * TILE_SIZE] = {
    0x6D92, 0x6DB3, 0x75D4, 0x7DD4, 0x6D72, 0x6572, 0x6D93, 0x75B3, 0x6DB3, 0x6DB3, 0x6DB3, 0x6DB3, 0x6D93, 0x6D93, 0x6D93, 0x6D93,
    0x6DB3, 0x6DD4, 0x7E15, 0x8E56, 0x6D93, 0x6552, 0x6D72, 0x75B3, 0x6DB3, 0x75B3, 0x75D3, 0x75D3, 0x75B3, 0x75B3, 0x6DB3, 0x6D92,
    0x6DB3, 0x6D93, 0x6DB3, 0x6DB3, 0x6DB3, 0x6592, 0x6592, 0x6D93, 0x6D93, 0x6DB3, 0x6DB3, 0x6592, 0x6D93, 0x6DB3, 0x6DB3, 0x6DB3,
    0x6D93, 0x6DB3, 0x6DB3, 0x6D93, 0x6DB3, 0x6DD3, 0x6DB3, 0x6D92, 0x75B3, 0x7DD4, 0x75D4, 0x6592, 0x6D93, 0x6DB3, 0x75B3, 0x75D3,
    0x6D93, 0x6DB3, 0x6DB3, 0x6DB3, 0x6DB3, 0x75D3, 0x75D4, 0x75D4, 0x75D4, 0x6DB3, 0x6D93, 0x6D92, 0x6D93, 0x6DB3, 0x75B3, 0x6DB3,
    0x75B3, 0x6DB3, 0x6DB3, 0x6DB3, 0x75D4, 0x6DB3, 0x6DB3, 0x75B3, 0x6DB3, 0x6D93, 0x6D92, 0x6D93, 0x75B3, 0x6D93, 0x75B3, 0x75D3,
    0x75D3, 0x6DB3, 0x6DB3, 0x6DB3, 0x75D4, 0x6DB3, 0x6D93, 0x6DB3, 0x6D93, 0x6D93, 0x6D93, 0x6D93, 0x6D93, 0x6D93, 0x6D93, 0x75B3,
    0x7DD4, 0x6DB3, 0x6DB3, 0x75D4, 0x8615, 0x75D4, 0x6DB3, 0x6DD3, 0x6592, 0x6D92, 0x6D93, 0x6D93, 0x75B3, 0x75B3, 0x75B3, 0x75D4,
    0x75D3, 0x75D3, 0x75D4, 0x75D4, 0x6592, 0x6DB3, 0x6DD3, 0x75D4, 0x6D93, 0x6D93, 0x6DB3, 0x6DB3, 0x75D4, 0x6D93, 0x6D93, 0x75B4,
    0x6DD3, 0x6DB3, 0x6DB3, 0x6DB3, 0x6DB3, 0x6DB3, 0x6DB3, 0x6DB3, 0x75B3, 0x6DB3, 0x6D93, 0x6592, 0x6D93, 0x6DB3, 0x75B3, 0x6DB3,
    0x6DB3, 0x6DB3, 0x6DB3, 0x6D93, 0x6DB3, 0x6D93, 0x6592, 0x6592, 0x6DB3, 0x6D92, 0x6592, 0x6D92, 0x6D93, 0x6D93, 0x6DB3, 0x75D4,
    0x6DB3, 0x6D93, 0x6D93, 0x6D92, 0x75B3, 0x75B3, 0x6DB3, 0x6DB3, 0x6D92, 0x6D93, 0x6D93, 0x6D93, 0x6DB3, 0x6DB3, 0x75D4, 0x75F4,
    0x6DB3, 0x6DB3, 0x6DB3, 0x6DB3, 0x75B3, 0x6DB3, 0x6D93, 0x6D93, 0x6DB3, 0x7DD4, 0x75D4, 0x6DB3, 0x6DB3, 0x6DB3, 0x75D4, 0x7DF4,
    0x6DB3, 0x6DB3, 0x75D4, 0x7DF4, 0x75B3, 0x6D93, 0x6592, 0x6592, 0x6DB3, 0x7DF5, 0x7DF5, 0x6DD3, 0x6DD3, 0x6DB3, 0x75D3, 0x75F4,
    0x75B3, 0x75B3, 0x7DD4, 0x7DF4, 0x75B3, 0x6DB3, 0x6D93, 0x6593, 0x6DB3, 0x6D93, 0x6D92, 0x6592, 0x6DB3, 0x6DB3, 0x75D4, 0x8635,
    0x75D4, 0x75D4, 0x75D3, 0x6DB3, 0x75D3, 0x6DB3, 0x6D93, 0x6DB3, 0x6DB3, 0x6DB3, 0x6DB3, 0x6DB3, 0x6DB3, 0x6DB3, 0x6DB3, 0x6DB3
};

const short ground_tile_160[TILE_SIZE * TILE_SIZE] = {
    0x6DB3, 0x6DB3, 0x6DB3, 0x6D93, 0x6DB3, 0x6D92, 0x6DB3, 0x7DF4, 0x75B3, 0x6D72, 0x6572, 0x6D93, 0x6D92, 0x6D93, 0x6DB3, 0x6DB3,
    0x6DB3, 0x75B3, 0x6DB3, 0x75B3, 0x75B3, 0x6DB3, 0x6D93, 0x6D93, 0x6D92, 0x6D93, 0x6D72, 0x6572, 0x6DB3, 0x6DB3, 0x6DB3, 0x6DB3,
    0x8E35, 0x7DF4, 0x7DD4, 0x75D3, 0x75B3, 0x75B3, 0x6DB3, 0x6D92, 0x6DB3, 0x6D93, 0x6D92, 0x6D92, 0x75B3, 0x7DF4, 0x7DF4, 0x75D4,
    0x75D3, 0x75D4, 0x75D4, 0x75B3, 0x6DB3, 0x6DB3, 0x6DB3, 0x6592, 0x6D93, 0x6D92, 0x6D93, 0x75B3, 0x7DF4, 0x75D4, 0x6DB3, 0x6DD3,
    0x6DD3, 0x6DB3, 0x75B3, 0x75B3, 0x6D93, 0x6DB3, 0x6DB3, 0x6DB3, 0x6DB3, 0x75B3, 0x75D3, 0x6DB3, 0x75D4, 0x6DB3, 0x6DB3, 0x6DB3,
    0x75D4, 0x75D3, 0x75D3, 0x75D4, 0x75D3, 0x75B3, 0x75D3, 0x75D4, 0x75D3, 0x6DB3, 0x6DB3, 0x6DB3, 0x6DB3, 0x6D93, 0x6DB3, 0x75D3,
    0x9656, 0x7DF5, 0x75B3, 0x75B3, 0x75F4, 0x75D3, 0x75D4, 0x85F5, 0x8E16, 0x75B3, 0x6592, 0x6DB3, 0x6D92, 0x6D92, 0x75B3, 0x7DF4,
    0x75D4, 0x75D4, 0x6DB3, 0x6D93, 0x6DD3, 0x7DF4, 0x7DF4, 0x7DD4, 0x75B3, 0x6DB3, 0x6D93, 0x6D92, 0x6DB3, 0x6D93, 0x6D92, 0x6572,
    0x6DB3, 0x6DB3, 0x6DB3, 0x6592, 0x6592, 0x6D92, 0x6DB3, 0x75B3, 0x6D93, 0x6D92, 0x6592, 0x6D93, 0x85F5, 0x75B3, 0x6D72, 0x6572,
    0x6DB3, 0x6DB3, 0x6592, 0x6572, 0x6572, 0x6592, 0x6592, 0x6D93, 0x75B3, 0x6D93, 0x6592, 0x6D93, 0x75B3, 0x6D93, 0x6D93, 0x6D93,
    0x6DB3, 0x6DB3, 0x6DB3, 0x6D93, 0x75B3, 0x6D93, 0x6593, 0x6DB3, 0x6DB3, 0x6D93, 0x6D93, 0x6D93, 0x6D93, 0x6DB3, 0x6DB3, 0x6D93,
    0x6DB3, 0x6DB3, 0x6DB3, 0x6D93, 0x6D93, 0x6D93, 0x6DB3, 0x6DB3, 0x6DB3, 0x6D93, 0x6D93, 0x6D93, 0x6D93, 0x6D93, 0x6D93, 0x6593,
    0x7E15, 0x6DD4, 0x6DB3, 0x6DB3, 0x6DB3, 0x6D93, 0x75B3, 0x7DF4, 0x75D4, 0x6DB3, 0x6D92, 0x6D92, 0x6D93, 0x6D93, 0x6DB3, 0x6DB3,
    0x9677, 0x7E15, 0x6DB3, 0x6DB3, 0x6D93, 0x6DB3, 0x75D4, 0x85F5, 0x75B3, 0x6D93, 0x6DB3, 0x75D3, 0x6DB3, 0x6DD3, 0x8615, 0x9656,
    0x6DB3, 0x6DB3, 0x6DB3, 0x6D92, 0x6D92, 0x6DB3, 0x75B3, 0x75D4, 0x6DB3, 0x6592, 0x6592, 0x6D92, 0x75D3, 0x6DB3, 0x6DB3, 0x75D3,
    0x6D93, 0x7DD4, 0x75D4, 0x6572, 0x6D93, 0x6D93, 0x75D4, 0x8E36, 0x75D4, 0x6D93, 0x6572, 0x6D93, 0x8E16, 0x75D4, 0x6592, 0x6592
};

const short ground_tile_161[TILE_SIZE * TILE_SIZE] = {
    0x6DB3, 0x7DF4, 0x7DF4, 0x6DB3, 0x6D93, 0x6DB3, 0x6D93, 0x6D72, 0x6D92, 0x6D92, 0x6DB3, 0x75D4, 0x75D4, 0x6DB3, 0x6D92, 0x6572,
    0x6DB3, 0x6DB3, 0x6DD3, 0x6DD3, 0x6DB3, 0x6DB3, 0x6D93, 0x6D92, 0x6D92, 0x6D93, 0x75B3, 0x6DB3, 0x6DB3, 0x6D92, 0x6D92, 0x6D92,
    0x6DB3, 0x6DB3, 0x6DB3, 0x6DB3, 0x7DF5, 0x7DF4, 0x75D3, 0x75B3, 0x6DB3, 0x75B3, 0x75B3, 0x6DB3, 0x75B3, 0x75B3, 0x6D93, 0x6592,
    0x6DB3, 0x6DB3, 0x6DB3, 0x6D93, 0x6DB3, 0x75D4, 0x75D4, 0x75D3, 0x75D3, 0x75B3, 0x6DB3, 0x6D93, 0x6DB3, 0x6DB3, 0x75B3, 0x75B3,
    0x6DB3, 0x6DB3, 0x6DB3, 0x6DB3, 0x6DB3, 0x6DB3, 0x75B3, 0x75B3, 0x75B3, 0x75B3, 0x6D93, 0x6D93, 0x6DB3, 0x75B3, 0x75B3, 0x6D93,
    0x75D4, 0x75D3, 0x6DD3, 0x6DB3, 0x75D4, 0x75D3, 0x75B3, 0x75D3, 0x75D3, 0x75B3, 0x75B3, 0x75B3, 0x75D4, 0x75B3, 0x6D93, 0x6D93,
    0x7DF4, 0x75D3, 0x6DD3, 0x75D3, 0x8615, 0x7DF4, 0x75D4, 0x75D3, 0x7DF4, 0x75D3, 0x75D4, 0x7DF5, 0x8E36, 0x75B3, 0x6D92, 0x6DB3,
    0x6592, 0x6DB3, 0x75D3, 0x75D3, 0x75F4, 0x75D4, 0x75D3, 0x75D3, 0x75D4, 0x7DF4, 0x75D4, 0x75B3, 0x6DB3, 0x6D93, 0x6DB3, 0x6DB3,
    0x6D72, 0x6D92, 0x6DB3, 0x75D4, 0x8615, 0x7DF4, 0x75B3, 0x6D92, 0x6D92, 0x6DB3, 0x75D3, 0x7DF4, 0x75D4, 0x6DB3, 0x6D93, 0x6D92,
    0x7593, 0x75B3, 0x75B3, 0x6D93, 0x6D93, 0x6D93, 0x6D92, 0x6572, 0x6D92, 0x6DB3, 0x6DD3, 0x75D4, 0x75D4, 0x6DB3, 0x6D93, 0x6D93,
    0x75B3, 0x75B4, 0x75B4, 0x6DB3, 0x6DB3, 0x6D93, 0x6D92, 0x6D93, 0x75D3, 0x75B3, 0x6DB3, 0x6DB3, 0x75B3, 0x6DB3, 0x6D93, 0x6DB3,
    0x6D93, 0x6DB3, 0x75B3, 0x75D4, 0x7DF4, 0x75D4, 0x6DB3, 0x6DB3, 0x75B3, 0x6DB3, 0x6DB3, 0x6D93, 0x6D93, 0x6D93, 0x6D93, 0x6DB3,
    0x6DB3, 0x6D93, 0x6DB3, 0x75D4, 0x8E36, 0x8615, 0x75D4, 0x6DB3, 0x6DB3, 0x6DB3, 0x75D3, 0x7DF4, 0x6D93, 0x6D92, 0x6D93, 0x6D93,
    0x6DB3, 0x6593, 0x6592, 0x6572, 0x6DB3, 0x6DB3, 0x6DB3, 0x6DB3, 0x6DB3, 0x6DB3, 0x75D4, 0x85F5, 0x6D93, 0x6D93, 0x6DB3, 0x75B3,
    0x6D92, 0x6D93, 0x6D93, 0x6D93, 0x6592, 0x6DB3, 0x6DB3, 0x6DB3, 0x6DB3, 0x75B3, 0x75D4, 0x75D4, 0x6DB3, 0x6D92, 0x6D92, 0x6D93,
    0x6D92, 0x6D93, 0x6DB3, 0x6D93, 0x6592, 0x7DF4, 0x7DF5, 0x6DB3, 0x6DB3, 0x75B3, 0x7DD4, 0x85F5, 0x75D3, 0x6D93, 0x6D92, 0x6D93
};

const short ground_tile_162[TILE_SIZE * TILE_SIZE] = {
    0x6D92, 0x6D93, 0x6D93, 0x6DB3, 0x75D4, 0x75B3, 0x75B3, 0x6DB3, 0x6DB3, 0x75D4, 0x75D3, 0x6DB3, 0x6D93, 0x6D93, 0x6D93, 0x6DB3,
    0x6D92, 0x6DB3, 0x6DB3, 0x6592, 0x6D92, 0x6DB3, 0x6DB3, 0x75D3, 0x75D4, 0x75B3, 0x6DB3, 0x75B3, 0x75B3, 0x75D4, 0x75D4, 0x75D3,
    0x75D4, 0x85F5, 0x7DD4, 0x6572, 0x6D93, 0x6D93, 0x6DB3, 0x75D3, 0x9636, 0x7DF4, 0x6DB3, 0x75B3, 0x75B3, 0x7DD4, 0x7DF4, 0x7DD4,
    0x7DD4, 0x75B3, 0x6D93, 0x6DB3, 0x6DB3, 0x6D93, 0x6D93, 0x6DB3, 0x7DF4, 0x75D4, 0x75D4, 0x75D3, 0x6DB3, 0x6DB3, 0x6D93, 0x6D93,
    0x75D4, 0x6DB3, 0x6D92, 0x6D93, 0x6D93, 0x6DB3, 0x75B3, 0x75B3, 0x75D3, 0x75B3, 0x75B3, 0x75D4, 0x75D3, 0x6D93, 0x6D93, 0x6DB3,
    0x6D93, 0x6D93, 0x6DB3, 0x75B3, 0x75B3, 0x75B3, 0x75B3, 0x6DB3, 0x7DF4, 0x7DD4, 0x75D4, 0x75D4, 0x75B3, 0x6DB3, 0x6DB3, 0x6DD3,
    0x6D92, 0x6D93, 0x75D4, 0x7DF5, 0x75B3, 0x75B3, 0x6DB3, 0x6DB3, 0x9656, 0x8E15, 0x7DD4, 0x6DB3, 0x6DB3, 0x6DD3, 0x75D4, 0x7DF4,
    0x6D93, 0x6D93, 0x6DB3, 0x75D3, 0x6DB3, 0x75B3, 0x75B3, 0x6D93, 0x75D4, 0x6DB3, 0x6D93, 0x6D93, 0x75D3, 0x6DD3, 0x6DB3, 0x6D93,
    0x75B3, 0x6DB3, 0x6D93, 0x6592, 0x6592, 0x75B4, 0x7DD4, 0x75B4, 0x6D92, 0x6D93, 0x6DB3, 0x75D4, 0x6DB3, 0x75D4, 0x7DF4, 0x7DD4,
    0x7DF4, 0x75D4, 0x6DB3, 0x6D93, 0x6592, 0x6D92, 0x6DB3, 0x6DB3, 0x6D93, 0x6DB3, 0x75D4, 0x75D4, 0x6DB3, 0x6DB3, 0x6DB3, 0x6DB3,
    0x8E16, 0x7DD4, 0x6DB3, 0x6592, 0x6DB3, 0x6DB3, 0x6DB3, 0x6DB3, 0x75D4, 0x7DF4, 0x7DF4, 0x75D4, 0x85F5, 0x75D4, 0x6D93, 0x6592,
    0x7DD4, 0x75D4, 0x6DB3, 0x6D93, 0x6DB3, 0x75B3, 0x6DB3, 0x6DB3, 0x6DB3, 0x6DB3, 0x6DB3, 0x6DB3, 0x75B3, 0x6DB3, 0x6DB3, 0x6DB3,
    0x6D93, 0x6D93, 0x6D93, 0x6D93, 0x6D93, 0x6DB3, 0x6DB3, 0x6DB3, 0x6DB3, 0x6DB3, 0x6DB3, 0x6DB3, 0x6DD3, 0x6DB3, 0x6DB3, 0x75D4,
    0x6DB3, 0x6DB3, 0x6D93, 0x6D92, 0x6D93, 0x6D93, 0x6DB3, 0x75D4, 0x9677, 0x8E36, 0x75D4, 0x6DB3, 0x6D93, 0x6DB3, 0x7DD4, 0x8615,
    0x6DB3, 0x6D93, 0x6592, 0x6592, 0x6D93, 0x6DB3, 0x75B3, 0x6DB3, 0x75D4, 0x75D4, 0x6DB3, 0x6D92, 0x6D92, 0x6DB3, 0x75D3, 0x75D4,
    0x75D4, 0x6DB3, 0x6D92, 0x6D93, 0x6DB3, 0x75B3, 0x75B3, 0x6D93, 0x6DB3, 0x6DB3, 0x75B3, 0x6DB3, 0x6DB3, 0x6DB3, 0x75D3, 0x7DF4
};

const short ground_tile_163[TILE_SIZE * TILE_SIZE] = {
    0x75D3, 0x6D93, 0x6D92, 0x6DB3, 0x6DB3, 0x6DB3, 0x6DB3, 0x75D4, 0x75F4, 0x7DD4, 0x75B3, 0x6D93, 0x6592, 0x6DB3, 0x6DB3, 0x6D93,
    0x6D92, 0x6D93, 0x6D93, 0x6D92, 0x6DB3, 0x6DB3, 0x6DB3, 0x6DB3, 0x6DD3, 0x6DB3, 0x6DB3, 0x6DB3, 0x6DB3, 0x6D93, 0x6D93, 0x6D92,
    0x6DB3, 0x6DB3, 0x6DB3, 0x6DB3, 0x7DF4, 0x8615, 0x7DF4, 0x6DB3, 0x6DB3, 0x6DB3, 0x6D93, 0x6DB3, 0x8E36, 0x7DF4, 0x75B3, 0x6D93,
    0x6D92, 0x6DB3, 0x75D3, 0x75D4, 0x7DF5, 0x75D4, 0x6DB3, 0x6DB3, 0x6DB3, 0x6DB3, 0x6DB3, 0x6DB3, 0x9656, 0x7E15, 0x75B3, 0x6DB3,
    0x6D93, 0x6DB3, 0x6DB3, 0x6DB3, 0x75D4, 0x75B3, 0x6DB3, 0x6DB3, 0x6DB3, 0x6DB3, 0x75B3, 0x75D4, 0x75D3, 0x6DB3, 0x6DB3, 0x75B3,
    0x75D3, 0x75B3, 0x6DB3, 0x6DB3, 0x6DB3, 0x6DB3, 0x75D4, 0x75D4, 0x75D3, 0x75B3, 0x75B3, 0x75B3, 0x6D93, 0x6DB3, 0x6DB3, 0x75B3,
    0x7DF4, 0x75B3, 0x6DB3, 0x6DB3, 0x6D93, 0x75D3, 0x7DF4, 0x7E15, 0x7DF4, 0x75D3, 0x6DB3, 0x6DB3, 0x6DB3, 0x75B3, 0x75B3, 0x6DB3,
    0x6DB3, 0x6DB3, 0x6DB3, 0x6D93, 0x6DB3, 0x6D93, 0x6D93, 0x6DB3, 0x75D3, 0x75B3, 0x6DB3, 0x75B3, 0x7DF4, 0x7DF4, 0x75F4, 0x6DB3,
    0x6DB3, 0x6D93, 0x6592, 0x6D93, 0x7DD4, 0x75B4, 0x6DB3, 0x75B3, 0x6DB3, 0x6D93, 0x6DB3, 0x75B3, 0x6DB3, 0x75D4, 0x75D4, 0x75B3,
    0x75B3, 0x6D93, 0x6572, 0x6592, 0x6DB3, 0x6DB3, 0x6DB3, 0x6DB3, 0x6D93, 0x6D93, 0x6DB3, 0x6DB3, 0x6592, 0x6DB3, 0x6DB3, 0x6DB3,
    0x6D92, 0x6D72, 0x6D93, 0x6DB3, 0x75B3, 0x75B3, 0x6D93, 0x6D92, 0x6D93, 0x75B3, 0x75B4, 0x75B3, 0x6DB3, 0x6DB3, 0x6DB3, 0x75D3,
    0x6D93, 0x6D93, 0x6D93, 0x6D93, 0x6DB3, 0x6DB3, 0x6D93, 0x6D93, 0x6DB3, 0x6DB3, 0x6DB3, 0x75D4, 0x6DB3, 0x6D93, 0x6DB3, 0x6DB3,
    0x6DB3, 0x6592, 0x6572, 0x6D93, 0x6DB3, 0x75B3, 0x75B3, 0x6DB3, 0x6DB3, 0x6DB3, 0x6DB3, 0x6DB3, 0x6DD3, 0x6DB3, 0x75B3, 0x75B3,
    0x6592, 0x6572, 0x6DB3, 0x7DD4, 0x6DB3, 0x75D3, 0x7DF4, 0x8615, 0x75D4, 0x6DD3, 0x6DB3, 0x6DB3, 0x8E77, 0x8636, 0x75F4, 0x6DB3,
    0x6DB3, 0x6DB3, 0x75B3, 0x75B3, 0x6DB3, 0x6DB3, 0x6DB3, 0x75D3, 0x6DB3, 0x6DB3, 0x6DB3, 0x6593, 0x6DB3, 0x6DD3, 0x75D3, 0x6DB3,
    0x75D3, 0x75B3, 0x75B3, 0x75B3, 0x6DB3, 0x75B3, 0x6DB3, 0x6D92, 0x6DB3, 0x75D4, 0x75B3, 0x6572, 0x6592, 0x7DF4, 0x7DF4, 0x6DB3
};

const short ground_tile_164[TILE_SIZE * TILE_SIZE] = {
    0x6DB3, 0x6D93, 0x6DB3, 0x75F4, 0x6DB3, 0x6DB3, 0x6D93, 0x6D92, 0x6DB3, 0x6DB3, 0x6D93, 0x6D93, 0x6DB3, 0x75B3, 0x6DB3, 0x6D93,
    0x6DB3, 0x75D3, 0x75B3, 0x6DB3, 0x6DB3, 0x6DB3, 0x6D93, 0x6D92, 0x75B3, 0x75B3, 0x6DB3, 0x6D93, 0x6DB3, 0x6DB3, 0x6DB3, 0x6DB3,
    0x6DB3, 0x75D4, 0x7DD4, 0x75B3, 0x75B3, 0x6DB3, 0x6DB3, 0x6DB3, 0x75D4, 0x7E15, 0x7DF4, 0x6DB3, 0x6DB3, 0x6DB3, 0x6DB3, 0x6DB3,
    0x6DB3, 0x75D3, 0x75D3, 0x6DB3, 0x6DB3, 0x6DB3, 0x6DB3, 0x75D4, 0x7DF4, 0x75D4, 0x75D4, 0x75F4, 0x6DD3, 0x6DB3, 0x6DB3, 0x6DB3,
    0x75D3, 0x75D3, 0x75D3, 0x6DB3, 0x75D3, 0x6DB3, 0x6D93, 0x6DB3, 0x75D4, 0x75D4, 0x6DD3, 0x6DD3, 0x6DB3, 0x75D3, 0x75D3, 0x7DF4,
    0x75B3, 0x75B3, 0x6DD3, 0x6DD3, 0x7DD4, 0x75B3, 0x6D93, 0x6D93, 0x6DB3, 0x6DB3, 0x6DD3, 0x75D4, 0x75D4, 0x75D4, 0x75D4, 0x75D3,
    0x75D4, 0x6DD3, 0x6DD3, 0x75F4, 0x8E35, 0x75B3, 0x6592, 0x6DB3, 0x6DB3, 0x6DB3, 0x75D4, 0x7E14, 0x7DF4, 0x75D4, 0x75D3, 0x75D3,
    0x75D4, 0x75F4, 0x75D4, 0x75B3, 0x6DD3, 0x6DD3, 0x6DB3, 0x6592, 0x6D93, 0x6DB3, 0x6DB3, 0x6DB3, 0x75D3, 0x75D4, 0x75D3, 0x6DB3,
    0x6DB3, 0x6DB3, 0x75D3, 0x7DF4, 0x75D4, 0x6DB3, 0x6593, 0x6D93, 0x75B3, 0x6DB3, 0x6D93, 0x6D93, 0x6DB3, 0x6DB3, 0x6DB3, 0x6DB3,
    0x6DB3, 0x6DB3, 0x6DB3, 0x75D4, 0x75D4, 0x6DB3, 0x6593, 0x6DB3, 0x85F5, 0x75B4, 0x6DB3, 0x6DB3, 0x6DB3, 0x6D93, 0x6DB3, 0x75D4,
    0x7DF4, 0x75B3, 0x6DB3, 0x6DB3, 0x75B3, 0x6DB3, 0x6DB3, 0x6DB3, 0x7DF4, 0x75D4, 0x6DB3, 0x6D92, 0x6DB3, 0x75B3, 0x75B3, 0x75D4,
    0x6DB3, 0x6DB3, 0x6DB3, 0x6DB3, 0x75B3, 0x6DB3, 0x6DB3, 0x6DB3, 0x6DB3, 0x6DB3, 0x6DB3, 0x6DB3, 0x6DD3, 0x75D4, 0x75D4, 0x75D3,
    0x6DB3, 0x6DB3, 0x75D3, 0x7DF4, 0x75B3, 0x6D93, 0x6D92, 0x6D93, 0x65B3, 0x65B3, 0x6DB3, 0x6DB3, 0x6DB3, 0x6DD3, 0x6DD3, 0x6DB3,
    0x6DB3, 0x6DB3, 0x75D4, 0x8E15, 0x6DB3, 0x6D93, 0x6D93, 0x6D93, 0x6593, 0x6DB3, 0x6DB3, 0x6592, 0x6593, 0x6593, 0x6D93, 0x6DD3,
    0x6DB3, 0x6DB3, 0x6DB3, 0x75B3, 0x6DB3, 0x6D93, 0x6D92, 0x6D93, 0x6DB3, 0x6D93, 0x6592, 0x6592, 0x6593, 0x6DB3, 0x6DB3, 0x6D93,
    0x75B3, 0x6DB3, 0x6DB3, 0x75F4, 0x75B3, 0x6D93, 0x6572, 0x6D93, 0x6DB3, 0x6593, 0x6593, 0x6DB3, 0x6DB3, 0x75B4, 0x6DB3, 0x6D93
};

const short ground_tile_165[TILE_SIZE * TILE_SIZE] = {
    0x6592, 0x6DB3, 0x6D93, 0x6D93, 0x6DB3, 0x6D93, 0x75B3, 0x7DF4, 0x75B3, 0x6D72, 0x6D72, 0x75B3, 0x6D93, 0x6D93, 0x6DB3, 0x6DB3,
    0x6DB3, 0x6D93, 0x6D92, 0x6D92, 0x6D93, 0x6D93, 0x6D93, 0x6DB3, 0x6D93, 0x6D93, 0x6D93, 0x6593, 0x75B3, 0x6DB3, 0x6DB3, 0x65B3,
    0x8615, 0x75D4, 0x6D93, 0x6D93, 0x6DB3, 0x6DB3, 0x6D93, 0x6D93, 0x6DB3, 0x6DB3, 0x6DB3, 0x6D93, 0x7DF4, 0x7DD4, 0x6DB3, 0x6592,
    0x75D3, 0x75B3, 0x6DB3, 0x6D93, 0x6D93, 0x6DB3, 0x6DB3, 0x6D93, 0x6D93, 0x6D93, 0x6DB3, 0x75D3, 0x7DF5, 0x75D4, 0x6DB3, 0x6DD3,
    0x75B3, 0x6D93, 0x6D93, 0x6DB3, 0x75B3, 0x6DB3, 0x6D93, 0x6DB3, 0x6DB3, 0x6DB3, 0x6DB3, 0x6DB3, 0x75D4, 0x6DB3, 0x6DB3, 0x6DB3,
    0x75B3, 0x6DB3, 0x75B3, 0x75D4, 0x75B3, 0x6DB3, 0x6DB3, 0x6DB3, 0x75D4, 0x75D3, 0x6DB3, 0x6DB3, 0x6DB3, 0x6DB3, 0x6DB3, 0x6DB3,
    0x6D92, 0x75B3, 0x75D4, 0x6DB3, 0x75D4, 0x6DB3, 0x6DB3, 0x75D4, 0x8E15, 0x75D4, 0x6DB3, 0x75D4, 0x6DB3, 0x75B3, 0x75B3, 0x75D3,
    0x6DB3, 0x75D4, 0x75D4, 0x6DB3, 0x75D4, 0x7DF5, 0x8615, 0x7DF4, 0x75B3, 0x6DB3, 0x6DB3, 0x6D93, 0x6D93, 0x6D92, 0x6D93, 0x6DB3,
    0x6DB3, 0x6DB3, 0x6DB3, 0x6DB3, 0x6DB3, 0x6DB3, 0x75D4, 0x7DF4, 0x75D4, 0x6DB3, 0x6DB3, 0x6DB3, 0x75B3, 0x6D93, 0x6D93, 0x6D93,
    0x75B4, 0x75B4, 0x6DB3, 0x6D93, 0x6D93, 0x6DB3, 0x75D3, 0x7DF4, 0x7DF4, 0x6DB3, 0x6DB3, 0x75B3, 0x85F5, 0x75B3, 0x6D93, 0x6DB3,
    0x8636, 0x8615, 0x7DD4, 0x6D93, 0x75D4, 0x75B3, 0x6DB3, 0x75D3, 0x75D4, 0x75D4, 0x6DB3, 0x6DB3, 0x7DD4, 0x75B3, 0x6D93, 0x6D93,
    0x75D4, 0x75D3, 0x75B3, 0x75D3, 0x6DB3, 0x75B3, 0x75D3, 0x75D3, 0x75D4, 0x75D3, 0x6DB3, 0x75B3, 0x6DB3, 0x6DB3, 0x6DB3, 0x6D93,
    0x75D4, 0x6DD3, 0x6DD3, 0x75D4, 0x6DB3, 0x6DB3, 0x75D4, 0x7DF5, 0x75D4, 0x6DB3, 0x6DB3, 0x6DB3, 0x6DD3, 0x6DD3, 0x6DB3, 0x6DB3,
    0x9677, 0x8636, 0x75D4, 0x6DB3, 0x6DB3, 0x6DB3, 0x75D4, 0x8615, 0x75B3, 0x6DB3, 0x6DD3, 0x75D4, 0x6DD3, 0x6DB3, 0x75D4, 0x7DF4,
    0x75B4, 0x75D4, 0x75D3, 0x6DB3, 0x6DB3, 0x75B3, 0x75D3, 0x75D3, 0x75D3, 0x6DB3, 0x6DB3, 0x6592, 0x6593, 0x6592, 0x6D93, 0x6DB3,
    0x6592, 0x6DB3, 0x75B3, 0x6DB3, 0x75D4, 0x75D4, 0x75D4, 0x7DF4, 0x7DF4, 0x6DB3, 0x6D93, 0x6D93, 0x6592, 0x6592, 0x6592, 0x6592
};

const short ground_tile_166[TILE_SIZE * TILE_SIZE] = {
    0x6DB3, 0x75D4, 0x75D4, 0x6DB3, 0x6592, 0x6DB3, 0x6DB3, 0x6D93, 0x75D4, 0x6D93, 0x6592, 0x6DB3, 0x6DB3, 0x6D93, 0x6D72, 0x6D72,
    0x65B3, 0x6DB3, 0x6DB3, 0x6DB3, 0x6DB3, 0x6D93, 0x6D93, 0x6DB3, 0x6DB3, 0x75B3, 0x75B3, 0x6DB3, 0x6DB3, 0x6D72, 0x6572, 0x6D93,
    0x6DB3, 0x6DB3, 0x6DB3, 0x6DB3, 0x7DF5, 0x75D4, 0x6DB3, 0x6D93, 0x6D93, 0x7DF4, 0x7DF4, 0x75B3, 0x6D93, 0x6D93, 0x6D92, 0x6D92,
    0x6DB3, 0x6DB3, 0x6DB3, 0x6DB3, 0x6DB3, 0x75B3, 0x6DB3, 0x6D92, 0x6DB3, 0x75B3, 0x75B3, 0x6DB3, 0x6D93, 0x6D93, 0x6D93, 0x6DB3,
    0x6DB3, 0x6DB3, 0x75B3, 0x75B3, 0x6D92, 0x6D92, 0x6D93, 0x6DB3, 0x75D3, 0x6DB3, 0x6DB3, 0x6DB3, 0x6DD3, 0x6DB3, 0x6DB3, 0x6DB3,
    0x6DB3, 0x6DB3, 0x6DB3, 0x6D93, 0x6D93, 0x6DB3, 0x75B3, 0x75D3, 0x75D4, 0x6DB3, 0x6DB3, 0x75D3, 0x75D3, 0x6DB3, 0x6D93, 0x6DB3,
    0x6DB3, 0x6D92, 0x6592, 0x6593, 0x75D4, 0x8635, 0x8615, 0x6D93, 0x75F4, 0x6DB3, 0x75D3, 0x7DF5, 0x75D4, 0x6DB3, 0x6D93, 0x6DB3,
    0x6DB3, 0x6DB3, 0x6DB3, 0x75F4, 0x75F4, 0x7DF4, 0x75D4, 0x6DB3, 0x6DD3, 0x75D4, 0x75D4, 0x75D4, 0x75D3, 0x75D3, 0x75B3, 0x6DB3,
    0x6D92, 0x6DB3, 0x7DF4, 0x8615, 0x75D4, 0x6DD3, 0x6DB3, 0x6DB3, 0x6DB3, 0x6DB3, 0x75D4, 0x7DF4, 0x6DD3, 0x6DB3, 0x75B3, 0x75B4,
    0x6D93, 0x6DB3, 0x6DB3, 0x6DB3, 0x6DB3, 0x6DD3, 0x6DB3, 0x6D93, 0x6DB3, 0x6DB3, 0x75D4, 0x7DF4, 0x6DB3, 0x6D93, 0x6D93, 0x6D93,
    0x6DB3, 0x6DB3, 0x6DB3, 0x6D93, 0x6DB3, 0x75D4, 0x75D4, 0x75D3, 0x75D4, 0x75B3, 0x6DB3, 0x75B3, 0x6DB3, 0x6DB3, 0x6D93, 0x6593,
    0x6DB3, 0x6DB3, 0x75B3, 0x75D4, 0x7DD4, 0x75D4, 0x6DB3, 0x6DB3, 0x6DB3, 0x75B3, 0x75B3, 0x75B3, 0x75B3, 0x6DB3, 0x6DB3, 0x6DB3,
    0x6DB3, 0x6DB3, 0x6DB3, 0x75D4, 0x7DF4, 0x7DD4, 0x75D4, 0x6DB3, 0x6DB3, 0x6DB3, 0x75D4, 0x7DF4, 0x75B3, 0x6DB3, 0x6D93, 0x6D93,
    0x6DB3, 0x6DB3, 0x6DB3, 0x6DB3, 0x6DB3, 0x6DB3, 0x6DB3, 0x6DB3, 0x6593, 0x6DB3, 0x7DF4, 0x8615, 0x6D93, 0x6D92, 0x6D93, 0x75B3,
    0x6D93, 0x6DB3, 0x75B3, 0x75B3, 0x6592, 0x6DB3, 0x6DB3, 0x6D93, 0x6DB3, 0x6D93, 0x6DB3, 0x75B3, 0x6D93, 0x6572, 0x6552, 0x6572,
    0x6DB3, 0x75B3, 0x75B4, 0x75B3, 0x6592, 0x75B3, 0x7DD4, 0x75B3, 0x6DB3, 0x6DB3, 0x75D4, 0x8615, 0x75D4, 0x6572, 0x6552, 0x6572
};

const short ground_tile_167[TILE_SIZE * TILE_SIZE] = {
    0x6D72, 0x6D92, 0x6D93, 0x6D93, 0x6DB3, 0x75D4, 0x75B3, 0x6D93, 0x6592, 0x6DB3, 0x6DB3, 0x6D92, 0x6D93, 0x6592, 0x6DB3, 0x75D3,
    0x6D93, 0x6DB3, 0x6D93, 0x6592, 0x6DB3, 0x6DB3, 0x6DB3, 0x6DD3, 0x6DB3, 0x6DB3, 0x6D93, 0x6DB3, 0x75D4, 0x75D3, 0x6DB3, 0x6DB3,
    0x75B3, 0x7DF4, 0x7DD4, 0x6D92, 0x6D93, 0x6DB3, 0x6DB3, 0x6DB3, 0x8615, 0x7DF4, 0x6DB3, 0x6D92, 0x6DB3, 0x75D4, 0x7DD4, 0x6DB3,
    0x75D4, 0x75D4, 0x75B3, 0x6DB3, 0x6DB3, 0x6DB3, 0x6DB3, 0x6DB3, 0x75D4, 0x75B3, 0x6DB3, 0x6D93, 0x6DB3, 0x6DB3, 0x75B3, 0x6DB3,
    0x75D3, 0x6DB3, 0x6DB3, 0x6DD3, 0x6DD3, 0x75F4, 0x7DF4, 0x75D3, 0x6D93, 0x6DB3, 0x75B3, 0x75B3, 0x75B3, 0x75B3, 0x6DB3, 0x6DB3,
    0x6DB3, 0x6DB3, 0x75D4, 0x7DF4, 0x75F4, 0x75D4, 0x75D3, 0x75B3, 0x6DB3, 0x6D93, 0x6DB3, 0x75B3, 0x75D4, 0x75B3, 0x6DB3, 0x75B3,
    0x6D92, 0x6D93, 0x7DF4, 0x9656, 0x85F5, 0x75F4, 0x75D3, 0x75B3, 0x6DB3, 0x6DB3, 0x75B3, 0x6DB3, 0x75D3, 0x6DB3, 0x6DB3, 0x75B3,
    0x6DB3, 0x6DB3, 0x6D93, 0x6D72, 0x6DB3, 0x75D3, 0x75D3, 0x6DB3, 0x6DB3, 0x6DB3, 0x6DB3, 0x6DB3, 0x75F4, 0x7E15, 0x7DF4, 0x75B3,
    0x75B4, 0x75B3, 0x6D93, 0x6DB3, 0x6DB3, 0x6DB3, 0x75B3, 0x75B3, 0x75D4, 0x7DD4, 0x75D3, 0x6D93, 0x6DB3, 0x6DB3, 0x75D3, 0x75D4,
    0x6DB3, 0x6D93, 0x6DB3, 0x75D4, 0x75B3, 0x75B3, 0x75D3, 0x75B3, 0x6592, 0x6D93, 0x6DB3, 0x6D92, 0x6D92, 0x6DB3, 0x75D3, 0x75D4,
    0x6DB3, 0x75B3, 0x75B3, 0x6D93, 0x75B3, 0x75B3, 0x75D3, 0x75D4, 0x6DB3, 0x6D92, 0x6D92, 0x6DB3, 0x75D4, 0x75D3, 0x75B3, 0x6DB3,
    0x6DB3, 0x6DB3, 0x6DB3, 0x6DB3, 0x6DB3, 0x6DB3, 0x6DB3, 0x6DD3, 0x6DD3, 0x6DB3, 0x6D93, 0x6DB3, 0x6D93, 0x6DB3, 0x75B3, 0x6DB3,
    0x6DB3, 0x6DB3, 0x6DB3, 0x6DB3, 0x6DB3, 0x6DB3, 0x6DB3, 0x75D4, 0x6DD3, 0x6DB3, 0x6DB3, 0x6DB3, 0x6DB3, 0x6DB3, 0x75D4, 0x7DF4,
    0x6DB3, 0x6DB3, 0x6DB3, 0x6D92, 0x6DB3, 0x6593, 0x6592, 0x75B3, 0x9657, 0x7DF5, 0x6DB3, 0x6DB3, 0x6DB3, 0x6DD3, 0x7DF4, 0x8E15,
    0x6D93, 0x6D93, 0x6D93, 0x6D93, 0x6593, 0x6D93, 0x6D93, 0x6D93, 0x75B3, 0x75B3, 0x6DB3, 0x6DB3, 0x6DB3, 0x6DB3, 0x75B3, 0x75B3,
    0x6D72, 0x75D4, 0x75D4, 0x6D93, 0x6592, 0x6D93, 0x6D93, 0x6592, 0x6592, 0x75D4, 0x7DD4, 0x6DB3, 0x6DB3, 0x6D92, 0x6DB3, 0x75F4
};

const short ground_tile_168[TILE_SIZE * TILE_SIZE] = {
    0x6DB3, 0x6D93, 0x6D93, 0x7593, 0x6D93, 0x75B3, 0x75B3, 0x6DB3, 0x6DB3, 0x7DF4, 0x7DF5, 0x6DB3, 0x6592, 0x6DB3, 0x75D4, 0x6D93,
    0x6DB3, 0x6D92, 0x6D72, 0x6D92, 0x7593, 0x6DB3, 0x6DB3, 0x6D93, 0x6D93, 0x6DB3, 0x6DD3, 0x75D4, 0x6DB3, 0x6DB3, 0x6DB3, 0x6DB3,
    0x6DB3, 0x6D93, 0x6D92, 0x6D92, 0x7DD4, 0x7DD4, 0x75B3, 0x6592, 0x6DB3, 0x6DB3, 0x6DB3, 0x75D4, 0x8E36, 0x7DF4, 0x75B3, 0x6DB3,
    0x6D93, 0x6DB3, 0x6DB3, 0x6D92, 0x7DD4, 0x75D4, 0x75B4, 0x75D4, 0x6DD4, 0x6DD3, 0x6DB3, 0x6DD3, 0x8E56, 0x8615, 0x75D4, 0x6DB3,
    0x75D3, 0x75D3, 0x6DB3, 0x6572, 0x75D4, 0x75D3, 0x6DB3, 0x6DB3, 0x6DD3, 0x75B3, 0x75B3, 0x75D3, 0x75D4, 0x75B3, 0x6DB3, 0x6DD3,
    0x7DF4, 0x75B3, 0x6D93, 0x6D93, 0x6DB3, 0x6DB3, 0x6DB3, 0x6DB3, 0x75D3, 0x75D3, 0x75B3, 0x6DB3, 0x6D93, 0x6D93, 0x6DB3, 0x75D3,
    0x9636, 0x75B4, 0x6592, 0x6DD3, 0x6DB3, 0x6D93, 0x6DB3, 0x75D3, 0x75D4, 0x6DB3, 0x6DB3, 0x6DB3, 0x6DB3, 0x75D4, 0x75B3, 0x6D93,
    0x75B3, 0x6DB3, 0x6DB3, 0x6DB3, 0x6D93, 0x6D92, 0x6D93, 0x6DB3, 0x6DB3, 0x6DB3, 0x6DB3, 0x6DB3, 0x75D4, 0x75D4, 0x75D4, 0x6DB3,
    0x6DB3, 0x6D93, 0x6D93, 0x6D93, 0x75B3, 0x6DB3, 0x6D93, 0x6D93, 0x6DB3, 0x6DB3, 0x75F4, 0x8615, 0x6DB3, 0x6DB3, 0x6DB3, 0x6DB3,
    0x75B3, 0x6DB3, 0x6D93, 0x6D93, 0x8615, 0x75D4, 0x6DB3, 0x6DB3, 0x6DB3, 0x6DB3, 0x6DB3, 0x6DB3, 0x6D93, 0x6DB3, 0x6DB3, 0x6592,
    0x75B3, 0x6DB3, 0x6DB3, 0x75D3, 0x8615, 0x7DF4, 0x75B3, 0x6D93, 0x6DB3, 0x6DB3, 0x6DB3, 0x6DB3, 0x75D4, 0x75D4, 0x75D4, 0x75D3,
    0x75B3, 0x6DB3, 0x6DB3, 0x75B3, 0x75B3, 0x75B3, 0x6DB3, 0x6DB3, 0x6DB3, 0x6DB3, 0x6DB3, 0x75D4, 0x7DF5, 0x75D4, 0x75D3, 0x6DB3,
    0x6DB3, 0x6D93, 0x6D93, 0x6D93, 0x6DB3, 0x75B3, 0x75D4, 0x75D4, 0x6DB3, 0x6DB3, 0x6DB3, 0x75D4, 0x8615, 0x7DF4, 0x75D3, 0x6DB3,
    0x75D4, 0x6D93, 0x6593, 0x6DB3, 0x6DB3, 0x75B3, 0x75D4, 0x7DF4, 0x6DB3, 0x6DB3, 0x6DB3, 0x6DB3, 0x6592, 0x6D93, 0x6DB3, 0x75D3,
    0x75B3, 0x6D93, 0x6D93, 0x6D93, 0x75D4, 0x6DB3, 0x75B3, 0x75D3, 0x6D93, 0x6DB3, 0x6DB3, 0x6D93, 0x6572, 0x6592, 0x6DB3, 0x75B3,
    0x75D4, 0x6DB3, 0x75B3, 0x7DD4, 0x85F5, 0x75B3, 0x6D92, 0x6572, 0x6D92, 0x75B3, 0x7DD4, 0x6DB3, 0x6572, 0x6D93, 0x75D4, 0x75D4
};

const short ground_tile_169[TILE_SIZE * TILE_SIZE] = {
    0x75B3, 0x6D93, 0x6D93, 0x6DB3, 0x75D4, 0x6D93, 0x6D93, 0x6D93, 0x6D92, 0x6D72, 0x6D93, 0x6DB3, 0x75D4, 0x7DF4, 0x75D4, 0x6DB3,
    0x6DB3, 0x75B3, 0x75B3, 0x6DB3, 0x6DB3, 0x6D92, 0x6D72, 0x6D93, 0x6D93, 0x6D93, 0x6DB3, 0x6593, 0x6DB3, 0x6DB3, 0x6DB3, 0x6DB3,
    0x6DB3, 0x7DD4, 0x85F4, 0x7DD4, 0x75B3, 0x6DB3, 0x6D93, 0x6D93, 0x7DD4, 0x7DF5, 0x75D4, 0x6592, 0x6DB3, 0x6DB3, 0x6DB3, 0x6DB3,
    0x75D3, 0x6DD3, 0x75B3, 0x75B3, 0x75B3, 0x6D93, 0x6DB3, 0x7DF4, 0x8615, 0x75D4, 0x6DB3, 0x6DB3, 0x6DB3, 0x6D93, 0x6DB3, 0x75D4,
    0x75D4, 0x75B3, 0x6DB3, 0x75B3, 0x6DB3, 0x6DB3, 0x75B3, 0x75B3, 0x75D4, 0x75D4, 0x6DB3, 0x6DB3, 0x6DB3, 0x75B3, 0x75D4, 0x75D4,
    0x75D4, 0x75B3, 0x6DB3, 0x75D3, 0x75D4, 0x75B3, 0x6DB3, 0x6DB3, 0x6DB3, 0x6DD3, 0x75D3, 0x75D4, 0x75D3, 0x75D3, 0x75D3, 0x75B3,
    0x75F4, 0x75D4, 0x75D4, 0x7DF4, 0x8615, 0x75B3, 0x6D93, 0x75D3, 0x6DB3, 0x6DB3, 0x7DF4, 0x8E35, 0x75D4, 0x75B3, 0x6DB3, 0x6DB3,
    0x75F4, 0x75F4, 0x75D4, 0x75B3, 0x75D4, 0x6DD3, 0x6DB3, 0x6D93, 0x6DB3, 0x6D93, 0x6D92, 0x6D92, 0x6DB3, 0x75B3, 0x6DB3, 0x6DB3,
    0x6DB3, 0x6DB3, 0x75D4, 0x7E15, 0x75F4, 0x6DB3, 0x6D93, 0x6DB3, 0x7DD4, 0x6DB3, 0x6572, 0x6572, 0x6D93, 0x6DB3, 0x6DB3, 0x75D4,
    0x6D93, 0x6DB3, 0x6DD3, 0x75D4, 0x75D4, 0x6D93, 0x6572, 0x6593, 0x75B3, 0x6D93, 0x6D93, 0x6D93, 0x6D93, 0x6DB3, 0x6DB3, 0x75D4,
    0x75B3, 0x6DB3, 0x6DB3, 0x6DB3, 0x75B3, 0x6D93, 0x6572, 0x6D93, 0x6D93, 0x6DB3, 0x6DB3, 0x6592, 0x6DB3, 0x6DB3, 0x6DB3, 0x6DB3,
    0x6D93, 0x6D93, 0x6DB3, 0x6DB3, 0x6D93, 0x6D93, 0x6D92, 0x6D93, 0x6D93, 0x6DB3, 0x6DB3, 0x6DB3, 0x75B3, 0x75D3, 0x75B3, 0x6DB3,
    0x6DB3, 0x6DB3, 0x75B4, 0x7DF5, 0x6D93, 0x6D93, 0x6D93, 0x6572, 0x6DB3, 0x6DB3, 0x6DB3, 0x6DB3, 0x6DB3, 0x6DB3, 0x6DB3, 0x6DD3,
    0x75B3, 0x75D4, 0x7DF5, 0x85F5, 0x75B3, 0x6D93, 0x6D93, 0x6DB3, 0x6D93, 0x6DB3, 0x6D93, 0x6592, 0x6D92, 0x6D93, 0x6DB3, 0x75D4,
    0x75B3, 0x75B3, 0x75B4, 0x75D4, 0x75B4, 0x6D93, 0x6D93, 0x6DB3, 0x6DB3, 0x6D93, 0x6D92, 0x6D92, 0x6592, 0x6DB3, 0x6DB3, 0x6DB3,
    0x75D4, 0x6DB3, 0x75D4, 0x8615, 0x75D4, 0x6D93, 0x6572, 0x6D93, 0x7DF5, 0x6DB3, 0x6572, 0x6592, 0x6DB3, 0x75B3, 0x75B3, 0x6DB3
};

const short ground_tile_170[TILE_SIZE * TILE_SIZE] = {
    0x6593, 0x6DB3, 0x6DB3, 0x6D93, 0x75B3, 0x6DB3, 0x6D93, 0x6DB3, 0x75D4, 0x6D92, 0x6572, 0x6D93, 0x6D93, 0x6DB3, 0x6DB3, 0x6DB3,
    0x6DB3, 0x6DB3, 0x6DB3, 0x6DB3, 0x6DB3, 0x75D4, 0x75D4, 0x6DB3, 0x6D93, 0x6D93, 0x6D92, 0x6592, 0x75B3, 0x6DD3, 0x6DB3, 0x6DB3,
    0x8E36, 0x7DF4, 0x75B3, 0x75B3, 0x6DB3, 0x7DF4, 0x85F5, 0x75D4, 0x75B3, 0x6DB3, 0x6D93, 0x6D93, 0x7DF4, 0x7DF4, 0x75D4, 0x6DB3,
    0x7DF4, 0x75D3, 0x75B3, 0x6DB3, 0x6DB3, 0x75B3, 0x75B3, 0x6DB3, 0x6DB3, 0x6DB3, 0x6DB3, 0x75D4, 0x7DF5, 0x75D4, 0x6DB3, 0x75B4,
    0x6D93, 0x6D92, 0x6D92, 0x75B3, 0x75B3, 0x6D93, 0x6D93, 0x6DB3, 0x6DB3, 0x75B3, 0x75B3, 0x6DD3, 0x7DF4, 0x75D3, 0x6DB3, 0x6DB3,
    0x6DB3, 0x6D93, 0x6DB3, 0x75B3, 0x75B3, 0x6DB3, 0x6DB3, 0x75D3, 0x75B3, 0x6DB3, 0x6DB3, 0x6DB3, 0x6DB3, 0x6DB3, 0x6DB3, 0x6DB3,
    0x75B3, 0x75B3, 0x75B3, 0x6D93, 0x6D93, 0x6DB3, 0x75D4, 0x7DF4, 0x7DF4, 0x6D92, 0x6572, 0x6DB3, 0x6DB3, 0x75B3, 0x75D4, 0x7DF4,
    0x75D4, 0x75D4, 0x6DB3, 0x6572, 0x6DD3, 0x75D3, 0x75B3, 0x75B3, 0x75B3, 0x6DB3, 0x6D93, 0x6592, 0x6DB3, 0x6DB3, 0x75B3, 0x75D4,
    0x6D93, 0x6D93, 0x6D93, 0x6DB3, 0x6DB3, 0x75D4, 0x7DF4, 0x85F4, 0x75D3, 0x6DB3, 0x6D93, 0x6D93, 0x75D3, 0x6DB3, 0x6D93, 0x6DB3,
    0x6DB3, 0x6DB3, 0x6D93, 0x6D93, 0x6D93, 0x6DB3, 0x75D3, 0x75D3, 0x75D3, 0x6DB3, 0x6D93, 0x6DB3, 0x85F5, 0x75B4, 0x6D93, 0x6DB3,
    0x6DB3, 0x75D4, 0x75D4, 0x6DB3, 0x75B3, 0x75B3, 0x6DB3, 0x6DB3, 0x6D93, 0x6DB3, 0x6DB3, 0x6DB3, 0x7DF5, 0x75D4, 0x6DB3, 0x6D93,
    0x6DD3, 0x6DB3, 0x6DB3, 0x6DB3, 0x6DB3, 0x75D3, 0x75D3, 0x75B3, 0x75B3, 0x75B3, 0x75B3, 0x75B3, 0x75B3, 0x6DB3, 0x6DB3, 0x65B3,
    0x75F4, 0x6DD4, 0x6DD3, 0x75D4, 0x6DD3, 0x6DD3, 0x75D4, 0x7DF4, 0x75D4, 0x75B3, 0x6D93, 0x6D93, 0x6DB3, 0x6DB3, 0x6DB3, 0x6DB3,
    0x9E77, 0x8615, 0x75D4, 0x6DB3, 0x6D93, 0x75B3, 0x7DF4, 0x8615, 0x75B3, 0x6DB3, 0x6DB3, 0x75D4, 0x75D4, 0x6DB3, 0x75D4, 0x7DF5,
    0x6DB3, 0x6DB3, 0x6DB3, 0x6D93, 0x6D92, 0x6DB3, 0x75B3, 0x75D3, 0x6DB3, 0x6DB3, 0x6DB3, 0x6DB3, 0x75B3, 0x6D93, 0x6D93, 0x6DB3,
    0x6572, 0x75B3, 0x75D4, 0x6DB3, 0x6D93, 0x6DB3, 0x75D4, 0x7DF4, 0x75D3, 0x6DB3, 0x6D92, 0x6D93, 0x85F5, 0x75B3, 0x6572, 0x5D72
};

const short ground_tile_171[TILE_SIZE * TILE_SIZE] = {
    0x75D4, 0x7DF4, 0x75D4, 0x6DB3, 0x6592, 0x6DB3, 0x6D93, 0x6D92, 0x6DB3, 0x6D93, 0x6D93, 0x75B3, 0x6DB3, 0x75B3, 0x6D93, 0x6572,
    0x6DB3, 0x6DB3, 0x6DD3, 0x6DD3, 0x6DB3, 0x6DB3, 0x6DB3, 0x6DB3, 0x75B3, 0x75D3, 0x75B3, 0x6DB3, 0x6DB3, 0x6D93, 0x6D93, 0x6D93,
    0x6DD4, 0x6DD4, 0x6DB3, 0x6DD3, 0x7E15, 0x7DF4, 0x75D3, 0x6DB3, 0x6DB3, 0x7DD4, 0x7DF4, 0x75B3, 0x75B3, 0x6DB3, 0x6DB3, 0x6DB3,
    0x75D4, 0x6DB3, 0x75B4, 0x75D4, 0x7DF5, 0x7DD4, 0x75B3, 0x6DB3, 0x75D3, 0x75D3, 0x75B3, 0x6DB3, 0x75D4, 0x6DB3, 0x6DB3, 0x75B3,
    0x6DB3, 0x75D4, 0x75D4, 0x75D3, 0x75B3, 0x75B3, 0x6DB3, 0x6DB3, 0x75D4, 0x75B3, 0x6DB3, 0x75B3, 0x75D4, 0x75D3, 0x75B3, 0x75D3,
    0x6DB3, 0x75D3, 0x75B3, 0x6DB3, 0x6DB3, 0x6DB3, 0x6DB3, 0x75B3, 0x75D4, 0x6DB3, 0x6DB3, 0x75D4, 0x7DF4, 0x75D4, 0x6DB3, 0x6DB3,
    0x75D3, 0x6DB3, 0x6D93, 0x6592, 0x75D3, 0x75D3, 0x75B3, 0x6DB3, 0x75D4, 0x6DD3, 0x75D4, 0x7E15, 0x8E35, 0x75B3, 0x6D93, 0x75D3,
    0x75D3, 0x6DB3, 0x75B3, 0x75D4, 0x6DB3, 0x6DD3, 0x75D3, 0x75D3, 0x6DB3, 0x7DD4, 0x7DD4, 0x75B3, 0x75D4, 0x75D3, 0x6D93, 0x6D92,
    0x6D93, 0x6DB3, 0x75D4, 0x8615, 0x75D4, 0x75D4, 0x75D3, 0x6DB3, 0x6DB3, 0x6DB3, 0x75D4, 0x75D4, 0x75B3, 0x6DB3, 0x6DB3, 0x75B4,
    0x6D93, 0x6D93, 0x6D93, 0x75B3, 0x8615, 0x8615, 0x7DD4, 0x6D93, 0x6DB3, 0x6DB3, 0x75D4, 0x7DF4, 0x6DB3, 0x6D93, 0x6D93, 0x6DB3,
    0x6DB3, 0x75B3, 0x6D93, 0x6D93, 0x8615, 0x8615, 0x7DF4, 0x6DB3, 0x75D4, 0x75D4, 0x75B3, 0x75B3, 0x75B3, 0x6DB3, 0x6DB3, 0x6DB3,
    0x6DB3, 0x6DB3, 0x75B4, 0x75D4, 0x7DF5, 0x75D4, 0x6DB3, 0x6D93, 0x6DB3, 0x75B3, 0x75B3, 0x6DB3, 0x6DB3, 0x6DB3, 0x6DB3, 0x6DB3,
    0x6DB3, 0x6DB3, 0x6DB3, 0x75F4, 0x9657, 0x7DF5, 0x6DB3, 0x6DB3, 0x6D93, 0x6DB3, 0x75D4, 0x7DF5, 0x6DB3, 0x6DB3, 0x6D93, 0x6D93,
    0x6DB3, 0x6DB3, 0x6DB3, 0x6593, 0x6D93, 0x6D93, 0x6DB3, 0x6DB3, 0x6D93, 0x6D93, 0x75D4, 0x8615, 0x6DB3, 0x6593, 0x6DB3, 0x75D4,
    0x6D93, 0x6DB3, 0x6DB3, 0x6D93, 0x6572, 0x6593, 0x6DB3, 0x6DB3, 0x6DB3, 0x6D93, 0x6DB3, 0x6DB3, 0x75D3, 0x6DB3, 0x6D93, 0x6DB3,
    0x6D93, 0x75D4, 0x75B4, 0x6D93, 0x6592, 0x6DB3, 0x75D4, 0x75D4, 0x6DB3, 0x6592, 0x6DB3, 0x75F4, 0x75F4, 0x6DB3, 0x6D93, 0x6DB3
};

const short ground_tile_172[TILE_SIZE * TILE_SIZE] = {
    0x6D93, 0x6D93, 0x6D93, 0x6D93, 0x6DB3, 0x7DD4, 0x75D4, 0x6DB3, 0x6592, 0x6DB3, 0x75B3, 0x6D92, 0x6D93, 0x6D93, 0x6DB3, 0x75B3,
    0x75B3, 0x75B3, 0x6DB3, 0x6D93, 0x6DB3, 0x6DB3, 0x6DD3, 0x6DB3, 0x6DB3, 0x6DB3, 0x6DB3, 0x75B3, 0x7DF4, 0x75D4, 0x6DB3, 0x6DB3,
    0x7DF4, 0x7DF5, 0x75D4, 0x6D92, 0x6DB3, 0x6DB3, 0x6DB3, 0x6DB3, 0x8615, 0x7DF4, 0x75D4, 0x75D3, 0x75D4, 0x75D4, 0x75D4, 0x75B3,
    0x75F4, 0x75D4, 0x75D3, 0x75D3, 0x75D3, 0x75D3, 0x75B3, 0x75B3, 0x75D4, 0x75B3, 0x75B3, 0x75B3, 0x6DB3, 0x75D3, 0x75D3, 0x75B3,
    0x75D4, 0x6DD3, 0x6DD3, 0x6DD3, 0x75D4, 0x7DF4, 0x7DF4, 0x75D4, 0x6DB3, 0x6D93, 0x6D93, 0x75B3, 0x75D3, 0x75D3, 0x75B3, 0x6DB3,
    0x6DB3, 0x6DB3, 0x75D3, 0x75F4, 0x75F4, 0x7DF4, 0x75F4, 0x75D4, 0x75D4, 0x75B3, 0x75B3, 0x75D4, 0x75D4, 0x75B3, 0x6DB3, 0x75B3,
    0x6D92, 0x6D92, 0x75D4, 0x8615, 0x8615, 0x7DF4, 0x7DF4, 0x7DF4, 0x75F4, 0x75D4, 0x75D3, 0x75B3, 0x75D4, 0x6DB3, 0x6DB3, 0x7DD4,
    0x6DB3, 0x6DB3, 0x6D93, 0x6D93, 0x6DB3, 0x75D3, 0x75D3, 0x6DB3, 0x6DB3, 0x6DB3, 0x75B3, 0x75B3, 0x75F4, 0x75F4, 0x7DD4, 0x75B4,
    0x7DB4, 0x7593, 0x6D93, 0x6D93, 0x6DB3, 0x6DB3, 0x75D4, 0x75F4, 0x8615, 0x7DF4, 0x6DB3, 0x6D93, 0x6D93, 0x6DB3, 0x6DB3, 0x75B3,
    0x75B3, 0x6D93, 0x6DB3, 0x6DB3, 0x75B3, 0x75D4, 0x75D4, 0x75F4, 0x85F5, 0x7DF4, 0x75B3, 0x6572, 0x6D92, 0x6DB3, 0x6DB3, 0x6DB3,
    0x6DB3, 0x75D4, 0x75B3, 0x6D93, 0x75B3, 0x75D4, 0x75F4, 0x75F4, 0x6DB3, 0x75B3, 0x75B3, 0x6D93, 0x75D4, 0x6DB3, 0x6DB3, 0x6D93,
    0x6DB3, 0x6DB3, 0x6DB3, 0x6DB3, 0x75B3, 0x75D3, 0x75D3, 0x75D4, 0x6DD3, 0x6DD3, 0x6DB3, 0x75D4, 0x75B3, 0x75B3, 0x75B3, 0x6DB3,
    0x75D3, 0x6DB3, 0x6DB3, 0x6DB3, 0x6DB3, 0x6DB3, 0x6DD3, 0x75D4, 0x75F4, 0x6DD4, 0x75D4, 0x75F4, 0x75D3, 0x75D3, 0x75D4, 0x7E15,
    0x6DB3, 0x6DB3, 0x6DB3, 0x6593, 0x6DB3, 0x6DB3, 0x6DB3, 0x6DD3, 0x8E56, 0x7E15, 0x75D4, 0x75D4, 0x75D4, 0x75D4, 0x7DF4, 0x8E35,
    0x6DB3, 0x6DB3, 0x6D93, 0x6D93, 0x6DB3, 0x6DB3, 0x6DD3, 0x6DD3, 0x6DD4, 0x75D4, 0x75D4, 0x6DB3, 0x75D4, 0x75D4, 0x75D4, 0x75D4,
    0x7DD4, 0x75B3, 0x6D93, 0x6DB3, 0x6DB3, 0x75D4, 0x75D4, 0x6DB3, 0x6DB3, 0x75D4, 0x7DF4, 0x7DD4, 0x75D4, 0x75D4, 0x75D4, 0x75D4
};

const short ground_tile_173[TILE_SIZE * TILE_SIZE] = {
    0x75D4, 0x6DB3, 0x6DB3, 0x75B3, 0x6D93, 0x6DB3, 0x6DB3, 0x6DB3, 0x75D4, 0x7DF4, 0x7DD4, 0x6DB3, 0x6D93, 0x6DB3, 0x75D3, 0x75B3,
    0x6DB3, 0x6DB3, 0x6592, 0x6DB3, 0x75D3, 0x75D4, 0x6DD3, 0x6DB3, 0x6DD3, 0x6DB3, 0x6DB3, 0x6DB3, 0x6DB3, 0x6DB3, 0x75B3, 0x75D4,
    0x75B3, 0x6DB3, 0x6D93, 0x6DB3, 0x7DF4, 0x8615, 0x7DF5, 0x6DB3, 0x6DD3, 0x6DB3, 0x6DB3, 0x6DB3, 0x8615, 0x7DD4, 0x75D3, 0x75B3,
    0x6DB3, 0x6DB3, 0x75B3, 0x75D3, 0x7DF4, 0x7DD4, 0x75D4, 0x75D4, 0x6DD4, 0x6DD3, 0x75D3, 0x75D4, 0x75D4, 0x75B3, 0x6DB3, 0x75B3,
    0x6DB3, 0x75D3, 0x75D3, 0x6DB3, 0x75D4, 0x75D3, 0x6DD3, 0x6DD3, 0x6DD3, 0x75D4, 0x75D3, 0x75B3, 0x75B3, 0x6D92, 0x6D92, 0x6DB3,
    0x7DD4, 0x75B3, 0x6DB3, 0x6DB3, 0x6DB3, 0x6DB3, 0x6DB3, 0x75B3, 0x75B3, 0x75B3, 0x75B3, 0x6D93, 0x6DB3, 0x75B3, 0x75B3, 0x75B3,
    0x8E35, 0x75B3, 0x6DB3, 0x75D4, 0x75D3, 0x6DB3, 0x75B3, 0x75D3, 0x75B3, 0x75D3, 0x6DB3, 0x6DB3, 0x6572, 0x75D4, 0x7DD4, 0x6DB3,
    0x6DB3, 0x6593, 0x6593, 0x6D93, 0x6DB3, 0x6DB3, 0x6DB3, 0x6DB3, 0x6DB3, 0x6DB3, 0x75D3, 0x75D4, 0x6DD3, 0x75D3, 0x75D3, 0x6DD3,
    0x6DB3, 0x6592, 0x6592, 0x6D93, 0x7DF5, 0x75B3, 0x6D93, 0x6D93, 0x6D93, 0x6DB3, 0x7DF4, 0x8E56, 0x8636, 0x7DF4, 0x6DB3, 0x6DB3,
    0x75B3, 0x6DB3, 0x6D93, 0x6DB3, 0x7DF5, 0x6DB3, 0x6DB3, 0x75B3, 0x6DB3, 0x6DB3, 0x6D93, 0x6DB3, 0x75D4, 0x75B3, 0x6D93, 0x6592,
    0x75D3, 0x6DB3, 0x6DB3, 0x6DB3, 0x75D3, 0x75D4, 0x6DB3, 0x6DB3, 0x6DB3, 0x75B3, 0x6DB3, 0x6D93, 0x6593, 0x6DB3, 0x6DB3, 0x6DB3,
    0x75B3, 0x6DB3, 0x6DB3, 0x75B3, 0x6DB3, 0x75B3, 0x6DB3, 0x6DB3, 0x6DB3, 0x6DB3, 0x75B4, 0x75D4, 0x75F4, 0x75D4, 0x75D3, 0x6DB3,
    0x6DD3, 0x6DB3, 0x6D93, 0x6D93, 0x75D3, 0x75D4, 0x75D4, 0x75D4, 0x6DB3, 0x6DB3, 0x6DB3, 0x75F4, 0x8E56, 0x7E15, 0x75D4, 0x75D3,
    0x75D4, 0x6DB3, 0x6DB3, 0x75D4, 0x75D4, 0x75D4, 0x7DF4, 0x8E36, 0x75D4, 0x6DB3, 0x6DB3, 0x6DB3, 0x6D93, 0x6DB3, 0x6DD3, 0x75F4,
    0x6DB3, 0x6DB3, 0x6DB3, 0x75D4, 0x75D4, 0x75D3, 0x75B3, 0x75B3, 0x6D93, 0x6DB3, 0x6DB3, 0x6D93, 0x6D93, 0x6DB3, 0x75B3, 0x6DB3,
    0x75B3, 0x6DB3, 0x6DB3, 0x75B3, 0x7DF5, 0x75D4, 0x6DB3, 0x6D93, 0x6D93, 0x75B3, 0x75B3, 0x6D93, 0x6593, 0x7DD4, 0x7DF4, 0x75D4
};

const short ground_tile_174[TILE_SIZE * TILE_SIZE] = {
    0x6DB3, 0x6D93, 0x6D93, 0x6DB3, 0x6D93, 0x6D92, 0x6D72, 0x6D72, 0x6D92, 0x6D93, 0x6DB3, 0x6DB3, 0x75D3, 0x75D4, 0x75D4, 0x6D93,
    0x75D4, 0x75B3, 0x6DB3, 0x6DB3, 0x6DB3, 0x6D93, 0x6D93, 0x6DB3, 0x75B3, 0x75B3, 0x6DB3, 0x6DB3, 0x6DB3, 0x6DB3, 0x6DB3, 0x6DB3,
    0x75D3, 0x75D4, 0x75D4, 0x75B3, 0x75D4, 0x6DB3, 0x6D93, 0x6D92, 0x7DD4, 0x7DF5, 0x7DF4, 0x6DB3, 0x6DB3, 0x6DB3, 0x6DB3, 0x6DB3,
    0x75D4, 0x75D4, 0x75D4, 0x75D4, 0x6DB3, 0x6D93, 0x6D93, 0x6D93, 0x75D4, 0x75D4, 0x75D4, 0x75D4, 0x75D4, 0x6DB3, 0x6DB3, 0x6DB3,
    0x75D4, 0x75D4, 0x75D4, 0x75D4, 0x75D3, 0x75B3, 0x6D93, 0x6DB3, 0x75D4, 0x75D4, 0x75D4, 0x6DD4, 0x75D4, 0x75F4, 0x7DF4, 0x75F4,
    0x75D4, 0x75D4, 0x75D4, 0x75D4, 0x75D4, 0x75B3, 0x6DB3, 0x6DB3, 0x6DB3, 0x6DB3, 0x75D4, 0x7E15, 0x7DF4, 0x7DF4, 0x75F4, 0x75F4,
    0x75D4, 0x6DD3, 0x75F4, 0x8615, 0x75D3, 0x6D93, 0x6DB3, 0x75D4, 0x6D93, 0x6D93, 0x75D4, 0x9656, 0x8615, 0x7DF4, 0x75F4, 0x75D4,
    0x6DB3, 0x75D4, 0x75D4, 0x75D4, 0x6DB3, 0x6DB3, 0x6DB3, 0x6DB3, 0x6DB3, 0x6DB3, 0x6DB3, 0x6D93, 0x75B3, 0x75D3, 0x6DB3, 0x6D92,
    0x6DB3, 0x6DB3, 0x75D4, 0x7DF4, 0x6DD3, 0x6DB3, 0x6DB3, 0x75B4, 0x75D4, 0x7DD4, 0x75D4, 0x75B3, 0x75B3, 0x6DB3, 0x6DB3, 0x75B3,
    0x6DB3, 0x6DB3, 0x6DB3, 0x75D3, 0x6DB3, 0x6D93, 0x6D92, 0x6D93, 0x6DB3, 0x75B3, 0x75B3, 0x75D3, 0x75B3, 0x75D3, 0x75D4, 0x75D4,
    0x75D3, 0x6DB3, 0x6D93, 0x6D93, 0x6D93, 0x6D93, 0x6D93, 0x6D93, 0x6DB3, 0x75B3, 0x75B3, 0x6D93, 0x6DB3, 0x75D4, 0x75D4, 0x75D4,
    0x6DB3, 0x6DB3, 0x6DB3, 0x6DB3, 0x75B3, 0x6D93, 0x6D93, 0x6DB3, 0x6DB3, 0x6DB3, 0x6DB3, 0x6DB3, 0x75D3, 0x75D4, 0x75D4, 0x75D3,
    0x6DB3, 0x6DB3, 0x75D4, 0x7DD4, 0x6D93, 0x6D93, 0x6D93, 0x6D93, 0x6DB3, 0x6DB3, 0x6DB3, 0x6DD3, 0x75D4, 0x6DD3, 0x6DB3, 0x6DD3,
    0x75D3, 0x6DB3, 0x75D4, 0x85F5, 0x75B4, 0x6D93, 0x6DB3, 0x75D3, 0x6DB3, 0x6DB3, 0x6DB3, 0x6592, 0x6DB3, 0x6DB3, 0x6DB3, 0x75D3,
    0x75B3, 0x6DB3, 0x6DB3, 0x75D3, 0x75D4, 0x6DB3, 0x6D93, 0x6DB3, 0x6DB3, 0x6D93, 0x6592, 0x6592, 0x6DB3, 0x6DB3, 0x6DB3, 0x6DB3,
    0x6DB3, 0x6D93, 0x6DB3, 0x7DF4, 0x7DF5, 0x75D3, 0x6D93, 0x6DB3, 0x75D4, 0x6DB3, 0x6593, 0x6DB3, 0x75B3, 0x75D4, 0x75D4, 0x6DB3
};

const short ground_tile_175[TILE_SIZE * TILE_SIZE] = {
    0x6592, 0x6DB3, 0x6DB3, 0x6D93, 0x6DB3, 0x6D93, 0x75D3, 0x7DF4, 0x6DB3, 0x6D92, 0x6D93, 0x75D3, 0x6DB3, 0x75B3, 0x75B3, 0x75D4,
    0x6DB3, 0x6DB3, 0x6DB3, 0x75B3, 0x75D3, 0x6DB3, 0x6DB3, 0x6DB3, 0x6592, 0x6D92, 0x6592, 0x6D93, 0x75D3, 0x75D4, 0x75D4, 0x6DB3,
    0x8615, 0x7DF4, 0x75B3, 0x6DB3, 0x75B3, 0x6DB3, 0x6DB3, 0x6DB3, 0x6DB3, 0x6DB3, 0x6DB3, 0x6DB3, 0x7DF4, 0x8615, 0x7DF5, 0x6DB3,
    0x75D4, 0x75D4, 0x6DB3, 0x6DB3, 0x6DB3, 0x75D3, 0x6DB3, 0x6DB3, 0x6DB3, 0x6DB3, 0x6DB3, 0x75D3, 0x8615, 0x7DF5, 0x75D4, 0x6DD3,
    0x75D4, 0x6DB3, 0x6D93, 0x6DB3, 0x6DB3, 0x75B3, 0x6DB3, 0x6DB3, 0x6DB3, 0x6DB3, 0x6DB3, 0x75D4, 0x7DF4, 0x75D3, 0x6DB3, 0x6DB3,
    0x75F4, 0x75B3, 0x6DB3, 0x6DB3, 0x6DB3, 0x6DB3, 0x6DD3, 0x75D3, 0x7DF4, 0x6DB3, 0x6DB3, 0x6DB3, 0x6DB3, 0x6DB3, 0x6DD3, 0x75D3,
    0x7DD4, 0x75D4, 0x6DB3, 0x6D93, 0x6DB3, 0x6DB3, 0x75D3, 0x8615, 0x9656, 0x7DD4, 0x6DB3, 0x6DB3, 0x6DB3, 0x6DB3, 0x75F4, 0x7E15,
    0x75D4, 0x75D3, 0x6DB3, 0x6DB3, 0x75D4, 0x75D4, 0x7DD4, 0x7DD4, 0x75B3, 0x6DB3, 0x6DB3, 0x6DB3, 0x75D3, 0x6DB3, 0x6DB3, 0x75D4,
    0x6DB3, 0x75B3, 0x75D3, 0x75D3, 0x6DB3, 0x6DB3, 0x75D3, 0x7DD4, 0x75D3, 0x6DB3, 0x6DB3, 0x6DB3, 0x75D3, 0x6DB3, 0x6DB3, 0x6DB3,
    0x6DB3, 0x75D4, 0x75D4, 0x6DB3, 0x6DB3, 0x6DB3, 0x6DB3, 0x75D3, 0x7DD4, 0x75D3, 0x6DB3, 0x6DB3, 0x85F4, 0x75D4, 0x6DB3, 0x75B3,
    0x7DF4, 0x8615, 0x7DF5, 0x75D3, 0x75D4, 0x75D4, 0x75B3, 0x6DB3, 0x75B3, 0x75B3, 0x75B3, 0x6DB3, 0x7DD4, 0x75B3, 0x6DB3, 0x6DB3,
    0x6DD3, 0x75D4, 0x75D3, 0x6DB3, 0x6DB3, 0x75D3, 0x75D4, 0x75D3, 0x75D4, 0x75D4, 0x75B3, 0x75B3, 0x75B3, 0x75B3, 0x6DB3, 0x6DB3,
    0x75F4, 0x6DD4, 0x6DB3, 0x75B3, 0x6DB3, 0x6DB3, 0x75D4, 0x7DF4, 0x75F4, 0x75D3, 0x6DB3, 0x6DB3, 0x6DB3, 0x6DB3, 0x6DB3, 0x6DB3,
    0x9677, 0x8615, 0x6DD4, 0x6DB3, 0x6D93, 0x6DB3, 0x7DF4, 0x8E15, 0x7DF4, 0x75D3, 0x6DD3, 0x75F4, 0x75D3, 0x6DB3, 0x75B3, 0x7DD4,
    0x75D3, 0x75D4, 0x75D4, 0x6DB3, 0x6DB3, 0x75B3, 0x75D4, 0x7DD4, 0x75D4, 0x75D3, 0x6DB3, 0x6DB3, 0x6DB3, 0x75B3, 0x75B3, 0x75B3,
    0x6DB3, 0x75D4, 0x7DF4, 0x75D4, 0x75D3, 0x6DB3, 0x75D3, 0x8614, 0x7DD4, 0x75B3, 0x6D93, 0x6DB3, 0x75B3, 0x7DF4, 0x7DD4, 0x6D93
};

const short ground_tile_176[TILE_SIZE * TILE_SIZE] = {
    0x75D3, 0x75D3, 0x75B3, 0x6D93, 0x6592, 0x6D93, 0x6DB3, 0x6DB3, 0x75D4, 0x6D93, 0x6D93, 0x6DB3, 0x75B3, 0x6D92, 0x6572, 0x6D93,
    0x6DB3, 0x75D3, 0x75D4, 0x75D3, 0x6DB3, 0x6DB3, 0x6DB3, 0x75B3, 0x75B3, 0x75D4, 0x75D4, 0x6DB3, 0x6DB3, 0x6D93, 0x6D92, 0x6D93,
    0x6DB3, 0x6DD3, 0x75F4, 0x7DF4, 0x8E36, 0x7DF4, 0x75B3, 0x6DB3, 0x6DB3, 0x7DF4, 0x85F5, 0x75D4, 0x75D3, 0x6D93, 0x6D92, 0x6D93,
    0x6DB3, 0x6DB3, 0x6DD3, 0x75F4, 0x8635, 0x7DF4, 0x75B3, 0x75D3, 0x75D4, 0x75D4, 0x75D4, 0x75B3, 0x6D93, 0x6D92, 0x6D93, 0x75D4,
    0x6DB3, 0x6DB3, 0x75D3, 0x75D4, 0x75D3, 0x6DB3, 0x6DB3, 0x75B3, 0x75D4, 0x75D4, 0x75D3, 0x75D3, 0x6DB3, 0x6DB3, 0x6DB3, 0x6DB3,
    0x75D3, 0x75D3, 0x75D3, 0x75B3, 0x6DB3, 0x6DB3, 0x6DB3, 0x75B3, 0x75D3, 0x75D3, 0x6DB3, 0x6DB3, 0x75B3, 0x6DB3, 0x6DB3, 0x6DB3,
    0x75D4, 0x6DB3, 0x6DB3, 0x75D3, 0x6DB3, 0x75B3, 0x6DB3, 0x6DB3, 0x75F4, 0x6DD4, 0x6DD4, 0x75D4, 0x75B3, 0x6D93, 0x6D93, 0x6DB3,
    0x6DD3, 0x6DB3, 0x6DB3, 0x75D4, 0x75F4, 0x75D4, 0x6DB3, 0x6DB3, 0x75D4, 0x6DD3, 0x6DB3, 0x6D93, 0x6D92, 0x6D93, 0x6D93, 0x6572,
    0x6DB3, 0x75D3, 0x7DF4, 0x8615, 0x75D4, 0x6DB3, 0x6DB3, 0x75B3, 0x6DB3, 0x6DB3, 0x75D4, 0x7DF4, 0x75D3, 0x6DB3, 0x6593, 0x6D93,
    0x6DB3, 0x6DB3, 0x6DB3, 0x6DB3, 0x75B3, 0x75B3, 0x6DB3, 0x6DB3, 0x6DB3, 0x6DB3, 0x75D4, 0x75D4, 0x75D3, 0x6D93, 0x6572, 0x6593,
    0x75B3, 0x6DB3, 0x6DB3, 0x6DB3, 0x7DF4, 0x7DF4, 0x75D4, 0x75D3, 0x75D3, 0x75D3, 0x75B3, 0x75B3, 0x75B3, 0x6D93, 0x6D92, 0x6D93,
    0x6DB3, 0x75D4, 0x75D4, 0x7DF4, 0x8615, 0x75F4, 0x6DB3, 0x6DB3, 0x6DB3, 0x75B3, 0x75B3, 0x75B3, 0x6D93, 0x6D93, 0x6D93, 0x6D93,
    0x6DB3, 0x6DB3, 0x75D4, 0x7DF4, 0x9656, 0x7E15, 0x6DB3, 0x6DB3, 0x75B3, 0x6DB3, 0x75D4, 0x7DD4, 0x6D93, 0x6D93, 0x6D93, 0x6572,
    0x75B3, 0x6DB3, 0x6DB3, 0x6D93, 0x6DB3, 0x6DB3, 0x6DB3, 0x75D4, 0x6DB3, 0x6DB3, 0x7DD4, 0x85F5, 0x6D93, 0x6D92, 0x6D93, 0x75B3,
    0x6D93, 0x6DB3, 0x75B3, 0x6DB3, 0x6592, 0x6DB3, 0x75D4, 0x75D3, 0x6DB3, 0x6DB3, 0x6DB3, 0x6DB3, 0x6DB3, 0x6D93, 0x6D93, 0x6DB3,
    0x6D93, 0x75B3, 0x75B3, 0x6D93, 0x6593, 0x75F4, 0x7E15, 0x7DF4, 0x75F4, 0x75D4, 0x75D4, 0x7DF4, 0x75D4, 0x6D93, 0x6572, 0x6D93
};

const short ground_tile_177[TILE_SIZE * TILE_SIZE] = {
    0x6DB3, 0x6D93, 0x6D93, 0x6DB3, 0x75D4, 0x75D4, 0x75D4, 0x6DB3, 0x6592, 0x6DB3, 0x75B3, 0x75B3, 0x75B3, 0x75B3, 0x6DB3, 0x75B3,
    0x6D93, 0x6DB3, 0x6DB3, 0x6DB3, 0x6DD3, 0x6DD3, 0x65B3, 0x65B3, 0x6DB3, 0x6DB3, 0x6DB3, 0x75B3, 0x6DB3, 0x75D3, 0x75D4, 0x75D3,
    0x75B3, 0x7DF5, 0x7DF5, 0x6DB3, 0x6DD3, 0x6DB3, 0x6DB3, 0x6DB3, 0x8615, 0x7DD4, 0x75B3, 0x75D3, 0x75B3, 0x85F4, 0x8615, 0x7DF4,
    0x7DF4, 0x75D4, 0x6DD4, 0x6DD4, 0x6DB3, 0x6DB3, 0x6DB3, 0x6DD3, 0x75F4, 0x75D4, 0x75D4, 0x75D3, 0x75B3, 0x75D4, 0x75D4, 0x6DB3,
    0x75D4, 0x6DD3, 0x6DB3, 0x65B3, 0x6DB3, 0x6DB3, 0x75D4, 0x75F4, 0x75D4, 0x75D4, 0x75D4, 0x75D4, 0x75D4, 0x75D3, 0x75B3, 0x6DB3,
    0x6DB3, 0x6DB3, 0x6DB3, 0x6DB3, 0x6DB3, 0x75D3, 0x75D3, 0x6DD3, 0x7DF4, 0x7DD4, 0x75D4, 0x7DF4, 0x7DF4, 0x75D4, 0x75D3, 0x75D3,
    0x6D92, 0x6D92, 0x6DB3, 0x75B3, 0x75D4, 0x75D4, 0x6DB3, 0x6DB3, 0x9657, 0x8E36, 0x7DF4, 0x75D4, 0x75D3, 0x75D3, 0x75D4, 0x7DD4,
    0x6D92, 0x6592, 0x6572, 0x6D92, 0x6D92, 0x6DB3, 0x75D3, 0x7DD4, 0x6DB3, 0x6DB3, 0x6DB3, 0x6D93, 0x75F4, 0x75D3, 0x6DB3, 0x75B3,
    0x7DD4, 0x75B3, 0x6D93, 0x6572, 0x6592, 0x6D92, 0x6DB3, 0x75B3, 0x6D93, 0x6DB3, 0x75B3, 0x75B3, 0x75B3, 0x7DD4, 0x7DF4, 0x7DF4,
    0x6DB3, 0x6D93, 0x6D93, 0x6D93, 0x6D93, 0x6D93, 0x6DB3, 0x6DB3, 0x6D92, 0x6DB3, 0x75B3, 0x75D3, 0x6DB3, 0x75D4, 0x7DF4, 0x75D4,
    0x6D93, 0x6D93, 0x6D93, 0x6572, 0x6DB3, 0x75B3, 0x6DB3, 0x6DB3, 0x75B3, 0x75D4, 0x7DD4, 0x75D4, 0x7DD4, 0x75D4, 0x75D3, 0x6DB3,
    0x6593, 0x6D93, 0x6D93, 0x6D93, 0x6DB3, 0x75D3, 0x6DD3, 0x6DD3, 0x6DD3, 0x75D3, 0x75D4, 0x75B3, 0x75B3, 0x75D3, 0x75D3, 0x6DB3,
    0x6DB3, 0x6DB3, 0x6DB3, 0x6DB3, 0x6DD3, 0x6DD3, 0x75D4, 0x75D4, 0x75F4, 0x75D3, 0x75D3, 0x75D4, 0x6DB3, 0x6DB3, 0x75B3, 0x7DD4,
    0x6DB3, 0x6DB3, 0x6DB3, 0x6DD3, 0x6DB3, 0x6D93, 0x6DB3, 0x75D4, 0x9E77, 0x8635, 0x75D4, 0x75D3, 0x6DB3, 0x75B3, 0x7DD4, 0x85F4,
    0x6DB3, 0x6DB3, 0x6DB3, 0x6DB3, 0x6DB3, 0x6DB3, 0x6DB3, 0x75D3, 0x75D4, 0x75D4, 0x75D3, 0x6DB3, 0x6DB3, 0x75B3, 0x75B3, 0x75B3,
    0x8615, 0x75B4, 0x6592, 0x6592, 0x6D93, 0x75B3, 0x75D3, 0x6DB3, 0x6DB3, 0x75D4, 0x75D4, 0x75D3, 0x75D3, 0x6DB3, 0x75B3, 0x7DF4
};

const short ground_tile_178[TILE_SIZE * TILE_SIZE] = {
    0x75D4, 0x6D93, 0x6D93, 0x75D3, 0x6DB3, 0x6DB3, 0x6DD3, 0x75F4, 0x75F4, 0x75D4, 0x75D4, 0x75D3, 0x6DB3, 0x6DB3, 0x6DB3, 0x6D93,
    0x6DB3, 0x6D93, 0x6D92, 0x6DB3, 0x6DD3, 0x75D4, 0x75D4, 0x6DD3, 0x6DD4, 0x75D4, 0x75D3, 0x6DB3, 0x6DB3, 0x6DB3, 0x6DB3, 0x6DB3,
    0x75D3, 0x6DB3, 0x6DB3, 0x6DB3, 0x75D4, 0x8615, 0x8615, 0x6DD3, 0x75D4, 0x75D4, 0x75D4, 0x75D3, 0x8615, 0x7DD4, 0x75B3, 0x6DB3,
    0x6D92, 0x6DB3, 0x75D3, 0x75D3, 0x75D3, 0x75D4, 0x75F4, 0x75F4, 0x75F4, 0x75D4, 0x75D4, 0x75D3, 0x7DD4, 0x75D4, 0x75D3, 0x6DB3,
    0x6DB3, 0x6DB3, 0x6DB3, 0x6DB3, 0x75D4, 0x75D3, 0x75D3, 0x75D4, 0x75D4, 0x75D4, 0x75D4, 0x7DD4, 0x75D3, 0x6DB3, 0x6DB3, 0x75B3,
    0x75D3, 0x75B3, 0x6DB3, 0x6DB3, 0x75D3, 0x75D3, 0x75D3, 0x75F4, 0x75D4, 0x75D4, 0x75D4, 0x75B3, 0x6DB3, 0x75D3, 0x75D4, 0x75D3,
    0x75D4, 0x6DB3, 0x6D93, 0x75B3, 0x75B3, 0x6DB3, 0x75D4, 0x8615, 0x7DF4, 0x75D4, 0x6DD3, 0x6DB3, 0x6D92, 0x8615, 0x8E15, 0x75B3,
    0x75D3, 0x75B3, 0x6DB3, 0x6D93, 0x6DB3, 0x6D93, 0x6DB3, 0x75D3, 0x75D4, 0x6DD3, 0x75D3, 0x75D4, 0x75D3, 0x75D4, 0x75D4, 0x75D3,
    0x75D3, 0x6DB3, 0x6D93, 0x6D93, 0x7DD4, 0x75B3, 0x75B3, 0x75B3, 0x75B3, 0x75B3, 0x7DF4, 0x8615, 0x75D4, 0x75D3, 0x75D3, 0x6DB3,
    0x75D4, 0x6DB3, 0x6DB3, 0x6D93, 0x75B3, 0x6D93, 0x6D93, 0x75B3, 0x75B3, 0x75D3, 0x75D3, 0x75D4, 0x8615, 0x85F5, 0x7DD4, 0x6DB3,
    0x6DB3, 0x6DB3, 0x6DB3, 0x6DB3, 0x6D93, 0x6D93, 0x6D93, 0x6592, 0x6DB3, 0x75B3, 0x75B3, 0x75D4, 0x8636, 0x8615, 0x7DF4, 0x75B3,
    0x75B3, 0x75B3, 0x75B3, 0x6DB3, 0x6DB3, 0x6DB3, 0x6D93, 0x6593, 0x6DB3, 0x75B3, 0x75D4, 0x7DF4, 0x8615, 0x75F4, 0x75B3, 0x6DB3,
    0x75D4, 0x6DB3, 0x6D92, 0x6592, 0x6DB3, 0x75B3, 0x75B3, 0x6DB3, 0x6DB3, 0x6DB3, 0x6DB3, 0x7DF4, 0x9677, 0x7DF5, 0x6DB3, 0x6DB3,
    0x6D93, 0x6592, 0x6DB3, 0x75D3, 0x6DB3, 0x75B3, 0x75B3, 0x75D3, 0x6DB3, 0x6DB3, 0x6D93, 0x6572, 0x6572, 0x6D93, 0x6DB3, 0x75B3,
    0x6D93, 0x6D92, 0x6D92, 0x6DB3, 0x6DB3, 0x75B3, 0x75B3, 0x6DB3, 0x6572, 0x6D92, 0x6D93, 0x6D92, 0x6572, 0x6592, 0x6DB3, 0x75B3,
    0x75D4, 0x75B3, 0x6D93, 0x6D93, 0x75B3, 0x7DF4, 0x7DD4, 0x6592, 0x6572, 0x6D92, 0x6D92, 0x6D92, 0x6DB3, 0x75D4, 0x75D4, 0x6D93
};

const short ground_tile_179[TILE_SIZE * TILE_SIZE] = {
    0x6DB3, 0x6DB3, 0x6DD3, 0x75D3, 0x6DB3, 0x6D93, 0x6D92, 0x6D92, 0x6DB3, 0x6DB3, 0x6D93, 0x6DB3, 0x75B3, 0x75B3, 0x6DB3, 0x65B2,
    0x6DB3, 0x75D3, 0x75D3, 0x75D3, 0x6DB3, 0x6DB3, 0x6DB3, 0x6DB3, 0x6D93, 0x6DB3, 0x6DB3, 0x6DB3, 0x6DB3, 0x6DB3, 0x6D93, 0x6592,
    0x6DB3, 0x7DF4, 0x7DF4, 0x75D4, 0x75D4, 0x75D3, 0x6DD3, 0x75D3, 0x75B3, 0x7DF5, 0x7DF4, 0x6DB3, 0x6DB3, 0x6DB3, 0x6D93, 0x6592,
    0x75D3, 0x75D3, 0x75D3, 0x75D3, 0x6DB3, 0x6DB3, 0x6DB3, 0x75D4, 0x7DF5, 0x7DF4, 0x75D4, 0x6DB3, 0x6DB3, 0x6D93, 0x6DB3, 0x75D4,
    0x75D3, 0x75B3, 0x75B3, 0x6DD3, 0x75D3, 0x75B3, 0x6DB3, 0x75D3, 0x7DF4, 0x75D4, 0x6DD3, 0x6DB3, 0x6DB3, 0x6DB3, 0x75B3, 0x75D4,
    0x75B3, 0x6DB3, 0x6DB3, 0x6DB3, 0x75D4, 0x75B3, 0x6DB3, 0x6DB3, 0x75B3, 0x6DB3, 0x6DB3, 0x6DD3, 0x75D3, 0x75B3, 0x75B3, 0x75D3,
    0x75D4, 0x6DB3, 0x6DB3, 0x7DD4, 0x8615, 0x75B3, 0x6D92, 0x6DB3, 0x6D93, 0x6DB3, 0x75B3, 0x7DF4, 0x7DF4, 0x75D4, 0x6DB3, 0x6DB3,
    0x75D4, 0x7DD4, 0x7DD4, 0x75B3, 0x6DB3, 0x6DB3, 0x6DB3, 0x6593, 0x6DB3, 0x6D93, 0x6D92, 0x6D92, 0x75B3, 0x75B3, 0x6DB3, 0x6592,
    0x6DB3, 0x75D3, 0x75D4, 0x7DD4, 0x75B3, 0x6DB3, 0x6D93, 0x6DB3, 0x75B4, 0x7DD4, 0x75B4, 0x6D93, 0x6D93, 0x6D93, 0x6D93, 0x6DB3,
    0x6DB3, 0x6DB3, 0x75D4, 0x7DD4, 0x75D4, 0x6DB3, 0x6592, 0x6D92, 0x6DB3, 0x75B3, 0x75B3, 0x6DB3, 0x6D93, 0x7593, 0x75B3, 0x6DB3,
    0x75B3, 0x75B3, 0x75B3, 0x6DB3, 0x7593, 0x6D93, 0x6DB3, 0x6DB3, 0x6D92, 0x6DB3, 0x6DB3, 0x6D92, 0x75B3, 0x75B3, 0x6D93, 0x6D93,
    0x6DB3, 0x75B3, 0x75B3, 0x75B3, 0x75B3, 0x75B3, 0x75B3, 0x6DB3, 0x6D93, 0x6DB3, 0x6DB3, 0x6DB3, 0x6DB3, 0x6DB3, 0x75B3, 0x75D4,
    0x6DB3, 0x6DB3, 0x75D3, 0x7DF4, 0x6D93, 0x6D93, 0x6DB3, 0x75B3, 0x75D3, 0x75D3, 0x6DD3, 0x6DB3, 0x65B3, 0x6D93, 0x75B3, 0x7DF4,
    0x75B3, 0x6D93, 0x75D4, 0x85F5, 0x6DB3, 0x6D93, 0x6DB3, 0x7DF4, 0x6DD3, 0x75D3, 0x75D3, 0x75D3, 0x6DB3, 0x6DB3, 0x75B3, 0x6DB3,
    0x6D93, 0x6DB3, 0x75B3, 0x75B3, 0x6DB3, 0x6DB3, 0x6DB3, 0x6DB3, 0x75D3, 0x6DB3, 0x6DB3, 0x6DB3, 0x6D93, 0x6D93, 0x6DB3, 0x6DB3,
    0x6DB3, 0x75B3, 0x75D4, 0x75D4, 0x75B3, 0x6D93, 0x6D92, 0x6D93, 0x7DF5, 0x75D3, 0x6DB3, 0x6DD3, 0x75B3, 0x75B3, 0x75B3, 0x6DD3
};

const short ground_tile_180[TILE_SIZE * TILE_SIZE] = {
    0x6572, 0x6D93, 0x6D93, 0x6D93, 0x6DB3, 0x6D93, 0x6DB3, 0x6DB3, 0x6DB3, 0x6592, 0x6592, 0x6DB3, 0x7DD4, 0x75B3, 0x6D92, 0x6592,
    0x6D93, 0x6D93, 0x6D93, 0x6D93, 0x6D93, 0x6DB3, 0x6DB3, 0x6DB3, 0x6DB3, 0x6DB3, 0x6DB3, 0x6DB3, 0x6D93, 0x6D93, 0x6D93, 0x6D92,
    0x6DB3, 0x6DB3, 0x75B3, 0x75B3, 0x6D92, 0x6D93, 0x6D93, 0x6DB3, 0x6DB3, 0x75B3, 0x75B3, 0x75B3, 0x75B3, 0x6D93, 0x6D93, 0x6D93,
    0x6DB3, 0x6DB3, 0x6DB3, 0x6DB3, 0x6D93, 0x6D92, 0x6592, 0x6592, 0x6D93, 0x6DB3, 0x6DB3, 0x6DB3, 0x75B3, 0x6DB3, 0x6DB3, 0x75B3,
    0x75F4, 0x75D4, 0x75D3, 0x6DB3, 0x6DB3, 0x6D93, 0x6592, 0x6593, 0x75B3, 0x6D93, 0x6593, 0x6DB3, 0x6D93, 0x6DB3, 0x6D93, 0x6D93,
    0x9656, 0x8615, 0x75D4, 0x6DB3, 0x75B3, 0x6592, 0x6592, 0x75D4, 0x8E36, 0x75B3, 0x6572, 0x6DB3, 0x75B3, 0x75B3, 0x6D93, 0x6D92,
    0x75D4, 0x75B4, 0x6DB3, 0x6D93, 0x6D93, 0x6DB3, 0x75D4, 0x8615, 0x75B4, 0x6DB3, 0x6DB3, 0x6D93, 0x6D93, 0x6DB3, 0x75B3, 0x75B3,
    0x6DB3, 0x6DB3, 0x6D93, 0x6D93, 0x6DB3, 0x6D93, 0x6DB3, 0x6DD3, 0x6DD4, 0x6DB3, 0x6DB3, 0x6DB3, 0x75D3, 0x75D4, 0x75D3, 0x6DB3,
    0x6DB3, 0x6DB3, 0x6D92, 0x6D93, 0x75B3, 0x75B3, 0x6DB3, 0x6DB3, 0x75D4, 0x6DD3, 0x6DB3, 0x6DB3, 0x7DF5, 0x75D4, 0x6DB3, 0x6DB3,
    0x6D93, 0x6DB3, 0x6DB3, 0x6D93, 0x75B3, 0x6D93, 0x6592, 0x6D93, 0x75B3, 0x6DB3, 0x6DB3, 0x6DB3, 0x7DF4, 0x75D4, 0x75B3, 0x75B3,
    0x8635, 0x75F4, 0x6DB3, 0x6D93, 0x6D93, 0x6DB3, 0x6DB3, 0x6DB3, 0x6DB3, 0x6D93, 0x6DB3, 0x6DB3, 0x75B3, 0x7DF4, 0x7DD4, 0x6D93,
    0x8E56, 0x7DF4, 0x6DB3, 0x6DB3, 0x75B3, 0x6DB3, 0x75D3, 0x7DD4, 0x6DB3, 0x6D93, 0x6D93, 0x6D93, 0x6D93, 0x7E15, 0x7E15, 0x6DB3,
    0x65B3, 0x6DB3, 0x6DB3, 0x6DB3, 0x6D93, 0x6DB3, 0x75D4, 0x85F4, 0x6D93, 0x6D92, 0x6592, 0x6592, 0x6DB3, 0x6DB3, 0x6DB3, 0x75B3,
    0x65B2, 0x6DB3, 0x75B3, 0x6DB3, 0x75B3, 0x75B3, 0x75D4, 0x7DD4, 0x6D93, 0x6D93, 0x6D93, 0x6D93, 0x6DD3, 0x75D4, 0x6DB3, 0x6DB3,
    0x75D3, 0x75D4, 0x75B3, 0x6D93, 0x6DB3, 0x6DB3, 0x75B3, 0x7DF4, 0x75D4, 0x6D92, 0x6D92, 0x6DB3, 0x6DB3, 0x6DB3, 0x6DD4, 0x6DB3,
    0x75D4, 0x75D3, 0x75B3, 0x6DB3, 0x75B3, 0x6DB3, 0x6DB3, 0x6DB3, 0x6D93, 0x6DB3, 0x6DB3, 0x6DB3, 0x75D4, 0x6DD3, 0x6DB3, 0x6DD3
};

const short ground_tile_181[TILE_SIZE * TILE_SIZE] = {
    0x6D92, 0x6D92, 0x6592, 0x6572, 0x6592, 0x75B3, 0x75D4, 0x6DB3, 0x6DB3, 0x6DB3, 0x75B3, 0x7DD4, 0x6DB3, 0x6592, 0x6592, 0x6593,
    0x6D92, 0x6D92, 0x6572, 0x6572, 0x6DB3, 0x6DB3, 0x6DB3, 0x6DB3, 0x6DB3, 0x6DB3, 0x6DB3, 0x6DB3, 0x6DB3, 0x6DB3, 0x6DB3, 0x6D93,
    0x6D93, 0x6DB3, 0x6D92, 0x6572, 0x6DB3, 0x6DB3, 0x6DB3, 0x6DB3, 0x6DB3, 0x6D93, 0x6D92, 0x6D93, 0x6D93, 0x6DB3, 0x6DB3, 0x6D93,
    0x75B3, 0x6DB3, 0x6DB3, 0x6DB3, 0x6DD3, 0x6DB3, 0x6D93, 0x6D93, 0x6DB3, 0x6D93, 0x6592, 0x6592, 0x6D92, 0x6D92, 0x6DB3, 0x6DD3,
    0x6DB3, 0x6DB3, 0x6DB3, 0x6DB3, 0x7DF5, 0x75D4, 0x75B3, 0x75B3, 0x6DB3, 0x6DB3, 0x6DB3, 0x6DB3, 0x6DB3, 0x6D93, 0x6DB3, 0x6DB3,
    0x75B3, 0x6DB3, 0x6DB3, 0x75B4, 0x8E56, 0x8615, 0x75D4, 0x75B3, 0x75D3, 0x6DB3, 0x6DD3, 0x7E15, 0x7DF4, 0x7DD4, 0x75D3, 0x6DD3,
    0x75D4, 0x6DB3, 0x75B3, 0x7DF4, 0x6DD4, 0x6DD4, 0x6DD3, 0x6DB3, 0x6DB3, 0x6DD3, 0x75F4, 0x7E14, 0x75D4, 0x75D4, 0x6DD3, 0x6DB3,
    0x6DB3, 0x6D93, 0x6DB3, 0x75D4, 0x6DD3, 0x6DD3, 0x75D3, 0x6DB3, 0x6DB3, 0x6DB3, 0x6DB3, 0x6DB3, 0x6DD3, 0x6DD3, 0x6DB3, 0x6DB3,
    0x6D93, 0x6D93, 0x6DB3, 0x6DB3, 0x75D3, 0x6DB3, 0x6DB3, 0x6DB3, 0x6DB3, 0x75D4, 0x75D3, 0x6DD3, 0x6DD3, 0x6DB3, 0x65B3, 0x6DB3,
    0x6DB3, 0x6DB3, 0x6DB3, 0x6DB3, 0x75D4, 0x6DB3, 0x6DB3, 0x75B3, 0x6DB3, 0x6DB3, 0x6DB3, 0x6DB3, 0x6DB3, 0x6DB3, 0x6DD4, 0x7DF5,
    0x6D93, 0x6DB3, 0x6DB3, 0x6DD3, 0x8615, 0x7DF4, 0x6DB3, 0x6DB3, 0x6DB3, 0x6DB3, 0x6DB3, 0x6DB3, 0x6DB3, 0x6DB3, 0x6DB3, 0x6DB3,
    0x6DB3, 0x6DB3, 0x6DB3, 0x6DB3, 0x8615, 0x7DF4, 0x75B3, 0x6DB3, 0x6D93, 0x6DB3, 0x75D3, 0x75F4, 0x6DB3, 0x6DB3, 0x6D93, 0x6592,
    0x6DB3, 0x6D92, 0x6D92, 0x6DB3, 0x6D93, 0x6593, 0x6DB3, 0x6DB3, 0x6DB3, 0x6593, 0x6DD3, 0x7E15, 0x6DB3, 0x6DB3, 0x6DB3, 0x6DB3,
    0x75B3, 0x6DB3, 0x6D93, 0x6592, 0x6593, 0x6DB3, 0x6DB3, 0x6DB3, 0x6DB3, 0x6DB3, 0x75D3, 0x7DF4, 0x6DB3, 0x6D92, 0x6D92, 0x6D93,
    0x6DB3, 0x75D4, 0x75F4, 0x6DB3, 0x6DB3, 0x6DB3, 0x6DB3, 0x6D93, 0x6DB3, 0x6D93, 0x6DB3, 0x7DF4, 0x6DB3, 0x6D93, 0x6D72, 0x6572,
    0x6DD3, 0x6DD4, 0x6DD4, 0x6DD4, 0x6DB3, 0x6D93, 0x6D93, 0x6D93, 0x6DB3, 0x6DB3, 0x6DB3, 0x6DB3, 0x6DB3, 0x6592, 0x6592, 0x6DB3
};

const short ground_tile_182[TILE_SIZE * TILE_SIZE] = {
    0x75B3, 0x6D93, 0x6D92, 0x6572, 0x6572, 0x6572, 0x6D93, 0x6DB3, 0x6DB3, 0x6DB3, 0x6DB3, 0x6D93, 0x75B3, 0x6DB3, 0x75B3, 0x75D3,
    0x6D93, 0x6D92, 0x6572, 0x6552, 0x6572, 0x6D93, 0x6D93, 0x6DB3, 0x75D4, 0x75B3, 0x6DB3, 0x6DB3, 0x6D93, 0x75B3, 0x75B3, 0x75B3,
    0x75B3, 0x6DB3, 0x6DB3, 0x6DB3, 0x6DB3, 0x6DB3, 0x6DB3, 0x6D93, 0x75D4, 0x75B3, 0x6DB3, 0x75B3, 0x6D93, 0x6D93, 0x6DB3, 0x75B3,
    0x75D3, 0x6DB3, 0x6DB3, 0x75B3, 0x75D4, 0x75B4, 0x75B3, 0x75B3, 0x75B3, 0x6DB3, 0x6D93, 0x6D93, 0x75B3, 0x6D93, 0x6D92, 0x6D92,
    0x6DB3, 0x6DB3, 0x6DB3, 0x6DB3, 0x75B3, 0x75B3, 0x75B3, 0x75D3, 0x8615, 0x75D4, 0x6DB3, 0x6DB3, 0x6DB3, 0x6D93, 0x6D93, 0x6DB3,
    0x6DB3, 0x75D3, 0x75B3, 0x6D92, 0x6DB3, 0x75B3, 0x75B3, 0x75B3, 0x9656, 0x85F5, 0x75B3, 0x6D93, 0x6D93, 0x6592, 0x65B3, 0x75F4,
    0x6D92, 0x6D93, 0x6D93, 0x6D93, 0x75B3, 0x6DB3, 0x75B3, 0x75B3, 0x6DB3, 0x75D4, 0x6DB3, 0x6D93, 0x6DB3, 0x6DD3, 0x7E15, 0x8E56,
    0x6DB3, 0x6DB3, 0x6D93, 0x6D93, 0x6D93, 0x6D93, 0x6D93, 0x6D93, 0x6DB3, 0x6DB3, 0x6DB3, 0x6DB3, 0x6DB3, 0x6DD3, 0x75D4, 0x75F4,
    0x7DF4, 0x75D3, 0x6D93, 0x6D92, 0x6D92, 0x6D93, 0x6D93, 0x6D93, 0x75B3, 0x6DB3, 0x6DB3, 0x6DB3, 0x75B3, 0x6DD3, 0x6DB3, 0x6DB3,
    0x9656, 0x7DF4, 0x6D93, 0x6D92, 0x6D93, 0x75B3, 0x6DB3, 0x6D93, 0x6DB3, 0x6D93, 0x6DB3, 0x75B3, 0x75D4, 0x6DB3, 0x6593, 0x6DB3,
    0x75D4, 0x7DF4, 0x7DD4, 0x6DB3, 0x6DB3, 0x6DB3, 0x6DB3, 0x6DB3, 0x7DF4, 0x75D3, 0x6DB3, 0x6DB3, 0x75B3, 0x6DB3, 0x6DB3, 0x6DB3,
    0x6DB3, 0x7DF4, 0x7DF4, 0x6DB3, 0x6DB3, 0x6DB3, 0x6DB3, 0x6DB3, 0x8615, 0x75D4, 0x6DB3, 0x6DB3, 0x6DD3, 0x6DB3, 0x75D3, 0x7DF4,
    0x6DB3, 0x6D93, 0x6D93, 0x6DB3, 0x6DB3, 0x6DB3, 0x75B3, 0x75D3, 0x6592, 0x6D93, 0x6DB3, 0x75D3, 0x75B3, 0x6DB3, 0x75D3, 0x7DF4,
    0x6D92, 0x6D92, 0x6D92, 0x6D93, 0x6DB3, 0x6D93, 0x6D93, 0x6D92, 0x6592, 0x6DB3, 0x75D4, 0x75D4, 0x75B3, 0x6DB3, 0x6DB3, 0x6DB3,
    0x6D92, 0x6D72, 0x6D72, 0x6DB3, 0x75D3, 0x75B3, 0x6DB3, 0x6593, 0x65B3, 0x6DB3, 0x6DB3, 0x6DB3, 0x6D93, 0x6D93, 0x6592, 0x6D93,
    0x6D93, 0x6D93, 0x6D93, 0x6593, 0x6DB3, 0x6DB3, 0x6DB3, 0x6DB3, 0x6DD3, 0x6DB3, 0x6DB3, 0x6DB3, 0x6D93, 0x75B3, 0x75D4, 0x75D3
};

const short ground_tile_183[TILE_SIZE * TILE_SIZE] = {
    0x75B3, 0x6D93, 0x6D93, 0x75B3, 0x6DB3, 0x6D93, 0x6D93, 0x6DB3, 0x6DB3, 0x6D93, 0x6D93, 0x6DB3, 0x65B3, 0x6DB3, 0x6DB3, 0x6DB3,
    0x75D3, 0x75B3, 0x6DB3, 0x6D92, 0x6DB3, 0x6DB3, 0x6DB3, 0x6DB3, 0x6D93, 0x6DB3, 0x6DB3, 0x6D93, 0x6DB3, 0x6DB3, 0x6DB3, 0x6DB3,
    0x75D3, 0x6DB3, 0x6D93, 0x6DB3, 0x7DD4, 0x75B3, 0x6D93, 0x6DB3, 0x6D93, 0x6DB3, 0x6DB3, 0x6D93, 0x75D4, 0x75D3, 0x75B3, 0x75D3,
    0x6D92, 0x6D92, 0x6D92, 0x6D93, 0x75D3, 0x6DB3, 0x6DB3, 0x75D3, 0x75D3, 0x75B3, 0x75B3, 0x75D3, 0x75D4, 0x75D4, 0x75B3, 0x6DB3,
    0x75D4, 0x6D92, 0x6592, 0x6DB3, 0x75B3, 0x6DB3, 0x6DB3, 0x6DB3, 0x75B3, 0x75B3, 0x75D3, 0x75D3, 0x7DF5, 0x7DF4, 0x75D4, 0x75D3,
    0x8E36, 0x75B3, 0x6592, 0x6DB3, 0x75B3, 0x75B3, 0x6D93, 0x6D93, 0x6DB3, 0x75B3, 0x75B3, 0x75B4, 0x8E36, 0x8615, 0x7DD4, 0x6DB3,
    0x75D4, 0x75D4, 0x75D4, 0x6D93, 0x6D92, 0x6D92, 0x6D93, 0x6DB3, 0x75D4, 0x6DB3, 0x75D4, 0x7DF4, 0x75D4, 0x75D3, 0x6DB3, 0x6DB3,
    0x6DD3, 0x6DD3, 0x6DB3, 0x6DB3, 0x6DB3, 0x6DB3, 0x6DB3, 0x6DB3, 0x6D93, 0x6DB3, 0x75D3, 0x75D4, 0x6DB3, 0x75D3, 0x75D4, 0x75D4,
    0x6DD4, 0x6DD3, 0x65B3, 0x6D92, 0x8614, 0x75D3, 0x6DB3, 0x6DB3, 0x6DB3, 0x6DB3, 0x75D3, 0x75D4, 0x75F4, 0x75D3, 0x75B3, 0x75D4,
    0x75D3, 0x6DB3, 0x65B3, 0x6DB3, 0x7DF4, 0x75D4, 0x6DB3, 0x6DB3, 0x6DB3, 0x75D3, 0x75D4, 0x75D4, 0x75D3, 0x6DD3, 0x75D3, 0x75D4,
    0x6DB3, 0x6DB3, 0x6DB3, 0x6DB3, 0x6DD3, 0x7DF4, 0x7DF4, 0x6DB3, 0x6DB3, 0x6DB3, 0x6DD3, 0x75D4, 0x7E15, 0x75D4, 0x6DB3, 0x6DB3,
    0x6DB3, 0x6DB3, 0x6DB3, 0x6593, 0x65B3, 0x7DF4, 0x7E15, 0x6DD3, 0x6DB3, 0x6DB3, 0x6DB3, 0x6DB3, 0x8615, 0x75D4, 0x75B3, 0x75B3,
    0x75D4, 0x6DB3, 0x6D93, 0x6D93, 0x6DD4, 0x6DD3, 0x75D3, 0x75D3, 0x6DB3, 0x6D92, 0x6DB3, 0x75D3, 0x6592, 0x6592, 0x6D93, 0x6DB3,
    0x6DB3, 0x75B3, 0x75B3, 0x6DB3, 0x6DB3, 0x75D3, 0x75D3, 0x75D3, 0x75B3, 0x6DB3, 0x6DB3, 0x6D93, 0x6DB3, 0x6DB3, 0x75D3, 0x75B3,
    0x6DB3, 0x6D93, 0x6DB3, 0x75D4, 0x6DB3, 0x6DB3, 0x6DB3, 0x75D3, 0x7DF4, 0x75D3, 0x6DB3, 0x6DB3, 0x6DB3, 0x75D4, 0x75D4, 0x75B3,
    0x6592, 0x6592, 0x6592, 0x6592, 0x6DB3, 0x6DB3, 0x6D93, 0x6DB3, 0x6DB3, 0x6DB3, 0x6DB3, 0x6DD3, 0x6DD3, 0x6DB3, 0x6DB3, 0x6DB3
};

const short ground_tile_184[TILE_SIZE * TILE_SIZE] = {
    0x6DB3, 0x6DB3, 0x75D4, 0x7DD4, 0x6DB3, 0x6D93, 0x6593, 0x6D93, 0x75B3, 0x6D93, 0x6592, 0x6592, 0x6592, 0x6D93, 0x6DB3, 0x75B3,
    0x6DB3, 0x75D4, 0x75D4, 0x6DB3, 0x75D3, 0x6DB3, 0x6D93, 0x6593, 0x6DB3, 0x6DB3, 0x6D93, 0x6572, 0x6D93, 0x6D93, 0x6D93, 0x6D93,
    0x6DB3, 0x6DB3, 0x6DB3, 0x6DB3, 0x6DB3, 0x6DB3, 0x6DB3, 0x6DB3, 0x7DD4, 0x6DB3, 0x6D93, 0x6D93, 0x6DB3, 0x6DB3, 0x6D93, 0x6D92,
    0x6DB3, 0x6DB3, 0x6D93, 0x6DB3, 0x6DB3, 0x6D93, 0x6D93, 0x75B3, 0x75D4, 0x6DB3, 0x6DB3, 0x6DB3, 0x75D4, 0x75B4, 0x75B3, 0x6DB3,
    0x6DB3, 0x6DB3, 0x6DB2, 0x6DB3, 0x75D3, 0x6DB3, 0x6DB3, 0x6DD3, 0x6DB3, 0x6DB3, 0x6DB3, 0x6DB3, 0x75D3, 0x75B3, 0x6DB3, 0x6DB3,
    0x75D3, 0x6592, 0x6592, 0x75D4, 0x8615, 0x7DF4, 0x75D4, 0x6DD4, 0x6D93, 0x75D3, 0x75B3, 0x6D93, 0x75B3, 0x75B4, 0x75B4, 0x75B4,
    0x6DB3, 0x6DB3, 0x75F4, 0x8636, 0x7E15, 0x75F4, 0x75F4, 0x6DB3, 0x6D93, 0x6DB3, 0x6DB3, 0x6DB3, 0x75B4, 0x75B3, 0x75B4, 0x75D4,
    0x6DD3, 0x6DB3, 0x75D3, 0x75F4, 0x75F4, 0x75F4, 0x6DD3, 0x6DB3, 0x6DB3, 0x6DB3, 0x75D3, 0x75B3, 0x6DB3, 0x6D93, 0x6DB3, 0x75B3,
    0x6DD4, 0x75D4, 0x75D4, 0x75D4, 0x75F4, 0x75F4, 0x6DB3, 0x6D93, 0x75D4, 0x75D3, 0x6DB3, 0x6DB3, 0x75B3, 0x6DB3, 0x6D93, 0x6DB3,
    0x75F4, 0x6DD3, 0x6DB3, 0x6DD3, 0x75F4, 0x75D4, 0x75F4, 0x8636, 0x8615, 0x75D4, 0x6DB3, 0x6DB3, 0x6DB3, 0x75D3, 0x6DB3, 0x6DB3,
    0x75D3, 0x75D3, 0x6DD3, 0x6DD3, 0x6DD3, 0x6DD3, 0x6DD4, 0x75D4, 0x75D4, 0x7DF4, 0x7DD4, 0x6DB3, 0x6DB3, 0x6DB3, 0x6DB3, 0x6DB3,
    0x75D3, 0x6DD3, 0x75D4, 0x7DF4, 0x6DB3, 0x6DB3, 0x6DB3, 0x6D93, 0x6DB3, 0x7DD4, 0x75D4, 0x6D93, 0x6DB3, 0x6DB3, 0x6DB3, 0x6DB3,
    0x6DB3, 0x6DB3, 0x75D4, 0x7DF5, 0x6D93, 0x6D93, 0x6D93, 0x6DB3, 0x6DB3, 0x6DB3, 0x6DB3, 0x6DB3, 0x6DB3, 0x6D93, 0x6D93, 0x75B3,
    0x6DB3, 0x6DB3, 0x6DB3, 0x75D3, 0x75B3, 0x6D93, 0x6D93, 0x6D93, 0x6DB3, 0x6DB3, 0x6D93, 0x75B3, 0x75B3, 0x6D93, 0x6D93, 0x6D72,
    0x75B3, 0x6D93, 0x6D93, 0x75D3, 0x75D4, 0x6D93, 0x6D72, 0x6D93, 0x75D4, 0x6DB3, 0x6DB3, 0x75B3, 0x75B3, 0x7DD4, 0x75B4, 0x6DB3,
    0x6DB3, 0x75D3, 0x75D4, 0x75D3, 0x6DB3, 0x75B3, 0x6DB3, 0x6DB3, 0x6D93, 0x6DB3, 0x6DB3, 0x6DB3, 0x6DB3, 0x6DB3, 0x6DB3, 0x75D3
};

const short ground_tile_185[TILE_SIZE * TILE_SIZE] = {
    0x6D93, 0x6DB3, 0x6DB3, 0x6D93, 0x6DB3, 0x6DB3, 0x6DB3, 0x75D4, 0x6DB3, 0x6D93, 0x6592, 0x6593, 0x6D93, 0x6D93, 0x6592, 0x6592,
    0x6DB3, 0x6DB3, 0x6DB3, 0x6DB3, 0x6D93, 0x6DB3, 0x6DB3, 0x6DB3, 0x6DB3, 0x6DB3, 0x6D93, 0x6593, 0x6D93, 0x75B3, 0x75B3, 0x6D92,
    0x75B3, 0x6DB3, 0x6DB3, 0x6DB3, 0x6D93, 0x6D93, 0x6DB3, 0x75D3, 0x6DB3, 0x6DB3, 0x6DB3, 0x6DB3, 0x75B3, 0x6D93, 0x6D93, 0x6D93,
    0x6DB3, 0x6D93, 0x6D93, 0x6DB3, 0x6DB3, 0x6D93, 0x6D92, 0x6592, 0x6DB3, 0x6DB3, 0x6DB3, 0x6D93, 0x75B3, 0x6DB3, 0x6DB3, 0x75B3,
    0x75D4, 0x75B4, 0x6DB3, 0x6DB3, 0x6DB3, 0x6D93, 0x6D92, 0x6DB3, 0x75D4, 0x75D3, 0x6DB3, 0x6DB3, 0x75B3, 0x6DB3, 0x6DB3, 0x75B3,
    0x8616, 0x7DF5, 0x75B3, 0x6DB3, 0x75B3, 0x6D92, 0x6D92, 0x75D3, 0x8E36, 0x85F5, 0x75D4, 0x75D4, 0x75B3, 0x7593, 0x6D93, 0x6D93,
    0x6D93, 0x6DB3, 0x6DB3, 0x6DB3, 0x6DB3, 0x75D4, 0x7E15, 0x8E56, 0x75F4, 0x75F4, 0x75F4, 0x6DB3, 0x6D93, 0x6D93, 0x7593, 0x75B3,
    0x6DB3, 0x6DD3, 0x6DD3, 0x75D3, 0x6DD3, 0x6DD3, 0x75D4, 0x75F4, 0x6DD4, 0x6DD3, 0x6DD3, 0x75B4, 0x75B3, 0x6DB3, 0x6DB3, 0x6DB3,
    0x7DF4, 0x75D4, 0x6DD3, 0x75D3, 0x75D3, 0x75D3, 0x6DD3, 0x6DD3, 0x75D4, 0x6DD3, 0x6DB3, 0x6DB3, 0x8615, 0x75D4, 0x6DB3, 0x6DB3,
    0x75D4, 0x75B3, 0x6DB3, 0x75D3, 0x75D4, 0x6DB3, 0x6D93, 0x6DB3, 0x75D4, 0x75D4, 0x75D4, 0x75D3, 0x7E15, 0x75D4, 0x6DB3, 0x6D93,
    0x7DF4, 0x75D4, 0x6DB3, 0x6DB3, 0x6DB3, 0x6DB3, 0x6DB3, 0x6DB3, 0x6DB3, 0x6DB3, 0x6DB3, 0x6DB3, 0x75D3, 0x7DF4, 0x75D4, 0x6DB3,
    0x7DF4, 0x75D4, 0x6DB3, 0x6DB3, 0x6DB3, 0x6DB3, 0x75D3, 0x7DF4, 0x6DB3, 0x6DB3, 0x6DB3, 0x6D93, 0x6DB3, 0x7E14, 0x7DF4, 0x6DB3,
    0x6572, 0x6572, 0x6D93, 0x6DB3, 0x6D92, 0x6DB3, 0x75D4, 0x85F4, 0x75B3, 0x6D92, 0x6D72, 0x6D93, 0x6DB3, 0x6DB3, 0x6DB3, 0x6DB3,
    0x6D93, 0x6DB3, 0x6DB3, 0x6DB3, 0x6D93, 0x6D93, 0x75B3, 0x7DD4, 0x6DB3, 0x6D93, 0x6D93, 0x6D93, 0x6DB3, 0x6DB3, 0x6DB3, 0x75B3,
    0x6DB3, 0x6DB3, 0x6D93, 0x6D92, 0x6D92, 0x6592, 0x6D93, 0x75D4, 0x75D3, 0x6D72, 0x6D72, 0x6D93, 0x6D92, 0x6D93, 0x6DB3, 0x6DB3,
    0x6DB3, 0x6DB3, 0x6DB3, 0x6DB3, 0x75D4, 0x75D3, 0x6DB3, 0x6DB3, 0x6DB3, 0x6D93, 0x6D92, 0x6D72, 0x6D93, 0x6DB3, 0x6DB3, 0x6DD3
};

const short ground_tile_186[TILE_SIZE * TILE_SIZE] = {
    0x6D92, 0x6D92, 0x6D92, 0x6D92, 0x6592, 0x6DB3, 0x75B3, 0x6DB3, 0x6D93, 0x6D93, 0x6DB3, 0x75B4, 0x6D93, 0x6572, 0x6572, 0x6552,
    0x6592, 0x6D92, 0x6592, 0x6572, 0x75B3, 0x6DB3, 0x6D93, 0x6DB3, 0x6D93, 0x6DB3, 0x6DB3, 0x6DB3, 0x75B3, 0x6DB3, 0x6D93, 0x6D92,
    0x6572, 0x6D93, 0x6D93, 0x6D92, 0x75D3, 0x75B3, 0x6DB3, 0x6DB3, 0x6DB3, 0x6DB3, 0x6DB3, 0x75D3, 0x6DB3, 0x6DB3, 0x75B3, 0x6DB3,
    0x75B3, 0x75B3, 0x75D3, 0x75B3, 0x6DD3, 0x75B3, 0x75B3, 0x75B3, 0x6DB3, 0x6DB3, 0x6DB3, 0x6DB3, 0x6DB3, 0x6DB3, 0x6DB3, 0x75B3,
    0x75B3, 0x75B3, 0x75D3, 0x75D4, 0x7E15, 0x7DF4, 0x75D4, 0x75D3, 0x75B3, 0x6DB3, 0x6DB3, 0x6DB3, 0x75D4, 0x75B3, 0x6DB3, 0x6DB3,
    0x75B3, 0x75B3, 0x75D4, 0x7DF4, 0x9656, 0x8615, 0x75D4, 0x75B3, 0x7DF4, 0x6DB3, 0x6DB3, 0x75D4, 0x9656, 0x7DF5, 0x75D3, 0x75D4,
    0x75D3, 0x6DB3, 0x6DB3, 0x75D4, 0x6DD3, 0x6DB3, 0x6DB3, 0x6DB3, 0x6DB3, 0x6DB3, 0x75D4, 0x8615, 0x75F4, 0x75D4, 0x75D3, 0x6DB3,
    0x6D93, 0x6D93, 0x6DB3, 0x75B3, 0x6DB3, 0x6DB3, 0x6DB3, 0x6DB3, 0x6DB3, 0x6DB3, 0x6DB3, 0x6DD3, 0x6DD3, 0x6DD3, 0x75D3, 0x75B3,
    0x6DB3, 0x75B3, 0x75D4, 0x6DB3, 0x6DB3, 0x6DB3, 0x6DB3, 0x6DB3, 0x6DB3, 0x75B3, 0x75B3, 0x6DB3, 0x75D3, 0x75D3, 0x75D4, 0x75D4,
    0x75B3, 0x75D4, 0x75D3, 0x6DB3, 0x6DB3, 0x6DB3, 0x6DB3, 0x75D3, 0x75D3, 0x75B3, 0x6DB3, 0x6DB3, 0x75B3, 0x75B3, 0x7DF5, 0x9656,
    0x6DB3, 0x6DB3, 0x6DB3, 0x6DB3, 0x7DF4, 0x75D4, 0x6DB3, 0x6DB3, 0x75B3, 0x75D3, 0x75D3, 0x6DB3, 0x6DB3, 0x6DB3, 0x6DB3, 0x75B3,
    0x6DB3, 0x6DB3, 0x6DB3, 0x6DB3, 0x7DF4, 0x75D4, 0x75B3, 0x75D3, 0x75D3, 0x75B3, 0x75F4, 0x7E15, 0x6DB3, 0x6D93, 0x6D93, 0x6572,
    0x6DB3, 0x6D92, 0x6D93, 0x6D93, 0x6D93, 0x6D93, 0x6DB3, 0x75D3, 0x6DB3, 0x6DB3, 0x75D4, 0x85F5, 0x6DB3, 0x6D93, 0x6D93, 0x6D93,
    0x75B3, 0x6DB3, 0x6D93, 0x6592, 0x6D93, 0x6DB3, 0x6DB3, 0x75B3, 0x75D4, 0x75D3, 0x75D4, 0x75D4, 0x75B4, 0x6D93, 0x6D92, 0x6D93,
    0x6DB3, 0x75D3, 0x75B3, 0x6593, 0x6592, 0x6DB3, 0x6DB3, 0x6D93, 0x75D3, 0x6DB3, 0x6DB3, 0x75D4, 0x75B3, 0x6D72, 0x6552, 0x6572,
    0x65B3, 0x6DB3, 0x6DB3, 0x6DB3, 0x6DB3, 0x6D93, 0x6D93, 0x75B3, 0x75B3, 0x6D93, 0x6D93, 0x6D93, 0x6D93, 0x6D72, 0x6D72, 0x6D93
};

const short ground_tile_187[TILE_SIZE * TILE_SIZE] = {
    0x6572, 0x7DD4, 0x7DD4, 0x6572, 0x6572, 0x6572, 0x6D92, 0x6DB3, 0x6D92, 0x6D93, 0x6D93, 0x6D93, 0x6D93, 0x6D93, 0x6DB3, 0x6DB3,
    0x6DB3, 0x6D93, 0x6D92, 0x6552, 0x6572, 0x6D92, 0x6D93, 0x6D93, 0x6D93, 0x6D93, 0x6D93, 0x6D93, 0x6D92, 0x6DB3, 0x6DB3, 0x6DB3,
    0x7DF4, 0x75B3, 0x6D93, 0x6D92, 0x6572, 0x6DB3, 0x75B3, 0x6DB3, 0x75B3, 0x6DB3, 0x6DB3, 0x6DB3, 0x6DB3, 0x6DB3, 0x6DB3, 0x6DB3,
    0x75D3, 0x6DB3, 0x6D93, 0x6D93, 0x75B3, 0x75B3, 0x75B3, 0x6DB3, 0x75D3, 0x75B3, 0x6DB3, 0x75B3, 0x75B3, 0x6DB3, 0x6D93, 0x6DB3,
    0x6DB3, 0x6DB3, 0x6D93, 0x6DB3, 0x75B3, 0x75B3, 0x75B3, 0x75D4, 0x7DF5, 0x75D4, 0x75D3, 0x75B3, 0x6DB3, 0x6D92, 0x6D92, 0x6D93,
    0x6D93, 0x75B3, 0x6DB3, 0x6D93, 0x75B3, 0x75B3, 0x75B3, 0x75B4, 0x9677, 0x8615, 0x75D4, 0x6DB3, 0x75B3, 0x6592, 0x6592, 0x75D4,
    0x6DB3, 0x6DB3, 0x6DB3, 0x6DB3, 0x75D4, 0x75B3, 0x75B3, 0x75D4, 0x6DB3, 0x6DB3, 0x6DB3, 0x6DB3, 0x6DB3, 0x75D3, 0x7DF4, 0x8635,
    0x75B3, 0x75B3, 0x6DB3, 0x6D93, 0x6D93, 0x6DB3, 0x75B3, 0x75B3, 0x6DB3, 0x6DB3, 0x75B3, 0x75B3, 0x6DD3, 0x6DD3, 0x75D4, 0x7DF4,
    0x7DD4, 0x75B3, 0x6DB3, 0x6DB3, 0x6D92, 0x6DB3, 0x75B3, 0x6DB3, 0x75D4, 0x75D3, 0x6DB3, 0x75B3, 0x75D4, 0x75D4, 0x75D4, 0x75D4,
    0x8615, 0x75D4, 0x6D93, 0x6D92, 0x6DB3, 0x6DB3, 0x6DB3, 0x6DB3, 0x75B3, 0x6DB3, 0x6DB3, 0x75D3, 0x85F5, 0x75D4, 0x6DB3, 0x6DB3,
    0x75D4, 0x7DF4, 0x7DD4, 0x6DB3, 0x6DB3, 0x6DB3, 0x6DB3, 0x6DB3, 0x7DF5, 0x75D4, 0x6DB3, 0x6DB3, 0x75D3, 0x75D3, 0x75B3, 0x6DB3,
    0x6DB3, 0x7DD4, 0x7DF4, 0x6DB3, 0x6DB3, 0x6D93, 0x6D92, 0x6DB3, 0x8615, 0x75D4, 0x6DB3, 0x6DB3, 0x6DB3, 0x6DB3, 0x75D4, 0x7DF5,
    0x6DB3, 0x6DB3, 0x6DB3, 0x6DD3, 0x6DB3, 0x6DB3, 0x6DB3, 0x6DB3, 0x6592, 0x6D93, 0x6DB3, 0x75D3, 0x75B3, 0x75B3, 0x75D4, 0x7DD4,
    0x6D93, 0x6DB3, 0x6DB3, 0x6DB3, 0x6DB3, 0x75B3, 0x6DB3, 0x6D92, 0x6592, 0x6DB3, 0x75D4, 0x75D3, 0x75B4, 0x75B3, 0x75D3, 0x75D4,
    0x6D93, 0x6D93, 0x6DB3, 0x75B3, 0x6D93, 0x75B3, 0x75D3, 0x6DB3, 0x65B3, 0x6DB3, 0x6DB3, 0x6DB3, 0x6DB3, 0x6DB3, 0x6DB3, 0x75D4,
    0x6D93, 0x6D93, 0x6DB3, 0x6592, 0x65B3, 0x6DB3, 0x6DB3, 0x6DD3, 0x6DB3, 0x6DB3, 0x6DB3, 0x6DB3, 0x75B3, 0x75D3, 0x6DB3, 0x6DB3
};

const short ground_tile_188[TILE_SIZE * TILE_SIZE] = {
    0x6D93, 0x6592, 0x6D93, 0x6D93, 0x7DD4, 0x6DB3, 0x6572, 0x6572, 0x6592, 0x6D92, 0x6D93, 0x6D93, 0x6572, 0x6D93, 0x75B3, 0x6DB3,
    0x6D93, 0x6D93, 0x6D92, 0x6D92, 0x6D92, 0x6D93, 0x6D93, 0x6572, 0x6572, 0x6D92, 0x6D92, 0x6592, 0x6DB3, 0x6DB3, 0x6DB3, 0x6DB3,
    0x6D93, 0x6DB3, 0x6DB3, 0x6D92, 0x6D93, 0x6D92, 0x6D72, 0x6D93, 0x6D92, 0x6DB3, 0x6D93, 0x6572, 0x6D93, 0x6D93, 0x6DB3, 0x6DB3,
    0x6D93, 0x6DB3, 0x6DB3, 0x6D93, 0x75B3, 0x6D93, 0x6D93, 0x75B3, 0x75B3, 0x75B3, 0x75B3, 0x6DB3, 0x6D93, 0x6D93, 0x6D93, 0x6DB3,
    0x7DF4, 0x75B3, 0x6DB3, 0x6DB3, 0x75B3, 0x6DB3, 0x6D93, 0x6D93, 0x6DB3, 0x75B3, 0x6DB3, 0x6DB3, 0x7DF5, 0x75D4, 0x75B3, 0x75B3,
    0x9E78, 0x8615, 0x6DB3, 0x6DB3, 0x75B3, 0x75B3, 0x6D93, 0x6D92, 0x75B3, 0x75B3, 0x6DB3, 0x75B4, 0x9656, 0x8615, 0x75D4, 0x6DB3,
    0x7DF4, 0x75D4, 0x75D4, 0x6DD3, 0x6D93, 0x6DB3, 0x6D93, 0x6D93, 0x75D4, 0x6DB3, 0x75D4, 0x8615, 0x75D4, 0x6DB4, 0x6DB3, 0x6DB3,
    0x75D4, 0x6DD3, 0x6DB3, 0x6DB3, 0x75B3, 0x6DB3, 0x6DB3, 0x6DB3, 0x6DB3, 0x6DB3, 0x6DB3, 0x75D4, 0x6DD4, 0x6DD4, 0x75D4, 0x75D3,
    0x75D4, 0x6DD3, 0x6DB3, 0x6DB3, 0x7DD4, 0x6DB3, 0x6592, 0x6D92, 0x6DB3, 0x6DB3, 0x6DB3, 0x6DB3, 0x7DF4, 0x75D4, 0x6DB3, 0x6DD3,
    0x75D4, 0x75D4, 0x6DD3, 0x6DB3, 0x7DD4, 0x75B3, 0x6DB3, 0x6DB3, 0x6DB3, 0x6DB3, 0x6DB3, 0x6DB3, 0x75F4, 0x75D4, 0x6DB3, 0x75B3,
    0x75B3, 0x6DB3, 0x6DB3, 0x6DB3, 0x6DD3, 0x75D4, 0x75D4, 0x6DB3, 0x6DB3, 0x6DB3, 0x6DB3, 0x6DD3, 0x7DF5, 0x75D4, 0x6DB3, 0x6DB3,
    0x6D93, 0x6D93, 0x6D93, 0x6D93, 0x6DB3, 0x7DF4, 0x7DF4, 0x6DB3, 0x6DB3, 0x6DB3, 0x6DB3, 0x6DB3, 0x7DF4, 0x75D4, 0x6DB3, 0x6DD3,
    0x6DB3, 0x6DB3, 0x6DB3, 0x6DB3, 0x6DB3, 0x6DB3, 0x6DB3, 0x6DB3, 0x6D92, 0x6592, 0x6D93, 0x6DB3, 0x6592, 0x6D93, 0x6DB3, 0x6DB3,
    0x6DB3, 0x75B3, 0x75B3, 0x6DB3, 0x6DB3, 0x6DB3, 0x6DB3, 0x6DB3, 0x6DB3, 0x6D93, 0x6D92, 0x6592, 0x6593, 0x6DB3, 0x6DB3, 0x6DB3,
    0x75B3, 0x6D92, 0x6D92, 0x75D3, 0x6DB3, 0x6DB3, 0x6DB3, 0x6DB3, 0x75D3, 0x75B3, 0x6DB3, 0x6592, 0x6593, 0x6DB3, 0x6DB3, 0x6D92,
    0x6D93, 0x6D92, 0x6592, 0x6DB3, 0x75F4, 0x6DF4, 0x6DD3, 0x65D3, 0x6DD3, 0x6DB3, 0x6DB3, 0x6DB3, 0x6DB3, 0x6D93, 0x6D93, 0x6D92
};

const short ground_tile_189[TILE_SIZE * TILE_SIZE] = {
    0x6DB3, 0x6D93, 0x75B3, 0x75D4, 0x6DB3, 0x6D93, 0x6593, 0x6593, 0x75B4, 0x6D93, 0x6572, 0x6572, 0x6592, 0x6D92, 0x6D93, 0x6DB3,
    0x6DB3, 0x6DB3, 0x6DB3, 0x6DB3, 0x75B3, 0x75D3, 0x6DB3, 0x6592, 0x6D93, 0x6D93, 0x6D93, 0x6572, 0x6D93, 0x6D93, 0x6D93, 0x6DB3,
    0x75D3, 0x6DB3, 0x6DB3, 0x6DB3, 0x75D4, 0x75D4, 0x75B3, 0x6D93, 0x75B3, 0x6DB3, 0x6DB3, 0x75D4, 0x6DB3, 0x6DB3, 0x6DB3, 0x6DB3,
    0x75B3, 0x6DB3, 0x6DB3, 0x6DB3, 0x75D3, 0x75B3, 0x75B3, 0x75B3, 0x75D3, 0x6DB3, 0x6DB3, 0x75B3, 0x75D4, 0x75D4, 0x75D4, 0x75D3,
    0x75B3, 0x6DB3, 0x6DB3, 0x6DB3, 0x75D4, 0x75B3, 0x6DB3, 0x6DD3, 0x6DB3, 0x6DB3, 0x6DB3, 0x6DB3, 0x75B3, 0x75D4, 0x75D4, 0x75D4,
    0x75D3, 0x6DB3, 0x6DB3, 0x7DF4, 0x8E56, 0x7DF4, 0x75D3, 0x75F4, 0x6DB3, 0x75D3, 0x75D3, 0x6D93, 0x6DB3, 0x75D4, 0x75D4, 0x75D4,
    0x6DB3, 0x6DB3, 0x7DF4, 0x8E36, 0x7DF5, 0x75D4, 0x6DB3, 0x6DB3, 0x6DB3, 0x6DB3, 0x6DB3, 0x6DB3, 0x75D4, 0x75B4, 0x75D4, 0x7DF4,
    0x6DB3, 0x6DB3, 0x6DB3, 0x75D4, 0x75D4, 0x6DD3, 0x6DB3, 0x6DB3, 0x75D3, 0x6DB3, 0x6DB3, 0x6D93, 0x6D93, 0x6D93, 0x75B3, 0x75B3,
    0x6DB3, 0x75D3, 0x75D3, 0x75D4, 0x75D3, 0x6DD3, 0x75D3, 0x75D4, 0x75B3, 0x6DB3, 0x6D92, 0x6D92, 0x6D93, 0x75B3, 0x75B3, 0x6DB3,
    0x75B3, 0x6DB3, 0x6DB3, 0x6DB3, 0x6DB3, 0x6DB3, 0x7DF5, 0x9656, 0x85F5, 0x75B3, 0x6D92, 0x6D92, 0x6D93, 0x75B3, 0x75B3, 0x6DB3,
    0x6DB3, 0x75B3, 0x75B3, 0x75B3, 0x75B3, 0x6DB3, 0x75B3, 0x7DD4, 0x75D4, 0x75D4, 0x75B3, 0x6D93, 0x6DB3, 0x6DB3, 0x75D3, 0x75D4,
    0x75D3, 0x75D3, 0x75D4, 0x7DF4, 0x6DB3, 0x6D93, 0x6D93, 0x6D93, 0x6D93, 0x75D4, 0x75D4, 0x6DB3, 0x6DB3, 0x75B3, 0x75B3, 0x6DB3,
    0x6DB3, 0x6DB3, 0x75D4, 0x7DF5, 0x6DB3, 0x6D93, 0x6D92, 0x6D93, 0x6D93, 0x6D92, 0x6D93, 0x6DB3, 0x6DB3, 0x75B3, 0x75B3, 0x75D3,
    0x75D3, 0x6DB3, 0x75B3, 0x75D4, 0x75B3, 0x6D93, 0x6D72, 0x6D72, 0x6D72, 0x6D72, 0x6D93, 0x75B3, 0x75B3, 0x75B3, 0x6D93, 0x6D93,
    0x6DB3, 0x6D93, 0x6DB3, 0x75B3, 0x6D93, 0x6D72, 0x6D72, 0x6D72, 0x6D93, 0x6D93, 0x75B3, 0x75B3, 0x75D4, 0x75D4, 0x75B3, 0x75B3,
    0x6DB3, 0x6DB3, 0x6DB3, 0x6D93, 0x6D93, 0x6D92, 0x6D93, 0x6DB3, 0x6D93, 0x75B4, 0x75D4, 0x6DB3, 0x6DD3, 0x6DB3, 0x75B3, 0x6DD3
};

const short ground_tile_190[TILE_SIZE * TILE_SIZE] = {
    0x6592, 0x6DB3, 0x6DB3, 0x6D93, 0x6DB3, 0x6DB3, 0x6DB3, 0x75B3, 0x75B3, 0x6DB3, 0x6D93, 0x6D93, 0x75B4, 0x6D93, 0x6592, 0x6572,
    0x75B3, 0x6DB3, 0x6DB3, 0x6D93, 0x6DB3, 0x6DB3, 0x75D3, 0x75B3, 0x75D4, 0x75D3, 0x75B3, 0x75B3, 0x6DB3, 0x6DB3, 0x6D93, 0x6D93,
    0x75D3, 0x75B3, 0x6DB3, 0x6DB3, 0x6D93, 0x6DB3, 0x75B3, 0x75D4, 0x75D4, 0x75D4, 0x75D4, 0x75B3, 0x7593, 0x6D93, 0x6D93, 0x6DB3,
    0x75D3, 0x75B3, 0x75B3, 0x6DB3, 0x6DB3, 0x6DB3, 0x6DB3, 0x6DB3, 0x75D4, 0x75D4, 0x75B3, 0x6D93, 0x75B3, 0x6DB3, 0x75B3, 0x7DD4,
    0x7E15, 0x75D4, 0x6DB3, 0x6DB3, 0x6DB3, 0x6D93, 0x6D93, 0x6DB3, 0x7DF4, 0x75B3, 0x6D93, 0x6DB3, 0x6DB3, 0x6D93, 0x6D93, 0x75B3,
    0x9657, 0x8615, 0x75B3, 0x6DB3, 0x75B3, 0x6D92, 0x6DB3, 0x85F5, 0x8E36, 0x75D3, 0x6592, 0x6DB3, 0x75B3, 0x6D93, 0x6D93, 0x6D93,
    0x75D4, 0x75D4, 0x6D93, 0x6572, 0x6DB3, 0x75D3, 0x7E15, 0x9677, 0x75B4, 0x6DB3, 0x6DB3, 0x6D93, 0x6D93, 0x6DB3, 0x75B3, 0x75B4,
    0x6DB3, 0x6DB3, 0x6DB3, 0x75B3, 0x6DD3, 0x6DD3, 0x75D4, 0x75F4, 0x6DD4, 0x6DD3, 0x6DB3, 0x6DD3, 0x75D4, 0x6DB3, 0x6DB3, 0x75D3,
    0x75D4, 0x75B3, 0x6DB3, 0x6DB3, 0x75D4, 0x75D4, 0x75D4, 0x6DD3, 0x75D4, 0x6DD3, 0x6DB3, 0x6DD3, 0x8615, 0x75D4, 0x6D93, 0x6D93,
    0x75D3, 0x6DB3, 0x6DB3, 0x6DD3, 0x75D4, 0x6DB3, 0x6DB3, 0x6DB3, 0x6DD4, 0x6DD4, 0x6DD4, 0x75D4, 0x7E15, 0x75D4, 0x6DB3, 0x6D93,
    0x7E15, 0x75D4, 0x6DB3, 0x6DB3, 0x6DD3, 0x75D4, 0x75D4, 0x75D3, 0x6DB3, 0x6DB3, 0x6DB3, 0x6DD3, 0x75F4, 0x7DF5, 0x7DF4, 0x6DB3,
    0x7E15, 0x75D4, 0x6DB3, 0x6DB3, 0x6DD3, 0x6DD3, 0x75F4, 0x7E15, 0x75B3, 0x6DB3, 0x6DB3, 0x6DB3, 0x6DD3, 0x7DF4, 0x7DF4, 0x6DB3,
    0x6592, 0x6593, 0x6DB3, 0x6DD3, 0x6DB3, 0x6DB3, 0x75D4, 0x7DF4, 0x75F4, 0x6DB3, 0x6D93, 0x6D93, 0x6DB3, 0x6DB3, 0x6DB3, 0x75B3,
    0x6DB3, 0x6DB3, 0x6DB3, 0x75D3, 0x6DB3, 0x6DB3, 0x6DB3, 0x7DF4, 0x75D4, 0x6DB3, 0x6D93, 0x6DB3, 0x6DB3, 0x6DB3, 0x6DB3, 0x75B3,
    0x6DB3, 0x6DB3, 0x6DB3, 0x6DB3, 0x6DB3, 0x6592, 0x6D93, 0x75D4, 0x75D4, 0x6D93, 0x6D92, 0x75B3, 0x6DB3, 0x6DB3, 0x6DB3, 0x6DB3,
    0x6DB3, 0x6DB3, 0x6D93, 0x6DB3, 0x75D3, 0x6DB3, 0x6DB3, 0x6D93, 0x6D93, 0x6D92, 0x6D92, 0x6D93, 0x6DB3, 0x75B3, 0x75D3, 0x6DD3
};

const short ground_tile_191[TILE_SIZE * TILE_SIZE] = {
    0x6592, 0x6D93, 0x6D93, 0x6592, 0x6593, 0x6DB3, 0x75D3, 0x75B3, 0x6DB3, 0x6DB3, 0x6DB3, 0x75D3, 0x75B3, 0x6DB3, 0x6DB3, 0x6DB3,
    0x6D92, 0x6D93, 0x6592, 0x6572, 0x75D4, 0x75D3, 0x6DB3, 0x6DB3, 0x6DB3, 0x75D3, 0x75D4, 0x6DB3, 0x75D3, 0x75D4, 0x75B3, 0x6DB3,
    0x6D93, 0x6DB3, 0x6D93, 0x6572, 0x6DB3, 0x75D3, 0x75D4, 0x75D3, 0x6DB3, 0x6DB3, 0x6DB3, 0x6DB3, 0x75B3, 0x75D4, 0x75B3, 0x6D93,
    0x75D4, 0x75D4, 0x75B3, 0x75B3, 0x75D3, 0x6DD3, 0x6DB3, 0x75B3, 0x75B3, 0x6DB3, 0x6DB3, 0x6DB3, 0x75D3, 0x75B3, 0x75B3, 0x75B3,
    0x75B3, 0x75D3, 0x75D3, 0x75D3, 0x8615, 0x7DF4, 0x75D4, 0x75D4, 0x75D3, 0x6DB3, 0x6DB3, 0x6DB3, 0x75D3, 0x6DB3, 0x6DB3, 0x6DB3,
    0x75D3, 0x75D4, 0x75D4, 0x7DF4, 0x9657, 0x8616, 0x7DF4, 0x75D4, 0x7DF4, 0x7573, 0x7573, 0x7DF5, 0x8E16, 0x7DF4, 0x75D4, 0x75F4,
    0x75D4, 0x75B3, 0x75D4, 0x7DF5, 0x6DD4, 0x6DD4, 0x75B3, 0x6DB3, 0x75D3, 0x8C76, 0x9C97, 0x9616, 0x7DD4, 0x75F4, 0x75F4, 0x75D4,
    0x75B3, 0x6DB3, 0x75D3, 0x75F4, 0x6DD4, 0x75D3, 0x75D3, 0x75D3, 0x75D3, 0x7574, 0x7D94, 0x7DD4, 0x75F4, 0x75D4, 0x75D4, 0x75D4,
    0x6DB3, 0x75B3, 0x75B3, 0x75D4, 0x7DF4, 0x75D4, 0x6DB3, 0x6DD3, 0x75D3, 0x75F4, 0x75F4, 0x75D4, 0x75F4, 0x6DD4, 0x75D4, 0x7DF4,
    0x6D93, 0x6DB3, 0x75B3, 0x6DB3, 0x75D4, 0x6DB3, 0x6DB3, 0x75D3, 0x75D4, 0x75D3, 0x6DB3, 0x6DD3, 0x75D4, 0x6DD3, 0x7DF4, 0x9656,
    0x6DB3, 0x6DB3, 0x6DB3, 0x75D3, 0x7DF5, 0x75D4, 0x75D3, 0x6DB3, 0x75D3, 0x75D3, 0x75D3, 0x6DD3, 0x75D4, 0x6DB3, 0x6D93, 0x75B3,
    0x6DB3, 0x6DB3, 0x6DB3, 0x6DB3, 0x7DF5, 0x7DD4, 0x75D3, 0x75D3, 0x75D3, 0x75D3, 0x75F4, 0x8615, 0x75B3, 0x6D93, 0x6D92, 0x6D92,
    0x6DB3, 0x6D92, 0x6DB3, 0x6DB3, 0x6D93, 0x6D93, 0x6DB3, 0x75D4, 0x6DB3, 0x6DB3, 0x7DD4, 0x8615, 0x75B3, 0x6DB3, 0x6DB3, 0x6DB3,
    0x75D3, 0x75B3, 0x6D93, 0x6DB3, 0x6DB3, 0x6DB3, 0x6DB3, 0x6DB3, 0x75D3, 0x75D3, 0x75D4, 0x7DD4, 0x75D3, 0x6DB3, 0x6D93, 0x6D93,
    0x75D3, 0x75D4, 0x75D4, 0x6DB3, 0x6D93, 0x6DB3, 0x6DB3, 0x6D92, 0x75B3, 0x6DB3, 0x6DB3, 0x75B3, 0x75B3, 0x6D93, 0x6D92, 0x6D92,
    0x6DD3, 0x6DB3, 0x6DB3, 0x6DB3, 0x6DB3, 0x6D93, 0x6DB3, 0x6DB3, 0x75D3, 0x75D4, 0x75B3, 0x6DB3, 0x6DB3, 0x6D93, 0x6D93, 0x6D93
};

const short ground_tile_192[TILE_SIZE * TILE_SIZE] = {
    0x75B3, 0x7DF4, 0x75F4, 0x6DB3, 0x6DB3, 0x6DB3, 0x6DB3, 0x6DB3, 0x6592, 0x6D93, 0x6D93, 0x6D93, 0x75B3, 0x75B3, 0x75B3, 0x75D3,
    0x75D4, 0x7DF5, 0x75D4, 0x6592, 0x6DB3, 0x6DB3, 0x6D93, 0x6D93, 0x6D93, 0x6DB3, 0x6DB3, 0x6DB3, 0x6DB3, 0x75B3, 0x75B3, 0x75B3,
    0x7DF4, 0x75D4, 0x6DB3, 0x6DB3, 0x6DB3, 0x75D3, 0x75B3, 0x6D93, 0x75D3, 0x75D3, 0x75B3, 0x75B3, 0x75B3, 0x6D93, 0x75B3, 0x75D3,
    0x75D4, 0x6DB3, 0x6DB3, 0x75B3, 0x75B3, 0x75D4, 0x75D4, 0x75D3, 0x75D3, 0x75B3, 0x75B3, 0x75B3, 0x75B3, 0x6DB3, 0x6D93, 0x6D93,
    0x6DB3, 0x6DB3, 0x6DB3, 0x75B3, 0x75B3, 0x75B3, 0x75B3, 0x75D4, 0x8615, 0x7DD4, 0x75D3, 0x75D3, 0x75B3, 0x6D92, 0x6D92, 0x75B3,
    0x6D93, 0x75B3, 0x75B3, 0x75B3, 0x75B3, 0x75B4, 0x75B3, 0x75B3, 0x9657, 0x8615, 0x75B3, 0x6DB3, 0x75B3, 0x6592, 0x6DB3, 0x8615,
    0x75D3, 0x6DB3, 0x6DB3, 0x6DB3, 0x75D4, 0x75B3, 0x75B3, 0x75B3, 0x6DB3, 0x6DB3, 0x75B3, 0x6DB3, 0x75D3, 0x75F4, 0x7E15, 0x8E36,
    0x75D4, 0x75D3, 0x6DB3, 0x75B3, 0x6DB3, 0x6DB3, 0x6DB3, 0x6DB3, 0x6DB3, 0x6DD3, 0x75D3, 0x75D3, 0x75D3, 0x6DD3, 0x75D4, 0x75F4,
    0x75D3, 0x6DB3, 0x6DB3, 0x75B3, 0x75D3, 0x75D3, 0x6DB3, 0x6DB3, 0x75F4, 0x75D4, 0x6DB3, 0x75B3, 0x75B3, 0x75D3, 0x75D3, 0x6DB3,
    0x75D4, 0x75D3, 0x75D3, 0x6DD3, 0x6DD3, 0x75D3, 0x75D4, 0x75D4, 0x75D4, 0x75B3, 0x6DB3, 0x75D4, 0x7DD4, 0x75D3, 0x6DB3, 0x6D93,
    0x6DB3, 0x7DF4, 0x7DF4, 0x75D4, 0x75D4, 0x75D3, 0x75D3, 0x75F4, 0x8615, 0x75D4, 0x6DB3, 0x6DB3, 0x75B3, 0x6DB3, 0x6DB3, 0x6DB3,
    0x6DB3, 0x7DF4, 0x7E15, 0x75D4, 0x75D4, 0x75D4, 0x75D3, 0x75D3, 0x8615, 0x75D4, 0x6DB3, 0x6DB3, 0x6DB3, 0x6DB3, 0x75D3, 0x7DF4,
    0x75D3, 0x75B3, 0x75D4, 0x75F4, 0x75D4, 0x75B3, 0x75D4, 0x75D3, 0x6592, 0x6D93, 0x6DB3, 0x6DB3, 0x6DB3, 0x6DB3, 0x75D4, 0x85F4,
    0x6DB3, 0x6DB3, 0x6DB3, 0x6DB3, 0x75B3, 0x75B3, 0x75B3, 0x6D93, 0x6DB3, 0x6DB3, 0x75D3, 0x75B3, 0x6DB3, 0x6DB3, 0x75D4, 0x7DF4,
    0x6DB3, 0x75B3, 0x6DB3, 0x6D93, 0x6DB3, 0x75B3, 0x75B3, 0x6D93, 0x6DB3, 0x6DB3, 0x6DB3, 0x6DB3, 0x75B3, 0x6DB3, 0x6DB3, 0x75D4,
    0x75B3, 0x75D4, 0x6DB3, 0x6592, 0x6DB3, 0x6DB3, 0x6DB3, 0x6DD3, 0x6DB3, 0x6DB3, 0x6DB3, 0x75D3, 0x75D3, 0x75D3, 0x75B3, 0x6DB3
};

const short ground_tile_193[TILE_SIZE * TILE_SIZE] = {
    0x75B3, 0x75B3, 0x6DB3, 0x6D93, 0x7DF4, 0x75D3, 0x6DB3, 0x6DB3, 0x6DB3, 0x6D93, 0x6D93, 0x6D93, 0x6592, 0x6DB3, 0x75B3, 0x75B3,
    0x75D3, 0x75D3, 0x6DB3, 0x6DB3, 0x6DB3, 0x75B3, 0x75B3, 0x6DB3, 0x6DB3, 0x6DB3, 0x6DB3, 0x6D93, 0x75B3, 0x6D93, 0x6D93, 0x6DB3,
    0x75B3, 0x6D93, 0x6D93, 0x75B3, 0x75B3, 0x6DB3, 0x6DB3, 0x75B3, 0x6DB3, 0x75B3, 0x6DB3, 0x6D93, 0x6DB3, 0x6DB3, 0x6DB3, 0x75B3,
    0x75B3, 0x75B3, 0x75B3, 0x6D93, 0x75B3, 0x75B3, 0x75B3, 0x75B3, 0x75D4, 0x75D4, 0x75D4, 0x75D4, 0x6DB3, 0x6DB3, 0x6DB3, 0x6DB3,
    0x7DF4, 0x75B3, 0x6DB3, 0x6DB3, 0x6DB3, 0x6DB3, 0x6DB3, 0x6DB3, 0x75D3, 0x75D4, 0x75D4, 0x75D4, 0x7E15, 0x75D4, 0x75D3, 0x75B3,
    0x9636, 0x7DD4, 0x6D93, 0x75D4, 0x75B3, 0x75B3, 0x6D93, 0x6D93, 0x75D3, 0x75D4, 0x75B3, 0x75D4, 0x8E56, 0x8615, 0x75D4, 0x75B3,
    0x75D4, 0x75B3, 0x6DB3, 0x6DB3, 0x6D93, 0x6DB3, 0x75B3, 0x75D4, 0x75D4, 0x75B4, 0x75D4, 0x7DF4, 0x6DD4, 0x6DD4, 0x6DB3, 0x6D93,
    0x6DD3, 0x6DB3, 0x6DB3, 0x6DB3, 0x75D4, 0x6DB3, 0x6DD3, 0x75D4, 0x75B3, 0x6DB3, 0x75B3, 0x75D4, 0x6DD4, 0x6DD3, 0x75D3, 0x75D4,
    0x6DD3, 0x6DD3, 0x6DB3, 0x6DB3, 0x8615, 0x75D4, 0x6DB3, 0x6D92, 0x6DB3, 0x75B3, 0x75B3, 0x75D4, 0x7DF4, 0x75D3, 0x6DB3, 0x6DB3,
    0x75B3, 0x75D4, 0x75F4, 0x75F4, 0x75D4, 0x75B3, 0x6D93, 0x6D93, 0x6D93, 0x6DB3, 0x75D4, 0x75D4, 0x7DF4, 0x75D4, 0x75D4, 0x75D4,
    0x6DB3, 0x6DB3, 0x6DB3, 0x75D3, 0x6DD4, 0x7DF4, 0x75D4, 0x6D93, 0x6DB3, 0x6DB3, 0x6DB3, 0x75D4, 0x8615, 0x7DF4, 0x75D4, 0x6DD3,
    0x6DB3, 0x6D93, 0x6DB3, 0x6DB3, 0x6DB3, 0x7E15, 0x7DF4, 0x6DB3, 0x6DB3, 0x6DB3, 0x6DB3, 0x75D4, 0x8615, 0x7DF4, 0x75D4, 0x75D3,
    0x75D4, 0x6D93, 0x6D93, 0x6DB3, 0x6DB3, 0x6DB3, 0x6DB3, 0x6DB3, 0x6D93, 0x6D92, 0x6D93, 0x75B3, 0x6DB3, 0x6DB3, 0x6DB3, 0x6DB3,
    0x75B3, 0x6D93, 0x6DB3, 0x75B3, 0x6DB3, 0x6DB3, 0x75D3, 0x75D3, 0x75B3, 0x6DB3, 0x6D93, 0x6D93, 0x6DB3, 0x75D3, 0x75B3, 0x6DB3,
    0x6DB3, 0x6D92, 0x6D93, 0x75D4, 0x6DB3, 0x6DB3, 0x6DB3, 0x6DB3, 0x75D4, 0x75D4, 0x75B3, 0x6DB3, 0x6DB3, 0x75D3, 0x75B3, 0x6D93,
    0x6D93, 0x6DB3, 0x6DB3, 0x6D93, 0x6DD3, 0x6DD3, 0x6DB3, 0x6DB3, 0x6DB3, 0x6DB3, 0x6DB3, 0x6DB3, 0x6DB3, 0x6DB3, 0x6DB3, 0x6DB3
};

const short ground_tile_194[TILE_SIZE * TILE_SIZE] = {
    0x6D93, 0x6D93, 0x6DB3, 0x75B3, 0x75B3, 0x6DB3, 0x6D93, 0x6593, 0x75D4, 0x75B4, 0x6DB3, 0x6592, 0x6D93, 0x6D93, 0x6DB3, 0x6DD3,
    0x6D93, 0x75B3, 0x75B3, 0x6DB3, 0x75D3, 0x75D3, 0x6DB3, 0x6D93, 0x6DB3, 0x75B4, 0x6DB3, 0x6572, 0x6D93, 0x6D93, 0x6DB3, 0x6DB3,
    0x6DB3, 0x6DB3, 0x6DB3, 0x75D4, 0x6DB3, 0x75B3, 0x75B3, 0x6D93, 0x6DB3, 0x6D93, 0x6D93, 0x6D93, 0x6D93, 0x6DB3, 0x6DB3, 0x6D93,
    0x6DB3, 0x6DB3, 0x6DB3, 0x6DB3, 0x75B3, 0x75B3, 0x7593, 0x6D93, 0x6DB3, 0x6DB3, 0x6D93, 0x6D93, 0x75B4, 0x75B4, 0x75D4, 0x75B3,
    0x75B3, 0x6DB3, 0x6DB3, 0x6DB3, 0x75D4, 0x75B3, 0x6DB3, 0x6DB3, 0x6DB3, 0x6DB3, 0x6DB3, 0x75B3, 0x75B3, 0x75B3, 0x75B3, 0x75D4,
    0x75D3, 0x6D92, 0x6D92, 0x75F4, 0x8615, 0x75D4, 0x6DD4, 0x75F4, 0x6DB3, 0x75B3, 0x75B3, 0x6D93, 0x6DB3, 0x75B3, 0x6DB3, 0x75D4,
    0x6DB3, 0x6DB3, 0x7DF4, 0x8E36, 0x7DF5, 0x75F4, 0x6DD4, 0x6DB3, 0x6DB3, 0x6DB3, 0x6DB3, 0x6D93, 0x75D4, 0x75B3, 0x75D4, 0x7DF4,
    0x6DD3, 0x6DB3, 0x6DB3, 0x75D3, 0x75D4, 0x6DD3, 0x6DD3, 0x75B3, 0x6DB3, 0x6DB3, 0x6DB3, 0x6DB3, 0x6DB3, 0x6D93, 0x75B3, 0x75B4,
    0x75D3, 0x75D4, 0x75D3, 0x6DD3, 0x75D3, 0x6DB3, 0x6DB3, 0x6DB3, 0x75D4, 0x6DB3, 0x6D93, 0x6D92, 0x6D92, 0x6D93, 0x6DB3, 0x6DB3,
    0x75B3, 0x6DB3, 0x6DB3, 0x6DB3, 0x6DB3, 0x6DB3, 0x7DD4, 0x8E16, 0x8E15, 0x75D4, 0x6D93, 0x6592, 0x6DB3, 0x6DB3, 0x6DB3, 0x6DB3,
    0x75D3, 0x75D3, 0x75D3, 0x6DB3, 0x6DB3, 0x6D93, 0x6DB3, 0x75B3, 0x75D4, 0x7DF4, 0x75D4, 0x6DB3, 0x6DD3, 0x6DD3, 0x75D3, 0x75D4,
    0x75D3, 0x75D3, 0x75F4, 0x7DF5, 0x6DB3, 0x6D93, 0x6D93, 0x6D93, 0x6DB3, 0x7DF4, 0x7DF4, 0x6DB3, 0x6DB3, 0x6DB3, 0x75D3, 0x75D4,
    0x6DB3, 0x6DB3, 0x75D4, 0x85F5, 0x6D93, 0x6D93, 0x6D93, 0x6DB3, 0x75D3, 0x6DB3, 0x6DB3, 0x65B3, 0x6DB3, 0x6DB3, 0x75B3, 0x75B3,
    0x75B3, 0x6DB3, 0x6DB3, 0x6DB3, 0x6DB3, 0x6D93, 0x6D93, 0x6DB3, 0x6DB3, 0x6DB3, 0x6DB3, 0x6DB3, 0x6DB3, 0x6DB3, 0x6D93, 0x6D92,
    0x6D93, 0x6D93, 0x6592, 0x6D93, 0x75D4, 0x6DB3, 0x6D92, 0x6D93, 0x75B3, 0x6D93, 0x6D93, 0x75D3, 0x75B3, 0x75B3, 0x75B3, 0x6D93,
    0x6DB3, 0x75D4, 0x75B3, 0x6D93, 0x6D93, 0x6D93, 0x6D93, 0x6D93, 0x6D93, 0x75D4, 0x75D4, 0x6DB3, 0x6DD3, 0x6DD3, 0x6DD3, 0x6DD3
};

const short ground_tile_195[TILE_SIZE * TILE_SIZE] = {
    0x6DB3, 0x6DB3, 0x6DB3, 0x6D93, 0x6DB3, 0x6DB3, 0x75B3, 0x75D4, 0x75B3, 0x6DB3, 0x6D93, 0x6D93, 0x6DB3, 0x75D4, 0x75D4, 0x6D93,
    0x6DB3, 0x6DB3, 0x6D93, 0x6DB3, 0x6DB3, 0x75D3, 0x75D4, 0x75D4, 0x7DD4, 0x75B3, 0x6D93, 0x6D93, 0x6DB3, 0x6DB3, 0x6D93, 0x6572,
    0x75B3, 0x6DB3, 0x6D93, 0x6D93, 0x6DB3, 0x6DB3, 0x75D4, 0x75F4, 0x7DF4, 0x6DB3, 0x6D93, 0x75B3, 0x7DB3, 0x7593, 0x6D93, 0x6D93,
    0x6DB3, 0x6D93, 0x6D93, 0x6DB3, 0x6DB3, 0x6DB3, 0x6DB3, 0x6DB3, 0x6DD3, 0x6DB3, 0x6DB3, 0x75B3, 0x75B3, 0x6DB3, 0x6DB3, 0x75D4,
    0x7DF4, 0x6DD3, 0x6DB3, 0x6DB3, 0x6DB3, 0x6DB3, 0x6DB3, 0x6DB3, 0x75D4, 0x6DB3, 0x6D93, 0x6DB3, 0x6DB3, 0x6DB3, 0x6DB3, 0x75B3,
    0x8E36, 0x7DF5, 0x6DB3, 0x6DB3, 0x75D4, 0x6D93, 0x6DB3, 0x7DF5, 0x8E15, 0x75B3, 0x6592, 0x6DB3, 0x75B3, 0x75B3, 0x6DB3, 0x6DB3,
    0x6DB3, 0x6DD4, 0x6DB3, 0x6DB3, 0x75B3, 0x75D3, 0x7E15, 0x8E56, 0x75D4, 0x6DB3, 0x6DB3, 0x6D93, 0x6DB3, 0x75B3, 0x75D4, 0x7DD4,
    0x6DB3, 0x6DB3, 0x75B3, 0x75D3, 0x6DB3, 0x6DD3, 0x75D3, 0x75D4, 0x6DB3, 0x6DB3, 0x6DB3, 0x6D93, 0x75D4, 0x75D3, 0x75D4, 0x7DD4,
    0x75B3, 0x75B3, 0x6DB3, 0x6DB3, 0x75B3, 0x75D4, 0x75D3, 0x6DB3, 0x6DD3, 0x6DD3, 0x6DB3, 0x6DB3, 0x85F5, 0x75D4, 0x6DB3, 0x6D93,
    0x75B3, 0x75B3, 0x75B3, 0x75D4, 0x7DD4, 0x75D4, 0x6DD3, 0x6DB3, 0x6DB3, 0x6DD3, 0x75D4, 0x75D4, 0x75D4, 0x6DB3, 0x6DB3, 0x6D93,
    0x8615, 0x7DF4, 0x75D3, 0x75D3, 0x75D3, 0x75D3, 0x75D3, 0x75D3, 0x6DB3, 0x6DB3, 0x6DB3, 0x6DB3, 0x6DD3, 0x75D4, 0x75D4, 0x6DB3,
    0x8615, 0x7DF4, 0x75D3, 0x75D3, 0x6DD3, 0x6DD3, 0x75F4, 0x8615, 0x6DB3, 0x6DB3, 0x6DB3, 0x6593, 0x6DB3, 0x7DF4, 0x7DF4, 0x6DB3,
    0x6D92, 0x6DB3, 0x75B3, 0x75D4, 0x6DB3, 0x6DD3, 0x75F4, 0x85F5, 0x75D4, 0x6DB3, 0x6D93, 0x6592, 0x6DB3, 0x6DB3, 0x6DB3, 0x6DB3,
    0x6DB3, 0x75D3, 0x75D4, 0x75B3, 0x6DB3, 0x6DB3, 0x75B3, 0x7DD4, 0x75B3, 0x75B3, 0x6DB3, 0x6DB3, 0x6DB3, 0x6D93, 0x6D93, 0x6DB3,
    0x6DB3, 0x75B3, 0x75B3, 0x6D92, 0x6D93, 0x6D93, 0x6DB3, 0x7DD4, 0x75B3, 0x6D92, 0x6DB3, 0x75D3, 0x6D92, 0x6D92, 0x6D93, 0x6DB3,
    0x6DB3, 0x6DB3, 0x6DB3, 0x75B3, 0x75B3, 0x6DB3, 0x6D93, 0x6D93, 0x6D93, 0x6D92, 0x6592, 0x6592, 0x6DB3, 0x6DB3, 0x6DD3, 0x65B3
};

const short ground_tile_196[TILE_SIZE * TILE_SIZE] = {
    0x6D92, 0x6D92, 0x6D92, 0x6D92, 0x6592, 0x6DB3, 0x75D3, 0x75D3, 0x6DB3, 0x6DB3, 0x75D4, 0x75D4, 0x6DB3, 0x6D93, 0x6592, 0x6593,
    0x6D92, 0x6D92, 0x6D92, 0x6D92, 0x75D3, 0x75B3, 0x6DB3, 0x6DB3, 0x6DB3, 0x75B3, 0x75D3, 0x6DD3, 0x75D4, 0x75B3, 0x6DB3, 0x6D92,
    0x6D93, 0x6DB3, 0x6DB3, 0x6D92, 0x75D4, 0x75D4, 0x75D3, 0x75D3, 0x6DB3, 0x6DB3, 0x6DB3, 0x75D3, 0x75D4, 0x75D4, 0x6DB3, 0x6D93,
    0x75D4, 0x75D3, 0x75D3, 0x75D3, 0x75D3, 0x75D4, 0x75D3, 0x75B3, 0x75B3, 0x6DB3, 0x6DB3, 0x6DB3, 0x75D3, 0x75B3, 0x6D93, 0x6D93,
    0x75B3, 0x75D3, 0x75D3, 0x75D4, 0x7E15, 0x7DF4, 0x75D3, 0x75D3, 0x75D3, 0x6DB3, 0x6DB3, 0x75B3, 0x75D4, 0x6DB3, 0x6D93, 0x6D93,
    0x75B3, 0x75D3, 0x75D4, 0x7DF4, 0x9657, 0x8615, 0x75D4, 0x6DB3, 0x75D4, 0x6DB3, 0x6DB3, 0x7DF4, 0x8E36, 0x7DF4, 0x6DB3, 0x6DD3,
    0x7DF4, 0x6DB3, 0x75B3, 0x7DF4, 0x6DD4, 0x6DB3, 0x6DB3, 0x6DB3, 0x75D3, 0x75D3, 0x75F4, 0x8615, 0x75F4, 0x75F4, 0x75F4, 0x75B3,
    0x75D3, 0x75B3, 0x75B3, 0x75D4, 0x6DB3, 0x6DB3, 0x75B3, 0x75D4, 0x75D3, 0x6DB3, 0x6DB3, 0x75D3, 0x75D3, 0x75D3, 0x75D4, 0x75D4,
    0x75B3, 0x75D4, 0x75D4, 0x75D4, 0x75D3, 0x6DB3, 0x6D93, 0x6DB3, 0x6DB3, 0x75D3, 0x75B3, 0x6DB3, 0x6DB3, 0x6DD3, 0x75D4, 0x75D4,
    0x6DB3, 0x75D4, 0x75D4, 0x6DB3, 0x6DB3, 0x6DB3, 0x75B3, 0x75D3, 0x75B3, 0x6DB3, 0x6D93, 0x6D93, 0x75B3, 0x6DB3, 0x7DF5, 0x9657,
    0x75B3, 0x75B3, 0x6DB3, 0x6DD3, 0x7DF5, 0x75D4, 0x6DB3, 0x6DB3, 0x6DB3, 0x6DB3, 0x6DB3, 0x6DB3, 0x6DB3, 0x6DB3, 0x6DB3, 0x75B4,
    0x6DB3, 0x6DB3, 0x6DB3, 0x75D3, 0x8615, 0x7DD4, 0x6DB3, 0x6DB3, 0x6DD3, 0x6DB3, 0x75D4, 0x7DF4, 0x6DB3, 0x6D93, 0x6D93, 0x6D93,
    0x6DB3, 0x6DB3, 0x6DB3, 0x6D93, 0x6D93, 0x6DB3, 0x6DB3, 0x6DB3, 0x6DB3, 0x6DB3, 0x75D4, 0x7DF4, 0x6DB3, 0x6DB3, 0x6D93, 0x6D93,
    0x75B3, 0x6D93, 0x6D92, 0x6572, 0x6DB3, 0x6DB3, 0x6DB3, 0x6DB3, 0x75D3, 0x6DB3, 0x6DB3, 0x75D4, 0x75B3, 0x6D93, 0x6D93, 0x6D93,
    0x75D4, 0x75D4, 0x6DB3, 0x6592, 0x6592, 0x6D93, 0x6DB3, 0x6DB3, 0x75D4, 0x6DB3, 0x6DB3, 0x75D3, 0x75D3, 0x6D93, 0x6D72, 0x6D93,
    0x65B3, 0x6DD3, 0x6DD3, 0x6DD3, 0x6DB3, 0x6DB3, 0x6DB3, 0x6DB3, 0x75D4, 0x75B3, 0x6DB3, 0x6DB3, 0x6DB3, 0x6DB3, 0x6D93, 0x6D93
};

const short ground_tile_197[TILE_SIZE * TILE_SIZE] = {
    0x75D4, 0x75B3, 0x6D92, 0x6592, 0x6D92, 0x6D92, 0x6D93, 0x6DB3, 0x6DB3, 0x6DB3, 0x75B3, 0x6DB3, 0x6DB3, 0x6D93, 0x6D93, 0x75B3,
    0x6D93, 0x6DB3, 0x6D93, 0x6D72, 0x6D93, 0x6DB3, 0x75B3, 0x6DB3, 0x75B3, 0x75B3, 0x75B3, 0x75B3, 0x6DB3, 0x6DB3, 0x6DB3, 0x75B3,
    0x75B3, 0x75B3, 0x6D93, 0x6D92, 0x6DB3, 0x75D3, 0x75B3, 0x6D93, 0x75D4, 0x75D3, 0x75B3, 0x75B3, 0x6DB3, 0x6DB3, 0x6DB3, 0x75B3,
    0x75B3, 0x6D93, 0x6D93, 0x75B3, 0x75D4, 0x7DD4, 0x75D4, 0x75B3, 0x75D3, 0x75B3, 0x75B3, 0x75B3, 0x75B3, 0x75B3, 0x6DB3, 0x6D93,
    0x6D93, 0x6D93, 0x6D93, 0x75B3, 0x75D3, 0x75B3, 0x75D3, 0x7DF4, 0x8615, 0x75D4, 0x75D3, 0x75D3, 0x75B3, 0x6DB3, 0x6D92, 0x6D93,
    0x6D93, 0x75B3, 0x75B3, 0x6D93, 0x75B3, 0x75B3, 0x75B3, 0x75B3, 0x9E57, 0x8615, 0x75B3, 0x6DB3, 0x75D3, 0x6D92, 0x6572, 0x75B3,
    0x6DB3, 0x75B3, 0x6DB3, 0x6D93, 0x75D3, 0x75B3, 0x75B3, 0x75B3, 0x6DB3, 0x6DB3, 0x6DB3, 0x6DB3, 0x75B3, 0x6DB3, 0x75D4, 0x8615,
    0x75D3, 0x75D3, 0x75B3, 0x6DB3, 0x6DB3, 0x6DB3, 0x6D93, 0x6DB3, 0x6DB3, 0x6DD3, 0x75D4, 0x75D3, 0x6DB3, 0x6DB3, 0x75D3, 0x75D4,
    0x75D4, 0x75B3, 0x6DB3, 0x6DB3, 0x75B3, 0x6DB3, 0x6D93, 0x6D93, 0x75D4, 0x75D4, 0x6DB3, 0x75D3, 0x75D4, 0x75D4, 0x75B3, 0x6DB3,
    0x8615, 0x75D4, 0x6DB3, 0x6DB3, 0x6DB3, 0x6DB3, 0x6DB3, 0x6DB3, 0x6DB3, 0x6DB3, 0x6DB3, 0x75D4, 0x7DD4, 0x75D3, 0x6DB3, 0x6DB3,
    0x75D4, 0x7DF4, 0x75D4, 0x6DB3, 0x6DB3, 0x6DB3, 0x6DB3, 0x75D3, 0x8615, 0x75D4, 0x6DB3, 0x6DB3, 0x75B3, 0x75B3, 0x6DB3, 0x6DB3,
    0x6D93, 0x75D4, 0x7DF4, 0x6DB3, 0x6DB3, 0x6DB3, 0x6DB3, 0x75D3, 0x8615, 0x7DD4, 0x75B3, 0x6DB3, 0x6DB3, 0x6DB3, 0x75D4, 0x7DD4,
    0x6DB3, 0x6DB3, 0x6DB3, 0x6DB3, 0x6DB3, 0x6DB3, 0x6DB3, 0x75D4, 0x6DB3, 0x6D93, 0x6DB3, 0x75D3, 0x6D93, 0x6DB3, 0x75B3, 0x7DD4,
    0x6DB3, 0x6DB3, 0x6DB3, 0x6D93, 0x6D93, 0x6D93, 0x6D93, 0x6D93, 0x6D93, 0x6DB3, 0x75D4, 0x75D3, 0x75B3, 0x6DB3, 0x6DB3, 0x75B3,
    0x6DB3, 0x6D93, 0x6DB3, 0x6DB3, 0x6DB3, 0x75B3, 0x75B3, 0x6DB3, 0x6D93, 0x75B3, 0x75B3, 0x75B3, 0x75B3, 0x6D93, 0x6D92, 0x6DB3,
    0x75B3, 0x75D4, 0x6DD3, 0x6DB3, 0x65B3, 0x6DB3, 0x6DB3, 0x75D3, 0x75D3, 0x6DB3, 0x6D93, 0x6D93, 0x6DB3, 0x75D3, 0x75D4, 0x6DB3
};

const short ground_tile_198[TILE_SIZE * TILE_SIZE] = {
    0x75B3, 0x6D93, 0x6592, 0x6572, 0x6D93, 0x7DD4, 0x7DF4, 0x75D4, 0x6D92, 0x6592, 0x6572, 0x6592, 0x6D93, 0x75D4, 0x75D4, 0x6DB3,
    0x75D4, 0x75B3, 0x6D93, 0x6D93, 0x6D93, 0x6DB3, 0x6DB3, 0x6D93, 0x6D93, 0x6D93, 0x6D92, 0x6D72, 0x6DB3, 0x6DB3, 0x6DB3, 0x6DB3,
    0x75B3, 0x7593, 0x6D93, 0x75B3, 0x75B3, 0x75B3, 0x6DB3, 0x75B3, 0x6DB3, 0x75B3, 0x6D93, 0x6D72, 0x6D93, 0x6DB3, 0x6DB3, 0x6DB3,
    0x6D93, 0x6D93, 0x6D93, 0x6D93, 0x75B3, 0x75D3, 0x75D3, 0x75D3, 0x75D3, 0x75D3, 0x75D3, 0x75B3, 0x6DB3, 0x6D93, 0x6D93, 0x75B3,
    0x7DD4, 0x75B3, 0x75B3, 0x75B3, 0x75B3, 0x6DB3, 0x6DB3, 0x6DB3, 0x75B3, 0x75D3, 0x75D3, 0x75D4, 0x7DF4, 0x75D4, 0x75B3, 0x75D3,
    0x9E77, 0x7DF4, 0x6DB3, 0x75D4, 0x75B3, 0x75B3, 0x6D93, 0x6D93, 0x6DB3, 0x75B3, 0x75D4, 0x7DF4, 0x9E77, 0x8E15, 0x7DD4, 0x75B3,
    0x7DF5, 0x75F4, 0x6DB3, 0x6D92, 0x6D93, 0x75B3, 0x75B3, 0x6D93, 0x6DB3, 0x75D3, 0x75F4, 0x7DF4, 0x75F4, 0x75D4, 0x75B3, 0x75B3,
    0x6DD3, 0x6DB3, 0x6DB3, 0x6DB3, 0x75D4, 0x75D4, 0x75D4, 0x7DD4, 0x75B3, 0x75B3, 0x75D4, 0x75F4, 0x6DD4, 0x75D3, 0x75D3, 0x75B3,
    0x6DB3, 0x6DB3, 0x6DB3, 0x6DB3, 0x8615, 0x7DF4, 0x6DB3, 0x6D93, 0x75B3, 0x75B3, 0x75D3, 0x75D4, 0x7DF4, 0x75D4, 0x6DB3, 0x6DB3,
    0x6DD3, 0x75D3, 0x6DB3, 0x6DB3, 0x7DF4, 0x75D4, 0x6DB3, 0x6D92, 0x75B3, 0x75D4, 0x75D4, 0x75D4, 0x75D4, 0x75D4, 0x75B3, 0x6DB3,
    0x6DB3, 0x6D93, 0x6D92, 0x6D93, 0x75D3, 0x7DD4, 0x75D3, 0x6DB3, 0x6DB3, 0x75B3, 0x75D3, 0x75D3, 0x8615, 0x7DD4, 0x6DB3, 0x6DB3,
    0x6D93, 0x6D92, 0x6D92, 0x6592, 0x6DB3, 0x7DF4, 0x7DF4, 0x6DB3, 0x6DB3, 0x75B3, 0x75B3, 0x75B3, 0x8615, 0x7DD4, 0x6DB3, 0x6DB3,
    0x75B3, 0x6D93, 0x6D93, 0x6D92, 0x6D93, 0x6D93, 0x6DB3, 0x6DB3, 0x6DB3, 0x6DB3, 0x75B3, 0x75D4, 0x6D93, 0x6D93, 0x6DB3, 0x75B3,
    0x75D3, 0x75B3, 0x6DB3, 0x6D93, 0x6D93, 0x6DB3, 0x6DB3, 0x75B3, 0x75B3, 0x6DB3, 0x6D93, 0x6D92, 0x6592, 0x6DB3, 0x6DB3, 0x6DB3,
    0x75D3, 0x6D93, 0x6D93, 0x75D4, 0x6DB3, 0x6DB3, 0x6DB3, 0x6DB3, 0x75D3, 0x75B3, 0x6DB3, 0x6592, 0x6592, 0x6DB3, 0x6DB3, 0x6D93,
    0x6DB3, 0x6D92, 0x6592, 0x6D92, 0x6DB3, 0x6DD3, 0x6DB3, 0x6DB3, 0x6593, 0x6DB3, 0x6D93, 0x6DB3, 0x6DB3, 0x6DB3, 0x6DB3, 0x6DB3
};

const short ground_tile_199[TILE_SIZE * TILE_SIZE] = {
    0x6DB3, 0x75B3, 0x75B3, 0x75B3, 0x6D93, 0x6DB3, 0x6D93, 0x6D93, 0x7DD4, 0x75D3, 0x6DB3, 0x6D92, 0x6DB3, 0x6D93, 0x6D92, 0x6DB2,
    0x6DB3, 0x6DB3, 0x75B3, 0x6DB3, 0x75B3, 0x75B3, 0x6DB3, 0x6D93, 0x75B3, 0x75D4, 0x75D3, 0x6DB3, 0x6DB3, 0x6DB3, 0x6DB3, 0x6DB2,
    0x6DB3, 0x6DB3, 0x6DB3, 0x6DB3, 0x6DB3, 0x75B3, 0x75B3, 0x6D93, 0x75B3, 0x6DB3, 0x6DB3, 0x6DB3, 0x6DB3, 0x75D3, 0x6DB3, 0x6DB2,
    0x75B3, 0x75B3, 0x6DB3, 0x6DB3, 0x75B3, 0x6DB3, 0x6D93, 0x6D93, 0x6DB3, 0x6D93, 0x6D93, 0x75B3, 0x7DD4, 0x75B3, 0x75B3, 0x75D4,
    0x75B3, 0x6DB3, 0x6DB3, 0x6DB3, 0x75D4, 0x75B3, 0x6DB3, 0x6DB3, 0x6DB3, 0x6D93, 0x6D93, 0x6D93, 0x6D93, 0x6D93, 0x75B3, 0x75D4,
    0x7DD4, 0x6DB3, 0x6DB3, 0x7DF4, 0x8E35, 0x7DF4, 0x75D3, 0x6DD3, 0x6D93, 0x6D93, 0x6D93, 0x6D92, 0x6DB3, 0x6D93, 0x6D93, 0x6D93,
    0x6DB3, 0x75D3, 0x7E15, 0x8E36, 0x75D4, 0x75D4, 0x6DB3, 0x6D93, 0x6D92, 0x6D92, 0x6D93, 0x6DB3, 0x75D4, 0x75B3, 0x6D93, 0x6572,
    0x75D3, 0x75D3, 0x75D4, 0x75F4, 0x6DD3, 0x6DB3, 0x6DB3, 0x6DB3, 0x6DB3, 0x6DB3, 0x6DB3, 0x6D92, 0x6D92, 0x6D92, 0x6D93, 0x6D93,
    0x6DB3, 0x75D4, 0x75D4, 0x6DD3, 0x6DD3, 0x6DD3, 0x6DD3, 0x75D4, 0x75B3, 0x75B3, 0x6D92, 0x6D72, 0x6D92, 0x6D92, 0x6D93, 0x6DB3,
    0x6DB3, 0x6DB3, 0x6DB3, 0x6DB3, 0x6DB3, 0x6DD4, 0x7E15, 0x9677, 0x8E15, 0x75D4, 0x6D92, 0x6572, 0x6D92, 0x6DB3, 0x75B3, 0x75B3,
    0x6DB3, 0x6DB3, 0x6DB3, 0x6DB3, 0x75D4, 0x6DB3, 0x6DB3, 0x75D4, 0x75D4, 0x7DD4, 0x75D3, 0x6DB3, 0x6DB3, 0x6DB3, 0x75D3, 0x75D4,
    0x6DB3, 0x6DB3, 0x75D3, 0x7DF4, 0x75D3, 0x6D93, 0x6592, 0x6D93, 0x65B3, 0x75D4, 0x75D4, 0x6DB3, 0x6DB3, 0x6DB3, 0x75B3, 0x75D4,
    0x6DB3, 0x6DB3, 0x75D4, 0x7DF4, 0x75D3, 0x6DB3, 0x6593, 0x6DB3, 0x6DB3, 0x6DB3, 0x6DB3, 0x6DB3, 0x6DB3, 0x6DB3, 0x75B3, 0x7DF4,
    0x75B3, 0x75B3, 0x75B3, 0x75D4, 0x6DB3, 0x6D93, 0x6D92, 0x6D93, 0x6D93, 0x6D93, 0x6D93, 0x6D93, 0x6DB3, 0x6D93, 0x6D93, 0x6D92,
    0x6DB3, 0x6DB3, 0x6DB3, 0x75D3, 0x6D93, 0x6D92, 0x6572, 0x6572, 0x6D93, 0x6D93, 0x6DB3, 0x6DB3, 0x75B3, 0x75B3, 0x6DB3, 0x6592,
    0x75D4, 0x75D4, 0x75D3, 0x6DB3, 0x6DB3, 0x6DB3, 0x6DB3, 0x6D93, 0x6D93, 0x75B3, 0x6DB3, 0x65B3, 0x65B2, 0x6DB3, 0x6DB3, 0x6DB2
};

const short ground_tile_200[TILE_SIZE * TILE_SIZE] = {
    0x9656, 0x7DF4, 0x75B3, 0x75B3, 0x75B3, 0x75B3, 0x75B3, 0x6DB3, 0x6DB3, 0x6DB3, 0x6DB3, 0x6DD3, 0x7DF5, 0x75D4, 0x6DB3, 0x6DD3,
    0x85F4, 0x7DD4, 0x75B3, 0x75B3, 0x6D93, 0x75B3, 0x75D4, 0x6DB3, 0x6D93, 0x6D93, 0x6DB3, 0x7DF4, 0x8615, 0x75D4, 0x6DB3, 0x6DD3,
    0x75D3, 0x6DB3, 0x6D93, 0x75B3, 0x75B4, 0x75D4, 0x75B3, 0x6D93, 0x6D93, 0x6DB3, 0x75D3, 0x75D4, 0x7DF4, 0x6DB3, 0x6DB3, 0x6DB3,
    0x75B3, 0x75B3, 0x75B3, 0x75B4, 0x75D4, 0x75B3, 0x6DB3, 0x6DB3, 0x7DF4, 0x75B3, 0x6DB3, 0x6DB3, 0x6DB3, 0x6DB3, 0x6DB3, 0x75D4,
    0x6572, 0x6D93, 0x75B3, 0x6DB3, 0x75B3, 0x6DB3, 0x6DB3, 0x7DF4, 0x9E77, 0x7DD4, 0x6D92, 0x6DB3, 0x6D92, 0x6D93, 0x75D4, 0x8615,
    0x75D4, 0x6DB3, 0x6DB3, 0x6DB3, 0x75D3, 0x6DD3, 0x7DF4, 0x8E36, 0x75B3, 0x6DB3, 0x75B3, 0x75D3, 0x6DB3, 0x6DB3, 0x75B3, 0x75D4,
    0x6DD3, 0x6DB3, 0x6DB3, 0x6D93, 0x6D93, 0x6DB3, 0x6DB3, 0x75D4, 0x75D3, 0x6DB3, 0x6DB3, 0x6DB3, 0x75D4, 0x75B3, 0x6DB3, 0x6DB3,
    0x75F4, 0x75D3, 0x6DB3, 0x6DB2, 0x6D92, 0x6D92, 0x6592, 0x6DB3, 0x75D4, 0x75B3, 0x6DB3, 0x6DB3, 0x8615, 0x75D4, 0x6DB3, 0x6DB3,
    0x7DF4, 0x7DF4, 0x75D4, 0x6DB3, 0x75B3, 0x6DB3, 0x6592, 0x6D93, 0x6DB3, 0x6DB3, 0x6DB3, 0x75D4, 0x9677, 0x8615, 0x75B3, 0x6DB3,
    0x7E15, 0x75F4, 0x6DD3, 0x6DB3, 0x6D93, 0x75B3, 0x75B3, 0x6DB3, 0x75B3, 0x6DB3, 0x6D93, 0x6DB3, 0x75D4, 0x75D4, 0x75D4, 0x6593,
    0x8E56, 0x7DF4, 0x6DB3, 0x6DB3, 0x6DB3, 0x6DB3, 0x75D4, 0x7DF5, 0x75B3, 0x6D93, 0x6D93, 0x6593, 0x6DB3, 0x75F4, 0x7DF4, 0x6DD4,
    0x6DB3, 0x6DB3, 0x75D3, 0x75D3, 0x75D3, 0x6DB3, 0x7DD4, 0x8E15, 0x75B4, 0x6D93, 0x6DB3, 0x75D4, 0x6DD3, 0x6DD3, 0x7DF5, 0x8E56,
    0x6DB3, 0x6DB3, 0x75D3, 0x75B3, 0x75B3, 0x75B3, 0x75B3, 0x7DD4, 0x75B3, 0x6D93, 0x75B3, 0x75B4, 0x6DB3, 0x6DB3, 0x75D4, 0x7DF5,
    0x75D3, 0x75D4, 0x75B3, 0x6D93, 0x6DB3, 0x6DB3, 0x75B3, 0x75D4, 0x6DB3, 0x6572, 0x6D93, 0x75D4, 0x6DB3, 0x6DB3, 0x6DB3, 0x6DB3,
    0x75D4, 0x75B3, 0x6DB3, 0x75B3, 0x75B3, 0x6DB3, 0x6DB3, 0x6DB3, 0x6D92, 0x6D92, 0x6D92, 0x6DB3, 0x6DD3, 0x6DD3, 0x6DB3, 0x65B3,
    0x8E35, 0x7DD4, 0x75B3, 0x75D3, 0x7DD4, 0x75D4, 0x6DB3, 0x6DB3, 0x6DB3, 0x6DB3, 0x6DB3, 0x6DB3, 0x75D4, 0x8615, 0x7DF4, 0x6592
};

const short ground_tile_201[TILE_SIZE * TILE_SIZE] = {
    0x6DD4, 0x6DD4, 0x6DB3, 0x6DB3, 0x8615, 0x7DD4, 0x75B3, 0x6D93, 0x6D93, 0x75D3, 0x75D4, 0x6DB3, 0x6DB3, 0x6D92, 0x6D93, 0x75B3,
    0x6DD3, 0x6DB3, 0x6DB3, 0x6DB3, 0x7E15, 0x7DF4, 0x75B3, 0x6D92, 0x6DB3, 0x75B3, 0x6DB3, 0x6DB3, 0x6D93, 0x6D92, 0x6D92, 0x75B3,
    0x6DB3, 0x6DD3, 0x75B3, 0x6DB3, 0x75B3, 0x6DB3, 0x6D93, 0x6D93, 0x75B3, 0x75B3, 0x6DB3, 0x6D93, 0x6D93, 0x6D93, 0x6D93, 0x6D93,
    0x75D4, 0x75B3, 0x6DB3, 0x6D92, 0x6D93, 0x6D93, 0x75B3, 0x75D4, 0x75D4, 0x75B3, 0x75B3, 0x75B3, 0x7DD4, 0x75B3, 0x6DB3, 0x6DB3,
    0x7DF5, 0x75B3, 0x6D93, 0x6D93, 0x6D93, 0x6DB3, 0x6DB3, 0x75D4, 0x75F4, 0x75D4, 0x75D4, 0x7DF4, 0x9656, 0x7DD4, 0x6D93, 0x6DD3,
    0x75D3, 0x6DB3, 0x6D93, 0x6DB3, 0x75D3, 0x6DB3, 0x6DB3, 0x6DB3, 0x75F4, 0x75F4, 0x75D4, 0x75B3, 0x75D3, 0x6DD3, 0x6DB3, 0x6572,
    0x6DB3, 0x75B3, 0x7DD4, 0x7E15, 0x6DB3, 0x6DB3, 0x6DB3, 0x6DB3, 0x6DB3, 0x6DB3, 0x75D3, 0x7DF4, 0x75D4, 0x6DB3, 0x6593, 0x6592,
    0x75B3, 0x6DB3, 0x75B3, 0x75D4, 0x75B3, 0x75B3, 0x6DB3, 0x6D93, 0x6D93, 0x6D93, 0x6DB3, 0x75D3, 0x75D4, 0x6DB3, 0x65B3, 0x6DB3,
    0x75B3, 0x75B3, 0x75D4, 0x75F4, 0x8615, 0x7DF5, 0x75D4, 0x75B3, 0x75D4, 0x6DB3, 0x6593, 0x6D93, 0x6DB3, 0x6DB3, 0x6DB3, 0x75D4,
    0x6DB3, 0x6DB3, 0x75D4, 0x7DF5, 0x8615, 0x7DF5, 0x75D3, 0x6DB3, 0x6D93, 0x6DB3, 0x6DB3, 0x6DB3, 0x6D93, 0x6D93, 0x6D93, 0x6D93,
    0x6DD3, 0x6DD3, 0x6DD4, 0x75F4, 0x8635, 0x7DF4, 0x75D3, 0x6DB3, 0x6DB3, 0x6DB3, 0x75B3, 0x7DF4, 0x6DB3, 0x6D93, 0x6572, 0x6572,
    0x75D4, 0x6DD4, 0x6DB3, 0x6DB3, 0x6DB3, 0x6DB3, 0x6DB3, 0x75B3, 0x6DB3, 0x6DB3, 0x75D4, 0x8615, 0x6D93, 0x6572, 0x6D93, 0x75D3,
    0x6DD3, 0x6DB3, 0x6D93, 0x6592, 0x6592, 0x6DB3, 0x6DB3, 0x6D93, 0x6DB3, 0x6DB3, 0x75B3, 0x7DD4, 0x6DB3, 0x6D92, 0x6572, 0x6D92,
    0x6DD3, 0x6DD4, 0x6DB3, 0x6592, 0x6DB3, 0x6DB3, 0x6DB3, 0x6D72, 0x6D92, 0x6592, 0x75B3, 0x8635, 0x75D4, 0x6592, 0x6572, 0x6D93,
    0x6DB3, 0x6DB3, 0x6DB3, 0x6DB3, 0x6DB3, 0x6D93, 0x6D92, 0x6D92, 0x6D92, 0x6D92, 0x6D93, 0x6DB3, 0x6592, 0x6592, 0x6D93, 0x6DB3,
    0x6DB3, 0x6DB3, 0x6DB3, 0x6DD3, 0x85F5, 0x7DD4, 0x6D93, 0x6D92, 0x6D92, 0x6DB3, 0x6DB3, 0x6D93, 0x6DB3, 0x6DB3, 0x6DB3, 0x6D93
};

const short ground_tile_202[TILE_SIZE * TILE_SIZE] = {
    0x75B4, 0x7DD4, 0x75B3, 0x6593, 0x6DB3, 0x6DB3, 0x6DB3, 0x6DB3, 0x8E36, 0x7DF4, 0x6DB3, 0x75B3, 0x75B3, 0x7DD4, 0x7DF4, 0x7DD4,
    0x8615, 0x75D4, 0x6DB3, 0x75D4, 0x6DB3, 0x6DD3, 0x6DD3, 0x6DB3, 0x75F4, 0x75D4, 0x75D4, 0x75D4, 0x75B3, 0x75B3, 0x75B3, 0x6DB3,
    0x75D4, 0x75D3, 0x6DB3, 0x6DB3, 0x6DB3, 0x75B3, 0x75B3, 0x75D4, 0x75D4, 0x75B3, 0x75B3, 0x75B3, 0x75B3, 0x75B3, 0x6DB3, 0x6DB3,
    0x6DB3, 0x6DB3, 0x6DB3, 0x6DB3, 0x75D4, 0x75D3, 0x75D3, 0x75D3, 0x7DF4, 0x75D4, 0x75D4, 0x75D4, 0x75D4, 0x75D3, 0x6DB3, 0x6DB3,
    0x6D93, 0x75B3, 0x75D4, 0x7DF4, 0x75D4, 0x75D4, 0x6DD3, 0x6DB3, 0x8E15, 0x85F5, 0x7DD4, 0x75D3, 0x6DD3, 0x6DD3, 0x6DB3, 0x6DD4,
    0x6572, 0x6D92, 0x6D93, 0x6DB3, 0x6DB3, 0x6DB3, 0x6DB3, 0x6D93, 0x75D4, 0x75D4, 0x6DB3, 0x6DB3, 0x75D4, 0x75D3, 0x6DB3, 0x6DB3,
    0x6DB3, 0x6DB3, 0x6592, 0x6592, 0x6D93, 0x75D4, 0x75D4, 0x75B3, 0x6D93, 0x6DB3, 0x75D3, 0x75D3, 0x6DB3, 0x75D4, 0x7DF5, 0x85F5,
    0x8615, 0x75D3, 0x6592, 0x6D93, 0x6D93, 0x6DB3, 0x6DB3, 0x6DB3, 0x6592, 0x6DB3, 0x75D3, 0x6DD3, 0x6D93, 0x6DB3, 0x75B3, 0x75D4,
    0x9656, 0x7DD4, 0x6D93, 0x6DB3, 0x6DB3, 0x6DB3, 0x6DB3, 0x6DB3, 0x6DB3, 0x7DF4, 0x7DF4, 0x6DB3, 0x75B3, 0x6DB3, 0x6DB3, 0x6D92,
    0x75D3, 0x6DB3, 0x6DB3, 0x6DB3, 0x6DD3, 0x6DD3, 0x6DB3, 0x6DB3, 0x6DB3, 0x6DB3, 0x75B3, 0x6DB3, 0x6DB3, 0x6DB3, 0x6DB3, 0x6D93,
    0x6D93, 0x75D3, 0x75D4, 0x75D4, 0x6DB3, 0x6DB3, 0x6DB3, 0x6DB3, 0x75F4, 0x75D4, 0x75B3, 0x75D3, 0x6DD3, 0x6DB3, 0x6DB3, 0x7DD4,
    0x6DB3, 0x6DB3, 0x6DB3, 0x6DB3, 0x6DB3, 0x6DB3, 0x6DB3, 0x6DB3, 0x9657, 0x8636, 0x75D4, 0x6DB3, 0x6593, 0x6D93, 0x75D4, 0x85F5,
    0x6D93, 0x6D93, 0x6DB3, 0x6DB3, 0x6DB3, 0x75B3, 0x6DB3, 0x6592, 0x6D93, 0x6DB3, 0x6DB3, 0x6DB3, 0x6DB3, 0x75B3, 0x75B3, 0x75B3,
    0x6D93, 0x6D93, 0x6DB3, 0x6DB3, 0x75D3, 0x75D4, 0x6DB3, 0x6593, 0x6593, 0x75B3, 0x75D3, 0x6DB3, 0x6DB3, 0x6DB3, 0x6DB3, 0x7593,
    0x75B3, 0x6DB3, 0x6D93, 0x6592, 0x6DB3, 0x6DB3, 0x6DB3, 0x6DB3, 0x6DB3, 0x6D93, 0x6D93, 0x6D93, 0x6DB3, 0x75D3, 0x75D3, 0x75D3,
    0x75B4, 0x85F5, 0x7DD4, 0x6572, 0x6D92, 0x6DB3, 0x6D93, 0x6D93, 0x6D93, 0x6D93, 0x6DB3, 0x6DB3, 0x6DB3, 0x75D4, 0x7DF4, 0x7DD4
};

const short ground_tile_203[TILE_SIZE * TILE_SIZE] = {
    0x6DB3, 0x6D93, 0x6592, 0x6592, 0x7DF4, 0x7DF5, 0x75D4, 0x6592, 0x6DB3, 0x6DB3, 0x75D3, 0x75D4, 0x8615, 0x75D4, 0x6DB3, 0x6DB3,
    0x6592, 0x6D93, 0x6DB3, 0x75B3, 0x8635, 0x7DF5, 0x75D4, 0x6DD3, 0x6DD3, 0x6DD3, 0x6DB3, 0x6DB3, 0x75D4, 0x75D4, 0x75B3, 0x75B3,
    0x6DB3, 0x6DB3, 0x6DB3, 0x6DB3, 0x7DF4, 0x75D4, 0x6DD4, 0x6DD4, 0x6DD4, 0x75D4, 0x75D4, 0x75D4, 0x6DB3, 0x6D93, 0x7593, 0x75B3,
    0x75D4, 0x75D4, 0x6DB3, 0x6DB3, 0x75B3, 0x6DB3, 0x75D4, 0x75D4, 0x75D4, 0x75D3, 0x75D3, 0x6DD3, 0x75D4, 0x75B3, 0x75B3, 0x75B3,
    0x9656, 0x7DD4, 0x6DB3, 0x75D3, 0x6D93, 0x6DB3, 0x75D4, 0x7E15, 0x7DF4, 0x75F4, 0x75D4, 0x6DB3, 0x7DF4, 0x7DD4, 0x75B3, 0x6DB3,
    0x75D3, 0x75B3, 0x75B3, 0x75B3, 0x6D93, 0x6D93, 0x6DB3, 0x75D4, 0x75D4, 0x75D4, 0x75D4, 0x75D4, 0x75F4, 0x75D4, 0x6DB3, 0x6DB3,
    0x75D4, 0x6DB3, 0x6D93, 0x6D93, 0x75D4, 0x75B3, 0x6D93, 0x6DB3, 0x6DB3, 0x75D4, 0x7DF5, 0x7E15, 0x6DD4, 0x6DB3, 0x75D3, 0x75D4,
    0x75D4, 0x6DB3, 0x6D93, 0x6DB3, 0x8615, 0x75D3, 0x6D93, 0x6DB3, 0x75B3, 0x6DB3, 0x6DB3, 0x75D4, 0x6D93, 0x75B3, 0x75D4, 0x75D3,
    0x6D93, 0x6DB3, 0x6DB3, 0x6DB3, 0x85F4, 0x75B3, 0x6DB3, 0x6DB3, 0x75D4, 0x6DD3, 0x6DB3, 0x6DB3, 0x75D4, 0x75F4, 0x75F4, 0x75D4,
    0x6DB3, 0x6D93, 0x6D93, 0x6DB3, 0x75B3, 0x6DB3, 0x6DB3, 0x6DB3, 0x6DB3, 0x75D3, 0x75D4, 0x75D4, 0x7E15, 0x7DF5, 0x75D4, 0x6DB3,
    0x6DB3, 0x6D93, 0x6D92, 0x6D92, 0x6D93, 0x7DF4, 0x8615, 0x75D4, 0x6DD3, 0x6DD3, 0x6DD3, 0x75D4, 0x7E15, 0x7DF4, 0x75D3, 0x6DB3,
    0x6D93, 0x6D93, 0x6DB3, 0x75B3, 0x6DB3, 0x6DB3, 0x75D4, 0x7E15, 0x75D4, 0x6DB3, 0x6DB3, 0x6593, 0x6572, 0x6592, 0x6D93, 0x6DB3,
    0x75B3, 0x75B3, 0x75B3, 0x75B3, 0x6DB3, 0x6D93, 0x6D93, 0x75D3, 0x6DB3, 0x6DB3, 0x6DB3, 0x6D93, 0x6572, 0x6593, 0x6DB3, 0x6DB3,
    0x75B3, 0x6D92, 0x6D92, 0x6DB3, 0x6DB3, 0x6DB3, 0x6DB3, 0x75D4, 0x75D3, 0x75D4, 0x6DB3, 0x6593, 0x6592, 0x75B3, 0x75D4, 0x6D93,
    0x6D72, 0x6D92, 0x6592, 0x6592, 0x6DB3, 0x6D93, 0x6DB3, 0x6DD3, 0x6DB3, 0x6DB3, 0x6D93, 0x6592, 0x6DB3, 0x6DB3, 0x6DB3, 0x6DB3,
    0x75D3, 0x6DB3, 0x6D93, 0x6D93, 0x75B3, 0x7DD4, 0x7DD4, 0x6DB3, 0x6DB3, 0x6DB3, 0x6D93, 0x6D93, 0x7DF4, 0x75D4, 0x6DB3, 0x75B3
};

const short ground_tile_204[TILE_SIZE * TILE_SIZE] = {
    0x6DB3, 0x7DD4, 0x7DF4, 0x7DF4, 0x75B3, 0x75B3, 0x75B3, 0x6DB3, 0x75B3, 0x7DF4, 0x7DD4, 0x6DB3, 0x6DB3, 0x6DB3, 0x6DB3, 0x6DB3,
    0x75D3, 0x75B3, 0x75B3, 0x75B3, 0x6D93, 0x6D93, 0x75B3, 0x75D4, 0x7DD4, 0x75D4, 0x75D3, 0x75D4, 0x6DB3, 0x75B3, 0x75B3, 0x75B3,
    0x75B3, 0x75B3, 0x75B3, 0x6DB3, 0x6DB3, 0x6D93, 0x6DB3, 0x75B3, 0x75D4, 0x6DB3, 0x6DB3, 0x6DB3, 0x75D4, 0x75D4, 0x75D4, 0x75D4,
    0x75B3, 0x75B3, 0x75B3, 0x75B3, 0x75B3, 0x6DB3, 0x6D93, 0x6D93, 0x6D93, 0x6DB3, 0x6DB3, 0x6DD3, 0x75B3, 0x75D4, 0x75D4, 0x75D4,
    0x75D3, 0x6DB3, 0x75D4, 0x7DF5, 0x7DD4, 0x6DB3, 0x6D93, 0x6DB3, 0x6D93, 0x6D93, 0x75D3, 0x75F4, 0x75D4, 0x75F4, 0x7DF4, 0x7DF4,
    0x6DB3, 0x6DB3, 0x6DB3, 0x75B3, 0x6D92, 0x6D92, 0x6D93, 0x6592, 0x6DB3, 0x6DB3, 0x6DB3, 0x6DB3, 0x75D3, 0x75D4, 0x75B3, 0x6D92,
    0x6DB3, 0x6DB3, 0x75D4, 0x7DF4, 0x75B3, 0x6D93, 0x6572, 0x6572, 0x75B3, 0x7DD4, 0x75D4, 0x6DB3, 0x75B3, 0x75B3, 0x6DB3, 0x6DB3,
    0x6DB3, 0x6DB3, 0x6DB3, 0x75B3, 0x75B3, 0x6D93, 0x6572, 0x6572, 0x6D72, 0x6D93, 0x6DB3, 0x6DB3, 0x6D93, 0x6DB3, 0x75D3, 0x75D4,
    0x75D4, 0x75D3, 0x6DB3, 0x6D93, 0x6D92, 0x6D72, 0x6D72, 0x6D93, 0x6D72, 0x6D92, 0x6D93, 0x6DB3, 0x6D93, 0x75B3, 0x75D3, 0x75D4,
    0x6DB3, 0x6DB3, 0x6DB3, 0x6DB3, 0x6D93, 0x6D93, 0x6D92, 0x6D93, 0x6D93, 0x6DB3, 0x6D93, 0x6D93, 0x6DB3, 0x6DB3, 0x6DB3, 0x6DB3,
    0x6DD3, 0x6DB3, 0x75D4, 0x7DF4, 0x6DB3, 0x6D92, 0x6572, 0x6D72, 0x6DB3, 0x6DB3, 0x6DB3, 0x6592, 0x6593, 0x6DB3, 0x6DB3, 0x6DB3,
    0x6592, 0x6DB3, 0x7DD4, 0x7DF5, 0x6D93, 0x6592, 0x6592, 0x6D93, 0x7DD4, 0x7DD4, 0x6DB3, 0x6592, 0x6DB3, 0x6DB3, 0x6DB3, 0x6DB3,
    0x6DB3, 0x6DB3, 0x6DB3, 0x6DB3, 0x6DB3, 0x6DB3, 0x6D92, 0x6572, 0x6D92, 0x6D92, 0x6D92, 0x6D93, 0x6DB3, 0x75B3, 0x6DB3, 0x6592,
    0x6DB3, 0x6DB3, 0x75D3, 0x75D4, 0x75D4, 0x6DB3, 0x6D93, 0x6D72, 0x6592, 0x6572, 0x6D92, 0x6DB3, 0x6D93, 0x75B3, 0x75B3, 0x6D92,
    0x6DB3, 0x75D4, 0x75D4, 0x75D4, 0x75B3, 0x6D93, 0x6592, 0x6D92, 0x6D93, 0x6D93, 0x6D93, 0x6D92, 0x6D92, 0x6D93, 0x6D93, 0x6DB3,
    0x75D3, 0x7DF4, 0x7DF5, 0x75D4, 0x75D4, 0x75D3, 0x6DB3, 0x6D93, 0x75B4, 0x85F5, 0x7DD4, 0x6572, 0x6D92, 0x6DB3, 0x6DB3, 0x6D93
};

const short ground_tile_205[TILE_SIZE * TILE_SIZE] = {
    0x8E15, 0x7DF4, 0x75B3, 0x75B3, 0x75B3, 0x75D4, 0x75D4, 0x6DB3, 0x6DB3, 0x6DB3, 0x6D93, 0x6D93, 0x7DD4, 0x7DF4, 0x75D4, 0x6DB3,
    0x75D4, 0x75D3, 0x75B3, 0x75B3, 0x6DB3, 0x6DB3, 0x75D3, 0x75B3, 0x6DB3, 0x6DB3, 0x6DB3, 0x75B3, 0x7DF5, 0x75D4, 0x75D4, 0x6DD3,
    0x75D4, 0x6DB3, 0x6DB3, 0x6DB3, 0x75D4, 0x75D4, 0x75D3, 0x75D3, 0x75D3, 0x6DB3, 0x6DB3, 0x75D3, 0x75D4, 0x75B3, 0x6DB3, 0x6DB3,
    0x75D4, 0x75B3, 0x6DB3, 0x75D4, 0x75D4, 0x75D4, 0x75D4, 0x75D4, 0x7DF4, 0x75D4, 0x6DB3, 0x6DB3, 0x6DB3, 0x6DB3, 0x6DB3, 0x6DB3,
    0x6DB3, 0x75B3, 0x75D4, 0x75B3, 0x75F4, 0x75D4, 0x75D4, 0x7DF5, 0x9E97, 0x7DF4, 0x6DB3, 0x75B3, 0x6D93, 0x6D92, 0x75B3, 0x7DF4,
    0x6D93, 0x75B3, 0x75D4, 0x75D4, 0x75D3, 0x75F4, 0x8615, 0x8E36, 0x75B3, 0x75D3, 0x75D3, 0x6DB3, 0x6D93, 0x6D93, 0x6D93, 0x75B3,
    0x75D4, 0x75B3, 0x6DB3, 0x6D93, 0x6D93, 0x6DB3, 0x75D3, 0x7DF4, 0x75D4, 0x6DB3, 0x6DB3, 0x6DB3, 0x75B3, 0x6D93, 0x6D93, 0x6D93,
    0x7DF5, 0x7DF4, 0x75B3, 0x6D93, 0x6D93, 0x6DB3, 0x6DB3, 0x75B3, 0x75F4, 0x6DD4, 0x6DB3, 0x6DB3, 0x85F5, 0x75B3, 0x6572, 0x6D93,
    0x6DB3, 0x75D4, 0x75D4, 0x6D93, 0x75D4, 0x75D3, 0x6DB3, 0x6DB3, 0x75B3, 0x6DB3, 0x6DB3, 0x75B3, 0x8615, 0x75B4, 0x6D93, 0x6D93,
    0x6DD3, 0x6DD3, 0x75D4, 0x75B3, 0x75B3, 0x75D3, 0x75B3, 0x6DB3, 0x6DB3, 0x6DB3, 0x6DB3, 0x6DB3, 0x6DB3, 0x75D4, 0x6DB3, 0x6D93,
    0x75F4, 0x75D4, 0x75D4, 0x75D4, 0x75D4, 0x6DB3, 0x75D4, 0x7DD4, 0x6D93, 0x6D93, 0x6D93, 0x6572, 0x6D93, 0x75F4, 0x7DF5, 0x75D4,
    0x9677, 0x8615, 0x75D4, 0x6DD3, 0x6DB3, 0x6DB3, 0x75D4, 0x85F5, 0x75B4, 0x6D72, 0x6D72, 0x75B3, 0x75B3, 0x75D4, 0x75D4, 0x75D4,
    0x6D93, 0x75B3, 0x75B3, 0x75B3, 0x75B3, 0x6DB3, 0x6DB3, 0x6D93, 0x6D93, 0x6D92, 0x6D92, 0x6D93, 0x6DB3, 0x6D92, 0x6D93, 0x75D3,
    0x6592, 0x6DB3, 0x75D3, 0x6DB3, 0x6DB3, 0x6DB3, 0x6DB3, 0x75B3, 0x75B3, 0x6D72, 0x6D72, 0x6D93, 0x6DB3, 0x6D93, 0x6DB3, 0x6DB3,
    0x6D93, 0x6D93, 0x6DB3, 0x6DB3, 0x6DB3, 0x75B3, 0x75B3, 0x75B3, 0x7593, 0x6D93, 0x6D92, 0x6D93, 0x75B3, 0x75D4, 0x75B3, 0x6592,
    0x6D93, 0x6DB3, 0x6DB3, 0x6DB3, 0x6DB3, 0x7DD4, 0x7DF4, 0x75B3, 0x75B3, 0x6DB3, 0x6DB3, 0x6DB3, 0x75D4, 0x8615, 0x7DD4, 0x6552
};

const short ground_tile_206[TILE_SIZE * TILE_SIZE] = {
    0x6DD3, 0x6DD3, 0x6DB3, 0x6DD3, 0x8615, 0x7DF4, 0x75B3, 0x75B3, 0x6D93, 0x75B3, 0x75B3, 0x6D93, 0x6D93, 0x6D93, 0x6D93, 0x6DB3,
    0x6DD3, 0x6DB3, 0x75D3, 0x75D4, 0x7DF4, 0x75D4, 0x75B3, 0x75B3, 0x75B3, 0x75D3, 0x75D4, 0x75B3, 0x6D93, 0x6D93, 0x6DB3, 0x75D4,
    0x6DB3, 0x75D4, 0x75D4, 0x75D4, 0x75D4, 0x75D4, 0x75B3, 0x75B3, 0x75D4, 0x75D4, 0x75D4, 0x75B3, 0x75D3, 0x6DB3, 0x6D93, 0x6DB3,
    0x75B3, 0x75B3, 0x75B3, 0x75D3, 0x75D4, 0x75B3, 0x75B3, 0x75D4, 0x7DD4, 0x75D4, 0x75D4, 0x75F4, 0x75F4, 0x75B3, 0x6DB3, 0x6DB3,
    0x75D4, 0x75B3, 0x6DB3, 0x75B3, 0x75B3, 0x75B3, 0x75D4, 0x75D4, 0x75F4, 0x75F4, 0x7E15, 0x8E36, 0x7DF5, 0x75B4, 0x6DD3, 0x75F4,
    0x6DB3, 0x6DB3, 0x6DB3, 0x75D4, 0x75D4, 0x75D4, 0x75D4, 0x75D4, 0x7DF4, 0x7E15, 0x7DF5, 0x75D4, 0x6DB3, 0x6DB3, 0x6DB3, 0x65B3,
    0x6DB3, 0x75B3, 0x75D4, 0x7DF4, 0x6DD3, 0x6DD3, 0x6DD3, 0x6DD3, 0x6DB3, 0x6DB3, 0x75D4, 0x7DF4, 0x75B3, 0x6D93, 0x6593, 0x6D93,
    0x6DB3, 0x75B3, 0x6DB3, 0x75B3, 0x7DD4, 0x75D4, 0x6DB3, 0x6DB3, 0x6DB3, 0x6DB3, 0x75D4, 0x7DF5, 0x75D4, 0x6DB3, 0x6593, 0x6593,
    0x6DB3, 0x75B3, 0x75B3, 0x75B4, 0x8615, 0x7DF5, 0x75B4, 0x6DB3, 0x75D4, 0x75D3, 0x6DD3, 0x6DD4, 0x6DB3, 0x6D93, 0x6D93, 0x6DB3,
    0x6DB3, 0x6DB3, 0x75B4, 0x75D4, 0x7DF4, 0x75D4, 0x6DB3, 0x6D93, 0x6D93, 0x75B3, 0x75B3, 0x6DB3, 0x75B3, 0x6D93, 0x6D93, 0x6D93,
    0x65B3, 0x6DB3, 0x6DB3, 0x75D4, 0x9656, 0x7DD4, 0x6DB3, 0x6DB3, 0x6D93, 0x6DB3, 0x75D4, 0x7DF4, 0x6DB3, 0x6D93, 0x6572, 0x6572,
    0x6DB3, 0x6DB3, 0x6DB3, 0x6D93, 0x6D93, 0x6D92, 0x6D93, 0x75B3, 0x6D93, 0x6D93, 0x75D3, 0x85F4, 0x6DB3, 0x6D92, 0x6D93, 0x75B4,
    0x6DB3, 0x6DB3, 0x6D93, 0x6572, 0x5D72, 0x6572, 0x6DB3, 0x75B3, 0x6D93, 0x6D93, 0x6DB3, 0x75B3, 0x75B3, 0x6D92, 0x6D72, 0x6D93,
    0x6DD3, 0x6DD3, 0x6DB3, 0x6592, 0x6592, 0x6DB3, 0x75B3, 0x6DB3, 0x6DB3, 0x6592, 0x6DB3, 0x75F4, 0x75B3, 0x6D92, 0x6D72, 0x6D72,
    0x6592, 0x6592, 0x6593, 0x6DB3, 0x6DD3, 0x6DB3, 0x6D93, 0x6D93, 0x6D93, 0x6D93, 0x6DB3, 0x6DB3, 0x6592, 0x6592, 0x6D93, 0x6D93,
    0x6572, 0x6592, 0x6DB3, 0x6DD3, 0x8635, 0x75D4, 0x6DB3, 0x6D93, 0x6592, 0x6DB3, 0x6DB3, 0x6D93, 0x6DB3, 0x6DB3, 0x6DB3, 0x6DB3
};

const short ground_tile_207[TILE_SIZE * TILE_SIZE] = {
    0x75B4, 0x7DD4, 0x75D4, 0x6592, 0x6DB3, 0x6DB3, 0x6DB3, 0x6DB3, 0x8615, 0x7DF4, 0x75B3, 0x75B3, 0x75B3, 0x7DF4, 0x7DD4, 0x6DB3,
    0x75D4, 0x75B3, 0x6DB3, 0x6DB3, 0x6DB3, 0x6DB3, 0x6DB3, 0x6DB3, 0x75D4, 0x75D4, 0x75D4, 0x75D4, 0x75D3, 0x75D4, 0x75D4, 0x75B3,
    0x75D3, 0x6DB3, 0x6593, 0x6DB3, 0x6DD3, 0x75D3, 0x75D4, 0x75D4, 0x75D4, 0x75D3, 0x75B3, 0x75B3, 0x75D4, 0x75B3, 0x6DB3, 0x6DB3,
    0x6DB3, 0x6DB3, 0x6DB3, 0x6DD3, 0x75D3, 0x75D3, 0x75D3, 0x75D3, 0x8615, 0x7DF4, 0x75D3, 0x75B3, 0x75B3, 0x75B3, 0x6DB3, 0x75B3,
    0x6593, 0x6D93, 0x75D4, 0x7DF5, 0x75D4, 0x75D4, 0x6DD3, 0x6DD3, 0x9656, 0x8615, 0x75D4, 0x6DB3, 0x6DB3, 0x6DB3, 0x6DB3, 0x7DD4,
    0x6593, 0x6DB3, 0x75B3, 0x6DB3, 0x75D3, 0x75D3, 0x6DB3, 0x6592, 0x7DF4, 0x7DF4, 0x6DB3, 0x6593, 0x6DD3, 0x75F4, 0x7DF4, 0x7DF4,
    0x75D4, 0x75D4, 0x75B4, 0x6D93, 0x6DB3, 0x6DB3, 0x6DB3, 0x6DB3, 0x6D93, 0x6DB3, 0x6DB3, 0x6DB3, 0x6D93, 0x6DB3, 0x75D4, 0x7DF4,
    0x6DB3, 0x6DB3, 0x6593, 0x6D93, 0x6DB3, 0x75D3, 0x75D4, 0x75D4, 0x6D93, 0x6DB3, 0x6DB3, 0x6DB3, 0x6DB3, 0x6DB3, 0x6DB3, 0x75D4,
    0x75B4, 0x75B3, 0x6D93, 0x6592, 0x6DB3, 0x75D4, 0x7DD4, 0x7DF4, 0x7DF4, 0x7DD4, 0x75D4, 0x6DB3, 0x7DF4, 0x75D4, 0x6DB3, 0x6DB3,
    0x6D93, 0x6D93, 0x6D93, 0x6D93, 0x6DB3, 0x6DB3, 0x6DB3, 0x6DB3, 0x75D4, 0x75D4, 0x6DB3, 0x6DB3, 0x75B3, 0x75D4, 0x75B3, 0x6DB3,
    0x6D93, 0x6DB3, 0x6DB3, 0x6DB3, 0x65B3, 0x6DB3, 0x6DB3, 0x75D3, 0x8E56, 0x7E15, 0x75D4, 0x6DB3, 0x6DB3, 0x6DB3, 0x75D4, 0x7DF4,
    0x6D93, 0x6D93, 0x6DB3, 0x6DB3, 0x65B3, 0x6DB3, 0x6D93, 0x6DB3, 0x8E56, 0x8616, 0x7DF4, 0x75D3, 0x6D93, 0x6DB3, 0x7DF4, 0x8E15,
    0x6D92, 0x6D93, 0x6D93, 0x6DB3, 0x6D93, 0x6DB3, 0x6DB3, 0x6D93, 0x6593, 0x6DB3, 0x6DB3, 0x6D93, 0x6D93, 0x6DB3, 0x75B3, 0x75D4,
    0x6D72, 0x6D92, 0x6DB3, 0x6DB3, 0x6DB3, 0x75D4, 0x75B4, 0x6D93, 0x5D92, 0x6DB3, 0x75B3, 0x6D72, 0x6D93, 0x6DB3, 0x75B3, 0x75B3,
    0x75B3, 0x75B3, 0x6D93, 0x6592, 0x6593, 0x6DB3, 0x6DB3, 0x6DB3, 0x6593, 0x6DB3, 0x6DB3, 0x6D92, 0x6D93, 0x6DB3, 0x6DB3, 0x75B4,
    0x7DD4, 0x85F5, 0x7DD4, 0x6572, 0x6D93, 0x6DB3, 0x6DB3, 0x6DB3, 0x6D93, 0x6D93, 0x6DB3, 0x6D93, 0x6D93, 0x75B3, 0x7DF4, 0x8615
};

const short ground_tile_208[TILE_SIZE * TILE_SIZE] = {
    0x6DB3, 0x6D93, 0x6D93, 0x6DB3, 0x7E15, 0x7E15, 0x75F4, 0x6DB3, 0x6DD3, 0x6DB3, 0x6DB3, 0x6DB3, 0x8615, 0x7DF4, 0x75B3, 0x6D93,
    0x6D93, 0x6592, 0x6D92, 0x6DB3, 0x7DF4, 0x75D4, 0x75D4, 0x75D4, 0x6DD3, 0x6DB3, 0x6DB3, 0x6DB3, 0x8615, 0x7DF4, 0x75B3, 0x6DB3,
    0x6DB3, 0x6DB3, 0x6D93, 0x6DB3, 0x75D3, 0x6DB3, 0x6DB3, 0x6DB3, 0x75D3, 0x75B3, 0x75B3, 0x75B3, 0x75B3, 0x75B3, 0x6D93, 0x6DB3,
    0x7DF4, 0x75B3, 0x6572, 0x6D93, 0x6DB3, 0x6DB3, 0x6DD3, 0x75D4, 0x75D4, 0x75B3, 0x75B3, 0x6DB3, 0x6DB3, 0x6D93, 0x75B3, 0x75B3,
    0x9E57, 0x75B4, 0x6572, 0x6D93, 0x6DB3, 0x6DB3, 0x75B3, 0x75D4, 0x7DD4, 0x75D4, 0x6DB3, 0x6D93, 0x75B3, 0x75B3, 0x6DB3, 0x75B3,
    0x75D3, 0x6D93, 0x6D93, 0x6DB3, 0x6D93, 0x6DB3, 0x6DB3, 0x6DB3, 0x6DB3, 0x6DB3, 0x75B3, 0x75D3, 0x7DF4, 0x75F4, 0x6DD3, 0x6DB3,
    0x75B3, 0x6D93, 0x6D93, 0x6D93, 0x75B3, 0x6DB3, 0x6D93, 0x6D93, 0x6DB3, 0x75D4, 0x7DF4, 0x7E15, 0x6DB3, 0x6DB3, 0x75B3, 0x75B3,
    0x75D4, 0x75B3, 0x6DB3, 0x6D93, 0x85F5, 0x75B3, 0x6D93, 0x6DB3, 0x6DB3, 0x6DB3, 0x75D3, 0x75D4, 0x6D93, 0x6DB3, 0x6DB3, 0x6DB3,
    0x75D4, 0x75B3, 0x6DB3, 0x6DD3, 0x7DF4, 0x75B3, 0x6D93, 0x6DB3, 0x6DB3, 0x6DB3, 0x6DD3, 0x75D4, 0x75D4, 0x7DD4, 0x75D4, 0x75B3,
    0x75B3, 0x75B3, 0x6DB3, 0x6DB3, 0x6DB3, 0x6DB3, 0x6DB3, 0x6DB3, 0x6DB3, 0x6DB3, 0x6DD3, 0x75D4, 0x75F4, 0x75B3, 0x6DB3, 0x6D93,
    0x75B4, 0x6DB3, 0x6DB3, 0x6D93, 0x6DB3, 0x75D4, 0x75F4, 0x75F4, 0x6DB3, 0x65B3, 0x6DB3, 0x75D4, 0x8E36, 0x7DF4, 0x6DB3, 0x6DB3,
    0x7DD4, 0x6D93, 0x6D93, 0x75B3, 0x6DD4, 0x75F4, 0x7E15, 0x8615, 0x75D3, 0x6DB3, 0x6DB3, 0x6DB3, 0x6592, 0x6D92, 0x6D93, 0x75B3,
    0x75B3, 0x6D93, 0x6D93, 0x6DB3, 0x6DB3, 0x6DB3, 0x6DB3, 0x75B3, 0x6DB3, 0x75B3, 0x6DB3, 0x6D92, 0x6572, 0x6D92, 0x75B3, 0x75B3,
    0x75D4, 0x6D93, 0x6D92, 0x6D93, 0x6D93, 0x6DB3, 0x75B3, 0x75B3, 0x75D3, 0x75D4, 0x75B3, 0x6592, 0x6592, 0x75B3, 0x75B3, 0x6DB3,
    0x7DD4, 0x6DB3, 0x6592, 0x6592, 0x6D93, 0x75B3, 0x75B3, 0x6DB3, 0x6DB3, 0x6D93, 0x6D93, 0x6D93, 0x6592, 0x6592, 0x6D93, 0x6DB3,
    0x75D4, 0x6DB3, 0x6DB3, 0x6D93, 0x75B3, 0x85F5, 0x7DF4, 0x6592, 0x6D93, 0x6DB3, 0x6D93, 0x6D93, 0x6D93, 0x6D93, 0x6D93, 0x6D93
};

const short ground_tile_209[TILE_SIZE * TILE_SIZE] = {
    0x6D93, 0x75D4, 0x7DD4, 0x75B3, 0x6D93, 0x6DB3, 0x75B3, 0x6DB3, 0x75B3, 0x85F5, 0x7DF4, 0x6DB3, 0x6DB3, 0x6DB3, 0x6DB3, 0x6DB3,
    0x6DB3, 0x75D3, 0x75D4, 0x75B3, 0x6D93, 0x6D93, 0x75B3, 0x75D4, 0x7DF4, 0x75D4, 0x6DB3, 0x6DD3, 0x6DB3, 0x6DB3, 0x6DB3, 0x75B3,
    0x75B3, 0x75B3, 0x75B3, 0x75B3, 0x6DB3, 0x6D93, 0x75B3, 0x75B3, 0x75D3, 0x6DB3, 0x6DB3, 0x6DB3, 0x6DB3, 0x75B3, 0x75B3, 0x75D3,
    0x75D4, 0x75D4, 0x75D3, 0x75D4, 0x7DD4, 0x75B3, 0x6DB3, 0x6DB3, 0x6D93, 0x6DB3, 0x75D3, 0x75F4, 0x75D4, 0x75D3, 0x75B3, 0x75B3,
    0x75F4, 0x75D4, 0x75F4, 0x8615, 0x9636, 0x75D4, 0x6D93, 0x75B3, 0x6D92, 0x6D93, 0x7DF4, 0x8E35, 0x7DF4, 0x75D4, 0x75D3, 0x75D3,
    0x75D4, 0x7E15, 0x7E15, 0x7DD4, 0x75B4, 0x6DB3, 0x6D92, 0x6572, 0x6D93, 0x6DB3, 0x6DB3, 0x6D93, 0x6DB3, 0x75D3, 0x6DB3, 0x6D72,
    0x6DB3, 0x6DB3, 0x75D4, 0x7DF4, 0x75D4, 0x6D93, 0x6572, 0x6D93, 0x75B4, 0x75B3, 0x6D93, 0x6D93, 0x6DB3, 0x75B3, 0x75D3, 0x75B3,
    0x6DB3, 0x6DB3, 0x75D4, 0x75D4, 0x75D4, 0x6D93, 0x6572, 0x6D72, 0x6D93, 0x6D93, 0x6D93, 0x6DB3, 0x75B3, 0x75D4, 0x75D4, 0x75D4,
    0x7DD4, 0x75D3, 0x6DB3, 0x6DB3, 0x6D93, 0x6D72, 0x6D72, 0x6D93, 0x6D93, 0x6D93, 0x6D93, 0x6D93, 0x75B3, 0x75D3, 0x75D4, 0x75D4,
    0x7593, 0x6D93, 0x6DB3, 0x6DB3, 0x75B3, 0x7593, 0x6D93, 0x6D93, 0x6DB3, 0x6DB3, 0x6DB3, 0x6DB3, 0x6DB3, 0x75B3, 0x75D3, 0x75D3,
    0x6D93, 0x6D93, 0x75B3, 0x7DF4, 0x75B3, 0x6DB3, 0x6D93, 0x6572, 0x6DB3, 0x75D3, 0x75D3, 0x6DD3, 0x6DB3, 0x6DB3, 0x6DB3, 0x75D4,
    0x6DB3, 0x75B3, 0x7DD4, 0x85F5, 0x75B3, 0x6D93, 0x6D93, 0x6DB3, 0x6DB3, 0x6DD3, 0x6DD3, 0x6DB3, 0x6DB3, 0x6DB3, 0x6D93, 0x6D92,
    0x6DB3, 0x6DB3, 0x6DB3, 0x75B3, 0x75D4, 0x6D93, 0x6D93, 0x6D93, 0x6D93, 0x6DB3, 0x6DB3, 0x6DD3, 0x6DB3, 0x75B3, 0x6DB3, 0x6572,
    0x6DB3, 0x6DB3, 0x6D93, 0x6DB3, 0x75D3, 0x6D93, 0x6D93, 0x75B3, 0x6D93, 0x6D92, 0x6DB3, 0x6DB3, 0x75B3, 0x75D4, 0x75B3, 0x6D93,
    0x6DB3, 0x6DB3, 0x6DB3, 0x6DB3, 0x6D92, 0x6592, 0x6593, 0x6D93, 0x6D93, 0x6DB3, 0x6DB3, 0x6D93, 0x6DB3, 0x6DB3, 0x75B3, 0x75D3,
    0x6592, 0x75D4, 0x7DD4, 0x75B3, 0x75B3, 0x6DB3, 0x6D92, 0x6572, 0x75B3, 0x7DF4, 0x75D4, 0x6572, 0x6D93, 0x6DB3, 0x6DB3, 0x6DB3
};

const short ground_tile_210[TILE_SIZE * TILE_SIZE] = {
    0x8615, 0x7DF4, 0x6DB3, 0x75B3, 0x6DB3, 0x75D4, 0x75B4, 0x6DB3, 0x6DB3, 0x6DB3, 0x6D93, 0x6DB3, 0x7DF4, 0x8635, 0x7E15, 0x6DB3,
    0x75D4, 0x75D3, 0x75D3, 0x75D3, 0x6DB3, 0x75B3, 0x75B3, 0x75B3, 0x75B3, 0x6DB3, 0x6DB3, 0x75D4, 0x8615, 0x7DF4, 0x75D4, 0x6DD4,
    0x75D4, 0x75B3, 0x75B3, 0x75B3, 0x75D4, 0x75B3, 0x6DB3, 0x6DB3, 0x75B3, 0x75D3, 0x75D3, 0x75D3, 0x7DF4, 0x75D3, 0x6DB3, 0x6DD3,
    0x75B3, 0x75B3, 0x75B3, 0x75B3, 0x75B3, 0x75B3, 0x75B3, 0x75D4, 0x7DF4, 0x75D3, 0x6DB3, 0x75B3, 0x75B3, 0x6DB3, 0x6DB3, 0x75D4,
    0x6D93, 0x6D93, 0x6D93, 0x6D93, 0x6DB3, 0x6DB3, 0x75D4, 0x8E36, 0x9E77, 0x7DD4, 0x6D93, 0x75D4, 0x75B3, 0x6D93, 0x75D4, 0x8615,
    0x7DF4, 0x75D4, 0x6D93, 0x6D92, 0x75B3, 0x75D4, 0x7DF4, 0x8615, 0x7DF4, 0x75D3, 0x6DB3, 0x75B3, 0x6DB3, 0x6DB3, 0x6DB3, 0x6DB3,
    0x6D93, 0x6D93, 0x6D93, 0x6DB3, 0x6D93, 0x6DB3, 0x75D4, 0x7DF4, 0x75F4, 0x6DD3, 0x6DB3, 0x75B3, 0x75D4, 0x75B3, 0x6DB3, 0x6DB3,
    0x6D93, 0x6D93, 0x6D93, 0x6DB3, 0x6DB3, 0x6DB3, 0x6DD3, 0x75D4, 0x7DF4, 0x75D4, 0x6DB3, 0x75D4, 0x8615, 0x7DD4, 0x6DB3, 0x75B3,
    0x6DB3, 0x75D4, 0x75D3, 0x6DB3, 0x85F5, 0x75D4, 0x6DD3, 0x6DB3, 0x75B3, 0x75B3, 0x75B3, 0x75F4, 0x9656, 0x85F5, 0x75B3, 0x75B3,
    0x75D4, 0x75D4, 0x6DB3, 0x6DB3, 0x75B3, 0x75D3, 0x75D4, 0x75B3, 0x75D4, 0x75D4, 0x75B3, 0x75D3, 0x75D4, 0x75B3, 0x6DB3, 0x6DB3,
    0x9656, 0x7DF5, 0x75D4, 0x75B3, 0x6DB3, 0x6DB3, 0x75D4, 0x7DF5, 0x75D4, 0x6DB3, 0x6D93, 0x6592, 0x6DB3, 0x6DB3, 0x75D4, 0x75D4,
    0x7DB4, 0x75D4, 0x75D4, 0x6DB3, 0x6DB3, 0x75B3, 0x7DD4, 0x85F5, 0x7DD4, 0x6D93, 0x6D93, 0x75D4, 0x75D4, 0x75D4, 0x7DF4, 0x8E15,
    0x6592, 0x6D93, 0x6DB3, 0x6D93, 0x6D93, 0x6D93, 0x6D93, 0x7593, 0x75B3, 0x75B3, 0x75B3, 0x75B3, 0x6D93, 0x6D93, 0x6D93, 0x75B3,
    0x6592, 0x6DB3, 0x75B3, 0x6D93, 0x6D93, 0x6DB3, 0x6DB3, 0x75B3, 0x75B3, 0x6D93, 0x6D93, 0x75B3, 0x75B3, 0x6DB3, 0x6DB3, 0x6DB3,
    0x6DB3, 0x6D93, 0x6D92, 0x6DB3, 0x6DB3, 0x6DB3, 0x6DB3, 0x75B3, 0x75B3, 0x6D93, 0x6D93, 0x6D93, 0x6DD3, 0x75D3, 0x6DB3, 0x6DB3,
    0x75B3, 0x6DB3, 0x6DB3, 0x6D93, 0x6D93, 0x75D4, 0x7DD4, 0x75B4, 0x75D3, 0x6DB3, 0x6D93, 0x6D93, 0x75B3, 0x7DF4, 0x7DD4, 0x6D92
};

const short ground_tile_211[TILE_SIZE * TILE_SIZE] = {
    0x75D4, 0x6DD3, 0x6DB3, 0x6DB3, 0x7DF5, 0x7DD4, 0x75D4, 0x75B3, 0x6DB3, 0x7DD4, 0x7DD4, 0x75D3, 0x6DB3, 0x6DB3, 0x6DB3, 0x6DB3,
    0x75D4, 0x6DD3, 0x6DB3, 0x6DB3, 0x6DB3, 0x75D4, 0x7DD4, 0x75D4, 0x75D3, 0x75D3, 0x75D4, 0x75D3, 0x6D93, 0x6DB3, 0x75B3, 0x75D4,
    0x75D4, 0x75D3, 0x75D3, 0x75D3, 0x75D3, 0x75B3, 0x75D3, 0x7DD4, 0x75D4, 0x75D4, 0x75D3, 0x75D3, 0x75D4, 0x75D4, 0x75D4, 0x75D4,
    0x75D4, 0x75D3, 0x6DB3, 0x6DB3, 0x7DF4, 0x75D4, 0x75D4, 0x75D4, 0x75D4, 0x75D4, 0x75D4, 0x75D4, 0x75D4, 0x75B3, 0x6DB3, 0x6DB3,
    0x7DF4, 0x75D3, 0x6DB3, 0x6DB3, 0x8615, 0x7DF4, 0x75D4, 0x75D4, 0x7DF4, 0x75D4, 0x7DF5, 0x8E36, 0x7DF4, 0x6DB3, 0x6DB3, 0x75D3,
    0x6DB3, 0x6DB3, 0x75D4, 0x7E15, 0x7E15, 0x7DF4, 0x75D4, 0x75D4, 0x75F4, 0x7E15, 0x7E15, 0x7DF4, 0x75D4, 0x6DD3, 0x6DD3, 0x6DB3,
    0x6DB3, 0x75D4, 0x7DF5, 0x8635, 0x75D4, 0x75D4, 0x75D4, 0x75D4, 0x75D4, 0x75D4, 0x7DF4, 0x7E15, 0x75D4, 0x6DB3, 0x6DB3, 0x6DB3,
    0x75B3, 0x6DB3, 0x75B3, 0x75D4, 0x6DB3, 0x75D3, 0x75D4, 0x75D3, 0x75B3, 0x6DD3, 0x75D4, 0x7DF4, 0x75D4, 0x6D93, 0x6592, 0x6D92,
    0x75D4, 0x75B3, 0x6DB3, 0x6DB3, 0x75D4, 0x7DF4, 0x7DF4, 0x75D4, 0x7DF5, 0x75F4, 0x75D3, 0x6DB3, 0x6D93, 0x6D92, 0x6D93, 0x75B3,
    0x6DB3, 0x75B3, 0x75B4, 0x75D4, 0x75F4, 0x75D4, 0x6DB3, 0x6DB3, 0x75B3, 0x75B3, 0x6DB3, 0x6DB3, 0x6D93, 0x6D93, 0x6D93, 0x6D93,
    0x6DB3, 0x6DB3, 0x6DB3, 0x75D4, 0x8615, 0x75D4, 0x6DB3, 0x6DB3, 0x6DB3, 0x6DB3, 0x75D4, 0x7DF4, 0x6D93, 0x6592, 0x6592, 0x6593,
    0x6DB3, 0x6DB3, 0x6DB3, 0x6D93, 0x6572, 0x6D92, 0x6DB3, 0x75B3, 0x6DB3, 0x75D4, 0x7DF4, 0x85F5, 0x75B3, 0x6D93, 0x6D93, 0x6D93,
    0x6D93, 0x6DB3, 0x6DB3, 0x6D92, 0x6572, 0x6D93, 0x6DB3, 0x75D3, 0x75D4, 0x6DB3, 0x6DB3, 0x75D3, 0x75B3, 0x6D93, 0x6D93, 0x6D92,
    0x6DB3, 0x75D4, 0x75D4, 0x6DB3, 0x65B3, 0x6DB3, 0x75D4, 0x75D4, 0x75D4, 0x6DB3, 0x6DD3, 0x75F4, 0x65B3, 0x6DB3, 0x6DB3, 0x6D93,
    0x6592, 0x6D93, 0x6DB3, 0x6DB3, 0x6592, 0x6DB3, 0x6DB3, 0x6DB3, 0x6DB3, 0x6DD3, 0x6DD3, 0x6DB3, 0x6DB3, 0x6592, 0x6593, 0x6D93,
    0x6D92, 0x6DB3, 0x6D93, 0x6D92, 0x6DB3, 0x6DB3, 0x75B3, 0x75B3, 0x6DB3, 0x75D4, 0x75D4, 0x6DB3, 0x6DB3, 0x6DB3, 0x6DB3, 0x6DB3
};

const short ground_tile_212[TILE_SIZE * TILE_SIZE] = {
    0x7DF4, 0x7DF5, 0x75D4, 0x6572, 0x6D93, 0x6DB3, 0x6DB3, 0x6DB3, 0x8615, 0x7DF4, 0x6DB3, 0x75B3, 0x75D3, 0x75D4, 0x75D4, 0x75B3,
    0x7DD4, 0x75B3, 0x6DB3, 0x6DD3, 0x6DB3, 0x6DB3, 0x6DB3, 0x75D4, 0x75D4, 0x75D4, 0x75D3, 0x75D3, 0x75B3, 0x75B3, 0x75D4, 0x75D4,
    0x75D4, 0x6DB3, 0x6DB3, 0x6DB3, 0x75D4, 0x75D4, 0x75D4, 0x75D4, 0x75D4, 0x75D3, 0x75B3, 0x75B3, 0x75D3, 0x75D4, 0x75D4, 0x75B3,
    0x6DB3, 0x6DB3, 0x6DB3, 0x75D4, 0x75D4, 0x75D4, 0x75D3, 0x75D3, 0x75D4, 0x75B3, 0x75B3, 0x75B3, 0x75D3, 0x75D3, 0x75D4, 0x75D4,
    0x6572, 0x6D93, 0x7DF4, 0x8E36, 0x75D4, 0x75D4, 0x6DB3, 0x6DB3, 0x7DD4, 0x75D4, 0x6DB3, 0x6DB3, 0x6DB3, 0x6DB3, 0x75B4, 0x85F5,
    0x6DB3, 0x6DB3, 0x6D93, 0x6DB3, 0x7DD4, 0x75B3, 0x6592, 0x6572, 0x7DF4, 0x7DF4, 0x6DD4, 0x6D93, 0x75D4, 0x7DF4, 0x7DF5, 0x7DF4,
    0x7DD4, 0x6DB3, 0x6572, 0x6572, 0x6DB3, 0x6DB3, 0x6DB3, 0x6DB3, 0x6DB3, 0x6DB3, 0x6DB3, 0x6DB3, 0x6DB3, 0x6DD3, 0x75F4, 0x7DF5,
    0x6D93, 0x6D92, 0x6D92, 0x6D93, 0x6DB3, 0x6DB3, 0x75D4, 0x75D4, 0x6DB3, 0x6DB3, 0x6DB3, 0x6DB3, 0x6DB3, 0x6DD3, 0x75D4, 0x7DF5,
    0x6D93, 0x6D93, 0x6D93, 0x6592, 0x6DB3, 0x75D4, 0x75D4, 0x75D4, 0x7DF5, 0x7DF5, 0x75D4, 0x6DB3, 0x7DF4, 0x7DF4, 0x75D4, 0x75D4,
    0x6DB3, 0x6DB3, 0x6DB3, 0x6DB3, 0x6DB3, 0x75B3, 0x75D4, 0x75D4, 0x7DF5, 0x75F4, 0x75D4, 0x6DB3, 0x75B3, 0x75D4, 0x75D4, 0x75B4,
    0x6DB3, 0x75D4, 0x75D4, 0x6DD3, 0x6DB3, 0x6DB3, 0x75B3, 0x75D4, 0x9677, 0x7E15, 0x75D4, 0x75D4, 0x75B3, 0x75D4, 0x75D4, 0x7DD5,
    0x6DB3, 0x6DB3, 0x6DB3, 0x6DD3, 0x6DB3, 0x6DB3, 0x6DB3, 0x6DB3, 0x8636, 0x7DF5, 0x75D4, 0x75D4, 0x6DB3, 0x75B3, 0x7DD4, 0x85F5,
    0x6D92, 0x6DB3, 0x6DB3, 0x6DB3, 0x6DB3, 0x6DB3, 0x6DB3, 0x6592, 0x6592, 0x6D93, 0x6DB3, 0x6DB3, 0x75B3, 0x75B3, 0x75D3, 0x75D3,
    0x6D93, 0x6DB3, 0x6DB3, 0x6DB3, 0x6DB3, 0x75D4, 0x75D4, 0x6593, 0x5D92, 0x6DB3, 0x75B3, 0x6D93, 0x7593, 0x6DB3, 0x75B3, 0x75B3,
    0x6DB3, 0x75B3, 0x6DB3, 0x6592, 0x6DB3, 0x6D93, 0x6DB3, 0x6DB3, 0x6592, 0x6D93, 0x6D93, 0x6D93, 0x6DB3, 0x75D3, 0x75D3, 0x75B3,
    0x75D4, 0x8615, 0x7DF4, 0x6592, 0x6DB3, 0x6DB3, 0x6D93, 0x6D93, 0x6D93, 0x6DB3, 0x6DB3, 0x6DB3, 0x6D93, 0x7DD4, 0x85F4, 0x7DD4
};

const short ground_tile_213[TILE_SIZE * TILE_SIZE] = {
    0x6DB3, 0x6DB3, 0x6DB3, 0x6DB3, 0x7DF4, 0x8615, 0x7DF4, 0x6DB3, 0x6DB3, 0x6DB3, 0x6DB3, 0x6DB3, 0x8E35, 0x7DF4, 0x75D3, 0x75B3,
    0x6DB3, 0x6DB3, 0x75D4, 0x7DF4, 0x7DF4, 0x75D4, 0x6DB3, 0x6DB3, 0x6DD3, 0x6DD3, 0x6DB3, 0x75D3, 0x8E36, 0x7DF5, 0x75D4, 0x75D4,
    0x75D4, 0x75D4, 0x75D4, 0x75D4, 0x75D4, 0x6DB3, 0x6593, 0x6DB3, 0x6DD3, 0x75D3, 0x75D4, 0x75D3, 0x75D4, 0x75B3, 0x6DB3, 0x75D4,
    0x7DF5, 0x75D4, 0x6DB3, 0x6DB3, 0x6DB3, 0x6DB3, 0x6DB3, 0x75D4, 0x75D3, 0x75D3, 0x6DB3, 0x6DB3, 0x75D4, 0x75D3, 0x75D3, 0x75D4,
    0x9E57, 0x7DD4, 0x6D93, 0x6DB3, 0x6D93, 0x6D93, 0x75D4, 0x85F5, 0x75D4, 0x6DB3, 0x6DB3, 0x6592, 0x75B3, 0x75D4, 0x75D4, 0x6DD3,
    0x75D4, 0x6DB3, 0x6DB3, 0x6DB3, 0x6D92, 0x6D93, 0x6DB3, 0x6DB3, 0x6DB3, 0x6DD3, 0x75D4, 0x75F4, 0x75F4, 0x75D4, 0x6DB3, 0x6DB3,
    0x75F4, 0x6DB3, 0x6DB3, 0x6DB3, 0x75B3, 0x6DB3, 0x6DB3, 0x6DB3, 0x6DB3, 0x6DD3, 0x75F4, 0x8615, 0x6DB3, 0x6DB3, 0x6DB3, 0x6DB3,
    0x7DF5, 0x75D4, 0x6DB3, 0x75B3, 0x8615, 0x75D4, 0x6DB3, 0x75D3, 0x6DB3, 0x6DB3, 0x6DB3, 0x6D93, 0x6D92, 0x6D93, 0x6DB3, 0x6DB3,
    0x75D4, 0x75D4, 0x75D4, 0x75D4, 0x7DF4, 0x75D3, 0x6DB3, 0x6DB3, 0x75B3, 0x6DB3, 0x6DB3, 0x6DB3, 0x6DB3, 0x75D4, 0x75D4, 0x75D4,
    0x75B4, 0x75B3, 0x75B3, 0x75B3, 0x6DB3, 0x6DB3, 0x6DB3, 0x6DB3, 0x6DB3, 0x6DB3, 0x75D4, 0x75F4, 0x7DF4, 0x75D4, 0x6DB3, 0x6DB3,
    0x75B4, 0x6DB3, 0x6D93, 0x6D93, 0x6DB3, 0x75D4, 0x7DF4, 0x7DF5, 0x6DB3, 0x6DB3, 0x6DD4, 0x75F4, 0x9677, 0x8615, 0x75D4, 0x75B3,
    0x7DF4, 0x6DB3, 0x6DB3, 0x75D4, 0x75D4, 0x75D3, 0x75B3, 0x75B3, 0x6DB3, 0x75D3, 0x75D3, 0x6DB3, 0x6D93, 0x6D93, 0x6DB3, 0x75D3,
    0x75B3, 0x75B3, 0x6D93, 0x6D93, 0x6D93, 0x6DB3, 0x6DB3, 0x75B3, 0x6DB3, 0x6DB3, 0x6DB3, 0x6D93, 0x6572, 0x6D93, 0x6DB3, 0x75B3,
    0x75B3, 0x75B3, 0x6DB3, 0x6D93, 0x6DB3, 0x6DB3, 0x75B3, 0x75D3, 0x6DB3, 0x6DB3, 0x6DB3, 0x6DB3, 0x6593, 0x75D4, 0x75F4, 0x75D4,
    0x75B3, 0x6DB3, 0x6DB3, 0x6DB3, 0x6DB3, 0x75B3, 0x6DB3, 0x6D93, 0x6592, 0x6D92, 0x6D92, 0x6592, 0x6DB3, 0x6DB3, 0x6DB3, 0x6DB3,
    0x75B3, 0x6DB3, 0x6DB3, 0x6DB3, 0x75B3, 0x85F5, 0x7DD4, 0x6572, 0x6592, 0x6D92, 0x6592, 0x6592, 0x7DF4, 0x75D4, 0x6DB3, 0x6DB3
};

const short ground_tile_214[TILE_SIZE * TILE_SIZE] = {
    0x75B3, 0x85F5, 0x8615, 0x7DD4, 0x6DB3, 0x75B3, 0x75B3, 0x75B3, 0x75B4, 0x85F5, 0x7DF4, 0x6D93, 0x6DD3, 0x6DD3, 0x6DB3, 0x75D3,
    0x75D4, 0x75D4, 0x7DF4, 0x7DD4, 0x6D93, 0x6DB3, 0x75D4, 0x7DF4, 0x7DF5, 0x75B4, 0x6DB3, 0x6DB3, 0x6DD3, 0x6DB3, 0x6DB3, 0x6DB3,
    0x75D4, 0x7DF4, 0x7DF4, 0x75D4, 0x75D3, 0x75B3, 0x75D3, 0x75D4, 0x75D4, 0x6DB3, 0x6593, 0x6DB3, 0x6DD3, 0x75D3, 0x75D3, 0x75D4,
    0x75D4, 0x75D4, 0x75F4, 0x75F4, 0x7DD4, 0x75B3, 0x6DB3, 0x6DB3, 0x6DB3, 0x6DB3, 0x6DB3, 0x75D4, 0x75D3, 0x75D3, 0x75D3, 0x75D3,
    0x75F4, 0x75D4, 0x75F4, 0x8615, 0x8615, 0x75D4, 0x6D93, 0x6DB3, 0x6D93, 0x6D93, 0x75D4, 0x8635, 0x7DF4, 0x75D4, 0x75D3, 0x75D3,
    0x75F4, 0x75F4, 0x75F4, 0x75D4, 0x6DD3, 0x6DB3, 0x6DB3, 0x6DB3, 0x6DB3, 0x6DB3, 0x6DB3, 0x6DB3, 0x75D3, 0x75D4, 0x75B3, 0x6D93,
    0x6DB3, 0x6DD3, 0x75F4, 0x8615, 0x75D4, 0x6DB3, 0x6D93, 0x6572, 0x75D3, 0x75D4, 0x75B3, 0x6D93, 0x6DB3, 0x6DB3, 0x6DB3, 0x75D4,
    0x75D4, 0x6DD3, 0x6DD4, 0x75F4, 0x75D4, 0x6DB3, 0x6592, 0x6592, 0x6DB3, 0x6DB3, 0x6DB3, 0x6DB3, 0x6DB3, 0x6DB3, 0x75D3, 0x75F4,
    0x8615, 0x75D4, 0x6DB3, 0x6DB3, 0x6D93, 0x6D93, 0x75B3, 0x7DF4, 0x7DD4, 0x6DB3, 0x6DB3, 0x6D93, 0x6DB3, 0x75B3, 0x75B3, 0x75D4,
    0x75B3, 0x75B3, 0x6DB3, 0x6DB3, 0x6D93, 0x6D93, 0x6DB3, 0x75D4, 0x75D4, 0x75D3, 0x6DB3, 0x6DB3, 0x6DD3, 0x75D3, 0x75D3, 0x75D3,
    0x6DB3, 0x6DB3, 0x75D4, 0x7DF4, 0x6D93, 0x6592, 0x6D92, 0x6D93, 0x6DB3, 0x6DB3, 0x75D3, 0x6DB3, 0x6DB3, 0x6DB3, 0x6DB3, 0x75D3,
    0x75B3, 0x6DB3, 0x75D4, 0x8615, 0x75B3, 0x6D93, 0x6DB3, 0x75B3, 0x75B3, 0x6DB3, 0x6DB3, 0x6DB3, 0x6DB3, 0x6DB3, 0x6D93, 0x6DB3,
    0x75D4, 0x75B3, 0x75B3, 0x75D3, 0x75D4, 0x75B3, 0x6D93, 0x6D93, 0x6D92, 0x6D93, 0x6DB3, 0x75B3, 0x6DB3, 0x6DB3, 0x6DB3, 0x6DB3,
    0x75F4, 0x75D4, 0x6DD3, 0x6DB3, 0x75D4, 0x75B3, 0x6D93, 0x6572, 0x6D92, 0x6D93, 0x6D93, 0x6DB3, 0x75B3, 0x75D4, 0x75D3, 0x6DB3,
    0x6DB3, 0x75D4, 0x75D4, 0x6DB3, 0x6D93, 0x6DB3, 0x6D93, 0x6D93, 0x6D93, 0x6DB3, 0x6D93, 0x6592, 0x6DB3, 0x6DB3, 0x6DB3, 0x75D3,
    0x65B3, 0x7DF4, 0x7DF5, 0x75B3, 0x75D3, 0x6DB3, 0x6DB3, 0x6DB3, 0x75D4, 0x7DF4, 0x75D4, 0x6572, 0x6D93, 0x6DB3, 0x6DD3, 0x75D3
};

const short ground_tile_215[TILE_SIZE * TILE_SIZE] = {
    0x8615, 0x7DF4, 0x75B3, 0x75B3, 0x75B3, 0x75B3, 0x6DB3, 0x6DB3, 0x6DB3, 0x6DB3, 0x6DB3, 0x6DB3, 0x75D4, 0x8615, 0x7E15, 0x65B3,
    0x75D3, 0x75D3, 0x75D3, 0x75B3, 0x75B3, 0x75B3, 0x75B3, 0x75B3, 0x6D93, 0x6DB3, 0x6DB3, 0x6DB3, 0x7DF4, 0x75F4, 0x75D4, 0x6DD3,
    0x75D4, 0x6DB3, 0x6DB3, 0x75B3, 0x75B3, 0x75B3, 0x75B3, 0x6DB3, 0x6DB3, 0x75D3, 0x75D3, 0x75B3, 0x75D4, 0x6DB3, 0x6DB3, 0x6DD3,
    0x7DD4, 0x75B3, 0x6DB3, 0x75D4, 0x75D3, 0x75B3, 0x75B3, 0x75D3, 0x7DF4, 0x75D3, 0x6DB3, 0x6DB3, 0x6DB3, 0x6DB3, 0x6DB3, 0x75D4,
    0x75B3, 0x75B3, 0x75D3, 0x75D4, 0x75D3, 0x6D93, 0x75B3, 0x7DF4, 0x9E77, 0x7DF4, 0x6D93, 0x6DB3, 0x6D93, 0x6D93, 0x75D4, 0x7DF4,
    0x7DF4, 0x75F4, 0x75D3, 0x6DB3, 0x75D4, 0x75D3, 0x7DF4, 0x9656, 0x75D4, 0x6D93, 0x6DB3, 0x6DB3, 0x6D93, 0x6DB3, 0x6D93, 0x6D93,
    0x6DB3, 0x75D4, 0x75D4, 0x75D3, 0x6DB3, 0x6DB3, 0x6DB3, 0x75D4, 0x75D4, 0x6DB3, 0x6D92, 0x6D93, 0x6D93, 0x6D93, 0x6D93, 0x6D93,
    0x75D3, 0x75D4, 0x75D4, 0x6DB3, 0x75D3, 0x6DB3, 0x6DB3, 0x6DB3, 0x75F4, 0x6DB3, 0x6D93, 0x6D93, 0x85F4, 0x75B3, 0x6D93, 0x6DB3,
    0x7DF4, 0x7E15, 0x7DF4, 0x75D3, 0x7DF4, 0x75D4, 0x6DB3, 0x6DB3, 0x6D93, 0x6DB3, 0x6DB3, 0x6D93, 0x7DD4, 0x75B3, 0x6D93, 0x6DB3,
    0x75F4, 0x75F4, 0x6DD3, 0x6DB3, 0x6DB3, 0x75B3, 0x6DB3, 0x6DB3, 0x6DB3, 0x6D93, 0x6D93, 0x6D93, 0x6DB3, 0x6DB3, 0x6DB3, 0x6DB3,
    0x8E56, 0x7E15, 0x75D4, 0x75D3, 0x6DB3, 0x6DD3, 0x75D4, 0x7DD4, 0x6D93, 0x6D93, 0x6592, 0x6572, 0x6DB3, 0x75D4, 0x75F4, 0x75F4,
    0x7DF4, 0x75D4, 0x75D4, 0x75D4, 0x6DB3, 0x6DD3, 0x7DD4, 0x85F5, 0x75D4, 0x6592, 0x6572, 0x6DB3, 0x75D3, 0x75D4, 0x7DF4, 0x8615,
    0x6DB3, 0x6DB3, 0x6DB3, 0x6D93, 0x6D93, 0x6D93, 0x75B3, 0x75B3, 0x6DB3, 0x6D93, 0x6D93, 0x6D93, 0x6DB3, 0x6D93, 0x6DB3, 0x75D4,
    0x6DB3, 0x6DB3, 0x6D93, 0x6D72, 0x6D72, 0x6D92, 0x6DB3, 0x75D4, 0x6DB3, 0x6D93, 0x6D93, 0x75B3, 0x6D93, 0x6DB3, 0x6D93, 0x6D93,
    0x75D3, 0x6DB3, 0x6D93, 0x6D92, 0x6D93, 0x6D93, 0x6D93, 0x6DB3, 0x6D93, 0x6D93, 0x6D93, 0x6592, 0x6DB3, 0x6DB3, 0x6D93, 0x6592,
    0x8615, 0x7DD4, 0x75B3, 0x6D93, 0x6D92, 0x6D93, 0x6D93, 0x6D93, 0x6DB3, 0x6DB3, 0x6DB3, 0x6D93, 0x7DD4, 0x85F5, 0x7DD4, 0x6572
};

const short ground_tile_216[TILE_SIZE * TILE_SIZE] = {
    0x6DD3, 0x6DD4, 0x6DD3, 0x6DD4, 0x8615, 0x7DD4, 0x75B3, 0x75B3, 0x75B3, 0x75D4, 0x75D4, 0x75B3, 0x6DB3, 0x6DB3, 0x75B3, 0x75B3,
    0x6DD4, 0x6DD3, 0x6DD3, 0x75D4, 0x75D4, 0x75D4, 0x75D4, 0x75D4, 0x75D4, 0x75D4, 0x75D4, 0x75D3, 0x6D93, 0x6DB3, 0x75B3, 0x7DD4,
    0x75D4, 0x75D3, 0x75D3, 0x6DB3, 0x6DB3, 0x6DB3, 0x75D3, 0x75D4, 0x75D4, 0x75D4, 0x75D4, 0x75D4, 0x75D4, 0x75D3, 0x75B3, 0x6DB3,
    0x75D4, 0x75D3, 0x75B3, 0x6DB3, 0x7DF4, 0x7DF4, 0x75D4, 0x75D4, 0x75D4, 0x75D4, 0x75D4, 0x75D4, 0x75D4, 0x75D3, 0x6DB3, 0x6DB3,
    0x7DF4, 0x75D4, 0x6DB3, 0x6DB3, 0x8E36, 0x8E36, 0x8615, 0x75D4, 0x7DF4, 0x75D4, 0x7DF4, 0x8615, 0x7DF4, 0x6DB3, 0x6D92, 0x6D93,
    0x75D4, 0x75D4, 0x75D4, 0x75D4, 0x7DF4, 0x7DF5, 0x75F4, 0x75D3, 0x75F4, 0x7DF4, 0x7DF4, 0x75D4, 0x75D3, 0x6DB3, 0x6DB3, 0x6D93,
    0x6DB3, 0x75D3, 0x75D4, 0x7DF4, 0x6DB3, 0x75D3, 0x75D4, 0x75D4, 0x6DD3, 0x6DD3, 0x75F4, 0x8615, 0x75F4, 0x6DB3, 0x6D93, 0x6D93,
    0x6DB3, 0x75B3, 0x75D4, 0x75B3, 0x6D93, 0x6DB3, 0x75B3, 0x6DB3, 0x6DB3, 0x6DB3, 0x75D3, 0x75F4, 0x75D4, 0x6DB3, 0x65B3, 0x6DB3,
    0x75B3, 0x75B3, 0x75B3, 0x75D4, 0x7DF4, 0x7DD4, 0x75D4, 0x75B3, 0x7DD4, 0x75D4, 0x6DD3, 0x6DB3, 0x6DB3, 0x6DB3, 0x75B3, 0x7DF4,
    0x6DD3, 0x6DB3, 0x75D4, 0x75D4, 0x7DF5, 0x75D4, 0x6DB3, 0x6D93, 0x75B3, 0x75B3, 0x6DB3, 0x6DB3, 0x75D3, 0x6DB3, 0x6DB3, 0x75D3,
    0x6DD3, 0x6DB3, 0x6DD3, 0x75D4, 0x8E36, 0x7DF4, 0x6DB3, 0x6DB3, 0x6DB3, 0x6DB3, 0x75B3, 0x7DD4, 0x75B3, 0x6DB3, 0x6D93, 0x6DB3,
    0x75D3, 0x6DB3, 0x6DB3, 0x6D93, 0x6D92, 0x6D92, 0x6DB3, 0x75B3, 0x75B3, 0x75B3, 0x75D4, 0x7DD4, 0x6D93, 0x6DB3, 0x6DB3, 0x75B3,
    0x6DB3, 0x6DB3, 0x6DB3, 0x6D92, 0x6572, 0x6592, 0x6D92, 0x6D93, 0x6DB3, 0x6DB3, 0x75B3, 0x75B3, 0x6DB3, 0x6D93, 0x6D92, 0x6D93,
    0x6DB3, 0x75D3, 0x75B3, 0x6D93, 0x6592, 0x6DB3, 0x6DB3, 0x6592, 0x6DB3, 0x6D93, 0x6D93, 0x75B3, 0x75B3, 0x6D92, 0x6D72, 0x6D72,
    0x6592, 0x6D93, 0x6DB3, 0x6DB3, 0x6DB3, 0x6593, 0x6592, 0x6D92, 0x6DB3, 0x6DB3, 0x6DB3, 0x6DB3, 0x6D93, 0x6D92, 0x6592, 0x6D92,
    0x6D92, 0x6DB3, 0x6DB3, 0x6D93, 0x75B3, 0x75B3, 0x6DB3, 0x6DB3, 0x6D93, 0x75D4, 0x75D4, 0x75B3, 0x75D3, 0x6DB3, 0x6DB3, 0x6D92
};

const short ground_tile_217[TILE_SIZE * TILE_SIZE] = {
    0x75D4, 0x8615, 0x7DF4, 0x6592, 0x6DB3, 0x6DB3, 0x6DB3, 0x6DB3, 0x8E36, 0x7DD4, 0x6DB3, 0x75B3, 0x75B3, 0x7DF4, 0x7DF5, 0x75D4,
    0x7DD4, 0x75D4, 0x75D4, 0x6DB3, 0x6DB3, 0x6DD3, 0x75D3, 0x75D4, 0x75D4, 0x75D4, 0x75D3, 0x75D3, 0x75B3, 0x75D4, 0x75D4, 0x6DB3,
    0x75D3, 0x6DB3, 0x6DB3, 0x6DB3, 0x6DD3, 0x75D4, 0x75D4, 0x75D4, 0x75D4, 0x75B3, 0x75B3, 0x75D3, 0x75D4, 0x75D4, 0x75D3, 0x6DB3,
    0x6DB3, 0x6DB3, 0x6DB3, 0x75D4, 0x75D3, 0x75D3, 0x75D3, 0x75D3, 0x7DF4, 0x75D4, 0x75D3, 0x75D4, 0x75D4, 0x75D3, 0x75D4, 0x75F4,
    0x6D93, 0x6D92, 0x75D4, 0x8E35, 0x75D4, 0x75D3, 0x6DD3, 0x6DD3, 0x9656, 0x8E35, 0x7DF4, 0x6DB3, 0x75D3, 0x6DB3, 0x75D4, 0x8615,
    0x6D93, 0x6D93, 0x6D93, 0x6D93, 0x6DB3, 0x75D3, 0x75D3, 0x75B3, 0x75F4, 0x7DF4, 0x75D4, 0x6DB3, 0x75F4, 0x7DF4, 0x85F4, 0x7DF4,
    0x75B3, 0x6DB3, 0x6D93, 0x6D92, 0x6D93, 0x6DB3, 0x75D4, 0x7DF4, 0x6DB3, 0x6DB3, 0x6DB3, 0x6DB3, 0x6DB3, 0x75D3, 0x75F4, 0x7DF4,
    0x7DF4, 0x75D4, 0x6DB3, 0x6DB3, 0x6DB3, 0x6DB3, 0x75D4, 0x7DF4, 0x6D93, 0x6D93, 0x6DB3, 0x6DB2, 0x6DB3, 0x6DD3, 0x75D3, 0x75F4,
    0x8615, 0x75D4, 0x6DB3, 0x6593, 0x6DB3, 0x75D3, 0x75D3, 0x6DB3, 0x6DB3, 0x75D3, 0x75D3, 0x6DB3, 0x7DD4, 0x75D4, 0x75D3, 0x6DD3,
    0x75D3, 0x75B3, 0x6DB3, 0x6DB3, 0x75D3, 0x75D4, 0x6DB3, 0x6D93, 0x6DB3, 0x6DB3, 0x6DB3, 0x6DB3, 0x6DB3, 0x6DB3, 0x75D3, 0x6DD3,
    0x6DB3, 0x75D3, 0x75D4, 0x6DD3, 0x6DB3, 0x6DB3, 0x6DB3, 0x6DB3, 0x7E15, 0x75D4, 0x6DB3, 0x6DB3, 0x6DB3, 0x6DB3, 0x75B3, 0x7DF4,
    0x75D4, 0x6DB3, 0x6DB3, 0x6DB3, 0x6DB3, 0x6D93, 0x6D93, 0x75B3, 0x9E77, 0x8615, 0x75D3, 0x65B3, 0x6593, 0x6DB3, 0x75D4, 0x85F5,
    0x6D93, 0x6D93, 0x6DB3, 0x75B3, 0x6D93, 0x6DB3, 0x6DB3, 0x6D93, 0x6D93, 0x6D93, 0x6D92, 0x6D93, 0x6DB3, 0x6DB3, 0x6D93, 0x7593,
    0x6D93, 0x6DB3, 0x75B3, 0x75B3, 0x6DB3, 0x75D3, 0x75D3, 0x6DB3, 0x6592, 0x6D93, 0x6DB3, 0x6DB3, 0x6D93, 0x6D93, 0x6DB3, 0x6DB3,
    0x7593, 0x75B3, 0x6DB3, 0x6D93, 0x6DB3, 0x6DB3, 0x6DB3, 0x6DB3, 0x6DB3, 0x6DB3, 0x6D93, 0x6D92, 0x6D93, 0x75B3, 0x75D4, 0x75B3,
    0x75B3, 0x85F4, 0x7DD4, 0x6592, 0x6DB3, 0x6DB3, 0x6DB3, 0x6DB3, 0x6592, 0x6D92, 0x6DB3, 0x6D93, 0x6592, 0x7DD4, 0x85F5, 0x7DD4
};

const short ground_tile_218[TILE_SIZE * TILE_SIZE] = {
    0x6DB3, 0x6DB3, 0x6D93, 0x6D93, 0x75D4, 0x8615, 0x7DF5, 0x6593, 0x6DB3, 0x6DB3, 0x6DB3, 0x75D3, 0x8615, 0x7DF4, 0x75D4, 0x75D3,
    0x6592, 0x6D93, 0x6DB3, 0x6DB3, 0x75D4, 0x75D4, 0x75D4, 0x6DB3, 0x6DD3, 0x75D3, 0x75D4, 0x75D4, 0x75D4, 0x75D4, 0x75D4, 0x75D4,
    0x75D3, 0x6DB3, 0x6DB3, 0x6DB3, 0x75D4, 0x6DB3, 0x6DB3, 0x6DB3, 0x6DB3, 0x75B3, 0x75D3, 0x75D4, 0x7DF4, 0x75D3, 0x75B3, 0x75D4,
    0x75D4, 0x6DB3, 0x6DB3, 0x6DB3, 0x6DB3, 0x6DB3, 0x6DB3, 0x75D3, 0x75D3, 0x75D3, 0x75B3, 0x6DB3, 0x7DF4, 0x7DD4, 0x75D4, 0x75D3,
    0x8635, 0x6DD3, 0x6592, 0x6DB3, 0x6DB3, 0x75B3, 0x75D4, 0x7DF4, 0x75D4, 0x75D3, 0x6DB3, 0x6DB3, 0x8615, 0x8615, 0x7DF4, 0x75D3,
    0x6DB3, 0x6DB3, 0x6DD3, 0x6DB3, 0x6DB3, 0x6DB3, 0x6DB3, 0x6DB3, 0x75B3, 0x75D3, 0x75B3, 0x75B3, 0x75F4, 0x75D4, 0x75D3, 0x75D3,
    0x75F4, 0x6DB3, 0x6DB3, 0x6DB3, 0x75D4, 0x75D4, 0x75D3, 0x6DB3, 0x6DB3, 0x6DB3, 0x6DB3, 0x75D4, 0x6DB3, 0x75B3, 0x75B3, 0x75B3,
    0x75F4, 0x6DD3, 0x6DD3, 0x75D4, 0x8635, 0x75F4, 0x6DB3, 0x6DB3, 0x6DB3, 0x75D3, 0x75D4, 0x75B3, 0x6D93, 0x6DB3, 0x6DB3, 0x6D93,
    0x6DB3, 0x6DB3, 0x6DD3, 0x75F4, 0x9E77, 0x7E15, 0x6DB3, 0x6D93, 0x6DB3, 0x75D4, 0x75D4, 0x75D4, 0x7DD4, 0x7DD4, 0x75B4, 0x75B3,
    0x75D3, 0x6DB3, 0x75D3, 0x75D4, 0x75F4, 0x75D4, 0x75D4, 0x6DB3, 0x6DD3, 0x75D4, 0x75D4, 0x75D3, 0x75D4, 0x75B3, 0x6D93, 0x6D92,
    0x6DD3, 0x6DB3, 0x6DB3, 0x6DB3, 0x6DB3, 0x7DF4, 0x8615, 0x8615, 0x6DD3, 0x6DD3, 0x6DD3, 0x75D3, 0x8E36, 0x7DF4, 0x6DB3, 0x6D93,
    0x75D4, 0x6DB3, 0x6DB3, 0x75D4, 0x75B3, 0x75D4, 0x75D4, 0x7DD4, 0x75D3, 0x6DD3, 0x6DB3, 0x6DB3, 0x8615, 0x7DF4, 0x75B3, 0x6DB3,
    0x75B3, 0x75B3, 0x6DB3, 0x6DB3, 0x6DB3, 0x6D93, 0x6D93, 0x6DB3, 0x6D93, 0x6DB3, 0x6DB3, 0x6DB3, 0x6D93, 0x6D93, 0x6D93, 0x6DB3,
    0x75B3, 0x6D93, 0x6D93, 0x6DB3, 0x6DB3, 0x6DB3, 0x6D93, 0x6572, 0x6DB3, 0x6DB3, 0x6DD3, 0x6DB3, 0x75D3, 0x75D3, 0x6DB3, 0x6D93,
    0x6D92, 0x6D92, 0x6D93, 0x6D93, 0x6DB3, 0x75D3, 0x6DB3, 0x6D93, 0x6D93, 0x6D92, 0x6D92, 0x6D92, 0x6592, 0x6D93, 0x6DB3, 0x6DB3,
    0x75B3, 0x6D93, 0x6D93, 0x75B3, 0x7DD4, 0x85F5, 0x7DD4, 0x6572, 0x6D92, 0x6DB3, 0x6D92, 0x6D92, 0x6592, 0x6DB3, 0x6DB3, 0x6DB3
};

const short ground_tile_219[TILE_SIZE * TILE_SIZE] = {
    0x75D4, 0x7DF4, 0x7DF4, 0x75B3, 0x75B3, 0x75D4, 0x75D3, 0x6DB3, 0x75B3, 0x7DF4, 0x7DF4, 0x6592, 0x65B3, 0x6DB3, 0x6DB3, 0x6DD3,
    0x75F4, 0x75D3, 0x75D3, 0x75D3, 0x6DB3, 0x75B3, 0x75B3, 0x75D3, 0x7DD4, 0x75B3, 0x6DB3, 0x6DB3, 0x6593, 0x6D93, 0x6DB3, 0x75D4,
    0x75B3, 0x75D3, 0x75B3, 0x6DB3, 0x75D3, 0x75B3, 0x75B3, 0x6DD3, 0x75D4, 0x6DB3, 0x6593, 0x65B3, 0x6DB3, 0x6DB3, 0x75B3, 0x75D4,
    0x75D3, 0x75D3, 0x75D3, 0x75D3, 0x7DF4, 0x75D4, 0x6DB3, 0x6DB3, 0x6DB3, 0x6DB3, 0x6DB3, 0x6DB3, 0x6DB3, 0x6DB3, 0x6DB3, 0x6DB3,
    0x7DF4, 0x75D3, 0x6DB3, 0x75D4, 0x9656, 0x7DD4, 0x6DB3, 0x6DD3, 0x6D93, 0x6D93, 0x75B3, 0x7DD4, 0x75D3, 0x6DB3, 0x6D93, 0x6593,
    0x7DF4, 0x7DF4, 0x75D4, 0x75B3, 0x6DB3, 0x75D3, 0x75D4, 0x6DB3, 0x6D93, 0x6D93, 0x6DB3, 0x6D93, 0x6D93, 0x6DB3, 0x6D93, 0x6592,
    0x6DB3, 0x6DB3, 0x75D4, 0x8615, 0x75D4, 0x6DB3, 0x6DB3, 0x6DB3, 0x6DB3, 0x6DB3, 0x6D92, 0x6592, 0x6592, 0x6DB3, 0x6DB3, 0x6592,
    0x6DB3, 0x6DB3, 0x6DB3, 0x75D3, 0x75D4, 0x6D93, 0x6592, 0x6DB3, 0x75B3, 0x6DB3, 0x6DB3, 0x6D93, 0x6D93, 0x6D93, 0x6DB3, 0x75D3,
    0x75B4, 0x6DB3, 0x6592, 0x6592, 0x6DB3, 0x6DB3, 0x75D4, 0x8635, 0x9636, 0x7DF4, 0x6D93, 0x6D92, 0x6DB3, 0x6DB3, 0x6DB3, 0x75B3,
    0x6D72, 0x6D93, 0x6D93, 0x6D93, 0x6DB3, 0x6D93, 0x6DB3, 0x75D3, 0x75D4, 0x75D4, 0x6DB3, 0x6592, 0x6DB3, 0x6DB3, 0x75D4, 0x7DF4,
    0x6572, 0x6572, 0x6DB3, 0x7DD4, 0x6DB3, 0x6D93, 0x6592, 0x6592, 0x6DB3, 0x6DB3, 0x75D3, 0x75D3, 0x6DB3, 0x6DB3, 0x75D4, 0x75F4,
    0x6D93, 0x6D93, 0x75D4, 0x85F5, 0x75D4, 0x6D93, 0x6D93, 0x75D3, 0x6DB3, 0x6DB3, 0x6DB3, 0x75D4, 0x6DB3, 0x6DB3, 0x75D4, 0x7DF4,
    0x75B3, 0x75B3, 0x75D3, 0x75B3, 0x75B3, 0x75B3, 0x75D3, 0x75D3, 0x6DB3, 0x6D93, 0x6DB3, 0x6DB3, 0x6DB3, 0x6DB3, 0x6DB3, 0x6DB3,
    0x75D3, 0x75D4, 0x75D4, 0x75D3, 0x6DB3, 0x6D93, 0x6DB3, 0x75D4, 0x75B3, 0x6DB3, 0x6DB3, 0x75B3, 0x6DB3, 0x75D3, 0x75B3, 0x6D92,
    0x6DB3, 0x75D3, 0x75D3, 0x75D3, 0x75B3, 0x6DB3, 0x6D93, 0x6D93, 0x75B3, 0x6DB3, 0x6D92, 0x6592, 0x6D92, 0x6DB3, 0x6DB3, 0x6DB2,
    0x6DB3, 0x7DF4, 0x85F5, 0x75B3, 0x75D3, 0x75D3, 0x6DB3, 0x6DB3, 0x75D3, 0x7DD4, 0x75B3, 0x6572, 0x6D92, 0x6DB3, 0x75B3, 0x75B3
};

const short ground_tile_220[TILE_SIZE * TILE_SIZE] = {
    0x6DB3, 0x75B3, 0x75B3, 0x7DD4, 0x75B3, 0x6DB3, 0x6DB3, 0x6DB3, 0x6DB3, 0x6D93, 0x6D93, 0x75B3, 0x7DF5, 0x75D4, 0x6DD3, 0x6DB3,
    0x6DB3, 0x6DB3, 0x6DB3, 0x75B3, 0x75D4, 0x6DB3, 0x6D93, 0x6592, 0x6DB3, 0x6D93, 0x6D93, 0x6DB3, 0x75D4, 0x6DB3, 0x6DB3, 0x75D4,
    0x85F4, 0x7DD4, 0x75D3, 0x75D4, 0x75D4, 0x75B3, 0x6DB3, 0x75D3, 0x75D3, 0x6D93, 0x6D93, 0x6DB3, 0x6DB3, 0x6DB3, 0x6DB3, 0x75D3,
    0xAED9, 0x9656, 0x7DF4, 0x75B3, 0x75B3, 0x6DB3, 0x75D4, 0x8636, 0x8E15, 0x75B3, 0x6DB3, 0x75D3, 0x6DB3, 0x6DB3, 0x6DB3, 0x6DB3,
    0x7DF5, 0x7DF4, 0x75D4, 0x6DB3, 0x75B3, 0x75D3, 0x75F4, 0x7E15, 0x6D93, 0x6DB3, 0x6DB3, 0x6DB3, 0x6DB3, 0x75D3, 0x75D4, 0x75D4,
    0x6DB3, 0x6DB3, 0x6DB3, 0x6DB3, 0x6DB3, 0x6DB3, 0x6DB3, 0x6DB3, 0x6DB3, 0x6DB3, 0x65B3, 0x6593, 0x7DF4, 0x75D4, 0x75D4, 0x7DF4,
    0x6D93, 0x6DB3, 0x6DB3, 0x6D93, 0x75B3, 0x6DB3, 0x6DB3, 0x65B3, 0x75D4, 0x6DD3, 0x6DB3, 0x6DB3, 0x7DF4, 0x75B3, 0x6D93, 0x6DB3,
    0x6DB3, 0x6DB3, 0x6DB3, 0x6DB3, 0x75B3, 0x6DB3, 0x6DB3, 0x6DB3, 0x75D4, 0x75B3, 0x6DB3, 0x6DB3, 0x6DB3, 0x75D4, 0x6DB3, 0x6DB3,
    0x7E15, 0x75F4, 0x6DB3, 0x6DB3, 0x6D93, 0x6DB3, 0x6DB3, 0x6DB3, 0x6DB3, 0x6DB3, 0x6DB3, 0x6DD3, 0x6DD3, 0x7DF4, 0x7DF4, 0x6DB3,
    0x8E56, 0x7614, 0x6DD3, 0x6DB3, 0x6DB3, 0x6DB3, 0x75D3, 0x7DF4, 0x6DB3, 0x6DB3, 0x6DB3, 0x6DB3, 0x6DB3, 0x7E15, 0x7E14, 0x6DB3,
    0x6DF3, 0x6DD3, 0x75D3, 0x6DD3, 0x6DB3, 0x6DB3, 0x75D4, 0x85F5, 0x6D93, 0x6593, 0x6593, 0x6593, 0x6DB3, 0x6DB3, 0x6DB3, 0x6D93,
    0x65B3, 0x6DD3, 0x6DB3, 0x6DB3, 0x75D3, 0x6DB3, 0x6DB3, 0x75B3, 0x75B3, 0x75B3, 0x6D93, 0x6D93, 0x6DB3, 0x6DB3, 0x6DB3, 0x6DB3,
    0x6DD3, 0x6DB3, 0x6DB3, 0x6D92, 0x6DB3, 0x6592, 0x6D92, 0x75B3, 0x75D4, 0x6D93, 0x6D92, 0x75B3, 0x6DB3, 0x6DB3, 0x75D3, 0x6DD3,
    0x75D3, 0x6DD3, 0x6DB3, 0x6D93, 0x6DB3, 0x6DB3, 0x75B3, 0x6DB3, 0x6D92, 0x6D92, 0x6D92, 0x6D93, 0x6DB3, 0x75D3, 0x6DD4, 0x6DD3,
    0x9656, 0x7DF4, 0x75B3, 0x6DB3, 0x6D93, 0x7DD4, 0x7DF4, 0x75B3, 0x6D93, 0x6D93, 0x6D93, 0x6D93, 0x75D3, 0x8615, 0x8615, 0x75D4,
    0x7DF4, 0x75D4, 0x75B3, 0x75B3, 0x6D93, 0x6DB3, 0x6DB3, 0x6DB3, 0x6D92, 0x6D92, 0x6D92, 0x6DB3, 0x7DF5, 0x7DF5, 0x75F4, 0x75F4
};

const short ground_tile_221[TILE_SIZE * TILE_SIZE] = {
    0x6DB3, 0x6DB3, 0x6DB3, 0x6DB3, 0x75D4, 0x75B4, 0x75B3, 0x6D93, 0x6DB3, 0x6DB3, 0x6DB3, 0x75B3, 0x6DB3, 0x6D93, 0x6D93, 0x6DB3,
    0x75D4, 0x75D4, 0x75D4, 0x75D4, 0x75D4, 0x6DB3, 0x6DB3, 0x75B3, 0x75D3, 0x75B3, 0x6DB3, 0x6DB3, 0x75B3, 0x6DB3, 0x6D93, 0x6D93,
    0x75D3, 0x6DB3, 0x6DB3, 0x6DB3, 0x7DF4, 0x75D4, 0x75D3, 0x75B3, 0x75B3, 0x75B3, 0x75B3, 0x75B3, 0x75D4, 0x75B3, 0x6DB3, 0x6DB3,
    0x75D4, 0x75B3, 0x6D93, 0x6DB3, 0x9656, 0x8635, 0x75D4, 0x75D3, 0x75D4, 0x6DB3, 0x75D3, 0x7DF5, 0x8615, 0x7DD4, 0x75D3, 0x6DB3,
    0x75D4, 0x75B3, 0x6DB3, 0x6DB3, 0x6DD3, 0x6DD4, 0x75B3, 0x75D3, 0x75D3, 0x75D3, 0x75D4, 0x7DF4, 0x75B3, 0x6DB3, 0x6DD3, 0x6DB3,
    0x75D4, 0x6DB3, 0x6D93, 0x6DB3, 0x6DD3, 0x6DD3, 0x6DB3, 0x6DB3, 0x6DB3, 0x6DB3, 0x6DB3, 0x6DB3, 0x6DD3, 0x6DD3, 0x6DB3, 0x6DB3,
    0x6DB3, 0x6DB3, 0x6DB3, 0x6DB3, 0x7DF4, 0x75D4, 0x6DB3, 0x6DB3, 0x6DB3, 0x75B3, 0x75D3, 0x75D3, 0x6DD3, 0x6DD3, 0x6DD3, 0x6DD3,
    0x6DB3, 0x6DB3, 0x6DB3, 0x6DB3, 0x75D4, 0x75D4, 0x6DB3, 0x6DB3, 0x75B3, 0x6DB3, 0x6DB3, 0x6DB3, 0x75D4, 0x75D4, 0x75F4, 0x7E15,
    0x6DB3, 0x6DB3, 0x6DB3, 0x6DB3, 0x8615, 0x7DD4, 0x6DB3, 0x6D93, 0x6DB3, 0x6DB3, 0x6DB3, 0x6DB3, 0x75B3, 0x6DB3, 0x75D3, 0x75D4,
    0x6DB3, 0x6DB3, 0x6DB3, 0x6DB3, 0x7DF5, 0x75D4, 0x6DB3, 0x6DB3, 0x6DB3, 0x6DB3, 0x75B3, 0x75D4, 0x6DB3, 0x6DB3, 0x6DB3, 0x6D93,
    0x6592, 0x6592, 0x6DB3, 0x75D3, 0x6D93, 0x6592, 0x6DB3, 0x6DB3, 0x6D93, 0x6DB3, 0x75D4, 0x7DF4, 0x6592, 0x6592, 0x6D92, 0x6593,
    0x6DB3, 0x6DB3, 0x6D93, 0x6D93, 0x6592, 0x6D93, 0x6DB3, 0x6DB3, 0x6DB3, 0x6DB3, 0x75D4, 0x7DD4, 0x75B3, 0x6D93, 0x6D92, 0x6592,
    0x6DB3, 0x75D4, 0x75D4, 0x6DB3, 0x6592, 0x6DB3, 0x6DB3, 0x6D93, 0x75B3, 0x6D93, 0x6DB3, 0x7DD4, 0x6DB3, 0x6D92, 0x6572, 0x6572,
    0x6DD3, 0x6DB3, 0x6DB3, 0x6DB3, 0x6DB3, 0x6DB3, 0x6D93, 0x6D93, 0x6D93, 0x75B3, 0x75B3, 0x6DB3, 0x6D93, 0x6D92, 0x6D72, 0x6D92,
    0x6DD4, 0x6DD3, 0x6DD3, 0x6DB3, 0x8E36, 0x7DF5, 0x75B3, 0x6D92, 0x6D92, 0x75D4, 0x75D4, 0x6D93, 0x6D93, 0x6DB3, 0x6D93, 0x6D92,
    0x75D4, 0x75D4, 0x75D4, 0x75D4, 0x8E56, 0x7DF5, 0x6DB3, 0x6D93, 0x6DB3, 0x75D3, 0x75B3, 0x6DB3, 0x6D93, 0x6DB3, 0x6DB3, 0x6D93
};

const short ground_tile_222[TILE_SIZE * TILE_SIZE] = {
    0x7DD4, 0x75B3, 0x6DB3, 0x6D93, 0x6592, 0x6DB3, 0x6DB3, 0x6D93, 0x75B3, 0x6DB3, 0x6DB3, 0x6DB3, 0x6DB3, 0x6DB3, 0x6DB3, 0x6DB3,
    0x75B3, 0x6DB3, 0x6DB3, 0x6D93, 0x6D93, 0x75B3, 0x75B3, 0x75D3, 0x6DB3, 0x6DB3, 0x6D93, 0x6DB3, 0x75D4, 0x6DB3, 0x6DB3, 0x6D93,
    0x6DB3, 0x6D93, 0x6D93, 0x6D93, 0x6DB3, 0x7593, 0x6DB3, 0x75B3, 0x7DF4, 0x75D4, 0x6DB3, 0x75B3, 0x75D3, 0x6DB3, 0x6DB3, 0x6DB3,
    0x6D92, 0x6D93, 0x6D93, 0x6D93, 0x6DB3, 0x6DB3, 0x6D93, 0x6DB3, 0x9636, 0x85F5, 0x75B3, 0x6DB3, 0x6DB3, 0x6592, 0x6DB3, 0x75F4,
    0x6572, 0x6592, 0x6D92, 0x6D93, 0x75D4, 0x75B3, 0x6DB3, 0x6DB3, 0x6DB3, 0x6DB3, 0x6DB3, 0x6DB3, 0x75D3, 0x75D4, 0x7E14, 0x8615,
    0x6DB3, 0x6DB3, 0x6D92, 0x6D92, 0x6D93, 0x6DB3, 0x75B3, 0x6DB3, 0x6DB3, 0x6DD3, 0x6DD3, 0x6DD3, 0x6DB3, 0x6DB3, 0x75D3, 0x75F4,
    0x8615, 0x75D3, 0x6572, 0x6592, 0x6D92, 0x6D93, 0x6D93, 0x6DB3, 0x7DF4, 0x75D4, 0x6DB3, 0x6DB3, 0x75D3, 0x75D3, 0x6DB3, 0x6DB3,
    0x8E36, 0x75D4, 0x6D92, 0x6D92, 0x6DB3, 0x6DB3, 0x6DD3, 0x75D4, 0x7DF5, 0x75D4, 0x6DB3, 0x6DB3, 0x75B3, 0x6DB3, 0x6593, 0x6DB3,
    0x75D4, 0x75D4, 0x75D4, 0x6DD3, 0x6DB3, 0x6DB3, 0x6DB3, 0x75D3, 0x8615, 0x75D4, 0x6DB3, 0x6DB3, 0x6DB3, 0x6DB3, 0x6DB3, 0x6DB3,
    0x6DB3, 0x7DF4, 0x7DF4, 0x6DB3, 0x6DD3, 0x6DD3, 0x6DB3, 0x6DB3, 0x8615, 0x75D4, 0x6DB3, 0x6DB3, 0x6DB3, 0x6DB3, 0x75B3, 0x7DD4,
    0x6DB3, 0x6DB3, 0x6DB3, 0x6DB3, 0x6DD3, 0x6DB3, 0x6DB3, 0x75D4, 0x6D93, 0x6593, 0x6DB3, 0x6DB3, 0x6D93, 0x6DB3, 0x75D4, 0x85F4,
    0x6D93, 0x6D93, 0x6DB3, 0x75D3, 0x6DB3, 0x6DB3, 0x6DB3, 0x6D93, 0x6D93, 0x6DB3, 0x75D3, 0x75D3, 0x6DB3, 0x6DB3, 0x6DB3, 0x75B3,
    0x6D93, 0x6D93, 0x6DB3, 0x6DB3, 0x75D4, 0x75D4, 0x75D4, 0x6DB3, 0x6DB3, 0x6DB3, 0x6DB3, 0x6D93, 0x6DB3, 0x6D93, 0x6D93, 0x75B3,
    0x6D93, 0x6DB3, 0x6DB3, 0x65B3, 0x6DB3, 0x6DD3, 0x75D4, 0x6DD3, 0x75D4, 0x75B3, 0x6DB3, 0x6DB3, 0x6D93, 0x75B3, 0x75D4, 0x75B3,
    0x6DB3, 0x7DF5, 0x7DF4, 0x6DB3, 0x6DB3, 0x75D3, 0x6DD3, 0x6DD3, 0x8E56, 0x7DF4, 0x6DB3, 0x6DB3, 0x75B3, 0x7DF4, 0x7DF4, 0x75D4,
    0x75D4, 0x75B4, 0x75B3, 0x75D4, 0x6DB3, 0x6DB3, 0x6DB3, 0x6DB3, 0x7DF4, 0x75D4, 0x75D4, 0x75D3, 0x75B3, 0x75D4, 0x75B3, 0x6DB3
};

const short ground_tile_223[TILE_SIZE * TILE_SIZE] = {
    0x75B3, 0x6D93, 0x6DB3, 0x75B3, 0x75D4, 0x75D4, 0x75D4, 0x75D3, 0x6DB3, 0x6DB3, 0x6DB3, 0x6DB3, 0x75D4, 0x75D4, 0x75D3, 0x75D3,
    0x6D93, 0x6D93, 0x6DB3, 0x75B3, 0x75B3, 0x6DB3, 0x6DB3, 0x75D3, 0x75D4, 0x75D4, 0x75D4, 0x75D4, 0x75D3, 0x6DB3, 0x6DB3, 0x6DB3,
    0x6DB3, 0x6DB3, 0x6DB3, 0x6DB3, 0x6DB3, 0x6DB3, 0x6DB3, 0x6DB3, 0x75D3, 0x75D4, 0x75D4, 0x75F4, 0x7DF5, 0x75D4, 0x6DB3, 0x6DB3,
    0x7DF4, 0x75B3, 0x6D93, 0x6DB3, 0x6DB3, 0x6DB3, 0x6D93, 0x6D93, 0x75B3, 0x75D4, 0x75D4, 0x75F4, 0x8E56, 0x85F5, 0x75B3, 0x6D93,
    0x6592, 0x6DB3, 0x6DB3, 0x6592, 0x6DB3, 0x6D93, 0x6D93, 0x6DB3, 0x75D4, 0x6DB3, 0x75B3, 0x75D4, 0x6DD4, 0x6DB3, 0x6D93, 0x6DB3,
    0x6DD3, 0x6DB3, 0x65B3, 0x6DB3, 0x6DB3, 0x6DB3, 0x75D4, 0x8615, 0x6DB3, 0x6DB3, 0x6DB3, 0x6DD3, 0x6DD3, 0x6DB3, 0x6DB3, 0x6DB3,
    0x75D4, 0x6DD3, 0x6DB3, 0x6DB3, 0x8615, 0x75D3, 0x6D93, 0x6DB3, 0x6DB3, 0x75B3, 0x6DB3, 0x6DB3, 0x75F4, 0x75D4, 0x6DB3, 0x6DB3,
    0x6DD3, 0x75B3, 0x6DB3, 0x6DD3, 0x75F4, 0x75D3, 0x6DB3, 0x6D93, 0x6DB3, 0x75B3, 0x75D4, 0x75D4, 0x7DF4, 0x75F4, 0x75D3, 0x6DB3,
    0x6DB3, 0x6DB3, 0x6D93, 0x6DB3, 0x6DD3, 0x75D4, 0x75D3, 0x6DB3, 0x6DB3, 0x6DB3, 0x6DB3, 0x75D4, 0x8615, 0x7DF4, 0x6DB3, 0x6D93,
    0x6DB3, 0x6D93, 0x6D93, 0x6592, 0x6DB3, 0x7E14, 0x8615, 0x6DB3, 0x6DB3, 0x6D92, 0x6D93, 0x6DB3, 0x8615, 0x7DF4, 0x75B3, 0x6DB3,
    0x6DB3, 0x6D92, 0x6D92, 0x6DB3, 0x6DB3, 0x6DB3, 0x6DB3, 0x6DB3, 0x6D92, 0x6592, 0x6D93, 0x75B3, 0x6592, 0x6D93, 0x6D93, 0x6DB3,
    0x75B3, 0x75B3, 0x6DB3, 0x6D93, 0x6DB3, 0x6DB3, 0x6DB3, 0x6DB3, 0x6DB3, 0x6D93, 0x6D92, 0x6572, 0x6592, 0x6D93, 0x6DB3, 0x75B3,
    0x6DB3, 0x6572, 0x6572, 0x6D93, 0x6DB3, 0x6DB3, 0x6DB3, 0x6DB3, 0x75D3, 0x7DF4, 0x75D4, 0x6593, 0x6593, 0x6DB3, 0x75B3, 0x6D93,
    0x6572, 0x6572, 0x6592, 0x6592, 0x6DB3, 0x75B3, 0x6DB3, 0x6DB3, 0x6DB3, 0x6DB3, 0x6DB3, 0x6DD3, 0x75D4, 0x6DB3, 0x6DB3, 0x6D93,
    0x6D93, 0x6D93, 0x6DB3, 0x6DB3, 0x75D3, 0x8615, 0x7DF5, 0x6DB3, 0x6DB3, 0x6DB3, 0x6DB3, 0x75D3, 0x9656, 0x7DF4, 0x6DB3, 0x75B3,
    0x6D93, 0x6DB3, 0x6DB3, 0x6DB3, 0x7DF4, 0x75F4, 0x75D4, 0x75D4, 0x6DD3, 0x6DD3, 0x6DB3, 0x6DB3, 0x7DF5, 0x75D4, 0x75B3, 0x75B3
};

const short ground_tile_224[TILE_SIZE * TILE_SIZE] = {
    0x75D3, 0x6DB3, 0x75B3, 0x75D3, 0x6DB3, 0x75B3, 0x75D4, 0x75D4, 0x7DD4, 0x75B4, 0x6D93, 0x6D92, 0x6D92, 0x6D93, 0x6DB3, 0x6DB3,
    0x6DB3, 0x6DB3, 0x6DB3, 0x6DB3, 0x6DB3, 0x6DB3, 0x75B3, 0x75B3, 0x75B3, 0x6DB3, 0x6D93, 0x6D93, 0x75B3, 0x75B3, 0x75B3, 0x75B3,
    0x6DB3, 0x6DB3, 0x6DB3, 0x6DB3, 0x75D3, 0x6D93, 0x6D93, 0x6DB3, 0x6D93, 0x6D93, 0x6D93, 0x6D93, 0x6D93, 0x6D93, 0x6DB3, 0x75B3,
    0x75B3, 0x6D92, 0x75B3, 0x85F5, 0x7DF4, 0x75B3, 0x6DB3, 0x75D4, 0x6D93, 0x6D93, 0x6DB3, 0x6D92, 0x6D93, 0x6DB3, 0x6DB3, 0x75B3,
    0x75B3, 0x6DB3, 0x75D3, 0x7E15, 0x75F4, 0x75D3, 0x75B3, 0x75B3, 0x6D93, 0x6D92, 0x6D93, 0x6D93, 0x6DB3, 0x6D93, 0x6DB3, 0x75B4,
    0x6DB3, 0x75B3, 0x75B3, 0x75D3, 0x75D3, 0x75D3, 0x6DB3, 0x6DB3, 0x75B3, 0x6D93, 0x6D92, 0x6D93, 0x6D93, 0x6D93, 0x6D93, 0x6D93,
    0x75B3, 0x75D3, 0x75D3, 0x75B3, 0x75D4, 0x6DB3, 0x6DB3, 0x6D93, 0x7DD4, 0x6DB3, 0x6D92, 0x6D72, 0x6D92, 0x6D93, 0x6D93, 0x6D93,
    0x75B3, 0x6DB3, 0x6DB3, 0x6DB3, 0x6DB3, 0x6DB3, 0x7DF4, 0x8E36, 0x75B4, 0x6DB3, 0x6D93, 0x6D72, 0x6D92, 0x6DB3, 0x6D93, 0x6D93,
    0x6DB3, 0x75B3, 0x6DB3, 0x6DB3, 0x6DB3, 0x6DB3, 0x75B4, 0x75D4, 0x6DB3, 0x75D4, 0x75B3, 0x6D93, 0x6DB3, 0x6D93, 0x6D93, 0x6DB3,
    0x6DB3, 0x6DB3, 0x75D4, 0x7DD4, 0x75B3, 0x6DB3, 0x6D93, 0x6593, 0x6D93, 0x7DF4, 0x7DD4, 0x6D93, 0x6DB3, 0x6D93, 0x6DB3, 0x6DB3,
    0x6DB3, 0x6DB3, 0x75D4, 0x85F5, 0x6D93, 0x6D93, 0x6D93, 0x6D93, 0x6DB3, 0x6D93, 0x6D93, 0x6DB3, 0x6DB3, 0x6D93, 0x6DB3, 0x75D4,
    0x75B3, 0x6DB3, 0x75B3, 0x75D4, 0x75B3, 0x6D93, 0x6D93, 0x6D93, 0x6D93, 0x6D93, 0x6D93, 0x6DB3, 0x6DB3, 0x6DB3, 0x6D93, 0x6D93,
    0x6DB3, 0x6D93, 0x6D93, 0x75D4, 0x75D3, 0x6572, 0x6572, 0x6572, 0x6D93, 0x6D93, 0x6D93, 0x75D4, 0x75F4, 0x7DD4, 0x75B3, 0x6D93,
    0x6DB3, 0x75D4, 0x75D4, 0x75B3, 0x6DB3, 0x6D93, 0x6D92, 0x6D93, 0x6D93, 0x6DB3, 0x6DB3, 0x6DB3, 0x6DB3, 0x6DB3, 0x6DB3, 0x6DB3,
    0x6DB3, 0x7DD4, 0x7DF4, 0x75B4, 0x75B3, 0x6DB3, 0x6DB3, 0x6D93, 0x6DB3, 0x7DF4, 0x7DF4, 0x6DB3, 0x6DB3, 0x6DB3, 0x6DB3, 0x6DB3,
    0x6D93, 0x6D93, 0x6D93, 0x6D93, 0x6D93, 0x6D93, 0x6DB3, 0x75B3, 0x75D4, 0x75D3, 0x75D3, 0x75D4, 0x6DD3, 0x6DB3, 0x6DB3, 0x6DB3
};

const short ground_tile_225[TILE_SIZE * TILE_SIZE] = {
    0x6D93, 0x6DB3, 0x75B3, 0x75D3, 0x6DB3, 0x75B3, 0x75B3, 0x6DB3, 0x6D92, 0x6D93, 0x6DB3, 0x75D3, 0x7DF5, 0x7DD4, 0x6DB3, 0x6D93,
    0x75B3, 0x6DB3, 0x6DB3, 0x75B3, 0x75D4, 0x6DB3, 0x6D93, 0x6D92, 0x6DB3, 0x75D3, 0x75D4, 0x6DB3, 0x75D4, 0x75B3, 0x75B3, 0x75D4,
    0x85F4, 0x7DD4, 0x75D3, 0x75D3, 0x75B3, 0x6DB3, 0x6DB3, 0x6DD3, 0x75D3, 0x75B3, 0x6DB3, 0x6DD3, 0x6DB3, 0x6DB3, 0x6DB3, 0x75B3,
    0x8E36, 0x8615, 0x75D4, 0x75D3, 0x6DB3, 0x6D93, 0x75D3, 0x7E15, 0x7E15, 0x75B3, 0x6DB3, 0x75F4, 0x6DB3, 0x6D93, 0x6D93, 0x6D93,
    0x6DB3, 0x6DD4, 0x6DB3, 0x6DB3, 0x75D3, 0x6DB3, 0x75F4, 0x8E56, 0x75F5, 0x75F4, 0x75F4, 0x75D4, 0x6DB3, 0x6D93, 0x6D93, 0x6DB3,
    0x6DB3, 0x6DD3, 0x6DB3, 0x6DB3, 0x6DB3, 0x75B3, 0x75D3, 0x75D4, 0x6DD3, 0x6DD3, 0x6DD4, 0x6DD4, 0x75B4, 0x6DB3, 0x6D93, 0x6D93,
    0x7DF5, 0x75D4, 0x6DB3, 0x6DB3, 0x6DB3, 0x75D3, 0x75B3, 0x6DB3, 0x75D4, 0x6DD4, 0x6DB3, 0x6DB3, 0x8615, 0x75B3, 0x6D92, 0x6D72,
    0x7DF5, 0x75D4, 0x6DB3, 0x6DB3, 0x6DB3, 0x6D93, 0x6593, 0x6D93, 0x75D4, 0x75D4, 0x75D4, 0x75D4, 0x75D4, 0x75B3, 0x6D93, 0x6D92,
    0x7E15, 0x75D4, 0x6DB3, 0x6DB3, 0x6DB3, 0x6DB3, 0x6DB3, 0x6DB3, 0x6DB3, 0x6D93, 0x6DB3, 0x6DB3, 0x6DB3, 0x75D4, 0x75D4, 0x6DB3,
    0x7DF5, 0x75D4, 0x6DB3, 0x6DB3, 0x6DB3, 0x6DB3, 0x75B4, 0x7DD4, 0x6D93, 0x6D93, 0x6D93, 0x6D93, 0x6DB3, 0x7DF4, 0x7DF4, 0x6DB3,
    0x6D92, 0x6593, 0x6D93, 0x6D93, 0x6D92, 0x6DB3, 0x75D4, 0x85F5, 0x75B3, 0x6D93, 0x6D93, 0x6D93, 0x6D93, 0x6D93, 0x6D93, 0x6DB3,
    0x6DB3, 0x6DB3, 0x6DB3, 0x6D93, 0x6D93, 0x6D93, 0x6DB3, 0x75B3, 0x75B3, 0x6D93, 0x6D92, 0x6D92, 0x6DB3, 0x6D93, 0x6D93, 0x6DB3,
    0x6D93, 0x6DB3, 0x6D93, 0x6572, 0x6D93, 0x6D93, 0x6D93, 0x75B3, 0x75D3, 0x6D72, 0x6552, 0x6D72, 0x6592, 0x6D93, 0x6D93, 0x6DB3,
    0x6DB3, 0x6DB3, 0x6D93, 0x6D93, 0x75D4, 0x75B3, 0x6DB3, 0x6DB3, 0x6D93, 0x6D72, 0x6572, 0x6D72, 0x6DB3, 0x6DB3, 0x6D93, 0x6DB3,
    0x8E16, 0x7DD4, 0x6D93, 0x6D93, 0x6D93, 0x7DD4, 0x7DD4, 0x6DB3, 0x6DB3, 0x6D93, 0x6D93, 0x6D93, 0x7DD4, 0x75D4, 0x6DB3, 0x6D93,
    0x7DD4, 0x75D3, 0x75B3, 0x6DB3, 0x6DB3, 0x75B3, 0x75D3, 0x6DB3, 0x6D93, 0x6DB3, 0x75B3, 0x75D4, 0x7DF5, 0x75B4, 0x6DB3, 0x75D3
};

const short ground_tile_226[TILE_SIZE * TILE_SIZE] = {
    0x6D93, 0x6DB3, 0x6DB3, 0x6DB3, 0x75D4, 0x75D4, 0x75B3, 0x6DB3, 0x6D93, 0x6DB3, 0x6DB3, 0x6DB3, 0x6DB3, 0x6DB3, 0x75D3, 0x75D4,
    0x75B3, 0x75B3, 0x75B3, 0x75D3, 0x75D4, 0x75D3, 0x75B3, 0x75B3, 0x6DB3, 0x6DB3, 0x6DB3, 0x6DB3, 0x6DB3, 0x6DD3, 0x75D3, 0x75D3,
    0x75B3, 0x75B3, 0x75B3, 0x75D4, 0x7E15, 0x7DF4, 0x75D4, 0x75D3, 0x75B3, 0x75B3, 0x6DB3, 0x6DD3, 0x6DD3, 0x6DB3, 0x6DB3, 0x6DB3,
    0x6DB3, 0x75D3, 0x75D4, 0x7DF4, 0x9656, 0x8615, 0x75F4, 0x75D3, 0x75D3, 0x6DB3, 0x75D4, 0x8E36, 0x7E15, 0x6DB3, 0x6DB3, 0x75F4,
    0x6DB3, 0x6D93, 0x6D93, 0x75D4, 0x6DD4, 0x6DD4, 0x75B3, 0x75B3, 0x75D3, 0x75D3, 0x75D3, 0x75F4, 0x6DB3, 0x6DB3, 0x6DB3, 0x6DB3,
    0x6D92, 0x6D93, 0x75B3, 0x75D4, 0x6DD4, 0x6DB4, 0x75B4, 0x75D4, 0x75D4, 0x75B3, 0x6DB3, 0x6DD3, 0x6DB3, 0x6DB3, 0x6DD3, 0x75D3,
    0x6D93, 0x75B3, 0x75D4, 0x75D4, 0x75D4, 0x75B4, 0x6DB3, 0x6DB3, 0x75B3, 0x75D3, 0x75D3, 0x75D3, 0x6DD3, 0x6DB3, 0x6DB3, 0x75D4,
    0x6DB3, 0x6DB3, 0x75D3, 0x75D4, 0x7DF4, 0x75D4, 0x6DB3, 0x75B3, 0x75B3, 0x75B3, 0x6DB3, 0x6DB3, 0x6DB3, 0x6DD3, 0x75D4, 0x7DF4,
    0x6DB3, 0x6DB3, 0x6DB3, 0x6DD3, 0x7DF5, 0x7DD4, 0x75B3, 0x6DB3, 0x75B3, 0x75D3, 0x75B3, 0x6DB3, 0x6DB3, 0x6DB3, 0x6DB3, 0x6D93,
    0x6DB3, 0x6DB3, 0x6DB3, 0x6DB3, 0x7DF4, 0x75D4, 0x75B3, 0x6DD3, 0x6DB3, 0x75B3, 0x75D4, 0x7DF4, 0x6DB3, 0x6D93, 0x6D93, 0x6572,
    0x6D92, 0x6D92, 0x6DB3, 0x6DB3, 0x6D92, 0x6572, 0x6D93, 0x6DB3, 0x6DB3, 0x6DB3, 0x75D4, 0x8615, 0x75B3, 0x6DB3, 0x6D93, 0x6D93,
    0x6DB3, 0x6DB3, 0x6DB3, 0x6D92, 0x6592, 0x6D93, 0x6DB3, 0x6DB3, 0x6DB3, 0x6DB3, 0x6DB3, 0x75D4, 0x75D4, 0x6DB3, 0x6D93, 0x6D93,
    0x6DB3, 0x7DD4, 0x75D4, 0x6DB3, 0x6593, 0x6DB3, 0x75B3, 0x6D93, 0x6DB3, 0x6D93, 0x6D93, 0x75D3, 0x6DB3, 0x6D93, 0x6D73, 0x6572,
    0x6DB3, 0x6DB3, 0x6DD3, 0x75D3, 0x6DB3, 0x6DB3, 0x6D93, 0x6DB3, 0x75B3, 0x75B3, 0x75B3, 0x6DB3, 0x6D93, 0x6D92, 0x6D92, 0x6D93,
    0x6DB3, 0x6DB3, 0x6DB3, 0x6DB3, 0x8615, 0x7DD4, 0x75B3, 0x6D93, 0x6DB3, 0x7DD4, 0x7DD4, 0x6DB3, 0x6DB3, 0x6DB3, 0x6D93, 0x6DB3,
    0x6DD3, 0x6DD3, 0x75B3, 0x75B3, 0x75D4, 0x75B3, 0x75B3, 0x6DB3, 0x75B3, 0x75B3, 0x75B3, 0x6DB3, 0x6D93, 0x6D93, 0x6D93, 0x75B3
};

const short ground_tile_227[TILE_SIZE * TILE_SIZE] = {
    0x85F5, 0x75D4, 0x6DB3, 0x6D93, 0x6D93, 0x6D93, 0x6D93, 0x6D93, 0x6DB3, 0x6DB3, 0x6DB3, 0x6DB3, 0x6DB3, 0x6D93, 0x75B3, 0x75D3,
    0x75D3, 0x6DB3, 0x6DB3, 0x6DB3, 0x75B3, 0x75B3, 0x75B3, 0x6DB3, 0x6DB3, 0x6DB3, 0x6D93, 0x75B3, 0x75D3, 0x6D93, 0x6D92, 0x6D92,
    0x6DB3, 0x6DB3, 0x6DB3, 0x6DB3, 0x6DB3, 0x6DB3, 0x6DB3, 0x6DB3, 0x7DF4, 0x75D4, 0x6DB3, 0x6DB3, 0x6DB3, 0x6DB3, 0x6DB3, 0x6D93,
    0x6DB3, 0x6DB3, 0x6DB3, 0x6D93, 0x6DB3, 0x75B3, 0x6DB3, 0x6DB3, 0x8E56, 0x8615, 0x75D4, 0x6DB3, 0x6DB3, 0x6DB3, 0x6DB3, 0x75D3,
    0x6D93, 0x6D93, 0x6D93, 0x6D93, 0x75B3, 0x6D93, 0x6D93, 0x75B3, 0x6DB3, 0x6DD4, 0x6DB3, 0x6DB3, 0x6DD3, 0x75D4, 0x7E15, 0x8E56,
    0x75B3, 0x6DB3, 0x6D93, 0x6D93, 0x6D93, 0x6D93, 0x6DB3, 0x6DB3, 0x6DB3, 0x6DB3, 0x6DB3, 0x6DB3, 0x6DD3, 0x6DD3, 0x75D4, 0x7E15,
    0x7DF4, 0x75B3, 0x6D92, 0x6D92, 0x6D92, 0x6DB3, 0x6DB3, 0x6DB3, 0x75D4, 0x6DB3, 0x6D93, 0x6D93, 0x6DB3, 0x6DD3, 0x6DB3, 0x6DB3,
    0x8E36, 0x7DD4, 0x6D93, 0x6D92, 0x6D93, 0x6DB3, 0x6DB3, 0x6DB3, 0x75D4, 0x6DB3, 0x6DB3, 0x6DB3, 0x75B3, 0x6DB3, 0x6D93, 0x6D93,
    0x75D3, 0x75D4, 0x75D4, 0x6DB3, 0x6DB3, 0x6DB3, 0x6DD3, 0x6DD3, 0x7E15, 0x75D4, 0x6DB3, 0x6DB3, 0x6DB3, 0x6DB3, 0x6DB3, 0x6DB3,
    0x6592, 0x75D4, 0x7DD4, 0x6DB3, 0x6DB3, 0x6DB3, 0x6DB3, 0x75D3, 0x7E15, 0x75D4, 0x6DB3, 0x6DB3, 0x6DB3, 0x6DB3, 0x75D4, 0x7DF4,
    0x6D93, 0x6D93, 0x6DB3, 0x6DD3, 0x6DB3, 0x6DB3, 0x75D3, 0x7DF4, 0x6DB3, 0x6DB3, 0x6DB3, 0x6DB3, 0x6D92, 0x6DB3, 0x7DD4, 0x85F5,
    0x6D93, 0x6D93, 0x6D93, 0x75B3, 0x6DB3, 0x6DB3, 0x6D93, 0x6DB3, 0x6DB3, 0x6DD3, 0x6DB3, 0x6DB3, 0x6D93, 0x6DB3, 0x75B3, 0x7DD4,
    0x6D93, 0x6D93, 0x6DB3, 0x6DB3, 0x75D4, 0x75D4, 0x75B4, 0x6D93, 0x6593, 0x6DB3, 0x6DB3, 0x6D93, 0x6DB3, 0x6592, 0x6DB3, 0x7DD4,
    0x6D93, 0x75B3, 0x6DB3, 0x6DB3, 0x6DD3, 0x75D3, 0x75D3, 0x6DB3, 0x6DB3, 0x6DB3, 0x6DB3, 0x6DB3, 0x75B3, 0x6DB3, 0x6DB3, 0x6DB3,
    0x75D4, 0x7DF5, 0x7DF4, 0x6D93, 0x6DB3, 0x75D3, 0x6DB3, 0x6DB3, 0x8E36, 0x7DF4, 0x75D3, 0x75B3, 0x75D3, 0x7DD4, 0x7DD4, 0x6DB3,
    0x7DF4, 0x75D4, 0x6DB3, 0x75D4, 0x6DD4, 0x6DB3, 0x6DB3, 0x75D3, 0x75F4, 0x75F4, 0x75F4, 0x7DF4, 0x75D4, 0x75D4, 0x75D4, 0x6DB3
};

const short ground_tile_228[TILE_SIZE * TILE_SIZE] = {
    0x6DB3, 0x6D93, 0x6D93, 0x75B3, 0x75B4, 0x75B3, 0x75B3, 0x75B3, 0x6D93, 0x6DB3, 0x6DB3, 0x6D93, 0x6DB3, 0x6DB3, 0x75B3, 0x75B3,
    0x6D92, 0x6D93, 0x6D93, 0x6DB3, 0x75B3, 0x6D93, 0x6DB3, 0x75B3, 0x75B3, 0x75B3, 0x75B3, 0x75D4, 0x75D3, 0x75B3, 0x75B3, 0x75D3,
    0x75B3, 0x6DB3, 0x6DB3, 0x6DB3, 0x6DB3, 0x6DB3, 0x6D93, 0x6D93, 0x6DB3, 0x6DB3, 0x75D3, 0x75F4, 0x7E15, 0x75D4, 0x75D4, 0x75D4,
    0x7DF4, 0x75D3, 0x6DB3, 0x6DD3, 0x6DB3, 0x6DB3, 0x6D93, 0x6592, 0x6DB3, 0x75B3, 0x75D4, 0x75F4, 0x9656, 0x8635, 0x75F4, 0x75D3,
    0x6DB3, 0x6DB3, 0x6DB3, 0x6DB3, 0x6DB3, 0x6DB3, 0x6DB3, 0x6DB3, 0x6DB3, 0x6DB3, 0x75B3, 0x75F4, 0x75F4, 0x6DD4, 0x6DB3, 0x6DB3,
    0x6DD3, 0x6DD3, 0x6DD3, 0x6DD3, 0x75D4, 0x75D4, 0x6DB3, 0x6DB3, 0x6D93, 0x6DB3, 0x6DB3, 0x6DB3, 0x6DD3, 0x6DD4, 0x6DD4, 0x6DD4,
    0x75F4, 0x6DF4, 0x6DD4, 0x6DD4, 0x8E36, 0x7DF4, 0x6DB3, 0x6D92, 0x6D93, 0x6DB3, 0x6DB3, 0x6DB3, 0x6DD4, 0x6DB3, 0x6DB3, 0x6DB3,
    0x75D4, 0x75F4, 0x75F4, 0x75D4, 0x7E14, 0x75D4, 0x6DB3, 0x6D93, 0x6D93, 0x6D93, 0x6DB3, 0x6DB3, 0x75D4, 0x6DB3, 0x6DB3, 0x75B3,
    0x75D3, 0x75B3, 0x6DB3, 0x6DB3, 0x75D3, 0x7DF4, 0x75D4, 0x6DB3, 0x6DB3, 0x6DB3, 0x6DB3, 0x6DB3, 0x7DF5, 0x75D4, 0x6D93, 0x6D93,
    0x75B3, 0x6DB3, 0x6DB3, 0x6DB3, 0x6DB3, 0x7E15, 0x7E14, 0x6DB3, 0x6DB3, 0x6DB3, 0x6DB3, 0x6DB3, 0x8615, 0x75D4, 0x6DB3, 0x6DB3,
    0x75B3, 0x6DB3, 0x6DB3, 0x6D93, 0x6DB3, 0x6DB3, 0x6DB3, 0x6D93, 0x6D92, 0x6D92, 0x75B3, 0x75D4, 0x6D92, 0x6D93, 0x6DB3, 0x75B3,
    0x75B3, 0x75B3, 0x6DB3, 0x6D72, 0x6DB3, 0x75B3, 0x75D3, 0x75B3, 0x75B3, 0x6DB3, 0x6D93, 0x6D92, 0x6592, 0x6DB3, 0x75B4, 0x75B3,
    0x75D3, 0x6D92, 0x6D72, 0x6D93, 0x6DB3, 0x6DB3, 0x75B3, 0x75B3, 0x75D3, 0x75B3, 0x75B3, 0x6DB3, 0x6593, 0x6DB3, 0x75D4, 0x75B3,
    0x6D92, 0x6592, 0x6D92, 0x6DB3, 0x75D3, 0x6DB3, 0x6DB3, 0x6DB3, 0x6DB3, 0x6DB3, 0x6DB3, 0x6DB3, 0x6DB3, 0x6D93, 0x6D93, 0x6D93,
    0x6DB3, 0x6DB3, 0x6DB3, 0x6DB3, 0x7DF4, 0x7DF4, 0x75B3, 0x6D93, 0x6DB3, 0x6DB3, 0x6DB3, 0x75D3, 0x8E35, 0x7DD4, 0x6D93, 0x6DB3,
    0x6DB3, 0x6DB3, 0x75B3, 0x75D4, 0x7DF5, 0x75D4, 0x6DB3, 0x6DB3, 0x6DB3, 0x6DB3, 0x6DB3, 0x75B3, 0x75D3, 0x75B3, 0x75B3, 0x75B3
};

const short ground_tile_229[TILE_SIZE * TILE_SIZE] = {
    0x6DB3, 0x6DB3, 0x6DB3, 0x6DB3, 0x6DB3, 0x6D93, 0x6D93, 0x75B3, 0x7DD4, 0x75B3, 0x6D93, 0x6572, 0x6D92, 0x6DB3, 0x6DB3, 0x6DB3,
    0x75D3, 0x6DB3, 0x6D93, 0x6DB3, 0x6D93, 0x6D93, 0x6D93, 0x75B3, 0x75B3, 0x6DB3, 0x6D93, 0x6D92, 0x75B3, 0x75B3, 0x75B3, 0x75D3,
    0x75D3, 0x6DB3, 0x6D92, 0x6D93, 0x7DD4, 0x75B3, 0x6DB3, 0x6DB3, 0x6DB3, 0x6D93, 0x6D93, 0x6D93, 0x6DB3, 0x6DB3, 0x75B3, 0x75D3,
    0x75F4, 0x6DB3, 0x6592, 0x75D4, 0x9657, 0x8615, 0x75D4, 0x75F4, 0x6D93, 0x6DB3, 0x6DB3, 0x6D93, 0x6DB3, 0x6DB3, 0x6D93, 0x6DB3,
    0x6DD3, 0x6DD3, 0x7E14, 0x8E36, 0x75D4, 0x75D4, 0x75D3, 0x6DB3, 0x6D93, 0x6D93, 0x6D93, 0x6D93, 0x75D3, 0x75B3, 0x75B3, 0x75D4,
    0x75D4, 0x6DD3, 0x75D4, 0x75F4, 0x75D4, 0x6DD3, 0x6DB3, 0x6DB3, 0x6DB3, 0x6D93, 0x6D93, 0x6D92, 0x6D92, 0x6D93, 0x75B3, 0x75D4,
    0x75D4, 0x75D4, 0x75D4, 0x75D3, 0x75F4, 0x75D4, 0x6DB3, 0x6D93, 0x75B3, 0x6D93, 0x6D92, 0x6D72, 0x6D92, 0x6D93, 0x6DB3, 0x75D4,
    0x6DB3, 0x6DB3, 0x6DB3, 0x6DB3, 0x75D4, 0x75D4, 0x7DF4, 0x8615, 0x75B3, 0x6DB3, 0x6DB3, 0x6D92, 0x6592, 0x6DB3, 0x6DB3, 0x6DB3,
    0x6D93, 0x75B3, 0x75B3, 0x75B3, 0x75D4, 0x75D3, 0x6DB3, 0x6DB3, 0x6DB3, 0x75D3, 0x75B3, 0x6D93, 0x6D93, 0x6D93, 0x6DB3, 0x6DB3,
    0x75B3, 0x6DB3, 0x75D4, 0x8615, 0x75D4, 0x75B3, 0x6D93, 0x6592, 0x6D93, 0x7DF4, 0x7DD4, 0x6572, 0x6592, 0x6D92, 0x6D92, 0x6DB3,
    0x6DB3, 0x6DB3, 0x7DF4, 0x8615, 0x75D4, 0x75D4, 0x75B3, 0x6DB3, 0x6DB3, 0x6DB3, 0x6D93, 0x6592, 0x6DB3, 0x6D92, 0x6DB3, 0x75D3,
    0x75D3, 0x75D3, 0x75D4, 0x75D4, 0x75B4, 0x6D93, 0x6D93, 0x6D93, 0x6D93, 0x6D93, 0x6D93, 0x75B3, 0x6D93, 0x6D92, 0x6D72, 0x6572,
    0x6DB3, 0x6DB3, 0x6DB3, 0x75D4, 0x75B3, 0x6D72, 0x6572, 0x6D72, 0x6D93, 0x6D92, 0x6D92, 0x6D93, 0x75B3, 0x75D3, 0x75B3, 0x6D92,
    0x6DB3, 0x75D4, 0x7DD4, 0x75B3, 0x6DB3, 0x6D93, 0x6D72, 0x6D72, 0x6D72, 0x6D93, 0x6D93, 0x6D92, 0x6DB3, 0x6DB3, 0x6DB3, 0x6DB3,
    0x6D93, 0x7DF4, 0x8615, 0x7DD4, 0x75B3, 0x6D93, 0x6D93, 0x6D93, 0x75B3, 0x7DD4, 0x7DD4, 0x6D93, 0x6DB3, 0x6DB3, 0x6D93, 0x6DB3,
    0x75B3, 0x75D3, 0x75B3, 0x75B3, 0x6D93, 0x6D92, 0x75B3, 0x7DF4, 0x75D4, 0x75B4, 0x75D4, 0x75D4, 0x75D4, 0x6DB3, 0x6D93, 0x6D93
};

const short ground_tile_230[TILE_SIZE * TILE_SIZE] = {
    0x6DB3, 0x75B3, 0x75D3, 0x6DB3, 0x6D93, 0x6D93, 0x6DB3, 0x6DB3, 0x6DB3, 0x6D93, 0x6D93, 0x75D4, 0x7DF5, 0x75D4, 0x6DB3, 0x6DB3,
    0x75D3, 0x75B3, 0x75B3, 0x7593, 0x75B3, 0x6DB3, 0x6D93, 0x6D93, 0x6D93, 0x6D93, 0x6D93, 0x75B3, 0x75D4, 0x6DB3, 0x6DB3, 0x75B3,
    0x8615, 0x75D4, 0x75B3, 0x6DB3, 0x75B3, 0x6DB3, 0x6D93, 0x6DB3, 0x75B3, 0x6DB3, 0x6D93, 0x6DB3, 0x6DB3, 0x6DB3, 0x6DB3, 0x75B3,
    0x9656, 0x8615, 0x75D4, 0x6DB3, 0x6DB3, 0x6DB3, 0x75B3, 0x7DF4, 0x7DD4, 0x75B3, 0x6DB3, 0x6DB3, 0x6DB3, 0x6D93, 0x6D93, 0x6D93,
    0x75D4, 0x75D4, 0x6DB3, 0x6DB3, 0x75D3, 0x75D4, 0x7DF4, 0x8615, 0x6DB3, 0x75D4, 0x75D4, 0x6D93, 0x6D93, 0x6D93, 0x6DB3, 0x6DB3,
    0x6DD4, 0x6DD3, 0x75B3, 0x75B3, 0x75D3, 0x6DB3, 0x75D4, 0x7DF4, 0x75F4, 0x6DD3, 0x6DB3, 0x6DB3, 0x75B3, 0x6D93, 0x6D93, 0x6DB3,
    0x75D4, 0x75B3, 0x6DB3, 0x75B3, 0x75B3, 0x75B3, 0x6DB3, 0x6DD3, 0x75F4, 0x75D4, 0x6DB3, 0x6D93, 0x8615, 0x75B3, 0x6D92, 0x6D93,
    0x6DB3, 0x6DB3, 0x6DB3, 0x75B3, 0x7DD4, 0x75B3, 0x6DB3, 0x6DB3, 0x75D4, 0x75D3, 0x6DB3, 0x75D3, 0x75D3, 0x75B3, 0x6D93, 0x6D93,
    0x7DF4, 0x75D4, 0x6DB3, 0x6DB3, 0x75D3, 0x75D4, 0x75D3, 0x75B3, 0x6DB3, 0x6DB3, 0x6DB3, 0x6DB3, 0x6DB3, 0x7DF4, 0x75D4, 0x6DB3,
    0x7DF4, 0x75D4, 0x6DB3, 0x6DB3, 0x75D3, 0x6DB3, 0x75D4, 0x7DF4, 0x6DB3, 0x6DB3, 0x6DB3, 0x6D93, 0x6DB3, 0x7DF4, 0x7DF4, 0x6DB3,
    0x6572, 0x6592, 0x6DB3, 0x75B3, 0x6DB3, 0x6DB3, 0x75D4, 0x7DF4, 0x75D3, 0x6DB3, 0x6D93, 0x6DB3, 0x6DB3, 0x6DB3, 0x6D93, 0x6DB3,
    0x6592, 0x6D93, 0x6DB3, 0x75D4, 0x75B3, 0x6D93, 0x6D93, 0x6DB3, 0x75B3, 0x6DB3, 0x6DB3, 0x6DB3, 0x75B3, 0x75B3, 0x6DB3, 0x6DB3,
    0x6592, 0x6DB3, 0x6DB3, 0x6D93, 0x7593, 0x6D72, 0x6592, 0x6DB3, 0x75B3, 0x6D72, 0x6D72, 0x75B3, 0x75D3, 0x75B3, 0x6DB3, 0x6DB3,
    0x6DB3, 0x6DB3, 0x6D93, 0x6D93, 0x6DB3, 0x75D3, 0x75B3, 0x6DB3, 0x6D92, 0x6D92, 0x6D93, 0x6DB3, 0x75D3, 0x75D4, 0x75D4, 0x6DB3,
    0x8E35, 0x75D4, 0x6DB3, 0x6DB3, 0x6DB3, 0x7DF4, 0x7DF4, 0x75D3, 0x6D92, 0x6D93, 0x6D93, 0x6DB3, 0x75D4, 0x8635, 0x8615, 0x6DB3,
    0x7DD4, 0x75D3, 0x75B3, 0x75B3, 0x6DB3, 0x75D3, 0x75D3, 0x6DB3, 0x6DB3, 0x6DB3, 0x6D93, 0x6DB3, 0x7DF4, 0x7DF4, 0x75D4, 0x6DD4
};

const short ground_tile_231[TILE_SIZE * TILE_SIZE] = {
    0x6D92, 0x6D93, 0x6D93, 0x6D93, 0x6DB3, 0x6DB3, 0x6DB3, 0x6DB3, 0x6DB3, 0x6DD3, 0x75D3, 0x6DB3, 0x6D93, 0x75B3, 0x75D4, 0x7DD4,
    0x75B3, 0x75B3, 0x75B3, 0x75D3, 0x6DB3, 0x6DB3, 0x75B3, 0x75D3, 0x75B3, 0x75B3, 0x6DB3, 0x6DB3, 0x75B3, 0x75B3, 0x75B3, 0x75D4,
    0x75B3, 0x75B3, 0x75B3, 0x75D4, 0x7E15, 0x7DD4, 0x75D4, 0x75D3, 0x75D3, 0x6DB3, 0x6D93, 0x6DB3, 0x75D4, 0x75D3, 0x6DB3, 0x6DB3,
    0x75B3, 0x75D3, 0x75D4, 0x7DF4, 0x9656, 0x8615, 0x75D4, 0x75D3, 0x75D4, 0x6DB3, 0x6DB3, 0x75F4, 0x8E36, 0x7DD4, 0x75B3, 0x75D3,
    0x75D4, 0x6DB3, 0x75B3, 0x75D4, 0x6DD4, 0x6DD4, 0x75D3, 0x6DB3, 0x75D4, 0x75D3, 0x7E15, 0x9656, 0x75D4, 0x75D3, 0x75D4, 0x75D3,
    0x6DB3, 0x6DB3, 0x75B3, 0x75D4, 0x6DD4, 0x6DD4, 0x75D4, 0x75D4, 0x75D4, 0x75D3, 0x75D3, 0x75D4, 0x6DB3, 0x6DD3, 0x75D4, 0x75D4,
    0x6DB3, 0x6DB3, 0x75B3, 0x75D4, 0x75F4, 0x75D4, 0x6DB3, 0x6DD3, 0x75D4, 0x75D4, 0x75B3, 0x6D93, 0x6DD3, 0x6DD3, 0x75D4, 0x75D4,
    0x6DB3, 0x75D3, 0x75D3, 0x75D3, 0x7DF4, 0x75D4, 0x75D3, 0x75D3, 0x75D4, 0x75B3, 0x6D93, 0x6D93, 0x6DB3, 0x6DB3, 0x7DF5, 0x9657,
    0x6DB3, 0x6DB3, 0x6DD3, 0x75D4, 0x7E15, 0x75D4, 0x6DB3, 0x6DB3, 0x6DB3, 0x6DB3, 0x6DB3, 0x6DB3, 0x75B3, 0x6DB3, 0x6DB3, 0x75B3,
    0x6DB3, 0x6DB3, 0x6DB3, 0x75D3, 0x8615, 0x75D4, 0x6DB3, 0x6DB3, 0x6DB3, 0x6DB3, 0x75D3, 0x7DF4, 0x75B3, 0x6DB3, 0x6D93, 0x6572,
    0x6D92, 0x6D92, 0x6DB3, 0x75D4, 0x6DB3, 0x6D93, 0x6DB3, 0x6DB3, 0x6D93, 0x6D93, 0x75D4, 0x85F5, 0x75B3, 0x75B3, 0x75B3, 0x6D93,
    0x6DB3, 0x6DB3, 0x6D93, 0x6D92, 0x6593, 0x6DB3, 0x6DB3, 0x6DB3, 0x75B3, 0x6DB3, 0x75B3, 0x75D4, 0x75D4, 0x6DB3, 0x6D72, 0x6D72,
    0x75D4, 0x7DF4, 0x75F4, 0x6DB3, 0x6592, 0x6DB3, 0x75B3, 0x6D93, 0x75B3, 0x6DB3, 0x6DB3, 0x75D4, 0x7DF4, 0x6D93, 0x6552, 0x6552,
    0x6DB3, 0x6DB3, 0x6DB3, 0x6DD3, 0x6DB3, 0x6D93, 0x6D93, 0x6DB3, 0x75D4, 0x7DF4, 0x75D4, 0x75B3, 0x75D4, 0x6D93, 0x6572, 0x6D93,
    0x6DB3, 0x6DB3, 0x6DB3, 0x6DB3, 0x8615, 0x7DD4, 0x6DB3, 0x6DB3, 0x6DB3, 0x7DF5, 0x8615, 0x75D4, 0x75B3, 0x6DB3, 0x6DB3, 0x6DB3,
    0x6DB3, 0x6DB3, 0x6DB3, 0x6DB3, 0x8615, 0x7DD4, 0x75B3, 0x6DB3, 0x75B3, 0x75D3, 0x75B3, 0x6DB3, 0x6D93, 0x6D93, 0x75B3, 0x75D3
};

const short ground_tile_232[TILE_SIZE * TILE_SIZE] = {
    0x85F5, 0x75D4, 0x6D93, 0x6592, 0x6DB3, 0x6DB3, 0x6DB3, 0x6DB3, 0x75D4, 0x75B3, 0x75B3, 0x6DB3, 0x6DB3, 0x6D93, 0x75B3, 0x75B3,
    0x75B3, 0x6D93, 0x6592, 0x6D93, 0x75B3, 0x75B3, 0x75B3, 0x75D3, 0x75D3, 0x75B3, 0x75B3, 0x75B3, 0x75B3, 0x6D93, 0x6D92, 0x6D93,
    0x6D93, 0x6D93, 0x6D93, 0x6D93, 0x6DB3, 0x75B3, 0x75B3, 0x75D3, 0x7DF5, 0x75D4, 0x75B3, 0x75D3, 0x75B3, 0x75B3, 0x6DB3, 0x6DB3,
    0x6D92, 0x6D93, 0x6DB3, 0x6D93, 0x6D93, 0x75B3, 0x75B4, 0x75D4, 0x9636, 0x8615, 0x75D4, 0x6DD3, 0x75D3, 0x6DB3, 0x6DB3, 0x75B3,
    0x6D93, 0x6D93, 0x6D93, 0x6D93, 0x75B4, 0x75B3, 0x75D4, 0x7DF5, 0x6DD4, 0x6DB3, 0x6DB3, 0x6DB3, 0x75D4, 0x6DD3, 0x75F4, 0x8635,
    0x75B3, 0x6DB3, 0x6DB3, 0x6DB3, 0x6D93, 0x6DB3, 0x75B3, 0x75D4, 0x6DB3, 0x6DD3, 0x75D4, 0x75D3, 0x6DB3, 0x6DB3, 0x6DD3, 0x75F4,
    0x75D4, 0x75B3, 0x6DB3, 0x6D93, 0x75B3, 0x75B3, 0x6DB3, 0x6DB3, 0x7DF4, 0x75D4, 0x6DB3, 0x6DB3, 0x75D4, 0x6DB3, 0x6DB3, 0x6DB3,
    0x7DD4, 0x75B3, 0x6DB3, 0x6D93, 0x6D93, 0x6DB3, 0x6DB3, 0x6DB3, 0x75D4, 0x75D4, 0x6DB3, 0x6DB3, 0x75B3, 0x6DB3, 0x6D93, 0x6D93,
    0x6DB3, 0x7DD4, 0x7DD4, 0x6DB3, 0x6DB3, 0x6DB3, 0x6DB3, 0x6DB3, 0x7DF4, 0x75D4, 0x6DB3, 0x6DB3, 0x75B3, 0x6DB3, 0x6DB3, 0x6DB3,
    0x6D93, 0x7DF4, 0x7DF4, 0x6DB3, 0x6593, 0x6D93, 0x6DB3, 0x6DB3, 0x7E15, 0x75D4, 0x6DB3, 0x6DB3, 0x6DB3, 0x6DB3, 0x75D4, 0x7DD4,
    0x6DB3, 0x6DB3, 0x6DB3, 0x6DB3, 0x6DB3, 0x6DB3, 0x6DB3, 0x75D3, 0x6DB3, 0x6DB3, 0x6DB3, 0x6DB3, 0x6D93, 0x6D93, 0x75B3, 0x7DD4,
    0x6DB3, 0x6D93, 0x6D93, 0x6DB3, 0x6DB3, 0x6DB3, 0x6DB3, 0x6DB3, 0x6DB3, 0x6DB3, 0x75B3, 0x75B3, 0x75B3, 0x6D93, 0x6DB3, 0x75B3,
    0x6D93, 0x6D93, 0x6D93, 0x6DB3, 0x75D3, 0x75D4, 0x75D3, 0x6DB3, 0x6592, 0x6DB3, 0x75B3, 0x6D93, 0x75B3, 0x6D93, 0x6D93, 0x75D3,
    0x6D93, 0x75B3, 0x6DD3, 0x6592, 0x6DB3, 0x6DB3, 0x6DB3, 0x6DB3, 0x6DB3, 0x6DB3, 0x6DB3, 0x6DB3, 0x6DB3, 0x75B3, 0x75B3, 0x6DB3,
    0x6DB3, 0x7DF4, 0x7DD4, 0x6592, 0x6DB3, 0x6DB3, 0x6DB3, 0x6DB3, 0x8E36, 0x7DF4, 0x6DB3, 0x6DB3, 0x6D93, 0x7DD4, 0x7DD4, 0x75B3,
    0x75D4, 0x75B4, 0x6DB3, 0x6DD3, 0x6DB3, 0x6DB3, 0x6DB3, 0x6DB3, 0x75D4, 0x75D3, 0x75B3, 0x75B3, 0x6DB3, 0x75B3, 0x6DB3, 0x6DB3
};

const short ground_tile_233[TILE_SIZE * TILE_SIZE] = {
    0x75B3, 0x6D93, 0x6D93, 0x75B3, 0x7DD4, 0x75B3, 0x6DB3, 0x6DB3, 0x6D93, 0x6DB3, 0x6D93, 0x6D92, 0x75D4, 0x75D3, 0x75D4, 0x75D4,
    0x6DB3, 0x6DB3, 0x75B3, 0x75D3, 0x75D3, 0x6DB3, 0x6DB3, 0x75D4, 0x75B3, 0x75B3, 0x75B3, 0x75B3, 0x75B3, 0x75B3, 0x75D3, 0x75D4,
    0x75D3, 0x6DB3, 0x6DB3, 0x75B3, 0x6DB3, 0x6DB3, 0x6DB3, 0x6DB3, 0x6DB3, 0x6DB3, 0x6DB3, 0x75D3, 0x7E15, 0x7DF4, 0x75D4, 0x75D4,
    0x75D4, 0x75B3, 0x6D93, 0x6DB3, 0x6DB3, 0x6DB3, 0x6D93, 0x6D93, 0x6DB3, 0x75B3, 0x75D3, 0x75D4, 0x9656, 0x8616, 0x75F4, 0x75D3,
    0x75D4, 0x75D4, 0x75D4, 0x75D3, 0x6D93, 0x6D93, 0x6D93, 0x6DB3, 0x75B3, 0x6DB3, 0x75D4, 0x7DF4, 0x75D4, 0x75D4, 0x75D4, 0x6DB3,
    0x6DD4, 0x6DD4, 0x6DB3, 0x6DB3, 0x75D4, 0x6DB3, 0x6DB3, 0x6DB3, 0x6DB3, 0x6DB3, 0x75B4, 0x75D4, 0x6DD4, 0x6DD4, 0x75D4, 0x75D4,
    0x6DB3, 0x6DD3, 0x6DD3, 0x6DB3, 0x8615, 0x75D4, 0x6DB3, 0x6DB3, 0x6DB3, 0x75B3, 0x75B3, 0x75D4, 0x7E15, 0x75D4, 0x6DB3, 0x6DB3,
    0x6DB3, 0x6DB3, 0x75D3, 0x75D4, 0x7DF4, 0x75B3, 0x6DB3, 0x75B3, 0x6DB3, 0x6DB3, 0x6DB3, 0x6DD4, 0x8615, 0x75D4, 0x6DB3, 0x6DB3,
    0x6D93, 0x6D93, 0x6D93, 0x6DB3, 0x6DB3, 0x75D3, 0x75D3, 0x6DB3, 0x75D3, 0x75D3, 0x6DD3, 0x75D4, 0x8615, 0x7DF4, 0x6DB3, 0x6DB3,
    0x6D93, 0x6D93, 0x6D93, 0x6D93, 0x6DB3, 0x7DF4, 0x7DF4, 0x6DD3, 0x6DD3, 0x6DD3, 0x6DB3, 0x75D4, 0x8615, 0x75D4, 0x6DB3, 0x6DB3,
    0x75B3, 0x6D93, 0x6D93, 0x6D93, 0x6DB3, 0x6DB3, 0x6DB3, 0x6DB3, 0x6DB3, 0x6DB3, 0x6DB3, 0x6DB3, 0x6593, 0x6593, 0x6D93, 0x6DB3,
    0x75D3, 0x75B3, 0x6DB3, 0x6D93, 0x6DB3, 0x6DB3, 0x6DB3, 0x6DB3, 0x6DB3, 0x6DB3, 0x6D93, 0x6592, 0x6593, 0x6DB3, 0x6DB3, 0x75B3,
    0x75D4, 0x6DB3, 0x6DB3, 0x75D3, 0x6DB3, 0x6DB3, 0x6DB3, 0x6DB3, 0x7DF4, 0x7DF4, 0x75D4, 0x6592, 0x6592, 0x6DB3, 0x75D3, 0x6DB3,
    0x6DB3, 0x6DB3, 0x6D92, 0x6DB3, 0x6DD3, 0x6DD3, 0x6DB3, 0x6DB3, 0x6DB3, 0x6DB3, 0x6DB3, 0x75D3, 0x6DB3, 0x6DB3, 0x6D93, 0x6DB3,
    0x6DB3, 0x6DB3, 0x6DB3, 0x6DB3, 0x75D4, 0x8615, 0x7DF5, 0x6DB3, 0x6DB3, 0x6DB3, 0x6DB3, 0x75D3, 0x8E36, 0x7DF4, 0x6DB3, 0x75B3,
    0x6D93, 0x6DB3, 0x75D3, 0x75D4, 0x7DF4, 0x75D4, 0x75D4, 0x75F4, 0x6DD3, 0x6DD3, 0x75D3, 0x75B3, 0x7DF4, 0x75D4, 0x75B3, 0x75D3
};

const short ground_tile_234[TILE_SIZE * TILE_SIZE] = {
    0x6DD3, 0x6DB3, 0x75D3, 0x75D3, 0x75D3, 0x75B3, 0x75D3, 0x7DF4, 0x7DF4, 0x75D4, 0x6D93, 0x6D93, 0x6D93, 0x6DB3, 0x75D3, 0x6DB3,
    0x75D4, 0x6DB3, 0x6DB3, 0x6DB3, 0x75D4, 0x75B3, 0x75B3, 0x75D3, 0x75D3, 0x6DB3, 0x6D93, 0x75B3, 0x75B4, 0x75B4, 0x75B3, 0x75D3,
    0x75D3, 0x6DB3, 0x6DB3, 0x6DB3, 0x7DF4, 0x75B3, 0x6DB3, 0x75B3, 0x6DB3, 0x6DB3, 0x6DB3, 0x6DB3, 0x6DB3, 0x75B3, 0x6DB3, 0x75D3,
    0x75D3, 0x6DB3, 0x65B3, 0x75D4, 0x9656, 0x7DF4, 0x75D3, 0x7DF4, 0x6D93, 0x6DB3, 0x6DB3, 0x6D93, 0x6DB3, 0x6DB3, 0x6DB3, 0x75B3,
    0x6DB3, 0x6DB3, 0x7DF4, 0x9656, 0x7DF5, 0x75D4, 0x75D4, 0x75B3, 0x6D93, 0x6D93, 0x6D93, 0x6D93, 0x75D4, 0x75B3, 0x6DB3, 0x75D4,
    0x6DD3, 0x6DB3, 0x6DB3, 0x75D4, 0x6DD3, 0x6DD3, 0x6DB3, 0x6DB3, 0x75B4, 0x75B3, 0x6DB3, 0x6D93, 0x6D93, 0x6DB3, 0x75B3, 0x6DB3,
    0x6DB3, 0x75D3, 0x6DB3, 0x6DB3, 0x6DD3, 0x6DB3, 0x6DB3, 0x6DB3, 0x7DD4, 0x75B3, 0x6D93, 0x6D93, 0x6D93, 0x6DB3, 0x6DB3, 0x6DB3,
    0x75B3, 0x6DB3, 0x6DB3, 0x6DB3, 0x6DB3, 0x6DD3, 0x75F4, 0x7E15, 0x7DD4, 0x75B3, 0x6DB3, 0x6DB3, 0x6DB3, 0x6DB3, 0x6DB3, 0x6DB3,
    0x6DB3, 0x75B3, 0x75B3, 0x6DB3, 0x75B3, 0x6DB3, 0x6DB3, 0x75B3, 0x6DB3, 0x75D4, 0x75D4, 0x6DB3, 0x6DB3, 0x6DB3, 0x6DB3, 0x75D4,
    0x6DB3, 0x6DB3, 0x75D4, 0x7DF4, 0x75B3, 0x6DB3, 0x6DB3, 0x6593, 0x6DB3, 0x75D4, 0x75D4, 0x6DB3, 0x6DB3, 0x6DB3, 0x6DB3, 0x6DD3,
    0x6D93, 0x6DB3, 0x75D4, 0x85F5, 0x6D93, 0x6DB3, 0x6DB3, 0x6D93, 0x6DB3, 0x6D93, 0x6593, 0x6DB3, 0x6DB3, 0x6DB3, 0x6DB3, 0x75D3,
    0x75B3, 0x6DB3, 0x75D3, 0x75D4, 0x75D3, 0x6DB3, 0x6D93, 0x6D93, 0x6DB3, 0x6D93, 0x6D93, 0x6DB3, 0x6DB3, 0x6DB3, 0x6D92, 0x6572,
    0x75B3, 0x6D93, 0x6DB3, 0x6DB3, 0x75F4, 0x6DB3, 0x6D72, 0x6D93, 0x6DB3, 0x6D93, 0x6D93, 0x6DD3, 0x75D3, 0x75B3, 0x6D93, 0x6572,
    0x6D93, 0x75D4, 0x75D4, 0x6DB3, 0x6DB3, 0x6D93, 0x6D93, 0x6DB3, 0x6D93, 0x6DB3, 0x6DB3, 0x6593, 0x6592, 0x6D93, 0x6DB3, 0x6DB2,
    0x75B3, 0x7DF4, 0x7DF4, 0x75D4, 0x6D93, 0x6D93, 0x6D93, 0x6D93, 0x6DB3, 0x7DF4, 0x75D4, 0x6592, 0x6593, 0x6DB3, 0x6D93, 0x6D93,
    0x75B3, 0x75B3, 0x75B3, 0x75B3, 0x6D93, 0x6D93, 0x6D93, 0x6DB3, 0x75D4, 0x75B4, 0x6DB3, 0x6DD3, 0x6DB3, 0x6DB3, 0x6D93, 0x6D93
};

const short ground_tile_235[TILE_SIZE * TILE_SIZE] = {
    0x75D4, 0x75D4, 0x75B3, 0x6DB3, 0x6D93, 0x6D93, 0x6DB3, 0x6DB3, 0x6DB3, 0x6D93, 0x6D93, 0x75B3, 0x85F5, 0x7DD4, 0x75B3, 0x6D93,
    0x75D3, 0x75B3, 0x75B3, 0x75B3, 0x75B3, 0x6DB3, 0x6DB3, 0x6DB3, 0x6DB3, 0x6DB3, 0x6DB3, 0x75D3, 0x7DF4, 0x75D4, 0x75B3, 0x75D4,
    0x8615, 0x7DF4, 0x75D3, 0x75D4, 0x75B4, 0x6DB3, 0x6DB3, 0x6DB3, 0x7DF4, 0x75B3, 0x6DB3, 0x6DB3, 0x6DB3, 0x6DB3, 0x6DB3, 0x75B3,
    0x9E77, 0x8615, 0x75B4, 0x6DB3, 0x75D4, 0x6D93, 0x6D93, 0x7DF4, 0x9E77, 0x7DD4, 0x6592, 0x6DB3, 0x6D93, 0x6DB3, 0x6DB3, 0x6D93,
    0x75D4, 0x75D4, 0x75B3, 0x6DB3, 0x75D4, 0x75D3, 0x7DF4, 0x8635, 0x6DB3, 0x6DB3, 0x6DB3, 0x6DB3, 0x6DB3, 0x6DB3, 0x6DB3, 0x75B3,
    0x6DB3, 0x75B3, 0x75B3, 0x75B3, 0x75D3, 0x6DB3, 0x6DB3, 0x6DD3, 0x6DB3, 0x6DD3, 0x6DD4, 0x75D4, 0x75D4, 0x6DB3, 0x6D93, 0x6DB3,
    0x6DB3, 0x6DB3, 0x6DB3, 0x6DB3, 0x6DB3, 0x75B3, 0x75B3, 0x6DB3, 0x75D4, 0x6DD4, 0x6DB3, 0x6DB3, 0x8615, 0x75D3, 0x6D93, 0x6D93,
    0x75B3, 0x6DB3, 0x6DB3, 0x6DB3, 0x75B3, 0x75B3, 0x6DB3, 0x6DB3, 0x75D4, 0x75D4, 0x6DD3, 0x6DD3, 0x7DF4, 0x75D3, 0x6DB3, 0x6DB3,
    0x7DF5, 0x75D4, 0x6DB3, 0x6DB3, 0x75B3, 0x75B3, 0x75D3, 0x75B3, 0x6DB3, 0x6DB3, 0x6D93, 0x6DB3, 0x6DB3, 0x75D4, 0x75D4, 0x6DB3,
    0x85F5, 0x75B4, 0x6D93, 0x6DB3, 0x6DB3, 0x6DB3, 0x75D4, 0x7DF4, 0x6DB3, 0x6D93, 0x6D93, 0x6592, 0x6593, 0x75F4, 0x7DF4, 0x6DB3,
    0x6D92, 0x6D92, 0x6DB3, 0x75B3, 0x6D93, 0x6DB3, 0x75D4, 0x85F5, 0x6DB3, 0x6D93, 0x6D93, 0x6593, 0x6DB3, 0x6DB3, 0x6DB3, 0x6DB3,
    0x6DB3, 0x6DB3, 0x75B3, 0x75B3, 0x75B3, 0x75B3, 0x75B3, 0x75B3, 0x75B3, 0x6DB3, 0x6D93, 0x6DB3, 0x6DB3, 0x6DB3, 0x75B3, 0x75D4,
    0x6592, 0x6DB3, 0x6DB3, 0x6DB3, 0x75B3, 0x6D93, 0x6D93, 0x75B3, 0x75D3, 0x6D92, 0x6D92, 0x6DB3, 0x6DB3, 0x6DB3, 0x6DB3, 0x75B3,
    0x6DB3, 0x6D93, 0x6DB3, 0x6DB3, 0x75D4, 0x6DB3, 0x6D93, 0x6D92, 0x6D92, 0x6592, 0x6D93, 0x6DB3, 0x6DB3, 0x75D4, 0x75D4, 0x6DD3,
    0x8615, 0x7DD4, 0x6DB3, 0x6DB3, 0x6DB3, 0x75B3, 0x75B3, 0x6D93, 0x6D93, 0x6D93, 0x6DB3, 0x6DB3, 0x75D4, 0x8615, 0x8615, 0x6DD3,
    0x75D3, 0x75D3, 0x75B3, 0x75B3, 0x75B3, 0x75B3, 0x75B3, 0x6DB3, 0x6D92, 0x6D93, 0x6DB3, 0x75B3, 0x8615, 0x7DF4, 0x75D4, 0x75D4
};

const short ground_tile_236[TILE_SIZE * TILE_SIZE] = {
    0x6DB3, 0x6DB3, 0x6DB3, 0x6D92, 0x75B3, 0x75B3, 0x75D4, 0x75D4, 0x75D3, 0x6DB3, 0x6DB3, 0x6DB3, 0x75B3, 0x75B3, 0x75B3, 0x75B3,
    0x75D3, 0x75B3, 0x75B3, 0x75B3, 0x6DB3, 0x6DB3, 0x75B3, 0x75D4, 0x75D3, 0x75B3, 0x6DB3, 0x6DB3, 0x75D3, 0x75B3, 0x6DB3, 0x6DB3,
    0x6DB3, 0x75B3, 0x75B3, 0x75D3, 0x7DF4, 0x7DD4, 0x75D4, 0x75D3, 0x75D3, 0x75B3, 0x6DB3, 0x75B3, 0x75B3, 0x6DB3, 0x6DB3, 0x6DB3,
    0x6D93, 0x6DB3, 0x75D3, 0x7DF4, 0x9656, 0x8615, 0x75F4, 0x75D3, 0x75D4, 0x6DB3, 0x6DB3, 0x7DF4, 0x7DD4, 0x75D4, 0x75D4, 0x75D4,
    0x75B3, 0x75B3, 0x75B3, 0x75D4, 0x75D4, 0x75D4, 0x75B3, 0x6DB3, 0x75D3, 0x75D3, 0x75D3, 0x7DF4, 0x6DB3, 0x75D4, 0x75F4, 0x75D4,
    0x6D93, 0x6DB3, 0x75B3, 0x75B3, 0x6DD3, 0x75B3, 0x75B3, 0x75D3, 0x75B3, 0x6DB3, 0x6DB3, 0x6DD3, 0x6DD3, 0x6DD3, 0x6DD3, 0x75D4,
    0x6D93, 0x6DB3, 0x6DB3, 0x75B3, 0x75D3, 0x75B3, 0x6DB3, 0x6DB3, 0x75B3, 0x75D3, 0x75B3, 0x6DB3, 0x75D4, 0x6DD3, 0x6DB3, 0x6DB3,
    0x6DB3, 0x6DB3, 0x6DB3, 0x75D3, 0x75D3, 0x75B3, 0x6DB3, 0x75B3, 0x75B3, 0x75B3, 0x6DB3, 0x6DB3, 0x75D4, 0x6DD3, 0x75D4, 0x7E15,
    0x6DB3, 0x6DB3, 0x6DB3, 0x75D4, 0x7DF5, 0x75D4, 0x6DB3, 0x6DB3, 0x6DB3, 0x6DB3, 0x6DB3, 0x6DB3, 0x6DB3, 0x6DB3, 0x6DB3, 0x6DB3,
    0x6DB3, 0x6DB3, 0x6DB3, 0x6DB3, 0x7E15, 0x75D4, 0x6DB3, 0x6DB3, 0x6DB3, 0x6DB3, 0x75D3, 0x7DF4, 0x6DB3, 0x6D93, 0x6D92, 0x6592,
    0x6DB3, 0x6D93, 0x6D93, 0x6D93, 0x6593, 0x6D93, 0x6DB3, 0x6DB3, 0x6DB3, 0x6DB3, 0x75D4, 0x7DF5, 0x6DB3, 0x6D93, 0x6D93, 0x6D93,
    0x75B3, 0x6DB3, 0x6D93, 0x6D72, 0x6D93, 0x6DB3, 0x6DB3, 0x6DB3, 0x75D4, 0x6DB3, 0x75D4, 0x7DF4, 0x75D4, 0x6DB3, 0x6D92, 0x6D93,
    0x75F4, 0x75D4, 0x75B3, 0x6D93, 0x6D93, 0x75B3, 0x75D4, 0x75B3, 0x75B3, 0x6D93, 0x6DB3, 0x75F4, 0x6DD4, 0x6D93, 0x6572, 0x6D72,
    0x6DB3, 0x6DB3, 0x75B3, 0x75D3, 0x6DB3, 0x6DB3, 0x6D93, 0x6D93, 0x6DB3, 0x6DB3, 0x6DB3, 0x6DB3, 0x6DB3, 0x6D93, 0x6D93, 0x6D93,
    0x75B3, 0x6DB3, 0x75B3, 0x75D4, 0x8E36, 0x7DF4, 0x6DB3, 0x6DB3, 0x6DB3, 0x75D4, 0x75B4, 0x6DB3, 0x6DB3, 0x6DB3, 0x6DB3, 0x75B3,
    0x75D4, 0x75D4, 0x6DB3, 0x6DD3, 0x8635, 0x7DF4, 0x75D3, 0x75D3, 0x75D3, 0x75B3, 0x6DB3, 0x6DB3, 0x6D93, 0x6D93, 0x6DB3, 0x75D3
};

const short ground_tile_237[TILE_SIZE * TILE_SIZE] = {
    0x7DF4, 0x75D4, 0x6DB3, 0x6D92, 0x6D92, 0x75B3, 0x75B3, 0x6D93, 0x6DB3, 0x6DB3, 0x6DD3, 0x75D3, 0x6DB3, 0x6DB3, 0x75B3, 0x6DB3,
    0x75D3, 0x6D93, 0x6D93, 0x6DB3, 0x75B3, 0x75B3, 0x75B3, 0x75D3, 0x6DB3, 0x6DB3, 0x75B3, 0x75B3, 0x75B3, 0x6DB3, 0x6D93, 0x6DB3,
    0x6DB3, 0x6DB3, 0x6DB3, 0x6DB3, 0x6DB3, 0x75B3, 0x75D3, 0x75D4, 0x7DF4, 0x75D4, 0x75B3, 0x75B3, 0x6DB3, 0x6DB3, 0x6D92, 0x6DB3,
    0x6DB3, 0x75B3, 0x6DB3, 0x6D93, 0x6DB3, 0x75B3, 0x75B3, 0x75D4, 0x9E77, 0x8E15, 0x75B3, 0x6DB3, 0x6DB3, 0x6592, 0x6572, 0x6DB3,
    0x6DB3, 0x6D93, 0x6D93, 0x6DB3, 0x75D4, 0x75B3, 0x75B3, 0x75B3, 0x75D4, 0x75D3, 0x6DB3, 0x6DB3, 0x6DB3, 0x6DB3, 0x75D4, 0x8615,
    0x75B3, 0x6DB3, 0x6D93, 0x6D93, 0x6D93, 0x6D93, 0x6DB3, 0x6DB3, 0x6DB3, 0x6DB3, 0x6DB3, 0x6DB3, 0x6DB3, 0x6DB3, 0x75B3, 0x75D4,
    0x7DD4, 0x75B3, 0x6D93, 0x6D93, 0x6D93, 0x75B3, 0x75B3, 0x6DB3, 0x75B3, 0x6DB3, 0x6D93, 0x6DB3, 0x6DB3, 0x75D3, 0x75D4, 0x6DD3,
    0x8615, 0x75D4, 0x6DB3, 0x6D93, 0x6DB3, 0x75D3, 0x75B3, 0x6DB3, 0x6D93, 0x6D93, 0x6DB3, 0x6DD3, 0x75D3, 0x75D4, 0x6DD3, 0x6DB3,
    0x6DB3, 0x7DF4, 0x75D4, 0x6DB3, 0x6DB3, 0x6DD3, 0x75D3, 0x75D4, 0x7E15, 0x75D4, 0x6DB3, 0x6DB3, 0x75B3, 0x75D3, 0x75D3, 0x75B3,
    0x6593, 0x75D4, 0x75F4, 0x65B3, 0x6DB3, 0x6DB3, 0x6DD3, 0x75D4, 0x8635, 0x7DF4, 0x6DB3, 0x6DB3, 0x6DB3, 0x6DB3, 0x75D4, 0x7DF4,
    0x6DB3, 0x6D93, 0x6592, 0x65B3, 0x6DD3, 0x6DB3, 0x75B3, 0x75D3, 0x6DB3, 0x6DB3, 0x6DB3, 0x75D4, 0x6DB3, 0x6DB3, 0x75D4, 0x85F4,
    0x6DB3, 0x6D93, 0x6D93, 0x6D93, 0x6DB3, 0x6D93, 0x6D92, 0x6D92, 0x6D93, 0x6DB3, 0x75D3, 0x75D3, 0x75B3, 0x6DB3, 0x6DB3, 0x75B3,
    0x6DB3, 0x6D93, 0x6D93, 0x6D93, 0x75B3, 0x6DB3, 0x6D92, 0x6592, 0x6592, 0x6DB3, 0x75D3, 0x75B3, 0x6D93, 0x6D92, 0x6592, 0x6DB3,
    0x6D93, 0x75B3, 0x6DB3, 0x6592, 0x6DB3, 0x6D92, 0x6D92, 0x6DB3, 0x6DB3, 0x6DB3, 0x6DB3, 0x6DB3, 0x6D93, 0x75B3, 0x75B3, 0x6DB3,
    0x75D4, 0x7DF4, 0x7DD4, 0x6592, 0x6DB3, 0x6DB3, 0x6D93, 0x6D92, 0x8E15, 0x7DD4, 0x6DB3, 0x75D3, 0x75B3, 0x7DF4, 0x7DF4, 0x75B3,
    0x7DF5, 0x75D4, 0x6DB3, 0x6DB3, 0x6DD3, 0x6DB3, 0x6D93, 0x6D92, 0x75D3, 0x75D3, 0x75D3, 0x75D4, 0x75D3, 0x75D4, 0x75D4, 0x6DB3
};

const short ground_tile_238[TILE_SIZE * TILE_SIZE] = {
    0x75B3, 0x6DB3, 0x6DB3, 0x75D4, 0x7DD4, 0x75B3, 0x6DB3, 0x6DB3, 0x6D93, 0x6DB3, 0x6DB3, 0x6D92, 0x75B3, 0x75B3, 0x75B3, 0x6DB3,
    0x6D93, 0x6D93, 0x6DB3, 0x75B3, 0x7DD4, 0x6DB3, 0x6DB3, 0x75D4, 0x75D4, 0x75B3, 0x75B3, 0x75B3, 0x6DB3, 0x6DB3, 0x75B3, 0x75B3,
    0x7DD4, 0x75D3, 0x6DB3, 0x6DB3, 0x6DB3, 0x6DB3, 0x6DB3, 0x75B3, 0x75D3, 0x75B3, 0x75B3, 0x75B3, 0x7DF4, 0x75D4, 0x75B3, 0x75D3,
    0x9E77, 0x7DF4, 0x6DB3, 0x75F4, 0x6DB3, 0x6DB3, 0x6DB3, 0x6DB3, 0x75D4, 0x6DB3, 0x6D93, 0x6D93, 0x9656, 0x8615, 0x7DD4, 0x75B3,
    0x75D4, 0x75D3, 0x75B3, 0x75B3, 0x6DB3, 0x6DB3, 0x6DB3, 0x6DB3, 0x75D4, 0x6DB3, 0x6D93, 0x6D93, 0x75D3, 0x75D4, 0x75B3, 0x6DB3,
    0x6DD3, 0x6DB3, 0x6DB3, 0x75B3, 0x75D4, 0x75D3, 0x6DB3, 0x6DB3, 0x6D93, 0x75B4, 0x75D4, 0x75D4, 0x75D3, 0x75D4, 0x75D4, 0x75D4,
    0x75D4, 0x75D3, 0x6DB3, 0x6DB3, 0x8615, 0x7DF4, 0x75B3, 0x6DB3, 0x6DB3, 0x75B3, 0x75D4, 0x7DF4, 0x75D4, 0x75D3, 0x75D3, 0x75D4,
    0x75D4, 0x75D4, 0x6DB3, 0x6DB3, 0x85F5, 0x7DD4, 0x75B3, 0x6DB3, 0x6DB3, 0x75B3, 0x75D4, 0x7DF4, 0x7DD4, 0x75D4, 0x75D3, 0x75D3,
    0x6DB3, 0x6DB3, 0x6D93, 0x6D93, 0x75D3, 0x7DF4, 0x7DF4, 0x6DB3, 0x6DB3, 0x75B3, 0x75D3, 0x75D4, 0x8615, 0x7DF4, 0x75B3, 0x6DB3,
    0x6DB3, 0x6DB3, 0x6D93, 0x6592, 0x6D93, 0x7DF4, 0x7DF4, 0x6DB3, 0x6DB3, 0x6DB3, 0x6DB3, 0x75D3, 0x8E36, 0x7DF5, 0x75D4, 0x75D3,
    0x75B3, 0x6D93, 0x6D92, 0x6D93, 0x6DB3, 0x6DB3, 0x6D92, 0x6592, 0x6D92, 0x6D92, 0x6DB3, 0x75D3, 0x6D92, 0x6D93, 0x6DB3, 0x6DD3,
    0x75B3, 0x75B3, 0x6DB3, 0x6D93, 0x6DB3, 0x6DB3, 0x6DB3, 0x6D93, 0x6DB3, 0x6D93, 0x6D92, 0x6592, 0x6592, 0x6DB3, 0x75D4, 0x75D4,
    0x75B3, 0x6D72, 0x6D72, 0x75B3, 0x6DB3, 0x6DB3, 0x75B3, 0x75B3, 0x75D3, 0x6DB3, 0x6D92, 0x6572, 0x6592, 0x6DB3, 0x75B3, 0x6DB3,
    0x6D92, 0x6D92, 0x6D92, 0x6D93, 0x6DB3, 0x6DB3, 0x6DB3, 0x6DB3, 0x6DB3, 0x6DB3, 0x6D93, 0x6DB3, 0x6DB3, 0x6DB3, 0x6DB3, 0x6DB3,
    0x6D93, 0x6DB3, 0x6D93, 0x6D92, 0x75D3, 0x7E15, 0x7DF4, 0x6DB3, 0x6DB3, 0x6DB3, 0x6DB3, 0x75D4, 0x8E15, 0x75D4, 0x6DB3, 0x6DB3,
    0x6D92, 0x6D93, 0x6D93, 0x6DB3, 0x75D4, 0x75D4, 0x75D4, 0x6DD3, 0x75D3, 0x6DB3, 0x6DB3, 0x6D93, 0x75D4, 0x75D4, 0x75B3, 0x75B3
};

const short ground_tile_239[TILE_SIZE * TILE_SIZE] = {
    0x6DB3, 0x75B3, 0x75B3, 0x6DB3, 0x6DB3, 0x6DB3, 0x75B3, 0x75D3, 0x7DD4, 0x75D3, 0x6DB3, 0x6DB3, 0x6DB3, 0x75B3, 0x75D3, 0x75D3,
    0x75B3, 0x6D93, 0x6D93, 0x6DB3, 0x6DB3, 0x6DB3, 0x75B3, 0x75D3, 0x75D4, 0x6DB3, 0x6DB3, 0x75B3, 0x7DD4, 0x75D4, 0x7DD4, 0x7DF4,
    0x75B3, 0x6DB3, 0x6DB3, 0x6DB3, 0x75D4, 0x75D3, 0x75B3, 0x75B3, 0x75B3, 0x6DB3, 0x6DB3, 0x6DB3, 0x6DB3, 0x75B3, 0x75B3, 0x75D4,
    0x75D4, 0x6DB3, 0x6D92, 0x75B3, 0x8615, 0x7DF4, 0x75D4, 0x75D4, 0x6D93, 0x6DB3, 0x75B3, 0x75B3, 0x75B3, 0x75B3, 0x75B3, 0x6D93,
    0x75D4, 0x75D3, 0x7DF4, 0x8E35, 0x75D4, 0x75D4, 0x6DD3, 0x6D93, 0x6DB3, 0x6D93, 0x6D93, 0x6DB3, 0x75B3, 0x75B3, 0x7593, 0x6D92,
    0x75D3, 0x6DB3, 0x75B3, 0x75D4, 0x6DB3, 0x6D93, 0x6D93, 0x6DB3, 0x75B3, 0x6DB3, 0x6D93, 0x6D93, 0x6D93, 0x6D93, 0x75B3, 0x75B3,
    0x75D4, 0x75D4, 0x75D3, 0x6D93, 0x6DB3, 0x6D93, 0x6593, 0x6DB3, 0x75B3, 0x6DB3, 0x6D93, 0x6D92, 0x75B3, 0x75B3, 0x75B3, 0x75D4,
    0x75D3, 0x75B3, 0x6DB3, 0x6DB3, 0x6D93, 0x6DB3, 0x75D4, 0x8615, 0x75D4, 0x75B3, 0x6DB3, 0x6592, 0x6DB3, 0x6DB3, 0x75D3, 0x75D3,
    0x75B3, 0x75B3, 0x6DB3, 0x6DB3, 0x6DB3, 0x6DB3, 0x6DB3, 0x6DB3, 0x6D93, 0x75D4, 0x75D4, 0x6D93, 0x6DB3, 0x6DB3, 0x75D3, 0x75F4,
    0x75D3, 0x6DB3, 0x75D4, 0x7DD4, 0x75B4, 0x6DB3, 0x6D93, 0x6572, 0x6592, 0x75D4, 0x75D4, 0x6D93, 0x6D93, 0x6D93, 0x6DB3, 0x75F4,
    0x6DB3, 0x6DB3, 0x75F4, 0x8615, 0x75D4, 0x75B3, 0x6D93, 0x6D93, 0x6DB3, 0x6D92, 0x6592, 0x6592, 0x6DB3, 0x6D92, 0x75D3, 0x8635,
    0x6DB3, 0x6DB3, 0x75D3, 0x75D4, 0x75D4, 0x6D93, 0x6D92, 0x6D92, 0x6DB3, 0x6D93, 0x6D93, 0x6DB3, 0x75D3, 0x75B3, 0x6DB3, 0x6DB3,
    0x75B3, 0x6DB3, 0x6DB3, 0x75B3, 0x6DB3, 0x6572, 0x6552, 0x6572, 0x6DB3, 0x6DB3, 0x75B3, 0x75D4, 0x75D4, 0x7DD4, 0x75D3, 0x6DB3,
    0x75D3, 0x7DF4, 0x7DD4, 0x6DB3, 0x6D93, 0x6D93, 0x6D92, 0x6D93, 0x6D92, 0x75D3, 0x75D4, 0x6DB3, 0x6DB3, 0x6DB3, 0x6DB3, 0x6DB3,
    0x6DB3, 0x7DF5, 0x8615, 0x7DD4, 0x6D93, 0x6DB3, 0x75D3, 0x75D3, 0x6DB3, 0x85F5, 0x7DF5, 0x6DB3, 0x6DB3, 0x6DB3, 0x75D3, 0x6DB3,
    0x6DB3, 0x75B3, 0x75D3, 0x75B3, 0x6D92, 0x6D93, 0x75B3, 0x75D3, 0x7DF4, 0x75D4, 0x75D4, 0x75D3, 0x6DB3, 0x6DB3, 0x75B3, 0x75D4
};

const short ground_tile_240[TILE_SIZE * TILE_SIZE] = {
    0x7DF4, 0x75B3, 0x6DB3, 0x7593, 0x6D93, 0x75B3, 0x75B3, 0x6DB3, 0x6DB3, 0x6D93, 0x6D93, 0x6DB3, 0x75D4, 0x75D4, 0x6DD3, 0x75D4,
    0x75B3, 0x75B3, 0x6D93, 0x75B3, 0x75B3, 0x75B3, 0x75D4, 0x75D4, 0x75B3, 0x6DB3, 0x6D93, 0x6DB3, 0x6DB3, 0x6DB3, 0x6DD3, 0x75D4,
    0x6D73, 0x6D93, 0x6D93, 0x6D93, 0x75D4, 0x75D4, 0x7DF4, 0x8E36, 0x7DF4, 0x6D93, 0x6D93, 0x75B3, 0x6D92, 0x6D93, 0x75B3, 0x75D4,
    0x8615, 0x75D4, 0x6D93, 0x6D93, 0x75D4, 0x7DF4, 0x7DF4, 0x7DD4, 0x6DB3, 0x6D93, 0x6D93, 0x6D93, 0x6D93, 0x6D93, 0x6DB3, 0x6DB3,
    0x75D4, 0x6DB3, 0x6D93, 0x6D93, 0x6D92, 0x6D93, 0x6DB3, 0x75D4, 0x6DB3, 0x6D93, 0x6592, 0x6D93, 0x7DD4, 0x75B3, 0x6D93, 0x75B3,
    0x6DB3, 0x6DB3, 0x6D93, 0x6592, 0x6D92, 0x6D93, 0x6DB3, 0x75D4, 0x75D4, 0x6DB3, 0x6593, 0x6DB3, 0x6DB3, 0x6D93, 0x6D93, 0x6DB3,
    0x6D93, 0x6DB3, 0x6DB3, 0x6D93, 0x7DF4, 0x75D3, 0x6DB3, 0x6DB3, 0x6DB3, 0x6D93, 0x6D93, 0x6D93, 0x6D93, 0x75B3, 0x75B3, 0x6D93,
    0x6DB3, 0x6DB3, 0x6DB3, 0x6DB3, 0x75B3, 0x6DB3, 0x6DB3, 0x6DB3, 0x6D93, 0x6D93, 0x6D93, 0x6D93, 0x6DB3, 0x75B3, 0x6DB3, 0x6DB3,
    0x75F4, 0x6DD4, 0x6DD4, 0x75D4, 0x75B3, 0x6DB3, 0x75D4, 0x7DF4, 0x6DB3, 0x6D93, 0x6572, 0x6D93, 0x6DB3, 0x75B3, 0x75D4, 0x75D4,
    0x9EB8, 0x8635, 0x75D4, 0x75D3, 0x6DD3, 0x75D3, 0x7DF4, 0x8615, 0x6D93, 0x6592, 0x6DB3, 0x75D4, 0x75D4, 0x75D4, 0x7DF4, 0x8615,
    0x75D4, 0x75D4, 0x75D3, 0x6DB3, 0x75B3, 0x75B3, 0x75D4, 0x75D3, 0x6DB3, 0x6D93, 0x6DB3, 0x6DB3, 0x6DB3, 0x6DB3, 0x6DB3, 0x6DB3,
    0x6DB3, 0x7DD4, 0x7DD4, 0x6DB3, 0x75B3, 0x75B3, 0x75D4, 0x75D4, 0x75B3, 0x6DB3, 0x6D93, 0x6592, 0x6D93, 0x6D93, 0x6D92, 0x6592,
    0x6D92, 0x6DB3, 0x6DB3, 0x6DB3, 0x6DB3, 0x6DB3, 0x6DB3, 0x75B3, 0x6DB3, 0x6592, 0x6592, 0x6592, 0x6D93, 0x6D93, 0x6D93, 0x6592,
    0x75D3, 0x75D3, 0x75B3, 0x6DB3, 0x6DB3, 0x7DD4, 0x7DF4, 0x75B3, 0x6DB3, 0x6D92, 0x6592, 0x6592, 0x6D93, 0x6DB3, 0x75B3, 0x6D93,
    0x75D4, 0x75D3, 0x75B3, 0x75B3, 0x75B3, 0x75B3, 0x75B3, 0x6DB3, 0x6D93, 0x6D93, 0x6D93, 0x75B3, 0x75B4, 0x6DB3, 0x6DB3, 0x75B3,
    0x6DB3, 0x6DB3, 0x75B3, 0x75B3, 0x75B3, 0x6D93, 0x6D93, 0x6D92, 0x6D93, 0x6D93, 0x6D93, 0x75B3, 0x7DD4, 0x6DB3, 0x6DB3, 0x75B3
};

const short ground_tile_241[TILE_SIZE * TILE_SIZE] = {
    0x6DD4, 0x75F4, 0x75F4, 0x75B3, 0x75B3, 0x6DB3, 0x6DB3, 0x6DB3, 0x75B3, 0x75D3, 0x75D3, 0x6DB3, 0x75D3, 0x6DB3, 0x6D93, 0x6DB3,
    0x7DF4, 0x75F4, 0x75D4, 0x75D3, 0x75B3, 0x6D93, 0x6DB3, 0x75D3, 0x75D4, 0x75D4, 0x75D4, 0x75F4, 0x75D3, 0x6D93, 0x6D92, 0x6DB3,
    0x7E15, 0x7DF4, 0x75F4, 0x75D4, 0x75B3, 0x75B3, 0x75B3, 0x75D3, 0x75F4, 0x75D4, 0x7DF4, 0x8E36, 0x75B3, 0x6D92, 0x6D92, 0x75B3,
    0x75D3, 0x75D3, 0x6DB3, 0x6D92, 0x6DB3, 0x6DB3, 0x6DB3, 0x6DB3, 0x75D4, 0x8615, 0x85F5, 0x75B3, 0x6DB3, 0x6D93, 0x6D92, 0x6D92,
    0x75D3, 0x6DB3, 0x6DB3, 0x6DB3, 0x7DF5, 0x75D4, 0x6D93, 0x6592, 0x6D92, 0x6DB3, 0x6DB3, 0x75B3, 0x6DB3, 0x6D93, 0x6D93, 0x75B3,
    0x75B3, 0x75B3, 0x75B3, 0x6DB3, 0x75B3, 0x6D93, 0x6572, 0x6572, 0x6572, 0x6D92, 0x6DB3, 0x75F4, 0x75D4, 0x6DB3, 0x6D93, 0x6D93,
    0x6DB3, 0x75B3, 0x75B3, 0x6D93, 0x6DB3, 0x6D93, 0x6592, 0x6D92, 0x75D3, 0x75B3, 0x6DB3, 0x6DB3, 0x75D4, 0x6DB3, 0x6D93, 0x6593,
    0x6DB3, 0x6DB3, 0x6DB3, 0x6DB3, 0x75B3, 0x6DB3, 0x6DB3, 0x6DB3, 0x75B3, 0x75B3, 0x75B3, 0x6DB3, 0x6DB3, 0x6D93, 0x6D93, 0x6D93,
    0x6DB3, 0x6DB3, 0x6DB3, 0x75D4, 0x75D4, 0x75D4, 0x75B3, 0x6DD3, 0x6DB3, 0x6DB3, 0x75D4, 0x7DF5, 0x6DB3, 0x6D93, 0x6572, 0x6592,
    0x6DD3, 0x6DB3, 0x6D93, 0x6D93, 0x6D93, 0x6D93, 0x6DB3, 0x75D3, 0x6DB3, 0x6DB3, 0x75D4, 0x8E15, 0x75B3, 0x6D93, 0x6DB3, 0x75D4,
    0x6DB3, 0x6DB3, 0x6DB3, 0x6D93, 0x6592, 0x6D93, 0x75B3, 0x75B3, 0x75B3, 0x6D93, 0x6D93, 0x6DB3, 0x75D3, 0x6DB3, 0x6D93, 0x6D93,
    0x6D93, 0x75B3, 0x75B3, 0x6DB3, 0x6592, 0x75B4, 0x7DD4, 0x6DB3, 0x6D93, 0x6D93, 0x6DB3, 0x6DB3, 0x75F4, 0x6DB3, 0x6D72, 0x6D93,
    0x6D92, 0x6D93, 0x6D93, 0x6D93, 0x6592, 0x6D93, 0x7593, 0x6D93, 0x6D93, 0x6D92, 0x6DB3, 0x75D3, 0x6D93, 0x6D93, 0x6D92, 0x6D93,
    0x6D92, 0x6DB3, 0x6D93, 0x6D92, 0x75B3, 0x6D93, 0x6D92, 0x6D92, 0x6572, 0x6D93, 0x6DB3, 0x6DB3, 0x75B3, 0x75D3, 0x6DB3, 0x6D92,
    0x6DB3, 0x6DB3, 0x6D93, 0x6572, 0x6D93, 0x6D93, 0x6D93, 0x6D93, 0x6D92, 0x6D92, 0x6D93, 0x6DB3, 0x6DB3, 0x75D3, 0x75D4, 0x75B3,
    0x75D4, 0x75D4, 0x75D3, 0x6DB3, 0x6DB3, 0x6D93, 0x6D93, 0x6DB3, 0x75B3, 0x6DB3, 0x6D93, 0x6D93, 0x75D3, 0x6DB3, 0x6D93, 0x6DB3
};

const short ground_tile_242[TILE_SIZE * TILE_SIZE] = {
    0x75B3, 0x6D93, 0x6D93, 0x6D93, 0x6DB3, 0x75B3, 0x75B3, 0x75D4, 0x75B3, 0x75B3, 0x75B3, 0x75B3, 0x75D3, 0x75B3, 0x75B3, 0x6DB3,
    0x6D93, 0x6D93, 0x6DB3, 0x75D4, 0x75D3, 0x75D3, 0x75B3, 0x6DB3, 0x7DF5, 0x7DF4, 0x75D4, 0x75D4, 0x75B3, 0x75B3, 0x75D3, 0x75D4,
    0x6572, 0x6D92, 0x7DD4, 0x8615, 0x7DD4, 0x75D3, 0x6DB3, 0x6DB3, 0xA677, 0x8E36, 0x75D4, 0x6DB3, 0x6DB3, 0x6DD3, 0x75D4, 0x7DF4,
    0x6D92, 0x6D93, 0x6D93, 0x6D93, 0x75B3, 0x75D4, 0x6DB3, 0x6D92, 0x75D4, 0x75F4, 0x6DD3, 0x6592, 0x75D4, 0x75D3, 0x6DB3, 0x6DB3,
    0x7DD4, 0x6D93, 0x6572, 0x6572, 0x6DB3, 0x6D93, 0x6DB3, 0x75D4, 0x6DB3, 0x6DB3, 0x6DB3, 0x6DB3, 0x6D93, 0x6D93, 0x6DB3, 0x7DD4,
    0x6D93, 0x6572, 0x6572, 0x6D93, 0x6D92, 0x6D93, 0x75B4, 0x75F4, 0x6DB3, 0x6DB3, 0x75B3, 0x6D93, 0x6593, 0x6592, 0x6D93, 0x6DB3,
    0x6D93, 0x6D93, 0x6D93, 0x6D72, 0x6DB3, 0x6DB3, 0x75D4, 0x75D4, 0x75D4, 0x85F5, 0x7DF4, 0x6D93, 0x6DB3, 0x6D93, 0x6D93, 0x6592,
    0x6593, 0x6D93, 0x6D93, 0x6D93, 0x75B3, 0x6DB3, 0x6DB3, 0x6DB3, 0x6DB3, 0x75D4, 0x75D4, 0x6DB3, 0x6DB3, 0x6DB3, 0x6DB3, 0x6DB3,
    0x6DB3, 0x6D93, 0x6D93, 0x6D93, 0x6DB3, 0x6D93, 0x6DB3, 0x6DD3, 0x75F4, 0x6DB3, 0x6DB3, 0x75D3, 0x6DB3, 0x6DB3, 0x75D3, 0x7DF4,
    0x6DB3, 0x6592, 0x6572, 0x6572, 0x6593, 0x6D93, 0x6D93, 0x6DB3, 0x9E98, 0x8E36, 0x75F4, 0x75D3, 0x6DB3, 0x6DB3, 0x7DD4, 0x8615,
    0x6592, 0x6572, 0x6572, 0x6592, 0x6DB3, 0x6DB3, 0x6DB3, 0x6572, 0x6DB3, 0x75D3, 0x75D3, 0x6DB3, 0x6DB3, 0x75B3, 0x75B3, 0x75D3,
    0x6DB3, 0x6D92, 0x6592, 0x6DB3, 0x75D4, 0x75D4, 0x6DB3, 0x6D93, 0x6DB3, 0x6DB3, 0x75B3, 0x6DB3, 0x6DD3, 0x75B3, 0x75D4, 0x7DF4,
    0x6D93, 0x6D93, 0x6D93, 0x6592, 0x6DB3, 0x6D93, 0x6DB3, 0x6DB3, 0x6DB3, 0x75B3, 0x75B3, 0x6DB3, 0x6DB3, 0x6D93, 0x75B3, 0x7DD4,
    0x75B3, 0x75D4, 0x75B3, 0x6572, 0x6D93, 0x6D93, 0x6DB3, 0x75B3, 0x75D4, 0x75D3, 0x75B3, 0x6DB3, 0x6D93, 0x75B3, 0x75B4, 0x75B3,
    0x75D4, 0x75B3, 0x6DB3, 0x6D93, 0x6D93, 0x6DB3, 0x6DB3, 0x6DB3, 0x75B3, 0x75B3, 0x75D3, 0x75B3, 0x6D93, 0x7593, 0x75B3, 0x6D93,
    0x6DB3, 0x6592, 0x6592, 0x6D93, 0x75D4, 0x75D4, 0x75D4, 0x75B3, 0x6DB3, 0x6DB3, 0x6DB3, 0x6DB3, 0x6D93, 0x6D92, 0x6592, 0x6D92
};

const short ground_tile_243[TILE_SIZE * TILE_SIZE] = {
    0x75D3, 0x6DB3, 0x6DB3, 0x6DB3, 0x75F4, 0x6DD3, 0x6DB3, 0x75D4, 0x75D3, 0x75D4, 0x75D3, 0x75D3, 0x75D4, 0x75D3, 0x75B3, 0x6DB3,
    0x7DD4, 0x75D3, 0x6DB3, 0x6DB3, 0x6DB3, 0x6DB3, 0x6DB3, 0x75D4, 0x75D4, 0x75D4, 0x75D3, 0x6DB3, 0x75D4, 0x75D4, 0x75B3, 0x75B3,
    0x8615, 0x75D4, 0x6DB3, 0x6DB3, 0x6572, 0x6D93, 0x75D4, 0x7DF5, 0x7DF4, 0x75F4, 0x6DD3, 0x6DB3, 0x8615, 0x85F5, 0x7DD4, 0x6DB3,
    0x6D93, 0x6DB3, 0x6DB3, 0x6D93, 0x6DB3, 0x6DB3, 0x6DB3, 0x75B3, 0x75B3, 0x75D3, 0x75D3, 0x6DB3, 0x6DB3, 0x6DD3, 0x6DB3, 0x6DB3,
    0x6DB3, 0x6592, 0x6572, 0x6592, 0x7DF4, 0x75B4, 0x6D93, 0x6D93, 0x6DB3, 0x6DB3, 0x6DB3, 0x75D3, 0x7DF5, 0x75D4, 0x6DB3, 0x6D92,
    0x6DB3, 0x6592, 0x6572, 0x6D92, 0x6DB3, 0x6DB3, 0x6DB3, 0x6DB3, 0x6DB3, 0x6DB3, 0x6DB3, 0x6D93, 0x75B3, 0x6DB3, 0x6D93, 0x6572,
    0x6D92, 0x6D92, 0x6D92, 0x6592, 0x6D92, 0x6DB3, 0x6DB3, 0x6D93, 0x75B3, 0x75B3, 0x6DB3, 0x6D93, 0x6DB3, 0x6DB3, 0x6D93, 0x6D93,
    0x6D93, 0x6D93, 0x6D93, 0x6D93, 0x6D93, 0x6DB3, 0x6DB3, 0x6D93, 0x6DB3, 0x6DB3, 0x6DB3, 0x6DD3, 0x6DB3, 0x6DB3, 0x6DB3, 0x6DB3,
    0x6DB3, 0x6DB3, 0x6D92, 0x6D93, 0x6DB3, 0x75D3, 0x6DB3, 0x6DB3, 0x6DB3, 0x65B3, 0x6DB3, 0x75D4, 0x7DF5, 0x75F4, 0x75D4, 0x6DD3,
    0x6D93, 0x6D93, 0x75D3, 0x7DF4, 0x75D3, 0x75D4, 0x7DF4, 0x8615, 0x6DB3, 0x6593, 0x6D93, 0x6DD4, 0x9E77, 0x8636, 0x75D4, 0x6DB3,
    0x6DB3, 0x6DB3, 0x6DB3, 0x75D3, 0x75B3, 0x6DB3, 0x75B3, 0x75D3, 0x6DB3, 0x6DB3, 0x6DB3, 0x6DB3, 0x75B3, 0x75D4, 0x75D4, 0x6DB3,
    0x75D3, 0x6D92, 0x6D92, 0x6DB3, 0x75D4, 0x7DF4, 0x7DD4, 0x6592, 0x6DB3, 0x6DB3, 0x75B3, 0x6DB3, 0x6DB3, 0x8615, 0x8615, 0x6DB3,
    0x6DB3, 0x6D92, 0x6D92, 0x6D93, 0x6DB3, 0x75B3, 0x75B3, 0x6D93, 0x6DB3, 0x6DB3, 0x6D93, 0x6D92, 0x6592, 0x6DB3, 0x6DB3, 0x6DB3,
    0x6DB3, 0x6DB3, 0x6D93, 0x6D92, 0x6D93, 0x6DB3, 0x6D93, 0x6D93, 0x6D93, 0x6DB3, 0x6D92, 0x6572, 0x6DB3, 0x6DB3, 0x6DB3, 0x6DB3,
    0x6D93, 0x6D93, 0x6D93, 0x6D93, 0x75B3, 0x6D92, 0x6D93, 0x6DB3, 0x6D93, 0x6DB3, 0x6D93, 0x6D92, 0x75D3, 0x75D3, 0x75D4, 0x75D4,
    0x6D72, 0x6D93, 0x75B3, 0x6DB3, 0x6DB3, 0x6D93, 0x6D93, 0x75B3, 0x75D4, 0x75D3, 0x75B3, 0x75D3, 0x75D4, 0x75B3, 0x75B3, 0x75B3
};

const short ground_tile_244[TILE_SIZE * TILE_SIZE] = {
    0x6D93, 0x6D93, 0x7593, 0x6DB3, 0x6DB3, 0x6DB3, 0x6DB3, 0x6DB3, 0x6DB3, 0x6DB3, 0x6DB3, 0x6DB3, 0x6DD3, 0x75D3, 0x75D4, 0x75D4,
    0x75B3, 0x6DB3, 0x6DB3, 0x75B3, 0x75B3, 0x6DB3, 0x6D93, 0x6D92, 0x6D92, 0x6D93, 0x6DB3, 0x75F4, 0x75D4, 0x75D4, 0x75D3, 0x75B3,
    0x75F4, 0x75D3, 0x75D4, 0x7DF5, 0x6D72, 0x6572, 0x6592, 0x6DB3, 0x6572, 0x6572, 0x75D4, 0x8635, 0x7DF4, 0x75D4, 0x75D4, 0x75D3,
    0x75D4, 0x7DF5, 0x7DF4, 0x75B3, 0x6D93, 0x6D93, 0x6DB3, 0x6D93, 0x6DB3, 0x6D93, 0x6D92, 0x6D92, 0x6DB3, 0x75D3, 0x6DB3, 0x6D92,
    0x6D92, 0x6DB3, 0x6DB3, 0x75B3, 0x75B3, 0x6DB3, 0x6DB3, 0x75B3, 0x75B3, 0x6D93, 0x6572, 0x6D92, 0x6D93, 0x6DB3, 0x6DB3, 0x6DB3,
    0x6592, 0x6D92, 0x6DB3, 0x75D4, 0x75D4, 0x6DB3, 0x6D93, 0x6D93, 0x6D93, 0x6D92, 0x6D92, 0x6DB3, 0x6DB3, 0x75B3, 0x75D3, 0x75D4,
    0x7DF4, 0x75D3, 0x6DB3, 0x6DB3, 0x6DB3, 0x6D93, 0x6D93, 0x6592, 0x6592, 0x6DB3, 0x6DB3, 0x6572, 0x6D93, 0x75B3, 0x75D3, 0x75D4,
    0x6DB3, 0x6DB3, 0x6DB3, 0x6DB3, 0x6DB3, 0x6DB3, 0x6D93, 0x6D93, 0x6D93, 0x6D93, 0x6D93, 0x6D93, 0x6DB3, 0x6DB3, 0x6DB3, 0x6DB3,
    0x6DB3, 0x6DB3, 0x75D4, 0x7DF4, 0x6DB3, 0x6D93, 0x6592, 0x6592, 0x6DB3, 0x6DB3, 0x6D93, 0x6D92, 0x6DB3, 0x6DB3, 0x6DB3, 0x75B3,
    0x6D93, 0x6DB3, 0x75F4, 0x8615, 0x6DB3, 0x6572, 0x6592, 0x6DB3, 0x6D93, 0x6592, 0x6572, 0x6572, 0x6D92, 0x6D93, 0x6D93, 0x6DB3,
    0x6DB3, 0x75D3, 0x75D3, 0x75D4, 0x75B3, 0x6D93, 0x6D92, 0x6592, 0x6D92, 0x6572, 0x6572, 0x6592, 0x6D93, 0x6DB3, 0x6DB3, 0x6D92,
    0x6DB3, 0x75D3, 0x75D4, 0x75D4, 0x75D3, 0x6D93, 0x6D92, 0x6D93, 0x6572, 0x6572, 0x6D93, 0x75D4, 0x7DD4, 0x75D4, 0x75B3, 0x6DB3,
    0x6DB3, 0x75D3, 0x75D4, 0x75D3, 0x75B3, 0x6DB3, 0x6D93, 0x6D92, 0x6D92, 0x6D92, 0x6D92, 0x6D92, 0x6D93, 0x6D92, 0x6D92, 0x6DB3,
    0x6DB3, 0x7DF4, 0x7DF5, 0x75B3, 0x75D4, 0x75B3, 0x6DB3, 0x6D72, 0x75B3, 0x75B3, 0x6D93, 0x6572, 0x6D92, 0x6D93, 0x6D93, 0x75B3,
    0x6DD3, 0x75D3, 0x75B3, 0x6DB3, 0x6DB3, 0x6D93, 0x75B3, 0x75D3, 0x7DD4, 0x6D93, 0x6D92, 0x6D93, 0x6D92, 0x6DB3, 0x75B3, 0x6D93,
    0x75B3, 0x6DB3, 0x6DB3, 0x6DB3, 0x6DB3, 0x6DB3, 0x75B3, 0x75B3, 0x75B3, 0x6D93, 0x6D92, 0x6D93, 0x75B3, 0x75B3, 0x75B3, 0x75B3
};

const short ground_tile_245[TILE_SIZE * TILE_SIZE] = {
    0x75B3, 0x75B3, 0x6DB3, 0x6DB3, 0x75D4, 0x75B3, 0x6DB3, 0x6DB3, 0x75D3, 0x75D3, 0x75B3, 0x75D3, 0x75D4, 0x75B3, 0x6DB3, 0x6DB3,
    0x75B3, 0x6D93, 0x6DB3, 0x75B3, 0x75D4, 0x75D3, 0x75D4, 0x75D4, 0x75D4, 0x6DB3, 0x6DB3, 0x6DB3, 0x6DB3, 0x6DB3, 0x6DB3, 0x75D3,
    0x6D72, 0x6D92, 0x6D93, 0x6D93, 0x6DD3, 0x75D3, 0x7DF4, 0x8E35, 0x85F4, 0x75B3, 0x6DB3, 0x75D4, 0x6D93, 0x6D93, 0x75B3, 0x7DF4,
    0x6DB3, 0x6DB3, 0x6DB3, 0x6D93, 0x75D4, 0x7DF4, 0x7DF4, 0x75B3, 0x6D93, 0x6DB3, 0x6DB3, 0x6D93, 0x6DB3, 0x6DB3, 0x6DB3, 0x6DB3,
    0x6DB3, 0x6DB3, 0x6DB3, 0x6DB3, 0x6DB3, 0x6DB3, 0x6DB3, 0x75B3, 0x6DB3, 0x6D93, 0x6D92, 0x6D92, 0x7DF5, 0x75B4, 0x6D93, 0x6D92,
    0x75D4, 0x75D4, 0x75D3, 0x6DB3, 0x6DB3, 0x6DB3, 0x6DB3, 0x75D3, 0x6DB3, 0x6D93, 0x6D93, 0x6592, 0x75B3, 0x6D93, 0x6D93, 0x6D93,
    0x7E15, 0x7E15, 0x75D4, 0x6DB3, 0x7DF4, 0x75D3, 0x6DB3, 0x6DB3, 0x6D93, 0x6D93, 0x6D93, 0x6DB3, 0x6D93, 0x6D93, 0x6D93, 0x6572,
    0x6DB3, 0x6DB3, 0x6DB3, 0x6DB3, 0x6DB3, 0x6DB3, 0x75B3, 0x75D3, 0x6DB3, 0x6DB3, 0x6DB3, 0x6DB3, 0x6D93, 0x6DB3, 0x6D93, 0x6D93,
    0x75F4, 0x75D4, 0x6DB3, 0x6DD3, 0x6DB3, 0x6DB3, 0x75D4, 0x7E15, 0x6DD4, 0x6DB3, 0x6DB3, 0x6593, 0x6DB3, 0x6DB3, 0x75B4, 0x75D4,
    0x9677, 0x8615, 0x6DB3, 0x6D93, 0x6592, 0x6DB3, 0x75D4, 0x8615, 0x75F4, 0x6DB3, 0x6DB3, 0x75D4, 0x75D4, 0x75D4, 0x75D4, 0x75B3,
    0x75B3, 0x75B3, 0x6DB3, 0x6DB3, 0x6D93, 0x6D93, 0x6DB3, 0x75D4, 0x75D3, 0x6DB3, 0x6DB3, 0x6DB3, 0x75D3, 0x75B3, 0x75B3, 0x75B3,
    0x6592, 0x6DB3, 0x75B3, 0x75B3, 0x6DB3, 0x6593, 0x75D4, 0x8E36, 0x7DF4, 0x75B3, 0x6D92, 0x6D92, 0x75D3, 0x75D3, 0x6DB3, 0x6DB3,
    0x6592, 0x6D92, 0x6D92, 0x6D92, 0x6D93, 0x6D92, 0x6D92, 0x6DB3, 0x75D3, 0x6DB3, 0x6DB3, 0x6D93, 0x6DB3, 0x6D93, 0x6D92, 0x6D92,
    0x6D92, 0x6D92, 0x6D93, 0x6D93, 0x6D92, 0x6DB3, 0x6DB3, 0x6DB3, 0x6DB3, 0x75D3, 0x75B3, 0x6DB3, 0x75B3, 0x7DD4, 0x75B3, 0x6552,
    0x6DB3, 0x6DB3, 0x6D93, 0x6D92, 0x6D93, 0x6DB3, 0x75D3, 0x75D3, 0x6D92, 0x6DB3, 0x6DB3, 0x6D93, 0x7DF5, 0x75B4, 0x6D93, 0x6D92,
    0x75D3, 0x6DB3, 0x6D92, 0x6D93, 0x6D93, 0x75B3, 0x6DB3, 0x6D93, 0x75B3, 0x6DB3, 0x6DB3, 0x6DB3, 0x75D4, 0x6DB3, 0x6D93, 0x75B3
};

const short ground_tile_246[TILE_SIZE * TILE_SIZE] = {
    0x6DD3, 0x75D4, 0x75D3, 0x75D3, 0x6DB3, 0x6D93, 0x6DB3, 0x75B3, 0x75B3, 0x75B3, 0x75B3, 0x6DB3, 0x6DB3, 0x6DB3, 0x6DD3, 0x6DD3,
    0x75D3, 0x75D3, 0x75B3, 0x6DB3, 0x6DB3, 0x6D93, 0x6DB3, 0x75D3, 0x75D3, 0x75D3, 0x75D3, 0x75D4, 0x75D4, 0x6DB3, 0x6DB3, 0x6DB3,
    0x7DF4, 0x75D3, 0x6DB3, 0x6D93, 0x75D4, 0x75D3, 0x6DB3, 0x6D93, 0x75F4, 0x75D3, 0x75D4, 0x8615, 0x7DD4, 0x6DB3, 0x6DB3, 0x6DB3,
    0x6DB3, 0x6DB3, 0x6DB3, 0x6D93, 0x7DF4, 0x75D4, 0x6DB3, 0x6D92, 0x75F4, 0x7DF4, 0x7DF4, 0x75D4, 0x6DB3, 0x6DB3, 0x6DB3, 0x6DB3,
    0x6D92, 0x6D92, 0x6D93, 0x6DB3, 0x6DB3, 0x6DB3, 0x6DB3, 0x6DB3, 0x6D93, 0x6DB3, 0x75D4, 0x7DF5, 0x75D3, 0x6DB3, 0x6D93, 0x75B3,
    0x6D92, 0x6D93, 0x6DB3, 0x6D93, 0x6592, 0x6D93, 0x6DB3, 0x6D93, 0x6D92, 0x6D93, 0x6DB3, 0x75D4, 0x75D3, 0x6D93, 0x6592, 0x6D93,
    0x6D92, 0x6DB3, 0x6DB3, 0x6DB3, 0x6DB3, 0x75B3, 0x75B3, 0x75B3, 0x7DD4, 0x75B3, 0x6D93, 0x6DB3, 0x6D93, 0x6D93, 0x6D92, 0x6572,
    0x6DB3, 0x6DB3, 0x6DB3, 0x75D3, 0x75D3, 0x6DB3, 0x6DB3, 0x6DB3, 0x6D93, 0x6D93, 0x6D93, 0x6DB3, 0x6DB3, 0x6DB3, 0x6D93, 0x6592,
    0x6DB3, 0x6D93, 0x6DB3, 0x75D4, 0x8615, 0x75D4, 0x75D3, 0x75D4, 0x6DB3, 0x6D93, 0x6DB3, 0x7DF4, 0x75D3, 0x6D93, 0x6572, 0x6572,
    0x6DB3, 0x6D93, 0x6592, 0x6DB3, 0x9677, 0x8636, 0x75F4, 0x6DB3, 0x6D93, 0x6DB3, 0x7DF4, 0x85F5, 0x75B3, 0x6572, 0x6572, 0x6DB3,
    0x6DB3, 0x6DB3, 0x6DB3, 0x6D93, 0x6DB3, 0x75D3, 0x75B3, 0x6DB3, 0x6D93, 0x6D93, 0x6DB3, 0x75D3, 0x6DB3, 0x6572, 0x6572, 0x6D92,
    0x6DB3, 0x75B3, 0x75B3, 0x6DB3, 0x65B2, 0x75D4, 0x7DF4, 0x75D3, 0x6DB3, 0x6572, 0x75B3, 0x8E15, 0x75B3, 0x6572, 0x6552, 0x6572,
    0x6D92, 0x6D92, 0x6D92, 0x6D92, 0x6593, 0x6DB3, 0x75B3, 0x6DB3, 0x6DB3, 0x6592, 0x6592, 0x6D92, 0x6592, 0x6592, 0x6572, 0x6572,
    0x6572, 0x6D92, 0x6D92, 0x6572, 0x6D93, 0x6D93, 0x6DB3, 0x6DB3, 0x6DB3, 0x6DB3, 0x6D93, 0x6592, 0x6D93, 0x6DB3, 0x6593, 0x6572,
    0x6572, 0x6D93, 0x6D93, 0x6592, 0x6D92, 0x6DB3, 0x6DB3, 0x75B3, 0x75D3, 0x6DB3, 0x6DB3, 0x6DB3, 0x6D92, 0x6DB3, 0x6DD3, 0x6DB3,
    0x75B3, 0x75B3, 0x75B3, 0x6DB3, 0x6DB3, 0x6DB3, 0x75B3, 0x75B3, 0x75B3, 0x6DB3, 0x6DB3, 0x6DB3, 0x75D3, 0x75D3, 0x6DD3, 0x6DB3
};

const short ground_tile_247[TILE_SIZE * TILE_SIZE] = {
    0x75D4, 0x6DB3, 0x6DB3, 0x6DB3, 0x75D4, 0x75D4, 0x75D4, 0x7DF4, 0x7E14, 0x75F4, 0x75D4, 0x75D3, 0x75D4, 0x75D4, 0x75D3, 0x6DB3,
    0x6DB3, 0x6DB3, 0x75D3, 0x75D4, 0x75D3, 0x75D4, 0x75D4, 0x75D4, 0x8615, 0x7DF5, 0x7DF4, 0x75D4, 0x75D4, 0x75D3, 0x75D3, 0x75D4,
    0x6D93, 0x6DB3, 0x7DF4, 0x8615, 0x7DF4, 0x75F4, 0x75D3, 0x75D4, 0x9656, 0x8E36, 0x7DF4, 0x75D3, 0x75D4, 0x6DD3, 0x75D3, 0x7DF4,
    0x6DB3, 0x6DB3, 0x6D93, 0x6592, 0x6DB3, 0x75D3, 0x75D3, 0x6DB3, 0x7DF4, 0x7DF4, 0x75D4, 0x6DB3, 0x75F4, 0x75F4, 0x7E14, 0x8635,
    0x7DD4, 0x6D93, 0x6572, 0x6592, 0x6D93, 0x6DB3, 0x75D4, 0x8615, 0x6DB3, 0x6DB3, 0x6DB3, 0x6DB3, 0x6DB3, 0x6DB3, 0x75D3, 0x7DF4,
    0x6DB3, 0x6D93, 0x6D93, 0x6DB3, 0x6D93, 0x6DB3, 0x6DB3, 0x75D3, 0x6592, 0x6DB3, 0x6DB3, 0x6D92, 0x6DB3, 0x6DB3, 0x6DB3, 0x6DD3,
    0x6592, 0x6DB3, 0x6DB3, 0x6592, 0x6DB3, 0x6DB3, 0x6DB3, 0x6D93, 0x6DB3, 0x75B3, 0x75B3, 0x6D93, 0x85F5, 0x75D4, 0x6DB3, 0x6DB3,
    0x6D92, 0x6D93, 0x6D93, 0x6592, 0x6D93, 0x6DB3, 0x6DB3, 0x6DB3, 0x6DB3, 0x6DB3, 0x6DB3, 0x6DB3, 0x6DB3, 0x75D3, 0x75D3, 0x75B3,
    0x6DB3, 0x6DB3, 0x6DB3, 0x6D93, 0x6DB3, 0x6DB3, 0x6DB3, 0x6DD3, 0x6DD4, 0x6DB3, 0x6D93, 0x6DB3, 0x6DB3, 0x6DB3, 0x75D4, 0x7DF5,
    0x75B3, 0x75B3, 0x6DB3, 0x6D92, 0x6D93, 0x6D93, 0x6592, 0x6DB3, 0x8E56, 0x7DF5, 0x6D93, 0x6592, 0x6593, 0x6DB3, 0x7DF4, 0x8E35,
    0x6D93, 0x6D93, 0x6D93, 0x6D93, 0x6DB3, 0x6DB3, 0x6DB3, 0x6593, 0x75D4, 0x75D4, 0x6DB3, 0x6DD3, 0x6DB3, 0x75B3, 0x75B3, 0x75B3,
    0x6572, 0x6592, 0x6D93, 0x6DB3, 0x75D3, 0x75D4, 0x75D3, 0x6DB3, 0x65B3, 0x75D4, 0x75D4, 0x75D3, 0x75D4, 0x6DB3, 0x6DB3, 0x75B3,
    0x75B3, 0x6D93, 0x6572, 0x6592, 0x6DB3, 0x6DB3, 0x6DB3, 0x6DB3, 0x6D92, 0x6DB3, 0x75B3, 0x6DB3, 0x6DB3, 0x6DB3, 0x6DB3, 0x6DB3,
    0x75B3, 0x6DB3, 0x6D93, 0x6572, 0x6D92, 0x6D93, 0x6D93, 0x6DB3, 0x6DB3, 0x6DB3, 0x6DB3, 0x6D93, 0x6DB3, 0x75D4, 0x75D4, 0x75B3,
    0x7DF4, 0x75B3, 0x6D93, 0x6D93, 0x6DB3, 0x6DB3, 0x6DB3, 0x6D92, 0x75D3, 0x75B3, 0x6DB3, 0x6DB3, 0x75B3, 0x75B4, 0x75B3, 0x6DB3,
    0x75D4, 0x6DB3, 0x6DB3, 0x6DB3, 0x75D4, 0x75B3, 0x75B3, 0x75B3, 0x6DB3, 0x6DB3, 0x6DB3, 0x75B3, 0x6DB3, 0x6D93, 0x6D93, 0x6D92
};

const short ground_tile_248[TILE_SIZE * TILE_SIZE] = {
    0x6DB3, 0x6DB3, 0x6DB3, 0x6DB3, 0x75D4, 0x6DB3, 0x6DB3, 0x6DB3, 0x6DD3, 0x75D3, 0x75D3, 0x75D3, 0x6DB3, 0x6D93, 0x6D93, 0x75B3,
    0x75D4, 0x6D93, 0x6D92, 0x6DB3, 0x6DB3, 0x6DB3, 0x6DB3, 0x6DD3, 0x75D4, 0x75D4, 0x6DD3, 0x6DB3, 0x75F4, 0x75D4, 0x75D3, 0x75D3,
    0x8615, 0x6DB3, 0x6572, 0x6D93, 0x6DB3, 0x6D93, 0x75B3, 0x7DF4, 0x7DF4, 0x75D4, 0x6DB3, 0x6DB3, 0x8635, 0x8615, 0x7DF4, 0x6DB3,
    0x6D92, 0x6DB3, 0x75B3, 0x75B3, 0x6D93, 0x6D93, 0x6D93, 0x6DB3, 0x6DD3, 0x6DB3, 0x6DB3, 0x6DB3, 0x75D4, 0x75D4, 0x6DB3, 0x6D92,
    0x75D3, 0x75B3, 0x6D93, 0x6D93, 0x75D4, 0x6DB3, 0x6D92, 0x6592, 0x6DB3, 0x75D4, 0x7DF4, 0x7DF4, 0x6D93, 0x6D93, 0x6DB3, 0x6DB3,
    0x7DF4, 0x75D4, 0x6DB3, 0x75B3, 0x8E15, 0x75B3, 0x6D92, 0x6D93, 0x6D93, 0x6DB3, 0x6DB3, 0x6DB3, 0x6572, 0x6D93, 0x6DB3, 0x6D93,
    0x6DB3, 0x6DB3, 0x6DB3, 0x6DB3, 0x7DD4, 0x6DB3, 0x6D93, 0x6DB3, 0x6DB3, 0x6DB3, 0x6DB3, 0x6DB3, 0x6DB3, 0x75D3, 0x75D4, 0x75B3,
    0x6DB3, 0x6DB3, 0x6D93, 0x6D93, 0x6DB3, 0x6DB3, 0x6DB3, 0x6DB3, 0x6DB3, 0x6DB3, 0x75D4, 0x75D4, 0x6DD3, 0x75D3, 0x75B3, 0x6DB3,
    0x75B3, 0x6D93, 0x6D92, 0x6592, 0x6DB3, 0x75D4, 0x7DF4, 0x75D4, 0x6DB3, 0x6D93, 0x6DB3, 0x75D4, 0x7DF4, 0x75D4, 0x75D3, 0x6DB3,
    0x75B3, 0x6D92, 0x6D93, 0x75D4, 0x6DD3, 0x75D4, 0x75F4, 0x75F4, 0x6DB3, 0x65B3, 0x6DB3, 0x6DB3, 0x9656, 0x8615, 0x75D4, 0x6DB3,
    0x75B3, 0x75B3, 0x75B3, 0x75B3, 0x6DB3, 0x6DB3, 0x6DB3, 0x6D93, 0x6D93, 0x6DB3, 0x6DB3, 0x6D93, 0x6DB3, 0x6DB3, 0x6DB3, 0x6DB3,
    0x7DD4, 0x75B3, 0x6D93, 0x6D93, 0x6572, 0x6D93, 0x75B3, 0x6DB3, 0x6DB3, 0x75D4, 0x75D4, 0x6D93, 0x6DB3, 0x75D4, 0x75D4, 0x75D4,
    0x75B3, 0x6DB3, 0x6D93, 0x6D93, 0x6DB3, 0x6DB3, 0x6D92, 0x6572, 0x6592, 0x6DB3, 0x6DB3, 0x6DB3, 0x6D93, 0x6DB3, 0x6DB3, 0x6DB3,
    0x6DB3, 0x6DB3, 0x6DB3, 0x6DB3, 0x75D4, 0x75D4, 0x75B3, 0x6552, 0x6592, 0x6D92, 0x6D92, 0x6D92, 0x6DB3, 0x6DB3, 0x6DB3, 0x6DB3,
    0x6DB3, 0x6DB3, 0x6DB3, 0x75D3, 0x7DF4, 0x75D4, 0x75B3, 0x6DB3, 0x6592, 0x6D93, 0x6D93, 0x6592, 0x6DB3, 0x75B3, 0x75B3, 0x75B3,
    0x6D93, 0x6D93, 0x6DB3, 0x75B3, 0x7DF4, 0x75D4, 0x75D3, 0x75D4, 0x75B3, 0x75B3, 0x75B3, 0x75D3, 0x75D3, 0x75B3, 0x75B3, 0x75D3
};

const short ground_tile_249[TILE_SIZE * TILE_SIZE] = {
    0x75D3, 0x75B3, 0x6DB3, 0x6DB3, 0x6DB3, 0x6D93, 0x6D93, 0x75D3, 0x75D3, 0x6DB3, 0x6DB3, 0x6DB3, 0x75D3, 0x75D3, 0x75D3, 0x75D3,
    0x75D3, 0x75B3, 0x6DB3, 0x6DB3, 0x6DB3, 0x6DB3, 0x6DB3, 0x6DB3, 0x6DB3, 0x6DB3, 0x6DD3, 0x75F4, 0x75F4, 0x75D4, 0x75D4, 0x75D3,
    0x6DD3, 0x75D4, 0x75D4, 0x75D4, 0x6572, 0x6592, 0x6592, 0x6DB3, 0x6592, 0x6D93, 0x75D4, 0x8615, 0x7DF4, 0x75F4, 0x75D4, 0x75D4,
    0x75F4, 0x6DD3, 0x6D93, 0x6D93, 0x6592, 0x6DB3, 0x6D93, 0x6D92, 0x6D93, 0x6D93, 0x6593, 0x6D93, 0x6DB3, 0x75D3, 0x6DB3, 0x6D93,
    0x6DB3, 0x6DB3, 0x75D4, 0x85F4, 0x75D3, 0x6D92, 0x6D72, 0x6D93, 0x6D93, 0x7DD4, 0x7DD4, 0x6DB3, 0x6DB3, 0x6DB3, 0x6DB3, 0x75B3,
    0x6D93, 0x6DB3, 0x75B3, 0x75D4, 0x75B3, 0x6D92, 0x6572, 0x6572, 0x6592, 0x6D93, 0x6DB3, 0x6DB3, 0x6D93, 0x75B3, 0x75D4, 0x75D4,
    0x75B3, 0x75B3, 0x6DB3, 0x6DB3, 0x6D93, 0x6D72, 0x6572, 0x6D93, 0x6D93, 0x6D93, 0x6D92, 0x6592, 0x6D92, 0x75B3, 0x75D4, 0x7DF4,
    0x6D93, 0x6DB3, 0x6DB3, 0x6DB3, 0x6D93, 0x6D93, 0x6D93, 0x6D93, 0x6DB3, 0x6DB3, 0x6D93, 0x6592, 0x6DB2, 0x6DB3, 0x75D4, 0x75D4,
    0x6DB3, 0x6DB3, 0x75D4, 0x7DF4, 0x75D3, 0x6DB3, 0x6D93, 0x6572, 0x6DB3, 0x6DB3, 0x6DB3, 0x6592, 0x6592, 0x6DB3, 0x6DB3, 0x75D4,
    0x6D93, 0x75D3, 0x7DF4, 0x8615, 0x75B3, 0x6D93, 0x6D93, 0x75B3, 0x6D93, 0x6DB3, 0x6D93, 0x6572, 0x6592, 0x6D92, 0x6592, 0x6DB3,
    0x6DB3, 0x6DB3, 0x75B3, 0x75D4, 0x75D3, 0x6D93, 0x6D92, 0x6D92, 0x6D92, 0x6D93, 0x6D93, 0x6D92, 0x6D93, 0x6DB3, 0x6D93, 0x6592,
    0x6DD3, 0x6DB3, 0x75D3, 0x8615, 0x75D4, 0x75B3, 0x6D93, 0x6D72, 0x6D92, 0x6D72, 0x6D92, 0x6DB3, 0x75B3, 0x75B3, 0x6DB3, 0x6D92,
    0x6DB3, 0x6D92, 0x6D93, 0x75B3, 0x6DB3, 0x6D93, 0x6D72, 0x6D92, 0x6D92, 0x6D93, 0x6D93, 0x6D92, 0x6D93, 0x6D93, 0x75B3, 0x75D4,
    0x6D92, 0x6DB3, 0x6DB3, 0x6DB3, 0x75B3, 0x75B3, 0x6D93, 0x6D72, 0x6D93, 0x75D4, 0x7DD4, 0x6D93, 0x6D92, 0x6D93, 0x6DB3, 0x75B3,
    0x75D3, 0x6DB3, 0x6DB3, 0x6DB3, 0x75B3, 0x75D3, 0x75B3, 0x6D92, 0x75B3, 0x75D4, 0x75B3, 0x6D93, 0x6572, 0x6D93, 0x6DB3, 0x6D93,
    0x75B3, 0x6DB3, 0x6DB3, 0x6DB3, 0x6DB3, 0x6D93, 0x6D93, 0x6D93, 0x6D93, 0x6D92, 0x6572, 0x6D92, 0x6DB3, 0x75B3, 0x75B3, 0x75B3
};

const short ground_tile_250[TILE_SIZE * TILE_SIZE] = {
    0x75B3, 0x6D93, 0x6D93, 0x75B3, 0x75B3, 0x75B3, 0x75B3, 0x6DB3, 0x75D3, 0x6DB3, 0x6DB3, 0x6DB3, 0x75D4, 0x6DB3, 0x6DB3, 0x6DB3,
    0x75B3, 0x6DB3, 0x6DB3, 0x75B3, 0x75D4, 0x75D3, 0x75D4, 0x75F4, 0x75D4, 0x6DB3, 0x6DB3, 0x6DB3, 0x6DB3, 0x6DB3, 0x6DB3, 0x75D3,
    0x7593, 0x6DB3, 0x6DB3, 0x6D93, 0x75D4, 0x75F4, 0x7DF4, 0x8615, 0x7DF4, 0x6DB3, 0x6D93, 0x6DB3, 0x6D93, 0x6D93, 0x75D4, 0x7DF4,
    0x7E15, 0x7DF4, 0x6DD3, 0x6DB3, 0x75D4, 0x7DF4, 0x7DF4, 0x7DD4, 0x6DB3, 0x6DB3, 0x6DB3, 0x6DB3, 0x6DB3, 0x6D93, 0x6DB3, 0x75D4,
    0x75B3, 0x6DB3, 0x6DB3, 0x6DB3, 0x6DB3, 0x6DB3, 0x75B3, 0x75D4, 0x75D3, 0x6DB3, 0x6D93, 0x6DB3, 0x85F5, 0x75B3, 0x6D93, 0x7593,
    0x6D93, 0x6DB3, 0x75D3, 0x6DD3, 0x6DB3, 0x6DB3, 0x75D3, 0x75D4, 0x75F4, 0x6DB3, 0x6593, 0x6DB3, 0x7DD4, 0x75B3, 0x6D93, 0x7593,
    0x6DD3, 0x75D4, 0x75D4, 0x75D4, 0x8615, 0x75F4, 0x75D4, 0x6DD3, 0x75B3, 0x6DB3, 0x6DB3, 0x6DB3, 0x6DD3, 0x75B4, 0x6DB3, 0x6D93,
    0x6DD4, 0x75D4, 0x75D4, 0x75D4, 0x6DB3, 0x75D4, 0x75D4, 0x75D3, 0x6DB3, 0x6DB3, 0x6DB3, 0x6DB3, 0x6DB3, 0x6DB3, 0x6DB3, 0x6DB3,
    0x75F4, 0x75F4, 0x75D4, 0x75D4, 0x6DB3, 0x6DB3, 0x75D4, 0x7DF5, 0x75D3, 0x6DB3, 0x6D93, 0x6593, 0x6DD3, 0x6DD4, 0x6DD4, 0x75D4,
    0x9677, 0x8615, 0x75D4, 0x6DB3, 0x6DB3, 0x6DB3, 0x75F4, 0x8615, 0x75D4, 0x6DB3, 0x6DB3, 0x75D4, 0x6DD3, 0x6DD4, 0x7DF4, 0x8635,
    0x75D4, 0x75D4, 0x6DB3, 0x6DB3, 0x6D93, 0x6DB3, 0x75D3, 0x75B3, 0x75B3, 0x75D3, 0x75D3, 0x6DB3, 0x6DD4, 0x6DB3, 0x6DB3, 0x6DB3,
    0x6592, 0x75D3, 0x7DD4, 0x6DB3, 0x6DB3, 0x75B3, 0x75D4, 0x75D4, 0x75D3, 0x6DB3, 0x6DB3, 0x75D4, 0x8615, 0x7DD4, 0x6DB3, 0x6592,
    0x6DB3, 0x6DB3, 0x6D93, 0x6D92, 0x6D92, 0x6D92, 0x6DB3, 0x75B3, 0x7593, 0x6D93, 0x6592, 0x6D93, 0x6DB3, 0x75B3, 0x6DB3, 0x6DB3,
    0x6DB3, 0x6DB3, 0x6DB3, 0x75B3, 0x6D92, 0x6D93, 0x6DB3, 0x6DB3, 0x75B3, 0x6D93, 0x6D93, 0x6D93, 0x6DB3, 0x75B3, 0x75B3, 0x6D92,
    0x75B3, 0x75B3, 0x75B3, 0x75B3, 0x6D93, 0x6D92, 0x6D92, 0x6D93, 0x75B3, 0x6D93, 0x6D72, 0x6D93, 0x7DB3, 0x75B3, 0x6DB3, 0x6D93,
    0x6DB3, 0x6DB3, 0x6D93, 0x6DB3, 0x6D93, 0x6D92, 0x6D72, 0x6572, 0x6D93, 0x6D93, 0x6D93, 0x6D93, 0x75B3, 0x75B3, 0x6DB3, 0x75B3
};

const short ground_tile_251[TILE_SIZE * TILE_SIZE] = {
    0x6DB3, 0x75D4, 0x75D4, 0x75B3, 0x75B3, 0x6D93, 0x6D93, 0x75B3, 0x75D4, 0x75D3, 0x75B3, 0x75B3, 0x75B3, 0x75B3, 0x7593, 0x6DB3,
    0x75D3, 0x75B3, 0x6DB3, 0x6D93, 0x6D93, 0x6D93, 0x6DB3, 0x75B3, 0x75B3, 0x75B3, 0x75D3, 0x75D4, 0x75D3, 0x75B3, 0x6D93, 0x6D93,
    0x75D4, 0x6DB3, 0x6D93, 0x6572, 0x6D92, 0x75B3, 0x75B3, 0x6DB3, 0x6DB3, 0x75D3, 0x7DF4, 0x8E16, 0x75B3, 0x6D92, 0x6D93, 0x75B3,
    0x75D3, 0x75B3, 0x75B3, 0x75D3, 0x6DD3, 0x75D3, 0x75D3, 0x6DB3, 0x75D3, 0x7E15, 0x8615, 0x75D4, 0x6D93, 0x6D93, 0x6D92, 0x6572,
    0x6D93, 0x6DB3, 0x75D4, 0x8615, 0x75D4, 0x75D4, 0x6DB3, 0x6D93, 0x6DB3, 0x75B3, 0x75D4, 0x75D4, 0x75B3, 0x6DB3, 0x6D93, 0x6D93,
    0x7593, 0x6D93, 0x6D93, 0x6D93, 0x6DB3, 0x75B3, 0x6DB3, 0x6D92, 0x6DB3, 0x6DB3, 0x75D4, 0x7DF4, 0x75D4, 0x6DB3, 0x6D93, 0x6D93,
    0x6D93, 0x6D93, 0x6D93, 0x6D93, 0x6DB3, 0x75B3, 0x75B3, 0x6DB3, 0x7DD4, 0x75D3, 0x6DB3, 0x6DB3, 0x6D93, 0x6D93, 0x6D93, 0x6DB3,
    0x6DB3, 0x6DB3, 0x75B4, 0x75D4, 0x75F4, 0x75D4, 0x6DB3, 0x6DB3, 0x6DB3, 0x6DB3, 0x6DB3, 0x6DB3, 0x75B3, 0x6DB3, 0x6DB3, 0x6D93,
    0x6DB3, 0x6DB3, 0x6DB3, 0x75D4, 0x8E56, 0x7DF5, 0x6DB3, 0x6DB3, 0x6DB3, 0x6DB3, 0x75D3, 0x7DF4, 0x6D93, 0x6D93, 0x6D93, 0x6572,
    0x6DB3, 0x6DB3, 0x6DB3, 0x6D93, 0x6DB3, 0x6DB3, 0x6DB3, 0x6DB3, 0x6D93, 0x6D93, 0x75D4, 0x85F5, 0x6D93, 0x6572, 0x6D92, 0x6DB3,
    0x6D93, 0x6DB3, 0x6DB3, 0x6D93, 0x6592, 0x6D93, 0x6DB3, 0x6DB3, 0x6DB3, 0x6D93, 0x6DB3, 0x6DB3, 0x6DB3, 0x6D92, 0x6572, 0x6572,
    0x6DB3, 0x75D4, 0x75B3, 0x6D93, 0x6592, 0x7DD4, 0x7DF4, 0x75B3, 0x6DB3, 0x6D93, 0x6DB3, 0x6DD3, 0x7DF4, 0x6D93, 0x6D72, 0x6D72,
    0x6D92, 0x6D93, 0x6DB3, 0x6D93, 0x6592, 0x6DB3, 0x75B3, 0x6D93, 0x6D92, 0x6D92, 0x6DB3, 0x6DB3, 0x75B3, 0x6D93, 0x6D92, 0x6D93,
    0x6D92, 0x6D92, 0x6D92, 0x6D92, 0x6DB3, 0x6D93, 0x6D93, 0x6D93, 0x6D92, 0x6DB3, 0x6DB3, 0x6DB3, 0x75B3, 0x75B3, 0x6DB3, 0x6D72,
    0x6572, 0x6D93, 0x6DB3, 0x6D93, 0x6DB3, 0x6D93, 0x6D93, 0x6DB3, 0x6DB3, 0x6DB3, 0x6DB3, 0x75D3, 0x75D3, 0x75D3, 0x75B3, 0x6D93,
    0x75B3, 0x75B3, 0x75B3, 0x75D3, 0x6DB3, 0x6DB3, 0x6DB3, 0x75B3, 0x6DB3, 0x6DB3, 0x6DB3, 0x6DB3, 0x75D4, 0x75B3, 0x6D93, 0x6D93
};

const short ground_tile_252[TILE_SIZE * TILE_SIZE] = {
    0x75B3, 0x6DB3, 0x6DB3, 0x6DB3, 0x6DD3, 0x75D4, 0x75D4, 0x75D4, 0x75D3, 0x6D93, 0x6D92, 0x6D93, 0x75B3, 0x75B3, 0x75B3, 0x6DB3,
    0x6DB3, 0x6DB3, 0x75D3, 0x75F4, 0x75D4, 0x75D4, 0x75D3, 0x75D3, 0x75B3, 0x7593, 0x6D93, 0x6DB3, 0x75B3, 0x6DB3, 0x6DB3, 0x75D4,
    0x6D93, 0x6D93, 0x7DD4, 0x8615, 0x7DF4, 0x7DF4, 0x75F4, 0x75D3, 0x6D92, 0x6D93, 0x6DB3, 0x6DB3, 0x75D4, 0x6DD4, 0x75F4, 0x7DF5,
    0x6D93, 0x6DB3, 0x6D93, 0x6D92, 0x75B3, 0x75D4, 0x75D3, 0x6D93, 0x8635, 0x7DF4, 0x6DB3, 0x6DB3, 0x75F4, 0x75F4, 0x75D4, 0x75B3,
    0x75D4, 0x75B3, 0x6DB3, 0x6DB3, 0x6DB3, 0x6DB3, 0x75D3, 0x75D4, 0x8635, 0x7DF5, 0x75D4, 0x6D93, 0x6D93, 0x6DB3, 0x75D3, 0x7DF4,
    0x75B3, 0x6D93, 0x6DB3, 0x6DB3, 0x6DB3, 0x75B3, 0x75D4, 0x75D4, 0x6DB3, 0x75B3, 0x6DB3, 0x6D93, 0x6DB3, 0x6DB3, 0x6DB3, 0x75F4,
    0x6DB3, 0x6DB3, 0x6DB3, 0x6DB3, 0x75B3, 0x75B3, 0x75D3, 0x75D4, 0x6DB3, 0x6DB3, 0x6DB3, 0x6DB3, 0x7DF4, 0x75D3, 0x6DB3, 0x6593,
    0x6DB3, 0x6DB3, 0x6DB3, 0x6DB3, 0x75B3, 0x6DB3, 0x75B3, 0x75D3, 0x6DB3, 0x6DB3, 0x6DD3, 0x6DB3, 0x75B3, 0x75B3, 0x6DB3, 0x6D93,
    0x6DB3, 0x6DD4, 0x6DD3, 0x6DB3, 0x6DB3, 0x6DB3, 0x75B3, 0x75D4, 0x75F4, 0x75D4, 0x6DD3, 0x6DB3, 0x6DB3, 0x6DB3, 0x75B3, 0x7DD4,
    0x75B3, 0x6DB3, 0x6DB3, 0x6DB3, 0x6DB3, 0x6D93, 0x6DB3, 0x75D4, 0x9E97, 0x8635, 0x6DD3, 0x6DB3, 0x6DB3, 0x6DB3, 0x75D4, 0x8E15,
    0x6D93, 0x6DB3, 0x6DB3, 0x6D93, 0x6D93, 0x75B3, 0x6DB3, 0x6D93, 0x7DF4, 0x75F4, 0x75D3, 0x6DB3, 0x6DB3, 0x6DB3, 0x75B3, 0x75D3,
    0x6D93, 0x6DB3, 0x6DB3, 0x6DB3, 0x6DB3, 0x75D4, 0x75D4, 0x6DB3, 0x6DB3, 0x75D3, 0x75D4, 0x75B3, 0x6DB3, 0x6DB3, 0x75B3, 0x75D4,
    0x6DB3, 0x75B3, 0x6DB3, 0x6592, 0x6D92, 0x6DB3, 0x75B3, 0x75D3, 0x6DB3, 0x6D93, 0x6D93, 0x6DB3, 0x6D93, 0x6D93, 0x6D93, 0x6DB3,
    0x75B3, 0x7DD4, 0x7DD4, 0x6592, 0x6D93, 0x6DB3, 0x6DB3, 0x6DB3, 0x6D92, 0x6DB3, 0x6DB3, 0x6DB3, 0x6DB3, 0x75B3, 0x75B3, 0x6DB3,
    0x7DD4, 0x75D4, 0x75B3, 0x6DB3, 0x6DB3, 0x6DB3, 0x6DB3, 0x6D93, 0x6DB3, 0x6DB3, 0x6DB3, 0x6DB3, 0x7593, 0x7593, 0x75B3, 0x75B3,
    0x75D3, 0x6DB3, 0x6D93, 0x6DB3, 0x75D4, 0x75D4, 0x75D3, 0x75B3, 0x6DB3, 0x6DB3, 0x75B3, 0x75B3, 0x6D93, 0x6D92, 0x6D92, 0x6D92
};

const short ground_tile_253[TILE_SIZE * TILE_SIZE] = {
    0x75D3, 0x6DB3, 0x6DB3, 0x6DB3, 0x75D4, 0x75D3, 0x6DB3, 0x6DB3, 0x6DB3, 0x75D4, 0x75D4, 0x75D3, 0x75D4, 0x6DB3, 0x6DB3, 0x75B3,
    0x75D4, 0x6DB3, 0x6D93, 0x6DB3, 0x6DB3, 0x6DB3, 0x6DD3, 0x75D3, 0x75D4, 0x75D4, 0x75D3, 0x6DB3, 0x75D4, 0x75D4, 0x75B3, 0x75B3,
    0x75B3, 0x6D93, 0x6D93, 0x75D3, 0x6D93, 0x6DB3, 0x75D3, 0x75D4, 0x7DF4, 0x75F4, 0x6DB3, 0x6D92, 0x8615, 0x8615, 0x7DD4, 0x6DB3,
    0x6D93, 0x6D93, 0x6D93, 0x6DB3, 0x6DB3, 0x6DB3, 0x6DB3, 0x6DB3, 0x75D3, 0x75D4, 0x75D4, 0x75B3, 0x7DF4, 0x7DF4, 0x75D3, 0x6D93,
    0x75D3, 0x6D93, 0x6572, 0x6D93, 0x85F5, 0x75D4, 0x6DB3, 0x6DB3, 0x6DB3, 0x6DB3, 0x75F4, 0x8615, 0x6DB3, 0x6DB3, 0x6DB3, 0x6DB3,
    0x75D4, 0x6D93, 0x6572, 0x6D93, 0x75B4, 0x6DB3, 0x6D93, 0x6DB3, 0x6D93, 0x6DB3, 0x6DB3, 0x6DB3, 0x6D93, 0x6DB3, 0x6DB3, 0x6DB3,
    0x6D93, 0x6D92, 0x6D92, 0x6DB3, 0x6DB3, 0x6D93, 0x6D93, 0x6593, 0x6DB3, 0x75B3, 0x75B3, 0x6D93, 0x75D4, 0x75D4, 0x75D3, 0x75D4,
    0x6D93, 0x6D93, 0x6DB3, 0x6D93, 0x6D93, 0x6D93, 0x6D93, 0x6DB3, 0x6DB3, 0x6DB4, 0x75D4, 0x75D4, 0x75D4, 0x75D4, 0x75D4, 0x75D4,
    0x6DB3, 0x6D93, 0x6D93, 0x6D93, 0x6DB3, 0x6DB3, 0x6DB3, 0x75D4, 0x6DB3, 0x6DB3, 0x6DB3, 0x75D4, 0x75F4, 0x75D4, 0x75D4, 0x75B3,
    0x6DB3, 0x6D92, 0x6D93, 0x6DB3, 0x75B3, 0x75B3, 0x75D4, 0x85F4, 0x75D3, 0x6DB3, 0x6DB3, 0x6DB3, 0x8E56, 0x8615, 0x75D4, 0x6DB3,
    0x6D93, 0x6D93, 0x6D93, 0x6DB3, 0x6DB3, 0x6D93, 0x75B3, 0x75D3, 0x75B3, 0x75B3, 0x6DB3, 0x6D93, 0x75D4, 0x75D4, 0x75D3, 0x6DB3,
    0x75B3, 0x6D72, 0x6D92, 0x75B3, 0x75D4, 0x75D4, 0x75B3, 0x6DB3, 0x6DB3, 0x75B3, 0x75D4, 0x75D4, 0x75D3, 0x7DF4, 0x7DF5, 0x75D4,
    0x6DB3, 0x6D93, 0x6D92, 0x6592, 0x6DB3, 0x75B3, 0x75B3, 0x6D93, 0x6D93, 0x6D93, 0x6DB3, 0x75B3, 0x6DB3, 0x75B3, 0x75D3, 0x6DB3,
    0x75B3, 0x6DB3, 0x6DB3, 0x6D92, 0x6D93, 0x75B3, 0x75B3, 0x6D92, 0x6D93, 0x6DB3, 0x6D93, 0x6D93, 0x6DB3, 0x75B3, 0x75B3, 0x6DB3,
    0x6DB3, 0x6D93, 0x6D93, 0x6D93, 0x75B3, 0x75B3, 0x75B3, 0x75B3, 0x6DB3, 0x75B3, 0x6DB3, 0x6D93, 0x75D4, 0x75D4, 0x75D3, 0x75D3,
    0x6D93, 0x7593, 0x6D93, 0x6D92, 0x75B3, 0x75B3, 0x75B3, 0x75D3, 0x75D4, 0x75D4, 0x75D4, 0x75D3, 0x75D3, 0x75B3, 0x75B3, 0x75D3
};

const short ground_tile_254[TILE_SIZE * TILE_SIZE] = {
    0x75B3, 0x7593, 0x75B3, 0x6DB3, 0x75D4, 0x75B3, 0x6DB3, 0x6DB3, 0x75D4, 0x6DB3, 0x6DB3, 0x6DB3, 0x6DD3, 0x75D3, 0x75B3, 0x75D3,
    0x75B3, 0x75B3, 0x75B3, 0x75B3, 0x75D4, 0x6DB3, 0x6DB3, 0x6DB3, 0x6D93, 0x6DB3, 0x6DB3, 0x75F4, 0x75F4, 0x75D4, 0x75D3, 0x75B3,
    0x75F4, 0x75D4, 0x75D4, 0x7DD4, 0x6D93, 0x6572, 0x6D92, 0x75B3, 0x6572, 0x6D92, 0x75D3, 0x8615, 0x7DF4, 0x75F4, 0x75D4, 0x75D3,
    0x75D4, 0x75F4, 0x75D4, 0x75B3, 0x6DB3, 0x6DB3, 0x6DB3, 0x6DB3, 0x6DB3, 0x6DB3, 0x6DB3, 0x6DB3, 0x75B3, 0x75B3, 0x75B3, 0x6D93,
    0x6DB3, 0x6DB3, 0x75F4, 0x7E15, 0x75F4, 0x6DB3, 0x6D93, 0x75B3, 0x75D4, 0x75D4, 0x75B3, 0x6D93, 0x6DB3, 0x6DB3, 0x75B3, 0x75D3,
    0x6DD4, 0x6DD3, 0x6DD4, 0x75F4, 0x75F4, 0x6D93, 0x6572, 0x6592, 0x6D93, 0x6D93, 0x6D93, 0x6DB3, 0x6D93, 0x75B3, 0x75B3, 0x75B3,
    0x7E15, 0x75D4, 0x6DD3, 0x6DB3, 0x6DB3, 0x6D93, 0x6D93, 0x6D93, 0x6D93, 0x6D93, 0x6D93, 0x6DB3, 0x6DB3, 0x75B3, 0x75B3, 0x6D93,
    0x75B3, 0x75B3, 0x6DB3, 0x6DB3, 0x6DB3, 0x6D93, 0x6D92, 0x6D93, 0x6DB3, 0x6DB3, 0x6DB3, 0x6DB3, 0x75B3, 0x75B3, 0x75B3, 0x6DB3,
    0x6DB3, 0x6DB3, 0x75D4, 0x7DD4, 0x6DB3, 0x6D92, 0x6592, 0x6D72, 0x6DB3, 0x6DB3, 0x6DB3, 0x6DB3, 0x6DB3, 0x6DB3, 0x6DB3, 0x75D4,
    0x6DB3, 0x6DD3, 0x75F4, 0x85F5, 0x75D3, 0x6DB3, 0x6DB3, 0x75B3, 0x6DB3, 0x6D93, 0x6D93, 0x6592, 0x6DB3, 0x6DB3, 0x6D93, 0x6DB3,
    0x6DB3, 0x75D3, 0x75D3, 0x75D3, 0x6DB3, 0x75B3, 0x6D93, 0x6D92, 0x6D92, 0x6D92, 0x6D92, 0x6592, 0x6DB3, 0x6DB3, 0x6DB3, 0x6DB3,
    0x6DB3, 0x75D3, 0x75F4, 0x7DD4, 0x6DB3, 0x6D92, 0x6D92, 0x6D92, 0x6D93, 0x6D93, 0x6D93, 0x6DB3, 0x75B3, 0x75D4, 0x75D4, 0x6DB3,
    0x6DD3, 0x75D3, 0x75D4, 0x75D3, 0x75D3, 0x6DB3, 0x6D93, 0x6D92, 0x6D92, 0x6D93, 0x6D93, 0x6592, 0x6592, 0x6D93, 0x6DB3, 0x6DD3,
    0x6DB3, 0x7DF4, 0x85F5, 0x75D4, 0x7DD4, 0x75D4, 0x75B3, 0x6D93, 0x6D93, 0x6D93, 0x6D92, 0x6572, 0x6592, 0x6DB3, 0x6DB3, 0x6DB3,
    0x75D3, 0x75B3, 0x75B3, 0x75B3, 0x75B3, 0x75D4, 0x75D4, 0x75D4, 0x7DD4, 0x6D93, 0x6D92, 0x6D93, 0x6DB3, 0x75D3, 0x75B3, 0x6DB3,
    0x75B3, 0x6DB3, 0x6D93, 0x6DB3, 0x75B3, 0x75B3, 0x75B3, 0x75B3, 0x75B3, 0x6D93, 0x6D93, 0x6DB3, 0x75D4, 0x7DD4, 0x75D4, 0x75D4
};

const short ground_tile_255[TILE_SIZE * TILE_SIZE] = {
    0x75D4, 0x6DB3, 0x6D93, 0x75B3, 0x75B3, 0x75B3, 0x75B3, 0x6D93, 0x6D93, 0x6DB3, 0x6DB3, 0x6DB3, 0x7DD4, 0x75D3, 0x6DB3, 0x6DD3,
    0x75B3, 0x75B3, 0x6DB3, 0x75B3, 0x75D4, 0x75D4, 0x75D4, 0x75D3, 0x6DB3, 0x6D93, 0x6DB3, 0x6DB3, 0x75B3, 0x6DB3, 0x75B3, 0x75D4,
    0x6D92, 0x75B3, 0x75B3, 0x6DB3, 0x75F4, 0x75D4, 0x7DF4, 0x8E15, 0x75B3, 0x6D92, 0x6D92, 0x75B3, 0x6D93, 0x6D93, 0x75B3, 0x7DF4,
    0x6DB3, 0x75B3, 0x75D4, 0x75D4, 0x75F4, 0x7DF4, 0x8614, 0x85F5, 0x6DB3, 0x6DB3, 0x6DB3, 0x6DB3, 0x6DB3, 0x6DB3, 0x6D93, 0x75B3,
    0x75D4, 0x75D3, 0x75B3, 0x75B3, 0x6D93, 0x6DB3, 0x75B3, 0x75D3, 0x75B3, 0x6DB3, 0x6DB3, 0x6DB3, 0x8615, 0x75D4, 0x6D93, 0x6D93,
    0x7DD4, 0x7DD4, 0x75B3, 0x6D92, 0x6D93, 0x6DB3, 0x6DB3, 0x6DB3, 0x75D4, 0x6DB3, 0x6DB3, 0x6DB3, 0x8615, 0x75B4, 0x6D93, 0x6DB3,
    0x75D4, 0x7DD4, 0x75B3, 0x6D93, 0x7DD4, 0x75B3, 0x6DB3, 0x6DB3, 0x6D93, 0x6DB3, 0x6DB3, 0x6DB3, 0x75B3, 0x6DB3, 0x6592, 0x6592,
    0x6DB3, 0x6DB3, 0x6DB3, 0x6DB3, 0x6D93, 0x6DB3, 0x75B3, 0x6DB3, 0x6DB3, 0x6DB3, 0x6D93, 0x6D93, 0x6592, 0x6D92, 0x6D93, 0x6DB3,
    0x75D4, 0x6DD3, 0x6DB3, 0x75B3, 0x6DB3, 0x6DB3, 0x75D4, 0x7DF4, 0x6DB3, 0x6DB3, 0x6D93, 0x6572, 0x6D93, 0x6DB3, 0x6DB3, 0x6DD3,
    0x9677, 0x7E15, 0x6DB3, 0x6DB3, 0x6DB3, 0x6DD3, 0x7DF4, 0x8615, 0x75D4, 0x6D93, 0x6D93, 0x75D4, 0x6DB3, 0x6DB3, 0x75D3, 0x75D4,
    0x7DF4, 0x75D4, 0x6DB3, 0x6DB3, 0x6DB3, 0x75B3, 0x75D3, 0x75B3, 0x6DB3, 0x75B3, 0x6DB3, 0x6DB3, 0x6D93, 0x6DB3, 0x6DB3, 0x6DB3,
    0x6DB3, 0x75D4, 0x75D4, 0x6DB3, 0x6DD3, 0x6DB3, 0x75D4, 0x7DF4, 0x6DB3, 0x75B3, 0x75B3, 0x75B3, 0x6DB3, 0x6DB3, 0x6D93, 0x6D93,
    0x6DB3, 0x6D93, 0x6D93, 0x6DB3, 0x6DB3, 0x6D93, 0x6D93, 0x6DB3, 0x6DB3, 0x6DB3, 0x6D93, 0x6DB3, 0x6DB3, 0x6DB3, 0x6DB3, 0x75B3,
    0x75D3, 0x6DB3, 0x6DB3, 0x6DB3, 0x6D93, 0x6DB3, 0x6DB3, 0x6DB3, 0x6DB3, 0x6DB3, 0x6DB3, 0x6DB3, 0x75B3, 0x75D4, 0x75B3, 0x6D93,
    0x75D4, 0x75D3, 0x75B3, 0x6DB3, 0x6DB3, 0x6DB3, 0x75D3, 0x75D4, 0x75B3, 0x6DB3, 0x6D93, 0x6D93, 0x85F5, 0x75D4, 0x6DB3, 0x6D92,
    0x6DB3, 0x6DB3, 0x6DB3, 0x6DB3, 0x6DB3, 0x6DB3, 0x6DB3, 0x6DB3, 0x75B3, 0x6DB3, 0x6D93, 0x6D93, 0x75D4, 0x6DB3, 0x6DB3, 0x75B3
};

const short ground_tile_256[TILE_SIZE * TILE_SIZE] = {
    0x75D4, 0x75D4, 0x75D3, 0x75D3, 0x75D3, 0x6DB3, 0x6DB3, 0x75D4, 0x75D3, 0x75B3, 0x6DB3, 0x6DB3, 0x6DB3, 0x6DB3, 0x6DB3, 0x6DB3,
    0x75D4, 0x75D3, 0x75D3, 0x6DB3, 0x6DB3, 0x6DB3, 0x75B3, 0x75D4, 0x75D4, 0x75B3, 0x75B3, 0x6DB3, 0x75D4, 0x6DB3, 0x6DB3, 0x6DB3,
    0x7DD4, 0x75B3, 0x6DB3, 0x6D93, 0x75B3, 0x7DD4, 0x75D4, 0x75B3, 0x75F4, 0x75D3, 0x75D4, 0x7DF4, 0x7E14, 0x75B3, 0x6D92, 0x6DB3,
    0x6DB3, 0x6DB3, 0x75B3, 0x75D4, 0x7DF4, 0x7DF4, 0x75D4, 0x6DB3, 0x75F4, 0x7DF4, 0x7DF4, 0x75D4, 0x6DD3, 0x6DB3, 0x6DB3, 0x6DD3,
    0x6D93, 0x6DB3, 0x75D4, 0x8636, 0x75D4, 0x75D4, 0x75B3, 0x6DB3, 0x6DB3, 0x6DB3, 0x75D3, 0x7DF4, 0x75D4, 0x6DB3, 0x6D93, 0x6D93,
    0x6DB3, 0x6DB3, 0x6D93, 0x6D93, 0x6D93, 0x6DB3, 0x75B3, 0x6DB3, 0x6DB3, 0x6D93, 0x6DB3, 0x75D4, 0x75D4, 0x6DB3, 0x6D93, 0x6DB3,
    0x6DB3, 0x75B3, 0x6D93, 0x6D93, 0x6DB3, 0x7DD4, 0x7DF4, 0x75D4, 0x7DD4, 0x6DB3, 0x6D93, 0x6D93, 0x6D93, 0x6DB3, 0x6DB3, 0x75D4,
    0x6DD3, 0x75D3, 0x75B3, 0x6DB3, 0x6DB3, 0x6DB3, 0x6DB3, 0x6DB3, 0x6D93, 0x6DB3, 0x6DB3, 0x6D93, 0x6DB3, 0x6DB3, 0x6DB3, 0x6DB3,
    0x6DB3, 0x6DB3, 0x75D4, 0x75D4, 0x75D4, 0x6DB3, 0x6DB3, 0x6DB3, 0x6DB3, 0x6DB3, 0x6DB3, 0x75D4, 0x6DB3, 0x6D93, 0x6593, 0x6593,
    0x6DB3, 0x6DB3, 0x6DB3, 0x75D4, 0x9E77, 0x8615, 0x6DD3, 0x6DB3, 0x6D93, 0x6DB3, 0x75D4, 0x7DF4, 0x6DB3, 0x6D92, 0x6D93, 0x6DB3,
    0x6DB3, 0x6DB3, 0x75D3, 0x75D4, 0x75D4, 0x75B3, 0x6DB3, 0x6DB3, 0x6DB3, 0x6DB3, 0x6DB3, 0x75B3, 0x75B3, 0x6D93, 0x6D72, 0x6572,
    0x6DB3, 0x75D4, 0x75D3, 0x6DB3, 0x6DD3, 0x75D4, 0x75D4, 0x75D4, 0x75D4, 0x6DB3, 0x6DB3, 0x75D3, 0x75D4, 0x6DB3, 0x6D72, 0x6D72,
    0x6DB3, 0x6DB3, 0x75B3, 0x6DB3, 0x6DB3, 0x6DB3, 0x75B3, 0x6DB3, 0x6DB3, 0x6DB3, 0x6DB3, 0x75D3, 0x6DB3, 0x6D93, 0x6D72, 0x6D72,
    0x6D93, 0x6DB3, 0x6DB3, 0x6D92, 0x75B3, 0x75B3, 0x75B3, 0x75B3, 0x6DB3, 0x6DB3, 0x6DB3, 0x6DB3, 0x75B3, 0x75B3, 0x6D93, 0x6572,
    0x6D92, 0x6D93, 0x6D93, 0x6D92, 0x6DB3, 0x75B3, 0x75B3, 0x75D3, 0x75D3, 0x6DB3, 0x6DB3, 0x6DB3, 0x6DB3, 0x6D93, 0x6D92, 0x6D93,
    0x75B3, 0x75B3, 0x75B3, 0x6DB3, 0x6DB3, 0x6DB3, 0x75B3, 0x75B3, 0x75B3, 0x6DB3, 0x6DB3, 0x6DB3, 0x75B3, 0x6DB3, 0x6D93, 0x6DB3
};

const short ground_tile_257[TILE_SIZE * TILE_SIZE] = {
    0x75D4, 0x6DB3, 0x6DB3, 0x6DB3, 0x6DD3, 0x75D3, 0x75B3, 0x75D3, 0x75D3, 0x75B3, 0x75B3, 0x75D3, 0x75D4, 0x75D3, 0x75B3, 0x6DB3,
    0x6DB3, 0x6D93, 0x6DB3, 0x6DD3, 0x75D3, 0x75D3, 0x75D3, 0x75D3, 0x7DF4, 0x7DD4, 0x75D4, 0x75D4, 0x75D4, 0x75D4, 0x75D4, 0x75D4,
    0x6D93, 0x6572, 0x6D93, 0x75D3, 0x75F4, 0x75F4, 0x6DD3, 0x6DB3, 0x8E36, 0x8E36, 0x7DF5, 0x75D3, 0x75D3, 0x6DD3, 0x75D4, 0x7DF4,
    0x6D93, 0x6D93, 0x6DB3, 0x6DB3, 0x6DD3, 0x6DD3, 0x75B3, 0x75B3, 0x75D4, 0x75D4, 0x6DB3, 0x6DB3, 0x75F4, 0x6DB3, 0x6DB3, 0x6DB3,
    0x75D4, 0x6DB3, 0x6D93, 0x6D93, 0x6DB3, 0x75D3, 0x7DF4, 0x85F5, 0x6D93, 0x6DB3, 0x75B3, 0x75D3, 0x75B3, 0x75D4, 0x7DF4, 0x7DF4,
    0x8615, 0x75D4, 0x6D93, 0x6DB3, 0x6D93, 0x6DB3, 0x6DB3, 0x75B3, 0x6D92, 0x6DB3, 0x75D3, 0x75B3, 0x6DB3, 0x75D3, 0x75D4, 0x75D4,
    0x7DD4, 0x75D4, 0x6DB3, 0x6D93, 0x6DB3, 0x75B3, 0x6DB3, 0x6DB3, 0x6DB3, 0x75D4, 0x75D4, 0x75B3, 0x75D4, 0x75D4, 0x6DB3, 0x6DB3,
    0x6DB3, 0x6DB3, 0x6DB3, 0x6D92, 0x75B3, 0x75B3, 0x6DB3, 0x6DB3, 0x6DB3, 0x6DB3, 0x75B3, 0x6DB3, 0x6DB3, 0x75D3, 0x75D3, 0x6DB3,
    0x6DB3, 0x6DB3, 0x6DB3, 0x6592, 0x6DB3, 0x6DB3, 0x6DB3, 0x75D3, 0x75D3, 0x6DB3, 0x75B3, 0x75D3, 0x6DB3, 0x6DB3, 0x75D4, 0x7DF4,
    0x6D93, 0x6D93, 0x6D93, 0x6592, 0x6D93, 0x6DB3, 0x6D93, 0x6DB3, 0x9E77, 0x8615, 0x75D4, 0x6DB3, 0x6D93, 0x6DB3, 0x7DF4, 0x8E15,
    0x6572, 0x6D92, 0x6D92, 0x6DB3, 0x6DB3, 0x75D3, 0x6DB3, 0x6D93, 0x75D4, 0x75D3, 0x6DB3, 0x6D93, 0x6D93, 0x6DB3, 0x75B3, 0x7DD4,
    0x6D92, 0x6572, 0x6D92, 0x6DD3, 0x6DB3, 0x75D4, 0x75D4, 0x6DB3, 0x6DB3, 0x6DB3, 0x75B3, 0x6DB3, 0x75D3, 0x6DB3, 0x75D4, 0x85F5,
    0x6D72, 0x6D93, 0x6D93, 0x6D92, 0x6DB3, 0x6DB3, 0x6DB3, 0x75D3, 0x75D3, 0x75B3, 0x6D93, 0x6D93, 0x6DB3, 0x6DB3, 0x6DB3, 0x6DB3,
    0x6D93, 0x75B3, 0x6D93, 0x6572, 0x6DB3, 0x6DB3, 0x6DB3, 0x6DB3, 0x75B3, 0x75B3, 0x75B3, 0x6DB3, 0x6D93, 0x75D3, 0x75D3, 0x6DB3,
    0x7DD3, 0x75B3, 0x6D93, 0x6D93, 0x6DB3, 0x75B3, 0x75B3, 0x6D93, 0x75D3, 0x75D3, 0x75B3, 0x75B3, 0x75B3, 0x75D4, 0x75D4, 0x75D4,
    0x6DB3, 0x6D93, 0x6D93, 0x75B3, 0x75B3, 0x75B3, 0x75B3, 0x75B3, 0x6DB3, 0x75B3, 0x75B3, 0x75B3, 0x6DB3, 0x6DB3, 0x75D3, 0x6DD3
};

const short ground_tile_258[TILE_SIZE * TILE_SIZE] = {
    0x6DB3, 0x75B3, 0x6DB3, 0x6DB3, 0x75D3, 0x6DB3, 0x6DB3, 0x6DB3, 0x75D3, 0x75B3, 0x75B3, 0x75B3, 0x75D3, 0x75B3, 0x75B3, 0x75B3,
    0x75D4, 0x6DB3, 0x6D93, 0x6DB3, 0x6DB3, 0x6DB3, 0x6DB3, 0x6DB3, 0x75D3, 0x75D3, 0x75B3, 0x6DB3, 0x75D4, 0x75D4, 0x75D4, 0x75B3,
    0x7DD4, 0x75B3, 0x6DB3, 0x6DB3, 0x6DB3, 0x6DB3, 0x75B3, 0x7DF4, 0x75D4, 0x75B3, 0x6D93, 0x6592, 0x8615, 0x8E35, 0x85F4, 0x6DB3,
    0x6D92, 0x6D93, 0x6DB3, 0x6DB3, 0x6DB3, 0x6D93, 0x6D93, 0x6DB3, 0x6DB3, 0x6D93, 0x6D93, 0x6D93, 0x75D3, 0x75B3, 0x6D93, 0x6DB3,
    0x6DB3, 0x6D93, 0x6D92, 0x6D93, 0x7DD4, 0x6DB3, 0x6D92, 0x6D92, 0x6D93, 0x6DB3, 0x75D4, 0x7DF4, 0x6DB3, 0x6DB3, 0x75B3, 0x75B3,
    0x75B3, 0x6D92, 0x6592, 0x6DB3, 0x85F5, 0x75B4, 0x6DB3, 0x6DB3, 0x6DB3, 0x6D93, 0x6D93, 0x6D93, 0x6572, 0x6D93, 0x75B3, 0x75D3,
    0x6D93, 0x6592, 0x6592, 0x6D93, 0x6DB3, 0x6DB3, 0x6D93, 0x6D93, 0x6DB3, 0x6DB3, 0x6D93, 0x6D93, 0x6DB3, 0x75D4, 0x7DF4, 0x8615,
    0x6DB3, 0x6D93, 0x6D93, 0x6D93, 0x6D93, 0x6D93, 0x6D93, 0x6DB3, 0x6DB3, 0x6DB3, 0x6DB3, 0x6DB3, 0x6DB3, 0x6DB3, 0x6DB3, 0x75B3,
    0x75D4, 0x6DB3, 0x6592, 0x6592, 0x6DB3, 0x6DB3, 0x75B3, 0x75D4, 0x6DB3, 0x6D93, 0x6DB3, 0x6DB3, 0x75D4, 0x6DB3, 0x6DB3, 0x6D93,
    0x6DB3, 0x6D93, 0x6DB3, 0x75D4, 0x6DB3, 0x6DB3, 0x7DD4, 0x85F5, 0x6DB3, 0x6593, 0x6593, 0x6DB3, 0x8E36, 0x7E15, 0x6DB4, 0x6593,
    0x6DB3, 0x6D93, 0x6D93, 0x6D93, 0x6D93, 0x6D93, 0x6D93, 0x6DB3, 0x6D93, 0x6D93, 0x6D93, 0x6D93, 0x6593, 0x6DB3, 0x6DB3, 0x6DB3,
    0x75D4, 0x6D93, 0x6572, 0x5D52, 0x6572, 0x6D93, 0x6D93, 0x6DB2, 0x6DB3, 0x6DB3, 0x6D93, 0x6572, 0x6D93, 0x7DD4, 0x7DF4, 0x75B3,
    0x6DB3, 0x6D92, 0x6572, 0x6572, 0x6592, 0x75B4, 0x75D4, 0x6DB3, 0x6D93, 0x6D92, 0x6D92, 0x6D93, 0x6592, 0x6DB3, 0x75B3, 0x6DB3,
    0x75B3, 0x6DB3, 0x6D93, 0x6D93, 0x75B3, 0x7DF4, 0x75D4, 0x6572, 0x6D92, 0x6D93, 0x6D92, 0x6D92, 0x6DB3, 0x75B3, 0x75B3, 0x6DB3,
    0x75D4, 0x6DB3, 0x7593, 0x7593, 0x75B3, 0x75B3, 0x75B3, 0x75B3, 0x6D93, 0x6DB3, 0x6D93, 0x6D92, 0x75B3, 0x75D3, 0x75B3, 0x6DB3,
    0x6DB3, 0x75B3, 0x75B3, 0x7593, 0x75B3, 0x6DB3, 0x75B3, 0x7DD4, 0x75D4, 0x75D3, 0x75B3, 0x75D3, 0x75B3, 0x75B3, 0x75B3, 0x75B3
};

const short ground_tile_259[TILE_SIZE * TILE_SIZE] = {
    0x75B3, 0x75B3, 0x75B3, 0x6DB3, 0x6DB3, 0x6DB3, 0x75B3, 0x75B3, 0x75D4, 0x75D3, 0x6DB3, 0x6DB2, 0x6DD3, 0x75B3, 0x75B3, 0x75D3,
    0x75B3, 0x6DB3, 0x6DB3, 0x6DB3, 0x75B3, 0x6D93, 0x6D93, 0x6DB3, 0x6DB3, 0x6DB3, 0x6DB3, 0x6DB3, 0x75B3, 0x75B3, 0x75B3, 0x75D3,
    0x75F4, 0x6DD3, 0x6DB3, 0x75D4, 0x75B3, 0x6D93, 0x6DB3, 0x75B3, 0x6D93, 0x6D93, 0x75B3, 0x7DD4, 0x75D4, 0x75D3, 0x75D3, 0x75F4,
    0x7DF4, 0x75D3, 0x6DB3, 0x6DB3, 0x6D93, 0x6D93, 0x6DB3, 0x6DB3, 0x6D93, 0x6D93, 0x6D93, 0x6D93, 0x6DB3, 0x75B3, 0x6DB3, 0x6D72,
    0x6DB3, 0x75D4, 0x7DD4, 0x7DF4, 0x75B3, 0x6DB3, 0x6D93, 0x6D93, 0x75B4, 0x75B4, 0x75B3, 0x6D93, 0x6D93, 0x6D93, 0x6D93, 0x75B3,
    0x6DB3, 0x75B3, 0x75D4, 0x75D4, 0x75D4, 0x6DB3, 0x6DB3, 0x6D93, 0x6DB3, 0x6D93, 0x6D93, 0x6D92, 0x6D92, 0x6D93, 0x6D93, 0x75B3,
    0x7DF4, 0x75D4, 0x75B3, 0x6DB3, 0x6D93, 0x6D93, 0x75B3, 0x7DF4, 0x7DF4, 0x75D3, 0x6592, 0x6592, 0x6DB3, 0x6D93, 0x6D93, 0x6D93,
    0x6DB3, 0x6DB3, 0x75B3, 0x6D93, 0x6D72, 0x6D93, 0x6DB3, 0x75D3, 0x6DB3, 0x6DB3, 0x6DB3, 0x6DB3, 0x6DB3, 0x6DB3, 0x75B3, 0x75D4,
    0x6D93, 0x6DB3, 0x75B3, 0x75B3, 0x6D93, 0x6D92, 0x6D92, 0x6592, 0x6DB3, 0x6DB3, 0x6DB3, 0x6DD3, 0x6D92, 0x6D93, 0x75B3, 0x7DD4,
    0x6592, 0x75D3, 0x7DD4, 0x7DB4, 0x75B3, 0x6572, 0x6572, 0x6DB3, 0x6DB3, 0x6DB3, 0x6DB3, 0x6DB3, 0x6DB3, 0x6DB3, 0x6D93, 0x6D93,
    0x6DB3, 0x75D3, 0x75D4, 0x75B3, 0x75B3, 0x6D92, 0x6D92, 0x6DB3, 0x6DB3, 0x6DB3, 0x6DB3, 0x6DB3, 0x6DB3, 0x6DB3, 0x6DB3, 0x6D93,
    0x75D3, 0x75D3, 0x7DF4, 0x8615, 0x75D4, 0x6D93, 0x6D72, 0x6D92, 0x6572, 0x6D93, 0x6DB3, 0x6DB3, 0x75D3, 0x75D4, 0x75D4, 0x6DB3,
    0x6DB3, 0x6DB3, 0x6DB3, 0x7DD4, 0x6DB3, 0x6572, 0x6572, 0x6572, 0x6D93, 0x6D93, 0x6D92, 0x6592, 0x6D92, 0x6D93, 0x75B3, 0x75D3,
    0x6DB3, 0x6DB3, 0x6DB3, 0x6DB3, 0x75B3, 0x6DB3, 0x6D93, 0x6D72, 0x75D4, 0x75D4, 0x6DB3, 0x6572, 0x6DB3, 0x75B3, 0x75D3, 0x75D3,
    0x6DB3, 0x6D93, 0x6DB3, 0x6DB3, 0x6DB3, 0x75B3, 0x6DB3, 0x6D93, 0x7DD4, 0x75B3, 0x6DB3, 0x6DB3, 0x75B3, 0x75D4, 0x75D4, 0x75D3,
    0x6DB3, 0x6DB3, 0x6D93, 0x6D93, 0x6DB3, 0x75B3, 0x6DB3, 0x6DB3, 0x75B3, 0x6DB3, 0x6DB3, 0x75B3, 0x7DD4, 0x7DD4, 0x7DD4, 0x7DF4
};

const short ground_tile_260[TILE_SIZE * TILE_SIZE] = {
    0x7DF4, 0x75D3, 0x75B3, 0x6DB3, 0x75B3, 0x6D93, 0x6DB3, 0x6DB3, 0x75D4, 0x6D93, 0x6D93, 0x6DB3, 0x6DB3, 0x6D93, 0x6D93, 0x6DB3,
    0x9656, 0x8615, 0x75D4, 0x6D93, 0x75B3, 0x6D93, 0x6DB3, 0x7DF4, 0x9656, 0x7DD4, 0x6DB3, 0x6DD3, 0x6DB3, 0x6D93, 0x6D92, 0x6D93,
    0x75F4, 0x75D4, 0x75B3, 0x6DB3, 0x6DB3, 0x6DD3, 0x75F4, 0x7DF5, 0x6DB3, 0x75B3, 0x75D3, 0x6DB3, 0x6DB3, 0x6DB3, 0x75B3, 0x6DB3,
    0x75D4, 0x6DB3, 0x6DB3, 0x75B3, 0x6DB3, 0x6DB3, 0x6DD3, 0x75D4, 0x6DD3, 0x6DD3, 0x6DB3, 0x6DB3, 0x75D4, 0x75D3, 0x6DB3, 0x75B3,
    0x75D3, 0x6DB3, 0x6DB3, 0x6D93, 0x75D3, 0x75D3, 0x6DB3, 0x6DB3, 0x6DB3, 0x6DB3, 0x6DB3, 0x6DB3, 0x8615, 0x75D4, 0x6D93, 0x6D92,
    0x6DD3, 0x6DB3, 0x6DB3, 0x6DB3, 0x75D3, 0x6DB3, 0x6DB3, 0x6D93, 0x6DB3, 0x6D93, 0x6D93, 0x75B3, 0x85F4, 0x75D4, 0x6DB3, 0x6D93,
    0x7E15, 0x75D4, 0x6DB3, 0x6D93, 0x6D93, 0x6DB3, 0x6DB3, 0x6DB3, 0x75B3, 0x6D93, 0x6D93, 0x6DB3, 0x6DB3, 0x75D4, 0x75D4, 0x6DB3,
    0x8636, 0x7DF4, 0x6DB3, 0x6D93, 0x6D93, 0x6D93, 0x75D3, 0x7DF4, 0x75B4, 0x6D93, 0x6D93, 0x6592, 0x6593, 0x8615, 0x8635, 0x6DB3,
    0x6592, 0x6DB3, 0x6DB3, 0x6DB3, 0x6D92, 0x6D93, 0x75B3, 0x7DF4, 0x75D4, 0x6DB3, 0x6D93, 0x6D93, 0x6DB3, 0x6DD3, 0x6DD3, 0x6DB3,
    0x6592, 0x6DB3, 0x6DB3, 0x75B3, 0x75B3, 0x6D93, 0x75B3, 0x7DD4, 0x6DB3, 0x6DB3, 0x6DB3, 0x6DB3, 0x6DB3, 0x6DB3, 0x6DB3, 0x6DB3,
    0x6DB3, 0x75B3, 0x7593, 0x6D93, 0x6DB3, 0x6D92, 0x6D93, 0x7DD4, 0x6DB3, 0x6572, 0x6D93, 0x75F4, 0x6DB3, 0x6DB3, 0x6DD3, 0x6DD3,
    0x75D4, 0x75B3, 0x75B3, 0x75B3, 0x75B3, 0x6D93, 0x6D92, 0x6D92, 0x6D93, 0x6592, 0x6592, 0x6D92, 0x6DD3, 0x75D4, 0x6DD3, 0x6DD3,
    0x8E36, 0x7DD4, 0x75B3, 0x7DD4, 0x7DD4, 0x75B3, 0x75B3, 0x6D93, 0x6DB3, 0x6D93, 0x6D93, 0x6DB3, 0x75F4, 0x8615, 0x8615, 0x6DD3,
    0x75B3, 0x75B3, 0x75B3, 0x75B3, 0x75B3, 0x75B3, 0x6DB3, 0x6DB3, 0x6D93, 0x6D92, 0x6DB3, 0x75D4, 0x8635, 0x7DF4, 0x75D4, 0x75D4,
    0x75B3, 0x75B3, 0x75B3, 0x75B3, 0x75B3, 0x75B3, 0x6DB3, 0x6DB3, 0x6DB3, 0x75B3, 0x6DB3, 0x6DB3, 0x7DD4, 0x6DB3, 0x6D93, 0x6D93,
    0x7DF4, 0x75D4, 0x75B3, 0x75B3, 0x75B3, 0x6DB3, 0x75B3, 0x75D4, 0x75D4, 0x75B3, 0x6DB3, 0x6DB3, 0x6DB3, 0x6D93, 0x6DB3, 0x6DB3
};

const short ground_tile_261[TILE_SIZE * TILE_SIZE] = {
    0x75D3, 0x75D3, 0x6DD3, 0x6DB3, 0x7DF4, 0x75D4, 0x6DB3, 0x6DB3, 0x75B3, 0x6DB3, 0x6DB3, 0x75D3, 0x6DB3, 0x6D93, 0x6D92, 0x6D93,
    0x75B3, 0x75D3, 0x75D4, 0x7DD4, 0x8E36, 0x8615, 0x75D4, 0x6DB3, 0x75D4, 0x6DB3, 0x75D4, 0x8E36, 0x7DD4, 0x6D93, 0x6D93, 0x6DD3,
    0x6DB3, 0x6DB3, 0x6DB3, 0x75D3, 0x6DB3, 0x6DB3, 0x6DB3, 0x6DB3, 0x75D4, 0x75D3, 0x75F4, 0x7DF4, 0x6D93, 0x6DB3, 0x6DB3, 0x6592,
    0x6D93, 0x6D93, 0x6DB3, 0x6DB3, 0x6DB3, 0x6DB3, 0x6DB3, 0x75D3, 0x6DD3, 0x6DB3, 0x6DB3, 0x6DB3, 0x6DB3, 0x6DB3, 0x6DB3, 0x6DB3,
    0x6DB3, 0x75B3, 0x75D3, 0x75D4, 0x75D4, 0x6DB3, 0x6D93, 0x6D93, 0x6DB3, 0x75B3, 0x6DB3, 0x6DB3, 0x6DB3, 0x6DB3, 0x6DD3, 0x75D4,
    0x75B3, 0x75D3, 0x75D4, 0x75D4, 0x7DF4, 0x75D4, 0x6DB3, 0x6DB3, 0x6D93, 0x6D93, 0x6D93, 0x6593, 0x6DB3, 0x6DD4, 0x7E15, 0x9656,
    0x75D3, 0x6DB3, 0x6DB3, 0x6DD3, 0x8615, 0x75D4, 0x6DB3, 0x6DB3, 0x6DB3, 0x6DB3, 0x6DB3, 0x6DB3, 0x6DB3, 0x6DB3, 0x6DB3, 0x75B4,
    0x6DB3, 0x6DB3, 0x6DB3, 0x6DB3, 0x8615, 0x7DF4, 0x6DB3, 0x6DB3, 0x6DB3, 0x6DB3, 0x75D4, 0x7DF4, 0x6D93, 0x6D93, 0x6D92, 0x6593,
    0x6572, 0x6592, 0x6DB3, 0x75F4, 0x6DB3, 0x6DB3, 0x6DB3, 0x75D3, 0x6D93, 0x6DB3, 0x75D3, 0x7DD4, 0x6DB3, 0x6DB3, 0x6DB3, 0x6DB3,
    0x6DB3, 0x6DB3, 0x6DB3, 0x6DB3, 0x6593, 0x6DB3, 0x6DB3, 0x6DB3, 0x75B3, 0x6DB3, 0x6DB3, 0x6DB3, 0x75D4, 0x6DB3, 0x6D93, 0x6D93,
    0x75F4, 0x75D4, 0x75B3, 0x65B3, 0x6592, 0x6DB3, 0x6DB3, 0x6D93, 0x6DB3, 0x6D93, 0x6D93, 0x6DB3, 0x6DB3, 0x6592, 0x6572, 0x6D72,
    0x6DD3, 0x6DD3, 0x6DB3, 0x6592, 0x6DB3, 0x6DB3, 0x6D93, 0x6D93, 0x6DB3, 0x75B3, 0x75B3, 0x6DB3, 0x6572, 0x6572, 0x6572, 0x6D93,
    0x6DD3, 0x6DB3, 0x6592, 0x6592, 0x8E36, 0x7DF4, 0x6DB3, 0x6D93, 0x6D93, 0x7DD4, 0x7DF4, 0x75B3, 0x6D92, 0x6D72, 0x6D93, 0x6DB3,
    0x6DB3, 0x6DB3, 0x6D93, 0x6D93, 0x7DD4, 0x75D3, 0x75B3, 0x75B3, 0x75B3, 0x75B3, 0x75B3, 0x6D93, 0x6D93, 0x6D72, 0x6D93, 0x75D3,
    0x6DB3, 0x6DB3, 0x75B3, 0x75B3, 0x6D93, 0x6D93, 0x6DB3, 0x75B3, 0x75B3, 0x75B3, 0x75B3, 0x75B3, 0x75B3, 0x6D93, 0x6D93, 0x6DB3,
    0x75B3, 0x75B3, 0x6DB3, 0x6D93, 0x6DB3, 0x75B3, 0x75B3, 0x75D3, 0x75D3, 0x75B3, 0x75B3, 0x75D4, 0x7DD4, 0x6DB3, 0x6D92, 0x6D93
};

const short ground_tile_262[TILE_SIZE * TILE_SIZE] = {
    0x6D93, 0x6D92, 0x6D93, 0x6DB3, 0x6DB3, 0x75B3, 0x6DB3, 0x6DD3, 0x7DF5, 0x75D4, 0x6DB3, 0x6DB3, 0x6D93, 0x6592, 0x6592, 0x6D92,
    0x6592, 0x6DB3, 0x6DB3, 0x6DB3, 0x75D3, 0x75D4, 0x6DB3, 0x6DB3, 0x9677, 0x8615, 0x75D3, 0x6D93, 0x6DB3, 0x6592, 0x6572, 0x6DB3,
    0x6D93, 0x6D93, 0x6D93, 0x6D93, 0x75D3, 0x75B3, 0x75B3, 0x6DB3, 0x6DB3, 0x6DB3, 0x6D93, 0x6592, 0x6DB3, 0x6DB3, 0x75D3, 0x6DB3,
    0x6DB3, 0x6DB3, 0x6DB3, 0x6DB3, 0x6D93, 0x6DB3, 0x6DB3, 0x6DB3, 0x6DB3, 0x6DB3, 0x6DB3, 0x6DB3, 0x6DB3, 0x6DB3, 0x6DB3, 0x75D3,
    0x75D4, 0x6DB3, 0x6DB3, 0x6D93, 0x6DB3, 0x6DB3, 0x6DB3, 0x6DB3, 0x7DF4, 0x6DB3, 0x6D92, 0x6D93, 0x6DB3, 0x6DB3, 0x6DB3, 0x6DB3,
    0x7DF4, 0x75D3, 0x6DB3, 0x6D93, 0x6DB3, 0x75D3, 0x6DD3, 0x6DB3, 0x7DD4, 0x6DB3, 0x6D93, 0x6DB3, 0x75B3, 0x6DB3, 0x6D93, 0x6D93,
    0x75D4, 0x7DD4, 0x75D4, 0x6DB3, 0x6DD3, 0x6DB3, 0x6DB3, 0x6DB3, 0x85F5, 0x75D4, 0x6D93, 0x6D92, 0x6DB3, 0x6DB3, 0x6DB3, 0x6DB3,
    0x6DB3, 0x7DF4, 0x7DF4, 0x6DB3, 0x6DB3, 0x6DB3, 0x6DB3, 0x6DB3, 0x8615, 0x75D4, 0x6D93, 0x6592, 0x6DB3, 0x6DB3, 0x75D3, 0x7DF4,
    0x6DB3, 0x6DB3, 0x6DB3, 0x6DD3, 0x6DD3, 0x6DB3, 0x6DB3, 0x75B3, 0x6572, 0x6572, 0x6592, 0x6D93, 0x6572, 0x6D93, 0x75D3, 0x7DF4,
    0x6D93, 0x6D93, 0x6DB3, 0x75D4, 0x75B3, 0x6DB3, 0x6D93, 0x6D92, 0x6592, 0x6D92, 0x6DB3, 0x6DB3, 0x6D93, 0x6D93, 0x6D93, 0x6D93,
    0x6D93, 0x6D93, 0x6D93, 0x6DB3, 0x75D4, 0x75D4, 0x75B3, 0x6D93, 0x6592, 0x6DB3, 0x6DB3, 0x6D93, 0x6D93, 0x6D93, 0x6D92, 0x6DB3,
    0x6D93, 0x6DB3, 0x6DB3, 0x6592, 0x6DB3, 0x6DB3, 0x6DB3, 0x6D93, 0x75D4, 0x6DB3, 0x6D93, 0x6D93, 0x6D93, 0x75B3, 0x75B3, 0x6DB3,
    0x75D4, 0x7DF4, 0x7DD4, 0x6593, 0x6DB3, 0x6DB3, 0x6DB3, 0x6DB3, 0x8E36, 0x7DF4, 0x6D93, 0x6D93, 0x6DB3, 0x7DD4, 0x7DF4, 0x7DD4,
    0x7DF5, 0x75D4, 0x75D4, 0x75F4, 0x6DB3, 0x6DB3, 0x6DB3, 0x6D93, 0x75B3, 0x75B3, 0x6DB3, 0x6DB3, 0x6D93, 0x6DB3, 0x6DB3, 0x6D93,
    0x75D4, 0x6DD3, 0x6DB3, 0x6DB3, 0x6DB3, 0x75B3, 0x75D3, 0x7DD4, 0x75B3, 0x6D93, 0x6D93, 0x6DB3, 0x6DB3, 0x6DB3, 0x6DB3, 0x6D93,
    0x6DB3, 0x6DB3, 0x6DB3, 0x75D4, 0x75D4, 0x75D3, 0x75B3, 0x75B3, 0x6D92, 0x6D93, 0x6DB3, 0x75B3, 0x75D3, 0x75D3, 0x75B3, 0x75B3
};

const short ground_tile_263[TILE_SIZE * TILE_SIZE] = {
    0x75D3, 0x75B3, 0x75B3, 0x75B3, 0x75B3, 0x6D93, 0x6D92, 0x6D93, 0x75B3, 0x75B3, 0x75D3, 0x75D4, 0x7DF5, 0x75D4, 0x75D4, 0x75D4,
    0x9E57, 0x8615, 0x75D3, 0x6DD3, 0x75D4, 0x6DB3, 0x6D93, 0x6D92, 0x75B3, 0x75B3, 0x75D4, 0x75F4, 0x8E36, 0x85F5, 0x75D4, 0x75B3,
    0x6D93, 0x6DD3, 0x6DD3, 0x6D93, 0x6DB3, 0x6D93, 0x6D93, 0x75B3, 0x75B3, 0x75B3, 0x75D4, 0x75D4, 0x6DD3, 0x6DD3, 0x6DB3, 0x75B3,
    0x6DB3, 0x6DB3, 0x6DB3, 0x6DB3, 0x6DB3, 0x6DB3, 0x6DB3, 0x6DB3, 0x6DB3, 0x6DB3, 0x6DB3, 0x6DB3, 0x6DB3, 0x6DD3, 0x75D4, 0x75D4,
    0x6DB3, 0x6DD3, 0x6DB3, 0x6DB3, 0x7DF5, 0x75D3, 0x6D92, 0x6D92, 0x6DB3, 0x75B3, 0x6DB3, 0x6DB3, 0x75F4, 0x75D4, 0x75B3, 0x75D3,
    0x75D4, 0x6DB3, 0x6DB3, 0x6DB3, 0x7DD4, 0x75B3, 0x6DB3, 0x6D93, 0x6DB3, 0x6DB3, 0x6DB3, 0x75B3, 0x7DF4, 0x75D4, 0x6DB3, 0x75D3,
    0x6DB3, 0x6D93, 0x6D93, 0x6DB3, 0x6DB3, 0x7DF4, 0x7DF4, 0x6DB3, 0x6DB3, 0x6DB3, 0x6DB3, 0x6DD3, 0x7E15, 0x75D4, 0x6DB3, 0x6DB3,
    0x6DB3, 0x6D93, 0x6D93, 0x6592, 0x6593, 0x7E15, 0x8615, 0x6DD3, 0x6DB3, 0x6DB3, 0x6DB3, 0x6DB3, 0x8615, 0x75D4, 0x6DB3, 0x6DB3,
    0x75B3, 0x6D93, 0x6572, 0x6572, 0x6DB3, 0x6DD3, 0x6DD4, 0x6DD3, 0x6D92, 0x6592, 0x6D93, 0x75D3, 0x6592, 0x6592, 0x6D93, 0x6DB3,
    0x6DB3, 0x6DB3, 0x6DB3, 0x6D93, 0x6DB3, 0x6DB3, 0x6DB3, 0x75B3, 0x75B3, 0x6DB3, 0x6D93, 0x6D92, 0x6592, 0x6DB3, 0x6DB3, 0x6D93,
    0x6DB3, 0x6592, 0x6D93, 0x75D4, 0x6DB3, 0x6DB3, 0x6DB3, 0x6DD4, 0x75D4, 0x7DF4, 0x7DF4, 0x6DB3, 0x6572, 0x6DB3, 0x6DB3, 0x6D93,
    0x6572, 0x6572, 0x6572, 0x6592, 0x6D93, 0x6DB3, 0x6DB3, 0x6DD3, 0x6DD3, 0x6DD3, 0x6DD4, 0x75D4, 0x6DD3, 0x6DB3, 0x6D93, 0x6D92,
    0x6D92, 0x6572, 0x6572, 0x6592, 0x75D3, 0x7E15, 0x7DF4, 0x6DD3, 0x6DD3, 0x6DD3, 0x6DD3, 0x75D3, 0x8E36, 0x7DF5, 0x6DB3, 0x6D93,
    0x6572, 0x6D92, 0x6D93, 0x75B3, 0x7DF4, 0x75D4, 0x6DD4, 0x6DF4, 0x6DD3, 0x6DD3, 0x6DD3, 0x6DB3, 0x7DF4, 0x75B4, 0x6D93, 0x6D92,
    0x6DB3, 0x6D93, 0x6D93, 0x75B3, 0x7DF4, 0x6DB3, 0x6DB3, 0x6DD3, 0x6DD3, 0x75D4, 0x75D3, 0x75D3, 0x75B3, 0x6D93, 0x6D92, 0x6D93,
    0x75D3, 0x75B3, 0x6DB3, 0x6DB3, 0x6DB3, 0x6DB3, 0x6DB3, 0x75D4, 0x75F4, 0x75D4, 0x75B3, 0x6D93, 0x6D92, 0x6D92, 0x6D93, 0x75B3
};

const short ground_tile_264[TILE_SIZE * TILE_SIZE] = {
    0x75D4, 0x6DB3, 0x6DB3, 0x6DB3, 0x75D4, 0x6DB3, 0x6D93, 0x6DB3, 0x6DB3, 0x6DB3, 0x6DB3, 0x6DB3, 0x6DB3, 0x6DB3, 0x6DB3, 0x75D3,
    0x75D4, 0x6DD3, 0x75D4, 0x8615, 0x8E35, 0x75B3, 0x6D93, 0x75D4, 0x6DB3, 0x75D4, 0x75D4, 0x6DB3, 0x75B3, 0x75B3, 0x6DB3, 0x6DB3,
    0x75B3, 0x7DF5, 0x7DF5, 0x75B3, 0x6D72, 0x6D93, 0x6DB3, 0x6D93, 0x6DB3, 0x75B3, 0x6DB3, 0x6D93, 0x6DB3, 0x75B3, 0x6D93, 0x6592,
    0x75D3, 0x75D4, 0x75B3, 0x6DB3, 0x6D93, 0x6DB3, 0x6DB3, 0x6DB3, 0x7DD4, 0x75B3, 0x6D93, 0x6D93, 0x6D93, 0x6D93, 0x6DB3, 0x6D93,
    0x75D3, 0x75D3, 0x75D3, 0x75D4, 0x75B3, 0x6DD3, 0x6DD3, 0x6DD3, 0x75B3, 0x6DB3, 0x6DB3, 0x75B3, 0x6DB3, 0x75B3, 0x6DB3, 0x6DB3,
    0x75D3, 0x6DB3, 0x6DB3, 0x6DB3, 0x75D4, 0x75D4, 0x7DF4, 0x8615, 0x75D3, 0x6DB3, 0x75D3, 0x75D3, 0x75D3, 0x75D3, 0x75D3, 0x6DB3,
    0x75B3, 0x6DB3, 0x6DB3, 0x6DD3, 0x75D4, 0x75B3, 0x6DB3, 0x75D4, 0x6DD3, 0x75F4, 0x7DD4, 0x75D4, 0x75D3, 0x6DB3, 0x6DB3, 0x75D3,
    0x6DB3, 0x6DB3, 0x75D4, 0x8615, 0x75D4, 0x6DB3, 0x6DB3, 0x6DB3, 0x6DB3, 0x7DF4, 0x7DF5, 0x75D4, 0x6DB3, 0x6DB3, 0x6DB3, 0x6DB3,
    0x6DB3, 0x6D93, 0x75D4, 0x85F5, 0x75D4, 0x6DB3, 0x6DB3, 0x6DB3, 0x75D4, 0x75D3, 0x6DB3, 0x6DB3, 0x6DB3, 0x6DB3, 0x75B3, 0x75D4,
    0x6DB3, 0x6DB3, 0x6DB3, 0x75D3, 0x75D4, 0x6DB3, 0x6D92, 0x6D93, 0x75B3, 0x6DB3, 0x6D93, 0x6DB3, 0x6DB3, 0x6D93, 0x6D93, 0x6D93,
    0x6DB3, 0x6DB3, 0x6DB3, 0x75D3, 0x6DB3, 0x6D93, 0x6D92, 0x6592, 0x6DB3, 0x6D93, 0x6D93, 0x6DB3, 0x6DB3, 0x75B4, 0x75B4, 0x6D93,
    0x75B3, 0x75B3, 0x6DB3, 0x6DB3, 0x6DB3, 0x6DB3, 0x6DB3, 0x6DB3, 0x6D93, 0x6DB3, 0x6DB3, 0x6DB3, 0x6DB3, 0x6DB3, 0x6DB3, 0x6DB3,
    0x6DB3, 0x7DD4, 0x7DF4, 0x75D3, 0x75B3, 0x75B3, 0x75D3, 0x75D4, 0x75B3, 0x7DF5, 0x7DD4, 0x6D92, 0x6DB3, 0x6DB3, 0x6DB3, 0x6DB3,
    0x75B3, 0x75B3, 0x75B3, 0x6DB3, 0x6DB3, 0x6DB3, 0x75B3, 0x75B3, 0x75B4, 0x75B3, 0x6DB3, 0x6DB3, 0x6DB3, 0x75B3, 0x75B3, 0x75B3,
    0x75B3, 0x75B3, 0x75B3, 0x6DB3, 0x75D4, 0x75B3, 0x75B3, 0x6DB3, 0x75B3, 0x6D93, 0x6572, 0x6D93, 0x6DB3, 0x75B3, 0x75B3, 0x75D3,
    0x75B3, 0x75B3, 0x6DB3, 0x75B3, 0x7DF4, 0x75B3, 0x6572, 0x6D72, 0x6D92, 0x6572, 0x6D92, 0x6DB3, 0x75D4, 0x75D3, 0x75B3, 0x75B3
};

const short ground_tile_265[TILE_SIZE * TILE_SIZE] = {
    0x85F5, 0x75D4, 0x6DB3, 0x6DB3, 0x6D93, 0x6D93, 0x6D93, 0x75B3, 0x7DF4, 0x6DB3, 0x6D93, 0x6DB3, 0x6DB3, 0x6DB3, 0x6DB3, 0x6D93,
    0x9636, 0x85F5, 0x75B3, 0x6D92, 0x6D93, 0x6572, 0x6D93, 0x8615, 0x9636, 0x75B3, 0x6592, 0x75D3, 0x6DB3, 0x6D93, 0x6D93, 0x6D93,
    0x6DB3, 0x6DB3, 0x6DB3, 0x6D93, 0x6DB3, 0x75B3, 0x75D3, 0x75D4, 0x6DB3, 0x75D3, 0x6DD3, 0x6DB3, 0x6DB3, 0x6D93, 0x6D93, 0x6DB3,
    0x6DB3, 0x6DB3, 0x6DB3, 0x6DB3, 0x6DB3, 0x6D93, 0x6DB3, 0x6DB3, 0x6DD3, 0x6DD3, 0x6DD3, 0x6DB3, 0x75D3, 0x6DB3, 0x6DB3, 0x6D93,
    0x75D4, 0x6DB3, 0x6D93, 0x6D93, 0x6DB3, 0x6DB3, 0x6DB3, 0x75D3, 0x75D4, 0x6DB3, 0x65B3, 0x6DB3, 0x8615, 0x75D4, 0x6DB3, 0x6592,
    0x75D4, 0x6DB3, 0x6DB3, 0x75B3, 0x75B3, 0x75B3, 0x6DB3, 0x6DB3, 0x75B4, 0x6DB3, 0x6DB3, 0x6DB3, 0x8E35, 0x7DF4, 0x6DB3, 0x6D93,
    0x8615, 0x75D4, 0x6DB3, 0x6DB3, 0x75B3, 0x6DB3, 0x6DB3, 0x6DB3, 0x6DB3, 0x6D93, 0x6DB3, 0x6DB3, 0x75B3, 0x75D4, 0x75D4, 0x6D93,
    0x8615, 0x7DD4, 0x75B3, 0x6DB3, 0x75D3, 0x6DB3, 0x75D3, 0x7DF4, 0x6D93, 0x6D93, 0x6D93, 0x6D93, 0x6592, 0x7DF4, 0x7DF4, 0x6DB3,
    0x6572, 0x6D92, 0x6DB3, 0x6DB3, 0x6D92, 0x6D93, 0x75B3, 0x7DD4, 0x75B4, 0x6D93, 0x6D72, 0x6D93, 0x6D93, 0x6DB3, 0x6D93, 0x6D93,
    0x6592, 0x6DB3, 0x6DB3, 0x6DB3, 0x6DB3, 0x6DB3, 0x6DB3, 0x75B3, 0x6D93, 0x6DB3, 0x6DB3, 0x6D93, 0x6D93, 0x6D93, 0x6D93, 0x6D93,
    0x6592, 0x6DB3, 0x6DB3, 0x6D93, 0x6DB3, 0x6DB3, 0x6DB3, 0x75D4, 0x75D3, 0x6D72, 0x6572, 0x6DB3, 0x6D93, 0x6D93, 0x6D93, 0x6DB3,
    0x6DB3, 0x6D93, 0x6D92, 0x6DB3, 0x75B3, 0x6DB3, 0x6DB3, 0x6DB3, 0x6D92, 0x6592, 0x6592, 0x6D92, 0x6DB3, 0x6DB3, 0x6DB3, 0x6DB3,
    0x8E15, 0x75D4, 0x6DB3, 0x6DB3, 0x75B3, 0x75D4, 0x75D3, 0x75B3, 0x6DB3, 0x6D93, 0x6D93, 0x6DB3, 0x75B3, 0x8615, 0x7DF4, 0x6DB3,
    0x7DD4, 0x75D3, 0x75B3, 0x75B3, 0x6DB3, 0x75D3, 0x75D4, 0x6DB3, 0x6DB3, 0x6DB3, 0x6DB3, 0x75D4, 0x7DF5, 0x75D4, 0x75B3, 0x75D4,
    0x75D3, 0x6DB3, 0x6DB3, 0x6DB3, 0x75D4, 0x75D3, 0x75B3, 0x6DB3, 0x75D4, 0x75D4, 0x75D4, 0x75B3, 0x75D4, 0x6DB3, 0x6D93, 0x6DB3,
    0x6DB3, 0x6D93, 0x6DB3, 0x75B3, 0x75D3, 0x75D3, 0x75D3, 0x75D4, 0x7DF4, 0x75B3, 0x6D93, 0x6D93, 0x6D93, 0x6D93, 0x6D93, 0x6DB3
};

const short ground_tile_266[TILE_SIZE * TILE_SIZE] = {
    0x6DB3, 0x6DB3, 0x6DB3, 0x6DB3, 0x7DF4, 0x75D4, 0x75B3, 0x75B3, 0x6DB3, 0x6DB3, 0x75D3, 0x75D4, 0x75D3, 0x6DB3, 0x6DB3, 0x6DB3,
    0x75B3, 0x75D3, 0x75D3, 0x75D4, 0x8E36, 0x8615, 0x75D4, 0x6DB3, 0x75B3, 0x6DB3, 0x7DF4, 0x9657, 0x85F5, 0x75B3, 0x75B3, 0x75D3,
    0x75D4, 0x75D3, 0x75D4, 0x7DF4, 0x6DD3, 0x6DB3, 0x6DB3, 0x6D93, 0x6DB3, 0x75D3, 0x75D4, 0x75B3, 0x6D92, 0x6D93, 0x6DB3, 0x6DB3,
    0x6D93, 0x6DB3, 0x75B3, 0x75D3, 0x6DD3, 0x75D4, 0x75B3, 0x75B3, 0x6DB3, 0x6DB3, 0x6DB3, 0x6DB3, 0x6D93, 0x6DB3, 0x6DB3, 0x75B3,
    0x6DB3, 0x6DB3, 0x6DB3, 0x75D3, 0x7DF4, 0x75D4, 0x6DB3, 0x6D93, 0x75B3, 0x75B3, 0x6DB3, 0x6DB3, 0x6DB3, 0x6DB3, 0x6DB3, 0x75D4,
    0x6D93, 0x6DB3, 0x6DB3, 0x75D3, 0x8615, 0x7DF4, 0x75B3, 0x6DB3, 0x6DB3, 0x6DB3, 0x6D93, 0x6D93, 0x75B4, 0x6DB3, 0x7DF4, 0x8E36,
    0x6DB3, 0x6DB3, 0x6DB3, 0x6DB3, 0x8615, 0x7DD4, 0x6DB3, 0x6D93, 0x6DB3, 0x75B3, 0x75B3, 0x6DB3, 0x75D4, 0x6DB3, 0x6DB3, 0x75B3,
    0x6D93, 0x6DB3, 0x6DB3, 0x6DB3, 0x7DF4, 0x75D4, 0x75B3, 0x6DB3, 0x6DB3, 0x6DB3, 0x75D4, 0x7DF4, 0x75B3, 0x6DB3, 0x6D93, 0x6572,
    0x6592, 0x6D92, 0x6D93, 0x6DB3, 0x6D93, 0x6D93, 0x6DB3, 0x75D4, 0x6DB3, 0x6DB3, 0x75D4, 0x7DF4, 0x6DB3, 0x6D93, 0x6592, 0x6D93,
    0x6DB3, 0x6D93, 0x6D93, 0x6D72, 0x6592, 0x6D93, 0x6DB3, 0x6DB3, 0x75B3, 0x75B3, 0x6DB3, 0x6DB3, 0x75B3, 0x6D93, 0x6572, 0x6572,
    0x75B3, 0x75D3, 0x75B3, 0x6D93, 0x6572, 0x6D93, 0x6DB3, 0x6D93, 0x75B3, 0x6DB3, 0x6D93, 0x6DB3, 0x75B3, 0x6D93, 0x6572, 0x6552,
    0x6DB3, 0x6DB3, 0x6DB3, 0x6DB3, 0x6DB3, 0x6DB3, 0x6D93, 0x6D93, 0x6DB3, 0x75B3, 0x6DB3, 0x6DB3, 0x6D93, 0x6572, 0x6572, 0x6D93,
    0x6DD3, 0x6DD3, 0x6DB3, 0x6DB3, 0x8E36, 0x7DF4, 0x6DB3, 0x6D93, 0x6D93, 0x7DD4, 0x7DD4, 0x75B3, 0x6D93, 0x6D93, 0x6D93, 0x75B3,
    0x6DD3, 0x6DB3, 0x6DB3, 0x6DB3, 0x75D4, 0x75D3, 0x6DB3, 0x6DB3, 0x6DB3, 0x75B3, 0x6DB3, 0x6D93, 0x6572, 0x6D93, 0x75B3, 0x7DD4,
    0x6DD3, 0x75D4, 0x75D3, 0x75D3, 0x6DB3, 0x6DB3, 0x6D93, 0x6D93, 0x6DB3, 0x75B3, 0x75B3, 0x6DB3, 0x6DB3, 0x6DB3, 0x6DB3, 0x75B3,
    0x75D3, 0x75D3, 0x6DB3, 0x6593, 0x75D4, 0x75D4, 0x75D3, 0x75B3, 0x75B3, 0x6DB3, 0x75B3, 0x75D3, 0x75D4, 0x6DB3, 0x6DB3, 0x6DB3
};

const short ground_tile_267[TILE_SIZE * TILE_SIZE] = {
    0x6DB3, 0x6DB3, 0x6DB3, 0x6D93, 0x6DB3, 0x6DB3, 0x6DB3, 0x75D3, 0x7DF4, 0x75D4, 0x75B3, 0x75B3, 0x6DB3, 0x6DB3, 0x6DB3, 0x6DB3,
    0x6D93, 0x75B3, 0x6DB3, 0x6D92, 0x6DB3, 0x6DB3, 0x6DB3, 0x6DB3, 0x9656, 0x8615, 0x75D4, 0x6DB3, 0x75D3, 0x6DB3, 0x6DB3, 0x7DF4,
    0x6D93, 0x6D93, 0x6D93, 0x6D93, 0x6DB3, 0x75B3, 0x75B3, 0x75B3, 0x6DD3, 0x75D4, 0x75D4, 0x6DD3, 0x6DD3, 0x75D4, 0x7E15, 0x8635,
    0x75B3, 0x6DB3, 0x6DB3, 0x6D93, 0x6D93, 0x6D93, 0x6D93, 0x6DB3, 0x6DD3, 0x75D4, 0x75D4, 0x75D4, 0x75D4, 0x6DB3, 0x6DD3, 0x75D4,
    0x7DD4, 0x75B3, 0x6D93, 0x6D93, 0x6DB3, 0x6D93, 0x6D93, 0x6DB3, 0x7DF4, 0x75D4, 0x6DB3, 0x6DB3, 0x75D4, 0x75D3, 0x6DB3, 0x6DB3,
    0x8E15, 0x7DD4, 0x6DB3, 0x6D93, 0x6D93, 0x6DB3, 0x6DB3, 0x6DB3, 0x7DF4, 0x75D4, 0x6DB3, 0x75D4, 0x7DD4, 0x75D3, 0x6DB3, 0x6DB3,
    0x75D4, 0x7DD4, 0x7DD4, 0x75B3, 0x6DB3, 0x6DB3, 0x6DB3, 0x6DD3, 0x7E15, 0x75D4, 0x6DB3, 0x6DB3, 0x75D3, 0x75B3, 0x6DB3, 0x75D3,
    0x6593, 0x75D4, 0x7DF4, 0x6DB3, 0x6DB3, 0x6DB3, 0x6DB3, 0x6DB3, 0x7DF5, 0x75D4, 0x6DB3, 0x6DB3, 0x75B3, 0x6DB3, 0x75D4, 0x85F5,
    0x6DB3, 0x6D93, 0x6D93, 0x6DB3, 0x6DB3, 0x6DB3, 0x75B3, 0x75D3, 0x6572, 0x6592, 0x6DB3, 0x75D3, 0x6DB3, 0x6DD3, 0x75F4, 0x85F5,
    0x6D92, 0x6D93, 0x6D93, 0x6DB3, 0x75B3, 0x6DB3, 0x6D93, 0x6592, 0x6592, 0x6DB3, 0x6DB3, 0x6DB3, 0x75B3, 0x6DB3, 0x75B3, 0x75D4,
    0x6572, 0x6D72, 0x6D93, 0x6D93, 0x6DB3, 0x75B3, 0x75B3, 0x6D92, 0x6592, 0x6DB3, 0x6DB3, 0x6DB3, 0x6DB3, 0x6D93, 0x6DB3, 0x7DD4,
    0x6D93, 0x6D93, 0x6D92, 0x6572, 0x6592, 0x6D93, 0x6DB3, 0x6DB3, 0x6DB3, 0x6D93, 0x6D92, 0x6D92, 0x6D93, 0x6D93, 0x6D93, 0x6D93,
    0x75D4, 0x7DD4, 0x75B3, 0x6572, 0x6592, 0x6D92, 0x6D93, 0x6DB3, 0x8E36, 0x7DD4, 0x6D93, 0x6DB3, 0x75B3, 0x75B3, 0x6DB3, 0x6DB3,
    0x7DF4, 0x6DB3, 0x6D93, 0x6D92, 0x6592, 0x6592, 0x6D93, 0x6D93, 0x7DD4, 0x75B3, 0x6DB3, 0x75B3, 0x75B3, 0x6DB3, 0x6DB3, 0x6DB3,
    0x75D4, 0x6DB3, 0x6593, 0x6593, 0x6DB3, 0x75B3, 0x75B3, 0x75B3, 0x75D3, 0x6D93, 0x6D92, 0x6DB3, 0x75B4, 0x75B3, 0x6DB3, 0x6DB3,
    0x6DB3, 0x6DB3, 0x6DB3, 0x75D3, 0x75D3, 0x75D4, 0x75B3, 0x75B3, 0x75B3, 0x6D93, 0x6D93, 0x75B3, 0x75B3, 0x75B3, 0x6DB3, 0x75B3
};

const short ground_tile_268[TILE_SIZE * TILE_SIZE] = {
    0x7DF4, 0x75B3, 0x6DB3, 0x75D3, 0x75D3, 0x6DB3, 0x6DB3, 0x6DB3, 0x6DB3, 0x6DB3, 0x75B3, 0x75D3, 0x7DF4, 0x75D4, 0x75D3, 0x75B3,
    0x9E77, 0x7DF4, 0x6DB3, 0x75D4, 0x75D3, 0x75B3, 0x6DB3, 0x6D92, 0x75B3, 0x75B3, 0x6DB3, 0x75D4, 0x8E56, 0x8615, 0x75B4, 0x6DB3,
    0x75D4, 0x6DB3, 0x6DB3, 0x6DB3, 0x6DB3, 0x75D4, 0x75D4, 0x75B3, 0x6DB3, 0x6D93, 0x6DB3, 0x75D4, 0x6DB3, 0x6DB3, 0x6D93, 0x6D92,
    0x6DD3, 0x6DD3, 0x6DB3, 0x6DB3, 0x75D4, 0x75B3, 0x75B3, 0x75D3, 0x6D92, 0x6D93, 0x6DB3, 0x6D93, 0x6DB3, 0x6DB3, 0x6DB3, 0x6DB3,
    0x75D4, 0x75D4, 0x6DD3, 0x6DB3, 0x8615, 0x75D4, 0x6592, 0x6592, 0x6D92, 0x6DB3, 0x6DB3, 0x6D93, 0x6D93, 0x6D93, 0x6D93, 0x6DB3,
    0x7DF4, 0x75D4, 0x75D3, 0x75D4, 0x75D4, 0x6D93, 0x6592, 0x6592, 0x6D92, 0x6DB3, 0x75B3, 0x6DB3, 0x6D93, 0x6D92, 0x6D93, 0x6DB3,
    0x75D4, 0x75B3, 0x6DB3, 0x6DB3, 0x6DB3, 0x75D4, 0x75B3, 0x6D93, 0x6DB3, 0x6D93, 0x6DB3, 0x6DB3, 0x7DD4, 0x75D4, 0x6DB3, 0x6DB3,
    0x75D4, 0x75B3, 0x6DB3, 0x6593, 0x65B3, 0x7DF4, 0x7DF4, 0x6DB3, 0x6D93, 0x6D93, 0x6D93, 0x6DB3, 0x7DF4, 0x7DD4, 0x75D4, 0x75D3,
    0x75D4, 0x6DB3, 0x6593, 0x6593, 0x6DB3, 0x6DB3, 0x6DB3, 0x6DB3, 0x6592, 0x6592, 0x6DB3, 0x75B3, 0x6D93, 0x6DB3, 0x6DB3, 0x75D3,
    0x75B3, 0x75D3, 0x6DB3, 0x6D93, 0x6DB3, 0x6DB3, 0x6DB3, 0x6DB3, 0x6D93, 0x6D93, 0x6D93, 0x6592, 0x6592, 0x6DB3, 0x6DB3, 0x6DB3,
    0x75D3, 0x6D92, 0x6D92, 0x75D3, 0x6DB3, 0x75B3, 0x75D4, 0x75D3, 0x75D4, 0x7DF5, 0x75D4, 0x6572, 0x6572, 0x6DB3, 0x75B3, 0x6D93,
    0x6DB3, 0x6D92, 0x6592, 0x6DB3, 0x6DB3, 0x6DB3, 0x6DB3, 0x6DB3, 0x6DB3, 0x6DB3, 0x6DB3, 0x6DB3, 0x6D93, 0x6D93, 0x6D92, 0x6D92,
    0x6DB3, 0x6D93, 0x6D93, 0x6DB3, 0x75D4, 0x8615, 0x7DF5, 0x6DB3, 0x6DB3, 0x6DB3, 0x6DB3, 0x75B3, 0x9636, 0x7DD4, 0x6D93, 0x6D93,
    0x6DB3, 0x6592, 0x6592, 0x6DB3, 0x7DF4, 0x7DD4, 0x75D4, 0x6DB3, 0x6DB3, 0x6DB3, 0x6DB3, 0x6DB3, 0x8E36, 0x7DF4, 0x75B3, 0x75B3,
    0x75B3, 0x6DB3, 0x6D93, 0x6593, 0x75D4, 0x6DB3, 0x6DB3, 0x6DB3, 0x6DD3, 0x75D3, 0x75D3, 0x75D3, 0x75D3, 0x6DB3, 0x75B3, 0x75B3,
    0x7DF4, 0x6DB3, 0x6592, 0x6D93, 0x6DB3, 0x6DB3, 0x6DB3, 0x6DB3, 0x75D3, 0x75D3, 0x6DB3, 0x6DB3, 0x75D4, 0x75D4, 0x75D4, 0x75D4
};

const short ground_tile_269[TILE_SIZE * TILE_SIZE] = {
    0x75B3, 0x6DB3, 0x6DB3, 0x6DD3, 0x6DB3, 0x6D92, 0x6572, 0x6592, 0x6D93, 0x6D92, 0x6D92, 0x6D92, 0x6D93, 0x6D93, 0x6DB3, 0x75D3,
    0x75D3, 0x6DB3, 0x75D3, 0x8635, 0x8615, 0x75B4, 0x6D93, 0x6DB3, 0x6D93, 0x6D93, 0x6D92, 0x6D92, 0x6DB3, 0x75B3, 0x75B3, 0x75B3,
    0x6DB3, 0x6DD3, 0x75F4, 0x7E15, 0x6DB3, 0x6DB3, 0x6DD3, 0x6DB3, 0x6D93, 0x6D92, 0x6D92, 0x6D93, 0x75D4, 0x75B4, 0x75B3, 0x75D4,
    0x75D3, 0x6DB3, 0x6DB3, 0x6DB3, 0x6DB3, 0x6DD3, 0x6DB3, 0x75B3, 0x6DB3, 0x6DB3, 0x6DB3, 0x6D93, 0x6D93, 0x6DB3, 0x6DB3, 0x75B3,
    0x75D3, 0x75D3, 0x75B3, 0x6DB3, 0x6DD3, 0x6DD3, 0x6DB3, 0x6DB3, 0x6DB3, 0x6DB3, 0x6DB3, 0x6D93, 0x6D93, 0x6DB3, 0x6DB3, 0x6DB3,
    0x75B3, 0x6DB3, 0x6DB3, 0x6DB3, 0x6DB3, 0x6DB3, 0x75D4, 0x7E15, 0x75D4, 0x75D4, 0x6DB3, 0x6D92, 0x6D92, 0x6DB3, 0x6DB3, 0x6DB3,
    0x75B3, 0x75D4, 0x75D4, 0x75B3, 0x75B3, 0x6DB3, 0x6DB3, 0x75D3, 0x75B3, 0x7DD4, 0x75D4, 0x6D92, 0x6DB3, 0x6DB3, 0x6DB3, 0x6DB3,
    0x75D3, 0x75D3, 0x75D4, 0x7DF5, 0x6DB3, 0x6DB3, 0x6D93, 0x6592, 0x6DB3, 0x75D4, 0x75D4, 0x6D92, 0x6D93, 0x6D93, 0x6DB3, 0x75D3,
    0x6DB3, 0x6DB3, 0x75D4, 0x7DF5, 0x75B4, 0x6DB3, 0x6DB3, 0x6DB3, 0x6DB3, 0x6D93, 0x6593, 0x6593, 0x6DB3, 0x6DB3, 0x75B3, 0x75D4,
    0x75B3, 0x6DB3, 0x6DB3, 0x6DB3, 0x75D4, 0x75B3, 0x6DB3, 0x6DB3, 0x6D93, 0x6D93, 0x6D93, 0x6DB3, 0x6DB3, 0x6D93, 0x6D93, 0x6D93,
    0x6D93, 0x6D93, 0x6D93, 0x6DB3, 0x75D3, 0x75D4, 0x75B3, 0x6D93, 0x6D93, 0x6D93, 0x6D93, 0x75B3, 0x75D4, 0x75B3, 0x7593, 0x6D72,
    0x6D93, 0x75B3, 0x75B3, 0x6D93, 0x6D93, 0x6572, 0x6572, 0x6D92, 0x6D92, 0x6DB3, 0x6DB3, 0x6DB3, 0x6DB3, 0x6DB3, 0x6DB3, 0x6DB3,
    0x6D92, 0x7DD4, 0x7DF4, 0x75D4, 0x6D93, 0x6D93, 0x6D93, 0x6D93, 0x6DB3, 0x7DF4, 0x7DD4, 0x6D93, 0x6DB3, 0x6DB3, 0x6DB3, 0x6DB3,
    0x6DB3, 0x75B3, 0x75B3, 0x75B3, 0x6572, 0x6D92, 0x75B3, 0x75D3, 0x7DD4, 0x75D4, 0x75B3, 0x75D4, 0x6DB3, 0x6DB3, 0x6DB3, 0x6DB3,
    0x75B3, 0x75B3, 0x75B3, 0x75B3, 0x75B3, 0x75B3, 0x6DB3, 0x75B3, 0x75D4, 0x6DB3, 0x6DB3, 0x6DB3, 0x6DB3, 0x75B3, 0x75B3, 0x75B3,
    0x75D3, 0x75B3, 0x75D3, 0x75D4, 0x7DF4, 0x75B3, 0x6D92, 0x6D92, 0x6DB3, 0x6DB3, 0x6DB3, 0x6DB3, 0x75B3, 0x75B3, 0x6DB3, 0x6D93
};

const short ground_tile_270[TILE_SIZE * TILE_SIZE] = {
    0x7E14, 0x75D4, 0x75B3, 0x6DB3, 0x6DB3, 0x6D92, 0x6D92, 0x6D93, 0x7DD4, 0x75B3, 0x6D93, 0x6DB3, 0x6D93, 0x6D92, 0x6D92, 0x6D92,
    0x9636, 0x85F5, 0x75B3, 0x6593, 0x6D92, 0x6592, 0x6DB3, 0x7DF4, 0xA677, 0x7DD4, 0x6D92, 0x6DB3, 0x6DB3, 0x6D92, 0x6572, 0x6D72,
    0x6DB4, 0x75D4, 0x6DB3, 0x6592, 0x6D93, 0x6DD3, 0x7DF4, 0x7E15, 0x75B3, 0x75D4, 0x75B3, 0x6D93, 0x6DB3, 0x6DB3, 0x75B3, 0x7593,
    0x6DD4, 0x6DD3, 0x6DB3, 0x6DB3, 0x6DB3, 0x6DB3, 0x6DD3, 0x75D4, 0x6DD3, 0x6DD3, 0x6DB3, 0x6DB3, 0x75D4, 0x6DB3, 0x75B3, 0x75D4,
    0x75B3, 0x6DB3, 0x6DB3, 0x6DB3, 0x75B3, 0x6DB3, 0x6DB3, 0x6DB3, 0x75D3, 0x6DD3, 0x6DB3, 0x6D93, 0x8615, 0x75D4, 0x6D93, 0x6D93,
    0x75D3, 0x75D3, 0x6DB3, 0x6DB3, 0x75D4, 0x75B3, 0x6DB3, 0x6DB3, 0x75D4, 0x75D3, 0x6DB3, 0x75B3, 0x75D4, 0x75B3, 0x6DB3, 0x6D92,
    0x7E15, 0x75D4, 0x6DB3, 0x6D93, 0x6DB3, 0x6DB3, 0x75B3, 0x75B3, 0x6DB3, 0x6DB3, 0x6DB3, 0x6DB3, 0x6DB3, 0x7DF4, 0x75D4, 0x6DB3,
    0x8615, 0x75D4, 0x6D93, 0x6D92, 0x6DB3, 0x6DB3, 0x75D4, 0x85F5, 0x6D93, 0x6DB3, 0x6DB3, 0x6593, 0x6593, 0x7DF4, 0x7DF5, 0x6DB3,
    0x6592, 0x6D92, 0x6D93, 0x75B3, 0x6D72, 0x6D92, 0x75B3, 0x7DD4, 0x75B3, 0x6D93, 0x6572, 0x6592, 0x6592, 0x6D93, 0x6DB3, 0x75B3,
    0x6592, 0x6DB3, 0x75B3, 0x75B3, 0x6D93, 0x6D93, 0x6D93, 0x6D93, 0x6DB3, 0x75B3, 0x6DB3, 0x6D93, 0x6DB3, 0x6DB3, 0x6DB3, 0x6DB3,
    0x6592, 0x6DB3, 0x6DB3, 0x6D93, 0x6D93, 0x6D92, 0x6D72, 0x6D93, 0x75B3, 0x6D93, 0x6D93, 0x75D3, 0x6DB3, 0x6DB3, 0x6DB3, 0x75D3,
    0x75D3, 0x6DB3, 0x6D93, 0x6D93, 0x6D92, 0x75B3, 0x75B3, 0x6DB3, 0x6592, 0x6592, 0x6592, 0x6D92, 0x6DB3, 0x75D3, 0x75D4, 0x6DD3,
    0x8E36, 0x7DF4, 0x6DB3, 0x6DB3, 0x6D93, 0x7DD4, 0x7DD4, 0x75B4, 0x6D93, 0x6D92, 0x6592, 0x6D93, 0x75D4, 0x8615, 0x7E15, 0x6DB3,
    0x75D3, 0x75B3, 0x75B3, 0x75B3, 0x75B3, 0x75B3, 0x6D93, 0x6D93, 0x6DB3, 0x6D93, 0x6D93, 0x75B3, 0x7DF4, 0x75D4, 0x75D4, 0x75D4,
    0x6DB3, 0x6D93, 0x6D93, 0x75B3, 0x75B3, 0x75B3, 0x6DB3, 0x6DB3, 0x75D3, 0x6DB3, 0x6DB3, 0x6DB3, 0x75D4, 0x6DD3, 0x6DB3, 0x6DB3,
    0x7DF4, 0x7DD4, 0x75D4, 0x75D4, 0x75B3, 0x75B3, 0x75B3, 0x75D4, 0x75D4, 0x6DB3, 0x6DB3, 0x6DB3, 0x6DB3, 0x6DB3, 0x6DB3, 0x6DB3
};

const short ground_tile_271[TILE_SIZE * TILE_SIZE] = {
    0x6DB3, 0x75B3, 0x75B3, 0x75D4, 0x7DF4, 0x75D4, 0x75D3, 0x75B3, 0x75B3, 0x6DB3, 0x6DD3, 0x75D3, 0x75D4, 0x6DB3, 0x6D93, 0x6D93,
    0x75B3, 0x75B3, 0x75D4, 0x7E15, 0x8E56, 0x8615, 0x75D4, 0x75D3, 0x75D4, 0x6DB3, 0x75D3, 0x8635, 0x8E36, 0x75D4, 0x6DB3, 0x75D4,
    0x6DB3, 0x6DB3, 0x75B3, 0x7DF4, 0x75D4, 0x75D4, 0x75B3, 0x6D93, 0x6DB3, 0x75D3, 0x7E14, 0x8E56, 0x75D4, 0x75D4, 0x6DD3, 0x6DB3,
    0x6DB3, 0x6DB3, 0x75D4, 0x75D4, 0x75D4, 0x75D4, 0x75D3, 0x75D3, 0x75D3, 0x6DB3, 0x75D3, 0x75D4, 0x75D3, 0x75D4, 0x75D4, 0x75D4,
    0x6DB3, 0x75B3, 0x75D4, 0x75D4, 0x75D4, 0x75D3, 0x6DB3, 0x75B3, 0x75D3, 0x75D3, 0x75D3, 0x75D3, 0x75D4, 0x6DD3, 0x75D4, 0x7DF4,
    0x75B3, 0x75D4, 0x75D4, 0x75D4, 0x7DF4, 0x75D4, 0x6DB3, 0x75B3, 0x75D3, 0x75D3, 0x6DB3, 0x6DB3, 0x75D4, 0x75D3, 0x7E15, 0x9657,
    0x6DB3, 0x6DB3, 0x6DB3, 0x75D3, 0x8615, 0x7DD4, 0x6DB3, 0x6DB3, 0x75B3, 0x75B3, 0x75B3, 0x75B3, 0x75D3, 0x6DB3, 0x6DB3, 0x75D4,
    0x6DB3, 0x6DB3, 0x6DB3, 0x6DB3, 0x8615, 0x7DF4, 0x6DB3, 0x6DB3, 0x75D3, 0x6DB3, 0x75D4, 0x85F5, 0x75B3, 0x6DB3, 0x6D93, 0x6592,
    0x6D93, 0x6D92, 0x6DB3, 0x75D4, 0x6DB3, 0x6D93, 0x6D93, 0x6DB3, 0x6D93, 0x6DB3, 0x75D3, 0x7DF4, 0x7DD4, 0x75B3, 0x6D93, 0x6D92,
    0x6DB3, 0x6DB3, 0x6DB3, 0x6DB3, 0x6DB3, 0x6DB3, 0x6DB3, 0x6DB3, 0x6DB3, 0x6DB3, 0x6DB3, 0x6DB3, 0x75D3, 0x6DB3, 0x6D93, 0x6D93,
    0x75D4, 0x7DD4, 0x75D4, 0x6D93, 0x6592, 0x6DB3, 0x6DB3, 0x6D93, 0x6DB3, 0x6D93, 0x6D93, 0x6DB3, 0x6DB3, 0x6D93, 0x6D92, 0x6D93,
    0x6DB3, 0x6DB3, 0x6DB3, 0x6592, 0x6DB3, 0x6DB3, 0x6D93, 0x6D93, 0x6DB3, 0x75B3, 0x75B3, 0x6D93, 0x6D92, 0x6572, 0x6572, 0x6D93,
    0x6DD4, 0x6DB3, 0x6D93, 0x6D92, 0x8615, 0x75D4, 0x6D93, 0x6D93, 0x6D93, 0x7DD4, 0x7DF4, 0x75B3, 0x6D93, 0x6D92, 0x6D92, 0x6D93,
    0x75D4, 0x6DB3, 0x6D93, 0x6D92, 0x75D3, 0x75B3, 0x6DB3, 0x6D93, 0x75D3, 0x75D3, 0x75B3, 0x75B3, 0x6572, 0x6D72, 0x6D93, 0x75B4,
    0x75D4, 0x75D3, 0x75B3, 0x75B3, 0x6D93, 0x6D93, 0x6D93, 0x6D93, 0x75B3, 0x75D4, 0x75D4, 0x75D3, 0x6DB3, 0x6D93, 0x6DB3, 0x6DB3,
    0x6DB3, 0x75B3, 0x6DB3, 0x6DB3, 0x6DB3, 0x6D93, 0x6D93, 0x75B3, 0x75D3, 0x75D3, 0x75D4, 0x75D4, 0x75B3, 0x6D93, 0x6D93, 0x6DB3
};

const short ground_tile_272[TILE_SIZE * TILE_SIZE] = {
    0x6DB3, 0x6D93, 0x6D93, 0x6DB3, 0x75B3, 0x6DB3, 0x6DB3, 0x75D3, 0x7DF4, 0x75D4, 0x75B3, 0x75B3, 0x6D93, 0x6D92, 0x6D92, 0x6D93,
    0x6D93, 0x75B3, 0x75B3, 0x6D93, 0x6DB3, 0x6DB3, 0x6DB3, 0x75B3, 0x9657, 0x8615, 0x75B3, 0x6D93, 0x75B3, 0x6D92, 0x6572, 0x75B3,
    0x6DB3, 0x6DB3, 0x6D93, 0x6D93, 0x75B4, 0x75B3, 0x75B3, 0x75B3, 0x6DB3, 0x75D4, 0x75D4, 0x75B3, 0x6DB3, 0x75D4, 0x7DD4, 0x75B3,
    0x75D4, 0x6DB3, 0x6DB3, 0x6DB3, 0x6D93, 0x6DB3, 0x6DB3, 0x6DB3, 0x6DB3, 0x6DB3, 0x75B3, 0x75B3, 0x75B3, 0x6DB3, 0x6DB3, 0x6DB3,
    0x75D4, 0x6DB3, 0x6D93, 0x6D93, 0x6DB3, 0x75B3, 0x6DB3, 0x75B3, 0x7DD4, 0x75B3, 0x6D93, 0x6DB3, 0x75D3, 0x75B3, 0x6DB3, 0x75B3,
    0x7DD4, 0x6DB3, 0x6D93, 0x6D92, 0x6DB3, 0x75D3, 0x75D3, 0x6DB3, 0x75D4, 0x6DB3, 0x6D93, 0x6DB3, 0x75B3, 0x6DB3, 0x6D93, 0x6D93,
    0x75B3, 0x7DD4, 0x75D3, 0x6D93, 0x6D93, 0x6DB3, 0x6DB3, 0x6DB3, 0x7DF4, 0x75D4, 0x6DB3, 0x6DB3, 0x75B3, 0x75B3, 0x75B3, 0x75B3,
    0x6D93, 0x75D4, 0x7DD4, 0x6D93, 0x6D92, 0x6D92, 0x6DB3, 0x6DB3, 0x85F5, 0x75D3, 0x6DB3, 0x6DB3, 0x75D3, 0x75D4, 0x7DF4, 0x8615,
    0x6DB3, 0x6D93, 0x6592, 0x6592, 0x6DB3, 0x6D93, 0x6D93, 0x75B3, 0x6572, 0x6592, 0x6DB3, 0x75D3, 0x75B3, 0x75B3, 0x75D4, 0x7DF4,
    0x6D93, 0x6D93, 0x6D93, 0x6D93, 0x6DB3, 0x6DB3, 0x6D92, 0x6572, 0x6592, 0x6D93, 0x6DB3, 0x75B3, 0x75B3, 0x75B3, 0x75B3, 0x6DB3,
    0x6DB3, 0x6D93, 0x6D92, 0x6D93, 0x7DD4, 0x7DB4, 0x7593, 0x6572, 0x6572, 0x6D92, 0x6DB3, 0x6DB3, 0x75D3, 0x6DB3, 0x6DB3, 0x6DB3,
    0x6D93, 0x6DB3, 0x6D93, 0x6592, 0x6D93, 0x6DB3, 0x6DB3, 0x6DB3, 0x6DB3, 0x6DB3, 0x6DB3, 0x6DB3, 0x6DB3, 0x75D3, 0x6DB3, 0x6DB3,
    0x6DB3, 0x7DD4, 0x75D4, 0x6572, 0x6D93, 0x6DB3, 0x6D93, 0x6D93, 0x8615, 0x7DD4, 0x75B3, 0x6DB3, 0x6D93, 0x75D4, 0x7DD4, 0x75D3,
    0x75D4, 0x75B4, 0x6DB3, 0x6DB3, 0x6DB3, 0x6DB3, 0x6D93, 0x6D92, 0x6D93, 0x75B3, 0x75B3, 0x75B3, 0x6DB3, 0x6D93, 0x6D93, 0x6DB3,
    0x75D4, 0x6DB3, 0x6DB3, 0x6DB3, 0x6DB3, 0x75B3, 0x75B3, 0x75D3, 0x6DB3, 0x6D92, 0x6D92, 0x75B3, 0x75B3, 0x6DB3, 0x6D93, 0x6DB3,
    0x6DB3, 0x6D93, 0x6DB3, 0x6DB3, 0x75B3, 0x75D3, 0x75D3, 0x75D3, 0x7DD4, 0x75B3, 0x75B3, 0x75D3, 0x75D4, 0x75B3, 0x75B3, 0x75D4
};

const short ground_tile_273[TILE_SIZE * TILE_SIZE] = {
    0x7DF4, 0x75B3, 0x6D93, 0x6D93, 0x6D93, 0x6D93, 0x6D93, 0x6D93, 0x75B3, 0x75B3, 0x75D3, 0x75D4, 0x85F5, 0x7DD4, 0x75D3, 0x75D3,
    0xAE98, 0x7DF5, 0x6592, 0x6DB3, 0x75B3, 0x6D93, 0x6D92, 0x6D92, 0x75B3, 0x75D3, 0x75D4, 0x7DF4, 0x8E56, 0x8615, 0x75D4, 0x75B3,
    0x75B3, 0x6DB3, 0x6DB3, 0x6D93, 0x6D93, 0x6DB3, 0x75B3, 0x75B3, 0x75D4, 0x75B3, 0x75B3, 0x75F4, 0x6DB3, 0x75D4, 0x6DD4, 0x6D93,
    0x75B3, 0x6DB3, 0x6DB3, 0x75B3, 0x75D4, 0x75D3, 0x75B3, 0x75B3, 0x6D93, 0x6DB3, 0x75B3, 0x75D4, 0x6DD3, 0x6DD4, 0x6DD4, 0x75D4,
    0x75B3, 0x75B3, 0x6DB3, 0x6DB3, 0x8615, 0x7DD4, 0x6DB3, 0x6D92, 0x6D93, 0x75B3, 0x75D3, 0x75B3, 0x75D4, 0x6DB3, 0x6DB3, 0x6DB3,
    0x75D4, 0x75B4, 0x75B3, 0x75B3, 0x7DF4, 0x75D4, 0x6DB3, 0x6DB3, 0x6DB3, 0x75B3, 0x75B3, 0x75D3, 0x75D3, 0x75D3, 0x75D4, 0x75F4,
    0x6D93, 0x6D93, 0x6DB3, 0x75B3, 0x75D4, 0x7DF4, 0x7DF4, 0x6DB3, 0x75D3, 0x75D3, 0x75D3, 0x75D3, 0x7DF4, 0x75D4, 0x75D3, 0x75D3,
    0x7593, 0x6D93, 0x6DB3, 0x6DB3, 0x6DB3, 0x7E15, 0x7E15, 0x75D3, 0x75D3, 0x75D3, 0x75D3, 0x75D3, 0x8615, 0x75D4, 0x75B3, 0x6DB3,
    0x7DD4, 0x6DB3, 0x6DB3, 0x75D4, 0x75D3, 0x6DD3, 0x75D3, 0x75D3, 0x6DB3, 0x6DB3, 0x75B3, 0x75D4, 0x6D93, 0x6592, 0x6D93, 0x6DB3,
    0x75B3, 0x75D4, 0x75D4, 0x6DB3, 0x6DB3, 0x6DB3, 0x6DB3, 0x6DB3, 0x6DB3, 0x6DB3, 0x6DB3, 0x6DB3, 0x6592, 0x6D93, 0x6DB3, 0x6DB3,
    0x75D4, 0x6DB3, 0x6DB3, 0x75D3, 0x6DB3, 0x6DB3, 0x6DB3, 0x6DB3, 0x75B3, 0x7DD4, 0x7DD4, 0x6D92, 0x6572, 0x6D93, 0x6DB3, 0x6D93,
    0x6DB3, 0x6D93, 0x6592, 0x6D93, 0x6DD3, 0x6DD3, 0x6DB3, 0x6DB3, 0x6DB3, 0x6DB3, 0x6DB3, 0x6DB3, 0x6D93, 0x6D93, 0x6D93, 0x6D93,
    0x6DB3, 0x6DB3, 0x6DB3, 0x6DB3, 0x75D4, 0x8615, 0x7DF4, 0x65B3, 0x6DB3, 0x6DB3, 0x6DB3, 0x6D93, 0x8615, 0x75D4, 0x6DB3, 0x6D93,
    0x6DB3, 0x75D3, 0x75D3, 0x75B3, 0x75D4, 0x75D4, 0x6DB3, 0x6DD3, 0x6DB3, 0x6DB3, 0x6DB3, 0x6DB3, 0x8615, 0x75D4, 0x6D93, 0x6D93,
    0x75F4, 0x75D4, 0x6DB3, 0x6DB3, 0x75D4, 0x6DB3, 0x6DB3, 0x6DB3, 0x6DB3, 0x6DD3, 0x75D3, 0x75D3, 0x75B3, 0x6D93, 0x6D93, 0x6DB3,
    0x8615, 0x75D4, 0x6D93, 0x6DB3, 0x6DB3, 0x6DB3, 0x6DB3, 0x6DD3, 0x75D4, 0x75D3, 0x6DB3, 0x6DB3, 0x6D93, 0x6D93, 0x6D93, 0x6DB3
};

const short ground_tile_274[TILE_SIZE * TILE_SIZE] = {
    0x75D3, 0x6DB3, 0x6DB3, 0x75D3, 0x7DF4, 0x75D4, 0x75B3, 0x75B3, 0x6D93, 0x6D93, 0x6D93, 0x6D93, 0x6DB3, 0x6DB3, 0x75B3, 0x75D4,
    0x6DB3, 0x6DB3, 0x6DB3, 0x7DF5, 0x9677, 0x7DF5, 0x75D4, 0x75F4, 0x6D93, 0x6D72, 0x6D92, 0x6DB3, 0x6DB3, 0x75B3, 0x6DB3, 0x6D93,
    0x6D93, 0x6DB3, 0x75D3, 0x7DF5, 0x75D4, 0x75D4, 0x75D3, 0x6DB3, 0x6D93, 0x75B3, 0x75B3, 0x6D93, 0x75D4, 0x75B3, 0x6D93, 0x6592,
    0x75D4, 0x75D4, 0x75D4, 0x75D3, 0x6DB3, 0x6DB3, 0x6DB3, 0x6D93, 0x6D93, 0x6D93, 0x6D93, 0x6D93, 0x6D93, 0x6D93, 0x6DB3, 0x6D93,
    0x75D3, 0x75D4, 0x75B3, 0x6DB3, 0x6DB3, 0x6DB3, 0x6DB3, 0x6D93, 0x75B3, 0x6D93, 0x6D93, 0x6DB3, 0x6DB3, 0x75B3, 0x6DB3, 0x6DB3,
    0x75D4, 0x6DB3, 0x6DB3, 0x6D93, 0x75B3, 0x75D4, 0x75B4, 0x75B3, 0x6DB3, 0x6DB3, 0x6DB3, 0x6D93, 0x6DB3, 0x75B3, 0x6DB3, 0x6D93,
    0x75D4, 0x6DB3, 0x6DB3, 0x6DB3, 0x75B3, 0x75B3, 0x6D93, 0x6D93, 0x6592, 0x6DB3, 0x75B3, 0x6DB3, 0x6D93, 0x6DB3, 0x6DB3, 0x75D3,
    0x6DB3, 0x6DB3, 0x75D4, 0x7DD4, 0x75D4, 0x75B3, 0x6D93, 0x6572, 0x6572, 0x7DD4, 0x7DD4, 0x6DB3, 0x6DB3, 0x6DB3, 0x75B3, 0x75D3,
    0x6D92, 0x6DB3, 0x75D3, 0x7DF4, 0x75D4, 0x75D4, 0x75B3, 0x6D93, 0x6D93, 0x6D93, 0x6592, 0x6592, 0x6DB3, 0x6DB3, 0x75B3, 0x75D3,
    0x6DB3, 0x6DB3, 0x6DB3, 0x6DB3, 0x75B3, 0x75B3, 0x75B3, 0x6D93, 0x6D92, 0x6D93, 0x6D93, 0x6DB3, 0x75B3, 0x75B3, 0x6DB3, 0x6D93,
    0x6DB3, 0x6D93, 0x6D93, 0x6D93, 0x75D4, 0x6DB3, 0x6D93, 0x6D93, 0x6D93, 0x6D93, 0x6D93, 0x6DB3, 0x75B3, 0x75D4, 0x75B3, 0x6D93,
    0x6D93, 0x6DB3, 0x6DB3, 0x6DB3, 0x6572, 0x6572, 0x6592, 0x6D93, 0x6D93, 0x6DB3, 0x6DB3, 0x6DB3, 0x6DB3, 0x6DB3, 0x6DB3, 0x6DB3,
    0x6D92, 0x75D3, 0x7DD4, 0x75B3, 0x6D92, 0x6DB3, 0x6DB3, 0x6DB3, 0x6DB3, 0x7DF4, 0x7DD4, 0x6D93, 0x6D93, 0x6DB3, 0x6DB3, 0x6DB3,
    0x6DB3, 0x75B3, 0x75B3, 0x6DB3, 0x6D92, 0x6DB3, 0x75D3, 0x75D4, 0x7DD4, 0x75D4, 0x75D3, 0x75B3, 0x6DB3, 0x6DB3, 0x6DB3, 0x6DB3,
    0x6DB3, 0x75B3, 0x75B3, 0x6DB3, 0x6DB3, 0x75D3, 0x75D4, 0x75D3, 0x75D4, 0x6DD3, 0x6DB3, 0x6DD3, 0x75D3, 0x75D4, 0x75D3, 0x75D3,
    0x75D3, 0x75B3, 0x75B3, 0x75D4, 0x8615, 0x75D4, 0x6DB3, 0x6DB3, 0x6DB3, 0x6DB3, 0x6DD3, 0x75F4, 0x75F4, 0x75D4, 0x75B3, 0x75B3
};

const short ground_tile_275[TILE_SIZE * TILE_SIZE] = {
    0x7DF4, 0x75D4, 0x6DB3, 0x6DB3, 0x6DB3, 0x6DB3, 0x6DB3, 0x75B3, 0x7DD4, 0x6DB3, 0x6D92, 0x6DB3, 0x6D93, 0x6DB3, 0x6DB3, 0x6D93,
    0x8E36, 0x7DF5, 0x75B3, 0x6D93, 0x75B3, 0x6D93, 0x75D3, 0x8615, 0x9E57, 0x75B3, 0x6592, 0x75D3, 0x75B3, 0x75B3, 0x6D93, 0x6D93,
    0x6DB3, 0x6DB3, 0x6DB3, 0x6DB3, 0x6DB3, 0x7DD4, 0x7DF4, 0x7DF4, 0x75B3, 0x6D92, 0x6593, 0x6DB3, 0x6DB3, 0x6DB3, 0x6D93, 0x75B3,
    0x6DB3, 0x6DB3, 0x6DB3, 0x6DB3, 0x6DB3, 0x6DB3, 0x6DB3, 0x6DB3, 0x6DB3, 0x6DB3, 0x6DB3, 0x6DB3, 0x75D3, 0x75D3, 0x6DB3, 0x6D93,
    0x75D4, 0x75B3, 0x6DB3, 0x6DB3, 0x6DB3, 0x75B3, 0x75D3, 0x75D3, 0x75D4, 0x75D3, 0x6DB3, 0x6DB3, 0x85F5, 0x75D4, 0x6D93, 0x6592,
    0x75D4, 0x6DB3, 0x6D93, 0x6DB3, 0x75D3, 0x75B3, 0x6DB3, 0x6DB3, 0x75D4, 0x75D3, 0x75B3, 0x75D3, 0x7DF4, 0x75D4, 0x6DB3, 0x6D93,
    0x7DF5, 0x75D4, 0x6DB3, 0x6DB3, 0x6DB3, 0x6DB3, 0x75D3, 0x75D3, 0x75D4, 0x75B3, 0x6DB3, 0x6DB3, 0x75D3, 0x7DF4, 0x7DF4, 0x6DB3,
    0x7DF4, 0x75D4, 0x6DB3, 0x6DB3, 0x6DB3, 0x6DB3, 0x75D4, 0x7DF4, 0x75B3, 0x75B3, 0x6DB3, 0x6D92, 0x6DB3, 0x7DF4, 0x7E15, 0x75D3,
    0x6572, 0x6592, 0x6D93, 0x6DB3, 0x6592, 0x6DB3, 0x75D4, 0x7DF4, 0x75B3, 0x6D93, 0x6592, 0x6D92, 0x6D93, 0x6DB3, 0x6DB3, 0x6DB3,
    0x6D93, 0x6DB3, 0x6DB3, 0x6DB3, 0x7593, 0x75B3, 0x75B3, 0x75B3, 0x75B3, 0x6DB3, 0x6DB3, 0x6D93, 0x6DB3, 0x6DB3, 0x6D93, 0x6D93,
    0x6592, 0x6DB3, 0x75B3, 0x6D93, 0x75B3, 0x6D93, 0x6DB3, 0x75B3, 0x75D3, 0x6D92, 0x6D92, 0x75D3, 0x6D93, 0x6DB3, 0x6DB3, 0x75B3,
    0x6D93, 0x6D93, 0x6D93, 0x6DB3, 0x7593, 0x6D93, 0x6D92, 0x6D92, 0x6D93, 0x6D92, 0x6592, 0x6D93, 0x6DB3, 0x75B3, 0x6DD3, 0x6DB3,
    0x85F5, 0x75B3, 0x6D93, 0x6DB3, 0x75B3, 0x75B3, 0x75B3, 0x6D93, 0x6DB3, 0x6DB3, 0x6DB3, 0x6DB3, 0x75D4, 0x8615, 0x7E15, 0x6DB3,
    0x75B3, 0x6DB3, 0x6D93, 0x6D93, 0x75B3, 0x75D3, 0x75D3, 0x6DB3, 0x6D93, 0x6D93, 0x6DB3, 0x75D4, 0x8615, 0x7DF4, 0x75D4, 0x6DD4,
    0x75D3, 0x6D93, 0x6D93, 0x75B3, 0x75D3, 0x7DD4, 0x75D4, 0x6DB3, 0x6DB3, 0x75B3, 0x75D3, 0x75D3, 0x7DD4, 0x75B4, 0x6DB3, 0x6DB3,
    0x75D3, 0x75B3, 0x75B3, 0x75B3, 0x75B3, 0x75B3, 0x75B3, 0x75D3, 0x7DD4, 0x75B3, 0x6DB3, 0x6DB3, 0x75B3, 0x6DB3, 0x6DB3, 0x75D3
};

const short ground_tile_276[TILE_SIZE * TILE_SIZE] = {
    0x75B3, 0x75B3, 0x75B3, 0x75D3, 0x7DF4, 0x75D4, 0x75D3, 0x6DB3, 0x6DB3, 0x6DB3, 0x6D93, 0x6DB3, 0x75F4, 0x75D4, 0x6DB3, 0x6DB3,
    0x75B3, 0x75B3, 0x75D3, 0x7DF4, 0x8E36, 0x8615, 0x75D4, 0x75D3, 0x75D3, 0x6D92, 0x6592, 0x75D4, 0x9656, 0x8615, 0x75D4, 0x6DD3,
    0x6DB3, 0x6DB3, 0x6DB3, 0x75B3, 0x75D3, 0x75D4, 0x75B3, 0x6DB3, 0x75B3, 0x75D3, 0x75D4, 0x7DF4, 0x75D4, 0x6DD3, 0x6DD3, 0x6DB3,
    0x6D92, 0x6D93, 0x6DB3, 0x6DB3, 0x6DB3, 0x6DB3, 0x75D3, 0x75D4, 0x75D3, 0x6DB3, 0x6DB3, 0x6DB3, 0x6DB3, 0x6DB3, 0x6DD3, 0x75D3,
    0x6D93, 0x6DB3, 0x6DB3, 0x6DB3, 0x75B3, 0x6DB3, 0x6DB3, 0x6DB3, 0x6DB3, 0x6DB3, 0x75D3, 0x75D3, 0x75D3, 0x75D4, 0x75D4, 0x7DF4,
    0x75B3, 0x6DB3, 0x6DB3, 0x6DD3, 0x75D4, 0x6DB3, 0x6DB3, 0x75D3, 0x75D3, 0x75D3, 0x6DB3, 0x6DB3, 0x75D4, 0x75D4, 0x7E15, 0x9677,
    0x75D3, 0x6DB3, 0x6DB3, 0x6DB3, 0x7DF5, 0x75D4, 0x6DB3, 0x6DB3, 0x75D3, 0x75D3, 0x75D3, 0x75B3, 0x75D3, 0x6DB3, 0x75B3, 0x75D4,
    0x6DB3, 0x6DB3, 0x6DB3, 0x75D3, 0x8615, 0x75D4, 0x6DB3, 0x6DB3, 0x6DB3, 0x6DB3, 0x75D4, 0x7DF4, 0x75B3, 0x6DB3, 0x6D93, 0x6592,
    0x6D92, 0x6D92, 0x6DB3, 0x75D3, 0x6D93, 0x6DB3, 0x6DB3, 0x75D4, 0x6DB3, 0x6DB3, 0x75D4, 0x7DF4, 0x6DB3, 0x6DB3, 0x6DB3, 0x6592,
    0x6DB3, 0x75B3, 0x6DB3, 0x6D93, 0x6593, 0x6DB3, 0x6DB3, 0x75B3, 0x75B3, 0x75B3, 0x75B3, 0x75D3, 0x6DB3, 0x6D93, 0x6D93, 0x6D93,
    0x75D4, 0x7DF5, 0x7DF4, 0x6DB3, 0x6592, 0x6DB3, 0x6DB3, 0x6DB3, 0x75B3, 0x6D93, 0x6D93, 0x75B3, 0x6DB3, 0x6D92, 0x6D93, 0x6DB3,
    0x6DB3, 0x6DB3, 0x6DB3, 0x6DB3, 0x6D93, 0x6D93, 0x6D93, 0x6DB3, 0x75B3, 0x6DB3, 0x6D93, 0x6D92, 0x6D92, 0x6572, 0x6572, 0x6D93,
    0x6DB3, 0x6DB3, 0x6593, 0x6D93, 0x8615, 0x75D4, 0x6DB3, 0x75B3, 0x6DB3, 0x75B3, 0x75B3, 0x6D93, 0x6D93, 0x6D93, 0x6DB3, 0x75B3,
    0x6DD4, 0x6DB3, 0x6D93, 0x6DB3, 0x7DD4, 0x75D4, 0x6DB3, 0x6DB3, 0x6DB3, 0x6DB3, 0x6DB3, 0x6DB3, 0x6D93, 0x6DB3, 0x75B3, 0x75B3,
    0x6DD4, 0x75D4, 0x75D3, 0x75B3, 0x75B3, 0x6DB3, 0x6DB3, 0x6DB3, 0x75B3, 0x75B3, 0x6DB3, 0x6DB3, 0x75D4, 0x75B3, 0x6DB3, 0x6DB3,
    0x75D4, 0x75D3, 0x75B3, 0x6DB3, 0x6D93, 0x6D93, 0x6DB3, 0x6DB3, 0x75B3, 0x6DB3, 0x6DB3, 0x75D4, 0x7DD4, 0x6DB3, 0x6D93, 0x6DB3
};

const short ground_tile_277[TILE_SIZE * TILE_SIZE] = {
    0x6DB3, 0x6D93, 0x6D93, 0x6DB3, 0x75B3, 0x75B3, 0x75B3, 0x75D3, 0x85F5, 0x7DD4, 0x75B3, 0x75B3, 0x6DB3, 0x6DB3, 0x6DB3, 0x6DD3,
    0x6DB3, 0x6DB3, 0x75B3, 0x75B3, 0x75B3, 0x75B3, 0x75B3, 0x75B3, 0x9636, 0x8615, 0x75D4, 0x6D93, 0x6DB3, 0x6D92, 0x6DB3, 0x75F4,
    0x6D92, 0x6D92, 0x6D93, 0x6D93, 0x75B3, 0x75B3, 0x75B3, 0x75D4, 0x6DD4, 0x6DD3, 0x75B3, 0x6DB3, 0x6DB3, 0x75D3, 0x75F4, 0x7DF4,
    0x75D3, 0x6DB3, 0x6DB3, 0x6DB3, 0x6DB3, 0x6DB3, 0x6DB3, 0x6DB3, 0x6DB3, 0x75D3, 0x75D3, 0x75D3, 0x6DD3, 0x6DB3, 0x6DB3, 0x6DB3,
    0x7DF4, 0x75D3, 0x75B3, 0x6DB3, 0x6DB3, 0x6DB3, 0x6D93, 0x6D93, 0x75D4, 0x75D3, 0x6DB3, 0x6DB3, 0x75D3, 0x75B3, 0x6DB3, 0x6DB3,
    0x8E36, 0x7DF4, 0x6DB3, 0x6DB3, 0x6DB3, 0x75D3, 0x6DB3, 0x6D93, 0x75B3, 0x6DB3, 0x75D3, 0x75D4, 0x75D4, 0x75B3, 0x6DB3, 0x6DB3,
    0x75D4, 0x7DF4, 0x75D4, 0x6DB3, 0x6DB3, 0x6DB3, 0x6DB3, 0x6DB3, 0x7DF4, 0x75D4, 0x75D3, 0x75D3, 0x75D3, 0x75D3, 0x6DD3, 0x6DB3,
    0x6D93, 0x75D4, 0x75D4, 0x6DB3, 0x6DB3, 0x6DB3, 0x6DB3, 0x75D3, 0x8615, 0x7DD4, 0x75B3, 0x75D3, 0x6DB3, 0x6DB3, 0x75D4, 0x7DF5,
    0x6D92, 0x6592, 0x6592, 0x6593, 0x75D4, 0x6DB3, 0x6D93, 0x6D92, 0x6D93, 0x6DB3, 0x6DB3, 0x75B3, 0x6D93, 0x6DB3, 0x75D4, 0x7DD4,
    0x6D93, 0x6D93, 0x6DB3, 0x75B3, 0x6DB3, 0x6DB3, 0x6D93, 0x6D93, 0x6DB3, 0x6DB3, 0x6DB3, 0x75B3, 0x75B3, 0x6DB3, 0x6DB3, 0x6D93,
    0x75B3, 0x6DB3, 0x6D93, 0x6DB3, 0x75B3, 0x75D3, 0x75B3, 0x6DB3, 0x6D93, 0x6DB3, 0x75B3, 0x6D93, 0x75B3, 0x6D93, 0x6D93, 0x6DB3,
    0x6DB3, 0x75B3, 0x75B3, 0x6593, 0x6DB3, 0x6DB3, 0x75D3, 0x75D3, 0x6DD3, 0x6DB3, 0x6DB3, 0x6D93, 0x6D93, 0x75B3, 0x75B3, 0x6D93,
    0x75D4, 0x8615, 0x7DF5, 0x6593, 0x6DB3, 0x6DD3, 0x6DB3, 0x6DD3, 0x8E36, 0x7DF4, 0x6DB3, 0x75B3, 0x7593, 0x7DD4, 0x7DD4, 0x75B3,
    0x7DF5, 0x75D4, 0x75D4, 0x75D4, 0x6DD3, 0x6DB3, 0x6DB3, 0x75D3, 0x75D4, 0x75D4, 0x75D3, 0x75D3, 0x75B3, 0x75B3, 0x75B3, 0x6D92,
    0x75D4, 0x6DB3, 0x6D93, 0x6DB3, 0x6DD3, 0x75D3, 0x75D3, 0x75D3, 0x75B3, 0x6DB3, 0x75B3, 0x75D3, 0x75B4, 0x75B3, 0x6DB3, 0x6D93,
    0x6DB3, 0x6DB3, 0x6DB3, 0x6DD3, 0x75D4, 0x75D3, 0x75B3, 0x6DB3, 0x7DF4, 0x75D4, 0x75D3, 0x75D4, 0x75D4, 0x75D3, 0x75B3, 0x75D3
};

const short ground_tile_278[TILE_SIZE * TILE_SIZE] = {
    0x7DF5, 0x75D4, 0x6DB3, 0x75B3, 0x75B3, 0x75B3, 0x75B3, 0x75B3, 0x75B3, 0x75B3, 0x75D3, 0x75D4, 0x8615, 0x7DD4, 0x75D3, 0x75D3,
    0xAED9, 0x8E15, 0x6DB3, 0x75D3, 0x75B3, 0x75B3, 0x6D93, 0x6D93, 0x75B3, 0x75B3, 0x75D3, 0x7DF4, 0x9677, 0x8615, 0x75D4, 0x75D3,
    0x75B3, 0x6DB3, 0x6DB3, 0x6DB3, 0x6DB3, 0x75B3, 0x75D3, 0x75D4, 0x75D3, 0x75D4, 0x75D4, 0x75D4, 0x75F4, 0x75F4, 0x6DD4, 0x6DB3,
    0x6DB3, 0x6DB3, 0x6DB3, 0x75B3, 0x75D4, 0x75D3, 0x75B3, 0x6DB3, 0x6DB3, 0x75B3, 0x75D3, 0x75D4, 0x6DD3, 0x75D4, 0x75D4, 0x75D4,
    0x75D3, 0x6DD3, 0x6DB3, 0x6D93, 0x7DF4, 0x75D4, 0x6DB3, 0x6D92, 0x75B3, 0x75B3, 0x75D3, 0x75D4, 0x7DF4, 0x75B3, 0x6DB3, 0x75D3,
    0x75D4, 0x75D4, 0x75D3, 0x75B3, 0x75D4, 0x75B3, 0x6D93, 0x6D92, 0x6D93, 0x75B3, 0x75D4, 0x75D4, 0x75D4, 0x75B3, 0x75B3, 0x75D3,
    0x6DB3, 0x6DB3, 0x6DB3, 0x6DB3, 0x75D3, 0x7DF4, 0x75D4, 0x6D93, 0x6DB3, 0x75B3, 0x75B3, 0x75D4, 0x85F5, 0x75D4, 0x6DB3, 0x6DB3,
    0x75D3, 0x6DB3, 0x6D93, 0x6DB3, 0x6DB3, 0x7DF4, 0x7DF4, 0x6DB3, 0x6DB3, 0x6DB3, 0x6DB3, 0x75B3, 0x8615, 0x7DD4, 0x75B3, 0x6DB3,
    0x75D4, 0x6DB3, 0x6D93, 0x6D93, 0x75D3, 0x75D3, 0x75D3, 0x6DB3, 0x6DB3, 0x6DB3, 0x6DB3, 0x75D3, 0x6D93, 0x6D93, 0x6DB3, 0x75B3,
    0x75D4, 0x75D4, 0x75D4, 0x6DB3, 0x6DB3, 0x6DB3, 0x75B3, 0x75B3, 0x75B3, 0x6DB3, 0x6D92, 0x6D92, 0x6D93, 0x6DB3, 0x75B3, 0x6DB3,
    0x75B3, 0x6DB3, 0x75B3, 0x75D4, 0x6DB3, 0x6DB3, 0x75B3, 0x75D4, 0x6DB3, 0x6DB3, 0x6DB3, 0x6DB3, 0x6DB3, 0x75D3, 0x75B3, 0x6D93,
    0x6D92, 0x6D92, 0x6D92, 0x6D92, 0x6DB3, 0x6DB3, 0x6DB3, 0x6DB3, 0x6DB3, 0x6DB3, 0x6D92, 0x6572, 0x6DB3, 0x6DB3, 0x6DB3, 0x6DB3,
    0x6D93, 0x6DB3, 0x6D92, 0x6592, 0x75D4, 0x8615, 0x7DF5, 0x6DB3, 0x6DB3, 0x6DB3, 0x6DB3, 0x6DB3, 0x8E35, 0x75D4, 0x6DB3, 0x6DB3,
    0x6572, 0x6D92, 0x6D93, 0x6DB3, 0x7DF4, 0x75D4, 0x6DD4, 0x6DB3, 0x6DD3, 0x6DB3, 0x6DB3, 0x75B3, 0x75B3, 0x75B3, 0x75B3, 0x75B3,
    0x6DB3, 0x6DB3, 0x6DB3, 0x6DB3, 0x75D4, 0x6DD3, 0x6DB3, 0x6DB3, 0x6DB3, 0x75D4, 0x75D4, 0x75D3, 0x6DB3, 0x6DB3, 0x6DB3, 0x75B3,
    0x75D4, 0x6DB3, 0x6DB3, 0x6DB3, 0x6DB3, 0x6DB3, 0x6DB3, 0x6DB3, 0x75D4, 0x75D4, 0x6DB3, 0x6592, 0x6DB3, 0x75B3, 0x75B3, 0x75B3
};

const short ground_tile_279[TILE_SIZE * TILE_SIZE] = {
    0x75B3, 0x6DB3, 0x6D93, 0x6DB3, 0x75D4, 0x75B3, 0x6DB3, 0x6DB3, 0x6DB3, 0x6D93, 0x6D93, 0x75B3, 0x75B3, 0x7593, 0x75B3, 0x75D4,
    0x75D3, 0x6D92, 0x6592, 0x75D4, 0x9656, 0x8615, 0x75D4, 0x75F4, 0x6D93, 0x6D93, 0x75B3, 0x75B3, 0x6DB3, 0x6DB3, 0x6D93, 0x6DB3,
    0x75D4, 0x75D4, 0x7E14, 0x8E36, 0x6DB3, 0x6DB3, 0x6DB3, 0x6DB3, 0x6DB3, 0x6D93, 0x6D93, 0x6DB3, 0x75D3, 0x75B3, 0x7593, 0x6DB3,
    0x75D4, 0x6DB3, 0x6DD3, 0x75D4, 0x6DB3, 0x6DD3, 0x6DB3, 0x75B3, 0x75D3, 0x6DB3, 0x6DB3, 0x6D93, 0x6D92, 0x6D92, 0x6D93, 0x6D93,
    0x75B3, 0x75D3, 0x6DD3, 0x6DB3, 0x6DD3, 0x6DD3, 0x6DB3, 0x6DB3, 0x75D3, 0x6DB3, 0x6DB3, 0x6D92, 0x7593, 0x6D93, 0x6D93, 0x6D93,
    0x75D4, 0x75D3, 0x6DB3, 0x6DB3, 0x75D4, 0x6DD4, 0x7DF5, 0x8E36, 0x75B3, 0x6DB3, 0x6DB3, 0x6D92, 0x6DB3, 0x6DB3, 0x6D93, 0x6D93,
    0x6DB3, 0x75D3, 0x75D3, 0x6DD4, 0x75D4, 0x75B3, 0x75D3, 0x75D4, 0x6DB3, 0x75D4, 0x75D4, 0x6DB3, 0x6DB3, 0x6DB3, 0x6DB3, 0x75B3,
    0x6DB3, 0x6DB3, 0x75D4, 0x7DF4, 0x75D4, 0x75B3, 0x6DB3, 0x6D93, 0x6DB3, 0x7DD4, 0x7DD4, 0x6D93, 0x6D93, 0x6D93, 0x6DB3, 0x75D3,
    0x6D93, 0x6DB3, 0x75D4, 0x85F5, 0x75D4, 0x75D4, 0x6DB3, 0x6DB3, 0x6DB3, 0x6D93, 0x6D92, 0x6D92, 0x6DB3, 0x6D93, 0x75B3, 0x8615,
    0x6DB3, 0x6DB3, 0x75D3, 0x7DF4, 0x75D4, 0x6DB3, 0x6D93, 0x6D93, 0x6D93, 0x6DB3, 0x6DB3, 0x75B3, 0x75B3, 0x6D93, 0x6D93, 0x6DB3,
    0x75B3, 0x6D92, 0x6D93, 0x75D4, 0x6DB3, 0x6D93, 0x6D93, 0x6D93, 0x6DB3, 0x6DB3, 0x75B3, 0x75D4, 0x7DD4, 0x7DD3, 0x75B3, 0x6DB3,
    0x75D4, 0x75B3, 0x6DB3, 0x6D93, 0x6D93, 0x6592, 0x6D93, 0x6DB3, 0x6D93, 0x75B3, 0x75B3, 0x6D92, 0x6DB3, 0x6DB3, 0x75D3, 0x75D3,
    0x6DB3, 0x7DD4, 0x7DD4, 0x6DB3, 0x6D93, 0x6D93, 0x6DB3, 0x75D4, 0x75D3, 0x7DF4, 0x7DD4, 0x6592, 0x6DB3, 0x75B3, 0x75B3, 0x75B3,
    0x75B3, 0x75B3, 0x6DB3, 0x6DB3, 0x6D72, 0x6D93, 0x6DB3, 0x75D4, 0x75D4, 0x75B4, 0x75D3, 0x75D3, 0x6DB3, 0x6DB3, 0x75B3, 0x75D3,
    0x75B3, 0x75B3, 0x6DB3, 0x6DB3, 0x6DB3, 0x6DB3, 0x6D93, 0x6DB3, 0x75D4, 0x6DB3, 0x6DB3, 0x6DB3, 0x6DB3, 0x6DB3, 0x75B3, 0x6DD3,
    0x75B3, 0x75B3, 0x75D3, 0x6DD3, 0x75D4, 0x6DB3, 0x6DB3, 0x6DB3, 0x6DB3, 0x6DB3, 0x6DB3, 0x6DB3, 0x75B3, 0x75B3, 0x6DB3, 0x6DB3
};

const short ground_tile_280[TILE_SIZE * TILE_SIZE] = {
    0x8E15, 0x7DF4, 0x6D93, 0x6572, 0x6DB3, 0x6DB3, 0x75D4, 0x8615, 0x8E36, 0x75D4, 0x6DB3, 0x75D4, 0x6D93, 0x6D93, 0x75B3, 0x7DF4,
    0x75B3, 0x75B3, 0x6DB3, 0x6D93, 0x75D4, 0x7DD4, 0x7DF4, 0x7DF4, 0x6D93, 0x6DB3, 0x75B3, 0x75B3, 0x6DB3, 0x6D92, 0x6D93, 0x6DB3,
    0x6592, 0x6592, 0x6D93, 0x6D93, 0x6572, 0x6D93, 0x6DB3, 0x75B3, 0x6DB3, 0x6DB3, 0x6D93, 0x6DB3, 0x75D4, 0x6DB3, 0x6D92, 0x6D92,
    0x6D92, 0x6D92, 0x6D93, 0x6DB3, 0x6D93, 0x6D93, 0x6D93, 0x6593, 0x75D4, 0x6DB3, 0x6D93, 0x6DB3, 0x8615, 0x75B3, 0x6572, 0x6D92,
    0x75B3, 0x75B3, 0x75B3, 0x6DB3, 0x75B4, 0x6DB3, 0x6DB3, 0x6D93, 0x6DB3, 0x6D93, 0x6D93, 0x6DB3, 0x7DD4, 0x6D93, 0x6572, 0x6572,
    0x75F4, 0x75D4, 0x75D3, 0x6DB3, 0x6D93, 0x6DB3, 0x6DB3, 0x6D93, 0x6D93, 0x6D93, 0x6D93, 0x6D93, 0x6D93, 0x6D92, 0x6572, 0x6572,
    0x75F4, 0x75D4, 0x6DD3, 0x75D3, 0x6D93, 0x6D92, 0x6DB3, 0x75D4, 0x6DB3, 0x6D93, 0x6D72, 0x6572, 0x6572, 0x6592, 0x6D93, 0x6D92,
    0x9697, 0x7E15, 0x6DD3, 0x6DB3, 0x6592, 0x6D93, 0x75D3, 0x7DF4, 0x6D93, 0x6D93, 0x75B3, 0x75D4, 0x6DB3, 0x6DB3, 0x7DF4, 0x8615,
    0x6DB3, 0x75D3, 0x75D3, 0x6DB3, 0x6D93, 0x6D93, 0x6DB3, 0x75B3, 0x75B3, 0x6D93, 0x6D93, 0x75D3, 0x7DF4, 0x75D4, 0x75B3, 0x75D4,
    0x6592, 0x7DF4, 0x7DF4, 0x6592, 0x6D92, 0x6D93, 0x6D93, 0x6D93, 0x7DD4, 0x6DB3, 0x6592, 0x6593, 0x75D4, 0x75B3, 0x75B3, 0x6DB3,
    0x6DB3, 0x6DB3, 0x6DB3, 0x6DB3, 0x6DB3, 0x75B3, 0x75B3, 0x75B3, 0x6D92, 0x6D92, 0x6D92, 0x6DB3, 0x6DB3, 0x6DB3, 0x6DB3, 0x75D3,
    0x6DB3, 0x6DB3, 0x6DB3, 0x6DB3, 0x6D93, 0x7DF4, 0x85F5, 0x7DD4, 0x75B3, 0x6D93, 0x6DB3, 0x6DB3, 0x6DB3, 0x75D3, 0x75D4, 0x75B4,
    0x6DB3, 0x6DB3, 0x6DB3, 0x6DB3, 0x6D72, 0x7593, 0x75B3, 0x75B3, 0x6D93, 0x6D92, 0x6D92, 0x6D93, 0x75D4, 0x75B3, 0x6D93, 0x6D93,
    0x6DD3, 0x6DB3, 0x6D93, 0x6D93, 0x7593, 0x75B3, 0x6DB3, 0x6D93, 0x6D92, 0x6D92, 0x6D92, 0x6D93, 0x75B3, 0x6D92, 0x6D92, 0x75B3,
    0x8615, 0x75D4, 0x6DB3, 0x6D93, 0x6D93, 0x6D93, 0x6D93, 0x6D93, 0x6D93, 0x6D93, 0x6D93, 0x6D93, 0x6D92, 0x6D92, 0x6DB3, 0x6DB3,
    0x8E35, 0x7DF4, 0x75D3, 0x6DB3, 0x6DB3, 0x6D93, 0x75B3, 0x75D4, 0x6D92, 0x6D93, 0x6DB3, 0x6DB3, 0x6DB3, 0x6DB3, 0x6DB3, 0x75B3
};

const short ground_tile_281[TILE_SIZE * TILE_SIZE] = {
    0x75B4, 0x6DB3, 0x6D93, 0x6592, 0x7DD4, 0x8615, 0x7DD4, 0x6D93, 0x75D4, 0x75D3, 0x75D4, 0x85F5, 0x7DD4, 0x6D92, 0x6592, 0x6D93,
    0x6DB3, 0x6D93, 0x6D93, 0x6D93, 0x75D4, 0x75D3, 0x6DB3, 0x6D92, 0x7DD4, 0x75F4, 0x75D3, 0x75B3, 0x6DB3, 0x6D93, 0x6572, 0x6572,
    0x6D92, 0x6DB3, 0x7DD4, 0x8615, 0x6DB3, 0x6D93, 0x6D93, 0x6DB3, 0x6DB3, 0x6DB3, 0x75D3, 0x7DF4, 0x75B3, 0x6592, 0x6572, 0x6D92,
    0x6D72, 0x6D92, 0x6D93, 0x75D3, 0x6D93, 0x6D93, 0x6D93, 0x6D92, 0x6592, 0x6D93, 0x75D3, 0x75D4, 0x6DB3, 0x6D93, 0x6572, 0x6572,
    0x6D92, 0x6D92, 0x6D93, 0x75B3, 0x7DD4, 0x75D4, 0x75B3, 0x75D4, 0x75B3, 0x6D93, 0x6DB3, 0x6DB3, 0x6D92, 0x6D93, 0x6D92, 0x6572,
    0x6592, 0x6D93, 0x6DB3, 0x75B3, 0x6DB3, 0x6D93, 0x6DB3, 0x75B3, 0x6D93, 0x6DB3, 0x6DB3, 0x6D93, 0x6D93, 0x6D93, 0x6D92, 0x6D93,
    0x6592, 0x6D93, 0x6DB3, 0x6DB3, 0x6DB3, 0x6DB3, 0x75B3, 0x75B3, 0x6D93, 0x6D93, 0x75B3, 0x7DD4, 0x6D93, 0x6D93, 0x6D93, 0x6D93,
    0x6DB3, 0x6D93, 0x6592, 0x6D93, 0x8E56, 0x8615, 0x75B3, 0x6DB3, 0x6D92, 0x6D93, 0x75D4, 0x85F5, 0x6D93, 0x6DB3, 0x75B3, 0x6DB3,
    0x6D93, 0x6D93, 0x6DB3, 0x6DB3, 0x6D93, 0x6DB3, 0x75B3, 0x75B3, 0x6D93, 0x6DB3, 0x75D3, 0x75D3, 0x6D93, 0x6592, 0x6592, 0x6DB3,
    0x6DB3, 0x6DB3, 0x6DB3, 0x6DD3, 0x6DB3, 0x7DF4, 0x7DF4, 0x6DB3, 0x6DB3, 0x6592, 0x75B3, 0x7DF4, 0x6DB3, 0x6572, 0x6572, 0x6D93,
    0x6DB3, 0x6DB3, 0x6D92, 0x6592, 0x6592, 0x6DB3, 0x6DB3, 0x6DB3, 0x6DB3, 0x6D93, 0x6D93, 0x75B3, 0x6D92, 0x6592, 0x6592, 0x6D93,
    0x6D93, 0x6D93, 0x6D92, 0x6572, 0x6D92, 0x6D93, 0x6D93, 0x6DB3, 0x6D93, 0x6DB3, 0x6DB3, 0x6D93, 0x6DB3, 0x6DB3, 0x6D93, 0x6572,
    0x6D92, 0x6D93, 0x6D92, 0x6572, 0x6D93, 0x6DB3, 0x6DB3, 0x6DB3, 0x6DB3, 0x6DB3, 0x6DB3, 0x6DB3, 0x6D92, 0x6D93, 0x6DB3, 0x6DB3,
    0x75B3, 0x75B3, 0x6DB3, 0x6D93, 0x6DB3, 0x6DB3, 0x6DB3, 0x6DB3, 0x6DB3, 0x6DB3, 0x6DB3, 0x6D93, 0x6D93, 0x6D93, 0x6DB3, 0x75B3,
    0x75B3, 0x6DB3, 0x6DB3, 0x6DB3, 0x7DF4, 0x75D3, 0x6DB3, 0x6DB3, 0x6DB3, 0x6DB3, 0x6DB3, 0x6DB3, 0x75B3, 0x6DB3, 0x6DB3, 0x6DB3,
    0x75D4, 0x75B3, 0x6DB3, 0x75D3, 0x8E35, 0x7DF4, 0x75B3, 0x6DB3, 0x75B3, 0x6D92, 0x75D3, 0x8635, 0x8E35, 0x7DD4, 0x75B3, 0x75D3
};

const short ground_tile_282[TILE_SIZE * TILE_SIZE] = {
    0x6572, 0x6D92, 0x75B3, 0x8615, 0x85F5, 0x7DD4, 0x6DB3, 0x6DB3, 0x75B3, 0x6DB3, 0x6DB3, 0x6DB3, 0x75F4, 0x75D4, 0x75D4, 0x7DF4,
    0x6D92, 0x6D92, 0x6D72, 0x6D72, 0x75B3, 0x75B3, 0x6DB3, 0x6D93, 0x8615, 0x85F4, 0x75B3, 0x6D92, 0x75F4, 0x75D4, 0x75D3, 0x75D3,
    0x7DD4, 0x75B3, 0x6D93, 0x6D93, 0x6D93, 0x6DB3, 0x6DB3, 0x75B3, 0x6D93, 0x6D93, 0x6D93, 0x6DB3, 0x6DB3, 0x6DB3, 0x75D4, 0x8615,
    0x6D93, 0x6D93, 0x6D93, 0x6DB3, 0x6D93, 0x75B3, 0x75D4, 0x75B3, 0x6D92, 0x6D93, 0x6DB3, 0x6DB3, 0x6D93, 0x6DB3, 0x6DB3, 0x6DB3,
    0x6D92, 0x6DB3, 0x6DB3, 0x6D93, 0x6D93, 0x75B3, 0x75B4, 0x6DB3, 0x6D93, 0x75D4, 0x75D4, 0x75D3, 0x75D4, 0x6DB3, 0x6DB3, 0x6D93,
    0x6DB3, 0x6D93, 0x6DB3, 0x6DB3, 0x6D93, 0x6DB3, 0x6DB3, 0x6DB3, 0x6DB3, 0x75D3, 0x75D3, 0x75D3, 0x75B3, 0x75D3, 0x75D3, 0x6DB3,
    0x6D93, 0x6D93, 0x6D93, 0x6D93, 0x6593, 0x6D93, 0x6D93, 0x6DB3, 0x75D4, 0x75D4, 0x75B3, 0x75B3, 0x75D3, 0x6DB3, 0x75D4, 0x7DF4,
    0x6D93, 0x6DB3, 0x6DB3, 0x6592, 0x6DB3, 0x6D93, 0x6592, 0x6DB3, 0x9E98, 0x8636, 0x75D4, 0x6DB3, 0x6DB3, 0x6DB3, 0x7DF4, 0x8615,
    0x7DD4, 0x75B3, 0x6592, 0x6592, 0x6DB3, 0x6DB3, 0x6DB3, 0x6D93, 0x75D4, 0x75D4, 0x75D3, 0x6DB3, 0x6DB3, 0x75B3, 0x75D3, 0x75D3,
    0x7DF5, 0x75B3, 0x6572, 0x6592, 0x6D92, 0x6DB3, 0x6D93, 0x6592, 0x6592, 0x75D4, 0x7DF4, 0x75B3, 0x6DB3, 0x6DD3, 0x6DB3, 0x6D93,
    0x6572, 0x6572, 0x6572, 0x6552, 0x6572, 0x6572, 0x6572, 0x6D92, 0x6D93, 0x6DB3, 0x75B3, 0x6DB3, 0x6DB3, 0x75B3, 0x75B3, 0x75B3,
    0x6572, 0x6D93, 0x6572, 0x6552, 0x6572, 0x6D92, 0x6D92, 0x6572, 0x6D93, 0x6DB3, 0x75B3, 0x75B3, 0x6DB3, 0x7DD4, 0x7DF4, 0x7DD4,
    0x75B3, 0x6D93, 0x6D93, 0x6D93, 0x6592, 0x6DB3, 0x6DB3, 0x6592, 0x6DB3, 0x75D3, 0x75D3, 0x75D3, 0x6D92, 0x6D92, 0x6D93, 0x6D93,
    0x75B3, 0x6DB3, 0x6D92, 0x6D92, 0x75B3, 0x75B3, 0x75B3, 0x6DB3, 0x6DD3, 0x75B3, 0x6DB3, 0x6DB3, 0x75B3, 0x6D92, 0x6572, 0x6572,
    0x6DB3, 0x6D93, 0x6D93, 0x6D93, 0x6D93, 0x6D93, 0x6D93, 0x6DB3, 0x7E14, 0x75D4, 0x6DB3, 0x6DB3, 0x6DB3, 0x6D93, 0x6D93, 0x6D93,
    0x6D93, 0x75B3, 0x75B3, 0x6D93, 0x6D93, 0x6DB3, 0x6D93, 0x6DB3, 0x8E35, 0x85F4, 0x75D3, 0x6DB3, 0x75D3, 0x6DB3, 0x75B3, 0x7DF4
};

const short ground_tile_283[TILE_SIZE * TILE_SIZE] = {
    0x9656, 0x7DD4, 0x6D93, 0x75B3, 0x6572, 0x6D93, 0x75B3, 0x7DD4, 0x7DF4, 0x75D4, 0x6DB3, 0x6572, 0x6572, 0x6DB3, 0x75B3, 0x75B3,
    0x6DB3, 0x6D93, 0x6D92, 0x6572, 0x6D93, 0x6D92, 0x6D92, 0x6D93, 0x6D93, 0x75B3, 0x75B3, 0x6D92, 0x6DB3, 0x75D4, 0x75D3, 0x6DB3,
    0x75D3, 0x6592, 0x6572, 0x6572, 0x7DD4, 0x75B3, 0x6D93, 0x6D93, 0x6D93, 0x6D93, 0x6DB3, 0x6DB3, 0x75D4, 0x75D4, 0x75B3, 0x6DB3,
    0x75D3, 0x6592, 0x6572, 0x6572, 0x6D93, 0x6D92, 0x6D92, 0x6D92, 0x6D92, 0x6D93, 0x6D93, 0x6D93, 0x7DF4, 0x7DD4, 0x75B3, 0x6D93,
    0x6DB3, 0x6D93, 0x6D92, 0x6D92, 0x6592, 0x6D93, 0x6D93, 0x6D92, 0x6D92, 0x75B3, 0x6DB3, 0x6D93, 0x8615, 0x8615, 0x75D4, 0x6DB3,
    0x75B3, 0x6D93, 0x6D92, 0x6D92, 0x6D92, 0x6D93, 0x6D93, 0x6D93, 0x6D93, 0x6DB3, 0x6DB3, 0x6DB3, 0x75B3, 0x6DB3, 0x6DB3, 0x6D93,
    0x75D3, 0x6DB3, 0x6D92, 0x6D92, 0x6D93, 0x6DB3, 0x6D93, 0x6592, 0x6593, 0x6D93, 0x6DB3, 0x6DB3, 0x6DB3, 0x6DD3, 0x6DB3, 0x6DB3,
    0x75B3, 0x6D93, 0x6D93, 0x75B3, 0x75D3, 0x7DF4, 0x7DF4, 0x6DB3, 0x6D93, 0x6592, 0x6592, 0x6DB3, 0x8636, 0x7DF5, 0x75B3, 0x6DB3,
    0x75B3, 0x6D93, 0x6D92, 0x6D92, 0x75D3, 0x75D3, 0x75B3, 0x6DB3, 0x6D93, 0x6DB3, 0x6D93, 0x6593, 0x6D93, 0x6DB3, 0x75B3, 0x6D93,
    0x75D4, 0x6D92, 0x6572, 0x6572, 0x6D93, 0x75B3, 0x6D92, 0x6592, 0x6DB3, 0x75D3, 0x6DB3, 0x6D93, 0x6D93, 0x7DF5, 0x85F5, 0x6D93,
    0x75B3, 0x6D72, 0x6572, 0x6D92, 0x6592, 0x6D72, 0x6D92, 0x6D92, 0x6592, 0x6D92, 0x6D93, 0x6D93, 0x6592, 0x6D93, 0x6DB3, 0x6DB3,
    0x75D4, 0x6D93, 0x6D92, 0x6D72, 0x6D92, 0x6D92, 0x6D72, 0x6572, 0x6572, 0x6592, 0x6D93, 0x6D93, 0x6D93, 0x6DB3, 0x6DB3, 0x6DB3,
    0x6DB3, 0x75B3, 0x6DB3, 0x6D92, 0x75B3, 0x6D93, 0x6D92, 0x6D93, 0x6D92, 0x6DB3, 0x6DB3, 0x6592, 0x6DB3, 0x75D3, 0x75D3, 0x6DB3,
    0x6D72, 0x6D93, 0x6D93, 0x6D92, 0x75B3, 0x6D93, 0x6D93, 0x75D4, 0x75D4, 0x75D3, 0x6DB3, 0x6DB3, 0x75D4, 0x75D3, 0x75D3, 0x75D3,
    0x6D92, 0x6D92, 0x6D92, 0x6D92, 0x6D92, 0x6D92, 0x6DB3, 0x6DB3, 0x75B3, 0x6DB3, 0x6DB3, 0x6DB3, 0x7E15, 0x7DF4, 0x75D4, 0x75D3,
    0x6D92, 0x6D92, 0x6D92, 0x6D92, 0x6D92, 0x6D92, 0x6D92, 0x6D93, 0x75D4, 0x75D4, 0x6DD4, 0x75D4, 0x8E56, 0x8635, 0x7DF4, 0x7DF4
};

const short ground_tile_284[TILE_SIZE * TILE_SIZE] = {
    0x75D4, 0x75D3, 0x75D3, 0x7DD4, 0x8E15, 0x75B3, 0x6572, 0x6D93, 0x6552, 0x6572, 0x6D93, 0x75D4, 0x7DF4, 0x7DD4, 0x75D3, 0x75D3,
    0x75D4, 0x7DF4, 0x7DD4, 0x75B3, 0x6D93, 0x6D93, 0x6572, 0x6572, 0x6572, 0x6D92, 0x6D72, 0x6D72, 0x6DB3, 0x75D3, 0x75B3, 0x6D93,
    0x6DB3, 0x6DB3, 0x75D4, 0x7DF4, 0x6DB3, 0x6572, 0x6572, 0x6572, 0x7DD4, 0x6D93, 0x6D92, 0x6D93, 0x75B3, 0x75B3, 0x75B3, 0x75D3,
    0x6DB3, 0x6D93, 0x6DB3, 0x75B3, 0x6DB3, 0x6D93, 0x6572, 0x6572, 0x6D93, 0x6D93, 0x6D93, 0x6DB3, 0x75B3, 0x75D4, 0x75D4, 0x75F4,
    0x75B3, 0x6DB3, 0x6DB3, 0x6D93, 0x6D93, 0x6D72, 0x6572, 0x6572, 0x6D93, 0x6DB3, 0x6DB3, 0x6D93, 0x75B3, 0x75D4, 0x75D4, 0x75D4,
    0x6D92, 0x6D93, 0x6D93, 0x6D93, 0x6D93, 0x6D93, 0x6D92, 0x6D93, 0x6D93, 0x6D93, 0x6D93, 0x6D93, 0x6DB3, 0x6DB3, 0x75D3, 0x6DB3,
    0x6D93, 0x6D93, 0x6DB3, 0x75D4, 0x6D93, 0x6572, 0x6572, 0x6D93, 0x6DB3, 0x6D93, 0x6592, 0x6D92, 0x6D93, 0x6DB3, 0x6DB3, 0x6DB3,
    0x6D93, 0x6D93, 0x75B4, 0x7DD4, 0x6593, 0x6572, 0x6D93, 0x75D4, 0x75B3, 0x6D93, 0x6572, 0x6572, 0x6592, 0x6D93, 0x6DB3, 0x75D4,
    0x6D93, 0x6D93, 0x6DB3, 0x6DB3, 0x6D92, 0x6D72, 0x6D72, 0x6572, 0x6572, 0x6572, 0x6572, 0x6572, 0x6D92, 0x6DB3, 0x6DB3, 0x6D93,
    0x6D93, 0x6DB3, 0x6DB3, 0x75B3, 0x7593, 0x6D72, 0x6552, 0x6572, 0x6572, 0x6572, 0x6D72, 0x6D92, 0x6D93, 0x6DB3, 0x6DB3, 0x6D93,
    0x6DB3, 0x6DB3, 0x75B3, 0x6DB3, 0x75D4, 0x75B3, 0x6D93, 0x6D92, 0x6552, 0x6D72, 0x7593, 0x6DB3, 0x6D93, 0x6D93, 0x6D93, 0x6DB3,
    0x6DB3, 0x7DF4, 0x7DF4, 0x75B4, 0x75D4, 0x75B3, 0x6D93, 0x6D92, 0x75B3, 0x75B3, 0x6D93, 0x6D93, 0x75B3, 0x6DB3, 0x6DB3, 0x6DB3,
    0x6DB3, 0x6DB3, 0x6DB3, 0x6D93, 0x6D93, 0x6D92, 0x6D93, 0x75B3, 0x75B4, 0x6DB3, 0x6D92, 0x6D93, 0x6DB3, 0x6DB3, 0x6DB3, 0x6DB3,
    0x75D3, 0x6DB3, 0x6D92, 0x6D92, 0x6D93, 0x6D92, 0x6D93, 0x6DB3, 0x6DB3, 0x6D92, 0x6592, 0x6D93, 0x75B4, 0x75B3, 0x75B3, 0x6DD3,
    0x75B3, 0x6D93, 0x6D92, 0x6D92, 0x75B3, 0x75B3, 0x6D93, 0x6DB3, 0x6D93, 0x6D93, 0x6D93, 0x6D93, 0x6D93, 0x6D93, 0x6DB3, 0x6DB3,
    0x7DF4, 0x6D92, 0x6D92, 0x75D3, 0x85F5, 0x7DD4, 0x75B3, 0x6DB3, 0x6572, 0x6D93, 0x6DB3, 0x6D93, 0x6D92, 0x7593, 0x75B3, 0x75B3
};

const short ground_tile_285[TILE_SIZE * TILE_SIZE] = {
    0x6D92, 0x6DB3, 0x75B3, 0x6D93, 0x6DB3, 0x6DB3, 0x75D4, 0x8E36, 0x9657, 0x75B3, 0x6572, 0x6DB3, 0x6572, 0x6572, 0x6D93, 0x75D3,
    0x6DB3, 0x6DB3, 0x6DB3, 0x6D93, 0x75B3, 0x75D4, 0x75D4, 0x6DB3, 0x6DB3, 0x6DB3, 0x6D93, 0x6D93, 0x6D92, 0x6D92, 0x6D92, 0x6D93,
    0x7DD4, 0x75B3, 0x6D93, 0x6572, 0x6D92, 0x6D93, 0x6DB3, 0x75B3, 0x75B3, 0x6D93, 0x6D93, 0x75B3, 0x75B3, 0x6D93, 0x6D92, 0x6D92,
    0x6D93, 0x6D93, 0x6D92, 0x6572, 0x6D92, 0x6D93, 0x75B3, 0x75D4, 0x75D4, 0x6DB3, 0x6D93, 0x75B3, 0x8615, 0x75B3, 0x6D92, 0x6D93,
    0x6DB3, 0x6D93, 0x6D92, 0x6D93, 0x75B4, 0x75B3, 0x75B3, 0x75B3, 0x75B3, 0x6DB3, 0x6D93, 0x6DB3, 0x85F4, 0x75B3, 0x6D93, 0x6DB3,
    0x6DB3, 0x6DB3, 0x6D93, 0x6D93, 0x6D72, 0x6D93, 0x6DB3, 0x6DB3, 0x7593, 0x6D93, 0x6D93, 0x6D93, 0x6DB3, 0x6D93, 0x6D93, 0x6D93,
    0x6DD4, 0x6DD3, 0x6DB3, 0x6D93, 0x6572, 0x6D92, 0x75B3, 0x7DD4, 0x6D92, 0x6D93, 0x6D93, 0x6D93, 0x6D93, 0x6DB3, 0x75B3, 0x75D4,
    0x9677, 0x8615, 0x6DB3, 0x6D92, 0x6592, 0x6D93, 0x75B3, 0x7DD4, 0x6D93, 0x6D93, 0x75B3, 0x75D4, 0x6DB3, 0x6DB3, 0x6DB3, 0x75B3,
    0x75D3, 0x75B3, 0x75B3, 0x6DB3, 0x6DB3, 0x6DB3, 0x6DB3, 0x75B3, 0x75B3, 0x6D93, 0x6D92, 0x6D92, 0x6D92, 0x6D92, 0x6D92, 0x6DB3,
    0x6572, 0x7DD4, 0x7DF4, 0x75D3, 0x6DB3, 0x6DB3, 0x6DB3, 0x6D93, 0x75D3, 0x6D92, 0x6572, 0x6D72, 0x6572, 0x6D93, 0x6D93, 0x6D93,
    0x6DB3, 0x6DB3, 0x6DB3, 0x6DB3, 0x6DB3, 0x6DB3, 0x6DB3, 0x6DB3, 0x6DB3, 0x6D92, 0x6572, 0x6D92, 0x6D93, 0x6DB3, 0x6DB3, 0x6DB3,
    0x6DB3, 0x6DB3, 0x6DB3, 0x6DB3, 0x6DB3, 0x75D4, 0x7DF4, 0x7DD4, 0x6D93, 0x6DB3, 0x6D93, 0x6D92, 0x75B3, 0x85F5, 0x7DD4, 0x6D92,
    0x6DB3, 0x6DB3, 0x75D3, 0x75D3, 0x6572, 0x6D93, 0x75B3, 0x75B3, 0x6D92, 0x6D92, 0x6D93, 0x6D93, 0x75B3, 0x75B3, 0x75B3, 0x6DB3,
    0x6DD3, 0x6DB3, 0x6DB3, 0x6DB3, 0x75B3, 0x6DB3, 0x6D93, 0x6D92, 0x6D93, 0x6D93, 0x6DB3, 0x6DB3, 0x75B3, 0x6DB3, 0x6DB3, 0x75B3,
    0x7DF4, 0x75D4, 0x6DB3, 0x6DB3, 0x75B3, 0x75B3, 0x6DB3, 0x6DB3, 0x75B3, 0x6DB3, 0x6D93, 0x6DB3, 0x6D92, 0x6D93, 0x6D93, 0x6D93,
    0x8E15, 0x8614, 0x75D4, 0x6DD3, 0x75D4, 0x6DB3, 0x75B3, 0x7DD4, 0x75B3, 0x6DB3, 0x6DB3, 0x6DB3, 0x6D92, 0x6D92, 0x6D92, 0x6D92
};

const short ground_tile_286[TILE_SIZE * TILE_SIZE] = {
    0x75D4, 0x6DB3, 0x6592, 0x6572, 0x85F5, 0x8E35, 0x7DF5, 0x6DB3, 0x75D4, 0x75D3, 0x75D4, 0x7DF4, 0x6D93, 0x6593, 0x6DB3, 0x75D3,
    0x6DB3, 0x6D93, 0x6D92, 0x6D93, 0x6DB3, 0x75D4, 0x75D4, 0x6DB3, 0x7DF4, 0x7DF4, 0x7DF4, 0x75B3, 0x6D92, 0x6D93, 0x6D93, 0x6D93,
    0x6D93, 0x6DB3, 0x75D4, 0x7DF4, 0x6D93, 0x6D93, 0x6DB3, 0x6DB3, 0x6DB3, 0x6DB3, 0x6DB3, 0x6DB3, 0x6D93, 0x6592, 0x6572, 0x6D93,
    0x6D93, 0x6DB3, 0x6DB3, 0x6DB3, 0x6572, 0x6D93, 0x6592, 0x6572, 0x6592, 0x6D92, 0x6DB3, 0x75D3, 0x75B3, 0x6593, 0x6572, 0x6572,
    0x6DB3, 0x6DB3, 0x6DB3, 0x6DB3, 0x7DD4, 0x7DD4, 0x75B3, 0x6DB3, 0x6D92, 0x6D93, 0x6DB3, 0x6DB3, 0x6DB3, 0x6D92, 0x6572, 0x6592,
    0x6DB3, 0x6DB3, 0x75B3, 0x75D4, 0x75D4, 0x75B3, 0x6D93, 0x6D93, 0x6D93, 0x6DB3, 0x6DB3, 0x6DB3, 0x6DB3, 0x6D93, 0x6D93, 0x6D93,
    0x6DB3, 0x6DB3, 0x6DB3, 0x75D4, 0x8616, 0x7DD4, 0x6DB3, 0x6DB3, 0x6592, 0x6DB3, 0x75D4, 0x75D4, 0x6D93, 0x6D93, 0x6D93, 0x6D93,
    0x6DB3, 0x6DB3, 0x6DB3, 0x6DB3, 0x8615, 0x75D4, 0x6DB3, 0x6DB3, 0x6D92, 0x6DB3, 0x75D4, 0x7DD4, 0x6DB3, 0x6572, 0x6D93, 0x75D4,
    0x6D93, 0x6D93, 0x6DB3, 0x6DB3, 0x6D93, 0x6D93, 0x6D93, 0x6DB3, 0x6D92, 0x6D92, 0x6D92, 0x6D92, 0x75B3, 0x6D92, 0x6572, 0x6D92,
    0x6DB3, 0x75D3, 0x75D3, 0x6DB3, 0x6DD3, 0x75D3, 0x75B3, 0x75B3, 0x6DB3, 0x6592, 0x6592, 0x6DB3, 0x75B3, 0x6D72, 0x6552, 0x6D72,
    0x6DB3, 0x6D93, 0x6D92, 0x6D92, 0x75B3, 0x6DB3, 0x6D93, 0x6D93, 0x6D93, 0x6D92, 0x6D92, 0x6D92, 0x6D92, 0x6D92, 0x6D72, 0x6D93,
    0x6D92, 0x6D92, 0x6592, 0x6592, 0x85F5, 0x7DD4, 0x75B3, 0x6D93, 0x6D92, 0x6DB3, 0x6D93, 0x6D92, 0x6D93, 0x6D93, 0x6D93, 0x6D92,
    0x6D92, 0x6DB3, 0x6D92, 0x6572, 0x6DB3, 0x75D3, 0x75D3, 0x75B3, 0x75B3, 0x6DB3, 0x6DB3, 0x75B3, 0x6DB3, 0x6D93, 0x6D93, 0x6D93,
    0x75B3, 0x75B3, 0x75B3, 0x6DB3, 0x6DD3, 0x6DB3, 0x6DB3, 0x75B3, 0x75D3, 0x75B3, 0x6D93, 0x6DB3, 0x75D3, 0x75B3, 0x6DB3, 0x75B3,
    0x6D93, 0x6DB3, 0x6DB3, 0x6DB3, 0x7DD4, 0x75D4, 0x75D3, 0x75B3, 0x75B3, 0x6DB3, 0x6DB3, 0x75B3, 0x6DB3, 0x6DB3, 0x6DB3, 0x6DB3,
    0x6DB3, 0x75B3, 0x6DB3, 0x75D3, 0x8615, 0x7DF4, 0x75D3, 0x75B3, 0x75D3, 0x6DB3, 0x75D4, 0x9656, 0x7DD4, 0x75B3, 0x75B3, 0x75D3
};

const short ground_tile_287[TILE_SIZE * TILE_SIZE] = {
    0x6D93, 0x6DB3, 0x75D3, 0x7DF4, 0x7DF4, 0x7DF4, 0x75D4, 0x75B3, 0x7593, 0x7593, 0x6D93, 0x6572, 0x6D93, 0x6DB3, 0x75B3, 0x7DF4,
    0x6DB3, 0x6DB3, 0x6DB3, 0x6D92, 0x6DB3, 0x75B3, 0x75B3, 0x6D93, 0x8615, 0x85F4, 0x75B3, 0x6D93, 0x75B3, 0x75D4, 0x7DF4, 0x7DF4,
    0x7DF4, 0x75B3, 0x6D92, 0x6D92, 0x6DB3, 0x6DB3, 0x75D3, 0x75D4, 0x75B3, 0x75B3, 0x75B3, 0x75B3, 0x6D93, 0x6DB3, 0x75D3, 0x75D4,
    0x7DF4, 0x6DB3, 0x6592, 0x6D92, 0x6D92, 0x75B3, 0x75D4, 0x7DD4, 0x75B3, 0x75B3, 0x75B3, 0x6DB3, 0x6DB3, 0x6DB3, 0x75B3, 0x75D4,
    0x6DB3, 0x6DB3, 0x6D93, 0x6572, 0x6D92, 0x75B3, 0x75D4, 0x75D4, 0x7DF4, 0x7DF4, 0x75B3, 0x6D93, 0x7DF4, 0x75D4, 0x6DB3, 0x6DB3,
    0x6DB3, 0x6DB3, 0x6DB3, 0x6DB3, 0x75B3, 0x75B3, 0x75B3, 0x6DB3, 0x6DB3, 0x6DB3, 0x6DB3, 0x6D93, 0x6D93, 0x75B3, 0x75D3, 0x6DB3,
    0x6DB3, 0x6DB3, 0x6DB3, 0x6D93, 0x6DB3, 0x6DB3, 0x6DB3, 0x6DB3, 0x75D3, 0x6DB3, 0x75B3, 0x75B3, 0x6D93, 0x6DB3, 0x75D4, 0x7DF4,
    0x6DB3, 0x6D93, 0x6572, 0x6572, 0x6D92, 0x6D92, 0x6D92, 0x75D3, 0x9E97, 0x8636, 0x75D3, 0x6D93, 0x6592, 0x6D93, 0x75D4, 0x85F5,
    0x6D92, 0x6572, 0x6552, 0x6572, 0x6D72, 0x6D93, 0x6DB3, 0x6DB3, 0x75D4, 0x75D4, 0x6DB3, 0x6D93, 0x6D93, 0x6DB3, 0x75B3, 0x75B3,
    0x6D72, 0x6D72, 0x6572, 0x6D72, 0x6D93, 0x75B3, 0x75B3, 0x6D93, 0x6DB3, 0x75D4, 0x75F4, 0x6DB3, 0x6DB3, 0x6DB3, 0x6DB3, 0x6D93,
    0x6D93, 0x6D93, 0x6D93, 0x6572, 0x6D92, 0x6D93, 0x6DB3, 0x6DB3, 0x6DB3, 0x6DB3, 0x6DB3, 0x6DB3, 0x6DB3, 0x75B3, 0x75D3, 0x75B3,
    0x75B3, 0x7DB4, 0x75B3, 0x6572, 0x6D93, 0x6DB3, 0x6D93, 0x6D93, 0x6DB3, 0x6DB3, 0x6DB3, 0x6DB3, 0x6D93, 0x7DD4, 0x85F4, 0x85F4,
    0x7593, 0x6D93, 0x6D93, 0x6D92, 0x6D92, 0x6D93, 0x6DB3, 0x6D93, 0x6DB3, 0x75D3, 0x75D3, 0x75B3, 0x6592, 0x6DB3, 0x75B3, 0x75B3,
    0x7593, 0x6D92, 0x6D92, 0x6DB3, 0x75B3, 0x75B3, 0x75B3, 0x6DB3, 0x6DB3, 0x6DB3, 0x6D93, 0x6DB3, 0x75B3, 0x75B3, 0x6DB3, 0x6D93,
    0x6D93, 0x6D92, 0x6D92, 0x6D93, 0x6D93, 0x6D93, 0x6D92, 0x6DB2, 0x7DF4, 0x75D3, 0x75B3, 0x75B3, 0x75B3, 0x6DB3, 0x6DB3, 0x6D93,
    0x6572, 0x6D93, 0x6DB3, 0x6D92, 0x6D92, 0x6DB3, 0x6DB3, 0x6DB2, 0x8E15, 0x85F4, 0x75D4, 0x75B3, 0x75F4, 0x6DB3, 0x6DB3, 0x75F4
};

const short ground_tile_288[TILE_SIZE * TILE_SIZE] = {
    0x9E77, 0x75B4, 0x6572, 0x6DB3, 0x6D92, 0x6D92, 0x6DB3, 0x75D4, 0x75D3, 0x75D3, 0x6DB3, 0x6592, 0x8615, 0x8E15, 0x7DF4, 0x75D3,
    0x75B3, 0x6D92, 0x6D92, 0x6DB3, 0x6D92, 0x6D93, 0x6D93, 0x6D93, 0x6DB3, 0x6DB3, 0x6DB3, 0x6DB3, 0x75D4, 0x75D4, 0x6DB3, 0x6D93,
    0x6DB3, 0x6D93, 0x6D93, 0x6D93, 0x75B3, 0x6D93, 0x6572, 0x6572, 0x6D92, 0x6DB3, 0x75F4, 0x7E15, 0x6DB3, 0x6D93, 0x6DB3, 0x6DB3,
    0x75B3, 0x6DB3, 0x6D93, 0x6D93, 0x8615, 0x75B3, 0x6D92, 0x6D92, 0x6D92, 0x6D93, 0x6D93, 0x6D93, 0x6572, 0x6572, 0x6D92, 0x6D93,
    0x6D93, 0x6D93, 0x6D93, 0x6D93, 0x75D3, 0x6DB3, 0x6D92, 0x6D93, 0x6DB3, 0x6DB3, 0x6DB3, 0x6D93, 0x75B3, 0x6DB3, 0x75B4, 0x75F4,
    0x6D93, 0x6D93, 0x6D93, 0x6D93, 0x6DB3, 0x6DB3, 0x6DB3, 0x6DB3, 0x6DB3, 0x6DD3, 0x75B3, 0x6DB3, 0x6DB3, 0x6DB3, 0x6DB3, 0x6DB3,
    0x6D93, 0x6572, 0x6D92, 0x6D93, 0x6DB3, 0x6DB3, 0x75D4, 0x7DF4, 0x6DB3, 0x6DB3, 0x6DD3, 0x75D4, 0x6DB3, 0x6DB3, 0x6DB3, 0x6DB3,
    0x6DB3, 0x6DB3, 0x75B3, 0x75D3, 0x6DB3, 0x7DD4, 0x7DF4, 0x75D4, 0x6DB3, 0x6DB3, 0x6DB3, 0x6DD3, 0x8E36, 0x7DF5, 0x6DB3, 0x6DB3,
    0x75B3, 0x6D93, 0x6D92, 0x6D92, 0x6DB3, 0x6DB3, 0x6DB3, 0x6DB3, 0x6DB3, 0x6DB3, 0x6DB3, 0x6DB3, 0x6DB3, 0x6DB3, 0x6D93, 0x6D93,
    0x7DD4, 0x75B3, 0x6D72, 0x6572, 0x6572, 0x6D92, 0x6D93, 0x6DB3, 0x6DB3, 0x6DB3, 0x6DB3, 0x6592, 0x6D93, 0x7DD4, 0x7DD4, 0x75B3,
    0x7593, 0x6D93, 0x6D92, 0x6D92, 0x6D92, 0x6D92, 0x6D92, 0x6592, 0x6592, 0x6592, 0x6D92, 0x6D92, 0x6D92, 0x6D93, 0x6DB3, 0x6DB3,
    0x75D3, 0x75B3, 0x6D93, 0x6D92, 0x75B3, 0x6DB3, 0x6D92, 0x6572, 0x6572, 0x6D92, 0x6D92, 0x6D92, 0x6592, 0x6D92, 0x6DB3, 0x6DB3,
    0x6DB3, 0x6DB3, 0x6DB3, 0x75B3, 0x75B3, 0x6D93, 0x6D92, 0x6D93, 0x6592, 0x6DB3, 0x6DB3, 0x6D92, 0x6DB3, 0x75B3, 0x75B3, 0x6DD3,
    0x6D92, 0x6D92, 0x6DB3, 0x75B3, 0x75B3, 0x6D93, 0x6DB3, 0x75D3, 0x75B3, 0x75B3, 0x75B3, 0x6DB3, 0x6DD3, 0x6DB3, 0x6DB3, 0x6DB3,
    0x75B3, 0x75B3, 0x75B3, 0x6DB3, 0x6DB3, 0x6DB3, 0x6DB3, 0x6DB3, 0x6DB3, 0x6DB3, 0x6DB3, 0x6DD3, 0x7DF4, 0x75D4, 0x75D3, 0x75B3,
    0x75D3, 0x75D3, 0x75D3, 0x75D3, 0x75B3, 0x75B3, 0x6DB3, 0x6DB3, 0x75D4, 0x75D3, 0x6DD3, 0x75D4, 0x8E56, 0x8615, 0x75D4, 0x75D3
};

const short ground_tile_289[TILE_SIZE * TILE_SIZE] = {
    0x7DF4, 0x75D4, 0x7DF4, 0x8615, 0x7DF4, 0x6D93, 0x6572, 0x6D72, 0x6D92, 0x6D72, 0x6D93, 0x7DD4, 0x75D4, 0x75D3, 0x6DB3, 0x6D92,
    0x75F4, 0x7DF4, 0x7DF4, 0x7DD4, 0x6DD3, 0x6DB3, 0x6D93, 0x6D92, 0x6D92, 0x6572, 0x6572, 0x6D93, 0x6DB3, 0x6DB3, 0x6D93, 0x6DB3,
    0x6DB3, 0x6DB3, 0x75D4, 0x7DF4, 0x75D4, 0x6D93, 0x6572, 0x6572, 0x6D93, 0x6D92, 0x6572, 0x6572, 0x6593, 0x75B3, 0x75D4, 0x75D4,
    0x6D93, 0x6DB3, 0x6DB3, 0x75D4, 0x75B3, 0x6D93, 0x6572, 0x6592, 0x7DF4, 0x75B3, 0x6592, 0x6592, 0x6572, 0x6592, 0x6DB3, 0x6DD3,
    0x6DB3, 0x6DB3, 0x6DB3, 0x6D93, 0x6DB3, 0x6593, 0x6572, 0x6DB3, 0x7DF4, 0x75B3, 0x6592, 0x6572, 0x6D92, 0x6D93, 0x6DB3, 0x6DB3,
    0x6DB3, 0x75B3, 0x75B3, 0x6DB3, 0x6D93, 0x6D72, 0x6D72, 0x6D93, 0x75B3, 0x6D92, 0x6572, 0x6D92, 0x6DB3, 0x6DB3, 0x6DB3, 0x6DB3,
    0x6D93, 0x6DB3, 0x75D4, 0x7DD4, 0x6592, 0x6D92, 0x6D93, 0x6592, 0x6D93, 0x6592, 0x6572, 0x6572, 0x6592, 0x6D93, 0x6DB3, 0x6DB3,
    0x6DB3, 0x6DB3, 0x75B4, 0x7DD4, 0x6D93, 0x6D93, 0x6DB3, 0x75D4, 0x6D93, 0x6592, 0x6572, 0x6572, 0x6D92, 0x6D92, 0x6D92, 0x6DB3,
    0x6D93, 0x6D93, 0x6D93, 0x6D92, 0x6D72, 0x6D72, 0x6D92, 0x6D93, 0x6D93, 0x6552, 0x6552, 0x6572, 0x6D93, 0x6DB3, 0x6DB3, 0x6D93,
    0x6DB3, 0x6DB3, 0x6DB3, 0x6DB3, 0x75B3, 0x6D92, 0x6572, 0x6D93, 0x6D73, 0x6572, 0x6572, 0x6592, 0x6DB3, 0x75B3, 0x75B3, 0x75B3,
    0x6DB3, 0x75D3, 0x75D4, 0x75B3, 0x75B3, 0x6DB3, 0x6592, 0x6552, 0x6572, 0x75B3, 0x75B3, 0x6D93, 0x6592, 0x6D92, 0x6D93, 0x75B3,
    0x6D92, 0x7DF4, 0x85F5, 0x7DD4, 0x75D3, 0x6DB3, 0x6D93, 0x6572, 0x6592, 0x6D92, 0x6572, 0x6552, 0x6D93, 0x6D93, 0x6DB3, 0x75D3,
    0x6DB3, 0x6DB3, 0x6DB3, 0x6DB3, 0x6DB3, 0x6D93, 0x6D93, 0x7593, 0x6D93, 0x6D92, 0x6572, 0x6572, 0x6D92, 0x6DB3, 0x6DB3, 0x6DB3,
    0x75D3, 0x6DB3, 0x6DB3, 0x6DB3, 0x6DB3, 0x6D93, 0x6D93, 0x6D93, 0x6D92, 0x6D92, 0x6D92, 0x6D93, 0x75B3, 0x75B3, 0x75B3, 0x75B3,
    0x75B3, 0x6DB3, 0x6DB2, 0x6DB3, 0x75B3, 0x75B3, 0x6D93, 0x6D93, 0x6D93, 0x6D93, 0x6D93, 0x6D92, 0x6D72, 0x6D93, 0x75B3, 0x75D3,
    0x75F3, 0x6DB3, 0x6DB3, 0x75F4, 0x7DF4, 0x75B4, 0x75B3, 0x75B3, 0x6D93, 0x75B3, 0x75B3, 0x6D72, 0x6D92, 0x75B3, 0x7DF4, 0x8E36
};

const short ground_tile_290[TILE_SIZE * TILE_SIZE] = {
    0x8E36, 0x8E36, 0x85F5, 0x6DB3, 0x75B3, 0x6DB3, 0x75D4, 0x7E15, 0x7DF5, 0x6DB3, 0x6D93, 0x75B3, 0x6D93, 0x6D93, 0x75B3, 0x75D4,
    0x75F4, 0x75F4, 0x75D3, 0x6D93, 0x75F4, 0x6DB3, 0x6DB3, 0x75D3, 0x75D3, 0x6DB3, 0x6DB3, 0x6DB3, 0x6D93, 0x6DB3, 0x6DB3, 0x6D93,
    0x6DB3, 0x6DB3, 0x6DB3, 0x6DB3, 0x6DB3, 0x6D93, 0x75D3, 0x85F5, 0x75D3, 0x6D92, 0x6572, 0x6D93, 0x7DF4, 0x75B4, 0x6D93, 0x75B3,
    0x6572, 0x6592, 0x6DB3, 0x6DB3, 0x6DB3, 0x6D92, 0x6D92, 0x6DB3, 0x6D92, 0x6572, 0x6572, 0x6D92, 0x75B3, 0x6D93, 0x6D93, 0x6D93,
    0x6DB3, 0x6DB3, 0x75D4, 0x7DF4, 0x75D4, 0x6DB3, 0x6D93, 0x6592, 0x6D92, 0x6D92, 0x6D92, 0x6DB3, 0x6D92, 0x6DB3, 0x75B3, 0x6DB3,
    0x6DB3, 0x6DB3, 0x6DB3, 0x75B3, 0x6DB3, 0x6DB3, 0x6DB3, 0x6DB3, 0x6DB3, 0x6D93, 0x6D93, 0x6D93, 0x6DB3, 0x6DB3, 0x6DB3, 0x75D3,
    0x6DD3, 0x6DB3, 0x6DB3, 0x75B3, 0x6DB3, 0x6DB3, 0x75D3, 0x7DF4, 0x75B3, 0x6D93, 0x6D92, 0x6D92, 0x6DB3, 0x6DB3, 0x75D3, 0x7DF4,
    0x8E36, 0x85F5, 0x75D4, 0x6DB3, 0x6D93, 0x6D93, 0x75B3, 0x7DD4, 0x75B3, 0x6DB3, 0x6DB3, 0x75B3, 0x6D93, 0x7DF4, 0x85F5, 0x75B3,
    0x6DB3, 0x75B3, 0x75B3, 0x75B3, 0x6D93, 0x6D93, 0x6D93, 0x6D93, 0x75B3, 0x75B3, 0x6DB3, 0x6D92, 0x6D92, 0x6D93, 0x6D93, 0x6D92,
    0x6DB3, 0x6DB3, 0x75B3, 0x75B3, 0x6D93, 0x6D93, 0x6D93, 0x6D92, 0x75D3, 0x6DB3, 0x6D92, 0x6D93, 0x6DB3, 0x75B3, 0x6D93, 0x6592,
    0x75D3, 0x75B3, 0x6DB3, 0x75B3, 0x6DB3, 0x6DB3, 0x6DB3, 0x7593, 0x6D92, 0x6D92, 0x6D92, 0x6D93, 0x6DB3, 0x6D93, 0x6D93, 0x6D93,
    0x8E35, 0x7DD4, 0x75B3, 0x75B3, 0x75B3, 0x7DD4, 0x7DF4, 0x7DD4, 0x75B3, 0x6DB3, 0x6D93, 0x6DB3, 0x6DB3, 0x6DB3, 0x6D93, 0x6D93,
    0x75B3, 0x75B3, 0x75B3, 0x75B3, 0x7593, 0x6DB3, 0x75B3, 0x75B3, 0x6DB3, 0x75B3, 0x75B3, 0x75B3, 0x75D3, 0x6D92, 0x6572, 0x6D72,
    0x6DB3, 0x75B3, 0x75B3, 0x75B3, 0x75B3, 0x6DB3, 0x6D93, 0x6DB3, 0x6D93, 0x6DB3, 0x6DB3, 0x75B3, 0x75D4, 0x6D93, 0x6D92, 0x6D93,
    0x75D3, 0x75B3, 0x6D92, 0x6D93, 0x75B3, 0x75B3, 0x75B3, 0x75B3, 0x6DB3, 0x6DB3, 0x6DB3, 0x6DB3, 0x6D92, 0x6D92, 0x6D92, 0x6D93,
    0x8615, 0x7DD4, 0x7593, 0x6D92, 0x6D93, 0x75B3, 0x75D4, 0x7DF4, 0x6DB3, 0x6DB3, 0x6DB3, 0x6DB3, 0x6D92, 0x6D72, 0x6D72, 0x6D92
};

const short ground_tile_291[TILE_SIZE * TILE_SIZE] = {
    0x75B3, 0x75B3, 0x6DB3, 0x6D93, 0x7DD4, 0x75B3, 0x6D93, 0x6DB3, 0x75F4, 0x75D4, 0x7DD4, 0x85F5, 0x75B3, 0x6572, 0x6D93, 0x75D4,
    0x6D93, 0x75B3, 0x6DB3, 0x6DB3, 0x7E15, 0x7DF4, 0x75B4, 0x75B3, 0x75D4, 0x8615, 0x8615, 0x75D3, 0x6DB3, 0x6DB3, 0x6DB3, 0x6DB3,
    0x6DB3, 0x75B3, 0x75D4, 0x75D4, 0x75B3, 0x6DB3, 0x6DB3, 0x6DB3, 0x75B3, 0x75B3, 0x75B3, 0x75B3, 0x75B3, 0x6DB3, 0x6D93, 0x6D93,
    0x6DB3, 0x6DB3, 0x75D3, 0x75D4, 0x6DB3, 0x75B3, 0x6DB3, 0x6D93, 0x6D93, 0x6D93, 0x6DB3, 0x75D4, 0x6DB3, 0x6DB3, 0x6D93, 0x6D73,
    0x6DB3, 0x75D3, 0x75B3, 0x6D93, 0x6DB3, 0x75D3, 0x75D4, 0x75D4, 0x75D4, 0x6DB3, 0x6DB3, 0x6DB3, 0x75B3, 0x6D93, 0x6D93, 0x6DB3,
    0x6DB3, 0x6DB3, 0x6DB3, 0x6DB3, 0x6DB3, 0x6DB3, 0x75B3, 0x75B3, 0x6DB3, 0x6DB3, 0x6DB3, 0x75B3, 0x6D93, 0x6D93, 0x6D93, 0x6D92,
    0x6DB3, 0x6D93, 0x6DB3, 0x6DB3, 0x75D3, 0x6DB3, 0x6DB3, 0x6DB3, 0x6D93, 0x6DB3, 0x75D4, 0x7DD4, 0x6592, 0x6D72, 0x6D72, 0x6572,
    0x6DB3, 0x6DB3, 0x6D93, 0x6DB3, 0x8635, 0x7DF4, 0x75B3, 0x6DB3, 0x6D93, 0x75B3, 0x75D4, 0x75B3, 0x6592, 0x6D92, 0x6D92, 0x6D93,
    0x6DB3, 0x6DB3, 0x6DB3, 0x6D93, 0x6D92, 0x75B3, 0x75B3, 0x75B3, 0x75B3, 0x6DB3, 0x6D93, 0x6572, 0x6D72, 0x6D92, 0x6D72, 0x6572,
    0x6DB3, 0x75D4, 0x75D4, 0x6DB3, 0x6592, 0x7DF5, 0x8615, 0x6DB3, 0x75B3, 0x6DB3, 0x6DB3, 0x6DB3, 0x6D93, 0x6D92, 0x6572, 0x6551,
    0x6592, 0x6592, 0x6D92, 0x6D93, 0x6DB3, 0x6DB3, 0x75B3, 0x6DB3, 0x6DB3, 0x6DB3, 0x75B3, 0x75D4, 0x75B3, 0x6D92, 0x6572, 0x6572,
    0x6D92, 0x6D92, 0x6D92, 0x6D92, 0x6DB3, 0x6DB3, 0x6DB3, 0x6DB3, 0x6D92, 0x7DD4, 0x7DF4, 0x7DD4, 0x75B3, 0x6DB3, 0x6D92, 0x6D72,
    0x6572, 0x6D93, 0x6DB3, 0x6DB3, 0x6DB3, 0x75B3, 0x75B3, 0x6DB3, 0x6DB3, 0x75B3, 0x75D3, 0x7DD4, 0x75D3, 0x75B3, 0x6D93, 0x6D92,
    0x6DB3, 0x75D3, 0x75D4, 0x75D4, 0x75D3, 0x6DB3, 0x6DB3, 0x75B3, 0x75D3, 0x6DB3, 0x6DB3, 0x6DB3, 0x6DB3, 0x7593, 0x7593, 0x7593,
    0x6DB3, 0x75B3, 0x75B3, 0x75D3, 0x7DF4, 0x75D4, 0x75D3, 0x75D3, 0x75B3, 0x6DB3, 0x6DB3, 0x6DB3, 0x75D3, 0x75B3, 0x6D93, 0x6D93,
    0x75D3, 0x75D3, 0x75D3, 0x75D4, 0x8635, 0x7DF4, 0x75D4, 0x75F4, 0x75D3, 0x6DB3, 0x6DB3, 0x7DF4, 0x8E35, 0x7DF4, 0x75D3, 0x75D3
};

const short ground_tile_292[TILE_SIZE * TILE_SIZE] = {
    0x6D93, 0x6D92, 0x6DB3, 0x6DB3, 0x75B3, 0x75D4, 0x6DD3, 0x75D3, 0x9656, 0x8E15, 0x7DD4, 0x6DB3, 0x75D3, 0x6DB3, 0x75D3, 0x7DF4,
    0x6DB3, 0x6D93, 0x6D92, 0x6D93, 0x75D3, 0x75D3, 0x6DB3, 0x6DB3, 0x75F4, 0x75D4, 0x6DB3, 0x6DB3, 0x75F4, 0x75F4, 0x75D4, 0x75B3,
    0x7DD4, 0x6DB3, 0x6572, 0x6D92, 0x6DB3, 0x6DB3, 0x75D3, 0x75F4, 0x75D3, 0x6DD3, 0x6DD3, 0x6DB3, 0x6DB3, 0x6DB3, 0x75D4, 0x85F5,
    0x75B3, 0x6D92, 0x6572, 0x6D93, 0x6D93, 0x6DB3, 0x75D3, 0x75D4, 0x6D93, 0x6DB3, 0x6DB3, 0x6DB3, 0x6DB3, 0x6D93, 0x6DB3, 0x75D3,
    0x6572, 0x6D72, 0x6D92, 0x6593, 0x6DB3, 0x75D3, 0x75D3, 0x6DB3, 0x6DB3, 0x75D4, 0x7DF4, 0x75D4, 0x75B3, 0x75B3, 0x6D93, 0x6D92,
    0x6D92, 0x6D72, 0x6D92, 0x6DB3, 0x75D3, 0x75B3, 0x6DB3, 0x6DB3, 0x6DB3, 0x6DB3, 0x6DB3, 0x6DB3, 0x6D93, 0x6D93, 0x6D93, 0x6D92,
    0x6D92, 0x6D92, 0x6D93, 0x6DB3, 0x6DB3, 0x6DB3, 0x6DB3, 0x6DB3, 0x6DD3, 0x6DB3, 0x6D93, 0x6D92, 0x6592, 0x6D92, 0x6DB3, 0x75B4,
    0x75B3, 0x7DF4, 0x7DD4, 0x6572, 0x6592, 0x6D93, 0x6DB3, 0x75D3, 0x9E98, 0x8615, 0x6DB3, 0x6D92, 0x6592, 0x6D92, 0x75D3, 0x85F4,
    0x6572, 0x6D93, 0x6D93, 0x6572, 0x6D93, 0x6DB3, 0x6DB3, 0x6DB3, 0x7DF4, 0x75D4, 0x75D3, 0x6DB3, 0x6D92, 0x6DB3, 0x6DB3, 0x6DB3,
    0x6552, 0x6572, 0x6D92, 0x6DB3, 0x6DB3, 0x75B3, 0x6DB3, 0x6DB3, 0x6DB3, 0x8635, 0x8635, 0x6DB3, 0x6DB3, 0x6DB3, 0x6DB3, 0x6DB3,
    0x6572, 0x6D93, 0x6D93, 0x6572, 0x6D92, 0x6DB3, 0x6DB3, 0x6DB3, 0x6DB3, 0x6DB3, 0x6DB3, 0x6DB3, 0x75B3, 0x75D4, 0x75F4, 0x7DF4,
    0x75B3, 0x75B3, 0x6D93, 0x6572, 0x6D92, 0x6DB3, 0x6DB3, 0x6DB3, 0x6D93, 0x6DB3, 0x6DB3, 0x75D3, 0x75D3, 0x75D4, 0x75D4, 0x7DF4,
    0x6D93, 0x6D92, 0x6D72, 0x6572, 0x6592, 0x6D93, 0x6DB3, 0x6DB3, 0x6DB3, 0x75B3, 0x75D3, 0x75D3, 0x75B3, 0x6D93, 0x6D93, 0x75B3,
    0x6D93, 0x6D92, 0x6592, 0x6D93, 0x6DB3, 0x75B3, 0x75B3, 0x75B3, 0x6DB3, 0x6DB3, 0x6DB3, 0x6DB3, 0x75D4, 0x6DB3, 0x6D92, 0x6D92,
    0x6D93, 0x6D92, 0x6D92, 0x6D92, 0x6D93, 0x6D93, 0x6DB3, 0x75D3, 0x8615, 0x7DD4, 0x75B3, 0x75B3, 0x75B3, 0x6DB3, 0x6DB3, 0x6DB2,
    0x6572, 0x6D93, 0x75B3, 0x6DB3, 0x6D93, 0x75B3, 0x75B3, 0x75D3, 0x9656, 0x8615, 0x75D3, 0x6DB3, 0x6DD3, 0x6DB3, 0x6DD3, 0x7DF4
};

const short ground_tile_293[TILE_SIZE * TILE_SIZE] = {
    0x9636, 0x75D4, 0x6D93, 0x6D93, 0x6D93, 0x6DB3, 0x6DB3, 0x75B3, 0x7DF4, 0x75D4, 0x6DB3, 0x6DB3, 0x6592, 0x6D93, 0x6DB3, 0x6DB3,
    0x6D93, 0x6D93, 0x6D93, 0x6D92, 0x6D92, 0x6592, 0x6572, 0x6572, 0x6D92, 0x6DD3, 0x6DB3, 0x6D93, 0x6DD3, 0x6DB3, 0x6DB3, 0x6DB3,
    0x75D3, 0x6592, 0x6572, 0x6572, 0x75B3, 0x75B3, 0x75B3, 0x75B3, 0x6D93, 0x6DB3, 0x6DD3, 0x75D4, 0x8615, 0x75D4, 0x6DB3, 0x6D93,
    0x6DB3, 0x6D93, 0x6572, 0x6D72, 0x6D93, 0x6D93, 0x6DB3, 0x75B3, 0x6DB3, 0x6DB3, 0x6DB3, 0x6DB3, 0x6DB3, 0x6D93, 0x6D92, 0x6572,
    0x6D93, 0x6D93, 0x6D93, 0x6DB3, 0x6D93, 0x6D93, 0x6D92, 0x6592, 0x6D93, 0x75B3, 0x75B3, 0x6D93, 0x6592, 0x6572, 0x6D92, 0x6DB3,
    0x6DB3, 0x6DB3, 0x6DB3, 0x6D93, 0x6D93, 0x6572, 0x6592, 0x6D93, 0x6DB3, 0x6DB3, 0x6DB3, 0x6DB3, 0x6593, 0x6D93, 0x6DB3, 0x6DB3,
    0x6D93, 0x6D92, 0x6D72, 0x6D72, 0x6D92, 0x6572, 0x6D93, 0x75B3, 0x6592, 0x6592, 0x6D93, 0x6D93, 0x6DB3, 0x6DB3, 0x6DB3, 0x6DB3,
    0x6D72, 0x6572, 0x6D92, 0x75B3, 0x6D92, 0x6D93, 0x6D92, 0x6D72, 0x6592, 0x6592, 0x6572, 0x6D92, 0x8E56, 0x8615, 0x75D4, 0x75D3,
    0x6D92, 0x6D92, 0x6D92, 0x6D92, 0x75B3, 0x75B3, 0x75B3, 0x6DB2, 0x6D93, 0x6D93, 0x6D93, 0x6D93, 0x75D4, 0x75D4, 0x75D3, 0x6DB3,
    0x75D3, 0x6DB3, 0x6572, 0x6572, 0x6D92, 0x7DD4, 0x7DD4, 0x6DB3, 0x75B3, 0x75D3, 0x75B3, 0x75B3, 0x75D4, 0x7DF4, 0x7DF4, 0x75B3,
    0x75D3, 0x6DB3, 0x6D92, 0x6D92, 0x6572, 0x6D72, 0x6D93, 0x75B3, 0x6DB2, 0x6D92, 0x6D92, 0x6D92, 0x6D92, 0x6DB3, 0x75B3, 0x75D3,
    0x7DF4, 0x6DB3, 0x6D93, 0x6D93, 0x6D93, 0x6D72, 0x6D72, 0x6D92, 0x6D92, 0x6D92, 0x6D92, 0x6D92, 0x6D92, 0x75B3, 0x75D4, 0x75D4,
    0x75B3, 0x6DB3, 0x7593, 0x7593, 0x75B3, 0x6D92, 0x6D92, 0x6DB3, 0x6D93, 0x6DB3, 0x6DB3, 0x6DB3, 0x75D3, 0x75D4, 0x75D4, 0x75D3,
    0x6DB3, 0x75B3, 0x75B3, 0x75B3, 0x75B3, 0x6D92, 0x6D92, 0x75B3, 0x75B3, 0x75B3, 0x75B3, 0x75D3, 0x75D3, 0x75D3, 0x75D3, 0x75D3,
    0x6DB3, 0x6DB3, 0x75B3, 0x75B3, 0x6DB3, 0x6DB3, 0x6DB3, 0x6DB3, 0x6DB3, 0x6DB3, 0x6DB3, 0x75D4, 0x7E15, 0x75D4, 0x75D3, 0x75D3,
    0x75B3, 0x75B3, 0x75B3, 0x75B3, 0x75B3, 0x75B3, 0x6DB3, 0x6DB3, 0x6DB3, 0x75D3, 0x75D4, 0x75D4, 0x9656, 0x8615, 0x75D4, 0x6DB3
};

const short ground_tile_294[TILE_SIZE * TILE_SIZE] = {
    0x75D4, 0x75D3, 0x75D4, 0x85F5, 0xA698, 0x7DF4, 0x6DB3, 0x75D4, 0x6D92, 0x6D93, 0x75D3, 0x7DF4, 0x8615, 0x7DF4, 0x75B3, 0x6DB3,
    0x6DB3, 0x75D4, 0x7DD4, 0x75B3, 0x6D93, 0x6D92, 0x6D92, 0x6DB3, 0x6D92, 0x6D92, 0x6D92, 0x6D93, 0x75D3, 0x75D3, 0x75B3, 0x6D93,
    0x6D93, 0x6D93, 0x75B3, 0x75B3, 0x6D93, 0x6D93, 0x6D72, 0x6D72, 0x75B3, 0x75B3, 0x75B3, 0x6DB3, 0x6DB3, 0x6DB3, 0x75D3, 0x75D4,
    0x6D92, 0x6D93, 0x6DB3, 0x75B3, 0x75B3, 0x6DB3, 0x6D93, 0x6D92, 0x6D92, 0x6D93, 0x6DB3, 0x6DB3, 0x6DB3, 0x6DB3, 0x75D3, 0x75D3,
    0x75B3, 0x6DB3, 0x6DB3, 0x6DB3, 0x75B3, 0x75B3, 0x6D93, 0x6D93, 0x6D93, 0x6D93, 0x6D93, 0x6D93, 0x75D3, 0x75D3, 0x6DB3, 0x6DB3,
    0x6DB3, 0x75B3, 0x75B3, 0x6DB3, 0x75B3, 0x75B3, 0x6DB3, 0x6D93, 0x6DB3, 0x6D93, 0x6D93, 0x6DB3, 0x6DB3, 0x6DB3, 0x6DB3, 0x6DB3,
    0x6DB3, 0x6DB3, 0x75D4, 0x7DD4, 0x75B3, 0x6D93, 0x6D72, 0x6D72, 0x6DB3, 0x6DB3, 0x6D93, 0x6D93, 0x6DB3, 0x6DB3, 0x6DB3, 0x6DB3,
    0x6DB3, 0x6DB3, 0x75D4, 0x85F4, 0x6D93, 0x6572, 0x6D92, 0x75B3, 0x75B3, 0x85F5, 0x7DF4, 0x5D72, 0x6592, 0x6D93, 0x6DB3, 0x6DB3,
    0x6D93, 0x6DB3, 0x6DB3, 0x6DB3, 0x6D92, 0x6D72, 0x6D72, 0x6D92, 0x6D92, 0x75B3, 0x6D93, 0x6572, 0x6D92, 0x6DB3, 0x6DB3, 0x6DB3,
    0x75B3, 0x75B3, 0x6DB3, 0x6DB3, 0x75B3, 0x7593, 0x6D92, 0x6D72, 0x6D92, 0x6D92, 0x6D93, 0x6DB3, 0x6DB3, 0x75D4, 0x75D4, 0x6DD3,
    0x75B3, 0x75D4, 0x7DD4, 0x75D4, 0x75B3, 0x6D93, 0x6D72, 0x6D72, 0x6D92, 0x6D93, 0x6DB3, 0x6DB3, 0x6DB3, 0x6DB3, 0x6DB3, 0x6DB3,
    0x6DB3, 0x7DF4, 0x85F5, 0x7DD4, 0x75D3, 0x75B3, 0x6DB3, 0x6D92, 0x75B3, 0x75B3, 0x6DB3, 0x6D92, 0x6DB3, 0x6DB3, 0x6DB3, 0x6DB3,
    0x6DD3, 0x6DB3, 0x75B3, 0x75B3, 0x6DB3, 0x75B3, 0x75D3, 0x75D4, 0x75B3, 0x6D93, 0x6D92, 0x6D92, 0x6DB3, 0x6DB3, 0x6DB3, 0x6DB3,
    0x75D4, 0x75B3, 0x6DB3, 0x6D92, 0x6D93, 0x6DB3, 0x75B3, 0x75D4, 0x75D3, 0x6D93, 0x6D92, 0x6D92, 0x75B3, 0x75B3, 0x75B3, 0x75D3,
    0x75D3, 0x6DB3, 0x6DB3, 0x6DB3, 0x75B3, 0x75B3, 0x6D93, 0x6D93, 0x6DB3, 0x6DB3, 0x6D93, 0x6D92, 0x6DB3, 0x6DB3, 0x6DB3, 0x6DB3,
    0x6DD3, 0x6DB3, 0x75D4, 0x7DF4, 0x7DD3, 0x6D92, 0x6D92, 0x75D3, 0x6D92, 0x75B3, 0x75B3, 0x75B3, 0x75B3, 0x75D3, 0x75D3, 0x6DB3
};

const short ground_tile_295[TILE_SIZE * TILE_SIZE] = {
    0x75B3, 0x75B3, 0x6D93, 0x75B3, 0x75B3, 0x6D93, 0x6DB3, 0x7DF5, 0xA677, 0x7DF4, 0x6D92, 0x6D93, 0x6D93, 0x6D93, 0x75B3, 0x85F5,
    0x7DF4, 0x75D4, 0x75B3, 0x6DB3, 0x75D4, 0x75D4, 0x7DF4, 0x8615, 0x75D4, 0x75B3, 0x6DB3, 0x6D92, 0x6D93, 0x6D93, 0x6DB3, 0x6DB3,
    0x75B4, 0x75B3, 0x75B3, 0x75B3, 0x75B3, 0x6DB3, 0x75D3, 0x7DF4, 0x75D4, 0x75B3, 0x6D93, 0x6D93, 0x75D3, 0x6D93, 0x6D93, 0x6D93,
    0x6DB3, 0x6DB3, 0x6DB3, 0x6DB3, 0x6DB3, 0x75B3, 0x75B3, 0x75D3, 0x75D4, 0x6DB3, 0x6D93, 0x6D93, 0x8615, 0x75B3, 0x6D92, 0x6D93,
    0x6DB3, 0x75D3, 0x75D3, 0x6DB3, 0x7DF4, 0x75D4, 0x6DB3, 0x6DB3, 0x6D93, 0x6DB3, 0x6DB3, 0x6DB3, 0x7DF4, 0x75B3, 0x6D93, 0x6D93,
    0x6DB3, 0x6DB3, 0x6DB3, 0x6DB3, 0x6DB3, 0x6DB3, 0x6DB3, 0x6DB3, 0x6DB3, 0x6D93, 0x6D93, 0x6DB3, 0x75B3, 0x75B3, 0x6D93, 0x6D93,
    0x6DD3, 0x6DB3, 0x6DB3, 0x75D3, 0x6DB3, 0x6DB3, 0x75B3, 0x75D4, 0x6D92, 0x6592, 0x6D92, 0x6D93, 0x6DB3, 0x6DB3, 0x75B3, 0x75D4,
    0x8E36, 0x7DF4, 0x6DB3, 0x6DB3, 0x6DB3, 0x6DB3, 0x75D4, 0x7DD4, 0x75B3, 0x6DB3, 0x6D93, 0x6D93, 0x6DB3, 0x6D93, 0x6DB3, 0x75D4,
    0x75D4, 0x75D3, 0x6DB3, 0x6DB3, 0x6DB3, 0x6DB3, 0x75B3, 0x75B3, 0x6D93, 0x6D92, 0x6D72, 0x6D92, 0x6DB3, 0x6572, 0x6572, 0x6D92,
    0x6DD3, 0x75D3, 0x75D3, 0x75B3, 0x6DD3, 0x6DB3, 0x75D3, 0x7DF4, 0x7593, 0x6572, 0x6572, 0x6D72, 0x6D92, 0x6D93, 0x6D92, 0x6592,
    0x75D3, 0x75D3, 0x6DB3, 0x6DB3, 0x6D93, 0x6D93, 0x6D93, 0x6DB3, 0x6DB3, 0x6D93, 0x6D92, 0x6572, 0x6D93, 0x75B3, 0x75B3, 0x75D3,
    0x8E36, 0x7DF4, 0x75B3, 0x6D93, 0x6D92, 0x6D93, 0x6DB3, 0x6DB3, 0x75B3, 0x6DB3, 0x6DB3, 0x6DB3, 0x7DD4, 0x7DD4, 0x75B3, 0x6572,
    0x75D3, 0x75D3, 0x75B3, 0x75B3, 0x6DB3, 0x6D92, 0x6D93, 0x75D3, 0x75D3, 0x6D93, 0x75B3, 0x7DD4, 0x7DD4, 0x75B3, 0x6DB3, 0x6D93,
    0x6D92, 0x6DB3, 0x75B3, 0x75B3, 0x75B3, 0x6D93, 0x6D92, 0x6D92, 0x6DB3, 0x6DB3, 0x75B3, 0x75D4, 0x7DD4, 0x75B3, 0x6DB3, 0x75D4,
    0x75B3, 0x75B3, 0x6D93, 0x6D93, 0x6DB3, 0x6DB3, 0x6DB3, 0x75D3, 0x75D4, 0x75D3, 0x75D3, 0x75D3, 0x6DB3, 0x6DB3, 0x6DB3, 0x75B3,
    0x8E35, 0x85F4, 0x7593, 0x6D72, 0x75B3, 0x6DB3, 0x75D3, 0x8635, 0x9E77, 0x8615, 0x75D4, 0x75D4, 0x75B3, 0x6DB3, 0x6DB3, 0x6DB3
};

const short ground_tile_296[TILE_SIZE * TILE_SIZE] = {
    0x7DF4, 0x75D4, 0x6DB3, 0x6D93, 0x6D93, 0x6DB3, 0x6DB3, 0x6D93, 0x6DD3, 0x6DB3, 0x75D4, 0x85F5, 0x7DD4, 0x6D93, 0x6572, 0x6D92,
    0x75D4, 0x6DB3, 0x6DB3, 0x75B3, 0x75D4, 0x75D4, 0x6DB3, 0x6DB3, 0x75D3, 0x75D4, 0x7DF4, 0x7DD4, 0x75D3, 0x6DB3, 0x6DB3, 0x6D92,
    0x6DB3, 0x75D3, 0x7DF4, 0x7E15, 0x75D4, 0x75D3, 0x6DB3, 0x6DB3, 0x6DB3, 0x6DB3, 0x75D4, 0x8615, 0x75D4, 0x6DB3, 0x6D92, 0x6D92,
    0x6DB3, 0x6DB3, 0x6DB3, 0x6DB3, 0x7DF4, 0x75D4, 0x75B3, 0x6D93, 0x6D92, 0x6D92, 0x6DB3, 0x75D4, 0x6DB3, 0x6DB3, 0x6D93, 0x6D93,
    0x6DB3, 0x6DB3, 0x6D93, 0x6D93, 0x8E36, 0x8615, 0x75D4, 0x6D93, 0x6D93, 0x6D93, 0x6D93, 0x6D93, 0x6D93, 0x6D93, 0x6DB3, 0x75B3,
    0x6DB3, 0x75B3, 0x75B3, 0x75B3, 0x75B3, 0x75B3, 0x6D93, 0x6D93, 0x6D93, 0x6DB3, 0x6DB3, 0x6D93, 0x6DB3, 0x6D93, 0x6D93, 0x6D93,
    0x6DB3, 0x6DB3, 0x6DB3, 0x75B3, 0x7DD4, 0x75B3, 0x6D93, 0x75B3, 0x6DB3, 0x6DB3, 0x75D4, 0x75D4, 0x6D93, 0x6D93, 0x6D93, 0x6D92,
    0x6DB3, 0x6D93, 0x6D93, 0x6DB3, 0x7DF5, 0x75B3, 0x6D93, 0x6DB3, 0x6D93, 0x75B3, 0x7DD4, 0x7DD4, 0x6D93, 0x6D93, 0x6DB3, 0x75B3,
    0x6D93, 0x6DB3, 0x6D93, 0x6D93, 0x6572, 0x6572, 0x6D93, 0x75B3, 0x6DB3, 0x6D93, 0x6D93, 0x6D92, 0x6D92, 0x6D93, 0x6D93, 0x6D93,
    0x6DB3, 0x75B3, 0x6DB3, 0x6572, 0x6592, 0x6DB3, 0x75D3, 0x75B3, 0x75D3, 0x6DB3, 0x6D92, 0x6D93, 0x75B3, 0x7593, 0x6D72, 0x6D72,
    0x6DB3, 0x6D92, 0x6D92, 0x6D92, 0x6DB3, 0x6DB3, 0x6DB3, 0x6D92, 0x6DB3, 0x6DB3, 0x6DB3, 0x75B3, 0x6D93, 0x6D93, 0x6D93, 0x6D93,
    0x6D92, 0x6DB3, 0x6DB3, 0x6DB3, 0x8E36, 0x7DD4, 0x6D93, 0x6D92, 0x6D92, 0x6DB3, 0x75B3, 0x75B3, 0x75B3, 0x6DB3, 0x6DB3, 0x6D93,
    0x6D92, 0x6DB3, 0x6DB3, 0x6DB3, 0x7DF5, 0x75D4, 0x6DB3, 0x6DB3, 0x75B3, 0x6DB3, 0x6DB3, 0x75B3, 0x6DB3, 0x6DB3, 0x6DB3, 0x75B3,
    0x75D3, 0x75D3, 0x75D3, 0x75B3, 0x6DB3, 0x6DB3, 0x6DB3, 0x6DB3, 0x75B3, 0x6DB3, 0x6D93, 0x6DB3, 0x75B3, 0x6D93, 0x6D93, 0x75B3,
    0x6DB3, 0x75B3, 0x75B3, 0x75B3, 0x7DF4, 0x75D4, 0x6DB3, 0x75B3, 0x75B3, 0x6DB3, 0x6DB2, 0x6DB3, 0x75D3, 0x75B3, 0x75B3, 0x6D93,
    0x75B3, 0x75B3, 0x75B3, 0x75D4, 0x8E36, 0x7DF4, 0x75B3, 0x75B3, 0x75F4, 0x6DB3, 0x6DB3, 0x7DF4, 0x8E35, 0x8615, 0x7DD4, 0x75B3
};

const short ground_tile_297[TILE_SIZE * TILE_SIZE] = {
    0x75B3, 0x6D92, 0x6D93, 0x75D3, 0x7DF4, 0x75D4, 0x6DB3, 0x6DB3, 0x8E56, 0x8635, 0x7DD4, 0x6DB3, 0x75D3, 0x75D3, 0x75D4, 0x7DF5,
    0x6DB3, 0x6D93, 0x6D92, 0x6D92, 0x6D93, 0x6DB3, 0x6DB3, 0x6DB3, 0x75D4, 0x75F4, 0x75D3, 0x6D92, 0x75D3, 0x7DF4, 0x7DD4, 0x75D4,
    0x75B3, 0x6D93, 0x6572, 0x6D72, 0x6D92, 0x6D93, 0x75B3, 0x7DF4, 0x6DB3, 0x6DB3, 0x6DB3, 0x6DB3, 0x6D92, 0x6DB3, 0x75B3, 0x75D3,
    0x85F5, 0x75B3, 0x6572, 0x6D93, 0x6D92, 0x6D93, 0x75B3, 0x75D4, 0x6D93, 0x6DB3, 0x6DB3, 0x6DB3, 0x6DB2, 0x6DB3, 0x75B3, 0x7DD4,
    0x7DD3, 0x6D93, 0x6592, 0x6592, 0x6DB3, 0x75B3, 0x6DB3, 0x6D93, 0x75D3, 0x75D4, 0x75D3, 0x75B3, 0x75B3, 0x75B3, 0x75B3, 0x75B3,
    0x6DB3, 0x6DB3, 0x6D93, 0x6DB3, 0x6DB3, 0x75B3, 0x75B3, 0x6DB3, 0x6DB3, 0x6DB3, 0x6DB3, 0x6DB3, 0x6D93, 0x75B3, 0x75B3, 0x75B3,
    0x6592, 0x6D93, 0x6DB3, 0x6DB3, 0x6DB3, 0x6DB3, 0x6DB3, 0x6DB3, 0x75D3, 0x75D3, 0x75B3, 0x75B3, 0x6D93, 0x6D93, 0x75B3, 0x7DD4,
    0x6592, 0x6D93, 0x6DB3, 0x6D93, 0x6DB3, 0x6DB3, 0x6D93, 0x6DB3, 0x9677, 0x8635, 0x75D4, 0x6DB3, 0x6D92, 0x6D93, 0x75B3, 0x85D4,
    0x6D92, 0x6D92, 0x6572, 0x6592, 0x6D93, 0x6DB3, 0x6DB3, 0x6DB3, 0x75D4, 0x75D3, 0x6DB3, 0x6D93, 0x6D92, 0x6D92, 0x7593, 0x75B3,
    0x6D92, 0x6D92, 0x6D92, 0x6572, 0x6592, 0x6DB3, 0x6DB3, 0x6D93, 0x6DB3, 0x75D3, 0x75B3, 0x6D93, 0x6D93, 0x6D92, 0x75B3, 0x7DD4,
    0x6D93, 0x6DB3, 0x6D93, 0x6592, 0x6572, 0x6D92, 0x6DB3, 0x6DB3, 0x6DB3, 0x6DB3, 0x6DB3, 0x6DB3, 0x75B3, 0x6D93, 0x6D92, 0x6D92,
    0x7DD4, 0x75D4, 0x6D93, 0x6572, 0x6D92, 0x6DB3, 0x6DB3, 0x6DB3, 0x75B3, 0x75B3, 0x6DB3, 0x6D93, 0x6D93, 0x6D93, 0x6D93, 0x6D93,
    0x7DD4, 0x75B3, 0x6D92, 0x6D92, 0x6D93, 0x75B3, 0x6DB3, 0x6D93, 0x75B3, 0x75B3, 0x75B3, 0x75B3, 0x6D92, 0x6D92, 0x6DB3, 0x6DB3,
    0x75B3, 0x6D92, 0x6D92, 0x6D93, 0x75B3, 0x75B3, 0x75B3, 0x75B3, 0x6DB3, 0x75B3, 0x75B3, 0x75B3, 0x75B3, 0x6D93, 0x6D93, 0x6D93,
    0x6D92, 0x6D72, 0x6D92, 0x6D92, 0x6D93, 0x6D92, 0x6D92, 0x75B3, 0x7DD4, 0x75B3, 0x75B3, 0x75B3, 0x75B3, 0x6DB3, 0x6DB3, 0x6DB3,
    0x6552, 0x6D72, 0x6D92, 0x6D72, 0x6D93, 0x7593, 0x6D92, 0x6D92, 0x8E15, 0x85F4, 0x75B3, 0x6DB3, 0x7DF4, 0x75D3, 0x6DB3, 0x7DF4
};

const short ground_tile_298[TILE_SIZE * TILE_SIZE] = {
    0x85F5, 0x6DB3, 0x6D93, 0x6DB3, 0x6D93, 0x6D93, 0x6DB3, 0x75D4, 0x75D4, 0x75D4, 0x6DB3, 0x6572, 0x75B3, 0x8615, 0x8614, 0x6D93,
    0x6DB3, 0x6DB3, 0x6DB3, 0x6D93, 0x6DB3, 0x6DB3, 0x6DB3, 0x6D93, 0x6D93, 0x75D3, 0x75D3, 0x6DB3, 0x7DF4, 0x7DF4, 0x75D3, 0x6592,
    0x75D3, 0x6DB3, 0x6D93, 0x6D93, 0x7DF5, 0x75B4, 0x6D93, 0x6D93, 0x6DB3, 0x6DB3, 0x75D4, 0x7DF5, 0x75B3, 0x75B3, 0x75B3, 0x6DB3,
    0x75D4, 0x6DB3, 0x6D93, 0x6D93, 0x75B3, 0x6D93, 0x6D93, 0x6DB3, 0x6DB3, 0x6DB3, 0x6DB3, 0x75B3, 0x6DD3, 0x75D4, 0x75D4, 0x75B3,
    0x6DB3, 0x6D93, 0x6D93, 0x75B3, 0x6593, 0x6DB3, 0x6DB3, 0x6593, 0x6DB3, 0x6DB3, 0x6DB3, 0x6DB3, 0x75D4, 0x75D4, 0x75D4, 0x75D4,
    0x75B3, 0x75B3, 0x75B3, 0x6DB3, 0x6D93, 0x6D93, 0x6DB3, 0x6DB3, 0x6DB3, 0x6DB3, 0x6DB3, 0x6DB3, 0x6DB3, 0x6DB3, 0x6DB3, 0x6DB3,
    0x75B3, 0x6D93, 0x6D93, 0x6D93, 0x6D93, 0x6D93, 0x75B3, 0x75F4, 0x6DB3, 0x6DB3, 0x6DB3, 0x6DB3, 0x6DB3, 0x6DB3, 0x6DB3, 0x75B3,
    0x75B3, 0x6D92, 0x6D92, 0x6D92, 0x6D93, 0x75D4, 0x7DD4, 0x75D4, 0x6DB3, 0x6DB3, 0x6D93, 0x6DB3, 0x8636, 0x7DF5, 0x6DD3, 0x6DB3,
    0x6D92, 0x6D92, 0x6D92, 0x6572, 0x6D92, 0x75B3, 0x75B3, 0x6DB3, 0x6D92, 0x6DB3, 0x6DB3, 0x6592, 0x6593, 0x6DB3, 0x6DD3, 0x75D4,
    0x75B3, 0x75B3, 0x6D92, 0x6572, 0x6D92, 0x75B3, 0x6DB3, 0x6592, 0x6DB3, 0x75D4, 0x6DB3, 0x6592, 0x75D4, 0x75F4, 0x75F4, 0x6DB3,
    0x6DB3, 0x6D92, 0x6D92, 0x6D93, 0x6DB3, 0x6D93, 0x6D92, 0x6572, 0x6572, 0x6592, 0x6592, 0x6592, 0x6572, 0x6592, 0x6592, 0x6DB3,
    0x75D3, 0x6D93, 0x6D92, 0x6DB3, 0x75D4, 0x7DD4, 0x75B3, 0x6572, 0x6572, 0x6592, 0x6D92, 0x6D92, 0x6572, 0x6572, 0x6572, 0x6D92,
    0x75B3, 0x75B3, 0x6DB3, 0x6D93, 0x7DD4, 0x75B3, 0x6D93, 0x6D92, 0x6572, 0x6D93, 0x6DB3, 0x6D92, 0x6D92, 0x6D93, 0x6D93, 0x6D93,
    0x6D93, 0x6D93, 0x6DB3, 0x6DB3, 0x7DD4, 0x6DB3, 0x6D93, 0x75B3, 0x75B3, 0x75B3, 0x75B3, 0x75B3, 0x6DB3, 0x6D93, 0x6D93, 0x6D93,
    0x7DF4, 0x75D4, 0x75B3, 0x6DB3, 0x6D92, 0x6D92, 0x6D92, 0x75B3, 0x6DB3, 0x75B3, 0x75B3, 0x75B3, 0x75D4, 0x75B3, 0x6DB3, 0x6DB3,
    0xA6B7, 0x8615, 0x6DB3, 0x75B3, 0x6D92, 0x6D72, 0x6D72, 0x6DB3, 0x75B3, 0x75B3, 0x75B3, 0x75B3, 0x8E35, 0x7DF4, 0x75B3, 0x75D3
};

const short ground_tile_299[TILE_SIZE * TILE_SIZE] = {
    0x75B3, 0x75D3, 0x75D4, 0x7DF4, 0x85F4, 0x6D93, 0x6593, 0x6DB3, 0x6D93, 0x6D93, 0x6D93, 0x75B3, 0x75D4, 0x75B3, 0x6DB3, 0x6D92,
    0x75D3, 0x75F4, 0x7DD4, 0x75D4, 0x6D92, 0x6DB3, 0x6DB3, 0x6D93, 0x6592, 0x6572, 0x6552, 0x6552, 0x6D72, 0x6D92, 0x6D72, 0x6D72,
    0x6DB3, 0x6DB3, 0x75D4, 0x7DD4, 0x6DB3, 0x6D92, 0x6572, 0x6D93, 0x7DD4, 0x6D72, 0x6551, 0x6551, 0x6572, 0x6D72, 0x6D93, 0x75B3,
    0x6DB3, 0x6DB3, 0x6DB3, 0x75B3, 0x75D4, 0x6D93, 0x6572, 0x6572, 0x6D72, 0x6552, 0x6552, 0x6572, 0x6D92, 0x6D93, 0x6D93, 0x75B3,
    0x75D3, 0x75B3, 0x6DB3, 0x6DB3, 0x6D93, 0x6D92, 0x6572, 0x6572, 0x6572, 0x6572, 0x6572, 0x6572, 0x6D93, 0x6D93, 0x6D93, 0x6D93,
    0x6DB3, 0x6DB3, 0x75B3, 0x75B3, 0x6D93, 0x6D93, 0x6D93, 0x6D92, 0x6D93, 0x6592, 0x6592, 0x6D93, 0x75B3, 0x75B3, 0x75B3, 0x75D4,
    0x6DB3, 0x6DB3, 0x75D4, 0x7DD4, 0x6DB3, 0x6D93, 0x6D93, 0x6572, 0x6D92, 0x6D92, 0x6D92, 0x6D93, 0x6DB3, 0x6DB3, 0x75D3, 0x7DF4,
    0x6D93, 0x75B3, 0x7DD4, 0x7DD4, 0x75B3, 0x6DB3, 0x6D93, 0x6DB3, 0x6D92, 0x6DB3, 0x6D93, 0x6572, 0x6DB3, 0x6DB3, 0x75B3, 0x75D4,
    0x6DB3, 0x6DB3, 0x6DB3, 0x6D93, 0x6D93, 0x6D93, 0x6D93, 0x6D93, 0x6D93, 0x6D92, 0x6D92, 0x6D92, 0x6DB3, 0x6D93, 0x6D93, 0x6572,
    0x6DD3, 0x6DB3, 0x6DB3, 0x6DB3, 0x6DB3, 0x75B3, 0x75B3, 0x6D93, 0x6D92, 0x6572, 0x6D72, 0x6DB3, 0x6DB3, 0x75B3, 0x6D93, 0x6572,
    0x6DB3, 0x6DB3, 0x6DB3, 0x6DB3, 0x75B3, 0x6D93, 0x6D93, 0x6D93, 0x6D72, 0x75B3, 0x75B3, 0x6D92, 0x6D92, 0x6D93, 0x6D93, 0x6DB3,
    0x6DB3, 0x75D3, 0x75D3, 0x6DB3, 0x75D3, 0x75B3, 0x6D93, 0x6D93, 0x75D4, 0x7DF4, 0x7DD4, 0x6592, 0x6DB3, 0x6DB3, 0x6DB3, 0x6DB3,
    0x6DB3, 0x6DB3, 0x75B3, 0x75D3, 0x75B3, 0x6D93, 0x7593, 0x75B3, 0x75B3, 0x75B3, 0x6DB3, 0x6D92, 0x6DB3, 0x6DB3, 0x75B3, 0x6DB2,
    0x75B3, 0x6DB3, 0x6D93, 0x6D93, 0x75D3, 0x75B3, 0x75B3, 0x75B3, 0x75B3, 0x6D93, 0x6D92, 0x6D93, 0x75B3, 0x75B3, 0x75B3, 0x6DB2,
    0x75B3, 0x6DB3, 0x6D93, 0x6DB3, 0x7DD4, 0x7DD4, 0x75B3, 0x6DB3, 0x6DB3, 0x75B3, 0x6D93, 0x6D92, 0x6D92, 0x7593, 0x75B3, 0x75D4,
    0x7DD4, 0x6DB3, 0x6DB3, 0x7DF4, 0xA677, 0x8E36, 0x75D4, 0x6DB3, 0x6DB3, 0x75B3, 0x75D3, 0x75D3, 0x7593, 0x75B3, 0x8615, 0x9657
};

const short* const ground_tiles[300] = {
    ground_tile_0,
    ground_tile_1,
    ground_tile_2,
    ground_tile_3,
    ground_tile_4,
    ground_tile_5,
    ground_tile_6,
    ground_tile_7,
    ground_tile_8,
    ground_tile_9,
    ground_tile_10,
    ground_tile_11,
    ground_tile_12,
    ground_tile_13,
    ground_tile_14,
    ground_tile_15,
    ground_tile_16,
    ground_tile_17,
    ground_tile_18,
    ground_tile_19,
    ground_tile_20,
    ground_tile_21,
    ground_tile_22,
    ground_tile_23,
    ground_tile_24,
    ground_tile_25,
    ground_tile_26,
    ground_tile_27,
    ground_tile_28,
    ground_tile_29,
    ground_tile_30,
    ground_tile_31,
    ground_tile_32,
    ground_tile_33,
    ground_tile_34,
    ground_tile_35,
    ground_tile_36,
    ground_tile_37,
    ground_tile_38,
    ground_tile_39,
    ground_tile_40,
    ground_tile_41,
    ground_tile_42,
    ground_tile_43,
    ground_tile_44,
    ground_tile_45,
    ground_tile_46,
    ground_tile_47,
    ground_tile_48,
    ground_tile_49,
    ground_tile_50,
    ground_tile_51,
    ground_tile_52,
    ground_tile_53,
    ground_tile_54,
    ground_tile_55,
    ground_tile_56,
    ground_tile_57,
    ground_tile_58,
    ground_tile_59,
    ground_tile_60,
    ground_tile_61,
    ground_tile_62,
    ground_tile_63,
    ground_tile_64,
    ground_tile_65,
    ground_tile_66,
    ground_tile_67,
    ground_tile_68,
    ground_tile_69,
    ground_tile_70,
    ground_tile_71,
    ground_tile_72,
    ground_tile_73,
    ground_tile_74,
    ground_tile_75,
    ground_tile_76,
    ground_tile_77,
    ground_tile_78,
    ground_tile_79,
    ground_tile_80,
    ground_tile_81,
    ground_tile_82,
    ground_tile_83,
    ground_tile_84,
    ground_tile_85,
    ground_tile_86,
    ground_tile_87,
    ground_tile_88,
    ground_tile_89,
    ground_tile_90,
    ground_tile_91,
    ground_tile_92,
    ground_tile_93,
    ground_tile_94,
    ground_tile_95,
    ground_tile_96,
    ground_tile_97,
    ground_tile_98,
    ground_tile_99,
    ground_tile_100,
    ground_tile_101,
    ground_tile_102,
    ground_tile_103,
    ground_tile_104,
    ground_tile_105,
    ground_tile_106,
    ground_tile_107,
    ground_tile_108,
    ground_tile_109,
    ground_tile_110,
    ground_tile_111,
    ground_tile_112,
    ground_tile_113,
    ground_tile_114,
    ground_tile_115,
    ground_tile_116,
    ground_tile_117,
    ground_tile_118,
    ground_tile_119,
    ground_tile_120,
    ground_tile_121,
    ground_tile_122,
    ground_tile_123,
    ground_tile_124,
    ground_tile_125,
    ground_tile_126,
    ground_tile_127,
    ground_tile_128,
    ground_tile_129,
    ground_tile_130,
    ground_tile_131,
    ground_tile_132,
    ground_tile_133,
    ground_tile_134,
    ground_tile_135,
    ground_tile_136,
    ground_tile_137,
    ground_tile_138,
    ground_tile_139,
    ground_tile_140,
    ground_tile_141,
    ground_tile_142,
    ground_tile_143,
    ground_tile_144,
    ground_tile_145,
    ground_tile_146,
    ground_tile_147,
    ground_tile_148,
    ground_tile_149,
    ground_tile_150,
    ground_tile_151,
    ground_tile_152,
    ground_tile_153,
    ground_tile_154,
    ground_tile_155,
    ground_tile_156,
    ground_tile_157,
    ground_tile_158,
    ground_tile_159,
    ground_tile_160,
    ground_tile_161,
    ground_tile_162,
    ground_tile_163,
    ground_tile_164,
    ground_tile_165,
    ground_tile_166,
    ground_tile_167,
    ground_tile_168,
    ground_tile_169,
    ground_tile_170,
    ground_tile_171,
    ground_tile_172,
    ground_tile_173,
    ground_tile_174,
    ground_tile_175,
    ground_tile_176,
    ground_tile_177,
    ground_tile_178,
    ground_tile_179,
    ground_tile_180,
    ground_tile_181,
    ground_tile_182,
    ground_tile_183,
    ground_tile_184,
    ground_tile_185,
    ground_tile_186,
    ground_tile_187,
    ground_tile_188,
    ground_tile_189,
    ground_tile_190,
    ground_tile_191,
    ground_tile_192,
    ground_tile_193,
    ground_tile_194,
    ground_tile_195,
    ground_tile_196,
    ground_tile_197,
    ground_tile_198,
    ground_tile_199,
    ground_tile_200,
    ground_tile_201,
    ground_tile_202,
    ground_tile_203,
    ground_tile_204,
    ground_tile_205,
    ground_tile_206,
    ground_tile_207,
    ground_tile_208,
    ground_tile_209,
    ground_tile_210,
    ground_tile_211,
    ground_tile_212,
    ground_tile_213,
    ground_tile_214,
    ground_tile_215,
    ground_tile_216,
    ground_tile_217,
    ground_tile_218,
    ground_tile_219,
    ground_tile_220,
    ground_tile_221,
    ground_tile_222,
    ground_tile_223,
    ground_tile_224,
    ground_tile_225,
    ground_tile_226,
    ground_tile_227,
    ground_tile_228,
    ground_tile_229,
    ground_tile_230,
    ground_tile_231,
    ground_tile_232,
    ground_tile_233,
    ground_tile_234,
    ground_tile_235,
    ground_tile_236,
    ground_tile_237,
    ground_tile_238,
    ground_tile_239,
    ground_tile_240,
    ground_tile_241,
    ground_tile_242,
    ground_tile_243,
    ground_tile_244,
    ground_tile_245,
    ground_tile_246,
    ground_tile_247,
    ground_tile_248,
    ground_tile_249,
    ground_tile_250,
    ground_tile_251,
    ground_tile_252,
    ground_tile_253,
    ground_tile_254,
    ground_tile_255,
    ground_tile_256,
    ground_tile_257,
    ground_tile_258,
    ground_tile_259,
    ground_tile_260,
    ground_tile_261,
    ground_tile_262,
    ground_tile_263,
    ground_tile_264,
    ground_tile_265,
    ground_tile_266,
    ground_tile_267,
    ground_tile_268,
    ground_tile_269,
    ground_tile_270,
    ground_tile_271,
    ground_tile_272,
    ground_tile_273,
    ground_tile_274,
    ground_tile_275,
    ground_tile_276,
    ground_tile_277,
    ground_tile_278,
    ground_tile_279,
    ground_tile_280,
    ground_tile_281,
    ground_tile_282,
    ground_tile_283,
    ground_tile_284,
    ground_tile_285,
    ground_tile_286,
    ground_tile_287,
    ground_tile_288,
    ground_tile_289,
    ground_tile_290,
    ground_tile_291,
    ground_tile_292,
    ground_tile_293,
    ground_tile_294,
    ground_tile_295,
    ground_tile_296,
    ground_tile_297,
    ground_tile_298,
    ground_tile_299
};

const TileId preset_ground[MAP_HEIGHT][MAP_WIDTH] = {
    { TILE_GROUND_START + 0, TILE_GROUND_START + 1, TILE_GROUND_START + 2, TILE_GROUND_START + 3, TILE_GROUND_START + 4, TILE_GROUND_START + 5, TILE_GROUND_START + 6, TILE_GROUND_START + 7, TILE_GROUND_START + 8, TILE_GROUND_START + 9, TILE_GROUND_START + 10, TILE_GROUND_START + 11, TILE_GROUND_START + 12, TILE_GROUND_START + 13, TILE_GROUND_START + 14, TILE_GROUND_START + 15, TILE_GROUND_START + 16, TILE_GROUND_START + 17, TILE_GROUND_START + 18, TILE_GROUND_START + 19 },
    { TILE_GROUND_START + 20, TILE_GROUND_START + 21, TILE_GROUND_START + 22, TILE_GROUND_START + 23, TILE_GROUND_START + 24, TILE_GROUND_START + 25, TILE_GROUND_START + 26, TILE_GROUND_START + 27, TILE_GROUND_START + 28, TILE_GROUND_START + 29, TILE_GROUND_START + 30, TILE_GROUND_START + 31, TILE_GROUND_START + 32, TILE_GROUND_START + 33, TILE_GROUND_START + 34, TILE_GROUND_START + 35, TILE_GROUND_START + 36, TILE_GROUND_START + 37, TILE_GROUND_START + 38, TILE_GROUND_START + 39 },
    { TILE_GROUND_START + 40, TILE_GROUND_START + 41, TILE_GROUND_START + 42, TILE_GROUND_START + 43, TILE_GROUND_START + 44, TILE_GROUND_START + 45, TILE_GROUND_START + 46, TILE_GROUND_START + 47, TILE_GROUND_START + 48, TILE_GROUND_START + 49, TILE_GROUND_START + 50, TILE_GROUND_START + 51, TILE_GROUND_START + 52, TILE_GROUND_START + 53, TILE_GROUND_START + 54, TILE_GROUND_START + 55, TILE_GROUND_START + 56, TILE_GROUND_START + 57, TILE_GROUND_START + 58, TILE_GROUND_START + 59 },
    { TILE_GROUND_START + 60, TILE_GROUND_START + 61, TILE_GROUND_START + 62, TILE_GROUND_START + 63, TILE_GROUND_START + 64, TILE_GROUND_START + 65, TILE_GROUND_START + 66, TILE_GROUND_START + 67, TILE_GROUND_START + 68, TILE_GROUND_START + 69, TILE_GROUND_START + 70, TILE_GROUND_START + 71, TILE_GROUND_START + 72, TILE_GROUND_START + 73, TILE_GROUND_START + 74, TILE_GROUND_START + 75, TILE_GROUND_START + 76, TILE_GROUND_START + 77, TILE_GROUND_START + 78, TILE_GROUND_START + 79 },
    { TILE_GROUND_START + 80, TILE_GROUND_START + 81, TILE_GROUND_START + 82, TILE_GROUND_START + 83, TILE_GROUND_START + 84, TILE_GROUND_START + 85, TILE_GROUND_START + 86, TILE_GROUND_START + 87, TILE_GROUND_START + 88, TILE_GROUND_START + 89, TILE_GROUND_START + 90, TILE_GROUND_START + 91, TILE_GROUND_START + 92, TILE_GROUND_START + 93, TILE_GROUND_START + 94, TILE_GROUND_START + 95, TILE_GROUND_START + 96, TILE_GROUND_START + 97, TILE_GROUND_START + 98, TILE_GROUND_START + 99 },
    { TILE_GROUND_START + 100, TILE_GROUND_START + 101, TILE_GROUND_START + 102, TILE_GROUND_START + 103, TILE_GROUND_START + 104, TILE_GROUND_START + 105, TILE_GROUND_START + 106, TILE_GROUND_START + 107, TILE_GROUND_START + 108, TILE_GROUND_START + 109, TILE_GROUND_START + 110, TILE_GROUND_START + 111, TILE_GROUND_START + 112, TILE_GROUND_START + 113, TILE_GROUND_START + 114, TILE_GROUND_START + 115, TILE_GROUND_START + 116, TILE_GROUND_START + 117, TILE_GROUND_START + 118, TILE_GROUND_START + 119 },
    { TILE_GROUND_START + 120, TILE_GROUND_START + 121, TILE_GROUND_START + 122, TILE_GROUND_START + 123, TILE_GROUND_START + 124, TILE_GROUND_START + 125, TILE_GROUND_START + 126, TILE_GROUND_START + 127, TILE_GROUND_START + 128, TILE_GROUND_START + 129, TILE_GROUND_START + 130, TILE_GROUND_START + 131, TILE_GROUND_START + 132, TILE_GROUND_START + 133, TILE_GROUND_START + 134, TILE_GROUND_START + 135, TILE_GROUND_START + 136, TILE_GROUND_START + 137, TILE_GROUND_START + 138, TILE_GROUND_START + 139 },
    { TILE_GROUND_START + 140, TILE_GROUND_START + 141, TILE_GROUND_START + 142, TILE_GROUND_START + 143, TILE_GROUND_START + 144, TILE_GROUND_START + 145, TILE_GROUND_START + 146, TILE_GROUND_START + 147, TILE_GROUND_START + 148, TILE_GROUND_START + 149, TILE_GROUND_START + 150, TILE_GROUND_START + 151, TILE_GROUND_START + 152, TILE_GROUND_START + 153, TILE_GROUND_START + 154, TILE_GROUND_START + 155, TILE_GROUND_START + 156, TILE_GROUND_START + 157, TILE_GROUND_START + 158, TILE_GROUND_START + 159 },
    { TILE_GROUND_START + 160, TILE_GROUND_START + 161, TILE_GROUND_START + 162, TILE_GROUND_START + 163, TILE_GROUND_START + 164, TILE_GROUND_START + 165, TILE_GROUND_START + 166, TILE_GROUND_START + 167, TILE_GROUND_START + 168, TILE_GROUND_START + 169, TILE_GROUND_START + 170, TILE_GROUND_START + 171, TILE_GROUND_START + 172, TILE_GROUND_START + 173, TILE_GROUND_START + 174, TILE_GROUND_START + 175, TILE_GROUND_START + 176, TILE_GROUND_START + 177, TILE_GROUND_START + 178, TILE_GROUND_START + 179 },
    { TILE_GROUND_START + 180, TILE_GROUND_START + 181, TILE_GROUND_START + 182, TILE_GROUND_START + 183, TILE_GROUND_START + 184, TILE_GROUND_START + 185, TILE_GROUND_START + 186, TILE_GROUND_START + 187, TILE_GROUND_START + 188, TILE_GROUND_START + 189, TILE_GROUND_START + 190, TILE_GROUND_START + 191, TILE_GROUND_START + 192, TILE_GROUND_START + 193, TILE_GROUND_START + 194, TILE_GROUND_START + 195, TILE_GROUND_START + 196, TILE_GROUND_START + 197, TILE_GROUND_START + 198, TILE_GROUND_START + 199 },
    { TILE_GROUND_START + 200, TILE_GROUND_START + 201, TILE_GROUND_START + 202, TILE_GROUND_START + 203, TILE_GROUND_START + 204, TILE_GROUND_START + 205, TILE_GROUND_START + 206, TILE_GROUND_START + 207, TILE_GROUND_START + 208, TILE_GROUND_START + 209, TILE_GROUND_START + 210, TILE_GROUND_START + 211, TILE_GROUND_START + 212, TILE_GROUND_START + 213, TILE_GROUND_START + 214, TILE_GROUND_START + 215, TILE_GROUND_START + 216, TILE_GROUND_START + 217, TILE_GROUND_START + 218, TILE_GROUND_START + 219 },
    { TILE_GROUND_START + 220, TILE_GROUND_START + 221, TILE_GROUND_START + 222, TILE_GROUND_START + 223, TILE_GROUND_START + 224, TILE_GROUND_START + 225, TILE_GROUND_START + 226, TILE_GROUND_START + 227, TILE_GROUND_START + 228, TILE_GROUND_START + 229, TILE_GROUND_START + 230, TILE_GROUND_START + 231, TILE_GROUND_START + 232, TILE_GROUND_START + 233, TILE_GROUND_START + 234, TILE_GROUND_START + 235, TILE_GROUND_START + 236, TILE_GROUND_START + 237, TILE_GROUND_START + 238, TILE_GROUND_START + 239 },
    { TILE_GROUND_START + 240, TILE_GROUND_START + 241, TILE_GROUND_START + 242, TILE_GROUND_START + 243, TILE_GROUND_START + 244, TILE_GROUND_START + 245, TILE_GROUND_START + 246, TILE_GROUND_START + 247, TILE_GROUND_START + 248, TILE_GROUND_START + 249, TILE_GROUND_START + 250, TILE_GROUND_START + 251, TILE_GROUND_START + 252, TILE_GROUND_START + 253, TILE_GROUND_START + 254, TILE_GROUND_START + 255, TILE_GROUND_START + 256, TILE_GROUND_START + 257, TILE_GROUND_START + 258, TILE_GROUND_START + 259 },
    { TILE_GROUND_START + 260, TILE_GROUND_START + 261, TILE_GROUND_START + 262, TILE_GROUND_START + 263, TILE_GROUND_START + 264, TILE_GROUND_START + 265, TILE_GROUND_START + 266, TILE_GROUND_START + 267, TILE_GROUND_START + 268, TILE_GROUND_START + 269, TILE_GROUND_START + 270, TILE_GROUND_START + 271, TILE_GROUND_START + 272, TILE_GROUND_START + 273, TILE_GROUND_START + 274, TILE_GROUND_START + 275, TILE_GROUND_START + 276, TILE_GROUND_START + 277, TILE_GROUND_START + 278, TILE_GROUND_START + 279 },
    { TILE_GROUND_START + 280, TILE_GROUND_START + 281, TILE_GROUND_START + 282, TILE_GROUND_START + 283, TILE_GROUND_START + 284, TILE_GROUND_START + 285, TILE_GROUND_START + 286, TILE_GROUND_START + 287, TILE_GROUND_START + 288, TILE_GROUND_START + 289, TILE_GROUND_START + 290, TILE_GROUND_START + 291, TILE_GROUND_START + 292, TILE_GROUND_START + 293, TILE_GROUND_START + 294, TILE_GROUND_START + 295, TILE_GROUND_START + 296, TILE_GROUND_START + 297, TILE_GROUND_START + 298, TILE_GROUND_START + 299 }
};
