#include "poke_mart_interior_tiles.h"

const short poke_mart_interior_tile_0[TILE_SIZE * TILE_SIZE] = {
    0x0000, 0x0000, 0x0000, 0x0000, 0x0000, 0x0000, 0x0000, 0x0000, 0x0000, 0x0000, 0x0000, 0x0000, 0x0000, 0x0000, 0x0000, 0x0000,
    0x0000, 0x0000, 0x0000, 0x0000, 0x0000, 0x0000, 0x0000, 0x0000, 0x0000, 0x0000, 0x0000, 0x0000, 0x0000, 0x0000, 0x0000, 0x0000,
    0x0000, 0x0000, 0x0000, 0x0000, 0x0000, 0x0000, 0x0000, 0x0000, 0x0000, 0x0000, 0x0000, 0x0000, 0x0000, 0x0000, 0x0000, 0x0000,
    0x0000, 0x0000, 0x0000, 0x0000, 0x0000, 0x0000, 0x0000, 0x0000, 0x0000, 0x0000, 0x0000, 0x0000, 0x0000, 0x0000, 0x0000, 0x0000,
    0x0000, 0x0000, 0x0000, 0x0000, 0x0000, 0x0000, 0x0000, 0x0000, 0x0000, 0x0000, 0x0000, 0x0000, 0x0000, 0x0000, 0x0000, 0x0000,
    0x0000, 0x0000, 0x0000, 0x0000, 0x0000, 0x0000, 0x0000, 0x0000, 0x0000, 0x0000, 0x0000, 0x0000, 0x0000, 0x0000, 0x0000, 0x0000,
    0x0000, 0x0000, 0x0000, 0x0000, 0x0000, 0x0000, 0x0000, 0x0000, 0x0000, 0x0000, 0x0000, 0x0000, 0x0000, 0x0000, 0x0000, 0x0000,
    0x0000, 0x0000, 0x0000, 0x0000, 0x0000, 0x0000, 0x0000, 0x0000, 0x0000, 0x0000, 0x0000, 0x0000, 0x0000, 0x0000, 0x0000, 0x0000,
    0x0000, 0x0000, 0x0000, 0x0000, 0x0000, 0x0000, 0x0000, 0x0000, 0x0000, 0x0000, 0x0000, 0x0000, 0x0000, 0x0000, 0x0000, 0x0000,
    0x0000, 0x0000, 0x0000, 0x0000, 0x0000, 0x0000, 0x0000, 0x0000, 0x0000, 0x0000, 0x0000, 0x0000, 0x0000, 0x0000, 0x0000, 0x0000,
    0x0000, 0x0000, 0x0000, 0x0000, 0x0000, 0x0000, 0x0000, 0x0000, 0x0000, 0x0000, 0x0000, 0x0000, 0x0000, 0x0000, 0x0000, 0x0000,
    0x0000, 0x0000, 0x0000, 0x0000, 0x0000, 0x0000, 0x0000, 0x0000, 0x0000, 0x0000, 0x0000, 0x0000, 0x0000, 0x0000, 0x0000, 0x0000,
    0x0000, 0x0000, 0x0000, 0x0000, 0x0000, 0x0000, 0x0000, 0x0000, 0x0000, 0x0000, 0x0000, 0x0000, 0x0000, 0x0000, 0x0000, 0x0000,
    0x0000, 0x0000, 0x0000, 0x0000, 0x0000, 0x0000, 0x0000, 0x0000, 0x0000, 0x0000, 0x0000, 0x0000, 0x0000, 0x0000, 0x0000, 0x0000,
    0x0000, 0x0000, 0x0000, 0x0000, 0x0000, 0x0000, 0x0000, 0x0000, 0x0000, 0x0000, 0x0000, 0x0000, 0x0000, 0x0000, 0x0000, 0x0000,
    0x0000, 0x0000, 0x0000, 0x0000, 0x0000, 0x0000, 0x0000, 0x0000, 0x0000, 0x0000, 0x0000, 0x0000, 0x0000, 0x0000, 0x0000, 0x0000
};

const short poke_mart_interior_tile_1[TILE_SIZE * TILE_SIZE] = {
    0x0000, 0x0000, 0x0000, 0x0000, 0x0000, 0x0000, 0x0000, 0x0000, 0x0000, 0x0000, 0x0000, 0x0000, 0x0000, 0x0000, 0x0000, 0x0000,
    0x0000, 0x0000, 0x0000, 0x0000, 0x0000, 0x0000, 0x0000, 0x0000, 0x0000, 0x0000, 0x0000, 0x0000, 0x0000, 0x0000, 0x0000, 0x0000,
    0x0000, 0x0000, 0x0000, 0x0000, 0x0000, 0x0000, 0x0000, 0x0000, 0x0000, 0x0000, 0x0000, 0x0000, 0x0000, 0x0000, 0x0000, 0x0000,
    0x0000, 0x0000, 0x0000, 0x0000, 0x0000, 0x0000, 0x0000, 0x0000, 0x0000, 0x0000, 0x0000, 0x0000, 0x0000, 0x0000, 0x0000, 0x0000,
    0x0000, 0x0000, 0x0000, 0x0000, 0x0000, 0x0000, 0x0000, 0x0000, 0x0000, 0x0000, 0x0000, 0x0000, 0x0000, 0x0000, 0x0000, 0x0000,
    0x0000, 0x0000, 0x0000, 0x0000, 0x0000, 0x0000, 0x0000, 0x0000, 0x0000, 0x0000, 0x0000, 0x0000, 0x0000, 0x0000, 0x0000, 0x0000,
    0x0000, 0x0000, 0x0000, 0x0000, 0x0000, 0x0000, 0x0000, 0x0000, 0x0000, 0x0000, 0x0000, 0x0000, 0x0000, 0x0000, 0x0000, 0x0000,
    0x0000, 0x0000, 0x0000, 0x0000, 0x0000, 0x0000, 0x0000, 0x0000, 0x0000, 0x0000, 0x0000, 0x0000, 0x0000, 0x0000, 0x0000, 0x0000,
    0x0000, 0x0000, 0x0000, 0x0000, 0x0000, 0x0000, 0x0000, 0x0000, 0x0000, 0x0000, 0x0000, 0x0000, 0x0000, 0x0000, 0x0000, 0x0000,
    0x0000, 0x0000, 0x0000, 0x0000, 0x0000, 0x0000, 0x0000, 0x0000, 0x0000, 0x0000, 0x0000, 0x0000, 0x0000, 0x0000, 0x0000, 0x0000,
    0x0000, 0x0000, 0x0000, 0x0000, 0x0000, 0x0000, 0x0000, 0x0000, 0x0000, 0x0000, 0x0000, 0x0000, 0x0000, 0x0000, 0x0000, 0x0000,
    0x0000, 0x0000, 0x0000, 0x0000, 0x0000, 0x0000, 0x0000, 0x0000, 0x0000, 0x0000, 0x0000, 0x0000, 0x0000, 0x0000, 0x0000, 0x0000,
    0x0000, 0x0000, 0x0000, 0x0000, 0x0000, 0x0000, 0x0000, 0x0000, 0x0000, 0x0000, 0x0000, 0x0000, 0x0000, 0x0000, 0x0000, 0x0000,
    0x0000, 0x0000, 0x0000, 0x0000, 0x0000, 0x2944, 0x6B4C, 0x6B4C, 0x6B4C, 0x6B4C, 0x6B4C, 0x6B4C, 0x6B4C, 0x6B4C, 0x6B4C, 0x6B4C,
    0x0000, 0x0000, 0x0000, 0x0020, 0x18E3, 0x630B, 0xBDF6, 0xBDF6, 0xBDF6, 0xBDF6, 0xBDF6, 0xBDF6, 0xBDF6, 0xBDF6, 0xBDF6, 0xBDF6,
    0x0000, 0x0000, 0x0000, 0x18E3, 0x738C, 0xB595, 0xEF5C, 0xEF5C, 0xEF5C, 0xEF5C, 0xEF5C, 0xEF5C, 0xEF5C, 0xEF5C, 0xEF5C, 0xEF5C
};

const short poke_mart_interior_tile_2[TILE_SIZE * TILE_SIZE] = {
    0x0000, 0x0000, 0x0000, 0x0000, 0x0000, 0x0000, 0x0000, 0x0000, 0x0000, 0x0000, 0x0000, 0x0000, 0x0000, 0x0000, 0x0000, 0x0000,
    0x0000, 0x0000, 0x0000, 0x0000, 0x0000, 0x0000, 0x0000, 0x0000, 0x0000, 0x0000, 0x0000, 0x0000, 0x0000, 0x0000, 0x0000, 0x0000,
    0x0000, 0x0000, 0x0000, 0x0000, 0x0000, 0x0000, 0x0000, 0x0000, 0x0000, 0x0000, 0x0000, 0x0000, 0x0000, 0x0000, 0x0000, 0x0000,
    0x0000, 0x0000, 0x0000, 0x0000, 0x0000, 0x0000, 0x0000, 0x0000, 0x0000, 0x0000, 0x0000, 0x0000, 0x0000, 0x0000, 0x0000, 0x0000,
    0x0000, 0x0000, 0x0000, 0x0000, 0x0000, 0x0000, 0x0000, 0x0000, 0x0000, 0x0000, 0x0000, 0x0000, 0x0000, 0x0000, 0x0000, 0x0000,
    0x0000, 0x0000, 0x0000, 0x0000, 0x0000, 0x0000, 0x0000, 0x0000, 0x0000, 0x0000, 0x0000, 0x0000, 0x0000, 0x0000, 0x0000, 0x0000,
    0x0000, 0x0000, 0x0000, 0x0000, 0x0000, 0x0000, 0x0000, 0x0000, 0x0000, 0x0000, 0x0000, 0x0000, 0x0000, 0x0000, 0x0000, 0x0000,
    0x0000, 0x0000, 0x0000, 0x0000, 0x0000, 0x0000, 0x0000, 0x0000, 0x0000, 0x0000, 0x0000, 0x0000, 0x0000, 0x0000, 0x0000, 0x0000,
    0x0000, 0x0000, 0x0000, 0x0000, 0x0000, 0x0000, 0x0000, 0x0000, 0x0000, 0x0000, 0x0000, 0x0000, 0x0000, 0x0000, 0x0000, 0x0000,
    0x0000, 0x0000, 0x0000, 0x0000, 0x0000, 0x0000, 0x0000, 0x0000, 0x0000, 0x0000, 0x0000, 0x0000, 0x0000, 0x0000, 0x0000, 0x0000,
    0x0000, 0x0000, 0x0000, 0x0000, 0x0000, 0x0000, 0x0000, 0x0000, 0x0000, 0x0000, 0x0000, 0x0000, 0x0000, 0x0000, 0x0000, 0x0000,
    0x0000, 0x0000, 0x0000, 0x0000, 0x0000, 0x0000, 0x0000, 0x0000, 0x0000, 0x0000, 0x0000, 0x0000, 0x0000, 0x0000, 0x0000, 0x0000,
    0x0000, 0x0000, 0x0000, 0x0000, 0x0000, 0x0000, 0x0000, 0x0000, 0x0000, 0x0000, 0x0000, 0x0000, 0x0000, 0x0000, 0x0000, 0x0000,
    0x6B4C, 0x6B4C, 0x6B4C, 0x6B4C, 0x6B4C, 0x6B4C, 0x6B4C, 0x6B4C, 0x6B4C, 0x6B4C, 0x6B4C, 0x6B4C, 0x6B4C, 0x6B4C, 0x6B4C, 0x6B4C,
    0xBDF6, 0xBDF6, 0xBDF6, 0xBDF6, 0xBDF6, 0xBDF6, 0xBDF6, 0xBDF6, 0xBDF6, 0xBDF6, 0xBDF6, 0xBDF6, 0xBDF6, 0xBDF6, 0xBDF6, 0xBDF6,
    0xEF5C, 0xEF5C, 0xEF5C, 0xEF5C, 0xEF5C, 0xEF5C, 0xEF5C, 0xEF5C, 0xEF5C, 0xEF5C, 0xEF5C, 0xEF5C, 0xEF5C, 0xEF5C, 0xEF5C, 0xEF5C
};

const short poke_mart_interior_tile_3[TILE_SIZE * TILE_SIZE] = {
    0x0000, 0x0000, 0x0000, 0x0000, 0x0000, 0x0000, 0x0000, 0x0000, 0x0000, 0x0000, 0x0000, 0x0000, 0x0000, 0x0000, 0x0000, 0x0000,
    0x0000, 0x0000, 0x0000, 0x0000, 0x0000, 0x0000, 0x0000, 0x0000, 0x0000, 0x0000, 0x0000, 0x0000, 0x0000, 0x0000, 0x0000, 0x0000,
    0x0000, 0x0000, 0x0000, 0x0000, 0x0000, 0x0000, 0x0000, 0x0000, 0x0000, 0x0000, 0x0000, 0x0000, 0x0000, 0x0000, 0x0000, 0x0000,
    0x0000, 0x0000, 0x0000, 0x0000, 0x0000, 0x0000, 0x0000, 0x0000, 0x0000, 0x0000, 0x0000, 0x0000, 0x0000, 0x0000, 0x0000, 0x0000,
    0x0000, 0x0000, 0x0000, 0x0000, 0x0000, 0x0000, 0x0000, 0x0000, 0x0000, 0x0000, 0x0000, 0x0000, 0x0000, 0x0000, 0x0000, 0x0000,
    0x0000, 0x0000, 0x0000, 0x0000, 0x0000, 0x0000, 0x0000, 0x0000, 0x0000, 0x0000, 0x0000, 0x0000, 0x0000, 0x0000, 0x0000, 0x0000,
    0x0000, 0x0000, 0x0000, 0x0000, 0x0000, 0x0000, 0x0000, 0x0000, 0x0000, 0x0000, 0x0000, 0x0000, 0x0000, 0x0000, 0x0000, 0x0000,
    0x0000, 0x0000, 0x0000, 0x0000, 0x0000, 0x0000, 0x0000, 0x0000, 0x0000, 0x0000, 0x0000, 0x0000, 0x0000, 0x0000, 0x0000, 0x0000,
    0x0000, 0x0000, 0x0000, 0x0000, 0x0000, 0x0000, 0x0000, 0x0000, 0x0000, 0x0000, 0x0000, 0x0000, 0x0000, 0x0000, 0x0000, 0x0000,
    0x0000, 0x0000, 0x0000, 0x0000, 0x0000, 0x0000, 0x0000, 0x0000, 0x0000, 0x0000, 0x0000, 0x0000, 0x0000, 0x0000, 0x0000, 0x0000,
    0x0000, 0x0000, 0x0000, 0x0000, 0x0000, 0x0000, 0x0000, 0x0000, 0x0000, 0x0000, 0x0000, 0x0000, 0x0000, 0x0000, 0x0000, 0x0000,
    0x0000, 0x0000, 0x0000, 0x0000, 0x0000, 0x0000, 0x0000, 0x0000, 0x0000, 0x0000, 0x0000, 0x0000, 0x0000, 0x0000, 0x0000, 0x0000,
    0x0000, 0x0000, 0x0000, 0x0000, 0x0000, 0x0000, 0x0000, 0x0000, 0x0000, 0x0000, 0x0000, 0x0000, 0x0000, 0x0000, 0x0000, 0x0000,
    0x6B4C, 0x6B4C, 0x6B4C, 0x6B4C, 0x6B4C, 0x6B4C, 0x6B4C, 0x6B4C, 0x6B4C, 0x6B4C, 0x6B4C, 0x6B4C, 0x6B4C, 0x6B4C, 0x6B4C, 0x6B4C,
    0xBDF6, 0xBDF6, 0xBDF6, 0xBDF6, 0xBDF6, 0xBDF6, 0xBDF6, 0xBDF6, 0xBDF6, 0xBDF6, 0xBDF6, 0xBDF6, 0xBDF6, 0xBDF6, 0xBDF6, 0xBDF6,
    0xEF5C, 0xEF5C, 0xEF5C, 0xEF5C, 0xEF5C, 0xEF5C, 0xEF5C, 0xEF5C, 0xEF5C, 0xEF5C, 0xEF5C, 0xEF5C, 0xEF5C, 0xEF5C, 0xEF5C, 0xEF5C
};

const short poke_mart_interior_tile_4[TILE_SIZE * TILE_SIZE] = {
    0x0000, 0x0000, 0x0000, 0x0000, 0x0000, 0x0000, 0x0000, 0x0000, 0x0000, 0x0000, 0x0000, 0x0000, 0x0000, 0x0000, 0x0000, 0x0000,
    0x0000, 0x0000, 0x0000, 0x0000, 0x0000, 0x0000, 0x0000, 0x0000, 0x0000, 0x0000, 0x0000, 0x0000, 0x0000, 0x0000, 0x0000, 0x0000,
    0x0000, 0x0000, 0x0000, 0x0000, 0x0000, 0x0000, 0x0000, 0x0000, 0x0000, 0x0000, 0x0000, 0x0000, 0x0000, 0x0000, 0x0000, 0x0000,
    0x0000, 0x0000, 0x0000, 0x0000, 0x0000, 0x0000, 0x0000, 0x0000, 0x0000, 0x0000, 0x0000, 0x0000, 0x0000, 0x0000, 0x0000, 0x0000,
    0x0000, 0x0000, 0x0000, 0x0000, 0x0000, 0x0000, 0x0000, 0x0000, 0x0000, 0x0000, 0x0000, 0x0000, 0x0000, 0x0000, 0x0000, 0x0000,
    0x0000, 0x0000, 0x0000, 0x0000, 0x0000, 0x0000, 0x0000, 0x0000, 0x0000, 0x0000, 0x0000, 0x0000, 0x0000, 0x0000, 0x0000, 0x0000,
    0x0000, 0x0000, 0x0000, 0x0000, 0x0000, 0x0000, 0x0000, 0x0000, 0x0000, 0x0000, 0x0000, 0x0000, 0x0000, 0x0000, 0x0000, 0x0000,
    0x0000, 0x0000, 0x0000, 0x0000, 0x0000, 0x0000, 0x0000, 0x0000, 0x0000, 0x0000, 0x0000, 0x0000, 0x0000, 0x0000, 0x0000, 0x0000,
    0x0000, 0x0000, 0x0000, 0x0000, 0x0000, 0x0000, 0x0000, 0x0000, 0x0000, 0x0000, 0x0000, 0x0000, 0x0000, 0x0000, 0x0000, 0x0000,
    0x0000, 0x0000, 0x0000, 0x0000, 0x0000, 0x0000, 0x0000, 0x0000, 0x0000, 0x0000, 0x0000, 0x0000, 0x0000, 0x0000, 0x0000, 0x0000,
    0x0000, 0x0000, 0x0000, 0x0000, 0x0000, 0x0000, 0x0000, 0x0000, 0x0000, 0x0000, 0x0000, 0x0000, 0x0000, 0x0000, 0x0000, 0x0000,
    0x0000, 0x0000, 0x0000, 0x0000, 0x0000, 0x0000, 0x0000, 0x0000, 0x0000, 0x0000, 0x0000, 0x0000, 0x0000, 0x0000, 0x0000, 0x0000,
    0x0000, 0x0000, 0x0000, 0x0000, 0x0000, 0x0000, 0x0000, 0x0000, 0x0000, 0x0000, 0x0000, 0x0000, 0x0000, 0x0000, 0x0000, 0x0000,
    0x6B4C, 0x6B4C, 0x6B4C, 0x6B4C, 0x6B4C, 0x6B4C, 0x6B4C, 0x6B4C, 0x6B4C, 0x6B4C, 0x6B4C, 0x6B4C, 0x6B4C, 0x6B4C, 0x6B4C, 0x6B4C,
    0xBDF6, 0xBDF6, 0xBDF6, 0xBDF6, 0xBDF6, 0xBDF6, 0xBDF6, 0xBDF6, 0xBDF6, 0xBDF6, 0xBDF6, 0xBDF6, 0xBDF6, 0xBDF6, 0xBDF6, 0xBDF6,
    0xEF5C, 0xEF5C, 0xEF5C, 0xEF5C, 0xEF5C, 0xEF5C, 0xEF5C, 0xEF5C, 0xEF5C, 0xEF5C, 0xEF5C, 0xEF5C, 0xEF5C, 0xEF5C, 0xEF5C, 0xEF5C
};

const short poke_mart_interior_tile_5[TILE_SIZE * TILE_SIZE] = {
    0x0000, 0x0000, 0x0000, 0x0000, 0x0000, 0x0000, 0x0000, 0x0000, 0x0000, 0x0000, 0x0000, 0x0000, 0x0000, 0x0000, 0x0000, 0x0000,
    0x0000, 0x0000, 0x0000, 0x0000, 0x0000, 0x0000, 0x0000, 0x0000, 0x0000, 0x0000, 0x0000, 0x0000, 0x0000, 0x0000, 0x0000, 0x0000,
    0x0000, 0x0000, 0x0000, 0x0000, 0x0000, 0x0000, 0x0000, 0x0000, 0x0000, 0x0000, 0x0000, 0x0000, 0x0000, 0x0000, 0x0000, 0x0000,
    0x0000, 0x0000, 0x0000, 0x0000, 0x0000, 0x0000, 0x0000, 0x0000, 0x0000, 0x0000, 0x0000, 0x0000, 0x0000, 0x0000, 0x0000, 0x0000,
    0x0000, 0x0000, 0x0000, 0x0000, 0x0000, 0x0000, 0x0000, 0x0000, 0x0000, 0x0000, 0x0000, 0x0000, 0x0000, 0x0000, 0x0000, 0x0000,
    0x0000, 0x0000, 0x0000, 0x0000, 0x0000, 0x0000, 0x0000, 0x0000, 0x0000, 0x0000, 0x0000, 0x0000, 0x0000, 0x0000, 0x0000, 0x0000,
    0x0000, 0x0000, 0x0000, 0x0000, 0x0000, 0x0000, 0x0000, 0x0000, 0x0000, 0x0000, 0x0000, 0x0000, 0x0000, 0x0000, 0x0000, 0x0000,
    0x0000, 0x0000, 0x0000, 0x0000, 0x0000, 0x0000, 0x0000, 0x0000, 0x0000, 0x0000, 0x0000, 0x0000, 0x0000, 0x0000, 0x0000, 0x0000,
    0x0000, 0x0000, 0x0000, 0x0000, 0x0000, 0x0000, 0x0000, 0x0000, 0x0000, 0x0000, 0x0000, 0x0000, 0x0000, 0x0000, 0x0000, 0x0000,
    0x0000, 0x0000, 0x0000, 0x0000, 0x0000, 0x0000, 0x0000, 0x0000, 0x0000, 0x0000, 0x0000, 0x0000, 0x0000, 0x0000, 0x0000, 0x0000,
    0x0000, 0x0000, 0x0000, 0x0000, 0x0000, 0x0000, 0x0000, 0x0000, 0x0000, 0x0000, 0x0000, 0x0000, 0x0000, 0x0000, 0x0000, 0x0000,
    0x0000, 0x0000, 0x0000, 0x0000, 0x0000, 0x0000, 0x0000, 0x0000, 0x0000, 0x0000, 0x0000, 0x0000, 0x0000, 0x0000, 0x0000, 0x0000,
    0x0000, 0x0000, 0x0000, 0x0000, 0x0000, 0x0000, 0x0000, 0x0000, 0x0000, 0x0000, 0x0000, 0x0000, 0x0000, 0x0000, 0x0000, 0x0000,
    0x6B4C, 0x6B4C, 0x6B4C, 0x6B4C, 0x6B4C, 0x6B4C, 0x6B4C, 0x6B4C, 0x6B4C, 0x6B4C, 0x6B4C, 0x6B4C, 0x6B4C, 0x6B4C, 0x6B4C, 0x6B4C,
    0xBDF6, 0xBDF6, 0xBDF6, 0xBDF6, 0xBDF6, 0xBDF6, 0xBDF6, 0xBDF6, 0xBDF6, 0xBDF6, 0xBDF6, 0xBDF6, 0xBDF6, 0xBDF6, 0xBDF6, 0xBDF6,
    0xEF5C, 0xEF5C, 0xEF5C, 0xEF5C, 0xEF5C, 0xEF5C, 0xEF5C, 0xEF5C, 0xEF5C, 0xEF5C, 0xEF5C, 0xEF5C, 0xEF5C, 0xEF5C, 0xEF5C, 0xEF5C
};

const short poke_mart_interior_tile_6[TILE_SIZE * TILE_SIZE] = {
    0x0000, 0x0000, 0x0000, 0x0000, 0x0000, 0x0000, 0x0000, 0x0000, 0x0000, 0x0000, 0x0000, 0x0000, 0x0000, 0x0000, 0x0000, 0x0000,
    0x0000, 0x0000, 0x0000, 0x0000, 0x0000, 0x0000, 0x0000, 0x0000, 0x0000, 0x0000, 0x0000, 0x0000, 0x0000, 0x0000, 0x0000, 0x0000,
    0x0000, 0x0000, 0x0000, 0x0000, 0x0000, 0x0000, 0x0000, 0x0000, 0x0000, 0x0000, 0x0000, 0x0000, 0x0000, 0x0000, 0x0000, 0x0000,
    0x0000, 0x0000, 0x0000, 0x0000, 0x0000, 0x0000, 0x0000, 0x0000, 0x0000, 0x0000, 0x0000, 0x0000, 0x0000, 0x0000, 0x0000, 0x0000,
    0x0000, 0x0000, 0x0000, 0x0000, 0x0000, 0x0000, 0x0000, 0x0000, 0x0000, 0x0000, 0x0000, 0x0000, 0x0000, 0x0000, 0x0000, 0x0000,
    0x0000, 0x0000, 0x0000, 0x0000, 0x0000, 0x0000, 0x0000, 0x0000, 0x0000, 0x0000, 0x0000, 0x0000, 0x0000, 0x0000, 0x0000, 0x0000,
    0x0000, 0x0000, 0x0000, 0x0000, 0x0000, 0x0000, 0x0000, 0x0000, 0x0000, 0x0000, 0x0000, 0x0000, 0x0000, 0x0000, 0x0000, 0x0000,
    0x0000, 0x0000, 0x0000, 0x0000, 0x0000, 0x0000, 0x0000, 0x0000, 0x0000, 0x0000, 0x0000, 0x0000, 0x0000, 0x0000, 0x0000, 0x0000,
    0x0000, 0x0000, 0x0000, 0x0000, 0x0000, 0x0000, 0x0000, 0x0000, 0x0000, 0x0000, 0x0000, 0x0000, 0x0000, 0x0000, 0x0000, 0x0000,
    0x0000, 0x0000, 0x0000, 0x0000, 0x0000, 0x0000, 0x0000, 0x0000, 0x0000, 0x0000, 0x0000, 0x0000, 0x0000, 0x0000, 0x0000, 0x0000,
    0x0000, 0x0000, 0x0000, 0x0000, 0x0000, 0x0000, 0x0000, 0x0000, 0x0000, 0x0000, 0x0000, 0x0000, 0x0000, 0x0000, 0x0000, 0x0000,
    0x0000, 0x0000, 0x0000, 0x0000, 0x0000, 0x0000, 0x0000, 0x0000, 0x0000, 0x0000, 0x0000, 0x0000, 0x0000, 0x0000, 0x0000, 0x0000,
    0x0000, 0x0000, 0x0000, 0x0000, 0x0000, 0x0000, 0x0000, 0x0000, 0x0000, 0x0000, 0x0000, 0x0000, 0x0000, 0x0000, 0x0000, 0x0000,
    0x6B4C, 0x6B4C, 0x6B4C, 0x6B4C, 0x6B4C, 0x6B4C, 0x6B4C, 0x6B4C, 0x6B4C, 0x6B4C, 0x6B4C, 0x6B4C, 0x6B4C, 0x6B4C, 0x6B4C, 0x6B4C,
    0xBDF6, 0xBDF6, 0xBDF6, 0xBDF6, 0xBDF6, 0xBDF6, 0xBDF6, 0xBDF6, 0xBDF6, 0xBDF6, 0xBDF6, 0xBDF6, 0xBDF6, 0xBDF6, 0xBDF6, 0xBDF6,
    0xEF5C, 0xEF5C, 0xEF5C, 0xEF5C, 0xEF5C, 0xEF5C, 0xEF5C, 0xEF5C, 0xEF5C, 0xEF5C, 0xEF5C, 0xEF5C, 0xEF5C, 0xEF5C, 0xEF5C, 0xEF5C
};

const short poke_mart_interior_tile_7[TILE_SIZE * TILE_SIZE] = {
    0x0000, 0x0000, 0x0000, 0x0000, 0x0000, 0x0000, 0x0000, 0x0000, 0x0000, 0x0000, 0x0000, 0x0000, 0x0000, 0x0000, 0x0000, 0x0000,
    0x0000, 0x0000, 0x0000, 0x0000, 0x0000, 0x0000, 0x0000, 0x0000, 0x0000, 0x0000, 0x0000, 0x0000, 0x0000, 0x0000, 0x0000, 0x0000,
    0x0000, 0x0000, 0x0000, 0x0000, 0x0000, 0x0000, 0x0000, 0x0000, 0x0000, 0x0000, 0x0000, 0x0000, 0x0000, 0x0000, 0x0000, 0x0000,
    0x0000, 0x0000, 0x0000, 0x0000, 0x0000, 0x0000, 0x0000, 0x0000, 0x0000, 0x0000, 0x0000, 0x0000, 0x0000, 0x0000, 0x0000, 0x0000,
    0x0000, 0x0000, 0x0000, 0x0000, 0x0000, 0x0000, 0x0000, 0x0000, 0x0000, 0x0000, 0x0000, 0x0000, 0x0000, 0x0000, 0x0000, 0x0000,
    0x0000, 0x0000, 0x0000, 0x0000, 0x0000, 0x0000, 0x0000, 0x0000, 0x0000, 0x0000, 0x0000, 0x0000, 0x0000, 0x0000, 0x0000, 0x0000,
    0x0000, 0x0000, 0x0000, 0x0000, 0x0000, 0x0000, 0x0000, 0x0000, 0x0000, 0x0000, 0x0000, 0x0000, 0x0000, 0x0000, 0x0000, 0x0000,
    0x0000, 0x0000, 0x0000, 0x0000, 0x0000, 0x0000, 0x0000, 0x0000, 0x0000, 0x0000, 0x0000, 0x0000, 0x0000, 0x0000, 0x0000, 0x0000,
    0x0000, 0x0000, 0x0000, 0x0000, 0x0000, 0x0000, 0x0000, 0x0000, 0x0000, 0x0000, 0x0000, 0x0000, 0x0000, 0x0000, 0x0000, 0x0000,
    0x0000, 0x0000, 0x0000, 0x0000, 0x0000, 0x0000, 0x0000, 0x0000, 0x0000, 0x0000, 0x0000, 0x0000, 0x0000, 0x0000, 0x0000, 0x0000,
    0x0000, 0x0000, 0x0000, 0x0000, 0x0000, 0x0000, 0x0000, 0x0000, 0x0000, 0x0000, 0x0000, 0x0000, 0x0000, 0x0000, 0x0000, 0x0000,
    0x0000, 0x0000, 0x0000, 0x0000, 0x0000, 0x0000, 0x0000, 0x0000, 0x0000, 0x0000, 0x0000, 0x0000, 0x0000, 0x0000, 0x0000, 0x0000,
    0x0000, 0x0000, 0x0000, 0x0000, 0x0000, 0x0000, 0x0000, 0x0000, 0x0000, 0x0000, 0x0000, 0x0000, 0x0000, 0x0000, 0x0000, 0x0000,
    0x6B4C, 0x6B4C, 0x6B4C, 0x6B4C, 0x6B4C, 0x6B4C, 0x6B4C, 0x6B4C, 0x6B4C, 0x6B4C, 0x6B4C, 0x6B4C, 0x6B4C, 0x6B4C, 0x6B4C, 0x6B4C,
    0xBDF6, 0xBDF6, 0xBDF6, 0xBDF6, 0xBDF6, 0xBDF6, 0xBDF6, 0xBDF6, 0xBDF6, 0xBDF6, 0xBDF6, 0xBDF6, 0xBDF6, 0xBDF6, 0xBDF6, 0xBDF6,
    0xEF5C, 0xEF5C, 0xEF5C, 0xEF5C, 0xEF5C, 0xEF5C, 0xEF5C, 0xEF5C, 0xEF5C, 0xEF5C, 0xEF5C, 0xEF5C, 0xEF5C, 0xEF5C, 0xEF5C, 0xEF5C
};

const short poke_mart_interior_tile_8[TILE_SIZE * TILE_SIZE] = {
    0x0000, 0x0000, 0x0000, 0x0000, 0x0000, 0x0000, 0x0000, 0x0000, 0x0000, 0x0000, 0x0000, 0x0000, 0x0000, 0x0000, 0x0000, 0x0000,
    0x0000, 0x0000, 0x0000, 0x0000, 0x0000, 0x0000, 0x0000, 0x0000, 0x0000, 0x0000, 0x0000, 0x0000, 0x0000, 0x0000, 0x0000, 0x0000,
    0x0000, 0x0000, 0x0000, 0x0000, 0x0000, 0x0000, 0x0000, 0x0000, 0x0000, 0x0000, 0x0000, 0x0000, 0x0000, 0x0000, 0x0000, 0x0000,
    0x0000, 0x0000, 0x0000, 0x0000, 0x0000, 0x0000, 0x0000, 0x0000, 0x0000, 0x0000, 0x0000, 0x0000, 0x0000, 0x0000, 0x0000, 0x0000,
    0x0000, 0x0000, 0x0000, 0x0000, 0x0000, 0x0000, 0x0000, 0x0000, 0x0000, 0x0000, 0x0000, 0x0000, 0x0000, 0x0000, 0x0000, 0x0000,
    0x0000, 0x0000, 0x0000, 0x0000, 0x0000, 0x0000, 0x0000, 0x0000, 0x0000, 0x0000, 0x0000, 0x0000, 0x0000, 0x0000, 0x0000, 0x0000,
    0x0000, 0x0000, 0x0000, 0x0000, 0x0000, 0x0000, 0x0000, 0x0000, 0x0000, 0x0000, 0x0000, 0x0000, 0x0000, 0x0000, 0x0000, 0x0000,
    0x0000, 0x0000, 0x0000, 0x0000, 0x0000, 0x0000, 0x0000, 0x0000, 0x0000, 0x0000, 0x0000, 0x0000, 0x0000, 0x0000, 0x0000, 0x0000,
    0x0000, 0x0000, 0x0000, 0x0000, 0x0000, 0x0000, 0x0000, 0x0000, 0x0000, 0x0000, 0x0000, 0x0000, 0x0000, 0x0000, 0x0000, 0x0000,
    0x0000, 0x0000, 0x0000, 0x0000, 0x0000, 0x0000, 0x0000, 0x0000, 0x0000, 0x0000, 0x0000, 0x0000, 0x0000, 0x0000, 0x0000, 0x0000,
    0x0000, 0x0000, 0x0000, 0x0000, 0x0000, 0x0000, 0x0000, 0x0000, 0x0000, 0x0000, 0x0000, 0x0000, 0x0000, 0x0000, 0x0000, 0x0000,
    0x0000, 0x0000, 0x0000, 0x0000, 0x0000, 0x0000, 0x0000, 0x0000, 0x0000, 0x0000, 0x0000, 0x0000, 0x0000, 0x0000, 0x0000, 0x0000,
    0x0000, 0x0000, 0x0000, 0x0000, 0x0000, 0x0000, 0x0000, 0x0000, 0x0000, 0x0000, 0x0000, 0x0000, 0x0000, 0x0000, 0x0000, 0x0000,
    0x6B4C, 0x6B4C, 0x6B4C, 0x6B4C, 0x6B4C, 0x6B4C, 0x6B4C, 0x6B4C, 0x6B4C, 0x6B4C, 0x6B4C, 0x6B4C, 0x6B4C, 0x6B4C, 0x6B4C, 0x6B4C,
    0xBDF6, 0xBDF6, 0xBDF6, 0xBDF6, 0xBDF6, 0xBDF6, 0xBDF6, 0xBDF6, 0xBDF6, 0xBDF6, 0xBDF6, 0xBDF6, 0xBDF6, 0xBDF6, 0xBDF6, 0xBDF6,
    0xEF5C, 0xEF5C, 0xEF5C, 0xEF5C, 0xEF5C, 0xEF5C, 0xEF5C, 0xEF5C, 0xEF5C, 0xEF5C, 0xEF5C, 0xEF5C, 0xEF5C, 0xEF5C, 0xEF5C, 0xEF5C
};

const short poke_mart_interior_tile_9[TILE_SIZE * TILE_SIZE] = {
    0x0000, 0x0000, 0x0000, 0x0000, 0x0000, 0x0000, 0x0000, 0x0000, 0x0000, 0x0000, 0x0000, 0x0000, 0x0000, 0x0000, 0x0000, 0x0000,
    0x0000, 0x0000, 0x0000, 0x0000, 0x0000, 0x0000, 0x0000, 0x0000, 0x0000, 0x0000, 0x0000, 0x0000, 0x0000, 0x0000, 0x0000, 0x0000,
    0x0000, 0x0000, 0x0000, 0x0000, 0x0000, 0x0000, 0x0000, 0x0000, 0x0000, 0x0000, 0x0000, 0x0000, 0x0000, 0x0000, 0x0000, 0x0000,
    0x0000, 0x0000, 0x0000, 0x0000, 0x0000, 0x0000, 0x0000, 0x0000, 0x0000, 0x0000, 0x0000, 0x0000, 0x0000, 0x0000, 0x0000, 0x0000,
    0x0000, 0x0000, 0x0000, 0x0000, 0x0000, 0x0000, 0x0000, 0x0000, 0x0000, 0x0000, 0x0000, 0x0000, 0x0000, 0x0000, 0x0000, 0x0000,
    0x0000, 0x0000, 0x0000, 0x0000, 0x0000, 0x0000, 0x0000, 0x0000, 0x0000, 0x0000, 0x0000, 0x0000, 0x0000, 0x0000, 0x0000, 0x0000,
    0x0000, 0x0000, 0x0000, 0x0000, 0x0000, 0x0000, 0x0000, 0x0000, 0x0000, 0x0000, 0x0000, 0x0000, 0x0000, 0x0000, 0x0000, 0x0000,
    0x0000, 0x0000, 0x0000, 0x0000, 0x0000, 0x0000, 0x0000, 0x0000, 0x0000, 0x0000, 0x0000, 0x0000, 0x0000, 0x0000, 0x0000, 0x0000,
    0x0000, 0x0000, 0x0000, 0x0000, 0x0000, 0x0000, 0x0000, 0x0000, 0x0000, 0x0000, 0x0000, 0x0000, 0x0000, 0x0000, 0x0000, 0x0000,
    0x0000, 0x0000, 0x0000, 0x0000, 0x0000, 0x0000, 0x0000, 0x0000, 0x0000, 0x0000, 0x0000, 0x0000, 0x0000, 0x0000, 0x0000, 0x0000,
    0x0000, 0x0000, 0x0000, 0x0000, 0x0000, 0x0000, 0x0000, 0x0000, 0x0000, 0x0000, 0x0000, 0x0000, 0x0000, 0x0000, 0x0000, 0x0000,
    0x0000, 0x0000, 0x0000, 0x0000, 0x0000, 0x0000, 0x0000, 0x0000, 0x0000, 0x0000, 0x0000, 0x0000, 0x0000, 0x0000, 0x0000, 0x0000,
    0x0000, 0x0000, 0x0000, 0x0000, 0x0000, 0x0000, 0x0000, 0x0000, 0x0000, 0x0000, 0x0000, 0x0000, 0x0000, 0x0000, 0x0000, 0x0000,
    0x6B4C, 0x6B4C, 0x6B4C, 0x6B4C, 0x6B4C, 0x6B4C, 0x6B4C, 0x6B4C, 0x6B4C, 0x6B4C, 0x6B4C, 0x6B4C, 0x6B4C, 0x6B4C, 0x6B4C, 0x6B4C,
    0xBDF6, 0xBDF6, 0xBDF6, 0xBDF6, 0xBDF6, 0xBDF6, 0xBDF6, 0xBDF6, 0xBDF6, 0xBDF6, 0xBDF6, 0xBDF6, 0xBDF6, 0xBDF6, 0xBDF6, 0xBDF6,
    0xEF5C, 0xEF5C, 0xEF5C, 0xEF5C, 0xEF5C, 0xEF5C, 0xEF5C, 0xEF5C, 0xEF5C, 0xEF5C, 0xEF5C, 0xEF5C, 0xEF5C, 0xEF5C, 0xEF5C, 0xEF5C
};

const short poke_mart_interior_tile_10[TILE_SIZE * TILE_SIZE] = {
    0x0000, 0x0000, 0x0000, 0x0000, 0x0000, 0x0000, 0x0000, 0x0000, 0x0000, 0x0000, 0x0000, 0x0000, 0x0000, 0x0000, 0x0000, 0x0000,
    0x0000, 0x0000, 0x0000, 0x0000, 0x0000, 0x0000, 0x0000, 0x0000, 0x0000, 0x0000, 0x0000, 0x0000, 0x0000, 0x0000, 0x0000, 0x0000,
    0x0000, 0x0000, 0x0000, 0x0000, 0x0000, 0x0000, 0x0000, 0x0000, 0x0000, 0x0000, 0x0000, 0x0000, 0x0000, 0x0000, 0x0000, 0x0000,
    0x0000, 0x0000, 0x0000, 0x0000, 0x0000, 0x0000, 0x0000, 0x0000, 0x0000, 0x0000, 0x0000, 0x0000, 0x0000, 0x0000, 0x0000, 0x0000,
    0x0000, 0x0000, 0x0000, 0x0000, 0x0000, 0x0000, 0x0000, 0x0000, 0x0000, 0x0000, 0x0000, 0x0000, 0x0000, 0x0000, 0x0000, 0x0000,
    0x0000, 0x0000, 0x0000, 0x0000, 0x0000, 0x0000, 0x0000, 0x0000, 0x0000, 0x0000, 0x0000, 0x0000, 0x0000, 0x0000, 0x0000, 0x0000,
    0x0000, 0x0000, 0x0000, 0x0000, 0x0000, 0x0000, 0x0000, 0x0000, 0x0000, 0x0000, 0x0000, 0x0000, 0x0000, 0x0000, 0x0000, 0x0000,
    0x0000, 0x0000, 0x0000, 0x0000, 0x0000, 0x0000, 0x0000, 0x0000, 0x0000, 0x0000, 0x0000, 0x0000, 0x0000, 0x0000, 0x0000, 0x0000,
    0x0000, 0x0000, 0x0000, 0x0000, 0x0000, 0x0000, 0x0000, 0x0000, 0x0000, 0x0000, 0x0000, 0x0000, 0x0000, 0x0000, 0x0000, 0x0000,
    0x0000, 0x0000, 0x0000, 0x0000, 0x0000, 0x0000, 0x0000, 0x0000, 0x0000, 0x0000, 0x0000, 0x0000, 0x0000, 0x0000, 0x0000, 0x0000,
    0x0000, 0x0000, 0x0000, 0x0000, 0x0000, 0x0000, 0x0000, 0x0000, 0x0000, 0x0000, 0x0000, 0x0000, 0x0000, 0x0000, 0x0000, 0x0000,
    0x0000, 0x0000, 0x0000, 0x0000, 0x0000, 0x0000, 0x0000, 0x0000, 0x0000, 0x0000, 0x0000, 0x0000, 0x0000, 0x0000, 0x0000, 0x0000,
    0x0000, 0x0000, 0x0000, 0x0000, 0x0000, 0x0000, 0x0000, 0x0000, 0x0000, 0x0000, 0x0000, 0x0000, 0x0000, 0x0000, 0x0000, 0x0000,
    0x6B4C, 0x6B4C, 0x6B4C, 0x6B4C, 0x6B4C, 0x6B4C, 0x6B4C, 0x6B4C, 0x6B4C, 0x6B4C, 0x6B4C, 0x6B4C, 0x6B4C, 0x6B4C, 0x6B4C, 0x6B4C,
    0xBDF6, 0xBDF6, 0xBDF6, 0xBDF6, 0xBDF6, 0xBDF6, 0xBDF6, 0xBDF6, 0xBDF6, 0xBDF6, 0xBDF6, 0xBDF6, 0xBDF6, 0xBDF6, 0xBDF6, 0xBDF6,
    0xEF5C, 0xEF5C, 0xEF5C, 0xEF5C, 0xEF5C, 0xEF5C, 0xEF5C, 0xEF5C, 0xEF5C, 0xEF5C, 0xEF5C, 0xEF5C, 0xEF5C, 0xEF5C, 0xEF5C, 0xEF5C
};

const short poke_mart_interior_tile_11[TILE_SIZE * TILE_SIZE] = {
    0x0000, 0x0000, 0x0000, 0x0000, 0x0000, 0x0000, 0x0000, 0x0000, 0x0000, 0x0000, 0x0000, 0x0000, 0x0000, 0x0000, 0x0000, 0x0000,
    0x0000, 0x0000, 0x0000, 0x0000, 0x0000, 0x0000, 0x0000, 0x0000, 0x0000, 0x0000, 0x0000, 0x0000, 0x0000, 0x0000, 0x0000, 0x0000,
    0x0000, 0x0000, 0x0000, 0x0000, 0x0000, 0x0000, 0x0000, 0x0000, 0x0000, 0x0000, 0x0000, 0x0000, 0x0000, 0x0000, 0x0000, 0x0000,
    0x0000, 0x0000, 0x0000, 0x0000, 0x0000, 0x0000, 0x0000, 0x0000, 0x0000, 0x0000, 0x0000, 0x0000, 0x0000, 0x0000, 0x0000, 0x0000,
    0x0000, 0x0000, 0x0000, 0x0000, 0x0000, 0x0000, 0x0000, 0x0000, 0x0000, 0x0000, 0x0000, 0x0000, 0x0000, 0x0000, 0x0000, 0x0000,
    0x0000, 0x0000, 0x0000, 0x0000, 0x0000, 0x0000, 0x0000, 0x0000, 0x0000, 0x0000, 0x0000, 0x0000, 0x0000, 0x0000, 0x0000, 0x0000,
    0x0000, 0x0000, 0x0000, 0x0000, 0x0000, 0x0000, 0x0000, 0x0000, 0x0000, 0x0000, 0x0000, 0x0000, 0x0000, 0x0000, 0x0000, 0x0000,
    0x0000, 0x0000, 0x0000, 0x0000, 0x0000, 0x0000, 0x0000, 0x0000, 0x0000, 0x0000, 0x0000, 0x0000, 0x0000, 0x0000, 0x0000, 0x0000,
    0x0000, 0x0000, 0x0000, 0x0000, 0x0000, 0x0000, 0x0000, 0x0000, 0x0000, 0x0000, 0x0000, 0x0000, 0x0000, 0x0000, 0x0000, 0x0000,
    0x0000, 0x0000, 0x0000, 0x0000, 0x0000, 0x0000, 0x0000, 0x0000, 0x0000, 0x0000, 0x0000, 0x0000, 0x0000, 0x0000, 0x0000, 0x0000,
    0x0000, 0x0000, 0x0000, 0x0000, 0x0000, 0x0000, 0x0000, 0x0000, 0x0000, 0x0000, 0x0000, 0x0000, 0x0000, 0x0000, 0x0000, 0x0000,
    0x0000, 0x0000, 0x0000, 0x0000, 0x0000, 0x0000, 0x0000, 0x0000, 0x0000, 0x0000, 0x0000, 0x0000, 0x0000, 0x0000, 0x0000, 0x0000,
    0x0000, 0x0000, 0x0000, 0x0000, 0x0000, 0x0000, 0x0000, 0x0000, 0x0000, 0x0000, 0x0000, 0x0000, 0x0000, 0x0000, 0x0000, 0x0000,
    0x6B4C, 0x6B4C, 0x6B4C, 0x6B4C, 0x6B4C, 0x6B4C, 0x6B4C, 0x6B4C, 0x6B4C, 0x6B4C, 0x6B4C, 0x6B4C, 0x6B4C, 0x6B4C, 0x6B4C, 0x6B4C,
    0xBDF6, 0xBDF6, 0xBDF6, 0xBDF6, 0xBDF6, 0xBDF6, 0xBDF6, 0xBDF6, 0xBDF6, 0xBDF6, 0xBDF6, 0xBDF6, 0xBDF6, 0xBDF6, 0xBDF6, 0xBDF6,
    0xEF5C, 0xEF5C, 0xEF5C, 0xEF5C, 0xEF5C, 0xEF5C, 0xEF5C, 0xEF5C, 0xEF5C, 0xEF5C, 0xEF5C, 0xEF5C, 0xEF5C, 0xEF5C, 0xEF5C, 0xEF5C
};

const short poke_mart_interior_tile_12[TILE_SIZE * TILE_SIZE] = {
    0x0000, 0x0000, 0x0000, 0x0000, 0x0000, 0x0000, 0x0000, 0x0000, 0x0000, 0x0000, 0x0000, 0x0000, 0x0000, 0x0000, 0x0000, 0x0000,
    0x0000, 0x0000, 0x0000, 0x0000, 0x0000, 0x0000, 0x0000, 0x0000, 0x0000, 0x0000, 0x0000, 0x0000, 0x0000, 0x0000, 0x0000, 0x0000,
    0x0000, 0x0000, 0x0000, 0x0000, 0x0000, 0x0000, 0x0000, 0x0000, 0x0000, 0x0000, 0x0000, 0x0000, 0x0000, 0x0000, 0x0000, 0x0000,
    0x0000, 0x0000, 0x0000, 0x0000, 0x0000, 0x0000, 0x0000, 0x0000, 0x0000, 0x0000, 0x0000, 0x0000, 0x0000, 0x0000, 0x0000, 0x0000,
    0x0000, 0x0000, 0x0000, 0x0000, 0x0000, 0x0000, 0x0000, 0x0000, 0x0000, 0x0000, 0x0000, 0x0000, 0x0000, 0x0000, 0x0000, 0x0000,
    0x0000, 0x0000, 0x0000, 0x0000, 0x0000, 0x0000, 0x0000, 0x0000, 0x0000, 0x0000, 0x0000, 0x0000, 0x0000, 0x0000, 0x0000, 0x0000,
    0x0000, 0x0000, 0x0000, 0x0000, 0x0000, 0x0000, 0x0000, 0x0000, 0x0000, 0x0000, 0x0000, 0x0000, 0x0000, 0x0000, 0x0000, 0x0000,
    0x0000, 0x0000, 0x0000, 0x0000, 0x0000, 0x0000, 0x0000, 0x0000, 0x0000, 0x0000, 0x0000, 0x0000, 0x0000, 0x0000, 0x0000, 0x0000,
    0x0000, 0x0000, 0x0000, 0x0000, 0x0000, 0x0000, 0x0000, 0x0000, 0x0000, 0x0000, 0x0000, 0x0000, 0x0000, 0x0000, 0x0000, 0x0000,
    0x0000, 0x0000, 0x0000, 0x0000, 0x0000, 0x0000, 0x0000, 0x0000, 0x0000, 0x0000, 0x0000, 0x0000, 0x0000, 0x0000, 0x0000, 0x0000,
    0x0000, 0x0000, 0x0000, 0x0000, 0x0000, 0x0000, 0x0000, 0x0000, 0x0000, 0x0000, 0x0000, 0x0000, 0x0000, 0x0000, 0x0000, 0x0000,
    0x0000, 0x0000, 0x0000, 0x0000, 0x0000, 0x0000, 0x0000, 0x0000, 0x0000, 0x0000, 0x0000, 0x0000, 0x0000, 0x0000, 0x0000, 0x0000,
    0x0000, 0x0000, 0x0000, 0x0000, 0x0000, 0x0000, 0x0000, 0x0000, 0x0000, 0x0000, 0x0000, 0x0000, 0x0000, 0x0000, 0x0000, 0x0000,
    0x6B4C, 0x6B4C, 0x6B4C, 0x6B4C, 0x6B4C, 0x6B4C, 0x6B4C, 0x6B4C, 0x6B4C, 0x6B4C, 0x6B4C, 0x6B4C, 0x6B4C, 0x6B4C, 0x6B4C, 0x6B4C,
    0xBDF6, 0xBDF6, 0xBDF6, 0xBDF6, 0xBDF6, 0xBDF6, 0xBDF6, 0xBDF6, 0xBDF6, 0xBDF6, 0xBDF6, 0xBDF6, 0xBDF6, 0xBDF6, 0xBDF6, 0xBDF6,
    0xEF5C, 0xEF5C, 0xEF5C, 0xEF5C, 0xEF5C, 0xEF5C, 0xEF5C, 0xEF5C, 0xEF5C, 0xEF5C, 0xEF5C, 0xEF5C, 0xEF5C, 0xEF5C, 0xEF5C, 0xEF5C
};

const short poke_mart_interior_tile_13[TILE_SIZE * TILE_SIZE] = {
    0x0000, 0x0000, 0x0000, 0x0000, 0x0000, 0x0000, 0x0000, 0x0000, 0x0000, 0x0000, 0x0000, 0x0000, 0x0000, 0x0000, 0x0000, 0x0000,
    0x0000, 0x0000, 0x0000, 0x0000, 0x0000, 0x0000, 0x0000, 0x0000, 0x0000, 0x0000, 0x0000, 0x0000, 0x0000, 0x0000, 0x0000, 0x0000,
    0x0000, 0x0000, 0x0000, 0x0000, 0x0000, 0x0000, 0x0000, 0x0000, 0x0000, 0x0000, 0x0000, 0x0000, 0x0000, 0x0000, 0x0000, 0x0000,
    0x0000, 0x0000, 0x0000, 0x0000, 0x0000, 0x0000, 0x0000, 0x0000, 0x0000, 0x0000, 0x0000, 0x0000, 0x0000, 0x0000, 0x0000, 0x0000,
    0x0000, 0x0000, 0x0000, 0x0000, 0x0000, 0x0000, 0x0000, 0x0000, 0x0000, 0x0000, 0x0000, 0x0000, 0x0000, 0x0000, 0x0000, 0x0000,
    0x0000, 0x0000, 0x0000, 0x0000, 0x0000, 0x0000, 0x0000, 0x0000, 0x0000, 0x0000, 0x0000, 0x0000, 0x0000, 0x0000, 0x0000, 0x0000,
    0x0000, 0x0000, 0x0000, 0x0000, 0x0000, 0x0000, 0x0000, 0x0000, 0x0000, 0x0000, 0x0000, 0x0000, 0x0000, 0x0000, 0x0000, 0x0000,
    0x0000, 0x0000, 0x0000, 0x0000, 0x0000, 0x0000, 0x0000, 0x0000, 0x0000, 0x0000, 0x0000, 0x0000, 0x0000, 0x0000, 0x0000, 0x0000,
    0x0000, 0x0000, 0x0000, 0x0000, 0x0000, 0x0000, 0x0000, 0x0000, 0x0000, 0x0000, 0x0000, 0x0000, 0x0000, 0x0000, 0x0000, 0x0000,
    0x0000, 0x0000, 0x0000, 0x0000, 0x0000, 0x0000, 0x0000, 0x0000, 0x0000, 0x0000, 0x0000, 0x0000, 0x0000, 0x0000, 0x0000, 0x0000,
    0x0000, 0x0000, 0x0000, 0x0000, 0x0000, 0x0000, 0x0000, 0x0000, 0x0000, 0x0000, 0x0000, 0x0000, 0x0000, 0x0000, 0x0000, 0x0000,
    0x0000, 0x0000, 0x0000, 0x0000, 0x0000, 0x0000, 0x0000, 0x0000, 0x0000, 0x0000, 0x0000, 0x0000, 0x0000, 0x0000, 0x0000, 0x0000,
    0x0000, 0x0000, 0x0000, 0x0000, 0x0000, 0x0000, 0x0000, 0x0000, 0x0000, 0x0000, 0x0000, 0x0000, 0x0000, 0x0000, 0x0000, 0x0000,
    0x6B4C, 0x6B4C, 0x6B4C, 0x6B4C, 0x6B4C, 0x6B4C, 0x6B4C, 0x6B4C, 0x6B4C, 0x6B4C, 0x6B4C, 0x6B4C, 0x6B4C, 0x6B4C, 0x6B4C, 0x6B4C,
    0xBDF6, 0xBDF6, 0xBDF6, 0xBDF6, 0xBDF6, 0xBDF6, 0xBDF6, 0xBDF6, 0xBDF6, 0xBDF6, 0xBDF6, 0xBDF6, 0xBDF6, 0xBDF6, 0xBDF6, 0xBDF6,
    0xEF5C, 0xEF5C, 0xEF5C, 0xEF5C, 0xEF5C, 0xEF5C, 0xEF5C, 0xEF5C, 0xEF5C, 0xEF5C, 0xEF5C, 0xEF5C, 0xEF5C, 0xEF5C, 0xEF5C, 0xEF5C
};

const short poke_mart_interior_tile_14[TILE_SIZE * TILE_SIZE] = {
    0x0000, 0x0000, 0x0000, 0x0000, 0x0000, 0x0000, 0x0000, 0x0000, 0x0000, 0x0000, 0x0000, 0x0000, 0x0000, 0x0000, 0x0000, 0x0000,
    0x0000, 0x0000, 0x0000, 0x0000, 0x0000, 0x0000, 0x0000, 0x0000, 0x0000, 0x0000, 0x0000, 0x0000, 0x0000, 0x0000, 0x0000, 0x0000,
    0x0000, 0x0000, 0x0000, 0x0000, 0x0000, 0x0000, 0x0000, 0x0000, 0x0000, 0x0000, 0x0000, 0x0000, 0x0000, 0x0000, 0x0000, 0x0000,
    0x0000, 0x0000, 0x0000, 0x0000, 0x0000, 0x0000, 0x0000, 0x0000, 0x0000, 0x0000, 0x0000, 0x0000, 0x0000, 0x0000, 0x0000, 0x0000,
    0x0000, 0x0000, 0x0000, 0x0000, 0x0000, 0x0000, 0x0000, 0x0000, 0x0000, 0x0000, 0x0000, 0x0000, 0x0000, 0x0000, 0x0000, 0x0000,
    0x0000, 0x0000, 0x0000, 0x0000, 0x0000, 0x0000, 0x0000, 0x0000, 0x0000, 0x0000, 0x0000, 0x0000, 0x0000, 0x0000, 0x0000, 0x0000,
    0x0000, 0x0000, 0x0000, 0x0000, 0x0000, 0x0000, 0x0000, 0x0000, 0x0000, 0x0000, 0x0000, 0x0000, 0x0000, 0x0000, 0x0000, 0x0000,
    0x0000, 0x0000, 0x0000, 0x0000, 0x0000, 0x0000, 0x0000, 0x0000, 0x0000, 0x0000, 0x0000, 0x0000, 0x0000, 0x0000, 0x0000, 0x0000,
    0x0000, 0x0000, 0x0000, 0x0000, 0x0000, 0x0000, 0x0000, 0x0000, 0x0000, 0x0000, 0x0000, 0x0000, 0x0000, 0x0000, 0x0000, 0x0000,
    0x0000, 0x0000, 0x0000, 0x0000, 0x0000, 0x0000, 0x0000, 0x0000, 0x0000, 0x0000, 0x0000, 0x0000, 0x0000, 0x0000, 0x0000, 0x0000,
    0x0000, 0x0000, 0x0000, 0x0000, 0x0000, 0x0000, 0x0000, 0x0000, 0x0000, 0x0000, 0x0000, 0x0000, 0x0000, 0x0000, 0x0000, 0x0000,
    0x0000, 0x0000, 0x0000, 0x0000, 0x0000, 0x0000, 0x0000, 0x0000, 0x0000, 0x0000, 0x0000, 0x0000, 0x0000, 0x0000, 0x0000, 0x0000,
    0x0000, 0x0000, 0x0000, 0x0000, 0x0000, 0x0000, 0x0000, 0x0000, 0x0000, 0x0000, 0x0000, 0x0000, 0x0000, 0x0000, 0x0000, 0x0000,
    0x6B4C, 0x6B4C, 0x6B4C, 0x6B4C, 0x6B4C, 0x6B4C, 0x6B4C, 0x6B4C, 0x6B4C, 0x6B4C, 0x6B4C, 0x6B4C, 0x6B4C, 0x6B4C, 0x6B4C, 0x6B4C,
    0xBDF6, 0xBDF6, 0xBDF6, 0xBDF6, 0xBDF6, 0xBDF6, 0xBDF6, 0xBDF6, 0xBDF6, 0xBDF6, 0xBDF6, 0xBDF6, 0xBDF6, 0xBDF6, 0xBDF6, 0xBDF6,
    0xEF5C, 0xEF5C, 0xEF5C, 0xEF5C, 0xEF5C, 0xEF5C, 0xEF5C, 0xEF5C, 0xEF5C, 0xEF5C, 0xEF5C, 0xEF5C, 0xEF5C, 0xEF5C, 0xEF5C, 0xEF5C
};

const short poke_mart_interior_tile_15[TILE_SIZE * TILE_SIZE] = {
    0x0000, 0x0000, 0x0000, 0x0000, 0x0000, 0x0000, 0x0000, 0x0000, 0x0000, 0x0000, 0x0000, 0x0000, 0x0000, 0x0000, 0x0000, 0x0000,
    0x0000, 0x0000, 0x0000, 0x0000, 0x0000, 0x0000, 0x0000, 0x0000, 0x0000, 0x0000, 0x0000, 0x0000, 0x0000, 0x0000, 0x0000, 0x0000,
    0x0000, 0x0000, 0x0000, 0x0000, 0x0000, 0x0000, 0x0000, 0x0000, 0x0000, 0x0000, 0x0000, 0x0000, 0x0000, 0x0000, 0x0000, 0x0000,
    0x0000, 0x0000, 0x0000, 0x0000, 0x0000, 0x0000, 0x0000, 0x0000, 0x0000, 0x0000, 0x0000, 0x0000, 0x0000, 0x0000, 0x0000, 0x0000,
    0x0000, 0x0000, 0x0000, 0x0000, 0x0000, 0x0000, 0x0000, 0x0000, 0x0000, 0x0000, 0x0000, 0x0000, 0x0000, 0x0000, 0x0000, 0x0000,
    0x0000, 0x0000, 0x0000, 0x0000, 0x0000, 0x0000, 0x0000, 0x0000, 0x0000, 0x0000, 0x0000, 0x0000, 0x0000, 0x0000, 0x0000, 0x0000,
    0x0000, 0x0000, 0x0000, 0x0000, 0x0000, 0x0000, 0x0000, 0x0000, 0x0000, 0x0000, 0x0000, 0x0000, 0x0000, 0x0000, 0x0000, 0x0000,
    0x0000, 0x0000, 0x0000, 0x0000, 0x0000, 0x0000, 0x0000, 0x0000, 0x0000, 0x0000, 0x0000, 0x0000, 0x0000, 0x0000, 0x0000, 0x0000,
    0x0000, 0x0000, 0x0000, 0x0000, 0x0000, 0x0000, 0x0000, 0x0000, 0x0000, 0x0000, 0x0000, 0x0000, 0x0000, 0x0000, 0x0000, 0x0000,
    0x0000, 0x0000, 0x0000, 0x0000, 0x0000, 0x0000, 0x0000, 0x0000, 0x0000, 0x0000, 0x0000, 0x0000, 0x0000, 0x0000, 0x0000, 0x0000,
    0x0000, 0x0000, 0x0000, 0x0000, 0x0000, 0x0000, 0x0000, 0x0000, 0x0000, 0x0000, 0x0000, 0x0000, 0x0000, 0x0000, 0x0000, 0x0000,
    0x0000, 0x0000, 0x0000, 0x0000, 0x0000, 0x0000, 0x0000, 0x0000, 0x0000, 0x0000, 0x0000, 0x0000, 0x0000, 0x0000, 0x0000, 0x0000,
    0x0000, 0x0000, 0x0000, 0x0000, 0x0000, 0x0000, 0x0000, 0x0000, 0x0000, 0x0000, 0x0000, 0x0000, 0x0000, 0x0000, 0x0000, 0x0000,
    0x6B4C, 0x6B4C, 0x6B4C, 0x6B4C, 0x6B4C, 0x6B4C, 0x6B4C, 0x6B4C, 0x6B4C, 0x6B4C, 0x6B4C, 0x6B4C, 0x6B4C, 0x6B4C, 0x6B4C, 0x6B4C,
    0xBDF6, 0xBDF6, 0xBDF6, 0xBDF6, 0xBDF6, 0xBDF6, 0xBDF6, 0xBDF6, 0xBDF6, 0xBDF6, 0xBDF6, 0xBDF6, 0xBDF6, 0xBDF6, 0xBDF6, 0xBDF6,
    0xEF5C, 0xEF5C, 0xEF5C, 0xEF5C, 0xEF5C, 0xEF5C, 0xEF5C, 0xEF5C, 0xEF5C, 0xEF5C, 0xEF5C, 0xEF5C, 0xEF5C, 0xEF5C, 0xEF5C, 0xEF5C
};

const short poke_mart_interior_tile_16[TILE_SIZE * TILE_SIZE] = {
    0x0000, 0x0000, 0x0000, 0x0000, 0x0000, 0x0000, 0x0000, 0x0000, 0x0000, 0x0000, 0x0000, 0x0000, 0x0000, 0x0000, 0x0000, 0x0000,
    0x0000, 0x0000, 0x0000, 0x0000, 0x0000, 0x0000, 0x0000, 0x0000, 0x0000, 0x0000, 0x0000, 0x0000, 0x0000, 0x0000, 0x0000, 0x0000,
    0x0000, 0x0000, 0x0000, 0x0000, 0x0000, 0x0000, 0x0000, 0x0000, 0x0000, 0x0000, 0x0000, 0x0000, 0x0000, 0x0000, 0x0000, 0x0000,
    0x0000, 0x0000, 0x0000, 0x0000, 0x0000, 0x0000, 0x0000, 0x0000, 0x0000, 0x0000, 0x0000, 0x0000, 0x0000, 0x0000, 0x0000, 0x0000,
    0x0000, 0x0000, 0x0000, 0x0000, 0x0000, 0x0000, 0x0000, 0x0000, 0x0000, 0x0000, 0x0000, 0x0000, 0x0000, 0x0000, 0x0000, 0x0000,
    0x0000, 0x0000, 0x0000, 0x0000, 0x0000, 0x0000, 0x0000, 0x0000, 0x0000, 0x0000, 0x0000, 0x0000, 0x0000, 0x0000, 0x0000, 0x0000,
    0x0000, 0x0000, 0x0000, 0x0000, 0x0000, 0x0000, 0x0000, 0x0000, 0x0000, 0x0000, 0x0000, 0x0000, 0x0000, 0x0000, 0x0000, 0x0000,
    0x0000, 0x0000, 0x0000, 0x0000, 0x0000, 0x0000, 0x0000, 0x0000, 0x0000, 0x0000, 0x0000, 0x0000, 0x0000, 0x0000, 0x0000, 0x0000,
    0x0000, 0x0000, 0x0000, 0x0000, 0x0000, 0x0000, 0x0000, 0x0000, 0x0000, 0x0000, 0x0000, 0x0000, 0x0000, 0x0000, 0x0000, 0x0000,
    0x0000, 0x0000, 0x0000, 0x0000, 0x0000, 0x0000, 0x0000, 0x0000, 0x0000, 0x0000, 0x0000, 0x0000, 0x0000, 0x0000, 0x0000, 0x0000,
    0x0000, 0x0000, 0x0000, 0x0000, 0x0000, 0x0000, 0x0000, 0x0000, 0x0000, 0x0000, 0x0000, 0x0000, 0x0000, 0x0000, 0x0000, 0x0000,
    0x0000, 0x0000, 0x0000, 0x0000, 0x0000, 0x0000, 0x0000, 0x0000, 0x0000, 0x0000, 0x0000, 0x0000, 0x0000, 0x0000, 0x0000, 0x0000,
    0x0000, 0x0000, 0x0000, 0x0000, 0x0000, 0x0000, 0x0000, 0x0000, 0x0000, 0x0000, 0x0000, 0x0000, 0x0000, 0x0000, 0x0000, 0x0000,
    0x6B4C, 0x6B4C, 0x6B4C, 0x6B4C, 0x6B4C, 0x6B4C, 0x6B4C, 0x6B4C, 0x6B4C, 0x6B4C, 0x6B4C, 0x6B4C, 0x6B4C, 0x6B4C, 0x6B4C, 0x6B4C,
    0xBDF6, 0xBDF6, 0xBDF6, 0xBDF6, 0xBDF6, 0xBDF6, 0xBDF6, 0xBDF6, 0xBDF6, 0xBDF6, 0xBDF6, 0xBDF6, 0xBDF6, 0xBDF6, 0xBDF6, 0xBDF6,
    0xEF5C, 0xEF5C, 0xEF5C, 0xEF5C, 0xEF5C, 0xEF5C, 0xEF5C, 0xEF5C, 0xEF5C, 0xEF5C, 0xEF5C, 0xEF5C, 0xEF5C, 0xEF5C, 0xEF5C, 0xEF5C
};

const short poke_mart_interior_tile_17[TILE_SIZE * TILE_SIZE] = {
    0x0000, 0x0000, 0x0000, 0x0000, 0x0000, 0x0000, 0x0000, 0x0000, 0x0000, 0x0000, 0x0000, 0x0000, 0x0000, 0x0000, 0x0000, 0x0000,
    0x0000, 0x0000, 0x0000, 0x0000, 0x0000, 0x0000, 0x0000, 0x0000, 0x0000, 0x0000, 0x0000, 0x0000, 0x0000, 0x0000, 0x0000, 0x0000,
    0x0000, 0x0000, 0x0000, 0x0000, 0x0000, 0x0000, 0x0000, 0x0000, 0x0000, 0x0000, 0x0000, 0x0000, 0x0000, 0x0000, 0x0000, 0x0000,
    0x0000, 0x0000, 0x0000, 0x0000, 0x0000, 0x0000, 0x0000, 0x0000, 0x0000, 0x0000, 0x0000, 0x0000, 0x0000, 0x0000, 0x0000, 0x0000,
    0x0000, 0x0000, 0x0000, 0x0000, 0x0000, 0x0000, 0x0000, 0x0000, 0x0000, 0x0000, 0x0000, 0x0000, 0x0000, 0x0000, 0x0000, 0x0000,
    0x0000, 0x0000, 0x0000, 0x0000, 0x0000, 0x0000, 0x0000, 0x0000, 0x0000, 0x0000, 0x0000, 0x0000, 0x0000, 0x0000, 0x0000, 0x0000,
    0x0000, 0x0000, 0x0000, 0x0000, 0x0000, 0x0000, 0x0000, 0x0000, 0x0000, 0x0000, 0x0000, 0x0000, 0x0000, 0x0000, 0x0000, 0x0000,
    0x0000, 0x0000, 0x0000, 0x0000, 0x0000, 0x0000, 0x0000, 0x0000, 0x0000, 0x0000, 0x0000, 0x0000, 0x0000, 0x0000, 0x0000, 0x0000,
    0x0000, 0x0000, 0x0000, 0x0000, 0x0000, 0x0000, 0x0000, 0x0000, 0x0000, 0x0000, 0x0000, 0x0000, 0x0000, 0x0000, 0x0000, 0x0000,
    0x0000, 0x0000, 0x0000, 0x0000, 0x0000, 0x0000, 0x0000, 0x0000, 0x0000, 0x0000, 0x0000, 0x0000, 0x0000, 0x0000, 0x0000, 0x0000,
    0x0000, 0x0000, 0x0000, 0x0000, 0x0000, 0x0000, 0x0000, 0x0000, 0x0000, 0x0000, 0x0000, 0x0000, 0x0000, 0x0000, 0x0000, 0x0000,
    0x0000, 0x0000, 0x0000, 0x0000, 0x0000, 0x0000, 0x0000, 0x0000, 0x0000, 0x0000, 0x0000, 0x0000, 0x0000, 0x0000, 0x0000, 0x0000,
    0x0000, 0x0000, 0x0000, 0x0000, 0x0000, 0x0000, 0x0000, 0x0000, 0x0000, 0x0000, 0x0000, 0x0000, 0x0000, 0x0000, 0x0000, 0x0000,
    0x6B4C, 0x6B4C, 0x6B4C, 0x6B4C, 0x6B4C, 0x6B4C, 0x6B4C, 0x6B4C, 0x6B4C, 0x6B4C, 0x6B4C, 0x6B4C, 0x6B4C, 0x6B4C, 0x6B4C, 0x6B4C,
    0xBDF6, 0xBDF6, 0xBDF6, 0xBDF6, 0xBDF6, 0xBDF6, 0xBDF6, 0xBDF6, 0xBDF6, 0xBDF6, 0xBDF6, 0xBDF6, 0xBDF6, 0xBDF6, 0xBDF6, 0xBDF6,
    0xEF5C, 0xEF5C, 0xEF5C, 0xEF5C, 0xEF5C, 0xEF5C, 0xEF5C, 0xEF5C, 0xEF5C, 0xEF5C, 0xEF5C, 0xEF5C, 0xEF5C, 0xEF5C, 0xEF5C, 0xEF5C
};

const short poke_mart_interior_tile_18[TILE_SIZE * TILE_SIZE] = {
    0x0000, 0x0000, 0x0000, 0x0000, 0x0000, 0x0000, 0x0000, 0x0000, 0x0000, 0x0000, 0x0000, 0x0000, 0x0000, 0x0000, 0x0000, 0x0000,
    0x0000, 0x0000, 0x0000, 0x0000, 0x0000, 0x0000, 0x0000, 0x0000, 0x0000, 0x0000, 0x0000, 0x0000, 0x0000, 0x0000, 0x0000, 0x0000,
    0x0000, 0x0000, 0x0000, 0x0000, 0x0000, 0x0000, 0x0000, 0x0000, 0x0000, 0x0000, 0x0000, 0x0000, 0x0000, 0x0000, 0x0000, 0x0000,
    0x0000, 0x0000, 0x0000, 0x0000, 0x0000, 0x0000, 0x0000, 0x0000, 0x0000, 0x0000, 0x0000, 0x0000, 0x0000, 0x0000, 0x0000, 0x0000,
    0x0000, 0x0000, 0x0000, 0x0000, 0x0000, 0x0000, 0x0000, 0x0000, 0x0000, 0x0000, 0x0000, 0x0000, 0x0000, 0x0000, 0x0000, 0x0000,
    0x0000, 0x0000, 0x0000, 0x0000, 0x0000, 0x0000, 0x0000, 0x0000, 0x0000, 0x0000, 0x0000, 0x0000, 0x0000, 0x0000, 0x0000, 0x0000,
    0x0000, 0x0000, 0x0000, 0x0000, 0x0000, 0x0000, 0x0000, 0x0000, 0x0000, 0x0000, 0x0000, 0x0000, 0x0000, 0x0000, 0x0000, 0x0000,
    0x0000, 0x0000, 0x0000, 0x0000, 0x0000, 0x0000, 0x0000, 0x0000, 0x0000, 0x0000, 0x0000, 0x0000, 0x0000, 0x0000, 0x0000, 0x0000,
    0x0000, 0x0000, 0x0000, 0x0000, 0x0000, 0x0000, 0x0000, 0x0000, 0x0000, 0x0000, 0x0000, 0x0000, 0x0000, 0x0000, 0x0000, 0x0000,
    0x0000, 0x0000, 0x0000, 0x0000, 0x0000, 0x0000, 0x0000, 0x0000, 0x0000, 0x0000, 0x0000, 0x0000, 0x0000, 0x0000, 0x0000, 0x0000,
    0x0000, 0x0000, 0x0000, 0x0000, 0x0000, 0x0000, 0x0000, 0x0000, 0x0000, 0x0000, 0x0000, 0x0000, 0x0000, 0x0000, 0x0000, 0x0000,
    0x0000, 0x0000, 0x0000, 0x0000, 0x0000, 0x0000, 0x0000, 0x0000, 0x0000, 0x0000, 0x0000, 0x0000, 0x0000, 0x0000, 0x0000, 0x0000,
    0x0000, 0x0000, 0x0000, 0x0000, 0x0000, 0x0000, 0x0000, 0x0000, 0x0000, 0x0000, 0x0000, 0x0000, 0x0000, 0x0000, 0x0000, 0x0000,
    0x6B4C, 0x6B4C, 0x6B4C, 0x6B4C, 0x6B4C, 0x6B4C, 0x6B4C, 0x6B4C, 0x6B4C, 0x6B4C, 0x2944, 0x0000, 0x0000, 0x0000, 0x0000, 0x0000,
    0xBDF6, 0xBDF6, 0xBDF6, 0xBDF6, 0xBDF6, 0xBDF6, 0xBDF6, 0xBDF6, 0xBDF6, 0xBDF6, 0x630B, 0x18E3, 0x0020, 0x0000, 0x0000, 0x0000,
    0xEF5C, 0xEF5C, 0xEF5C, 0xEF5C, 0xEF5C, 0xEF5C, 0xEF5C, 0xEF5C, 0xEF5C, 0xEF5C, 0xB595, 0x738C, 0x18E3, 0x0000, 0x0000, 0x0000
};

const short poke_mart_interior_tile_19[TILE_SIZE * TILE_SIZE] = {
    0x0000, 0x0000, 0x0000, 0x0000, 0x0000, 0x0000, 0x0000, 0x0000, 0x0000, 0x0000, 0x0000, 0x0000, 0x0000, 0x0000, 0x0000, 0x0000,
    0x0000, 0x0000, 0x0000, 0x0000, 0x0000, 0x0000, 0x0000, 0x0000, 0x0000, 0x0000, 0x0000, 0x0000, 0x0000, 0x0000, 0x0000, 0x0000,
    0x0000, 0x0000, 0x0000, 0x0000, 0x0000, 0x0000, 0x0000, 0x0000, 0x0000, 0x0000, 0x0000, 0x0000, 0x0000, 0x0000, 0x0000, 0x0000,
    0x0000, 0x0000, 0x0000, 0x0000, 0x0000, 0x0000, 0x0000, 0x0000, 0x0000, 0x0000, 0x0000, 0x0000, 0x0000, 0x0000, 0x0000, 0x0000,
    0x0000, 0x0000, 0x0000, 0x0000, 0x0000, 0x0000, 0x0000, 0x0000, 0x0000, 0x0000, 0x0000, 0x0000, 0x0000, 0x0000, 0x0000, 0x0000,
    0x0000, 0x0000, 0x0000, 0x0000, 0x0000, 0x0000, 0x0000, 0x0000, 0x0000, 0x0000, 0x0000, 0x0000, 0x0000, 0x0000, 0x0000, 0x0000,
    0x0000, 0x0000, 0x0000, 0x0000, 0x0000, 0x0000, 0x0000, 0x0000, 0x0000, 0x0000, 0x0000, 0x0000, 0x0000, 0x0000, 0x0000, 0x0000,
    0x0000, 0x0000, 0x0000, 0x0000, 0x0000, 0x0000, 0x0000, 0x0000, 0x0000, 0x0000, 0x0000, 0x0000, 0x0000, 0x0000, 0x0000, 0x0000,
    0x0000, 0x0000, 0x0000, 0x0000, 0x0000, 0x0000, 0x0000, 0x0000, 0x0000, 0x0000, 0x0000, 0x0000, 0x0000, 0x0000, 0x0000, 0x0000,
    0x0000, 0x0000, 0x0000, 0x0000, 0x0000, 0x0000, 0x0000, 0x0000, 0x0000, 0x0000, 0x0000, 0x0000, 0x0000, 0x0000, 0x0000, 0x0000,
    0x0000, 0x0000, 0x0000, 0x0000, 0x0000, 0x0000, 0x0000, 0x0000, 0x0000, 0x0000, 0x0000, 0x0000, 0x0000, 0x0000, 0x0000, 0x0000,
    0x0000, 0x0000, 0x0000, 0x0000, 0x0000, 0x0000, 0x0000, 0x0000, 0x0000, 0x0000, 0x0000, 0x0000, 0x0000, 0x0000, 0x0000, 0x0000,
    0x0000, 0x0000, 0x0000, 0x0000, 0x0000, 0x0000, 0x0000, 0x0000, 0x0000, 0x0000, 0x0000, 0x0000, 0x0000, 0x0000, 0x0000, 0x0000,
    0x0000, 0x0000, 0x0000, 0x0000, 0x0000, 0x0000, 0x0000, 0x0000, 0x0000, 0x0000, 0x0000, 0x0000, 0x0000, 0x0000, 0x0000, 0x0000,
    0x0000, 0x0000, 0x0000, 0x0000, 0x0000, 0x0000, 0x0000, 0x0000, 0x0000, 0x0000, 0x0000, 0x0000, 0x0000, 0x0000, 0x0000, 0x0000,
    0x0000, 0x0000, 0x0000, 0x0000, 0x0000, 0x0000, 0x0000, 0x0000, 0x0000, 0x0000, 0x0000, 0x0000, 0x0000, 0x0000, 0x0000, 0x0000
};

const short poke_mart_interior_tile_20[TILE_SIZE * TILE_SIZE] = {
    0x0000, 0x0000, 0x0000, 0x0000, 0x0000, 0x0000, 0x0000, 0x0000, 0x0000, 0x0000, 0x0000, 0x0000, 0x0000, 0x0000, 0x0000, 0x0000,
    0x0000, 0x0000, 0x0000, 0x0000, 0x0000, 0x0000, 0x0000, 0x0000, 0x0000, 0x0000, 0x0000, 0x0000, 0x0000, 0x0000, 0x0000, 0x0000,
    0x0000, 0x0000, 0x0000, 0x0000, 0x0000, 0x0000, 0x0000, 0x0000, 0x0000, 0x0000, 0x0000, 0x0000, 0x0000, 0x0000, 0x0000, 0x0000,
    0x0000, 0x0000, 0x0000, 0x0000, 0x0000, 0x0000, 0x0000, 0x0000, 0x0000, 0x0000, 0x0000, 0x0000, 0x0000, 0x0000, 0x0020, 0x18E3,
    0x0000, 0x0000, 0x0000, 0x0000, 0x0000, 0x0000, 0x0000, 0x0000, 0x0000, 0x0000, 0x0000, 0x0000, 0x0000, 0x0000, 0x18E3, 0x738C,
    0x0000, 0x0000, 0x0000, 0x0000, 0x0000, 0x0000, 0x0000, 0x0000, 0x0000, 0x0000, 0x0000, 0x0000, 0x0000, 0x2944, 0x630B, 0xB595,
    0x0000, 0x0000, 0x0000, 0x0000, 0x0000, 0x0000, 0x0000, 0x0000, 0x0000, 0x0000, 0x0000, 0x0000, 0x0000, 0x6B4C, 0xBDF6, 0xEF5C,
    0x0000, 0x0000, 0x0000, 0x0000, 0x0000, 0x0000, 0x0000, 0x0000, 0x0000, 0x0000, 0x0000, 0x0000, 0x0000, 0x8430, 0xE71B, 0xF79E,
    0x0000, 0x0000, 0x0000, 0x0000, 0x0000, 0x0000, 0x0000, 0x0000, 0x0000, 0x0000, 0x0000, 0x0000, 0x0000, 0x94B2, 0xFFDF, 0xFFDF,
    0x0000, 0x0000, 0x0000, 0x0000, 0x0000, 0x0000, 0x0000, 0x0000, 0x0000, 0x0000, 0x0000, 0x0000, 0x0000, 0x94B2, 0xFFDF, 0xFFDF,
    0x0000, 0x0000, 0x0000, 0x0000, 0x0000, 0x0000, 0x0000, 0x0000, 0x0000, 0x0000, 0x0000, 0x0000, 0x0000, 0x94B2, 0xFFDF, 0xFFDF,
    0x0000, 0x0000, 0x0000, 0x0000, 0x0000, 0x0000, 0x0000, 0x0000, 0x0000, 0x0000, 0x0000, 0x0000, 0x0000, 0x94B2, 0xFFDF, 0xFFDF,
    0x0000, 0x0000, 0x0000, 0x0000, 0x0000, 0x0000, 0x0000, 0x0000, 0x0000, 0x0000, 0x0000, 0x0000, 0x0000, 0x94B2, 0xFFDF, 0xFFDF,
    0x0000, 0x0000, 0x0000, 0x0000, 0x0000, 0x0000, 0x0000, 0x0000, 0x0000, 0x0000, 0x0000, 0x0000, 0x0000, 0x94B2, 0xFFDF, 0xFFDF,
    0x0000, 0x0000, 0x0000, 0x0000, 0x0000, 0x0000, 0x0000, 0x0000, 0x0000, 0x0000, 0x0000, 0x0000, 0x0000, 0x94B2, 0xFFDF, 0xFFDF,
    0x0000, 0x0000, 0x0000, 0x0000, 0x0000, 0x0000, 0x0000, 0x0000, 0x0000, 0x0000, 0x0000, 0x0000, 0x0000, 0x94B2, 0xEFBE, 0xD75D
};

const short poke_mart_interior_tile_21[TILE_SIZE * TILE_SIZE] = {
    0x0000, 0x0000, 0x2944, 0x630B, 0xB595, 0xDEFB, 0xFFDF, 0xFFDF, 0xFFDF, 0xFFDF, 0xFFDF, 0xFFDF, 0xFFDF, 0xFFDF, 0xFFDF, 0xFFDF,
    0x0000, 0x0000, 0x6B4C, 0xBDF6, 0xEF5C, 0xFFDF, 0xFFDF, 0xFFDF, 0xFFDF, 0xFFDF, 0xFFDF, 0xFFDF, 0xFFDF, 0xFFDF, 0xFFDF, 0xFFDF,
    0x2944, 0x6B4C, 0xAD74, 0xE71B, 0xF79E, 0xFFDF, 0xFFDF, 0xFFDF, 0xFFDF, 0xFFDF, 0xFFDF, 0xFFDF, 0xFFDF, 0xFFDF, 0xFFDF, 0xFFDF,
    0x630B, 0xBDF6, 0xE71B, 0xFFDF, 0xFFDF, 0xFFDF, 0xFFDF, 0xFFDF, 0xFFDF, 0xFFDF, 0xEFBE, 0xE79E, 0xE79E, 0xE79E, 0xE79E, 0xE79E,
    0xB595, 0xEF5C, 0xF79E, 0xFFDF, 0xFFDF, 0xFFDF, 0xFFDF, 0xFFDF, 0xFFDF, 0xFFDF, 0xD75D, 0x9EDB, 0x9EDB, 0x9EDB, 0x9EDB, 0x9EDB,
    0xDEFB, 0xFFDF, 0xFFDF, 0xFFDF, 0xFFDF, 0xFFDF, 0xFFDF, 0xFFDF, 0xEFBE, 0xD75D, 0xB6FC, 0x8E9B, 0x8E9B, 0x8E9B, 0x8E9B, 0x8E9B,
    0xFFDF, 0xFFDF, 0xFFDF, 0xFFDF, 0xFFDF, 0xFFDF, 0xFFDF, 0xFFDF, 0xE79E, 0x9EDB, 0x8E9B, 0x8E9B, 0x8E9B, 0x8E9B, 0x8E9B, 0x8E9B,
    0xFFDF, 0xFFDF, 0xFFDF, 0xFFDF, 0xFFDF, 0xFFDF, 0xFFDF, 0xCF5D, 0xAEDB, 0x8E38, 0x8639, 0x8E9B, 0x8E9B, 0x8E9B, 0x8E9B, 0x8E9B,
    0xFFDF, 0xFFDF, 0xFFDF, 0xFFDF, 0xFFDF, 0xEFBE, 0xE79E, 0xAEDB, 0x8639, 0x85B6, 0x85F8, 0x8E9B, 0x8E9B, 0x8E9B, 0x8E9B, 0x8E9B,
    0xFFDF, 0xFFDF, 0xFFDF, 0xFFDF, 0xFFDF, 0xD75D, 0x9EDB, 0x8E38, 0x85B6, 0x8596, 0x85F8, 0x8E9B, 0x8E9B, 0x8E9B, 0x8E9B, 0x8E9B,
    0xFFDF, 0xFFDF, 0xFFDF, 0xEFBE, 0xD75D, 0xAEDB, 0x8619, 0x85D7, 0x8596, 0x8596, 0x7D55, 0x74F5, 0x74F5, 0x74F5, 0x74F5, 0x74F5,
    0xFFDF, 0xFFDF, 0xFFDF, 0xE79E, 0x9EDB, 0x8619, 0x8596, 0x8596, 0x8596, 0x8596, 0x6C52, 0x528D, 0x528D, 0x528D, 0x528D, 0x528D,
    0xFFDF, 0xFFDF, 0xCF5D, 0xAEDB, 0x8E38, 0x85D7, 0x8596, 0x8596, 0x7D34, 0x6C11, 0x7C52, 0x9D14, 0x9D14, 0x9D14, 0x9D14, 0x9D14,
    0xEFBE, 0xE79E, 0xAEDB, 0x8639, 0x85B6, 0x8596, 0x8596, 0x7D34, 0x7493, 0x636F, 0x8C93, 0xD6DA, 0xD6DA, 0xD6DA, 0xD6DA, 0xD6DA,
    0xD75D, 0x9EDB, 0x8E38, 0x85B6, 0x8596, 0x8596, 0x8596, 0x6C11, 0x636F, 0x8C91, 0xB5B5, 0xD6DA, 0xD6DA, 0xD6DA, 0xD6DA, 0xD6DA,
    0xAEDB, 0x8619, 0x85D7, 0x8596, 0x8596, 0x7D14, 0x6C52, 0x73F0, 0x8410, 0xA533, 0xC637, 0xE73C, 0xE73C, 0xE73C, 0xE73C, 0xE73C
};

const short poke_mart_interior_tile_22[TILE_SIZE * TILE_SIZE] = {
    0xFFDF, 0xFFDF, 0xFFDF, 0xFFDF, 0xFFDF, 0xFFDF, 0xFFDF, 0xFFDF, 0xFFDF, 0xFFDF, 0xFFDF, 0xFFDF, 0xFFDF, 0xFFDF, 0xFFDF, 0xFFDF,
    0xFFDF, 0xFFDF, 0xFFDF, 0xFFDF, 0xFFDF, 0xFFDF, 0xFFDF, 0xFFDF, 0xFFDF, 0xFFDF, 0xFFDF, 0xFFDF, 0xFFDF, 0xFFDF, 0xFFDF, 0xFFDF,
    0xFFDF, 0xFFDF, 0xFFDF, 0xFFDF, 0xFFDF, 0xFFDF, 0xFFDF, 0xFFDF, 0xFFDF, 0xFFDF, 0xFFDF, 0xFFDF, 0xFFDF, 0xFFDF, 0xFFDF, 0xFFDF,
    0xE79E, 0xE79E, 0xE79E, 0xE79E, 0xE79E, 0xE79E, 0xE79E, 0xE79E, 0xE79E, 0xE79E, 0xE79E, 0xE79E, 0xE79E, 0xE79E, 0xE79E, 0xE79E,
    0x9EDB, 0x9EDB, 0x9EDB, 0x9EDB, 0x9EDB, 0x9EDB, 0x9EDB, 0x9EDB, 0x9EDB, 0x9EDB, 0x9EDB, 0x9EDB, 0x9EDB, 0x9EDB, 0x9EDB, 0x9EDB,
    0x8E9B, 0x8E9B, 0x8E9B, 0x8E9B, 0x8E9B, 0x8E9B, 0x8E9B, 0x8E9B, 0x8E9B, 0x8E9B, 0x8E9B, 0x8E9B, 0x8E9B, 0x8E9B, 0x8E9B, 0x8E9B,
    0x8E9B, 0x8E9B, 0x8E9B, 0x8E9B, 0x8E9B, 0x8E9B, 0x8E9B, 0x8E9B, 0x8E9B, 0x8E9B, 0x8E9B, 0x8E9B, 0x8E9B, 0x8E9B, 0x8E9B, 0x8E9B,
    0x8E9B, 0x8E9B, 0x8E9B, 0x8E9B, 0x8E9B, 0x8E9B, 0x8E9B, 0x8E9B, 0x8E9B, 0x8E9B, 0x8E9B, 0x8E9B, 0x8E9B, 0x8E9B, 0x8E9B, 0x8E9B,
    0x8E9B, 0x8E9B, 0x8E9B, 0x8E9B, 0x8E9B, 0x8E9B, 0x8E9B, 0x8E9B, 0x8E9B, 0x8E9B, 0x8E9B, 0x8E9B, 0x8E9B, 0x8E9B, 0x8E9B, 0x8E9B,
    0x8E9B, 0x8E9B, 0x8E9B, 0x8E9B, 0x8E9B, 0x8E9B, 0x8E9B, 0x8E9B, 0x8E9B, 0x8E9B, 0x8E9B, 0x8E9B, 0x8E9B, 0x8E9B, 0x8E9B, 0x8E9B,
    0x74F5, 0x74F5, 0x74F5, 0x74F5, 0x74F5, 0x74F5, 0x74F5, 0x74F5, 0x74F5, 0x74F5, 0x74F5, 0x74F5, 0x74F5, 0x74F5, 0x74F5, 0x74F5,
    0x528D, 0x528D, 0x528D, 0x528D, 0x528D, 0x528D, 0x528D, 0x528D, 0x528D, 0x528D, 0x528D, 0x528D, 0x528D, 0x528D, 0x528D, 0x528D,
    0x9D14, 0x9D14, 0x9D14, 0x9D14, 0x9D14, 0x9D14, 0x9D14, 0x9D14, 0x9D14, 0x9D14, 0x9D14, 0x9D14, 0x9D14, 0x9D14, 0x9D14, 0x9D14,
    0xD6DA, 0xD6DA, 0xD6DA, 0xD6DA, 0xD6DA, 0xD6DA, 0xD6DA, 0xD6DA, 0xD6DA, 0xD6DA, 0xD6DA, 0xD6DA, 0xD6DA, 0xD6DA, 0xC679, 0xB5F7,
    0xD6DA, 0xD6DA, 0xD6DA, 0xD6DA, 0xD6DA, 0xD6DA, 0xD6DA, 0xD6DA, 0xD6DA, 0xD6DA, 0xD6DA, 0xD6DA, 0xD6DA, 0xD6DA, 0xA575, 0x6B4F,
    0xE73C, 0xE73C, 0xE73C, 0xE73C, 0xE73C, 0xE73C, 0xE73C, 0xE73C, 0xE73C, 0xE73C, 0xE73C, 0xE73C, 0xD6BA, 0xAD76, 0x9CF4, 0x9494
};

const short poke_mart_interior_tile_23[TILE_SIZE * TILE_SIZE] = {
    0xFFDF, 0xFFDF, 0xFFDF, 0xFFDF, 0xFFDF, 0xFFDF, 0xFFDF, 0xFFDF, 0xFFDF, 0xFFDF, 0xFFDF, 0xFFDF, 0xFFDF, 0xFFDF, 0xFFDF, 0xFFDF,
    0xFFDF, 0xFFDF, 0xFFDF, 0xFFDF, 0xFFDF, 0xFFDF, 0xFFDF, 0xFFDF, 0xFFDF, 0xFFDF, 0xFFDF, 0xFFDF, 0xFFDF, 0xFFDF, 0xFFDF, 0xFFDF,
    0xFFDF, 0xFFDF, 0xFFDF, 0xFFDF, 0xFFDF, 0xFFDF, 0xFFDF, 0xFFDF, 0xFFDF, 0xFFDF, 0xFFDF, 0xFFDF, 0xFFDF, 0xFFDF, 0xFFDF, 0xFFDF,
    0xE79E, 0xE79E, 0xE79E, 0xE79E, 0xE79E, 0xE79E, 0xE79E, 0xE79E, 0xE79E, 0xE79E, 0xE79E, 0xE79E, 0xE79E, 0xE79E, 0xE79E, 0xE79E,
    0x9EDB, 0x9EDB, 0x9EDB, 0x9EDB, 0x9EDB, 0x9EDB, 0x9EDB, 0x9EDB, 0x9EDB, 0x9EDB, 0x9EDB, 0x9EDB, 0x9EDB, 0x9EDB, 0x9EDB, 0x9EDB,
    0x8E9B, 0x8E9B, 0x8E9B, 0x8E9B, 0x8E9B, 0x8E9B, 0x8E9B, 0x8E9B, 0x8E9B, 0x8E9B, 0x8E9B, 0x8E9B, 0x8E9B, 0x8E9B, 0x8E9B, 0x8E9B,
    0x8E9B, 0x8E9B, 0x8E9B, 0x8E9B, 0x8E9B, 0x8E9B, 0x8E9B, 0x8E9B, 0x8E9B, 0x8E9B, 0x8E9B, 0x8E9B, 0x8E9B, 0x8E9B, 0x8E9B, 0x8E9B,
    0x8E9B, 0x8E9B, 0x8E9B, 0x8E9B, 0x8E9B, 0x8E9B, 0x8E9B, 0x8E9B, 0x8E9B, 0x8E9B, 0x8E9B, 0x8E9B, 0x8E9B, 0x8E9B, 0x8E9B, 0x8E9B,
    0x8E9B, 0x8E9B, 0x8E9B, 0x8E9B, 0x8E9B, 0x8E9B, 0x8E9B, 0x8E9B, 0x8E9B, 0x8E9B, 0x8E9B, 0x8E9B, 0x8E9B, 0x8E9B, 0x8E9B, 0x8E9B,
    0x8E9B, 0x8E9B, 0x8E9B, 0x8E9B, 0x8E9B, 0x8E9B, 0x8E9B, 0x8E9B, 0x8E9B, 0x8E9B, 0x8E9B, 0x8E9B, 0x8E9B, 0x8E9B, 0x8E9B, 0x8E9B,
    0x74F5, 0x74F5, 0x74F5, 0x74F5, 0x74F5, 0x74F5, 0x74F5, 0x74F5, 0x74F5, 0x74F5, 0x74F5, 0x74F5, 0x74F5, 0x74F5, 0x74F5, 0x74F5,
    0x528D, 0x528D, 0x528D, 0x528D, 0x528D, 0x528D, 0x528D, 0x528D, 0x528D, 0x528D, 0x528D, 0x528D, 0x528D, 0x528D, 0x528D, 0x528D,
    0x6B90, 0x528D, 0x528D, 0x528D, 0x528D, 0x528D, 0x528D, 0x528D, 0x6B90, 0x9D14, 0x9D14, 0x9D14, 0x9D14, 0x9D14, 0x9D14, 0x9D14,
    0x8C73, 0x7370, 0x730E, 0x730D, 0x730D, 0x730D, 0x730D, 0x730D, 0x8C31, 0xB5F7, 0xC679, 0xD6DA, 0xD6DA, 0xD6DA, 0xD6DA, 0xD6DA,
    0xAD76, 0xD658, 0xD4F1, 0xD48E, 0xD48E, 0xD48E, 0xD48E, 0xD48E, 0xAC0F, 0x6B4F, 0xA575, 0xD6DA, 0xD6DA, 0xD6DA, 0xD6DA, 0xD6DA,
    0xB5B7, 0xCE17, 0xCD11, 0xCCAF, 0xCCAF, 0xCCAF, 0xCCAF, 0xCCAF, 0xB42F, 0x938D, 0x9C72, 0xAD76, 0xD6BA, 0xE73C, 0xE73C, 0xE73C
};

const short poke_mart_interior_tile_24[TILE_SIZE * TILE_SIZE] = {
    0xFFDF, 0xFFDF, 0xFFDF, 0xFFDF, 0xFFDF, 0xFFDF, 0xFFDF, 0xFFDF, 0xFFDF, 0xFFDF, 0xFFDF, 0xFFDF, 0xFFDF, 0xFFDF, 0xFFDF, 0xFFDF,
    0xFFDF, 0xFFDF, 0xFFDF, 0xFFDF, 0xFFDF, 0xFFDF, 0xFFDF, 0xFFDF, 0xFFDF, 0xFFDF, 0xFFDF, 0xFFDF, 0xFFDF, 0xFFDF, 0xFFDF, 0xFFDF,
    0xFFDF, 0xFFDF, 0xFFDF, 0xFFDF, 0xFFDF, 0xFFDF, 0xFFDF, 0xFFDF, 0xFFDF, 0xFFDF, 0xFFDF, 0xFFDF, 0xFFDF, 0xFFDF, 0xFFDF, 0xFFDF,
    0xE79E, 0xE79E, 0xE79E, 0xE79E, 0xE79E, 0xE79E, 0xE79E, 0xE79E, 0xE79E, 0xE79E, 0xE79E, 0xE79E, 0xE79E, 0xE79E, 0xE79E, 0xE79E,
    0x9EDB, 0x9EDB, 0x9EDB, 0x9EDB, 0x9EDB, 0x9EDB, 0x9EDB, 0x9EDB, 0x9EDB, 0x9EDB, 0x9EDB, 0x9EDB, 0x9EDB, 0x9EDB, 0x9EDB, 0x9EDB,
    0x8E9B, 0x8E9B, 0x8E9B, 0x8E9B, 0x8E9B, 0x8E9B, 0x8E9B, 0x8E9B, 0x8E9B, 0x8E9B, 0x8E9B, 0x8E9B, 0x8E9B, 0x8E9B, 0x8E9B, 0x8E9B,
    0x8E9B, 0x8E9B, 0x8E9B, 0x8E9B, 0x8E9B, 0x8E9B, 0x8E9B, 0x8E9B, 0x8E9B, 0x8E9B, 0x8E9B, 0x8E9B, 0x8E9B, 0x8E9B, 0x8E9B, 0x8E9B,
    0x8E9B, 0x8E9B, 0x8E9B, 0x8E9B, 0x8E9B, 0x8E9B, 0x8E9B, 0x8E9B, 0x8E9B, 0x8E9B, 0x8E9B, 0x8E9B, 0x8E9B, 0x8E9B, 0x8E9B, 0x8E9B,
    0x8E9B, 0x8E9B, 0x8E9B, 0x8E9B, 0x8E9B, 0x8E9B, 0x8E9B, 0x8E9B, 0x8E9B, 0x8E9B, 0x8E9B, 0x8E9B, 0x8E9B, 0x8E9B, 0x8E9B, 0x8E9B,
    0x8E9B, 0x8E9B, 0x8E9B, 0x8E9B, 0x8E9B, 0x8E9B, 0x8E9B, 0x8E9B, 0x8E9B, 0x8E9B, 0x8E9B, 0x8E9B, 0x8E9B, 0x8E9B, 0x8E9B, 0x8E9B,
    0x74F5, 0x74F5, 0x74F5, 0x74F5, 0x74F5, 0x74F5, 0x74F5, 0x74F5, 0x74F5, 0x74F5, 0x74F5, 0x74F5, 0x74F5, 0x74F5, 0x74F5, 0x74F5,
    0x528D, 0x528D, 0x528D, 0x528D, 0x528D, 0x528D, 0x528D, 0x528D, 0x528D, 0x528D, 0x528D, 0x528D, 0x528D, 0x528D, 0x528D, 0x528D,
    0x9D14, 0x9D14, 0x9D14, 0x9D14, 0x9D14, 0x9D14, 0x9D14, 0x9D14, 0x9D14, 0x9D14, 0x9D14, 0x9D14, 0x9D14, 0x9D14, 0x9D14, 0x9D14,
    0xD6DA, 0xD6DA, 0xD6DA, 0xD6DA, 0xD6DA, 0xD6DA, 0xD6DA, 0xD6DA, 0xD6DA, 0xD6DA, 0xD6DA, 0xD6DA, 0xD6DA, 0xD6DA, 0xD6DA, 0xD6DA,
    0xD6DA, 0xD6DA, 0xD6DA, 0xD6DA, 0xD6DA, 0xD6DA, 0xD6DA, 0xD6DA, 0xD6DA, 0xD6DA, 0xD6DA, 0xD6DA, 0xD6DA, 0xD6DA, 0xD6DA, 0xD6DA,
    0xE73C, 0xE73C, 0xE73C, 0xE73C, 0xE73C, 0xE73C, 0xE73C, 0xE73C, 0xE73C, 0xE73C, 0xE73C, 0xE73C, 0xE73C, 0xE73C, 0xE73C, 0xE73C
};

const short poke_mart_interior_tile_25[TILE_SIZE * TILE_SIZE] = {
    0xFFDF, 0xFFDF, 0xFFDF, 0xFFDF, 0xFFDF, 0xFFDF, 0xFFDF, 0xFFDF, 0xFFDF, 0xFFDF, 0xFFDF, 0xFFDF, 0xFFDF, 0xFFDF, 0xFFDF, 0xFFDF,
    0xFFDF, 0xFFDF, 0xFFDF, 0xFFDF, 0xFFDF, 0xFFDF, 0xFFDF, 0xFFDF, 0xFFDF, 0xFFDF, 0xFFDF, 0xFFDF, 0xFFDF, 0xFFDF, 0xFFDF, 0xFFDF,
    0xFFDF, 0xFFDF, 0xFFDF, 0xFFDF, 0xFFDF, 0xFFDF, 0xFFDF, 0xFFDF, 0xFFDF, 0xFFDF, 0xFFDF, 0xFFDF, 0xFFDF, 0xFFDF, 0xFFDF, 0xFFDF,
    0xE79E, 0xE79E, 0xE79E, 0xE79E, 0xE79E, 0xE79E, 0xE79E, 0xE79E, 0xE79E, 0xE79E, 0xE79E, 0xE79E, 0xE79E, 0xE79E, 0xE79E, 0xE79E,
    0x9EDB, 0x9EDB, 0x9EDB, 0x9EDB, 0x9EDB, 0x9EDB, 0x9EDB, 0x9EDB, 0x9EDB, 0x9EDB, 0x9EDB, 0x9EDB, 0x9EDB, 0x9EDB, 0x9EDB, 0x9EDB,
    0x8E9B, 0x8E9B, 0x8E9B, 0x8E9B, 0x8E9B, 0x8E9B, 0x8E9B, 0x8E9B, 0x8E9B, 0x8E9B, 0x8E9B, 0x8E9B, 0x8E9B, 0x8E9B, 0x8E9B, 0x8E9B,
    0x8E9B, 0x8E9B, 0x8E9B, 0x8E9B, 0x8E9B, 0x8E9B, 0x8E9B, 0x8E9B, 0x8E9B, 0x8E9B, 0x8E9B, 0x8E9B, 0x8E9B, 0x8E9B, 0x8E9B, 0x8E9B,
    0x8E9B, 0x8E9B, 0x8E9B, 0x8E9B, 0x8E9B, 0x8E9B, 0x8E9B, 0x8E9B, 0x8E9B, 0x8E9B, 0x8E9B, 0x8E9B, 0x8E9B, 0x8E9B, 0x8E9B, 0x8E9B,
    0x8E9B, 0x8E9B, 0x8E9B, 0x8E9B, 0x8E9B, 0x8E9B, 0x8E9B, 0x8E9B, 0x8E9B, 0x8E9B, 0x8E9B, 0x8E9B, 0x8E9B, 0x8E9B, 0x8E9B, 0x8E9B,
    0x8E9B, 0x8E9B, 0x8E9B, 0x8E9B, 0x8E9B, 0x8E9B, 0x8E9B, 0x8E9B, 0x8E9B, 0x8E9B, 0x8E9B, 0x8E9B, 0x8E9B, 0x8E9B, 0x8E9B, 0x8E9B,
    0x74F5, 0x74F5, 0x74F5, 0x74F5, 0x74F5, 0x74F5, 0x74F5, 0x74F5, 0x74F5, 0x74F5, 0x74F5, 0x74F5, 0x74F5, 0x74F5, 0x74F5, 0x74F5,
    0x528D, 0x528D, 0x528D, 0x528D, 0x528D, 0x528D, 0x528D, 0x528D, 0x528D, 0x528D, 0x528D, 0x528D, 0x528D, 0x528D, 0x528D, 0x528D,
    0x9D14, 0x9D14, 0x9D14, 0x9D14, 0x9D14, 0x9D14, 0x9D14, 0x9D14, 0x9D14, 0x9D14, 0x9D14, 0x9D14, 0x9D14, 0x6B90, 0x528D, 0x528D,
    0xD6DA, 0xD6DA, 0xD6DA, 0xD6DA, 0xD6DA, 0xD6DA, 0xD6DA, 0xD6DA, 0xD6DA, 0xD6DA, 0xD6DA, 0xD6DA, 0xD6DA, 0x8432, 0x52AD, 0x5B2F,
    0xD6DA, 0xD6DA, 0xD6DA, 0xD6DA, 0xD6DA, 0xD6DA, 0xD6DA, 0xD6DA, 0xD6DA, 0xD6DA, 0xD6DA, 0xD6DA, 0xD6DA, 0x8432, 0x5B2F, 0x7516,
    0xE73C, 0xE73C, 0xE73C, 0xE73C, 0xE73C, 0xE73C, 0xE73C, 0xE73C, 0xE73C, 0xE73C, 0xE73C, 0xE73C, 0xE73C, 0x8C53, 0x5B4F, 0x7DB8
};

const short poke_mart_interior_tile_26[TILE_SIZE * TILE_SIZE] = {
    0xFFDF, 0xFFDF, 0xFFDF, 0xFFDF, 0xFFDF, 0xFFDF, 0xFFDF, 0xFFDF, 0xFFDF, 0xFFDF, 0xFFDF, 0xFFDF, 0xFFDF, 0xFFDF, 0xFFDF, 0xFFDF,
    0xFFDF, 0xFFDF, 0xFFDF, 0xFFDF, 0xFFDF, 0xFFDF, 0xFFDF, 0xFFDF, 0xFFDF, 0xFFDF, 0xFFDF, 0xFFDF, 0xFFDF, 0xFFDF, 0xFFDF, 0xFFDF,
    0xFFDF, 0xFFDF, 0xFFDF, 0xFFDF, 0xFFDF, 0xFFDF, 0xFFDF, 0xFFDF, 0xFFDF, 0xFFDF, 0xFFDF, 0xFFDF, 0xFFDF, 0xFFDF, 0xFFDF, 0xFFDF,
    0xE79E, 0xE79E, 0xE79E, 0xE79E, 0xE79E, 0xE79E, 0xE79E, 0xE79E, 0xE79E, 0xE79E, 0xE79E, 0xE79E, 0xE79E, 0xE79E, 0xE79E, 0xE79E,
    0x9EDB, 0x9EDB, 0x9EDB, 0x9EDB, 0x9EDB, 0x9EDB, 0x9EDB, 0x9EDB, 0x9EDB, 0x9EDB, 0x9EDB, 0x9EDB, 0x9EDB, 0x9EDB, 0x9EDB, 0x9EDB,
    0x8E9B, 0x8E9B, 0x8E9B, 0x8E9B, 0x8E9B, 0x8E9B, 0x8E9B, 0x8E9B, 0x8E9B, 0x8E9B, 0x8E9B, 0x8E9B, 0x8E9B, 0x8E9B, 0x8E9B, 0x8E9B,
    0x8E9B, 0x8E9B, 0x8E9B, 0x8E9B, 0x8E9B, 0x8E9B, 0x8E9B, 0x8E9B, 0x8E9B, 0x8E9B, 0x8E9B, 0x8E9B, 0x8E9B, 0x8E9B, 0x8E9B, 0x8E9B,
    0x8E9B, 0x8E9B, 0x8E9B, 0x8E9B, 0x8E9B, 0x8E9B, 0x8E9B, 0x8E9B, 0x8E9B, 0x8E9B, 0x8E9B, 0x8E9B, 0x8E9B, 0x8E9B, 0x8E9B, 0x8E9B,
    0x8E9B, 0x8E9B, 0x8E9B, 0x8E9B, 0x8E9B, 0x8E9B, 0x8E9B, 0x8E9B, 0x8E9B, 0x8E9B, 0x8E9B, 0x8E9B, 0x8E9B, 0x8E9B, 0x8E9B, 0x8E9B,
    0x8E9B, 0x8E9B, 0x8E9B, 0x8E9B, 0x8E9B, 0x8E9B, 0x8E9B, 0x8E9B, 0x8E9B, 0x8E9B, 0x8E9B, 0x8E9B, 0x8E9B, 0x8E9B, 0x8E9B, 0x8E9B,
    0x74F5, 0x74F5, 0x74F5, 0x74F5, 0x74F5, 0x74F5, 0x74F5, 0x74F5, 0x74F5, 0x74F5, 0x74F5, 0x74F5, 0x74F5, 0x74F5, 0x74F5, 0x74F5,
    0x528D, 0x528D, 0x528D, 0x528D, 0x528D, 0x528D, 0x528D, 0x528D, 0x528D, 0x528D, 0x528D, 0x528D, 0x528D, 0x528D, 0x528D, 0x528D,
    0x528D, 0x528D, 0x528D, 0x528D, 0x528D, 0x528D, 0x528D, 0x528D, 0x528D, 0x528D, 0x528D, 0x528D, 0x528D, 0x528D, 0x528D, 0x528D,
    0x5B4F, 0x5B4F, 0x5B4F, 0x5B4F, 0x5B4F, 0x5B4F, 0x5B4F, 0x6370, 0x6370, 0x5B4F, 0x6350, 0x6B70, 0x6B70, 0x6B70, 0x6B70, 0x6370,
    0x7DB8, 0x7DB8, 0x7DB8, 0x7DB8, 0x7DB8, 0x7DB8, 0x7DB8, 0x9E19, 0xA63A, 0x85D8, 0x95F9, 0xB65A, 0xB65A, 0xB65A, 0xB65A, 0x9E19,
    0x8E9B, 0x8E9B, 0x96BB, 0xA6DC, 0xA6DC, 0xAEFC, 0xB71C, 0xC73D, 0xC73D, 0xBF1C, 0xC73D, 0xDF7E, 0xDF7E, 0xD77E, 0xCF5E, 0xBF1D
};

const short poke_mart_interior_tile_27[TILE_SIZE * TILE_SIZE] = {
    0xFFDF, 0xFFDF, 0xFFDF, 0xFFDF, 0xFFDF, 0xFFDF, 0xFFDF, 0xFFDF, 0xFFDF, 0xFFDF, 0xFFDF, 0xFFDF, 0xFFDF, 0xFFDF, 0xFFDF, 0xFFDF,
    0xFFDF, 0xFFDF, 0xFFDF, 0xFFDF, 0xFFDF, 0xFFDF, 0xFFDF, 0xFFDF, 0xFFDF, 0xFFDF, 0xFFDF, 0xFFDF, 0xFFDF, 0xFFDF, 0xFFDF, 0xFFDF,
    0xFFDF, 0xFFDF, 0xFFDF, 0xFFDF, 0xFFDF, 0xFFDF, 0xFFDF, 0xFFDF, 0xFFDF, 0xFFDF, 0xFFDF, 0xFFDF, 0xFFDF, 0xFFDF, 0xFFDF, 0xFFDF,
    0xE79E, 0xE79E, 0xE79E, 0xE79E, 0xE79E, 0xE79E, 0xE79E, 0xE79E, 0xE79E, 0xE79E, 0xE79E, 0xE79E, 0xE79E, 0xE79E, 0xE79E, 0xE79E,
    0x9EDB, 0x9EDB, 0x9EDB, 0x9EDB, 0x9EDB, 0x9EDB, 0x9EDB, 0x9EDB, 0x9EDB, 0x9EDB, 0x9EDB, 0x9EDB, 0x9EDB, 0x9EDB, 0x9EDB, 0x9EDB,
    0x8E9B, 0x8E9B, 0x8E9B, 0x8E9B, 0x8E9B, 0x8E9B, 0x8E9B, 0x8E9B, 0x8E9B, 0x8E9B, 0x8E9B, 0x8E9B, 0x8E9B, 0x8E9B, 0x8E9B, 0x8E9B,
    0x8E9B, 0x8E9B, 0x8E9B, 0x8E9B, 0x8E9B, 0x8E9B, 0x8E9B, 0x8E9B, 0x8E9B, 0x8E9B, 0x8E9B, 0x8E9B, 0x8E9B, 0x8E9B, 0x8E9B, 0x8E9B,
    0x8E9B, 0x8E9B, 0x8E9B, 0x8E9B, 0x8E9B, 0x8E9B, 0x8E9B, 0x8E9B, 0x8E9B, 0x8E9B, 0x8E9B, 0x8E9B, 0x8E9B, 0x8E9B, 0x8E9B, 0x8E9B,
    0x8E9B, 0x8E9B, 0x8E9B, 0x8E9B, 0x8E9B, 0x8E9B, 0x8E9B, 0x8E9B, 0x8E9B, 0x8E9B, 0x8E9B, 0x8E9B, 0x8E9B, 0x8E9B, 0x8E9B, 0x8E9B,
    0x8E9B, 0x8E9B, 0x8E9B, 0x8E9B, 0x8E9B, 0x8E9B, 0x8E9B, 0x8E9B, 0x8E9B, 0x8E9B, 0x8E9B, 0x8E9B, 0x8E9B, 0x8E9B, 0x8E9B, 0x8E9B,
    0x74F5, 0x74F5, 0x74F5, 0x74F5, 0x74F5, 0x74F5, 0x74F5, 0x74F5, 0x74F5, 0x74F5, 0x74F5, 0x74F5, 0x74F5, 0x74F5, 0x74F5, 0x74F5,
    0x528D, 0x528D, 0x528D, 0x528D, 0x528D, 0x528D, 0x528D, 0x528D, 0x528D, 0x528D, 0x528D, 0x528D, 0x528D, 0x528D, 0x528D, 0x528D,
    0x528D, 0x528D, 0x528D, 0x528D, 0x528D, 0x528D, 0x528D, 0x528D, 0x528D, 0x528D, 0x528D, 0x528D, 0x528D, 0x528D, 0x528D, 0x528D,
    0x5B4F, 0x5B4F, 0x5B4F, 0x5B4F, 0x5B4F, 0x5B4F, 0x52CE, 0x528D, 0x528D, 0x52CE, 0x5B4F, 0x5B4F, 0x5B4F, 0x5B4F, 0x5B4F, 0x5B4F,
    0x7DB8, 0x7DB8, 0x7DB8, 0x7DB8, 0x7DB8, 0x7DB8, 0x63D1, 0x528D, 0x528D, 0x63D1, 0x7DB8, 0x7DB8, 0x7DB8, 0x7DB8, 0x7DB8, 0x7DB8,
    0xA6DC, 0xA6DC, 0xA6DC, 0xA6DC, 0xA6DC, 0xA6DC, 0x7433, 0x528D, 0x528D, 0x6412, 0x8E9B, 0x8E9B, 0x8E9B, 0x9EDC, 0xA6DC, 0xA6DC
};

const short poke_mart_interior_tile_28[TILE_SIZE * TILE_SIZE] = {
    0xFFDF, 0xFFDF, 0xFFDF, 0xFFDF, 0xFFDF, 0xFFDF, 0xFFDF, 0xFFDF, 0xFFDF, 0xFFDF, 0xFFDF, 0xFFDF, 0xFFDF, 0xFFDF, 0xFFDF, 0xFFDF,
    0xFFDF, 0xFFDF, 0xFFDF, 0xFFDF, 0xFFDF, 0xFFDF, 0xFFDF, 0xFFDF, 0xFFDF, 0xFFDF, 0xFFDF, 0xFFDF, 0xFFDF, 0xFFDF, 0xFFDF, 0xFFDF,
    0xFFDF, 0xFFDF, 0xFFDF, 0xFFDF, 0xFFDF, 0xFFDF, 0xFFDF, 0xFFDF, 0xFFDF, 0xFFDF, 0xFFDF, 0xFFDF, 0xFFDF, 0xFFDF, 0xFFDF, 0xFFDF,
    0xE79E, 0xE79E, 0xE79E, 0xE79E, 0xE79E, 0xE79E, 0xE79E, 0xE79E, 0xE79E, 0xE79E, 0xE79E, 0xE79E, 0xE79E, 0xE79E, 0xE79E, 0xE79E,
    0x9EDB, 0x9EDB, 0x9EDB, 0x9EDB, 0x9EDB, 0x9EDB, 0x9EDB, 0x9EDB, 0x9EDB, 0x9EDB, 0x9EDB, 0x9EDB, 0x9EDB, 0x9EDB, 0x9EDB, 0x9EDB,
    0x8E9B, 0x8E9B, 0x8E9B, 0x8E9B, 0x8E9B, 0x8E9B, 0x8E9B, 0x8E9B, 0x8E9B, 0x8E9B, 0x8E9B, 0x8E9B, 0x8E9B, 0x8E9B, 0x8E9B, 0x8E9B,
    0x8E9B, 0x8E9B, 0x8E9B, 0x8E9B, 0x8E9B, 0x8E9B, 0x8E9B, 0x8E9B, 0x8E9B, 0x8E9B, 0x8E9B, 0x8E9B, 0x8E9B, 0x8E9B, 0x8E9B, 0x8E9B,
    0x8E9B, 0x8E9B, 0x8E9B, 0x8E9B, 0x8E9B, 0x8E9B, 0x8E9B, 0x8E9B, 0x8E9B, 0x8E9B, 0x8E9B, 0x8E9B, 0x8E9B, 0x8E9B, 0x8E9B, 0x8E9B,
    0x8E9B, 0x8E9B, 0x8E9B, 0x8E9B, 0x8E9B, 0x8E9B, 0x8E9B, 0x8E9B, 0x8E9B, 0x8E9B, 0x8E9B, 0x8E9B, 0x8E9B, 0x8E9B, 0x8E9B, 0x8E9B,
    0x8E9B, 0x8E9B, 0x8E9B, 0x8E9B, 0x8E9B, 0x8E9B, 0x8E9B, 0x8E9B, 0x8E9B, 0x8E9B, 0x8E9B, 0x8E9B, 0x8E9B, 0x8E9B, 0x8E9B, 0x8E9B,
    0x74F5, 0x74F5, 0x74F5, 0x74F5, 0x74F5, 0x74F5, 0x74F5, 0x74F5, 0x74F5, 0x74F5, 0x74F5, 0x74F5, 0x74F5, 0x74F5, 0x74F5, 0x74F5,
    0x528D, 0x528D, 0x528D, 0x528D, 0x528D, 0x528D, 0x528D, 0x528D, 0x528D, 0x528D, 0x528D, 0x528D, 0x528D, 0x528D, 0x528D, 0x528D,
    0x528D, 0x528D, 0x528D, 0x528D, 0x528D, 0x528D, 0x528D, 0x528D, 0x528D, 0x528D, 0x528D, 0x528D, 0x528D, 0x528D, 0x528D, 0x528D,
    0x5B4F, 0x5B4F, 0x6370, 0x6370, 0x5B4F, 0x6370, 0x6B70, 0x6B70, 0x6B70, 0x6B70, 0x6350, 0x5B4F, 0x5B4F, 0x5B4F, 0x5B4F, 0x5B4F,
    0x7DB8, 0x85D8, 0xA63A, 0x9E19, 0x7DB8, 0x9E19, 0xB65A, 0xB65A, 0xB65A, 0xB65A, 0x95F9, 0x7DB8, 0x7DB8, 0x7DB8, 0x7DB8, 0x7DB8,
    0xAEFC, 0xBF1C, 0xC73D, 0xC73D, 0xB71C, 0xCF5D, 0xDF7E, 0xDF7E, 0xD77E, 0xCF5E, 0xB6FC, 0xA6DC, 0xA6DC, 0xA6DC, 0xA6DC, 0xA6DC
};

const short poke_mart_interior_tile_29[TILE_SIZE * TILE_SIZE] = {
    0xFFDF, 0xFFDF, 0xFFDF, 0xFFDF, 0xFFDF, 0xFFDF, 0xFFDF, 0xFFDF, 0xFFDF, 0xFFDF, 0xFFDF, 0xFFDF, 0xFFDF, 0xFFDF, 0xFFDF, 0xFFDF,
    0xFFDF, 0xFFDF, 0xFFDF, 0xFFDF, 0xFFDF, 0xFFDF, 0xFFDF, 0xFFDF, 0xFFDF, 0xFFDF, 0xFFDF, 0xFFDF, 0xFFDF, 0xFFDF, 0xFFDF, 0xFFDF,
    0xFFDF, 0xFFDF, 0xFFDF, 0xFFDF, 0xFFDF, 0xFFDF, 0xFFDF, 0xFFDF, 0xFFDF, 0xFFDF, 0xFFDF, 0xFFDF, 0xFFDF, 0xFFDF, 0xFFDF, 0xFFDF,
    0xE79E, 0xE79E, 0xE79E, 0xE79E, 0xE79E, 0xE79E, 0xE79E, 0xE79E, 0xE79E, 0xE79E, 0xE79E, 0xE79E, 0xE79E, 0xE79E, 0xE79E, 0xE79E,
    0x9EDB, 0x9EDB, 0x9EDB, 0x9EDB, 0x9EDB, 0x9EDB, 0x9EDB, 0x9EDB, 0x9EDB, 0x9EDB, 0x9EDB, 0x9EDB, 0x9EDB, 0x9EDB, 0x9EDB, 0x9EDB,
    0x8E9B, 0x8E9B, 0x8E9B, 0x8E9B, 0x8E9B, 0x8E9B, 0x8E9B, 0x8E9B, 0x8E9B, 0x8E9B, 0x8E9B, 0x8E9B, 0x8E9B, 0x8E9B, 0x8E9B, 0x8E9B,
    0x8E9B, 0x8E9B, 0x8E9B, 0x8E9B, 0x8E9B, 0x8E9B, 0x8E9B, 0x8E9B, 0x8E9B, 0x8E9B, 0x8E9B, 0x8E9B, 0x8E9B, 0x8E9B, 0x8E9B, 0x8E9B,
    0x8E9B, 0x8E9B, 0x8E9B, 0x8E9B, 0x8E9B, 0x8E9B, 0x8E9B, 0x8E9B, 0x8E9B, 0x8E9B, 0x8E9B, 0x8E9B, 0x8E9B, 0x8E9B, 0x8E9B, 0x8E9B,
    0x8E9B, 0x8E9B, 0x8E9B, 0x8E9B, 0x8E9B, 0x8E9B, 0x8E9B, 0x8E9B, 0x8E9B, 0x8E9B, 0x8E9B, 0x8E9B, 0x8E9B, 0x8E9B, 0x8E9B, 0x8E9B,
    0x8E9B, 0x8E9B, 0x8E9B, 0x8E9B, 0x8E9B, 0x8E9B, 0x8E9B, 0x8E9B, 0x8E9B, 0x8E9B, 0x8E9B, 0x8E9B, 0x8E9B, 0x8E9B, 0x8E9B, 0x8E9B,
    0x74F5, 0x74F5, 0x74F5, 0x74F5, 0x74F5, 0x74F5, 0x74F5, 0x74F5, 0x74F5, 0x74F5, 0x74F5, 0x74F5, 0x74F5, 0x74F5, 0x74F5, 0x74F5,
    0x528D, 0x528D, 0x528D, 0x528D, 0x528D, 0x528D, 0x528D, 0x528D, 0x528D, 0x528D, 0x528D, 0x528D, 0x528D, 0x528D, 0x528D, 0x528D,
    0x528D, 0x528D, 0x528D, 0x528D, 0x528D, 0x528D, 0x528D, 0x528D, 0x528D, 0x528D, 0x528D, 0x528D, 0x528D, 0x528D, 0x528D, 0x528D,
    0x5B2F, 0x52AD, 0x528D, 0x528D, 0x52EE, 0x5B4F, 0x5B4F, 0x5B4F, 0x5B4F, 0x5B4F, 0x5B4F, 0x5B4F, 0x6350, 0x6B70, 0x6350, 0x5B4F,
    0x7516, 0x5B2F, 0x528D, 0x528D, 0x6C73, 0x7DB8, 0x7DB8, 0x7DB8, 0x7DB8, 0x7DB8, 0x7DB8, 0x7DB8, 0x95F9, 0xB65A, 0x95F9, 0x85D8,
    0x95F9, 0x6350, 0x528D, 0x528D, 0x74F5, 0x8E9B, 0x8E9B, 0x96BB, 0xA6DC, 0xA6DC, 0xA6DC, 0xB6FC, 0xBF1D, 0xCF5E, 0xBF1D, 0xBF1D
};

const short poke_mart_interior_tile_30[TILE_SIZE * TILE_SIZE] = {
    0xFFDF, 0xFFDF, 0xFFDF, 0xFFDF, 0xFFDF, 0xFFDF, 0xFFDF, 0xFFDF, 0xFFDF, 0xFFDF, 0xFFDF, 0xFFDF, 0xFFDF, 0xFFDF, 0xFFDF, 0xFFDF,
    0xFFDF, 0xFFDF, 0xFFDF, 0xFFDF, 0xFFDF, 0xFFDF, 0xFFDF, 0xFFDF, 0xFFDF, 0xFFDF, 0xFFDF, 0xFFDF, 0xFFDF, 0xFFDF, 0xFFDF, 0xFFDF,
    0xFFDF, 0xFFDF, 0xFFDF, 0xFFDF, 0xFFDF, 0xFFDF, 0xFFDF, 0xFFDF, 0xFFDF, 0xFFDF, 0xFFDF, 0xFFDF, 0xFFDF, 0xFFDF, 0xFFDF, 0xFFDF,
    0xE79E, 0xE79E, 0xE79E, 0xE79E, 0xE79E, 0xE79E, 0xE79E, 0xE79E, 0xE79E, 0xE79E, 0xE79E, 0xE79E, 0xE79E, 0xE79E, 0xE79E, 0xE79E,
    0x9EDB, 0x9EDB, 0x9EDB, 0x9EDB, 0x9EDB, 0x9EDB, 0x9EDB, 0x9EDB, 0x9EDB, 0x9EDB, 0x9EDB, 0x9EDB, 0x9EDB, 0x9EDB, 0x9EDB, 0x9EDB,
    0x8E9B, 0x8E9B, 0x8E9B, 0x8E9B, 0x8E9B, 0x8E9B, 0x8E9B, 0x8E9B, 0x8E9B, 0x8E9B, 0x8E9B, 0x8E9B, 0x8E9B, 0x8E9B, 0x8E9B, 0x8E9B,
    0x8E9B, 0x8E9B, 0x8E9B, 0x8E9B, 0x8E9B, 0x8E9B, 0x8E9B, 0x8E9B, 0x8E9B, 0x8E9B, 0x8E9B, 0x8E9B, 0x8E9B, 0x8E9B, 0x8E9B, 0x8E9B,
    0x8E9B, 0x8E9B, 0x8E9B, 0x8E9B, 0x8E9B, 0x8E9B, 0x8E9B, 0x8E9B, 0x8E9B, 0x8E9B, 0x8E9B, 0x8E9B, 0x8E9B, 0x8E9B, 0x8E9B, 0x8E9B,
    0x8E9B, 0x8E9B, 0x8E9B, 0x8E9B, 0x8E9B, 0x8E9B, 0x8E9B, 0x8E9B, 0x8E9B, 0x8E9B, 0x8E9B, 0x8E9B, 0x8E9B, 0x8E9B, 0x8E9B, 0x8E9B,
    0x8E9B, 0x8E9B, 0x8E9B, 0x8E9B, 0x8E9B, 0x8E9B, 0x8E9B, 0x8E9B, 0x8E9B, 0x8E9B, 0x8E9B, 0x8E9B, 0x8E9B, 0x8E9B, 0x8E9B, 0x8E9B,
    0x74F5, 0x74F5, 0x74F5, 0x74F5, 0x74F5, 0x74F5, 0x74F5, 0x74F5, 0x74F5, 0x74F5, 0x74F5, 0x74F5, 0x74F5, 0x74F5, 0x74F5, 0x74F5,
    0x528D, 0x528D, 0x528D, 0x528D, 0x528D, 0x528D, 0x528D, 0x528D, 0x528D, 0x528D, 0x528D, 0x528D, 0x528D, 0x528D, 0x528D, 0x528D,
    0x528D, 0x528D, 0x528D, 0x528D, 0x528D, 0x528D, 0x528D, 0x528D, 0x528D, 0x528D, 0x528D, 0x528D, 0x528D, 0x7C11, 0x9D14, 0x9D14,
    0x6370, 0x6B70, 0x6B70, 0x6B70, 0x6370, 0x5B4F, 0x5B4F, 0x5B4F, 0x5B4F, 0x5B4F, 0x5B4F, 0x52EE, 0x528D, 0x9D14, 0xD6DA, 0xD6DA,
    0xA63A, 0xB65A, 0xB65A, 0xB65A, 0xA63A, 0x85D8, 0x7DB8, 0x7DB8, 0x7DB8, 0x7DB8, 0x7DB8, 0x6C73, 0x528D, 0x9D14, 0xD6DA, 0xD6DA,
    0xD75E, 0xDF7E, 0xDF7E, 0xD75E, 0xC73D, 0xAEFC, 0xA6DC, 0xA6DC, 0xA6DC, 0xA6DC, 0xA6DC, 0x8516, 0x528D, 0xA556, 0xE73C, 0xE73C
};

const short poke_mart_interior_tile_31[TILE_SIZE * TILE_SIZE] = {
    0xFFDF, 0xFFDF, 0xFFDF, 0xFFDF, 0xFFDF, 0xFFDF, 0xFFDF, 0xFFDF, 0xFFDF, 0xFFDF, 0xFFDF, 0xFFDF, 0xFFDF, 0xFFDF, 0xFFDF, 0xFFDF,
    0xFFDF, 0xFFDF, 0xFFDF, 0xFFDF, 0xFFDF, 0xFFDF, 0xFFDF, 0xFFDF, 0xFFDF, 0xFFDF, 0xFFDF, 0xFFDF, 0xFFDF, 0xFFDF, 0xFFDF, 0xFFDF,
    0xFFDF, 0xFFDF, 0xFFDF, 0xFFDF, 0xFFDF, 0xFFDF, 0xFFDF, 0xFFDF, 0xFFDF, 0xFFDF, 0xFFDF, 0xFFDF, 0xFFDF, 0xFFDF, 0xFFDF, 0xFFDF,
    0xE79E, 0xE79E, 0xE79E, 0xE79E, 0xE79E, 0xE79E, 0xE79E, 0xE79E, 0xE79E, 0xE79E, 0xE79E, 0xE79E, 0xE79E, 0xE79E, 0xE79E, 0xE79E,
    0x9EDB, 0x9EDB, 0x9EDB, 0x9EDB, 0x9EDB, 0x9EDB, 0x9EDB, 0x9EDB, 0x9EDB, 0x9EDB, 0x9EDB, 0x9EDB, 0x9EDB, 0x9EDB, 0x9EDB, 0x9EDB,
    0x8E9B, 0x8E9B, 0x8E9B, 0x8E9B, 0x8E9B, 0x8E9B, 0x8E9B, 0x8E9B, 0x8E9B, 0x8E9B, 0x8E9B, 0x8E9B, 0x8E9B, 0x8E9B, 0x8E9B, 0x8E9B,
    0x8E9B, 0x8E9B, 0x8E9B, 0x8E9B, 0x8E9B, 0x8E9B, 0x8E9B, 0x8E9B, 0x8E9B, 0x8E9B, 0x8E9B, 0x8E9B, 0x8E9B, 0x8E9B, 0x8E9B, 0x8E9B,
    0x8E9B, 0x8E9B, 0x8E9B, 0x8E9B, 0x8E9B, 0x8E9B, 0x8E9B, 0x8E9B, 0x8E9B, 0x8E9B, 0x8E9B, 0x8E9B, 0x8E9B, 0x8E9B, 0x8E9B, 0x8E9B,
    0x8E9B, 0x8E9B, 0x8E9B, 0x8E9B, 0x8E9B, 0x8E9B, 0x8E9B, 0x8E9B, 0x8E9B, 0x8E9B, 0x8E9B, 0x8E9B, 0x8E9B, 0x8E9B, 0x8E9B, 0x8E9B,
    0x8E9B, 0x8E9B, 0x8E9B, 0x8E9B, 0x8E9B, 0x8E9B, 0x8E9B, 0x8E9B, 0x8E9B, 0x8E9B, 0x8E9B, 0x8E9B, 0x8E9B, 0x8E9B, 0x8E9B, 0x8E9B,
    0x74F5, 0x74F5, 0x74F5, 0x74F5, 0x74F5, 0x74F5, 0x74F5, 0x74F5, 0x74F5, 0x74F5, 0x74F5, 0x74F5, 0x74F5, 0x74F5, 0x74F5, 0x74F5,
    0x528D, 0x528D, 0x528D, 0x528D, 0x528D, 0x528D, 0x528D, 0x528D, 0x528D, 0x528D, 0x528D, 0x528D, 0x528D, 0x528D, 0x528D, 0x528D,
    0x9D14, 0x9D14, 0x9D14, 0x9D14, 0x9D14, 0x9D14, 0x9D14, 0x9D14, 0x9D14, 0x9D14, 0x9D14, 0x9D14, 0x9D14, 0x9D14, 0x9D14, 0x9D14,
    0xD6DA, 0xD6DA, 0xD6DA, 0xD6DA, 0xD6DA, 0xD6DA, 0xD6DA, 0xD6DA, 0xD6DA, 0xD6DA, 0xD6DA, 0xD6DA, 0xD6DA, 0xD6DA, 0xD6DA, 0xD6DA,
    0xD6DA, 0xD6DA, 0xD6DA, 0xD6DA, 0xD6DA, 0xD6DA, 0xD6DA, 0xD6DA, 0xD6DA, 0xD6DA, 0xD6DA, 0xD6DA, 0xD6DA, 0xD6DA, 0xD6DA, 0xD6DA,
    0xE73C, 0xE73C, 0xE73C, 0xE73C, 0xE73C, 0xE73C, 0xE73C, 0xE73C, 0xE73C, 0xE73C, 0xE73C, 0xE73C, 0xE73C, 0xE73C, 0xE73C, 0xE73C
};

const short poke_mart_interior_tile_32[TILE_SIZE * TILE_SIZE] = {
    0xFFDF, 0xFFDF, 0xFFDF, 0xFFDF, 0xFFDF, 0xFFDF, 0xFFDF, 0xFFDF, 0xFFDF, 0xFFDF, 0xFFDF, 0xFFDF, 0xFFDF, 0xFFDF, 0xFFDF, 0xFFDF,
    0xFFDF, 0xFFDF, 0xFFDF, 0xFFDF, 0xFFDF, 0xFFDF, 0xFFDF, 0xFFDF, 0xFFDF, 0xFFDF, 0xFFDF, 0xFFDF, 0xFFDF, 0xFFDF, 0xFFDF, 0xFFDF,
    0xFFDF, 0xFFDF, 0xFFDF, 0xFFDF, 0xFFDF, 0xFFDF, 0xFFDF, 0xFFDF, 0xFFDF, 0xFFDF, 0xFFDF, 0xFFDF, 0xFFDF, 0xFFDF, 0xFFDF, 0xFFDF,
    0xE79E, 0xE79E, 0xE79E, 0xE79E, 0xE79E, 0xE79E, 0xE79E, 0xE79E, 0xE79E, 0xE79E, 0xE79E, 0xE79E, 0xE79E, 0xE79E, 0xE79E, 0xE79E,
    0x9EDB, 0x9EDB, 0x9EDB, 0x9EDB, 0x9EDB, 0x9EDB, 0x9EDB, 0x9EDB, 0x9EDB, 0x9EDB, 0x9EDB, 0x9EDB, 0x9EDB, 0x9EDB, 0x9EDB, 0x9EDB,
    0x8E9B, 0x8E9B, 0x8E9B, 0x8E9B, 0x8E9B, 0x8E9B, 0x8E9B, 0x8E9B, 0x8E9B, 0x8E9B, 0x8E9B, 0x8E9B, 0x8E9B, 0x8E9B, 0x8E9B, 0x8E9B,
    0x8E9B, 0x8E9B, 0x8E9B, 0x8E9B, 0x8E9B, 0x8E9B, 0x8E9B, 0x8E9B, 0x8E9B, 0x8E9B, 0x8E9B, 0x8E9B, 0x8E9B, 0x8E9B, 0x8E9B, 0x8E9B,
    0x8E9B, 0x8E9B, 0x8E9B, 0x8E9B, 0x8E9B, 0x8E9B, 0x8E9B, 0x8E9B, 0x8E9B, 0x8E9B, 0x8E9B, 0x8E9B, 0x8E9B, 0x8E9B, 0x8E9B, 0x8E9B,
    0x8E9B, 0x8E9B, 0x8E9B, 0x8E9B, 0x8E9B, 0x8E9B, 0x8E9B, 0x8E9B, 0x8E9B, 0x8E9B, 0x8E9B, 0x8E9B, 0x8E9B, 0x8E9B, 0x8E9B, 0x8E9B,
    0x8E9B, 0x8E9B, 0x8E9B, 0x8E9B, 0x8E9B, 0x8E9B, 0x8E9B, 0x8E9B, 0x8E9B, 0x8E9B, 0x8E9B, 0x8E9B, 0x8E9B, 0x8E9B, 0x8E9B, 0x8E9B,
    0x74F5, 0x74F5, 0x74F5, 0x74F5, 0x74F5, 0x74F5, 0x74F5, 0x74F5, 0x74F5, 0x74F5, 0x74F5, 0x74F5, 0x74F5, 0x74F5, 0x74F5, 0x74F5,
    0x528D, 0x528D, 0x528D, 0x528D, 0x528D, 0x528D, 0x528D, 0x528D, 0x528D, 0x528D, 0x528D, 0x528D, 0x528D, 0x528D, 0x528D, 0x528D,
    0x9D14, 0x9D14, 0x9D14, 0x9D14, 0x9D14, 0x9D14, 0x9D14, 0x9D14, 0x9D14, 0x9D14, 0x9D14, 0x9D14, 0x9D14, 0x9D14, 0x9D14, 0x9D14,
    0xD6DA, 0xD6DA, 0xD6DA, 0xD6DA, 0xD6DA, 0xD6DA, 0xD6DA, 0xD6DA, 0xD6DA, 0xD6DA, 0xD6DA, 0xD6DA, 0xD6DA, 0xD6DA, 0xD6DA, 0xD6DA,
    0xD6DA, 0xD6DA, 0xD6DA, 0xD6DA, 0xD6DA, 0xD6DA, 0xD6DA, 0xD6DA, 0xD6DA, 0xD6DA, 0xD6DA, 0xD6DA, 0xD6DA, 0xD6DA, 0xD6DA, 0xD6DA,
    0xE73C, 0xE73C, 0xE73C, 0xE73C, 0xE73C, 0xE73C, 0xE73C, 0xE73C, 0xE73C, 0xE73C, 0xE73C, 0xE73C, 0xE73C, 0xE73C, 0xE73C, 0xE73C
};

const short poke_mart_interior_tile_33[TILE_SIZE * TILE_SIZE] = {
    0xFFDF, 0xFFDF, 0xFFDF, 0xFFDF, 0xFFDF, 0xFFDF, 0xFFDF, 0xFFDF, 0xFFDF, 0xFFDF, 0xFFDF, 0xFFDF, 0xFFDF, 0xFFDF, 0xFFDF, 0xFFDF,
    0xFFDF, 0xFFDF, 0xFFDF, 0xFFDF, 0xFFDF, 0xFFDF, 0xFFDF, 0xFFDF, 0xFFDF, 0xFFDF, 0xFFDF, 0xFFDF, 0xFFDF, 0xFFDF, 0xFFDF, 0xFFDF,
    0xFFDF, 0xFFDF, 0xFFDF, 0xFFDF, 0xFFDF, 0xFFDF, 0xFFDF, 0xFFDF, 0xFFDF, 0xFFDF, 0xFFDF, 0xFFDF, 0xFFDF, 0xFFDF, 0xFFDF, 0xFFDF,
    0xE79E, 0xE79E, 0xE79E, 0xE79E, 0xE79E, 0xE79E, 0xE79E, 0xE79E, 0xE79E, 0xE79E, 0xE79E, 0xE79E, 0xE79E, 0xE79E, 0xE79E, 0xE79E,
    0x9EDB, 0x9EDB, 0x9EDB, 0x9EDB, 0x9EDB, 0x9EDB, 0x9EDB, 0x9EDB, 0x9EDB, 0x9EDB, 0x9EDB, 0x9EDB, 0x9EDB, 0x9EDB, 0x9EDB, 0x9EDB,
    0x8E9B, 0x8E9B, 0x8E9B, 0x8E9B, 0x8E9B, 0x8E9B, 0x8E9B, 0x8E9B, 0x8E9B, 0x8E9B, 0x8E9B, 0x8E9B, 0x8E9B, 0x8E9B, 0x8E9B, 0x8E9B,
    0x8E9B, 0x8E9B, 0x8E9B, 0x8E9B, 0x8E9B, 0x8E9B, 0x8E9B, 0x8E9B, 0x8E9B, 0x8E9B, 0x8E9B, 0x8E9B, 0x8E9B, 0x8E9B, 0x8E9B, 0x8E9B,
    0x8E9B, 0x8E9B, 0x8E9B, 0x8E9B, 0x8E9B, 0x8E9B, 0x8E9B, 0x8E9B, 0x8E9B, 0x8E9B, 0x8E9B, 0x8E9B, 0x8E9B, 0x8E9B, 0x8E9B, 0x8E9B,
    0x8E9B, 0x8E9B, 0x8E9B, 0x8E9B, 0x8E9B, 0x8E9B, 0x8E9B, 0x8E9B, 0x8E9B, 0x8E9B, 0x8E9B, 0x8E9B, 0x8E9B, 0x8E9B, 0x8E9B, 0x8E9B,
    0x8E9B, 0x8E9B, 0x8E9B, 0x8E9B, 0x8E9B, 0x8E9B, 0x8E9B, 0x8E9B, 0x8E9B, 0x8E9B, 0x8E9B, 0x8E9B, 0x8E9B, 0x8E9B, 0x8E9B, 0x8E9B,
    0x74F5, 0x74F5, 0x74F5, 0x74F5, 0x74F5, 0x74F5, 0x74F5, 0x74F5, 0x74F5, 0x74F5, 0x74F5, 0x74F5, 0x74F5, 0x74F5, 0x74F5, 0x74F5,
    0x528D, 0x528D, 0x528D, 0x528D, 0x528D, 0x528D, 0x528D, 0x528D, 0x528D, 0x528D, 0x528D, 0x528D, 0x528D, 0x528D, 0x528D, 0x528D,
    0x9D14, 0x9D14, 0x9D14, 0x9D14, 0x9D14, 0x9D14, 0x9D14, 0x9D14, 0x9D14, 0x9D14, 0x9D14, 0x9D14, 0x9D14, 0x9D14, 0x9D14, 0x9D14,
    0xD6DA, 0xD6DA, 0xD6DA, 0xD6DA, 0xD6DA, 0xD6DA, 0xD6DA, 0xD6DA, 0xD6DA, 0xD6DA, 0xD6DA, 0xD6DA, 0xD6DA, 0xD6DA, 0xD6DA, 0xD6DA,
    0xD6DA, 0xD6DA, 0xD6DA, 0xD6DA, 0xD6DA, 0xD6DA, 0xD6DA, 0xD6DA, 0xD6DA, 0xD6DA, 0xD6DA, 0xD6DA, 0xD6DA, 0xD6DA, 0xD6DA, 0xD6DA,
    0xE73C, 0xE73C, 0xE73C, 0xE73C, 0xE73C, 0xE73C, 0xE73C, 0xE73C, 0xE73C, 0xE73C, 0xE73C, 0xE73C, 0xE73C, 0xE73C, 0xE73C, 0xE73C
};

const short poke_mart_interior_tile_34[TILE_SIZE * TILE_SIZE] = {
    0xFFDF, 0xFFDF, 0xFFDF, 0xFFDF, 0xFFDF, 0xFFDF, 0xFFDF, 0xFFDF, 0xFFDF, 0xFFDF, 0xFFDF, 0xFFDF, 0xFFDF, 0xFFDF, 0xFFDF, 0xFFDF,
    0xFFDF, 0xFFDF, 0xFFDF, 0xFFDF, 0xFFDF, 0xFFDF, 0xFFDF, 0xFFDF, 0xFFDF, 0xFFDF, 0xFFDF, 0xFFDF, 0xFFDF, 0xFFDF, 0xFFDF, 0xFFDF,
    0xFFDF, 0xFFDF, 0xFFDF, 0xFFDF, 0xFFDF, 0xFFDF, 0xFFDF, 0xFFDF, 0xFFDF, 0xFFDF, 0xFFDF, 0xFFDF, 0xFFDF, 0xFFDF, 0xFFDF, 0xFFDF,
    0xE79E, 0xE79E, 0xE79E, 0xE79E, 0xE79E, 0xE79E, 0xE79E, 0xE79E, 0xE79E, 0xE79E, 0xE79E, 0xE79E, 0xE79E, 0xE79E, 0xE79E, 0xE79E,
    0x9EDB, 0x9EDB, 0x9EDB, 0x9EDB, 0x9EDB, 0x9EDB, 0x9EDB, 0x9EDB, 0x9EDB, 0x9EDB, 0x9EDB, 0x9EDB, 0x9EDB, 0x9EDB, 0x9EDB, 0x9EDB,
    0x8E9B, 0x8E9B, 0x8E9B, 0x8E9B, 0x8E9B, 0x8E9B, 0x8E9B, 0x8E9B, 0x8E9B, 0x8E9B, 0x8E9B, 0x8E9B, 0x8E9B, 0x8E9B, 0x8E9B, 0x8E9B,
    0x8E9B, 0x8E9B, 0x8E9B, 0x8E9B, 0x8E9B, 0x8E9B, 0x8E9B, 0x8E9B, 0x8E9B, 0x8E9B, 0x8E9B, 0x8E9B, 0x8E9B, 0x8E9B, 0x8E9B, 0x8E9B,
    0x8E9B, 0x8E9B, 0x8E9B, 0x8E9B, 0x8E9B, 0x8E9B, 0x8E9B, 0x8E9B, 0x8E9B, 0x8E9B, 0x8E9B, 0x8E9B, 0x8E9B, 0x8E9B, 0x8E9B, 0x8E9B,
    0x8E9B, 0x8E9B, 0x8E9B, 0x8E9B, 0x8E9B, 0x8E9B, 0x8E9B, 0x8E9B, 0x8E9B, 0x8E9B, 0x8E9B, 0x8E9B, 0x8E9B, 0x8E9B, 0x8E9B, 0x8E9B,
    0x8E9B, 0x8E9B, 0x8E9B, 0x8E9B, 0x8E9B, 0x8E9B, 0x8E9B, 0x8E9B, 0x8E9B, 0x8E9B, 0x8E9B, 0x8E9B, 0x8E9B, 0x8E9B, 0x8E9B, 0x8E9B,
    0x74F5, 0x74F5, 0x74F5, 0x74F5, 0x74F5, 0x74F5, 0x74F5, 0x74F5, 0x74F5, 0x74F5, 0x74F5, 0x74F5, 0x74F5, 0x74F5, 0x74F5, 0x74F5,
    0x528D, 0x528D, 0x528D, 0x528D, 0x528D, 0x528D, 0x528D, 0x528D, 0x528D, 0x528D, 0x528D, 0x528D, 0x528D, 0x528D, 0x528D, 0x528D,
    0x9D14, 0x9D14, 0x9D14, 0x9D14, 0x9D14, 0x9D14, 0x9D14, 0x9D14, 0x9D14, 0x9D14, 0x9D14, 0x9D14, 0x9D14, 0x9D14, 0x9D14, 0x9D14,
    0xD6DA, 0xD6DA, 0xD6DA, 0xD6DA, 0xD6DA, 0xD6DA, 0xD6DA, 0xD6DA, 0xD6DA, 0xD6DA, 0xD6DA, 0xD6DA, 0xD6DA, 0xD6DA, 0xD6DA, 0xD6DA,
    0xD6DA, 0xD6DA, 0xD6DA, 0xD6DA, 0xD6DA, 0xD6DA, 0xD6DA, 0xD6DA, 0xD6DA, 0xD6DA, 0xD6DA, 0xD6DA, 0xD6DA, 0xD6DA, 0xD6DA, 0xD6DA,
    0xE73C, 0xE73C, 0xE73C, 0xE73C, 0xE73C, 0xE73C, 0xE73C, 0xE73C, 0xE73C, 0xE73C, 0xE73C, 0xE73C, 0xE73C, 0xE73C, 0xE73C, 0xE73C
};

const short poke_mart_interior_tile_35[TILE_SIZE * TILE_SIZE] = {
    0xFFDF, 0xFFDF, 0xFFDF, 0xFFDF, 0xFFDF, 0xFFDF, 0xFFDF, 0xFFDF, 0xFFDF, 0xFFDF, 0xFFDF, 0xFFDF, 0xFFDF, 0xFFDF, 0xFFDF, 0xFFDF,
    0xFFDF, 0xFFDF, 0xFFDF, 0xFFDF, 0xFFDF, 0xFFDF, 0xFFDF, 0xFFDF, 0xFFDF, 0xFFDF, 0xFFDF, 0xFFDF, 0xFFDF, 0xFFDF, 0xFFDF, 0xFFDF,
    0xFFDF, 0xFFDF, 0xFFDF, 0xFFDF, 0xFFDF, 0xFFDF, 0xFFDF, 0xFFDF, 0xFFDF, 0xFFDF, 0xFFDF, 0xFFDF, 0xFFDF, 0xFFDF, 0xFFDF, 0xFFDF,
    0xE79E, 0xE79E, 0xE79E, 0xE79E, 0xE79E, 0xE79E, 0xE79E, 0xE79E, 0xE79E, 0xE79E, 0xE79E, 0xE79E, 0xE79E, 0xE79E, 0xE79E, 0xE79E,
    0x9EDB, 0x9EDB, 0x9EDB, 0x9EDB, 0x9EDB, 0x9EDB, 0x9EDB, 0x9EDB, 0x9EDB, 0x9EDB, 0x9EDB, 0x9EDB, 0x9EDB, 0x9EDB, 0x9EDB, 0x9EDB,
    0x8E9B, 0x8E9B, 0x8E9B, 0x8E9B, 0x8E9B, 0x8E9B, 0x8E9B, 0x8E9B, 0x8E9B, 0x8E9B, 0x8E9B, 0x8E9B, 0x8E9B, 0x8E9B, 0x8E9B, 0x8E9B,
    0x8E9B, 0x8E9B, 0x8E9B, 0x8E9B, 0x8E9B, 0x8E9B, 0x8E9B, 0x8E9B, 0x8E9B, 0x8E9B, 0x8E9B, 0x8E9B, 0x8E9B, 0x8E9B, 0x8E9B, 0x8E9B,
    0x8E9B, 0x8E9B, 0x8E9B, 0x8E9B, 0x8E9B, 0x8E9B, 0x8E9B, 0x8E9B, 0x8E9B, 0x8E9B, 0x8E9B, 0x8E9B, 0x8E9B, 0x8E9B, 0x8E9B, 0x8E9B,
    0x8E9B, 0x8E9B, 0x8E9B, 0x8E9B, 0x8E9B, 0x8E9B, 0x8E9B, 0x8E9B, 0x8E9B, 0x8E9B, 0x8E9B, 0x8E9B, 0x8E9B, 0x8E9B, 0x8E9B, 0x8E9B,
    0x8E9B, 0x8E9B, 0x8E9B, 0x8E9B, 0x8E9B, 0x8E9B, 0x8E9B, 0x8E9B, 0x8E9B, 0x8E9B, 0x8E9B, 0x8E9B, 0x8E9B, 0x8E9B, 0x8E9B, 0x8E9B,
    0x74F5, 0x74F5, 0x74F5, 0x74F5, 0x74F5, 0x74F5, 0x74F5, 0x74F5, 0x74F5, 0x74F5, 0x74F5, 0x74F5, 0x74F5, 0x74F5, 0x74F5, 0x74F5,
    0x528D, 0x528D, 0x528D, 0x528D, 0x528D, 0x528D, 0x528D, 0x528D, 0x528D, 0x528D, 0x528D, 0x528D, 0x528D, 0x528D, 0x528D, 0x528D,
    0x9D14, 0x9D14, 0x9D14, 0x9D14, 0x9D14, 0x9D14, 0x9D14, 0x9D14, 0x9D14, 0x9D14, 0x9D14, 0x9D14, 0x9D14, 0x9D14, 0x9D14, 0x9D14,
    0xD6DA, 0xD6DA, 0xD6DA, 0xD6DA, 0xD6DA, 0xD6DA, 0xD6DA, 0xD6DA, 0xD6DA, 0xD6DA, 0xD6DA, 0xD6DA, 0xD6DA, 0xD6DA, 0xD6DA, 0xD6DA,
    0xD6DA, 0xD6DA, 0xD6DA, 0xD6DA, 0xD6DA, 0xD6DA, 0xD6DA, 0xD6DA, 0xD6DA, 0xD6DA, 0xD6DA, 0xD6DA, 0xD6DA, 0xD6DA, 0xD6DA, 0xD6DA,
    0xE73C, 0xE73C, 0xE73C, 0xE73C, 0xE73C, 0xE73C, 0xE73C, 0xE73C, 0xE73C, 0xE73C, 0xE73C, 0xE73C, 0xE73C, 0xE73C, 0xE73C, 0xE73C
};

const short poke_mart_interior_tile_36[TILE_SIZE * TILE_SIZE] = {
    0xFFDF, 0xFFDF, 0xFFDF, 0xFFDF, 0xFFDF, 0xFFDF, 0xFFDF, 0xFFDF, 0xFFDF, 0xFFDF, 0xFFDF, 0xFFDF, 0xFFDF, 0xFFDF, 0xFFDF, 0xFFDF,
    0xFFDF, 0xFFDF, 0xFFDF, 0xFFDF, 0xFFDF, 0xFFDF, 0xFFDF, 0xFFDF, 0xFFDF, 0xFFDF, 0xFFDF, 0xFFDF, 0xFFDF, 0xFFDF, 0xFFDF, 0xFFDF,
    0xFFDF, 0xFFDF, 0xFFDF, 0xFFDF, 0xFFDF, 0xFFDF, 0xFFDF, 0xFFDF, 0xFFDF, 0xFFDF, 0xFFDF, 0xFFDF, 0xFFDF, 0xFFDF, 0xFFDF, 0xFFDF,
    0xE79E, 0xE79E, 0xE79E, 0xE79E, 0xE79E, 0xE79E, 0xE79E, 0xE79E, 0xE79E, 0xE79E, 0xE79E, 0xE79E, 0xE79E, 0xE79E, 0xE79E, 0xE79E,
    0x9EDB, 0x9EDB, 0x9EDB, 0x9EDB, 0x9EDB, 0x9EDB, 0x9EDB, 0x9EDB, 0x9EDB, 0x9EDB, 0x9EDB, 0x9EDB, 0x9EDB, 0x9EDB, 0x9EDB, 0x9EDB,
    0x8E9B, 0x8E9B, 0x8E9B, 0x8E9B, 0x8E9B, 0x8E9B, 0x8E9B, 0x8E9B, 0x8E9B, 0x8E9B, 0x8E9B, 0x8E9B, 0x8E9B, 0x8E9B, 0x8E9B, 0x8E9B,
    0x8E9B, 0x8E9B, 0x8E9B, 0x8E9B, 0x8E9B, 0x8E9B, 0x8E9B, 0x8E9B, 0x8E9B, 0x8E9B, 0x8E9B, 0x8E9B, 0x8E9B, 0x8E9B, 0x8E9B, 0x8E9B,
    0x8E9B, 0x8E9B, 0x8E9B, 0x8E9B, 0x8E9B, 0x8E9B, 0x8E9B, 0x8E9B, 0x8E9B, 0x8E9B, 0x8E9B, 0x8E9B, 0x8E9B, 0x8E9B, 0x8E9B, 0x8E9B,
    0x8E9B, 0x8E9B, 0x8E9B, 0x8E9B, 0x8E9B, 0x8E9B, 0x8E9B, 0x8E9B, 0x8E9B, 0x8E9B, 0x8E9B, 0x8E9B, 0x8E9B, 0x8E9B, 0x8E9B, 0x8E9B,
    0x8E9B, 0x8E9B, 0x8E9B, 0x8E9B, 0x8E9B, 0x8E9B, 0x8E9B, 0x8E9B, 0x8E9B, 0x8E9B, 0x8E9B, 0x8E9B, 0x8E9B, 0x8E9B, 0x8E9B, 0x8E9B,
    0x74F5, 0x74F5, 0x74F5, 0x74F5, 0x74F5, 0x74F5, 0x74F5, 0x74F5, 0x74F5, 0x74F5, 0x74F5, 0x74F5, 0x74F5, 0x74F5, 0x74F5, 0x74F5,
    0x528D, 0x528D, 0x528D, 0x528D, 0x528D, 0x528D, 0x528D, 0x528D, 0x528D, 0x528D, 0x528D, 0x528D, 0x528D, 0x528D, 0x528D, 0x528D,
    0x9D14, 0x9D14, 0x9D14, 0x9D14, 0x9D14, 0x9D14, 0x9D14, 0x9D14, 0x9D14, 0x9D14, 0x9D14, 0x9D14, 0x9D14, 0x9D14, 0x9D14, 0x9D14,
    0xD6DA, 0xD6DA, 0xD6DA, 0xD6DA, 0xD6DA, 0xD6DA, 0xD6DA, 0xD6DA, 0xD6DA, 0xD6DA, 0xD6DA, 0xD6DA, 0xD6DA, 0xD6DA, 0xD6DA, 0xD6DA,
    0xD6DA, 0xD6DA, 0xD6DA, 0xD6DA, 0xD6DA, 0xD6DA, 0xD6DA, 0xD6DA, 0xD6DA, 0xD6DA, 0xD6DA, 0xD6DA, 0xD6DA, 0xD6DA, 0xD6DA, 0xD6DA,
    0xE73C, 0xE73C, 0xE73C, 0xE73C, 0xE73C, 0xE73C, 0xE73C, 0xE73C, 0xE73C, 0xE73C, 0xE73C, 0xE73C, 0xE73C, 0xE73C, 0xE73C, 0xE73C
};

const short poke_mart_interior_tile_37[TILE_SIZE * TILE_SIZE] = {
    0xFFDF, 0xFFDF, 0xFFDF, 0xFFDF, 0xFFDF, 0xFFDF, 0xFFDF, 0xFFDF, 0xFFDF, 0xFFDF, 0xFFDF, 0xFFDF, 0xFFDF, 0xFFDF, 0xFFDF, 0xFFDF,
    0xFFDF, 0xFFDF, 0xFFDF, 0xFFDF, 0xFFDF, 0xFFDF, 0xFFDF, 0xFFDF, 0xFFDF, 0xFFDF, 0xFFDF, 0xFFDF, 0xFFDF, 0xFFDF, 0xFFDF, 0xFFDF,
    0xFFDF, 0xFFDF, 0xFFDF, 0xFFDF, 0xFFDF, 0xFFDF, 0xFFDF, 0xFFDF, 0xFFDF, 0xFFDF, 0xFFDF, 0xFFDF, 0xFFDF, 0xFFDF, 0xFFDF, 0xFFDF,
    0xE79E, 0xE79E, 0xE79E, 0xE79E, 0xE79E, 0xE79E, 0xE79E, 0xE79E, 0xE79E, 0xE79E, 0xE79E, 0xE79E, 0xE79E, 0xE79E, 0xE79E, 0xE79E,
    0x9EDB, 0x9EDB, 0x9EDB, 0x9EDB, 0x9EDB, 0x9EDB, 0x9EDB, 0x9EDB, 0x9EDB, 0x9EDB, 0x9EDB, 0x9EDB, 0x9EDB, 0x9EDB, 0x9EDB, 0x9EDB,
    0x8E9B, 0x8E9B, 0x8E9B, 0x8E9B, 0x8E9B, 0x8E9B, 0x8E9B, 0x8E9B, 0x8E9B, 0x8E9B, 0x8E9B, 0x8E9B, 0x8E9B, 0x8E9B, 0x8E9B, 0x8E9B,
    0x8E9B, 0x8E9B, 0x8E9B, 0x8E9B, 0x8E9B, 0x8E9B, 0x8E9B, 0x8E9B, 0x8E9B, 0x8E9B, 0x8E9B, 0x8E9B, 0x8E9B, 0x8E9B, 0x8E9B, 0x8E9B,
    0x8E9B, 0x8E9B, 0x8E9B, 0x8E9B, 0x8E9B, 0x8E9B, 0x8E9B, 0x8E9B, 0x8E9B, 0x8E9B, 0x8E9B, 0x8E9B, 0x8E9B, 0x8E9B, 0x8E9B, 0x8E9B,
    0x8E9B, 0x8E9B, 0x8E9B, 0x8E9B, 0x8E9B, 0x8E9B, 0x8E9B, 0x8E9B, 0x8E9B, 0x8E9B, 0x8E9B, 0x8E9B, 0x8E9B, 0x8E9B, 0x8E9B, 0x8E9B,
    0x8E9B, 0x8E9B, 0x8E9B, 0x8E9B, 0x8E9B, 0x8E9B, 0x8E9B, 0x8E9B, 0x8E9B, 0x8E9B, 0x8E9B, 0x8E9B, 0x8E9B, 0x8E9B, 0x8E9B, 0x8E9B,
    0x74F5, 0x74F5, 0x74F5, 0x74F5, 0x74F5, 0x74F5, 0x74F5, 0x74F5, 0x74F5, 0x74F5, 0x74F5, 0x74F5, 0x74F5, 0x74F5, 0x74F5, 0x74F5,
    0x528D, 0x528D, 0x528D, 0x528D, 0x528D, 0x528D, 0x528D, 0x528D, 0x528D, 0x528D, 0x528D, 0x528D, 0x528D, 0x528D, 0x528D, 0x528D,
    0x9D14, 0x9D14, 0x9D14, 0x9D14, 0x9D14, 0x9D14, 0x9D14, 0x9D14, 0x9D14, 0x9D14, 0x9D14, 0x9D14, 0x9D14, 0x9D14, 0x9D14, 0x9D14,
    0xD6DA, 0xD6DA, 0xD6DA, 0xD6DA, 0xD6DA, 0xD6DA, 0xD6DA, 0xD6DA, 0xD6DA, 0xD6DA, 0xD6DA, 0xD6DA, 0xD6DA, 0xD6DA, 0xD6DA, 0xD6DA,
    0xD6DA, 0xD6DA, 0xD6DA, 0xD6DA, 0xD6DA, 0xD6DA, 0xD6DA, 0xD6DA, 0xD6DA, 0xD6DA, 0xD6DA, 0xD6DA, 0xD6DA, 0xD6DA, 0xD6DA, 0xD6DA,
    0xE73C, 0xE73C, 0xE73C, 0xE73C, 0xE73C, 0xE73C, 0xE73C, 0xE73C, 0xE73C, 0xE73C, 0xE73C, 0xE73C, 0xE73C, 0xE73C, 0xE73C, 0xE73C
};

const short poke_mart_interior_tile_38[TILE_SIZE * TILE_SIZE] = {
    0xFFDF, 0xFFDF, 0xFFDF, 0xFFDF, 0xFFDF, 0xFFDF, 0xFFDF, 0xFFDF, 0xFFDF, 0xFFDF, 0xDEFB, 0xB595, 0x630B, 0x2944, 0x0000, 0x0000,
    0xFFDF, 0xFFDF, 0xFFDF, 0xFFDF, 0xFFDF, 0xFFDF, 0xFFDF, 0xFFDF, 0xFFDF, 0xFFDF, 0xFFDF, 0xEF5C, 0xBDF6, 0x6B4C, 0x0000, 0x0000,
    0xFFDF, 0xFFDF, 0xFFDF, 0xFFDF, 0xFFDF, 0xFFDF, 0xFFDF, 0xFFDF, 0xFFDF, 0xFFDF, 0xFFDF, 0xF79E, 0xE71B, 0xAD74, 0x6B4C, 0x2944,
    0xE79E, 0xE79E, 0xE79E, 0xE79E, 0xE79E, 0xEFBE, 0xFFDF, 0xFFDF, 0xFFDF, 0xFFDF, 0xFFDF, 0xFFDF, 0xFFDF, 0xE71B, 0xBDF6, 0x630B,
    0x9EDB, 0x9EDB, 0x9EDB, 0x9EDB, 0x9EDB, 0xD75D, 0xFFDF, 0xFFDF, 0xFFDF, 0xFFDF, 0xFFDF, 0xFFDF, 0xFFDF, 0xF79E, 0xEF5C, 0xB595,
    0x8E9B, 0x8E9B, 0x8E9B, 0x8E9B, 0x8E9B, 0xB6FC, 0xD75D, 0xEFBE, 0xFFDF, 0xFFDF, 0xFFDF, 0xFFDF, 0xFFDF, 0xFFDF, 0xFFDF, 0xDEFB,
    0x8E9B, 0x8E9B, 0x8E9B, 0x8E9B, 0x8E9B, 0x8E9B, 0x9EDB, 0xE79E, 0xFFDF, 0xFFDF, 0xFFDF, 0xFFDF, 0xFFDF, 0xFFDF, 0xFFDF, 0xFFDF,
    0x8E9B, 0x8E9B, 0x8E9B, 0x8E9B, 0x8E9B, 0x8639, 0x8E38, 0xAEDB, 0xCF5D, 0xFFDF, 0xFFDF, 0xFFDF, 0xFFDF, 0xFFDF, 0xFFDF, 0xFFDF,
    0x8E9B, 0x8E9B, 0x8E9B, 0x8E9B, 0x8E9B, 0x85F8, 0x85B6, 0x8639, 0xAEDB, 0xE79E, 0xEFBE, 0xFFDF, 0xFFDF, 0xFFDF, 0xFFDF, 0xFFDF,
    0x8E9B, 0x8E9B, 0x8E9B, 0x8E9B, 0x8E9B, 0x85F8, 0x8596, 0x85B6, 0x8E38, 0x9EDB, 0xD75D, 0xFFDF, 0xFFDF, 0xFFDF, 0xFFDF, 0xFFDF,
    0x74F5, 0x74F5, 0x74F5, 0x74F5, 0x74F5, 0x7D55, 0x8596, 0x8596, 0x85D7, 0x8619, 0xAEDB, 0xD75D, 0xEFBE, 0xFFDF, 0xFFDF, 0xFFDF,
    0x528D, 0x528D, 0x528D, 0x528D, 0x528D, 0x6C52, 0x8596, 0x8596, 0x8596, 0x8596, 0x8619, 0x9EDB, 0xE79E, 0xFFDF, 0xFFDF, 0xFFDF,
    0x9D14, 0x9D14, 0x9D14, 0x9D14, 0x9D14, 0x7C52, 0x6C11, 0x7D34, 0x8596, 0x8596, 0x85D7, 0x8E38, 0xAEDB, 0xCF5D, 0xFFDF, 0xFFDF,
    0xD6DA, 0xD6DA, 0xD6DA, 0xD6DA, 0xD6DA, 0x8C93, 0x636F, 0x7493, 0x7D34, 0x8596, 0x8596, 0x85B6, 0x8639, 0xAEDB, 0xE79E, 0xEFBE,
    0xD6DA, 0xD6DA, 0xD6DA, 0xD6DA, 0xD6DA, 0xB5B5, 0x8C91, 0x636F, 0x6C11, 0x8596, 0x8596, 0x8596, 0x85B6, 0x8E38, 0x9EDB, 0xD75D,
    0xE73C, 0xE73C, 0xE73C, 0xE73C, 0xE73C, 0xC637, 0xA533, 0x8410, 0x73F0, 0x6C52, 0x7D14, 0x8596, 0x8596, 0x85D7, 0x8619, 0xAEDB
};

const short poke_mart_interior_tile_39[TILE_SIZE * TILE_SIZE] = {
    0x0000, 0x0000, 0x0000, 0x0000, 0x0000, 0x0000, 0x0000, 0x0000, 0x0000, 0x0000, 0x0000, 0x0000, 0x0000, 0x0000, 0x0000, 0x0000,
    0x0000, 0x0000, 0x0000, 0x0000, 0x0000, 0x0000, 0x0000, 0x0000, 0x0000, 0x0000, 0x0000, 0x0000, 0x0000, 0x0000, 0x0000, 0x0000,
    0x0000, 0x0000, 0x0000, 0x0000, 0x0000, 0x0000, 0x0000, 0x0000, 0x0000, 0x0000, 0x0000, 0x0000, 0x0000, 0x0000, 0x0000, 0x0000,
    0x18E3, 0x0020, 0x0000, 0x0000, 0x0000, 0x0000, 0x0000, 0x0000, 0x0000, 0x0000, 0x0000, 0x0000, 0x0000, 0x0000, 0x0000, 0x0000,
    0x738C, 0x18E3, 0x0000, 0x0000, 0x0000, 0x0000, 0x0000, 0x0000, 0x0000, 0x0000, 0x0000, 0x0000, 0x0000, 0x0000, 0x0000, 0x0000,
    0xB595, 0x630B, 0x2944, 0x0000, 0x0000, 0x0000, 0x0000, 0x0000, 0x0000, 0x0000, 0x0000, 0x0000, 0x0000, 0x0000, 0x0000, 0x0000,
    0xEF5C, 0xBDF6, 0x6B4C, 0x0000, 0x0000, 0x0000, 0x0000, 0x0000, 0x0000, 0x0000, 0x0000, 0x0000, 0x0000, 0x0000, 0x0000, 0x0000,
    0xF79E, 0xE71B, 0x8430, 0x0000, 0x0000, 0x0000, 0x0000, 0x0000, 0x0000, 0x0000, 0x0000, 0x0000, 0x0000, 0x0000, 0x0000, 0x0000,
    0xFFDF, 0xFFDF, 0x94B2, 0x0000, 0x0000, 0x0000, 0x0000, 0x0000, 0x0000, 0x0000, 0x0000, 0x0000, 0x0000, 0x0000, 0x0000, 0x0000,
    0xFFDF, 0xFFDF, 0x94B2, 0x0000, 0x0000, 0x0000, 0x0000, 0x0000, 0x0000, 0x0000, 0x0000, 0x0000, 0x0000, 0x0000, 0x0000, 0x0000,
    0xFFDF, 0xFFDF, 0x94B2, 0x0000, 0x0000, 0x0000, 0x0000, 0x0000, 0x0000, 0x0000, 0x0000, 0x0000, 0x0000, 0x0000, 0x0000, 0x0000,
    0xFFDF, 0xFFDF, 0x94B2, 0x0000, 0x0000, 0x0000, 0x0000, 0x0000, 0x0000, 0x0000, 0x0000, 0x0000, 0x0000, 0x0000, 0x0000, 0x0000,
    0xFFDF, 0xFFDF, 0x94B2, 0x0000, 0x0000, 0x0000, 0x0000, 0x0000, 0x0000, 0x0000, 0x0000, 0x0000, 0x0000, 0x0000, 0x0000, 0x0000,
    0xFFDF, 0xFFDF, 0x94B2, 0x0000, 0x0000, 0x0000, 0x0000, 0x0000, 0x0000, 0x0000, 0x0000, 0x0000, 0x0000, 0x0000, 0x0000, 0x0000,
    0xFFDF, 0xFFDF, 0x94B2, 0x0000, 0x0000, 0x0000, 0x0000, 0x0000, 0x0000, 0x0000, 0x0000, 0x0000, 0x0000, 0x0000, 0x0000, 0x0000,
    0xD75D, 0xEFBE, 0x94B2, 0x0000, 0x0000, 0x0000, 0x0000, 0x0000, 0x0000, 0x0000, 0x0000, 0x0000, 0x0000, 0x0000, 0x0000, 0x0000
};

const short poke_mart_interior_tile_40[TILE_SIZE * TILE_SIZE] = {
    0x0000, 0x0000, 0x0000, 0x0000, 0x0000, 0x0000, 0x0000, 0x0000, 0x0000, 0x0000, 0x0000, 0x0000, 0x0000, 0x94B2, 0xE79E, 0x9EDB,
    0x0000, 0x0000, 0x0000, 0x0000, 0x0000, 0x0000, 0x0000, 0x0000, 0x0000, 0x0000, 0x0000, 0x0000, 0x0000, 0x6C31, 0xAEDB, 0x8E38,
    0x0000, 0x0000, 0x0000, 0x0000, 0x0000, 0x0000, 0x0000, 0x0000, 0x0000, 0x0000, 0x0000, 0x0000, 0x0000, 0x53CF, 0x8639, 0x85B6,
    0x0000, 0x0000, 0x0000, 0x0000, 0x0000, 0x0000, 0x0000, 0x0000, 0x0000, 0x0000, 0x0000, 0x0000, 0x0000, 0x4B6D, 0x85B6, 0x8596,
    0x0000, 0x0000, 0x0000, 0x0000, 0x0000, 0x0000, 0x0000, 0x0000, 0x0000, 0x0000, 0x0000, 0x0000, 0x0000, 0x4B4D, 0x8596, 0x8596,
    0x0000, 0x0000, 0x0000, 0x0000, 0x0000, 0x0000, 0x0000, 0x0000, 0x0000, 0x0000, 0x0000, 0x0000, 0x0000, 0x4B4D, 0x8596, 0x8596,
    0x0000, 0x0000, 0x0000, 0x0000, 0x0000, 0x0000, 0x0000, 0x0000, 0x0000, 0x0000, 0x0000, 0x0000, 0x0000, 0x4B4D, 0x7D34, 0x6C11,
    0x0000, 0x0000, 0x0000, 0x0000, 0x0000, 0x0000, 0x0000, 0x0000, 0x0000, 0x0000, 0x0000, 0x0000, 0x0000, 0x42EC, 0x7493, 0x636F,
    0x0000, 0x0000, 0x0000, 0x0000, 0x0000, 0x0000, 0x0000, 0x0000, 0x0000, 0x0000, 0x0000, 0x0000, 0x0000, 0x31E8, 0x636F, 0x8C91,
    0x0000, 0x0000, 0x0000, 0x0000, 0x0000, 0x0000, 0x0000, 0x0000, 0x0000, 0x0000, 0x0000, 0x0000, 0x0000, 0x4229, 0x8410, 0xA533,
    0x0000, 0x0000, 0x0000, 0x0000, 0x0000, 0x0000, 0x0000, 0x0000, 0x0000, 0x0000, 0x0000, 0x0000, 0x0000, 0x6B4C, 0xB594, 0xB594,
    0x0000, 0x0000, 0x0000, 0x0000, 0x0000, 0x0000, 0x0000, 0x0000, 0x0000, 0x0000, 0x0000, 0x0000, 0x0000, 0x6B4C, 0xB5B4, 0xBE16,
    0x0000, 0x0000, 0x0000, 0x0000, 0x0000, 0x0000, 0x0000, 0x0000, 0x0000, 0x0000, 0x0000, 0x0000, 0x0000, 0x6B6C, 0xBDF6, 0xCE99,
    0x0000, 0x0000, 0x0000, 0x0000, 0x0000, 0x0000, 0x0000, 0x0000, 0x0000, 0x0000, 0x0000, 0x0000, 0x0000, 0x7BEE, 0xCE99, 0xCEB9,
    0x0000, 0x0000, 0x0000, 0x0000, 0x0000, 0x0000, 0x0000, 0x0000, 0x0000, 0x0000, 0x0000, 0x0000, 0x0000, 0x7C0F, 0xD6DA, 0xD6DA,
    0x0000, 0x0000, 0x0000, 0x0000, 0x0000, 0x0000, 0x0000, 0x0000, 0x0000, 0x0000, 0x0000, 0x0000, 0x0000, 0x7C0F, 0xD6DA, 0xD6DA
};

const short poke_mart_interior_tile_41[TILE_SIZE * TILE_SIZE] = {
    0x8619, 0x8596, 0x8596, 0x8596, 0x8596, 0x6C52, 0x528D, 0x8C51, 0xB594, 0xB594, 0xCE78, 0xFFDF, 0xFFDF, 0xFFDF, 0xFFDF, 0xFFDF,
    0x85D7, 0x8596, 0x8596, 0x7D34, 0x6C11, 0x73F0, 0x8C51, 0xA512, 0xB5B4, 0xBE16, 0xDEDA, 0xFFDF, 0xFFDF, 0xFFDF, 0xFFDF, 0xFFDF,
    0x8596, 0x8596, 0x7D34, 0x7493, 0x636F, 0x8410, 0xB594, 0xB5B4, 0xBDF6, 0xCE99, 0xE73C, 0xFFDF, 0xFFDF, 0xFFDF, 0xFFDF, 0xFFDF,
    0x8596, 0x8596, 0x6C11, 0x636F, 0x8C91, 0xA533, 0xB594, 0xBE16, 0xCE99, 0xCEB9, 0xE73C, 0xFFDF, 0xFFDF, 0xFFDF, 0xFFDF, 0xFFDF,
    0x7D14, 0x6C52, 0x73F0, 0x8410, 0xA533, 0xB5B5, 0xBE16, 0xCE78, 0xD6DA, 0xD6DA, 0xE73C, 0xFFDF, 0xFFDF, 0xFFDF, 0xFFDF, 0xFFDF,
    0x6C52, 0x528D, 0x8C51, 0xB594, 0xB594, 0xBE16, 0xD6DA, 0xD6DA, 0xD6DA, 0xD6DA, 0xE73C, 0xFFDF, 0xFFDF, 0xFFDF, 0xFFDF, 0xFFDF,
    0x73F0, 0x8C51, 0xA512, 0xB5B4, 0xBE16, 0xCE78, 0xD6DA, 0xD6DA, 0xD6DA, 0xD6DA, 0xE73C, 0xFFDF, 0xFFDF, 0xFFDF, 0xFFDF, 0xFFDF,
    0x8410, 0xB594, 0xB5B4, 0xBDF6, 0xCE99, 0xD6DA, 0xD6DA, 0xD6DA, 0xD6DA, 0xD6DA, 0xE73C, 0xFFDF, 0xFFDF, 0xFFDF, 0xFFDF, 0xFFDF,
    0xA533, 0xB594, 0xBE16, 0xCE99, 0xCEB9, 0xD6DA, 0xD6DA, 0xD6DA, 0xD6DA, 0xD6DA, 0xE73C, 0xFFDF, 0xFFDF, 0xFFDF, 0xFFDF, 0xFFDF,
    0xB5B5, 0xBE16, 0xCE78, 0xD6DA, 0xD6DA, 0xD6DA, 0xD6DA, 0xD6DA, 0xD6DA, 0xD6DA, 0xE73C, 0xFFDF, 0xFFDF, 0xFFDF, 0xFFDF, 0xFFDF,
    0xBE16, 0xD6DA, 0xD6DA, 0xD6DA, 0xD6DA, 0xD6DA, 0xD6DA, 0xD6DA, 0xD6DA, 0xD6DA, 0xE73C, 0xFFDF, 0xFFDF, 0xFFDF, 0xFFDF, 0xFFDF,
    0xCE78, 0xD6DA, 0xD6DA, 0xD6DA, 0xD6DA, 0xD6DA, 0xD6DA, 0xD6DA, 0xD6DA, 0xD6DA, 0xE73C, 0xFFDF, 0xFFDF, 0xFFDF, 0xFFDF, 0xFFDF,
    0xD6DA, 0xD6DA, 0xD6DA, 0xD6DA, 0xD6DA, 0xD6DA, 0xD6DA, 0xD6DA, 0xD6DA, 0xD6DA, 0xE73C, 0xFFDF, 0xFFDF, 0xFFDF, 0xFFDF, 0xFFDF,
    0xD6DA, 0xD6DA, 0xD6DA, 0xD6DA, 0xD6DA, 0xD6DA, 0xD6DA, 0xD6DA, 0xD6DA, 0xD6DA, 0xE73C, 0xFFDF, 0xFFDF, 0xFFDF, 0xFFDF, 0xFFDF,
    0xD6DA, 0xD6DA, 0xD6DA, 0xD6DA, 0xD6DA, 0xD6DA, 0xD6DA, 0xD6DA, 0xD6DA, 0xD6DA, 0xE73C, 0xFFDF, 0xFFDF, 0xFFDF, 0xFFDF, 0xFFDF,
    0xD6DA, 0xD6DA, 0xD6DA, 0xD6DA, 0xD6DA, 0xD6DA, 0xD6DA, 0xD6DA, 0xD6DA, 0xD6DA, 0xE73C, 0xFFDF, 0xFFDF, 0xFFDF, 0xFFDF, 0xFFDF
};

const short poke_mart_interior_tile_42[TILE_SIZE * TILE_SIZE] = {
    0xFFDF, 0xFFDF, 0xFFDF, 0xFFDF, 0xFFDF, 0xFFDF, 0xFFDF, 0xFFDF, 0xFFDF, 0xFFDF, 0xFFDF, 0xFFDF, 0xD6BB, 0x7390, 0x9494, 0xFFDF,
    0xFFDF, 0xFFDF, 0xFFDF, 0xFFDF, 0xFFDF, 0xFFDF, 0xFFDF, 0xFFDF, 0xFFDF, 0xFFDF, 0xFFDF, 0xBDD8, 0x9CD4, 0xAD77, 0xB5B7, 0xB5B6,
    0xFFDF, 0xFFDF, 0xFFDF, 0xFFDF, 0xFFDF, 0xFFDF, 0xFFDF, 0xFFDF, 0xFFDF, 0xFFDF, 0xFFDF, 0x9494, 0x7370, 0xD658, 0xCE17, 0x8C51,
    0xFFDF, 0xFFDF, 0xFFDF, 0xFFDF, 0xFFDF, 0xFFDF, 0xFFDF, 0xFFDF, 0xFFDF, 0xFFDF, 0xFFDF, 0x9494, 0x730E, 0xD4F1, 0xCD11, 0x8C51,
    0xFFDF, 0xFFDF, 0xFFDF, 0xFFDF, 0xFFDF, 0xFFDF, 0xFFDF, 0xFFDF, 0xFFDF, 0xFFDF, 0xFFDF, 0x9494, 0x730D, 0xD48E, 0xCCAF, 0x8C51,
    0xFFDF, 0xFFDF, 0xFFDF, 0xFFDF, 0xFFDF, 0xFFDF, 0xFFDF, 0xFFDF, 0xFFDF, 0xFFDF, 0xFFDF, 0x9494, 0x730D, 0xD48E, 0xCCAF, 0x8C51,
    0xFFDF, 0xFFDF, 0xFFDF, 0xFFDF, 0xFFDF, 0xFFDF, 0xFFDF, 0xFFDF, 0xFFDF, 0xFFDF, 0xFFDF, 0x9494, 0x730D, 0xD48E, 0xCCAF, 0x8C51,
    0xFFDF, 0xFFDF, 0xFFDF, 0xFFDF, 0xFFDF, 0xFFDF, 0xFFDF, 0xFFDF, 0xFFDF, 0xFFDF, 0xFFDF, 0xA536, 0x83D0, 0xC44F, 0xC46F, 0x9C70,
    0xFFDF, 0xFFDF, 0xFFDF, 0xFFDF, 0xFFDF, 0xFFDF, 0xFFDF, 0xFFDF, 0xFFDF, 0xFFDF, 0xFFDF, 0xE73C, 0xC5F8, 0x83D0, 0x9BCE, 0xE4CF,
    0xFFDF, 0xFFDF, 0xFFDF, 0xFFDF, 0xFFDF, 0xFFDF, 0xFFDF, 0xFFDF, 0xFFDF, 0xFFDF, 0xFFDF, 0xFFDF, 0xE73C, 0xA536, 0xA451, 0xB40E,
    0xFFDF, 0xFFDF, 0xFFDF, 0xFFDF, 0xFFDF, 0xFFDF, 0xFFDF, 0xFFDF, 0xFFDF, 0xFFDF, 0xFFDF, 0xFFDF, 0xFFDF, 0xFFDF, 0xB5B7, 0x528D,
    0xFFDF, 0xFFDF, 0xFFDF, 0xFFDF, 0xFFDF, 0xFFDF, 0xFFDF, 0xFFDF, 0xFFDF, 0xFFDF, 0xFFDF, 0xFFDF, 0xFFDF, 0xFFDF, 0xDEFC, 0xB5B7,
    0xFFDF, 0xFFDF, 0xFFDF, 0xFFDF, 0xFFDF, 0xFFDF, 0xFFDF, 0xFFDF, 0xFFDF, 0xFFDF, 0xFFDF, 0xFFDF, 0xFFDF, 0xFFDF, 0xFFDF, 0xFFDF,
    0xFFDF, 0xFFDF, 0xFFDF, 0xFFDF, 0xFFDF, 0xFFDF, 0xFFDF, 0xFFDF, 0xFFDF, 0xFFDF, 0xFFDF, 0xFFDF, 0xFFDF, 0xFFDF, 0xFFDF, 0xFFDF,
    0xFFDF, 0xFFDF, 0xFFDF, 0xFFDF, 0xFFDF, 0xFFDF, 0xFFDF, 0xFFDF, 0xFFDF, 0xFFDF, 0xFFDF, 0xFFDF, 0xFFDF, 0xFFDF, 0xFFDF, 0xFFDF,
    0xFFDF, 0xFFDF, 0xFFDF, 0xFFDF, 0xFFDF, 0xFFDF, 0xFFDF, 0xFFDF, 0xFFDF, 0xFFDF, 0xFFDF, 0xFFDF, 0xFFDF, 0xFFDF, 0xFFDF, 0xFFDF
};

const short poke_mart_interior_tile_43[TILE_SIZE * TILE_SIZE] = {
    0xB5B6, 0x8C51, 0x8C51, 0x8C51, 0x8C51, 0x8C51, 0x8C51, 0x8C51, 0xB490, 0xFD0F, 0x938D, 0x7390, 0xD6BB, 0xFFDF, 0xFFDF, 0xFFDF,
    0xAD54, 0xA533, 0xAD95, 0x94B3, 0x632E, 0x94B3, 0xAD95, 0xA533, 0xACD1, 0xB490, 0xA40F, 0x93EF, 0x9473, 0xBDD8, 0xFFDF, 0xFFDF,
    0xA533, 0xBDF6, 0xCE99, 0x9D14, 0x528D, 0x9D14, 0xCE99, 0xBDF6, 0xA533, 0x8C51, 0xAC6F, 0xB40E, 0x6AED, 0x9494, 0xFFDF, 0xFFDF,
    0xAD95, 0xCE99, 0xCEB9, 0x9D14, 0x528D, 0x9D14, 0xCEB9, 0xCE99, 0xAD95, 0x8C51, 0xAC6F, 0xB40E, 0x6AED, 0x9494, 0xFFDF, 0xFFDF,
    0xBE17, 0xE73C, 0xE73C, 0xA556, 0x528D, 0x7C11, 0x9D14, 0x9D14, 0x94B3, 0x8C51, 0xAC6F, 0xB40E, 0x6AED, 0x9494, 0xFFDF, 0xFFDF,
    0xCE59, 0xFFDF, 0xFFDF, 0xB5B7, 0x528D, 0x528D, 0x528D, 0x528D, 0x632E, 0x8C51, 0xAC6F, 0xB40E, 0x6AED, 0x9494, 0xFFDF, 0xFFDF,
    0xB595, 0xD6B9, 0xEF7D, 0xDEFC, 0xB5B7, 0xB5B7, 0xAD76, 0x9492, 0x8C51, 0x8C51, 0xAC6F, 0xB40E, 0x6AED, 0x9494, 0xFFDF, 0xFFDF,
    0xA4F2, 0xB595, 0xD6BA, 0xE71C, 0xE71C, 0xE71C, 0xD6BA, 0xB595, 0xA4F2, 0x9450, 0xA42F, 0xA40F, 0x7BB0, 0xA536, 0xFFDF, 0xFFDF,
    0xB4B0, 0x9492, 0x9CD3, 0x9CF3, 0x9CF3, 0x9CF3, 0x9CD3, 0x9492, 0xA470, 0xBC6F, 0x8B8E, 0x7BB0, 0xC5F8, 0xE73C, 0xFFDF, 0xFFDF,
    0xAC2F, 0xA450, 0xA450, 0xA450, 0xA450, 0xA450, 0xA450, 0xA450, 0x9C0F, 0x9BAE, 0x9451, 0xA536, 0xE73C, 0xFFDF, 0xFFDF, 0xFFDF,
    0x9BAE, 0xCC8F, 0xCC8F, 0xCC8F, 0xCC8F, 0xCC8F, 0xCC8F, 0xCC8F, 0x9BAE, 0x528D, 0xB5B7, 0xFFDF, 0xFFDF, 0xFFDF, 0xFFDF, 0xFFDF,
    0x9451, 0x834D, 0x834D, 0x834D, 0x834D, 0x834D, 0x834D, 0x834D, 0x9451, 0xB5B7, 0xDEFC, 0xFFDF, 0xFFDF, 0xFFDF, 0xFFDF, 0xFFDF,
    0xA536, 0x7390, 0x7390, 0x7390, 0x7390, 0x7390, 0x7390, 0x7390, 0xA536, 0xFFDF, 0xFFDF, 0xFFDF, 0xFFDF, 0xFFDF, 0xFFDF, 0xFFDF,
    0xE73C, 0xD6BB, 0xD6BB, 0xD6BB, 0xD6BB, 0xD6BB, 0xD6BB, 0xD6BB, 0xE73C, 0xFFDF, 0xFFDF, 0xFFDF, 0xFFDF, 0xFFDF, 0xFFDF, 0xFFDF,
    0xFFDF, 0xFFDF, 0xFFDF, 0xFFDF, 0xFFDF, 0xFFDF, 0xFFDF, 0xFFDF, 0xFFDF, 0xFFDF, 0xFFDF, 0xFFDF, 0xFFDF, 0xFFDF, 0xFFDF, 0xFFDF,
    0xFFDF, 0xFFDF, 0xFFDF, 0xFFDF, 0xFFDF, 0xFFDF, 0xFFDF, 0xFFDF, 0xFFDF, 0xFFDF, 0xFFDF, 0xFFDF, 0xFFDF, 0xFFDF, 0xFFDF, 0xFFDF
};

const short poke_mart_interior_tile_44[TILE_SIZE * TILE_SIZE] = {
    0xFFDF, 0xFFDF, 0xFFDF, 0xFFDF, 0xFFDF, 0xFFDF, 0xFFDF, 0xFFDF, 0xFFDF, 0xFFDF, 0xFFDF, 0xFFDF, 0xFFDF, 0xFFDF, 0xFFDF, 0xFFDF,
    0xFFDF, 0xFFDF, 0xFFDF, 0xFFDF, 0xFFDF, 0xFFDF, 0xFFDF, 0xFFDF, 0xFFDF, 0xFFDF, 0xFFDF, 0xFFDF, 0xFFDF, 0xFFDF, 0xFFDF, 0xFFDF,
    0xFFDF, 0xFFDF, 0xFFDF, 0xFFDF, 0xFFDF, 0xFFDF, 0xFFDF, 0xFFDF, 0xFFDF, 0xFFDF, 0xFFDF, 0xFFDF, 0xFFDF, 0xFFDF, 0xFFDF, 0xFFDF,
    0xFFDF, 0xFFDF, 0xFFDF, 0xFFDF, 0xFFDF, 0xFFDF, 0xFFDF, 0xFFDF, 0xFFDF, 0xFFDF, 0xFFDF, 0xFFDF, 0xFFDF, 0xFFDF, 0xFFDF, 0xFFDF,
    0xFFDF, 0xFFDF, 0xFFDF, 0xFFDF, 0xFFDF, 0xFFDF, 0xFFDF, 0xFFDF, 0xFFDF, 0xFFDF, 0xFFDF, 0xFFDF, 0xFFDF, 0xFFDF, 0xFFDF, 0xFFDF,
    0xFFDF, 0xFFDF, 0xFFDF, 0xFFDF, 0xFFDF, 0xFFDF, 0xFFDF, 0xFFDF, 0xFFDF, 0xFFDF, 0xFFDF, 0xFFDF, 0xFFDF, 0xFFDF, 0xFFDF, 0xFFDF,
    0xFFDF, 0xFFDF, 0xFFDF, 0xFFDF, 0xFFDF, 0xFFDF, 0xFFDF, 0xFFDF, 0xFFDF, 0xFFDF, 0xFFDF, 0xFFDF, 0xFFDF, 0xFFDF, 0xFFDF, 0xFFDF,
    0xFFDF, 0xFFDF, 0xFFDF, 0xFFDF, 0xFFDF, 0xFFDF, 0xFFDF, 0xFFDF, 0xFFDF, 0xFFDF, 0xFFDF, 0xFFDF, 0xFFDF, 0xFFDF, 0xFFDF, 0xFFDF,
    0xFFDF, 0xFFDF, 0xFFDF, 0xFFDF, 0xFFDF, 0xFFDF, 0xFFDF, 0xFFDF, 0xFFDF, 0xFFDF, 0xFFDF, 0xFFDF, 0xFFDF, 0xFFDF, 0xFFDF, 0xFFDF,
    0xFFDF, 0xFFDF, 0xFFDF, 0xFFDF, 0xFFDF, 0xFFDF, 0xFFDF, 0xFFDF, 0xFFDF, 0xFFDF, 0xFFDF, 0xFFDF, 0xFFDF, 0xFFDF, 0xFFDF, 0xFFDF,
    0xFFDF, 0xFFDF, 0xFFDF, 0xFFDF, 0xFFDF, 0xFFDF, 0xFFDF, 0xFFDF, 0xFFDF, 0xFFDF, 0xFFDF, 0xFFDF, 0xFFDF, 0xFFDF, 0xFFDF, 0xFFDF,
    0xFFDF, 0xFFDF, 0xFFDF, 0xFFDF, 0xFFDF, 0xFFDF, 0xFFDF, 0xFFDF, 0xFFDF, 0xFFDF, 0xFFDF, 0xFFDF, 0xFFDF, 0xFFDF, 0xFFDF, 0xFFDF,
    0xFFDF, 0xFFDF, 0xFFDF, 0xFFDF, 0xFFDF, 0xFFDF, 0xFFDF, 0xFFDF, 0xFFDF, 0xFFDF, 0xFFDF, 0xFFDF, 0xFFDF, 0xFFDF, 0xFFDF, 0xFFDF,
    0xFFDF, 0xFFDF, 0xFFDF, 0xFFDF, 0xFFDF, 0xFFDF, 0xFFDF, 0xFFDF, 0xFFDF, 0xFFDF, 0xFFDF, 0xFFDF, 0xFFDF, 0xFFDF, 0xFFDF, 0xFFDF,
    0xFFDF, 0xFFDF, 0xFFDF, 0xFFDF, 0xFFDF, 0xFFDF, 0xFFDF, 0xFFDF, 0xFFDF, 0xFFDF, 0xFFDF, 0xFFDF, 0xFFDF, 0xFFDF, 0xFFDF, 0xFFDF,
    0xFFDF, 0xFFDF, 0xFFDF, 0xFFDF, 0xFFDF, 0xFFDF, 0xFFDF, 0xFFDF, 0xFFDF, 0xFFDF, 0xFFDF, 0xFFDF, 0xFFDF, 0xFFDF, 0xFFDF, 0xFFDF
};

const short poke_mart_interior_tile_45[TILE_SIZE * TILE_SIZE] = {
    0xFFDF, 0xFFDF, 0xFFDF, 0xFFDF, 0xFFDF, 0xFFDF, 0xFFDF, 0xFFDF, 0xFFDF, 0xFFDF, 0xFFDF, 0xFFDF, 0xFFDF, 0x9494, 0x5B4F, 0x7DB8,
    0xFFDF, 0xFFDF, 0xFFDF, 0xFFDF, 0xFFDF, 0xFFDF, 0xFFDF, 0xFFDF, 0xFFDF, 0xFFDF, 0xFFDF, 0xFFDF, 0xFFDF, 0x9494, 0x5B4F, 0x7DB8,
    0xFFDF, 0xFFDF, 0xFFDF, 0xFFDF, 0xFFDF, 0xFFDF, 0xFFDF, 0xFFDF, 0xFFDF, 0xFFDF, 0xFFDF, 0xFFDF, 0xFFDF, 0x9494, 0x5B4F, 0x7DB8,
    0xFFDF, 0xFFDF, 0xFFDF, 0xFFDF, 0xFFDF, 0xFFDF, 0xFFDF, 0xFFDF, 0xFFDF, 0xFFDF, 0xFFDF, 0xFFDF, 0xFFDF, 0x9494, 0x5B4F, 0x7DB8,
    0xFFDF, 0xFFDF, 0xFFDF, 0xFFDF, 0xFFDF, 0xFFDF, 0xFFDF, 0xFFDF, 0xFFDF, 0xFFDF, 0xFFDF, 0xFFDF, 0xFFDF, 0x9494, 0x5B4F, 0x7DB8,
    0xFFDF, 0xFFDF, 0xFFDF, 0xFFDF, 0xFFDF, 0xFFDF, 0xFFDF, 0xFFDF, 0xFFDF, 0xFFDF, 0xFFDF, 0xFFDF, 0xFFDF, 0x9494, 0x5B4F, 0x7DB8,
    0xFFDF, 0xFFDF, 0xFFDF, 0xFFDF, 0xFFDF, 0xFFDF, 0xFFDF, 0xFFDF, 0xFFDF, 0xFFDF, 0xFFDF, 0xFFDF, 0xFFDF, 0x9494, 0x6370, 0x9E19,
    0xFFDF, 0xFFDF, 0xFFDF, 0xFFDF, 0xFFDF, 0xFFDF, 0xFFDF, 0xFFDF, 0xFFDF, 0xFFDF, 0xFFDF, 0xFFDF, 0xFFDF, 0x9494, 0x6370, 0xA63A,
    0xFFDF, 0xFFDF, 0xFFDF, 0xFFDF, 0xFFDF, 0xFFDF, 0xFFDF, 0xFFDF, 0xFFDF, 0xFFDF, 0xFFDF, 0xFFDF, 0xFFDF, 0x9494, 0x5B4F, 0x85D8,
    0xFFDF, 0xFFDF, 0xFFDF, 0xFFDF, 0xFFDF, 0xFFDF, 0xFFDF, 0xFFDF, 0xFFDF, 0xFFDF, 0xFFDF, 0xFFDF, 0xFFDF, 0x9494, 0x6350, 0x95F9,
    0xFFDF, 0xFFDF, 0xFFDF, 0xFFDF, 0xFFDF, 0xFFDF, 0xFFDF, 0xFFDF, 0xFFDF, 0xFFDF, 0xFFDF, 0xFFDF, 0xFFDF, 0x9494, 0x6B70, 0xB65A,
    0xFFDF, 0xFFDF, 0xFFDF, 0xFFDF, 0xFFDF, 0xFFDF, 0xFFDF, 0xFFDF, 0xFFDF, 0xFFDF, 0xFFDF, 0xFFDF, 0xFFDF, 0x9494, 0x6B70, 0xB65A,
    0xFFDF, 0xFFDF, 0xFFDF, 0xFFDF, 0xFFDF, 0xFFDF, 0xFFDF, 0xFFDF, 0xFFDF, 0xFFDF, 0xFFDF, 0xFFDF, 0xFFDF, 0x9494, 0x6B70, 0xB65A,
    0xFFDF, 0xFFDF, 0xFFDF, 0xFFDF, 0xFFDF, 0xFFDF, 0xFFDF, 0xFFDF, 0xFFDF, 0xFFDF, 0xFFDF, 0xFFDF, 0xFFDF, 0x9494, 0x6B70, 0xB65A,
    0xFFDF, 0xFFDF, 0xFFDF, 0xFFDF, 0xFFDF, 0xFFDF, 0xFFDF, 0xFFDF, 0xFFDF, 0xFFDF, 0xFFDF, 0xFFDF, 0xFFDF, 0x9494, 0x6370, 0x9E19,
    0xFFDF, 0xFFDF, 0xFFDF, 0xFFDF, 0xFFDF, 0xFFDF, 0xFFDF, 0xFFDF, 0xFFDF, 0xFFDF, 0xFFDF, 0xFFDF, 0xFFDF, 0x9494, 0x5B4F, 0x7DB8
};

const short poke_mart_interior_tile_46[TILE_SIZE * TILE_SIZE] = {
    0x8E9B, 0x8E9B, 0xAEFC, 0xCF5E, 0xCF5E, 0xDF7E, 0xFFDF, 0xDF7E, 0xD75E, 0xEFBE, 0xFFDF, 0xFFDF, 0xFFDF, 0xEFBE, 0xD75E, 0xCF5E,
    0x8E9B, 0x8E9B, 0xA6D8, 0xC717, 0xDF7C, 0xE79E, 0xDF7E, 0xE79E, 0xEF9E, 0xF7BE, 0xFFDF, 0xFFDF, 0xDF79, 0xCF38, 0xCF3C, 0xC73A,
    0x8E9B, 0x8E9B, 0xAED6, 0xC715, 0xE77A, 0xE77D, 0xD75E, 0xEF9E, 0xFFDF, 0xFFDF, 0xF7BD, 0xEF9C, 0xC715, 0xB6D3, 0xC73B, 0xBF18,
    0x8E9B, 0x8E9B, 0xC73B, 0xE77A, 0xC715, 0xD738, 0xEFBE, 0xF7BE, 0xFFDF, 0xFFDF, 0xE77A, 0xBEF3, 0xB6D2, 0xB6D3, 0xC73B, 0xBF18,
    0x9EBB, 0xB71C, 0xCF3A, 0xDF58, 0xD737, 0xDF79, 0xFFDF, 0xFFDF, 0xF7BD, 0xE77A, 0xCF36, 0xB6D1, 0xB6D1, 0xB6D3, 0xAEFA, 0xAEF8,
    0xB71C, 0xFFDF, 0xCF36, 0xBEF3, 0xEF9C, 0xFFDF, 0xFFDF, 0xFFDF, 0xEF9C, 0xBEF3, 0xB6D1, 0xB6D1, 0xB6D1, 0xAEB3, 0x9699, 0x9E97,
    0xAEBB, 0xB679, 0xCEF9, 0xE77A, 0xF7BD, 0xFFDF, 0xFFDF, 0xCEFB, 0xB677, 0xB6B2, 0xB6D1, 0xB6D1, 0xB6D1, 0xA692, 0x8E16, 0x9655,
    0xAEBB, 0x9DF7, 0xD71C, 0xFFDF, 0xFFDF, 0xEF9E, 0xE75D, 0xA638, 0x8DB5, 0x9E52, 0xA692, 0xA692, 0xA692, 0x9E52, 0x8DB5, 0x8DF4,
    0xB6FC, 0xE75D, 0xEF9E, 0xFFDF, 0xFFDF, 0xD71C, 0x9DF7, 0x8DB6, 0x8595, 0x8DB5, 0x8DD5, 0x8DD5, 0x8DD5, 0x8DB5, 0x8595, 0x8595,
    0xC73D, 0xFFDF, 0xFFDF, 0xEFBE, 0xD75D, 0xAEBB, 0x85F8, 0x85F8, 0x85F8, 0x85F8, 0x85F8, 0x85F8, 0x85F8, 0x85F8, 0x85F8, 0x85F8,
    0xDF7E, 0xFFDF, 0xFFDF, 0xE79E, 0x9EDB, 0x8E9B, 0x8E9B, 0x8E9B, 0x8E9B, 0x8E9B, 0x8E9B, 0x8E9B, 0x8E9B, 0x8E9B, 0x8E9B, 0x8E9B,
    0xDF7E, 0xFFDF, 0xDF79, 0xC716, 0xAED5, 0xA6B5, 0xA6B5, 0xAED9, 0xAEFB, 0xA6B6, 0xA6B5, 0xA6B5, 0xA6B5, 0xA6B6, 0xAEFB, 0xAED9,
    0xD75E, 0xE79E, 0xC716, 0xB6D1, 0xB6D1, 0xB6D1, 0xB6D1, 0xBF18, 0xC73B, 0xB6D3, 0xB6D1, 0xB6D1, 0xB6D1, 0xB6D3, 0xC73B, 0xBF18,
    0xB71D, 0x9EDB, 0xAED5, 0xB6D1, 0xB6D1, 0xB6D1, 0xB6D1, 0xBF18, 0xC73B, 0xB6D3, 0xB6D1, 0xB6D1, 0xB6D1, 0xB6D3, 0xC73B, 0xBF18,
    0x9EDC, 0x8E9B, 0xA6B5, 0xB6D1, 0xB6D1, 0xB6D1, 0xB6D1, 0xAEF8, 0xAEFA, 0xB6D3, 0xB6D1, 0xB6D1, 0xB6D1, 0xB6D3, 0xAEFA, 0xAEF8,
    0x8E9B, 0x8E9B, 0xA6B5, 0xB6D1, 0xB6D1, 0xB6D1, 0xB6D1, 0x9E97, 0x9699, 0xAEB3, 0xB6D1, 0xB6D1, 0xB6D1, 0xAEB3, 0x9699, 0x9E97
};

const short poke_mart_interior_tile_47[TILE_SIZE * TILE_SIZE] = {
    0xCF5E, 0xCF5E, 0xCF5E, 0xCF5E, 0xCF5E, 0xCF5E, 0x8473, 0x528D, 0x528D, 0x6412, 0x8E9B, 0x8E9B, 0x96BB, 0xBF1D, 0xCF5E, 0xCF5E,
    0xBEF6, 0xBEF6, 0xBEF6, 0xBEF6, 0xBF19, 0xCF5E, 0x8473, 0x528D, 0x528D, 0x6412, 0x8E9B, 0x8E9B, 0x969A, 0xB6D7, 0xCF39, 0xE79E,
    0xB6D1, 0xB6D1, 0xB6D1, 0xB6D1, 0xBEF6, 0xCF5E, 0x8473, 0x528D, 0x528D, 0x6412, 0x8E9B, 0x8E9B, 0x9699, 0xB6D5, 0xD737, 0xEF9C,
    0xB6D1, 0xB6D1, 0xB6D1, 0xB6D1, 0xBEF6, 0xCF5E, 0x8473, 0x528D, 0x528D, 0x6412, 0x8E9B, 0x8E9B, 0x9EBB, 0xD75C, 0xDF58, 0xBEF3,
    0xB6D1, 0xB6D1, 0xB6D1, 0xB6D1, 0xAED5, 0xAEFC, 0x7453, 0x528D, 0x528D, 0x6412, 0x8E9B, 0xA6DC, 0xBF1C, 0xD75A, 0xD758, 0xCF36,
    0xB6D1, 0xB6D1, 0xB6D1, 0xB6D1, 0xA6B5, 0x8E9B, 0x6412, 0x528D, 0x528D, 0x6412, 0x8E9B, 0xCF5D, 0xEF9C, 0xBEF3, 0xCF36, 0xFFDF,
    0xB6D1, 0xB6D1, 0xB6D1, 0xB6D1, 0x9E73, 0x85F8, 0x63D1, 0x528D, 0x528D, 0x7453, 0xAEFC, 0xAEBA, 0xBE99, 0xD739, 0xE79B, 0xFFDF,
    0xA692, 0xA692, 0xA692, 0xA692, 0x9613, 0x8596, 0x63B0, 0x528D, 0x528D, 0x7C53, 0xBF1D, 0xA67A, 0xAE59, 0xE77D, 0xFFDF, 0xFFDF,
    0x8DD5, 0x8DD5, 0x8DD5, 0x8DD5, 0x85B5, 0x8596, 0x63B0, 0x528D, 0x528D, 0x6C32, 0x96BB, 0xC71C, 0xE77D, 0xF7BE, 0xFFDF, 0xFFDF,
    0x85F8, 0x85F8, 0x85F8, 0x85F8, 0x85F8, 0x85F8, 0x63D1, 0x528D, 0x528D, 0x7433, 0xA6DC, 0xD77D, 0xFFDF, 0xFFDF, 0xE79E, 0xCF5D,
    0x8E9B, 0x8E9B, 0x8E9B, 0x8E9B, 0x8E9B, 0x8E9B, 0x6412, 0x528D, 0x528D, 0x8473, 0xCF5E, 0xE79E, 0xFFDF, 0xFFDF, 0xCF5D, 0x8E9B,
    0xA6B5, 0xA6B5, 0xA6B5, 0xA6B5, 0xA6D8, 0xAEFC, 0x7453, 0x528D, 0x528D, 0x8473, 0xCF5E, 0xE79E, 0xEFBD, 0xD758, 0xBEF6, 0xA6B5,
    0xB6D1, 0xB6D1, 0xB6D1, 0xB6D1, 0xBEF6, 0xCF5E, 0x8473, 0x528D, 0x528D, 0x8473, 0xCF5E, 0xD77E, 0xDF5B, 0xBEF3, 0xB6D1, 0xB6D1,
    0xB6D1, 0xB6D1, 0xB6D1, 0xB6D1, 0xBEF6, 0xCF5E, 0x8473, 0x528D, 0x528D, 0x8473, 0xCF5E, 0xAEFC, 0xA6D9, 0xAED3, 0xB6D1, 0xB6D1,
    0xB6D1, 0xB6D1, 0xB6D1, 0xB6D1, 0xAED5, 0xAEFC, 0x7453, 0x528D, 0x528D, 0x7453, 0xAEFC, 0x96BB, 0x9699, 0xAEB3, 0xB6D1, 0xB6D1,
    0xB6D1, 0xB6D1, 0xB6D1, 0xB6D1, 0xA6B5, 0x8E9B, 0x6412, 0x528D, 0x528D, 0x6412, 0x8E9B, 0x8E9B, 0x9699, 0xAEB3, 0xB6D1, 0xB6D1
};

const short poke_mart_interior_tile_48[TILE_SIZE * TILE_SIZE] = {
    0xE79E, 0xEFBE, 0xD75E, 0xDF7E, 0xFFDF, 0xFFDF, 0xFFDF, 0xFFDF, 0xE79E, 0xCF5E, 0xCF5E, 0xCF5E, 0xCF5E, 0xCF5E, 0xCF5E, 0xCF5E,
    0xDF9E, 0xDF7E, 0xE79E, 0xEFBE, 0xFFDF, 0xFFDF, 0xEFBD, 0xD758, 0xCF39, 0xCF5E, 0xBF19, 0xBEF6, 0xBEF6, 0xBEF6, 0xBEF6, 0xC73A,
    0xDF7D, 0xDF7E, 0xF7BE, 0xFFDF, 0xFFDF, 0xEFBD, 0xDF7A, 0xBEF3, 0xBEF6, 0xCF5E, 0xBEF6, 0xB6D1, 0xB6D1, 0xB6D1, 0xB6D1, 0xBF18,
    0xDF7A, 0xF7BE, 0xF7BF, 0xFFDF, 0xFFDF, 0xD758, 0xBEF3, 0xB6D1, 0xBEF6, 0xCF5E, 0xBEF6, 0xB6D1, 0xB6D1, 0xB6D1, 0xB6D1, 0xBF18,
    0xE79B, 0xFFDF, 0xFFDF, 0xEF9C, 0xDF59, 0xC714, 0xB6D1, 0xB6D1, 0xAED5, 0xAEFC, 0xAED5, 0xB6D1, 0xB6D1, 0xB6D1, 0xB6D1, 0xAEF8,
    0xFFDF, 0xFFDF, 0xFFDF, 0xDF59, 0xB6D1, 0xB6D1, 0xB6D1, 0xB6D1, 0xA6B5, 0x8E9B, 0xA6B5, 0xB6D1, 0xB6D1, 0xB6D1, 0xB6D1, 0x9E97,
    0xFFDF, 0xEF7D, 0xBEBA, 0xB696, 0xB6D1, 0xB6D1, 0xB6D1, 0xB6D1, 0x9E73, 0x85F8, 0x9E73, 0xB6D1, 0xB6D1, 0xB6D1, 0xB6D1, 0x9655,
    0xEF7D, 0xCEFB, 0x95D7, 0x8DF4, 0xA692, 0xA692, 0xA692, 0xA692, 0x9613, 0x8596, 0x9613, 0xA692, 0xA692, 0xA692, 0xA692, 0x8DF4,
    0xBEBA, 0x95D7, 0x8596, 0x8595, 0x8DD5, 0x8DD5, 0x8DD5, 0x8DD5, 0x85B5, 0x8596, 0x85B5, 0x8DD5, 0x8DD5, 0x8DD5, 0x8DD5, 0x8595,
    0xA67A, 0x85F8, 0x85F8, 0x85F8, 0x85F8, 0x85F8, 0x85F8, 0x85F8, 0x85F8, 0x85F8, 0x85F8, 0x85F8, 0x85F8, 0x85F8, 0x85F8, 0x85F8,
    0x8E9B, 0x8E9B, 0x8E9B, 0x8E9B, 0x8E9B, 0x8E9B, 0x8E9B, 0x8E9B, 0x8E9B, 0x8E9B, 0x8E9B, 0x8E9B, 0x8E9B, 0x8E9B, 0x8E9B, 0x8E9B,
    0xA6B5, 0xA6B6, 0xAEFB, 0xAED9, 0xA6B5, 0xA6B5, 0xA6B5, 0xA6B5, 0xA6D8, 0xAEFC, 0xA6D8, 0xA6B5, 0xA6B5, 0xA6B5, 0xA6B5, 0xAED9,
    0xB6D1, 0xB6D3, 0xC73B, 0xBF18, 0xB6D1, 0xB6D1, 0xB6D1, 0xB6D1, 0xBEF6, 0xCF5E, 0xBEF6, 0xB6D1, 0xB6D1, 0xB6D1, 0xB6D1, 0xBF18,
    0xB6D1, 0xB6D3, 0xC73B, 0xBF18, 0xB6D1, 0xB6D1, 0xB6D1, 0xB6D1, 0xBEF6, 0xCF5E, 0xBEF6, 0xB6D1, 0xB6D1, 0xB6D1, 0xB6D1, 0xBF18,
    0xB6D1, 0xB6D3, 0xAEFA, 0xAEF8, 0xB6D1, 0xB6D1, 0xB6D1, 0xB6D1, 0xAED5, 0xAEFC, 0xAED5, 0xB6D1, 0xB6D1, 0xB6D1, 0xB6D1, 0xAEF8,
    0xB6D1, 0xAEB3, 0x9699, 0x9E97, 0xB6D1, 0xB6D1, 0xB6D1, 0xB6D1, 0xA6B5, 0x8E9B, 0xA6B5, 0xB6D1, 0xB6D1, 0xB6D1, 0xB6D1, 0x9E97
};

const short poke_mart_interior_tile_49[TILE_SIZE * TILE_SIZE] = {
    0xB65A, 0x6B70, 0x528D, 0x528D, 0x74F5, 0x8E9B, 0x8E9B, 0xA6DC, 0xCF5E, 0xCF5E, 0xD75E, 0xEFBE, 0xE79E, 0xCF5E, 0xE79E, 0xFFDF,
    0xB65A, 0x6B70, 0x528D, 0x528D, 0x74F5, 0x8E9B, 0x8E9B, 0x9EB9, 0xBEF6, 0xD75B, 0xE79E, 0xDF7E, 0xDF9E, 0xE79E, 0xF7BE, 0xFFDF,
    0xB65A, 0x6B70, 0x528D, 0x528D, 0x74F5, 0x8E9B, 0x8E9B, 0x9EB8, 0xBEF3, 0xDF58, 0xE79C, 0xD77D, 0xE79E, 0xFFDF, 0xFFDF, 0xF7BE,
    0xB65A, 0x6B70, 0x528D, 0x528D, 0x74F5, 0x8E9B, 0x8E9B, 0xAEFB, 0xEF9C, 0xD737, 0xCF16, 0xE79C, 0xF7BE, 0xFFDF, 0xFFDF, 0xEF9C,
    0x9E19, 0x6370, 0x528D, 0x528D, 0x74F5, 0x969B, 0xAEFC, 0xC73B, 0xDF59, 0xD737, 0xD758, 0xEFBD, 0xFFDF, 0xFFDF, 0xE79B, 0xD737,
    0x7DB8, 0x5B4F, 0x528D, 0x528D, 0x74F5, 0x9EDB, 0xE79E, 0xDF59, 0xB6D1, 0xDF59, 0xFFDF, 0xFFDF, 0xFFDF, 0xFFDF, 0xCF36, 0xB6D1,
    0x7D35, 0x5B2F, 0x528D, 0x528D, 0x8D36, 0xAEDC, 0xB69A, 0xC6D9, 0xDF59, 0xEF9C, 0xFFDF, 0xFFDF, 0xDF3C, 0xB679, 0xB694, 0xB6D1,
    0x74F4, 0x5B0E, 0x528D, 0x528D, 0x9556, 0xB6FC, 0x9E38, 0xBEBA, 0xFFDF, 0xFFDF, 0xF7BE, 0xE77D, 0xBE9A, 0x8596, 0x9613, 0xA692,
    0x74F4, 0x5B0E, 0x528D, 0x528D, 0x7D15, 0xA6DB, 0xD73C, 0xEF7D, 0xFFDF, 0xFFDF, 0xE77D, 0xAE59, 0x8DD7, 0x8596, 0x85B5, 0x8DD5,
    0x7D35, 0x5B2F, 0x528D, 0x528D, 0x8516, 0xB71C, 0xE79E, 0xFFDF, 0xFFDF, 0xDF7E, 0xBEFC, 0x9639, 0x85F8, 0x85F8, 0x85F8, 0x85F8,
    0x7DB8, 0x5B4F, 0x528D, 0x528D, 0x9D57, 0xD75E, 0xEFBE, 0xFFDF, 0xFFDF, 0xB71C, 0x8E9B, 0x8E9B, 0x8E9B, 0x8E9B, 0x8E9B, 0x8E9B,
    0x9E19, 0x6370, 0x528D, 0x528D, 0x9D57, 0xD75E, 0xEFBE, 0xE79B, 0xCF36, 0xB6D5, 0xA6B5, 0xA6B5, 0xA6D8, 0xAEFC, 0xA6D8, 0xA6B5,
    0xB65A, 0x6B70, 0x528D, 0x528D, 0x9D57, 0xCF5E, 0xDF7E, 0xCF39, 0xB6D1, 0xB6D1, 0xB6D1, 0xB6D1, 0xBEF6, 0xCF5E, 0xBEF6, 0xB6D1,
    0xB65A, 0x6B70, 0x528D, 0x528D, 0x9D57, 0xC73D, 0xA6DC, 0xA6D7, 0xB6D1, 0xB6D1, 0xB6D1, 0xB6D1, 0xBEF6, 0xCF5E, 0xBEF6, 0xB6D1,
    0x9E19, 0x6370, 0x528D, 0x528D, 0x8D36, 0xA6FC, 0x969B, 0x9E97, 0xB6D1, 0xB6D1, 0xB6D1, 0xB6D1, 0xAED5, 0xAEFC, 0xAED5, 0xB6D1,
    0x7DB8, 0x5B4F, 0x528D, 0x528D, 0x74F5, 0x8E9B, 0x8E9B, 0x9E97, 0xB6D1, 0xB6D1, 0xB6D1, 0xB6D1, 0xA6B5, 0x8E9B, 0xA6B5, 0xB6D1
};

const short poke_mart_interior_tile_50[TILE_SIZE * TILE_SIZE] = {
    0xFFDF, 0xFFDF, 0xFFDF, 0xDF7E, 0xCF5E, 0xCF5E, 0xCF5E, 0xCF5E, 0xCF5E, 0xCF5E, 0xCF5E, 0x9D57, 0x528D, 0xB5B7, 0xFFDF, 0xFFDF,
    0xFFDF, 0xE79B, 0xCF36, 0xCF3B, 0xC73C, 0xBF17, 0xBEF6, 0xBEF6, 0xBEF6, 0xBF17, 0xC73C, 0x9D57, 0x528D, 0xB5B7, 0xFFDF, 0xFFDF,
    0xEF9C, 0xD737, 0xB6D1, 0xBF18, 0xC73B, 0xB6D3, 0xB6D1, 0xB6D1, 0xB6D1, 0xB6D3, 0xC73B, 0x9D57, 0x528D, 0xB5B7, 0xFFDF, 0xFFDF,
    0xCF16, 0xBEF2, 0xB6D1, 0xBF18, 0xC73B, 0xB6D3, 0xB6D1, 0xB6D1, 0xB6D1, 0xB6D3, 0xC73B, 0x9D57, 0x528D, 0xB5B7, 0xFFDF, 0xFFDF,
    0xBEF2, 0xB6D1, 0xB6D1, 0xAEF8, 0xAEFA, 0xB6D3, 0xB6D1, 0xB6D1, 0xB6D1, 0xB6D3, 0xAEFA, 0x8D36, 0x528D, 0xB5B7, 0xFFDF, 0xFFDF,
    0xB6D1, 0xB6D1, 0xB6D1, 0x9E97, 0x9699, 0xAEB3, 0xB6D1, 0xB6D1, 0xB6D1, 0xAEB3, 0x9699, 0x74F5, 0x528D, 0xB5B7, 0xFFDF, 0xFFDF,
    0xB6D1, 0xB6D1, 0xB6D1, 0x9655, 0x8E16, 0xA692, 0xB6D1, 0xB6D1, 0xB6D1, 0xA692, 0x8E16, 0x6C93, 0x528D, 0xB5B7, 0xEF7E, 0xD67B,
    0xA692, 0xA692, 0xA692, 0x8DF4, 0x8DB5, 0x9E52, 0xA692, 0xA692, 0xA692, 0x9E52, 0x8DB5, 0x6C52, 0x528D, 0xAD56, 0xDEFC, 0xC5F9,
    0x8DD5, 0x8DD5, 0x8DD5, 0x8595, 0x8595, 0x8DB5, 0x8DD5, 0x8DD5, 0x8DD5, 0x8DB5, 0x8595, 0x6C52, 0x528D, 0x8C54, 0xC5F9, 0xDEFC,
    0x85F8, 0x85F8, 0x85F8, 0x85F8, 0x85F8, 0x85F8, 0x85F8, 0x85F8, 0x85F8, 0x85F8, 0x85F8, 0x6C93, 0x528D, 0x7370, 0x9CD5, 0xE71C,
    0x8E9B, 0x8E9B, 0x8E9B, 0x8E9B, 0x8E9B, 0x8E9B, 0x8E9B, 0x8E9B, 0x8E9B, 0x8E9B, 0x8E9B, 0x74F5, 0x528D, 0x528D, 0x7390, 0xD6BB,
    0xA6B5, 0xA6B5, 0xA6B5, 0xAED9, 0xAEFB, 0xA6B6, 0xA6B5, 0xA6B5, 0xA6B5, 0xA6B6, 0xAEFB, 0x8D36, 0x528D, 0x528D, 0x6B2F, 0xB577,
    0xB6D1, 0xB6D1, 0xB6D1, 0xBF18, 0xC73B, 0xB6D3, 0xB6D1, 0xB6D1, 0xB6D1, 0xB6D3, 0xC73B, 0x9D57, 0x528D, 0x528D, 0x5AEE, 0x8C13,
    0xB6D1, 0xB6D1, 0xB6D1, 0xBF18, 0xC73B, 0xB6D3, 0xB6D1, 0xB6D1, 0xB6D1, 0xB6D3, 0xC73B, 0x9D57, 0x528D, 0x528D, 0x528D, 0x5AEE,
    0xB6D1, 0xB6D1, 0xB6D1, 0xAEF8, 0xAEFA, 0xB6D3, 0xB6D1, 0xB6D1, 0xB6D1, 0xB6D3, 0xAEFA, 0x8D36, 0x528D, 0x528D, 0x5AEE, 0x8432,
    0xB6D1, 0xB6D1, 0xB6D1, 0x9E97, 0x9699, 0xAEB3, 0xB6D1, 0xB6D1, 0xB6D1, 0xAEB3, 0x9699, 0x74F5, 0x528D, 0x528D, 0x7390, 0xD6BB
};

const short poke_mart_interior_tile_51[TILE_SIZE * TILE_SIZE] = {
    0xFFDF, 0xFFDF, 0xFFDF, 0xFFDF, 0xFFDF, 0xFFDF, 0xFFDF, 0xFFDF, 0xFFDF, 0xFFDF, 0xFFDF, 0xFFDF, 0xFFDF, 0xFFDF, 0xFFDF, 0xFFDF,
    0xFFDF, 0xFFDF, 0xFFDF, 0xFFDF, 0xFFDF, 0xFFDF, 0xFFDF, 0xFFDF, 0xFFDF, 0xFFDF, 0xFFDF, 0xFFDF, 0xFFDF, 0xFFDF, 0xFFDF, 0xFFDF,
    0xFFDF, 0xFFDF, 0xFFDF, 0xFFDF, 0xFFDF, 0xFFDF, 0xFFDF, 0xFFDF, 0xFFDF, 0xFFDF, 0xFFDF, 0xFFDF, 0xFFDF, 0xFFDF, 0xFFDF, 0xFFDF,
    0xFFDF, 0xFFDF, 0xFFDF, 0xFFDF, 0xFFDF, 0xFFDF, 0xFFDF, 0xFFDF, 0xFFDF, 0xFFDF, 0xFFDF, 0xFFDF, 0xFFDF, 0xFFDF, 0xFFDF, 0xFFDF,
    0xFFDF, 0xFFDF, 0xFFDF, 0xFFDF, 0xFFDF, 0xFFDF, 0xFFDF, 0xFFDF, 0xFFDF, 0xFFDF, 0xFFDF, 0xFFDF, 0xFFDF, 0xFFDF, 0xFFDF, 0xFFDF,
    0xFFDF, 0xFFDF, 0xFFDF, 0xFFDF, 0xFFDF, 0xFFDF, 0xFFDF, 0xFFDF, 0xFFDF, 0xFFDF, 0xFFDF, 0xFFDF, 0xFFDF, 0xFFDF, 0xFFDF, 0xFFDF,
    0xCE1A, 0xCE1A, 0xCE1A, 0xCE1A, 0xCE1A, 0xCE1A, 0xCE1A, 0xCE1A, 0xCE1A, 0xCE1A, 0xCE1A, 0xCE1A, 0xCE1A, 0xCE1A, 0xCE1A, 0xCE1A,
    0xBD98, 0xBD98, 0xBD98, 0xBD98, 0xBD98, 0xBD98, 0xBD98, 0xBD98, 0xBD98, 0xBD98, 0xBD98, 0xBD98, 0xBD98, 0xBD98, 0xBD98, 0xBD98,
    0xEF3D, 0xEF3D, 0xEF3D, 0xEF3D, 0xEF3D, 0xEF3D, 0xEF3D, 0xEF3D, 0xEF3D, 0xEF3D, 0xEF3D, 0xEF3D, 0xEF3D, 0xEF3D, 0xEF3D, 0xEF3D,
    0xFFDF, 0xFFDF, 0xFFDF, 0xFFDF, 0xFFDF, 0xFFDF, 0xFFDF, 0xFFDF, 0xFFDF, 0xFFDF, 0xFFDF, 0xFFDF, 0xFFDF, 0xFFDF, 0xFFDF, 0xFFDF,
    0xFFDF, 0xFFDF, 0xFFDF, 0xFFDF, 0xFFDF, 0xFFDF, 0xFFDF, 0xFFDF, 0xFFDF, 0xFFDF, 0xFFDF, 0xFFDF, 0xFFDF, 0xFFDF, 0xFFDF, 0xFFDF,
    0xCE1A, 0xCE1A, 0xCE1A, 0xCE1A, 0xCE1A, 0xCE1A, 0xCE1A, 0xCE1A, 0xCE1A, 0xCE1A, 0xCE1A, 0xCE1A, 0xCE1A, 0xCE1A, 0xCE1A, 0xCE1A,
    0x9495, 0x9495, 0xA4D6, 0xAD17, 0xAD17, 0xAD17, 0xAD17, 0xA537, 0xA558, 0xA558, 0xA558, 0xA558, 0xA558, 0xA558, 0xA558, 0xA558,
    0x630F, 0x630F, 0x8C33, 0xAD17, 0xAD17, 0xAD17, 0xAD17, 0x9D99, 0x8E1B, 0x8E1B, 0x8E1B, 0x8E1B, 0x8E1B, 0x8E1B, 0x8E1B, 0x8E1B,
    0x9494, 0x9494, 0x8C53, 0x8C33, 0xA4D6, 0xAD17, 0xAD17, 0x95DA, 0x8E5C, 0x8E5C, 0x8E5C, 0x8E5C, 0x8E5C, 0x8E5C, 0x8E5C, 0x8E5C,
    0xFFDF, 0xFFDF, 0x9494, 0x630F, 0x9495, 0xAD17, 0xAD17, 0x95DA, 0x8E5C, 0x8E5C, 0x8E5C, 0x8E5C, 0x8E5C, 0x8E5C, 0x8E5C, 0x8E5C
};

const short poke_mart_interior_tile_52[TILE_SIZE * TILE_SIZE] = {
    0xFFDF, 0xFFDF, 0xFFDF, 0xFFDF, 0xFFDF, 0xFFDF, 0xFFDF, 0xFFDF, 0xFFDF, 0xFFDF, 0xFFDF, 0xFFDF, 0xFFDF, 0xFFDF, 0xFFDF, 0xFFDF,
    0xFFDF, 0xFFDF, 0xFFDF, 0xFFDF, 0xFFDF, 0xFFDF, 0xFFDF, 0xFFDF, 0xFFDF, 0xFFDF, 0xFFDF, 0xFFDF, 0xFFDF, 0xFFDF, 0xFFDF, 0xFFDF,
    0xFFDF, 0xFFDF, 0xFFDF, 0xFFDF, 0xFFDF, 0xFFDF, 0xFFDF, 0xFFDF, 0xFFDF, 0xFFDF, 0xFFDF, 0xFFDF, 0xFFDF, 0xFFDF, 0xFFDF, 0xFFDF,
    0xFFDF, 0xFFDF, 0xFFDF, 0xFFDF, 0xFFDF, 0xFFDF, 0xFFDF, 0xFFDF, 0xFFDF, 0xFFDF, 0xFFDF, 0xFFDF, 0xFFDF, 0xFFDF, 0xFFDF, 0xFFDF,
    0xFFDF, 0xFFDF, 0xFFDF, 0xFFDF, 0xFFDF, 0xFFDF, 0xFFDF, 0xFFDF, 0xFFDF, 0xFFDF, 0xFFDF, 0xFFDF, 0xFFDF, 0xFFDF, 0xFFDF, 0xFFDF,
    0xFFDF, 0xFFDF, 0xFFDF, 0xFFDF, 0xFFDF, 0xFFDF, 0xFFDF, 0xFFDF, 0xFFDF, 0xFFDF, 0xFFDF, 0xFFDF, 0xFFDF, 0xFFDF, 0xFFDF, 0xFFDF,
    0xCE1A, 0xCE1A, 0xCE1A, 0xCE1A, 0xCE1A, 0xCE1A, 0xCE1A, 0xCE1A, 0xCE1A, 0xCE1A, 0xCE1A, 0xCE1A, 0xCE1A, 0xCE1A, 0xCE1A, 0xCE1A,
    0xBD98, 0xBD98, 0xBD98, 0xBD98, 0xBD98, 0xBD98, 0xBD98, 0xBD98, 0xBD98, 0xBD98, 0xBD98, 0xBD98, 0xBD98, 0xBD98, 0xBD98, 0xBD98,
    0xEF3D, 0xEF3D, 0xEF3D, 0xEF3D, 0xEF3D, 0xEF3D, 0xEF3D, 0xEF3D, 0xEF3D, 0xEF3D, 0xEF3D, 0xEF3D, 0xEF3D, 0xEF3D, 0xEF3D, 0xEF3D,
    0xFFDF, 0xFFDF, 0xFFDF, 0xFFDF, 0xFFDF, 0xFFDF, 0xFFDF, 0xFFDF, 0xFFDF, 0xFFDF, 0xFFDF, 0xFFDF, 0xFFDF, 0xFFDF, 0xFFDF, 0xFFDF,
    0xFFDF, 0xFFDF, 0xFFDF, 0xFFDF, 0xFFDF, 0xFFDF, 0xFFDF, 0xFFDF, 0xFFDF, 0xFFDF, 0xFFDF, 0xFFDF, 0xFFDF, 0xFFDF, 0xFFDF, 0xFFDF,
    0xCE1A, 0xCE1A, 0xCE1A, 0xCE1A, 0xCE1A, 0xCE1A, 0xCE1A, 0xCE1A, 0xCE1A, 0xCE1A, 0xCE1A, 0xCE1A, 0xCE1A, 0xCE1A, 0xCE1A, 0xCE1A,
    0xA558, 0xA517, 0xAD17, 0xAD17, 0xAD17, 0xAD17, 0x9CB5, 0x9495, 0x9495, 0x9CB5, 0xAD17, 0xAD17, 0xAD17, 0xAD17, 0xA517, 0xA558,
    0x8E1B, 0x9D78, 0xAD17, 0xAD17, 0xAD17, 0xAD17, 0x7BD2, 0x630F, 0x630F, 0x7BD2, 0xAD17, 0xAD17, 0xAD17, 0xAD17, 0x9D78, 0x8E1B,
    0x8E5C, 0x9D99, 0xAD17, 0xAD17, 0x9C95, 0x8413, 0x8C53, 0x9494, 0x9494, 0x8C53, 0x8413, 0x9C95, 0xAD17, 0xAD17, 0x9D99, 0x8E5C,
    0x8E5C, 0x9D99, 0xAD17, 0xAD17, 0x8413, 0x528D, 0xB5B7, 0xFFDF, 0xFFDF, 0xB5B7, 0x528D, 0x8413, 0xAD17, 0xAD17, 0x9D99, 0x8E5C
};

const short poke_mart_interior_tile_53[TILE_SIZE * TILE_SIZE] = {
    0xFFDF, 0xFFDF, 0xFFDF, 0xFFDF, 0xFFDF, 0xFFDF, 0xFFDF, 0xFFDF, 0xFFDF, 0xFFDF, 0xFFDF, 0xFFDF, 0xFFDF, 0xFFDF, 0xFFDF, 0xFFDF,
    0xFFDF, 0xFFDF, 0xFFDF, 0xFFDF, 0xFFDF, 0xFFDF, 0xFFDF, 0xFFDF, 0xFFDF, 0xFFDF, 0xFFDF, 0xFFDF, 0xFFDF, 0xFFDF, 0xFFDF, 0xFFDF,
    0xFFDF, 0xFFDF, 0xFFDF, 0xFFDF, 0xFFDF, 0xFFDF, 0xFFDF, 0xFFDF, 0xFFDF, 0xFFDF, 0xFFDF, 0xFFDF, 0xFFDF, 0xFFDF, 0xFFDF, 0xFFDF,
    0xFFDF, 0xFFDF, 0xFFDF, 0xFFDF, 0xFFDF, 0xFFDF, 0xFFDF, 0xFFDF, 0xFFDF, 0xFFDF, 0xFFDF, 0xFFDF, 0xFFDF, 0xFFDF, 0xFFDF, 0xFFDF,
    0xFFDF, 0xFFDF, 0xFFDF, 0xFFDF, 0xFFDF, 0xFFDF, 0xFFDF, 0xFFDF, 0xFFDF, 0xFFDF, 0xFFDF, 0xFFDF, 0xFFDF, 0xFFDF, 0xFFDF, 0xFFDF,
    0xFFDF, 0xFFDF, 0xFFDF, 0xFFDF, 0xFFDF, 0xFFDF, 0xFFDF, 0xFFDF, 0xFFDF, 0xFFDF, 0xFFDF, 0xFFDF, 0xFFDF, 0xFFDF, 0xFFDF, 0xFFDF,
    0xCE1A, 0xCE1A, 0xCE1A, 0xCE1A, 0xCE1A, 0xCE1A, 0xCE1A, 0xCE1A, 0xCE1A, 0xCE1A, 0xCE1A, 0xCE1A, 0xCE1A, 0xCE1A, 0xCE1A, 0xCE1A,
    0xBD98, 0xBD98, 0xBD98, 0xBD98, 0xBD98, 0xBD98, 0xBD98, 0xBD98, 0xBD98, 0xBD98, 0xBD98, 0xBD98, 0xBD98, 0xBD98, 0xBD98, 0xBD98,
    0xEF3D, 0xEF3D, 0xEF3D, 0xEF3D, 0xEF3D, 0xEF3D, 0xEF3D, 0xEF3D, 0xEF3D, 0xEF3D, 0xEF3D, 0xEF3D, 0xEF3D, 0xEF3D, 0xEF3D, 0xEF3D,
    0xFFDF, 0xFFDF, 0xFFDF, 0xFFDF, 0xFFDF, 0xFFDF, 0xFFDF, 0xFFDF, 0xFFDF, 0xFFDF, 0xFFDF, 0xFFDF, 0xFFDF, 0xFFDF, 0xFFDF, 0xFFDF,
    0xFFDF, 0xFFDF, 0xFFDF, 0xFFDF, 0xFFDF, 0xFFDF, 0xFFDF, 0xFFDF, 0xFFDF, 0xFFDF, 0xFFDF, 0xFFDF, 0xFFDF, 0xFFDF, 0xFFDF, 0xFFDF,
    0xCE1A, 0xCE1A, 0xCE1A, 0xCE1A, 0xCE1A, 0xCE1A, 0xCE1A, 0xCE1A, 0xCE1A, 0xCE1A, 0xCE1A, 0xCE1A, 0xCE1A, 0xCE1A, 0xCE1A, 0xCE1A,
    0xA558, 0xA558, 0xA558, 0xA558, 0xA558, 0xA558, 0xA558, 0xA558, 0xA558, 0xA558, 0xA517, 0xAD17, 0xAD17, 0xA4D6, 0x9495, 0x9495,
    0x8E1B, 0x8E1B, 0x8E1B, 0x8E1B, 0x8E1B, 0x8E1B, 0x8E1B, 0x8E1B, 0x8E1B, 0x8E1B, 0x9D78, 0xAD17, 0xAD17, 0x8C33, 0x630F, 0x630F,
    0x8E5C, 0x8E5C, 0x8E5C, 0x8E5C, 0x8E5C, 0x8E5C, 0x8E5C, 0x8E5C, 0x8E5C, 0x8E5C, 0x9D99, 0xA4D6, 0x8C33, 0x8C53, 0x9494, 0x9494,
    0x8E5C, 0x8E5C, 0x8E5C, 0x8E5C, 0x8E5C, 0x8E5C, 0x8E5C, 0x8E5C, 0x8E5C, 0x8E5C, 0x9D99, 0x9495, 0x630F, 0x9494, 0xFFDF, 0xFFDF
};

const short poke_mart_interior_tile_54[TILE_SIZE * TILE_SIZE] = {
    0xFFDF, 0xFFDF, 0xFFDF, 0xFFDF, 0xFFDF, 0xFFDF, 0xFFDF, 0xFFDF, 0xFFDF, 0xFFDF, 0xFFDF, 0xFFDF, 0xFFDF, 0xFFDF, 0xFFDF, 0xFFDF,
    0xFFDF, 0xFFDF, 0xFFDF, 0xFFDF, 0xFFDF, 0xFFDF, 0xFFDF, 0xFFDF, 0xFFDF, 0xFFDF, 0xFFDF, 0xFFDF, 0xFFDF, 0xFFDF, 0xFFDF, 0xFFDF,
    0xFFDF, 0xFFDF, 0xFFDF, 0xFFDF, 0xFFDF, 0xFFDF, 0xFFDF, 0xFFDF, 0xFFDF, 0xFFDF, 0xFFDF, 0xFFDF, 0xFFDF, 0xFFDF, 0xFFDF, 0xFFDF,
    0xFFDF, 0xFFDF, 0xFFDF, 0xFFDF, 0xFFDF, 0xFFDF, 0xFFDF, 0xFFDF, 0xFFDF, 0xFFDF, 0xFFDF, 0xFFDF, 0xFFDF, 0xFFDF, 0xFFDF, 0xFFDF,
    0xFFDF, 0xFFDF, 0xFFDF, 0xFFDF, 0xFFDF, 0xFFDF, 0xFFDF, 0xFFDF, 0xFFDF, 0xFFDF, 0xFFDF, 0xFFDF, 0xFFDF, 0xFFDF, 0xFFDF, 0xFFDF,
    0xFFDF, 0xFFDF, 0xFFDF, 0xFFDF, 0xFFDF, 0xFFDF, 0xFFDF, 0xFFDF, 0xFFDF, 0xFFDF, 0xFFDF, 0xFFDF, 0xFFDF, 0xFFDF, 0xFFDF, 0xFFDF,
    0xD67B, 0xEF7E, 0xFFDF, 0xFFDF, 0xDEDC, 0xCE1A, 0xCE1A, 0xCE1A, 0xCE1A, 0xCE1A, 0xCE1A, 0xCE1A, 0xCE1A, 0xCE1A, 0xCE1A, 0xCE1A,
    0xC5F9, 0xDEFC, 0xEF3D, 0xEF3D, 0xCE3A, 0xBD98, 0xBD98, 0xBD98, 0xBD98, 0xBD98, 0xBD98, 0xBD98, 0xBD98, 0xBD98, 0xBD98, 0xBD98,
    0xDEFC, 0xC5F9, 0xBD98, 0xBD98, 0xD69B, 0xEF3D, 0xEF3D, 0xEF3D, 0xEF3D, 0xEF3D, 0xEF3D, 0xEF3D, 0xEF3D, 0xEF3D, 0xEF3D, 0xEF3D,
    0xE71C, 0x9CD5, 0x8413, 0x8413, 0xCE5A, 0xFFDF, 0xFFDF, 0xFFDF, 0xFFDF, 0xFFDF, 0xFFDF, 0xFFDF, 0xFFDF, 0xFFDF, 0xFFDF, 0xFFDF,
    0xD6BB, 0x7390, 0x528D, 0x528D, 0xB5B7, 0xFFDF, 0xFFDF, 0xFFDF, 0xFFDF, 0xFFDF, 0xFFDF, 0xFFDF, 0xFFDF, 0xFFDF, 0xFFDF, 0xFFDF,
    0xB577, 0x6B2F, 0x528D, 0x528D, 0x9CB4, 0xCE1A, 0xCE1A, 0xCE1A, 0xCE1A, 0xCE1A, 0xCE1A, 0xCE1A, 0xCE1A, 0xCE1A, 0xCE1A, 0xCE1A,
    0x8C13, 0x5AEE, 0x528D, 0x528D, 0x7BB1, 0x9495, 0x9495, 0x9CB5, 0xAD17, 0xAD17, 0xAD17, 0xAD17, 0xA517, 0xA558, 0xA558, 0xA558,
    0x5AEE, 0x528D, 0x528D, 0x528D, 0x5ACE, 0x630F, 0x630F, 0x7BD2, 0xAD17, 0xAD17, 0xAD17, 0xAD17, 0x9D78, 0x8E1B, 0x8E1B, 0x8E1B,
    0x8432, 0x5AEE, 0x528D, 0x528D, 0x7BD1, 0x9494, 0x9494, 0x8C53, 0x8413, 0x9C95, 0xAD17, 0xAD17, 0x9D99, 0x8E5C, 0x8E5C, 0x8E5C,
    0xD6BB, 0x7390, 0x528D, 0x528D, 0xB5B7, 0xFFDF, 0xFFDF, 0xB5B7, 0x528D, 0x8413, 0xAD17, 0xAD17, 0x9D99, 0x8E5C, 0x8E5C, 0x8E5C
};

const short poke_mart_interior_tile_55[TILE_SIZE * TILE_SIZE] = {
    0xFFDF, 0xFFDF, 0xFFDF, 0xFFDF, 0xFFDF, 0xFFDF, 0xFFDF, 0xFFDF, 0xFFDF, 0xFFDF, 0xFFDF, 0xFFDF, 0xFFDF, 0xFFDF, 0xFFDF, 0xFFDF,
    0xFFDF, 0xFFDF, 0xFFDF, 0xFFDF, 0xFFDF, 0xFFDF, 0xFFDF, 0xFFDF, 0xFFDF, 0xFFDF, 0xFFDF, 0xFFDF, 0xFFDF, 0xFFDF, 0xFFDF, 0xFFDF,
    0xFFDF, 0xFFDF, 0xFFDF, 0xFFDF, 0xFFDF, 0xFFDF, 0xFFDF, 0xFFDF, 0xFFDF, 0xFFDF, 0xFFDF, 0xFFDF, 0xFFDF, 0xFFDF, 0xFFDF, 0xFFDF,
    0xFFDF, 0xFFDF, 0xFFDF, 0xFFDF, 0xFFDF, 0xFFDF, 0xFFDF, 0xFFDF, 0xFFDF, 0xFFDF, 0xFFDF, 0xFFDF, 0xFFDF, 0xFFDF, 0xFFDF, 0xFFDF,
    0xFFDF, 0xFFDF, 0xFFDF, 0xFFDF, 0xFFDF, 0xFFDF, 0xFFDF, 0xFFDF, 0xFFDF, 0xFFDF, 0xFFDF, 0xFFDF, 0xFFDF, 0xFFDF, 0xFFDF, 0xFFDF,
    0xFFDF, 0xFFDF, 0xFFDF, 0xFFDF, 0xFFDF, 0xFFDF, 0xFFDF, 0xFFDF, 0xFFDF, 0xFFDF, 0xFFDF, 0xFFDF, 0xFFDF, 0xFFDF, 0xFFDF, 0xFFDF,
    0xCE1A, 0xCE1A, 0xCE1A, 0xCE1A, 0xCE1A, 0xCE1A, 0xCE1A, 0xCE1A, 0xCE1A, 0xCE1A, 0xCE1A, 0xCE1A, 0xCE1A, 0xCE1A, 0xCE1A, 0xCE1A,
    0xBD98, 0xBD98, 0xBD98, 0xBD98, 0xBD98, 0xBD98, 0xBD98, 0xBD98, 0xBD98, 0xBD98, 0xBD98, 0xBD98, 0xBD98, 0xBD98, 0xBD98, 0xBD98,
    0xEF3D, 0xEF3D, 0xEF3D, 0xEF3D, 0xEF3D, 0xEF3D, 0xEF3D, 0xEF3D, 0xEF3D, 0xEF3D, 0xEF3D, 0xEF3D, 0xEF3D, 0xEF3D, 0xEF3D, 0xEF3D,
    0xFFDF, 0xFFDF, 0xFFDF, 0xFFDF, 0xFFDF, 0xFFDF, 0xFFDF, 0xFFDF, 0xFFDF, 0xFFDF, 0xFFDF, 0xFFDF, 0xFFDF, 0xFFDF, 0xFFDF, 0xFFDF,
    0xFFDF, 0xFFDF, 0xFFDF, 0xFFDF, 0xFFDF, 0xFFDF, 0xFFDF, 0xFFDF, 0xFFDF, 0xFFDF, 0xFFDF, 0xFFDF, 0xFFDF, 0xFFDF, 0xFFDF, 0xFFDF,
    0xCE1A, 0xCE1A, 0xCE1A, 0xCE1A, 0xCE1A, 0xCE1A, 0xCE1A, 0xCE1A, 0xCE1A, 0xCE1A, 0xCE1A, 0xCE1A, 0xCE1A, 0xCE1A, 0xCE1A, 0xCE1A,
    0xA558, 0xA558, 0xA558, 0xA558, 0xA558, 0xA558, 0xA537, 0xAD17, 0xAD17, 0xAD17, 0xAD17, 0xA4D6, 0x9495, 0x9495, 0x9C95, 0xA4F6,
    0x8E1B, 0x8E1B, 0x8E1B, 0x8E1B, 0x8E1B, 0x8E1B, 0x9D99, 0xAD17, 0xAD17, 0xAD17, 0xAD17, 0x8C33, 0x630F, 0x630F, 0x7370, 0x9C95,
    0x8E5C, 0x8E5C, 0x8E5C, 0x8E5C, 0x8E5C, 0x8E5C, 0x95DA, 0xAD17, 0xAD17, 0xA4D6, 0x8C33, 0x8C53, 0x9494, 0x9494, 0x9474, 0x8C33,
    0x8E5C, 0x8E5C, 0x8E5C, 0x8E5C, 0x8E5C, 0x8E5C, 0x95DA, 0xAD17, 0xAD17, 0x9495, 0x630F, 0x9494, 0xFFDF, 0xFFDF, 0xD6BB, 0x7390
};

const short poke_mart_interior_tile_56[TILE_SIZE * TILE_SIZE] = {
    0xFFDF, 0xFFDF, 0xFFDF, 0xFFDF, 0xFFDF, 0xFFDF, 0xFFDF, 0xFFDF, 0xFFDF, 0xFFDF, 0xFFDF, 0xFFDF, 0xFFDF, 0xFFDF, 0xFFDF, 0xFFDF,
    0xFFDF, 0xFFDF, 0xFFDF, 0xFFDF, 0xFFDF, 0xFFDF, 0xFFDF, 0xFFDF, 0xFFDF, 0xFFDF, 0xFFDF, 0xFFDF, 0xFFDF, 0xFFDF, 0xFFDF, 0xFFDF,
    0xFFDF, 0xFFDF, 0xFFDF, 0xFFDF, 0xFFDF, 0xFFDF, 0xFFDF, 0xFFDF, 0xFFDF, 0xFFDF, 0xFFDF, 0xFFDF, 0xFFDF, 0xFFDF, 0xFFDF, 0xFFDF,
    0xFFDF, 0xFFDF, 0xFFDF, 0xFFDF, 0xFFDF, 0xFFDF, 0xFFDF, 0xFFDF, 0xFFDF, 0xFFDF, 0xFFDF, 0xFFDF, 0xFFDF, 0xFFDF, 0xFFDF, 0xFFDF,
    0xFFDF, 0xFFDF, 0xFFDF, 0xFFDF, 0xFFDF, 0xFFDF, 0xFFDF, 0xFFDF, 0xFFDF, 0xFFDF, 0xFFDF, 0xFFDF, 0xFFDF, 0xFFDF, 0xFFDF, 0xFFDF,
    0xFFDF, 0xFFDF, 0xFFDF, 0xFFDF, 0xFFDF, 0xFFDF, 0xFFDF, 0xFFDF, 0xFFDF, 0xFFDF, 0xFFDF, 0xFFDF, 0xFFDF, 0xFFDF, 0xFFDF, 0xFFDF,
    0xCE1A, 0xCE1A, 0xCE1A, 0xCE1A, 0xCE1A, 0xCE1A, 0xCE1A, 0xCE1A, 0xCE1A, 0xCE1A, 0xCE1A, 0xCE1A, 0xCE1A, 0xCE1A, 0xCE1A, 0xCE1A,
    0xBD98, 0xBD98, 0xBD98, 0xBD98, 0xBD98, 0xBD98, 0xBD98, 0xBD98, 0xBD98, 0xBD98, 0xBD98, 0xBD98, 0xBD98, 0xBD98, 0xBD98, 0xBD98,
    0xEF3D, 0xEF3D, 0xEF3D, 0xEF3D, 0xEF3D, 0xEF3D, 0xEF3D, 0xEF3D, 0xEF3D, 0xEF3D, 0xEF3D, 0xEF3D, 0xEF3D, 0xEF3D, 0xEF3D, 0xEF3D,
    0xFFDF, 0xFFDF, 0xFFDF, 0xFFDF, 0xFFDF, 0xFFDF, 0xFFDF, 0xFFDF, 0xFFDF, 0xFFDF, 0xFFDF, 0xFFDF, 0xFFDF, 0xFFDF, 0xFFDF, 0xFFDF,
    0xFFDF, 0xFFDF, 0xFFDF, 0xFFDF, 0xFFDF, 0xFFDF, 0xFFDF, 0xFFDF, 0xFFDF, 0xFFDF, 0xFFDF, 0xFFDF, 0xFFDF, 0xFFDF, 0xFFDF, 0xFFDF,
    0xCE1A, 0xCE1A, 0xCE1A, 0xCE1A, 0xCE1A, 0xCE1A, 0xCE1A, 0xCE1A, 0xCE1A, 0xCE1A, 0xCE1A, 0xCE1A, 0xCE1A, 0xCE1A, 0xCE1A, 0xCE1A,
    0xAD17, 0xAD17, 0xAD17, 0xA517, 0xA537, 0xA558, 0xA558, 0xA558, 0xA558, 0xA558, 0xA558, 0xA558, 0xA558, 0xA558, 0xA558, 0xA537,
    0xAD17, 0xAD17, 0xAD17, 0xA537, 0x95DA, 0x8E1B, 0x8E1B, 0x8E1B, 0x8E1B, 0x8E1B, 0x8E1B, 0x8E1B, 0x8E1B, 0x8E1B, 0x8E1B, 0x9D99,
    0x9474, 0xAD17, 0xAD17, 0xA558, 0x8E1B, 0x8E5C, 0x8E5C, 0x8E5C, 0x8E5C, 0x8E5C, 0x8E5C, 0x8E5C, 0x8E5C, 0x8E5C, 0x8E5C, 0x95DA,
    0x7391, 0xAD17, 0xAD17, 0xA558, 0x8E1B, 0x8E5C, 0x8E5C, 0x8E5C, 0x8E5C, 0x8E5C, 0x8E5C, 0x8E5C, 0x8E5C, 0x8E5C, 0x8E5C, 0x95DA
};

const short poke_mart_interior_tile_57[TILE_SIZE * TILE_SIZE] = {
    0xFFDF, 0xFFDF, 0xFFDF, 0xFFDF, 0xFFDF, 0xFFDF, 0xFFDF, 0xFFDF, 0xFFDF, 0xFFDF, 0xFFDF, 0xFFDF, 0xFFDF, 0xFFDF, 0xFFDF, 0xFFDF,
    0xFFDF, 0xFFDF, 0xFFDF, 0xFFDF, 0xFFDF, 0xFFDF, 0xFFDF, 0xFFDF, 0xFFDF, 0xFFDF, 0xFFDF, 0xFFDF, 0xFFDF, 0xFFDF, 0xFFDF, 0xFFDF,
    0xFFDF, 0xFFDF, 0xFFDF, 0xFFDF, 0xFFDF, 0xFFDF, 0xFFDF, 0xFFDF, 0xFFDF, 0xFFDF, 0xFFDF, 0xFFDF, 0xFFDF, 0xFFDF, 0xFFDF, 0xFFDF,
    0xFFDF, 0xFFDF, 0xFFDF, 0xFFDF, 0xFFDF, 0xFFDF, 0xFFDF, 0xFFDF, 0xFFDF, 0xFFDF, 0xFFDF, 0xFFDF, 0xFFDF, 0xFFDF, 0xFFDF, 0xFFDF,
    0xFFDF, 0xFFDF, 0xFFDF, 0xFFDF, 0xFFDF, 0xFFDF, 0xFFDF, 0xFFDF, 0xFFDF, 0xFFDF, 0xFFDF, 0xFFDF, 0xFFDF, 0xFFDF, 0xFFDF, 0xFFDF,
    0xFFDF, 0xFFDF, 0xFFDF, 0xFFDF, 0xFFDF, 0xFFDF, 0xFFDF, 0xFFDF, 0xFFDF, 0xFFDF, 0xFFDF, 0xFFDF, 0xFFDF, 0xFFDF, 0xFFDF, 0xFFDF,
    0xCE1A, 0xCE1A, 0xCE1A, 0xCE1A, 0xCE1A, 0xCE1A, 0xE71D, 0xFFDF, 0xFFDF, 0xFFDF, 0xFFDF, 0xFFDF, 0xFFDF, 0xFFDF, 0xFFDF, 0xFFDF,
    0xBD98, 0xBD98, 0xBD98, 0xBD98, 0xBD98, 0xBD98, 0xD69B, 0xEF5D, 0xF7BE, 0xFFDF, 0xFFDF, 0xFFDF, 0xFFDF, 0xFFDF, 0xFFDF, 0xFFDF,
    0xEF3D, 0xEF3D, 0xEF3D, 0xEF3D, 0xEF3D, 0xEF3D, 0xCE3A, 0xC619, 0xEF5D, 0xFFDF, 0xFFDF, 0xFFDF, 0xFFDF, 0xFFDF, 0xFFDF, 0xFFDF,
    0xFFDF, 0xFFDF, 0xFFDF, 0xFFDF, 0xFFDF, 0xFFDF, 0xB597, 0x9CD5, 0xE71C, 0xFFDF, 0xFFDF, 0xFFDF, 0xFFDF, 0xFFDF, 0xFFDF, 0xFFDF,
    0xFFDF, 0xFFDF, 0xFFDF, 0xFFDF, 0xFFDF, 0xFFDF, 0x9494, 0x7390, 0xD6BB, 0xFFDF, 0xFFDF, 0xFFDF, 0xFFDF, 0xFFDF, 0xFFDF, 0xFFDF,
    0xCE1A, 0xCE1A, 0xCE1A, 0xCE1A, 0xCE1A, 0xCE1A, 0x83F2, 0x7390, 0xD6BB, 0xFFDF, 0xFFDF, 0xFFDF, 0xFFDF, 0xFFDF, 0xFFDF, 0xFFDF,
    0xAD17, 0xAD17, 0xA4F6, 0x9C95, 0x9495, 0x9495, 0x6B50, 0x7390, 0xD6BB, 0xFFDF, 0xFFDF, 0xFFDF, 0xFFDF, 0xFFDF, 0xFFDF, 0xFFDF,
    0xAD17, 0xAD17, 0x9C95, 0x7370, 0x630F, 0x630F, 0x52AD, 0x7390, 0xD6BB, 0xFFDF, 0xFFDF, 0xFFDF, 0xFFDF, 0xFFDF, 0xFFDF, 0xFFDF,
    0xAD17, 0x9474, 0x8C33, 0x9474, 0x9494, 0x9494, 0x6B4F, 0x7390, 0xD6BB, 0xFFDF, 0xFFDF, 0xFFDF, 0xFFDF, 0xFFDF, 0xFFDF, 0xFFDF,
    0xAD17, 0x7391, 0x7390, 0xD6BB, 0xFFDF, 0xFFDF, 0x9494, 0x7390, 0xD6BB, 0xFFDF, 0xFFDF, 0xFFDF, 0xFFDF, 0xFFDF, 0xFFDF, 0xFFDF
};

const short poke_mart_interior_tile_58[TILE_SIZE * TILE_SIZE] = {
    0xFFDF, 0xFFDF, 0xFFDF, 0xFFDF, 0xFFDF, 0xCE78, 0xB594, 0xB594, 0x8C51, 0x528D, 0x6C52, 0x8596, 0x8596, 0x8596, 0x8596, 0x8619,
    0xFFDF, 0xFFDF, 0xFFDF, 0xFFDF, 0xFFDF, 0xDEDA, 0xBE16, 0xB5B4, 0xA512, 0x8C51, 0x73F0, 0x6C11, 0x7D34, 0x8596, 0x8596, 0x85D7,
    0xFFDF, 0xFFDF, 0xFFDF, 0xFFDF, 0xFFDF, 0xE73C, 0xCE99, 0xBDF6, 0xB5B4, 0xB594, 0x8410, 0x636F, 0x7493, 0x7D34, 0x8596, 0x8596,
    0xFFDF, 0xFFDF, 0xFFDF, 0xFFDF, 0xFFDF, 0xE73C, 0xCEB9, 0xCE99, 0xBE16, 0xB594, 0xA533, 0x8C91, 0x636F, 0x6C11, 0x8596, 0x8596,
    0xFFDF, 0xFFDF, 0xFFDF, 0xFFDF, 0xFFDF, 0xE73C, 0xD6DA, 0xD6DA, 0xCE78, 0xBE16, 0xB5B5, 0xA533, 0x8410, 0x73F0, 0x6C52, 0x7D14,
    0xFFDF, 0xFFDF, 0xFFDF, 0xFFDF, 0xFFDF, 0xE73C, 0xD6DA, 0xD6DA, 0xD6DA, 0xD6DA, 0xBE16, 0xB594, 0xB594, 0x8C51, 0x528D, 0x6C52,
    0xFFDF, 0xFFDF, 0xFFDF, 0xFFDF, 0xFFDF, 0xE73C, 0xD6DA, 0xD6DA, 0xD6DA, 0xD6DA, 0xCE78, 0xBE16, 0xB5B4, 0xA512, 0x8C51, 0x73F0,
    0xFFDF, 0xFFDF, 0xFFDF, 0xFFDF, 0xFFDF, 0xE73C, 0xD6DA, 0xD6DA, 0xD6DA, 0xD6DA, 0xD6DA, 0xCE99, 0xBDF6, 0xB5B4, 0xB594, 0x8410,
    0xFFDF, 0xFFDF, 0xFFDF, 0xFFDF, 0xFFDF, 0xE73C, 0xD6DA, 0xD6DA, 0xD6DA, 0xD6DA, 0xD6DA, 0xCEB9, 0xCE99, 0xBE16, 0xB594, 0xA533,
    0xFFDF, 0xFFDF, 0xFFDF, 0xFFDF, 0xFFDF, 0xE73C, 0xD6DA, 0xD6DA, 0xD6DA, 0xD6DA, 0xD6DA, 0xD6DA, 0xD6DA, 0xCE78, 0xBE16, 0xB5B5,
    0xFFDF, 0xFFDF, 0xFFDF, 0xFFDF, 0xFFDF, 0xE73C, 0xD6DA, 0xD6DA, 0xD6DA, 0xD6DA, 0xD6DA, 0xD6DA, 0xD6DA, 0xD6DA, 0xD6DA, 0xBE16,
    0xFFDF, 0xFFDF, 0xFFDF, 0xFFDF, 0xFFDF, 0xE73C, 0xD6DA, 0xD6DA, 0xD6DA, 0xD6DA, 0xD6DA, 0xD6DA, 0xD6DA, 0xD6DA, 0xD6DA, 0xCE78,
    0xFFDF, 0xFFDF, 0xFFDF, 0xFFDF, 0xFFDF, 0xE73C, 0xD6DA, 0xD6DA, 0xD6DA, 0xD6DA, 0xD6DA, 0xD6DA, 0xD6DA, 0xD6DA, 0xD6DA, 0xD6DA,
    0xFFDF, 0xFFDF, 0xFFDF, 0xFFDF, 0xFFDF, 0xE73C, 0xD6DA, 0xD6DA, 0xD6DA, 0xD6DA, 0xD6DA, 0xD6DA, 0xD6DA, 0xD6DA, 0xD6DA, 0xD6DA,
    0xFFDF, 0xFFDF, 0xFFDF, 0xFFDF, 0xFFDF, 0xE73C, 0xD6DA, 0xD6DA, 0xD6DA, 0xD6DA, 0xD6DA, 0xD6DA, 0xD6DA, 0xD6DA, 0xD6DA, 0xD6DA,
    0xFFDF, 0xFFDF, 0xFFDF, 0xFFDF, 0xFFDF, 0xE73C, 0xD6DA, 0xD6DA, 0xD6DA, 0xD6DA, 0xD6DA, 0xD6DA, 0xD6DA, 0xD6DA, 0xD6DA, 0xD6DA
};

const short poke_mart_interior_tile_59[TILE_SIZE * TILE_SIZE] = {
    0x9EDB, 0xE79E, 0x94B2, 0x0000, 0x0000, 0x0000, 0x0000, 0x0000, 0x0000, 0x0000, 0x0000, 0x0000, 0x0000, 0x0000, 0x0000, 0x0000,
    0x8E38, 0xAEDB, 0x6C31, 0x0000, 0x0000, 0x0000, 0x0000, 0x0000, 0x0000, 0x0000, 0x0000, 0x0000, 0x0000, 0x0000, 0x0000, 0x0000,
    0x85B6, 0x8639, 0x53CF, 0x0000, 0x0000, 0x0000, 0x0000, 0x0000, 0x0000, 0x0000, 0x0000, 0x0000, 0x0000, 0x0000, 0x0000, 0x0000,
    0x8596, 0x85B6, 0x4B6D, 0x0000, 0x0000, 0x0000, 0x0000, 0x0000, 0x0000, 0x0000, 0x0000, 0x0000, 0x0000, 0x0000, 0x0000, 0x0000,
    0x8596, 0x8596, 0x4B4D, 0x0000, 0x0000, 0x0000, 0x0000, 0x0000, 0x0000, 0x0000, 0x0000, 0x0000, 0x0000, 0x0000, 0x0000, 0x0000,
    0x8596, 0x8596, 0x4B4D, 0x0000, 0x0000, 0x0000, 0x0000, 0x0000, 0x0000, 0x0000, 0x0000, 0x0000, 0x0000, 0x0000, 0x0000, 0x0000,
    0x6C11, 0x7D34, 0x4B4D, 0x0000, 0x0000, 0x0000, 0x0000, 0x0000, 0x0000, 0x0000, 0x0000, 0x0000, 0x0000, 0x0000, 0x0000, 0x0000,
    0x636F, 0x7493, 0x42EC, 0x0000, 0x0000, 0x0000, 0x0000, 0x0000, 0x0000, 0x0000, 0x0000, 0x0000, 0x0000, 0x0000, 0x0000, 0x0000,
    0x8C91, 0x636F, 0x31E8, 0x0000, 0x0000, 0x0000, 0x0000, 0x0000, 0x0000, 0x0000, 0x0000, 0x0000, 0x0000, 0x0000, 0x0000, 0x0000,
    0xA533, 0x8410, 0x4229, 0x0000, 0x0000, 0x0000, 0x0000, 0x0000, 0x0000, 0x0000, 0x0000, 0x0000, 0x0000, 0x0000, 0x0000, 0x0000,
    0xB594, 0xB594, 0x6B4C, 0x0000, 0x0000, 0x0000, 0x0000, 0x0000, 0x0000, 0x0000, 0x0000, 0x0000, 0x0000, 0x0000, 0x0000, 0x0000,
    0xBE16, 0xB5B4, 0x6B4C, 0x0000, 0x0000, 0x0000, 0x0000, 0x0000, 0x0000, 0x0000, 0x0000, 0x0000, 0x0000, 0x0000, 0x0000, 0x0000,
    0xCE99, 0xBDF6, 0x6B6C, 0x0000, 0x0000, 0x0000, 0x0000, 0x0000, 0x0000, 0x0000, 0x0000, 0x0000, 0x0000, 0x0000, 0x0000, 0x0000,
    0xCEB9, 0xCE99, 0x7BEE, 0x0000, 0x0000, 0x0000, 0x0000, 0x0000, 0x0000, 0x0000, 0x0000, 0x0000, 0x0000, 0x0000, 0x0000, 0x0000,
    0xD6DA, 0xD6DA, 0x7C0F, 0x0000, 0x0000, 0x0000, 0x0000, 0x0000, 0x0000, 0x0000, 0x0000, 0x0000, 0x0000, 0x0000, 0x0000, 0x0000,
    0xD6DA, 0xD6DA, 0x7C0F, 0x0000, 0x0000, 0x0000, 0x0000, 0x0000, 0x0000, 0x0000, 0x0000, 0x0000, 0x0000, 0x0000, 0x0000, 0x0000
};

const short poke_mart_interior_tile_60[TILE_SIZE * TILE_SIZE] = {
    0x0000, 0x0000, 0x0000, 0x0000, 0x0000, 0x0000, 0x0000, 0x0000, 0x0000, 0x0000, 0x0000, 0x0000, 0x0000, 0x7C0F, 0xD6DA, 0xD6DA,
    0x0000, 0x0000, 0x0000, 0x0000, 0x0000, 0x0000, 0x0000, 0x0000, 0x0000, 0x0000, 0x0000, 0x0000, 0x0000, 0x7C0F, 0xD6DA, 0xD6DA,
    0x0000, 0x0000, 0x0000, 0x0000, 0x0000, 0x0000, 0x0000, 0x0000, 0x0000, 0x0000, 0x0000, 0x0000, 0x0000, 0x7C0F, 0xD6DA, 0xD6DA,
    0x0000, 0x0000, 0x0000, 0x0000, 0x0000, 0x0000, 0x0000, 0x0000, 0x0000, 0x0000, 0x0000, 0x0000, 0x0000, 0x7C0F, 0xD6DA, 0xD6DA,
    0x0000, 0x0000, 0x0000, 0x0000, 0x0000, 0x0000, 0x0000, 0x0000, 0x0000, 0x0000, 0x0000, 0x0000, 0x0000, 0x7C0F, 0xD6DA, 0xD6DA,
    0x0000, 0x0000, 0x0000, 0x0000, 0x0000, 0x0000, 0x0000, 0x0000, 0x0000, 0x0000, 0x0000, 0x0000, 0x0000, 0x7C0F, 0xD6DA, 0xD6DA,
    0x0000, 0x0000, 0x0000, 0x0000, 0x0000, 0x0000, 0x0000, 0x0000, 0x0000, 0x0000, 0x0000, 0x0000, 0x0000, 0x7C0F, 0xD6DA, 0xD6DA,
    0x0000, 0x0000, 0x0000, 0x0000, 0x0000, 0x0000, 0x0000, 0x0000, 0x0000, 0x0000, 0x0000, 0x0000, 0x0000, 0x7C0F, 0xD6DA, 0xD6DA,
    0x0000, 0x0000, 0x0000, 0x0000, 0x0000, 0x0000, 0x0000, 0x0000, 0x0000, 0x0000, 0x0000, 0x0000, 0x0000, 0x7C0F, 0xD6DA, 0xD6DA,
    0x0000, 0x0000, 0x0000, 0x0000, 0x0000, 0x0000, 0x0000, 0x0000, 0x0000, 0x0000, 0x0000, 0x0000, 0x0000, 0x7C0F, 0xD6DA, 0xD6DA,
    0x0000, 0x0000, 0x0000, 0x0000, 0x0000, 0x0000, 0x0000, 0x0000, 0x0000, 0x0000, 0x0000, 0x0000, 0x0000, 0x7C0F, 0xD6DA, 0xD6DA,
    0x0000, 0x0000, 0x0000, 0x0000, 0x0000, 0x0000, 0x0000, 0x0000, 0x0000, 0x0000, 0x0000, 0x0000, 0x0000, 0x7C0F, 0xD6B9, 0xCE78,
    0x0000, 0x0000, 0x0000, 0x0000, 0x0000, 0x0000, 0x0000, 0x0000, 0x0000, 0x0000, 0x0000, 0x0000, 0x0000, 0x7C0F, 0xCE78, 0xCD53,
    0x0000, 0x0000, 0x0000, 0x0000, 0x0000, 0x0000, 0x0000, 0x0000, 0x0000, 0x0000, 0x0000, 0x0000, 0x0000, 0x7B8D, 0xCD94, 0xCCD0,
    0x0000, 0x0000, 0x0000, 0x0000, 0x0000, 0x0000, 0x0000, 0x0000, 0x0000, 0x0000, 0x0000, 0x0000, 0x0000, 0x7AA9, 0xCC8F, 0xCC8F,
    0x0000, 0x0000, 0x0000, 0x0000, 0x0000, 0x0000, 0x0000, 0x0000, 0x0000, 0x0000, 0x0000, 0x0000, 0x0000, 0x7AA9, 0xCCD0, 0xCD94
};

const short poke_mart_interior_tile_61[TILE_SIZE * TILE_SIZE] = {
    0xD6DA, 0xD6DA, 0xD6DA, 0xD6DA, 0xD6DA, 0xD6DA, 0xD6DA, 0xD6DA, 0xD6DA, 0xD6DA, 0xE698, 0xFE15, 0xFE15, 0xFE15, 0xFE15, 0xFE15,
    0xD6DA, 0xD6DA, 0xD6DA, 0xD6DA, 0xD6DA, 0xD6DA, 0xD6DA, 0xD6DA, 0xD6B9, 0xCE78, 0xDDD4, 0xFD0F, 0xFD0F, 0xFD0F, 0xFD0F, 0xFD0F,
    0xD6DA, 0xD6DA, 0xD6DA, 0xD6DA, 0xD6DA, 0xD6DA, 0xD6DA, 0xD6DA, 0xCE78, 0xCD53, 0xDCF0, 0xFD0F, 0xFD0F, 0xFD0F, 0xFD0F, 0xFD0F,
    0xD6DA, 0xD6DA, 0xD6DA, 0xD6DA, 0xD6DA, 0xD6DA, 0xD6DA, 0xCE37, 0xCD94, 0xCCD0, 0xDD31, 0xFE15, 0xFE15, 0xFE15, 0xFE15, 0xFE15,
    0xD6DA, 0xD6DA, 0xD6DA, 0xD6DA, 0xD6DA, 0xD6DA, 0xD6DA, 0xCD73, 0xCC8F, 0xCC8F, 0xDDD5, 0xFFDF, 0xFFDF, 0xFFDF, 0xFFDF, 0xFFDF,
    0xD6DA, 0xD6DA, 0xD6DA, 0xD6DA, 0xD6DA, 0xCE37, 0xCD73, 0xCCD0, 0xCCD0, 0xCD94, 0xC658, 0xB71C, 0xB71C, 0xB71C, 0xB71C, 0xB71C,
    0xD6DA, 0xD6DA, 0xD6DA, 0xD6B9, 0xCE78, 0xCD94, 0xCC8F, 0xCCD0, 0xCD52, 0xCE37, 0xAE79, 0x865A, 0x865A, 0x865A, 0x865A, 0x865A,
    0xD6DA, 0xD6DA, 0xD6DA, 0xCE78, 0xCD53, 0xCCD0, 0xCC8F, 0xCD94, 0xCE37, 0xBDD5, 0xA5B5, 0x85B7, 0x85B7, 0x85B7, 0x85B7, 0x85B7,
    0xD6DA, 0xD6DA, 0xCE37, 0xCD94, 0xCCD0, 0xCCD0, 0xCD73, 0xC5F5, 0xBE16, 0xA553, 0x9534, 0x8596, 0x8596, 0x8596, 0x8596, 0x8596,
    0xD6DA, 0xD6DA, 0xCD73, 0xCC8F, 0xCC8F, 0xCD73, 0xD6DA, 0xBE16, 0xAD53, 0x9491, 0x84D3, 0x8596, 0x8596, 0x8596, 0x8596, 0x8596,
    0xCE37, 0xCD73, 0xCCD0, 0xCCD0, 0xCD94, 0xC5F5, 0xBE16, 0xA553, 0x94B2, 0x8C51, 0x84D3, 0x8596, 0x8596, 0x8596, 0x8596, 0x8596,
    0xCD94, 0xCC8F, 0xCCD0, 0xCD52, 0xCE37, 0xBE16, 0xAD53, 0x94B2, 0x8C51, 0x8C51, 0x84D3, 0x8596, 0x8596, 0x8596, 0x8596, 0x8596,
    0xCCD0, 0xCC8F, 0xCD94, 0xCE37, 0xBDD5, 0xA553, 0x9491, 0x8C51, 0x8C51, 0x8C51, 0x84D3, 0x8596, 0x8596, 0x8596, 0x8596, 0x8596,
    0xCCD0, 0xCD73, 0xC5F5, 0xBE16, 0xA553, 0x94B2, 0x8C51, 0x8C51, 0x8C51, 0x8C51, 0x7C51, 0x6C52, 0x6C52, 0x6C52, 0x6C52, 0x6C52,
    0xCD73, 0xD6DA, 0xBE16, 0xAD53, 0x9491, 0x8C51, 0x8C51, 0x8C51, 0x8C51, 0x8C51, 0x738F, 0x528D, 0x528D, 0x528D, 0x528D, 0x528D,
    0xC5F5, 0xBE16, 0xA553, 0x94B2, 0x8C51, 0x8C51, 0x8C51, 0x8C51, 0x8410, 0x6B6F, 0x5AEE, 0x528D, 0x528D, 0x528D, 0x528D, 0x528D
};

const short poke_mart_interior_tile_62[TILE_SIZE * TILE_SIZE] = {
    0xFE15, 0xFE15, 0xFE15, 0xFE15, 0xFE15, 0xFE15, 0xFE15, 0xFE15, 0xFE15, 0xFE15, 0xFE15, 0xFE15, 0xFE15, 0xFE15, 0xFE15, 0xFE15,
    0xFD0F, 0xFD0F, 0xFD0F, 0xFD0F, 0xFD0F, 0xFD0F, 0xFD0F, 0xFD0F, 0xFD0F, 0xFD0F, 0xFD0F, 0xFD0F, 0xFD0F, 0xFD0F, 0xFD0F, 0xFD0F,
    0xFD0F, 0xFD0F, 0xFD0F, 0xFD0F, 0xFD0F, 0xFD0F, 0xFD0F, 0xFD0F, 0xFD0F, 0xFD0F, 0xFD0F, 0xFD0F, 0xFD0F, 0xFD0F, 0xFD0F, 0xFD0F,
    0xFE15, 0xFE15, 0xFE15, 0xFE15, 0xFE15, 0xFE15, 0xFE15, 0xFE15, 0xFE15, 0xFE15, 0xFE15, 0xFE15, 0xFE15, 0xFE15, 0xFE15, 0xFE15,
    0xFFDF, 0xFFDF, 0xFFDF, 0xFFDF, 0xFFDF, 0xFFDF, 0xFFDF, 0xFFDF, 0xFFDF, 0xFFDF, 0xFFDF, 0xFFDF, 0xFFDF, 0xFFDF, 0xFFDF, 0xFFDF,
    0xB71C, 0xB71C, 0xB71C, 0xB71C, 0xB71C, 0xB71C, 0xB71C, 0xB71C, 0xB71C, 0xB71C, 0xB71C, 0xB71C, 0xB71C, 0xB71C, 0xB71C, 0xB71C,
    0x865A, 0x865A, 0x865A, 0x865A, 0x865A, 0x865A, 0x865A, 0x865A, 0x865A, 0x865A, 0x865A, 0x865A, 0x865A, 0x865A, 0x865A, 0x865A,
    0x85B7, 0x85B7, 0x85B7, 0x85B7, 0x85B7, 0x85B7, 0x85B7, 0x85B7, 0x85B7, 0x85B7, 0x85B7, 0x85B7, 0x85B7, 0x85B7, 0x85B7, 0x85B7,
    0x8596, 0x8596, 0x8596, 0x8596, 0x8596, 0x8596, 0x8596, 0x8596, 0x8596, 0x8596, 0x8596, 0x8596, 0x8596, 0x8596, 0x8596, 0x8596,
    0x8596, 0x8596, 0x8596, 0x8596, 0x8596, 0x8596, 0x8596, 0x8596, 0x8596, 0x8596, 0x8596, 0x8596, 0x8596, 0x8596, 0x8596, 0x8596,
    0x8596, 0x8596, 0x8596, 0x8596, 0x8596, 0x8596, 0x8596, 0x8596, 0x8596, 0x8596, 0x8596, 0x8596, 0x8596, 0x8596, 0x8596, 0x8596,
    0x8596, 0x8596, 0x8596, 0x8596, 0x8596, 0x8596, 0x8596, 0x8596, 0x8596, 0x8596, 0x8596, 0x8596, 0x8596, 0x8596, 0x8596, 0x8596,
    0x8596, 0x8596, 0x8596, 0x8596, 0x8596, 0x8596, 0x8596, 0x8596, 0x8596, 0x8596, 0x8596, 0x8596, 0x8596, 0x8596, 0x8596, 0x8596,
    0x6C52, 0x6C52, 0x6C52, 0x6C52, 0x6C52, 0x6C52, 0x6C52, 0x6C52, 0x6C52, 0x6C52, 0x6C52, 0x6C52, 0x6C52, 0x6C52, 0x6C52, 0x6C52,
    0x528D, 0x528D, 0x528D, 0x528D, 0x528D, 0x528D, 0x528D, 0x528D, 0x528D, 0x528D, 0x528D, 0x528D, 0x528D, 0x528D, 0x528D, 0x528D,
    0x528D, 0x528D, 0x528D, 0x528D, 0x528D, 0x528D, 0x528D, 0x528D, 0x528D, 0x528D, 0x528D, 0x528D, 0x528D, 0x528D, 0x528D, 0x528D
};

const short poke_mart_interior_tile_63[TILE_SIZE * TILE_SIZE] = {
    0xFE15, 0xFE15, 0xFE15, 0xFE15, 0xFE15, 0xFE15, 0xFE15, 0xFE15, 0xFE15, 0xFE15, 0xFE15, 0xFE15, 0xFE15, 0xFE15, 0xFE15, 0xFE15,
    0xFD0F, 0xFD0F, 0xFD0F, 0xFD0F, 0xFD0F, 0xFD0F, 0xFD0F, 0xFD0F, 0xFD0F, 0xFD0F, 0xFD0F, 0xFD0F, 0xFD0F, 0xFD0F, 0xFD0F, 0xFD0F,
    0xFD0F, 0xFD0F, 0xFD0F, 0xFD0F, 0xFD0F, 0xFD0F, 0xFD0F, 0xFD0F, 0xFD0F, 0xFD0F, 0xFD0F, 0xFD0F, 0xFD0F, 0xFD0F, 0xFD0F, 0xFD0F,
    0xFE15, 0xFE15, 0xFE15, 0xFE15, 0xFE15, 0xFE15, 0xFE15, 0xFE15, 0xFE15, 0xFE15, 0xFE15, 0xFE15, 0xFE15, 0xFE15, 0xFE15, 0xFE15,
    0xFFDF, 0xFFDF, 0xFFDF, 0xFFDF, 0xFFDF, 0xFFDF, 0xFFDF, 0xFFDF, 0xFFDF, 0xFFDF, 0xFFDF, 0xFFDF, 0xFFDF, 0xFFDF, 0xFFDF, 0xFFDF,
    0xB71C, 0xB71C, 0xB71C, 0xB71C, 0xB71C, 0xB71C, 0xB71C, 0xB71C, 0xB71C, 0xB71C, 0xB71C, 0xB71C, 0xB71C, 0xB71C, 0xB71C, 0xB71C,
    0x865A, 0x865A, 0x865A, 0x865A, 0x865A, 0x865A, 0x865A, 0x865A, 0x865A, 0x865A, 0x865A, 0x865A, 0x865A, 0x865A, 0x865A, 0x865A,
    0x85B7, 0x85B7, 0x85B7, 0x85B7, 0x85B7, 0x85B7, 0x85B7, 0x85B7, 0x85B7, 0x85B7, 0x85B7, 0x85B7, 0x85B7, 0x85B7, 0x85B7, 0x85B7,
    0x8596, 0x8596, 0x8596, 0x8596, 0x8596, 0x8596, 0x8596, 0x8596, 0x8596, 0x8596, 0x8596, 0x8596, 0x8596, 0x8596, 0x8596, 0x8596,
    0x8596, 0x8596, 0x8596, 0x8596, 0x8596, 0x8596, 0x8596, 0x8596, 0x8596, 0x8596, 0x8596, 0x8596, 0x8596, 0x8596, 0x8596, 0x8596,
    0x8596, 0x8596, 0x8596, 0x8596, 0x8596, 0x8596, 0x8596, 0x8596, 0x8596, 0x8596, 0x8596, 0x8596, 0x8596, 0x8596, 0x8596, 0x8596,
    0x8596, 0x8596, 0x8596, 0x8596, 0x8596, 0x8596, 0x8596, 0x8596, 0x8596, 0x8596, 0x8596, 0x8596, 0x8596, 0x8596, 0x8596, 0x8596,
    0x8596, 0x8596, 0x8596, 0x8596, 0x8596, 0x8596, 0x8596, 0x8596, 0x8596, 0x8596, 0x8596, 0x8596, 0x8596, 0x8596, 0x8596, 0x8596,
    0x6C52, 0x6C52, 0x6C52, 0x6C52, 0x6C52, 0x6C52, 0x6C52, 0x6C52, 0x6C52, 0x6C52, 0x6C52, 0x6C52, 0x6C52, 0x6C52, 0x6C52, 0x6C52,
    0x528D, 0x528D, 0x528D, 0x528D, 0x528D, 0x528D, 0x528D, 0x528D, 0x528D, 0x528D, 0x528D, 0x528D, 0x528D, 0x528D, 0x528D, 0x528D,
    0x528D, 0x528D, 0x528D, 0x528D, 0x528D, 0x528D, 0x528D, 0x528D, 0x528D, 0x528D, 0x528D, 0x528D, 0x528D, 0x528D, 0x528D, 0x528D
};

const short poke_mart_interior_tile_64[TILE_SIZE * TILE_SIZE] = {
    0xFE15, 0xFE15, 0xFE15, 0xFE15, 0xFE15, 0xFE15, 0xFE15, 0xFE15, 0xFE15, 0xFE15, 0xFE15, 0xFE15, 0xFE15, 0xFE15, 0xFE15, 0xFE15,
    0xFD0F, 0xFD0F, 0xFD0F, 0xFD0F, 0xFD0F, 0xFD0F, 0xFD0F, 0xFD0F, 0xFD0F, 0xFD0F, 0xFD0F, 0xFD0F, 0xFD0F, 0xFD0F, 0xFD0F, 0xFD0F,
    0xFD0F, 0xFD0F, 0xFD0F, 0xFD0F, 0xFD0F, 0xFD0F, 0xFD0F, 0xFD0F, 0xFD0F, 0xFD0F, 0xFD0F, 0xFD0F, 0xFD0F, 0xFD0F, 0xFD0F, 0xFD0F,
    0xFE15, 0xFE15, 0xFE15, 0xFE15, 0xFE15, 0xFE15, 0xFE15, 0xFE15, 0xFE15, 0xFE15, 0xFE15, 0xFE15, 0xFE15, 0xFE15, 0xFE15, 0xFE15,
    0xFFDF, 0xFFDF, 0xFFDF, 0xFFDF, 0xFFDF, 0xFFDF, 0xFFDF, 0xFFDF, 0xFFDF, 0xFFDF, 0xFFDF, 0xFFDF, 0xFFDF, 0xFFDF, 0xFFDF, 0xFFDF,
    0xB71C, 0xB71C, 0xB71C, 0xB71C, 0xB71C, 0xB71C, 0xB71C, 0xB71C, 0xB71C, 0xB71C, 0xB71C, 0xB71C, 0xB71C, 0xB71C, 0xB71C, 0xB71C,
    0x865A, 0x865A, 0x865A, 0x865A, 0x865A, 0x865A, 0x865A, 0x865A, 0x865A, 0x865A, 0x865A, 0x865A, 0x865A, 0x865A, 0x865A, 0x8639,
    0x85B7, 0x85B7, 0x85B7, 0x85B7, 0x85B7, 0x85B7, 0x85B7, 0x85B7, 0x85B7, 0x85B7, 0x85B7, 0x85B7, 0x85B7, 0x85B7, 0x85B7, 0x7D35,
    0x8596, 0x8596, 0x8596, 0x8596, 0x74D3, 0x6C52, 0x6C52, 0x6C52, 0x6C52, 0x6C52, 0x6C52, 0x6C52, 0x6C52, 0x6C52, 0x6C52, 0x7452,
    0x8596, 0x8596, 0x8596, 0x8596, 0x63B0, 0x528D, 0x528D, 0x528D, 0x528D, 0x528D, 0x528D, 0x528D, 0x528D, 0x528D, 0x528D, 0x6B50,
    0x8596, 0x8596, 0x74D3, 0x63B0, 0x94F5, 0xAD97, 0x9D57, 0x9D37, 0x9D37, 0x9D37, 0x9D37, 0x9D37, 0x7C33, 0x528D, 0x83F2, 0x9CD5,
    0x8596, 0x8596, 0x6C52, 0x528D, 0xB5B7, 0xEF9F, 0xD73F, 0xBEBD, 0xB61B, 0xB61B, 0xB61B, 0xB61B, 0x94F6, 0x6B50, 0x9CD5, 0xA516,
    0x8596, 0x8596, 0x6C52, 0x528D, 0xB5B7, 0xEF9F, 0xD73F, 0xA599, 0x6B70, 0x6B70, 0x6B70, 0x6B70, 0x8C54, 0xBDB9, 0x8C53, 0x632F,
    0x6C52, 0x6C52, 0x6390, 0x528D, 0xB5B7, 0xE75D, 0xADB9, 0x94F6, 0x9494, 0x7431, 0x6BF0, 0x8C73, 0xAD57, 0xDE9C, 0x8413, 0x528D,
    0x528D, 0x528D, 0x528D, 0x528D, 0xB5B7, 0xD6BB, 0x7390, 0x9494, 0xFFDF, 0xB698, 0x9E36, 0xE75C, 0xEF5D, 0xDE9C, 0x8413, 0x528D,
    0x528D, 0x528D, 0x528D, 0x528D, 0xB5B7, 0xD6BB, 0x7390, 0x7431, 0xB698, 0x9615, 0x8DF4, 0xA677, 0xC699, 0xDE9C, 0x8413, 0x528D
};

const short poke_mart_interior_tile_65[TILE_SIZE * TILE_SIZE] = {
    0xFE15, 0xFE15, 0xFE15, 0xFE15, 0xFE15, 0xFE15, 0xFE15, 0xFE15, 0xFE15, 0xFE15, 0xFE15, 0xFE15, 0xFE15, 0x93F0, 0x5B4F, 0x7DB8,
    0xFD0F, 0xFD0F, 0xFD0F, 0xFD0F, 0xFD0F, 0xFD0F, 0xFD0F, 0xFD0F, 0xFD0F, 0xFD0F, 0xFD0F, 0xFD0F, 0xFD0F, 0x938D, 0x5B4F, 0x7D97,
    0xFD0F, 0xFD0F, 0xFD0F, 0xFD0F, 0xFD0F, 0xFD0F, 0xFD0F, 0xFD0F, 0xFD0F, 0xFD0F, 0xFD0F, 0xFD0F, 0xFD0F, 0x938D, 0x5B2F, 0x7D15,
    0xFE15, 0xFE15, 0xFE15, 0xFE15, 0xFE15, 0xFE15, 0xFE15, 0xFE15, 0xFE15, 0xFE15, 0xFE15, 0xFE15, 0xFE15, 0x93F0, 0x5B2F, 0x7D35,
    0xFFDF, 0xFFDF, 0xFFDF, 0xFFDF, 0xFFDF, 0xFFDF, 0xFFDF, 0xFFDF, 0xFFDF, 0xFFDF, 0xFFDF, 0xFFDF, 0xFFDF, 0x9494, 0x5B4F, 0x7DB8,
    0xB71C, 0xA619, 0x9494, 0x9494, 0x9494, 0x9494, 0x9494, 0x9494, 0x9494, 0x9494, 0x9494, 0xA597, 0xB71C, 0x7C53, 0x5B4F, 0x7DB8,
    0x7DD8, 0x7CD5, 0x7390, 0x7390, 0x7390, 0x7390, 0x7390, 0x7390, 0x7390, 0x7390, 0x7390, 0x7473, 0x7DB8, 0x63D1, 0x5B4F, 0x7DB8,
    0x63D1, 0x8CB4, 0xD6BB, 0xD6BB, 0xD6BB, 0xD6BB, 0xD6BB, 0xD6BB, 0xD6BB, 0xD6BB, 0xD6BB, 0xA556, 0x5B4F, 0x52CE, 0x5B4F, 0x7DB8,
    0x8432, 0xB597, 0xFFDF, 0xFFDF, 0xFFDF, 0xFFDF, 0xFFDF, 0xFFDF, 0xFFDF, 0xFFDF, 0xFFDF, 0xB5B7, 0x528D, 0x528D, 0x5B4F, 0x7DB8,
    0xBDB9, 0xE71D, 0xFFDF, 0xFFDF, 0xFFDF, 0xFFDF, 0xFFDF, 0xFFDF, 0xFFDF, 0xFFDF, 0xFFDF, 0xB5B7, 0x528D, 0x528D, 0x5B4F, 0x7DB8,
    0x8C53, 0xB597, 0xFFDF, 0xFFDF, 0xFFDF, 0xFFDF, 0xFFDF, 0xFFDF, 0xFFDF, 0xFFDF, 0xFFDF, 0xB5B7, 0x528D, 0x528D, 0x5B4F, 0x7DB8,
    0x632F, 0x9494, 0xFFDF, 0xFFDF, 0xFFDF, 0xFFDF, 0xFFDF, 0xFFDF, 0xFFDF, 0xFFDF, 0xFFDF, 0xB5B7, 0x528D, 0x528D, 0x5B4F, 0x7D97,
    0x52AD, 0x9494, 0xFFDF, 0xFFDF, 0xFFDF, 0xFFDF, 0xFFDF, 0xFFDF, 0xFFDF, 0xFFDF, 0xFFDF, 0xB5B7, 0x528D, 0x528D, 0x5B2F, 0x7D15,
    0x528D, 0x9494, 0xFFDF, 0xFFDF, 0xFFDF, 0xFFDF, 0xFFDF, 0xFFDF, 0xFFDF, 0xFFDF, 0xFFDF, 0xB5B7, 0x528D, 0x528D, 0x52EE, 0x63F1,
    0x528D, 0x9494, 0xFFDF, 0xFFDF, 0xFFDF, 0xFFDF, 0xFFDF, 0xFFDF, 0xFFDF, 0xFFDF, 0xFFDF, 0xB5B7, 0x528D, 0x528D, 0x528D, 0x528D,
    0x528D, 0x9494, 0xFFDF, 0xFFDF, 0xFFDF, 0xFFDF, 0xFFDF, 0xFFDF, 0xFFDF, 0xFFDF, 0xFFDF, 0xB5B7, 0x528D, 0x528D, 0x528D, 0x528D
};

const short poke_mart_interior_tile_66[TILE_SIZE * TILE_SIZE] = {
    0x8659, 0x85F8, 0x9E73, 0xB6D1, 0xB6D1, 0xB6D1, 0xB6D1, 0x9655, 0x8E16, 0xA692, 0xB6D1, 0xB6D1, 0xB6D1, 0xA692, 0x8E16, 0x9655,
    0x85F8, 0x8596, 0x9613, 0xA692, 0xA692, 0xA692, 0xA692, 0x8DF4, 0x8DB5, 0x9E52, 0xA692, 0xA692, 0xA692, 0x9E52, 0x8DB5, 0x8DF4,
    0x85B6, 0x8596, 0x85B5, 0x8DD5, 0x8DD5, 0x8DD5, 0x8DD5, 0x8595, 0x8595, 0x8DB5, 0x8DD5, 0x8DD5, 0x8DD5, 0x8DB5, 0x8595, 0x8595,
    0x85F8, 0x85F8, 0x85F8, 0x85F8, 0x85F8, 0x85F8, 0x85F8, 0x85F8, 0x85F8, 0x85F8, 0x85F8, 0x85F8, 0x85F8, 0x85F8, 0x85F8, 0x85F8,
    0x8E9B, 0x8E9B, 0x8E9B, 0x8E9B, 0x8E9B, 0x8E9B, 0x8E9B, 0x8E9B, 0x8E9B, 0x8E9B, 0x8E9B, 0x8E9B, 0x8E9B, 0x8E9B, 0x8E9B, 0x8E9B,
    0x8E9B, 0x8E9B, 0x9697, 0xA6B5, 0xA6B5, 0xA6B5, 0xA6B5, 0xAED9, 0xAEFB, 0xA6B6, 0xA6B5, 0xA6B5, 0xA6B5, 0xA6B6, 0xAEFB, 0xBF1D,
    0x8E9B, 0x8E9B, 0xA6B5, 0xB6D1, 0xB6D1, 0xB6D1, 0xB6D1, 0xBF18, 0xC73B, 0xB6D3, 0xB6D1, 0xB6D1, 0xB6D1, 0xB6F3, 0xCF3B, 0xE79E,
    0x8E9B, 0x8E9B, 0xA6B5, 0xB6D1, 0xB6D1, 0xB6D1, 0xB6D1, 0xBF18, 0xC73B, 0xB6D3, 0xB6D1, 0xB6D1, 0xB6D1, 0xBEF3, 0xE77C, 0xF7BE,
    0x8E9B, 0x8E9B, 0xA6B5, 0xB6D1, 0xB6D1, 0xB6D1, 0xB6D1, 0xAEF8, 0xAEFA, 0xB6D3, 0xB6D1, 0xB6D1, 0xC714, 0xD758, 0xEFBD, 0xF7BE,
    0x8E9B, 0x8E9B, 0xA6B5, 0xB6D1, 0xB6D1, 0xB6D1, 0xB6D1, 0x9E97, 0x9699, 0xAEB3, 0xB6D1, 0xB6D1, 0xDF59, 0xFFDF, 0xFFDF, 0xE79E,
    0x8659, 0x85F8, 0x9E73, 0xB6D1, 0xB6D1, 0xB6D1, 0xB6D1, 0x9655, 0x8E16, 0xA692, 0xC714, 0xDF59, 0xEF9C, 0xF7BE, 0xE79E, 0xC6FC,
    0x85F8, 0x8596, 0x9613, 0xA692, 0xA692, 0xA692, 0xA692, 0x8DF4, 0x8DD5, 0xB6B4, 0xD758, 0xFFDF, 0xF7BE, 0xE79E, 0xC71C, 0xAE7A,
    0x85B6, 0x8596, 0x85B5, 0x8DD5, 0x8DD5, 0x8DD5, 0x8DD5, 0x8595, 0x95F7, 0xD73B, 0xEFBD, 0xFFDF, 0xE79E, 0xC71C, 0x9E38, 0xA659,
    0x6C52, 0x6C52, 0x6C52, 0x6C52, 0x6C52, 0x6C52, 0x6C52, 0x6C52, 0x7C93, 0xA576, 0xB5B7, 0xB5B7, 0xA577, 0x9536, 0x7493, 0x7CB4,
    0x528D, 0x528D, 0x528D, 0x528D, 0x528D, 0x528D, 0x528D, 0x528D, 0x528D, 0x528D, 0x528D, 0x528D, 0x528D, 0x528D, 0x528D, 0x528D,
    0x528D, 0x528D, 0x528D, 0x528D, 0x528D, 0x528D, 0x528D, 0x528D, 0x528D, 0x528D, 0x528D, 0x528D, 0x528D, 0x528D, 0x528D, 0x528D
};

const short poke_mart_interior_tile_67[TILE_SIZE * TILE_SIZE] = {
    0xB6D1, 0xB6D1, 0xB6D1, 0xB6D1, 0xBEF6, 0xCF5D, 0x8473, 0x528D, 0x528D, 0x6412, 0x8E9B, 0x8639, 0x8E16, 0xA692, 0xB6D1, 0xB6D1,
    0xA692, 0xA692, 0xAE92, 0xBED3, 0xD758, 0xFFDF, 0x9494, 0x528D, 0x528D, 0x6412, 0x865A, 0x85D7, 0x8DB5, 0x9E52, 0xA692, 0xA692,
    0x8DD5, 0x8DD5, 0x9E16, 0xD73A, 0xEFBD, 0xFFDF, 0x9494, 0x528D, 0x528D, 0x63D1, 0x85B7, 0x8596, 0x8595, 0x8DB5, 0x8DD5, 0x8DD5,
    0x85F8, 0x9E39, 0xBEBA, 0xEF7D, 0xF7BE, 0xE79E, 0x8C94, 0x528D, 0x528D, 0x63D1, 0x85F8, 0x85F8, 0x85F8, 0x85F8, 0x85F8, 0x85F8,
    0x8E9B, 0xCF5D, 0xFFDF, 0xFFDF, 0xE79E, 0xCF5E, 0x8473, 0x528D, 0x528D, 0x6412, 0x8E9B, 0x8E9B, 0x8E9B, 0x8E9B, 0x8E9B, 0x8E9B,
    0xCF5D, 0xE79E, 0xF7BE, 0xE79E, 0xC6FC, 0x9E39, 0x6BF1, 0x528D, 0x528D, 0x6412, 0x8E9B, 0x8E9B, 0x8E99, 0x9EB6, 0xA6B5, 0xA6B5,
    0xFFDF, 0xF7BE, 0xE79E, 0xC71C, 0xAE7A, 0x8DD7, 0x6BD1, 0x528D, 0x528D, 0x6412, 0x8E9B, 0x8E9B, 0x9699, 0xAEB3, 0xB6D1, 0xB6D1,
    0xFFDF, 0xE79E, 0xC71C, 0x9E38, 0xA659, 0xBEFC, 0x7C53, 0x528D, 0x528D, 0x6412, 0x8E9B, 0x8E9B, 0x9699, 0xAEB3, 0xB6D1, 0xB6D1,
    0xE79E, 0xC6FC, 0xAE7A, 0xA659, 0xA659, 0xAE9A, 0x7432, 0x528D, 0x528D, 0x6412, 0x8E9B, 0x8E9B, 0x9699, 0xAEB3, 0xB6D1, 0xB6D1,
    0xCF5E, 0x9E39, 0x8DD7, 0xBEFC, 0xAE9A, 0x8596, 0x63B0, 0x528D, 0x528D, 0x6412, 0x8E9B, 0x8E9B, 0x9699, 0xAEB3, 0xB6D1, 0xB6D1,
    0x9E39, 0xA67A, 0xAE7A, 0xA659, 0x95F7, 0x8596, 0x63B0, 0x528D, 0x528D, 0x6412, 0x8E9B, 0x8639, 0x8E16, 0xA692, 0xB6D1, 0xB6D1,
    0x8DD7, 0xAE7A, 0xAEBB, 0x8DD7, 0x8596, 0x8596, 0x63B0, 0x528D, 0x528D, 0x6412, 0x865A, 0x85D7, 0x8DB5, 0x9E52, 0xA692, 0xA692,
    0xBEFC, 0xA659, 0x8DD7, 0x8596, 0x8596, 0x8596, 0x63B0, 0x528D, 0x528D, 0x63D1, 0x85B7, 0x8596, 0x8595, 0x8DB5, 0x8DD5, 0x8DD5,
    0x9D57, 0x7CB4, 0x6C52, 0x6C52, 0x6C52, 0x6C52, 0x5B2F, 0x528D, 0x528D, 0x5B2F, 0x6C52, 0x6C52, 0x6C52, 0x6C52, 0x6C52, 0x6C52,
    0x528D, 0x528D, 0x528D, 0x528D, 0x528D, 0x528D, 0x528D, 0x528D, 0x528D, 0x528D, 0x528D, 0x528D, 0x528D, 0x528D, 0x528D, 0x528D,
    0x528D, 0x528D, 0x528D, 0x528D, 0x528D, 0x528D, 0x528D, 0x528D, 0x528D, 0x528D, 0x528D, 0x528D, 0x528D, 0x528D, 0x528D, 0x528D
};

const short poke_mart_interior_tile_68[TILE_SIZE * TILE_SIZE] = {
    0xB6D1, 0xA692, 0x8E16, 0x9655, 0xB6D1, 0xB6D1, 0xB6D1, 0xB6D1, 0x9E73, 0x85F8, 0x9E73, 0xB6D1, 0xB6D1, 0xB6D1, 0xB6D1, 0xC718,
    0xA692, 0x9E52, 0x8DB5, 0x8DF4, 0xA692, 0xA692, 0xA692, 0xA692, 0x9613, 0x8596, 0x9613, 0xA692, 0xA692, 0xB6B2, 0xBEF3, 0xE77A,
    0x8DD5, 0x8DB5, 0x8595, 0x8595, 0x8DD5, 0x8DD5, 0x8DD5, 0x8DD5, 0x85B5, 0x8596, 0x85B5, 0x8DD5, 0x8DD5, 0xB677, 0xEF9C, 0xF7BD,
    0x85F8, 0x85F8, 0x85F8, 0x85F8, 0x85F8, 0x85F8, 0x85F8, 0x85F8, 0x85F8, 0x85F8, 0x85F8, 0x8E18, 0xA659, 0xCEFB, 0xFFDF, 0xEFBE,
    0x8E9B, 0x8E9B, 0x8E9B, 0x8E9B, 0x8E9B, 0x8E9B, 0x8E9B, 0x8E9B, 0x8E9B, 0x8E9B, 0x8E9B, 0x9EDB, 0xE79E, 0xFFDF, 0xFFDF, 0xDF7E,
    0xA6B5, 0xA6B6, 0xAEFB, 0xAED9, 0xA6B5, 0xA6B5, 0xA6B5, 0xA6B5, 0xA6D8, 0xAEFC, 0xC73D, 0xD75D, 0xEFBE, 0xEFBE, 0xDF7E, 0xB6BB,
    0xB6D1, 0xB6D3, 0xC73B, 0xBF18, 0xB6D1, 0xB6D1, 0xB6D1, 0xB6D1, 0xBF16, 0xD75E, 0xEF9E, 0xF7BF, 0xF7BE, 0xDF5D, 0xBEFC, 0xA659,
    0xB6D1, 0xB6D3, 0xC73B, 0xBF18, 0xB6D1, 0xB6D1, 0xB6D1, 0xB6D1, 0xCF16, 0xEFBE, 0xF7BE, 0xF7BE, 0xDF7E, 0xB6DB, 0x8DD7, 0xAE7A,
    0xB6D1, 0xB6D3, 0xAEFA, 0xAEF8, 0xB6D1, 0xB6D1, 0xB6D2, 0xC715, 0xDF79, 0xFFDF, 0xEFBE, 0xDF5D, 0xB6DB, 0xA67A, 0x9E39, 0xA67A,
    0xB6D1, 0xAEB3, 0x9699, 0x9E97, 0xB6D1, 0xB6D1, 0xBEF3, 0xEF9C, 0xFFDF, 0xFFDF, 0xDF7E, 0xBEFC, 0x8DD7, 0x9E39, 0xCF5E, 0x9E39,
    0xB6D1, 0xA692, 0x8E16, 0x9655, 0xB6D1, 0xCF36, 0xE77A, 0xF7BD, 0xEFBE, 0xDF7E, 0xB6BB, 0xA659, 0xAE7A, 0xA67A, 0x9E39, 0x8DD7,
    0xA692, 0x9E52, 0x8DB5, 0x9E15, 0xBEF3, 0xE77A, 0xF7BF, 0xF7BE, 0xDF5D, 0xBEFC, 0xA659, 0x9618, 0xB6BB, 0xA659, 0x8596, 0x8596,
    0x8DD5, 0x8DB5, 0x8595, 0xAE58, 0xEF9C, 0xF7BD, 0xF7BE, 0xDF7E, 0xB6DB, 0x8DD7, 0xAE7A, 0xB6BB, 0x9618, 0x8DB7, 0x8596, 0x8596,
    0x6C52, 0x6C52, 0x6C52, 0x8CD4, 0xB5B7, 0xB5B7, 0xAD97, 0x9D77, 0x84F5, 0x6C52, 0x84F5, 0x9536, 0x7493, 0x6C52, 0x6C52, 0x6C52,
    0x528D, 0x528D, 0x528D, 0x528D, 0x528D, 0x528D, 0x528D, 0x528D, 0x528D, 0x528D, 0x528D, 0x528D, 0x528D, 0x528D, 0x528D, 0x528D,
    0x528D, 0x528D, 0x528D, 0x528D, 0x528D, 0x528D, 0x528D, 0x528D, 0x528D, 0x528D, 0x528D, 0x528D, 0x528D, 0x528D, 0x528D, 0x528D
};

const short poke_mart_interior_tile_69[TILE_SIZE * TILE_SIZE] = {
    0xB65A, 0x6B70, 0x528D, 0x528D, 0x74F5, 0x867A, 0x8618, 0x9655, 0xB6D1, 0xB6D1, 0xB6D1, 0xB6D1, 0x9E73, 0x85F8, 0x9E73, 0xB6D1,
    0xD6BB, 0x7390, 0x528D, 0x528D, 0x74D4, 0x8639, 0x85B6, 0x8DF4, 0xA692, 0xA692, 0xA692, 0xA692, 0x9613, 0x8596, 0x9613, 0xA692,
    0xD6BB, 0x7390, 0x528D, 0x528D, 0x6C73, 0x85B6, 0x8596, 0x8595, 0x8DD5, 0x8DD5, 0x8DD5, 0x8DD5, 0x85B5, 0x8596, 0x85B5, 0x8DD5,
    0xC69B, 0x6B90, 0x528D, 0x528D, 0x6C93, 0x85F8, 0x85F8, 0x85F8, 0x85F8, 0x85F8, 0x85F8, 0x85F8, 0x85F8, 0x85F8, 0x85F8, 0x85F8,
    0xB65A, 0x6B70, 0x528D, 0x528D, 0x74F5, 0x8E9B, 0x8E9B, 0x8E9B, 0x8E9B, 0x8E9B, 0x8E9B, 0x8E9B, 0x8E9B, 0x8E9B, 0x8E9B, 0x8E9B,
    0x8D76, 0x5B4F, 0x528D, 0x528D, 0x74F5, 0x8E9B, 0x8E9B, 0x9698, 0xA6B5, 0xA6B5, 0xA6B5, 0xA6B5, 0xA6D8, 0xAEFC, 0xA6D8, 0xA6B5,
    0x8535, 0x5B2F, 0x528D, 0x528D, 0x74F5, 0x8E9B, 0x8E9B, 0x9E97, 0xB6D1, 0xB6D1, 0xB6D1, 0xB6D1, 0xBEF6, 0xCF5E, 0xBEF6, 0xB6D1,
    0xA619, 0x6370, 0x528D, 0x528D, 0x74F5, 0x8E9B, 0x8E9B, 0x9E97, 0xB6D1, 0xB6D1, 0xB6D1, 0xB6D1, 0xBEF6, 0xCF5E, 0xBEF6, 0xB6D1,
    0x9DD8, 0x634F, 0x528D, 0x528D, 0x74F5, 0x8E9B, 0x8E9B, 0x9E97, 0xB6D1, 0xB6D1, 0xB6D1, 0xB6D1, 0xAED5, 0xAEFC, 0xAED5, 0xB6D1,
    0x74F4, 0x5B0E, 0x528D, 0x528D, 0x74F5, 0x8E9B, 0x8E9B, 0x9E97, 0xB6D1, 0xB6D1, 0xB6D1, 0xB6D1, 0xA6B5, 0x8E9B, 0xA6B5, 0xB6D1,
    0x74F4, 0x5B0E, 0x528D, 0x528D, 0x74F5, 0x867A, 0x8618, 0x9655, 0xB6D1, 0xB6D1, 0xB6D1, 0xB6D1, 0x9E73, 0x85F8, 0x9E73, 0xBEF2,
    0x74F4, 0x5B0E, 0x528D, 0x528D, 0x74D4, 0x8639, 0x85B6, 0x8DF4, 0xA692, 0xA692, 0xA692, 0xA692, 0x9613, 0x8596, 0xA674, 0xCF16,
    0x74F4, 0x5B0E, 0x528D, 0x528D, 0x6C73, 0x85B6, 0x8596, 0x8595, 0x8DD5, 0x8DD5, 0x8DD5, 0x8DD5, 0x85B5, 0x8596, 0xC6B9, 0xEF9C,
    0x63F1, 0x52EE, 0x528D, 0x528D, 0x6390, 0x6C52, 0x6C52, 0x6C52, 0x6C52, 0x6C52, 0x6C52, 0x6C52, 0x6C52, 0x6C52, 0x9D35, 0xB5B7,
    0x528D, 0x528D, 0x528D, 0x528D, 0x528D, 0x528D, 0x528D, 0x528D, 0x528D, 0x528D, 0x528D, 0x528D, 0x528D, 0x528D, 0x528D, 0x528D,
    0x528D, 0x528D, 0x528D, 0x528D, 0x528D, 0x528D, 0x528D, 0x528D, 0x528D, 0x528D, 0x528D, 0x528D, 0x528D, 0x528D, 0x528D, 0x528D
};

const short poke_mart_interior_tile_70[TILE_SIZE * TILE_SIZE] = {
    0xB6D1, 0xB6D1, 0xB6D1, 0x9655, 0x8E16, 0xA692, 0xB6D1, 0xB6D1, 0xB6D1, 0xB6D3, 0xC73A, 0x9D56, 0x528D, 0x528D, 0x7390, 0xD6BB,
    0xA692, 0xA692, 0xA692, 0x8DF4, 0x8DB5, 0x9E52, 0xA692, 0xA692, 0xB6D3, 0xCF16, 0xEF9C, 0xB5B7, 0x528D, 0x528D, 0x7390, 0xD6BB,
    0x8DD5, 0x8DD5, 0x8DD5, 0x8595, 0x8595, 0x8DB5, 0x8DD5, 0x8DD5, 0xC6D9, 0xEF9C, 0xF7BE, 0xB5B7, 0x528D, 0x528D, 0x7390, 0xD6BB,
    0x85F8, 0x85F8, 0x85F8, 0x85F8, 0x85F8, 0x85F8, 0x9618, 0xB679, 0xDF3C, 0xF7BE, 0xEF9E, 0xAD97, 0x528D, 0x528D, 0x7390, 0xD6BB,
    0x8E9B, 0x8E9B, 0x8E9B, 0x8E9B, 0x8E9B, 0x8E9B, 0xB71C, 0xFFDF, 0xFFDF, 0xEFBE, 0xD75E, 0x9D57, 0x528D, 0x528D, 0x7390, 0xD6BB,
    0xA6B5, 0xA6B5, 0xA6B5, 0xAED9, 0xB71C, 0xC73D, 0xDF7E, 0xFFDF, 0xE79E, 0xCF3D, 0xAE7A, 0x7CB4, 0x528D, 0x528D, 0x7390, 0xD6BB,
    0xB6D1, 0xB6D1, 0xB6D1, 0xC738, 0xDF7E, 0xF7BE, 0xF7BE, 0xEFBE, 0xCF3D, 0xB6BB, 0x9618, 0x7493, 0x528D, 0x528D, 0x7390, 0xD6BB,
    0xB6D1, 0xB6D1, 0xB6D1, 0xD759, 0xF7BE, 0xF7BF, 0xEF9E, 0xD75E, 0xAE7A, 0x9618, 0xB6BB, 0x9536, 0x528D, 0x528D, 0x7390, 0xD6BB,
    0xB6D1, 0xBEF3, 0xCF36, 0xE79B, 0xF7BE, 0xEF9E, 0xCF3D, 0xAE9A, 0xA659, 0xA659, 0xAE7A, 0x84F5, 0x528D, 0x528D, 0x6B70, 0xCE5A,
    0xB6D1, 0xCF36, 0xFFDF, 0xFFDF, 0xEFBE, 0xD75E, 0xAE9A, 0x8596, 0xAE9A, 0xBEFC, 0x8DD7, 0x6C52, 0x528D, 0x528D, 0x6B50, 0xBDB9,
    0xD737, 0xE79B, 0xFFDF, 0xE79E, 0xCF3D, 0xAE7A, 0xA659, 0xAE9A, 0xA659, 0x9618, 0x85B6, 0x6C52, 0x528D, 0x528D, 0x6B50, 0xBDB9,
    0xEF9C, 0xF7BE, 0xEFBE, 0xCF3D, 0xB6BB, 0x9618, 0xA659, 0xBEFC, 0x9618, 0x8596, 0x8596, 0x6C52, 0x528D, 0x528D, 0x6B4F, 0xB578,
    0xF7BE, 0xEF9E, 0xD75E, 0xAE7A, 0x9618, 0xB6BB, 0xAE7A, 0x8DD7, 0x85B6, 0x8596, 0x8596, 0x6C52, 0x528D, 0x528D, 0x630F, 0x9CD5,
    0xB5B7, 0xAD97, 0x9D57, 0x7CB4, 0x7493, 0x9536, 0x84F5, 0x6C52, 0x6C52, 0x6C52, 0x6C52, 0x6390, 0x528D, 0x528D, 0x630F, 0x9495,
    0x528D, 0x528D, 0x528D, 0x528D, 0x528D, 0x528D, 0x528D, 0x528D, 0x528D, 0x528D, 0x528D, 0x528D, 0x528D, 0x528D, 0x630F, 0x9495,
    0x528D, 0x528D, 0x528D, 0x528D, 0x528D, 0x528D, 0x528D, 0x528D, 0x528D, 0x528D, 0x528D, 0x528D, 0x528D, 0x528D, 0x630F, 0x9495
};

const short poke_mart_interior_tile_71[TILE_SIZE * TILE_SIZE] = {
    0xFFDF, 0xFFDF, 0x9494, 0x630F, 0x9495, 0xAD17, 0xAD17, 0xA558, 0x9D99, 0x9D99, 0x9D99, 0x9D99, 0x9D99, 0x9D99, 0x9D99, 0x9D99,
    0xFFDF, 0xFFDF, 0x9494, 0x630F, 0x9495, 0xAD17, 0xAD17, 0xAD17, 0xAD17, 0xAD17, 0xAD17, 0xAD17, 0xAD17, 0xAD17, 0xAD17, 0xAD17,
    0xFFDF, 0xFFDF, 0x9494, 0x630F, 0x9495, 0xAD17, 0xAD17, 0xAD17, 0xAD17, 0xAD17, 0xAD17, 0xAD17, 0xAD17, 0xAD17, 0xAD17, 0xAD17,
    0xFFDF, 0xFFDF, 0x9494, 0x5ACE, 0x7BB1, 0x8413, 0x8413, 0x8413, 0x8413, 0x8413, 0x9474, 0xAD17, 0xAD17, 0xA4D6, 0x8C33, 0x8413,
    0xFFDF, 0xFFDF, 0x9494, 0x528D, 0x528D, 0x528D, 0x528D, 0x528D, 0x528D, 0x528D, 0x7391, 0xAD17, 0xAD17, 0x9495, 0x630F, 0x528D,
    0xFFDF, 0xFFDF, 0x9494, 0x630C, 0xA4EA, 0xB589, 0xB589, 0xB589, 0xB589, 0xB589, 0x9CAC, 0x7391, 0x7391, 0x8370, 0xAB6D, 0xB36C,
    0xFFDF, 0xFFDF, 0x9494, 0x6B4C, 0xBDA9, 0xD688, 0xD688, 0xD688, 0xD688, 0xD688, 0xA4EA, 0x528D, 0x528D, 0x6ACC, 0xBB6C, 0xD3AC,
    0xFFDF, 0xFFDF, 0x9494, 0x52AC, 0x6B4C, 0x738B, 0x738B, 0x738B, 0x738B, 0x738B, 0x630C, 0x528D, 0x528D, 0x528D, 0x6ACC, 0x72CC,
    0xEF5D, 0xEF5D, 0x8C73, 0x5AEC, 0x840B, 0x948A, 0x948A, 0x948A, 0x948A, 0x948A, 0x7BAB, 0x528D, 0x528D, 0x5AAC, 0x82EC, 0x930C,
    0xDE9C, 0xDE9C, 0x8413, 0x738B, 0xD688, 0xFF87, 0xFF87, 0xFF87, 0xFF87, 0xFF87, 0xB589, 0x528D, 0x528D, 0x72CC, 0xD3AC, 0xFC0C,
    0xDE9C, 0xDE9C, 0x8413, 0x6B4B, 0xBDC7, 0xD686, 0xD686, 0xD686, 0xD686, 0xD686, 0xA4E9, 0x528D, 0x528D, 0x6AAC, 0xBB0B, 0xDB4A,
    0xCE3B, 0xCE3B, 0x83F2, 0x632B, 0xAD47, 0xC606, 0xC606, 0xC606, 0xC606, 0xC606, 0x9488, 0x528D, 0x528D, 0x6A8C, 0xB2AA, 0xCACA,
    0xB558, 0xB558, 0x73B1, 0x632B, 0xAD47, 0xC606, 0xC606, 0xC606, 0xC606, 0xC606, 0x9488, 0x528D, 0x528D, 0x6A8C, 0xB2AA, 0xCACA,
    0xAD17, 0xAD17, 0x7391, 0x5AEC, 0x8429, 0x9488, 0x9488, 0x9488, 0x9488, 0x9488, 0x7BCA, 0x528D, 0x528D, 0x5A8C, 0x8AAB, 0x9AAB,
    0xAD17, 0xAD17, 0x7391, 0x528D, 0x528D, 0x528D, 0x528D, 0x528D, 0x528D, 0x528D, 0x528D, 0x528D, 0x528D, 0x528D, 0x528D, 0x528D,
    0xAD17, 0xAD17, 0x7391, 0x62EE, 0x9474, 0xAD36, 0xB5B7, 0xB5B7, 0xB5B7, 0xB5B7, 0xB5B7, 0xB5B7, 0xB5B7, 0xB5B7, 0xB5B7, 0xB5B7
};

const short poke_mart_interior_tile_72[TILE_SIZE * TILE_SIZE] = {
    0x9D99, 0xA537, 0xAD17, 0xAD17, 0x8413, 0x528D, 0xB5B7, 0xFFDF, 0xFFDF, 0xB5B7, 0x528D, 0x8413, 0xAD17, 0xAD17, 0xA537, 0x9D99,
    0xAD17, 0xAD17, 0xAD17, 0xAD17, 0x8413, 0x528D, 0xB5B7, 0xFFDF, 0xFFDF, 0xB5B7, 0x528D, 0x8413, 0xAD17, 0xAD17, 0xAD17, 0xAD17,
    0xAD17, 0xAD17, 0xAD17, 0xAD17, 0x8413, 0x528D, 0xB5B7, 0xFFDF, 0xFFDF, 0xB5B7, 0x528D, 0x8413, 0xAD17, 0xAD17, 0xAD17, 0xAD17,
    0x8413, 0x8413, 0x8413, 0x8413, 0x7370, 0x528D, 0xB5B7, 0xFFDF, 0xFFDF, 0xB5B7, 0x528D, 0x7370, 0x8413, 0x8413, 0x8413, 0x8413,
    0x528D, 0x528D, 0x528D, 0x528D, 0x528D, 0x528D, 0xB5B7, 0xFFDF, 0xFFDF, 0xB5B7, 0x528D, 0x528D, 0x528D, 0x528D, 0x528D, 0x528D,
    0xB36C, 0xB36C, 0xB36C, 0xB36C, 0x8B0C, 0x528D, 0xB5B7, 0xFFDF, 0xFFDF, 0xB5B7, 0x528D, 0x8C73, 0xB535, 0xB3CE, 0xB36C, 0xB36C,
    0xD3AC, 0xD3AC, 0xD3AC, 0xD3AC, 0xA32C, 0x528D, 0xB5B7, 0xFFDF, 0xFFDF, 0xB5B7, 0x528D, 0xA515, 0xD618, 0xD44F, 0xD3AC, 0xD3AC,
    0x72CC, 0x72CC, 0x72CC, 0x72CC, 0x62AC, 0x528D, 0xB5B7, 0xFFDF, 0xFFDF, 0xB5B7, 0x528D, 0x632F, 0x736F, 0x72ED, 0x72CC, 0x72CC,
    0x930C, 0x930C, 0x930C, 0x930C, 0x7AEC, 0x528D, 0xAD57, 0xEF5D, 0xEF5D, 0xAD57, 0x528D, 0x7BD1, 0x9452, 0x936E, 0x930C, 0x930C,
    0xFC0C, 0xFC0C, 0xFC0C, 0xFC0C, 0xB36C, 0x528D, 0xA4F6, 0xDE9C, 0xDE9C, 0xA4F6, 0x528D, 0xB5B7, 0xFF1B, 0xFCCF, 0xFC0C, 0xFC0C,
    0xDB4A, 0xDB4A, 0xDB4A, 0xDB4A, 0xA2EB, 0x528D, 0xA4F6, 0xDE9C, 0xDE9C, 0xA4F6, 0x528D, 0xAD36, 0xE659, 0xDC0E, 0xDB4A, 0xDB4A,
    0xCACA, 0xCACA, 0xCACA, 0xCACA, 0x9AAB, 0x528D, 0x9CB5, 0xCE3B, 0xCE3B, 0x9CB5, 0x528D, 0xA4F6, 0xD5D8, 0xCB8D, 0xCACA, 0xCACA,
    0xCACA, 0xCACA, 0xCACA, 0xCACA, 0x9AAB, 0x528D, 0x8C33, 0xB558, 0xB558, 0x8C33, 0x528D, 0xA4F6, 0xD5D8, 0xCB8D, 0xCACA, 0xCACA,
    0x9AAB, 0x9AAB, 0x9AAB, 0x9AAB, 0x7A8B, 0x528D, 0x8413, 0xAD17, 0xAD17, 0x8413, 0x528D, 0x83F2, 0xA473, 0x9B0D, 0x9AAB, 0x9AAB,
    0x528D, 0x528D, 0x528D, 0x528D, 0x528D, 0x528D, 0x8413, 0xAD17, 0xAD17, 0x8413, 0x528D, 0x528D, 0x528D, 0x528D, 0x528D, 0x528D,
    0xB5B7, 0xB5B7, 0xB5B7, 0xB5B7, 0x8C73, 0x528D, 0x8413, 0xAD17, 0xAD17, 0x8413, 0x528D, 0x83F2, 0xA516, 0xB597, 0xB5B7, 0xB5B7
};

const short poke_mart_interior_tile_73[TILE_SIZE * TILE_SIZE] = {
    0x9D99, 0x9D99, 0x9D99, 0x9D99, 0x9D99, 0x9D99, 0x9D99, 0x9D99, 0x9D99, 0x9D99, 0xA537, 0x9495, 0x630F, 0x9494, 0xFFDF, 0xFFDF,
    0xAD17, 0xAD17, 0xAD17, 0xAD17, 0xAD17, 0xAD17, 0xAD17, 0xAD17, 0xAD17, 0xAD17, 0xAD17, 0x9495, 0x630F, 0x9494, 0xFFDF, 0xFFDF,
    0xAD17, 0xAD17, 0xAD17, 0xAD17, 0xAD17, 0xAD17, 0xAD17, 0xAD17, 0xAD17, 0xAD17, 0xAD17, 0x9495, 0x630F, 0x9494, 0xFFDF, 0xFFDF,
    0x8413, 0x8C33, 0xA4D6, 0xAD17, 0xAD17, 0xAD17, 0xA4D6, 0x8C33, 0x8413, 0x8413, 0x9C95, 0x9495, 0x630F, 0x9494, 0xFFDF, 0xFFDF,
    0x528D, 0x630F, 0x9495, 0xAD17, 0xAD17, 0xAD17, 0x9495, 0x630F, 0x528D, 0x528D, 0x8413, 0x9495, 0x630F, 0x9494, 0xFFDF, 0xFFDF,
    0xB4D3, 0xAD36, 0x83F2, 0x7391, 0x7391, 0x7391, 0x83F2, 0xAD36, 0xB5B7, 0xB5B7, 0x8C53, 0x6B50, 0x52AD, 0x9494, 0xFFDF, 0xFFDF,
    0xD595, 0xBDF8, 0x6B4F, 0x528D, 0x528D, 0x52AF, 0x7392, 0xBDF9, 0xD6BB, 0xD6BB, 0x8C54, 0x5AAF, 0x528D, 0x9494, 0xFFDF, 0xFFDF,
    0x734F, 0x6B4F, 0x52AD, 0x528D, 0x528D, 0x6B15, 0x7B99, 0x7392, 0x7390, 0x7390, 0x7B97, 0x7358, 0x5AAF, 0x9494, 0xFFDF, 0xFFDF,
    0x9411, 0x8432, 0x5AEE, 0x528D, 0x528D, 0x62F3, 0x7B97, 0x8C54, 0x9494, 0x9494, 0x7BD6, 0x6B15, 0x52AF, 0x8C73, 0xEF5D, 0xEF5D,
    0xFE57, 0xD6BB, 0x7390, 0x528D, 0x528D, 0x528D, 0x7390, 0xD6BB, 0xFFDF, 0xFFDF, 0x9494, 0x528D, 0x528D, 0x8413, 0xDE9C, 0xDE9C,
    0xE595, 0xC61A, 0x6B70, 0x528D, 0x528D, 0x528D, 0x6310, 0xA4DB, 0xB55F, 0xB55F, 0x7BB4, 0x528D, 0x528D, 0x8413, 0xDE9C, 0xDE9C,
    0xD514, 0xBDB9, 0x6B50, 0x528D, 0x528D, 0x52AF, 0x62F3, 0x7B9C, 0x8BDF, 0x8BDF, 0x6B36, 0x5AAF, 0x528D, 0x83F2, 0xCE3B, 0xCE3B,
    0xD514, 0xBDB9, 0x6B50, 0x528D, 0x528D, 0x6B15, 0x7B9C, 0x83BE, 0x8BDF, 0x8BDF, 0x839C, 0x7358, 0x5AAF, 0x73B1, 0xB558, 0xB558,
    0x9C11, 0x9474, 0x62EE, 0x528D, 0x528D, 0x62F3, 0x7357, 0x7357, 0x7357, 0x7357, 0x7357, 0x6B15, 0x52AF, 0x7391, 0xAD17, 0xAD17,
    0x528D, 0x528D, 0x528D, 0x528D, 0x528D, 0x528D, 0x528D, 0x528D, 0x528D, 0x528D, 0x528D, 0x528D, 0x528D, 0x7391, 0xAD17, 0xAD17,
    0xB5B7, 0xB5B7, 0xB5B7, 0xB5B7, 0xB5B7, 0xB5B7, 0xB5B7, 0xB5B7, 0xB5B7, 0xB5B7, 0xB5B7, 0xA515, 0x632F, 0x7391, 0xAD17, 0xAD17
};

const short poke_mart_interior_tile_74[TILE_SIZE * TILE_SIZE] = {
    0xD6BB, 0x7390, 0x528D, 0x528D, 0xB5B7, 0xFFDF, 0xFFDF, 0xB5B7, 0x528D, 0x8413, 0xAD17, 0xAD17, 0xA537, 0x9D99, 0x9D99, 0x9D99,
    0xD6BB, 0x7390, 0x528D, 0x528D, 0xB5B7, 0xFFDF, 0xFFDF, 0xB5B7, 0x528D, 0x8413, 0xAD17, 0xAD17, 0xAD17, 0xAD17, 0xAD17, 0xAD17,
    0xD6BB, 0x7390, 0x528D, 0x528D, 0xB5B7, 0xFFDF, 0xFFDF, 0xB5B7, 0x528D, 0x8413, 0xAD17, 0xAD17, 0xAD17, 0xAD17, 0xAD17, 0xAD17,
    0xD6BB, 0x7390, 0x528D, 0x528D, 0xB5B7, 0xFFDF, 0xFFDF, 0xB5B7, 0x528D, 0x7370, 0x8413, 0x8413, 0x8413, 0x8413, 0x8413, 0x8C33,
    0xD6BB, 0x7390, 0x528D, 0x528D, 0xB5B7, 0xFFDF, 0xFFDF, 0xB5B7, 0x528D, 0x528D, 0x528D, 0x528D, 0x528D, 0x528D, 0x528D, 0x630F,
    0xD6BB, 0x7390, 0x528D, 0x528D, 0xB5B7, 0xFFDF, 0xFFDF, 0xB5B7, 0x528D, 0x8C4A, 0xB589, 0xB589, 0xB589, 0xB589, 0xB589, 0xAD0A,
    0xD6BB, 0x7390, 0x528D, 0x528D, 0xB5B7, 0xFFDF, 0xFFDF, 0xB5B7, 0x528D, 0xA4EA, 0xD688, 0xD688, 0xD688, 0xD688, 0xD688, 0xBDA9,
    0xD6BB, 0x7390, 0x528D, 0x528D, 0xB5B7, 0xFFDF, 0xFFDF, 0xB5B7, 0x528D, 0x630C, 0x738B, 0x738B, 0x738B, 0x738B, 0x738B, 0x6B4C,
    0xCE5A, 0x6B70, 0x528D, 0x528D, 0xAD57, 0xEF5D, 0xEF5D, 0xAD57, 0x528D, 0x7BAB, 0x948A, 0x948A, 0x948A, 0x948A, 0x948A, 0x840B,
    0xBDB9, 0x6B50, 0x528D, 0x528D, 0xA4F6, 0xDE9C, 0xDE9C, 0xA4F6, 0x528D, 0xB589, 0xFF87, 0xFF87, 0xFF87, 0xFF87, 0xFF87, 0xD688,
    0xBDB9, 0x6B50, 0x528D, 0x528D, 0xA4F6, 0xDE9C, 0xDE9C, 0xA4F6, 0x528D, 0xA4E9, 0xD686, 0xD686, 0xD686, 0xD686, 0xD686, 0xBDC7,
    0xB578, 0x6B4F, 0x528D, 0x528D, 0x9CB5, 0xCE3B, 0xCE3B, 0x9CB5, 0x528D, 0x9488, 0xC606, 0xC606, 0xC606, 0xC606, 0xC606, 0xAD47,
    0x9CD5, 0x630F, 0x528D, 0x528D, 0x8C33, 0xB558, 0xB558, 0x8C33, 0x528D, 0x9488, 0xC606, 0xC606, 0xC606, 0xC606, 0xC606, 0xAD47,
    0x9495, 0x630F, 0x528D, 0x528D, 0x8413, 0xAD17, 0xAD17, 0x8413, 0x528D, 0x7BCA, 0x9488, 0x9488, 0x9488, 0x9488, 0x9488, 0x8429,
    0x9495, 0x630F, 0x528D, 0x528D, 0x8413, 0xAD17, 0xAD17, 0x8413, 0x528D, 0x528D, 0x528D, 0x528D, 0x528D, 0x528D, 0x528D, 0x528D,
    0x9495, 0x630F, 0x528D, 0x528D, 0x8413, 0xAD17, 0xAD17, 0x8413, 0x528D, 0x83F2, 0xA516, 0xB597, 0xB5B7, 0xB5B7, 0xB5B7, 0xB5B7
};

const short poke_mart_interior_tile_75[TILE_SIZE * TILE_SIZE] = {
    0x9D99, 0x9D99, 0x9D99, 0x9D99, 0x9D99, 0x9D99, 0xA558, 0xAD17, 0xAD17, 0x9495, 0x630F, 0x9494, 0xFFDF, 0xFFDF, 0xD6BB, 0x7390,
    0xAD17, 0xAD17, 0xAD17, 0xAD17, 0xAD17, 0xAD17, 0xAD17, 0xAD17, 0xAD17, 0x9495, 0x630F, 0x9494, 0xFFDF, 0xFFDF, 0xD6BB, 0x7390,
    0xAD17, 0xAD17, 0xAD17, 0xAD17, 0xAD17, 0xAD17, 0xAD17, 0xAD17, 0xAD17, 0x9495, 0x630F, 0x9494, 0xFFDF, 0xFFDF, 0xD6BB, 0x7390,
    0xA4D6, 0xAD17, 0xAD17, 0x9474, 0x8413, 0x8413, 0x8413, 0x8413, 0x8413, 0x7BB1, 0x5ACE, 0x9494, 0xFFDF, 0xFFDF, 0xD6BB, 0x7390,
    0x9495, 0xAD17, 0xAD17, 0x7391, 0x528D, 0x528D, 0x528D, 0x528D, 0x528D, 0x528D, 0x528D, 0x9494, 0xFFDF, 0xFFDF, 0xD6BB, 0x7390,
    0x83EF, 0x7391, 0x7391, 0x9B6E, 0xB36C, 0xB36C, 0xB36C, 0xB36C, 0xB36C, 0xA32C, 0x62AC, 0x9494, 0xFFDF, 0xFFDF, 0xD6BB, 0x7390,
    0x6B4C, 0x528D, 0x528D, 0xA32C, 0xD3AC, 0xD3AC, 0xD3AC, 0xD3AC, 0xD3AC, 0xBB6C, 0x6ACC, 0x9494, 0xFFDF, 0xFFDF, 0xD6BB, 0x7390,
    0x52AC, 0x528D, 0x528D, 0x62AC, 0x72CC, 0x72CC, 0x72CC, 0x72CC, 0x72CC, 0x6ACC, 0x528D, 0x9494, 0xFFDF, 0xFFDF, 0xD6BB, 0x7390,
    0x5AEC, 0x528D, 0x528D, 0x7AEC, 0x930C, 0x930C, 0x930C, 0x930C, 0x930C, 0x82EC, 0x5AAC, 0x8C73, 0xEF5D, 0xEF5D, 0xCE5A, 0x6B70,
    0x738B, 0x528D, 0x528D, 0xB36C, 0xFC0C, 0xFC0C, 0xFC0C, 0xFC0C, 0xFC0C, 0xD3AC, 0x72CC, 0x8413, 0xDE9C, 0xDE9C, 0xBDB9, 0x6B50,
    0x6B4B, 0x528D, 0x528D, 0xA2EB, 0xDB4A, 0xDB4A, 0xDB4A, 0xDB4A, 0xDB4A, 0xBB0B, 0x6AAC, 0x8413, 0xDE9C, 0xDE9C, 0xBDB9, 0x6B50,
    0x632B, 0x528D, 0x528D, 0x9AAB, 0xCACA, 0xCACA, 0xCACA, 0xCACA, 0xCACA, 0xB2AA, 0x6A8C, 0x83F2, 0xCE3B, 0xCE3B, 0xB578, 0x6B4F,
    0x632B, 0x528D, 0x528D, 0x9AAB, 0xCACA, 0xCACA, 0xCACA, 0xCACA, 0xCACA, 0xB2AA, 0x6A8C, 0x73B1, 0xB558, 0xB558, 0x9CD5, 0x630F,
    0x5AEC, 0x528D, 0x528D, 0x7A8B, 0x9AAB, 0x9AAB, 0x9AAB, 0x9AAB, 0x9AAB, 0x8AAB, 0x5A8C, 0x7391, 0xAD17, 0xAD17, 0x9495, 0x630F,
    0x528D, 0x528D, 0x528D, 0x528D, 0x528D, 0x528D, 0x528D, 0x528D, 0x528D, 0x528D, 0x528D, 0x7391, 0xAD17, 0xAD17, 0x9495, 0x630F,
    0xB5B7, 0xB5B7, 0xB5B7, 0xB5B7, 0xB5B7, 0xB5B7, 0xB5B7, 0xB5B7, 0xB5B7, 0xA515, 0x632F, 0x7391, 0xAD17, 0xAD17, 0x9495, 0x630F
};

const short poke_mart_interior_tile_76[TILE_SIZE * TILE_SIZE] = {
    0x7391, 0xAD17, 0xAD17, 0xA517, 0x9D78, 0x9D99, 0x9D99, 0x9D99, 0x9D99, 0x9D99, 0x9D99, 0x9D99, 0x9D99, 0x9D99, 0x9D99, 0xA558,
    0x7391, 0xAD17, 0xAD17, 0xAD17, 0xAD17, 0xAD17, 0xAD17, 0xAD17, 0xAD17, 0xAD17, 0xAD17, 0xAD17, 0xAD17, 0xAD17, 0xAD17, 0xAD17,
    0x7391, 0xAD17, 0xAD17, 0xAD17, 0xAD17, 0xAD17, 0xAD17, 0xAD17, 0xAD17, 0xAD17, 0xAD17, 0xAD17, 0xAD17, 0xAD17, 0xAD17, 0xAD17,
    0x630F, 0x8413, 0x8413, 0x8413, 0x8413, 0x8413, 0x8413, 0x9C95, 0xAD17, 0xAD17, 0xAD17, 0xAD17, 0x9474, 0x8413, 0x8413, 0x9474,
    0x528D, 0x528D, 0x528D, 0x528D, 0x528D, 0x528D, 0x528D, 0x8413, 0xAD17, 0xAD17, 0xAD17, 0xAD17, 0x7391, 0x528D, 0x528D, 0x7391,
    0x7BD1, 0xB5B7, 0xB451, 0xB36C, 0xB36C, 0xB451, 0xB5B7, 0x8C53, 0x7391, 0x7391, 0x7391, 0x7391, 0x9CD5, 0xB5B7, 0xB5B7, 0x9CD5,
    0x8432, 0xD6BB, 0xD4F2, 0xD3AC, 0xD3AC, 0xD4F2, 0xD6BB, 0x8432, 0x528D, 0x528D, 0x528E, 0x5AD0, 0xA537, 0xD6BB, 0xD6BB, 0xA537,
    0x5AEE, 0x7390, 0x730E, 0x72CC, 0x72CC, 0x730E, 0x7390, 0x5AEE, 0x528D, 0x528D, 0x62F2, 0x7B9B, 0x7394, 0x7390, 0x7390, 0x7394,
    0x6B4F, 0x9494, 0x93AF, 0x930C, 0x930C, 0x93AF, 0x9494, 0x6B4F, 0x528D, 0x528D, 0x5AD1, 0x7357, 0x8415, 0x9494, 0x9494, 0x8415,
    0x9494, 0xFFDF, 0xFD93, 0xFC0C, 0xFC0C, 0xFD93, 0xFFDF, 0x9494, 0x528D, 0x528D, 0x528D, 0x528D, 0xB5B7, 0xFFDF, 0xFFDF, 0xB5B7,
    0x8C53, 0xE71D, 0xDCD2, 0xDB4A, 0xDB4A, 0xDCD2, 0xE71D, 0x8C53, 0x528D, 0x528D, 0x528D, 0x528D, 0x8C37, 0xB55F, 0xB55F, 0x8C37,
    0x8413, 0xDE9C, 0xCC51, 0xCACA, 0xCACA, 0xCC51, 0xDE9C, 0x8413, 0x528D, 0x528D, 0x528E, 0x5AD0, 0x7359, 0x8BDF, 0x8BDF, 0x7359,
    0x8413, 0xDE9C, 0xCC51, 0xCACA, 0xCACA, 0xCC51, 0xDE9C, 0x8413, 0x528D, 0x528D, 0x62F2, 0x7B9B, 0x83BD, 0x8BDF, 0x8BDF, 0x83BD,
    0x7370, 0xA4F6, 0x9B8F, 0x9AAB, 0x9AAB, 0x9B8F, 0xA4F6, 0x7370, 0x528D, 0x528D, 0x5AD1, 0x7357, 0x7357, 0x7357, 0x7357, 0x7357,
    0x528D, 0x528D, 0x528D, 0x528D, 0x528D, 0x528D, 0x528D, 0x528D, 0x528D, 0x528D, 0x528D, 0x528D, 0x528D, 0x528D, 0x528D, 0x528D,
    0x7370, 0xA4F6, 0xAD57, 0xB5B7, 0xB5B7, 0xB5B7, 0xB5B7, 0xB5B7, 0xB5B7, 0xB5B7, 0xB5B7, 0xB5B7, 0xB5B7, 0xB5B7, 0xB5B7, 0xB5B7
};

const short poke_mart_interior_tile_77[TILE_SIZE * TILE_SIZE] = {
    0xAD17, 0x7391, 0x7390, 0xD6BB, 0xFFDF, 0xFFDF, 0x9494, 0x732E, 0xD573, 0xFE15, 0xFE15, 0xFE15, 0xFE15, 0xFE15, 0xFE15, 0xFE15,
    0xAD17, 0x7391, 0x7390, 0xD6BB, 0xFFDF, 0xFFDF, 0x9494, 0x730D, 0xD48E, 0xFD0F, 0xFD0F, 0xFD0F, 0xFD0F, 0xFD0F, 0xFD0F, 0xFD0F,
    0xAD17, 0x7391, 0x7390, 0xD6BB, 0xFFDF, 0xFFDF, 0x9494, 0x730D, 0xD48E, 0xFD0F, 0xFD0F, 0xFD0F, 0xFD0F, 0xFD0F, 0xFD0F, 0xFD0F,
    0xAD17, 0x7391, 0x7390, 0xD6BB, 0xFFDF, 0xFFDF, 0x9494, 0x732E, 0xD573, 0xFE15, 0xFE15, 0xFE15, 0xFE15, 0xFE15, 0xFE15, 0xFE15,
    0xAD17, 0x7391, 0x7390, 0xD6BB, 0xFFDF, 0xFFDF, 0x9494, 0x7390, 0xD6BB, 0xFFDF, 0xFFDF, 0xFFDF, 0xFFDF, 0xFFDF, 0xFFDF, 0xFFDF,
    0x7391, 0x5AEE, 0x7390, 0xD6BB, 0xFFDF, 0xFFDF, 0x9494, 0x6370, 0xA619, 0xB71C, 0xB71C, 0xB71C, 0xB71C, 0xB71C, 0xB71C, 0xB71C,
    0x5AD0, 0x528E, 0x7390, 0xD6BB, 0xFFDF, 0xFFDF, 0x9494, 0x5B4F, 0x7D97, 0x865A, 0x865A, 0x865A, 0x865A, 0x865A, 0x865A, 0x865A,
    0x7B9B, 0x62F2, 0x7390, 0xD6BB, 0xFFDF, 0xFFDF, 0x9494, 0x5B2F, 0x7D15, 0x85B7, 0x85B7, 0x85B7, 0x85B7, 0x85B7, 0x85B7, 0x85B7,
    0x7357, 0x5AD1, 0x6B70, 0xCE5A, 0xEF5D, 0xEF5D, 0x8C73, 0x5B0E, 0x74F4, 0x8596, 0x8596, 0x8596, 0x8596, 0x8596, 0x8596, 0x8596,
    0x528D, 0x528D, 0x6B50, 0xBDB9, 0xDE9C, 0xDE9C, 0x8413, 0x5B0E, 0x74F4, 0x8596, 0x8596, 0x8596, 0x8596, 0x8596, 0x8596, 0x8596,
    0x528D, 0x528D, 0x6B50, 0xBDB9, 0xDE9C, 0xDE9C, 0x8413, 0x5B0E, 0x74F4, 0x8596, 0x8596, 0x8596, 0x8596, 0x8596, 0x8596, 0x8596,
    0x5AD0, 0x528E, 0x6B4F, 0xB578, 0xCE3B, 0xCE3B, 0x83F2, 0x5B0E, 0x74F4, 0x8596, 0x8596, 0x8596, 0x8596, 0x8596, 0x8596, 0x8596,
    0x7B9B, 0x62F2, 0x630F, 0x9CD5, 0xB558, 0xB558, 0x73B1, 0x5B0E, 0x74F4, 0x8596, 0x8596, 0x8596, 0x8596, 0x8596, 0x8596, 0x8596,
    0x7357, 0x5AD1, 0x630F, 0x9495, 0xAD17, 0xAD17, 0x7391, 0x52EE, 0x63F1, 0x6C52, 0x6C52, 0x6C52, 0x6C52, 0x6C52, 0x6C52, 0x6C52,
    0x528D, 0x528D, 0x630F, 0x9495, 0xAD17, 0xAD17, 0x7391, 0x528D, 0x528D, 0x528D, 0x528D, 0x528D, 0x528D, 0x528D, 0x528D, 0x528D,
    0xB5B7, 0x7BD1, 0x630F, 0x9495, 0xAD17, 0xAD17, 0x7391, 0x528D, 0x528D, 0x528D, 0x528D, 0x528D, 0x528D, 0x528D, 0x528D, 0x528D
};

const short poke_mart_interior_tile_78[TILE_SIZE * TILE_SIZE] = {
    0xFE15, 0xFE15, 0xFE15, 0xFE15, 0xFE15, 0xE698, 0xD6DA, 0xD6DA, 0xD6DA, 0xD6DA, 0xD6DA, 0xD6DA, 0xD6DA, 0xD6DA, 0xD6DA, 0xD6DA,
    0xFD0F, 0xFD0F, 0xFD0F, 0xFD0F, 0xFD0F, 0xDDD4, 0xCE78, 0xD6B9, 0xD6DA, 0xD6DA, 0xD6DA, 0xD6DA, 0xD6DA, 0xD6DA, 0xD6DA, 0xD6DA,
    0xFD0F, 0xFD0F, 0xFD0F, 0xFD0F, 0xFD0F, 0xDCF0, 0xCD53, 0xCE78, 0xD6DA, 0xD6DA, 0xD6DA, 0xD6DA, 0xD6DA, 0xD6DA, 0xD6DA, 0xD6DA,
    0xFE15, 0xFE15, 0xFE15, 0xFE15, 0xFE15, 0xDD31, 0xCCD0, 0xCD94, 0xCE37, 0xD6DA, 0xD6DA, 0xD6DA, 0xD6DA, 0xD6DA, 0xD6DA, 0xD6DA,
    0xFFDF, 0xFFDF, 0xFFDF, 0xFFDF, 0xFFDF, 0xDDD5, 0xCC8F, 0xCC8F, 0xCD73, 0xD6DA, 0xD6DA, 0xD6DA, 0xD6DA, 0xD6DA, 0xD6DA, 0xD6DA,
    0xB71C, 0xB71C, 0xB71C, 0xB71C, 0xB71C, 0xC658, 0xCD94, 0xCCD0, 0xCCD0, 0xCD73, 0xCE37, 0xD6DA, 0xD6DA, 0xD6DA, 0xD6DA, 0xD6DA,
    0x865A, 0x865A, 0x865A, 0x865A, 0x865A, 0xAE79, 0xCE37, 0xCD52, 0xCCD0, 0xCC8F, 0xCD94, 0xCE78, 0xD6B9, 0xD6DA, 0xD6DA, 0xD6DA,
    0x85B7, 0x85B7, 0x85B7, 0x85B7, 0x85B7, 0xA5B5, 0xBDD5, 0xCE37, 0xCD94, 0xCC8F, 0xCCD0, 0xCD53, 0xCE78, 0xD6DA, 0xD6DA, 0xD6DA,
    0x8596, 0x8596, 0x8596, 0x8596, 0x8596, 0x9534, 0xA553, 0xBE16, 0xC5F5, 0xCD73, 0xCCD0, 0xCCD0, 0xCD94, 0xCE37, 0xD6DA, 0xD6DA,
    0x8596, 0x8596, 0x8596, 0x8596, 0x8596, 0x84D3, 0x9491, 0xAD53, 0xBE16, 0xD6DA, 0xCD73, 0xCC8F, 0xCC8F, 0xCD73, 0xD6DA, 0xD6DA,
    0x8596, 0x8596, 0x8596, 0x8596, 0x8596, 0x84D3, 0x8C51, 0x94B2, 0xA553, 0xBE16, 0xC5F5, 0xCD94, 0xCCD0, 0xCCD0, 0xCD73, 0xCE37,
    0x8596, 0x8596, 0x8596, 0x8596, 0x8596, 0x84D3, 0x8C51, 0x8C51, 0x94B2, 0xAD53, 0xBE16, 0xCE37, 0xCD52, 0xCCD0, 0xCC8F, 0xCD94,
    0x8596, 0x8596, 0x8596, 0x8596, 0x8596, 0x84D3, 0x8C51, 0x8C51, 0x8C51, 0x9491, 0xA553, 0xBDD5, 0xCE37, 0xCD94, 0xCC8F, 0xCCD0,
    0x6C52, 0x6C52, 0x6C52, 0x6C52, 0x6C52, 0x7C51, 0x8C51, 0x8C51, 0x8C51, 0x8C51, 0x94B2, 0xA553, 0xBE16, 0xC5F5, 0xCD73, 0xCCD0,
    0x528D, 0x528D, 0x528D, 0x528D, 0x528D, 0x738F, 0x8C51, 0x8C51, 0x8C51, 0x8C51, 0x8C51, 0x9491, 0xAD53, 0xBE16, 0xD6DA, 0xCD73,
    0x528D, 0x528D, 0x528D, 0x528D, 0x528D, 0x5AEE, 0x6B6F, 0x8410, 0x8C51, 0x8C51, 0x8C51, 0x8C51, 0x94B2, 0xA553, 0xBE16, 0xC5F5
};

const short poke_mart_interior_tile_79[TILE_SIZE * TILE_SIZE] = {
    0xD6DA, 0xD6DA, 0x7C0F, 0x0000, 0x0000, 0x0000, 0x0000, 0x0000, 0x0000, 0x0000, 0x0000, 0x0000, 0x0000, 0x0000, 0x0000, 0x0000,
    0xD6DA, 0xD6DA, 0x7C0F, 0x0000, 0x0000, 0x0000, 0x0000, 0x0000, 0x0000, 0x0000, 0x0000, 0x0000, 0x0000, 0x0000, 0x0000, 0x0000,
    0xD6DA, 0xD6DA, 0x7C0F, 0x0000, 0x0000, 0x0000, 0x0000, 0x0000, 0x0000, 0x0000, 0x0000, 0x0000, 0x0000, 0x0000, 0x0000, 0x0000,
    0xD6DA, 0xD6DA, 0x7C0F, 0x0000, 0x0000, 0x0000, 0x0000, 0x0000, 0x0000, 0x0000, 0x0000, 0x0000, 0x0000, 0x0000, 0x0000, 0x0000,
    0xD6DA, 0xD6DA, 0x7C0F, 0x0000, 0x0000, 0x0000, 0x0000, 0x0000, 0x0000, 0x0000, 0x0000, 0x0000, 0x0000, 0x0000, 0x0000, 0x0000,
    0xD6DA, 0xD6DA, 0x7C0F, 0x0000, 0x0000, 0x0000, 0x0000, 0x0000, 0x0000, 0x0000, 0x0000, 0x0000, 0x0000, 0x0000, 0x0000, 0x0000,
    0xD6DA, 0xD6DA, 0x7C0F, 0x0000, 0x0000, 0x0000, 0x0000, 0x0000, 0x0000, 0x0000, 0x0000, 0x0000, 0x0000, 0x0000, 0x0000, 0x0000,
    0xD6DA, 0xD6DA, 0x7C0F, 0x0000, 0x0000, 0x0000, 0x0000, 0x0000, 0x0000, 0x0000, 0x0000, 0x0000, 0x0000, 0x0000, 0x0000, 0x0000,
    0xD6DA, 0xD6DA, 0x7C0F, 0x0000, 0x0000, 0x0000, 0x0000, 0x0000, 0x0000, 0x0000, 0x0000, 0x0000, 0x0000, 0x0000, 0x0000, 0x0000,
    0xD6DA, 0xD6DA, 0x7C0F, 0x0000, 0x0000, 0x0000, 0x0000, 0x0000, 0x0000, 0x0000, 0x0000, 0x0000, 0x0000, 0x0000, 0x0000, 0x0000,
    0xD6DA, 0xD6DA, 0x7C0F, 0x0000, 0x0000, 0x0000, 0x0000, 0x0000, 0x0000, 0x0000, 0x0000, 0x0000, 0x0000, 0x0000, 0x0000, 0x0000,
    0xCE78, 0xD6B9, 0x7C0F, 0x0000, 0x0000, 0x0000, 0x0000, 0x0000, 0x0000, 0x0000, 0x0000, 0x0000, 0x0000, 0x0000, 0x0000, 0x0000,
    0xCD53, 0xCE78, 0x7C0F, 0x0000, 0x0000, 0x0000, 0x0000, 0x0000, 0x0000, 0x0000, 0x0000, 0x0000, 0x0000, 0x0000, 0x0000, 0x0000,
    0xCCD0, 0xCD94, 0x7B8D, 0x0000, 0x0000, 0x0000, 0x0000, 0x0000, 0x0000, 0x0000, 0x0000, 0x0000, 0x0000, 0x0000, 0x0000, 0x0000,
    0xCC8F, 0xCC8F, 0x7AA9, 0x0000, 0x0000, 0x0000, 0x0000, 0x0000, 0x0000, 0x0000, 0x0000, 0x0000, 0x0000, 0x0000, 0x0000, 0x0000,
    0xCD94, 0xCCD0, 0x7AA9, 0x0000, 0x0000, 0x0000, 0x0000, 0x0000, 0x0000, 0x0000, 0x0000, 0x0000, 0x0000, 0x0000, 0x0000, 0x0000
};

const short poke_mart_interior_tile_80[TILE_SIZE * TILE_SIZE] = {
    0x0000, 0x0000, 0x0000, 0x0000, 0x0000, 0x0000, 0x0000, 0x0000, 0x0000, 0x0000, 0x0000, 0x0000, 0x0000, 0x7AEA, 0xCD52, 0xCE37,
    0x0000, 0x0000, 0x0000, 0x0000, 0x0000, 0x0000, 0x0000, 0x0000, 0x0000, 0x0000, 0x0000, 0x0000, 0x0000, 0x7BCE, 0xCE37, 0xBDD5,
    0x0000, 0x0000, 0x0000, 0x0000, 0x0000, 0x0000, 0x0000, 0x0000, 0x0000, 0x0000, 0x0000, 0x0000, 0x0000, 0x6B6D, 0xAD95, 0xA533,
    0x0000, 0x0000, 0x0000, 0x0000, 0x0000, 0x0000, 0x0000, 0x0000, 0x0000, 0x0000, 0x0000, 0x0000, 0x0000, 0x528A, 0x8C51, 0x8C51,
    0x0000, 0x0000, 0x0000, 0x0000, 0x0000, 0x0000, 0x0000, 0x0000, 0x0000, 0x0000, 0x0000, 0x0000, 0x0000, 0x528A, 0x8C51, 0x8C51,
    0x0000, 0x0000, 0x0000, 0x0000, 0x0000, 0x0000, 0x0000, 0x0000, 0x0000, 0x0000, 0x0000, 0x0000, 0x0000, 0x528A, 0x8C51, 0x8C51,
    0x0000, 0x0000, 0x0000, 0x0000, 0x0000, 0x0000, 0x0000, 0x0000, 0x0000, 0x0000, 0x0000, 0x0000, 0x0000, 0x528A, 0x8C51, 0x8C51,
    0x0000, 0x0000, 0x0000, 0x0000, 0x0000, 0x0000, 0x0000, 0x0000, 0x0000, 0x0000, 0x0000, 0x0000, 0x0000, 0x528A, 0x8C51, 0x8C51,
    0x0000, 0x0000, 0x0000, 0x0000, 0x0000, 0x0000, 0x0000, 0x0000, 0x0000, 0x0000, 0x0000, 0x0000, 0x0000, 0x528A, 0x8C51, 0x8C51,
    0x0000, 0x0000, 0x0000, 0x0000, 0x0000, 0x0000, 0x0000, 0x0000, 0x0000, 0x0000, 0x0000, 0x0000, 0x0000, 0x528A, 0x8410, 0x6B6F,
    0x0000, 0x0000, 0x0000, 0x0000, 0x0000, 0x0000, 0x0000, 0x0000, 0x0000, 0x0000, 0x0000, 0x0000, 0x0000, 0x4A49, 0x73AF, 0x5ACD,
    0x0000, 0x0000, 0x0000, 0x0000, 0x0000, 0x0000, 0x0000, 0x0000, 0x0000, 0x0000, 0x0000, 0x0000, 0x0000, 0x31A8, 0x5ACD, 0x528D,
    0x0000, 0x0000, 0x0000, 0x0000, 0x0000, 0x0000, 0x0000, 0x0000, 0x0000, 0x0000, 0x0000, 0x0000, 0x0000, 0x3187, 0x52AD, 0x630E,
    0x0000, 0x0000, 0x0000, 0x0000, 0x0000, 0x0000, 0x0000, 0x0000, 0x0000, 0x0000, 0x0000, 0x0000, 0x0000, 0x3187, 0x5ACD, 0x7BF0,
    0x0000, 0x0000, 0x0000, 0x0000, 0x0000, 0x0000, 0x0000, 0x0000, 0x0000, 0x0000, 0x0000, 0x0000, 0x0000, 0x4229, 0x7BEF, 0x8D2F,
    0x0000, 0x0000, 0x0000, 0x0000, 0x0000, 0x0000, 0x0000, 0x0000, 0x0000, 0x0000, 0x0000, 0x0000, 0x0000, 0x5ACB, 0x9512, 0x9E2F
};

const short poke_mart_interior_tile_81[TILE_SIZE * TILE_SIZE] = {
    0xBE16, 0xAD53, 0x94B2, 0x8C51, 0x8C51, 0x8C51, 0x8C51, 0x8410, 0x73AF, 0x5ACD, 0x52AD, 0x5ACD, 0x5ACD, 0x5ACD, 0x5ACD, 0x5ACD,
    0xA553, 0x9491, 0x8C51, 0x8C51, 0x8C51, 0x8C51, 0x8C51, 0x6B6F, 0x5ACD, 0x528D, 0x630E, 0x7BF0, 0x7BF0, 0x7BF0, 0x7BF0, 0x7BF0,
    0x94B2, 0x8C51, 0x8C51, 0x8C51, 0x8C51, 0x7BF0, 0x738F, 0x5AEE, 0x52AD, 0x630E, 0x7C11, 0xA554, 0xA554, 0xA554, 0xA554, 0xA554,
    0x8C51, 0x8C51, 0x8C51, 0x8C51, 0x8C51, 0x738F, 0x528D, 0x528D, 0x5ACD, 0x7BF0, 0xA554, 0xD6DA, 0xD6DA, 0xD6DA, 0xD6DA, 0xD6DA,
    0x8C51, 0x8C51, 0x8C51, 0x8410, 0x6B6F, 0x5AEE, 0x528D, 0x632E, 0x7BEF, 0x8D2F, 0x9E11, 0xAE93, 0xAE93, 0xAE93, 0xAE93, 0xAE93,
    0x8C51, 0x8C51, 0x8410, 0x73AF, 0x5ACD, 0x52AD, 0x5ACD, 0x7BEF, 0x8D10, 0x962F, 0x9E8F, 0x9E8F, 0x9E8F, 0x9E8F, 0x9E8F, 0x9E8F,
    0x8C51, 0x8C51, 0x6B6F, 0x5ACD, 0x528D, 0x630E, 0x7BF0, 0x8D2F, 0x962F, 0x966F, 0xA68F, 0xAEB0, 0xAEB0, 0xAEB0, 0xAEB0, 0xA6B0,
    0x7BF0, 0x738F, 0x5AEE, 0x52AD, 0x630E, 0x73EF, 0x8D30, 0x95EF, 0x9E8F, 0x9E8F, 0x9E8F, 0xA6B0, 0xA6B0, 0xA6B0, 0xA6B0, 0xA6B0,
    0x738F, 0x528D, 0x528D, 0x5ACD, 0x7BF0, 0x8D30, 0x9E8F, 0x9E8F, 0x9E8F, 0x9E8F, 0x9E8F, 0x9E8F, 0x9E8F, 0x9E8F, 0x9E8F, 0xA68F,
    0x5AEE, 0x528D, 0x632E, 0x7BEF, 0x8D2F, 0x95EF, 0x9E8F, 0x9E8F, 0x9E8F, 0x9E8F, 0x9E8F, 0x9E8F, 0x9E8F, 0x9E8F, 0x9E8F, 0x9E8F,
    0x52AD, 0x5ACD, 0x7BEF, 0x8D10, 0x962F, 0x9E8F, 0x9E8F, 0x9E8F, 0x9E8F, 0x9E8F, 0x9E8F, 0x9E8F, 0x9E8F, 0x9E8F, 0x9E8F, 0x9E8F,
    0x630E, 0x7BF0, 0x8D2F, 0x962F, 0x966F, 0x9E8F, 0x9E8F, 0x9E8F, 0x9E8F, 0x9E8F, 0x9E8F, 0x9E8F, 0x9E8F, 0x9E8F, 0x9E8F, 0x9E8F,
    0x73EF, 0x8D30, 0x95EF, 0x9E8F, 0x9E8F, 0x9E8F, 0x9E8F, 0x9E8F, 0x9E8F, 0x9E8F, 0x9E8F, 0x9E8F, 0x9E8F, 0x9E8F, 0x9E8F, 0x9E8F,
    0x8D30, 0x9E8F, 0x9E8F, 0x9E8F, 0x9E8F, 0x9E8F, 0x9E8F, 0x9E8F, 0x9E8F, 0x9E8F, 0x9E8F, 0x9E8F, 0x9E8F, 0x9E8F, 0x9E8F, 0x9E8F,
    0x95EF, 0x9E8F, 0x9E8F, 0x9E8F, 0x9E8F, 0x9E8F, 0x9E8F, 0x9E8F, 0x9E8F, 0x9E8F, 0x9E8F, 0x9E8F, 0x9E8F, 0x9E8F, 0x9E8F, 0x9E8F,
    0x9E8F, 0x9E8F, 0x9E8F, 0x9E8F, 0x9E8F, 0x9E8F, 0x9E8F, 0x9E8F, 0x9E8F, 0x9E8F, 0x9E8F, 0x9E8F, 0x9E8F, 0x9E8F, 0x9E8F, 0x9E8F
};

const short poke_mart_interior_tile_82[TILE_SIZE * TILE_SIZE] = {
    0x5ACD, 0x5ACD, 0x5ACD, 0x5ACD, 0x5ACD, 0x5ACD, 0x5ACD, 0x5ACD, 0x5ACD, 0x5ACD, 0x5ACD, 0x5ACD, 0x5ACD, 0x5ACD, 0x5ACD, 0x5ACD,
    0x7BF0, 0x7BF0, 0x7BF0, 0x7BF0, 0x7BF0, 0x7BF0, 0x7BF0, 0x7BF0, 0x7BF0, 0x7BF0, 0x7BF0, 0x7BF0, 0x7BF0, 0x7BF0, 0x7BF0, 0x7BF0,
    0xA554, 0x9CF3, 0x94D1, 0x9510, 0x8D30, 0x8D30, 0x8D30, 0x8D30, 0x8D30, 0x8D30, 0x8D30, 0x8C90, 0x8C71, 0x9D13, 0xA554, 0xA554,
    0xD6DA, 0xBE16, 0xADB3, 0x9E50, 0x9E8F, 0x9E8F, 0x9E8F, 0x9E8F, 0x9E8F, 0x9E8F, 0x9E8F, 0x8D30, 0x94D2, 0xC658, 0xD6DA, 0xD6DA,
    0xAE93, 0xBE75, 0xBE16, 0x9D71, 0x95AF, 0x9E8F, 0x9E8F, 0x9E8F, 0x9E8F, 0x95EF, 0x8D30, 0xA593, 0xB5F5, 0xAE74, 0xAE93, 0xAE93,
    0x9E8F, 0xB6B4, 0xBE56, 0xA533, 0x9551, 0x960F, 0x964F, 0x966F, 0x962F, 0x9590, 0x94D2, 0xB5F5, 0xBEB6, 0xA690, 0x9E8F, 0x9E8F,
    0x9E8F, 0x9E90, 0xAE92, 0xBE56, 0xADB5, 0x8CB0, 0x95CF, 0x962F, 0x8D10, 0xA553, 0xC658, 0xAE74, 0xA690, 0x9E8F, 0xA68F, 0xAEB0,
    0xA68F, 0x9E8F, 0x9E90, 0xB6B4, 0xB615, 0xA554, 0x9D71, 0x9590, 0xA553, 0xADD5, 0xBEB5, 0xA691, 0x9E8F, 0xA68F, 0xA6B0, 0xA6B0,
    0xB6D1, 0xA68F, 0x9E8F, 0x9E8F, 0xAE93, 0xD6DA, 0xA554, 0x94D2, 0xC658, 0xBEB5, 0x9E8F, 0x9E8F, 0x9E8F, 0xAEB0, 0xA6B0, 0x9E8F,
    0xA68F, 0xA6B0, 0xA6B0, 0x9E8F, 0xAE93, 0xD6DA, 0xA554, 0x94D2, 0xC658, 0xBEB5, 0x9E8F, 0xA68F, 0xA6B0, 0xA68F, 0x9E8F, 0x9E8F,
    0x9E8F, 0xA6B0, 0xAEB0, 0x9E8F, 0xAE93, 0xD6DA, 0xA554, 0x94D2, 0xC658, 0xBEB5, 0x9E8F, 0xA6B0, 0xAEB0, 0x9E8F, 0x9E8F, 0x9E8F,
    0x9E8F, 0xA6B0, 0xAEB0, 0x9E8F, 0xAE93, 0xD6DA, 0xA554, 0x94D2, 0xC658, 0xBEB5, 0x9E8F, 0xA6B0, 0xAEB0, 0x9E8F, 0x9E8F, 0x9E8F,
    0x9E8F, 0xA6B0, 0xAEB0, 0x9E8F, 0xAE93, 0xD6DA, 0xA554, 0x94D2, 0xC658, 0xBEB5, 0x9E8F, 0xA6B0, 0xAEB0, 0x9E8F, 0x9E8F, 0x9E8F,
    0x9E8F, 0xA6B0, 0xAEB0, 0x9E8F, 0xAE93, 0xD6DA, 0xA554, 0x94D2, 0xC658, 0xBEB5, 0x9E8F, 0xA6B0, 0xAEB0, 0x9E8F, 0x9E8F, 0x9E8F,
    0x9E8F, 0xA6B0, 0xAEB0, 0x9E8F, 0xAE93, 0xD6DA, 0xA554, 0x94D2, 0xC658, 0xBEB5, 0x9E8F, 0xA6B0, 0xAEB0, 0x9E8F, 0x9E8F, 0x9E8F,
    0x9E8F, 0xA6B0, 0xAEB0, 0x9E8F, 0xAE93, 0xD6DA, 0xA554, 0x9CD3, 0xCE79, 0xBED6, 0x9EB0, 0xAED1, 0xAEF2, 0x9EB1, 0x9EB0, 0x9EB0
};

const short poke_mart_interior_tile_83[TILE_SIZE * TILE_SIZE] = {
    0x5ACD, 0x5ACD, 0x5ACD, 0x5ACD, 0x5ACD, 0x5ACD, 0x5ACD, 0x5ACD, 0x5ACD, 0x5ACD, 0x5ACD, 0x5ACD, 0x5ACD, 0x5ACD, 0x5ACD, 0x5ACD,
    0x7BF0, 0x7BF0, 0x7BF0, 0x7BF0, 0x7BF0, 0x7BF0, 0x7BF0, 0x7BF0, 0x7BF0, 0x7BF0, 0x7BF0, 0x7BF0, 0x7BF0, 0x7BF0, 0x7BF0, 0x7BF0,
    0xA554, 0xA554, 0xA554, 0xA554, 0xA554, 0xA554, 0xA554, 0xA554, 0xA554, 0xA554, 0xA554, 0xA534, 0x9CD2, 0x94F1, 0x8D30, 0x8D30,
    0xD6DA, 0xD6DA, 0xD6DA, 0xD6DA, 0xD6DA, 0xD6DA, 0xD6DA, 0xD6DA, 0xD6DA, 0xD6DA, 0xD6DA, 0xCE98, 0xB5D5, 0xA5F2, 0x9E8F, 0x9E8F,
    0xAE93, 0xAE93, 0xAE93, 0xAE93, 0xAE93, 0xAE93, 0xAE93, 0xAE93, 0xAE93, 0xAE93, 0xAE93, 0xB694, 0xBE56, 0xADD4, 0x8D30, 0x95EF,
    0x9E8F, 0x9E8F, 0x9E8F, 0x9E8F, 0x9E8F, 0x9E8F, 0x9E8F, 0x9E8F, 0x9E8F, 0x9E8F, 0x9E8F, 0xA690, 0xBEB6, 0xB5F5, 0x94D2, 0x9590,
    0xAEB0, 0xAEB0, 0xAEB0, 0xAEB0, 0xAEB0, 0xAEB0, 0xAEB0, 0xAEB0, 0xAEB0, 0xAEB0, 0xA68F, 0x9E8F, 0xA690, 0xAE74, 0xC658, 0xA553,
    0xA6B0, 0xA6B0, 0xA6B0, 0xA6B0, 0xA6B0, 0xA6B0, 0xA6B0, 0xA6B0, 0xA6B0, 0xA6B0, 0xA6B0, 0xA68F, 0x9E8F, 0xA691, 0xBEB5, 0xADD5,
    0x9E8F, 0x9E8F, 0x9E8F, 0x9E8F, 0x9E8F, 0x9E8F, 0x9E8F, 0x9E8F, 0x9E8F, 0x9E8F, 0xA6B0, 0xAEB0, 0x9E8F, 0x9E8F, 0x9E8F, 0xBEB5,
    0x9E8F, 0x9E8F, 0x9E8F, 0x9E8F, 0x9E8F, 0x9E8F, 0x9E8F, 0x9E8F, 0x9E8F, 0x9E8F, 0x9E8F, 0xA68F, 0xA6B0, 0xA68F, 0x9E8F, 0xBEB5,
    0x9E8F, 0x9E8F, 0x9E8F, 0x9E8F, 0x9E8F, 0x9E8F, 0x9E8F, 0x9E8F, 0x9E8F, 0x9E8F, 0x9E8F, 0x9E8F, 0xAEB0, 0xA6B0, 0x9E8F, 0xBEB5,
    0x9E8F, 0x9E8F, 0x9E8F, 0x9E8F, 0x9E8F, 0x9E8F, 0x9E8F, 0x9E8F, 0x9E8F, 0x9E8F, 0x9E8F, 0x9E8F, 0xAEB0, 0xA6B0, 0x9E8F, 0xBEB5,
    0x9E8F, 0x9E8F, 0x9E8F, 0x9E8F, 0x9E8F, 0x9E8F, 0x9E8F, 0x9E8F, 0x9E8F, 0x9E8F, 0x9E8F, 0x9E8F, 0xAEB0, 0xA6B0, 0x9E8F, 0xBEB5,
    0x9E8F, 0x9E8F, 0x9E8F, 0x9E8F, 0x9E8F, 0x9E8F, 0x9E8F, 0x9E8F, 0x9E8F, 0x9E8F, 0x9E8F, 0x9E8F, 0xAEB0, 0xA6B0, 0x9E8F, 0xBEB5,
    0x9E8F, 0x9E8F, 0x9E8F, 0x9E8F, 0x9E8F, 0x9E8F, 0x9E8F, 0x9E8F, 0x9E8F, 0x9E8F, 0x9E8F, 0x9E8F, 0xAEB0, 0xA6B0, 0x9E8F, 0xBEB5,
    0x9EB0, 0x9EB0, 0x9EB0, 0x9EB0, 0x9EB0, 0x9EB0, 0x9EB0, 0x9EB0, 0x9EB0, 0x9EB0, 0x9EB0, 0x9EB1, 0xAEF2, 0xAED1, 0x9EB0, 0xBED6
};

const short poke_mart_interior_tile_84[TILE_SIZE * TILE_SIZE] = {
    0x5ACD, 0x5ACD, 0x52AD, 0x528D, 0xB5B7, 0xD6BB, 0x7390, 0x6BF0, 0x9E36, 0x8DF4, 0x85D4, 0x9615, 0xB658, 0xDE9C, 0x8413, 0x52AD,
    0x7BF0, 0x7BF0, 0x6B4E, 0x528D, 0xB5B7, 0xD6BB, 0x7390, 0x8C73, 0xE75C, 0xA677, 0x9615, 0xCF1B, 0xDF1C, 0xDE9C, 0x8413, 0x632F,
    0x8D30, 0x8D30, 0x740E, 0x528D, 0xB5B7, 0xD6BB, 0x7390, 0x8452, 0xCEFA, 0x9E36, 0x8E15, 0xBEB9, 0xCEDB, 0xDE9C, 0xA516, 0x9474,
    0x9E8F, 0x9E8F, 0x7CEE, 0x528D, 0xB5B7, 0xD6BB, 0x7390, 0x63CF, 0x85D4, 0x85D4, 0x85D4, 0x85D4, 0xA617, 0xDE9C, 0xDE9C, 0xCE3B,
    0x9E8F, 0x9E8F, 0x7CEE, 0x528D, 0xB5B7, 0xD6BB, 0x7390, 0x8452, 0xCEFA, 0x9E36, 0x8E15, 0xBEB9, 0xCEDB, 0xDE9C, 0xC5FA, 0xB578,
    0x962F, 0x966F, 0x7CEE, 0x528D, 0xB5B7, 0xD6BB, 0x7390, 0x9493, 0xF79E, 0xBE99, 0xA637, 0xDF3C, 0xE6FD, 0xCE3B, 0xB578, 0xAD17,
    0x8D10, 0x962F, 0x7CEE, 0x528D, 0xB5B7, 0xD6BB, 0x7390, 0x8C33, 0xDEDC, 0xD69B, 0xCE7A, 0xDEBC, 0xCE3A, 0xB558, 0xAD37, 0xAD17,
    0xA553, 0x9590, 0x7C6E, 0x528D, 0xB5B7, 0xD6BB, 0x7390, 0x7BD2, 0xC5FA, 0xC5FA, 0xC5FA, 0xC5FA, 0xBD98, 0xAD17, 0xAD17, 0xAD17,
    0xC658, 0x94D2, 0x738F, 0x528D, 0xB5B7, 0xD6BB, 0x7390, 0x7391, 0xAD17, 0xAD17, 0xAD17, 0xAD17, 0xAD17, 0xAD17, 0xAD17, 0xAD17,
    0xC658, 0x94D2, 0x738F, 0x528D, 0xB5B7, 0xD6BB, 0x7390, 0x7391, 0xAD17, 0xAD17, 0xAD17, 0xAD17, 0xAD17, 0xAD17, 0xAD17, 0xAD17,
    0xC658, 0x94D2, 0x738F, 0x528D, 0xB5B7, 0xD6BB, 0x7390, 0x6B50, 0x9495, 0x9495, 0x9495, 0x9495, 0x9495, 0x9495, 0x9495, 0x9495,
    0xC658, 0x94D2, 0x738F, 0x528D, 0xB5B7, 0xD6BB, 0x7390, 0x52AD, 0x630F, 0x630F, 0x630F, 0x630F, 0x630F, 0x630F, 0x630F, 0x630F,
    0xC658, 0x94D2, 0x738F, 0x528D, 0xB5B7, 0xE71C, 0x9CF6, 0x6B91, 0x528D, 0x528D, 0x528D, 0x528D, 0x528D, 0x528D, 0x528D, 0x528D,
    0xC658, 0x94D2, 0x738F, 0x528D, 0xB5B7, 0xEF9F, 0xD73F, 0x9D37, 0x528D, 0x528D, 0x528D, 0x528D, 0x528D, 0x528D, 0x528D, 0x528D,
    0xC658, 0x94D2, 0x738F, 0x528D, 0xB5B7, 0xEF9F, 0xD73F, 0xB65C, 0x9D37, 0x9D37, 0x9D37, 0x9D37, 0x9D37, 0x9D37, 0x9D37, 0x9D37,
    0xCE79, 0x9D13, 0x73AF, 0x528D, 0xB5B7, 0xEF9E, 0xC71E, 0xBEDE, 0xBEDE, 0xBEDE, 0xC6FE, 0xCF1E, 0xD73F, 0xD73F, 0xD73F, 0xCF1E
};

const short poke_mart_interior_tile_85[TILE_SIZE * TILE_SIZE] = {
    0x632F, 0xA4F5, 0xF79E, 0xF79E, 0xF79E, 0xF79E, 0xF79E, 0xF79E, 0xF79E, 0xF79E, 0xF79E, 0xB597, 0x528D, 0x52AD, 0x5ACD, 0x5ACD,
    0xA516, 0xCE3A, 0xDEDC, 0xDEDC, 0xDEDC, 0xDEDC, 0xDEDC, 0xDEDC, 0xDEDC, 0xDEDC, 0xDEDC, 0xA516, 0x528D, 0x6B4E, 0x7BF0, 0x7BF0,
    0xBD98, 0xC5FA, 0xC5FA, 0xC5FA, 0xC5FA, 0xC5FA, 0xC5FA, 0xC5FA, 0xC5FA, 0xC5FA, 0xC5FA, 0x9494, 0x528D, 0x740E, 0x8D30, 0x8D30,
    0xB558, 0xAD17, 0xAD17, 0xAD17, 0xAD17, 0xAD17, 0xAD17, 0xAD17, 0xAD17, 0xAD17, 0xAD17, 0x8413, 0x528D, 0x7CEE, 0x9E8F, 0x9E8F,
    0xAD37, 0xAD17, 0xAD17, 0xAD17, 0xAD17, 0xAD17, 0xAD17, 0xAD17, 0xAD17, 0xAD17, 0xAD17, 0x8413, 0x528D, 0x7CEE, 0x962F, 0x9570,
    0xAD17, 0xAD17, 0xAD17, 0xAD17, 0xAD17, 0xAD17, 0xAD17, 0xAD17, 0xAD17, 0xAD17, 0xAD17, 0x8413, 0x528D, 0x7CAE, 0x95D0, 0x9512,
    0xAD17, 0xAD17, 0xAD17, 0xAD17, 0xAD17, 0xAD17, 0xAD17, 0xAD17, 0xAD17, 0xAD17, 0xAD17, 0x8413, 0x528D, 0x73CF, 0x9512, 0xB5F6,
    0xAD17, 0xAD17, 0xAD17, 0xAD17, 0xA4D6, 0x8C33, 0x9474, 0xAD17, 0x9474, 0x8C33, 0xA4D6, 0x8413, 0x528D, 0x8431, 0xAD94, 0xB675,
    0xAD17, 0xAD17, 0xAD17, 0xAD17, 0x9495, 0x630F, 0x7391, 0xAD17, 0x7391, 0x630F, 0x9495, 0x8413, 0x528D, 0x9D14, 0xC6B7, 0xA691,
    0xAD17, 0xAD17, 0xAD17, 0xAD17, 0x9495, 0x630F, 0x7391, 0xAD17, 0x7391, 0x630F, 0x9495, 0x8413, 0x528D, 0x9D14, 0xC6B7, 0xA691,
    0x9495, 0x9495, 0x9495, 0x9495, 0x8C13, 0x5AEE, 0x6B50, 0x9495, 0x6B50, 0x5AEE, 0x8C13, 0x7BB1, 0x528D, 0x9D14, 0xC6B7, 0xA691,
    0x630F, 0x630F, 0x630F, 0x630F, 0x5AEE, 0x528D, 0x52AD, 0x630F, 0x52AD, 0x528D, 0x5AEE, 0x5ACE, 0x528D, 0x9D14, 0xC6B7, 0xA691,
    0x528D, 0x528D, 0x528D, 0x528D, 0x528D, 0x528D, 0x528D, 0x528D, 0x528D, 0x528D, 0x528D, 0x528D, 0x528D, 0x9D14, 0xC6B7, 0xA691,
    0x528D, 0x528D, 0x528D, 0x528D, 0x528D, 0x528D, 0x528D, 0x528D, 0x528D, 0x528D, 0x528D, 0x528D, 0x528D, 0x9D14, 0xC6B7, 0xA691,
    0x9D37, 0x9D37, 0x9D37, 0x9D37, 0x9D37, 0x9D37, 0x9D37, 0x9D37, 0x9D37, 0x9D37, 0x9D37, 0x7C33, 0x528D, 0x9D14, 0xC6B7, 0xA691,
    0xC6FE, 0xBEDE, 0xBEDE, 0xC6FE, 0xC6FE, 0xBEFE, 0xBEDE, 0xBEDE, 0xBEDE, 0xBEFE, 0xC6FE, 0x9D37, 0x528D, 0x9D14, 0xC6B7, 0xA691
};

const short poke_mart_interior_tile_86[TILE_SIZE * TILE_SIZE] = {
    0x5ACD, 0x5ACD, 0x5ACD, 0x5ACD, 0x5ACD, 0x5ACD, 0x5ACD, 0x5ACD, 0x5ACD, 0x5ACD, 0x5ACD, 0x5ACD, 0x5ACD, 0x5ACD, 0x5ACD, 0x5ACD,
    0x7BF0, 0x7BF0, 0x7BF0, 0x7BF0, 0x7BF0, 0x7BF0, 0x7BF0, 0x7BF0, 0x7BF0, 0x7BF0, 0x7BF0, 0x7BF0, 0x7BF0, 0x7BF0, 0x7BF0, 0x7BF0,
    0x8CD0, 0x8C51, 0x9CD3, 0xA554, 0xA554, 0xA554, 0xA554, 0xA554, 0xA554, 0xA554, 0xA554, 0xA554, 0xA554, 0xA554, 0xA554, 0xA554,
    0x958F, 0x8C51, 0xB5D6, 0xD6DA, 0xD6DA, 0xD6DA, 0xD6DA, 0xD6DA, 0xD6DA, 0xD6DA, 0xD6DA, 0xD6DA, 0xD6DA, 0xD6DA, 0xD6DA, 0xD6DA,
    0x9D72, 0xB5D6, 0xB654, 0xAE93, 0xAE93, 0xAE93, 0xAE93, 0xAE93, 0xAE93, 0xAE93, 0xAE93, 0xAE93, 0xAE93, 0xAE93, 0xAE93, 0xAE93,
    0xAD94, 0xC6B7, 0xAE92, 0x9E8F, 0x9E8F, 0x9E8F, 0x9E8F, 0x9E8F, 0x9E8F, 0x9E8F, 0x9E8F, 0x9E8F, 0x9E8F, 0x9E8F, 0x9E8F, 0x9E8F,
    0xB675, 0xA691, 0x9E8F, 0x9E8F, 0xA6B0, 0xAEB0, 0xAEB0, 0xAEB0, 0xAEB0, 0xAEB0, 0xAEB0, 0xAEB0, 0xAEB0, 0xAEB0, 0xAEB0, 0xA6B0,
    0xAE93, 0x9E8F, 0x9E8F, 0xA68F, 0xA6B0, 0xA6B0, 0xA6B0, 0xA6B0, 0xA6B0, 0xA6B0, 0xA6B0, 0xA6B0, 0xA6B0, 0xA6B0, 0xA6B0, 0xA6B0,
    0x9E8F, 0x9E8F, 0xA6B0, 0xAEB0, 0x9E8F, 0x9E8F, 0x9E8F, 0x9E8F, 0x9E8F, 0x9E8F, 0x9E8F, 0x9E8F, 0x9E8F, 0x9E8F, 0x9E8F, 0xA68F,
    0x9E8F, 0xA6B0, 0xA6B0, 0xA68F, 0x9E8F, 0x9E8F, 0x9E8F, 0x9E8F, 0x9E8F, 0x9E8F, 0x9E8F, 0x9E8F, 0x9E8F, 0x9E8F, 0x9E8F, 0x9E8F,
    0xA68F, 0xB6D1, 0xA68F, 0x9E8F, 0x9E8F, 0x9E8F, 0x9E8F, 0x9E8F, 0x9E8F, 0x9E8F, 0x9E8F, 0x9E8F, 0x9E8F, 0x9E8F, 0x9E8F, 0x9E8F,
    0xA68F, 0xB6D1, 0xA68F, 0x9E8F, 0x9E8F, 0x9E8F, 0x9E8F, 0x9E8F, 0x9E8F, 0x9E8F, 0x9E8F, 0x9E8F, 0x9E8F, 0x9E8F, 0x9E8F, 0x9E8F,
    0xA68F, 0xB6D1, 0xA68F, 0x9E8F, 0x9E8F, 0x9E8F, 0x9E8F, 0x9E8F, 0x9E8F, 0x9E8F, 0x9E8F, 0x9E8F, 0x9E8F, 0x9E8F, 0x9E8F, 0x9E8F,
    0xA68F, 0xB6D1, 0xA68F, 0x9E8F, 0x9E8F, 0x9E8F, 0x9E8F, 0x9E8F, 0x9E8F, 0x9E8F, 0x9E8F, 0x9E8F, 0x9E8F, 0x9E8F, 0x9E8F, 0x9E8F,
    0xA68F, 0xB6D1, 0xA68F, 0x9E8F, 0x9E8F, 0x9E8F, 0x9E8F, 0x9E8F, 0x9E8F, 0x9E8F, 0x9E8F, 0x9E8F, 0x9E8F, 0x9E8F, 0x9E8F, 0x9E8F,
    0xA68F, 0xB6D1, 0xA68F, 0x9E8F, 0x9E8F, 0x9E8F, 0x9E8F, 0x9E8F, 0x9E8F, 0x9E8F, 0x9E8F, 0x9EB0, 0x9EB0, 0x9EB0, 0x9EB0, 0x9EB0
};

const short poke_mart_interior_tile_87[TILE_SIZE * TILE_SIZE] = {
    0x5ACD, 0x5ACD, 0x5ACD, 0x5ACD, 0x5ACD, 0x5ACD, 0x5ACD, 0x5ACD, 0x5ACD, 0x5ACD, 0x5ACD, 0x5ACD, 0x5ACD, 0x5ACD, 0x5ACD, 0x5ACD,
    0x7BF0, 0x7BF0, 0x7BF0, 0x7BF0, 0x7BF0, 0x7BF0, 0x7BF0, 0x7BF0, 0x7BF0, 0x7BF0, 0x7BF0, 0x7BF0, 0x7BF0, 0x7BF0, 0x7BF0, 0x7BF0,
    0xA554, 0x9CF3, 0x94D1, 0x9510, 0x8D30, 0x8D30, 0x8D30, 0x8D30, 0x8D30, 0x8D30, 0x8D30, 0x8C90, 0x8C71, 0x9D13, 0xA554, 0xA554,
    0xD6DA, 0xBE16, 0xADB3, 0x9E50, 0x9E8F, 0x9E8F, 0x9E8F, 0x9E8F, 0x9E8F, 0x9E8F, 0x9E8F, 0x8D30, 0x94D2, 0xC658, 0xD6DA, 0xD6DA,
    0xAE93, 0xBE75, 0xBE16, 0x9D71, 0x95AF, 0x9E8F, 0x9E8F, 0x9E8F, 0x9E8F, 0x95EF, 0x8D30, 0xA593, 0xB5F5, 0xAE74, 0xAE93, 0xAE93,
    0x9E8F, 0xB6B4, 0xBE56, 0xA533, 0x9551, 0x960F, 0x964F, 0x966F, 0x962F, 0x9590, 0x94D2, 0xB5F5, 0xBEB6, 0xA690, 0x9E8F, 0x9E8F,
    0x9E8F, 0x9E90, 0xAE92, 0xBE56, 0xADB5, 0x8CB0, 0x95CF, 0x962F, 0x8D10, 0xA553, 0xC658, 0xAE74, 0xA690, 0x9E8F, 0xA68F, 0xAEB0,
    0xA68F, 0x9E8F, 0x9E90, 0xB6B4, 0xB615, 0xA554, 0x9D71, 0x9590, 0xA553, 0xADD5, 0xBEB5, 0xA691, 0x9E8F, 0xA68F, 0xA6B0, 0xA6B0,
    0xB6D1, 0xA68F, 0x9E8F, 0x9E8F, 0xAE93, 0xD6DA, 0xA554, 0x94D2, 0xC658, 0xBEB5, 0x9E8F, 0x9E8F, 0x9E8F, 0xAEB0, 0xA6B0, 0x9E8F,
    0xA68F, 0xA6B0, 0xA6B0, 0x9E8F, 0xAE93, 0xD6DA, 0xA554, 0x94D2, 0xC658, 0xBEB5, 0x9E8F, 0xA68F, 0xA6B0, 0xA68F, 0x9E8F, 0x9E8F,
    0x9E8F, 0xA6B0, 0xAEB0, 0x9E8F, 0xAE93, 0xD6DA, 0xA554, 0x94D2, 0xC658, 0xBEB5, 0x9E8F, 0xA6B0, 0xAEB0, 0x9E8F, 0x9E8F, 0x9E8F,
    0x9E8F, 0xA6B0, 0xAEB0, 0x9E8F, 0xAE93, 0xD6DA, 0xA554, 0x94D2, 0xC658, 0xBEB5, 0x9E8F, 0xA6B0, 0xAEB0, 0x9E8F, 0x9E8F, 0x9E8F,
    0x9E8F, 0xA6B0, 0xAEB0, 0x9E8F, 0xAE93, 0xD6DA, 0xA554, 0x94D2, 0xC658, 0xBEB5, 0x9E8F, 0xA6B0, 0xAEB0, 0x9E8F, 0x9E8F, 0x9E8F,
    0x9E8F, 0xA6B0, 0xAEB0, 0x9E8F, 0xAE93, 0xD6DA, 0xA554, 0x94D2, 0xC658, 0xBEB5, 0x9E8F, 0xA6B0, 0xAEB0, 0x9E8F, 0x9E8F, 0x9E8F,
    0x9E8F, 0xA6B0, 0xAEB0, 0x9E8F, 0xAE93, 0xD6DA, 0xA554, 0x94D2, 0xC658, 0xBEB5, 0x9E8F, 0xA6B0, 0xAEB0, 0x9E8F, 0x9E8F, 0x9E8F,
    0x9EB0, 0xAED1, 0xAEF2, 0x9EB1, 0xB6D4, 0xDEFB, 0xAD75, 0x9D13, 0xCE79, 0xBED6, 0x9EB0, 0xAED1, 0xAEF2, 0x9EB1, 0x9EB0, 0x9EB0
};

const short poke_mart_interior_tile_88[TILE_SIZE * TILE_SIZE] = {
    0x5ACD, 0x5ACD, 0x5ACD, 0x5ACD, 0x5ACD, 0x5ACD, 0x5ACD, 0x5ACD, 0x5ACD, 0x5ACD, 0x5ACD, 0x5ACD, 0x5ACD, 0x5ACD, 0x5ACD, 0x5ACD,
    0x7BF0, 0x7BF0, 0x7BF0, 0x7BF0, 0x7BF0, 0x7BF0, 0x7BF0, 0x7BF0, 0x7BF0, 0x7BF0, 0x7BF0, 0x7BF0, 0x7BF0, 0x7BF0, 0x7BF0, 0x7BF0,
    0xA554, 0xA554, 0xA554, 0xA554, 0xA554, 0xA554, 0xA554, 0xA554, 0xA554, 0xA554, 0xA554, 0xA534, 0x9CD2, 0x94F1, 0x8D30, 0x8D30,
    0xD6DA, 0xD6DA, 0xD6DA, 0xD6DA, 0xD6DA, 0xD6DA, 0xD6DA, 0xD6DA, 0xD6DA, 0xD6DA, 0xD6DA, 0xCE98, 0xB5D5, 0xA5F2, 0x9E8F, 0x9E8F,
    0xAE93, 0xAE93, 0xAE93, 0xAE93, 0xAE93, 0xAE93, 0xAE93, 0xAE93, 0xAE93, 0xAE93, 0xAE93, 0xB694, 0xBE56, 0xADD4, 0x8D30, 0x95EF,
    0x9E8F, 0x9E8F, 0x9E8F, 0x9E8F, 0x9E8F, 0x9E8F, 0x9E8F, 0x9E8F, 0x9E8F, 0x9E8F, 0x9E8F, 0xA690, 0xBEB6, 0xB5F5, 0x94D2, 0x9590,
    0xAEB0, 0xAEB0, 0xAEB0, 0xAEB0, 0xAEB0, 0xAEB0, 0xAEB0, 0xAEB0, 0xAEB0, 0xAEB0, 0xA68F, 0x9E8F, 0xA690, 0xAE74, 0xC658, 0xA553,
    0xA6B0, 0xA6B0, 0xA6B0, 0xA6B0, 0xA6B0, 0xA6B0, 0xA6B0, 0xA6B0, 0xA6B0, 0xA6B0, 0xA6B0, 0xA68F, 0x9E8F, 0xA691, 0xBEB5, 0xADD5,
    0x9E8F, 0x9E8F, 0x9E8F, 0x9E8F, 0x9E8F, 0x9E8F, 0x9E8F, 0x9E8F, 0x9E8F, 0x9E8F, 0xA6B0, 0xAEB0, 0x9E8F, 0x9E8F, 0x9E8F, 0xBEB5,
    0x9E8F, 0x9E8F, 0x9E8F, 0x9E8F, 0x9E8F, 0x9E8F, 0x9E8F, 0x9E8F, 0x9E8F, 0x9E8F, 0x9E8F, 0xA68F, 0xA6B0, 0xA68F, 0x9E8F, 0xBEB5,
    0x9E8F, 0x9E8F, 0x9E8F, 0x9E8F, 0x9E8F, 0x9E8F, 0x9E8F, 0x9E8F, 0x9E8F, 0x9E8F, 0x9E8F, 0x9E8F, 0xAEB0, 0xA6B0, 0x9E8F, 0xBEB5,
    0x9E8F, 0x9E8F, 0x9E8F, 0x9E8F, 0x9E8F, 0x9E8F, 0x9E8F, 0x9E8F, 0x9E8F, 0x9E8F, 0x9E8F, 0x9E8F, 0xAEB0, 0xA6B0, 0x9E8F, 0xBEB5,
    0x9E8F, 0x9E8F, 0x9E8F, 0x9E8F, 0x9E8F, 0x9E8F, 0x9E8F, 0x9E8F, 0x9E8F, 0x9E8F, 0x9E8F, 0x9E8F, 0xAEB0, 0xA6B0, 0x9E8F, 0xBEB5,
    0x9E8F, 0x9E8F, 0x9E8F, 0x9E8F, 0x9E8F, 0x9E8F, 0x9E8F, 0x9E8F, 0x9E8F, 0x9E8F, 0x9E8F, 0x9E8F, 0xAEB0, 0xA6B0, 0x9E8F, 0xBEB5,
    0x9E8F, 0x9E8F, 0x9E8F, 0x9E8F, 0x9E8F, 0x9E8F, 0x9E8F, 0x9E8F, 0x9E8F, 0x9E8F, 0x9E8F, 0x9E8F, 0xAEB0, 0xA6B0, 0x9E8F, 0xBEB5,
    0x9EB0, 0x9EB0, 0x9EB0, 0x9EB0, 0x9EB0, 0x9EB0, 0x9EB0, 0x9EB0, 0x9EB0, 0x9EB0, 0x9EB0, 0x9EB1, 0xAEF2, 0xAED1, 0x9EB0, 0xBED6
};

const short poke_mart_interior_tile_89[TILE_SIZE * TILE_SIZE] = {
    0x5ACD, 0x5ACD, 0x5ACD, 0x5ACD, 0x5ACD, 0x5ACD, 0x5ACD, 0x5ACD, 0x5ACD, 0x5ACD, 0x5ACD, 0x5ACD, 0x5ACD, 0x5ACD, 0x5ACD, 0x5ACD,
    0x7BF0, 0x7BF0, 0x7BF0, 0x7BF0, 0x7BF0, 0x7BF0, 0x7BF0, 0x7BF0, 0x7BF0, 0x7BF0, 0x7BF0, 0x7BF0, 0x7BF0, 0x7BF0, 0x7BF0, 0x7BF0,
    0x8D30, 0x8D30, 0x8D30, 0x8D30, 0x8D30, 0x8CF0, 0x8C70, 0x94B2, 0xA554, 0xA554, 0xA554, 0xA554, 0xA554, 0xA554, 0xA554, 0xA554,
    0x9E8F, 0x9E8F, 0x9E8F, 0x9E8F, 0x9E8F, 0x960F, 0x8CB0, 0xA554, 0xD6DA, 0xD6DA, 0xD6DA, 0xD6DA, 0xD6DA, 0xD6DA, 0xD6DA, 0xD6DA,
    0x9E8F, 0x9E8F, 0x9E8F, 0x9E8F, 0x95AF, 0x9551, 0xADB5, 0xB615, 0xAE93, 0xAE93, 0xAE93, 0xAE93, 0xAE93, 0xAE93, 0xAE93, 0xAE93,
    0x962F, 0x966F, 0x964F, 0x960F, 0x9551, 0xA533, 0xBE56, 0xB6B4, 0x9E8F, 0x9E8F, 0x9E8F, 0x9E8F, 0x9E8F, 0x9E8F, 0x9E8F, 0x9E8F,
    0x8D10, 0x962F, 0x95CF, 0x8CB0, 0xADB5, 0xBE56, 0xAE92, 0x9E90, 0x9E8F, 0xA6B0, 0xAEB0, 0xAEB0, 0xAEB0, 0xAEB0, 0xAEB0, 0xAEB0,
    0xA553, 0x9590, 0x9D71, 0xA554, 0xB615, 0xB6B4, 0x9E90, 0x9E8F, 0xA68F, 0xA6B0, 0xA6B0, 0xA6B0, 0xA6B0, 0xA6B0, 0xA6B0, 0xA6B0,
    0xC658, 0x94D2, 0xA554, 0xD6DA, 0xAE93, 0x9E8F, 0x9E8F, 0xA68F, 0xB6D1, 0xA68F, 0x9E8F, 0x9E8F, 0x9E8F, 0x9E8F, 0x9E8F, 0x9E8F,
    0xC658, 0x94D2, 0xA554, 0xD6DA, 0xAE93, 0x9E8F, 0xA6B0, 0xA6B0, 0xA68F, 0x9E8F, 0x9E8F, 0x9E8F, 0x9E8F, 0x9E8F, 0x9E8F, 0x9E8F,
    0xC658, 0x94D2, 0xA554, 0xD6DA, 0xAE93, 0x9E8F, 0xAEB0, 0xA6B0, 0x9E8F, 0x9E8F, 0x9E8F, 0x9E8F, 0x9E8F, 0x9E8F, 0x9E8F, 0x9E8F,
    0xC658, 0x94D2, 0xA554, 0xD6DA, 0xAE93, 0x9E8F, 0xAEB0, 0xA6B0, 0x9E8F, 0x9E8F, 0x9E8F, 0x9E8F, 0x9E8F, 0x9E8F, 0x9E8F, 0x9E8F,
    0xC658, 0x94D2, 0xA554, 0xD6DA, 0xAE93, 0x9E8F, 0xAEB0, 0xA6B0, 0x9E8F, 0x9E8F, 0x9E8F, 0x9E8F, 0x9E8F, 0x9E8F, 0x9E8F, 0x9E8F,
    0xC658, 0x94D2, 0xA554, 0xD6DA, 0xAE93, 0x9E8F, 0xAEB0, 0xA6B0, 0x9E8F, 0x9E8F, 0x9E8F, 0x9E8F, 0x9E8F, 0x9E8F, 0x9E8F, 0x9E8F,
    0xC658, 0x94D2, 0xA554, 0xD6DA, 0xAE93, 0x9E8F, 0xAEB0, 0xA6B0, 0x9E8F, 0x9E8F, 0x9E8F, 0x9E8F, 0x9E8F, 0x9E8F, 0x9E8F, 0x9E8F,
    0xCE79, 0x9D13, 0xAD75, 0xDEFB, 0xB6D4, 0x9EB1, 0xAEF2, 0xAED1, 0x9EB0, 0x9EB0, 0x9EB0, 0x9EB0, 0x9EB0, 0x9EB0, 0x9EB0, 0x9EB0
};

const short poke_mart_interior_tile_90[TILE_SIZE * TILE_SIZE] = {
    0x5ACD, 0x5ACD, 0x5ACD, 0x5ACD, 0x5ACD, 0x5ACD, 0x5ACD, 0x5ACD, 0x5ACD, 0x5ACD, 0x5ACD, 0x5ACD, 0x5ACD, 0x52AD, 0x630F, 0x9495,
    0x7BF0, 0x7BF0, 0x7BF0, 0x7BF0, 0x7BF0, 0x7BF0, 0x7BF0, 0x7BF0, 0x7BF0, 0x7BF0, 0x7BF0, 0x7BF0, 0x7BF0, 0x630E, 0x630F, 0x9495,
    0xA554, 0xA554, 0xA554, 0xA554, 0xA554, 0xA554, 0xA513, 0x9CD2, 0x9511, 0x8D30, 0x8D30, 0x8D30, 0x8D30, 0x6B8E, 0x630F, 0x9495,
    0xD6DA, 0xD6DA, 0xD6DA, 0xD6DA, 0xD6DA, 0xD6DA, 0xC657, 0xB594, 0xA611, 0x9E8F, 0x9E8F, 0x9E8F, 0x9E8F, 0x6C0D, 0x630F, 0x9495,
    0xAE93, 0xAE93, 0xAE93, 0xAE93, 0xAE93, 0xAE93, 0xB675, 0xC657, 0xA593, 0x9570, 0x962F, 0x9E8F, 0x9E8F, 0x6C0D, 0x630F, 0x9495,
    0x9E8F, 0x9E8F, 0x9E8F, 0x9E8F, 0x9E8F, 0x9E8F, 0xAE92, 0xC6B7, 0xAD94, 0x9512, 0x95D0, 0x962F, 0x9E8F, 0x6C0D, 0x630F, 0x9495,
    0xAEB0, 0xAEB0, 0xAEB0, 0xAEB0, 0xA6B0, 0x9E8F, 0x9E8F, 0xA691, 0xB675, 0xB5F6, 0x9512, 0x9570, 0x9E8F, 0x6C0D, 0x630F, 0x9495,
    0xA6B0, 0xA6B0, 0xA6B0, 0xA6B0, 0xA6B0, 0xA68F, 0x9E8F, 0x9E8F, 0xAE93, 0xB675, 0xAD94, 0x9D72, 0x958F, 0x6BCE, 0x630F, 0x9495,
    0x9E8F, 0x9E8F, 0x9E8F, 0x9E8F, 0x9E8F, 0xAEB0, 0xA6B0, 0x9E8F, 0x9E8F, 0xA691, 0xC6B7, 0xB5D6, 0x8C51, 0x632E, 0x630F, 0x9495,
    0x9E8F, 0x9E8F, 0x9E8F, 0x9E8F, 0x9E8F, 0xA68F, 0xA6B0, 0xA6B0, 0x9E8F, 0xA691, 0xC6B7, 0xB5D6, 0x8C51, 0x632E, 0x630F, 0x9495,
    0x9E8F, 0x9E8F, 0x9E8F, 0x9E8F, 0x9E8F, 0x9E8F, 0xA68F, 0xB6D1, 0xA68F, 0xA691, 0xC6B7, 0xB5D6, 0x8C51, 0x632E, 0x630F, 0x9495,
    0x9E8F, 0x9E8F, 0x9E8F, 0x9E8F, 0x9E8F, 0x9E8F, 0xA68F, 0xB6D1, 0xA68F, 0xA691, 0xC6B7, 0xB5D6, 0x8C51, 0x632E, 0x630F, 0x9495,
    0x9E8F, 0x9E8F, 0x9E8F, 0x9E8F, 0x9E8F, 0x9E8F, 0xA68F, 0xB6D1, 0xA68F, 0xA691, 0xC6B7, 0xB5D6, 0x8C51, 0x632E, 0x630F, 0x9495,
    0x9E8F, 0x9E8F, 0x9E8F, 0x9E8F, 0x9E8F, 0x9E8F, 0xA68F, 0xB6D1, 0xA68F, 0xA691, 0xC6B7, 0xB5D6, 0x8C51, 0x632E, 0x630F, 0x9495,
    0x9E8F, 0x9E8F, 0x9E8F, 0x9E8F, 0x9E8F, 0x9E8F, 0xA68F, 0xB6D1, 0xA68F, 0xA691, 0xC6B7, 0xB5D6, 0x8C51, 0x84AF, 0x7CAE, 0x73D0,
    0x9EB0, 0x9EB0, 0x9EB0, 0x9EB0, 0x9EB0, 0x9EB0, 0xA6D1, 0xB6F2, 0xA6D1, 0xA6B2, 0xCEF8, 0xBDF7, 0x9491, 0xA5D2, 0x9E11, 0x6C0E
};

const short poke_mart_interior_tile_91[TILE_SIZE * TILE_SIZE] = {
    0xAD17, 0xAD17, 0x7391, 0x6B50, 0xBDB9, 0xE6FD, 0xF79E, 0xF7BE, 0xFFDF, 0xFFDF, 0xFFDF, 0xFFDF, 0xFFDF, 0xFFDF, 0xFFDF, 0xFFDF,
    0xAD17, 0xAD17, 0x7391, 0x6B50, 0xBDB9, 0xDE9C, 0xDEDC, 0xEF5E, 0xFFDF, 0xFFDF, 0xFFDF, 0xFFDF, 0xFFDF, 0xFFDF, 0xFFDF, 0xFFDF,
    0xAD17, 0xAD17, 0x7391, 0x632F, 0xAD37, 0xC5FA, 0xC5FA, 0xD65B, 0xDEBB, 0xDEBB, 0xDEBB, 0xDEBB, 0xDEBB, 0xDEBB, 0xDEBB, 0xDEBB,
    0xAD17, 0xAD17, 0x7391, 0x630F, 0x9495, 0xAD17, 0xAD17, 0xAD17, 0xAD17, 0xAD17, 0xAD17, 0xAD17, 0xAD17, 0xAD17, 0xAD17, 0xAD17,
    0xAD17, 0xAD17, 0x7391, 0x630F, 0x9495, 0xAD17, 0xAD17, 0xAD17, 0xAD17, 0xAD17, 0xAD17, 0xAD17, 0xAD17, 0xAD17, 0xAD17, 0xAD17,
    0xAD17, 0xAD17, 0x7391, 0x630F, 0x9495, 0xAD17, 0xAD17, 0xAD17, 0xAD17, 0xAD17, 0xAD17, 0xAD17, 0xAD17, 0xAD17, 0xAD17, 0xAD17,
    0xAD17, 0xAD17, 0x7391, 0x630F, 0x9495, 0xAD17, 0xAD17, 0xAD17, 0xAD17, 0xAD17, 0xAD17, 0xAD17, 0xAD17, 0xAD17, 0xAD17, 0xAD17,
    0xAD17, 0xAD17, 0x7391, 0x630F, 0x9495, 0xAD17, 0xAD17, 0xAD17, 0xAD17, 0xAD17, 0xAD17, 0xAD17, 0xAD17, 0xAD17, 0xAD17, 0xAD17,
    0xAD17, 0xAD17, 0x7391, 0x630F, 0x9495, 0xAD17, 0xAD17, 0xAD17, 0xAD17, 0xAD17, 0xAD17, 0xAD17, 0xAD17, 0xAD17, 0xAD17, 0xAD17,
    0xAD17, 0xAD17, 0x7391, 0x630F, 0x9495, 0xAD17, 0xAD17, 0xAD17, 0xAD17, 0xAD17, 0xAD17, 0xAD17, 0xAD17, 0xAD17, 0xAD17, 0xAD17,
    0xAD17, 0xAD17, 0x7391, 0x5AEE, 0x8C13, 0x9495, 0x9495, 0x9495, 0x9495, 0x9495, 0x9495, 0x9495, 0x9495, 0x9495, 0x9495, 0x9495,
    0xAD17, 0xAD17, 0x7391, 0x528D, 0x5AEE, 0x630F, 0x630F, 0x630F, 0x630F, 0x630F, 0x630F, 0x630F, 0x630F, 0x630F, 0x630F, 0x630F,
    0xAD17, 0xAD17, 0x7391, 0x528D, 0x528D, 0x528D, 0x528D, 0x528D, 0x528D, 0x528D, 0x528D, 0x528D, 0x528D, 0x528D, 0x528D, 0x528D,
    0xAD17, 0xAD17, 0x7391, 0x528D, 0x528D, 0x528D, 0x528D, 0x528D, 0x528D, 0x528D, 0x528D, 0x528D, 0x528D, 0x528D, 0x528D, 0x528D,
    0x7391, 0x7391, 0x7390, 0x738F, 0x738F, 0x738F, 0x738F, 0x738F, 0x738F, 0x738F, 0x738F, 0x738F, 0x738F, 0x738F, 0x738F, 0x738F,
    0x634D, 0x634D, 0x7C2F, 0x8CB0, 0x8CB0, 0x8CB0, 0x8CB0, 0x8CB0, 0x8CB0, 0x8CB0, 0x8CB0, 0x8CB0, 0x8CB0, 0x8CB0, 0x8CB0, 0x8CB0
};

const short poke_mart_interior_tile_92[TILE_SIZE * TILE_SIZE] = {
    0xFFDF, 0xFFDF, 0xFFDF, 0xFFDF, 0xB5B7, 0x528D, 0x8413, 0xAD17, 0xAD17, 0x8413, 0x528D, 0xA4F6, 0xDEBC, 0xEF5D, 0xF79E, 0xFFDF,
    0xFFDF, 0xFFDF, 0xFFDF, 0xFFDF, 0xB5B7, 0x528D, 0x8413, 0xAD17, 0xAD17, 0x8413, 0x528D, 0xA4F6, 0xDE9C, 0xDEBC, 0xEF3D, 0xFFDF,
    0xDEBB, 0xDEBB, 0xDEBB, 0xDEBB, 0xA515, 0x528D, 0x8413, 0xAD17, 0xAD17, 0x8413, 0x528D, 0x9494, 0xC5FA, 0xC5FA, 0xCE3A, 0xDEBB,
    0xAD17, 0xAD17, 0xAD17, 0xAD17, 0x8413, 0x528D, 0x8413, 0xAD17, 0xAD17, 0x8413, 0x528D, 0x8413, 0xAD17, 0xAD17, 0xAD17, 0xAD17,
    0xAD17, 0xAD17, 0xAD17, 0xAD17, 0x8413, 0x528D, 0x8413, 0xAD17, 0xAD17, 0x8413, 0x528D, 0x8413, 0xAD17, 0xAD17, 0xAD17, 0xAD17,
    0xAD17, 0xAD17, 0xAD17, 0xAD17, 0x8413, 0x528D, 0x8413, 0xAD17, 0xAD17, 0x8413, 0x528D, 0x8413, 0xAD17, 0xAD17, 0xAD17, 0xAD17,
    0xAD17, 0xAD17, 0xAD17, 0xAD17, 0x8413, 0x528D, 0x8413, 0xAD17, 0xAD17, 0x8413, 0x528D, 0x8413, 0xAD17, 0xAD17, 0xAD17, 0xAD17,
    0xAD17, 0xAD17, 0xAD17, 0xAD17, 0x8413, 0x528D, 0x8413, 0xAD17, 0xAD17, 0x8413, 0x528D, 0x8413, 0xAD17, 0xAD17, 0xAD17, 0xAD17,
    0xAD17, 0xAD17, 0xAD17, 0xAD17, 0x8413, 0x528D, 0x8413, 0xAD17, 0xAD17, 0x8413, 0x528D, 0x8413, 0xAD17, 0xAD17, 0xAD17, 0xAD17,
    0xAD17, 0xAD17, 0xAD17, 0xAD17, 0x8413, 0x528D, 0x8413, 0xAD17, 0xAD17, 0x8413, 0x528D, 0x8413, 0xAD17, 0xAD17, 0xAD17, 0xAD17,
    0x9495, 0x9495, 0x9495, 0x9495, 0x7BB1, 0x528D, 0x8413, 0xAD17, 0xAD17, 0x8413, 0x528D, 0x7BB1, 0x9495, 0x9495, 0x9495, 0x9495,
    0x630F, 0x630F, 0x630F, 0x630F, 0x5ACE, 0x528D, 0x8413, 0xAD17, 0xAD17, 0x8413, 0x528D, 0x5ACE, 0x630F, 0x630F, 0x630F, 0x630F,
    0x528D, 0x528D, 0x528D, 0x528D, 0x528D, 0x528D, 0x8413, 0xAD17, 0xAD17, 0x8413, 0x528D, 0x528D, 0x528D, 0x528D, 0x528D, 0x528D,
    0x528D, 0x528D, 0x528D, 0x528D, 0x528D, 0x528D, 0x8413, 0xAD17, 0xAD17, 0x8413, 0x528D, 0x528D, 0x528D, 0x528D, 0x528D, 0x528D,
    0x738F, 0x7C6E, 0x7CEE, 0x7CEE, 0x6BED, 0x528D, 0x630F, 0x7391, 0x7391, 0x630F, 0x528D, 0x6BED, 0x7CAE, 0x73CF, 0x738F, 0x738F,
    0x8CB0, 0x95CF, 0x9E8F, 0x9E8F, 0x854F, 0x6B4F, 0x630E, 0x5AEE, 0x634F, 0x634E, 0x5B4D, 0x854E, 0x9E2F, 0x8D10, 0x8CB0, 0x8CB0
};

const short poke_mart_interior_tile_93[TILE_SIZE * TILE_SIZE] = {
    0xFFDF, 0xFFDF, 0xFFDF, 0xFFDF, 0xFFDF, 0xFFDF, 0xFFDF, 0xFFDF, 0xFFDF, 0xFFDF, 0xFFDF, 0xD6BB, 0x7390, 0x7391, 0xAD17, 0xAD17,
    0xFFDF, 0xFFDF, 0xFFDF, 0xFFDF, 0xFFDF, 0xFFDF, 0xFFDF, 0xFFDF, 0xFFDF, 0xFFDF, 0xFFDF, 0xD6BB, 0x7390, 0x7391, 0xAD17, 0xAD17,
    0xDEBB, 0xDEBB, 0xDEBB, 0xDEBB, 0xDEBB, 0xDEBB, 0xDEBB, 0xDEBB, 0xDEBB, 0xDEBB, 0xDEBB, 0xBDD8, 0x6B50, 0x7391, 0xAD17, 0xAD17,
    0xAD17, 0xAD17, 0xAD17, 0xAD17, 0xAD17, 0xAD17, 0xAD17, 0xAD17, 0xAD17, 0xAD17, 0xAD17, 0x9495, 0x630F, 0x7391, 0xAD17, 0xAD17,
    0xAD17, 0xAD17, 0xAD17, 0xAD17, 0xAD17, 0xAD17, 0xAD17, 0xAD17, 0xAD17, 0xAD17, 0xAD17, 0x9495, 0x630F, 0x7391, 0xAD17, 0xAD17,
    0xAD17, 0xAD17, 0xAD17, 0xAD17, 0xAD17, 0xAD17, 0xAD17, 0xAD17, 0xAD17, 0xAD17, 0xAD17, 0x9495, 0x630F, 0x7391, 0xAD17, 0xAD17,
    0xAD17, 0xAD17, 0xAD17, 0xAD17, 0xAD17, 0xAD17, 0xAD17, 0xAD17, 0xAD17, 0xAD17, 0xAD17, 0x9495, 0x630F, 0x7391, 0xAD17, 0xAD17,
    0xAD17, 0xAD17, 0xAD17, 0xAD17, 0xAD17, 0xAD17, 0xAD17, 0xAD17, 0xAD17, 0xAD17, 0xAD17, 0x9495, 0x630F, 0x7391, 0xAD17, 0xAD17,
    0xAD17, 0xAD17, 0xAD17, 0xAD17, 0xAD17, 0xAD17, 0xAD17, 0xAD17, 0xAD17, 0xAD17, 0xAD17, 0x9495, 0x630F, 0x7391, 0xAD17, 0xAD17,
    0xAD17, 0xAD17, 0xAD17, 0xAD17, 0xAD17, 0xAD17, 0xAD17, 0xAD17, 0xAD17, 0xAD17, 0xAD17, 0x9495, 0x630F, 0x7391, 0xAD17, 0xAD17,
    0x9495, 0x9495, 0x9495, 0x9495, 0x9495, 0x9495, 0x9495, 0x9495, 0x9495, 0x9495, 0x9495, 0x8C13, 0x5AEE, 0x7391, 0xAD17, 0xAD17,
    0x630F, 0x630F, 0x630F, 0x630F, 0x630F, 0x630F, 0x630F, 0x630F, 0x630F, 0x630F, 0x630F, 0x5AEE, 0x528D, 0x7391, 0xAD17, 0xAD17,
    0x528D, 0x528D, 0x528D, 0x528D, 0x528D, 0x528D, 0x528D, 0x528D, 0x528D, 0x528D, 0x528D, 0x528D, 0x528D, 0x7391, 0xAD17, 0xAD17,
    0x528D, 0x528D, 0x528D, 0x528D, 0x528D, 0x528D, 0x528D, 0x528D, 0x528D, 0x528D, 0x528D, 0x528D, 0x528D, 0x7391, 0xAD17, 0xAD17,
    0x738F, 0x738F, 0x738F, 0x738F, 0x738F, 0x738F, 0x738F, 0x738F, 0x738F, 0x738F, 0x738F, 0x73CF, 0x7CAE, 0x7C4F, 0x7391, 0x7391,
    0x8CB0, 0x8CB0, 0x8CB0, 0x8CB0, 0x8CB0, 0x8CB0, 0x8CB0, 0x8CB0, 0x8CB0, 0x8CB0, 0x8CB0, 0x8D10, 0x9E2F, 0x854E, 0x5B4D, 0x634E
};

const short poke_mart_interior_tile_94[TILE_SIZE * TILE_SIZE] = {
    0x9495, 0x630F, 0x528D, 0x528D, 0x8413, 0xAD17, 0xAD17, 0x8413, 0x528D, 0xA4F6, 0xDEBC, 0xEF5D, 0xF79E, 0xFFDF, 0xFFDF, 0xFFDF,
    0x9495, 0x630F, 0x528D, 0x528D, 0x8413, 0xAD17, 0xAD17, 0x8413, 0x528D, 0xA4F6, 0xDE9C, 0xDEBC, 0xEF3D, 0xFFDF, 0xFFDF, 0xFFDF,
    0x9495, 0x630F, 0x528D, 0x528D, 0x8413, 0xAD17, 0xAD17, 0x8413, 0x528D, 0x9494, 0xC5FA, 0xC5FA, 0xCE3A, 0xDEBB, 0xDEBB, 0xDEBB,
    0x9495, 0x630F, 0x528D, 0x528D, 0x8413, 0xAD17, 0xAD17, 0x8413, 0x528D, 0x8413, 0xAD17, 0xAD17, 0xAD17, 0xAD17, 0xAD17, 0xAD17,
    0x9495, 0x630F, 0x528D, 0x528D, 0x8413, 0xAD17, 0xAD17, 0x8413, 0x528D, 0x8413, 0xAD17, 0xAD17, 0xAD17, 0xAD17, 0xAD17, 0xAD17,
    0x9495, 0x630F, 0x528D, 0x528D, 0x8413, 0xAD17, 0xAD17, 0x8413, 0x528D, 0x8413, 0xAD17, 0xAD17, 0xAD17, 0xAD17, 0xAD17, 0xAD17,
    0x9495, 0x630F, 0x528D, 0x528D, 0x8413, 0xAD17, 0xAD17, 0x8413, 0x528D, 0x8413, 0xAD17, 0xAD17, 0xAD17, 0xAD17, 0xAD17, 0xAD17,
    0x9495, 0x630F, 0x528D, 0x528D, 0x8413, 0xAD17, 0xAD17, 0x8413, 0x528D, 0x8413, 0xAD17, 0xAD17, 0xAD17, 0xAD17, 0xAD17, 0xAD17,
    0x9495, 0x630F, 0x528D, 0x528D, 0x8413, 0xAD17, 0xAD17, 0x8413, 0x528D, 0x8413, 0xAD17, 0xAD17, 0xAD17, 0xAD17, 0xAD17, 0xAD17,
    0x9495, 0x630F, 0x528D, 0x528D, 0x8413, 0xAD17, 0xAD17, 0x8413, 0x528D, 0x8413, 0xAD17, 0xAD17, 0xAD17, 0xAD17, 0xAD17, 0xAD17,
    0x9495, 0x630F, 0x528D, 0x528D, 0x8413, 0xAD17, 0xAD17, 0x8413, 0x528D, 0x7BB1, 0x9495, 0x9495, 0x9495, 0x9495, 0x9495, 0x9495,
    0x9495, 0x630F, 0x528D, 0x528D, 0x8413, 0xAD17, 0xAD17, 0x8413, 0x528D, 0x5ACE, 0x630F, 0x630F, 0x630F, 0x630F, 0x630F, 0x630F,
    0x9495, 0x630F, 0x528D, 0x528D, 0x8413, 0xAD17, 0xAD17, 0x8413, 0x528D, 0x528D, 0x528D, 0x528D, 0x528D, 0x528D, 0x528D, 0x528D,
    0x9495, 0x630F, 0x528D, 0x528D, 0x8413, 0xAD17, 0xAD17, 0x8413, 0x528D, 0x528D, 0x528D, 0x528D, 0x528D, 0x528D, 0x528D, 0x528D,
    0x73D0, 0x7CAE, 0x7CEE, 0x7CEE, 0x740F, 0x7391, 0x7391, 0x7390, 0x738F, 0x738F, 0x738F, 0x738F, 0x738F, 0x738F, 0x738F, 0x738F,
    0x73EF, 0x8D8F, 0x9E50, 0xA691, 0x7C8E, 0x5B4D, 0x634D, 0x73EE, 0x8CB0, 0x8CB0, 0x8CB0, 0x8CB0, 0x8CB0, 0x8CB0, 0x8CB0, 0x8CB0
};

const short poke_mart_interior_tile_95[TILE_SIZE * TILE_SIZE] = {
    0xFFDF, 0xFFDF, 0xFFDF, 0xFFDF, 0xFFDF, 0xFFDF, 0xFFDF, 0xFFDF, 0xFFDF, 0xD6BB, 0x7390, 0x7391, 0xAD17, 0xAD17, 0x9495, 0x630F,
    0xFFDF, 0xFFDF, 0xFFDF, 0xFFDF, 0xFFDF, 0xFFDF, 0xFFDF, 0xFFDF, 0xFFDF, 0xD6BB, 0x7390, 0x7391, 0xAD17, 0xAD17, 0x9495, 0x630F,
    0xDEBB, 0xDEBB, 0xDEBB, 0xDEBB, 0xDEBB, 0xDEBB, 0xDEBB, 0xDEBB, 0xDEBB, 0xBDD8, 0x6B50, 0x7391, 0xAD17, 0xAD17, 0x9495, 0x630F,
    0xAD17, 0xAD17, 0xAD17, 0xAD17, 0xAD17, 0xAD17, 0xAD17, 0xAD17, 0xAD17, 0x9495, 0x630F, 0x7391, 0xAD17, 0xAD17, 0x9495, 0x630F,
    0xAD17, 0xAD17, 0xAD17, 0xAD17, 0xAD17, 0xAD17, 0xAD17, 0xAD17, 0xAD17, 0x9495, 0x630F, 0x7391, 0xAD17, 0xAD17, 0x9495, 0x630F,
    0xAD17, 0xAD17, 0xAD17, 0xAD17, 0xAD17, 0xAD17, 0xAD17, 0xAD17, 0xAD17, 0x9495, 0x630F, 0x7391, 0xAD17, 0xAD17, 0x9495, 0x630F,
    0xAD17, 0xAD17, 0xAD17, 0xAD17, 0xAD17, 0xAD17, 0xAD17, 0xAD17, 0xAD17, 0x9495, 0x630F, 0x7391, 0xAD17, 0xAD17, 0x9495, 0x630F,
    0xAD17, 0xAD17, 0xAD17, 0xAD17, 0xAD17, 0xAD17, 0xAD17, 0xAD17, 0xAD17, 0x9495, 0x630F, 0x7391, 0xAD17, 0xAD17, 0x9495, 0x630F,
    0xAD17, 0xAD17, 0xAD17, 0xAD17, 0xAD17, 0xAD17, 0xAD17, 0xAD17, 0xAD17, 0x9495, 0x630F, 0x7391, 0xAD17, 0xAD17, 0x9495, 0x630F,
    0xAD17, 0xAD17, 0xAD17, 0xAD17, 0xAD17, 0xAD17, 0xAD17, 0xAD17, 0xAD17, 0x9495, 0x630F, 0x7391, 0xAD17, 0xAD17, 0x9495, 0x630F,
    0x9495, 0x9495, 0x9495, 0x9495, 0x9495, 0x9495, 0x9495, 0x9495, 0x9495, 0x8C13, 0x5AEE, 0x7391, 0xAD17, 0xAD17, 0x9495, 0x630F,
    0x630F, 0x630F, 0x630F, 0x630F, 0x630F, 0x630F, 0x630F, 0x630F, 0x630F, 0x5AEE, 0x528D, 0x7391, 0xAD17, 0xAD17, 0x9495, 0x630F,
    0x528D, 0x528D, 0x528D, 0x528D, 0x528D, 0x528D, 0x528D, 0x528D, 0x528D, 0x528D, 0x528D, 0x7391, 0xAD17, 0xAD17, 0x9495, 0x630F,
    0x528D, 0x528D, 0x528D, 0x528D, 0x528D, 0x528D, 0x528D, 0x528D, 0x528D, 0x528D, 0x528D, 0x7391, 0xAD17, 0xAD17, 0x9495, 0x630F,
    0x738F, 0x738F, 0x738F, 0x738F, 0x738F, 0x738F, 0x740E, 0x7CEE, 0x7CEE, 0x746E, 0x5AED, 0x5AEE, 0x7391, 0x7391, 0x6B50, 0x52AD,
    0x8CB0, 0x8CB0, 0x8CB0, 0x8CB0, 0x8CB0, 0x8CB0, 0x9570, 0x9E8F, 0x9E8F, 0x8DEF, 0x73EF, 0x632E, 0x5ACD, 0x632E, 0x634F, 0x634D
};

const short poke_mart_interior_tile_96[TILE_SIZE * TILE_SIZE] = {
    0x8413, 0xDE9C, 0xE71D, 0xF79E, 0xF7BE, 0xFFDF, 0xFFDF, 0xFFDF, 0xFFDF, 0xFFDF, 0xFFDF, 0xFFDF, 0xFFDF, 0xFFDF, 0xFFDF, 0xFFDF,
    0x8413, 0xDE9C, 0xDEBC, 0xE6FD, 0xF79E, 0xFFDF, 0xFFDF, 0xFFDF, 0xFFDF, 0xFFDF, 0xFFDF, 0xFFDF, 0xFFDF, 0xFFDF, 0xFFDF, 0xFFDF,
    0x7BD2, 0xC5FA, 0xC5FA, 0xCE1A, 0xD69B, 0xDEBB, 0xDEBB, 0xDEBB, 0xDEBB, 0xDEBB, 0xDEBB, 0xDEBB, 0xDEBB, 0xDEBB, 0xDEBB, 0xDEBB,
    0x7391, 0xAD17, 0xAD17, 0xAD17, 0xAD17, 0xAD17, 0xAD17, 0xAD17, 0xAD17, 0xAD17, 0xAD17, 0xAD17, 0xAD17, 0xAD17, 0xAD17, 0xAD17,
    0x7391, 0xAD17, 0xAD17, 0xAD17, 0xAD17, 0xAD17, 0xAD17, 0xAD17, 0xAD17, 0xAD17, 0xAD17, 0xAD17, 0xAD17, 0xAD17, 0xAD17, 0xAD17,
    0x7391, 0xAD17, 0xAD17, 0xAD17, 0xAD17, 0xAD17, 0xAD17, 0xAD17, 0xAD17, 0xAD17, 0xAD17, 0xAD17, 0xAD17, 0xAD17, 0xAD17, 0xAD17,
    0x7391, 0xAD17, 0xAD17, 0xAD17, 0xAD17, 0xAD17, 0xAD17, 0xAD17, 0xAD17, 0xAD17, 0xAD17, 0xAD17, 0xAD17, 0xAD17, 0xAD17, 0xAD17,
    0x7391, 0xAD17, 0xAD17, 0xAD17, 0xAD17, 0xAD17, 0xAD17, 0xAD17, 0xAD17, 0xAD17, 0xAD17, 0xAD17, 0xAD17, 0xAD17, 0xAD17, 0xAD17,
    0x7391, 0xAD17, 0xAD17, 0xAD17, 0xAD17, 0xAD17, 0xAD17, 0xAD17, 0xAD17, 0xAD17, 0xAD17, 0xAD17, 0xAD17, 0xAD17, 0xAD17, 0xAD17,
    0x7391, 0xAD17, 0xAD17, 0xAD17, 0xAD17, 0xAD17, 0xAD17, 0xAD17, 0xAD17, 0xAD17, 0xAD17, 0xAD17, 0xAD17, 0xAD17, 0xAD17, 0xAD17,
    0x6B50, 0x9495, 0x9495, 0x9495, 0x9495, 0x9495, 0x9495, 0x9495, 0x9495, 0x9495, 0x9495, 0x9495, 0x9495, 0x9495, 0x9495, 0x9495,
    0x52AD, 0x630F, 0x630F, 0x630F, 0x630F, 0x630F, 0x630F, 0x630F, 0x630F, 0x630F, 0x630F, 0x630F, 0x630F, 0x630F, 0x630F, 0x630F,
    0x528D, 0x528D, 0x528D, 0x528D, 0x528D, 0x528D, 0x528D, 0x528D, 0x528D, 0x528D, 0x528D, 0x528D, 0x528D, 0x528D, 0x528D, 0x528D,
    0x528D, 0x528D, 0x528D, 0x528D, 0x528D, 0x528D, 0x528D, 0x528D, 0x528D, 0x528D, 0x528D, 0x528D, 0x528D, 0x528D, 0x528D, 0x528D,
    0x636D, 0x7CEE, 0x740E, 0x738F, 0x738F, 0x738F, 0x738F, 0x738F, 0x738F, 0x738F, 0x738F, 0x738F, 0x738F, 0x738F, 0x738F, 0x738F,
    0x748E, 0x9E8F, 0x9570, 0x8CB0, 0x8CB0, 0x8CB0, 0x8CB0, 0x8CB0, 0x8CB0, 0x8CB0, 0x8CB0, 0x8CB0, 0x8CB0, 0x8CB0, 0x8CB0, 0x8CB0
};

const short poke_mart_interior_tile_97[TILE_SIZE * TILE_SIZE] = {
    0xFFDF, 0x9494, 0x630F, 0x9495, 0xAD17, 0xAD17, 0x7391, 0x528D, 0x5ACD, 0x5ACD, 0x5ACD, 0x5ACD, 0x5ACD, 0x5ACD, 0x5ACD, 0x5ACD,
    0xFFDF, 0x9494, 0x630F, 0x9495, 0xAD17, 0xAD17, 0x7391, 0x5ACD, 0x73AF, 0x7BF0, 0x7BF0, 0x7BF0, 0x7BF0, 0x7BF0, 0x7BF0, 0x7BF0,
    0xDEBB, 0x8432, 0x630F, 0x9495, 0xAD17, 0xAD17, 0x7391, 0x5B0D, 0x84AF, 0x8D30, 0x8D30, 0x8C90, 0x8C71, 0x9D13, 0xA554, 0xA554,
    0xAD17, 0x7391, 0x630F, 0x9495, 0xAD17, 0xAD17, 0x7391, 0x5B4D, 0x8DAE, 0x9E8F, 0x9E8F, 0x8D30, 0x94D2, 0xC658, 0xD6DA, 0xD6DA,
    0xAD17, 0x7391, 0x630F, 0x9495, 0xAD17, 0xAD17, 0x7391, 0x5B4D, 0x8DAE, 0x95EF, 0x8D30, 0xA593, 0xB5F5, 0xAE74, 0xAE93, 0xAE93,
    0xAD17, 0x7391, 0x630F, 0x9495, 0xAD17, 0xAD17, 0x7391, 0x5B2D, 0x854E, 0x9590, 0x94D2, 0xB5F5, 0xBEB6, 0xA690, 0x9E8F, 0x9E8F,
    0xAD17, 0x7391, 0x630F, 0x9495, 0xAD17, 0xAD17, 0x7391, 0x5AED, 0x7C4F, 0xA553, 0xC658, 0xAE74, 0xA690, 0x9E8F, 0xA68F, 0xAEB0,
    0xAD17, 0x7391, 0x630F, 0x9495, 0xAD17, 0xAD17, 0x7391, 0x630E, 0x94B3, 0xADD5, 0xBEB5, 0xA691, 0x9E8F, 0xA68F, 0xA6B0, 0xA6B0,
    0xAD17, 0x7391, 0x630F, 0x9495, 0xAD17, 0xAD17, 0x7391, 0x6B4F, 0xB5F7, 0xBEB5, 0x9E8F, 0x9E8F, 0x9E8F, 0xAEB0, 0xA6B0, 0x9E8F,
    0xAD17, 0x7391, 0x630F, 0x9495, 0xAD17, 0xAD17, 0x7391, 0x6B4F, 0xB5F7, 0xBEB5, 0x9E8F, 0xA68F, 0xA6B0, 0xA68F, 0x9E8F, 0x9E8F,
    0x9495, 0x6B50, 0x630F, 0x9495, 0xAD17, 0xAD17, 0x7391, 0x6B4F, 0xB5F7, 0xB694, 0x8E2D, 0x9E4E, 0x9E6E, 0x964D, 0x964D, 0x9E8F,
    0x630F, 0x52AD, 0x630F, 0x9495, 0xAD17, 0xAD17, 0x7391, 0x6B4F, 0xB5F7, 0xAE32, 0x7547, 0x7547, 0x7547, 0x7547, 0x85CA, 0x9E8F,
    0x528D, 0x528D, 0x630F, 0x9495, 0xAD17, 0xAD17, 0x7391, 0x6B4F, 0xB5F7, 0xA5B2, 0x5C08, 0x7D29, 0x8DEA, 0x8DEA, 0x858B, 0x7CEE,
    0x528D, 0x528D, 0x630F, 0x9495, 0xAD17, 0xAD17, 0x7391, 0x6B4F, 0xB5F7, 0x9D14, 0x528D, 0x9550, 0xC752, 0xC752, 0x9550, 0x528D,
    0x738F, 0x7C6E, 0x7CAE, 0x73D0, 0x7391, 0x7391, 0x7C4F, 0x8D50, 0xBE77, 0x9D14, 0x528D, 0x9550, 0xC752, 0xC752, 0xAE91, 0x9550,
    0x8CB0, 0x95CF, 0x95EF, 0x6BED, 0x634E, 0x6B4F, 0x84EF, 0xA631, 0xC6B7, 0xA575, 0x5B4D, 0x8D0F, 0xAE91, 0xBF11, 0xBF31, 0xBF10
};

const short poke_mart_interior_tile_98[TILE_SIZE * TILE_SIZE] = {
    0x5ACD, 0x5ACD, 0x5ACD, 0x5ACD, 0x5ACD, 0x52AD, 0x5ACD, 0x73AF, 0x8410, 0x8C51, 0x8C51, 0x8C51, 0x8C51, 0x94B2, 0xAD53, 0xBE16,
    0x7BF0, 0x7BF0, 0x7BF0, 0x7BF0, 0x7BF0, 0x630E, 0x528D, 0x5ACD, 0x6B6F, 0x8C51, 0x8C51, 0x8C51, 0x8C51, 0x8C51, 0x9491, 0xA553,
    0xA554, 0xA554, 0xA554, 0xA554, 0xA554, 0x7C11, 0x630E, 0x52AD, 0x5AEE, 0x738F, 0x7BF0, 0x8C51, 0x8C51, 0x8C51, 0x8C51, 0x94B2,
    0xD6DA, 0xD6DA, 0xD6DA, 0xD6DA, 0xD6DA, 0xA554, 0x7BF0, 0x5ACD, 0x528D, 0x528D, 0x738F, 0x8C51, 0x8C51, 0x8C51, 0x8C51, 0x8C51,
    0xAE93, 0xAE93, 0xAE93, 0xAE93, 0xAE93, 0x9E11, 0x8D2F, 0x7BEF, 0x632E, 0x528D, 0x5AEE, 0x6B6F, 0x8410, 0x8C51, 0x8C51, 0x8C51,
    0x9E8F, 0x9E8F, 0x9E8F, 0x9E8F, 0x9E8F, 0x9E8F, 0x962F, 0x8D10, 0x7BEF, 0x5ACD, 0x52AD, 0x5ACD, 0x73AF, 0x8410, 0x8C51, 0x8C51,
    0xAEB0, 0xAEB0, 0xAEB0, 0xAEB0, 0xAEB0, 0xA68F, 0x966F, 0x962F, 0x8D2F, 0x7BF0, 0x630E, 0x528D, 0x5ACD, 0x6B6F, 0x8C51, 0x8C51,
    0xA6B0, 0xA68F, 0x962D, 0x960C, 0x960C, 0x964D, 0x9E8F, 0x9E8F, 0x95EF, 0x8D30, 0x73EF, 0x630E, 0x52AD, 0x5AEE, 0x738F, 0x7BF0,
    0x9E8F, 0x8E2D, 0x7547, 0x6D05, 0x6D05, 0x85EB, 0x9E8F, 0x9E8F, 0x9E8F, 0x9E8F, 0x8D30, 0x7BF0, 0x5ACD, 0x528D, 0x528D, 0x738F,
    0x9E8F, 0x8E2D, 0x7547, 0x7D88, 0x9E4C, 0x850D, 0x748E, 0x8E0E, 0x9E8F, 0x9E8F, 0x95EF, 0x8D2F, 0x7BEF, 0x632E, 0x528D, 0x5AEE,
    0x9E8F, 0x8E0D, 0x6CE8, 0x8D8B, 0xC752, 0x8CEF, 0x6BEE, 0x854E, 0x8E0E, 0x9E8F, 0x9E8F, 0x960E, 0x84CE, 0x73CD, 0x530B, 0x530B,
    0x9E8F, 0x8DCE, 0x63AC, 0x84AE, 0xC752, 0xB6B1, 0x9DB0, 0x6BEE, 0x748E, 0x9E8F, 0x9E8F, 0x962D, 0x7528, 0x6CA7, 0x6486, 0x6486,
    0x7CEE, 0x74AD, 0x63CA, 0x850D, 0xC752, 0xC752, 0xAE90, 0x7C8C, 0x744C, 0x7CEE, 0x7CEE, 0x7D0D, 0x8DAB, 0x8DEA, 0x8DEA, 0x74C9,
    0x528D, 0x530B, 0x6486, 0x8DEA, 0xC752, 0xC752, 0xBF10, 0xA64A, 0x7C8A, 0x528D, 0x528D, 0x636E, 0xAE51, 0xC752, 0xC752, 0x7C6F,
    0x84EC, 0x74A9, 0x6CE6, 0x8DEA, 0xC752, 0xB6CE, 0xA66B, 0x9E09, 0x7C8A, 0x528D, 0x7C2E, 0x9DB0, 0xB6F1, 0xC752, 0xC752, 0x7C6F,
    0xA66B, 0x8DC8, 0x7525, 0x8DC9, 0xBF10, 0xA66B, 0x9E09, 0x9E09, 0x7CCA, 0x530B, 0x956E, 0xBF10, 0xBF31, 0xB6F1, 0xAE51, 0x7C8E
};

const short poke_mart_interior_tile_99[TILE_SIZE * TILE_SIZE] = {
    0xCE37, 0xCD52, 0x7AEA, 0x0000, 0x0000, 0x0000, 0x0000, 0x0000, 0x0000, 0x0000, 0x0000, 0x0000, 0x0000, 0x0000, 0x0000, 0x0000,
    0xBDD5, 0xCE37, 0x7BCE, 0x0000, 0x0000, 0x0000, 0x0000, 0x0000, 0x0000, 0x0000, 0x0000, 0x0000, 0x0000, 0x0000, 0x0000, 0x0000,
    0xA533, 0xAD95, 0x6B6D, 0x0000, 0x0000, 0x0000, 0x0000, 0x0000, 0x0000, 0x0000, 0x0000, 0x0000, 0x0000, 0x0000, 0x0000, 0x0000,
    0x8C51, 0x8C51, 0x528A, 0x0000, 0x0000, 0x0000, 0x0000, 0x0000, 0x0000, 0x0000, 0x0000, 0x0000, 0x0000, 0x0000, 0x0000, 0x0000,
    0x8C51, 0x8C51, 0x528A, 0x0000, 0x0000, 0x0000, 0x0000, 0x0000, 0x0000, 0x0000, 0x0000, 0x0000, 0x0000, 0x0000, 0x0000, 0x0000,
    0x8C51, 0x8C51, 0x528A, 0x0000, 0x0000, 0x0000, 0x0000, 0x0000, 0x0000, 0x0000, 0x0000, 0x0000, 0x0000, 0x0000, 0x0000, 0x0000,
    0x8C51, 0x8C51, 0x528A, 0x0000, 0x0000, 0x0000, 0x0000, 0x0000, 0x0000, 0x0000, 0x0000, 0x0000, 0x0000, 0x0000, 0x0000, 0x0000,
    0x8C51, 0x8C51, 0x528A, 0x0000, 0x0000, 0x0000, 0x0000, 0x0000, 0x0000, 0x0000, 0x0000, 0x0000, 0x0000, 0x0000, 0x0000, 0x0000,
    0x8C51, 0x8C51, 0x528A, 0x0000, 0x0000, 0x0000, 0x0000, 0x0000, 0x0000, 0x0000, 0x0000, 0x0000, 0x0000, 0x0000, 0x0000, 0x0000,
    0x6B6F, 0x8410, 0x528A, 0x0000, 0x0000, 0x0000, 0x0000, 0x0000, 0x0000, 0x0000, 0x0000, 0x0000, 0x0000, 0x0000, 0x0000, 0x0000,
    0x5B2C, 0x73AF, 0x4A49, 0x0000, 0x0000, 0x0000, 0x0000, 0x0000, 0x0000, 0x0000, 0x0000, 0x0000, 0x0000, 0x0000, 0x0000, 0x0000,
    0x6428, 0x5B2C, 0x31A8, 0x0000, 0x0000, 0x0000, 0x0000, 0x0000, 0x0000, 0x0000, 0x0000, 0x0000, 0x0000, 0x0000, 0x0000, 0x0000,
    0x5BA9, 0x52CC, 0x3187, 0x0000, 0x0000, 0x0000, 0x0000, 0x0000, 0x0000, 0x0000, 0x0000, 0x0000, 0x0000, 0x0000, 0x0000, 0x0000,
    0x528D, 0x528D, 0x3187, 0x0000, 0x0000, 0x0000, 0x0000, 0x0000, 0x0000, 0x0000, 0x0000, 0x0000, 0x0000, 0x0000, 0x0000, 0x0000,
    0x52AD, 0x6B4E, 0x4229, 0x0000, 0x0000, 0x0000, 0x0000, 0x0000, 0x0000, 0x0000, 0x0000, 0x0000, 0x0000, 0x0000, 0x0000, 0x0000,
    0x6B8E, 0x8C71, 0x5ACB, 0x0000, 0x0000, 0x0000, 0x0000, 0x0000, 0x0000, 0x0000, 0x0000, 0x0000, 0x0000, 0x0000, 0x0000, 0x0000
};

const short poke_mart_interior_tile_100[TILE_SIZE * TILE_SIZE] = {
    0x0000, 0x0000, 0x0000, 0x0000, 0x0000, 0x0000, 0x0000, 0x0000, 0x0000, 0x0000, 0x0000, 0x0000, 0x0000, 0x73CE, 0xBE56, 0xA670,
    0x0000, 0x0000, 0x0000, 0x0000, 0x0000, 0x0000, 0x0000, 0x0000, 0x0000, 0x0000, 0x0000, 0x0000, 0x0000, 0x7C0F, 0xC6B7, 0xA691,
    0x0000, 0x0000, 0x0000, 0x0000, 0x0000, 0x0000, 0x0000, 0x0000, 0x0000, 0x0000, 0x0000, 0x0000, 0x0000, 0x7C0F, 0xC6B7, 0xA691,
    0x0000, 0x0000, 0x0000, 0x0000, 0x0000, 0x0000, 0x0000, 0x0000, 0x0000, 0x0000, 0x0000, 0x0000, 0x0000, 0x7C0F, 0xC6B7, 0xA691,
    0x0000, 0x0000, 0x0000, 0x0000, 0x0000, 0x0000, 0x0000, 0x0000, 0x0000, 0x0000, 0x0000, 0x0000, 0x0000, 0x7C0F, 0xC6B7, 0xA691,
    0x0000, 0x0000, 0x0000, 0x0000, 0x0000, 0x0000, 0x0000, 0x0000, 0x0000, 0x0000, 0x0000, 0x0000, 0x0000, 0x7C0F, 0xC6B7, 0xA691,
    0x0000, 0x0000, 0x0000, 0x0000, 0x0000, 0x0000, 0x0000, 0x0000, 0x0000, 0x0000, 0x0000, 0x0000, 0x0000, 0x6B6D, 0xB5F5, 0xAE74,
    0x0000, 0x0000, 0x0000, 0x0000, 0x0000, 0x0000, 0x0000, 0x0000, 0x0000, 0x0000, 0x0000, 0x0000, 0x0000, 0x528A, 0x94D2, 0xC658,
    0x0000, 0x0000, 0x0000, 0x0000, 0x0000, 0x0000, 0x0000, 0x0000, 0x0000, 0x0000, 0x0000, 0x0000, 0x0000, 0x5B69, 0x9590, 0xA553,
    0x0000, 0x0000, 0x0000, 0x0000, 0x0000, 0x0000, 0x0000, 0x0000, 0x0000, 0x0000, 0x0000, 0x0000, 0x0000, 0x5BE9, 0x962F, 0x8D10,
    0x0000, 0x0000, 0x0000, 0x0000, 0x0000, 0x0000, 0x0000, 0x0000, 0x0000, 0x0000, 0x0000, 0x0000, 0x0000, 0x5BE9, 0x966F, 0x962F,
    0x0000, 0x0000, 0x0000, 0x0000, 0x0000, 0x0000, 0x0000, 0x0000, 0x0000, 0x0000, 0x0000, 0x0000, 0x0000, 0x5BE9, 0x9E8F, 0x9E8F,
    0x0000, 0x0000, 0x0000, 0x0000, 0x0000, 0x0000, 0x0000, 0x0000, 0x0000, 0x0000, 0x0000, 0x0000, 0x0000, 0x5BE9, 0x9E8F, 0x9E8F,
    0x0000, 0x0000, 0x0000, 0x0000, 0x0000, 0x0000, 0x0000, 0x0000, 0x0000, 0x0000, 0x0000, 0x0000, 0x0000, 0x5BE9, 0x9E8F, 0x9E8F,
    0x0000, 0x0000, 0x0000, 0x0000, 0x0000, 0x0000, 0x0000, 0x0000, 0x0000, 0x0000, 0x0000, 0x0000, 0x0000, 0x5BE9, 0x966F, 0x962F,
    0x0000, 0x0000, 0x0000, 0x0000, 0x0000, 0x0000, 0x0000, 0x0000, 0x0000, 0x0000, 0x0000, 0x0000, 0x0000, 0x5BE9, 0x962F, 0x8D10
};

const short poke_mart_interior_tile_101[TILE_SIZE * TILE_SIZE] = {
    0xA68F, 0xAEB0, 0xA68F, 0x9E8F, 0x9E8F, 0x9E8F, 0x9E8F, 0x9E8F, 0x9E8F, 0x9E8F, 0x9E8F, 0x9E8F, 0x9E8F, 0x9E8F, 0x9E8F, 0x9E8F,
    0xA68F, 0xB6D1, 0xA68F, 0x9E8F, 0x9E8F, 0x9E8F, 0x9E8F, 0x9E8F, 0x9E8F, 0x9E8F, 0x9E8F, 0x9E8F, 0x9E8F, 0x9E8F, 0x9E8F, 0x9E8F,
    0xA68F, 0xB6D1, 0xA68F, 0x9E8F, 0x9E8F, 0x9E8F, 0x9E8F, 0x9E8F, 0x9E8F, 0x9E8F, 0x9E8F, 0x9E8F, 0x9E8F, 0x9E8F, 0x9E8F, 0x9E8F,
    0xA68F, 0xB6D1, 0xA68F, 0x9E8F, 0x9E8F, 0x9E8F, 0x9E8F, 0x9E8F, 0x9E8F, 0x9E8F, 0x9E8F, 0x9E8F, 0x9E8F, 0x9E8F, 0x9E8F, 0x9E8F,
    0xA68F, 0xAEB0, 0xA68F, 0x9E8F, 0x9E8F, 0x9E8F, 0x9E8F, 0x9E8F, 0x9E8F, 0x9E8F, 0x9E8F, 0x9E8F, 0x9E8F, 0x9E8F, 0x9E8F, 0x9E8F,
    0x9E8F, 0x9E8F, 0xA6B0, 0xA6B0, 0x9E8F, 0x9E8F, 0x9E8F, 0x9E8F, 0x9E8F, 0x9E8F, 0x9E8F, 0x9E8F, 0x9E8F, 0x9E8F, 0x9E8F, 0xA68F,
    0xA691, 0x9E8F, 0xA68F, 0xA6B0, 0xA68F, 0xA68F, 0xA68F, 0xA68F, 0xA68F, 0xA68F, 0xA68F, 0xA68F, 0xA68F, 0xA68F, 0xA68F, 0xA6B0,
    0xBEB5, 0x9E8F, 0x9E8F, 0x9E8F, 0xAEB0, 0xB6D1, 0xB6D1, 0xB6D1, 0xB6D1, 0xB6D1, 0xB6D1, 0xB6D1, 0xB6D1, 0xB6D1, 0xB6D1, 0xA6B0,
    0xADD5, 0xBEB5, 0xA691, 0x9E8F, 0xA68F, 0xA68F, 0xA68F, 0xA68F, 0xA68F, 0xA68F, 0xA68F, 0xA68F, 0xA68F, 0xA68F, 0xA68F, 0x9E8F,
    0xA553, 0xC658, 0xAE74, 0xA691, 0xA691, 0xA691, 0xA691, 0xA691, 0xA691, 0xA691, 0xA691, 0xA691, 0xA691, 0xA691, 0xA691, 0xA691,
    0x9590, 0x94D2, 0xB5F5, 0xC6B7, 0xC6B7, 0xC6B7, 0xC6B7, 0xC6B7, 0xC6B7, 0xC6B7, 0xC6B7, 0xC6B7, 0xC6B7, 0xC6B7, 0xC6B7, 0xC6B7,
    0x95EF, 0x8D30, 0xA593, 0xB5D6, 0xB5D6, 0xB5D6, 0xB5D6, 0xB5D6, 0xB5D6, 0xB5D6, 0xB5D6, 0xB5D6, 0xB5D6, 0xB5D6, 0xB5D6, 0xB5D6,
    0x9E8F, 0x9E8F, 0x8D30, 0x8C51, 0x8C51, 0x8C51, 0x8C51, 0x8C51, 0x8C51, 0x8C51, 0x8C51, 0x8C51, 0x8C51, 0x8C51, 0x8C51, 0x8C51,
    0x95EF, 0x8D30, 0xA593, 0xB5D6, 0xB5D6, 0xB5D6, 0xB5D6, 0xB5D6, 0xB5D6, 0xB5D6, 0xB5D6, 0xB5D6, 0xB5D6, 0xB5D6, 0xB5D6, 0xB5D6,
    0x9590, 0x94D2, 0xB5F5, 0xC6B7, 0xC6B7, 0xC6B7, 0xC6B7, 0xC6B7, 0xC6B7, 0xC6B7, 0xC6B7, 0xC6B7, 0xC6B7, 0xC6B7, 0xC6B7, 0xC6B7,
    0xA553, 0xC658, 0xAE74, 0xA691, 0xA691, 0xA691, 0xA691, 0xA691, 0xA691, 0xA691, 0xA691, 0xA691, 0xA691, 0xA691, 0xA691, 0xA691
};

const short poke_mart_interior_tile_102[TILE_SIZE * TILE_SIZE] = {
    0x9E8F, 0xA6B0, 0xAEB0, 0x9E8F, 0xAE93, 0xD6DA, 0xA554, 0x9CF3, 0xDEFB, 0xCF7A, 0x9F15, 0xB777, 0xBF77, 0xA736, 0x9F15, 0x9F15,
    0x9E8F, 0xA6B0, 0xAEB0, 0x9E8F, 0xAE93, 0xD6DA, 0xA554, 0x9CF3, 0xE71C, 0xD79B, 0xA757, 0xBF98, 0xC7B9, 0xAF57, 0xA757, 0xA757,
    0x9E8F, 0xA6B0, 0xAEB0, 0x9E8F, 0xAE93, 0xD6DA, 0xA554, 0x9CF3, 0xE71C, 0xD79B, 0xA757, 0xBF98, 0xC7B9, 0xAF57, 0xA757, 0xA757,
    0x9E8F, 0xA6B0, 0xAEB0, 0x9E8F, 0xAE93, 0xD6DA, 0xA554, 0x9CF3, 0xE71C, 0xD79B, 0xA757, 0xBF98, 0xC7B9, 0xAF57, 0xA757, 0xA757,
    0x9E8F, 0xA6B0, 0xA6B0, 0x9E8F, 0xAE93, 0xD6DA, 0xA554, 0x9CF3, 0xE71C, 0xD79B, 0xA757, 0xB798, 0xBF99, 0xAF78, 0xA757, 0xA757,
    0xAEB0, 0xA68F, 0x9E8F, 0x9E8F, 0xAE93, 0xD6DA, 0xA554, 0x9CF3, 0xE71C, 0xD79B, 0xA757, 0xA757, 0xAF78, 0xBF99, 0xB798, 0xA757,
    0xA6B0, 0x9E8F, 0x9E8F, 0xAE92, 0xB654, 0xB5D6, 0x9D72, 0x9D92, 0xCE98, 0xD71A, 0xC77A, 0xAF58, 0xA757, 0xB798, 0xB798, 0xB778,
    0x9E8F, 0x9E8F, 0xA691, 0xC6B7, 0xB5D6, 0x8C51, 0x958F, 0x9E50, 0xADB3, 0xCE78, 0xFFDF, 0xC77A, 0xA757, 0xA757, 0xB778, 0xCFDA,
    0x9E8F, 0xAE93, 0xB675, 0xAD94, 0x9D72, 0x958F, 0x962F, 0x9E90, 0xA694, 0xB696, 0xCE78, 0xD71A, 0xCF9A, 0xAF58, 0xA757, 0xB778,
    0xA691, 0xB675, 0xB5F6, 0x9512, 0x9570, 0x9E8F, 0x9E8F, 0x9EB0, 0x9F15, 0xA6B6, 0xADD4, 0xD6B9, 0xDF5C, 0xBF59, 0xB758, 0xB758,
    0xC6B7, 0xAD94, 0x9512, 0x95D0, 0x962F, 0x9E8F, 0x9E8F, 0x9EB0, 0x9F15, 0xA736, 0xA6F6, 0xB656, 0xC657, 0xDF5C, 0xE7BD, 0xE7BD,
    0xB5D6, 0x9D72, 0x9570, 0x962F, 0x9E8F, 0x9E8F, 0x9E8F, 0x9EB0, 0x9F15, 0xA757, 0xA757, 0xA6B5, 0xB656, 0xD6B9, 0xDEDA, 0xDEDA,
    0x8C51, 0x958F, 0x9E8F, 0x9E8F, 0x9E8F, 0x9E8F, 0x9E8F, 0x9EB0, 0x9F15, 0xA757, 0xA757, 0xA757, 0xA6F6, 0xADD4, 0xB594, 0xB594,
    0xB5D6, 0xADD3, 0xA611, 0x9E6F, 0x9E8F, 0x9E8F, 0x9E8F, 0x9EB0, 0x9F15, 0xA757, 0xA757, 0xA6B5, 0xB656, 0xD6B9, 0xDEDA, 0xDEDA,
    0xC6B7, 0xBE36, 0xB5D4, 0x9E10, 0x962F, 0x9E8F, 0x9E8F, 0x9EB0, 0x9F15, 0xA736, 0xA6F6, 0xB656, 0xC657, 0xDF5C, 0xE7BD, 0xE7BD,
    0xA691, 0xBE95, 0xBE37, 0x9D12, 0x9570, 0x9E8F, 0x9E8F, 0x9EB0, 0x9F15, 0xA6B6, 0xADD4, 0xD6B9, 0xDF5C, 0xBF59, 0xB758, 0xB758
};

const short poke_mart_interior_tile_103[TILE_SIZE * TILE_SIZE] = {
    0x9F15, 0x9F15, 0x9F15, 0x9F15, 0x9F15, 0x9F15, 0x9F15, 0x9F15, 0x9F15, 0x9F15, 0x9F15, 0xA736, 0xBF77, 0xB777, 0x9F15, 0xCF7A,
    0xA757, 0xA757, 0xA757, 0xA757, 0xA757, 0xA757, 0xA757, 0xA757, 0xA757, 0xA757, 0xA757, 0xAF57, 0xC7B9, 0xBF98, 0xA757, 0xD79B,
    0xA757, 0xA757, 0xA757, 0xA757, 0xA757, 0xA757, 0xA757, 0xA757, 0xA757, 0xA757, 0xA757, 0xAF57, 0xC7B9, 0xBF98, 0xA757, 0xD79B,
    0xA757, 0xA757, 0xA757, 0xA757, 0xA757, 0xA757, 0xA757, 0xA757, 0xA757, 0xA757, 0xA757, 0xAF57, 0xC7B9, 0xBF98, 0xA757, 0xD79B,
    0xA757, 0xA757, 0xA757, 0xA757, 0xA757, 0xA757, 0xA757, 0xA757, 0xA757, 0xA757, 0xA757, 0xAF78, 0xBF99, 0xB798, 0xA757, 0xD79B,
    0xA757, 0xA757, 0xA757, 0xA757, 0xA757, 0xA757, 0xA757, 0xA757, 0xA757, 0xA757, 0xB798, 0xBF99, 0xAF78, 0xA757, 0xA757, 0xD79B,
    0xB778, 0xB778, 0xB778, 0xB778, 0xB778, 0xB778, 0xB778, 0xB778, 0xB778, 0xB778, 0xB798, 0xB798, 0xA757, 0xAF58, 0xC77A, 0xD71A,
    0xCFDA, 0xCFDA, 0xCFDA, 0xCFDA, 0xCFDA, 0xCFDA, 0xCFDA, 0xCFDA, 0xCFDA, 0xCFDA, 0xB778, 0xA757, 0xA757, 0xC77A, 0xFFDF, 0xCE78,
    0xB778, 0xB778, 0xB778, 0xB778, 0xB778, 0xB778, 0xB778, 0xB778, 0xB778, 0xB778, 0xA757, 0xAF58, 0xCF9A, 0xD71A, 0xCE78, 0xB633,
    0xB758, 0xB758, 0xB758, 0xB758, 0xB758, 0xB758, 0xB758, 0xB758, 0xB758, 0xB758, 0xB758, 0xBF59, 0xDF5C, 0xD6B8, 0xADB3, 0xA630,
    0xE7BD, 0xE7BD, 0xE7BD, 0xE7BD, 0xE7BD, 0xE7BD, 0xE7BD, 0xE7BD, 0xE7BD, 0xE7BD, 0xE7BD, 0xDF5C, 0xC657, 0xB613, 0x9E50, 0x9E6F,
    0xDEDA, 0xDEDA, 0xDEDA, 0xDEDA, 0xDEDA, 0xDEDA, 0xDEDA, 0xDEDA, 0xDEDA, 0xDEDA, 0xDEDA, 0xD6B8, 0xB613, 0xA630, 0x9E8F, 0x9EB0,
    0xB594, 0xB594, 0xB594, 0xB594, 0xB594, 0xB594, 0xB594, 0xB594, 0xB594, 0xB594, 0xB594, 0xADB3, 0x9E50, 0x9E8F, 0x9E8F, 0x9EF3,
    0xDEDA, 0xDEDA, 0xDEDA, 0xDEDA, 0xDEDA, 0xDEDA, 0xDEDA, 0xDEDA, 0xDEDA, 0xDEDA, 0xDEDA, 0xD6B8, 0xB613, 0xA652, 0x9EF3, 0x9F35,
    0xE7BD, 0xE7BD, 0xE7BD, 0xE7BD, 0xE7BD, 0xE7BD, 0xE7BD, 0xE7BD, 0xE7BD, 0xE7BD, 0xE7BD, 0xDF5C, 0xC657, 0xB656, 0xA6F6, 0xA736,
    0xB758, 0xB758, 0xB758, 0xB758, 0xB758, 0xB758, 0xB758, 0xB758, 0xB758, 0xB758, 0xB758, 0xBF59, 0xDF5C, 0xD6B9, 0xADD4, 0xA6B6
};

const short poke_mart_interior_tile_104[TILE_SIZE * TILE_SIZE] = {
    0xE71B, 0xB5B5, 0x8430, 0x528D, 0xB5B7, 0xE77E, 0xAEBD, 0x967C, 0x967C, 0x967C, 0xA6BD, 0xDF7E, 0xEF9F, 0xEF9F, 0xEF9F, 0xDF7E,
    0xEF5C, 0xBDF6, 0x8C51, 0x528D, 0xB5B7, 0xE77E, 0x9E9C, 0x8E5C, 0x8E5C, 0xA69C, 0xC71D, 0xEF9E, 0xFFDF, 0xFFDF, 0xDF7E, 0xBEFD,
    0xEF5C, 0xBDF6, 0x8C51, 0x528D, 0xB5B7, 0xE77E, 0x9E9C, 0x8E5C, 0x8E5C, 0xCF3D, 0xFFDF, 0xFFDF, 0xFFDF, 0xFFDF, 0xB6DD, 0x8E5C,
    0xEF5C, 0xBDF6, 0x8C51, 0x528D, 0xB5B7, 0xE77D, 0x9E58, 0xA679, 0xCF3D, 0xE79E, 0xFFDF, 0xFFDF, 0xDF5C, 0xB698, 0x9637, 0x85F7,
    0xEF5C, 0xBDF6, 0x8C51, 0x528D, 0xB5B7, 0xE77D, 0xAE78, 0xBED9, 0xFFDF, 0xFFDF, 0xF7BF, 0xF7BF, 0xC6FA, 0x85D4, 0x85D4, 0x85D4,
    0xEF5C, 0xBDF6, 0x8C51, 0x528D, 0xB5B7, 0xF7BE, 0xE77D, 0xEF9D, 0xFFDF, 0xFFDF, 0xF7BF, 0xDF5F, 0xB69A, 0x85D4, 0x85D4, 0x85D4,
    0xD6B8, 0xB613, 0x8490, 0x528D, 0xB5B7, 0xFFDF, 0xFFDF, 0xFFDF, 0xFFDF, 0xDF7E, 0xCF3E, 0xCF1E, 0xAE9A, 0x85D4, 0x85D4, 0x85D4,
    0xADB3, 0x9E50, 0x7CEE, 0x528D, 0xB5B7, 0xFFDF, 0xFFDF, 0xFFDF, 0xFFDF, 0xB6DD, 0x967C, 0xBEDE, 0xAE9A, 0x85D4, 0x85D4, 0x85D4,
    0xA630, 0x9E6F, 0x7CEE, 0x528D, 0xB5B7, 0xFFDF, 0xFFDF, 0xDF7E, 0xB6DD, 0x9E9C, 0x967C, 0xBEDE, 0xAEBC, 0x8618, 0x8618, 0x8618,
    0x9E8F, 0x9EB0, 0x7D0F, 0x528D, 0xB5B7, 0xF7BE, 0xE79E, 0xBEFD, 0x8E5C, 0x8E5C, 0x967C, 0xBEDE, 0xAEBD, 0x8E5C, 0x8E5C, 0x8E5C,
    0x9EB0, 0x9EF4, 0x7D52, 0x528D, 0xB5B7, 0xE79E, 0xB6DD, 0x967C, 0x8E5C, 0x8E5C, 0x967C, 0xBEDE, 0xAEBD, 0x8E5C, 0x8E5C, 0x8E5C,
    0x9EF3, 0x9F36, 0x8553, 0x528D, 0xB5B7, 0xE77E, 0x9E9C, 0x8E5C, 0x8E5C, 0x8E5C, 0x967C, 0xBEDE, 0xAEBD, 0x8E5C, 0x8E5C, 0x8E5C,
    0xA757, 0xA757, 0x8553, 0x528D, 0xB5B7, 0xE77E, 0x9E9C, 0x8E5C, 0x8E5C, 0x8E5C, 0x967C, 0xBEDE, 0xAEBD, 0x8E5C, 0x8E5C, 0x8E5C,
    0xA757, 0xA757, 0x8553, 0x528D, 0xB5B7, 0xE77D, 0x9E58, 0x85F7, 0x85F7, 0x85F7, 0x8DF7, 0xADD9, 0xADB9, 0x9D99, 0x9D99, 0x9D99,
    0xA757, 0xA757, 0x8553, 0x528D, 0xB5B7, 0xE75C, 0x9E36, 0x85D4, 0x85D4, 0x85B4, 0x9594, 0xAD94, 0xBD93, 0xBD93, 0xBD93, 0xBD93,
    0xA757, 0xA757, 0x8553, 0x528D, 0xB5B7, 0xE75C, 0x9E36, 0x85D4, 0x85D4, 0x9575, 0xAD94, 0xDEAC, 0xEF0A, 0xEF0A, 0xEF0A, 0xEF0A
};

const short poke_mart_interior_tile_105[TILE_SIZE * TILE_SIZE] = {
    0xA6BD, 0x967C, 0x967C, 0xB6DE, 0xBEFE, 0x9E9D, 0x967C, 0x967C, 0x967C, 0x9E9D, 0xBEFE, 0x9D37, 0x528D, 0x9D14, 0xC6B7, 0xA691,
    0x967C, 0x8E5C, 0x8E5C, 0xAEBD, 0xBEDE, 0x967C, 0x8E5C, 0x8E5C, 0x8E5C, 0x967C, 0xBEDE, 0x9D37, 0x528D, 0x9D14, 0xC6B7, 0xA691,
    0x8E5C, 0x8E5C, 0x8E5C, 0xAEBD, 0xBEDE, 0x967C, 0x8E5C, 0x8E5C, 0x8E5C, 0x967C, 0xBEDE, 0x9D37, 0x528D, 0x9D14, 0xC6B7, 0xA691,
    0x85F7, 0x85F7, 0x85F7, 0xAE9B, 0xBEDD, 0x9638, 0x85F7, 0x85F7, 0x85F7, 0x9638, 0xBEDD, 0x9D37, 0x528D, 0x9D14, 0xC6B7, 0xA691,
    0x85D4, 0x85D4, 0x85D4, 0xAE9A, 0xBEDC, 0x8E16, 0x85D4, 0x85D4, 0x85D4, 0x8E16, 0xBEDC, 0x9D37, 0x528D, 0x9D14, 0xC6B7, 0xA691,
    0x85D4, 0x85D4, 0x85D4, 0xAE9A, 0xBEDC, 0x8E16, 0x85D4, 0x85D4, 0x85D4, 0x8E16, 0xBEDC, 0x9D37, 0x528D, 0x9D14, 0xC6B7, 0xA691,
    0x85D4, 0x85D4, 0x85D4, 0xAE9A, 0xBEDC, 0x8E16, 0x85D4, 0x85D4, 0x85D4, 0x8E16, 0xBEDC, 0x9D37, 0x528D, 0x8C72, 0xB5F5, 0xAE74,
    0x85D4, 0x85D4, 0x85D4, 0xAE9A, 0xBEDC, 0x8E16, 0x85D4, 0x85D4, 0x85D4, 0x8E16, 0xBEDC, 0x9D37, 0x528D, 0x738F, 0x94D2, 0xC658,
    0x8618, 0x8618, 0x8618, 0xAEBC, 0xBEDD, 0x965A, 0x8618, 0x8618, 0x8618, 0x9E5A, 0xD73D, 0xAD77, 0x528D, 0x7C6E, 0x9590, 0xA553,
    0x8E5C, 0x8E5C, 0x8E5C, 0xAEBD, 0xBEDE, 0x967C, 0x8E5C, 0x8E5C, 0x967C, 0xB6DD, 0xE79E, 0xB5B7, 0x528D, 0x7CEE, 0x962F, 0x8D10,
    0x8E5C, 0x8E5C, 0x8E5C, 0xAEBD, 0xBEDE, 0x967C, 0x8E5C, 0x8E5C, 0xBEFD, 0xE79E, 0xF7BE, 0xB5B7, 0x528D, 0x7CEE, 0x966F, 0x962F,
    0x8E5C, 0x8E5C, 0x8E5C, 0xAEBD, 0xBEDE, 0x967C, 0x9E9C, 0xB6DD, 0xDF7E, 0xFFDF, 0xFFDF, 0xB5B7, 0x528D, 0x7CEE, 0x9E8F, 0x9E8F,
    0x8E5C, 0x8E5C, 0x8E5C, 0xAEBD, 0xBEDE, 0x967C, 0xB6DD, 0xFFDF, 0xFFDF, 0xFFDF, 0xFFDF, 0xB5B7, 0x528D, 0x7CEE, 0x9E8F, 0x9E8F,
    0x9D99, 0x9D99, 0x9D99, 0xADB9, 0xB5FA, 0xB69D, 0xCF3E, 0xFFDF, 0xFFDF, 0xFFDF, 0xFFDF, 0xB5B7, 0x528D, 0x7CEE, 0x9E8F, 0x9E8F,
    0xBD93, 0xBD93, 0xBD93, 0xBD93, 0xBDB5, 0xC67B, 0xD71E, 0xFFDF, 0xFFDF, 0xF7BF, 0xF7BF, 0xAD97, 0x528D, 0x7CEE, 0x966F, 0x962F,
    0xEF0A, 0xEF0A, 0xEF0A, 0xEF0A, 0xDEAD, 0xBDB5, 0xCE5B, 0xFFDF, 0xFFDF, 0xF7BF, 0xDF5F, 0x9D57, 0x528D, 0x7CEE, 0x962F, 0x8D10
};

const short poke_mart_interior_tile_106[TILE_SIZE * TILE_SIZE] = {
    0xA68F, 0xB6D1, 0xA68F, 0x9E8F, 0x9E8F, 0x9E8F, 0x9E8F, 0x9E8F, 0x9E8F, 0x9E8F, 0x9ED1, 0x9F15, 0x9F15, 0x9F15, 0x9F15, 0x9F15,
    0xA68F, 0xB6D1, 0xA68F, 0x9E8F, 0x9E8F, 0x9E8F, 0x9E8F, 0x9E8F, 0x9E8F, 0x9E8F, 0x9ED2, 0xA757, 0xA757, 0xA757, 0xA757, 0xA757,
    0xA68F, 0xB6D1, 0xA68F, 0x9E8F, 0x9E8F, 0x9E8F, 0x9E8F, 0x9E8F, 0x9E8F, 0x9E8F, 0x9ED2, 0xA757, 0xA757, 0xA757, 0xA757, 0xA757,
    0xA68F, 0xB6D1, 0xA68F, 0x9E8F, 0x9E8F, 0x9E8F, 0x9E8F, 0x9E8F, 0x9E8F, 0x9E8F, 0x9ED2, 0xA757, 0xA757, 0xA757, 0xA757, 0xA757,
    0xA68F, 0xAEB0, 0xA68F, 0x9E8F, 0x9E8F, 0x9E8F, 0x9E8F, 0x9E8F, 0x9E8F, 0x9E8F, 0x9ED2, 0xA757, 0xA757, 0xA757, 0xA757, 0xA757,
    0x9E8F, 0x9E8F, 0xA6B0, 0xA6B0, 0x9E8F, 0x9E8F, 0x9E8F, 0x9E8F, 0x9E8F, 0x9E8F, 0x9ED2, 0xA757, 0xA757, 0xA757, 0xA757, 0xAF78,
    0xA691, 0x9E8F, 0xA68F, 0xA6B0, 0xA68F, 0xA68F, 0xA68F, 0xA68F, 0xA68F, 0xA68F, 0xA6F3, 0xB778, 0xB778, 0xB778, 0xB778, 0xB798,
    0xBEB5, 0x9E8F, 0x9E8F, 0x9E8F, 0xAEB0, 0xB6D1, 0xB6D1, 0xB6D1, 0xB6D1, 0xB6D1, 0xBF34, 0xCFDA, 0xCFDA, 0xCFDA, 0xCFDA, 0xBF98,
    0xADD5, 0xBEB5, 0xA691, 0x9E8F, 0xA68F, 0xA68F, 0xA68F, 0xA68F, 0xA68F, 0xA68F, 0xA6F3, 0xB778, 0xB778, 0xB778, 0xB778, 0xAF77,
    0xA553, 0xC658, 0xAE74, 0xA691, 0xA691, 0xA691, 0xA691, 0xA691, 0xA691, 0xA691, 0xAEF4, 0xB758, 0xB758, 0xB758, 0xB758, 0xB758,
    0x9590, 0x94D2, 0xB5F5, 0xC6B7, 0xC6B7, 0xC6B7, 0xC6B7, 0xC6B7, 0xC6B7, 0xC6B7, 0xD71A, 0xE7BD, 0xE7BD, 0xE7BD, 0xE7BD, 0xE7BD,
    0x95EF, 0x8D30, 0xA593, 0xB5D6, 0xB5D6, 0xB5D6, 0xB5D6, 0xB5D6, 0xB5D6, 0xB5D6, 0xC638, 0xDEDA, 0xDEDA, 0xDEDA, 0xDEDA, 0xDEDA,
    0x9E8F, 0x9E8F, 0x8D30, 0x8C51, 0x8C51, 0x8C51, 0x8C51, 0x8C51, 0x8C51, 0x8C51, 0x9CD2, 0xB594, 0xB594, 0xB594, 0xB594, 0xB594,
    0x95EF, 0x8D30, 0xA593, 0xB5D6, 0xB5D6, 0xB5D6, 0xB5D6, 0xB5D6, 0xB5D6, 0xB5D6, 0xC638, 0xDEDA, 0xDEDA, 0xDEDA, 0xDEDA, 0xDEDA,
    0x9590, 0x94D2, 0xB5F5, 0xC6B7, 0xC6B7, 0xC6B7, 0xC6B7, 0xC6B7, 0xC6B7, 0xC6B7, 0xD71A, 0xE7BD, 0xE7BD, 0xE7BD, 0xE7BD, 0xE7BD,
    0xA553, 0xC658, 0xAE74, 0xA691, 0xA691, 0xA691, 0xA691, 0xA691, 0xA691, 0xA691, 0xAEF4, 0xB758, 0xB758, 0xB758, 0xB758, 0xB758
};

const short poke_mart_interior_tile_107[TILE_SIZE * TILE_SIZE] = {
    0x9F15, 0xB777, 0xBF77, 0xA736, 0xBF58, 0xF79E, 0xC637, 0xB5B5, 0xE71B, 0xCF7A, 0x9F15, 0xB777, 0xBF77, 0xA736, 0x9F15, 0x9F15,
    0xA757, 0xBF98, 0xC7B9, 0xAF57, 0xC77A, 0xFFDF, 0xCE78, 0xBDF6, 0xEF5C, 0xD79B, 0xA757, 0xBF98, 0xC7B9, 0xAF57, 0xA757, 0xA757,
    0xA757, 0xBF98, 0xC7B9, 0xAF57, 0xC77A, 0xFFDF, 0xCE78, 0xBDF6, 0xEF5C, 0xD79B, 0xA757, 0xBF98, 0xC7B9, 0xAF57, 0xA757, 0xA757,
    0xA757, 0xBF98, 0xC7B9, 0xAF57, 0xC77A, 0xFFDF, 0xCE78, 0xBDF6, 0xEF5C, 0xD79B, 0xA757, 0xBF98, 0xC7B9, 0xAF57, 0xA757, 0xA757,
    0xAF57, 0xB798, 0xBF98, 0xA757, 0xC77A, 0xFFDF, 0xCE78, 0xBDF6, 0xEF5C, 0xD79B, 0xA757, 0xB798, 0xBF99, 0xAF78, 0xA757, 0xA757,
    0xC7B9, 0xB778, 0xA757, 0xA757, 0xC77A, 0xFFDF, 0xCE78, 0xBDF6, 0xEF5C, 0xD79B, 0xA757, 0xA757, 0xAF78, 0xBF99, 0xB798, 0xA757,
    0xBF98, 0xAF77, 0xA757, 0xBF79, 0xCF3A, 0xDEDA, 0xBE55, 0xB613, 0xD6B8, 0xD71A, 0xC77A, 0xAF58, 0xA757, 0xB798, 0xB798, 0xB778,
    0xA757, 0xA757, 0xB758, 0xE7BD, 0xDEDA, 0xB594, 0xA611, 0x9E50, 0xADB3, 0xCE78, 0xFFDF, 0xC77A, 0xA757, 0xA757, 0xB778, 0xCFDA,
    0xA757, 0xC779, 0xD75B, 0xCEB9, 0xBE55, 0xA611, 0x9E4F, 0x9E90, 0xA694, 0xB696, 0xCE78, 0xD71A, 0xCF9A, 0xAF58, 0xA757, 0xB778,
    0xB758, 0xD75B, 0xDEFA, 0xBE15, 0xA611, 0x9E8F, 0x9E90, 0x9ED1, 0x9F35, 0xA6B6, 0xADD4, 0xD6B9, 0xDF5C, 0xBF59, 0xB758, 0xB758,
    0xE7BD, 0xCEB9, 0xBE15, 0xA631, 0x9E6F, 0x9E8F, 0x9EF2, 0x9F35, 0xA736, 0xA736, 0xA6F6, 0xB656, 0xC657, 0xDF5C, 0xE7BD, 0xE7BD,
    0xDEDA, 0xBE55, 0xA611, 0x9E6F, 0x9EB0, 0x9ED2, 0x9F15, 0xA757, 0xA757, 0xA757, 0xA757, 0xA6B5, 0xB656, 0xD6B9, 0xDEDA, 0xDEDA,
    0xB594, 0xA611, 0x9E8F, 0x9E8F, 0x9ED2, 0xA757, 0xA757, 0xA757, 0xA757, 0xA757, 0xA757, 0xA757, 0xA6F6, 0xADD4, 0xB594, 0xB594,
    0xDEDA, 0xBE55, 0xA612, 0x9ED3, 0x9F15, 0xA757, 0xA757, 0xA757, 0xA757, 0xA757, 0xA757, 0xA6B5, 0xB656, 0xD6B9, 0xDEDA, 0xDEDA,
    0xE7BD, 0xCEB9, 0xBE36, 0xAEB6, 0xA716, 0xA757, 0xA757, 0xA757, 0xA757, 0xA736, 0xA6F6, 0xB656, 0xC657, 0xDF5C, 0xE7BD, 0xE7BD,
    0xB758, 0xD75B, 0xDF1B, 0xBE36, 0xAE75, 0xA757, 0xA757, 0xA757, 0xA757, 0xA6B6, 0xADD4, 0xD6B9, 0xDF5C, 0xBF59, 0xB758, 0xB758
};

const short poke_mart_interior_tile_108[TILE_SIZE * TILE_SIZE] = {
    0x9F15, 0x9F15, 0x9F15, 0x9F15, 0x9F15, 0x9F15, 0x9F15, 0x9F15, 0x9F15, 0x9F15, 0x9F15, 0xA736, 0xBF77, 0xB777, 0x9F15, 0xCF7A,
    0xA757, 0xA757, 0xA757, 0xA757, 0xA757, 0xA757, 0xA757, 0xA757, 0xA757, 0xA757, 0xA757, 0xAF57, 0xC7B9, 0xBF98, 0xA757, 0xD79B,
    0xA757, 0xA757, 0xA757, 0xA757, 0xA757, 0xA757, 0xA757, 0xA757, 0xA757, 0xA757, 0xA757, 0xAF57, 0xC7B9, 0xBF98, 0xA757, 0xD79B,
    0xA757, 0xA757, 0xA757, 0xA757, 0xA757, 0xA757, 0xA757, 0xA757, 0xA757, 0xA757, 0xA757, 0xAF57, 0xC7B9, 0xBF98, 0xA757, 0xD79B,
    0xA757, 0xA757, 0xA757, 0xA757, 0xA757, 0xA757, 0xA757, 0xA757, 0xA757, 0xA757, 0xA757, 0xAF78, 0xBF99, 0xB798, 0xA757, 0xD79B,
    0xA757, 0xA757, 0xA757, 0xA757, 0xA757, 0xA757, 0xA757, 0xA757, 0xA757, 0xA757, 0xB798, 0xBF99, 0xAF78, 0xA757, 0xA757, 0xD79B,
    0xB778, 0xB778, 0xB778, 0xB778, 0xB778, 0xB778, 0xB778, 0xB778, 0xB778, 0xB778, 0xB798, 0xB798, 0xA757, 0xAF58, 0xC77A, 0xD71A,
    0xCFDA, 0xCFDA, 0xCFDA, 0xCFDA, 0xCFDA, 0xCFDA, 0xCFDA, 0xCFDA, 0xCFDA, 0xCFDA, 0xB778, 0xA757, 0xA757, 0xC77A, 0xFFDF, 0xCE78,
    0xB778, 0xB778, 0xB778, 0xB778, 0xB778, 0xB778, 0xB778, 0xB778, 0xB778, 0xB778, 0xA757, 0xAF58, 0xCF9A, 0xD71A, 0xCE78, 0xB633,
    0xB758, 0xB758, 0xB758, 0xB758, 0xB758, 0xB758, 0xB758, 0xB758, 0xB758, 0xB758, 0xB758, 0xBF59, 0xDF5C, 0xD6B8, 0xADB3, 0xA630,
    0xE7BD, 0xE7BD, 0xE7BD, 0xE7BD, 0xE7BD, 0xE7BD, 0xE7BD, 0xE7BD, 0xE7BD, 0xE7BD, 0xE7BD, 0xDF5C, 0xC657, 0xB613, 0x9E50, 0x9E6F,
    0xDEDA, 0xDEDA, 0xDEDA, 0xDEDA, 0xDEDA, 0xDEDA, 0xDEDA, 0xDEDA, 0xDEDA, 0xDEDA, 0xDEDA, 0xD6B8, 0xB613, 0xA630, 0x9E8F, 0x9EB0,
    0xB594, 0xB594, 0xB594, 0xB594, 0xB594, 0xB594, 0xB594, 0xB594, 0xB594, 0xB594, 0xB594, 0xADB3, 0x9E50, 0x9E8F, 0x9E8F, 0x9EF3,
    0xDEDA, 0xDEDA, 0xDEDA, 0xDEDA, 0xDEDA, 0xDEDA, 0xDEDA, 0xDEDA, 0xDEDA, 0xDEDA, 0xDEDA, 0xD6B8, 0xB613, 0xA652, 0x9EF3, 0x9F35,
    0xE7BD, 0xE7BD, 0xE7BD, 0xE7BD, 0xE7BD, 0xE7BD, 0xE7BD, 0xE7BD, 0xE7BD, 0xE7BD, 0xE7BD, 0xDF5C, 0xC657, 0xB656, 0xA6F6, 0xA736,
    0xB758, 0xB758, 0xB758, 0xB758, 0xB758, 0xB758, 0xB758, 0xB758, 0xB758, 0xB758, 0xB758, 0xBF59, 0xDF5C, 0xD6B9, 0xADD4, 0xA6B6
};

const short poke_mart_interior_tile_109[TILE_SIZE * TILE_SIZE] = {
    0xE71B, 0xB5B5, 0xC637, 0xF79E, 0xBF58, 0xA736, 0xBF77, 0xB777, 0x9F15, 0x9F15, 0x9F15, 0x9F15, 0x9F15, 0x9F15, 0x9F15, 0x9F15,
    0xEF5C, 0xBDF6, 0xCE78, 0xFFDF, 0xC77A, 0xAF57, 0xC7B9, 0xBF98, 0xA757, 0xA757, 0xA757, 0xA757, 0xA757, 0xA757, 0xA757, 0xA757,
    0xEF5C, 0xBDF6, 0xCE78, 0xFFDF, 0xC77A, 0xAF57, 0xC7B9, 0xBF98, 0xA757, 0xA757, 0xA757, 0xA757, 0xA757, 0xA757, 0xA757, 0xA757,
    0xEF5C, 0xBDF6, 0xCE78, 0xFFDF, 0xC77A, 0xAF57, 0xC7B9, 0xBF98, 0xA757, 0xA757, 0xA757, 0xA757, 0xA757, 0xA757, 0xA757, 0xA757,
    0xEF5C, 0xBDF6, 0xCE78, 0xFFDF, 0xC77A, 0xA757, 0xBF98, 0xB798, 0xAF57, 0xA757, 0xA757, 0xA757, 0xA757, 0xA757, 0xA757, 0xA757,
    0xEF5C, 0xBDF6, 0xCE78, 0xFFDF, 0xC77A, 0xA757, 0xA757, 0xB778, 0xC7B9, 0xAF78, 0xA757, 0xA757, 0xA757, 0xA757, 0xA757, 0xA757,
    0xD6B8, 0xB613, 0xBE55, 0xDEDA, 0xCF3A, 0xBF79, 0xA757, 0xAF77, 0xBF98, 0xB798, 0xB778, 0xB778, 0xB778, 0xB778, 0xB778, 0xB778,
    0xADB3, 0x9E50, 0xA611, 0xB594, 0xDEDA, 0xE7BD, 0xB758, 0xA757, 0xA757, 0xBF98, 0xCFDA, 0xCFDA, 0xCFDA, 0xCFDA, 0xCFDA, 0xCFDA,
    0xA630, 0x9E6F, 0x9E91, 0xA695, 0xBE77, 0xCEB9, 0xD75B, 0xC779, 0xA757, 0xAF77, 0xB778, 0xB778, 0xB778, 0xB778, 0xB778, 0xB778,
    0x9E8F, 0x9EB0, 0x9EF3, 0xA757, 0xAE75, 0xBE36, 0xDF1B, 0xD75B, 0xB758, 0xB758, 0xB758, 0xB758, 0xB758, 0xB758, 0xB758, 0xB758,
    0x9EB0, 0x9EF4, 0x9F36, 0xA757, 0xA716, 0xAEB6, 0xBE36, 0xCEB9, 0xE7BD, 0xE7BD, 0xE7BD, 0xE7BD, 0xE7BD, 0xE7BD, 0xE7BD, 0xE7BD,
    0x9EF3, 0x9F36, 0xA757, 0xA757, 0xA757, 0xA716, 0xAE75, 0xBE77, 0xDEDA, 0xDEDA, 0xDEDA, 0xDEDA, 0xDEDA, 0xDEDA, 0xDEDA, 0xDEDA,
    0xA757, 0xA757, 0xA757, 0xA757, 0xA757, 0xA757, 0xA757, 0xA695, 0xB594, 0xB594, 0xB594, 0xB594, 0xB594, 0xB594, 0xB594, 0xB594,
    0xA757, 0xA757, 0xA757, 0xA757, 0xA757, 0xA716, 0xAE75, 0xBE77, 0xDEDA, 0xDEDA, 0xDEDA, 0xDEDA, 0xDEDA, 0xDEDA, 0xDEDA, 0xDEDA,
    0xA757, 0xA757, 0xA757, 0xA757, 0xA716, 0xAEB6, 0xBE36, 0xCEB9, 0xE7BD, 0xE7BD, 0xE7BD, 0xE7BD, 0xE7BD, 0xE7BD, 0xE7BD, 0xE7BD,
    0xA757, 0xA757, 0xA757, 0xA757, 0xAE75, 0xBE36, 0xDF1B, 0xD75B, 0xB758, 0xB758, 0xB758, 0xB758, 0xB758, 0xB758, 0xB758, 0xB758
};

const short poke_mart_interior_tile_110[TILE_SIZE * TILE_SIZE] = {
    0x9F15, 0x9F15, 0x9F15, 0x9F15, 0x9F15, 0x9F15, 0xAF56, 0xC798, 0xAF56, 0xAF37, 0xE77C, 0xD6B9, 0xAD53, 0xCE98, 0xD739, 0x9E11,
    0xA757, 0xA757, 0xA757, 0xA757, 0xA757, 0xA757, 0xB778, 0xCFDA, 0xB778, 0xB758, 0xE7BD, 0xDEDA, 0xB594, 0xDEDA, 0xE79C, 0xAF14,
    0xA757, 0xA757, 0xA757, 0xA757, 0xA757, 0xA757, 0xB778, 0xCFDA, 0xB778, 0xB758, 0xE7BD, 0xDEDA, 0xB594, 0xDEDA, 0xE7BD, 0xB758,
    0xA757, 0xA757, 0xA757, 0xA757, 0xA757, 0xA757, 0xB778, 0xCFDA, 0xB778, 0xB758, 0xE7BD, 0xDEDA, 0xB594, 0xDEDA, 0xE7BD, 0xB758,
    0xA757, 0xA757, 0xA757, 0xA757, 0xA757, 0xA757, 0xB778, 0xC7B9, 0xAF78, 0xB758, 0xE7BD, 0xDEDA, 0xB594, 0xDEDA, 0xE7BD, 0xB758,
    0xA757, 0xA757, 0xA757, 0xA757, 0xA757, 0xBF98, 0xB798, 0xAF57, 0xA757, 0xB758, 0xE7BD, 0xDEDA, 0xB594, 0xDEDA, 0xE7BD, 0xB758,
    0xB778, 0xB778, 0xB778, 0xB778, 0xB778, 0xB798, 0xAF78, 0xA757, 0xB778, 0xCF5A, 0xD6FA, 0xC677, 0xA5F2, 0xC677, 0xD6FA, 0xCF5A,
    0xCFDA, 0xCFDA, 0xCFDA, 0xCFDA, 0xC7B9, 0xAF57, 0xA757, 0xA757, 0xD79B, 0xEF5C, 0xBDF6, 0xA5F2, 0x9E8F, 0xA5F2, 0xBDF6, 0xEF5C,
    0xB778, 0xB778, 0xB778, 0xB778, 0xAF78, 0xA757, 0xB778, 0xD79B, 0xD6D9, 0xC656, 0xAE32, 0x9E50, 0x9E8F, 0xA693, 0xAE96, 0xC677,
    0xB758, 0xB758, 0xB758, 0xB758, 0xB758, 0xB758, 0xCF5A, 0xEF5C, 0xC656, 0xA5D2, 0x9E4F, 0x9E8F, 0x9EB0, 0x9F14, 0xA6F6, 0xAE35,
    0xE7BD, 0xE7BD, 0xE7BD, 0xE7BD, 0xE7BD, 0xE7BD, 0xD6FA, 0xBDF6, 0xAE32, 0x9E4F, 0x9E6F, 0x9ED1, 0x9F15, 0x9F36, 0xA736, 0xA6F6,
    0xDEDA, 0xDEDA, 0xDEDA, 0xDEDA, 0xDEDA, 0xDEDA, 0xC677, 0xA5F2, 0x9E50, 0x9E8F, 0x9ED1, 0x9EF4, 0xA757, 0xA757, 0xA757, 0xA757,
    0xB594, 0xB594, 0xB594, 0xB594, 0xB594, 0xB594, 0xA5F2, 0x9E8F, 0x9E8F, 0x9EB0, 0x9F15, 0xA757, 0xA757, 0xA757, 0xA757, 0xA757,
    0xDEDA, 0xDEDA, 0xDEDA, 0xDEDA, 0xDEDA, 0xDEDA, 0xC677, 0xA5F2, 0xA693, 0x9F14, 0x9F36, 0xA757, 0xA757, 0xA757, 0xA757, 0xA757,
    0xE7BD, 0xE7BD, 0xE7BD, 0xE7BD, 0xE7BD, 0xE7BD, 0xD6FA, 0xBDF6, 0xAE96, 0xA6F6, 0xA736, 0xA757, 0xA757, 0xA757, 0xA736, 0xA6F6,
    0xB758, 0xB758, 0xB758, 0xB758, 0xB758, 0xB758, 0xCF5A, 0xEF5C, 0xC677, 0xAE35, 0xA6F6, 0xA757, 0xA757, 0xA757, 0xA6F6, 0xAE35
};

const short poke_mart_interior_tile_111[TILE_SIZE * TILE_SIZE] = {
    0x95CF, 0x9DF0, 0x9E0F, 0x960F, 0x960F, 0x960F, 0x960F, 0x960F, 0x960F, 0x960F, 0x960F, 0x960F, 0x960F, 0x960F, 0x960F, 0x960F,
    0xA6D1, 0xB6D1, 0xA68F, 0x9E8F, 0x9E8F, 0x9E8F, 0x9E8F, 0x9E8F, 0x9E8F, 0x9E8F, 0x9E8F, 0x9E8F, 0x9E8F, 0x9E8F, 0x9E8F, 0x9E8F,
    0xA714, 0xB6D1, 0xA68F, 0x9E8F, 0x9E8F, 0x9E8F, 0x9E8F, 0x9E8F, 0x9E8F, 0x9E8F, 0x9E8F, 0x9E8F, 0x9E8F, 0x9E8F, 0x9E8F, 0x9E8F,
    0xAF56, 0xBF56, 0xA6D2, 0x9E8F, 0x9E8F, 0x9E8F, 0x9E8F, 0x9E8F, 0x9E8F, 0x9E8F, 0x9E8F, 0x9E8F, 0x9E8F, 0x9E8F, 0x9E8F, 0x9E8F,
    0xAF78, 0xC7B9, 0xAF14, 0xA6B0, 0x9E8F, 0x9E8F, 0x9E8F, 0x9E8F, 0x9E8F, 0x9E8F, 0x9E8F, 0x9E8F, 0x9E8F, 0x9E8F, 0x9E8F, 0x9E8F,
    0xA757, 0xAF57, 0xB777, 0xB756, 0xA6B0, 0x9E8F, 0x9E8F, 0x9E8F, 0x9E8F, 0x9E8F, 0x9E8F, 0x9E8F, 0x9E8F, 0x9E8F, 0x9E8F, 0xA68F,
    0xB778, 0xA757, 0xAF78, 0xB777, 0xAF14, 0xA6D2, 0xA68F, 0xA68F, 0xA68F, 0xA68F, 0xA68F, 0xA68F, 0xA68F, 0xA68F, 0xA68F, 0xA6B0,
    0xD79B, 0xA757, 0xA757, 0xAF57, 0xC7B9, 0xBF56, 0xB6D1, 0xB6D1, 0xB6D1, 0xB6D1, 0xB6D1, 0xB6D1, 0xB6D1, 0xB6D1, 0xB6D1, 0xA6B0,
    0xD6D9, 0xD79B, 0xB778, 0xA757, 0xAF78, 0xAF56, 0xA714, 0xA6D1, 0xA68F, 0xA68F, 0xA68F, 0xA68F, 0xA68F, 0xA68F, 0xA68F, 0x9E8F,
    0xC677, 0xEF5C, 0xCF5A, 0xB758, 0xB758, 0xB758, 0xB758, 0xAF14, 0xAEB2, 0xA691, 0xA691, 0xA691, 0xA691, 0xA691, 0xA691, 0xA691,
    0xAE96, 0xBDF6, 0xD6FA, 0xE7BD, 0xE7BD, 0xE7BD, 0xE7BD, 0xE79C, 0xDF5B, 0xCED8, 0xC6B7, 0xC6B7, 0xC6B7, 0xC6B7, 0xC6B7, 0xC6B7,
    0xA6D6, 0xAE35, 0xC698, 0xDEDA, 0xDEDA, 0xDEDA, 0xDEDA, 0xDEDA, 0xD6BA, 0xCE78, 0xBE17, 0xB5D6, 0xB5D6, 0xB5D6, 0xB5D6, 0xB5D6,
    0xA757, 0xA757, 0xAE35, 0xB594, 0xB594, 0xB594, 0xB594, 0xB594, 0xB594, 0xB594, 0xA512, 0x8C51, 0x8C51, 0x8C51, 0x8C51, 0x8C51,
    0xA6D6, 0xAE35, 0xC698, 0xDEDA, 0xDEDA, 0xDEDA, 0xDEDA, 0xDEDA, 0xDEDA, 0xDEDA, 0xD6BA, 0xCE59, 0xCE59, 0xCE59, 0xCE59, 0xCE59,
    0xAE96, 0xBDF6, 0xD6FA, 0xE7BD, 0xE7BD, 0xE7BD, 0xE7BD, 0xE7BD, 0xE7BD, 0xE7BD, 0xE7BD, 0xE7BD, 0xE7BD, 0xE7BD, 0xE7BD, 0xE7BD,
    0xC677, 0xEF5C, 0xCF5A, 0xB758, 0xB758, 0xB758, 0xB758, 0xB758, 0xB758, 0xB758, 0xB758, 0xB758, 0xB758, 0xB758, 0xB758, 0xB758
};

const short poke_mart_interior_tile_112[TILE_SIZE * TILE_SIZE] = {
    0x960F, 0xA670, 0xA6B0, 0x9E8F, 0xA652, 0xB5F7, 0x94B3, 0x8C51, 0xAD96, 0xA5D3, 0x8DAE, 0x9E4F, 0xA690, 0x9E2F, 0x960F, 0x960F,
    0x9E8F, 0xA6B0, 0xAEB0, 0x9E8F, 0xAE93, 0xD6DA, 0xA554, 0x94D2, 0xC658, 0xBEB5, 0x9E8F, 0xA6B0, 0xAEB0, 0x9E8F, 0x9E8F, 0x9E8F,
    0x9E8F, 0xA6B0, 0xAEB0, 0x9E8F, 0xAE93, 0xD6DA, 0xA554, 0x94D2, 0xC658, 0xBEB5, 0x9E8F, 0xA6B0, 0xAEB0, 0x9E8F, 0x9E8F, 0x9E8F,
    0x9E8F, 0xA6B0, 0xAEB0, 0x9E8F, 0xAE93, 0xD6DA, 0xA554, 0x94D2, 0xC658, 0xBEB5, 0x9E8F, 0xA6B0, 0xAEB0, 0x9E8F, 0x9E8F, 0x9E8F,
    0x9E8F, 0xA6B0, 0xA6B0, 0x9E8F, 0xAE93, 0xD6DA, 0xA554, 0x94D2, 0xC658, 0xBEB5, 0x9E8F, 0xA6B0, 0xAEB0, 0xA68F, 0x9E8F, 0x9E8F,
    0xAEB0, 0xA68F, 0x9E8F, 0x9E8F, 0xAE93, 0xD6DA, 0xA554, 0x94D2, 0xC658, 0xBEB5, 0x9E8F, 0x9E8F, 0xA68F, 0xAEB0, 0xA6B0, 0x9E8F,
    0xA6B0, 0x9E8F, 0x9E8F, 0xAE92, 0xB654, 0xB5D6, 0x9D72, 0x9551, 0xADB5, 0xB615, 0xAE93, 0xA690, 0x9E8F, 0xA6B0, 0xA6B0, 0xA68F,
    0x9E8F, 0x9E8F, 0xA691, 0xC6B7, 0xB5D6, 0x8C51, 0x958F, 0x960F, 0x8CB0, 0xA554, 0xD6DA, 0xAE93, 0x9E8F, 0x9E8F, 0xA68F, 0xB6D1,
    0x9E8F, 0xAE93, 0xB675, 0xAD94, 0x9D72, 0x958F, 0x962F, 0x964F, 0x95CF, 0x9D71, 0xA554, 0xB615, 0xB6B4, 0x9E90, 0x9E8F, 0xA68F,
    0xA691, 0xB675, 0xB5F6, 0x9512, 0x9570, 0x9E8F, 0x9E8F, 0x9E8F, 0x9E8F, 0x95CF, 0x8CB0, 0xADB5, 0xBE56, 0xAE92, 0xA691, 0xA691,
    0xC6B7, 0xAD94, 0x9512, 0x95D0, 0x962F, 0x9E8F, 0x9E8F, 0x9E8F, 0x9E8F, 0x964F, 0x960F, 0x9551, 0xA533, 0xBE56, 0xC6B7, 0xC6B7,
    0xB5D6, 0x9D72, 0x9570, 0x962F, 0x9E8F, 0x9E8F, 0x9E8F, 0x9E8F, 0x9E8F, 0x9E8F, 0x9E8F, 0x95AF, 0x9551, 0xADB5, 0xB5D6, 0xB5D6,
    0x8C51, 0x958F, 0x9E8F, 0x9E8F, 0x9E8F, 0x9E8F, 0x9E8F, 0x9E8F, 0x9E8F, 0x9E8F, 0x9E8F, 0x9E8F, 0x960F, 0x8CB0, 0x8C51, 0x8C51,
    0xCE59, 0xB615, 0xA612, 0x9ED3, 0x9EF3, 0x9EF3, 0x9EF3, 0x9EF3, 0x9EF3, 0x9EF3, 0x9EF3, 0xA652, 0xAE13, 0xC658, 0xCE59, 0xCE59,
    0xE7BD, 0xCEB9, 0xBE36, 0xAEB6, 0xA716, 0xA757, 0xA757, 0xA757, 0xA757, 0xA736, 0xA6F6, 0xB656, 0xC657, 0xDF5C, 0xE7BD, 0xE7BD,
    0xB758, 0xD75B, 0xDF1B, 0xBE36, 0xAE75, 0xA757, 0xA757, 0xA757, 0xA757, 0xA6B6, 0xADD4, 0xD6B9, 0xDF5C, 0xBF59, 0xB758, 0xB758
};

const short poke_mart_interior_tile_113[TILE_SIZE * TILE_SIZE] = {
    0x960F, 0x960F, 0x960F, 0x960F, 0x960F, 0x960F, 0x960F, 0x960F, 0x960F, 0x960F, 0x960F, 0x9E2F, 0xA690, 0x9E4F, 0x8DAE, 0xA5D3,
    0x9E8F, 0x9E8F, 0x9E8F, 0x9E8F, 0x9E8F, 0x9E8F, 0x9E8F, 0x9E8F, 0x9E8F, 0x9E8F, 0x9E8F, 0x9E8F, 0xAEB0, 0xA6B0, 0x9E8F, 0xBEB5,
    0x9E8F, 0x9E8F, 0x9E8F, 0x9E8F, 0x9E8F, 0x9E8F, 0x9E8F, 0x9E8F, 0x9E8F, 0x9E8F, 0x9E8F, 0x9E8F, 0xAEB0, 0xA6B0, 0x9E8F, 0xBEB5,
    0x9E8F, 0x9E8F, 0x9E8F, 0x9E8F, 0x9E8F, 0x9E8F, 0x9E8F, 0x9E8F, 0x9E8F, 0x9E8F, 0x9E8F, 0x9E8F, 0xAEB0, 0xA6B0, 0x9E8F, 0xBEB5,
    0x9E8F, 0x9E8F, 0x9E8F, 0x9E8F, 0x9E8F, 0x9E8F, 0x9E8F, 0x9E8F, 0x9E8F, 0x9E8F, 0x9E8F, 0xA68F, 0xAEB0, 0xA6B0, 0x9E8F, 0xBEB5,
    0x9E8F, 0x9E8F, 0x9E8F, 0x9E8F, 0x9E8F, 0x9E8F, 0x9E8F, 0x9E8F, 0x9E8F, 0x9E8F, 0xA6B0, 0xAEB0, 0xA68F, 0x9E8F, 0x9E8F, 0xBEB5,
    0xA68F, 0xA68F, 0xA68F, 0xA68F, 0xA68F, 0xA68F, 0xA68F, 0xA68F, 0xA68F, 0xA68F, 0xA6B0, 0xA6B0, 0x9E8F, 0xA690, 0xAE93, 0xB615,
    0xB6D1, 0xB6D1, 0xB6D1, 0xB6D1, 0xB6D1, 0xB6D1, 0xB6D1, 0xB6D1, 0xB6D1, 0xB6D1, 0xA68F, 0x9E8F, 0x9E8F, 0xAE93, 0xD6DA, 0xA554,
    0xA68F, 0xA68F, 0xA68F, 0xA68F, 0xA68F, 0xA68F, 0xA68F, 0xA68F, 0xA68F, 0xA68F, 0x9E8F, 0x9E90, 0xB6B4, 0xB615, 0xA554, 0x9D71,
    0xA691, 0xA691, 0xA691, 0xA691, 0xA691, 0xA691, 0xA691, 0xA691, 0xA691, 0xA691, 0xA691, 0xAE92, 0xBE56, 0xADB5, 0x8CB0, 0x95CF,
    0xC6B7, 0xC6B7, 0xC6B7, 0xC6B7, 0xC6B7, 0xC6B7, 0xC6B7, 0xC6B7, 0xC6B7, 0xC6B7, 0xC6B7, 0xBE56, 0xA533, 0x9551, 0x960F, 0x964F,
    0xB5D6, 0xB5D6, 0xB5D6, 0xB5D6, 0xB5D6, 0xB5D6, 0xB5D6, 0xB5D6, 0xB5D6, 0xB5D6, 0xB5D6, 0xADB5, 0x9551, 0x95AF, 0x9E8F, 0x9E8F,
    0x8C51, 0x8C51, 0x8C51, 0x8C51, 0x8C51, 0x8C51, 0x8C51, 0x8C51, 0x8C51, 0x8C51, 0x8C51, 0x8CB0, 0x960F, 0x9E8F, 0x9E8F, 0x9E8F,
    0xCE59, 0xCE59, 0xCE59, 0xCE59, 0xCE59, 0xCE59, 0xCE59, 0xCE59, 0xCE59, 0xCE59, 0xCE59, 0xC658, 0xAE13, 0xA652, 0x9EF3, 0x9EF3,
    0xE7BD, 0xE7BD, 0xE7BD, 0xE7BD, 0xE7BD, 0xE7BD, 0xE7BD, 0xE7BD, 0xE7BD, 0xE7BD, 0xE7BD, 0xDF5C, 0xC657, 0xB656, 0xA6F6, 0xA736,
    0xB758, 0xB758, 0xB758, 0xB758, 0xB758, 0xB758, 0xB758, 0xB758, 0xB758, 0xB758, 0xB758, 0xBF59, 0xDF5C, 0xD6B9, 0xADD4, 0xA6B6
};

const short poke_mart_interior_tile_114[TILE_SIZE * TILE_SIZE] = {
    0xADB6, 0x94F2, 0xA593, 0xC6B7, 0xA612, 0x8DCE, 0x9DEF, 0x9DEF, 0x960F, 0x960F, 0x960F, 0x960F, 0x960F, 0x960F, 0x960F, 0x960F,
    0xC658, 0x94D2, 0xA554, 0xD6DA, 0xAE93, 0x9E8F, 0xAEB0, 0xA6B0, 0x9E8F, 0x9E8F, 0x9E8F, 0x9E8F, 0x9E8F, 0x9E8F, 0x9E8F, 0x9E8F,
    0xC658, 0x94D2, 0xA554, 0xD6DA, 0xAE93, 0x9E8F, 0xAEB0, 0xA6B0, 0x9E8F, 0x9E8F, 0x9E8F, 0x9E8F, 0x9E8F, 0x9E8F, 0x9E8F, 0x9E8F,
    0xC658, 0x94D2, 0xA554, 0xD6DA, 0xAE93, 0x9E8F, 0xAEB0, 0xA6B0, 0x9E8F, 0x9E8F, 0x9E8F, 0x9E8F, 0x9E8F, 0x9E8F, 0x9E8F, 0x9E8F,
    0xC658, 0x94D2, 0xA554, 0xD6DA, 0xAE93, 0x9E8F, 0xA6B0, 0xA6B0, 0x9E8F, 0x9E8F, 0x9E8F, 0x9E8F, 0x9E8F, 0x9E8F, 0x9E8F, 0x9E8F,
    0xC658, 0x94D2, 0xA554, 0xD6DA, 0xAE93, 0x9E8F, 0x9E8F, 0xA68F, 0xAEB0, 0xA68F, 0x9E8F, 0x9E8F, 0x9E8F, 0x9E8F, 0x9E8F, 0x9E8F,
    0xADB5, 0x9551, 0x9D72, 0xB5D6, 0xB654, 0xAE92, 0x9E8F, 0x9E8F, 0xA6B0, 0xA6B0, 0xA68F, 0xA68F, 0xA68F, 0xA68F, 0xA68F, 0xA68F,
    0x8CB0, 0x960F, 0x958F, 0x8C51, 0xB5D6, 0xC6B7, 0xA691, 0x9E8F, 0x9E8F, 0xA6B0, 0xB6D1, 0xB6D1, 0xB6D1, 0xB6D1, 0xB6D1, 0xB6D1,
    0x95CF, 0x964F, 0x962F, 0x958F, 0x9D72, 0xAD94, 0xB675, 0xAE93, 0x9E8F, 0x9E8F, 0xA68F, 0xA68F, 0xA68F, 0xA68F, 0xA68F, 0xA68F,
    0x9E8F, 0x9E8F, 0x9E8F, 0x9E8F, 0x9570, 0x9512, 0xB5F6, 0xB675, 0xA691, 0xA691, 0xA691, 0xA691, 0xA691, 0xA691, 0xA691, 0xA691,
    0x9E8F, 0x9E8F, 0x9E8F, 0x9E8F, 0x962F, 0x95D0, 0x9512, 0xAD94, 0xC6B7, 0xC6B7, 0xC6B7, 0xC6B7, 0xC6B7, 0xC6B7, 0xC6B7, 0xC6B7,
    0x9E8F, 0x9E8F, 0x9E8F, 0x9E8F, 0x9E8F, 0x962F, 0x9570, 0x9D72, 0xB5D6, 0xB5D6, 0xB5D6, 0xB5D6, 0xB5D6, 0xB5D6, 0xB5D6, 0xB5D6,
    0x9E8F, 0x9E8F, 0x9E8F, 0x9E8F, 0x9E8F, 0x9E8F, 0x9E8F, 0x958F, 0x8C51, 0x8C51, 0x8C51, 0x8C51, 0x8C51, 0x8C51, 0x8C51, 0x8C51,
    0x9EF3, 0x9EF3, 0x9EF3, 0x9EF3, 0x9EF3, 0x9ED3, 0xA612, 0xB615, 0xCE59, 0xCE59, 0xCE59, 0xCE59, 0xCE59, 0xCE59, 0xCE59, 0xCE59,
    0xA757, 0xA757, 0xA757, 0xA757, 0xA716, 0xAEB6, 0xBE36, 0xCEB9, 0xE7BD, 0xE7BD, 0xE7BD, 0xE7BD, 0xE7BD, 0xE7BD, 0xE7BD, 0xE7BD,
    0xA757, 0xA757, 0xA757, 0xA757, 0xAE75, 0xBE36, 0xDF1B, 0xD75B, 0xB758, 0xB758, 0xB758, 0xB758, 0xB758, 0xB758, 0xB758, 0xB758
};

const short poke_mart_interior_tile_115[TILE_SIZE * TILE_SIZE] = {
    0x960F, 0x960F, 0x960F, 0x960F, 0x960F, 0x960F, 0x9E4F, 0xAEB0, 0xA68F, 0x9E70, 0xB615, 0x9D14, 0x7BF0, 0x9D14, 0xADF5, 0x95D0,
    0x9E8F, 0x9E8F, 0x9E8F, 0x9E8F, 0x9E8F, 0x9E8F, 0xA68F, 0xB6D1, 0xA68F, 0xA691, 0xC6B7, 0xB5D6, 0x8C51, 0xB5D6, 0xC6B7, 0xA691,
    0x9E8F, 0x9E8F, 0x9E8F, 0x9E8F, 0x9E8F, 0x9E8F, 0xA68F, 0xB6D1, 0xA68F, 0xA691, 0xC6B7, 0xB5D6, 0x8C51, 0xB5D6, 0xC6B7, 0xA691,
    0x9E8F, 0x9E8F, 0x9E8F, 0x9E8F, 0x9E8F, 0x9E8F, 0xA68F, 0xB6D1, 0xA68F, 0xA691, 0xC6B7, 0xB5D6, 0x8C51, 0xB5D6, 0xC6B7, 0xA691,
    0x9E8F, 0x9E8F, 0x9E8F, 0x9E8F, 0x9E8F, 0x9E8F, 0xA68F, 0xAEB0, 0xA68F, 0xA691, 0xC6B7, 0xB5D6, 0x8C51, 0xB5D6, 0xC6B7, 0xA691,
    0x9E8F, 0x9E8F, 0x9E8F, 0x9E8F, 0x9E8F, 0xA6B0, 0xA6B0, 0x9E8F, 0x9E8F, 0xA691, 0xC6B7, 0xB5D6, 0x8C51, 0xB5D6, 0xC6B7, 0xA691,
    0xA68F, 0xA68F, 0xA68F, 0xA68F, 0xA68F, 0xA6B0, 0xA68F, 0x9E8F, 0xA691, 0xAE74, 0xB5F5, 0xA593, 0x8D30, 0xA593, 0xB5F5, 0xAE74,
    0xB6D1, 0xB6D1, 0xB6D1, 0xB6D1, 0xAEB0, 0x9E8F, 0x9E8F, 0x9E8F, 0xBEB5, 0xC658, 0x94D2, 0x8D30, 0x9E8F, 0x8D30, 0x94D2, 0xC658,
    0xA68F, 0xA68F, 0xA68F, 0xA68F, 0xA68F, 0x9E8F, 0xA691, 0xBEB5, 0xADD5, 0xA553, 0x9590, 0x95EF, 0x9E8F, 0x95EF, 0x9590, 0xA553,
    0xA691, 0xA691, 0xA691, 0xA691, 0xA691, 0xA691, 0xAE74, 0xC658, 0xA553, 0x8D10, 0x962F, 0x9E8F, 0x9E8F, 0x9E8F, 0x962F, 0x8D10,
    0xC6B7, 0xC6B7, 0xC6B7, 0xC6B7, 0xC6B7, 0xC6B7, 0xB5F5, 0x94D2, 0x9590, 0x962F, 0x966F, 0x9E8F, 0x9E8F, 0x9E8F, 0x966F, 0x962F,
    0xB5D6, 0xB5D6, 0xB5D6, 0xB5D6, 0xB5D6, 0xB5D6, 0xA593, 0x8D30, 0x95EF, 0x9E8F, 0x9E8F, 0x9E8F, 0x9E8F, 0x9E8F, 0x9E8F, 0x9E8F,
    0x8C51, 0x8C51, 0x8C51, 0x8C51, 0x8C51, 0x8C51, 0x8D30, 0x9E8F, 0x9E8F, 0x9E8F, 0x9E8F, 0x9E8F, 0x9E8F, 0x9E8F, 0x9E8F, 0x9E8F,
    0xCE59, 0xCE59, 0xCE59, 0xCE59, 0xCE59, 0xCE59, 0xBE36, 0xA5F2, 0xA693, 0x9EF3, 0x9EF3, 0x9EF3, 0x9EF3, 0x9EF3, 0x9EF3, 0x9EF3,
    0xE7BD, 0xE7BD, 0xE7BD, 0xE7BD, 0xE7BD, 0xE7BD, 0xD6FA, 0xBDF6, 0xAE96, 0xA6F6, 0xA736, 0xA757, 0xA757, 0xA757, 0xA736, 0xA6F6,
    0xB758, 0xB758, 0xB758, 0xB758, 0xB758, 0xB758, 0xCF5A, 0xEF5C, 0xC677, 0xAE35, 0xA6F6, 0xA757, 0xA757, 0xA757, 0xA6F6, 0xAE35
};

const short poke_mart_interior_tile_116[TILE_SIZE * TILE_SIZE] = {
    0x960F, 0xAEB0, 0x9E4F, 0x960F, 0x960F, 0x960F, 0x960F, 0x960F, 0x960F, 0x960F, 0x960F, 0x960F, 0x960F, 0x960F, 0x960F, 0x960F,
    0xA68F, 0xB6D1, 0xA68F, 0x9E8F, 0x9E8F, 0x9E8F, 0x9E8F, 0x9E8F, 0x9E8F, 0x9E8F, 0x9E8F, 0x9E8F, 0x9E8F, 0x9E8F, 0x9E8F, 0x9E8F,
    0xA68F, 0xB6D1, 0xA68F, 0x9E8F, 0x9E8F, 0x9E8F, 0x9E8F, 0x9E8F, 0x9E8F, 0x9E8F, 0x9E8F, 0x9E8F, 0x9E8F, 0x9E8F, 0x9E8F, 0x9E8F,
    0xA68F, 0xB6D1, 0xA68F, 0x9E8F, 0x9E8F, 0x9E8F, 0x9E8F, 0x9E8F, 0x9E8F, 0x9E8F, 0x9E8F, 0x9E8F, 0x9E8F, 0x9E8F, 0x9E8F, 0x9E8F,
    0xA68F, 0xAEB0, 0xA68F, 0x9E8F, 0x9E8F, 0x9E8F, 0x9E8F, 0x9E8F, 0x9E8F, 0x9E8F, 0x9E8F, 0x9E8F, 0x9E8F, 0x9E8F, 0x9E8F, 0x9E8F,
    0x9E8F, 0x9E8F, 0xA6B0, 0xA6B0, 0x9E8F, 0x9E8F, 0x9E8F, 0x9E8F, 0x9E8F, 0x9E8F, 0x9E8F, 0x9E8F, 0x9E8F, 0x9E8F, 0x9E8F, 0xA68F,
    0xA691, 0x9E8F, 0xA68F, 0xA6B0, 0xA68F, 0xA68F, 0xA68F, 0xA68F, 0xA68F, 0xA68F, 0xA68F, 0xA68F, 0xA68F, 0xA68F, 0xA68F, 0xA6B0,
    0xBEB5, 0x9E8F, 0x9E8F, 0x9E8F, 0xAEB0, 0xB6D1, 0xB6D1, 0xB6D1, 0xB6D1, 0xB6D1, 0xB6D1, 0xB6D1, 0xB6D1, 0xB6D1, 0xB6D1, 0xA6B0,
    0xADD5, 0xBEB5, 0xA691, 0x9E8F, 0xA68F, 0xA68F, 0xA68F, 0xA68F, 0xA68F, 0xA68F, 0xA68F, 0xA68F, 0xA68F, 0xA68F, 0xA68F, 0x9E8F,
    0xA553, 0xC658, 0xAE74, 0xA691, 0xA691, 0xA691, 0xA691, 0xA691, 0xA691, 0xA691, 0xA691, 0xA691, 0xA691, 0xA691, 0xA691, 0xA691,
    0x9590, 0x94D2, 0xB5F5, 0xC6B7, 0xC6B7, 0xC6B7, 0xC6B7, 0xC6B7, 0xC6B7, 0xC6B7, 0xC6B7, 0xC6B7, 0xC6B7, 0xC6B7, 0xC6B7, 0xC6B7,
    0x95EF, 0x8D30, 0xA593, 0xB5D6, 0xB5D6, 0xB5D6, 0xB5D6, 0xB5D6, 0xB5D6, 0xB5D6, 0xB5D6, 0xB5D6, 0xB5D6, 0xB5D6, 0xB5D6, 0xB5D6,
    0x9E8F, 0x9E8F, 0x8D30, 0x8C51, 0x8C51, 0x8C51, 0x8C51, 0x8C51, 0x8C51, 0x8C51, 0x8C51, 0x8C51, 0x8C51, 0x8C51, 0x8C51, 0x8C51,
    0xA693, 0xA5F2, 0xBE36, 0xCE59, 0xCE59, 0xCE59, 0xCE59, 0xCE59, 0xCE59, 0xCE59, 0xCE59, 0xCE59, 0xCE59, 0xCE59, 0xCE59, 0xCE59,
    0xAE96, 0xBDF6, 0xD6FA, 0xE7BD, 0xE7BD, 0xE7BD, 0xE7BD, 0xE7BD, 0xE7BD, 0xE7BD, 0xE7BD, 0xE7BD, 0xE7BD, 0xE7BD, 0xE7BD, 0xE7BD,
    0xC677, 0xEF5C, 0xCF5A, 0xB758, 0xB758, 0xB758, 0xB758, 0xB758, 0xB758, 0xB758, 0xB758, 0xB758, 0xB758, 0xB758, 0xB758, 0xB758
};

const short poke_mart_interior_tile_117[TILE_SIZE * TILE_SIZE] = {
    0x960F, 0xA670, 0xA690, 0x95EF, 0x9DD2, 0xB5F7, 0x9D33, 0x9D12, 0xC658, 0xB655, 0x8DAE, 0x744E, 0x7C2E, 0xAE91, 0xB6CF, 0xA64A,
    0x9E8F, 0xA6B0, 0xAEB0, 0x9E8F, 0xAE93, 0xD6DA, 0xA554, 0x94D2, 0xC658, 0xBEB5, 0x9E8F, 0x852E, 0x7C6E, 0x8D2F, 0x95AD, 0x9E09,
    0x9E8F, 0xA6B0, 0xAEB0, 0x9E8F, 0xAE93, 0xD6DA, 0xA554, 0x94D2, 0xC658, 0xBEB5, 0x9E8F, 0xA6B0, 0x9DF0, 0x634D, 0x6BEB, 0x9E09,
    0x9E8F, 0xA6B0, 0xAEB0, 0x9E8F, 0xAE93, 0xD6DA, 0xA554, 0x94D2, 0xC658, 0xBEB5, 0x9E8F, 0x852E, 0x7C6E, 0x8D2F, 0x9DEF, 0xB6CE,
    0x9E8F, 0xA6B0, 0xA6B0, 0x9E8F, 0xAE93, 0xD6DA, 0xA554, 0x94D2, 0xC658, 0xB655, 0x8DAE, 0x744E, 0x7C2E, 0xAE91, 0xC752, 0xC752,
    0xAEB0, 0xA68F, 0x9E8F, 0x9E8F, 0xAE93, 0xD6DA, 0xA554, 0x94D2, 0xC658, 0xA575, 0x5B4D, 0x8D0F, 0xAE91, 0xBF11, 0xC752, 0xC752,
    0xA6B0, 0x9E8F, 0x9E8F, 0xAE92, 0xB654, 0xB5D6, 0x9D72, 0x9551, 0xADB5, 0x8C72, 0x528D, 0x9550, 0xC752, 0xC752, 0xBF10, 0xB6CE,
    0x9E8F, 0x9E8F, 0xA691, 0xC6B7, 0xB5D6, 0x8C51, 0x958F, 0x960F, 0x8CB0, 0x738F, 0x528D, 0x9550, 0xC752, 0xC752, 0xB6CE, 0x9E09,
    0x9E8F, 0xAE93, 0xB675, 0xAD94, 0x9D72, 0x958F, 0x962F, 0x8DCE, 0x73CE, 0x6BCD, 0x7C8A, 0x95CB, 0xA66C, 0x960A, 0x9E4B, 0xB6CE,
    0xA691, 0xB675, 0xB5F6, 0x9512, 0x9570, 0x9E8F, 0x9E8F, 0x8DAE, 0x5B4D, 0x6BEB, 0x9E09, 0x9E09, 0x8DC8, 0x7525, 0x8DEA, 0xC752,
    0xC6B7, 0xAD94, 0x9512, 0x95D0, 0x962F, 0x9E8F, 0x9E8F, 0x8DAE, 0x5B4D, 0x6BEB, 0x9E09, 0x9E09, 0x8DC8, 0x7525, 0x8DEA, 0xC752,
    0xB5D6, 0x9D72, 0x9570, 0x962F, 0x9E8F, 0x9E8F, 0x9E8F, 0x8DAE, 0x5B4D, 0x634C, 0x7C8A, 0x7C8A, 0x7CC9, 0x7D47, 0x95E9, 0xB6CE,
    0x8C51, 0x958F, 0x9E8F, 0x9E8F, 0x9E8F, 0x9E8F, 0x9E8F, 0x8DAE, 0x5B4D, 0x528D, 0x528D, 0x528D, 0x5B2C, 0x8D49, 0x9E09, 0x9E09,
    0xCE59, 0xB615, 0xA612, 0x9ED3, 0x9EF3, 0x9EF3, 0x9EF3, 0x96B3, 0x85B3, 0x8553, 0x8553, 0x63AF, 0x5B2C, 0x8D49, 0x9E09, 0x9E09,
    0xE7BD, 0xCEB9, 0xBE36, 0xAEB6, 0xA716, 0xA757, 0xA757, 0xA757, 0xA757, 0xA736, 0xA6F6, 0x84F2, 0x73EF, 0x84EB, 0x8D49, 0x8D49,
    0xB758, 0xD75B, 0xDF1B, 0xBE36, 0xAE75, 0xA757, 0xA757, 0xA757, 0xA757, 0xA6B6, 0xADD4, 0xC678, 0xBE18, 0x73EF, 0x5B2C, 0x5B2C
};

const short poke_mart_interior_tile_118[TILE_SIZE * TILE_SIZE] = {
    0x9E09, 0x8DC8, 0x7525, 0x7D87, 0xA64A, 0x9E09, 0x9E09, 0x9E09, 0x8568, 0x6486, 0x8D89, 0xA66C, 0xBF10, 0x9DB0, 0x636E, 0x7CCE,
    0x9E09, 0x95E8, 0x8587, 0x85A7, 0x9E09, 0x9E09, 0x95E8, 0x8DA7, 0x8587, 0x7D66, 0x8DC8, 0x95EA, 0x958E, 0x8CEF, 0x742E, 0x8D8E,
    0x9E09, 0x9E09, 0x9E09, 0x9E09, 0x9E09, 0x9E09, 0x8DC8, 0x7525, 0x7D66, 0x9E09, 0x9E09, 0x8D49, 0x5B2C, 0x742E, 0xB6D1, 0xA68F,
    0xA64B, 0x9E09, 0x9E09, 0x9E09, 0x9E09, 0x9E09, 0x95E8, 0x8DA7, 0x8DC8, 0x9E09, 0xA66C, 0xAE6E, 0x9DAF, 0x8CEF, 0x742E, 0x8D8E,
    0xAE8C, 0x9E09, 0x9E09, 0x9E09, 0xA64A, 0xA64A, 0x9E2A, 0x9E09, 0x9E09, 0x9E09, 0xB6CE, 0xC752, 0xC752, 0x9DAF, 0x5B2C, 0x7CAD,
    0xAE8C, 0x9E09, 0x9E09, 0xA66B, 0xBF10, 0xBF10, 0xB6CE, 0x9E2A, 0x9E09, 0x9E09, 0xB6CE, 0xC752, 0xC752, 0xAE6E, 0x8D49, 0x740C,
    0xAE8D, 0xAE8C, 0xAE8C, 0xB6CE, 0xC752, 0xC752, 0xBF10, 0xAEAD, 0xAE8C, 0xAE8C, 0xAEAD, 0xB6CF, 0xBF31, 0xB6CE, 0x9E09, 0x6BEB,
    0xB6CE, 0xC752, 0xC752, 0xC752, 0xC752, 0xC752, 0xC752, 0xC752, 0xC752, 0xC752, 0xAE8C, 0xA64A, 0xBF10, 0xB6CE, 0x9E09, 0x6BEB,
    0xBF10, 0xC752, 0xC752, 0xC752, 0xC752, 0xC752, 0xC752, 0xC752, 0xC752, 0xC752, 0xB6EF, 0xAE8D, 0x960B, 0x95E9, 0x9E09, 0x852A,
    0xC752, 0xBF31, 0xBF10, 0xBF10, 0xC752, 0xC752, 0xBF31, 0xBF10, 0xBF10, 0xC752, 0xC752, 0xAECF, 0x7D67, 0x7D66, 0x9E09, 0x9E09,
    0xC752, 0xBF10, 0xA66C, 0xAEAD, 0xC752, 0xC752, 0xBF10, 0xA66C, 0xAEAD, 0xC752, 0xC752, 0xAECF, 0x7D67, 0x7D66, 0x9E09, 0x9E09,
    0xB6CE, 0xA68D, 0x8DC8, 0x9E4B, 0xC752, 0xC752, 0xB6EF, 0x95E9, 0x960A, 0xB6CE, 0xB6CE, 0xA66C, 0x85A8, 0x7D08, 0x7C8A, 0x7C8A,
    0x9E09, 0x8DC8, 0x7525, 0x8DEA, 0xC752, 0xC752, 0xAECF, 0x7D67, 0x7D66, 0x9E09, 0x9E09, 0x9E09, 0x9E09, 0x7C8A, 0x528D, 0x528D,
    0x9E09, 0x8D89, 0x6409, 0x850D, 0xC752, 0xC752, 0xAE90, 0x6C4B, 0x7489, 0x9E09, 0x9E09, 0x9E09, 0x9E09, 0x7C8A, 0x528D, 0x6C30,
    0x95A9, 0x8D49, 0x5B2C, 0x7C4E, 0xBF10, 0xBF10, 0xA60F, 0x636D, 0x6BEB, 0x9E09, 0x8D89, 0x8D49, 0x8D49, 0x7C6B, 0x630E, 0x8D93,
    0x84EA, 0x8D49, 0x5B2C, 0x740C, 0xA64A, 0xA64A, 0x958B, 0x634C, 0x6BEB, 0x9E09, 0x744A, 0x5B2C, 0x5B2C, 0x73EE, 0x9CF2, 0x9E55
};

const short poke_mart_interior_tile_119[TILE_SIZE * TILE_SIZE] = {
    0x95D0, 0xB636, 0x73CE, 0x0000, 0x0000, 0x0000, 0x0000, 0x0000, 0x0000, 0x0000, 0x0000, 0x0000, 0x0000, 0x0000, 0x0000, 0x0000,
    0xA691, 0xC6B7, 0x7C0F, 0x0000, 0x0000, 0x0000, 0x0000, 0x0000, 0x0000, 0x0000, 0x0000, 0x0000, 0x0000, 0x0000, 0x0000, 0x0000,
    0xA691, 0xC6B7, 0x7C0F, 0x0000, 0x0000, 0x0000, 0x0000, 0x0000, 0x0000, 0x0000, 0x0000, 0x0000, 0x0000, 0x0000, 0x0000, 0x0000,
    0xA691, 0xC6B7, 0x7C0F, 0x0000, 0x0000, 0x0000, 0x0000, 0x0000, 0x0000, 0x0000, 0x0000, 0x0000, 0x0000, 0x0000, 0x0000, 0x0000,
    0x9DF0, 0xC697, 0x7C0F, 0x0000, 0x0000, 0x0000, 0x0000, 0x0000, 0x0000, 0x0000, 0x0000, 0x0000, 0x0000, 0x0000, 0x0000, 0x0000,
    0x740F, 0xBE17, 0x7C0F, 0x0000, 0x0000, 0x0000, 0x0000, 0x0000, 0x0000, 0x0000, 0x0000, 0x0000, 0x0000, 0x0000, 0x0000, 0x0000,
    0x632E, 0x9D14, 0x6B6D, 0x0000, 0x0000, 0x0000, 0x0000, 0x0000, 0x0000, 0x0000, 0x0000, 0x0000, 0x0000, 0x0000, 0x0000, 0x0000,
    0x5ACD, 0x7BF0, 0x528A, 0x0000, 0x0000, 0x0000, 0x0000, 0x0000, 0x0000, 0x0000, 0x0000, 0x0000, 0x0000, 0x0000, 0x0000, 0x0000,
    0x744B, 0x6B6D, 0x39E8, 0x0000, 0x0000, 0x0000, 0x0000, 0x0000, 0x0000, 0x0000, 0x0000, 0x0000, 0x0000, 0x0000, 0x0000, 0x0000,
    0x8D49, 0x5B2C, 0x3187, 0x0000, 0x0000, 0x0000, 0x0000, 0x0000, 0x0000, 0x0000, 0x0000, 0x0000, 0x0000, 0x0000, 0x0000, 0x0000,
    0x8D49, 0x5B2C, 0x3187, 0x0000, 0x0000, 0x0000, 0x0000, 0x0000, 0x0000, 0x0000, 0x0000, 0x0000, 0x0000, 0x0000, 0x0000, 0x0000,
    0x742B, 0x5AEC, 0x3187, 0x0000, 0x0000, 0x0000, 0x0000, 0x0000, 0x0000, 0x0000, 0x0000, 0x0000, 0x0000, 0x0000, 0x0000, 0x0000,
    0x528D, 0x528D, 0x3187, 0x0000, 0x0000, 0x0000, 0x0000, 0x0000, 0x0000, 0x0000, 0x0000, 0x0000, 0x0000, 0x0000, 0x0000, 0x0000,
    0x8553, 0x8553, 0x4B2B, 0x0000, 0x0000, 0x0000, 0x0000, 0x0000, 0x0000, 0x0000, 0x0000, 0x0000, 0x0000, 0x0000, 0x0000, 0x0000,
    0xA757, 0xA757, 0x646D, 0x0000, 0x0000, 0x0000, 0x0000, 0x0000, 0x0000, 0x0000, 0x0000, 0x0000, 0x0000, 0x0000, 0x0000, 0x0000,
    0xA757, 0xA757, 0x646D, 0x0000, 0x0000, 0x0000, 0x0000, 0x0000, 0x0000, 0x0000, 0x0000, 0x0000, 0x0000, 0x0000, 0x0000, 0x0000
};

const short poke_mart_interior_tile_120[TILE_SIZE * TILE_SIZE] = {
    0x0000, 0x0000, 0x0000, 0x0000, 0x0000, 0x0000, 0x0000, 0x0000, 0x0000, 0x0000, 0x0000, 0x0000, 0x0000, 0x5B69, 0x9590, 0xA553,
    0x0000, 0x0000, 0x0000, 0x0000, 0x0000, 0x0000, 0x0000, 0x0000, 0x0000, 0x0000, 0x0000, 0x0000, 0x0000, 0x528A, 0x94D2, 0xC658,
    0x0000, 0x0000, 0x0000, 0x0000, 0x0000, 0x0000, 0x0000, 0x0000, 0x0000, 0x0000, 0x0000, 0x0000, 0x0000, 0x6B6D, 0xB5F5, 0xAE74,
    0x0000, 0x0000, 0x0000, 0x0000, 0x0000, 0x0000, 0x0000, 0x0000, 0x0000, 0x0000, 0x0000, 0x0000, 0x0000, 0x7C0F, 0xC6B7, 0xA691,
    0x0000, 0x0000, 0x0000, 0x0000, 0x0000, 0x0000, 0x0000, 0x0000, 0x0000, 0x0000, 0x0000, 0x0000, 0x0000, 0x7C0F, 0xC6B7, 0xA691,
    0x0000, 0x0000, 0x0000, 0x0000, 0x0000, 0x0000, 0x0000, 0x0000, 0x0000, 0x0000, 0x0000, 0x0000, 0x0000, 0x7C0F, 0xC6B7, 0xA691,
    0x0000, 0x0000, 0x0000, 0x0000, 0x0000, 0x0000, 0x0000, 0x0000, 0x0000, 0x0000, 0x0000, 0x0000, 0x0000, 0x7C0F, 0xC6B7, 0xA691,
    0x0000, 0x0000, 0x0000, 0x0000, 0x0000, 0x0000, 0x0000, 0x0000, 0x0000, 0x0000, 0x0000, 0x0000, 0x0000, 0x7C0F, 0xC6B7, 0xA691,
    0x0000, 0x0000, 0x0000, 0x0000, 0x0000, 0x0000, 0x0000, 0x0000, 0x0000, 0x0000, 0x0000, 0x0000, 0x0000, 0x7C0F, 0xC6B7, 0xA691,
    0x0000, 0x0000, 0x0000, 0x0000, 0x0000, 0x0000, 0x0000, 0x0000, 0x0000, 0x0000, 0x0000, 0x0000, 0x0000, 0x7C0F, 0xC6B7, 0xA691,
    0x0000, 0x0000, 0x0000, 0x0000, 0x0000, 0x0000, 0x0000, 0x0000, 0x0000, 0x0000, 0x0000, 0x0000, 0x0000, 0x7C0F, 0xC6B7, 0xA691,
    0x0000, 0x0000, 0x0000, 0x0000, 0x0000, 0x0000, 0x0000, 0x0000, 0x0000, 0x0000, 0x0000, 0x0000, 0x0000, 0x7C0F, 0xC6B7, 0xA691,
    0x0000, 0x0000, 0x0000, 0x0000, 0x0000, 0x0000, 0x0000, 0x0000, 0x0000, 0x0000, 0x0000, 0x0000, 0x0000, 0x7C0F, 0xC6B7, 0xA691,
    0x0000, 0x0000, 0x0000, 0x0000, 0x0000, 0x0000, 0x0000, 0x0000, 0x0000, 0x0000, 0x0000, 0x0000, 0x0000, 0x7C0F, 0xC6B7, 0xA691,
    0x0000, 0x0000, 0x0000, 0x0000, 0x0000, 0x0000, 0x0000, 0x0000, 0x0000, 0x0000, 0x0000, 0x0000, 0x0000, 0x7C0F, 0xC6B7, 0xA691,
    0x0000, 0x0000, 0x0000, 0x0000, 0x0000, 0x0000, 0x0000, 0x0000, 0x0000, 0x0000, 0x0000, 0x0000, 0x0000, 0x7C0F, 0xC6B7, 0xA691
};

const short poke_mart_interior_tile_121[TILE_SIZE * TILE_SIZE] = {
    0xADD5, 0xBEB5, 0xA691, 0x9E8F, 0xA68F, 0xA68F, 0xA68F, 0xA68F, 0xA68F, 0xA68F, 0xA68F, 0xA68F, 0xA68F, 0xA68F, 0xA68F, 0x9E8F,
    0xBEB5, 0x9E8F, 0x9E8F, 0x9E8F, 0xAEB0, 0xB6D1, 0xB6D1, 0xB6D1, 0xB6D1, 0xB6D1, 0xB6D1, 0xB6D1, 0xB6D1, 0xB6D1, 0xB6D1, 0xA6B0,
    0xA691, 0x9E8F, 0xA68F, 0xA6B0, 0xA68F, 0xA68F, 0xA68F, 0xA68F, 0xA68F, 0xA68F, 0xA68F, 0xA68F, 0xA68F, 0xA68F, 0xA68F, 0xA6B0,
    0x9E8F, 0x9E8F, 0xA6B0, 0xA6B0, 0x9E8F, 0x9E8F, 0x9E8F, 0x9E8F, 0x9E8F, 0x9E8F, 0x9E8F, 0x9E8F, 0x9E8F, 0x9E8F, 0x9E8F, 0xA68F,
    0xA68F, 0xAEB0, 0xA68F, 0x9E8F, 0x9E8F, 0x9E8F, 0x9E8F, 0x9E8F, 0x9E8F, 0x9E8F, 0x9E8F, 0x9E8F, 0x9E8F, 0x9E8F, 0x9E8F, 0x9E8F,
    0xA68F, 0xB6D1, 0xA68F, 0x9E8F, 0x9E8F, 0x9E8F, 0x9E8F, 0x9E8F, 0x9E8F, 0x9E8F, 0x9E8F, 0x9E8F, 0x9E8F, 0x9E8F, 0x9E8F, 0x9E8F,
    0xA68F, 0xB6D1, 0xA68F, 0x9E8F, 0x9E8F, 0x9E8F, 0x9E8F, 0x9E8F, 0x9E8F, 0x9E8F, 0x9E8F, 0x9E8F, 0x9E8F, 0x9E8F, 0x9E8F, 0x9E8F,
    0xA68F, 0xB6D1, 0xA68F, 0x9E8F, 0x9E8F, 0x9E8F, 0x9E8F, 0x9E8F, 0x9E8F, 0x9E8F, 0x9E8F, 0x9E8F, 0x9E8F, 0x9E8F, 0x9E8F, 0x9E8F,
    0xA68F, 0xB6D1, 0xA68F, 0x9E8F, 0x9E8F, 0x9E8F, 0x9E8F, 0x9E8F, 0x9E8F, 0x9E8F, 0x9E8F, 0x9E8F, 0x9E8F, 0x9E8F, 0x9E8F, 0x9E8F,
    0xA68F, 0xB6D1, 0xA68F, 0x9E8F, 0x9E8F, 0x9E8F, 0x9E8F, 0x9E8F, 0x9E8F, 0x9E8F, 0x9E8F, 0x9E8F, 0x9E8F, 0x9E8F, 0x9E8F, 0x9E8F,
    0xA68F, 0xB6D1, 0xA68F, 0x9E8F, 0x9E8F, 0x9E8F, 0x9E8F, 0x9E8F, 0x9E8F, 0x9E8F, 0x9E8F, 0x9E8F, 0x9E8F, 0x9E8F, 0x9E8F, 0x9E8F,
    0xA68F, 0xB6D1, 0xA68F, 0x9E8F, 0x9E8F, 0x9E8F, 0x9E8F, 0x9E8F, 0x9E8F, 0x9E8F, 0x9E8F, 0x9E8F, 0x9E8F, 0x9E8F, 0x9E8F, 0x9E8F,
    0xA68F, 0xB6D1, 0xA68F, 0x9E8F, 0x9E8F, 0x9E8F, 0x9E8F, 0x9E8F, 0x9E8F, 0x9E8F, 0x9E8F, 0x9E8F, 0x9E8F, 0x9E8F, 0x9E8F, 0x9E8F,
    0xA68F, 0xB6D1, 0xA68F, 0x9E8F, 0x9E8F, 0x9E8F, 0x9E8F, 0x9E8F, 0x9E8F, 0x9E8F, 0x9E8F, 0x9E8F, 0x9E8F, 0x9E8F, 0x9E8F, 0x9E8F,
    0xA68F, 0xB6D1, 0xA68F, 0x9E8F, 0x9E8F, 0x9E8F, 0x9E8F, 0x9E8F, 0x9E8F, 0x9E8F, 0x9E8F, 0x9E8F, 0x9E8F, 0x9E8F, 0x9E8F, 0x9E8F,
    0x9E8F, 0xA6B0, 0xA6B0, 0xA68F, 0x9E8F, 0x9E8F, 0x9E8F, 0x9E8F, 0x9E8F, 0x9E8F, 0x9E8F, 0x9E8F, 0x9E8F, 0x9E8F, 0x9E8F, 0x9E8F
};

const short poke_mart_interior_tile_122[TILE_SIZE * TILE_SIZE] = {
    0x9E8F, 0xAE93, 0xB675, 0xAD94, 0x9D72, 0x958F, 0x962F, 0x9E90, 0xA694, 0xB696, 0xCE78, 0xD71A, 0xCF9A, 0xAF58, 0xA757, 0xB778,
    0x9E8F, 0x9E8F, 0xA691, 0xC6B7, 0xB5D6, 0x8C51, 0x958F, 0x9E50, 0xADB3, 0xCE78, 0xFFDF, 0xC77A, 0xA757, 0xA757, 0xB778, 0xCFDA,
    0xA6B0, 0x9E8F, 0x9E8F, 0xAE92, 0xB654, 0xB5D6, 0x9D72, 0x9D92, 0xCE98, 0xD71A, 0xC77A, 0xAF58, 0xA757, 0xB798, 0xB798, 0xB778,
    0xAEB0, 0xA68F, 0x9E8F, 0x9E8F, 0xAE93, 0xD6DA, 0xA554, 0x9CF3, 0xE71C, 0xD79B, 0xA757, 0xA757, 0xAF78, 0xBF99, 0xB798, 0xA757,
    0x9E8F, 0xA6B0, 0xA6B0, 0x9E8F, 0xAE93, 0xD6DA, 0xA554, 0x9CF3, 0xE71C, 0xD79B, 0xA757, 0xB798, 0xBF99, 0xAF78, 0xA757, 0xA757,
    0x9E8F, 0xA6B0, 0xAEB0, 0x9E8F, 0xAE93, 0xD6DA, 0xA554, 0x9CF3, 0xE71C, 0xD79B, 0xA757, 0xBF98, 0xC7B9, 0xAF57, 0xA757, 0xA757,
    0x9E8F, 0xA6B0, 0xAEB0, 0x9E8F, 0xAE93, 0xD6DA, 0xA554, 0x9CF3, 0xE71C, 0xD79B, 0xA757, 0xBF98, 0xC7B9, 0xAF57, 0xA757, 0xA757,
    0x9E8F, 0xA6B0, 0xAEB0, 0x9E8F, 0xAE93, 0xD6DA, 0xA554, 0x9CF3, 0xE71C, 0xD79B, 0xA757, 0xBF98, 0xC7B9, 0xAF57, 0xA757, 0xA757,
    0x9E8F, 0xA6B0, 0xAEB0, 0x9E8F, 0xAE93, 0xD6DA, 0xA554, 0x9CF3, 0xE71C, 0xD79B, 0xA757, 0xBF98, 0xC7B9, 0xAF57, 0xA757, 0xA757,
    0x9E8F, 0xA6B0, 0xAEB0, 0x9E8F, 0xAE93, 0xD6DA, 0xA554, 0x9CF3, 0xE71C, 0xD79B, 0xA757, 0xBF98, 0xC7B9, 0xAF57, 0xA757, 0xA757,
    0x9E8F, 0xA6B0, 0xAEB0, 0x9E8F, 0xAE93, 0xD6DA, 0xA554, 0x9CF3, 0xE71C, 0xD79B, 0xA757, 0xBF98, 0xC7B9, 0xAF57, 0xA757, 0xA757,
    0x9E8F, 0xA6B0, 0xAEB0, 0x9E8F, 0xAE93, 0xD6DA, 0xA554, 0x9CF3, 0xE71C, 0xD79B, 0xA757, 0xBF98, 0xC7B9, 0xAF57, 0xA757, 0xA757,
    0x9E8F, 0xA6B0, 0xAEB0, 0x9E8F, 0xAE93, 0xD6DA, 0xA554, 0x9CF3, 0xE71C, 0xD79B, 0xA757, 0xBF98, 0xC7B9, 0xAF57, 0xA757, 0xA757,
    0x9E8F, 0xA6B0, 0xAEB0, 0x9E8F, 0xAE93, 0xD6DA, 0xA554, 0x9CF3, 0xE71C, 0xD79B, 0xA757, 0xBF98, 0xC7B9, 0xAF57, 0xA757, 0xA757,
    0x9E8F, 0xA6B0, 0xAEB0, 0x9E8F, 0xAE93, 0xD6DA, 0xA554, 0x9CF3, 0xE71C, 0xD79B, 0xA757, 0xBF98, 0xC7B9, 0xAF57, 0xA757, 0xA757,
    0xA68F, 0xA6B0, 0xA6B0, 0x9E8F, 0xAE93, 0xD6DA, 0xA554, 0x9CF3, 0xE71C, 0xD79B, 0xA757, 0xAF78, 0xB798, 0xB778, 0xAF77, 0xA757
};

const short poke_mart_interior_tile_123[TILE_SIZE * TILE_SIZE] = {
    0xB778, 0xB778, 0xB778, 0xB778, 0xB778, 0xB778, 0xB778, 0xB778, 0xB778, 0xB778, 0xA757, 0xAF58, 0xCF9A, 0xD71A, 0xCE78, 0xB696,
    0xCFDA, 0xCFDA, 0xCFDA, 0xCFDA, 0xCFDA, 0xCFDA, 0xCFDA, 0xCFDA, 0xCFDA, 0xCFDA, 0xB778, 0xA757, 0xA757, 0xC77A, 0xFFDF, 0xCE78,
    0xB778, 0xB778, 0xB778, 0xB778, 0xB778, 0xB778, 0xB778, 0xB778, 0xB778, 0xB778, 0xB798, 0xB798, 0xA757, 0xAF58, 0xC77A, 0xD71A,
    0xA757, 0xA757, 0xA757, 0xA757, 0xA757, 0xA757, 0xA757, 0xA757, 0xA757, 0xA757, 0xB798, 0xBF99, 0xAF78, 0xA757, 0xA757, 0xD79B,
    0xA757, 0xA757, 0xA757, 0xA757, 0xA757, 0xA757, 0xA757, 0xA757, 0xA757, 0xA757, 0xA757, 0xAF78, 0xBF99, 0xB798, 0xA757, 0xD79B,
    0xA757, 0xA757, 0xA757, 0xA757, 0xA757, 0xA757, 0xA757, 0xA757, 0xA757, 0xA757, 0xA757, 0xAF57, 0xC7B9, 0xBF98, 0xA757, 0xD79B,
    0xA757, 0xA757, 0xA757, 0xA757, 0xA757, 0xA757, 0xA757, 0xA757, 0xA757, 0xA757, 0xA757, 0xAF57, 0xC7B9, 0xBF98, 0xA757, 0xD79B,
    0xA757, 0xA757, 0xA757, 0xA757, 0xA757, 0xA757, 0xA757, 0xA757, 0xA757, 0xA757, 0xA757, 0xAF57, 0xC7B9, 0xBF98, 0xA757, 0xD79B,
    0xA757, 0xA757, 0xA757, 0xA757, 0xA757, 0xA757, 0xA757, 0xA757, 0xA757, 0xA757, 0xA757, 0xAF57, 0xC7B9, 0xBF98, 0xA757, 0xD79B,
    0xA757, 0xA757, 0xA757, 0xA757, 0xA757, 0xA757, 0xA757, 0xA757, 0xA757, 0xA757, 0xA757, 0xAF57, 0xC7B9, 0xBF98, 0xA757, 0xD79B,
    0xA757, 0xA757, 0xA757, 0xA757, 0xA757, 0xA757, 0xA757, 0xA757, 0xA757, 0xA757, 0xA757, 0xAF57, 0xC7B9, 0xBF98, 0xA757, 0xD79B,
    0xA757, 0xA757, 0xA757, 0xA757, 0xA757, 0xA757, 0xA757, 0xA757, 0xA757, 0xA757, 0xA757, 0xAF57, 0xC7B9, 0xBF98, 0xA757, 0xD79B,
    0xA757, 0xA757, 0xA757, 0xA757, 0xA757, 0xA757, 0xA757, 0xA757, 0xA757, 0xA757, 0xA757, 0xAF57, 0xC7B9, 0xBF98, 0xA757, 0xD79B,
    0xA757, 0xA757, 0xA757, 0xA757, 0xA757, 0xA757, 0xA757, 0xA757, 0xA757, 0xA757, 0xA757, 0xAF57, 0xC7B9, 0xBF98, 0xA757, 0xD79B,
    0xA757, 0xA757, 0xA757, 0xA757, 0xA757, 0xA757, 0xA757, 0xA757, 0xA757, 0xA757, 0xA757, 0xAF57, 0xC7B9, 0xBF98, 0xA757, 0xD79B,
    0xA757, 0xA757, 0xA757, 0xA757, 0xA757, 0xA757, 0xA757, 0xA757, 0xA757, 0xA757, 0xAF77, 0xB778, 0xB798, 0xAF78, 0xA757, 0xD79B
};

const short poke_mart_interior_tile_124[TILE_SIZE * TILE_SIZE] = {
    0xA6B6, 0xA736, 0x8553, 0x528D, 0xB5B7, 0xE75C, 0x9E36, 0x85D4, 0x85D4, 0x9D55, 0xBD93, 0xEF0A, 0xFF87, 0xFF87, 0xFF87, 0xFF87,
    0xADD4, 0xA6F6, 0x8553, 0x528D, 0xB5B7, 0xE75C, 0x9E36, 0x85D4, 0x85D4, 0x9D55, 0xBD93, 0xEF0A, 0xFF87, 0xFF87, 0xFF87, 0xFF87,
    0xD6B9, 0xB656, 0x84B1, 0x528D, 0xB5B7, 0xE75C, 0x9E36, 0x85D4, 0x85D4, 0x9D55, 0xBD93, 0xEF0A, 0xFF87, 0xFF87, 0xFF87, 0xFF87,
    0xEF5C, 0xBDF6, 0x8C51, 0x528D, 0xB5B7, 0xE77D, 0x9E37, 0x85D5, 0x85D5, 0x9D56, 0xBD93, 0xEF0A, 0xFF87, 0xFF87, 0xFF87, 0xFF87,
    0xEF5C, 0xBDF6, 0x8C51, 0x528D, 0xB5B7, 0xE77E, 0x9E7B, 0x863A, 0x863A, 0x9D78, 0xBD93, 0xEF0A, 0xFF87, 0xFF87, 0xFF87, 0xFF87,
    0xEF5C, 0xBDF6, 0x8C51, 0x528D, 0xB5B7, 0xE77E, 0x9E9C, 0x8E5C, 0x8E5C, 0x9D99, 0xBD93, 0xEF0A, 0xFF87, 0xFF87, 0xFF87, 0xFF87,
    0xEF5C, 0xBDF6, 0x8C51, 0x528D, 0xB5B7, 0xE77E, 0x9E9C, 0x8E5C, 0x8E5C, 0x9D99, 0xBD93, 0xEF0A, 0xFF87, 0xFF87, 0xFF87, 0xFF87,
    0xEF5C, 0xBDF6, 0x8C51, 0x528D, 0xB5B7, 0xE77E, 0x9E9C, 0x8E5C, 0x8E5C, 0x9D99, 0xBD93, 0xEF0A, 0xFF87, 0xFF87, 0xFF87, 0xFF87,
    0xEF5C, 0xBDF6, 0x8C51, 0x528D, 0xB5B7, 0xE77E, 0x9E9C, 0x8E5C, 0x8E5C, 0x95B9, 0xB595, 0xDEAD, 0xEF0A, 0xEF0A, 0xEF0A, 0xEF0A,
    0xEF5C, 0xBDF6, 0x8C51, 0x528D, 0xB5B7, 0xE77E, 0x9E9C, 0x8E5C, 0x8E5C, 0x8E1B, 0x95F9, 0xB595, 0xBD93, 0xBD93, 0xBD93, 0xBD93,
    0xEF5C, 0xBDF6, 0x8C51, 0x528D, 0xB5B7, 0xE77E, 0x9E9C, 0x8E5C, 0x8E5C, 0x8E5C, 0x963B, 0xBE3A, 0xCE1A, 0xCE1A, 0xCE1A, 0xBDFA,
    0xEF5C, 0xBDF6, 0x8C51, 0x528D, 0xB5B7, 0xE77E, 0x9E9C, 0x8E5C, 0x8E5C, 0x8E5C, 0x9E9C, 0xE77E, 0xFFDF, 0xFFDF, 0xFFDF, 0xE77E,
    0xEF5C, 0xBDF6, 0x8C51, 0x528D, 0xB5B7, 0xE77E, 0x9E9C, 0x8E5C, 0x8E5C, 0xB6DD, 0xD75E, 0xEFBE, 0xFFDF, 0xFFDF, 0xCF3D, 0xAEBD,
    0xEF5C, 0xBDF6, 0x8C51, 0x528D, 0xB5B7, 0xE77E, 0x9E7B, 0x965B, 0x9E9C, 0xD75E, 0xFFDF, 0xFFDF, 0xEF9E, 0xE75C, 0xAEBB, 0x863A,
    0xEF5C, 0xBDF6, 0x8C51, 0x528D, 0xB5B7, 0xE77D, 0x9E37, 0xAE99, 0xE77E, 0xEFBE, 0xFFDF, 0xFFDF, 0xD73B, 0x9E36, 0x8DF5, 0x85D5,
    0xEF5C, 0xBDF6, 0x8C51, 0x528D, 0xB5B7, 0xEF9D, 0xBED9, 0xCF1B, 0xFFDF, 0xFFDF, 0xF7BF, 0xEF9F, 0xBEDA, 0x85D4, 0x85D4, 0x85D4
};

const short poke_mart_interior_tile_125[TILE_SIZE * TILE_SIZE] = {
    0xFF87, 0xFF87, 0xFF87, 0xFF87, 0xEF0A, 0xBD93, 0xCE1A, 0xFFDF, 0xDF5C, 0xCEFB, 0xCF1E, 0x9D37, 0x528D, 0x7C6E, 0x9590, 0xA553,
    0xFF87, 0xFF87, 0xFF87, 0xFF87, 0xEF0A, 0xBD93, 0xCE1A, 0xFFDF, 0xB698, 0x8E16, 0xBEDC, 0x9D37, 0x528D, 0x738F, 0x94D2, 0xC658,
    0xFF87, 0xFF87, 0xFF87, 0xFF87, 0xEF0A, 0xBD93, 0xADB7, 0xB698, 0x9615, 0x8E16, 0xBEDC, 0x9D37, 0x528D, 0x8C72, 0xB5F5, 0xAE74,
    0xFF87, 0xFF87, 0xFF87, 0xFF87, 0xEF0A, 0xBD93, 0x9D56, 0x85D5, 0x85D5, 0x9617, 0xBEDD, 0x9D37, 0x528D, 0x9D14, 0xC6B7, 0xA691,
    0xFF87, 0xFF87, 0xFF87, 0xFF87, 0xEF0A, 0xBD93, 0x9D78, 0x863A, 0x863A, 0x965B, 0xBEDE, 0x9D37, 0x528D, 0x9D14, 0xC6B7, 0xA691,
    0xFF87, 0xFF87, 0xFF87, 0xFF87, 0xEF0A, 0xBD93, 0x9D99, 0x8E5C, 0x8E5C, 0x967C, 0xBEDE, 0x9D37, 0x528D, 0x9D14, 0xC6B7, 0xA691,
    0xFF87, 0xFF87, 0xFF87, 0xFF87, 0xEF0A, 0xBD93, 0x9D99, 0x8E5C, 0x8E5C, 0x967C, 0xBEDE, 0x9D37, 0x528D, 0x9D14, 0xC6B7, 0xA691,
    0xFF87, 0xFF87, 0xFF87, 0xFF87, 0xEF0A, 0xBD93, 0x9D99, 0x8E5C, 0x8E5C, 0x967C, 0xBEDE, 0x9D37, 0x528D, 0x9D14, 0xC6B7, 0xA691,
    0xEF0A, 0xEF0A, 0xEF0A, 0xEF0A, 0xDEAD, 0xB595, 0x95B9, 0x8E5C, 0x8E5C, 0x967C, 0xBEDE, 0x9D37, 0x528D, 0x9D14, 0xC6B7, 0xA691,
    0xBD93, 0xBD93, 0xBD93, 0xBD93, 0xB595, 0x95F9, 0x8E1B, 0x8E5C, 0x8E5C, 0x967C, 0xBEDE, 0x9D37, 0x528D, 0x9D14, 0xC6B7, 0xA691,
    0xA5B9, 0x9D99, 0x9D99, 0xADB9, 0xADFA, 0x963B, 0x8E5C, 0x8E5C, 0x8E5C, 0x967C, 0xBEDE, 0x9D37, 0x528D, 0x9D14, 0xC6B7, 0xA691,
    0x9E9C, 0x8E5C, 0x8E5C, 0xAEBD, 0xBEDE, 0x967C, 0x8E5C, 0x8E5C, 0x8E5C, 0x967C, 0xBEDE, 0x9D37, 0x528D, 0x9D14, 0xC6B7, 0xA691,
    0x967C, 0x8E5C, 0x8E5C, 0xAEBD, 0xBEDE, 0x967C, 0x8E5C, 0x8E5C, 0x8E5C, 0x967C, 0xBEDE, 0x9D37, 0x528D, 0x9D14, 0xC6B7, 0xA691,
    0x863A, 0x863A, 0x863A, 0xAEBD, 0xBEDE, 0x965B, 0x863A, 0x863A, 0x863A, 0x965B, 0xBEDE, 0x9D37, 0x528D, 0x9D14, 0xC6B7, 0xA691,
    0x85D5, 0x85D5, 0x85D5, 0xAE9B, 0xBEDD, 0x9617, 0x85D5, 0x85D5, 0x85D5, 0x9617, 0xBEDD, 0x9D37, 0x528D, 0x9D14, 0xC6B7, 0xA691,
    0x85D4, 0x85D4, 0x85D4, 0xAE9A, 0xBEDC, 0x8E16, 0x85D4, 0x85D4, 0x85D4, 0x8E16, 0xBEDC, 0x9D37, 0x528D, 0x9D14, 0xC6B7, 0xA691
};

const short poke_mart_interior_tile_126[TILE_SIZE * TILE_SIZE] = {
    0xADD5, 0xBEB5, 0xA691, 0x9E8F, 0xA68F, 0xA68F, 0xA68F, 0xA68F, 0xA68F, 0xA68F, 0xA6F3, 0xB778, 0xB778, 0xB778, 0xB778, 0xAF77,
    0xBEB5, 0x9E8F, 0x9E8F, 0x9E8F, 0xAEB0, 0xB6D1, 0xB6D1, 0xB6D1, 0xB6D1, 0xB6D1, 0xBF34, 0xCFDA, 0xCFDA, 0xCFDA, 0xCFDA, 0xBF98,
    0xA691, 0x9E8F, 0xA68F, 0xA6B0, 0xA68F, 0xA68F, 0xA68F, 0xA68F, 0xA68F, 0xA68F, 0xA6F3, 0xB778, 0xB778, 0xB778, 0xB778, 0xB798,
    0x9E8F, 0x9E8F, 0xA6B0, 0xA6B0, 0x9E8F, 0x9E8F, 0x9E8F, 0x9E8F, 0x9E8F, 0x9E8F, 0x9ED2, 0xA757, 0xA757, 0xA757, 0xA757, 0xAF78,
    0xA68F, 0xAEB0, 0xA68F, 0x9E8F, 0x9E8F, 0x9E8F, 0x9E8F, 0x9E8F, 0x9E8F, 0x9E8F, 0x9ED2, 0xA757, 0xA757, 0xA757, 0xA757, 0xA757,
    0xA68F, 0xB6D1, 0xA68F, 0x9E8F, 0x9E8F, 0x9E8F, 0x9E8F, 0x9E8F, 0x9E8F, 0x9E8F, 0x9ED2, 0xA757, 0xA757, 0xA757, 0xA757, 0xA757,
    0xA68F, 0xB6D1, 0xA68F, 0x9E8F, 0x9E8F, 0x9E8F, 0x9E8F, 0x9E8F, 0x9E8F, 0x9E8F, 0x9ED2, 0xA757, 0xA757, 0xA757, 0xA757, 0xA757,
    0xA68F, 0xB6D1, 0xA68F, 0x9E8F, 0x9E8F, 0x9E8F, 0x9E8F, 0x9E8F, 0x9E8F, 0x9E8F, 0x9ED2, 0xA757, 0xA757, 0xA757, 0xA757, 0xA757,
    0xA68F, 0xB6D1, 0xA68F, 0x9E8F, 0x9E8F, 0x9E8F, 0x9E8F, 0x9E8F, 0x9E8F, 0x9E8F, 0x9ED2, 0xA757, 0xA757, 0xA757, 0xA757, 0xA757,
    0xA68F, 0xB6D1, 0xA68F, 0x9E8F, 0x9E8F, 0x9E8F, 0x9E8F, 0x9E8F, 0x9E8F, 0x9E8F, 0x9ED2, 0xA757, 0xA757, 0xA757, 0xA757, 0xA757,
    0xA68F, 0xB6D1, 0xA68F, 0x9E8F, 0x9E8F, 0x9E8F, 0x9E8F, 0x9E8F, 0x9E8F, 0x9E8F, 0x9ED2, 0xA757, 0xA757, 0xA757, 0xA757, 0xA757,
    0xA68F, 0xB6D1, 0xA68F, 0x9E8F, 0x9E8F, 0x9E8F, 0x9E8F, 0x9E8F, 0x9E8F, 0x9E8F, 0x9ED2, 0xA757, 0xA757, 0xA757, 0xA757, 0xA757,
    0xA68F, 0xB6D1, 0xA68F, 0x9E8F, 0x9E8F, 0x9E8F, 0x9E8F, 0x9E8F, 0x9E8F, 0x9E8F, 0x9ED2, 0xA757, 0xA757, 0xA757, 0xA757, 0xA757,
    0xA68F, 0xB6D1, 0xA68F, 0x9E8F, 0x9E8F, 0x9E8F, 0x9E8F, 0x9E8F, 0x9E8F, 0x9E8F, 0x9ED2, 0xA757, 0xA757, 0xA757, 0xA757, 0xA757,
    0xA68F, 0xB6D1, 0xA68F, 0x9E8F, 0x9E8F, 0x9E8F, 0x9E8F, 0x9E8F, 0x9E8F, 0x9E8F, 0x9ED2, 0xA757, 0xA757, 0xA757, 0xA757, 0xA757,
    0x9E8F, 0xA6B0, 0xA6B0, 0xA68F, 0x9E8F, 0x9E8F, 0x9E8F, 0x9E8F, 0x9E8F, 0x9E8F, 0x9ED2, 0xA757, 0xA757, 0xA757, 0xA757, 0xA757
};

const short poke_mart_interior_tile_127[TILE_SIZE * TILE_SIZE] = {
    0xA757, 0xC779, 0xD75B, 0xCEB9, 0xBE77, 0xA695, 0xA6F6, 0xA736, 0xA6B6, 0xB696, 0xCE78, 0xD71A, 0xCF9A, 0xAF58, 0xA757, 0xB778,
    0xA757, 0xA757, 0xB758, 0xE7BD, 0xDEDA, 0xB594, 0xA695, 0xA6F6, 0xADD4, 0xCE78, 0xFFDF, 0xC77A, 0xA757, 0xA757, 0xB778, 0xCFDA,
    0xBF98, 0xAF77, 0xA757, 0xBF79, 0xCF3A, 0xDEDA, 0xBE77, 0xB656, 0xD6B9, 0xD71A, 0xC77A, 0xAF58, 0xA757, 0xB798, 0xB798, 0xB778,
    0xC7B9, 0xB778, 0xA757, 0xA757, 0xC77A, 0xFFDF, 0xCE78, 0xBDF6, 0xEF5C, 0xD79B, 0xA757, 0xA757, 0xAF78, 0xBF99, 0xB798, 0xA757,
    0xAF57, 0xB798, 0xBF98, 0xA757, 0xC77A, 0xFFDF, 0xCE78, 0xBDF6, 0xEF5C, 0xD79B, 0xA757, 0xB798, 0xBF99, 0xAF78, 0xA757, 0xA757,
    0xA757, 0xBF98, 0xC7B9, 0xAF57, 0xC77A, 0xFFDF, 0xCE78, 0xBDF6, 0xEF5C, 0xD79B, 0xA757, 0xBF98, 0xC7B9, 0xAF57, 0xA757, 0xA757,
    0xA757, 0xBF98, 0xC7B9, 0xAF57, 0xC77A, 0xFFDF, 0xCE78, 0xBDF6, 0xEF5C, 0xD79B, 0xA757, 0xBF98, 0xC7B9, 0xAF57, 0xA757, 0xA757,
    0xA757, 0xBF98, 0xC7B9, 0xAF57, 0xC77A, 0xFFDF, 0xCE78, 0xBDF6, 0xEF5C, 0xD79B, 0xA757, 0xBF98, 0xC7B9, 0xAF57, 0xA757, 0xA757,
    0xA757, 0xBF98, 0xC7B9, 0xAF57, 0xC77A, 0xFFDF, 0xCE78, 0xBDF6, 0xEF5C, 0xD79B, 0xA757, 0xBF98, 0xC7B9, 0xAF57, 0xA757, 0xA757,
    0xA757, 0xBF98, 0xC7B9, 0xAF57, 0xC77A, 0xFFDF, 0xCE78, 0xBDF6, 0xEF5C, 0xD79B, 0xA757, 0xBF98, 0xC7B9, 0xAF57, 0xA757, 0xA757,
    0xA757, 0xBF98, 0xC7B9, 0xAF57, 0xC77A, 0xFFDF, 0xCE78, 0xBDF6, 0xEF5C, 0xD79B, 0xA757, 0xBF98, 0xC7B9, 0xAF57, 0xA757, 0xA757,
    0xA757, 0xBF98, 0xC7B9, 0xAF57, 0xC77A, 0xFFDF, 0xCE78, 0xBDF6, 0xEF5C, 0xD79B, 0xA757, 0xBF98, 0xC7B9, 0xAF57, 0xA757, 0xA757,
    0xA757, 0xBF98, 0xC7B9, 0xAF57, 0xC77A, 0xFFDF, 0xCE78, 0xBDF6, 0xEF5C, 0xD79B, 0xA757, 0xBF98, 0xC7B9, 0xAF57, 0xA757, 0xA757,
    0xA757, 0xBF98, 0xC7B9, 0xAF57, 0xC77A, 0xFFDF, 0xCE78, 0xBDF6, 0xEF5C, 0xD79B, 0xA757, 0xBF98, 0xC7B9, 0xAF57, 0xA757, 0xA757,
    0xA757, 0xBF98, 0xC7B9, 0xAF57, 0xC77A, 0xFFDF, 0xCE78, 0xBDF6, 0xEF5C, 0xD79B, 0xA757, 0xBF98, 0xC7B9, 0xAF57, 0xA757, 0xA757,
    0xB778, 0xB798, 0xB798, 0xA757, 0xC77A, 0xFFDF, 0xCE78, 0xBDF6, 0xEF5C, 0xD79B, 0xA757, 0xAF78, 0xB798, 0xB778, 0xAF77, 0xA757
};

const short poke_mart_interior_tile_128[TILE_SIZE * TILE_SIZE] = {
    0xB778, 0xB778, 0xB778, 0xB778, 0xB778, 0xB778, 0xB778, 0xB778, 0xB778, 0xB778, 0xA757, 0xAF58, 0xCF9A, 0xD71A, 0xCE78, 0xB696,
    0xCFDA, 0xCFDA, 0xCFDA, 0xCFDA, 0xCFDA, 0xCFDA, 0xCFDA, 0xCFDA, 0xCFDA, 0xCFDA, 0xB778, 0xA757, 0xA757, 0xC77A, 0xFFDF, 0xCE78,
    0xB778, 0xB778, 0xB778, 0xB778, 0xB778, 0xB778, 0xB778, 0xB778, 0xB778, 0xB778, 0xB798, 0xB798, 0xA757, 0xAF58, 0xC77A, 0xD71A,
    0xA757, 0xA757, 0xA757, 0xA757, 0xA757, 0xA757, 0xA757, 0xA757, 0xA757, 0xA757, 0xB798, 0xBF99, 0xAF78, 0xA757, 0xA757, 0xD79B,
    0xA757, 0xA757, 0xA757, 0xA757, 0xA757, 0xA757, 0xA757, 0xA757, 0xA757, 0xA757, 0xA757, 0xAF78, 0xBF99, 0xB798, 0xA757, 0xD79B,
    0xA757, 0xA757, 0xA757, 0xA757, 0xA757, 0xA757, 0xA757, 0xA757, 0xA757, 0xA757, 0xA757, 0xAF57, 0xC7B9, 0xBF98, 0xA757, 0xD79B,
    0xA757, 0xA757, 0xA757, 0xA757, 0xA757, 0xA757, 0xA757, 0xA757, 0xA757, 0xA757, 0xA757, 0xAF57, 0xC7B9, 0xBF98, 0xA757, 0xD79B,
    0xA757, 0xA757, 0xA757, 0xA757, 0xA757, 0xA757, 0xA757, 0xA757, 0xA757, 0xA757, 0xA757, 0xAF57, 0xC7B9, 0xBF98, 0xA757, 0xD79B,
    0xA757, 0xA757, 0xA757, 0xA757, 0xA757, 0xA757, 0xA757, 0xA757, 0xA757, 0xA757, 0xA757, 0xAF57, 0xC7B9, 0xBF98, 0xA757, 0xD79B,
    0xA757, 0xA757, 0xA757, 0xA757, 0xA757, 0xA757, 0xA757, 0xA757, 0xA757, 0xA757, 0xA757, 0xAF57, 0xC7B9, 0xBF98, 0xA757, 0xD79B,
    0xA757, 0xA757, 0xA757, 0xA757, 0xA757, 0xA757, 0xA757, 0xA757, 0xA757, 0xA757, 0xA757, 0xAF57, 0xC7B9, 0xBF98, 0xA757, 0xD79B,
    0xA757, 0xA757, 0xA757, 0xA757, 0xA757, 0xA757, 0xA757, 0xA757, 0xA757, 0xA757, 0xA757, 0xAF57, 0xC7B9, 0xBF98, 0xA757, 0xD79B,
    0xA757, 0xA757, 0xA757, 0xA757, 0xA757, 0xA757, 0xA757, 0xA757, 0xA757, 0xA757, 0xA757, 0xAF57, 0xC7B9, 0xBF98, 0xA757, 0xD79B,
    0xA757, 0xA757, 0xA757, 0xA757, 0xA757, 0xA757, 0xA757, 0xA757, 0xA757, 0xA757, 0xA757, 0xAF57, 0xC7B9, 0xBF98, 0xA757, 0xD79B,
    0xA757, 0xA757, 0xA757, 0xA757, 0xA757, 0xA757, 0xA757, 0xA757, 0xA757, 0xA757, 0xA757, 0xAF57, 0xC7B9, 0xBF98, 0xA757, 0xD79B,
    0xA757, 0xA757, 0xA757, 0xA757, 0xA757, 0xA757, 0xA757, 0xA757, 0xA757, 0xA757, 0xAF77, 0xB778, 0xB798, 0xAF78, 0xA757, 0xD79B
};

const short poke_mart_interior_tile_129[TILE_SIZE * TILE_SIZE] = {
    0xA6B6, 0xA736, 0xA6F6, 0xA695, 0xBE77, 0xCEB9, 0xD75B, 0xC779, 0xA757, 0xAF77, 0xB778, 0xB778, 0xB778, 0xB778, 0xB778, 0xB778,
    0xADD4, 0xA6F6, 0xA695, 0xB594, 0xDEDA, 0xE7BD, 0xB758, 0xA757, 0xA757, 0xBF98, 0xCFDA, 0xCFDA, 0xCFDA, 0xCFDA, 0xCFDA, 0xCFDA,
    0xD6B9, 0xB656, 0xBE77, 0xDEDA, 0xCF3A, 0xBF79, 0xA757, 0xAF77, 0xBF98, 0xB798, 0xB778, 0xB778, 0xB778, 0xB778, 0xB778, 0xB778,
    0xEF5C, 0xBDF6, 0xCE78, 0xFFDF, 0xC77A, 0xA757, 0xA757, 0xB778, 0xC7B9, 0xAF78, 0xA757, 0xA757, 0xA757, 0xA757, 0xA757, 0xA757,
    0xEF5C, 0xBDF6, 0xCE78, 0xFFDF, 0xC77A, 0xA757, 0xBF98, 0xB798, 0xAF57, 0xA757, 0xA757, 0xA757, 0xA757, 0xA757, 0xA757, 0xA757,
    0xEF5C, 0xBDF6, 0xCE78, 0xFFDF, 0xC77A, 0xAF57, 0xC7B9, 0xBF98, 0xA757, 0xA757, 0xA757, 0xA757, 0xA757, 0xA757, 0xA757, 0xA757,
    0xEF5C, 0xBDF6, 0xCE78, 0xFFDF, 0xC77A, 0xAF57, 0xC7B9, 0xBF98, 0xA757, 0xA757, 0xA757, 0xA757, 0xA757, 0xA757, 0xA757, 0xA757,
    0xEF5C, 0xBDF6, 0xCE78, 0xFFDF, 0xC77A, 0xAF57, 0xC7B9, 0xBF98, 0xA757, 0xA757, 0xA757, 0xA757, 0xA757, 0xA757, 0xA757, 0xA757,
    0xEF5C, 0xBDF6, 0xCE78, 0xFFDF, 0xC77A, 0xAF57, 0xC7B9, 0xBF98, 0xA757, 0xA757, 0xA757, 0xA757, 0xA757, 0xA757, 0xA757, 0xA757,
    0xEF5C, 0xBDF6, 0xCE78, 0xFFDF, 0xC77A, 0xAF57, 0xC7B9, 0xBF98, 0xA757, 0xA757, 0xA757, 0xA757, 0xA757, 0xA757, 0xA757, 0xA757,
    0xEF5C, 0xBDF6, 0xCE78, 0xFFDF, 0xC77A, 0xAF57, 0xC7B9, 0xBF98, 0xA757, 0xA757, 0xA757, 0xA757, 0xA757, 0xA757, 0xA757, 0xA757,
    0xEF5C, 0xBDF6, 0xCE78, 0xFFDF, 0xC77A, 0xAF57, 0xC7B9, 0xBF98, 0xA757, 0xA757, 0xA757, 0xA757, 0xA757, 0xA757, 0xA757, 0xA757,
    0xEF5C, 0xBDF6, 0xCE78, 0xFFDF, 0xC77A, 0xAF57, 0xC7B9, 0xBF98, 0xA757, 0xA757, 0xA757, 0xA757, 0xA757, 0xA757, 0xA757, 0xA757,
    0xEF5C, 0xBDF6, 0xCE78, 0xFFDF, 0xC77A, 0xAF57, 0xC7B9, 0xBF98, 0xA757, 0xA757, 0xA757, 0xA757, 0xA757, 0xA757, 0xA757, 0xA757,
    0xEF5C, 0xBDF6, 0xCE78, 0xFFDF, 0xC77A, 0xAF57, 0xC7B9, 0xBF98, 0xA757, 0xA757, 0xA757, 0xA757, 0xA757, 0xA757, 0xA757, 0xA757,
    0xEF5C, 0xBDF6, 0xCE78, 0xFFDF, 0xC77A, 0xA757, 0xB798, 0xB798, 0xB778, 0xA757, 0xA757, 0xA757, 0xA757, 0xA757, 0xA757, 0xA757
};

const short poke_mart_interior_tile_130[TILE_SIZE * TILE_SIZE] = {
    0xB778, 0xB778, 0xB778, 0xB778, 0xAF78, 0xA757, 0xB778, 0xD79B, 0xD6D9, 0xC677, 0xAE96, 0xA6D6, 0xA757, 0xA6D6, 0xAE96, 0xC677,
    0xCFDA, 0xCFDA, 0xCFDA, 0xCFDA, 0xC7B9, 0xAF57, 0xA757, 0xA757, 0xD79B, 0xEF5C, 0xBDF6, 0xAE35, 0xA757, 0xAE35, 0xBDF6, 0xEF5C,
    0xB778, 0xB778, 0xB778, 0xB778, 0xB778, 0xB798, 0xAF78, 0xA757, 0xB778, 0xCF5A, 0xD6FA, 0xC698, 0xAE35, 0xC698, 0xD6FA, 0xCF5A,
    0xA757, 0xA757, 0xA757, 0xA757, 0xA757, 0xBF98, 0xB798, 0xAF57, 0xA757, 0xB758, 0xE7BD, 0xDEDA, 0xB594, 0xDEDA, 0xE7BD, 0xB758,
    0xA757, 0xA757, 0xA757, 0xA757, 0xA757, 0xA757, 0xB778, 0xC7B9, 0xAF78, 0xB758, 0xE7BD, 0xDEDA, 0xB594, 0xDEDA, 0xE7BD, 0xB758,
    0xA757, 0xA757, 0xA757, 0xA757, 0xA757, 0xA757, 0xB778, 0xCFDA, 0xB778, 0xB758, 0xE7BD, 0xDEDA, 0xB594, 0xDEDA, 0xE7BD, 0xB758,
    0xA757, 0xA757, 0xA757, 0xA757, 0xA757, 0xA757, 0xB778, 0xCFDA, 0xB778, 0xB758, 0xE7BD, 0xDEDA, 0xB594, 0xDEDA, 0xE7BD, 0xB758,
    0xA757, 0xA757, 0xA757, 0xA757, 0xA757, 0xA757, 0xB778, 0xCFDA, 0xB778, 0xB758, 0xE7BD, 0xDEDA, 0xB594, 0xDEDA, 0xE7BD, 0xB758,
    0xA757, 0xA757, 0xA757, 0xA757, 0xA757, 0xA757, 0xB778, 0xCFDA, 0xB778, 0xB758, 0xE7BD, 0xDEDA, 0xB594, 0xDEDA, 0xE7BD, 0xB758,
    0xA757, 0xA757, 0xA757, 0xA757, 0xA757, 0xA757, 0xB778, 0xCFDA, 0xB778, 0xB758, 0xE7BD, 0xDEDA, 0xB594, 0xDEDA, 0xE7BD, 0xB758,
    0xA757, 0xA757, 0xA757, 0xA757, 0xA757, 0xA757, 0xB778, 0xCFDA, 0xB778, 0xB758, 0xE7BD, 0xDEDA, 0xB594, 0xDEDA, 0xE7BD, 0xB758,
    0xA757, 0xA757, 0xA757, 0xA757, 0xA757, 0xA757, 0xB778, 0xCFDA, 0xB778, 0xB758, 0xE7BD, 0xDEDA, 0xB594, 0xDEDA, 0xE7BD, 0xB758,
    0xA757, 0xA757, 0xA757, 0xA757, 0xA757, 0xA757, 0xB778, 0xCFDA, 0xB778, 0xB758, 0xE7BD, 0xDEDA, 0xB594, 0xDEDA, 0xE7BD, 0xB758,
    0xA757, 0xA757, 0xA757, 0xA757, 0xA757, 0xA757, 0xB778, 0xCFDA, 0xB778, 0xB758, 0xE7BD, 0xDEDA, 0xB594, 0xDEDA, 0xE7BD, 0xB758,
    0xA757, 0xA757, 0xA757, 0xA757, 0xA757, 0xA757, 0xB778, 0xCFDA, 0xB778, 0xB758, 0xE7BD, 0xDEDA, 0xB594, 0xDEDA, 0xE7BD, 0xB758,
    0xA757, 0xA757, 0xA757, 0xA757, 0xA757, 0xAF78, 0xB798, 0xBF98, 0xAF77, 0xB758, 0xE7BD, 0xDEDA, 0xB594, 0xDEDA, 0xE7BD, 0xB758
};

const short poke_mart_interior_tile_131[TILE_SIZE * TILE_SIZE] = {
    0xD6D9, 0xD79B, 0xB778, 0xA757, 0xAF78, 0xB778, 0xB778, 0xB778, 0xB778, 0xB778, 0xB778, 0xB778, 0xB778, 0xB778, 0xB778, 0xAF77,
    0xD79B, 0xA757, 0xA757, 0xAF57, 0xC7B9, 0xCFDA, 0xCFDA, 0xCFDA, 0xCFDA, 0xCFDA, 0xCFDA, 0xCFDA, 0xCFDA, 0xCFDA, 0xCFDA, 0xBF98,
    0xB778, 0xA757, 0xAF78, 0xB798, 0xB778, 0xB778, 0xB778, 0xB778, 0xB778, 0xB778, 0xB778, 0xB778, 0xB778, 0xB778, 0xB778, 0xB798,
    0xA757, 0xAF57, 0xB798, 0xBF98, 0xA757, 0xA757, 0xA757, 0xA757, 0xA757, 0xA757, 0xA757, 0xA757, 0xA757, 0xA757, 0xA757, 0xAF78,
    0xAF78, 0xC7B9, 0xB778, 0xA757, 0xA757, 0xA757, 0xA757, 0xA757, 0xA757, 0xA757, 0xA757, 0xA757, 0xA757, 0xA757, 0xA757, 0xA757,
    0xB778, 0xCFDA, 0xB778, 0xA757, 0xA757, 0xA757, 0xA757, 0xA757, 0xA757, 0xA757, 0xA757, 0xA757, 0xA757, 0xA757, 0xA757, 0xA757,
    0xB778, 0xCFDA, 0xB778, 0xA757, 0xA757, 0xA757, 0xA757, 0xA757, 0xA757, 0xA757, 0xA757, 0xA757, 0xA757, 0xA757, 0xA757, 0xA757,
    0xB778, 0xCFDA, 0xB778, 0xA757, 0xA757, 0xA757, 0xA757, 0xA757, 0xA757, 0xA757, 0xA757, 0xA757, 0xA757, 0xA757, 0xA757, 0xA757,
    0xB778, 0xCFDA, 0xB778, 0xA757, 0xA757, 0xA757, 0xA757, 0xA757, 0xA757, 0xA757, 0xA757, 0xA757, 0xA757, 0xA757, 0xA757, 0xA757,
    0xB778, 0xCFDA, 0xB778, 0xA757, 0xA757, 0xA757, 0xA757, 0xA757, 0xA757, 0xA757, 0xA757, 0xA757, 0xA757, 0xA757, 0xA757, 0xA757,
    0xB778, 0xCFDA, 0xB778, 0xA757, 0xA757, 0xA757, 0xA757, 0xA757, 0xA757, 0xA757, 0xA757, 0xA757, 0xA757, 0xA757, 0xA757, 0xA757,
    0xB778, 0xCFDA, 0xB778, 0xA757, 0xA757, 0xA757, 0xA757, 0xA757, 0xA757, 0xA757, 0xA757, 0xA757, 0xA757, 0xA757, 0xA757, 0xA757,
    0xB778, 0xCFDA, 0xB778, 0xA757, 0xA757, 0xA757, 0xA757, 0xA757, 0xA757, 0xA757, 0xA757, 0xA757, 0xA757, 0xA757, 0xA757, 0xA757,
    0xB778, 0xCFDA, 0xB778, 0xA757, 0xA757, 0xA757, 0xA757, 0xA757, 0xA757, 0xA757, 0xA757, 0xA757, 0xA757, 0xA757, 0xA757, 0xA757,
    0xB778, 0xCFDA, 0xB778, 0xA757, 0xA757, 0xA757, 0xA757, 0xA757, 0xA757, 0xA757, 0xA757, 0xA757, 0xA757, 0xA757, 0xA757, 0xA757,
    0xAF77, 0xBF98, 0xB798, 0xAF78, 0xA757, 0xA757, 0xA757, 0xA757, 0xA757, 0xA757, 0xA757, 0xA757, 0xA757, 0xA757, 0xA757, 0xA757
};

const short poke_mart_interior_tile_132[TILE_SIZE * TILE_SIZE] = {
    0xA757, 0xC779, 0xD75B, 0xCEB9, 0xBE77, 0xA695, 0xA6F6, 0xA736, 0xA6B6, 0xB696, 0xCE78, 0xD71A, 0xCF9A, 0xAF58, 0xA757, 0xB778,
    0xA757, 0xA757, 0xB758, 0xE7BD, 0xDEDA, 0xB594, 0xA695, 0xA6F6, 0xADD4, 0xCE78, 0xFFDF, 0xC77A, 0xA757, 0xA757, 0xB778, 0xCFDA,
    0xBF98, 0xAF77, 0xA757, 0xBF79, 0xCF3A, 0xDEDA, 0xBE77, 0xB656, 0xD6B9, 0xD71A, 0xC77A, 0xAF58, 0xA757, 0xB798, 0xB798, 0xB778,
    0xC7B9, 0xB778, 0xA757, 0xA757, 0xC77A, 0xFFDF, 0xCE78, 0xBDF6, 0xEF5C, 0xD79B, 0xA757, 0xA757, 0xAF78, 0xBF99, 0xB798, 0xA757,
    0xAF57, 0xB798, 0xBF98, 0xA757, 0xC77A, 0xFFDF, 0xCE78, 0xBDF6, 0xEF5C, 0xD79B, 0xA757, 0xB798, 0xBF99, 0xAF78, 0xA757, 0xA757,
    0xA757, 0xBF98, 0xC7B9, 0xAF57, 0xC77A, 0xFFDF, 0xCE78, 0xBDF6, 0xEF5C, 0xD79B, 0xA757, 0xBF98, 0xC7B9, 0xAF57, 0xA757, 0xA757,
    0xA757, 0xBF98, 0xC7B9, 0xAF57, 0xC77A, 0xFFDF, 0xCE78, 0xBDF6, 0xEF5C, 0xD79B, 0xA757, 0xBF98, 0xC7B9, 0xAF57, 0xA757, 0xA757,
    0xA757, 0xBF98, 0xC7B9, 0xAF57, 0xC77A, 0xFFDF, 0xCE78, 0xBDF6, 0xEF5C, 0xD79B, 0xA757, 0xBF98, 0xC7B9, 0xAF57, 0xA757, 0xA757,
    0xA757, 0xBF98, 0xC7B9, 0xAF57, 0xC77A, 0xFFDF, 0xCE78, 0xBDF6, 0xEF5C, 0xD79B, 0xA757, 0xBF98, 0xC7B9, 0xAF57, 0xA757, 0xA757,
    0xA757, 0xBF98, 0xC7B9, 0xAF57, 0xC77A, 0xFFDF, 0xCE78, 0xBDF6, 0xEF5C, 0xD79B, 0xA757, 0xBF98, 0xC7B9, 0xAF57, 0xA757, 0xA757,
    0xA757, 0xBF98, 0xC7B9, 0xAF57, 0xC77A, 0xFFDF, 0xCE78, 0xBDF6, 0xEF5C, 0xD79B, 0xA757, 0xBF98, 0xC7B9, 0xAF57, 0xA757, 0xA757,
    0xA757, 0xBF98, 0xC7B9, 0xAF57, 0xC77A, 0xFFDF, 0xCE78, 0xBDF6, 0xEF5C, 0xD79B, 0xA757, 0xBF98, 0xC7B9, 0xAF57, 0xA757, 0xA757,
    0xA757, 0xBF98, 0xC7B9, 0xAF57, 0xC77A, 0xFFDF, 0xCE78, 0xBDF6, 0xEF5C, 0xD79B, 0xA757, 0xBF98, 0xC7B9, 0xAF57, 0xA757, 0xA757,
    0xA757, 0xBF98, 0xC7B9, 0xAF57, 0xC77A, 0xFFDF, 0xCE78, 0xBDF6, 0xEF5C, 0xD79B, 0xA757, 0xBF98, 0xC7B9, 0xAF57, 0xA757, 0xA757,
    0xA757, 0xBF98, 0xC7B9, 0xAF57, 0xC77A, 0xFFDF, 0xCE78, 0xBDF6, 0xEF5C, 0xD79B, 0xA757, 0xBF98, 0xC7B9, 0xAF57, 0xA757, 0xA757,
    0xB778, 0xB798, 0xB798, 0xA757, 0xC77A, 0xFFDF, 0xCE78, 0xBDF6, 0xEF5C, 0xD79B, 0xA757, 0xAF78, 0xB798, 0xB778, 0xAF77, 0xA757
};

const short poke_mart_interior_tile_133[TILE_SIZE * TILE_SIZE] = {
    0xB778, 0xB778, 0xB778, 0xB778, 0xB778, 0xB778, 0xB778, 0xB778, 0xB778, 0xB778, 0xA757, 0xAF58, 0xCF9A, 0xD71A, 0xCE78, 0xB696,
    0xCFDA, 0xCFDA, 0xCFDA, 0xCFDA, 0xCFDA, 0xCFDA, 0xCFDA, 0xCFDA, 0xCFDA, 0xCFDA, 0xB778, 0xA757, 0xA757, 0xC77A, 0xFFDF, 0xCE78,
    0xB778, 0xB778, 0xB778, 0xB778, 0xB778, 0xB778, 0xB778, 0xB778, 0xB778, 0xB778, 0xB798, 0xB798, 0xA757, 0xAF58, 0xC77A, 0xD71A,
    0xA757, 0xA757, 0xA757, 0xA757, 0xA757, 0xA757, 0xA757, 0xA757, 0xA757, 0xA757, 0xB798, 0xBF99, 0xAF78, 0xA757, 0xA757, 0xD79B,
    0xA757, 0xA757, 0xA757, 0xA757, 0xA757, 0xA757, 0xA757, 0xA757, 0xA757, 0xA757, 0xA757, 0xAF78, 0xBF99, 0xB798, 0xA757, 0xD79B,
    0xA757, 0xA757, 0xA757, 0xA757, 0xA757, 0xA757, 0xA757, 0xA757, 0xA757, 0xA757, 0xA757, 0xAF57, 0xC7B9, 0xBF98, 0xA757, 0xD79B,
    0xA757, 0xA757, 0xA757, 0xA757, 0xA757, 0xA757, 0xA757, 0xA757, 0xA757, 0xA757, 0xA757, 0xAF57, 0xC7B9, 0xBF98, 0xA757, 0xD79B,
    0xA757, 0xA757, 0xA757, 0xA757, 0xA757, 0xA757, 0xA757, 0xA757, 0xA757, 0xA757, 0xA757, 0xAF57, 0xC7B9, 0xBF98, 0xA757, 0xD79B,
    0xA757, 0xA757, 0xA757, 0xA757, 0xA757, 0xA757, 0xA757, 0xA757, 0xA757, 0xA757, 0xA757, 0xAF57, 0xC7B9, 0xBF98, 0xA757, 0xD79B,
    0xA757, 0xA757, 0xA757, 0xA757, 0xA757, 0xA757, 0xA757, 0xA757, 0xA757, 0xA757, 0xA757, 0xAF57, 0xC7B9, 0xBF98, 0xA757, 0xD79B,
    0xA757, 0xA757, 0xA757, 0xA757, 0xA757, 0xA757, 0xA757, 0xA757, 0xA757, 0xA757, 0xA757, 0xAF57, 0xC7B9, 0xBF98, 0xA757, 0xD79B,
    0xA757, 0xA757, 0xA757, 0xA757, 0xA757, 0xA757, 0xA757, 0xA757, 0xA757, 0xA757, 0xA757, 0xAF57, 0xC7B9, 0xBF98, 0xA757, 0xD79B,
    0xA757, 0xA757, 0xA757, 0xA757, 0xA757, 0xA757, 0xA757, 0xA757, 0xA757, 0xA757, 0xA757, 0xAF57, 0xC7B9, 0xBF98, 0xA757, 0xD79B,
    0xA757, 0xA757, 0xA757, 0xA757, 0xA757, 0xA757, 0xA757, 0xA757, 0xA757, 0xA757, 0xA757, 0xAF57, 0xC7B9, 0xBF98, 0xA757, 0xD79B,
    0xA757, 0xA757, 0xA757, 0xA757, 0xA757, 0xA757, 0xA757, 0xA757, 0xA757, 0xA757, 0xA757, 0xAF57, 0xC7B9, 0xBF98, 0xA757, 0xD79B,
    0xA757, 0xA757, 0xA757, 0xA757, 0xA757, 0xA757, 0xA757, 0xA757, 0xA757, 0xA757, 0xAF77, 0xB778, 0xB798, 0xAF78, 0xA757, 0xD79B
};

const short poke_mart_interior_tile_134[TILE_SIZE * TILE_SIZE] = {
    0xA6B6, 0xA736, 0xA6F6, 0xA695, 0xBE77, 0xCEB9, 0xD75B, 0xC779, 0xA757, 0xAF77, 0xB778, 0xB778, 0xB778, 0xB778, 0xB778, 0xB778,
    0xADD4, 0xA6F6, 0xA695, 0xB594, 0xDEDA, 0xE7BD, 0xB758, 0xA757, 0xA757, 0xBF98, 0xCFDA, 0xCFDA, 0xCFDA, 0xCFDA, 0xCFDA, 0xCFDA,
    0xD6B9, 0xB656, 0xBE77, 0xDEDA, 0xCF3A, 0xBF79, 0xA757, 0xAF77, 0xBF98, 0xB798, 0xB778, 0xB778, 0xB778, 0xB778, 0xB778, 0xB778,
    0xEF5C, 0xBDF6, 0xCE78, 0xFFDF, 0xC77A, 0xA757, 0xA757, 0xB778, 0xC7B9, 0xAF78, 0xA757, 0xA757, 0xA757, 0xA757, 0xA757, 0xA757,
    0xEF5C, 0xBDF6, 0xCE78, 0xFFDF, 0xC77A, 0xA757, 0xBF98, 0xB798, 0xAF57, 0xA757, 0xA757, 0xA757, 0xA757, 0xA757, 0xA757, 0xA757,
    0xEF5C, 0xBDF6, 0xCE78, 0xFFDF, 0xC77A, 0xAF57, 0xC7B9, 0xBF98, 0xA757, 0xA757, 0xA757, 0xA757, 0xA757, 0xA757, 0xA757, 0xA757,
    0xEF5C, 0xBDF6, 0xCE78, 0xFFDF, 0xC77A, 0xAF57, 0xC7B9, 0xBF98, 0xA757, 0xA757, 0xA757, 0xA757, 0xA757, 0xA757, 0xA757, 0xA757,
    0xEF5C, 0xBDF6, 0xCE78, 0xFFDF, 0xC77A, 0xAF57, 0xC7B9, 0xBF98, 0xA757, 0xA757, 0xA757, 0xA757, 0xA757, 0xA757, 0xA757, 0xA757,
    0xEF5C, 0xBDF6, 0xCE78, 0xFFDF, 0xC77A, 0xAF57, 0xC7B9, 0xBF98, 0xA757, 0xA757, 0xA757, 0xA757, 0xA757, 0xA757, 0xA757, 0xA757,
    0xEF5C, 0xBDF6, 0xCE78, 0xFFDF, 0xC77A, 0xAF57, 0xC7B9, 0xBF98, 0xA757, 0xA757, 0xA757, 0xA757, 0xA757, 0xA757, 0xA757, 0xA757,
    0xEF5C, 0xBDF6, 0xCE78, 0xFFDF, 0xC77A, 0xAF57, 0xC7B9, 0xBF98, 0xA757, 0xA757, 0xA757, 0xA757, 0xA757, 0xA757, 0xA757, 0xA757,
    0xEF5C, 0xBDF6, 0xCE78, 0xFFDF, 0xC77A, 0xAF57, 0xC7B9, 0xBF98, 0xA757, 0xA757, 0xA757, 0xA757, 0xA757, 0xA757, 0xA757, 0xA757,
    0xEF5C, 0xBDF6, 0xCE78, 0xFFDF, 0xC77A, 0xAF57, 0xC7B9, 0xBF98, 0xA757, 0xA757, 0xA757, 0xA757, 0xA757, 0xA757, 0xA757, 0xA757,
    0xEF5C, 0xBDF6, 0xCE78, 0xFFDF, 0xC77A, 0xAF57, 0xC7B9, 0xBF98, 0xA757, 0xA757, 0xA757, 0xA757, 0xA757, 0xA757, 0xA757, 0xA757,
    0xEF5C, 0xBDF6, 0xCE78, 0xFFDF, 0xC77A, 0xAF57, 0xC7B9, 0xBF98, 0xA757, 0xA757, 0xA757, 0xA757, 0xA757, 0xA757, 0xA757, 0xA757,
    0xEF5C, 0xBDF6, 0xCE78, 0xFFDF, 0xC77A, 0xA757, 0xB798, 0xB798, 0xB778, 0xA757, 0xA757, 0xA757, 0xA757, 0xA757, 0xA757, 0xA757
};

const short poke_mart_interior_tile_135[TILE_SIZE * TILE_SIZE] = {
    0xB778, 0xB778, 0xB778, 0xB778, 0xAF78, 0xA757, 0xB778, 0xD79B, 0xD6D9, 0xC677, 0xAE96, 0xA6D6, 0xA757, 0xA6D6, 0xAE96, 0xC677,
    0xCFDA, 0xCFDA, 0xCFDA, 0xCFDA, 0xC7B9, 0xAF57, 0xA757, 0xA757, 0xD79B, 0xEF5C, 0xBDF6, 0xAE35, 0xA757, 0xAE35, 0xBDF6, 0xEF5C,
    0xB778, 0xB778, 0xB778, 0xB778, 0xB778, 0xB798, 0xAF78, 0xA757, 0xB778, 0xCF5A, 0xD6FA, 0xC698, 0xAE35, 0xC698, 0xD6FA, 0xCF5A,
    0xA757, 0xA757, 0xA757, 0xA757, 0xA757, 0xBF98, 0xB798, 0xAF57, 0xA757, 0xB758, 0xE7BD, 0xDEDA, 0xB594, 0xDEDA, 0xE7BD, 0xB758,
    0xA757, 0xA757, 0xA757, 0xA757, 0xA757, 0xA757, 0xB778, 0xC7B9, 0xAF78, 0xB758, 0xE7BD, 0xDEDA, 0xB594, 0xDEDA, 0xE7BD, 0xB758,
    0xA757, 0xA757, 0xA757, 0xA757, 0xA757, 0xA757, 0xB778, 0xCFDA, 0xB778, 0xB758, 0xE7BD, 0xDEDA, 0xB594, 0xDEDA, 0xE7BD, 0xB758,
    0xA757, 0xA757, 0xA757, 0xA757, 0xA757, 0xA757, 0xB778, 0xCFDA, 0xB778, 0xB758, 0xE7BD, 0xDEDA, 0xB594, 0xDEDA, 0xE7BD, 0xB758,
    0xA757, 0xA757, 0xA757, 0xA757, 0xA757, 0xA757, 0xB778, 0xCFDA, 0xB778, 0xB758, 0xE7BD, 0xDEDA, 0xB594, 0xDEDA, 0xE7BD, 0xB758,
    0xA757, 0xA757, 0xA757, 0xA757, 0xA757, 0xA757, 0xB778, 0xCFDA, 0xB778, 0xB758, 0xE7BD, 0xDEDA, 0xB594, 0xDEDA, 0xE7BD, 0xB758,
    0xA757, 0xA757, 0xA757, 0xA757, 0xA757, 0xA757, 0xB778, 0xCFDA, 0xB778, 0xB758, 0xE7BD, 0xDEDA, 0xB594, 0xDEDA, 0xE7BD, 0xB758,
    0xA757, 0xA757, 0xA757, 0xA757, 0xA757, 0xA757, 0xB778, 0xCFDA, 0xB778, 0xB758, 0xE7BD, 0xDEDA, 0xB594, 0xDEDA, 0xE7BD, 0xB758,
    0xA757, 0xA757, 0xA757, 0xA757, 0xA757, 0xA757, 0xB778, 0xCFDA, 0xB778, 0xB758, 0xE7BD, 0xDEDA, 0xB594, 0xDEDA, 0xE7BD, 0xB758,
    0xA757, 0xA757, 0xA757, 0xA757, 0xA757, 0xA757, 0xB778, 0xCFDA, 0xB778, 0xB758, 0xE7BD, 0xDEDA, 0xB594, 0xDEDA, 0xE7BD, 0xB758,
    0xA757, 0xA757, 0xA757, 0xA757, 0xA757, 0xA757, 0xB778, 0xCFDA, 0xB778, 0xB758, 0xE7BD, 0xDEDA, 0xB594, 0xDEDA, 0xE7BD, 0xB758,
    0xA757, 0xA757, 0xA757, 0xA757, 0xA757, 0xA757, 0xB778, 0xCFDA, 0xB778, 0xB758, 0xE7BD, 0xDEDA, 0xB594, 0xDEDA, 0xE7BD, 0xB758,
    0xA757, 0xA757, 0xA757, 0xA757, 0xA757, 0xAF78, 0xB798, 0xBF98, 0xAF77, 0xB758, 0xE7BD, 0xDEDA, 0xB594, 0xDEDA, 0xE7BD, 0xB758
};

const short poke_mart_interior_tile_136[TILE_SIZE * TILE_SIZE] = {
    0xD6D9, 0xD79B, 0xB778, 0xA757, 0xAF78, 0xB778, 0xB778, 0xB778, 0xB778, 0xB778, 0xB778, 0xB778, 0xB778, 0xB778, 0xB778, 0xAF77,
    0xD79B, 0xA757, 0xA757, 0xAF57, 0xC7B9, 0xCFDA, 0xCFDA, 0xCFDA, 0xCFDA, 0xCFDA, 0xCFDA, 0xCFDA, 0xCFDA, 0xCFDA, 0xCFDA, 0xBF98,
    0xB778, 0xA757, 0xAF78, 0xB798, 0xB778, 0xB778, 0xB778, 0xB778, 0xB778, 0xB778, 0xB778, 0xB778, 0xB778, 0xB778, 0xB778, 0xB798,
    0xA757, 0xAF57, 0xB798, 0xBF98, 0xA757, 0xA757, 0xA757, 0xA757, 0xA757, 0xA757, 0xA757, 0xA757, 0xA757, 0xA757, 0xA757, 0xAF78,
    0xAF78, 0xC7B9, 0xB778, 0xA757, 0xA757, 0xA757, 0xA757, 0xA757, 0xA757, 0xA757, 0xA757, 0xA757, 0xA757, 0xA757, 0xA757, 0xA757,
    0xB778, 0xCFDA, 0xB778, 0xA757, 0xA757, 0xA757, 0xA757, 0xA757, 0xA757, 0xA757, 0xA757, 0xA757, 0xA757, 0xA757, 0xA757, 0xA757,
    0xB778, 0xCFDA, 0xB778, 0xA757, 0xA757, 0xA757, 0xA757, 0xA757, 0xA757, 0xA757, 0xA757, 0xA757, 0xA757, 0xA757, 0xA757, 0xA757,
    0xB778, 0xCFDA, 0xB778, 0xA757, 0xA757, 0xA757, 0xA757, 0xA757, 0xA757, 0xA757, 0xA757, 0xA757, 0xA757, 0xA757, 0xA757, 0xA757,
    0xB778, 0xCFDA, 0xB778, 0xA757, 0xA757, 0xA757, 0xA757, 0xA757, 0xA757, 0xA757, 0xA757, 0xA757, 0xA757, 0xA757, 0xA757, 0xA757,
    0xB778, 0xCFDA, 0xB778, 0xA757, 0xA757, 0xA757, 0xA757, 0xA757, 0xA757, 0xA757, 0xA757, 0xA757, 0xA757, 0xA757, 0xA757, 0xA757,
    0xB778, 0xCFDA, 0xB778, 0xA757, 0xA757, 0xA757, 0xA757, 0xA757, 0xA757, 0xA757, 0xA757, 0xA757, 0xA757, 0xA757, 0xA757, 0xA757,
    0xB778, 0xCFDA, 0xB778, 0xA757, 0xA757, 0xA757, 0xA757, 0xA757, 0xA757, 0xA757, 0xA757, 0xA757, 0xA757, 0xA757, 0xA757, 0xA757,
    0xB778, 0xCFDA, 0xB778, 0xA757, 0xA757, 0xA757, 0xA757, 0xA757, 0xA757, 0xA757, 0xA757, 0xA757, 0xA757, 0xA757, 0xA757, 0xA757,
    0xB778, 0xCFDA, 0xB778, 0xA757, 0xA757, 0xA757, 0xA757, 0xA757, 0xA757, 0xA757, 0xA757, 0xA757, 0xA757, 0xA757, 0xA757, 0xA757,
    0xB778, 0xCFDA, 0xB778, 0xA757, 0xA757, 0xA757, 0xA757, 0xA757, 0xA757, 0xA757, 0xA757, 0xA757, 0xA757, 0xA757, 0xA757, 0xA757,
    0xAF77, 0xBF98, 0xB798, 0xAF78, 0xA757, 0xA757, 0xA757, 0xA757, 0xA757, 0xA757, 0xA757, 0xA757, 0xA757, 0xA757, 0xA757, 0xA757
};

const short poke_mart_interior_tile_137[TILE_SIZE * TILE_SIZE] = {
    0xA757, 0xC779, 0xD75B, 0xCEB9, 0xBE77, 0xA695, 0xA6F6, 0xA736, 0xA6B6, 0xB696, 0xCE78, 0xD71A, 0xC6F9, 0x8513, 0x7471, 0x8492,
    0xA757, 0xA757, 0xB758, 0xE7BD, 0xDEDA, 0xB594, 0xA695, 0xA6F6, 0xADD4, 0xCE78, 0xFFDF, 0xC77A, 0xA757, 0xA757, 0xB778, 0xCFDA,
    0xBF98, 0xAF77, 0xA757, 0xBF79, 0xCF3A, 0xDEDA, 0xBE77, 0xB656, 0xD6B9, 0xD71A, 0xC77A, 0xAF58, 0xA757, 0xB798, 0xA676, 0x8492,
    0xC7B9, 0xB778, 0xA757, 0xA757, 0xC77A, 0xFFDF, 0xCE78, 0xBDF6, 0xEF5C, 0xD79B, 0xA757, 0xA757, 0xAF37, 0xAED7, 0x9554, 0x6B2F,
    0xAF57, 0xB798, 0xBF98, 0xA757, 0xC77A, 0xFFDF, 0xCE78, 0xBDF6, 0xEF5C, 0xD79B, 0xA757, 0xB798, 0xAED7, 0x7C71, 0x8432, 0xB515,
    0xA757, 0xBF98, 0xC7B9, 0xAF57, 0xC77A, 0xFFDF, 0xCE78, 0xBDF6, 0xEF5C, 0xD79B, 0xA757, 0x9E55, 0x9554, 0x8432, 0x8C12, 0x9C73,
    0xA757, 0xBF98, 0xC7B9, 0xAF57, 0xC77A, 0xFFDF, 0xCE78, 0xBDF6, 0xEF5C, 0xD79B, 0xA757, 0x7471, 0x6B2F, 0xB515, 0x9C73, 0x528D,
    0xA757, 0xBF98, 0xC7B9, 0xAF57, 0xC77A, 0xFFDF, 0xCE78, 0xBDF6, 0xEF5C, 0xD79B, 0xA757, 0x7471, 0x6B70, 0xC619, 0xAD36, 0x528D,
    0xA757, 0xBF98, 0xC7B9, 0xAF57, 0xC77A, 0xFFDF, 0xCE78, 0xBDF6, 0xEF5C, 0xD79B, 0xA757, 0x7471, 0x7390, 0xD6BB, 0xB5B7, 0x528D,
    0xA757, 0xBF98, 0xC7B9, 0xAF57, 0xC77A, 0xFFDF, 0xCE78, 0xBDF6, 0xEF5C, 0xD79B, 0xA757, 0x7471, 0x7390, 0xD6BB, 0xB5B7, 0x528D,
    0xA757, 0xBF98, 0xC7B9, 0xAF57, 0xC77A, 0xFFDF, 0xCE78, 0xBDF5, 0xDEFB, 0xCF39, 0x9EF3, 0x8550, 0x8470, 0xAD76, 0xA536, 0x9494,
    0xA757, 0xBF98, 0xC7B9, 0xAF57, 0xC77A, 0xFFDF, 0xCE78, 0xB5D5, 0xCE98, 0xBEB5, 0x9E8F, 0xA6B0, 0x9DF0, 0x634D, 0x9494, 0xFFDF,
    0xA757, 0xBF98, 0xC7B9, 0xAF57, 0xC77A, 0xFFDF, 0xCE78, 0xB5D5, 0xCE98, 0xBEB5, 0x9E8F, 0xA6B0, 0x9DF0, 0x634D, 0x7BD1, 0xBDD8,
    0xA757, 0xBF98, 0xC7B9, 0xAF57, 0xC77A, 0xFFDF, 0xCE78, 0xB5D5, 0xCE98, 0xBEB5, 0x9E8F, 0xA6B0, 0x9DF0, 0x634D, 0x6B4F, 0x9494,
    0xA757, 0xBF98, 0xC7B9, 0xAF57, 0xC77A, 0xFFDF, 0xCE78, 0xB5D5, 0xCE98, 0xBEB5, 0x9E8F, 0xA6B0, 0x9DF0, 0x634D, 0x6B4F, 0x9494,
    0xB778, 0xB798, 0xB798, 0xA757, 0xC77A, 0xFFDF, 0xCE78, 0xB5D5, 0xCE98, 0xBEB5, 0x9E8F, 0xA68F, 0x95CF, 0x634D, 0x6B4F, 0x9494
};

const short poke_mart_interior_tile_138[TILE_SIZE * TILE_SIZE] = {
    0x7C8D, 0x742B, 0x5AEC, 0x6BEB, 0x9E09, 0x9E09, 0x8D49, 0x5B2C, 0x634C, 0x7C8A, 0x746E, 0x7471, 0x7471, 0x9533, 0xCE78, 0xB696,
    0x8492, 0x528D, 0x528D, 0x6BEB, 0x9E09, 0x9E09, 0x8D49, 0x5B2C, 0x528D, 0x528D, 0x8553, 0xA757, 0xA757, 0xC77A, 0xFFDF, 0xCE78,
    0x634F, 0x528D, 0x528D, 0x5B0C, 0x6BEB, 0x6BEB, 0x63AB, 0x52CC, 0x528D, 0x528D, 0x63AF, 0x7CF2, 0x96B5, 0xAF58, 0xC77A, 0xD71A,
    0x5ACD, 0x528D, 0x528D, 0x528C, 0x5AAC, 0x5AAC, 0x5AAC, 0x528C, 0x528D, 0x528D, 0x5AEE, 0x73D0, 0x8DB3, 0x96B5, 0xA757, 0xD79B,
    0x7390, 0x528D, 0x528D, 0x62CC, 0x8B4B, 0x8B4B, 0x7B2B, 0x5AAC, 0x528D, 0x528D, 0x8C12, 0xA4D4, 0x73D0, 0x7CF2, 0xA757, 0xD79B,
    0x6B4F, 0x528C, 0x62CC, 0x834A, 0xA3E9, 0xA3E9, 0x9BA9, 0x7B0B, 0x62CC, 0x528D, 0x7BB1, 0x9453, 0x83F1, 0x8472, 0x8553, 0xCEDA,
    0x528D, 0x5AAC, 0x8B4B, 0xA3E9, 0xBC86, 0xBC86, 0xB447, 0x9BAA, 0x7B0B, 0x528D, 0x528D, 0x6B2F, 0xB515, 0x9C73, 0x528D, 0xB5B7,
    0x528D, 0x528C, 0x62CC, 0x8B89, 0xBC86, 0xBC86, 0xAC27, 0x7B2B, 0x62CC, 0x528D, 0x528D, 0x6B70, 0xC619, 0xAD36, 0x528D, 0xB5B7,
    0x528D, 0x528D, 0x528D, 0x732A, 0xA407, 0xA407, 0x93C8, 0x62CB, 0x528D, 0x528D, 0x528D, 0x7390, 0xD6BB, 0xB5B7, 0x528D, 0xB5B7,
    0x528D, 0x528D, 0x528D, 0x5AAC, 0x62EB, 0x62EB, 0x62CB, 0x528C, 0x528D, 0x528D, 0x528D, 0x7390, 0xD6BB, 0xB5B7, 0x528D, 0xB5B7,
    0x6B4F, 0x528D, 0x528D, 0x528D, 0x528D, 0x528D, 0x528D, 0x528D, 0x528D, 0x528D, 0x7BD1, 0x9CD4, 0xAD77, 0x9D13, 0x6C0D, 0xB617,
    0x9494, 0x528D, 0x528D, 0x528D, 0x528D, 0x528D, 0x528D, 0x528D, 0x528D, 0x528D, 0xB5B7, 0xD6BB, 0x7390, 0x6C0D, 0x9E8F, 0xBEB5,
    0xB5B8, 0xB5B7, 0xB5B7, 0xB5B7, 0xB5B7, 0xB5B7, 0xB5B7, 0xB5B7, 0xB5B7, 0xB5B7, 0xBDD8, 0xA536, 0x632F, 0x6C0D, 0x9E8F, 0xBEB5,
    0xC619, 0xE71C, 0xE71C, 0xE71C, 0xE71C, 0xE71C, 0xE71C, 0xE71C, 0xE71C, 0xE71C, 0xB597, 0x8412, 0x5AEE, 0x6C0D, 0x9E8F, 0xBEB5,
    0x9CF5, 0xA536, 0xA536, 0xA536, 0xA536, 0xA536, 0xA536, 0xA536, 0xA536, 0xA536, 0x9CD4, 0x8412, 0x5AEE, 0x6C0D, 0x9E8F, 0xBEB5,
    0x9494, 0x9494, 0xA4F5, 0xA515, 0xA515, 0xA515, 0xA515, 0xA515, 0x9CD5, 0x9494, 0x9494, 0x8412, 0x5AEE, 0x6C0D, 0x9E8F, 0xBEB5
};

const short poke_mart_interior_tile_139[TILE_SIZE * TILE_SIZE] = {
    0xA6B6, 0xA736, 0x646D, 0x0000, 0x0000, 0x0000, 0x0000, 0x0000, 0x0000, 0x0000, 0x0000, 0x0000, 0x0000, 0x0000, 0x0000, 0x0000,
    0xADD4, 0xA6F6, 0x646D, 0x0000, 0x0000, 0x0000, 0x0000, 0x0000, 0x0000, 0x0000, 0x0000, 0x0000, 0x0000, 0x0000, 0x0000, 0x0000,
    0xD6B9, 0xB656, 0x63AC, 0x0000, 0x0000, 0x0000, 0x0000, 0x0000, 0x0000, 0x0000, 0x0000, 0x0000, 0x0000, 0x0000, 0x0000, 0x0000,
    0xEF5C, 0xBDF6, 0x6B4C, 0x0000, 0x0000, 0x0000, 0x0000, 0x0000, 0x0000, 0x0000, 0x0000, 0x0000, 0x0000, 0x0000, 0x0000, 0x0000,
    0xEF5C, 0xBDF6, 0x6B4C, 0x0000, 0x0000, 0x0000, 0x0000, 0x0000, 0x0000, 0x0000, 0x0000, 0x0000, 0x0000, 0x0000, 0x0000, 0x0000,
    0xEF5C, 0xBDF6, 0x6B4C, 0x0000, 0x0000, 0x0000, 0x0000, 0x0000, 0x0000, 0x0000, 0x0000, 0x0000, 0x0000, 0x0000, 0x0000, 0x0000,
    0xEF5C, 0xBDF6, 0x6B4C, 0x0000, 0x0000, 0x0000, 0x0000, 0x0000, 0x0000, 0x0000, 0x0000, 0x0000, 0x0000, 0x0000, 0x0000, 0x0000,
    0xEF5C, 0xBDF6, 0x6B4C, 0x0000, 0x0000, 0x0000, 0x0000, 0x0000, 0x0000, 0x0000, 0x0000, 0x0000, 0x0000, 0x0000, 0x0000, 0x0000,
    0xEF5C, 0xBDF6, 0x6B4C, 0x0000, 0x0000, 0x0000, 0x0000, 0x0000, 0x0000, 0x0000, 0x0000, 0x0000, 0x0000, 0x0000, 0x0000, 0x0000,
    0xEF5C, 0xBDF6, 0x6B4C, 0x0000, 0x0000, 0x0000, 0x0000, 0x0000, 0x0000, 0x0000, 0x0000, 0x0000, 0x0000, 0x0000, 0x0000, 0x0000,
    0xDEFB, 0xAD74, 0x630B, 0x0000, 0x0000, 0x0000, 0x0000, 0x0000, 0x0000, 0x0000, 0x0000, 0x0000, 0x0000, 0x0000, 0x0000, 0x0000,
    0xC658, 0x94D2, 0x528A, 0x0000, 0x0000, 0x0000, 0x0000, 0x0000, 0x0000, 0x0000, 0x0000, 0x0000, 0x0000, 0x0000, 0x0000, 0x0000,
    0xC658, 0x94D2, 0x528A, 0x0000, 0x0000, 0x0000, 0x0000, 0x0000, 0x0000, 0x0000, 0x0000, 0x0000, 0x0000, 0x0000, 0x0000, 0x0000,
    0xC658, 0x94D2, 0x528A, 0x0000, 0x0000, 0x0000, 0x0000, 0x0000, 0x0000, 0x0000, 0x0000, 0x0000, 0x0000, 0x0000, 0x0000, 0x0000,
    0xC658, 0x94D2, 0x528A, 0x0000, 0x0000, 0x0000, 0x0000, 0x0000, 0x0000, 0x0000, 0x0000, 0x0000, 0x0000, 0x0000, 0x0000, 0x0000,
    0xC658, 0x94D2, 0x528A, 0x0000, 0x0000, 0x0000, 0x0000, 0x0000, 0x0000, 0x0000, 0x0000, 0x0000, 0x0000, 0x0000, 0x0000, 0x0000
};

const short poke_mart_interior_tile_140[TILE_SIZE * TILE_SIZE] = {
    0x0000, 0x0000, 0x0000, 0x0000, 0x0000, 0x0000, 0x0000, 0x0000, 0x0000, 0x0000, 0x0000, 0x0000, 0x0000, 0x7C0F, 0xC6B7, 0xA691,
    0x0000, 0x0000, 0x0000, 0x0000, 0x0000, 0x0000, 0x0000, 0x0000, 0x0000, 0x0000, 0x0000, 0x0000, 0x0000, 0x632C, 0xAD94, 0xB675,
    0x0000, 0x0000, 0x0000, 0x0000, 0x0000, 0x0000, 0x0000, 0x0000, 0x0000, 0x0000, 0x0000, 0x0000, 0x0000, 0x4A49, 0x8C51, 0xAD96,
    0x0000, 0x0000, 0x0000, 0x0000, 0x0000, 0x0000, 0x0000, 0x0000, 0x0000, 0x0000, 0x0000, 0x0000, 0x0000, 0x31A8, 0x5AEE, 0x634F,
    0x0000, 0x0000, 0x0000, 0x0000, 0x0000, 0x0000, 0x0000, 0x0000, 0x0000, 0x0000, 0x0000, 0x0000, 0x0000, 0x3187, 0x52CE, 0x63B1,
    0x0000, 0x0000, 0x0000, 0x0000, 0x0000, 0x0000, 0x0000, 0x0000, 0x0000, 0x0000, 0x0000, 0x0000, 0x0000, 0x3187, 0x5B50, 0x7D99,
    0x0000, 0x0000, 0x0000, 0x0000, 0x0000, 0x0000, 0x0000, 0x0000, 0x0000, 0x0000, 0x0000, 0x0000, 0x0000, 0x3187, 0x5B50, 0x7D99,
    0x0000, 0x0000, 0x0000, 0x0000, 0x0000, 0x0000, 0x0000, 0x0000, 0x0000, 0x0000, 0x0000, 0x0000, 0x0000, 0x3187, 0x5B50, 0x85B9,
    0x0000, 0x0000, 0x0000, 0x0000, 0x0000, 0x0000, 0x0000, 0x0000, 0x0000, 0x0000, 0x0000, 0x0000, 0x0000, 0x3187, 0x6370, 0xA5FA,
    0x0000, 0x0000, 0x0000, 0x0000, 0x0000, 0x0000, 0x0000, 0x0000, 0x0000, 0x0000, 0x0000, 0x0000, 0x0000, 0x3187, 0x6B70, 0xB61B,
    0x0000, 0x0000, 0x0000, 0x0000, 0x0000, 0x0000, 0x0000, 0x0000, 0x0000, 0x0000, 0x0000, 0x0000, 0x0000, 0x3187, 0x6B70, 0xB61B,
    0x0000, 0x0000, 0x0000, 0x0000, 0x0000, 0x0000, 0x0000, 0x0000, 0x0000, 0x0000, 0x0000, 0x0000, 0x0000, 0x3187, 0x6B70, 0xB61B,
    0x0000, 0x0000, 0x0000, 0x0000, 0x0000, 0x0000, 0x0000, 0x0000, 0x0000, 0x0000, 0x0000, 0x0000, 0x0000, 0x3187, 0x6370, 0xA5FA,
    0x0000, 0x0000, 0x0000, 0x0000, 0x0000, 0x0000, 0x0000, 0x0000, 0x0000, 0x0000, 0x0000, 0x0000, 0x0000, 0x3187, 0x5B50, 0x85B9,
    0x0000, 0x0000, 0x0000, 0x0000, 0x0000, 0x0000, 0x0000, 0x0000, 0x0000, 0x0000, 0x0000, 0x0000, 0x0000, 0x3187, 0x6350, 0x95DA,
    0x0000, 0x0000, 0x0000, 0x0000, 0x0000, 0x0000, 0x0000, 0x0000, 0x0000, 0x0000, 0x0000, 0x0000, 0x0000, 0x3187, 0x6B70, 0xB61B
};

const short poke_mart_interior_tile_141[TILE_SIZE * TILE_SIZE] = {
    0x9E8F, 0x9E8F, 0xA6B0, 0xAEB0, 0x9E8F, 0x9E8F, 0x9E8F, 0x9E8F, 0x9E8F, 0x9E8F, 0x9E8F, 0x9E8F, 0x9E8F, 0x9E8F, 0x9E8F, 0xA68F,
    0xAE93, 0x9E8F, 0x9E8F, 0xA68F, 0xA6B0, 0xA6B0, 0xA6B0, 0xA6B0, 0xA6B0, 0xA6B0, 0xA6B0, 0xA6B0, 0xA6B0, 0xA6B0, 0xA6B0, 0xA6B0,
    0xA5D3, 0x8DAE, 0x8DAE, 0x8DCE, 0x9DEF, 0x9DF0, 0x9DF0, 0x9DF0, 0x9DF0, 0x9DF0, 0x9DF0, 0x9DF0, 0x9DF0, 0x9DF0, 0x9DF0, 0x95CF,
    0x634E, 0x5B4D, 0x5B4D, 0x5B4D, 0x634D, 0x634D, 0x634D, 0x634D, 0x634D, 0x634D, 0x634D, 0x634D, 0x634D, 0x634D, 0x634D, 0x634D,
    0x6413, 0x6413, 0x7433, 0x8454, 0x8454, 0x8454, 0x8454, 0x8454, 0x8454, 0x8454, 0x8474, 0x9494, 0x9494, 0x9494, 0x9494, 0x9494,
    0x8E5C, 0x8E5C, 0xAEBD, 0xCF1F, 0xCF1F, 0xCF1F, 0xCF1F, 0xCF1F, 0xCF1F, 0xCF1F, 0xDF5F, 0xFFDF, 0xFFDF, 0xFFDF, 0xFFDF, 0xFFDF,
    0x967C, 0xAEBD, 0xBEFE, 0xCF1F, 0xCF1F, 0xBEDE, 0xA69D, 0xBEDE, 0xC6FE, 0xAEBD, 0xBEDD, 0xDF5F, 0xDF5F, 0xDF5F, 0xDF5F, 0xDF5F,
    0xAEBD, 0xCF1F, 0xCF1F, 0xC6FE, 0xBEFE, 0xAEBD, 0x967C, 0xAEBD, 0xB6BD, 0x967C, 0xA69D, 0xCF1F, 0xC6FE, 0xBEDE, 0xBEDE, 0xBEDE,
    0xC6FE, 0xCF1F, 0xCF1F, 0xBEFE, 0x9E9D, 0xA69D, 0xBEDE, 0xA69D, 0x967C, 0x8E5C, 0xA69D, 0xCF1F, 0xAEBD, 0x967C, 0x967C, 0x967C,
    0xCF1F, 0xCF1F, 0xBEDE, 0xAEBD, 0xA69D, 0xA69D, 0xAEBD, 0x967C, 0x8E5C, 0x8E5C, 0xA69D, 0xCF1F, 0xA69D, 0x8E5C, 0x8E5C, 0x8E5C,
    0xCF1F, 0xCF1F, 0xA69D, 0x967C, 0xBEDE, 0xAEBD, 0x8E5C, 0x8E5C, 0x8E5C, 0x8E5C, 0xA69D, 0xCF1F, 0xA69D, 0x8E5C, 0x8E5C, 0x8E5C,
    0xB6BC, 0x9E58, 0xA69B, 0xAEBC, 0xA659, 0x9637, 0x85F7, 0x85F7, 0x8618, 0x863B, 0xA69D, 0xCF1F, 0x9E7A, 0x85F7, 0x85F7, 0x85F7,
    0xAE9B, 0x8E16, 0xAE7A, 0xAE9B, 0x8DF5, 0x85D4, 0x85D4, 0x85D4, 0x85D5, 0x863A, 0xA69D, 0xCF1F, 0x9E58, 0x85D4, 0x85D4, 0x85D4,
    0xA69C, 0xBEDC, 0xA658, 0x8DF5, 0x85D4, 0x85D4, 0x85D4, 0x85D4, 0x85D5, 0x863A, 0xA69D, 0xCF1F, 0x9E58, 0x85D4, 0x85D4, 0x85D4,
    0xA69C, 0xAE9A, 0x9616, 0x85D4, 0x85D4, 0x85D4, 0x85D4, 0x85D4, 0x85D5, 0x863A, 0xA69D, 0xCF1F, 0x9E7A, 0x85F7, 0x85F7, 0x85F7,
    0xAE9A, 0x85D4, 0x85D4, 0x85D4, 0x85D4, 0x85D4, 0x85D4, 0x85D4, 0x85D5, 0x863A, 0xA69D, 0xCF1F, 0xA69D, 0x8E5C, 0x8E5C, 0x8E5C
};

const short poke_mart_interior_tile_142[TILE_SIZE * TILE_SIZE] = {
    0xB6D1, 0xA68F, 0x9E8F, 0x9E8F, 0xAE93, 0xD6DA, 0xA554, 0x9CF3, 0xE71C, 0xD79B, 0xA757, 0xA757, 0xAF57, 0xC7B9, 0xBF98, 0xA757,
    0xA68F, 0x9E8F, 0x9E90, 0xB6B4, 0xB615, 0xA554, 0x9D71, 0x9DD1, 0xC656, 0xD6D9, 0xD79B, 0xB778, 0xA757, 0xAF78, 0xB798, 0xBF98,
    0x8DAE, 0x8DAE, 0x95D0, 0xADF5, 0x9D14, 0x7BF0, 0x84EF, 0x8D8F, 0x9D11, 0xB5B6, 0xD6BB, 0xAE77, 0x9655, 0x9655, 0x9E76, 0xB6B7,
    0x5B4D, 0x5B4D, 0x634D, 0x634F, 0x632E, 0x5ACD, 0x5B2D, 0x5B4D, 0x632E, 0x6B4F, 0x7390, 0x638F, 0x636F, 0x636F, 0x638F, 0x6B8F,
    0x9494, 0x9494, 0x9494, 0x9494, 0x9494, 0x9494, 0x9494, 0x9494, 0x9494, 0x9494, 0x9494, 0x9494, 0x9494, 0x9494, 0x9494, 0x9494,
    0xFFDF, 0xFFDF, 0xFFDF, 0xFFDF, 0xFFDF, 0xFFDF, 0xFFDF, 0xFFDF, 0xFFDF, 0xFFDF, 0xFFDF, 0xFFDF, 0xFFDF, 0xFFDF, 0xFFDF, 0xFFDF,
    0xDF5F, 0xDF5F, 0xDF5F, 0xDF5F, 0xDF5F, 0xDF5F, 0xDF5F, 0xDF5F, 0xDF5F, 0xDF5F, 0xDF5F, 0xDF5F, 0xDF5F, 0xDF5F, 0xDF5F, 0xDF5F,
    0xBEDE, 0xBEDE, 0xBEDE, 0xBEDE, 0xBEDE, 0xBEDE, 0xC6FE, 0xCF1F, 0xCF1F, 0xC6FE, 0xBEDE, 0xBEDE, 0xBEDE, 0xBEDE, 0xBEDE, 0xBEDE,
    0x967C, 0x967C, 0x967C, 0x967C, 0x967C, 0x967C, 0xB6DE, 0xCF1F, 0xCF1F, 0xB6DE, 0x967C, 0x967C, 0x967C, 0x967C, 0x967C, 0x967C,
    0x8E5C, 0x8E5C, 0x8E5C, 0x8E5C, 0x8E5C, 0x8E5C, 0xAEBD, 0xCF1F, 0xCF1F, 0xAEBD, 0x8E5C, 0x8E5C, 0x8E5C, 0x8E5C, 0x8E5C, 0x8E5C,
    0x8E5C, 0x8E5C, 0x8E5C, 0x8E5C, 0x8E5C, 0x8E5C, 0xAEBD, 0xCF1F, 0xCF1F, 0xAEBD, 0x8E5C, 0x8E5C, 0x8E5C, 0x8E5C, 0x8E5C, 0x8E5C,
    0x85F7, 0x85F7, 0x85F7, 0x85F7, 0x85F7, 0x85F7, 0xAE9B, 0xCF1F, 0xCF1F, 0xAE9B, 0x85F7, 0x85F7, 0x85F7, 0x85F7, 0xA679, 0xCF3D,
    0x85D4, 0x85D4, 0x85D4, 0x85D4, 0x85D4, 0x85D4, 0xAE9A, 0xCF1F, 0xCF1F, 0xAE9A, 0x85D4, 0x85D4, 0x85D4, 0x9615, 0xBED9, 0xFFDF,
    0x85D4, 0x85D4, 0x85D4, 0x85D4, 0x85D4, 0x85D4, 0xAE9A, 0xCF1F, 0xCF1F, 0xAE9A, 0x85D4, 0x85D4, 0x9615, 0xCF1B, 0xEF9D, 0xFFDF,
    0x85F7, 0x85F7, 0x85F7, 0x85F7, 0x85F7, 0x85F7, 0xAE9B, 0xCF1F, 0xCF1F, 0xAE9B, 0x85F7, 0x9E57, 0xBED9, 0xEF9D, 0xFFDF, 0xFFDF,
    0x8E5C, 0x8E5C, 0x8E5C, 0x8E5C, 0x8E5C, 0x8E5C, 0xAEBD, 0xCF1F, 0xCF1F, 0xAEBD, 0x8E5C, 0xCF3D, 0xFFDF, 0xFFDF, 0xFFDF, 0xFFDF
};

const short poke_mart_interior_tile_143[TILE_SIZE * TILE_SIZE] = {
    0xA757, 0xA757, 0xA757, 0xA757, 0xA757, 0xA757, 0xA757, 0xA757, 0xA757, 0xA757, 0xBF98, 0xC7B9, 0xAF57, 0xA757, 0xA757, 0xD79B,
    0xBF98, 0xBF98, 0xBF98, 0xBF98, 0xBF98, 0xBF98, 0xBF98, 0xBF98, 0xBF98, 0xBF98, 0xB798, 0xAF78, 0xA757, 0xB778, 0xD79B, 0xD6D9,
    0xB6B7, 0xB6B7, 0xB6B7, 0xB6B7, 0xB6B7, 0xB6B7, 0xB6B7, 0xB6B7, 0xB6B7, 0xB6B7, 0x9E76, 0x9655, 0x9655, 0xAE77, 0xD6BB, 0xB5B6,
    0x6B8F, 0x6B8F, 0x6B8F, 0x6B8F, 0x6B8F, 0x6B8F, 0x6B8F, 0x6B8F, 0x6B8F, 0x6B8F, 0x638F, 0x636F, 0x636F, 0x638F, 0x7390, 0x6B4F,
    0x9494, 0x9494, 0x9494, 0x9494, 0x9494, 0x9494, 0x9494, 0x9494, 0x9494, 0x9494, 0x9494, 0x9494, 0x9494, 0x9494, 0x9494, 0x9494,
    0xFFDF, 0xFFDF, 0xFFDF, 0xFFDF, 0xFFDF, 0xFFDF, 0xFFDF, 0xFFDF, 0xFFDF, 0xFFDF, 0xFFDF, 0xFFDF, 0xFFDF, 0xFFDF, 0xFFDF, 0xFFDF,
    0xDF5F, 0xDF5F, 0xDF5F, 0xDF5F, 0xDF5F, 0xDF5F, 0xDF5F, 0xDF5F, 0xDF5F, 0xDF5F, 0xDF5F, 0xDF5F, 0xDF5F, 0xDF5F, 0xDF5F, 0xDF5F,
    0xBEDE, 0xC6FE, 0xCF1E, 0xD73F, 0xD73F, 0xD73F, 0xD73F, 0xCF1F, 0xCF1F, 0xCF1F, 0xCF1F, 0xCF1F, 0xCF1F, 0xCF1F, 0xCF1F, 0xCF1F,
    0x967C, 0xA6BD, 0xDF7E, 0xEF9F, 0xEF9F, 0xEF9F, 0xE77F, 0xD73F, 0xCF1F, 0xCF1F, 0xCF1F, 0xCF1F, 0xCF1F, 0xCF1F, 0xCF1F, 0xCF1F,
    0xA69C, 0xC71D, 0xEF9E, 0xFFDF, 0xFFDF, 0xEF9F, 0xDF7F, 0xCF1F, 0xCF1F, 0xCF1F, 0xCF1F, 0xCF1F, 0xCF1F, 0xCF1F, 0xCF1F, 0xD73F,
    0xCF3D, 0xFFDF, 0xFFDF, 0xFFDF, 0xFFDF, 0xDF5F, 0xCF1F, 0xCF1F, 0xCF1F, 0xCF1F, 0xCF1F, 0xCF1F, 0xCF1F, 0xCF1F, 0xCF1F, 0xE77F,
    0xE79E, 0xFFDF, 0xFFDF, 0xEF9F, 0xDF5F, 0xD73F, 0xCF1F, 0xCF1F, 0xCF1F, 0xCF1F, 0xCF1F, 0xCF1F, 0xCF1F, 0xD73F, 0xE77F, 0xDF5F,
    0xFFDF, 0xF7BE, 0xE77D, 0xD73D, 0xCF1F, 0xCF1F, 0xC6FE, 0xBEFE, 0xBEDE, 0xBEDE, 0xBEDE, 0xC6FE, 0xCF1E, 0xDF5F, 0xEF9F, 0xDF5F,
    0xFFDF, 0xE77D, 0xAE78, 0xAE99, 0xCF1F, 0xCF1F, 0xBEFE, 0x9E9D, 0x967C, 0x967C, 0x967C, 0xA6BD, 0xDF7E, 0xE77F, 0xD73F, 0xE77F,
    0xDF7E, 0xBEFC, 0x9638, 0x9E7A, 0xCF1F, 0xBEDE, 0xA6BD, 0x965C, 0x8E5C, 0x8E5C, 0xA69C, 0xBEFD, 0xDF5E, 0xE77F, 0xDF5F, 0xEF9F,
    0xB6DD, 0x8E5C, 0x8E5C, 0xA69D, 0xCF1F, 0xA69D, 0x8E5C, 0x8E5C, 0x8E5C, 0x8E5C, 0xCF3D, 0xEF9F, 0xD73F, 0xDF5F, 0xFFDF, 0xFFDF
};

const short poke_mart_interior_tile_144[TILE_SIZE * TILE_SIZE] = {
    0xEF5C, 0xBDF6, 0x8C51, 0x528D, 0xB5B7, 0xFFDF, 0xFFDF, 0xFFDF, 0xFFDF, 0xFFDF, 0xEF9F, 0xD73F, 0xAE9A, 0x85D4, 0x85D4, 0x85D4,
    0xC656, 0xAE32, 0x84AF, 0x528D, 0xB5B7, 0xFFDF, 0xFFDF, 0xFFDF, 0xFFDF, 0xCF3D, 0xBEFD, 0xC6FE, 0xAE9A, 0x85D4, 0x85D4, 0x85D4,
    0x9D11, 0x8D8F, 0x746E, 0x528D, 0xB5B7, 0xFFDF, 0xFFDF, 0xEFBE, 0xE77E, 0xAEBD, 0x967C, 0xBEDE, 0xAE9B, 0x85D5, 0x85D5, 0x85D5,
    0x632E, 0x5B4D, 0x5AED, 0x528D, 0xB5B7, 0xFFDF, 0xFFDF, 0xD75E, 0x9E9C, 0x967C, 0x967C, 0xBEDE, 0xAEBD, 0x863A, 0x863A, 0x863A,
    0x9494, 0x9494, 0x7BD1, 0x528D, 0xB5B7, 0xEFBE, 0xD75E, 0xB6DD, 0x8E5C, 0x8E5C, 0x967C, 0xBEDE, 0xAEBD, 0x8E5C, 0x8E5C, 0x8E5C,
    0xFFDF, 0xFFDF, 0xB5B7, 0x528D, 0xB5B7, 0xE77E, 0x9E9C, 0x8E5C, 0x8E5C, 0x8E5C, 0x967C, 0xBEDE, 0xAEBD, 0x8E5C, 0x8E5C, 0x8E5C,
    0xDF5F, 0xDF5F, 0xA577, 0x528D, 0xB5B7, 0xE77E, 0x9E9C, 0x8E5C, 0x8E5C, 0x8E5C, 0x967C, 0xBEDE, 0xAEBD, 0x8E5C, 0x8E5C, 0x8E5C,
    0xCF1F, 0xD73F, 0x9D57, 0x528D, 0xB5B7, 0xE77E, 0x9E9C, 0x8E5C, 0x8E5C, 0x8E5C, 0x967C, 0xBEDE, 0xAEBD, 0x8E5C, 0x8E5C, 0x8E5C,
    0xD73F, 0xE77F, 0xAD97, 0x528D, 0xB5B7, 0xE77E, 0x9E9C, 0x8E5C, 0x8E5C, 0x8E5C, 0x967C, 0xBEDE, 0xAEBD, 0x8E5C, 0x8E5C, 0x8E5C,
    0xDF5F, 0xE77F, 0xAD77, 0x528D, 0xB5B7, 0xE77D, 0x9E7A, 0x8618, 0x8618, 0x8618, 0x8E39, 0xA69C, 0x9E7B, 0x8618, 0x8618, 0x8618,
    0xEF9F, 0xD73F, 0x9D37, 0x528D, 0xB5B7, 0xE75C, 0x9E36, 0x85D4, 0x85D4, 0x85D4, 0x85D5, 0x863A, 0x8618, 0x85D4, 0x85D4, 0x85D4,
    0xDF5F, 0xE77F, 0xAD77, 0x528D, 0xB5B7, 0xE75C, 0x9E36, 0x85D4, 0x85D4, 0x85D4, 0x85D5, 0x863A, 0x8618, 0x85D4, 0x85D4, 0x85D4,
    0xDF5F, 0xF7BF, 0xB5B7, 0x528D, 0xB5B7, 0xE75C, 0x9E36, 0x85D4, 0x85D4, 0x85D4, 0x85D5, 0x863A, 0x8618, 0x85D4, 0x85D4, 0x85D4,
    0xF7BF, 0xF7BF, 0xB5B7, 0x528D, 0xB5B7, 0xE75C, 0x9E36, 0x85D4, 0x85D4, 0x85D4, 0x85D5, 0x863A, 0x8618, 0x85D4, 0x85D4, 0x9615,
    0xFFDF, 0xFFDF, 0xB5B7, 0x528D, 0xB5B7, 0xE77D, 0x9E58, 0x85F7, 0x85F7, 0x85F7, 0x8618, 0x863B, 0x863A, 0x85F7, 0x9E57, 0xBED9,
    0xFFDF, 0xFFDF, 0xB5B7, 0x528D, 0xB5B7, 0xE77E, 0x9E9C, 0x8E5C, 0x8E5C, 0x8E5C, 0x8E5C, 0x8E5C, 0x8E5C, 0x8E5C, 0xCF3D, 0xFFDF
};

const short poke_mart_interior_tile_145[TILE_SIZE * TILE_SIZE] = {
    0x85D4, 0x85D4, 0x85D4, 0xAE9A, 0xBEDC, 0x8E16, 0x85D4, 0x85D4, 0x85D4, 0x8E16, 0xBEDC, 0x9D37, 0x528D, 0x9D14, 0xC6B7, 0xA691,
    0x85D4, 0x85D4, 0x85D4, 0xAE9A, 0xBEDC, 0x8E16, 0x85D4, 0x85D4, 0x85D4, 0x8E16, 0xBEDC, 0x9D37, 0x528D, 0x8431, 0xAD94, 0xB675,
    0x85D5, 0x85D5, 0x85D5, 0xAE9B, 0xBEDD, 0x9617, 0x85D5, 0x85D5, 0x85D5, 0x9617, 0xC6FD, 0x9D57, 0x528D, 0x73CF, 0x9512, 0xB5F6,
    0x863A, 0x863A, 0x863A, 0xAEBD, 0xBEDE, 0x965B, 0x863A, 0x863A, 0x863A, 0x9E7B, 0xDF5E, 0xAD97, 0x528D, 0x7CAE, 0x95D0, 0x9512,
    0x8E5C, 0x8E5C, 0x8E5C, 0xAEBD, 0xBEDE, 0x967C, 0x8E5C, 0x8E5C, 0xA69C, 0xC71D, 0xEF9E, 0xB5B7, 0x528D, 0x7CEE, 0x962F, 0x9570,
    0x8E5C, 0x8E5C, 0x8E5C, 0xAEBD, 0xBEDE, 0x967C, 0x8E5C, 0x8E5C, 0xCF3D, 0xFFDF, 0xFFDF, 0xB5B7, 0x528D, 0x7CEE, 0x9E8F, 0x9E8F,
    0x8E5C, 0x8E5C, 0x8E5C, 0xAEBD, 0xBEDE, 0x967C, 0xA69C, 0xCF3D, 0xE79E, 0xFFDF, 0xFFDF, 0xB5B7, 0x528D, 0x7CEE, 0x9E8F, 0x9E8F,
    0x8E5C, 0x8E5C, 0x8E5C, 0xAEBD, 0xC6FE, 0xA6BD, 0xC71D, 0xFFDF, 0xFFDF, 0xF7BF, 0xF7BF, 0xAD97, 0x528D, 0x7CEE, 0x9E8F, 0x9E8F,
    0x8E5C, 0x8E5C, 0x8E5C, 0xAEBD, 0xCF1E, 0xDF7E, 0xEF9E, 0xFFDF, 0xFFDF, 0xF7BF, 0xDF5F, 0x9D57, 0x528D, 0x7CEE, 0x9E8F, 0x9E8F,
    0x8618, 0x8618, 0x8618, 0xBEDC, 0xE77F, 0xF7BF, 0xFFDF, 0xFFDF, 0xDF7E, 0xCF3E, 0xCF1E, 0x9D37, 0x528D, 0x7CEE, 0x964F, 0x95CF,
    0x85D4, 0x85D4, 0x85D4, 0xCEFA, 0xFFDF, 0xFFDF, 0xFFDF, 0xFFDF, 0xB6DD, 0x967C, 0xBEDE, 0x9D37, 0x528D, 0x7CEE, 0x960F, 0x8CB0,
    0x85D4, 0x9E36, 0xCEFA, 0xE77D, 0xFFDF, 0xFFDF, 0xDF5C, 0xB698, 0xAEBB, 0xB6DE, 0xC6FE, 0x9D37, 0x528D, 0x740E, 0x9551, 0xADB5,
    0x9615, 0xBED9, 0xFFDF, 0xFFDF, 0xF7BE, 0xE77D, 0xBEDA, 0x8E16, 0xAE7A, 0xBEDD, 0xC6FE, 0x9D37, 0x528D, 0x7BD0, 0xA533, 0xBE56,
    0xCF1B, 0xEF9D, 0xFFDF, 0xFFDF, 0xE77D, 0xAE78, 0xA678, 0xBEDC, 0xA658, 0x9E38, 0xBEDD, 0x9D37, 0x528D, 0x94D3, 0xBE56, 0xAE92,
    0xEF9D, 0xFFDF, 0xFFDF, 0xDF7E, 0xC6FC, 0xA679, 0xA67A, 0xAEBD, 0x9659, 0x9638, 0xBEDD, 0x9D37, 0x528D, 0x9D14, 0xC6B7, 0xA691,
    0xFFDF, 0xFFDF, 0xFFDF, 0xB6DD, 0x967C, 0xBEDE, 0xAEBD, 0x8E5C, 0x8E5C, 0x967C, 0xBEDE, 0x9D37, 0x528D, 0x9D14, 0xC6B7, 0xA691
};

const short poke_mart_interior_tile_146[TILE_SIZE * TILE_SIZE] = {
    0x9E8F, 0x9E8F, 0xA6B0, 0xAEB0, 0x9E8F, 0x9E8F, 0x9E8F, 0x9E8F, 0x9E8F, 0x9E8F, 0x9ED2, 0xA757, 0xA757, 0xA757, 0xA757, 0xB778,
    0xAE93, 0x9E8F, 0x9E8F, 0xA68F, 0xA6B0, 0xA6B0, 0xA6B0, 0xA6B0, 0xA6B0, 0xA6B0, 0xAF13, 0xBF98, 0xBF98, 0xBF98, 0xBF98, 0xB798,
    0xB675, 0xA691, 0x9E8F, 0x9E8F, 0xA6B0, 0xAEB0, 0xAEB0, 0xAEB0, 0xAEB0, 0xAEB0, 0xB714, 0xC7B9, 0xC7B9, 0xC7B9, 0xC7B9, 0xB798,
    0xAD94, 0xC6B7, 0xAE92, 0x9E8F, 0x9E8F, 0x9E8F, 0x9E8F, 0x9E8F, 0x9E8F, 0x9E8F, 0xA6F2, 0xAF57, 0xAF57, 0xAF57, 0xAF57, 0xA757,
    0x9D72, 0xB5D6, 0xB654, 0xAE93, 0xAE93, 0xAE93, 0xAE93, 0xAE93, 0xAE93, 0xAE93, 0xB6F6, 0xC77A, 0xC77A, 0xC77A, 0xC77A, 0xC77A,
    0x958F, 0x8C51, 0xB5D6, 0xD6DA, 0xD6DA, 0xD6DA, 0xD6DA, 0xD6DA, 0xD6DA, 0xD6DA, 0xE73C, 0xFFDF, 0xFFDF, 0xFFDF, 0xFFDF, 0xFFDF,
    0x962F, 0x958F, 0x9D72, 0xA554, 0xA554, 0xA554, 0xA554, 0xA554, 0xA554, 0xA554, 0xB5B6, 0xCE78, 0xCE78, 0xCE78, 0xCE78, 0xCE78,
    0x964F, 0x960F, 0x9551, 0x94D2, 0x94D2, 0x94D2, 0x94D2, 0x94D2, 0x94D2, 0x94D2, 0xA534, 0xBDF6, 0xBDF6, 0xBDF6, 0xBDF6, 0xBDF6,
    0x95CF, 0x8CB0, 0xADB5, 0xC658, 0xC658, 0xC658, 0xC658, 0xC658, 0xC658, 0xC658, 0xD6BA, 0xEF5C, 0xEF5C, 0xEF5C, 0xEF5C, 0xEF5C,
    0x9D71, 0xA554, 0xB615, 0xBEB5, 0xBEB5, 0xBEB5, 0xBEB5, 0xBEB5, 0xBEB5, 0xBEB5, 0xC718, 0xD79B, 0xD79B, 0xD79B, 0xD79B, 0xD79B,
    0xA554, 0xD6DA, 0xAE93, 0x9E8F, 0x9E8F, 0x9E8F, 0x9E8F, 0x9E8F, 0x9E8F, 0x9E8F, 0x9ED2, 0xA757, 0xA757, 0xA757, 0xA757, 0xA757,
    0xB615, 0xAE93, 0xA690, 0x9E8F, 0xA6B0, 0xA6B0, 0xA6B0, 0xA6B0, 0xA6B0, 0xA6B0, 0xAF13, 0xBF98, 0xBF98, 0xBF98, 0xBF98, 0xAF78,
    0xB6B4, 0x9E8F, 0x9E8F, 0xA68F, 0xAEB0, 0xAEB0, 0xAEB0, 0xAEB0, 0xAEB0, 0xAEB0, 0xB714, 0xC7B9, 0xC7B9, 0xC7B9, 0xC7B9, 0xB798,
    0x9E90, 0x9E8F, 0xA6B0, 0xAEB0, 0xA68F, 0x9E8F, 0x9E8F, 0x9E8F, 0x9E8F, 0x9E8F, 0xA6F2, 0xAF57, 0xAF57, 0xAF57, 0xAF57, 0xB778,
    0x9E8F, 0xA68F, 0xA6B0, 0xA6B0, 0x9E8F, 0x9E8F, 0x9E8F, 0x9E8F, 0x9E8F, 0x9E8F, 0x9ED2, 0xA757, 0xA757, 0xA757, 0xA757, 0xAF77,
    0xA68F, 0xB6D1, 0xA68F, 0x9E8F, 0x9E8F, 0x9E8F, 0x9E8F, 0x9E8F, 0x9E8F, 0x9E8F, 0x9ED2, 0xA757, 0xA757, 0xA757, 0xA757, 0xA757
};

const short poke_mart_interior_tile_147[TILE_SIZE * TILE_SIZE] = {
    0xCFDA, 0xB778, 0xA757, 0xA757, 0xC77A, 0xFFDF, 0xCE78, 0xBDF6, 0xEF5C, 0xD79B, 0xA757, 0xA757, 0xAF57, 0xC7B9, 0xBF98, 0xA757,
    0xB778, 0xA757, 0xAF58, 0xCF9A, 0xD71A, 0xCE78, 0xB633, 0xAE32, 0xC656, 0xD6D9, 0xD79B, 0xB778, 0xA757, 0xAF78, 0xB798, 0xBF98,
    0xA757, 0xAF58, 0xBF59, 0xDF5C, 0xD6B8, 0xADB3, 0xA630, 0x9E70, 0xADF3, 0xC677, 0xEF5C, 0xCF5A, 0xAF58, 0xA757, 0xAF78, 0xC7B9,
    0xA757, 0xCF9A, 0xDF5C, 0xC657, 0xB613, 0x9E50, 0x9E6F, 0x9E90, 0xA6D4, 0xAE96, 0xBDF6, 0xD6FA, 0xDF9C, 0xAF58, 0xA757, 0xAF57,
    0xC77A, 0xD71A, 0xD6B8, 0xB613, 0xA630, 0x9E8F, 0x9EB0, 0x9EF3, 0x9F36, 0xA6D6, 0xAE35, 0xC698, 0xD6FA, 0xCF5A, 0xC77A, 0xC77A,
    0xFFDF, 0xCE78, 0xADB3, 0x9E50, 0x9E8F, 0x9E8F, 0x9EF3, 0xA757, 0xA757, 0xA757, 0xA757, 0xAE35, 0xBDF6, 0xEF5C, 0xFFDF, 0xFFDF,
    0xCE78, 0xB633, 0xA630, 0x9E6F, 0x9EB0, 0x9EF3, 0x9F35, 0xA757, 0xA757, 0xA757, 0xA757, 0xA6D6, 0xAE96, 0xC677, 0xCE78, 0xCE78,
    0xBDF6, 0xAE32, 0x9E70, 0x9E90, 0x9EF3, 0xA757, 0xA757, 0xA757, 0xA757, 0xA757, 0xA757, 0xA716, 0xAEB6, 0xBE36, 0xBDF6, 0xBDF6,
    0xEF5C, 0xC656, 0xADF3, 0xA6D4, 0x9F36, 0xA757, 0xA757, 0xA757, 0xA757, 0xA757, 0xA757, 0xAE75, 0xBE36, 0xDF1B, 0xEF5C, 0xEF5C,
    0xD79B, 0xD6D9, 0xC677, 0xAE96, 0xA6D6, 0xA757, 0xA757, 0xA757, 0xA757, 0xA6F6, 0xA695, 0xBE77, 0xCEB9, 0xD75B, 0xD79B, 0xD79B,
    0xA757, 0xD79B, 0xEF5C, 0xBDF6, 0xAE35, 0xA757, 0xA757, 0xA757, 0xA757, 0xA695, 0xB594, 0xDEDA, 0xE7BD, 0xB758, 0xA757, 0xA757,
    0xA757, 0xB778, 0xCF5A, 0xD6FA, 0xC698, 0xAE35, 0xA6D6, 0xA716, 0xAE75, 0xBE77, 0xDEDA, 0xCF3A, 0xBF79, 0xA757, 0xAF77, 0xBF98,
    0xAF57, 0xA757, 0xAF58, 0xDF9C, 0xD6FA, 0xBDF6, 0xAE96, 0xAEB6, 0xBE36, 0xCEB9, 0xE7BD, 0xBF79, 0xA757, 0xA757, 0xB778, 0xC7B9,
    0xC7B9, 0xAF78, 0xA757, 0xAF58, 0xCF5A, 0xEF5C, 0xC677, 0xBE36, 0xDF1B, 0xD75B, 0xB758, 0xA757, 0xA757, 0xBF98, 0xB798, 0xAF57,
    0xBF98, 0xB798, 0xAF78, 0xA757, 0xC77A, 0xFFDF, 0xCE78, 0xBDF6, 0xEF5C, 0xD79B, 0xA757, 0xAF77, 0xB778, 0xB798, 0xAF78, 0xA757,
    0xA757, 0xBF98, 0xC7B9, 0xAF57, 0xC77A, 0xFFDF, 0xCE78, 0xBDF6, 0xEF5C, 0xD79B, 0xA757, 0xBF98, 0xC7B9, 0xAF57, 0xA757, 0xA757
};

const short poke_mart_interior_tile_148[TILE_SIZE * TILE_SIZE] = {
    0xA757, 0xA757, 0xA757, 0xA757, 0xA757, 0xA757, 0xA757, 0xA757, 0xA757, 0xA757, 0xBF98, 0xC7B9, 0xAF57, 0xA757, 0xA757, 0xD79B,
    0xBF98, 0xBF98, 0xBF98, 0xBF98, 0xBF98, 0xBF98, 0xBF98, 0xBF98, 0xBF98, 0xBF98, 0xB798, 0xAF78, 0xA757, 0xB778, 0xD79B, 0xD6D9,
    0xC7B9, 0xC7B9, 0xC7B9, 0xC7B9, 0xC7B9, 0xC7B9, 0xC7B9, 0xC7B9, 0xC7B9, 0xC7B9, 0xAF78, 0xA757, 0xAF58, 0xCF5A, 0xEF5C, 0xC656,
    0xAF57, 0xAF57, 0xAF57, 0xAF57, 0xAF57, 0xAF57, 0xAF57, 0xAF57, 0xAF57, 0xAF57, 0xA757, 0xAF58, 0xDF9C, 0xD6FA, 0xBDF6, 0xAE32,
    0xC77A, 0xC77A, 0xC77A, 0xC77A, 0xC77A, 0xC77A, 0xC77A, 0xC77A, 0xC77A, 0xC77A, 0xC77A, 0xCF5A, 0xD6FA, 0xC677, 0xA5F2, 0x9E50,
    0xFFDF, 0xFFDF, 0xFFDF, 0xFFDF, 0xFFDF, 0xFFDF, 0xFFDF, 0xFFDF, 0xFFDF, 0xFFDF, 0xFFDF, 0xEF5C, 0xBDF6, 0xA5F2, 0x9E8F, 0x9E8F,
    0xCE78, 0xCE78, 0xCE78, 0xCE78, 0xCE78, 0xCE78, 0xCE78, 0xCE78, 0xCE78, 0xCE78, 0xCE78, 0xC656, 0xAE32, 0x9E50, 0x9E8F, 0x9ED1,
    0xBDF6, 0xBDF6, 0xBDF6, 0xBDF6, 0xBDF6, 0xBDF6, 0xBDF6, 0xBDF6, 0xBDF6, 0xBDF6, 0xBDF6, 0xBE15, 0xA631, 0x9E70, 0x9EB0, 0x9F14,
    0xEF5C, 0xEF5C, 0xEF5C, 0xEF5C, 0xEF5C, 0xEF5C, 0xEF5C, 0xEF5C, 0xEF5C, 0xEF5C, 0xEF5C, 0xDEFA, 0xBE15, 0xA654, 0x9F15, 0x9F36,
    0xD79B, 0xD79B, 0xD79B, 0xD79B, 0xD79B, 0xD79B, 0xD79B, 0xD79B, 0xD79B, 0xD79B, 0xD79B, 0xD75B, 0xCEB9, 0xBE77, 0xA695, 0xA6F6,
    0xA757, 0xA757, 0xA757, 0xA757, 0xA757, 0xA757, 0xA757, 0xA757, 0xA757, 0xA757, 0xA757, 0xB758, 0xE7BD, 0xDEDA, 0xB594, 0xA695,
    0xBF98, 0xBF98, 0xBF98, 0xBF98, 0xBF98, 0xBF98, 0xBF98, 0xBF98, 0xBF98, 0xBF98, 0xAF77, 0xA757, 0xBF79, 0xCF3A, 0xDEDA, 0xBE77,
    0xC7B9, 0xC7B9, 0xC7B9, 0xC7B9, 0xC7B9, 0xC7B9, 0xC7B9, 0xC7B9, 0xC7B9, 0xC7B9, 0xB778, 0xA757, 0xA757, 0xBF79, 0xE7BD, 0xCEB9,
    0xAF57, 0xAF57, 0xAF57, 0xAF57, 0xAF57, 0xAF57, 0xAF57, 0xAF57, 0xAF57, 0xAF57, 0xB798, 0xBF98, 0xA757, 0xA757, 0xB758, 0xD75B,
    0xA757, 0xA757, 0xA757, 0xA757, 0xA757, 0xA757, 0xA757, 0xA757, 0xA757, 0xA757, 0xAF78, 0xB798, 0xB778, 0xAF77, 0xA757, 0xD79B,
    0xA757, 0xA757, 0xA757, 0xA757, 0xA757, 0xA757, 0xA757, 0xA757, 0xA757, 0xA757, 0xA757, 0xAF57, 0xC7B9, 0xBF98, 0xA757, 0xD79B
};

const short poke_mart_interior_tile_149[TILE_SIZE * TILE_SIZE] = {
    0xEF5C, 0xBDF6, 0xCE78, 0xFFDF, 0xC77A, 0xA757, 0xA757, 0xB778, 0xCFDA, 0xB778, 0xA757, 0xA757, 0xA757, 0xA757, 0xA757, 0xA757,
    0xC656, 0xAE32, 0xB633, 0xCE78, 0xD71A, 0xCF9A, 0xAF58, 0xA757, 0xB778, 0xB798, 0xBF98, 0xBF98, 0xBF98, 0xBF98, 0xBF98, 0xBF98,
    0xA5D2, 0x9E4F, 0xA651, 0xADD4, 0xD6B9, 0xDF5C, 0xBF59, 0xAF58, 0xA757, 0xB798, 0xC7B9, 0xC7B9, 0xC7B9, 0xC7B9, 0xC7B9, 0xC7B9,
    0x9E4F, 0x9E6F, 0x9EB2, 0xA6F6, 0xB656, 0xC657, 0xDF5C, 0xCF9A, 0xA757, 0xA757, 0xAF57, 0xAF57, 0xAF57, 0xAF57, 0xAF57, 0xAF57,
    0x9E8F, 0x9ED1, 0x9EF4, 0xA757, 0xA6B5, 0xB656, 0xD6B9, 0xD71A, 0xC77A, 0xC77A, 0xC77A, 0xC77A, 0xC77A, 0xC77A, 0xC77A, 0xC77A,
    0x9EB0, 0x9F15, 0xA757, 0xA757, 0xA757, 0xA6F6, 0xADD4, 0xCE78, 0xFFDF, 0xFFDF, 0xFFDF, 0xFFDF, 0xFFDF, 0xFFDF, 0xFFDF, 0xFFDF,
    0x9F14, 0x9F36, 0xA757, 0xA757, 0xA757, 0xA736, 0xA6B6, 0xB696, 0xCE78, 0xCE78, 0xCE78, 0xCE78, 0xCE78, 0xCE78, 0xCE78, 0xCE78,
    0xA757, 0xA757, 0xA757, 0xA757, 0xA757, 0xA736, 0xA6F6, 0xAE96, 0xBDF6, 0xBDF6, 0xBDF6, 0xBDF6, 0xBDF6, 0xBDF6, 0xBDF6, 0xBDF6,
    0xA757, 0xA757, 0xA757, 0xA757, 0xA757, 0xA6F6, 0xAE35, 0xC677, 0xEF5C, 0xEF5C, 0xEF5C, 0xEF5C, 0xEF5C, 0xEF5C, 0xEF5C, 0xEF5C,
    0xA757, 0xA757, 0xA757, 0xA757, 0xA6D6, 0xAE96, 0xC677, 0xD6D9, 0xD79B, 0xD79B, 0xD79B, 0xD79B, 0xD79B, 0xD79B, 0xD79B, 0xD79B,
    0xA757, 0xA757, 0xA757, 0xA757, 0xAE35, 0xBDF6, 0xEF5C, 0xD79B, 0xA757, 0xA757, 0xA757, 0xA757, 0xA757, 0xA757, 0xA757, 0xA757,
    0xAE75, 0xA716, 0xA6D6, 0xAE35, 0xC698, 0xD6FA, 0xCF5A, 0xB778, 0xA757, 0xAF78, 0xBF98, 0xBF98, 0xBF98, 0xBF98, 0xBF98, 0xBF98,
    0xBE36, 0xAEB6, 0xAE96, 0xBDF6, 0xD6FA, 0xDF9C, 0xAF58, 0xA757, 0xAF57, 0xB798, 0xC7B9, 0xC7B9, 0xC7B9, 0xC7B9, 0xC7B9, 0xC7B9,
    0xDF1B, 0xBE36, 0xC677, 0xEF5C, 0xCF5A, 0xAF58, 0xA757, 0xAF78, 0xC7B9, 0xB778, 0xAF57, 0xAF57, 0xAF57, 0xAF57, 0xAF57, 0xAF57,
    0xEF5C, 0xBDF6, 0xCE78, 0xFFDF, 0xC77A, 0xA757, 0xAF78, 0xB798, 0xBF98, 0xAF77, 0xA757, 0xA757, 0xA757, 0xA757, 0xA757, 0xA757,
    0xEF5C, 0xBDF6, 0xCE78, 0xFFDF, 0xC77A, 0xAF57, 0xC7B9, 0xBF98, 0xA757, 0xA757, 0xA757, 0xA757, 0xA757, 0xA757, 0xA757, 0xA757
};

const short poke_mart_interior_tile_150[TILE_SIZE * TILE_SIZE] = {
    0xA757, 0xA757, 0xA757, 0xA757, 0xAF57, 0xC7B9, 0xBF98, 0xA757, 0xA757, 0xB758, 0xE7BD, 0xDEDA, 0xB594, 0xDEDA, 0xE7BD, 0xB758,
    0xBF98, 0xBF98, 0xBF98, 0xBF98, 0xB798, 0xB778, 0xAF77, 0xA757, 0xC779, 0xD75B, 0xCEB9, 0xBE55, 0xA611, 0xBE55, 0xCEB9, 0xD75B,
    0xC7B9, 0xC7B9, 0xC7B9, 0xC7B9, 0xBF98, 0xA757, 0xA757, 0xB758, 0xD75B, 0xDEFA, 0xBE15, 0xA611, 0x9E8F, 0xA612, 0xBE36, 0xDF1B,
    0xAF57, 0xAF57, 0xAF57, 0xAF57, 0xA757, 0xA757, 0xBF79, 0xE7BD, 0xCEB9, 0xBE15, 0xA631, 0x9E6F, 0x9E8F, 0x9ED3, 0xAEB6, 0xBE36,
    0xC77A, 0xC77A, 0xC77A, 0xC77A, 0xC77A, 0xC77A, 0xCF3A, 0xDEDA, 0xBE55, 0xA611, 0x9E6F, 0x9EB0, 0x9ED2, 0x9F15, 0xA716, 0xAE75,
    0xFFDF, 0xFFDF, 0xFFDF, 0xFFDF, 0xFFDF, 0xFFDF, 0xDEDA, 0xB594, 0xA611, 0x9E8F, 0x9E8F, 0x9ED2, 0xA757, 0xA757, 0xA757, 0xA757,
    0xCE78, 0xCE78, 0xCE78, 0xCE78, 0xCE78, 0xCE78, 0xBE55, 0xA611, 0x9E4F, 0x9E90, 0x9EF2, 0x9F15, 0xA757, 0xA757, 0xA757, 0xA757,
    0xBDF6, 0xBDF6, 0xBDF6, 0xBDF6, 0xBDF6, 0xBDF6, 0xB613, 0x9E50, 0x9E90, 0x9ED1, 0x9F35, 0xA757, 0xA757, 0xA757, 0xA757, 0xA757,
    0xEF5C, 0xEF5C, 0xEF5C, 0xEF5C, 0xEF5C, 0xEF5C, 0xD6B8, 0xADB3, 0xA694, 0x9F35, 0xA736, 0xA757, 0xA757, 0xA757, 0xA757, 0xA757,
    0xD79B, 0xD79B, 0xD79B, 0xD79B, 0xD79B, 0xD79B, 0xD71A, 0xCE78, 0xB696, 0xA6B6, 0xA736, 0xA757, 0xA757, 0xA757, 0xA736, 0xA6B6,
    0xA757, 0xA757, 0xA757, 0xA757, 0xA757, 0xA757, 0xC77A, 0xFFDF, 0xCE78, 0xADD4, 0xA6F6, 0xA757, 0xA757, 0xA757, 0xA6F6, 0xADD4,
    0xBF98, 0xBF98, 0xBF98, 0xBF98, 0xB798, 0xA757, 0xAF58, 0xC77A, 0xD71A, 0xD6B9, 0xB656, 0xA6B5, 0xA757, 0xA6B5, 0xAE15, 0xAD75,
    0xC7B9, 0xC7B9, 0xC7B9, 0xC7B9, 0xBF99, 0xAF78, 0xA757, 0xA757, 0xCF9A, 0xDF5C, 0xC657, 0xB656, 0xA6F6, 0xB656, 0xBDD6, 0xAD36,
    0xAF57, 0xAF57, 0xAF57, 0xAF57, 0xAF78, 0xBF99, 0xB798, 0xA757, 0xAF58, 0xBF59, 0xDF5C, 0xD6B9, 0xADD4, 0xD6B9, 0xDEDB, 0xB578,
    0xA757, 0xA757, 0xA757, 0xA757, 0xA757, 0xB798, 0xB798, 0xB778, 0xA757, 0xB758, 0xE7BD, 0xDEDA, 0xB594, 0xCE38, 0xD67B, 0xC5D9,
    0xA757, 0xA757, 0xA757, 0xA757, 0xA757, 0xA757, 0xB778, 0xCFDA, 0xB778, 0xB758, 0xE7BD, 0xDEDA, 0xB594, 0xAD35, 0xB558, 0xCE3B
};

const short poke_mart_interior_tile_151[TILE_SIZE * TILE_SIZE] = {
    0xA757, 0xA757, 0xBF98, 0xC7B9, 0xAF57, 0xA757, 0xA757, 0xA757, 0xA757, 0xA757, 0xA757, 0xA757, 0xA757, 0xA757, 0xA757, 0xB778,
    0xC779, 0xA757, 0xAF77, 0xB778, 0xB798, 0xBF98, 0xBF98, 0xBF98, 0xBF98, 0xBF98, 0xBF98, 0xBF98, 0xBF98, 0xBF98, 0xBF98, 0xB798,
    0xD75B, 0xB758, 0xA757, 0xA757, 0xBF98, 0xC7B9, 0xC7B9, 0xC7B9, 0xC7B9, 0xC7B9, 0xC7B9, 0xC7B9, 0xC7B9, 0xC7B9, 0xC7B9, 0xB798,
    0xCEB9, 0xE7BD, 0xBF79, 0xA757, 0xA757, 0xAF57, 0xAF57, 0xAF57, 0xAF57, 0xAF57, 0xAF57, 0xAF57, 0xAF57, 0xAF57, 0xAF57, 0xA757,
    0xBE77, 0xDEDA, 0xCF3A, 0xC77A, 0xC77A, 0xC77A, 0xC77A, 0xC77A, 0xC77A, 0xC77A, 0xC77A, 0xC77A, 0xC77A, 0xC77A, 0xC77A, 0xC77A,
    0xA695, 0xB594, 0xDEDA, 0xFFDF, 0xFFDF, 0xFFDF, 0xFFDF, 0xFFDF, 0xFFDF, 0xFFDF, 0xFFDF, 0xFFDF, 0xFFDF, 0xFFDF, 0xFFDF, 0xFFDF,
    0xA6F6, 0xA695, 0xBE77, 0xCE78, 0xCE78, 0xCE78, 0xCE78, 0xCE78, 0xCE78, 0xCE78, 0xCE78, 0xCE78, 0xCE78, 0xCE78, 0xCE78, 0xCE78,
    0xA736, 0xA6F6, 0xB656, 0xBDD5, 0xB594, 0xA533, 0x9CF2, 0x9CF2, 0x9CF2, 0x9CF2, 0x9CF2, 0x9CF2, 0x9CF2, 0x9CF2, 0x9CF2, 0x9CF2,
    0xA6B6, 0xADD4, 0xD6B9, 0xDEFB, 0xB597, 0x8C53, 0x630E, 0x630E, 0x630E, 0x630E, 0x630E, 0x630E, 0x630E, 0x630E, 0x630E, 0x630E,
    0xAE15, 0xAD55, 0xC639, 0xD69B, 0xCE3A, 0xB597, 0x9494, 0x9494, 0x9494, 0x9494, 0x9494, 0x9494, 0x8C53, 0x8413, 0x8413, 0x7370,
    0xAD55, 0xAD17, 0xAD17, 0xBD98, 0xEF3D, 0xFFDF, 0xFFDF, 0xFFDF, 0xFFDF, 0xFFDF, 0xFFDF, 0xFFDF, 0xE71D, 0xDE9C, 0xDE9C, 0xA4F6,
    0xB577, 0xC5FA, 0xD65B, 0xDEFC, 0xF79E, 0xFFDF, 0xFFDF, 0xFFDF, 0xFFDF, 0xFFDF, 0xFFDF, 0xFFDF, 0xE71D, 0xDE9C, 0xDE9C, 0xA4F6,
    0xBDB9, 0xDEDC, 0xEF5E, 0xF7BE, 0xF79E, 0xE73D, 0xD6BB, 0xD6BB, 0xD6BB, 0xD6BB, 0xD6BB, 0xD6BB, 0xC61A, 0xBDB9, 0xBDB9, 0x9474,
    0xC61A, 0xF79E, 0xF7BE, 0xF79E, 0xE6FD, 0xB577, 0x7390, 0x7390, 0x7390, 0x7390, 0x7390, 0x7390, 0x6B70, 0x6B50, 0x6B50, 0x62EE,
    0xD67B, 0xFFDF, 0xF77E, 0xDEDC, 0xB577, 0x8C94, 0x6413, 0x6413, 0x6413, 0x6413, 0x6413, 0x6413, 0x6413, 0x6413, 0x6413, 0x5B70,
    0xE71D, 0xFFDF, 0xE71D, 0xBDB9, 0x6B50, 0x6413, 0x8E5C, 0x8E5C, 0x8E5C, 0x8E5C, 0x8E5C, 0x8E5C, 0x8E5C, 0x8E5C, 0x8E5C, 0x74D6
};

const short poke_mart_interior_tile_152[TILE_SIZE * TILE_SIZE] = {
    0xCFDA, 0xB778, 0xA757, 0xA757, 0xC77A, 0xFFDF, 0xCE78, 0xBDF6, 0xEF5C, 0xD79B, 0xA757, 0xA757, 0xAF57, 0xC7B9, 0xBF98, 0xA757,
    0xB778, 0xA757, 0xAF58, 0xCF9A, 0xD71A, 0xCE78, 0xB633, 0xAE32, 0xC656, 0xD6D9, 0xD79B, 0xB778, 0xA757, 0xAF78, 0xB798, 0xBF98,
    0xA757, 0xAF58, 0xBF59, 0xDF5C, 0xD6B8, 0xADB3, 0xA630, 0x9E70, 0xADF3, 0xC677, 0xEF5C, 0xCF5A, 0xAF58, 0xA757, 0xAF78, 0xC7B9,
    0xA757, 0xCF9A, 0xDF5C, 0xC657, 0xB613, 0x9E50, 0x9E6F, 0x9E90, 0xA6D4, 0xAE96, 0xBDF6, 0xD6FA, 0xDF9C, 0xAF58, 0xA757, 0xAF57,
    0xC77A, 0xD71A, 0xD6B8, 0xB613, 0xA630, 0x9E8F, 0x9EB0, 0x9EF3, 0x9F36, 0xA6D6, 0xAE35, 0xC698, 0xD6FA, 0xCF5A, 0xC77A, 0xC77A,
    0xFFDF, 0xCE78, 0xADB3, 0x9E50, 0x9E8F, 0x9E8F, 0x9EF3, 0xA757, 0xA757, 0xA757, 0xA757, 0xAE35, 0xBDF6, 0xEF5C, 0xFFDF, 0xFFDF,
    0xCE78, 0xB633, 0xA630, 0x9E6F, 0x9EB0, 0x9EF3, 0x9F35, 0xA757, 0xA757, 0xA757, 0xA757, 0xA6D6, 0xAE96, 0xC677, 0xCE78, 0xCE78,
    0x9CF2, 0x9570, 0x8DAE, 0x8DAE, 0x8DF1, 0x9655, 0x9EF6, 0xA757, 0xA757, 0x9EF6, 0x9655, 0x9655, 0x9614, 0x9D33, 0x9CF2, 0x9CF2,
    0x630E, 0x632D, 0x5B4D, 0x5B4D, 0x5B4E, 0x636F, 0x85B3, 0xA757, 0xA757, 0x85B3, 0x636F, 0x636F, 0x636E, 0x632E, 0x630E, 0x630E,
    0x528D, 0x7370, 0x8C33, 0x9493, 0x9494, 0x9494, 0x8D13, 0x8553, 0x8553, 0x8D13, 0x9494, 0x9494, 0x9493, 0x8C33, 0x7370, 0x528D,
    0x528D, 0xA4F6, 0xDEDC, 0xF79E, 0xFFDF, 0xFFDF, 0x9494, 0x528D, 0x528D, 0x9494, 0xFFDF, 0xFFDF, 0xF79E, 0xDEDC, 0xA4F6, 0x528D,
    0x528D, 0xA4F6, 0xDEDC, 0xF79E, 0xFFDF, 0xFFDF, 0x9494, 0x528D, 0x528D, 0x9494, 0xFFDF, 0xFFDF, 0xF79E, 0xDEDC, 0xA4F6, 0x528D,
    0x528D, 0xA4F6, 0xDEDC, 0xF79E, 0xFFDF, 0xFFDF, 0x9494, 0x528D, 0x528D, 0x9494, 0xFFDF, 0xFFDF, 0xF79E, 0xDEDC, 0xA4F6, 0x528D,
    0x528D, 0xA4F6, 0xDEDC, 0xF79E, 0xFFDF, 0xFFDF, 0x9494, 0x528D, 0x528D, 0x9494, 0xFFDF, 0xFFDF, 0xF79E, 0xDEDC, 0xA4F6, 0x528D,
    0x528D, 0xA4F6, 0xDEDC, 0xF79E, 0xFFDF, 0xFFDF, 0xAD36, 0x7391, 0x7391, 0xAD36, 0xFFDF, 0xFFDF, 0xF79E, 0xDEDC, 0xA4F6, 0x528D,
    0x528D, 0xA4F6, 0xDEDC, 0xF79E, 0xFFDF, 0xFFDF, 0xCE1A, 0xAD17, 0xAD17, 0xCE1A, 0xFFDF, 0xFFDF, 0xF79E, 0xDEDC, 0xA4F6, 0x528D
};

const short poke_mart_interior_tile_153[TILE_SIZE * TILE_SIZE] = {
    0xA757, 0xA757, 0xA757, 0xA757, 0xA757, 0xA757, 0xA757, 0xA757, 0xA757, 0xA757, 0xBF98, 0xC7B9, 0xAF57, 0xA757, 0xA757, 0xD79B,
    0xBF98, 0xBF98, 0xBF98, 0xBF98, 0xBF98, 0xBF98, 0xBF98, 0xBF98, 0xBF98, 0xBF98, 0xB798, 0xAF78, 0xA757, 0xB778, 0xD79B, 0xD6D9,
    0xC7B9, 0xC7B9, 0xC7B9, 0xC7B9, 0xC7B9, 0xC7B9, 0xC7B9, 0xC7B9, 0xC7B9, 0xC7B9, 0xAF78, 0xA757, 0xAF58, 0xCF5A, 0xEF5C, 0xC656,
    0xAF57, 0xAF57, 0xAF57, 0xAF57, 0xAF57, 0xAF57, 0xAF57, 0xAF57, 0xAF57, 0xAF57, 0xA757, 0xAF58, 0xDF9C, 0xD6FA, 0xBDF6, 0xAE32,
    0xC77A, 0xC77A, 0xC77A, 0xC77A, 0xC77A, 0xC77A, 0xC77A, 0xC77A, 0xC77A, 0xC77A, 0xC77A, 0xCF5A, 0xD6FA, 0xC677, 0xA5F2, 0x9E50,
    0xFFDF, 0xFFDF, 0xFFDF, 0xFFDF, 0xFFDF, 0xFFDF, 0xFFDF, 0xFFDF, 0xFFDF, 0xFFDF, 0xFFDF, 0xEF5C, 0xBDF6, 0xA5F2, 0x9E8F, 0x9E8F,
    0xCE78, 0xCE78, 0xCE78, 0xCE78, 0xCE78, 0xCE78, 0xCE78, 0xCE78, 0xCE78, 0xCE78, 0xCE78, 0xC656, 0xAE32, 0x9E50, 0x9E8F, 0x9ED1,
    0x9CF2, 0x9CF2, 0x9CF2, 0x9CF2, 0x9CF2, 0x9CF2, 0x9CF2, 0x9CF2, 0x9CF2, 0x9CF2, 0xA533, 0xAD93, 0xA630, 0x9E70, 0x9EB0, 0x9F14,
    0x630E, 0x630E, 0x630E, 0x630E, 0x630E, 0x630E, 0x630E, 0x630E, 0x630E, 0x630E, 0x8C53, 0xAD35, 0xAD93, 0xA654, 0x9F15, 0x9F36,
    0x7370, 0x8413, 0x8413, 0x8C53, 0x9494, 0x9494, 0x9494, 0x9494, 0x9494, 0x9494, 0xB597, 0xC5F9, 0xB576, 0xADB5, 0xA657, 0xA6F7,
    0xA4F6, 0xDE9C, 0xDE9C, 0xE71D, 0xFFDF, 0xFFDF, 0xFFDF, 0xFFDF, 0xFFDF, 0xFFDF, 0xFFDF, 0xEF3D, 0xBD98, 0xAD17, 0xAD17, 0xA657,
    0xA4F6, 0xDE9C, 0xDE9C, 0xE71D, 0xFFDF, 0xFFDF, 0xFFDF, 0xFFDF, 0xFFDF, 0xFFDF, 0xFFDF, 0xF79E, 0xDEFC, 0xD65B, 0xC5FA, 0xB5F8,
    0x9474, 0xBDB9, 0xBDB9, 0xC61A, 0xD6BB, 0xD6BB, 0xD6BB, 0xD6BB, 0xD6BB, 0xD6BB, 0xE73D, 0xF79E, 0xF7BE, 0xEF5E, 0xDEDC, 0xBDB9,
    0x62EE, 0x6B50, 0x6B50, 0x6B70, 0x7390, 0x7390, 0x7390, 0x7390, 0x7390, 0x7390, 0xB577, 0xE6FD, 0xF79E, 0xF7BE, 0xF79E, 0xC61A,
    0x5B70, 0x6413, 0x6413, 0x6413, 0x6413, 0x6413, 0x6413, 0x6413, 0x6413, 0x6413, 0x8C94, 0xB577, 0xDEDC, 0xF77E, 0xFFDF, 0xD67B,
    0x74D6, 0x8E5C, 0x8E5C, 0x8E5C, 0x8E5C, 0x8E5C, 0x8E5C, 0x8E5C, 0x8E5C, 0x8E5C, 0x6413, 0x6B50, 0xBDB9, 0xE71D, 0xFFDF, 0xE71D
};

const short poke_mart_interior_tile_154[TILE_SIZE * TILE_SIZE] = {
    0xEF5C, 0xBDF6, 0xCE78, 0xFFDF, 0xC77A, 0xA757, 0xA757, 0xB778, 0xCFDA, 0xB778, 0xA757, 0xA757, 0xA757, 0xA757, 0xA757, 0xA757,
    0xC656, 0xAE32, 0xB633, 0xCE78, 0xD71A, 0xCF9A, 0xAF58, 0xA757, 0xB778, 0xB798, 0xBF98, 0xBF98, 0xBF98, 0xBF98, 0xBF98, 0xBF98,
    0xA5D2, 0x9E4F, 0xA651, 0xADD4, 0xD6B9, 0xDF5C, 0xBF59, 0xAF58, 0xA757, 0xB798, 0xC7B9, 0xC7B9, 0xC7B9, 0xC7B9, 0xC7B9, 0xC7B9,
    0x9E4F, 0x9E6F, 0x9EB2, 0xA6F6, 0xB656, 0xC657, 0xDF5C, 0xCF9A, 0xA757, 0xA757, 0xAF57, 0xAF57, 0xAF57, 0xAF57, 0xAF57, 0xAF57,
    0x9E8F, 0x9ED1, 0x9EF4, 0xA757, 0xA6B5, 0xB656, 0xD6B9, 0xD71A, 0xC77A, 0xC77A, 0xC77A, 0xC77A, 0xC77A, 0xC77A, 0xC77A, 0xC77A,
    0x9EB0, 0x9F15, 0xA757, 0xA757, 0xA757, 0xA6F6, 0xADD4, 0xCE78, 0xFFDF, 0xFFDF, 0xFFDF, 0xFFDF, 0xFFDF, 0xFFDF, 0xFFDF, 0xFFDF,
    0x9F14, 0x9F36, 0xA757, 0xA757, 0xA757, 0xA736, 0xA6B6, 0xB696, 0xCE78, 0xCE78, 0xCE78, 0xCE78, 0xCE78, 0xCE78, 0xCE78, 0xCE78,
    0xA757, 0xA757, 0xA757, 0xA757, 0xA757, 0xA736, 0xA6F6, 0xAE96, 0xBDF6, 0xBDF6, 0xBDF6, 0xBDF6, 0xBDF6, 0xBDF6, 0xBDF6, 0xBDF6,
    0xA757, 0xA757, 0xA757, 0xA757, 0xA757, 0xA6F6, 0xAE35, 0xC677, 0xEF5C, 0xEF5C, 0xEF5C, 0xEF5C, 0xEF5C, 0xEF5C, 0xEF5C, 0xEF5C,
    0xA757, 0xA757, 0xA757, 0xA757, 0xA6D6, 0xAE96, 0xC677, 0xD6D9, 0xD79B, 0xD79B, 0xD79B, 0xD79B, 0xD79B, 0xD79B, 0xD79B, 0xD79B,
    0xA757, 0xA757, 0xA757, 0xA757, 0xAE35, 0xBDF6, 0xEF5C, 0xD79B, 0xA757, 0xA757, 0xA757, 0xA757, 0xA757, 0xA757, 0xA757, 0xA757,
    0xA637, 0xA6F7, 0xA6D6, 0xAE35, 0xC698, 0xD6FA, 0xCF5A, 0xB778, 0xA757, 0xAF78, 0xBF98, 0xBF98, 0xBF98, 0xBF98, 0xBF98, 0xBF98,
    0xA576, 0xA696, 0xAE96, 0xBDF6, 0xD6FA, 0xDF9C, 0xAF58, 0xA757, 0xAF57, 0xB798, 0xC7B9, 0xC7B9, 0xC7B9, 0xC7B9, 0xC7B9, 0xC7B9,
    0xAD36, 0xADB5, 0xC677, 0xEF5C, 0xCF5A, 0xAF58, 0xA757, 0xAF78, 0xC7B9, 0xB778, 0xAF57, 0xAF57, 0xAF57, 0xAF57, 0xAF57, 0xAF57,
    0xBD98, 0xB556, 0xCE59, 0xFFDF, 0xC77A, 0xA757, 0xAF78, 0xB798, 0xBF98, 0xAF77, 0xA757, 0xA757, 0xA757, 0xA757, 0xA757, 0xA757,
    0xCE3B, 0xB558, 0xCE1A, 0xFFDF, 0xC77A, 0xAF57, 0xC7B9, 0xBF98, 0xA757, 0xA757, 0xA757, 0xA757, 0xA757, 0xA757, 0xA757, 0xA757
};

const short poke_mart_interior_tile_155[TILE_SIZE * TILE_SIZE] = {
    0xA757, 0xA757, 0xA757, 0xA757, 0xAF57, 0xC7B9, 0xBF98, 0xA757, 0xA757, 0xB758, 0xE7BD, 0xDEDA, 0xB594, 0xDEDA, 0xE7BD, 0xB758,
    0xBF98, 0xBF98, 0xBF98, 0xBF98, 0xB798, 0xB778, 0xAF77, 0xA757, 0xC779, 0xD75B, 0xCEB9, 0xBE55, 0xA611, 0xBE55, 0xCEB9, 0xD75B,
    0xC7B9, 0xC7B9, 0xC7B9, 0xC7B9, 0xBF98, 0xA757, 0xA757, 0xB758, 0xD75B, 0xDEFA, 0xBE15, 0xA611, 0x9E8F, 0xA612, 0xBE36, 0xDF1B,
    0xAF57, 0xAF57, 0xAF57, 0xAF57, 0xA757, 0xA757, 0xBF79, 0xE7BD, 0xCEB9, 0xBE15, 0xA631, 0x9E6F, 0x9E8F, 0x9ED3, 0xAEB6, 0xBE36,
    0xC77A, 0xC77A, 0xC77A, 0xC77A, 0xC77A, 0xC77A, 0xCF3A, 0xDEDA, 0xBE55, 0xA611, 0x9E6F, 0x9EB0, 0x9ED2, 0x9F15, 0xA716, 0xAE75,
    0xFFDF, 0xFFDF, 0xFFDF, 0xFFDF, 0xFFDF, 0xFFDF, 0xDEDA, 0xB594, 0xA611, 0x9E8F, 0x9E8F, 0x9ED2, 0xA757, 0xA757, 0xA757, 0xA757,
    0xCE78, 0xCE78, 0xCE78, 0xCE78, 0xCE78, 0xCE78, 0xBE55, 0xA611, 0x9E4F, 0x9E90, 0x9EF2, 0x9F15, 0xA757, 0xA757, 0xA757, 0xA757,
    0xBDF6, 0xBDF6, 0xBDF6, 0xBDF6, 0xBDF6, 0xBDF6, 0xB613, 0x9E50, 0x9E90, 0x9ED1, 0x9F35, 0xA757, 0xA757, 0xA757, 0xA757, 0xA757,
    0xEF5C, 0xEF5C, 0xEF5C, 0xEF5C, 0xEF5C, 0xEF5C, 0xD6B8, 0xADB3, 0xA694, 0x9F35, 0xA736, 0xA757, 0xA757, 0xA757, 0xA757, 0xA757,
    0xD79B, 0xD79B, 0xD79B, 0xD79B, 0xD79B, 0xD79B, 0xD71A, 0xCE78, 0xB696, 0xA6B6, 0xA736, 0xA757, 0xA757, 0xA757, 0xA736, 0xA6B6,
    0xA757, 0xA757, 0xA757, 0xA757, 0xA757, 0xA757, 0xC77A, 0xFFDF, 0xCE78, 0xADD4, 0xA6F6, 0xA757, 0xA757, 0xA757, 0xA6F6, 0xADD4,
    0xBF98, 0xBF98, 0xBF98, 0xBF98, 0xB798, 0xA757, 0xAF58, 0xC77A, 0xD71A, 0xD6B9, 0xB656, 0xA6B5, 0xA757, 0xA6B5, 0xB656, 0xD6B9,
    0xC7B9, 0xC7B9, 0xC7B9, 0xC7B9, 0xBF99, 0xAF78, 0xA757, 0xA757, 0xCF9A, 0xDF5C, 0xC657, 0xB656, 0xA6F6, 0xB656, 0xC657, 0xDF5C,
    0xAF57, 0xAF57, 0xAF57, 0xAF57, 0xAF78, 0xBF99, 0xB798, 0xA757, 0xAF58, 0xBF59, 0xDF5C, 0xD6B9, 0xADD4, 0xD6B9, 0xDF5C, 0xBF59,
    0xA757, 0xA757, 0xA757, 0xA757, 0xA757, 0xB798, 0xB798, 0xB778, 0xA757, 0xB758, 0xE7BD, 0xDEDA, 0xB594, 0xDEDA, 0xE7BD, 0xB758,
    0xA757, 0xA757, 0xA757, 0xA757, 0xA757, 0xA757, 0xB778, 0xCFDA, 0xB778, 0xB758, 0xE7BD, 0xDEDA, 0xB594, 0xDEDA, 0xE7BD, 0xB758
};

const short poke_mart_interior_tile_156[TILE_SIZE * TILE_SIZE] = {
    0xA757, 0xA757, 0xBF98, 0xC7B9, 0xAF57, 0xA757, 0xA757, 0xA757, 0xA757, 0xA757, 0xA757, 0xA757, 0xA757, 0xA757, 0xA757, 0xB778,
    0xC779, 0xA757, 0xAF77, 0xB778, 0xB798, 0xBF98, 0xBF98, 0xBF98, 0xBF98, 0xBF98, 0xBF98, 0xBF98, 0xBF98, 0xBF98, 0xBF98, 0xB798,
    0xD75B, 0xB758, 0xA757, 0xA757, 0xBF98, 0xC7B9, 0xC7B9, 0xC7B9, 0xC7B9, 0xC7B9, 0xC7B9, 0xC7B9, 0xC7B9, 0xC7B9, 0xC7B9, 0xB798,
    0xCEB9, 0xE7BD, 0xBF79, 0xA757, 0xA757, 0xAF57, 0xAF57, 0xAF57, 0xAF57, 0xAF57, 0xAF57, 0xAF57, 0xAF57, 0xAF57, 0xAF57, 0xA757,
    0xBE77, 0xDEDA, 0xCF3A, 0xC77A, 0xC77A, 0xC77A, 0xC77A, 0xC77A, 0xC77A, 0xC77A, 0xC77A, 0xC77A, 0xC77A, 0xC77A, 0xC77A, 0xC77A,
    0xA695, 0xB594, 0xDEDA, 0xFFDF, 0xFFDF, 0xFFDF, 0xFFDF, 0xFFDF, 0xFFDF, 0xFFDF, 0xFFDF, 0xFFDF, 0xFFDF, 0xFFDF, 0xFFDF, 0xFFDF,
    0xA6F6, 0xA695, 0xBE77, 0xCE78, 0xCE78, 0xCE78, 0xCE78, 0xCE78, 0xCE78, 0xCE78, 0xCE78, 0xCE78, 0xCE78, 0xCE78, 0xCE78, 0xCE78,
    0xA736, 0xA6F6, 0xB656, 0xBDF6, 0xBDF6, 0xBDF6, 0xBDF6, 0xBDF6, 0xBDF6, 0xBDF6, 0xBDF6, 0xBDF6, 0xBDF6, 0xBDF6, 0xBDF6, 0xBDF6,
    0xA6B6, 0xADD4, 0xD6B9, 0xEF5C, 0xEF5C, 0xEF5C, 0xEF5C, 0xEF5C, 0xEF5C, 0xEF5C, 0xEF5C, 0xEF5C, 0xEF5C, 0xEF5C, 0xEF5C, 0xEF5C,
    0xB696, 0xCE78, 0xD71A, 0xD79B, 0xD79B, 0xD79B, 0xD79B, 0xD79B, 0xD79B, 0xD79B, 0xD79B, 0xD79B, 0xD79B, 0xD79B, 0xD79B, 0xD79B,
    0xCE78, 0xFFDF, 0xC77A, 0xA757, 0xA757, 0xA757, 0xA757, 0xA757, 0xA757, 0xA757, 0xA757, 0xA757, 0xA757, 0xA757, 0xA757, 0xA757,
    0xD71A, 0xC77A, 0xAF58, 0xA757, 0xB798, 0xBF98, 0xBF98, 0xBF98, 0xBF98, 0xBF98, 0xBF98, 0xBF98, 0xBF98, 0xBF98, 0xBF98, 0xAF78,
    0xCF9A, 0xA757, 0xA757, 0xAF78, 0xBF99, 0xC7B9, 0xC7B9, 0xC7B9, 0xC7B9, 0xC7B9, 0xC7B9, 0xC7B9, 0xC7B9, 0xC7B9, 0xC7B9, 0xB798,
    0xAF58, 0xA757, 0xB798, 0xBF99, 0xAF78, 0xAF57, 0xAF57, 0xAF57, 0xAF57, 0xAF57, 0xAF57, 0xAF57, 0xAF57, 0xAF57, 0xAF57, 0xB778,
    0xA757, 0xB778, 0xB798, 0xB798, 0xA757, 0xA757, 0xA757, 0xA757, 0xA757, 0xA757, 0xA757, 0xA757, 0xA757, 0xA757, 0xA757, 0xAF77,
    0xB778, 0xCFDA, 0xB778, 0xA757, 0xA757, 0xA757, 0xA757, 0xA757, 0xA757, 0xA757, 0xA757, 0xA757, 0xA757, 0xA757, 0xA757, 0xA757
};

const short poke_mart_interior_tile_157[TILE_SIZE * TILE_SIZE] = {
    0xCFDA, 0xB778, 0xA757, 0xA757, 0xC77A, 0xFFDF, 0xCE78, 0xB5D5, 0xCE98, 0xBEB5, 0x9E8F, 0x9E8F, 0x8DAE, 0x5B4D, 0x6B4F, 0x9494,
    0xB778, 0xA757, 0xAF58, 0xCF9A, 0xD71A, 0xCE78, 0xB633, 0xA5F1, 0xA573, 0xADD5, 0xBEB5, 0xA691, 0x95EF, 0x7C50, 0x7390, 0x6B4F,
    0xA757, 0xAF58, 0xBF59, 0xDF5C, 0xD6B8, 0xADB3, 0xA630, 0x962F, 0x8D10, 0xA553, 0xC658, 0xAE74, 0xA631, 0x9532, 0x7C11, 0x5AEE,
    0xA757, 0xCF9A, 0xDF5C, 0xC657, 0xB613, 0x9E50, 0x9E6F, 0x966F, 0x962F, 0x9590, 0x94D2, 0xB5F5, 0xBE96, 0xA631, 0x8D51, 0x8412,
    0xC77A, 0xD71A, 0xD6B8, 0xB613, 0xA630, 0x9E8F, 0x9EB0, 0x9ED1, 0x9E8F, 0x95EF, 0x8D30, 0xA593, 0xB5F5, 0xAE74, 0xAE34, 0xAD76,
    0xFFDF, 0xCE78, 0xADB3, 0x9E50, 0x9E8F, 0x9E8F, 0x9EF3, 0x9F15, 0x9EB0, 0x9E8F, 0x9E8F, 0x8D30, 0x94D2, 0xC658, 0xD6DA, 0xD6DA,
    0xCE78, 0xB633, 0xA630, 0x9E6F, 0x9EB0, 0x9EF3, 0x9F35, 0x9F15, 0x9EB0, 0x9E8F, 0x9E8F, 0x95EF, 0x9590, 0xA553, 0xA554, 0xA554,
    0xBDF6, 0xAE32, 0x9E70, 0x9E90, 0x9EF3, 0xA757, 0xA757, 0x9F35, 0x9ED1, 0x9EB0, 0x9EB0, 0x9E70, 0x9E10, 0x9D33, 0x9CB3, 0x8C72,
    0xEF5C, 0xC656, 0xADF3, 0xA6D4, 0x9F36, 0xA757, 0xA757, 0xA736, 0x9F35, 0x9F15, 0x9F15, 0xA654, 0xB5F4, 0xD6DA, 0xCE39, 0xA4D5,
    0xD79B, 0xD6D9, 0xC677, 0xAE96, 0xA6D6, 0xA757, 0xA757, 0xA757, 0xA757, 0xA6F6, 0xA695, 0xADD5, 0xB596, 0xCE7A, 0xD67B, 0xCE1A,
    0xA757, 0xD79B, 0xEF5C, 0xBDF6, 0xAE35, 0xA757, 0xA757, 0xA757, 0xA757, 0xA695, 0xB594, 0xAD35, 0xAD17, 0xAD17, 0xCE1A, 0xFFDF,
    0xA757, 0xB778, 0xCF5A, 0xD6FA, 0xC698, 0xAE35, 0xA6D6, 0xA716, 0xAE75, 0xADD5, 0xAD35, 0xBDB8, 0xCE1A, 0xD69B, 0xE71D, 0xFFDF,
    0xAF57, 0xA757, 0xAF58, 0xDF9C, 0xD6FA, 0xBDF6, 0xAE96, 0xAEB6, 0xBE36, 0xB596, 0xAD17, 0xCE1A, 0xE6FD, 0xF79E, 0xF7BE, 0xF79E,
    0xC7B9, 0xAF78, 0xA757, 0xAF58, 0xCF5A, 0xEF5C, 0xC677, 0xBE36, 0xDF1B, 0xCE7A, 0xAD17, 0xD69B, 0xF79E, 0xF7BE, 0xEF5E, 0xDEDC,
    0xBF98, 0xB798, 0xAF78, 0xA757, 0xC77A, 0xFFDF, 0xCE78, 0xBDB5, 0xD67A, 0xCE3A, 0xBD99, 0xE6FC, 0xF7BE, 0xEF5E, 0xCE5A, 0xA4F6,
    0xA757, 0xBF98, 0xC7B9, 0xAF57, 0xC77A, 0xFFDF, 0xCE78, 0xAD74, 0xAD16, 0xBD99, 0xDE9C, 0xEF5D, 0xF79E, 0xDEDC, 0xA4F6, 0x528D
};

const short poke_mart_interior_tile_158[TILE_SIZE * TILE_SIZE] = {
    0x9494, 0x9CD4, 0xBD97, 0xCDD8, 0xCDD8, 0xCDD8, 0xCDD8, 0xCDD8, 0xB556, 0x9494, 0x9494, 0x8412, 0x5AEE, 0x6C0D, 0x9E8F, 0xBEB5,
    0x8412, 0x9CD4, 0xBD97, 0xCDD8, 0xCDD8, 0xCDD8, 0xCDD8, 0xCDD8, 0xB556, 0x9494, 0x7BD1, 0x6B70, 0x73B0, 0x94F3, 0xBEB5, 0xADD5,
    0x73B0, 0x8C53, 0xA4F5, 0xB515, 0xB515, 0xB515, 0xB515, 0xB515, 0x9CB4, 0x8412, 0x6B70, 0x6B4F, 0x9493, 0xAD76, 0xC658, 0xA553,
    0x6B70, 0x5AEE, 0x630F, 0x6B2F, 0x6B2F, 0x6B2F, 0x6B2F, 0x6B2F, 0x630E, 0x5AEE, 0x73B0, 0x9493, 0xB5F7, 0xB5B6, 0x94D2, 0x9590,
    0x8432, 0x6B4F, 0x6B4F, 0x6B4F, 0x6B4F, 0x6B4F, 0x6B4F, 0x6B4F, 0x6B4F, 0x6B4F, 0x9493, 0xAD76, 0xB5B6, 0xA593, 0x8D30, 0x95EF,
    0xAD76, 0x9494, 0x9494, 0x9494, 0x9494, 0x9494, 0x9494, 0x9494, 0x9494, 0x9494, 0xB5D7, 0xC658, 0x94D2, 0x8D30, 0x9E8F, 0x9E8F,
    0x94B3, 0x8C52, 0x8C52, 0x8C52, 0x8C52, 0x8C52, 0x8C52, 0x8C52, 0x8C52, 0x8C52, 0x9CF3, 0xA553, 0x9590, 0x95EF, 0x9E8F, 0x9E8F,
    0x8411, 0x7BF0, 0x7BF0, 0x7BF0, 0x7BF0, 0x7BF0, 0x7BF0, 0x7BF0, 0x7BF0, 0x7BF0, 0x7BF0, 0x7C4F, 0x854E, 0x8DAE, 0x8DAE, 0x8DAE,
    0x73B1, 0x5ACD, 0x5ACD, 0x5ACD, 0x5ACD, 0x5ACD, 0x5ACD, 0x5ACD, 0x5ACD, 0x5ACD, 0x5ACD, 0x5AED, 0x5B2D, 0x5B4D, 0x5B4D, 0x5B4D,
    0xAD36, 0x9494, 0x9494, 0x9494, 0x9494, 0x9494, 0x9493, 0x8C33, 0x8413, 0x8413, 0x632F, 0x5ACE, 0x7BD1, 0x8C53, 0x9494, 0x9494,
    0xFFDF, 0xFFDF, 0xFFDF, 0xFFDF, 0xFFDF, 0xFFDF, 0xF79E, 0xDEDC, 0xDE9C, 0xDE9C, 0x8413, 0x6B50, 0xBDB9, 0xE71D, 0xFFDF, 0xFFDF,
    0xFFDF, 0xFFDF, 0xFFDF, 0xFFDF, 0xFFDF, 0xFFDF, 0xF79E, 0xDEDC, 0xDE9C, 0xDE9C, 0x8413, 0x6B50, 0xBDB9, 0xE71D, 0xFFDF, 0xFFDF,
    0xE71C, 0xD6BB, 0xD6BB, 0xD6BB, 0xD6BB, 0xD6BB, 0xD69A, 0xC5F9, 0xBDB9, 0xBDB9, 0x7BD1, 0x6B50, 0xBDB9, 0xE71D, 0xFFDF, 0xFFDF,
    0x9CD5, 0x7390, 0x7390, 0x7390, 0x7390, 0x7390, 0x7390, 0x6B50, 0x6B50, 0x6B50, 0x5ACE, 0x6B50, 0xBDB9, 0xE71D, 0xFFDF, 0xFFDF,
    0x7C54, 0x6413, 0x6413, 0x6413, 0x6413, 0x6413, 0x6413, 0x6413, 0x6413, 0x6413, 0x5B0F, 0x6B50, 0xBDB9, 0xE71D, 0xFFDF, 0xFFDF,
    0x74D6, 0x8E5C, 0x8E5C, 0x8E5C, 0x8E5C, 0x8E5C, 0x8E5C, 0x8E5C, 0x8E5C, 0x8E5C, 0x6413, 0x6B50, 0xBDB9, 0xE71D, 0xFFDF, 0xFFDF
};

const short poke_mart_interior_tile_159[TILE_SIZE * TILE_SIZE] = {
    0xC658, 0x94D2, 0x528A, 0x0000, 0x0000, 0x0000, 0x0000, 0x0000, 0x0000, 0x0000, 0x0000, 0x0000, 0x0000, 0x0000, 0x0000, 0x0000,
    0xA553, 0x9590, 0x5B69, 0x0000, 0x0000, 0x0000, 0x0000, 0x0000, 0x0000, 0x0000, 0x0000, 0x0000, 0x0000, 0x0000, 0x0000, 0x0000,
    0x8D10, 0x962F, 0x5BE9, 0x0000, 0x0000, 0x0000, 0x0000, 0x0000, 0x0000, 0x0000, 0x0000, 0x0000, 0x0000, 0x0000, 0x0000, 0x0000,
    0x962F, 0x966F, 0x5BE9, 0x0000, 0x0000, 0x0000, 0x0000, 0x0000, 0x0000, 0x0000, 0x0000, 0x0000, 0x0000, 0x0000, 0x0000, 0x0000,
    0x9E8F, 0x9E8F, 0x5BE9, 0x0000, 0x0000, 0x0000, 0x0000, 0x0000, 0x0000, 0x0000, 0x0000, 0x0000, 0x0000, 0x0000, 0x0000, 0x0000,
    0x9E8F, 0x9E8F, 0x5BE9, 0x0000, 0x0000, 0x0000, 0x0000, 0x0000, 0x0000, 0x0000, 0x0000, 0x0000, 0x0000, 0x0000, 0x0000, 0x0000,
    0x9E8F, 0x9E8F, 0x5BE9, 0x0000, 0x0000, 0x0000, 0x0000, 0x0000, 0x0000, 0x0000, 0x0000, 0x0000, 0x0000, 0x0000, 0x0000, 0x0000,
    0x8DEF, 0x9670, 0x5C0A, 0x0000, 0x0000, 0x0000, 0x0000, 0x0000, 0x0000, 0x0000, 0x0000, 0x0000, 0x0000, 0x0000, 0x0000, 0x0000,
    0x6C0F, 0x9653, 0x5C4C, 0x0000, 0x0000, 0x0000, 0x0000, 0x0000, 0x0000, 0x0000, 0x0000, 0x0000, 0x0000, 0x0000, 0x0000, 0x0000,
    0x8CD4, 0x8533, 0x4B2B, 0x0000, 0x0000, 0x0000, 0x0000, 0x0000, 0x0000, 0x0000, 0x0000, 0x0000, 0x0000, 0x0000, 0x0000, 0x0000,
    0xD6BB, 0x7390, 0x3187, 0x0000, 0x0000, 0x0000, 0x0000, 0x0000, 0x0000, 0x0000, 0x0000, 0x0000, 0x0000, 0x0000, 0x0000, 0x0000,
    0xD6BB, 0x7390, 0x3187, 0x0000, 0x0000, 0x0000, 0x0000, 0x0000, 0x0000, 0x0000, 0x0000, 0x0000, 0x0000, 0x0000, 0x0000, 0x0000,
    0xD6BB, 0x7390, 0x3187, 0x0000, 0x0000, 0x0000, 0x0000, 0x0000, 0x0000, 0x0000, 0x0000, 0x0000, 0x0000, 0x0000, 0x0000, 0x0000,
    0xD6BB, 0x7390, 0x3187, 0x0000, 0x0000, 0x0000, 0x0000, 0x0000, 0x0000, 0x0000, 0x0000, 0x0000, 0x0000, 0x0000, 0x0000, 0x0000,
    0xDEFC, 0x8C53, 0x420A, 0x0000, 0x0000, 0x0000, 0x0000, 0x0000, 0x0000, 0x0000, 0x0000, 0x0000, 0x0000, 0x0000, 0x0000, 0x0000,
    0xEF3D, 0xBD98, 0x630D, 0x0000, 0x0000, 0x0000, 0x0000, 0x0000, 0x0000, 0x0000, 0x0000, 0x0000, 0x0000, 0x0000, 0x0000, 0x0000
};

const short poke_mart_interior_tile_160[TILE_SIZE * TILE_SIZE] = {
    0x0000, 0x0000, 0x0000, 0x0000, 0x0000, 0x0000, 0x0000, 0x0000, 0x0000, 0x0000, 0x0000, 0x0000, 0x0000, 0x3187, 0x6350, 0x95DA,
    0x0000, 0x0000, 0x0000, 0x0000, 0x0000, 0x0000, 0x0000, 0x0000, 0x0000, 0x0000, 0x0000, 0x0000, 0x0000, 0x3187, 0x5B50, 0x7D99,
    0x0000, 0x0000, 0x0000, 0x0000, 0x0000, 0x0000, 0x0000, 0x0000, 0x0000, 0x0000, 0x0000, 0x0000, 0x0000, 0x3187, 0x5B50, 0x7D99,
    0x0000, 0x0000, 0x0000, 0x0000, 0x0000, 0x0000, 0x0000, 0x0000, 0x0000, 0x0000, 0x0000, 0x0000, 0x0000, 0x3187, 0x5B50, 0x7D99,
    0x0000, 0x0000, 0x0000, 0x0000, 0x0000, 0x0000, 0x0000, 0x0000, 0x0000, 0x0000, 0x0000, 0x0000, 0x0000, 0x3187, 0x5B50, 0x7D99,
    0x0000, 0x0000, 0x0000, 0x0000, 0x0000, 0x0000, 0x0000, 0x0000, 0x0000, 0x0000, 0x0000, 0x0000, 0x0000, 0x3187, 0x5B50, 0x7D99,
    0x0000, 0x0000, 0x0000, 0x0000, 0x0000, 0x0000, 0x0000, 0x0000, 0x0000, 0x0000, 0x0000, 0x0000, 0x0000, 0x3187, 0x5B50, 0x7D99,
    0x0000, 0x0000, 0x0000, 0x0000, 0x0000, 0x0000, 0x0000, 0x0000, 0x0000, 0x0000, 0x0000, 0x0000, 0x0000, 0x3187, 0x5B50, 0x7D99,
    0x0000, 0x0000, 0x0000, 0x0000, 0x0000, 0x0000, 0x0000, 0x0000, 0x0000, 0x0000, 0x0000, 0x0000, 0x0000, 0x3187, 0x5B50, 0x7D99,
    0x0000, 0x0000, 0x0000, 0x0000, 0x0000, 0x0000, 0x0000, 0x0000, 0x0000, 0x0000, 0x0000, 0x0000, 0x0000, 0x3187, 0x5B50, 0x7D99,
    0x0000, 0x0000, 0x0000, 0x0000, 0x0000, 0x0000, 0x0000, 0x0000, 0x0000, 0x0000, 0x0000, 0x0000, 0x0000, 0x3187, 0x5B50, 0x7D99,
    0x0000, 0x0000, 0x0000, 0x0000, 0x0000, 0x0000, 0x0000, 0x0000, 0x0000, 0x0000, 0x0000, 0x0000, 0x0000, 0x3187, 0x5B50, 0x7D99,
    0x0000, 0x0000, 0x0000, 0x0000, 0x0000, 0x0000, 0x0000, 0x0000, 0x0000, 0x0000, 0x0000, 0x0000, 0x0000, 0x3187, 0x5B50, 0x7D99,
    0x0000, 0x0000, 0x0000, 0x0000, 0x0000, 0x0000, 0x0000, 0x0000, 0x0000, 0x0000, 0x0000, 0x0000, 0x0000, 0x3187, 0x5B50, 0x7D99,
    0x0000, 0x0000, 0x0000, 0x0000, 0x0000, 0x0000, 0x0000, 0x0000, 0x0000, 0x0000, 0x0000, 0x0000, 0x0000, 0x3187, 0x5B50, 0x7D99,
    0x0000, 0x0000, 0x0000, 0x0000, 0x0000, 0x0000, 0x0000, 0x0000, 0x0000, 0x0000, 0x0000, 0x0000, 0x0000, 0x3187, 0x52CE, 0x63B1
};

const short poke_mart_interior_tile_161[TILE_SIZE * TILE_SIZE] = {
    0x965B, 0x8618, 0x8618, 0x8618, 0x8618, 0x8618, 0x8618, 0x8618, 0x8619, 0x863B, 0xA69D, 0xCF1F, 0xA69D, 0x8E5C, 0x8E5C, 0x8E5C,
    0x8E5C, 0x967C, 0x967C, 0x967C, 0x967C, 0x967C, 0x967C, 0x967C, 0x967C, 0x967C, 0xAEBD, 0xD73F, 0xB6DD, 0x9E9C, 0x9E9C, 0x9E9C,
    0x9E9D, 0xBEDE, 0xBEDE, 0xBEDE, 0xBEDE, 0xBEDE, 0xBEDE, 0xBEDE, 0xBEDE, 0xBEDE, 0xD73E, 0xEF9F, 0xE79E, 0xE77E, 0xE77E, 0xE77E,
    0x965B, 0xAE9A, 0xAE9A, 0xAE9A, 0xAE9A, 0xAE9A, 0xAE9A, 0xAE9A, 0xAE9B, 0xAEBD, 0xBEFD, 0xCF3D, 0xCF1B, 0xCEFA, 0xCEFA, 0xCEFA,
    0x8618, 0x85D4, 0x85D4, 0x85D4, 0x85D4, 0x85D4, 0x85D4, 0x85D4, 0x85D5, 0x863A, 0x8E5C, 0x8E5C, 0x85F7, 0x85D4, 0x85D4, 0x85D4,
    0x8618, 0x85D4, 0x85D4, 0x85D4, 0x85D4, 0x85D4, 0x85D4, 0x85D4, 0x85D5, 0x863A, 0x8E5C, 0x8E5C, 0x85F7, 0x85D4, 0x85D4, 0x85D4,
    0x8618, 0x85D4, 0x85D4, 0x85D4, 0x85D4, 0x85D4, 0x85D4, 0x85D4, 0x85D5, 0x863A, 0x8E5C, 0x8E5C, 0x85F7, 0x85D4, 0x85D4, 0x85D4,
    0x8618, 0x85D4, 0x85D4, 0x85D4, 0x85D4, 0x85D4, 0x85D4, 0x85D4, 0x85D5, 0x863A, 0x8E5C, 0x8E5C, 0x85F7, 0x85D4, 0x85D4, 0x85D4,
    0x8618, 0x85D4, 0x85D4, 0x85D4, 0x85D4, 0x85D4, 0x85D4, 0x85D4, 0x85D5, 0x863A, 0x8E5C, 0x8E5C, 0x85F7, 0x85D4, 0x85D4, 0x85D4,
    0x8618, 0x85D4, 0x85D4, 0x85D4, 0x85D4, 0x85D4, 0x85D4, 0x85D4, 0x85D5, 0x863A, 0x8E5C, 0x8E5C, 0x85F7, 0x85D4, 0x85D4, 0x85D4,
    0x8618, 0x85D4, 0x85D4, 0x85D4, 0x85D4, 0x85D4, 0x85D4, 0x85D4, 0x85D5, 0x863A, 0x8E5C, 0x8E5C, 0x85F7, 0x85D4, 0x85D4, 0x85D4,
    0x8618, 0x85D4, 0x85D4, 0x85D4, 0x85D4, 0x85D4, 0x85D4, 0x85D4, 0x85D5, 0x863A, 0x8E5C, 0x8E5C, 0x85F7, 0x85D4, 0x85D4, 0x85D4,
    0x8618, 0x85D4, 0x85D4, 0x85D4, 0x85D4, 0x85D4, 0x85D4, 0x85D4, 0x85D5, 0x863A, 0x8E5C, 0x8E5C, 0x85F7, 0x85D4, 0x85D4, 0x85D4,
    0x863A, 0x85F7, 0x85F7, 0x85F7, 0x85F7, 0x85F7, 0x85F7, 0x85F7, 0x8618, 0x863B, 0x8E5C, 0x8E5C, 0x8619, 0x85F7, 0x85F7, 0x85F7,
    0x8E5C, 0x8E5C, 0x8E5C, 0x8E5C, 0x8E5C, 0x8E5C, 0x8E5C, 0x8E5C, 0x8E5C, 0x8E5C, 0x8E5C, 0x8E5C, 0x8E5C, 0x8E5C, 0x8E5C, 0x8E5C,
    0x6413, 0x6413, 0x6413, 0x6413, 0x6413, 0x6413, 0x6413, 0x6413, 0x6413, 0x6413, 0x6413, 0x6413, 0x6413, 0x6413, 0x6413, 0x6413
};

const short poke_mart_interior_tile_162[TILE_SIZE * TILE_SIZE] = {
    0x8E5C, 0x8E5C, 0x8E5C, 0x8E5C, 0x8E5C, 0x8E5C, 0xAEBD, 0xCF1F, 0xCF1F, 0xCF1E, 0xCF3D, 0xE79E, 0xFFDF, 0xFFDF, 0xDF7E, 0xB6DD,
    0x9E9C, 0x9E9C, 0x9E9C, 0x9E9C, 0x9E9C, 0x9E9C, 0xBEFE, 0xD73F, 0xD73F, 0xE77F, 0xFFDF, 0xFFDF, 0xFFDF, 0xFFDF, 0xD75E, 0x9E9C,
    0xE77E, 0xE77E, 0xE77E, 0xE77E, 0xE77E, 0xE77E, 0xEF9E, 0xEF9F, 0xEF9F, 0xF7BF, 0xFFDF, 0xFFDF, 0xFFDF, 0xFFDF, 0xEFBE, 0xE77E,
    0xCEFA, 0xCEFA, 0xCEFA, 0xCEFA, 0xCEFA, 0xCEFA, 0xCF1C, 0xCF3D, 0xCF3D, 0xCF3D, 0xCF3D, 0xCF1B, 0xCEFA, 0xCEFA, 0xCEFA, 0xCEFA,
    0x85D4, 0x85D4, 0x85D4, 0x85D4, 0x85D4, 0x85D4, 0x8618, 0x8E5C, 0x8E5C, 0x8E5C, 0x8E5C, 0x85F7, 0x85D4, 0x85D4, 0x85D4, 0x85D4,
    0x85D4, 0x85D4, 0x85D4, 0x85D4, 0x85D4, 0x85D4, 0x8618, 0x8E5C, 0x8E5C, 0x863A, 0x85F7, 0x85D5, 0x85D4, 0x85D4, 0x85D4, 0x85D4,
    0x85D4, 0x85D4, 0x85D4, 0x85D4, 0x85D4, 0x85D4, 0x8618, 0x8E5C, 0x8E5C, 0x8618, 0x85D4, 0x85D4, 0x85D4, 0x85D4, 0x85D4, 0x85D4,
    0x85D4, 0x85D4, 0x85D4, 0x85D4, 0x85D4, 0x85D4, 0x8618, 0x8E5C, 0x8E5C, 0x8618, 0x85D4, 0x85D4, 0x85D4, 0x85D4, 0x85D4, 0x85D4,
    0x85D4, 0x85D4, 0x85D4, 0x85D4, 0x85D4, 0x85D4, 0x8618, 0x8E5C, 0x8E5C, 0x8618, 0x85D4, 0x85D4, 0x85D4, 0x85D4, 0x85D4, 0x85D4,
    0x85D4, 0x85D4, 0x85D4, 0x85D4, 0x85D4, 0x85D4, 0x8618, 0x8E5C, 0x8E5C, 0x8618, 0x85D4, 0x85D4, 0x85D4, 0x85D4, 0x85D4, 0x85D4,
    0x85D4, 0x85D4, 0x85D4, 0x85D4, 0x85D4, 0x85D4, 0x8618, 0x8E5C, 0x8E5C, 0x8618, 0x85D4, 0x85D4, 0x85D4, 0x85D4, 0x85D4, 0x85D4,
    0x85D4, 0x85D4, 0x85D4, 0x85D4, 0x85D4, 0x85D4, 0x8618, 0x8E5C, 0x8E5C, 0x8618, 0x85D4, 0x85D4, 0x85D4, 0x85D4, 0x85D4, 0x85D4,
    0x85D4, 0x85D4, 0x85D4, 0x85D4, 0x85D4, 0x85D4, 0x8618, 0x8E5C, 0x8E5C, 0x8618, 0x85D4, 0x85D4, 0x85D4, 0x85D4, 0x85D4, 0x85D4,
    0x85F7, 0x85F7, 0x85F7, 0x85F7, 0x85F7, 0x85F7, 0x863A, 0x8E5C, 0x8E5C, 0x863A, 0x85F7, 0x85F7, 0x85F7, 0x85F7, 0x85F7, 0x85F7,
    0x8E5C, 0x8E5C, 0x8E5C, 0x8E5C, 0x8E5C, 0x8E5C, 0x8E5C, 0x8E5C, 0x8E5C, 0x8E5C, 0x8E5C, 0x8E5C, 0x8E5C, 0x8E5C, 0x8E5C, 0x8E5C,
    0x6413, 0x6413, 0x6413, 0x6413, 0x6413, 0x6413, 0x6413, 0x6413, 0x6413, 0x6413, 0x6413, 0x6413, 0x6413, 0x6413, 0x6413, 0x6413
};

const short poke_mart_interior_tile_163[TILE_SIZE * TILE_SIZE] = {
    0x9E9C, 0x8E5C, 0x8E5C, 0xA69D, 0xCF1F, 0xA69D, 0x8E5C, 0x8E5C, 0xA69C, 0xCF3D, 0xD75E, 0xDF5F, 0xE77F, 0xEF9F, 0xFFDF, 0xFFDF,
    0x9E9C, 0x9E9C, 0x9E9C, 0xB6DD, 0xD73F, 0xB6DD, 0x9E9C, 0x9E9C, 0xC71D, 0xFFDF, 0xE77F, 0xDF5F, 0xF7BF, 0xFFDF, 0xFFDF, 0xFFDF,
    0xE77E, 0xE77E, 0xE77E, 0xE79E, 0xEF9F, 0xE79E, 0xE77E, 0xE77E, 0xEF9E, 0xFFDF, 0xF7BF, 0xF7BF, 0xF7BF, 0xFFDF, 0xFFDF, 0xFFDF,
    0xCEFA, 0xCEFA, 0xCEFA, 0xCF1B, 0xCF3D, 0xCF3D, 0xCF3D, 0xCF3D, 0xCF3D, 0xCF3D, 0xCF3D, 0xCF3D, 0xCF3D, 0xCF3D, 0xCF3D, 0xCF3D,
    0x85D4, 0x85D4, 0x85D4, 0x85F7, 0x8E5C, 0x8E5C, 0x8E5C, 0x8E5C, 0x8E5C, 0x8E5C, 0x8E5C, 0x8E5C, 0x8E5C, 0x8E5C, 0x8E5C, 0x8E5C,
    0x85D4, 0x85D4, 0x85D4, 0x85F7, 0x8E5C, 0x8619, 0x85F7, 0x85F7, 0x85F7, 0x85F7, 0x85F7, 0x85F7, 0x85F7, 0x85F7, 0x85F7, 0x85F7,
    0x85D4, 0x85D4, 0x85D4, 0x85F7, 0x8E5C, 0x85F7, 0x85D4, 0x85D4, 0x85D4, 0x85D4, 0x85D4, 0x85D4, 0x85D4, 0x85D4, 0x85D4, 0x85D4,
    0x85D4, 0x85D4, 0x85D4, 0x85F7, 0x8E5C, 0x85F7, 0x85D4, 0x85D4, 0x85D4, 0x85D4, 0x85D4, 0x85D4, 0x85D4, 0x85D4, 0x85D4, 0x85D4,
    0x85D4, 0x85D4, 0x85D4, 0x85F7, 0x8E5C, 0x85F7, 0x85D4, 0x85D4, 0x85D4, 0x85D4, 0x85D4, 0x85D4, 0x85D4, 0x85D4, 0x85D4, 0x85D4,
    0x85D4, 0x85D4, 0x85D4, 0x85F7, 0x8E5C, 0x85F7, 0x85D4, 0x85D4, 0x85D4, 0x85D4, 0x85D4, 0x85D4, 0x85D4, 0x85D4, 0x85D4, 0x85D4,
    0x85D4, 0x85D4, 0x85D4, 0x85F7, 0x8E5C, 0x85F7, 0x85D4, 0x85D4, 0x85D4, 0x85D4, 0x85D4, 0x85D4, 0x85D4, 0x85D4, 0x85D4, 0x85D4,
    0x85D4, 0x85D4, 0x85D4, 0x85F7, 0x8E5C, 0x8618, 0x85D5, 0x85D4, 0x85D4, 0x85D4, 0x85D4, 0x85D4, 0x85D4, 0x85D4, 0x85D4, 0x85D5,
    0x85D4, 0x85D4, 0x85D4, 0x85F7, 0x8E5C, 0x863B, 0x8619, 0x85D5, 0x85D4, 0x85D4, 0x85D4, 0x85D4, 0x85D4, 0x85D4, 0x85D4, 0x8617,
    0x85F7, 0x85F7, 0x85F7, 0x8619, 0x8E5C, 0x8E5C, 0x863B, 0x8618, 0x85F7, 0x85F7, 0x85F7, 0x85F7, 0x85F7, 0x85F7, 0x85F7, 0x863A,
    0x8E5C, 0x8E5C, 0x8E5C, 0x8E5C, 0x8E5C, 0x8E5C, 0x8E5C, 0x8E5C, 0x8E5C, 0x8E5C, 0x8E5C, 0x8E5C, 0x8E5C, 0x8E5C, 0x8E5C, 0x8E5C,
    0x6413, 0x6413, 0x6413, 0x6413, 0x6413, 0x6413, 0x6413, 0x6413, 0x6413, 0x6413, 0x6413, 0x6413, 0x6413, 0x6413, 0x6413, 0x6413
};

const short poke_mart_interior_tile_164[TILE_SIZE * TILE_SIZE] = {
    0xF7BF, 0xE77F, 0xA577, 0x528D, 0xB5B7, 0xE77E, 0x9E9C, 0x8E5C, 0x8E5C, 0x8E5C, 0x965C, 0xA6BD, 0xBEFD, 0xCF3D, 0xE79E, 0xFFDF,
    0xF7BF, 0xDF5F, 0x9D57, 0x528D, 0xB5B7, 0xE79E, 0xB6DD, 0x9E9C, 0x9E9C, 0x9E9C, 0xAEBD, 0xC71E, 0xE77F, 0xFFDF, 0xFFDF, 0xFFDF,
    0xF7BF, 0xF7BF, 0xAD97, 0x528D, 0xB5B7, 0xF7BE, 0xE79E, 0xE77E, 0xE77E, 0xE77E, 0xE77E, 0xEF9E, 0xF7BF, 0xFFDF, 0xFFDF, 0xFFDF,
    0xCF3D, 0xCF3D, 0x9D57, 0x528D, 0x9D57, 0xCF3D, 0xCF3D, 0xCF3D, 0xCF3D, 0xCF3D, 0xCF3D, 0xCF3D, 0xCF3D, 0xCF3D, 0xCF3D, 0xCF3D,
    0x8E5C, 0x8E5C, 0x74D6, 0x528D, 0x74D6, 0x8E5C, 0x8E5C, 0x8E5C, 0x8E5C, 0x8E5C, 0x8E5C, 0x8E5C, 0x8E5C, 0x8E5C, 0x8E5C, 0x8E5C,
    0x8618, 0x863B, 0x74D6, 0x528D, 0x74D6, 0x863B, 0x8618, 0x85F7, 0x85F7, 0x85F7, 0x8618, 0x863B, 0x863A, 0x85F7, 0x85F7, 0x85F7,
    0x85D5, 0x863A, 0x74D6, 0x528D, 0x74D6, 0x863A, 0x85D5, 0x85D4, 0x85D4, 0x85D4, 0x85D5, 0x863A, 0x8618, 0x85D4, 0x85D4, 0x85D4,
    0x85D5, 0x863A, 0x74D6, 0x528D, 0x74D6, 0x863A, 0x85D5, 0x85D4, 0x85D4, 0x85D4, 0x85D5, 0x863A, 0x8618, 0x85D4, 0x85D4, 0x85D4,
    0x85D5, 0x863A, 0x74D6, 0x528D, 0x74D6, 0x863A, 0x85D5, 0x85D4, 0x85D4, 0x85D4, 0x85D5, 0x863A, 0x8618, 0x85D4, 0x85D4, 0x85D4,
    0x85D5, 0x863A, 0x74D6, 0x528D, 0x74D6, 0x863A, 0x85D5, 0x85D4, 0x85D4, 0x85D4, 0x85D5, 0x863A, 0x8618, 0x85D4, 0x85D4, 0x85D4,
    0x85D5, 0x863A, 0x74D6, 0x528D, 0x74D6, 0x863A, 0x85D5, 0x85D4, 0x85D4, 0x85D4, 0x85D5, 0x863A, 0x8618, 0x85D4, 0x85D4, 0x85D4,
    0x85F6, 0x863A, 0x74D6, 0x528D, 0x74D6, 0x863A, 0x85D5, 0x85D4, 0x85D4, 0x85D4, 0x85D5, 0x863A, 0x8618, 0x85D4, 0x85D4, 0x85D4,
    0x863A, 0x8E3B, 0x74D6, 0x528D, 0x74D6, 0x863A, 0x85D5, 0x85D4, 0x85D4, 0x85D4, 0x85D5, 0x863A, 0x8618, 0x85D4, 0x85D4, 0x85D4,
    0x8E5C, 0x8E5C, 0x74D6, 0x528D, 0x74D6, 0x863B, 0x8618, 0x85F7, 0x85F7, 0x85F7, 0x8618, 0x863B, 0x863A, 0x85F7, 0x85F7, 0x85F7,
    0x8E5C, 0x8E5C, 0x74D6, 0x528D, 0x74D6, 0x8E5C, 0x8E5C, 0x8E5C, 0x8E5C, 0x8E5C, 0x8E5C, 0x8E5C, 0x8E5C, 0x8E5C, 0x8E5C, 0x8E5C,
    0x6413, 0x6413, 0x6C51, 0x7CEE, 0x6C51, 0x6413, 0x6413, 0x6413, 0x6413, 0x6413, 0x6413, 0x6413, 0x6413, 0x6413, 0x6413, 0x6413
};

const short poke_mart_interior_tile_165[TILE_SIZE * TILE_SIZE] = {
    0xFFDF, 0xDF7E, 0xB6DD, 0xB6DD, 0xAEBD, 0xA69D, 0x967C, 0x8E5C, 0x8E5C, 0x967C, 0xBEDE, 0x9D37, 0x528D, 0x9D14, 0xC6B7, 0xA691,
    0xFFDF, 0xD75E, 0x9E9C, 0xBEFE, 0xC71E, 0xAEBD, 0x9E9C, 0x9E9C, 0x9E9C, 0xAEBD, 0xC71E, 0x9D57, 0x528D, 0x9D14, 0xC6B7, 0xA691,
    0xFFDF, 0xEFBE, 0xE77E, 0xEF9E, 0xEF9E, 0xE77E, 0xE77E, 0xE77E, 0xE77E, 0xE77E, 0xEF9E, 0xAD97, 0x528D, 0x9D14, 0xC6B7, 0xA691,
    0xCF3D, 0xCF3D, 0xCF3D, 0xCF3D, 0xCF3D, 0xCF3D, 0xCF3D, 0xCF3D, 0xCF3D, 0xCF3D, 0xCF3D, 0x9D57, 0x528D, 0x9D14, 0xC6B7, 0xA691,
    0x8E5C, 0x8E5C, 0x8E5C, 0x8E5C, 0x8E5C, 0x8E5C, 0x8E5C, 0x8E5C, 0x8E5C, 0x8E5C, 0x8E5C, 0x74D6, 0x528D, 0x9D14, 0xC6B7, 0xA691,
    0x85F7, 0x85F7, 0x85F7, 0x863A, 0x863B, 0x8618, 0x85F7, 0x85F7, 0x85F7, 0x8618, 0x863B, 0x74D6, 0x528D, 0x9D14, 0xC6B7, 0xA691,
    0x85D4, 0x85D4, 0x85D4, 0x8618, 0x863A, 0x85D5, 0x85D4, 0x85D4, 0x85D4, 0x85D5, 0x863A, 0x74D6, 0x528D, 0x9D14, 0xC6B7, 0xA691,
    0x85D4, 0x85D4, 0x85D4, 0x8618, 0x863A, 0x85D5, 0x85D4, 0x85D4, 0x85D4, 0x85D5, 0x863A, 0x74D6, 0x528D, 0x9D14, 0xC6B7, 0xA691,
    0x85D4, 0x85D4, 0x85D4, 0x8618, 0x863A, 0x85D5, 0x85D4, 0x85D4, 0x85D4, 0x85D5, 0x863A, 0x74D6, 0x528D, 0x9D14, 0xC6B7, 0xA691,
    0x85D4, 0x85D4, 0x85D4, 0x8618, 0x863A, 0x85D5, 0x85D4, 0x85D4, 0x85D4, 0x85D5, 0x863A, 0x74D6, 0x528D, 0x9D14, 0xC6B7, 0xA691,
    0x85D4, 0x85D4, 0x85D4, 0x8618, 0x863A, 0x85D5, 0x85D4, 0x85D4, 0x85D4, 0x85D5, 0x863A, 0x74D6, 0x528D, 0x9D14, 0xC6B7, 0xA691,
    0x85D4, 0x85D4, 0x85D4, 0x8618, 0x863A, 0x85D5, 0x85D4, 0x85D4, 0x85D4, 0x85D5, 0x863A, 0x74D6, 0x528D, 0x94D3, 0xBE56, 0xAE92,
    0x85D4, 0x85D4, 0x85D4, 0x8618, 0x863A, 0x85D5, 0x85D4, 0x85D4, 0x85D4, 0x85D5, 0x863A, 0x74D6, 0x528D, 0x7BD0, 0xA533, 0xBE56,
    0x85F7, 0x85F7, 0x85F7, 0x863A, 0x863B, 0x8618, 0x85F7, 0x85F7, 0x85F7, 0x8618, 0x863B, 0x74D6, 0x528D, 0x740E, 0x9551, 0xADB5,
    0x8E5C, 0x8E5C, 0x8E5C, 0x8E5C, 0x8E5C, 0x8E5C, 0x8E5C, 0x8E5C, 0x8E5C, 0x8E5C, 0x8E5C, 0x74D6, 0x528D, 0x7CEE, 0x960F, 0x8CB0,
    0x6413, 0x6413, 0x6413, 0x6413, 0x6413, 0x6413, 0x6413, 0x6413, 0x6413, 0x6413, 0x6413, 0x6C51, 0x7CEE, 0x8DEE, 0x964F, 0x95CF
};

const short poke_mart_interior_tile_166[TILE_SIZE * TILE_SIZE] = {
    0xA68F, 0xB6D1, 0xA68F, 0x9E8F, 0x9E8F, 0x9E8F, 0x9E8F, 0x9E8F, 0x9E8F, 0x9E8F, 0x9ED2, 0xA757, 0xA757, 0xA757, 0xA757, 0xA757,
    0xA68F, 0xB6D1, 0xA68F, 0x9E8F, 0x9E8F, 0x9E8F, 0x9E8F, 0x9E8F, 0x9E8F, 0x9E8F, 0x9ED2, 0xA757, 0xA757, 0xA757, 0xA757, 0xA757,
    0xA68F, 0xB6D1, 0xA68F, 0x9E8F, 0x9E8F, 0x9E8F, 0x9E8F, 0x9E8F, 0x9E8F, 0x9E8F, 0x9ED2, 0xA757, 0xA757, 0xA757, 0xA757, 0xA757,
    0xA68F, 0xB6D1, 0xA68F, 0x9E8F, 0x9E8F, 0x9E8F, 0x9E8F, 0x9E8F, 0x9E8F, 0x9E8F, 0x9ED2, 0xA757, 0xA757, 0xA757, 0xA757, 0xA757,
    0xA68F, 0xB6D1, 0xA68F, 0x9E8F, 0x9E8F, 0x9E8F, 0x9E8F, 0x9E8F, 0x9E8F, 0x9E8F, 0x9ED2, 0xA757, 0xA757, 0xA757, 0xA757, 0xA757,
    0xA68F, 0xB6D1, 0xA68F, 0x9E8F, 0x9E8F, 0x9E8F, 0x9E8F, 0x9E8F, 0x9E8F, 0x9E8F, 0x9ED2, 0xA757, 0xA757, 0xA757, 0xA757, 0xA757,
    0xA68F, 0xB6D1, 0xA68F, 0x9E8F, 0x9E8F, 0x9E8F, 0x9E8F, 0x9E8F, 0x9E8F, 0x9E8F, 0x9ED2, 0xA757, 0xA757, 0xA757, 0xA757, 0xA757,
    0xA68F, 0xB6D1, 0xA68F, 0x9E8F, 0x9E8F, 0x9E8F, 0x9E8F, 0x9E8F, 0x9E8F, 0x9E8F, 0x9ED2, 0xA757, 0xA757, 0xA757, 0xA757, 0xA757,
    0xA68F, 0xB6D1, 0xA68F, 0x9E8F, 0x9E8F, 0x9E8F, 0x9E8F, 0x9E8F, 0x9E8F, 0x9E8F, 0x9ED2, 0xA757, 0xA757, 0xA757, 0xA757, 0xA757,
    0xA68F, 0xB6D1, 0xA68F, 0x9E8F, 0x9E8F, 0x9E8F, 0x9E8F, 0x9E8F, 0x9E8F, 0x9E8F, 0x9ED2, 0xA757, 0xA757, 0xA757, 0xA757, 0xA757,
    0x9E8F, 0xA68F, 0xA6B0, 0xA6B0, 0x9E8F, 0x9E8F, 0x9E8F, 0x9E8F, 0x9E8F, 0x9E8F, 0x9ED2, 0xA757, 0xA757, 0xA757, 0xA757, 0xAF77,
    0x9E90, 0x9E8F, 0xA6B0, 0xAEB0, 0xA68F, 0x9E8F, 0x9E8F, 0x9E8F, 0x9E8F, 0x9E8F, 0xA6F2, 0xAF57, 0xAF57, 0xAF57, 0xAF57, 0xB778,
    0xB6B4, 0x9E8F, 0x9E8F, 0xA68F, 0xAEB0, 0xAEB0, 0xAEB0, 0xAEB0, 0xAEB0, 0xAEB0, 0xB714, 0xC7B9, 0xC7B9, 0xC7B9, 0xC7B9, 0xB798,
    0xB615, 0xAE93, 0xA690, 0x9E8F, 0xA6B0, 0xA6B0, 0xA6B0, 0xA6B0, 0xA6B0, 0xA6B0, 0xAF13, 0xBF98, 0xBF98, 0xBF98, 0xBF98, 0xAF78,
    0xA554, 0xD6DA, 0xAE93, 0x9E8F, 0x9E8F, 0x9E8F, 0x9E8F, 0x9E8F, 0x9E8F, 0x9E8F, 0x9ED2, 0xA757, 0xA757, 0xA757, 0xA757, 0xA757,
    0x9D71, 0xA554, 0xB615, 0xBEB5, 0xBEB5, 0xBEB5, 0xBEB5, 0xBEB5, 0xBEB5, 0xBEB5, 0xC718, 0xD79B, 0xD79B, 0xD79B, 0xD79B, 0xD79B
};

const short poke_mart_interior_tile_167[TILE_SIZE * TILE_SIZE] = {
    0xA757, 0xBF98, 0xC7B9, 0xAF57, 0xC77A, 0xFFDF, 0xCE78, 0xBDF6, 0xEF5C, 0xD79B, 0xA757, 0xBF98, 0xC7B9, 0xAF57, 0xA757, 0xA757,
    0xA757, 0xBF98, 0xC7B9, 0xAF57, 0xC77A, 0xFFDF, 0xCE78, 0xBDF6, 0xEF5C, 0xD79B, 0xA757, 0xBF98, 0xC7B9, 0xAF57, 0xA757, 0xA757,
    0xA757, 0xBF98, 0xC7B9, 0xAF57, 0xC77A, 0xFFDF, 0xCE78, 0xBDF6, 0xEF5C, 0xD79B, 0xA757, 0xBF98, 0xC7B9, 0xAF57, 0xA757, 0xA757,
    0xA757, 0xBF98, 0xC7B9, 0xAF57, 0xC77A, 0xFFDF, 0xCE78, 0xBDF6, 0xEF5C, 0xD79B, 0xA757, 0xBF98, 0xC7B9, 0xAF57, 0xA757, 0xA757,
    0xA757, 0xBF98, 0xC7B9, 0xAF57, 0xC77A, 0xFFDF, 0xCE78, 0xBDF6, 0xEF5C, 0xD79B, 0xA757, 0xBF98, 0xC7B9, 0xAF57, 0xA757, 0xA757,
    0xA757, 0xBF98, 0xC7B9, 0xAF57, 0xC77A, 0xFFDF, 0xCE78, 0xBDF6, 0xEF5C, 0xD79B, 0xA757, 0xBF98, 0xC7B9, 0xAF57, 0xA757, 0xA757,
    0xA757, 0xBF98, 0xC7B9, 0xAF57, 0xC77A, 0xFFDF, 0xCE78, 0xBDF6, 0xEF5C, 0xD79B, 0xA757, 0xBF98, 0xC7B9, 0xAF57, 0xA757, 0xA757,
    0xA757, 0xBF98, 0xC7B9, 0xAF57, 0xC77A, 0xFFDF, 0xCE78, 0xBDF6, 0xEF5C, 0xD79B, 0xA757, 0xBF98, 0xC7B9, 0xAF57, 0xA757, 0xA757,
    0xA757, 0xBF98, 0xC7B9, 0xAF57, 0xC77A, 0xFFDF, 0xCE78, 0xBDF6, 0xEF5C, 0xD79B, 0xA757, 0xBF98, 0xC7B9, 0xAF57, 0xA757, 0xA757,
    0xA757, 0xBF98, 0xC7B9, 0xAF57, 0xC77A, 0xFFDF, 0xCE78, 0xBDF6, 0xEF5C, 0xD79B, 0xA757, 0xBF98, 0xC7B9, 0xAF57, 0xA757, 0xA757,
    0xBF98, 0xB798, 0xAF78, 0xA757, 0xC77A, 0xFFDF, 0xCE78, 0xBDF6, 0xEF5C, 0xD79B, 0xA757, 0xAF77, 0xB778, 0xB798, 0xAF78, 0xA757,
    0xC7B9, 0xAF78, 0xA757, 0xAF58, 0xCF5A, 0xEF5C, 0xC656, 0xBE15, 0xDEFA, 0xD75B, 0xB758, 0xA757, 0xA757, 0xBF98, 0xB798, 0xAF57,
    0xAF57, 0xA757, 0xAF58, 0xDF9C, 0xD6FA, 0xBDF6, 0xAE32, 0xA631, 0xBE15, 0xCEB9, 0xE7BD, 0xBF79, 0xA757, 0xA757, 0xB778, 0xC7B9,
    0xA757, 0xB778, 0xCF5A, 0xD6FA, 0xC677, 0xA5F2, 0x9E50, 0x9E70, 0xA654, 0xBE77, 0xDEDA, 0xCF3A, 0xBF79, 0xA757, 0xAF77, 0xBF98,
    0xA757, 0xD79B, 0xEF5C, 0xBDF6, 0xA5F2, 0x9E8F, 0x9E8F, 0x9EB0, 0x9F15, 0xA695, 0xB594, 0xDEDA, 0xE7BD, 0xB758, 0xA757, 0xA757,
    0xD79B, 0xD6D9, 0xC656, 0xAE32, 0x9E50, 0x9E8F, 0x9ED1, 0x9F14, 0x9F36, 0xA6F6, 0xA695, 0xBE77, 0xCEB9, 0xD75B, 0xD79B, 0xD79B
};

const short poke_mart_interior_tile_168[TILE_SIZE * TILE_SIZE] = {
    0xA757, 0xA757, 0xA757, 0xA757, 0xA757, 0xA757, 0xA757, 0xA757, 0xA757, 0xA757, 0xA757, 0xAF57, 0xC7B9, 0xBF98, 0xA757, 0xD79B,
    0xA757, 0xA757, 0xA757, 0xA757, 0xA757, 0xA757, 0xA757, 0xA757, 0xA757, 0xA757, 0xA757, 0xAF57, 0xC7B9, 0xBF98, 0xA757, 0xD79B,
    0xA757, 0xA757, 0xA757, 0xA757, 0xA757, 0xA757, 0xA757, 0xA757, 0xA757, 0xA757, 0xA757, 0xAF57, 0xC7B9, 0xBF98, 0xA757, 0xD79B,
    0xA757, 0xA757, 0xA757, 0xA757, 0xA757, 0xA757, 0xA757, 0xA757, 0xA757, 0xA757, 0xA757, 0xAF57, 0xC7B9, 0xBF98, 0xA757, 0xD79B,
    0xA757, 0xA757, 0xA757, 0xA757, 0xA757, 0xA757, 0xA757, 0xA757, 0xA757, 0xA757, 0xA757, 0xAF57, 0xC7B9, 0xBF98, 0xA757, 0xD79B,
    0xA757, 0xA757, 0xA757, 0xA757, 0xA757, 0xA757, 0xA757, 0xA757, 0xA757, 0xA757, 0xA757, 0xAF57, 0xC7B9, 0xBF98, 0xA757, 0xD79B,
    0xA757, 0xA757, 0xA757, 0xA757, 0xA757, 0xA757, 0xA757, 0xA757, 0xA757, 0xA757, 0xA757, 0xAF57, 0xC7B9, 0xBF98, 0xA757, 0xD79B,
    0xA757, 0xA757, 0xA757, 0xA757, 0xA757, 0xA757, 0xA757, 0xA757, 0xA757, 0xA757, 0xA757, 0xAF57, 0xC7B9, 0xBF98, 0xA757, 0xD79B,
    0xA757, 0xA757, 0xA757, 0xA757, 0xA757, 0xA757, 0xA757, 0xA757, 0xA757, 0xA757, 0xA757, 0xAF57, 0xC7B9, 0xBF98, 0xA757, 0xD79B,
    0xA757, 0xA757, 0xA757, 0xA757, 0xA757, 0xA757, 0xA757, 0xA757, 0xA757, 0xA757, 0xA757, 0xAF57, 0xC7B9, 0xBF98, 0xA757, 0xD79B,
    0xA757, 0xA757, 0xA757, 0xA757, 0xA757, 0xA757, 0xA757, 0xA757, 0xA757, 0xA757, 0xAF78, 0xB798, 0xB778, 0xAF77, 0xA757, 0xD79B,
    0xAF57, 0xAF57, 0xAF57, 0xAF57, 0xAF57, 0xAF57, 0xAF57, 0xAF57, 0xAF57, 0xAF57, 0xB798, 0xBF98, 0xA757, 0xA757, 0xB758, 0xD75B,
    0xC7B9, 0xC7B9, 0xC7B9, 0xC7B9, 0xC7B9, 0xC7B9, 0xC7B9, 0xC7B9, 0xC7B9, 0xC7B9, 0xB778, 0xA757, 0xA757, 0xBF79, 0xE7BD, 0xCEB9,
    0xBF98, 0xBF98, 0xBF98, 0xBF98, 0xBF98, 0xBF98, 0xBF98, 0xBF98, 0xBF98, 0xBF98, 0xAF77, 0xA757, 0xBF79, 0xCF3A, 0xDEDA, 0xBE55,
    0xA757, 0xA757, 0xA757, 0xA757, 0xA757, 0xA757, 0xA757, 0xA757, 0xA757, 0xA757, 0xA757, 0xB758, 0xE7BD, 0xDEDA, 0xB594, 0xA611,
    0xD79B, 0xD79B, 0xD79B, 0xD79B, 0xD79B, 0xD79B, 0xD79B, 0xD79B, 0xD79B, 0xD79B, 0xD79B, 0xD75B, 0xCEB9, 0xBE55, 0xA611, 0x9E4F
};

const short poke_mart_interior_tile_169[TILE_SIZE * TILE_SIZE] = {
    0xEF5C, 0xBDF6, 0xCE78, 0xFFDF, 0xC77A, 0xAF57, 0xC7B9, 0xBF98, 0xA757, 0xA757, 0xA757, 0xA757, 0xA757, 0xA757, 0xA757, 0xA757,
    0xEF5C, 0xBDF6, 0xCE78, 0xFFDF, 0xC77A, 0xAF57, 0xC7B9, 0xBF98, 0xA757, 0xA757, 0xA757, 0xA757, 0xA757, 0xA757, 0xA757, 0xA757,
    0xEF5C, 0xBDF6, 0xCE78, 0xFFDF, 0xC77A, 0xAF57, 0xC7B9, 0xBF98, 0xA757, 0xA757, 0xA757, 0xA757, 0xA757, 0xA757, 0xA757, 0xA757,
    0xEF5C, 0xBDF6, 0xCE78, 0xFFDF, 0xC77A, 0xAF57, 0xC7B9, 0xBF98, 0xA757, 0xA757, 0xA757, 0xA757, 0xA757, 0xA757, 0xA757, 0xA757,
    0xEF5C, 0xBDF6, 0xCE78, 0xFFDF, 0xC77A, 0xAF57, 0xC7B9, 0xBF98, 0xA757, 0xA757, 0xA757, 0xA757, 0xA757, 0xA757, 0xA757, 0xA757,
    0xEF5C, 0xBDF6, 0xCE78, 0xFFDF, 0xC77A, 0xAF57, 0xC7B9, 0xBF98, 0xA757, 0xA757, 0xA757, 0xA757, 0xA757, 0xA757, 0xA757, 0xA757,
    0xEF5C, 0xBDF6, 0xCE78, 0xFFDF, 0xC77A, 0xAF57, 0xC7B9, 0xBF98, 0xA757, 0xA757, 0xA757, 0xA757, 0xA757, 0xA757, 0xA757, 0xA757,
    0xEF5C, 0xBDF6, 0xCE78, 0xFFDF, 0xC77A, 0xAF57, 0xC7B9, 0xBF98, 0xA757, 0xA757, 0xA757, 0xA757, 0xA757, 0xA757, 0xA757, 0xA757,
    0xEF5C, 0xBDF6, 0xCE78, 0xFFDF, 0xC77A, 0xAF57, 0xC7B9, 0xBF98, 0xA757, 0xA757, 0xA757, 0xA757, 0xA757, 0xA757, 0xA757, 0xA757,
    0xEF5C, 0xBDF6, 0xCE78, 0xFFDF, 0xC77A, 0xAF57, 0xC7B9, 0xBF98, 0xA757, 0xA757, 0xA757, 0xA757, 0xA757, 0xA757, 0xA757, 0xA757,
    0xEF5C, 0xBDF6, 0xCE78, 0xFFDF, 0xC77A, 0xA757, 0xAF78, 0xB798, 0xBF98, 0xAF77, 0xA757, 0xA757, 0xA757, 0xA757, 0xA757, 0xA757,
    0xDEFA, 0xBE15, 0xC656, 0xEF5C, 0xCF5A, 0xAF58, 0xA757, 0xAF78, 0xC7B9, 0xB778, 0xAF57, 0xAF57, 0xAF57, 0xAF57, 0xAF57, 0xAF57,
    0xBE15, 0xA631, 0xAE32, 0xBDF6, 0xD6FA, 0xDF9C, 0xAF58, 0xA757, 0xAF57, 0xB798, 0xC7B9, 0xC7B9, 0xC7B9, 0xC7B9, 0xC7B9, 0xC7B9,
    0xA611, 0x9E6F, 0x9E71, 0xAE35, 0xC698, 0xD6FA, 0xCF5A, 0xB778, 0xA757, 0xAF78, 0xBF98, 0xBF98, 0xBF98, 0xBF98, 0xBF98, 0xBF98,
    0x9E8F, 0x9E8F, 0x9ED2, 0xA757, 0xAE35, 0xBDF6, 0xEF5C, 0xD79B, 0xA757, 0xA757, 0xA757, 0xA757, 0xA757, 0xA757, 0xA757, 0xA757,
    0x9E90, 0x9EF2, 0x9F15, 0xA757, 0xA6D6, 0xAE96, 0xC677, 0xD6D9, 0xD79B, 0xD79B, 0xD79B, 0xD79B, 0xD79B, 0xD79B, 0xD79B, 0xD79B
};

const short poke_mart_interior_tile_170[TILE_SIZE * TILE_SIZE] = {
    0xA757, 0xA757, 0xA757, 0xA757, 0xA757, 0xA757, 0xB778, 0xCFDA, 0xB778, 0xB758, 0xE7BD, 0xDEDA, 0xB594, 0x8C52, 0x8413, 0xC5F9,
    0xA757, 0xA757, 0xA757, 0xA757, 0xA757, 0xA757, 0xB778, 0xCFDA, 0xB778, 0xB758, 0xE7BD, 0xDEDA, 0xB594, 0x73AF, 0x6B50, 0xBDB9,
    0xA757, 0xA757, 0xA757, 0xA757, 0xA757, 0xA757, 0xB778, 0xCFDA, 0xB778, 0xB758, 0xE7BD, 0xDEDA, 0xB594, 0x73AF, 0x6B50, 0xBDB9,
    0xA757, 0xA757, 0xA757, 0xA757, 0xA757, 0xA757, 0xB778, 0xCFDA, 0xB778, 0xB758, 0xE7BD, 0xDEDA, 0xB594, 0x73AF, 0x6B50, 0xBDB9,
    0xA757, 0xA757, 0xA757, 0xA757, 0xA757, 0xA757, 0xB778, 0xCFDA, 0xB778, 0xB758, 0xE7BD, 0xDEDA, 0xB594, 0x73AF, 0x6B50, 0xBDB9,
    0xA757, 0xA757, 0xA757, 0xA757, 0xA757, 0xA757, 0xB778, 0xCFDA, 0xB778, 0xB758, 0xE7BD, 0xDEDA, 0xB594, 0x73AF, 0x632F, 0xA4F6,
    0xA757, 0xA757, 0xA757, 0xA757, 0xA757, 0xA757, 0xB778, 0xCFDA, 0xB778, 0xB758, 0xE7BD, 0xDEDA, 0xB594, 0x73AF, 0x630F, 0x9495,
    0xA757, 0xA757, 0xA757, 0xA757, 0xA757, 0xA757, 0xB778, 0xCFDA, 0xB778, 0xB758, 0xE7BD, 0xDEDA, 0xB594, 0x73AF, 0x630F, 0x9495,
    0xA757, 0xA757, 0xA757, 0xA757, 0xA757, 0xA757, 0xB778, 0xCFDA, 0xB778, 0xB758, 0xE7BD, 0xDEDA, 0xB594, 0x8C52, 0x7391, 0x83F2,
    0xA757, 0xA757, 0xA757, 0xA757, 0xA757, 0xA757, 0xB778, 0xCFDA, 0xB778, 0xB758, 0xE7BD, 0xDEDA, 0xB594, 0xAD35, 0x9495, 0x630F,
    0xA757, 0xA757, 0xA757, 0xA757, 0xA757, 0xB798, 0xB798, 0xB778, 0xA757, 0xB758, 0xE7BD, 0xDEDA, 0xB594, 0x8C52, 0x7BD2, 0x9CB5,
    0xAF57, 0xAF57, 0xAF57, 0xAF57, 0xAF78, 0xBF99, 0xB798, 0xA757, 0xAF58, 0xBF59, 0xDF5C, 0xD6B8, 0xADB3, 0x73CF, 0x6B50, 0xC5F9,
    0xC7B9, 0xC7B9, 0xC7B9, 0xC7B9, 0xBF99, 0xAF78, 0xA757, 0xA757, 0xCF9A, 0xDF5C, 0xC657, 0xB613, 0x9E50, 0x6C0E, 0x7390, 0xD69A,
    0xBF98, 0xBF98, 0xBF98, 0xBF98, 0xB798, 0xA757, 0xAF58, 0xC77A, 0xD71A, 0xD6B8, 0xB613, 0xA630, 0x9E8F, 0x6C0D, 0x7390, 0xD6BB,
    0xA757, 0xA757, 0xA757, 0xA757, 0xA757, 0xA757, 0xC77A, 0xFFDF, 0xCE78, 0xADB3, 0x9E50, 0x9E8F, 0x9E8F, 0x6C0D, 0x7390, 0xD6BB,
    0xD79B, 0xD79B, 0xD79B, 0xD79B, 0xD79B, 0xD79B, 0xD71A, 0xCE78, 0xB633, 0xA630, 0x9E6F, 0x9EB0, 0x9EF3, 0x6C4F, 0x7390, 0xD6BB
};

const short poke_mart_interior_tile_171[TILE_SIZE * TILE_SIZE] = {
    0xDEBC, 0xE71D, 0xAD57, 0x8433, 0x74B5, 0x6C74, 0x6413, 0x6413, 0x6C74, 0x85DA, 0x8E5C, 0x8E5C, 0x74F6, 0x6413, 0x6413, 0x5B70,
    0xDE9C, 0xDE9C, 0x8413, 0x5B0F, 0x74F6, 0x7CB3, 0x738B, 0x738B, 0x73EE, 0x7D16, 0x7D99, 0x7D99, 0x7451, 0x738B, 0x738B, 0x630C,
    0xDE9C, 0xDE9C, 0x8413, 0x52AD, 0x5B0F, 0x8C8C, 0xD688, 0xD688, 0xBDC9, 0x73EE, 0x5B50, 0x5B50, 0xA52B, 0xD688, 0xD688, 0xA4EA,
    0xDE9C, 0xDE9C, 0x8413, 0x5ACC, 0x73AA, 0xAD48, 0xFF87, 0xFF87, 0xD688, 0x738B, 0x630B, 0x7BEA, 0xC608, 0xFF87, 0xFF87, 0xB589,
    0xDE9C, 0xDE9C, 0x8413, 0x632B, 0xAD47, 0xD686, 0xFF87, 0xFF87, 0xD688, 0x738B, 0x7BEA, 0xC606, 0xE6E6, 0xFF87, 0xFF87, 0xB589,
    0xBD99, 0xBD99, 0x7BD1, 0x632B, 0xAD47, 0xD686, 0xFF87, 0xFF87, 0xD688, 0x738B, 0x7BEA, 0xC606, 0xE6E6, 0xFF87, 0xFF87, 0xB589,
    0xAD17, 0xAD17, 0x7391, 0x632B, 0xAD47, 0xD666, 0xEF26, 0xEF26, 0xCE48, 0x6B6B, 0x7BEA, 0xC606, 0xDEA6, 0xEF26, 0xEF26, 0xAD49,
    0xAD17, 0xAD17, 0x7391, 0x632B, 0xAD47, 0xC626, 0xCE46, 0xCE46, 0xB587, 0x6B4B, 0x7BEA, 0xC606, 0xC626, 0xCE46, 0xCE46, 0x9CC8,
    0x8413, 0x8413, 0x7BB1, 0x7BAF, 0x8C6A, 0x9488, 0x9488, 0x9488, 0x8429, 0x5AEC, 0x6B4B, 0x9488, 0x9488, 0x9488, 0x9488, 0x7BCA,
    0x528D, 0x528D, 0x8413, 0x9495, 0x630F, 0x528D, 0x528D, 0x528D, 0x528D, 0x528D, 0x528D, 0x528D, 0x528D, 0x528D, 0x528D, 0x528D,
    0xA4F6, 0xA4F6, 0x8413, 0x6B50, 0x52AD, 0x7AEC, 0xB36C, 0x7AEC, 0x528D, 0x528D, 0x528D, 0x528D, 0x8B0C, 0xA32C, 0x62AC, 0x528D,
    0xDEDC, 0xDEDC, 0x8C33, 0x528C, 0x628C, 0xA32C, 0xFC0C, 0xA32C, 0x628C, 0x528C, 0x5A8C, 0x6A8C, 0xBB6C, 0xDBAC, 0x82CC, 0x5A8C,
    0xF79E, 0xF79E, 0x9493, 0x628C, 0x9AAB, 0xCB2B, 0xFC0C, 0xCB2B, 0x9AAB, 0x628C, 0x728C, 0xB2AA, 0xDB6B, 0xEBCB, 0xBAEA, 0x8AAB,
    0xFFDF, 0xFFDF, 0x9494, 0x6A8C, 0xB2AA, 0xDB4A, 0xFC0C, 0xDB4A, 0xB2AA, 0x6A8C, 0x828B, 0xCACA, 0xE38B, 0xEBCB, 0xD30A, 0x9AAB,
    0xFFDF, 0xFFDF, 0x9494, 0x6A8C, 0xB2AA, 0xDB4A, 0xFC0C, 0xDB4A, 0xB2AA, 0x6A8C, 0x828B, 0xCACA, 0xE38B, 0xEBCB, 0xD30A, 0x9AAB,
    0xFFDF, 0xFFDF, 0xB597, 0x83B1, 0x82ED, 0x82CC, 0x930C, 0x82CC, 0x728C, 0x5A8C, 0x628C, 0x828B, 0x8AEC, 0x8B0C, 0x82AC, 0x6A8C
};

const short poke_mart_interior_tile_172[TILE_SIZE * TILE_SIZE] = {
    0x528D, 0xA4F6, 0xDEDC, 0xF79E, 0xFFDF, 0xFFDF, 0xCE1A, 0xAD17, 0xAD17, 0xCE1A, 0xFFDF, 0xFFDF, 0xF79E, 0xDEDC, 0xA4F6, 0x528D,
    0x528D, 0xA4F6, 0xDEDC, 0xF79E, 0xFFDF, 0xFFDF, 0xCE1A, 0xAD17, 0xAD17, 0xCE1A, 0xFFDF, 0xFFDF, 0xF79E, 0xDEDC, 0xA4F6, 0x528D,
    0x528D, 0xA4F6, 0xDEDC, 0xF79E, 0xFFDF, 0xFFDF, 0xCE1A, 0xAD17, 0xAD17, 0xCE1A, 0xFFDF, 0xFFDF, 0xF79E, 0xDEDC, 0xA4F6, 0x528D,
    0x528D, 0xA4F6, 0xDEDC, 0xF79E, 0xFFDF, 0xFFDF, 0xCE1A, 0xAD17, 0xAD17, 0xCE1A, 0xFFDF, 0xFFDF, 0xF79E, 0xDEDC, 0xA4F6, 0x528D,
    0x528D, 0xA4F6, 0xDEDC, 0xF79E, 0xFFDF, 0xFFDF, 0xCE1A, 0xAD17, 0xAD17, 0xCE1A, 0xFFDF, 0xFFDF, 0xF79E, 0xDEDC, 0xA4F6, 0x528D,
    0x528D, 0xA4F6, 0xDEDC, 0xF79E, 0xFFDF, 0xFFDF, 0xCE1A, 0xAD17, 0xAD17, 0xCE1A, 0xFFDF, 0xFFDF, 0xF79E, 0xDEDC, 0xA4F6, 0x528D,
    0x528D, 0xA4F6, 0xDEDC, 0xF79E, 0xFFDF, 0xFFDF, 0xCE1A, 0xAD17, 0xAD17, 0xCE1A, 0xFFDF, 0xFFDF, 0xF79E, 0xDEDC, 0xA4F6, 0x528D,
    0x528D, 0xA4F6, 0xDEDC, 0xF79E, 0xFFDF, 0xFFDF, 0xCE1A, 0xAD17, 0xAD17, 0xCE1A, 0xFFDF, 0xFFDF, 0xF79E, 0xDEDC, 0xA4F6, 0x528D,
    0x528D, 0xA4F6, 0xDEDC, 0xF79E, 0xFFDF, 0xFFDF, 0xCE1A, 0xAD17, 0xAD17, 0xCE1A, 0xFFDF, 0xFFDF, 0xF79E, 0xDEDC, 0xA4F6, 0x528D,
    0x528D, 0xA4F6, 0xDEDC, 0xF79E, 0xFFDF, 0xFFDF, 0xCE1A, 0xAD17, 0xAD17, 0xCE1A, 0xFFDF, 0xFFDF, 0xF79E, 0xDEDC, 0xA4F6, 0x528D,
    0x528D, 0xA4F6, 0xDEDC, 0xF79E, 0xFFDF, 0xFFDF, 0xCE1A, 0xAD17, 0xAD17, 0xCE1A, 0xFFDF, 0xFFDF, 0xF79E, 0xDEDC, 0xA4F6, 0x528D,
    0x528D, 0xA4F6, 0xDEDC, 0xF79E, 0xFFDF, 0xFFDF, 0xCE1A, 0xAD17, 0xAD17, 0xCE1A, 0xFFDF, 0xFFDF, 0xF79E, 0xDEDC, 0xA4F6, 0x528D,
    0x528D, 0xA4F6, 0xDEDC, 0xF79E, 0xFFDF, 0xFFDF, 0xCE1A, 0xAD17, 0xAD17, 0xCE1A, 0xFFDF, 0xFFDF, 0xF79E, 0xDEDC, 0xA4F6, 0x528D,
    0x528D, 0xA4F6, 0xDEDC, 0xF79E, 0xFFDF, 0xFFDF, 0xCE1A, 0xAD17, 0xAD17, 0xCE1A, 0xFFDF, 0xFFDF, 0xF79E, 0xDEDC, 0xA4F6, 0x528D,
    0x528D, 0xA4F6, 0xDEDC, 0xF79E, 0xFFDF, 0xFFDF, 0xCE1A, 0xAD17, 0xAD17, 0xCE1A, 0xFFDF, 0xFFDF, 0xF79E, 0xDEDC, 0xA4F6, 0x528D,
    0x528D, 0xA4F6, 0xD67B, 0xCE3A, 0xCE1A, 0xCE1A, 0x9494, 0x7391, 0x7391, 0x9494, 0xCE1A, 0xCE1A, 0xCE3A, 0xD67B, 0xA4F6, 0x528D
};

const short poke_mart_interior_tile_173[TILE_SIZE * TILE_SIZE] = {
    0x5B70, 0x6413, 0x6413, 0x74F6, 0x8E5C, 0x8E5C, 0x85DA, 0x6C74, 0x6413, 0x6413, 0x6C74, 0x74B5, 0x8433, 0xAD57, 0xE71D, 0xDEBC,
    0x630C, 0x738B, 0x738B, 0x7451, 0x7D99, 0x7D99, 0x7D16, 0x73EE, 0x738B, 0x738B, 0x7CB3, 0x74F6, 0x5B0F, 0x8413, 0xDE9C, 0xDE9C,
    0xA4EA, 0xD688, 0xD688, 0xA52B, 0x5B50, 0x5B50, 0x73EE, 0xBDC9, 0xD688, 0xD688, 0x8C8C, 0x5B0F, 0x52AD, 0x8413, 0xDE9C, 0xDE9C,
    0xB589, 0xFF87, 0xFF87, 0xC608, 0x7BEA, 0x630B, 0x738B, 0xD688, 0xFF87, 0xFF87, 0xAD48, 0x73AA, 0x5ACC, 0x8413, 0xDE9C, 0xDE9C,
    0xB589, 0xFF87, 0xFF87, 0xE6E6, 0xC606, 0x7BEA, 0x738B, 0xD688, 0xFF87, 0xFF87, 0xD686, 0xAD47, 0x632B, 0x8413, 0xDE9C, 0xDE9C,
    0xB589, 0xFF87, 0xFF87, 0xE6E6, 0xC606, 0x7BEA, 0x738B, 0xD688, 0xFF87, 0xFF87, 0xD686, 0xAD47, 0x632B, 0x7BD1, 0xBD99, 0xBD99,
    0xAD49, 0xEF26, 0xEF26, 0xDEA6, 0xC606, 0x7BEA, 0x6B6B, 0xCE48, 0xEF26, 0xEF26, 0xD666, 0xAD47, 0x632B, 0x7391, 0xAD17, 0xAD17,
    0x9CC8, 0xCE46, 0xCE46, 0xC626, 0xC606, 0x7BEA, 0x6B4B, 0xB587, 0xCE46, 0xCE46, 0xC626, 0xAD47, 0x632B, 0x7391, 0xAD17, 0xAD17,
    0x7BCA, 0x9488, 0x9488, 0x9488, 0x9488, 0x6B4B, 0x5AEC, 0x8429, 0x9488, 0x9488, 0x9488, 0x8C6A, 0x7BAF, 0x7BB1, 0x8413, 0x8413,
    0x528D, 0x528D, 0x528D, 0x528D, 0x528D, 0x528D, 0x528D, 0x528D, 0x528D, 0x528D, 0x528D, 0x630F, 0x9495, 0x8413, 0x528D, 0x528D,
    0x528D, 0x62AC, 0xA32C, 0x8B0C, 0x528D, 0x528D, 0x528D, 0x528D, 0x7AEC, 0xB36C, 0x7AEC, 0x52AD, 0x6B50, 0x8413, 0xA4F6, 0xA4F6,
    0x5A8C, 0x82CC, 0xDBAC, 0xBB6C, 0x6A8C, 0x5A8C, 0x528C, 0x628C, 0xA32C, 0xFC0C, 0xA32C, 0x628C, 0x528C, 0x8C33, 0xDEDC, 0xDEDC,
    0x8AAB, 0xBAEA, 0xEBCB, 0xDB6B, 0xB2AA, 0x728C, 0x628C, 0x9AAB, 0xCB2B, 0xFC0C, 0xCB2B, 0x9AAB, 0x628C, 0x9493, 0xF79E, 0xF79E,
    0x9AAB, 0xD30A, 0xEBCB, 0xE38B, 0xCACA, 0x828B, 0x6A8C, 0xB2AA, 0xDB4A, 0xFC0C, 0xDB4A, 0xB2AA, 0x6A8C, 0x9494, 0xFFDF, 0xFFDF,
    0x9AAB, 0xD30A, 0xEBCB, 0xE38B, 0xCACA, 0x828B, 0x6A8C, 0xB2AA, 0xDB4A, 0xFC0C, 0xDB4A, 0xB2AA, 0x6A8C, 0x9494, 0xFFDF, 0xFFDF,
    0x6A8C, 0x82AC, 0x8B0C, 0x8AEC, 0x828B, 0x628C, 0x5A8C, 0x728C, 0x82CC, 0x930C, 0x82CC, 0x82ED, 0x83B1, 0xB597, 0xFFDF, 0xFFDF
};

const short poke_mart_interior_tile_174[TILE_SIZE * TILE_SIZE] = {
    0xC5F9, 0x8413, 0xAD36, 0xFFDF, 0xC77A, 0xAF57, 0xC7B9, 0xBF98, 0xA757, 0xA757, 0xA757, 0xA757, 0xA757, 0xA757, 0xA757, 0xA757,
    0xBDB9, 0x6B50, 0x9494, 0xFFDF, 0xC77A, 0xAF57, 0xC7B9, 0xBF98, 0xA757, 0xA757, 0xA757, 0xA757, 0xA757, 0xA757, 0xA757, 0xA757,
    0xBDB9, 0x6B50, 0x9494, 0xFFDF, 0xC77A, 0xAF57, 0xC7B9, 0xBF98, 0xA757, 0xA757, 0xA757, 0xA757, 0xA757, 0xA757, 0xA757, 0xA757,
    0xBDB9, 0x6B50, 0x9494, 0xFFDF, 0xC77A, 0xAF57, 0xC7B9, 0xBF98, 0xA757, 0xA757, 0xA757, 0xA757, 0xA757, 0xA757, 0xA757, 0xA757,
    0xBDB9, 0x6B50, 0x9494, 0xFFDF, 0xC77A, 0xAF57, 0xC7B9, 0xBF98, 0xA757, 0xA757, 0xA757, 0xA757, 0xA757, 0xA757, 0xA757, 0xA757,
    0xA4F6, 0x632F, 0x8C53, 0xE73C, 0xB6F6, 0xA6F2, 0xB714, 0xAF13, 0x9ED2, 0x9ED2, 0x9ED2, 0x9ED2, 0x9ED2, 0x9ED2, 0x9ED2, 0x9EF3,
    0x9495, 0x630F, 0x8432, 0xD6DA, 0xAE93, 0x9E8F, 0xAEB0, 0xA6B0, 0x9E8F, 0x9E8F, 0x9E8F, 0x9E8F, 0x9E8F, 0x9E8F, 0x9E8F, 0x9EB0,
    0x9495, 0x630F, 0x8432, 0xD6DA, 0xAE93, 0x9E8F, 0xAEB0, 0xA6B0, 0x9E8F, 0x9E8F, 0x9E8F, 0x9E8F, 0x9E8F, 0x9E8F, 0x9E8F, 0x9EB0,
    0x83F2, 0x7391, 0x9CD4, 0xD6DA, 0xAE93, 0x9E8F, 0xAEB0, 0xA6B0, 0x9E8F, 0x9E8F, 0x9E8F, 0x9E8F, 0x9E8F, 0x9E8F, 0x9E8F, 0x9EB0,
    0x630F, 0x9495, 0xBDB8, 0xD6DA, 0xAE93, 0x9E8F, 0xAEB0, 0xA6B0, 0x9E8F, 0x9E8F, 0x9E8F, 0x9E8F, 0x9E8F, 0x9E8F, 0x9E8F, 0x9EB0,
    0x9CB5, 0x7BD2, 0x9CD4, 0xD6DA, 0xAE93, 0x9E8F, 0xA68F, 0xA6B0, 0xA6B0, 0x9E8F, 0x9E8F, 0x9E8F, 0x9E8F, 0x9E8F, 0x9E8F, 0x9EB0,
    0xC5F9, 0x6B50, 0x7C11, 0xC658, 0xAE74, 0xA690, 0x9E8F, 0xA68F, 0xAEB0, 0xA68F, 0x9E8F, 0x9E8F, 0x9E8F, 0x9E8F, 0x9E8F, 0x9EB1,
    0xD69A, 0x7390, 0x6B6F, 0x94D2, 0xB5F5, 0xBEB6, 0xA690, 0x9E8F, 0x9E8F, 0xA6B0, 0xAEB0, 0xAEB0, 0xAEB0, 0xAEB0, 0xAEB0, 0xAEF2,
    0xD6BB, 0x7390, 0x6B8E, 0x8D30, 0xA593, 0xB5F5, 0xAE74, 0xA691, 0x9E8F, 0xA68F, 0xA6B0, 0xA6B0, 0xA6B0, 0xA6B0, 0xA6B0, 0xAED1,
    0xD6BB, 0x7390, 0x6C0D, 0x9E8F, 0x8D30, 0x94D2, 0xC658, 0xBEB5, 0x9E8F, 0x9E8F, 0x9E8F, 0x9E8F, 0x9E8F, 0x9E8F, 0x9E8F, 0x9EB0,
    0xD6BB, 0x7390, 0x6C0D, 0x9E8F, 0x95EF, 0x9590, 0xA553, 0xADD5, 0xBEB5, 0xBEB5, 0xBEB5, 0xBEB5, 0xBEB5, 0xBEB5, 0xBEB5, 0xBED6
};

const short poke_mart_interior_tile_175[TILE_SIZE * TILE_SIZE] = {
    0xA757, 0xA757, 0xA757, 0xA757, 0xA757, 0xA757, 0xB778, 0xCFDA, 0xB778, 0xB758, 0xE7BD, 0xDEDA, 0xB594, 0xDEDA, 0xE7BD, 0xB758,
    0xA757, 0xA757, 0xA757, 0xA757, 0xA757, 0xA757, 0xB778, 0xCFDA, 0xB778, 0xB758, 0xE7BD, 0xDEDA, 0xB594, 0xDEDA, 0xE7BD, 0xB758,
    0xA757, 0xA757, 0xA757, 0xA757, 0xA757, 0xA757, 0xB778, 0xCFDA, 0xB778, 0xB758, 0xE7BD, 0xDEDA, 0xB594, 0xDEDA, 0xE7BD, 0xB758,
    0xA757, 0xA757, 0xA757, 0xA757, 0xA757, 0xA757, 0xB778, 0xCFDA, 0xB778, 0xB758, 0xE7BD, 0xDEDA, 0xB594, 0xDEDA, 0xE7BD, 0xB758,
    0xA757, 0xA757, 0xA757, 0xA757, 0xA757, 0xA757, 0xB778, 0xCFDA, 0xB778, 0xB758, 0xE7BD, 0xDEDA, 0xB594, 0xDEDA, 0xE7BD, 0xB758,
    0x9F36, 0xA757, 0xA757, 0xA757, 0xA757, 0xA757, 0xB778, 0xCFDA, 0xB778, 0xB758, 0xE7BD, 0xDEDA, 0xB594, 0xDEDA, 0xE7BD, 0xB758,
    0x9F15, 0xA757, 0xA757, 0xA757, 0xA757, 0xA757, 0xB778, 0xCFDA, 0xB778, 0xB758, 0xE7BD, 0xDEDA, 0xB594, 0xDEDA, 0xE7BD, 0xB758,
    0x9F15, 0xA757, 0xA757, 0xA757, 0xA757, 0xA757, 0xB778, 0xCFDA, 0xB778, 0xB758, 0xE7BD, 0xDEDA, 0xB594, 0xDEDA, 0xE7BD, 0xB758,
    0x9F15, 0xA757, 0xA757, 0xA757, 0xA757, 0xA757, 0xB778, 0xCFDA, 0xB778, 0xB758, 0xE7BD, 0xDEDA, 0xB594, 0xDEDA, 0xE7BD, 0xB758,
    0x9F15, 0xA757, 0xA757, 0xA757, 0xA757, 0xA757, 0xB778, 0xCFDA, 0xB778, 0xB758, 0xE7BD, 0xDEDA, 0xB594, 0xDEDA, 0xE7BD, 0xB758,
    0x9F15, 0xA757, 0xA757, 0xA757, 0xA757, 0xB798, 0xB798, 0xB778, 0xA757, 0xB758, 0xE7BD, 0xDEDA, 0xB594, 0xDEDA, 0xE7BD, 0xB758,
    0xA736, 0xAF57, 0xAF57, 0xAF57, 0xAF78, 0xBF99, 0xB798, 0xA757, 0xAF58, 0xBF59, 0xDF5C, 0xD6B8, 0xADB3, 0xD6B8, 0xDF5C, 0xBF59,
    0xBF77, 0xC7B9, 0xC7B9, 0xC7B9, 0xBF99, 0xAF78, 0xA757, 0xA757, 0xCF9A, 0xDF5C, 0xC657, 0xB613, 0x9E50, 0xB613, 0xC657, 0xDF5C,
    0xB777, 0xBF98, 0xBF98, 0xBF98, 0xB798, 0xA757, 0xAF58, 0xC77A, 0xD71A, 0xD6B8, 0xB613, 0xA630, 0x9E8F, 0xA652, 0xB656, 0xD6B9,
    0x9F15, 0xA757, 0xA757, 0xA757, 0xA757, 0xA757, 0xC77A, 0xFFDF, 0xCE78, 0xADB3, 0x9E50, 0x9E8F, 0x9E8F, 0x9EF3, 0xA6F6, 0xADD4,
    0xCF7A, 0xD79B, 0xD79B, 0xD79B, 0xD79B, 0xD79B, 0xD71A, 0xCE78, 0xB633, 0xA630, 0x9E6F, 0x9EB0, 0x9EF3, 0x9F35, 0xA736, 0xA6B6
};

const short poke_mart_interior_tile_176[TILE_SIZE * TILE_SIZE] = {
    0xB778, 0xCFDA, 0xB778, 0xA757, 0xA757, 0xA757, 0xA757, 0xA757, 0xA757, 0xA757, 0xA757, 0xA757, 0xA757, 0xA757, 0xA757, 0xA757,
    0xB778, 0xCFDA, 0xB778, 0xA757, 0xA757, 0xA757, 0xA757, 0xA757, 0xA757, 0xA757, 0xA757, 0xA757, 0xA757, 0xA757, 0xA757, 0xA757,
    0xB778, 0xCFDA, 0xB778, 0xA757, 0xA757, 0xA757, 0xA757, 0xA757, 0xA757, 0xA757, 0xA757, 0xA757, 0xA757, 0xA757, 0xA757, 0xA757,
    0xB778, 0xCFDA, 0xB778, 0xA757, 0xA757, 0xA757, 0xA757, 0xA757, 0xA757, 0xA757, 0xA757, 0xA757, 0xA757, 0xA757, 0xA757, 0xA757,
    0xB778, 0xCFDA, 0xB778, 0xA757, 0xA757, 0xA757, 0xA757, 0xA757, 0xA757, 0xA757, 0xA757, 0xA757, 0xA757, 0xA757, 0xA757, 0xA757,
    0xB778, 0xCFDA, 0xB778, 0xA757, 0xA757, 0xA757, 0xA757, 0xA757, 0xA757, 0xA757, 0xA757, 0xA757, 0xA757, 0xA757, 0xA757, 0xA757,
    0xB778, 0xCFDA, 0xB778, 0xA757, 0xA757, 0xA757, 0xA757, 0xA757, 0xA757, 0xA757, 0xA757, 0xA757, 0xA757, 0xA757, 0xA757, 0xA757,
    0xB778, 0xCFDA, 0xB778, 0xA757, 0xA757, 0xA757, 0xA757, 0xA757, 0xA757, 0xA757, 0xA757, 0xA757, 0xA757, 0xA757, 0xA757, 0xA757,
    0xB778, 0xCFDA, 0xB778, 0xA757, 0xA757, 0xA757, 0xA757, 0xA757, 0xA757, 0xA757, 0xA757, 0xA757, 0xA757, 0xA757, 0xA757, 0xA757,
    0xB778, 0xCFDA, 0xB778, 0xA757, 0xA757, 0xA757, 0xA757, 0xA757, 0xA757, 0xA757, 0xA757, 0xA757, 0xA757, 0xA757, 0xA757, 0xA757,
    0xA757, 0xB778, 0xB798, 0xB798, 0xA757, 0xA757, 0xA757, 0xA757, 0xA757, 0xA757, 0xA757, 0xA757, 0xA757, 0xA757, 0xA757, 0xAF77,
    0xAF58, 0xA757, 0xB798, 0xBF99, 0xAF78, 0xAF57, 0xAF57, 0xAF57, 0xAF57, 0xAF57, 0xAF57, 0xAF57, 0xAF57, 0xAF57, 0xAF57, 0xB778,
    0xCF9A, 0xA757, 0xA757, 0xAF78, 0xBF99, 0xC7B9, 0xC7B9, 0xC7B9, 0xC7B9, 0xC7B9, 0xC7B9, 0xC7B9, 0xC7B9, 0xC7B9, 0xC7B9, 0xB798,
    0xD71A, 0xC77A, 0xAF58, 0xA757, 0xB798, 0xBF98, 0xBF98, 0xBF98, 0xBF98, 0xBF98, 0xBF98, 0xBF98, 0xBF98, 0xBF98, 0xBF98, 0xAF78,
    0xCE78, 0xFFDF, 0xC77A, 0xA757, 0xA757, 0xA757, 0xA757, 0xA757, 0xA757, 0xA757, 0xA757, 0xA757, 0xA757, 0xA757, 0xA757, 0xA757,
    0xB696, 0xCE78, 0xD71A, 0xD79B, 0xD79B, 0xD79B, 0xD79B, 0xD79B, 0xD79B, 0xD79B, 0xD79B, 0xD79B, 0xD79B, 0xD79B, 0xD79B, 0xD79B
};

const short poke_mart_interior_tile_177[TILE_SIZE * TILE_SIZE] = {
    0xA757, 0xBF98, 0xC7B9, 0xAF57, 0xC77A, 0xFFDF, 0xCE78, 0xA513, 0x7BF1, 0x9CB5, 0xDE9C, 0xE6DC, 0xD67B, 0x9CB5, 0x7C54, 0x74D6,
    0xA757, 0xBF98, 0xC7B9, 0xAF57, 0xC77A, 0xFFDF, 0xCE78, 0x9CF2, 0x630E, 0x8413, 0xDE9C, 0xDE9C, 0xBDB9, 0x6B50, 0x63B1, 0x7D99,
    0xA757, 0xBF98, 0xC7B9, 0xAF57, 0xC77A, 0xFFDF, 0xCE78, 0x9CF2, 0x630E, 0x8413, 0xDE9C, 0xDE9C, 0xBDB9, 0x6B50, 0x52CE, 0x5B50,
    0xA757, 0xBF98, 0xC7B9, 0xAF57, 0xC77A, 0xFFDF, 0xCE78, 0x9CF2, 0x630E, 0x8413, 0xDE9C, 0xDE9C, 0xBDB9, 0x6B50, 0x630B, 0x7BEA,
    0xA757, 0xBF98, 0xC7B9, 0xAF57, 0xC77A, 0xFFDF, 0xCE78, 0x9CF2, 0x630E, 0x8413, 0xDE9C, 0xDE9C, 0xBDB9, 0x6B50, 0x7BEA, 0xC606,
    0xA757, 0xBF98, 0xC7B9, 0xAF57, 0xC77A, 0xFFDF, 0xCE78, 0x9CF2, 0x630E, 0x7BD1, 0xBD99, 0xBD99, 0xA4F6, 0x632F, 0x7BEA, 0xC606,
    0xA757, 0xBF98, 0xC7B9, 0xAF57, 0xC77A, 0xFFDF, 0xCE78, 0x9CF2, 0x630E, 0x7391, 0xAD17, 0xAD17, 0x9495, 0x630F, 0x7BEA, 0xC606,
    0xA757, 0xBF98, 0xC7B9, 0xAF57, 0xC77A, 0xFFDF, 0xCE78, 0x9CF2, 0x630E, 0x7391, 0xAD17, 0xAD17, 0x9495, 0x630F, 0x7BEA, 0xC606,
    0xA757, 0xBF98, 0xC7B9, 0xAF57, 0xC77A, 0xFFDF, 0xCE78, 0xA513, 0x7BF1, 0x7BB1, 0x8413, 0x8413, 0x83F2, 0x7391, 0x83ED, 0x9488,
    0xA757, 0xBF98, 0xC7B9, 0xAF57, 0xC77A, 0xFFDF, 0xCE78, 0xAD74, 0xAD16, 0x8413, 0x528D, 0x528D, 0x630F, 0x9495, 0x8413, 0x528D,
    0xBF98, 0xB798, 0xAF78, 0xA757, 0xC77A, 0xFFDF, 0xCE78, 0xA513, 0x7BF1, 0x8413, 0xA4F6, 0xA4F6, 0x9CB5, 0x7BD2, 0x630F, 0x528D,
    0xC7B9, 0xAF78, 0xA757, 0xAF58, 0xCF5A, 0xEF5C, 0xC656, 0x9D11, 0x632E, 0x8C33, 0xDEDC, 0xDEDC, 0xC5F9, 0x6B50, 0x5A8C, 0x6A8C,
    0xAF57, 0xA757, 0xAF58, 0xDF9C, 0xD6FA, 0xBDF6, 0xAE32, 0x8D8F, 0x5B4D, 0x9493, 0xF79E, 0xF79E, 0xD69A, 0x7390, 0x728C, 0xB2AA,
    0xA757, 0xB778, 0xCF5A, 0xD6FA, 0xC677, 0xA5F2, 0x9E50, 0x8DAE, 0x5B4D, 0x9494, 0xFFDF, 0xFFDF, 0xD6BB, 0x7390, 0x828B, 0xCACA,
    0xA757, 0xD79B, 0xEF5C, 0xBDF6, 0xA5F2, 0x9E8F, 0x9E8F, 0x8DAE, 0x5B4D, 0x9494, 0xFFDF, 0xFFDF, 0xD6BB, 0x7390, 0x828B, 0xCACA,
    0xD79B, 0xD6D9, 0xC656, 0xAE32, 0x9E50, 0x9E8F, 0x9ED1, 0x8E12, 0x5B6E, 0x9494, 0xFFDF, 0xFFDF, 0xE71C, 0x9CD5, 0x8370, 0x828B
};

const short poke_mart_interior_tile_178[TILE_SIZE * TILE_SIZE] = {
    0x6C54, 0x6413, 0x6413, 0x74F6, 0x8E5C, 0x8E5C, 0x85DA, 0x6C74, 0x6413, 0x6413, 0x5B0F, 0x6B50, 0xBDB9, 0xE71D, 0xFFDF, 0xFFDF,
    0x7451, 0x738B, 0x738B, 0x7451, 0x7D99, 0x7D99, 0x7D16, 0x73EE, 0x738B, 0x738B, 0x5AEC, 0x6B50, 0xBDB9, 0xE71D, 0xFFDF, 0xFFDF,
    0xA52B, 0xD688, 0xD688, 0xA52B, 0x5B50, 0x5B50, 0x73EE, 0xBDC9, 0xD688, 0xD688, 0x840B, 0x6B50, 0xBDB9, 0xE71D, 0xFFDF, 0xFFDF,
    0xC608, 0xFF87, 0xFF87, 0xB589, 0x528D, 0x6B4B, 0x94A9, 0xDEC7, 0xFF87, 0xFF87, 0x948A, 0x6B50, 0xBDB9, 0xE71D, 0xFFDF, 0xFFDF,
    0xE6E6, 0xFF87, 0xFF87, 0xB589, 0x528D, 0x9488, 0xCE46, 0xEF26, 0xFF87, 0xFF87, 0x948A, 0x6B50, 0xBDB9, 0xE71D, 0xFFDF, 0xFFDF,
    0xE6E6, 0xFF87, 0xFF87, 0xB589, 0x528D, 0x9488, 0xCE46, 0xEF26, 0xFF87, 0xFF87, 0x948A, 0x6B50, 0xBDB9, 0xE71D, 0xFFDF, 0xFFDF,
    0xDEA6, 0xEF26, 0xEF26, 0xAD49, 0x528D, 0x9488, 0xCE46, 0xE6E6, 0xEF26, 0xEF26, 0x8C6A, 0x6B50, 0xBDB9, 0xE71D, 0xFFDF, 0xFFDF,
    0xC626, 0xCE46, 0xCE46, 0x9CC8, 0x528D, 0x9488, 0xC606, 0xCE46, 0xCE46, 0xCE46, 0x840A, 0x6B50, 0xBDB9, 0xE71D, 0xFFDF, 0xFFDF,
    0x9488, 0x9488, 0x9488, 0x7BCA, 0x528D, 0x7BCA, 0x9488, 0x9488, 0x9488, 0x9488, 0x6B4B, 0x6B50, 0xBDB9, 0xE71D, 0xFFDF, 0xFFDF,
    0x528D, 0x528D, 0x528D, 0x528D, 0x528D, 0x528D, 0x528D, 0x528D, 0x528D, 0x528D, 0x528D, 0x6B50, 0xBDB9, 0xE71D, 0xFFDF, 0xFFDF,
    0x8B0C, 0xA32C, 0x62AC, 0x528D, 0x528D, 0x528D, 0x62AC, 0xA32C, 0x8B0C, 0x528D, 0x528D, 0x6B50, 0xBDB9, 0xE71D, 0xFFDF, 0xFFDF,
    0xBB6C, 0xDBAC, 0x82CC, 0x5A8C, 0x528D, 0x5A8C, 0x82CC, 0xDBAC, 0xBB6C, 0x6A8C, 0x5A8C, 0x6B50, 0xBDB9, 0xE71D, 0xFFDF, 0xFFDF,
    0xDB6B, 0xEBCB, 0xBAEA, 0x8AAB, 0x528D, 0x8AAB, 0xBAEA, 0xEBCB, 0xDB6B, 0xB2AA, 0x728C, 0x6B50, 0xBDB9, 0xE71D, 0xFFDF, 0xFFDF,
    0xE38B, 0xEBCB, 0xD30A, 0x9AAB, 0x528D, 0x9AAB, 0xD30A, 0xEBCB, 0xE38B, 0xCACA, 0x828B, 0x6B50, 0xBDB9, 0xE71D, 0xFFDF, 0xFFDF,
    0xE38B, 0xEBCB, 0xD30A, 0x9AAB, 0x528D, 0x9AAB, 0xD30A, 0xEBCB, 0xE38B, 0xCACA, 0x828B, 0x6B50, 0xBDB9, 0xE71D, 0xFFDF, 0xFFDF,
    0x8AEC, 0x8B0C, 0x82AC, 0x6A8C, 0x528D, 0x6A8C, 0x82AC, 0x8B0C, 0x8AEC, 0x828B, 0x628C, 0x6B50, 0xBDB9, 0xD65B, 0xCE1A, 0xCE1A
};

const short poke_mart_interior_tile_179[TILE_SIZE * TILE_SIZE] = {
    0xEF3D, 0xBD98, 0x630D, 0x0000, 0x0000, 0x0000, 0x0000, 0x0000, 0x0000, 0x0000, 0x0000, 0x0000, 0x0000, 0x0000, 0x0000, 0x0000,
    0xEF3D, 0xBD98, 0x630D, 0x0000, 0x0000, 0x0000, 0x0000, 0x0000, 0x0000, 0x0000, 0x0000, 0x0000, 0x0000, 0x0000, 0x0000, 0x0000,
    0xEF3D, 0xBD98, 0x630D, 0x0000, 0x0000, 0x0000, 0x0000, 0x0000, 0x0000, 0x0000, 0x0000, 0x0000, 0x0000, 0x0000, 0x0000, 0x0000,
    0xEF3D, 0xBD98, 0x630D, 0x0000, 0x0000, 0x0000, 0x0000, 0x0000, 0x0000, 0x0000, 0x0000, 0x0000, 0x0000, 0x0000, 0x0000, 0x0000,
    0xEF3D, 0xBD98, 0x630D, 0x0000, 0x0000, 0x0000, 0x0000, 0x0000, 0x0000, 0x0000, 0x0000, 0x0000, 0x0000, 0x0000, 0x0000, 0x0000,
    0xEF3D, 0xBD98, 0x630D, 0x0000, 0x0000, 0x0000, 0x0000, 0x0000, 0x0000, 0x0000, 0x0000, 0x0000, 0x0000, 0x0000, 0x0000, 0x0000,
    0xEF3D, 0xBD98, 0x630D, 0x0000, 0x0000, 0x0000, 0x0000, 0x0000, 0x0000, 0x0000, 0x0000, 0x0000, 0x0000, 0x0000, 0x0000, 0x0000,
    0xEF3D, 0xBD98, 0x630D, 0x0000, 0x0000, 0x0000, 0x0000, 0x0000, 0x0000, 0x0000, 0x0000, 0x0000, 0x0000, 0x0000, 0x0000, 0x0000,
    0xEF3D, 0xBD98, 0x630D, 0x0000, 0x0000, 0x0000, 0x0000, 0x0000, 0x0000, 0x0000, 0x0000, 0x0000, 0x0000, 0x0000, 0x0000, 0x0000,
    0xEF3D, 0xBD98, 0x630D, 0x0000, 0x0000, 0x0000, 0x0000, 0x0000, 0x0000, 0x0000, 0x0000, 0x0000, 0x0000, 0x0000, 0x0000, 0x0000,
    0xEF3D, 0xBD98, 0x630D, 0x0000, 0x0000, 0x0000, 0x0000, 0x0000, 0x0000, 0x0000, 0x0000, 0x0000, 0x0000, 0x0000, 0x0000, 0x0000,
    0xEF3D, 0xBD98, 0x630D, 0x0000, 0x0000, 0x0000, 0x0000, 0x0000, 0x0000, 0x0000, 0x0000, 0x0000, 0x0000, 0x0000, 0x0000, 0x0000,
    0xEF3D, 0xBD98, 0x630D, 0x0000, 0x0000, 0x0000, 0x0000, 0x0000, 0x0000, 0x0000, 0x0000, 0x0000, 0x0000, 0x0000, 0x0000, 0x0000,
    0xEF3D, 0xBD98, 0x630D, 0x0000, 0x0000, 0x0000, 0x0000, 0x0000, 0x0000, 0x0000, 0x0000, 0x0000, 0x0000, 0x0000, 0x0000, 0x0000,
    0xEF3D, 0xBD98, 0x630D, 0x0000, 0x0000, 0x0000, 0x0000, 0x0000, 0x0000, 0x0000, 0x0000, 0x0000, 0x0000, 0x0000, 0x0000, 0x0000,
    0xB598, 0x8412, 0x420A, 0x0000, 0x0000, 0x0000, 0x0000, 0x0000, 0x0000, 0x0000, 0x0000, 0x0000, 0x0000, 0x0000, 0x0000, 0x0000
};

const short poke_mart_interior_tile_180[TILE_SIZE * TILE_SIZE] = {
    0x0000, 0x0000, 0x0000, 0x0000, 0x0000, 0x0000, 0x0000, 0x0000, 0x0000, 0x0000, 0x0000, 0x0000, 0x0000, 0x39E8, 0x5B2D, 0x52AD,
    0x0000, 0x0000, 0x0000, 0x0000, 0x0000, 0x0000, 0x0000, 0x0000, 0x0000, 0x0000, 0x0000, 0x0000, 0x0000, 0x5368, 0x7D0E, 0x5B2D,
    0x0000, 0x0000, 0x0000, 0x0000, 0x0000, 0x0000, 0x0000, 0x0000, 0x0000, 0x0000, 0x0000, 0x0000, 0x0000, 0x5BE9, 0x8E0E, 0x748E,
    0x0000, 0x0000, 0x0000, 0x0000, 0x0000, 0x0000, 0x0000, 0x0000, 0x0000, 0x0000, 0x0000, 0x0000, 0x0000, 0x5BE9, 0x9E8F, 0x9E8F,
    0x0000, 0x0000, 0x0000, 0x0000, 0x0000, 0x0000, 0x0000, 0x0000, 0x0000, 0x0000, 0x0000, 0x0000, 0x0000, 0x5BE9, 0x962F, 0x9570,
    0x0000, 0x0000, 0x0000, 0x0000, 0x0000, 0x0000, 0x0000, 0x0000, 0x0000, 0x0000, 0x0000, 0x0000, 0x0000, 0x5BA9, 0x95D0, 0x9512,
    0x0000, 0x0000, 0x0000, 0x0000, 0x0000, 0x0000, 0x0000, 0x0000, 0x0000, 0x0000, 0x0000, 0x0000, 0x0000, 0x52CA, 0x9512, 0xB5F6,
    0x0000, 0x0000, 0x0000, 0x0000, 0x0000, 0x0000, 0x0000, 0x0000, 0x0000, 0x0000, 0x0000, 0x0000, 0x0000, 0x632C, 0xAD94, 0xB675,
    0x0000, 0x0000, 0x0000, 0x0000, 0x0000, 0x0000, 0x0000, 0x0000, 0x0000, 0x0000, 0x0000, 0x0000, 0x0000, 0x7C0F, 0xC6B7, 0xA691,
    0x0000, 0x0000, 0x0000, 0x0000, 0x0000, 0x0000, 0x0000, 0x0000, 0x0000, 0x0000, 0x0000, 0x0000, 0x0000, 0x7C0F, 0xC6B7, 0xA691,
    0x0000, 0x0000, 0x0000, 0x0000, 0x0000, 0x0000, 0x0000, 0x0000, 0x0000, 0x0000, 0x0000, 0x0000, 0x0000, 0x7C0F, 0xC6B7, 0xA691,
    0x0000, 0x0000, 0x0000, 0x0000, 0x0000, 0x0000, 0x0000, 0x0000, 0x0000, 0x0000, 0x0000, 0x0000, 0x0000, 0x7C0F, 0xC6B7, 0xA691,
    0x0000, 0x0000, 0x0000, 0x0000, 0x0000, 0x0000, 0x0000, 0x0000, 0x0000, 0x0000, 0x0000, 0x0000, 0x0000, 0x7C0F, 0xC6B7, 0xA691,
    0x0000, 0x0000, 0x0000, 0x0000, 0x0000, 0x0000, 0x0000, 0x0000, 0x0000, 0x0000, 0x0000, 0x0000, 0x0000, 0x7C0F, 0xC6B7, 0xA691,
    0x0000, 0x0000, 0x0000, 0x0000, 0x0000, 0x0000, 0x0000, 0x0000, 0x0000, 0x0000, 0x0000, 0x0000, 0x0000, 0x7C0F, 0xC6B7, 0xA691,
    0x0000, 0x0000, 0x0000, 0x0000, 0x0000, 0x0000, 0x0000, 0x0000, 0x0000, 0x0000, 0x0000, 0x0000, 0x0000, 0x7C0F, 0xC6B7, 0xA691
};

const short poke_mart_interior_tile_181[TILE_SIZE * TILE_SIZE] = {
    0x528D, 0x528D, 0x528D, 0x528D, 0x528D, 0x528D, 0x528D, 0x528D, 0x528D, 0x528D, 0x528D, 0x528D, 0x528D, 0x528D, 0x528D, 0x528D,
    0x528D, 0x528D, 0x528D, 0x528D, 0x528D, 0x528D, 0x528D, 0x528D, 0x528D, 0x528D, 0x528D, 0x528D, 0x528D, 0x528D, 0x528D, 0x528D,
    0x6BCE, 0x632E, 0x7BD0, 0x8432, 0x8432, 0x8432, 0x8432, 0x8432, 0x8432, 0x8432, 0x8432, 0x8432, 0x8432, 0x8432, 0x8432, 0x8432,
    0x958F, 0x8C51, 0xB5D6, 0xD6DA, 0xD6DA, 0xD6DA, 0xD6DA, 0xD6DA, 0xD6DA, 0xD6DA, 0xD6DA, 0xD6DA, 0xD6DA, 0xD6DA, 0xD6DA, 0xD6DA,
    0x9D72, 0xB5D6, 0xB654, 0xAE93, 0xAE93, 0xAE93, 0xAE93, 0xAE93, 0xAE93, 0xAE93, 0xAE93, 0xAE93, 0xAE93, 0xAE93, 0xAE93, 0xAE93,
    0xAD94, 0xC6B7, 0xAE92, 0x9E8F, 0x9E8F, 0x9E8F, 0x9E8F, 0x9E8F, 0x9E8F, 0x9E8F, 0x9E8F, 0x9E8F, 0x9E8F, 0x9E8F, 0x9E8F, 0x9E8F,
    0xB675, 0xA691, 0x9E8F, 0x9E8F, 0xA6B0, 0xAEB0, 0xAEB0, 0xAEB0, 0xAEB0, 0xAEB0, 0xAEB0, 0xAEB0, 0xAEB0, 0xAEB0, 0xAEB0, 0xA6B0,
    0xAE93, 0x9E8F, 0x9E8F, 0xA68F, 0xA6B0, 0xA6B0, 0xA6B0, 0xA6B0, 0xA6B0, 0xA6B0, 0xA6B0, 0xA6B0, 0xA6B0, 0xA6B0, 0xA6B0, 0xA6B0,
    0x9E8F, 0x9E8F, 0xA6B0, 0xAEB0, 0x9E8F, 0x9E8F, 0x9E8F, 0x9E8F, 0x9E8F, 0x9E8F, 0x9E8F, 0x9E8F, 0x9E8F, 0x9E8F, 0x9E8F, 0xA68F,
    0x9E8F, 0xA6B0, 0xA6B0, 0xA68F, 0x9E8F, 0x9E8F, 0x9E8F, 0x9E8F, 0x9E8F, 0x9E8F, 0x9E8F, 0x9E8F, 0x9E8F, 0x9E8F, 0x9E8F, 0x9E8F,
    0xA68F, 0xB6D1, 0xA68F, 0x9E8F, 0x9E8F, 0x9E8F, 0x9E8F, 0x9E8F, 0x9E8F, 0x9E8F, 0x9E8F, 0x9E8F, 0x9E8F, 0x9E8F, 0x9E8F, 0x9E8F,
    0xA68F, 0xB6D1, 0xA68F, 0x9E8F, 0x9E8F, 0x9E8F, 0x9E8F, 0x9E8F, 0x9E8F, 0x9E8F, 0x9E8F, 0x9E8F, 0x9E8F, 0x9E8F, 0x9E8F, 0x9E8F,
    0xA68F, 0xB6D1, 0xA68F, 0x9E8F, 0x9E8F, 0x9E8F, 0x9E8F, 0x9E8F, 0x9E8F, 0x9E8F, 0x9E8F, 0x9E8F, 0x9E8F, 0x9E8F, 0x9E8F, 0x9E8F,
    0xA68F, 0xB6D1, 0xA68F, 0x9E8F, 0x9E8F, 0x9E8F, 0x9E8F, 0x9E8F, 0x9E8F, 0x9E8F, 0x9E8F, 0x9E8F, 0x9E8F, 0x9E8F, 0x9E8F, 0x9E8F,
    0xA68F, 0xB6D1, 0xA68F, 0x9E8F, 0x9E8F, 0x9E8F, 0x9E8F, 0x9E8F, 0x9E8F, 0x9E8F, 0x9E8F, 0x9E8F, 0x9E8F, 0x9E8F, 0x9E8F, 0x9E8F,
    0xA68F, 0xB6D1, 0xA68F, 0x9E8F, 0x9E8F, 0x9E8F, 0x9E8F, 0x9E8F, 0x9E8F, 0x9E8F, 0x9E8F, 0x9E8F, 0x9E8F, 0x9E8F, 0x9E8F, 0x9E8F
};

const short poke_mart_interior_tile_182[TILE_SIZE * TILE_SIZE] = {
    0x528D, 0x528D, 0x528D, 0x528D, 0x528D, 0x528D, 0x528D, 0x528D, 0x528D, 0x528D, 0x528D, 0x528D, 0x528D, 0x528D, 0x528D, 0x528D,
    0x528D, 0x528D, 0x528D, 0x528D, 0x528D, 0x528D, 0x528D, 0x528D, 0x528D, 0x528D, 0x528D, 0x528D, 0x528D, 0x528D, 0x528D, 0x528D,
    0x8432, 0x7BF0, 0x73CF, 0x6C0E, 0x6C0D, 0x6C0D, 0x6C0D, 0x6C0D, 0x6C0D, 0x6C0D, 0x6C0D, 0x6B8E, 0x6B6F, 0x7C11, 0x8432, 0x8432,
    0xD6DA, 0xBE16, 0xADB3, 0x9E50, 0x9E8F, 0x9E8F, 0x9E8F, 0x9E8F, 0x9E8F, 0x9E8F, 0x9E8F, 0x8D30, 0x94D2, 0xC658, 0xD6DA, 0xD6DA,
    0xAE93, 0xBE75, 0xBE16, 0x9D71, 0x95AF, 0x9E8F, 0x9E8F, 0x9E8F, 0x9E8F, 0x95EF, 0x8D30, 0xA593, 0xB5F5, 0xAE74, 0xAE93, 0xAE93,
    0x9E8F, 0xB6B4, 0xBE56, 0xA533, 0x9551, 0x960F, 0x964F, 0x966F, 0x962F, 0x9590, 0x94D2, 0xB5F5, 0xBEB6, 0xA690, 0x9E8F, 0x9E8F,
    0x9E8F, 0x9E90, 0xAE92, 0xBE56, 0xADB5, 0x8CB0, 0x95CF, 0x962F, 0x8D10, 0xA553, 0xC658, 0xAE74, 0xA690, 0x9E8F, 0xA68F, 0xAEB0,
    0xA68F, 0x9E8F, 0x9E90, 0xB6B4, 0xB615, 0xA554, 0x9D71, 0x9590, 0xA553, 0xADD5, 0xBEB5, 0xA691, 0x9E8F, 0xA68F, 0xA6B0, 0xA6B0,
    0xB6D1, 0xA68F, 0x9E8F, 0x9E8F, 0xAE93, 0xD6DA, 0xA554, 0x94D2, 0xC658, 0xBEB5, 0x9E8F, 0x9E8F, 0x9E8F, 0xAEB0, 0xA6B0, 0x9E8F,
    0xA68F, 0xA6B0, 0xA6B0, 0x9E8F, 0xAE93, 0xD6DA, 0xA554, 0x94D2, 0xC658, 0xBEB5, 0x9E8F, 0xA68F, 0xA6B0, 0xA68F, 0x9E8F, 0x9E8F,
    0x9E8F, 0xA6B0, 0xAEB0, 0x9E8F, 0xAE93, 0xD6DA, 0xA554, 0x94D2, 0xC658, 0xBEB5, 0x9E8F, 0xA6B0, 0xAEB0, 0x9E8F, 0x9E8F, 0x9E8F,
    0x9E8F, 0xA6B0, 0xAEB0, 0x9E8F, 0xAE93, 0xD6DA, 0xA554, 0x94D2, 0xC658, 0xBEB5, 0x9E8F, 0xA6B0, 0xAEB0, 0x9E8F, 0x9E8F, 0x9E8F,
    0x9E8F, 0xA6B0, 0xAEB0, 0x9E8F, 0xAE93, 0xD6DA, 0xA554, 0x94D2, 0xC658, 0xBEB5, 0x9E8F, 0xA6B0, 0xAEB0, 0x9E8F, 0x9E8F, 0x9E8F,
    0x9E8F, 0xA6B0, 0xAEB0, 0x9E8F, 0xAE93, 0xD6DA, 0xA554, 0x94D2, 0xC658, 0xBEB5, 0x9E8F, 0xA6B0, 0xAEB0, 0x9E8F, 0x9E8F, 0x9E8F,
    0x9E8F, 0xA6B0, 0xAEB0, 0x9E8F, 0xAE93, 0xD6DA, 0xA554, 0x94D2, 0xC658, 0xBEB5, 0x9E8F, 0xA6B0, 0xAEB0, 0x9E8F, 0x9E8F, 0x9E8F,
    0x9E8F, 0xA6B0, 0xAEB0, 0x9E8F, 0xAE93, 0xD6DA, 0xA554, 0x9CD3, 0xCE79, 0xBED6, 0x9EB0, 0xAED1, 0xAEF2, 0x9EB1, 0x9EB0, 0x9EB0
};

const short poke_mart_interior_tile_183[TILE_SIZE * TILE_SIZE] = {
    0x528D, 0x528D, 0x528D, 0x528D, 0x528D, 0x528D, 0x528D, 0x528D, 0x528D, 0x528D, 0x528D, 0x528D, 0x528D, 0x528D, 0x528D, 0x528D,
    0x528D, 0x528D, 0x528D, 0x528D, 0x528D, 0x528D, 0x528D, 0x528D, 0x528D, 0x528D, 0x528D, 0x528D, 0x528D, 0x528D, 0x528D, 0x528D,
    0x8432, 0x8432, 0x8432, 0x8432, 0x8432, 0x8432, 0x8432, 0x8432, 0x8432, 0x8432, 0x8432, 0x8411, 0x7BD0, 0x73CF, 0x6C0D, 0x6C0D,
    0xD6DA, 0xD6DA, 0xD6DA, 0xD6DA, 0xD6DA, 0xD6DA, 0xD6DA, 0xD6DA, 0xD6DA, 0xD6DA, 0xD6DA, 0xCE98, 0xB5D5, 0xA5F2, 0x9E8F, 0x9E8F,
    0xAE93, 0xAE93, 0xAE93, 0xAE93, 0xAE93, 0xAE93, 0xAE93, 0xAE93, 0xAE93, 0xAE93, 0xAE93, 0xB694, 0xBE56, 0xADD4, 0x8D30, 0x95EF,
    0x9E8F, 0x9E8F, 0x9E8F, 0x9E8F, 0x9E8F, 0x9E8F, 0x9E8F, 0x9E8F, 0x9E8F, 0x9E8F, 0x9E8F, 0xA690, 0xBEB6, 0xB5F5, 0x94D2, 0x9590,
    0xAEB0, 0xAEB0, 0xAEB0, 0xAEB0, 0xAEB0, 0xAEB0, 0xAEB0, 0xAEB0, 0xAEB0, 0xAEB0, 0xA68F, 0x9E8F, 0xA690, 0xAE74, 0xC658, 0xA553,
    0xA6B0, 0xA6B0, 0xA6B0, 0xA6B0, 0xA6B0, 0xA6B0, 0xA6B0, 0xA6B0, 0xA6B0, 0xA6B0, 0xA6B0, 0xA68F, 0x9E8F, 0xA691, 0xBEB5, 0xADD5,
    0x9E8F, 0x9E8F, 0x9E8F, 0x9E8F, 0x9E8F, 0x9E8F, 0x9E8F, 0x9E8F, 0x9E8F, 0x9E8F, 0xA6B0, 0xAEB0, 0x9E8F, 0x9E8F, 0x9E8F, 0xBEB5,
    0x9E8F, 0x9E8F, 0x9E8F, 0x9E8F, 0x9E8F, 0x9E8F, 0x9E8F, 0x9E8F, 0x9E8F, 0x9E8F, 0x9E8F, 0xA68F, 0xA6B0, 0xA68F, 0x9E8F, 0xBEB5,
    0x9E8F, 0x9E8F, 0x9E8F, 0x9E8F, 0x9E8F, 0x9E8F, 0x9E8F, 0x9E8F, 0x9E8F, 0x9E8F, 0x9E8F, 0x9E8F, 0xAEB0, 0xA6B0, 0x9E8F, 0xBEB5,
    0x9E8F, 0x9E8F, 0x9E8F, 0x9E8F, 0x9E8F, 0x9E8F, 0x9E8F, 0x9E8F, 0x9E8F, 0x9E8F, 0x9E8F, 0x9E8F, 0xAEB0, 0xA6B0, 0x9E8F, 0xBEB5,
    0x9E8F, 0x9E8F, 0x9E8F, 0x9E8F, 0x9E8F, 0x9E8F, 0x9E8F, 0x9E8F, 0x9E8F, 0x9E8F, 0x9E8F, 0x9E8F, 0xAEB0, 0xA6B0, 0x9E8F, 0xBEB5,
    0x9E8F, 0x9E8F, 0x9E8F, 0x9E8F, 0x9E8F, 0x9E8F, 0x9E8F, 0x9E8F, 0x9E8F, 0x9E8F, 0x9E8F, 0x9E8F, 0xAEB0, 0xA6B0, 0x9E8F, 0xBEB5,
    0x9E8F, 0x9E8F, 0x9E8F, 0x9E8F, 0x9E8F, 0x9E8F, 0x9E8F, 0x9E8F, 0x9E8F, 0x9E8F, 0x9E8F, 0x9E8F, 0xAEB0, 0xA6B0, 0x9E8F, 0xBEB5,
    0x9EB0, 0x9EB0, 0x9EB0, 0x9EB0, 0x9EB0, 0x9EB0, 0x9EB0, 0x9EB0, 0x9EB0, 0x9EB0, 0x9EB0, 0x9EB1, 0xAEF2, 0xAED1, 0x9EB0, 0xBED6
};

const short poke_mart_interior_tile_184[TILE_SIZE * TILE_SIZE] = {
    0x528D, 0x528D, 0x6C0D, 0x9E8F, 0x6C0D, 0x528D, 0x528D, 0x528D, 0x528D, 0x528D, 0x528D, 0x528D, 0x528D, 0x528D, 0x528D, 0x528D,
    0x528D, 0x528D, 0x6C0D, 0x9E8F, 0x6C0D, 0x528D, 0x528D, 0x528D, 0x528D, 0x528D, 0x528D, 0x528D, 0x528D, 0x528D, 0x528D, 0x528D,
    0x6C0D, 0x6C0D, 0x7D0E, 0x9E8F, 0x7D0E, 0x6BEE, 0x6B6E, 0x7390, 0x8432, 0x8432, 0x8432, 0x8432, 0x8432, 0x8432, 0x8432, 0x8432,
    0x9E8F, 0x9E8F, 0x9E8F, 0x9E8F, 0x9E8F, 0x960F, 0x8CB0, 0xA554, 0xD6DA, 0xD6DA, 0xD6DA, 0xD6DA, 0xD6DA, 0xD6DA, 0xD6DA, 0xD6DA,
    0x9E8F, 0x9E8F, 0x9E8F, 0x9E8F, 0x95AF, 0x9551, 0xADB5, 0xB615, 0xAE93, 0xAE93, 0xAE93, 0xAE93, 0xAE93, 0xAE93, 0xAE93, 0xAE93,
    0x962F, 0x966F, 0x964F, 0x960F, 0x9551, 0xA533, 0xBE56, 0xB6B4, 0x9E8F, 0x9E8F, 0x9E8F, 0x9E8F, 0x9E8F, 0x9E8F, 0x9E8F, 0x9E8F,
    0x8D10, 0x962F, 0x95CF, 0x8CB0, 0xADB5, 0xBE56, 0xAE92, 0x9E90, 0x9E8F, 0xA6B0, 0xAEB0, 0xAEB0, 0xAEB0, 0xAEB0, 0xAEB0, 0xAEB0,
    0xA553, 0x9590, 0x9D71, 0xA554, 0xB615, 0xB6B4, 0x9E90, 0x9E8F, 0xA68F, 0xA6B0, 0xA6B0, 0xA6B0, 0xA6B0, 0xA6B0, 0xA6B0, 0xA6B0,
    0xC658, 0x94D2, 0xA554, 0xD6DA, 0xAE93, 0x9E8F, 0x9E8F, 0xA68F, 0xB6D1, 0xA68F, 0x9E8F, 0x9E8F, 0x9E8F, 0x9E8F, 0x9E8F, 0x9E8F,
    0xC658, 0x94D2, 0xA554, 0xD6DA, 0xAE93, 0x9E8F, 0xA6B0, 0xA6B0, 0xA68F, 0x9E8F, 0x9E8F, 0x9E8F, 0x9E8F, 0x9E8F, 0x9E8F, 0x9E8F,
    0xC658, 0x94D2, 0xA554, 0xD6DA, 0xAE93, 0x9E8F, 0xAEB0, 0xA6B0, 0x9E8F, 0x9E8F, 0x9E8F, 0x9E8F, 0x9E8F, 0x9E8F, 0x9E8F, 0x9E8F,
    0xC658, 0x94D2, 0xA554, 0xD6DA, 0xAE93, 0x9E8F, 0xAEB0, 0xA6B0, 0x9E8F, 0x9E8F, 0x9E8F, 0x9E8F, 0x9E8F, 0x9E8F, 0x9E8F, 0x9E8F,
    0xC658, 0x94D2, 0xA554, 0xD6DA, 0xAE93, 0x9E8F, 0xAEB0, 0xA6B0, 0x9E8F, 0x9E8F, 0x9E8F, 0x9E8F, 0x9E8F, 0x9E8F, 0x9E8F, 0x9E8F,
    0xC658, 0x94D2, 0xA554, 0xD6DA, 0xAE93, 0x9E8F, 0xAEB0, 0xA6B0, 0x9E8F, 0x9E8F, 0x9E8F, 0x9E8F, 0x9E8F, 0x9E8F, 0x9E8F, 0x9E8F,
    0xC658, 0x94D2, 0xA554, 0xD6DA, 0xAE93, 0x9E8F, 0xAEB0, 0xA6B0, 0x9E8F, 0x9E8F, 0x9E8F, 0x9E8F, 0x9E8F, 0x9E8F, 0x9E8F, 0x9E8F,
    0xCE79, 0x9D13, 0xAD75, 0xDEFB, 0xB6D4, 0x9EB1, 0xAEF2, 0xAED1, 0x9EB0, 0x9EB0, 0x9EB0, 0x9EB0, 0x9EB0, 0x9EB0, 0x9EB0, 0x9EB0
};

const short poke_mart_interior_tile_185[TILE_SIZE * TILE_SIZE] = {
    0x528D, 0x528D, 0x528D, 0x528D, 0x528D, 0x528D, 0x528D, 0x528D, 0x528D, 0x528D, 0x528D, 0x6C0D, 0x9E8F, 0x9E8F, 0x9E8F, 0x9E8F,
    0x528D, 0x528D, 0x528D, 0x528D, 0x528D, 0x528D, 0x528D, 0x528D, 0x528D, 0x528D, 0x528D, 0x6C0D, 0x9E8F, 0x9E8F, 0x9E8F, 0x9E8F,
    0x8432, 0x8432, 0x8432, 0x8432, 0x8432, 0x8432, 0x7C11, 0x73AF, 0x73EE, 0x6C0D, 0x6C0D, 0x7D0E, 0x9E8F, 0x9E8F, 0x9E8F, 0x9E8F,
    0xD6DA, 0xD6DA, 0xD6DA, 0xD6DA, 0xD6DA, 0xD6DA, 0xC657, 0xB594, 0xA611, 0x9E8F, 0x9E8F, 0x9E8F, 0x9E8F, 0x9E8F, 0x9E8F, 0x9E8F,
    0xAE93, 0xAE93, 0xAE93, 0xAE93, 0xAE93, 0xAE93, 0xB675, 0xC657, 0xA593, 0x9570, 0x962F, 0x9E8F, 0x9E8F, 0x9E8F, 0x962F, 0x9570,
    0x9E8F, 0x9E8F, 0x9E8F, 0x9E8F, 0x9E8F, 0x9E8F, 0xAE92, 0xC6B7, 0xAD94, 0x9512, 0x95D0, 0x962F, 0x9E8F, 0x962F, 0x95D0, 0x9512,
    0xAEB0, 0xAEB0, 0xAEB0, 0xAEB0, 0xA6B0, 0x9E8F, 0x9E8F, 0xA691, 0xB675, 0xB5F6, 0x9512, 0x9570, 0x9E8F, 0x9570, 0x9512, 0xB5F6,
    0xA6B0, 0xA6B0, 0xA6B0, 0xA6B0, 0xA6B0, 0xA68F, 0x9E8F, 0x9E8F, 0xAE93, 0xB675, 0xAD94, 0x9D72, 0x958F, 0x9D72, 0xAD94, 0xB675,
    0x9E8F, 0x9E8F, 0x9E8F, 0x9E8F, 0x9E8F, 0xAEB0, 0xA6B0, 0x9E8F, 0x9E8F, 0xA691, 0xC6B7, 0xB5D6, 0x8C51, 0xB5D6, 0xC6B7, 0xA691,
    0x9E8F, 0x9E8F, 0x9E8F, 0x9E8F, 0x9E8F, 0xA68F, 0xA6B0, 0xA6B0, 0x9E8F, 0xA691, 0xC6B7, 0xB5D6, 0x8C51, 0xB5D6, 0xC6B7, 0xA691,
    0x9E8F, 0x9E8F, 0x9E8F, 0x9E8F, 0x9E8F, 0x9E8F, 0xA68F, 0xB6D1, 0xA68F, 0xA691, 0xC6B7, 0xB5D6, 0x8C51, 0xB5D6, 0xC6B7, 0xA691,
    0x9E8F, 0x9E8F, 0x9E8F, 0x9E8F, 0x9E8F, 0x9E8F, 0xA68F, 0xB6D1, 0xA68F, 0xA691, 0xC6B7, 0xB5D6, 0x8C51, 0xB5D6, 0xC6B7, 0xA691,
    0x9E8F, 0x9E8F, 0x9E8F, 0x9E8F, 0x9E8F, 0x9E8F, 0xA68F, 0xB6D1, 0xA68F, 0xA691, 0xC6B7, 0xB5D6, 0x8C51, 0xB5D6, 0xC6B7, 0xA691,
    0x9E8F, 0x9E8F, 0x9E8F, 0x9E8F, 0x9E8F, 0x9E8F, 0xA68F, 0xB6D1, 0xA68F, 0xA691, 0xC6B7, 0xB5D6, 0x8C51, 0xB5D6, 0xC6B7, 0xA691,
    0x9E8F, 0x9E8F, 0x9E8F, 0x9E8F, 0x9E8F, 0x9E8F, 0xA68F, 0xB6D1, 0xA68F, 0xA691, 0xC6B7, 0xB5D6, 0x8C51, 0xB5D6, 0xC6B7, 0xA691,
    0x9EB0, 0x9EB0, 0x9EB0, 0x9EB0, 0x9EB0, 0x9EB0, 0xA6D1, 0xB6F2, 0xA6D1, 0xA6B2, 0xCEF8, 0xBDF7, 0x9491, 0xBDF7, 0xCEF8, 0xA6B2
};

const short poke_mart_interior_tile_186[TILE_SIZE * TILE_SIZE] = {
    0x95CF, 0x8CB0, 0xADB5, 0xC658, 0xC658, 0xC658, 0xC658, 0xC658, 0xC658, 0xC658, 0xD6BA, 0xEF5C, 0xEF5C, 0xEF5C, 0xEF5C, 0xEF5C,
    0x964F, 0x960F, 0x9551, 0x94D2, 0x94D2, 0x94D2, 0x94D2, 0x94D2, 0x94D2, 0x94D2, 0xA534, 0xBDF6, 0xBDF6, 0xBDF6, 0xBDF6, 0xBDF6,
    0x962F, 0x958F, 0x9D72, 0xA554, 0xA554, 0xA554, 0xA554, 0xA554, 0xA554, 0xA554, 0xB5B6, 0xCE78, 0xCE78, 0xCE78, 0xCE78, 0xCE78,
    0x958F, 0x8C51, 0xB5D6, 0xD6DA, 0xD6DA, 0xD6DA, 0xD6DA, 0xD6DA, 0xD6DA, 0xD6DA, 0xE73C, 0xFFDF, 0xFFDF, 0xFFDF, 0xFFDF, 0xFFDF,
    0x9D72, 0xB5D6, 0xB654, 0xAE93, 0xAE93, 0xAE93, 0xAE93, 0xAE93, 0xAE93, 0xAE93, 0xB6F6, 0xC77A, 0xC77A, 0xC77A, 0xC77A, 0xC77A,
    0xAD94, 0xC6B7, 0xAE92, 0x9E8F, 0x9E8F, 0x9E8F, 0x9E8F, 0x9E8F, 0x9E8F, 0x9E8F, 0xA6F2, 0xAF57, 0xAF57, 0xAF57, 0xAF57, 0xA757,
    0xB675, 0xA691, 0x9E8F, 0x9E8F, 0xA6B0, 0xAEB0, 0xAEB0, 0xAEB0, 0xAEB0, 0xAEB0, 0xB714, 0xC7B9, 0xC7B9, 0xC7B9, 0xC7B9, 0xB798,
    0xAE93, 0x9E8F, 0x9E8F, 0xA68F, 0xA6B0, 0xA6B0, 0xA6B0, 0xA6B0, 0xA6B0, 0xA6B0, 0xAF13, 0xBF98, 0xBF98, 0xBF98, 0xBF98, 0xB798,
    0x9E8F, 0x9E8F, 0xA6B0, 0xAEB0, 0x9E8F, 0x9E8F, 0x9E8F, 0x9E8F, 0x9E8F, 0x9E8F, 0x9ED2, 0xA757, 0xA757, 0xA757, 0xA757, 0xB778,
    0x9E8F, 0xA6B0, 0xA6B0, 0xA68F, 0x9E8F, 0x9E8F, 0x9E8F, 0x9E8F, 0x9E8F, 0x9E8F, 0x9ED2, 0xA757, 0xA757, 0xA757, 0xA757, 0xA757,
    0xA68F, 0xB6D1, 0xA68F, 0x9E8F, 0x9E8F, 0x9E8F, 0x9E8F, 0x9E8F, 0x9E8F, 0x9E8F, 0x9ED2, 0xA757, 0xA757, 0xA757, 0xA757, 0xA757,
    0xA68F, 0xB6D1, 0xA68F, 0x9E8F, 0x9E8F, 0x9E8F, 0x9E8F, 0x9E8F, 0x9E8F, 0x9E8F, 0x9ED2, 0xA757, 0xA757, 0xA757, 0xA757, 0xA757,
    0xA68F, 0xB6D1, 0xA68F, 0x9E8F, 0x9E8F, 0x9E8F, 0x9E8F, 0x9E8F, 0x9E8F, 0x9E8F, 0x9ED2, 0xA757, 0xA757, 0xA757, 0xA757, 0xA757,
    0xA68F, 0xB6D1, 0xA68F, 0x9E8F, 0x9E8F, 0x9E8F, 0x9E8F, 0x9E8F, 0x9E8F, 0x9E8F, 0x9ED2, 0xA757, 0xA757, 0xA757, 0xA757, 0xA757,
    0xA68F, 0xB6D1, 0xA68F, 0x9E8F, 0x9E8F, 0x9E8F, 0x9E8F, 0x9E8F, 0x9E8F, 0x9E8F, 0x9ED2, 0xA757, 0xA757, 0xA757, 0xA757, 0xA757,
    0xA6D1, 0xB6F2, 0xA6D1, 0x9EB0, 0x9EB0, 0x9EB0, 0x9EB0, 0x9EB0, 0x9EB0, 0x9EB0, 0x9EF3, 0xA757, 0xA757, 0xA757, 0xA757, 0xA757
};

const short poke_mart_interior_tile_187[TILE_SIZE * TILE_SIZE] = {
    0xEF5C, 0xC656, 0xA5D2, 0x9E4F, 0x9E8F, 0x9EB0, 0x9F14, 0xA757, 0xA757, 0xA757, 0xA757, 0xAE75, 0xBE36, 0xDF1B, 0xEF5C, 0xEF5C,
    0xBDF6, 0xAE32, 0x9E4F, 0x9E6F, 0x9ED1, 0x9F15, 0x9F36, 0xA757, 0xA757, 0xA757, 0xA757, 0xA716, 0xAEB6, 0xBE36, 0xBDF6, 0xBDF6,
    0xCE78, 0xB633, 0xA651, 0x9EB2, 0x9EF4, 0xA757, 0xA757, 0xA757, 0xA757, 0xA757, 0xA757, 0xA6D6, 0xAE96, 0xC677, 0xCE78, 0xCE78,
    0xFFDF, 0xCE78, 0xADD4, 0xA6F6, 0xA757, 0xA757, 0xA757, 0xA757, 0xA757, 0xA757, 0xA757, 0xAE35, 0xBDF6, 0xEF5C, 0xFFDF, 0xFFDF,
    0xC77A, 0xD71A, 0xD6B9, 0xB656, 0xA6B5, 0xA757, 0xA757, 0xA757, 0xA757, 0xA6D6, 0xAE35, 0xC698, 0xD6FA, 0xCF5A, 0xC77A, 0xC77A,
    0xA757, 0xCF9A, 0xDF5C, 0xC657, 0xB656, 0xA6F6, 0xA736, 0xA736, 0xA6F6, 0xAE96, 0xBDF6, 0xD6FA, 0xDF9C, 0xAF58, 0xA757, 0xAF57,
    0xA757, 0xAF58, 0xBF59, 0xDF5C, 0xD6B9, 0xADD4, 0xA6B6, 0xA6F6, 0xAE35, 0xC677, 0xEF5C, 0xCF5A, 0xAF58, 0xA757, 0xAF78, 0xC7B9,
    0xB778, 0xA757, 0xAF58, 0xCF9A, 0xD71A, 0xCE78, 0xB696, 0xAE96, 0xC677, 0xD6D9, 0xD79B, 0xB778, 0xA757, 0xAF78, 0xB798, 0xBF98,
    0xCFDA, 0xB778, 0xA757, 0xA757, 0xC77A, 0xFFDF, 0xCE78, 0xBDF6, 0xEF5C, 0xD79B, 0xA757, 0xA757, 0xAF57, 0xC7B9, 0xBF98, 0xA757,
    0xB778, 0xB798, 0xB798, 0xA757, 0xC77A, 0xFFDF, 0xCE78, 0xBDF6, 0xEF5C, 0xD79B, 0xA757, 0xAF78, 0xB798, 0xB778, 0xAF77, 0xA757,
    0xA757, 0xBF98, 0xC7B9, 0xAF57, 0xC77A, 0xFFDF, 0xCE78, 0xBDF6, 0xEF5C, 0xD79B, 0xA757, 0xBF98, 0xC7B9, 0xAF57, 0xA757, 0xA757,
    0xA757, 0xBF98, 0xC7B9, 0xAF57, 0xC77A, 0xFFDF, 0xCE78, 0xBDF6, 0xEF5C, 0xD79B, 0xA757, 0xBF98, 0xC7B9, 0xAF57, 0xA757, 0xA757,
    0xA757, 0xBF98, 0xC7B9, 0xAF57, 0xC77A, 0xFFDF, 0xCE78, 0xBDF6, 0xEF5C, 0xD79B, 0xA757, 0xBF98, 0xC7B9, 0xAF57, 0xA757, 0xA757,
    0xA757, 0xBF98, 0xC7B9, 0xAF57, 0xC77A, 0xFFDF, 0xCE78, 0xBDF6, 0xEF5C, 0xD79B, 0xA757, 0xBF98, 0xC7B9, 0xAF57, 0xA757, 0xA757,
    0xA757, 0xBF98, 0xC7B9, 0xAF57, 0xC77A, 0xFFDF, 0xCE78, 0xBDF6, 0xEF5C, 0xD79B, 0xA757, 0xBF98, 0xC7B9, 0xAF57, 0xA757, 0xA757,
    0xA757, 0xBF98, 0xC7B9, 0xAF57, 0xC77A, 0xFFDF, 0xCE78, 0xBDF6, 0xEF5C, 0xD79B, 0xA757, 0xBF98, 0xC7B9, 0xAF57, 0xA757, 0xA757
};

const short poke_mart_interior_tile_188[TILE_SIZE * TILE_SIZE] = {
    0xEF5C, 0xEF5C, 0xEF5C, 0xEF5C, 0xEF5C, 0xEF5C, 0xEF5C, 0xEF5C, 0xEF5C, 0xEF5C, 0xEF5C, 0xDEFA, 0xBE15, 0xA611, 0x9E8F, 0x9E90,
    0xBDF6, 0xBDF6, 0xBDF6, 0xBDF6, 0xBDF6, 0xBDF6, 0xBDF6, 0xBDF6, 0xBDF6, 0xBDF6, 0xBDF6, 0xBE15, 0xA631, 0x9E6F, 0x9E8F, 0x9EF2,
    0xCE78, 0xCE78, 0xCE78, 0xCE78, 0xCE78, 0xCE78, 0xCE78, 0xCE78, 0xCE78, 0xCE78, 0xCE78, 0xC656, 0xAE32, 0x9E71, 0x9ED2, 0x9F15,
    0xFFDF, 0xFFDF, 0xFFDF, 0xFFDF, 0xFFDF, 0xFFDF, 0xFFDF, 0xFFDF, 0xFFDF, 0xFFDF, 0xFFDF, 0xEF5C, 0xBDF6, 0xAE35, 0xA757, 0xA757,
    0xC77A, 0xC77A, 0xC77A, 0xC77A, 0xC77A, 0xC77A, 0xC77A, 0xC77A, 0xC77A, 0xC77A, 0xC77A, 0xCF5A, 0xD6FA, 0xC698, 0xAE35, 0xA6D6,
    0xAF57, 0xAF57, 0xAF57, 0xAF57, 0xAF57, 0xAF57, 0xAF57, 0xAF57, 0xAF57, 0xAF57, 0xA757, 0xAF58, 0xDF9C, 0xD6FA, 0xBDF6, 0xAE96,
    0xC7B9, 0xC7B9, 0xC7B9, 0xC7B9, 0xC7B9, 0xC7B9, 0xC7B9, 0xC7B9, 0xC7B9, 0xC7B9, 0xAF78, 0xA757, 0xAF58, 0xCF5A, 0xEF5C, 0xC677,
    0xBF98, 0xBF98, 0xBF98, 0xBF98, 0xBF98, 0xBF98, 0xBF98, 0xBF98, 0xBF98, 0xBF98, 0xB798, 0xAF78, 0xA757, 0xB778, 0xD79B, 0xD6D9,
    0xA757, 0xA757, 0xA757, 0xA757, 0xA757, 0xA757, 0xA757, 0xA757, 0xA757, 0xA757, 0xBF98, 0xC7B9, 0xAF57, 0xA757, 0xA757, 0xD79B,
    0xA757, 0xA757, 0xA757, 0xA757, 0xA757, 0xA757, 0xA757, 0xA757, 0xA757, 0xA757, 0xAF77, 0xB778, 0xB798, 0xAF78, 0xA757, 0xD79B,
    0xA757, 0xA757, 0xA757, 0xA757, 0xA757, 0xA757, 0xA757, 0xA757, 0xA757, 0xA757, 0xA757, 0xAF57, 0xC7B9, 0xBF98, 0xA757, 0xD79B,
    0xA757, 0xA757, 0xA757, 0xA757, 0xA757, 0xA757, 0xA757, 0xA757, 0xA757, 0xA757, 0xA757, 0xAF57, 0xC7B9, 0xBF98, 0xA757, 0xD79B,
    0xA757, 0xA757, 0xA757, 0xA757, 0xA757, 0xA757, 0xA757, 0xA757, 0xA757, 0xA757, 0xA757, 0xAF57, 0xC7B9, 0xBF98, 0xA757, 0xD79B,
    0xA757, 0xA757, 0xA757, 0xA757, 0xA757, 0xA757, 0xA757, 0xA757, 0xA757, 0xA757, 0xA757, 0xAF57, 0xC7B9, 0xBF98, 0xA757, 0xD79B,
    0xA757, 0xA757, 0xA757, 0xA757, 0xA757, 0xA757, 0xA757, 0xA757, 0xA757, 0xA757, 0xA757, 0xAF57, 0xC7B9, 0xBF98, 0xA757, 0xD79B,
    0xA757, 0xA757, 0xA757, 0xA757, 0xA757, 0xA757, 0xA757, 0xA757, 0xA757, 0xA757, 0xA757, 0xAF57, 0xC7B9, 0xBF98, 0xA757, 0xD79B
};

const short poke_mart_interior_tile_189[TILE_SIZE * TILE_SIZE] = {
    0x9ED1, 0x9F35, 0xA757, 0xA757, 0xA757, 0xA6F6, 0xAE35, 0xC677, 0xEF5C, 0xEF5C, 0xEF5C, 0xEF5C, 0xEF5C, 0xEF5C, 0xEF5C, 0xEF5C,
    0x9F35, 0xA736, 0xA757, 0xA757, 0xA757, 0xA736, 0xA6F6, 0xAE96, 0xBDF6, 0xBDF6, 0xBDF6, 0xBDF6, 0xBDF6, 0xBDF6, 0xBDF6, 0xBDF6,
    0xA757, 0xA757, 0xA757, 0xA757, 0xA757, 0xA736, 0xA6B6, 0xB696, 0xCE78, 0xCE78, 0xCE78, 0xCE78, 0xCE78, 0xCE78, 0xCE78, 0xCE78,
    0xA757, 0xA757, 0xA757, 0xA757, 0xA757, 0xA6F6, 0xADD4, 0xCE78, 0xFFDF, 0xFFDF, 0xFFDF, 0xFFDF, 0xFFDF, 0xFFDF, 0xFFDF, 0xFFDF,
    0xA757, 0xA757, 0xA757, 0xA757, 0xA6B5, 0xB656, 0xD6B9, 0xD71A, 0xC77A, 0xC77A, 0xC77A, 0xC77A, 0xC77A, 0xC77A, 0xC77A, 0xC77A,
    0xA6F6, 0xA736, 0xA736, 0xA6F6, 0xB656, 0xC657, 0xDF5C, 0xCF9A, 0xA757, 0xA757, 0xAF57, 0xAF57, 0xAF57, 0xAF57, 0xAF57, 0xAF57,
    0xAE35, 0xA6F6, 0xA6B6, 0xADD4, 0xD6B9, 0xDF5C, 0xBF59, 0xAF58, 0xA757, 0xB798, 0xC7B9, 0xC7B9, 0xC7B9, 0xC7B9, 0xC7B9, 0xC7B9,
    0xC677, 0xAE96, 0xB696, 0xCE78, 0xD71A, 0xCF9A, 0xAF58, 0xA757, 0xB778, 0xB798, 0xBF98, 0xBF98, 0xBF98, 0xBF98, 0xBF98, 0xBF98,
    0xEF5C, 0xBDF6, 0xCE78, 0xFFDF, 0xC77A, 0xA757, 0xA757, 0xB778, 0xCFDA, 0xB778, 0xA757, 0xA757, 0xA757, 0xA757, 0xA757, 0xA757,
    0xEF5C, 0xBDF6, 0xCE78, 0xFFDF, 0xC77A, 0xA757, 0xB798, 0xB798, 0xB778, 0xA757, 0xA757, 0xA757, 0xA757, 0xA757, 0xA757, 0xA757,
    0xEF5C, 0xBDF6, 0xCE78, 0xFFDF, 0xC77A, 0xAF57, 0xC7B9, 0xBF98, 0xA757, 0xA757, 0xA757, 0xA757, 0xA757, 0xA757, 0xA757, 0xA757,
    0xEF5C, 0xBDF6, 0xCE78, 0xFFDF, 0xC77A, 0xAF57, 0xC7B9, 0xBF98, 0xA757, 0xA757, 0xA757, 0xA757, 0xA757, 0xA757, 0xA757, 0xA757,
    0xEF5C, 0xBDF6, 0xCE78, 0xFFDF, 0xC77A, 0xAF57, 0xC7B9, 0xBF98, 0xA757, 0xA757, 0xA757, 0xA757, 0xA757, 0xA757, 0xA757, 0xA757,
    0xEF5C, 0xBDF6, 0xCE78, 0xFFDF, 0xC77A, 0xAF57, 0xC7B9, 0xBF98, 0xA757, 0xA757, 0xA757, 0xA757, 0xA757, 0xA757, 0xA757, 0xA757,
    0xEF5C, 0xBDF6, 0xCE78, 0xFFDF, 0xC77A, 0xAF57, 0xC7B9, 0xBF98, 0xA757, 0xA757, 0xA757, 0xA757, 0xA757, 0xA757, 0xA757, 0xA757,
    0xEF5C, 0xBDF6, 0xCE78, 0xFFDF, 0xC77A, 0xAF57, 0xC7B9, 0xBF98, 0xA757, 0xA757, 0xA757, 0xA757, 0xA757, 0xA757, 0xA757, 0xA757
};

const short poke_mart_interior_tile_190[TILE_SIZE * TILE_SIZE] = {
    0xEF5C, 0xEF5C, 0xEF5C, 0xEF5C, 0xEF5C, 0xEF5C, 0xD6B8, 0xADB3, 0xA630, 0x9E8F, 0x9EB0, 0x9EF3, 0xA757, 0x7471, 0x7390, 0xD6BB,
    0xBDF6, 0xBDF6, 0xBDF6, 0xBDF6, 0xBDF6, 0xBDF6, 0xB613, 0x9E50, 0x9E6F, 0x9EB0, 0x9EF4, 0x9F36, 0xA757, 0x7471, 0x7390, 0xD6BB,
    0xCE78, 0xCE78, 0xCE78, 0xCE78, 0xCE78, 0xCE78, 0xBE55, 0xA611, 0x9E91, 0x9EF3, 0x9F36, 0xA757, 0xA757, 0x7471, 0x6B50, 0xBDD8,
    0xFFDF, 0xFFDF, 0xFFDF, 0xFFDF, 0xFFDF, 0xFFDF, 0xDEDA, 0xB594, 0xA695, 0xA757, 0xA757, 0xA757, 0xA757, 0x7471, 0x630F, 0x9495,
    0xC77A, 0xC77A, 0xC77A, 0xC77A, 0xC77A, 0xC77A, 0xCF3A, 0xDEDA, 0xBE77, 0xAE75, 0xA716, 0xA757, 0xA757, 0x7471, 0x630F, 0x9495,
    0xAF57, 0xAF57, 0xAF57, 0xAF57, 0xA757, 0xA757, 0xBF79, 0xE7BD, 0xCEB9, 0xBE36, 0xAEB6, 0xA716, 0xA757, 0x7CB2, 0x7370, 0xA4D6,
    0xC7B9, 0xC7B9, 0xC7B9, 0xC7B9, 0xBF98, 0xA757, 0xA757, 0xB758, 0xD75B, 0xDF1B, 0xBE36, 0xAE75, 0xA757, 0x9D95, 0xA4D6, 0xC5F9,
    0xBF98, 0xBF98, 0xBF98, 0xBF98, 0xB798, 0xB778, 0xAF77, 0xA757, 0xC779, 0xD75B, 0xCEB9, 0xBE77, 0xA695, 0x9514, 0x9494, 0xC61A,
    0xA757, 0xA757, 0xA757, 0xA757, 0xAF57, 0xC7B9, 0xBF98, 0xA757, 0xA757, 0xB758, 0xE7BD, 0xDEDA, 0xB594, 0x73AF, 0x6B50, 0xBDB9,
    0xA757, 0xA757, 0xA757, 0xA757, 0xA757, 0xAF78, 0xB798, 0xBF98, 0xAF77, 0xB758, 0xE7BD, 0xDEDA, 0xB594, 0x73AF, 0x6B50, 0xBDB9,
    0xA757, 0xA757, 0xA757, 0xA757, 0xA757, 0xA757, 0xB778, 0xCFDA, 0xB778, 0xB758, 0xE7BD, 0xDEDA, 0xB594, 0x73AF, 0x6B50, 0xBDB9,
    0xA757, 0xA757, 0xA757, 0xA757, 0xA757, 0xA757, 0xB778, 0xCFDA, 0xB778, 0xB758, 0xE7BD, 0xDEDA, 0xB594, 0x73AF, 0x6B50, 0xBDB9,
    0xA757, 0xA757, 0xA757, 0xA757, 0xA757, 0xA757, 0xB778, 0xCFDA, 0xB778, 0xB758, 0xE7BD, 0xDEDA, 0xB594, 0x73AF, 0x632F, 0xAD37,
    0xA757, 0xA757, 0xA757, 0xA757, 0xA757, 0xA757, 0xB778, 0xCFDA, 0xB778, 0xB758, 0xE7BD, 0xDEDA, 0xB594, 0x73AF, 0x630F, 0x9495,
    0xA757, 0xA757, 0xA757, 0xA757, 0xA757, 0xA757, 0xB778, 0xCFDA, 0xB778, 0xB758, 0xE7BD, 0xDEDA, 0xB594, 0x73AF, 0x630F, 0x9495,
    0xA757, 0xA757, 0xA757, 0xA757, 0xA757, 0xA757, 0xB778, 0xCFDA, 0xB778, 0xB758, 0xE7BD, 0xDEDA, 0xB594, 0x8411, 0x6B50, 0x8C33
};

const short poke_mart_interior_tile_191[TILE_SIZE * TILE_SIZE] = {
    0xF79E, 0xEF3D, 0xC5F9, 0x9CB5, 0x7BD1, 0x7390, 0x7390, 0x7390, 0x7390, 0x7390, 0x7390, 0x7390, 0x6B70, 0x6B50, 0x6B50, 0x62EE,
    0xDEFC, 0xBD98, 0xAD37, 0xB557, 0xCE7A, 0xD6BB, 0xD6BB, 0xD6BB, 0xD6BB, 0xD6BB, 0xD6BB, 0xD6BB, 0xC61A, 0xBDB9, 0xBDB9, 0x9474,
    0xCE3A, 0xBD99, 0xC5F9, 0xD67B, 0xEF7E, 0xFFDF, 0xFFDF, 0xFFDF, 0xFFDF, 0xFFDF, 0xFFDF, 0xFFDF, 0xE71D, 0xDE9C, 0xDE9C, 0xA4F6,
    0xBD99, 0xDE9C, 0xEF5D, 0xFFDF, 0xFFDF, 0xFFDF, 0xFFDF, 0xFFDF, 0xFFDF, 0xFFDF, 0xFFDF, 0xFFDF, 0xE71D, 0xDE9C, 0xDE9C, 0xA4F6,
    0xC5F9, 0xEF5D, 0xF79E, 0xF79E, 0xEF3D, 0xC619, 0x9494, 0x9494, 0x9494, 0x9494, 0x9494, 0x9494, 0x8C53, 0x8413, 0x8413, 0x7370,
    0xCE3A, 0xF79E, 0xF79E, 0xE73D, 0xC61A, 0x94B5, 0x5B50, 0x5B50, 0x5B2F, 0x5B2E, 0x5B2F, 0x5B50, 0x5B50, 0x5B50, 0x5B50, 0x52EE,
    0xD67B, 0xDEDC, 0xDEDC, 0xC61A, 0x8412, 0x7433, 0x7D99, 0x7D99, 0x7D77, 0x7D33, 0x7D55, 0x7D99, 0x7D99, 0x7D99, 0x7D99, 0x6C54,
    0xDE9C, 0xDE9C, 0xB598, 0x94B5, 0x7433, 0x6C54, 0x74D6, 0x74D6, 0x74F5, 0x7D94, 0x7D54, 0x74D6, 0x74D6, 0x74D6, 0x74D6, 0x63D2,
    0xDE9C, 0xDE9C, 0x8413, 0x5B50, 0x7D99, 0x74D6, 0x528D, 0x528D, 0x5B2E, 0x7512, 0x6C71, 0x528D, 0x528D, 0x528D, 0x528D, 0x528D,
    0xDE9C, 0xDE9C, 0x8413, 0x52CE, 0x63B1, 0x84B4, 0xB5B7, 0xB5B7, 0xA556, 0x7431, 0x5B4E, 0x528D, 0x8C73, 0xB5B7, 0xB5B7, 0x8C73,
    0xDE9C, 0xDE9C, 0x8413, 0x52AD, 0x632F, 0xA4D4, 0xFF1B, 0xFF1B, 0xD618, 0x736F, 0x5ACE, 0x6B50, 0xC596, 0xFF1B, 0xFF1B, 0xB535,
    0xDE9C, 0xDE9C, 0x8413, 0x632F, 0xA516, 0xD555, 0xFCCF, 0xFCCF, 0xD44F, 0x72ED, 0x7BD1, 0xBDB9, 0xE533, 0xFCCF, 0xFCCF, 0xB3CE,
    0xC5FA, 0xC5FA, 0x7BD2, 0x6B0E, 0xBC93, 0xE534, 0xFD93, 0xFD93, 0xD4F2, 0x730E, 0x8390, 0xD514, 0xED54, 0xFD93, 0xFD93, 0xB451,
    0xAD17, 0xAD17, 0x7391, 0x6A8C, 0xB2AA, 0xDCD2, 0xFFDF, 0xFFDF, 0xD6BB, 0x7390, 0x828B, 0xCACA, 0xE5D6, 0xFFDF, 0xFFDF, 0xB5B7,
    0xAD17, 0xAD17, 0x7391, 0x6B0E, 0xBC93, 0xDDD8, 0xE71D, 0xE71D, 0xC61A, 0x6B70, 0x8390, 0xD514, 0xDE39, 0xE71D, 0xE71D, 0xAD36,
    0x9495, 0x9495, 0x7391, 0x7391, 0xAD37, 0xBDB9, 0xBDB9, 0xBDB9, 0xA516, 0x632F, 0x7BD1, 0xBDB9, 0xBDB9, 0xBDB9, 0xBDB9, 0x9474
};

const short poke_mart_interior_tile_192[TILE_SIZE * TILE_SIZE] = {
    0x528D, 0x9CB5, 0xC5FA, 0xB557, 0xAD17, 0xAD17, 0x7391, 0x528D, 0x528D, 0x7391, 0xAD17, 0xAD17, 0xB557, 0xC5FA, 0x9CB5, 0x528D,
    0x528D, 0x8C33, 0xB557, 0xAD17, 0xAD17, 0xAD17, 0x7391, 0x528D, 0x528D, 0x7391, 0xAD17, 0xAD17, 0xAD17, 0xB557, 0x8C33, 0x528D,
    0x528D, 0x9474, 0xBDB9, 0xC61A, 0xCE1A, 0xCE1A, 0x83F2, 0x528D, 0x528D, 0x83F2, 0xCE1A, 0xCE1A, 0xC61A, 0xBDB9, 0x9474, 0x528D,
    0x528D, 0xA4F6, 0xDEDC, 0xF79E, 0xFFDF, 0xFFDF, 0x9494, 0x528D, 0x528D, 0x9494, 0xFFDF, 0xFFDF, 0xF79E, 0xDEDC, 0xA4F6, 0x528D,
    0x528D, 0xA4F6, 0xDEDC, 0xF79E, 0xFFDF, 0xFFDF, 0x9494, 0x528D, 0x528D, 0x9494, 0xFFDF, 0xFFDF, 0xF79E, 0xDEDC, 0xA4F6, 0x528D,
    0x528D, 0xA4F6, 0xDEDC, 0xF79E, 0xFFDF, 0xFFDF, 0x9CF5, 0x630F, 0x630F, 0x9CF5, 0xFFDF, 0xFFDF, 0xF79E, 0xDEDC, 0xA4F6, 0x528D,
    0x528D, 0xA4F6, 0xDEDC, 0xF79E, 0xFFDF, 0xFFDF, 0xBDD9, 0x9495, 0x9495, 0xBDD9, 0xFFDF, 0xFFDF, 0xF79E, 0xDEDC, 0xA4F6, 0x528D,
    0x528D, 0xA4F6, 0xDEDC, 0xF79E, 0xFFDF, 0xFFDF, 0xCE1A, 0xAD17, 0xAD17, 0xCE1A, 0xFFDF, 0xFFDF, 0xF79E, 0xDEDC, 0xA4F6, 0x528D,
    0x528D, 0xA4F6, 0xDEDC, 0xF79E, 0xFFDF, 0xFFDF, 0xCE1A, 0xAD17, 0xAD17, 0xCE1A, 0xFFDF, 0xFFDF, 0xF79E, 0xDEDC, 0xA4F6, 0x528D,
    0x528D, 0xA4F6, 0xDEDC, 0xF79E, 0xFFDF, 0xFFDF, 0xCE1A, 0xAD17, 0xAD17, 0xCE1A, 0xFFDF, 0xFFDF, 0xF79E, 0xDEDC, 0xA4F6, 0x528D,
    0x528D, 0xA4F6, 0xDEDC, 0xF79E, 0xFFDF, 0xFFDF, 0xCE1A, 0xAD17, 0xAD17, 0xCE1A, 0xFFDF, 0xFFDF, 0xF79E, 0xDEDC, 0xA4F6, 0x528D,
    0x528D, 0xA4F6, 0xDEDC, 0xF79E, 0xFFDF, 0xFFDF, 0xCE1A, 0xAD17, 0xAD17, 0xCE1A, 0xFFDF, 0xFFDF, 0xF79E, 0xDEDC, 0xA4F6, 0x528D,
    0x528D, 0xA4F6, 0xDEDC, 0xF79E, 0xFFDF, 0xFFDF, 0xCE1A, 0xAD17, 0xAD17, 0xCE1A, 0xFFDF, 0xFFDF, 0xF79E, 0xDEDC, 0xA4F6, 0x528D,
    0x528D, 0xA4F6, 0xDEDC, 0xF79E, 0xFFDF, 0xFFDF, 0xCE1A, 0xAD17, 0xAD17, 0xCE1A, 0xFFDF, 0xFFDF, 0xF79E, 0xDEDC, 0xA4F6, 0x528D,
    0x528D, 0xA4F6, 0xDEDC, 0xF79E, 0xFFDF, 0xFFDF, 0xCE1A, 0xAD17, 0xAD17, 0xCE1A, 0xFFDF, 0xFFDF, 0xF79E, 0xDEDC, 0xA4F6, 0x528D,
    0x528D, 0xA4F6, 0xDEDC, 0xF79E, 0xFFDF, 0xFFDF, 0xCE1A, 0xAD17, 0xAD17, 0xCE1A, 0xFFDF, 0xFFDF, 0xF79E, 0xDEDC, 0xA4F6, 0x528D
};

const short poke_mart_interior_tile_193[TILE_SIZE * TILE_SIZE] = {
    0x62EE, 0x6B50, 0x6B50, 0x6B70, 0x7390, 0x7390, 0x7390, 0x7390, 0x7390, 0x7390, 0x7390, 0x7BD1, 0x9CB5, 0xC5F9, 0xEF3D, 0xF79E,
    0x9474, 0xBDB9, 0xBDB9, 0xC61A, 0xD6BB, 0xD6BB, 0xD6BB, 0xD6BB, 0xD6BB, 0xD6BB, 0xD6BB, 0xCE7A, 0xB557, 0xAD37, 0xBD98, 0xDEFC,
    0xA4F6, 0xDE9C, 0xDE9C, 0xE71D, 0xFFDF, 0xFFDF, 0xFFDF, 0xFFDF, 0xFFDF, 0xFFDF, 0xFFDF, 0xEF7E, 0xD67B, 0xC5F9, 0xBD99, 0xCE3A,
    0xA4F6, 0xDE9C, 0xDE9C, 0xE71D, 0xFFDF, 0xFFDF, 0xFFDF, 0xFFDF, 0xFFDF, 0xFFDF, 0xFFDF, 0xFFDF, 0xFFDF, 0xEF5D, 0xDE9C, 0xBD99,
    0x7370, 0x8413, 0x8413, 0x8C53, 0x9494, 0x9494, 0x9494, 0x9494, 0x9494, 0x9494, 0xC619, 0xEF3D, 0xF79E, 0xF79E, 0xEF5D, 0xC5F9,
    0x52EE, 0x5B50, 0x5B50, 0x5B50, 0x5B50, 0x5B2F, 0x5B2E, 0x5B2F, 0x5B50, 0x5B50, 0x94B5, 0xC61A, 0xE73D, 0xF79E, 0xF79E, 0xCE3A,
    0x6C54, 0x7D99, 0x7D99, 0x7D99, 0x7D99, 0x7D55, 0x7D33, 0x7D77, 0x7D99, 0x7D99, 0x7433, 0x8412, 0xC61A, 0xDEDC, 0xDEDC, 0xD67B,
    0x63D2, 0x74D6, 0x74D6, 0x74D6, 0x74D6, 0x7D54, 0x7D94, 0x74F5, 0x74D6, 0x74D6, 0x6C54, 0x7433, 0x94B5, 0xB598, 0xDE9C, 0xDE9C,
    0x528D, 0x528D, 0x528D, 0x528D, 0x528D, 0x6C71, 0x7512, 0x5B2E, 0x528D, 0x528D, 0x74D6, 0x7D99, 0x5B50, 0x8413, 0xDE9C, 0xDE9C,
    0x8C73, 0xB5B7, 0xB5B7, 0x8C73, 0x528D, 0x5B4E, 0x7431, 0xA556, 0xB5B7, 0xB5B7, 0x84B4, 0x63B1, 0x52CE, 0x8413, 0xDE9C, 0xDE9C,
    0xB535, 0xFF1B, 0xFF1B, 0xC596, 0x6B50, 0x5ACE, 0x736F, 0xD618, 0xFF1B, 0xFF1B, 0xA4D4, 0x632F, 0x52AD, 0x8413, 0xDE9C, 0xDE9C,
    0xB3CE, 0xFCCF, 0xFCCF, 0xE533, 0xBDB9, 0x7BD1, 0x72ED, 0xD44F, 0xFCCF, 0xFCCF, 0xD555, 0xA516, 0x632F, 0x8413, 0xDE9C, 0xDE9C,
    0xB451, 0xFD93, 0xFD93, 0xED54, 0xD514, 0x8390, 0x730E, 0xD4F2, 0xFD93, 0xFD93, 0xE534, 0xBC93, 0x6B0E, 0x7BD2, 0xC5FA, 0xC5FA,
    0xB5B7, 0xFFDF, 0xFFDF, 0xE5D6, 0xCACA, 0x828B, 0x7390, 0xD6BB, 0xFFDF, 0xFFDF, 0xDCD2, 0xB2AA, 0x6A8C, 0x7391, 0xAD17, 0xAD17,
    0xAD36, 0xE71D, 0xE71D, 0xDE39, 0xD514, 0x8390, 0x6B70, 0xC61A, 0xE71D, 0xE71D, 0xDDD8, 0xBC93, 0x6B0E, 0x7391, 0xAD17, 0xAD17,
    0x9474, 0xBDB9, 0xBDB9, 0xBDB9, 0xBDB9, 0x7BD1, 0x632F, 0xA516, 0xBDB9, 0xBDB9, 0xBDB9, 0xAD37, 0x7391, 0x7391, 0x9495, 0x9495
};

const short poke_mart_interior_tile_194[TILE_SIZE * TILE_SIZE] = {
    0xD6BB, 0x7390, 0x6C0D, 0x9E8F, 0x9E8F, 0x962F, 0x8D10, 0xA553, 0xC658, 0xC658, 0xC658, 0xC658, 0xC658, 0xC658, 0xC658, 0xCE79,
    0xD6BB, 0x7390, 0x6C0D, 0x9E8F, 0x9E8F, 0x966F, 0x962F, 0x9590, 0x94D2, 0x94D2, 0x94D2, 0x94D2, 0x94D2, 0x94D2, 0x94D2, 0x9D13,
    0xBDD8, 0x6B50, 0x6C0D, 0x9E8F, 0x9E8F, 0x964F, 0x95CF, 0x9D71, 0xA554, 0xA554, 0xA554, 0xA554, 0xA554, 0xA554, 0xA554, 0xAD75,
    0x9495, 0x630F, 0x6C0D, 0x9E8F, 0x9E8F, 0x960F, 0x8CB0, 0xA554, 0xD6DA, 0xD6DA, 0xD6DA, 0xD6DA, 0xD6DA, 0xD6DA, 0xD6DA, 0xDEFB,
    0x9495, 0x630F, 0x6C0D, 0x9E8F, 0x95AF, 0x9551, 0xADB5, 0xB615, 0xAE93, 0xAE93, 0xAE93, 0xAE93, 0xAE93, 0xAE93, 0xAE93, 0xB6D4,
    0xA4D6, 0x7370, 0x742F, 0x960F, 0x9551, 0xA533, 0xBE56, 0xB6B4, 0x9E8F, 0x9E8F, 0x9E8F, 0x9E8F, 0x9E8F, 0x9E8F, 0x9E8F, 0x9EB1,
    0xC5F9, 0xA4D6, 0x9493, 0x8CB0, 0xADB5, 0xBE56, 0xAE92, 0x9E90, 0x9E8F, 0xA6B0, 0xAEB0, 0xAEB0, 0xAEB0, 0xAEB0, 0xAEB0, 0xAEF2,
    0xC61A, 0x9494, 0x9493, 0xA554, 0xB615, 0xB6B4, 0x9E90, 0x9E8F, 0xA68F, 0xA6B0, 0xA6B0, 0xA6B0, 0xA6B0, 0xA6B0, 0xA6B0, 0xAED1,
    0xBDB9, 0x6B50, 0x8432, 0xD6DA, 0xAE93, 0x9E8F, 0x9E8F, 0xA68F, 0xB6D1, 0xA68F, 0x9E8F, 0x9E8F, 0x9E8F, 0x9E8F, 0x9E8F, 0x9EB0,
    0xBDB9, 0x6B50, 0x8432, 0xD6DA, 0xAE93, 0x9E8F, 0xA6B0, 0xA6B0, 0xA68F, 0x9E8F, 0x9E8F, 0x9E8F, 0x9E8F, 0x9E8F, 0x9E8F, 0x9EB0,
    0xBDB9, 0x6B50, 0x8432, 0xD6DA, 0xAE93, 0x9E8F, 0xAEB0, 0xA6B0, 0x9E8F, 0x9E8F, 0x9E8F, 0x9E8F, 0x9E8F, 0x9E8F, 0x9E8F, 0x9EB0,
    0xBDB9, 0x6B50, 0x8432, 0xD6DA, 0xAE93, 0x9E8F, 0xAEB0, 0xA6B0, 0x9E8F, 0x9E8F, 0x9E8F, 0x9E8F, 0x9E8F, 0x9E8F, 0x9E8F, 0x9EB0,
    0xAD37, 0x632F, 0x8432, 0xD6DA, 0xAE93, 0x9E8F, 0xAEB0, 0xA6B0, 0x9E8F, 0x9E8F, 0x9E8F, 0x9E8F, 0x9E8F, 0x9E8F, 0x9E8F, 0x9EB0,
    0x9495, 0x630F, 0x8432, 0xD6DA, 0xAE93, 0x9E8F, 0xAEB0, 0xA6B0, 0x9E8F, 0x9E8F, 0x9E8F, 0x9E8F, 0x9E8F, 0x9E8F, 0x9E8F, 0x9EB0,
    0x9495, 0x630F, 0x8432, 0xD6DA, 0xAE93, 0x9E8F, 0xAEB0, 0xA6B0, 0x9E8F, 0x9E8F, 0x9E8F, 0x9E8F, 0x9E8F, 0x9E8F, 0x9E8F, 0x9EB0,
    0x8C33, 0x6B50, 0x8C93, 0xD6DA, 0xAE93, 0x9E8F, 0xAEB0, 0xA6B0, 0x9E8F, 0x9E8F, 0x9E8F, 0x9E8F, 0x9E8F, 0x9E8F, 0x9E8F, 0x9EB0
};

const short poke_mart_interior_tile_195[TILE_SIZE * TILE_SIZE] = {
    0xE71B, 0xEF5C, 0xEF5C, 0xEF5C, 0xEF5C, 0xEF5C, 0xD6B8, 0xADB3, 0xA630, 0x9E8F, 0x9EB0, 0x9EF3, 0xA757, 0xA757, 0xA757, 0xA757,
    0xB5B5, 0xBDF6, 0xBDF6, 0xBDF6, 0xBDF6, 0xBDF6, 0xB613, 0x9E50, 0x9E6F, 0x9EB0, 0x9EF4, 0x9F36, 0xA757, 0xA757, 0xA757, 0xA757,
    0xC637, 0xCE78, 0xCE78, 0xCE78, 0xCE78, 0xCE78, 0xBE55, 0xA611, 0x9E91, 0x9EF3, 0x9F36, 0xA757, 0xA757, 0xA757, 0xA757, 0xA757,
    0xF79E, 0xFFDF, 0xFFDF, 0xFFDF, 0xFFDF, 0xFFDF, 0xDEDA, 0xB594, 0xA695, 0xA757, 0xA757, 0xA757, 0xA757, 0xA757, 0xA757, 0xA757,
    0xBF58, 0xC77A, 0xC77A, 0xC77A, 0xC77A, 0xC77A, 0xCF3A, 0xDEDA, 0xBE77, 0xAE75, 0xA716, 0xA757, 0xA757, 0xA757, 0xA716, 0xAE75,
    0xA736, 0xAF57, 0xAF57, 0xAF57, 0xA757, 0xA757, 0xBF79, 0xE7BD, 0xCEB9, 0xBE36, 0xAEB6, 0xA716, 0xA757, 0xA716, 0xAEB6, 0xBE36,
    0xBF77, 0xC7B9, 0xC7B9, 0xC7B9, 0xBF98, 0xA757, 0xA757, 0xB758, 0xD75B, 0xDF1B, 0xBE36, 0xAE75, 0xA757, 0xAE75, 0xBE36, 0xDF1B,
    0xB777, 0xBF98, 0xBF98, 0xBF98, 0xB798, 0xB778, 0xAF77, 0xA757, 0xC779, 0xD75B, 0xCEB9, 0xBE77, 0xA695, 0xBE77, 0xCEB9, 0xD75B,
    0x9F15, 0xA757, 0xA757, 0xA757, 0xAF57, 0xC7B9, 0xBF98, 0xA757, 0xA757, 0xB758, 0xE7BD, 0xDEDA, 0xB594, 0xDEDA, 0xE7BD, 0xB758,
    0x9F15, 0xA757, 0xA757, 0xA757, 0xA757, 0xAF78, 0xB798, 0xBF98, 0xAF77, 0xB758, 0xE7BD, 0xDEDA, 0xB594, 0xDEDA, 0xE7BD, 0xB758,
    0x9F15, 0xA757, 0xA757, 0xA757, 0xA757, 0xA757, 0xB778, 0xCFDA, 0xB778, 0xB758, 0xE7BD, 0xDEDA, 0xB594, 0xDEDA, 0xE7BD, 0xB758,
    0x9F15, 0xA757, 0xA757, 0xA757, 0xA757, 0xA757, 0xB778, 0xCFDA, 0xB778, 0xB758, 0xE7BD, 0xDEDA, 0xB594, 0xDEDA, 0xE7BD, 0xB758,
    0x9F15, 0xA757, 0xA757, 0xA757, 0xA757, 0xA757, 0xB778, 0xCFDA, 0xB778, 0xB758, 0xE7BD, 0xDEDA, 0xB594, 0xDEDA, 0xE7BD, 0xB758,
    0x9F15, 0xA757, 0xA757, 0xA757, 0xA757, 0xA757, 0xB778, 0xCFDA, 0xB778, 0xB758, 0xE7BD, 0xDEDA, 0xB594, 0xDEDA, 0xE7BD, 0xB758,
    0x9F15, 0xA757, 0xA757, 0xA757, 0xA757, 0xA757, 0xB778, 0xCFDA, 0xB778, 0xB758, 0xE7BD, 0xDEDA, 0xB594, 0xDEDA, 0xE7BD, 0xB758,
    0x9F15, 0xA757, 0xA757, 0xA757, 0xA757, 0xA757, 0xB778, 0xCFDA, 0xB778, 0xB758, 0xE7BD, 0xDEDA, 0xB594, 0xDEDA, 0xE7BD, 0xB758
};

const short poke_mart_interior_tile_196[TILE_SIZE * TILE_SIZE] = {
    0xA6B6, 0xADD4, 0xD6B9, 0xEF5C, 0xEF5C, 0xEF5C, 0xEF5C, 0xEF5C, 0xEF5C, 0xEF5C, 0xEF5C, 0xEF5C, 0xEF5C, 0xEF5C, 0xEF5C, 0xEF5C,
    0xA736, 0xA6F6, 0xB656, 0xBDF6, 0xBDF6, 0xBDF6, 0xBDF6, 0xBDF6, 0xBDF6, 0xBDF6, 0xBDF6, 0xBDF6, 0xBDF6, 0xBDF6, 0xBDF6, 0xBDF6,
    0xA6F6, 0xA695, 0xBE77, 0xCE78, 0xCE78, 0xCE78, 0xCE78, 0xCE78, 0xCE78, 0xCE78, 0xCE78, 0xCE78, 0xCE78, 0xCE78, 0xCE78, 0xCE78,
    0xA695, 0xB594, 0xDEDA, 0xFFDF, 0xFFDF, 0xFFDF, 0xFFDF, 0xFFDF, 0xFFDF, 0xFFDF, 0xFFDF, 0xFFDF, 0xFFDF, 0xFFDF, 0xFFDF, 0xFFDF,
    0xBE77, 0xDEDA, 0xCF3A, 0xC77A, 0xC77A, 0xC77A, 0xC77A, 0xC77A, 0xC77A, 0xC77A, 0xC77A, 0xC77A, 0xC77A, 0xC77A, 0xC77A, 0xC77A,
    0xCEB9, 0xE7BD, 0xBF79, 0xA757, 0xA757, 0xAF57, 0xAF57, 0xAF57, 0xAF57, 0xAF57, 0xAF57, 0xAF57, 0xAF57, 0xAF57, 0xAF57, 0xA757,
    0xD75B, 0xB758, 0xA757, 0xA757, 0xBF98, 0xC7B9, 0xC7B9, 0xC7B9, 0xC7B9, 0xC7B9, 0xC7B9, 0xC7B9, 0xC7B9, 0xC7B9, 0xC7B9, 0xB798,
    0xC779, 0xA757, 0xAF77, 0xB778, 0xB798, 0xBF98, 0xBF98, 0xBF98, 0xBF98, 0xBF98, 0xBF98, 0xBF98, 0xBF98, 0xBF98, 0xBF98, 0xB798,
    0xA757, 0xA757, 0xBF98, 0xC7B9, 0xAF57, 0xA757, 0xA757, 0xA757, 0xA757, 0xA757, 0xA757, 0xA757, 0xA757, 0xA757, 0xA757, 0xB778,
    0xAF77, 0xBF98, 0xB798, 0xAF78, 0xA757, 0xA757, 0xA757, 0xA757, 0xA757, 0xA757, 0xA757, 0xA757, 0xA757, 0xA757, 0xA757, 0xA757,
    0xB778, 0xCFDA, 0xB778, 0xA757, 0xA757, 0xA757, 0xA757, 0xA757, 0xA757, 0xA757, 0xA757, 0xA757, 0xA757, 0xA757, 0xA757, 0xA757,
    0xB778, 0xCFDA, 0xB778, 0xA757, 0xA757, 0xA757, 0xA757, 0xA757, 0xA757, 0xA757, 0xA757, 0xA757, 0xA757, 0xA757, 0xA757, 0xA757,
    0xB778, 0xCFDA, 0xB778, 0xA757, 0xA757, 0xA757, 0xA757, 0xA757, 0xA757, 0xA757, 0xA757, 0xA757, 0xA757, 0xA757, 0xA757, 0xA757,
    0xB778, 0xCFDA, 0xB778, 0xA757, 0xA757, 0xA757, 0xA757, 0xA757, 0xA757, 0xA757, 0xA757, 0xA757, 0xA757, 0xA757, 0xA757, 0xA757,
    0xB778, 0xCFDA, 0xB778, 0xA757, 0xA757, 0xA757, 0xA757, 0xA757, 0xA757, 0xA757, 0xA757, 0xA757, 0xA757, 0xA757, 0xA757, 0xA757,
    0xB778, 0xCFDA, 0xB778, 0xA757, 0xA757, 0xA757, 0xA757, 0xA757, 0xA757, 0xA757, 0xA757, 0xA757, 0xA757, 0xA757, 0xA757, 0xA757
};

const short poke_mart_interior_tile_197[TILE_SIZE * TILE_SIZE] = {
    0xEF5C, 0xC656, 0xA5D2, 0x9E4F, 0x9E8F, 0x9EB0, 0x9F14, 0x9655, 0x636F, 0x9494, 0xFFDF, 0xEF7E, 0xDEDC, 0xB578, 0x9474, 0x7390,
    0xBDF6, 0xAE32, 0x9E4F, 0x9E6F, 0x9ED1, 0x9F15, 0x9F36, 0x9655, 0x636F, 0x9494, 0xFFDF, 0xD67B, 0xB578, 0xAD17, 0xBDB8, 0xD6BB,
    0xCE78, 0xB633, 0xA651, 0x9EB2, 0x9EF4, 0xA757, 0xA757, 0x9655, 0x636F, 0x8432, 0xDEBB, 0xC61A, 0xBDB9, 0xC61A, 0xDEDC, 0xFFDF,
    0xFFDF, 0xCE78, 0xADD4, 0xA6F6, 0xA757, 0xA757, 0xA757, 0x9655, 0x636F, 0x7391, 0xAD17, 0xC5FA, 0xDEDC, 0xF79E, 0xFFDF, 0xFFDF,
    0xC77A, 0xD71A, 0xD6B9, 0xB656, 0xA6B5, 0xA757, 0xA757, 0x9655, 0x636F, 0x7391, 0xAD17, 0xD65B, 0xEF5E, 0xF7BE, 0xF77E, 0xE71D,
    0xA757, 0xCF9A, 0xDF5C, 0xC657, 0xB656, 0xA6F6, 0xA736, 0x9675, 0x6BD0, 0x83F2, 0xB558, 0xDEBB, 0xF79E, 0xF79E, 0xDEDC, 0xBDB9,
    0xA757, 0xAF58, 0xBF59, 0xDF5C, 0xD6B9, 0xADD4, 0xA6B6, 0x9EB6, 0x9D15, 0xAD37, 0xCE3B, 0xDE9C, 0xDEDC, 0xDEDC, 0xB577, 0x6B50,
    0xB778, 0xA757, 0xAF58, 0xCF9A, 0xD71A, 0xCE78, 0xB696, 0xA615, 0x8C93, 0xA516, 0xDE9C, 0xDE9C, 0xCE3A, 0xAD37, 0x8C94, 0x6413,
    0xCFDA, 0xB778, 0xA757, 0xA757, 0xC77A, 0xFFDF, 0xCE78, 0x9CF2, 0x630E, 0x8413, 0xDE9C, 0xDE9C, 0xBDB9, 0x6B50, 0x6413, 0x8E5C,
    0xB778, 0xB798, 0xB798, 0xA757, 0xC77A, 0xFFDF, 0xCE78, 0x9CF2, 0x630E, 0x8413, 0xDE9C, 0xDE9C, 0xBDB9, 0x6B50, 0x5B0F, 0x6413,
    0xA757, 0xBF98, 0xC7B9, 0xAF57, 0xC77A, 0xFFDF, 0xCE78, 0x9CF2, 0x630E, 0x8413, 0xDE9C, 0xDE9C, 0xBDB9, 0x6B50, 0x5ACE, 0x6B50,
    0xA757, 0xBF98, 0xC7B9, 0xAF57, 0xC77A, 0xFFDF, 0xCE78, 0x9CF2, 0x630E, 0x8413, 0xDE9C, 0xDE9C, 0xBDB9, 0x6B50, 0x7BD1, 0xBDB9,
    0xA757, 0xBF98, 0xC7B9, 0xAF57, 0xC77A, 0xFFDF, 0xCE78, 0x9CF2, 0x630E, 0x7BD2, 0xC5FA, 0xC5FA, 0xAD37, 0x632F, 0x8390, 0xD514,
    0xA757, 0xBF98, 0xC7B9, 0xAF57, 0xC77A, 0xFFDF, 0xCE78, 0x9CF2, 0x630E, 0x7391, 0xAD17, 0xAD17, 0x9495, 0x630F, 0x828B, 0xCACA,
    0xA757, 0xBF98, 0xC7B9, 0xAF57, 0xC77A, 0xFFDF, 0xCE78, 0x9CF2, 0x630E, 0x7391, 0xAD17, 0xAD17, 0x9495, 0x630F, 0x8390, 0xD514,
    0xA757, 0xBF98, 0xC7B9, 0xAF57, 0xC77A, 0xFFDF, 0xCE78, 0xA513, 0x7390, 0x7391, 0x9495, 0x9495, 0x8C33, 0x6B50, 0x8413, 0xBDB9
};

const short poke_mart_interior_tile_198[TILE_SIZE * TILE_SIZE] = {
    0x7390, 0x7390, 0x7390, 0x7390, 0x7390, 0x7390, 0x7390, 0x6B50, 0x6B50, 0x6B50, 0x5ACE, 0x6B4F, 0xB578, 0xBDB9, 0xAD17, 0xAD17,
    0xD6BB, 0xD6BB, 0xD6BB, 0xD6BB, 0xD6BB, 0xD6BB, 0xD69A, 0xC5F9, 0xBDB9, 0xBDB9, 0x7BD1, 0x630F, 0x9CD5, 0xAD37, 0xAD17, 0xAD17,
    0xFFDF, 0xFFDF, 0xFFDF, 0xFFDF, 0xFFDF, 0xFFDF, 0xF79E, 0xDEDC, 0xDE9C, 0xDE9C, 0x8413, 0x632F, 0xA4F6, 0xC5D9, 0xCE1A, 0xCE1A,
    0xFFDF, 0xFFDF, 0xFFDF, 0xFFDF, 0xFFDF, 0xFFDF, 0xF79E, 0xDEDC, 0xDE9C, 0xDE9C, 0x8413, 0x6B50, 0xBDB9, 0xE71D, 0xFFDF, 0xFFDF,
    0xB597, 0x9494, 0x9494, 0x9494, 0x9494, 0x9494, 0x9493, 0x8C33, 0x8413, 0x8413, 0x632F, 0x6B50, 0xBDB9, 0xE71D, 0xFFDF, 0xFFDF,
    0x8433, 0x5B50, 0x5B50, 0x5B2F, 0x5B2E, 0x5B2F, 0x5B50, 0x5B50, 0x5B50, 0x5B50, 0x52CE, 0x6B50, 0xBDB9, 0xE71D, 0xFFDF, 0xFFDF,
    0x74B5, 0x7D99, 0x7D99, 0x7D56, 0x7512, 0x7D56, 0x7D99, 0x7D99, 0x7D99, 0x7D99, 0x63B1, 0x6B50, 0xBDB9, 0xE71D, 0xFFDF, 0xFFDF,
    0x6C74, 0x74D6, 0x74D6, 0x7535, 0x85D4, 0x7535, 0x74D6, 0x74D6, 0x74D6, 0x74D6, 0x5B70, 0x6B50, 0xBDB9, 0xE71D, 0xFFDF, 0xFFDF,
    0x6413, 0x528D, 0x528D, 0x63CF, 0x85D4, 0x63CF, 0x528D, 0x528D, 0x528D, 0x528D, 0x528D, 0x6B50, 0xBDB9, 0xE71D, 0xFFDF, 0xFFDF,
    0x9515, 0xB5B7, 0xB5B7, 0x94F4, 0x63CF, 0x5B0E, 0x632F, 0xA515, 0xB5B7, 0xB5B7, 0x7BD1, 0x6B50, 0xBDB9, 0xE71D, 0xFFDF, 0xFFDF,
    0xC596, 0xFF1B, 0xFF1B, 0xB535, 0x528D, 0x62EE, 0x8412, 0xDE59, 0xFF1B, 0xFF1B, 0x9452, 0x6B50, 0xBDB9, 0xE71D, 0xFFDF, 0xFFDF,
    0xE533, 0xFCCF, 0xFCCF, 0xB3CE, 0x528D, 0x9474, 0xCD97, 0xECF1, 0xFCCF, 0xFCCF, 0x936E, 0x6B50, 0xBDB9, 0xE71D, 0xFFDF, 0xFFDF,
    0xED54, 0xFD93, 0xFD93, 0xB451, 0x528D, 0x9C11, 0xDD14, 0xF573, 0xFD93, 0xFD93, 0x93AF, 0x6B50, 0xBDB9, 0xE71D, 0xFFDF, 0xFFDF,
    0xE5D6, 0xFFDF, 0xFFDF, 0xB5B7, 0x528D, 0x9AAB, 0xD3CE, 0xEEDA, 0xFFDF, 0xFFDF, 0x9494, 0x6B50, 0xBDB9, 0xE71D, 0xFFDF, 0xFFDF,
    0xDE39, 0xE71D, 0xE71D, 0xAD36, 0x528D, 0x9C11, 0xD576, 0xE69B, 0xE71D, 0xE71D, 0x8C53, 0x6B50, 0xBDB9, 0xE71D, 0xFFDF, 0xFFDF,
    0xBDB9, 0xBDB9, 0xBDB9, 0x9474, 0x528D, 0x9474, 0xBDB9, 0xBDB9, 0xBDB9, 0xBDB9, 0x7BD1, 0x6B50, 0xBDB9, 0xE71D, 0xFFDF, 0xFFDF
};

const short poke_mart_interior_tile_199[TILE_SIZE * TILE_SIZE] = {
    0x9495, 0x630F, 0x3187, 0x0000, 0x0000, 0x0000, 0x0000, 0x0000, 0x0000, 0x0000, 0x0000, 0x0000, 0x0000, 0x0000, 0x0000, 0x0000,
    0x9495, 0x630F, 0x3187, 0x0000, 0x0000, 0x0000, 0x0000, 0x0000, 0x0000, 0x0000, 0x0000, 0x0000, 0x0000, 0x0000, 0x0000, 0x0000,
    0xB577, 0x6B2F, 0x3187, 0x0000, 0x0000, 0x0000, 0x0000, 0x0000, 0x0000, 0x0000, 0x0000, 0x0000, 0x0000, 0x0000, 0x0000, 0x0000,
    0xD6BB, 0x7390, 0x3187, 0x0000, 0x0000, 0x0000, 0x0000, 0x0000, 0x0000, 0x0000, 0x0000, 0x0000, 0x0000, 0x0000, 0x0000, 0x0000,
    0xD6BB, 0x7390, 0x3187, 0x0000, 0x0000, 0x0000, 0x0000, 0x0000, 0x0000, 0x0000, 0x0000, 0x0000, 0x0000, 0x0000, 0x0000, 0x0000,
    0xDEDB, 0x83F2, 0x39C9, 0x0000, 0x0000, 0x0000, 0x0000, 0x0000, 0x0000, 0x0000, 0x0000, 0x0000, 0x0000, 0x0000, 0x0000, 0x0000,
    0xE71D, 0xAD37, 0x5AAC, 0x0000, 0x0000, 0x0000, 0x0000, 0x0000, 0x0000, 0x0000, 0x0000, 0x0000, 0x0000, 0x0000, 0x0000, 0x0000,
    0xEF3D, 0xBD98, 0x630D, 0x0000, 0x0000, 0x0000, 0x0000, 0x0000, 0x0000, 0x0000, 0x0000, 0x0000, 0x0000, 0x0000, 0x0000, 0x0000,
    0xEF3D, 0xBD98, 0x630D, 0x0000, 0x0000, 0x0000, 0x0000, 0x0000, 0x0000, 0x0000, 0x0000, 0x0000, 0x0000, 0x0000, 0x0000, 0x0000,
    0xEF3D, 0xBD98, 0x630D, 0x0000, 0x0000, 0x0000, 0x0000, 0x0000, 0x0000, 0x0000, 0x0000, 0x0000, 0x0000, 0x0000, 0x0000, 0x0000,
    0xEF3D, 0xBD98, 0x630D, 0x0000, 0x0000, 0x0000, 0x0000, 0x0000, 0x0000, 0x0000, 0x0000, 0x0000, 0x0000, 0x0000, 0x0000, 0x0000,
    0xEF3D, 0xBD98, 0x630D, 0x0000, 0x0000, 0x0000, 0x0000, 0x0000, 0x0000, 0x0000, 0x0000, 0x0000, 0x0000, 0x0000, 0x0000, 0x0000,
    0xEF3D, 0xBD98, 0x630D, 0x0000, 0x0000, 0x0000, 0x0000, 0x0000, 0x0000, 0x0000, 0x0000, 0x0000, 0x0000, 0x0000, 0x0000, 0x0000,
    0xEF3D, 0xBD98, 0x630D, 0x0000, 0x0000, 0x0000, 0x0000, 0x0000, 0x0000, 0x0000, 0x0000, 0x0000, 0x0000, 0x0000, 0x0000, 0x0000,
    0xEF3D, 0xBD98, 0x630D, 0x0000, 0x0000, 0x0000, 0x0000, 0x0000, 0x0000, 0x0000, 0x0000, 0x0000, 0x0000, 0x0000, 0x0000, 0x0000,
    0xEF3D, 0xBD98, 0x630D, 0x0000, 0x0000, 0x0000, 0x0000, 0x0000, 0x0000, 0x0000, 0x0000, 0x0000, 0x0000, 0x0000, 0x0000, 0x0000
};

const short poke_mart_interior_tile_200[TILE_SIZE * TILE_SIZE] = {
    0x0000, 0x0000, 0x0000, 0x0000, 0x0000, 0x0000, 0x0000, 0x0000, 0x0000, 0x0000, 0x0000, 0x0000, 0x0000, 0x7C0F, 0xC6B7, 0xA691,
    0x0000, 0x0000, 0x0000, 0x0000, 0x0000, 0x0000, 0x0000, 0x0000, 0x0000, 0x0000, 0x0000, 0x0000, 0x0000, 0x7C0F, 0xC6B7, 0xA691,
    0x0000, 0x0000, 0x0000, 0x0000, 0x0000, 0x0000, 0x0000, 0x0000, 0x0000, 0x0000, 0x0000, 0x0000, 0x0000, 0x7C0F, 0xC6B7, 0xA691,
    0x0000, 0x0000, 0x0000, 0x0000, 0x0000, 0x0000, 0x0000, 0x0000, 0x0000, 0x0000, 0x0000, 0x0000, 0x0000, 0x7C0F, 0xC6B7, 0xA691,
    0x0000, 0x0000, 0x0000, 0x0000, 0x0000, 0x0000, 0x0000, 0x0000, 0x0000, 0x0000, 0x0000, 0x0000, 0x0000, 0x7C0F, 0xC6B7, 0xA691,
    0x0000, 0x0000, 0x0000, 0x0000, 0x0000, 0x0000, 0x0000, 0x0000, 0x0000, 0x0000, 0x0000, 0x0000, 0x0000, 0x7C0F, 0xC6B7, 0xA691,
    0x0000, 0x0000, 0x0000, 0x0000, 0x0000, 0x0000, 0x0000, 0x0000, 0x0000, 0x0000, 0x0000, 0x0000, 0x0000, 0x6B6D, 0xB5F5, 0xAE74,
    0x0000, 0x0000, 0x0000, 0x0000, 0x0000, 0x0000, 0x0000, 0x0000, 0x0000, 0x0000, 0x0000, 0x0000, 0x0000, 0x528A, 0x94D2, 0xC658,
    0x0000, 0x0000, 0x0000, 0x0000, 0x0000, 0x0000, 0x0000, 0x0000, 0x0000, 0x0000, 0x0000, 0x0000, 0x0000, 0x5B69, 0x9590, 0xA553,
    0x0000, 0x0000, 0x0000, 0x0000, 0x0000, 0x0000, 0x0000, 0x0000, 0x0000, 0x0000, 0x0000, 0x0000, 0x0000, 0x5BE9, 0x962F, 0x8D10,
    0x0000, 0x0000, 0x0000, 0x0000, 0x0000, 0x0000, 0x0000, 0x0000, 0x0000, 0x0000, 0x0000, 0x0000, 0x0000, 0x5BE9, 0x966F, 0x962F,
    0x0000, 0x0000, 0x0000, 0x0000, 0x0000, 0x0000, 0x0000, 0x0000, 0x0000, 0x0000, 0x0000, 0x0000, 0x0000, 0x5BE9, 0x9E8F, 0x9E8F,
    0x0000, 0x0000, 0x0000, 0x0000, 0x0000, 0x0000, 0x0000, 0x0000, 0x0000, 0x0000, 0x0000, 0x0000, 0x0000, 0x5BE9, 0x9E8F, 0x9E8F,
    0x0000, 0x0000, 0x0000, 0x0000, 0x0000, 0x0000, 0x0000, 0x0000, 0x0000, 0x0000, 0x0000, 0x0000, 0x0000, 0x5BE9, 0x9E8F, 0x9E8F,
    0x0000, 0x0000, 0x0000, 0x0000, 0x0000, 0x0000, 0x0000, 0x0000, 0x0000, 0x0000, 0x0000, 0x0000, 0x0000, 0x5BE9, 0x966F, 0x962F,
    0x0000, 0x0000, 0x0000, 0x0000, 0x0000, 0x0000, 0x0000, 0x0000, 0x0000, 0x0000, 0x0000, 0x0000, 0x0000, 0x5BE9, 0x962F, 0x8D10
};

const short poke_mart_interior_tile_201[TILE_SIZE * TILE_SIZE] = {
    0xA68F, 0xB6D1, 0xA68F, 0x9E8F, 0x9E8F, 0x9E8F, 0x9E8F, 0x9E8F, 0x9E8F, 0x9E8F, 0x9E8F, 0x9E8F, 0x9E8F, 0x9E8F, 0x9E8F, 0x9E8F,
    0xA68F, 0xB6D1, 0xA68F, 0x9E8F, 0x9E8F, 0x9E8F, 0x9E8F, 0x9E8F, 0x9E8F, 0x9E8F, 0x9E8F, 0x9E8F, 0x9E8F, 0x9E8F, 0x9E8F, 0x9E8F,
    0xA68F, 0xB6D1, 0xA68F, 0x9E8F, 0x9E8F, 0x9E8F, 0x9E8F, 0x9E8F, 0x9E8F, 0x9E8F, 0x9E8F, 0x9E8F, 0x9E8F, 0x9E8F, 0x9E8F, 0x9E8F,
    0xA68F, 0xB6D1, 0xA68F, 0x9E8F, 0x9E8F, 0x9E8F, 0x9E8F, 0x9E8F, 0x9E8F, 0x9E8F, 0x9E8F, 0x9E8F, 0x9E8F, 0x9E8F, 0x9E8F, 0x9E8F,
    0xA68F, 0xAEB0, 0xA68F, 0x9E8F, 0x9E8F, 0x9E8F, 0x9E8F, 0x9E8F, 0x9E8F, 0x9E8F, 0x9E8F, 0x9E8F, 0x9E8F, 0x9E8F, 0x9E8F, 0x9E8F,
    0x9E8F, 0x9E8F, 0xA6B0, 0xA6B0, 0x9E8F, 0x9E8F, 0x9E8F, 0x9E8F, 0x9E8F, 0x9E8F, 0x9E8F, 0x9E8F, 0x9E8F, 0x9E8F, 0x9E8F, 0xA68F,
    0xA691, 0x9E8F, 0xA68F, 0xA6B0, 0xA68F, 0xA68F, 0xA68F, 0xA68F, 0xA68F, 0xA68F, 0xA68F, 0xA68F, 0xA68F, 0xA68F, 0xA68F, 0xA6B0,
    0xBEB5, 0x9E8F, 0x9E8F, 0x9E8F, 0xAEB0, 0xB6D1, 0xB6D1, 0xB6D1, 0xB6D1, 0xB6D1, 0xB6D1, 0xB6D1, 0xB6D1, 0xB6D1, 0xB6D1, 0xA6B0,
    0xADD5, 0xBEB5, 0xA691, 0x9E8F, 0xA68F, 0xA68F, 0xA68F, 0xA68F, 0xA68F, 0xA68F, 0xA68F, 0xA68F, 0xA68F, 0xA68F, 0xA68F, 0x9E8F,
    0xA553, 0xC658, 0xAE74, 0xA691, 0xA691, 0xA691, 0xA691, 0xA691, 0xA691, 0xA691, 0xA691, 0xA691, 0xA691, 0xA691, 0xA691, 0xA691,
    0x9590, 0x94D2, 0xB5F5, 0xC6B7, 0xC6B7, 0xC6B7, 0xC6B7, 0xC6B7, 0xC6B7, 0xC6B7, 0xC6B7, 0xC6B7, 0xC6B7, 0xC6B7, 0xC6B7, 0xC6B7,
    0x95EF, 0x8D30, 0xA593, 0xB5D6, 0xB5D6, 0xB5D6, 0xB5D6, 0xB5D6, 0xB5D6, 0xB5D6, 0xB5D6, 0xB5D6, 0xB5D6, 0xB5D6, 0xB5D6, 0xB5D6,
    0x9E8F, 0x9E8F, 0x8D30, 0x8C51, 0x8C51, 0x8C51, 0x8C51, 0x8C51, 0x8C51, 0x8C51, 0x8C51, 0x8C51, 0x8C51, 0x8C51, 0x8C51, 0x8C51,
    0x95EF, 0x8D30, 0xA593, 0xB5D6, 0xB5D6, 0xB5D6, 0xB5D6, 0xB5D6, 0xB5D6, 0xB5D6, 0xB5D6, 0xB5D6, 0xB5D6, 0xB5D6, 0xB5D6, 0xB5D6,
    0x9590, 0x94D2, 0xB5F5, 0xC6B7, 0xC6B7, 0xC6B7, 0xC6B7, 0xC6B7, 0xC6B7, 0xC6B7, 0xC6B7, 0xC6B7, 0xC6B7, 0xC6B7, 0xC6B7, 0xC6B7,
    0xA553, 0xC658, 0xAE74, 0xA691, 0xA691, 0xA691, 0xA691, 0xA691, 0xA691, 0xA691, 0xA691, 0xA691, 0xA691, 0xA691, 0xA691, 0xA691
};

const short poke_mart_interior_tile_202[TILE_SIZE * TILE_SIZE] = {
    0x9E8F, 0xA6B0, 0xAEB0, 0x9E8F, 0xAE93, 0xD6DA, 0xA554, 0x9CF3, 0xDEFB, 0xCF7A, 0x9F15, 0xB777, 0xBF77, 0xA736, 0x9F15, 0x9F15,
    0x9E8F, 0xA6B0, 0xAEB0, 0x9E8F, 0xAE93, 0xD6DA, 0xA554, 0x9CF3, 0xE71C, 0xD79B, 0xA757, 0xBF98, 0xC7B9, 0xAF57, 0xA757, 0xA757,
    0x9E8F, 0xA6B0, 0xAEB0, 0x9E8F, 0xAE93, 0xD6DA, 0xA554, 0x9CF3, 0xE71C, 0xD79B, 0xA757, 0xBF98, 0xC7B9, 0xAF57, 0xA757, 0xA757,
    0x9E8F, 0xA6B0, 0xAEB0, 0x9E8F, 0xAE93, 0xD6DA, 0xA554, 0x9CF3, 0xE71C, 0xD79B, 0xA757, 0xBF98, 0xC7B9, 0xAF57, 0xA757, 0xA757,
    0x9E8F, 0xA6B0, 0xA6B0, 0x9E8F, 0xAE93, 0xD6DA, 0xA554, 0x9CF3, 0xE71C, 0xD79B, 0xA757, 0xB798, 0xBF99, 0xAF78, 0xA757, 0xA757,
    0xAEB0, 0xA68F, 0x9E8F, 0x9E8F, 0xAE93, 0xD6DA, 0xA554, 0x9CF3, 0xE71C, 0xD79B, 0xA757, 0xA757, 0xAF78, 0xBF99, 0xB798, 0xA757,
    0xA6B0, 0x9E8F, 0x9E8F, 0xAE92, 0xB654, 0xB5D6, 0x9D72, 0x9D92, 0xCE98, 0xD71A, 0xC77A, 0xAF58, 0xA757, 0xB798, 0xB798, 0xB778,
    0x9E8F, 0x9E8F, 0xA691, 0xC6B7, 0xB5D6, 0x8C51, 0x958F, 0x9E50, 0xADB3, 0xCE78, 0xFFDF, 0xC77A, 0xA757, 0xA757, 0xB778, 0xCFDA,
    0x9E8F, 0xAE93, 0xB675, 0xAD94, 0x9D72, 0x958F, 0x962F, 0x9E90, 0xA694, 0xB696, 0xCE78, 0xD71A, 0xCF9A, 0xAF58, 0xA757, 0xB778,
    0xA691, 0xB675, 0xB5F6, 0x9512, 0x9570, 0x9E8F, 0x9E8F, 0x9EB0, 0x9F15, 0xA6B6, 0xADD4, 0xD6B9, 0xDF5C, 0xBF59, 0xB758, 0xB758,
    0xC6B7, 0xAD94, 0x9512, 0x95D0, 0x962F, 0x9E8F, 0x9E8F, 0x9EB0, 0x9F15, 0xA736, 0xA6F6, 0xB656, 0xC657, 0xDF5C, 0xE7BD, 0xE7BD,
    0xB5D6, 0x9D72, 0x9570, 0x962F, 0x9E8F, 0x9E8F, 0x9E8F, 0x9EB0, 0x9F15, 0xA757, 0xA757, 0xA6B5, 0xB656, 0xD6B9, 0xDEDA, 0xDEDA,
    0x8C51, 0x958F, 0x9E8F, 0x9E8F, 0x9E8F, 0x9E8F, 0x9E8F, 0x9EB0, 0x9F15, 0xA757, 0xA757, 0xA757, 0xA6F6, 0xADD4, 0xB594, 0xB594,
    0xB5D6, 0xADD3, 0xA611, 0x9E6F, 0x9E8F, 0x9E8F, 0x9E8F, 0x9EB0, 0x9F15, 0xA757, 0xA757, 0xA6B5, 0xB656, 0xD6B9, 0xDEDA, 0xDEDA,
    0xC6B7, 0xBE36, 0xB5D4, 0x9E10, 0x962F, 0x9E8F, 0x9E8F, 0x9EB0, 0x9F15, 0xA736, 0xA6F6, 0xB656, 0xC657, 0xDF5C, 0xE7BD, 0xE7BD,
    0xA691, 0xBE95, 0xBE37, 0x9D12, 0x9570, 0x9E8F, 0x9E8F, 0x9EB0, 0x9F15, 0xA6B6, 0xADD4, 0xD6B9, 0xDF5C, 0xBF59, 0xB758, 0xB758
};

const short poke_mart_interior_tile_203[TILE_SIZE * TILE_SIZE] = {
    0x9F15, 0x9F15, 0x9F15, 0x9F15, 0x9F15, 0x9F15, 0x9F15, 0x9F15, 0x9F15, 0x9F15, 0x9F15, 0xA736, 0xBF77, 0xB777, 0x9F15, 0xCF7A,
    0xA757, 0xA757, 0xA757, 0xA757, 0xA757, 0xA757, 0xA757, 0xA757, 0xA757, 0xA757, 0xA757, 0xAF57, 0xC7B9, 0xBF98, 0xA757, 0xD79B,
    0xA757, 0xA757, 0xA757, 0xA757, 0xA757, 0xA757, 0xA757, 0xA757, 0xA757, 0xA757, 0xA757, 0xAF57, 0xC7B9, 0xBF98, 0xA757, 0xD79B,
    0xA757, 0xA757, 0xA757, 0xA757, 0xA757, 0xA757, 0xA757, 0xA757, 0xA757, 0xA757, 0xA757, 0xAF57, 0xC7B9, 0xBF98, 0xA757, 0xD79B,
    0xA757, 0xA757, 0xA757, 0xA757, 0xA757, 0xA757, 0xA757, 0xA757, 0xA757, 0xA757, 0xA757, 0xAF78, 0xBF99, 0xB798, 0xA757, 0xD79B,
    0xA757, 0xA757, 0xA757, 0xA757, 0xA757, 0xA757, 0xA757, 0xA757, 0xA757, 0xA757, 0xB798, 0xBF99, 0xAF78, 0xA757, 0xA757, 0xD79B,
    0xB778, 0xB778, 0xB778, 0xB778, 0xB778, 0xB778, 0xB778, 0xB778, 0xB778, 0xB778, 0xB798, 0xB798, 0xA757, 0xAF58, 0xC77A, 0xD71A,
    0xCFDA, 0xCFDA, 0xCFDA, 0xCFDA, 0xCFDA, 0xCFDA, 0xCFDA, 0xCFDA, 0xCFDA, 0xCFDA, 0xB778, 0xA757, 0xA757, 0xC77A, 0xFFDF, 0xCE78,
    0xB778, 0xB778, 0xB778, 0xB778, 0xB778, 0xB778, 0xB778, 0xB778, 0xB778, 0xB778, 0xA757, 0xAF58, 0xCF9A, 0xD71A, 0xCE78, 0xB633,
    0xB758, 0xB758, 0xB758, 0xB758, 0xB758, 0xB758, 0xB758, 0xB758, 0xB758, 0xB758, 0xB758, 0xBF59, 0xDF5C, 0xD6B8, 0xADB3, 0xA630,
    0xE7BD, 0xE7BD, 0xE7BD, 0xE7BD, 0xE7BD, 0xE7BD, 0xE7BD, 0xE7BD, 0xE7BD, 0xE7BD, 0xE7BD, 0xDF5C, 0xC657, 0xB613, 0x9E50, 0x9E6F,
    0xDEDA, 0xDEDA, 0xDEDA, 0xDEDA, 0xDEDA, 0xDEDA, 0xDEDA, 0xDEDA, 0xDEDA, 0xDEDA, 0xDEDA, 0xD6B8, 0xB613, 0xA630, 0x9E8F, 0x9EB0,
    0xB594, 0xB594, 0xB594, 0xB594, 0xB594, 0xB594, 0xB594, 0xB594, 0xB594, 0xB594, 0xB594, 0xADB3, 0x9E50, 0x9E8F, 0x9E8F, 0x9EF3,
    0xDEDA, 0xDEDA, 0xDEDA, 0xDEDA, 0xDEDA, 0xDEDA, 0xDEDA, 0xDEDA, 0xDEDA, 0xDEDA, 0xDEDA, 0xD6B8, 0xB613, 0xA652, 0x9EF3, 0x9F35,
    0xE7BD, 0xE7BD, 0xE7BD, 0xE7BD, 0xE7BD, 0xE7BD, 0xE7BD, 0xE7BD, 0xE7BD, 0xE7BD, 0xE7BD, 0xDF5C, 0xC657, 0xB656, 0xA6F6, 0xA736,
    0xB758, 0xB758, 0xB758, 0xB758, 0xB758, 0xB758, 0xB758, 0xB758, 0xB758, 0xB758, 0xB758, 0xBF59, 0xDF5C, 0xD6B9, 0xADD4, 0xA6B6
};

const short poke_mart_interior_tile_204[TILE_SIZE * TILE_SIZE] = {
    0xE71B, 0xB5B5, 0xC637, 0xF79E, 0xBF58, 0xA736, 0xBF77, 0xB777, 0x9F15, 0x9F15, 0x9F15, 0x9F15, 0x9F15, 0x9F15, 0x9F15, 0x9F15,
    0xEF5C, 0xBDF6, 0xCE78, 0xFFDF, 0xC77A, 0xAF57, 0xC7B9, 0xBF98, 0xA757, 0xA757, 0xA757, 0xA757, 0xA757, 0xA757, 0xA757, 0xA757,
    0xEF5C, 0xBDF6, 0xCE78, 0xFFDF, 0xC77A, 0xAF57, 0xC7B9, 0xBF98, 0xA757, 0xA757, 0xA757, 0xA757, 0xA757, 0xA757, 0xA757, 0xA757,
    0xEF5C, 0xBDF6, 0xCE78, 0xFFDF, 0xC77A, 0xAF57, 0xC7B9, 0xBF98, 0xA757, 0xA757, 0xA757, 0xA757, 0xA757, 0xA757, 0xA757, 0xA757,
    0xEF5C, 0xBDF6, 0xCE78, 0xFFDF, 0xC77A, 0xA757, 0xBF98, 0xB798, 0xAF57, 0xA757, 0xA757, 0xA757, 0xA757, 0xA757, 0xA757, 0xA757,
    0xEF5C, 0xBDF6, 0xCE78, 0xFFDF, 0xC77A, 0xA757, 0xA757, 0xB778, 0xC7B9, 0xAF78, 0xA757, 0xA757, 0xA757, 0xA757, 0xA757, 0xA757,
    0xD6B8, 0xB613, 0xBE55, 0xDEDA, 0xCF3A, 0xBF79, 0xA757, 0xAF77, 0xBF98, 0xB798, 0xB778, 0xB778, 0xB778, 0xB778, 0xB778, 0xB778,
    0xADB3, 0x9E50, 0xA611, 0xB594, 0xDEDA, 0xE7BD, 0xB758, 0xA757, 0xA757, 0xBF98, 0xCFDA, 0xCFDA, 0xCFDA, 0xCFDA, 0xCFDA, 0xCFDA,
    0xA630, 0x9E6F, 0x9E91, 0xA695, 0xBE77, 0xCEB9, 0xD75B, 0xC779, 0xA757, 0xAF77, 0xB778, 0xB778, 0xB778, 0xB778, 0xB778, 0xB778,
    0x9E8F, 0x9EB0, 0x9EF3, 0xA757, 0xAE75, 0xBE36, 0xDF1B, 0xD75B, 0xB758, 0xB758, 0xB758, 0xB758, 0xB758, 0xB758, 0xB758, 0xB758,
    0x9EB0, 0x9EF4, 0x9F36, 0xA757, 0xA716, 0xAEB6, 0xBE36, 0xCEB9, 0xE7BD, 0xE7BD, 0xE7BD, 0xE7BD, 0xE7BD, 0xE7BD, 0xE7BD, 0xE7BD,
    0x9EF3, 0x9F36, 0xA757, 0xA757, 0xA757, 0xA716, 0xAE75, 0xBE77, 0xDEDA, 0xDEDA, 0xDEDA, 0xDEDA, 0xDEDA, 0xDEDA, 0xDEDA, 0xDEDA,
    0xA757, 0xA757, 0xA757, 0xA757, 0xA757, 0xA757, 0xA757, 0xA695, 0xB594, 0xB594, 0xB594, 0xB594, 0xB594, 0xB594, 0xB594, 0xB594,
    0xA757, 0xA757, 0xA757, 0xA757, 0xA757, 0xA716, 0xAE75, 0xBE77, 0xDEDA, 0xDEDA, 0xDEDA, 0xDEDA, 0xDEDA, 0xDEDA, 0xDEDA, 0xDEDA,
    0xA757, 0xA757, 0xA757, 0xA757, 0xA716, 0xAEB6, 0xBE36, 0xCEB9, 0xE7BD, 0xE7BD, 0xE7BD, 0xE7BD, 0xE7BD, 0xE7BD, 0xE7BD, 0xE7BD,
    0xA757, 0xA757, 0xA757, 0xA757, 0xAE75, 0xBE36, 0xDF1B, 0xD75B, 0xB758, 0xB758, 0xB758, 0xB758, 0xB758, 0xB758, 0xB758, 0xB758
};

const short poke_mart_interior_tile_205[TILE_SIZE * TILE_SIZE] = {
    0x9F15, 0x9F15, 0x9F15, 0x9F15, 0x9F15, 0x9F15, 0xAF56, 0xC798, 0xAF56, 0xAF37, 0xE77C, 0xD6B9, 0xAD53, 0xD6B9, 0xE77C, 0xAF37,
    0xA757, 0xA757, 0xA757, 0xA757, 0xA757, 0xA757, 0xB778, 0xCFDA, 0xB778, 0xB758, 0xE7BD, 0xDEDA, 0xB594, 0xDEDA, 0xE7BD, 0xB758,
    0xA757, 0xA757, 0xA757, 0xA757, 0xA757, 0xA757, 0xB778, 0xCFDA, 0xB778, 0xB758, 0xE7BD, 0xDEDA, 0xB594, 0xDEDA, 0xE7BD, 0xB758,
    0xA757, 0xA757, 0xA757, 0xA757, 0xA757, 0xA757, 0xB778, 0xCFDA, 0xB778, 0xB758, 0xE7BD, 0xDEDA, 0xB594, 0xDEDA, 0xE7BD, 0xB758,
    0xA757, 0xA757, 0xA757, 0xA757, 0xA757, 0xA757, 0xB778, 0xC7B9, 0xAF78, 0xB758, 0xE7BD, 0xDEDA, 0xB594, 0xDEDA, 0xE7BD, 0xB758,
    0xA757, 0xA757, 0xA757, 0xA757, 0xA757, 0xBF98, 0xB798, 0xAF57, 0xA757, 0xB758, 0xE7BD, 0xDEDA, 0xB594, 0xDEDA, 0xE7BD, 0xB758,
    0xB778, 0xB778, 0xB778, 0xB778, 0xB778, 0xB798, 0xAF78, 0xA757, 0xB778, 0xCF5A, 0xD6FA, 0xC677, 0xA5F2, 0xC677, 0xD6FA, 0xCF5A,
    0xCFDA, 0xCFDA, 0xCFDA, 0xCFDA, 0xC7B9, 0xAF57, 0xA757, 0xA757, 0xD79B, 0xEF5C, 0xBDF6, 0xA5F2, 0x9E8F, 0xA5F2, 0xBDF6, 0xEF5C,
    0xB778, 0xB778, 0xB778, 0xB778, 0xAF78, 0xA757, 0xB778, 0xD79B, 0xD6D9, 0xC656, 0xAE32, 0x9E50, 0x9E8F, 0xA693, 0xAE96, 0xC677,
    0xB758, 0xB758, 0xB758, 0xB758, 0xB758, 0xB758, 0xCF5A, 0xEF5C, 0xC656, 0xA5D2, 0x9E4F, 0x9E8F, 0x9EB0, 0x9F14, 0xA6F6, 0xAE35,
    0xE7BD, 0xE7BD, 0xE7BD, 0xE7BD, 0xE7BD, 0xE7BD, 0xD6FA, 0xBDF6, 0xAE32, 0x9E4F, 0x9E6F, 0x9ED1, 0x9F15, 0x9F36, 0xA736, 0xA6F6,
    0xDEDA, 0xDEDA, 0xDEDA, 0xDEDA, 0xDEDA, 0xDEDA, 0xC677, 0xA5F2, 0x9E50, 0x9E8F, 0x9ED1, 0x9EF4, 0xA757, 0xA757, 0xA757, 0xA757,
    0xB594, 0xB594, 0xB594, 0xB594, 0xB594, 0xB594, 0xA5F2, 0x9E8F, 0x9E8F, 0x9EB0, 0x9F15, 0xA757, 0xA757, 0xA757, 0xA757, 0xA757,
    0xDEDA, 0xDEDA, 0xDEDA, 0xDEDA, 0xDEDA, 0xDEDA, 0xC677, 0xA5F2, 0xA693, 0x9F14, 0x9F36, 0xA757, 0xA757, 0xA757, 0xA757, 0xA757,
    0xE7BD, 0xE7BD, 0xE7BD, 0xE7BD, 0xE7BD, 0xE7BD, 0xD6FA, 0xBDF6, 0xAE96, 0xA6F6, 0xA736, 0xA757, 0xA757, 0xA757, 0xA736, 0xA6F6,
    0xB758, 0xB758, 0xB758, 0xB758, 0xB758, 0xB758, 0xCF5A, 0xEF5C, 0xC677, 0xAE35, 0xA6F6, 0xA757, 0xA757, 0xA757, 0xA6F6, 0xAE35
};

const short poke_mart_interior_tile_206[TILE_SIZE * TILE_SIZE] = {
    0xAF56, 0xC798, 0xAF56, 0x9F15, 0x9F15, 0x9F15, 0x9F15, 0x9F15, 0x9F15, 0x9F15, 0x9F36, 0xA757, 0xA757, 0xA757, 0xA757, 0xA757,
    0xB778, 0xCFDA, 0xB778, 0xA757, 0xA757, 0xA757, 0xA757, 0xA757, 0xA757, 0xA757, 0xA757, 0xA757, 0xA757, 0xA757, 0xA757, 0xA757,
    0xB778, 0xCFDA, 0xB778, 0xA757, 0xA757, 0xA757, 0xA757, 0xA757, 0xA757, 0xA757, 0xA757, 0xA757, 0xA757, 0xA757, 0xA757, 0xA757,
    0xB778, 0xCFDA, 0xB778, 0xA757, 0xA757, 0xA757, 0xA757, 0xA757, 0xA757, 0xA757, 0xA757, 0xA757, 0xA757, 0xA757, 0xA757, 0xA757,
    0xAF78, 0xC7B9, 0xB778, 0xA757, 0xA757, 0xA757, 0xA757, 0xA757, 0xA757, 0xA757, 0xA757, 0xA757, 0xA757, 0xA757, 0xA757, 0xA757,
    0xA757, 0xAF57, 0xB798, 0xBF98, 0xA757, 0xA757, 0xA757, 0xA757, 0xA757, 0xA757, 0xA757, 0xA757, 0xA757, 0xA757, 0xA757, 0xAF78,
    0xB778, 0xA757, 0xAF78, 0xB798, 0xB778, 0xB778, 0xB778, 0xB778, 0xB778, 0xB778, 0xB778, 0xB778, 0xB778, 0xB778, 0xB778, 0xB798,
    0xD79B, 0xA757, 0xA757, 0xAF57, 0xC7B9, 0xCFDA, 0xCFDA, 0xCFDA, 0xCFDA, 0xCFDA, 0xCFDA, 0xCFDA, 0xCFDA, 0xCFDA, 0xCFDA, 0xBF98,
    0xD6D9, 0xD79B, 0xB778, 0xA757, 0xAF78, 0xB778, 0xB778, 0xB778, 0xB778, 0xB778, 0xB778, 0xB778, 0xB778, 0xB778, 0xB778, 0xAF77,
    0xC677, 0xEF5C, 0xCF5A, 0xB758, 0xB758, 0xB758, 0xB758, 0xB758, 0xB758, 0xB758, 0xB758, 0xB758, 0xB758, 0xB758, 0xB758, 0xB758,
    0xAE96, 0xBDF6, 0xD6FA, 0xE7BD, 0xE7BD, 0xE7BD, 0xE7BD, 0xE7BD, 0xE7BD, 0xE7BD, 0xE7BD, 0xE7BD, 0xE7BD, 0xE7BD, 0xE7BD, 0xE7BD,
    0xA6D6, 0xAE35, 0xC698, 0xDEDA, 0xDEDA, 0xDEDA, 0xDEDA, 0xDEDA, 0xDEDA, 0xDEDA, 0xDEDA, 0xDEDA, 0xDEDA, 0xDEDA, 0xDEDA, 0xDEDA,
    0xA757, 0xA757, 0xAE35, 0xB594, 0xB594, 0xB594, 0xB594, 0xB594, 0xB594, 0xB594, 0xB594, 0xB594, 0xB594, 0xB594, 0xB594, 0xB594,
    0xA6D6, 0xAE35, 0xC698, 0xDEDA, 0xDEDA, 0xDEDA, 0xDEDA, 0xDEDA, 0xDEDA, 0xDEDA, 0xDEDA, 0xDEDA, 0xDEDA, 0xDEDA, 0xDEDA, 0xDEDA,
    0xAE96, 0xBDF6, 0xD6FA, 0xE7BD, 0xE7BD, 0xE7BD, 0xE7BD, 0xE7BD, 0xE7BD, 0xE7BD, 0xE7BD, 0xE7BD, 0xE7BD, 0xE7BD, 0xE7BD, 0xE7BD,
    0xC677, 0xEF5C, 0xCF5A, 0xB758, 0xB758, 0xB758, 0xB758, 0xB758, 0xB758, 0xB758, 0xB758, 0xB758, 0xB758, 0xB758, 0xB758, 0xB758
};

const short poke_mart_interior_tile_207[TILE_SIZE * TILE_SIZE] = {
    0xA757, 0xBF98, 0xC7B9, 0xAF57, 0xC77A, 0xFFDF, 0xCE78, 0xBDF6, 0xEF5C, 0xD79B, 0xA757, 0xBF98, 0xC7B9, 0xAF57, 0xA757, 0xA757,
    0xA757, 0xBF98, 0xC7B9, 0xAF57, 0xC77A, 0xFFDF, 0xCE78, 0xBDF6, 0xEF5C, 0xD79B, 0xA757, 0xBF98, 0xC7B9, 0xAF57, 0xA757, 0xA757,
    0xA757, 0xBF98, 0xC7B9, 0xAF57, 0xC77A, 0xFFDF, 0xCE78, 0xBDF6, 0xEF5C, 0xD79B, 0xA757, 0xBF98, 0xC7B9, 0xAF57, 0xA757, 0xA757,
    0xA757, 0xBF98, 0xC7B9, 0xAF57, 0xC77A, 0xFFDF, 0xCE78, 0xBDF6, 0xEF5C, 0xD79B, 0xA757, 0xBF98, 0xC7B9, 0xAF57, 0xA757, 0xA757,
    0xAF57, 0xB798, 0xBF98, 0xA757, 0xC77A, 0xFFDF, 0xCE78, 0xBDF6, 0xEF5C, 0xD79B, 0xA757, 0xB798, 0xBF99, 0xAF78, 0xA757, 0xA757,
    0xC7B9, 0xB778, 0xA757, 0xA757, 0xC77A, 0xFFDF, 0xCE78, 0xBDF6, 0xEF5C, 0xD79B, 0xA757, 0xA757, 0xAF78, 0xBF99, 0xB798, 0xA757,
    0xBF98, 0xAF77, 0xA757, 0xBF79, 0xCF3A, 0xDEDA, 0xBE55, 0xB613, 0xD6B8, 0xD71A, 0xC77A, 0xAF58, 0xA757, 0xB798, 0xB798, 0xB778,
    0xA757, 0xA757, 0xB758, 0xE7BD, 0xDEDA, 0xB594, 0xA611, 0x9E50, 0xADB3, 0xCE78, 0xFFDF, 0xC77A, 0xA757, 0xA757, 0xB778, 0xCFDA,
    0xA757, 0xC779, 0xD75B, 0xCEB9, 0xBE55, 0xA611, 0x9E4F, 0x9E90, 0xA694, 0xB696, 0xCE78, 0xD71A, 0xCF9A, 0xAF58, 0xA757, 0xB778,
    0xB758, 0xD75B, 0xDEFA, 0xBE15, 0xA611, 0x9E8F, 0x9E90, 0x9ED1, 0x9F35, 0xA6B6, 0xADD4, 0xD6B9, 0xDF5C, 0xBF59, 0xB758, 0xB758,
    0xE7BD, 0xCEB9, 0xBE15, 0xA631, 0x9E6F, 0x9E8F, 0x9EF2, 0x9F35, 0xA736, 0xA736, 0xA6F6, 0xB656, 0xC657, 0xDF5C, 0xE7BD, 0xE7BD,
    0xDEDA, 0xBE55, 0xA611, 0x9E6F, 0x9EB0, 0x9ED2, 0x9F15, 0xA757, 0xA757, 0xA757, 0xA757, 0xA6B5, 0xB656, 0xD6B9, 0xDEDA, 0xDEDA,
    0xB594, 0xA611, 0x9E8F, 0x9E8F, 0x9ED2, 0xA757, 0xA757, 0xA757, 0xA757, 0xA757, 0xA757, 0xA757, 0xA6F6, 0xADD4, 0xB594, 0xB594,
    0xDEDA, 0xBE55, 0xA612, 0x9ED3, 0x9F15, 0xA757, 0xA757, 0xA757, 0xA757, 0xA757, 0xA757, 0xA6B5, 0xB656, 0xD6B9, 0xDEDA, 0xDEDA,
    0xE7BD, 0xCEB9, 0xBE36, 0xAEB6, 0xA716, 0xA757, 0xA757, 0xA757, 0xA757, 0xA736, 0xA6F6, 0xB656, 0xC657, 0xDF5C, 0xE7BD, 0xE7BD,
    0xB758, 0xD75B, 0xDF1B, 0xBE36, 0xAE75, 0xA757, 0xA757, 0xA757, 0xA757, 0xA6B6, 0xADD4, 0xD6B9, 0xDF5C, 0xBF59, 0xB758, 0xB758
};

const short poke_mart_interior_tile_208[TILE_SIZE * TILE_SIZE] = {
    0xA757, 0xA757, 0xA757, 0xA757, 0xA757, 0xA757, 0xA757, 0xA757, 0xA757, 0xA757, 0xA757, 0xAF57, 0xC7B9, 0xBF98, 0xA757, 0xD79B,
    0xA757, 0xA757, 0xA757, 0xA757, 0xA757, 0xA757, 0xA757, 0xA757, 0xA757, 0xA757, 0xA757, 0xAF57, 0xC7B9, 0xBF98, 0xA757, 0xD79B,
    0xA757, 0xA757, 0xA757, 0xA757, 0xA757, 0xA757, 0xA757, 0xA757, 0xA757, 0xA757, 0xA757, 0xAF57, 0xC7B9, 0xBF98, 0xA757, 0xD79B,
    0xA757, 0xA757, 0xA757, 0xA757, 0xA757, 0xA757, 0xA757, 0xA757, 0xA757, 0xA757, 0xA757, 0xAF57, 0xC7B9, 0xBF98, 0xA757, 0xD79B,
    0xA757, 0xA757, 0xA757, 0xA757, 0xA757, 0xA757, 0xA757, 0xA757, 0xA757, 0xA757, 0xA757, 0xAF78, 0xBF99, 0xB798, 0xA757, 0xD79B,
    0xA757, 0xA757, 0xA757, 0xA757, 0xA757, 0xA757, 0xA757, 0xA757, 0xA757, 0xA757, 0xB798, 0xBF99, 0xAF78, 0xA757, 0xA757, 0xD79B,
    0xB778, 0xB778, 0xB778, 0xB778, 0xB778, 0xB778, 0xB778, 0xB778, 0xB778, 0xB778, 0xB798, 0xB798, 0xA757, 0xAF58, 0xC77A, 0xD71A,
    0xCFDA, 0xCFDA, 0xCFDA, 0xCFDA, 0xCFDA, 0xCFDA, 0xCFDA, 0xCFDA, 0xCFDA, 0xCFDA, 0xB778, 0xA757, 0xA757, 0xC77A, 0xFFDF, 0xCE78,
    0xB778, 0xB778, 0xB778, 0xB778, 0xB778, 0xB778, 0xB778, 0xB778, 0xB778, 0xB778, 0xA757, 0xAF58, 0xCF9A, 0xD71A, 0xCE78, 0xB633,
    0xB758, 0xB758, 0xB758, 0xB758, 0xB758, 0xB758, 0xB758, 0xB758, 0xB758, 0xB758, 0xB758, 0xBF59, 0xDF5C, 0xD6B8, 0xADB3, 0xA630,
    0xE7BD, 0xE7BD, 0xE7BD, 0xE7BD, 0xE7BD, 0xE7BD, 0xE7BD, 0xE7BD, 0xE7BD, 0xE7BD, 0xE7BD, 0xDF5C, 0xC657, 0xB613, 0x9E50, 0x9E6F,
    0xDEDA, 0xDEDA, 0xDEDA, 0xDEDA, 0xDEDA, 0xDEDA, 0xDEDA, 0xDEDA, 0xDEDA, 0xDEDA, 0xDEDA, 0xD6B8, 0xB613, 0xA630, 0x9E8F, 0x9EB0,
    0xB594, 0xB594, 0xB594, 0xB594, 0xB594, 0xB594, 0xB594, 0xB594, 0xB594, 0xB594, 0xB594, 0xADB3, 0x9E50, 0x9E8F, 0x9E8F, 0x9EF3,
    0xDEDA, 0xDEDA, 0xDEDA, 0xDEDA, 0xDEDA, 0xDEDA, 0xDEDA, 0xDEDA, 0xDEDA, 0xDEDA, 0xDEDA, 0xD6B8, 0xB613, 0xA652, 0x9EF3, 0x9F35,
    0xE7BD, 0xE7BD, 0xE7BD, 0xE7BD, 0xE7BD, 0xE7BD, 0xE7BD, 0xE7BD, 0xE7BD, 0xE7BD, 0xE7BD, 0xDF5C, 0xC657, 0xB656, 0xA6F6, 0xA736,
    0xB758, 0xB758, 0xB758, 0xB758, 0xB758, 0xB758, 0xB758, 0xB758, 0xB758, 0xB758, 0xB758, 0xBF59, 0xDF5C, 0xD6B9, 0xADD4, 0xA6B6
};

const short poke_mart_interior_tile_209[TILE_SIZE * TILE_SIZE] = {
    0xEF5C, 0xBDF6, 0xCE78, 0xFFDF, 0xC77A, 0xAF57, 0xC7B9, 0xBF98, 0xA757, 0xA757, 0xA757, 0xA757, 0xA757, 0xA757, 0xA757, 0xA757,
    0xEF5C, 0xBDF6, 0xCE78, 0xFFDF, 0xC77A, 0xAF57, 0xC7B9, 0xBF98, 0xA757, 0xA757, 0xA757, 0xA757, 0xA757, 0xA757, 0xA757, 0xA757,
    0xEF5C, 0xBDF6, 0xCE78, 0xFFDF, 0xC77A, 0xAF57, 0xC7B9, 0xBF98, 0xA757, 0xA757, 0xA757, 0xA757, 0xA757, 0xA757, 0xA757, 0xA757,
    0xEF5C, 0xBDF6, 0xCE78, 0xFFDF, 0xC77A, 0xAF57, 0xC7B9, 0xBF98, 0xA757, 0xA757, 0xA757, 0xA757, 0xA757, 0xA757, 0xA757, 0xA757,
    0xEF5C, 0xBDF6, 0xCE78, 0xFFDF, 0xC77A, 0xA757, 0xBF98, 0xB798, 0xAF57, 0xA757, 0xA757, 0xA757, 0xA757, 0xA757, 0xA757, 0xA757,
    0xEF5C, 0xBDF6, 0xCE78, 0xFFDF, 0xC77A, 0xA757, 0xA757, 0xB778, 0xC7B9, 0xAF78, 0xA757, 0xA757, 0xA757, 0xA757, 0xA757, 0xA757,
    0xD6B8, 0xB613, 0xBE55, 0xDEDA, 0xCF3A, 0xBF79, 0xA757, 0xAF77, 0xBF98, 0xB798, 0xB778, 0xB778, 0xB778, 0xB778, 0xB778, 0xB778,
    0xADB3, 0x9E50, 0xA611, 0xB594, 0xDEDA, 0xE7BD, 0xB758, 0xA757, 0xA757, 0xBF98, 0xCFDA, 0xCFDA, 0xCFDA, 0xCFDA, 0xCFDA, 0xCFDA,
    0xA630, 0x9E6F, 0x9E91, 0xA695, 0xBE77, 0xCEB9, 0xD75B, 0xC779, 0xA757, 0xAF77, 0xB778, 0xB778, 0xB778, 0xB778, 0xB778, 0xB778,
    0x9E8F, 0x9EB0, 0x9EF3, 0xA757, 0xAE75, 0xBE36, 0xDF1B, 0xD75B, 0xB758, 0xB758, 0xB758, 0xB758, 0xB758, 0xB758, 0xB758, 0xB758,
    0x9EB0, 0x9EF4, 0x9F36, 0xA757, 0xA716, 0xAEB6, 0xBE36, 0xCEB9, 0xE7BD, 0xE7BD, 0xE7BD, 0xE7BD, 0xE7BD, 0xE7BD, 0xE7BD, 0xE7BD,
    0x9EF3, 0x9F36, 0xA757, 0xA757, 0xA757, 0xA716, 0xAE75, 0xBE77, 0xDEDA, 0xDEDA, 0xDEDA, 0xDEDA, 0xDEDA, 0xDEDA, 0xDEDA, 0xDEDA,
    0xA757, 0xA757, 0xA757, 0xA757, 0xA757, 0xA757, 0xA757, 0xA695, 0xB594, 0xB594, 0xB594, 0xB594, 0xB594, 0xB594, 0xB594, 0xB594,
    0xA757, 0xA757, 0xA757, 0xA757, 0xA757, 0xA716, 0xAE75, 0xBE77, 0xDEDA, 0xDEDA, 0xDEDA, 0xDEDA, 0xDEDA, 0xDEDA, 0xDEDA, 0xDEDA,
    0xA757, 0xA757, 0xA757, 0xA757, 0xA716, 0xAEB6, 0xBE36, 0xCEB9, 0xE7BD, 0xE7BD, 0xE7BD, 0xE7BD, 0xE7BD, 0xE7BD, 0xE7BD, 0xE7BD,
    0xA757, 0xA757, 0xA757, 0xA757, 0xAE75, 0xBE36, 0xDF1B, 0xD75B, 0xB758, 0xB758, 0xB758, 0xB758, 0xB758, 0xB758, 0xB758, 0xB758
};

const short poke_mart_interior_tile_210[TILE_SIZE * TILE_SIZE] = {
    0xA757, 0xA757, 0xA757, 0xA757, 0xA757, 0xA757, 0xB778, 0xCFDA, 0xB778, 0xB758, 0xE7BD, 0xDEDA, 0xB594, 0xA4F4, 0x8C33, 0x6B50,
    0xA757, 0xA757, 0xA757, 0xA757, 0xA757, 0xA757, 0xB778, 0xCFDA, 0xB778, 0xB758, 0xE7BD, 0xDEDA, 0xB594, 0x9493, 0x8413, 0x8413,
    0xA757, 0xA757, 0xA757, 0xA757, 0xA757, 0xA757, 0xB778, 0xCFDA, 0xB778, 0xB758, 0xE7BD, 0xDEDA, 0xB594, 0x73AF, 0x6B50, 0xBDB9,
    0xA757, 0xA757, 0xA757, 0xA757, 0xA757, 0xA757, 0xB778, 0xCFDA, 0xB778, 0xB758, 0xE7BD, 0xDEDA, 0xB594, 0x73AF, 0x6B70, 0xCE5A,
    0xA757, 0xA757, 0xA757, 0xA757, 0xA757, 0xA757, 0xB778, 0xC7B9, 0xAF78, 0xB758, 0xE7BD, 0xDEDA, 0xB594, 0x73AF, 0x7390, 0xD6BB,
    0xA757, 0xA757, 0xA757, 0xA757, 0xA757, 0xBF98, 0xB798, 0xAF57, 0xA757, 0xB758, 0xE7BD, 0xDEDA, 0xB594, 0x73AF, 0x7390, 0xD6BB,
    0xB778, 0xB778, 0xB778, 0xB778, 0xB778, 0xB798, 0xAF78, 0xA757, 0xB778, 0xCF5A, 0xD6FA, 0xC677, 0xA5F2, 0x73CF, 0x7390, 0xD6BB,
    0xCFDA, 0xCFDA, 0xCFDA, 0xCFDA, 0xC7B9, 0xAF57, 0xA757, 0xA757, 0xD79B, 0xEF5C, 0xBDF6, 0xA5F2, 0x9E8F, 0x6C0D, 0x7390, 0xD6BB,
    0xB778, 0xB778, 0xB778, 0xB778, 0xAF78, 0xA757, 0xB778, 0xD79B, 0xD6D9, 0xC656, 0xAE32, 0x9E50, 0x9E8F, 0x6C0D, 0x7390, 0xD6BB,
    0xB758, 0xB758, 0xB758, 0xB758, 0xB758, 0xB758, 0xCF5A, 0xEF5C, 0xC656, 0xA5D2, 0x9E4F, 0x9E8F, 0x9EB0, 0x6C2E, 0x6B70, 0xCE5A,
    0xE7BD, 0xE7BD, 0xE7BD, 0xE7BD, 0xE7BD, 0xE7BD, 0xD6FA, 0xBDF6, 0xAE32, 0x9E4F, 0x9E6F, 0x9ED1, 0x9F15, 0x6C50, 0x630F, 0xA4F6,
    0xDEDA, 0xDEDA, 0xDEDA, 0xDEDA, 0xDEDA, 0xDEDA, 0xC677, 0xA5F2, 0x9E50, 0x9E8F, 0x9ED1, 0x9EF4, 0xA757, 0x7471, 0x630F, 0x9495,
    0xB594, 0xB594, 0xB594, 0xB594, 0xB594, 0xB594, 0xA5F2, 0x9E8F, 0x9E8F, 0x9EB0, 0x9F15, 0xA757, 0xA757, 0x7471, 0x630F, 0x9495,
    0xDEDA, 0xDEDA, 0xDEDA, 0xDEDA, 0xDEDA, 0xDEDA, 0xC677, 0xA5F2, 0xA693, 0x9F14, 0x9F36, 0xA757, 0xA757, 0x9554, 0x9474, 0xBD98,
    0xE7BD, 0xE7BD, 0xE7BD, 0xE7BD, 0xE7BD, 0xE7BD, 0xD6FA, 0xBDF6, 0xAE96, 0xA6F6, 0xA736, 0xA757, 0xA757, 0x9D95, 0xA4F6, 0xCE1A,
    0xB758, 0xB758, 0xB758, 0xB758, 0xB758, 0xB758, 0xCF5A, 0xEF5C, 0xC677, 0xAE35, 0xA6F6, 0xA757, 0xA757, 0x7CB2, 0x7BB1, 0xC5D9
};

const short poke_mart_interior_tile_211[TILE_SIZE * TILE_SIZE] = {
    0x630F, 0x630F, 0x83F2, 0x8C54, 0x7391, 0x6B50, 0x6B50, 0x6B50, 0x632F, 0x52AD, 0x5ACE, 0x6B50, 0x6B50, 0x6B50, 0x6B50, 0x62EE,
    0x8413, 0x8413, 0x8413, 0x7BB1, 0x5ACE, 0x6B4F, 0x9494, 0x6B4F, 0x528D, 0x528D, 0x528D, 0x528D, 0x7BD1, 0x8432, 0x5AEE, 0x528D,
    0xDE9C, 0xDE9C, 0x8413, 0x528D, 0x528D, 0x9494, 0xFFDF, 0x9494, 0x528D, 0x528D, 0x528D, 0x528D, 0xB5B7, 0xD6BB, 0x7390, 0x528D,
    0xEF5D, 0xEF5D, 0x8C73, 0x52AF, 0x6B15, 0xA51A, 0xFFDF, 0xA51A, 0x6B15, 0x52AF, 0x5AD1, 0x7357, 0xC5FC, 0xDEDD, 0x8C39, 0x62F3,
    0xFFDF, 0xFFDF, 0x9494, 0x5AD0, 0x7B9B, 0xB55F, 0xFFDF, 0xB55F, 0x7B9B, 0x5AD0, 0x6314, 0x8BDF, 0xCE3F, 0xE6FF, 0x9C9F, 0x7357,
    0xFFDF, 0xFFDF, 0x9494, 0x5AD0, 0x7B9B, 0xB55F, 0xFFDF, 0xB55F, 0x7B9B, 0x5AD0, 0x6314, 0x8BDF, 0xCE3F, 0xE6FF, 0x9C9F, 0x7357,
    0xFFDF, 0xFFDF, 0x9494, 0x52AF, 0x6B15, 0x8C37, 0xB5B7, 0x8C37, 0x6B15, 0x52AF, 0x5AD1, 0x7357, 0x9CB7, 0xAD37, 0x7BB7, 0x62F3,
    0xFFDF, 0xFFDF, 0x9494, 0x528D, 0x528D, 0x528D, 0x528D, 0x528D, 0x528D, 0x528D, 0x528D, 0x528D, 0x528D, 0x528D, 0x528D, 0x528D,
    0xE71D, 0xCE1A, 0xA4D5, 0x8C54, 0xAD56, 0xB5B7, 0xB5B7, 0xB5B7, 0xB5B7, 0xB5B7, 0xB5B7, 0xB5B7, 0xAD36, 0xA4F6, 0xA4F6, 0x83F2,
    0xD67B, 0xB558, 0xB578, 0xC619, 0xEF5D, 0xFFDF, 0xFFDF, 0xFFDF, 0xFFDF, 0xFFDF, 0xFFDF, 0xFFDF, 0xE71D, 0xDE9C, 0xDE9C, 0xA4F6,
    0xC5D9, 0xCE3B, 0xDEDC, 0xEF5D, 0xF7BE, 0xFFDF, 0xFFDF, 0xFFDF, 0xFFDF, 0xFFDF, 0xFFDF, 0xFFDF, 0xE71D, 0xDE9C, 0xDE9C, 0xA4F6,
    0xC5D9, 0xE71D, 0xF77E, 0xF7BE, 0xEF5E, 0xD6BB, 0xB5B7, 0xB5B7, 0xB5B7, 0xB5B7, 0xB5B7, 0xB5B7, 0xAD36, 0xA4F6, 0xA4F6, 0x83F2,
    0xCE1A, 0xFFDF, 0xFFDF, 0xF79E, 0xDEDC, 0xA4F6, 0x528D, 0x528D, 0x528D, 0x528D, 0x528D, 0x528D, 0x528D, 0x528D, 0x528D, 0x528D,
    0xD65B, 0xE71D, 0xE71D, 0xD67B, 0x9CB5, 0x7C52, 0x6C71, 0x6C71, 0x6C71, 0x6C71, 0x6C71, 0x6C71, 0x6C71, 0x6C71, 0x6C71, 0x63AF,
    0xDE9C, 0xDE9C, 0xCE1A, 0xAD37, 0x6BD1, 0x6C52, 0x85D5, 0x85D5, 0x85D5, 0x85D4, 0x85D4, 0x85D5, 0x85D5, 0x85D5, 0x85D5, 0x6C92,
    0xDE9C, 0xDE9C, 0x9494, 0x6BD1, 0x7D17, 0x85D9, 0x863A, 0x863A, 0x8619, 0x85D5, 0x85F6, 0x863A, 0x863A, 0x863A, 0x863A, 0x74B5
};

const short poke_mart_interior_tile_212[TILE_SIZE * TILE_SIZE] = {
    0x528D, 0xA4F6, 0xDEDC, 0xF79E, 0xFFDF, 0xFFDF, 0xCE1A, 0xAD17, 0xAD17, 0xCE1A, 0xFFDF, 0xFFDF, 0xF79E, 0xDEDC, 0xA4F6, 0x528D,
    0x528D, 0xA4F6, 0xDEDC, 0xF79E, 0xFFDF, 0xFFDF, 0xCE1A, 0xAD17, 0xAD17, 0xCE1A, 0xFFDF, 0xFFDF, 0xF79E, 0xDEDC, 0xA4F6, 0x528D,
    0x528D, 0xA4F6, 0xDEDC, 0xF79E, 0xFFDF, 0xFFDF, 0xCE1A, 0xAD17, 0xAD17, 0xCE1A, 0xFFDF, 0xFFDF, 0xF79E, 0xDEDC, 0xA4F6, 0x528D,
    0x528D, 0xA4F6, 0xDEDC, 0xF79E, 0xFFDF, 0xFFDF, 0xCE1A, 0xAD17, 0xAD17, 0xCE1A, 0xFFDF, 0xFFDF, 0xF79E, 0xDEDC, 0xA4F6, 0x528D,
    0x528D, 0xA4F6, 0xDEDC, 0xF79E, 0xFFDF, 0xFFDF, 0xCE1A, 0xAD17, 0xAD17, 0xCE1A, 0xFFDF, 0xFFDF, 0xF79E, 0xDEDC, 0xA4F6, 0x528D,
    0x528D, 0xA4F6, 0xDEDC, 0xF79E, 0xFFDF, 0xFFDF, 0xCE1A, 0xAD17, 0xAD17, 0xCE1A, 0xFFDF, 0xFFDF, 0xF79E, 0xDEDC, 0xA4F6, 0x528D,
    0x528D, 0xA4F6, 0xDEDC, 0xF79E, 0xFFDF, 0xFFDF, 0xB597, 0x8413, 0x8413, 0xB597, 0xFFDF, 0xFFDF, 0xF79E, 0xDEDC, 0xA4F6, 0x528D,
    0x528D, 0xA4F6, 0xDEDC, 0xF79E, 0xFFDF, 0xFFDF, 0x9494, 0x528D, 0x528D, 0x9494, 0xFFDF, 0xFFDF, 0xF79E, 0xDEDC, 0xA4F6, 0x528D,
    0x528D, 0xA4F6, 0xD67B, 0xCE3A, 0xCE1A, 0xCE1A, 0x83F2, 0x528D, 0x528D, 0x83F2, 0xCE1A, 0xCE1A, 0xCE3A, 0xD67B, 0xA4F6, 0x528D,
    0x528D, 0x9CB5, 0xC5FA, 0xB557, 0xAD17, 0xAD17, 0x7391, 0x528D, 0x528D, 0x7391, 0xAD17, 0xAD17, 0xB557, 0xC5FA, 0x9CB5, 0x528D,
    0x528D, 0x8C33, 0xB557, 0xAD17, 0xAD17, 0xAD17, 0x7391, 0x528D, 0x528D, 0x7391, 0xAD17, 0xAD17, 0xAD17, 0xB557, 0x8C33, 0x528D,
    0x528D, 0x8413, 0xAD17, 0xAD17, 0xAD17, 0xAD17, 0x7391, 0x528D, 0x528D, 0x7391, 0xAD17, 0xAD17, 0xAD17, 0xAD17, 0x8413, 0x528D,
    0x528D, 0x8413, 0xAD17, 0xAD17, 0xAD17, 0xAD17, 0x7391, 0x528D, 0x528D, 0x7391, 0xAD17, 0xAD17, 0xAD17, 0xAD17, 0x8413, 0x528D,
    0x528D, 0x8413, 0xAD17, 0xAD17, 0xAD17, 0xAD17, 0x7391, 0x528D, 0x528D, 0x7391, 0xAD17, 0xAD17, 0xAD17, 0xAD17, 0x8413, 0x528D,
    0x528D, 0x8413, 0xAD17, 0xAD17, 0xAD17, 0xAD17, 0x7391, 0x528D, 0x528D, 0x7391, 0xAD17, 0xAD17, 0xAD17, 0xAD17, 0x8413, 0x528D,
    0x528D, 0x8413, 0xAD17, 0xAD17, 0xAD17, 0xAD17, 0x7391, 0x528D, 0x528D, 0x7391, 0xAD17, 0xAD17, 0xAD17, 0xAD17, 0x8413, 0x528D
};

const short poke_mart_interior_tile_213[TILE_SIZE * TILE_SIZE] = {
    0x62EE, 0x6B50, 0x6B50, 0x6B50, 0x6B50, 0x5ACE, 0x52AD, 0x632F, 0x6B50, 0x6B50, 0x6B50, 0x7391, 0x8C54, 0x83F2, 0x630F, 0x630F,
    0x528D, 0x5AEE, 0x8432, 0x7BD1, 0x528D, 0x528D, 0x528D, 0x528D, 0x6B4F, 0x9494, 0x6B4F, 0x5ACE, 0x7BB1, 0x8413, 0x8413, 0x8413,
    0x528D, 0x7390, 0xD6BB, 0xB5B7, 0x528D, 0x528D, 0x528D, 0x528D, 0x9494, 0xFFDF, 0x9494, 0x528D, 0x528D, 0x8413, 0xDE9C, 0xDE9C,
    0x62F3, 0x8C39, 0xDEDD, 0xC5FC, 0x7357, 0x5AD1, 0x52AF, 0x6B15, 0xA51A, 0xFFDF, 0xA51A, 0x6B15, 0x52AF, 0x8C73, 0xEF5D, 0xEF5D,
    0x7357, 0x9C9F, 0xE6FF, 0xCE3F, 0x8BDF, 0x6314, 0x5AD0, 0x7B9B, 0xB55F, 0xFFDF, 0xB55F, 0x7B9B, 0x5AD0, 0x9494, 0xFFDF, 0xFFDF,
    0x7357, 0x9C9F, 0xE6FF, 0xCE3F, 0x8BDF, 0x6314, 0x5AD0, 0x7B9B, 0xB55F, 0xFFDF, 0xB55F, 0x7B9B, 0x5AD0, 0x9494, 0xFFDF, 0xFFDF,
    0x62F3, 0x7BB7, 0xAD37, 0x9CB7, 0x7357, 0x5AD1, 0x52AF, 0x6B15, 0x8C37, 0xB5B7, 0x8C37, 0x6B15, 0x52AF, 0x9494, 0xFFDF, 0xFFDF,
    0x528D, 0x528D, 0x528D, 0x528D, 0x528D, 0x528D, 0x528D, 0x528D, 0x528D, 0x528D, 0x528D, 0x528D, 0x528D, 0x9494, 0xFFDF, 0xFFDF,
    0x83F2, 0xA4F6, 0xA4F6, 0xAD36, 0xB5B7, 0xB5B7, 0xB5B7, 0xB5B7, 0xB5B7, 0xB5B7, 0xB5B7, 0xAD56, 0x8C54, 0xA4D5, 0xCE1A, 0xE71D,
    0xA4F6, 0xDE9C, 0xDE9C, 0xE71D, 0xFFDF, 0xFFDF, 0xFFDF, 0xFFDF, 0xFFDF, 0xFFDF, 0xFFDF, 0xEF5D, 0xC619, 0xB578, 0xB558, 0xD67B,
    0xA4F6, 0xDE9C, 0xDE9C, 0xE71D, 0xFFDF, 0xFFDF, 0xFFDF, 0xFFDF, 0xFFDF, 0xFFDF, 0xFFDF, 0xF7BE, 0xEF5D, 0xDEDC, 0xCE3B, 0xC5D9,
    0x83F2, 0xA4F6, 0xA4F6, 0xAD36, 0xB5B7, 0xB5B7, 0xB5B7, 0xB5B7, 0xB5B7, 0xB5B7, 0xD6BB, 0xEF5E, 0xF7BE, 0xF77E, 0xE71D, 0xC5D9,
    0x528D, 0x528D, 0x528D, 0x528D, 0x528D, 0x528D, 0x528D, 0x528D, 0x528D, 0x528D, 0xA4F6, 0xDEDC, 0xF79E, 0xFFDF, 0xFFDF, 0xCE1A,
    0x63AF, 0x6C71, 0x6C71, 0x6C71, 0x6C71, 0x6C71, 0x6C71, 0x6C71, 0x6C71, 0x6C71, 0x7C52, 0x9CB5, 0xD67B, 0xE71D, 0xE71D, 0xD65B,
    0x6C92, 0x85D5, 0x85D5, 0x85D5, 0x85D5, 0x85D4, 0x85D4, 0x85D5, 0x85D5, 0x85D5, 0x6C52, 0x6BD1, 0xAD37, 0xCE1A, 0xDE9C, 0xDE9C,
    0x74B5, 0x863A, 0x863A, 0x863A, 0x863A, 0x85F6, 0x85D5, 0x8619, 0x863A, 0x863A, 0x85D9, 0x7D17, 0x6BD1, 0x9494, 0xDE9C, 0xDE9C
};

const short poke_mart_interior_tile_214[TILE_SIZE * TILE_SIZE] = {
    0x6B50, 0x8C33, 0xAD77, 0xD6DA, 0xAE93, 0x9E8F, 0xAEB0, 0xA6B0, 0x9E8F, 0x9E8F, 0x9E8F, 0x9E8F, 0x9E8F, 0x9E8F, 0x9E8F, 0x9EB0,
    0x8413, 0x8413, 0xA515, 0xD6DA, 0xAE93, 0x9E8F, 0xAEB0, 0xA6B0, 0x9E8F, 0x9E8F, 0x9E8F, 0x9E8F, 0x9E8F, 0x9E8F, 0x9E8F, 0x9EB0,
    0xBDB9, 0x6B50, 0x8432, 0xD6DA, 0xAE93, 0x9E8F, 0xAEB0, 0xA6B0, 0x9E8F, 0x9E8F, 0x9E8F, 0x9E8F, 0x9E8F, 0x9E8F, 0x9E8F, 0x9EB0,
    0xCE5A, 0x6B70, 0x8432, 0xD6DA, 0xAE93, 0x9E8F, 0xAEB0, 0xA6B0, 0x9E8F, 0x9E8F, 0x9E8F, 0x9E8F, 0x9E8F, 0x9E8F, 0x9E8F, 0x9EB0,
    0xD6BB, 0x7390, 0x8432, 0xD6DA, 0xAE93, 0x9E8F, 0xA6B0, 0xA6B0, 0x9E8F, 0x9E8F, 0x9E8F, 0x9E8F, 0x9E8F, 0x9E8F, 0x9E8F, 0x9EB0,
    0xD6BB, 0x7390, 0x8432, 0xD6DA, 0xAE93, 0x9E8F, 0x9E8F, 0xA68F, 0xAEB0, 0xA68F, 0x9E8F, 0x9E8F, 0x9E8F, 0x9E8F, 0x9E8F, 0x9EB0,
    0xD6BB, 0x7390, 0x7BD0, 0xB5D6, 0xB654, 0xAE92, 0x9E8F, 0x9E8F, 0xA6B0, 0xA6B0, 0xA68F, 0xA68F, 0xA68F, 0xA68F, 0xA68F, 0xA6D1,
    0xD6BB, 0x7390, 0x632E, 0x8C51, 0xB5D6, 0xC6B7, 0xA691, 0x9E8F, 0x9E8F, 0xA6B0, 0xB6D1, 0xB6D1, 0xB6D1, 0xB6D1, 0xB6D1, 0xB6F2,
    0xD6BB, 0x7390, 0x6BCE, 0x958F, 0x9D72, 0xAD94, 0xB675, 0xAE93, 0x9E8F, 0x9E8F, 0xA68F, 0xA68F, 0xA68F, 0xA68F, 0xA68F, 0xA6D1,
    0xCE5A, 0x6B70, 0x6C0D, 0x9E8F, 0x9570, 0x9512, 0xB5F6, 0xB675, 0xA691, 0xA691, 0xA691, 0xA691, 0xA691, 0xA691, 0xA691, 0xA6B2,
    0xA4F6, 0x630F, 0x6C0D, 0x9E8F, 0x962F, 0x95D0, 0x9512, 0xAD94, 0xC6B7, 0xC6B7, 0xC6B7, 0xC6B7, 0xC6B7, 0xC6B7, 0xC6B7, 0xCEF8,
    0x9495, 0x630F, 0x6C0D, 0x9E8F, 0x9E8F, 0x962F, 0x9570, 0x9D72, 0xB5D6, 0xB5D6, 0xB5D6, 0xB5D6, 0xB5D6, 0xB5D6, 0xB5D6, 0xBDF7,
    0x9495, 0x630F, 0x6C0D, 0x9E8F, 0x9E8F, 0x9E8F, 0x9E8F, 0x958F, 0x8C51, 0x8C51, 0x8C51, 0x8C51, 0x8C51, 0x8C51, 0x8C51, 0x9491,
    0xBD98, 0x9474, 0x8D11, 0x9E8F, 0x9E8F, 0x962F, 0x9570, 0x9D72, 0xB5D6, 0xB5D6, 0xB5D6, 0xB5D6, 0xB5D6, 0xB5D6, 0xB5D6, 0xBDF7,
    0xCE1A, 0xA4F6, 0x9552, 0x9E8F, 0x962F, 0x95D0, 0x9512, 0xAD94, 0xC6B7, 0xC6B7, 0xC6B7, 0xC6B7, 0xC6B7, 0xC6B7, 0xC6B7, 0xCEF8,
    0xC5D9, 0x7BB1, 0x746F, 0x9E8F, 0x9570, 0x9512, 0xB5F6, 0xB675, 0xA691, 0xA691, 0xA691, 0xA691, 0xA691, 0xA691, 0xA691, 0xA6B2
};

const short poke_mart_interior_tile_215[TILE_SIZE * TILE_SIZE] = {
    0x9F15, 0xA757, 0xA757, 0xA757, 0xA757, 0xA757, 0xB778, 0xCFDA, 0xB778, 0xB758, 0xE7BD, 0xDEDA, 0xB594, 0xDEDA, 0xE7BD, 0xB758,
    0x9F15, 0xA757, 0xA757, 0xA757, 0xA757, 0xA757, 0xB778, 0xCFDA, 0xB778, 0xB758, 0xE7BD, 0xDEDA, 0xB594, 0xDEDA, 0xE7BD, 0xB758,
    0x9F15, 0xA757, 0xA757, 0xA757, 0xA757, 0xA757, 0xB778, 0xCFDA, 0xB778, 0xB758, 0xE7BD, 0xDEDA, 0xB594, 0xDEDA, 0xE7BD, 0xB758,
    0x9F15, 0xA757, 0xA757, 0xA757, 0xA757, 0xA757, 0xB778, 0xCFDA, 0xB778, 0xB758, 0xE7BD, 0xDEDA, 0xB594, 0xDEDA, 0xE7BD, 0xB758,
    0x9F15, 0xA757, 0xA757, 0xA757, 0xA757, 0xA757, 0xB778, 0xC7B9, 0xAF78, 0xB758, 0xE7BD, 0xDEDA, 0xB594, 0xDEDA, 0xE7BD, 0xB758,
    0x9F15, 0xA757, 0xA757, 0xA757, 0xA757, 0xBF98, 0xB798, 0xAF57, 0xA757, 0xB758, 0xE7BD, 0xDEDA, 0xB594, 0xDEDA, 0xE7BD, 0xB758,
    0xAF56, 0xB778, 0xB778, 0xB778, 0xB778, 0xB798, 0xAF78, 0xA757, 0xB778, 0xCF5A, 0xD6FA, 0xC677, 0xA5F2, 0xC677, 0xD6FA, 0xCF5A,
    0xC798, 0xCFDA, 0xCFDA, 0xCFDA, 0xC7B9, 0xAF57, 0xA757, 0xA757, 0xD79B, 0xEF5C, 0xBDF6, 0xA5F2, 0x9E8F, 0xA5F2, 0xBDF6, 0xEF5C,
    0xAF56, 0xB778, 0xB778, 0xB778, 0xAF78, 0xA757, 0xB778, 0xD79B, 0xD6D9, 0xC656, 0xAE32, 0x9E50, 0x9E8F, 0xA693, 0xAE96, 0xC677,
    0xAF37, 0xB758, 0xB758, 0xB758, 0xB758, 0xB758, 0xCF5A, 0xEF5C, 0xC656, 0xA5D2, 0x9E4F, 0x9E8F, 0x9EB0, 0x9F14, 0xA6F6, 0xAE35,
    0xE77C, 0xE7BD, 0xE7BD, 0xE7BD, 0xE7BD, 0xE7BD, 0xD6FA, 0xBDF6, 0xAE32, 0x9E4F, 0x9E6F, 0x9ED1, 0x9F15, 0x9F36, 0xA736, 0xA6F6,
    0xD6B9, 0xDEDA, 0xDEDA, 0xDEDA, 0xDEDA, 0xDEDA, 0xC677, 0xA5F2, 0x9E50, 0x9E8F, 0x9ED1, 0x9EF4, 0xA757, 0xA757, 0xA757, 0xA757,
    0xAD53, 0xB594, 0xB594, 0xB594, 0xB594, 0xB594, 0xA5F2, 0x9E8F, 0x9E8F, 0x9EB0, 0x9F15, 0xA757, 0xA757, 0xA757, 0xA757, 0xA757,
    0xD6B9, 0xDEDA, 0xDEDA, 0xDEDA, 0xDEDA, 0xDEDA, 0xC677, 0xA5F2, 0xA693, 0x9F14, 0x9F36, 0xA757, 0xA757, 0xA757, 0xA757, 0xA757,
    0xE77C, 0xE7BD, 0xE7BD, 0xE7BD, 0xE7BD, 0xE7BD, 0xD6FA, 0xBDF6, 0xAE96, 0xA6F6, 0xA736, 0xA757, 0xA757, 0xA757, 0xA736, 0xA6F6,
    0xAF37, 0xB758, 0xB758, 0xB758, 0xB758, 0xB758, 0xCF5A, 0xEF5C, 0xC677, 0xAE35, 0xA6F6, 0xA757, 0xA757, 0xA757, 0xA6F6, 0xAE35
};

const short poke_mart_interior_tile_216[TILE_SIZE * TILE_SIZE] = {
    0xB778, 0xCFDA, 0xB778, 0xA757, 0xA757, 0xA757, 0xA757, 0xA757, 0xA757, 0xA757, 0xA757, 0xA757, 0xA757, 0xA757, 0xA757, 0xA757,
    0xB778, 0xCFDA, 0xB778, 0xA757, 0xA757, 0xA757, 0xA757, 0xA757, 0xA757, 0xA757, 0xA757, 0xA757, 0xA757, 0xA757, 0xA757, 0xA757,
    0xB778, 0xCFDA, 0xB778, 0xA757, 0xA757, 0xA757, 0xA757, 0xA757, 0xA757, 0xA757, 0xA757, 0xA757, 0xA757, 0xA757, 0xA757, 0xA757,
    0xB778, 0xCFDA, 0xB778, 0xA757, 0xA757, 0xA757, 0xA757, 0xA757, 0xA757, 0xA757, 0xA757, 0xA757, 0xA757, 0xA757, 0xA757, 0xA757,
    0xAF78, 0xC7B9, 0xB778, 0xA757, 0xA757, 0xA757, 0xA757, 0xA757, 0xA757, 0xA757, 0xA757, 0xA757, 0xA757, 0xA757, 0xA757, 0xA757,
    0xA757, 0xAF57, 0xB798, 0xBF98, 0xA757, 0xA757, 0xA757, 0xA757, 0xA757, 0xA757, 0xA757, 0xA757, 0xA757, 0xA757, 0xA757, 0xAF78,
    0xB778, 0xA757, 0xAF78, 0xB798, 0xB778, 0xB778, 0xB778, 0xB778, 0xB778, 0xB778, 0xB778, 0xB778, 0xB778, 0xB778, 0xB778, 0xB798,
    0xD79B, 0xA757, 0xA757, 0xAF57, 0xC7B9, 0xCFDA, 0xCFDA, 0xCFDA, 0xCFDA, 0xCFDA, 0xCFDA, 0xCFDA, 0xCFDA, 0xCFDA, 0xCFDA, 0xBF98,
    0xD6D9, 0xD79B, 0xB778, 0xA757, 0xAF78, 0xB778, 0xB778, 0xB778, 0xB778, 0xB778, 0xB778, 0xB778, 0xB778, 0xB778, 0xB778, 0xAF77,
    0xC677, 0xEF5C, 0xCF5A, 0xB758, 0xB758, 0xB758, 0xB758, 0xB758, 0xB758, 0xB758, 0xB758, 0xB758, 0xB758, 0xB758, 0xB758, 0xB758,
    0xAE96, 0xBDF6, 0xD6FA, 0xE7BD, 0xE7BD, 0xE7BD, 0xE7BD, 0xE7BD, 0xE7BD, 0xE7BD, 0xE7BD, 0xE7BD, 0xE7BD, 0xE7BD, 0xE7BD, 0xE7BD,
    0xA6D6, 0xAE35, 0xC698, 0xDEDA, 0xDEDA, 0xDEDA, 0xDEDA, 0xDEDA, 0xDEDA, 0xDEDA, 0xDEDA, 0xDEDA, 0xDEDA, 0xDEDA, 0xDEDA, 0xDEDA,
    0xA757, 0xA757, 0xAE35, 0xB594, 0xB594, 0xB594, 0xB594, 0xB594, 0xB594, 0xB594, 0xB594, 0xB594, 0xB594, 0xB594, 0xB594, 0xB594,
    0xA6D6, 0xAE35, 0xC698, 0xDEDA, 0xDEDA, 0xDEDA, 0xDEDA, 0xDEDA, 0xDEDA, 0xDEDA, 0xDEDA, 0xDEDA, 0xDEDA, 0xDEDA, 0xDEDA, 0xDEDA,
    0xAE96, 0xBDF6, 0xD6FA, 0xE7BD, 0xE7BD, 0xE7BD, 0xE7BD, 0xE7BD, 0xE7BD, 0xE7BD, 0xE7BD, 0xE7BD, 0xE7BD, 0xE7BD, 0xE7BD, 0xE7BD,
    0xC677, 0xEF5C, 0xCF5A, 0xB758, 0xB758, 0xB758, 0xB758, 0xB758, 0xB758, 0xB758, 0xB758, 0xB758, 0xB758, 0xB758, 0xB758, 0xB758
};

const short poke_mart_interior_tile_217[TILE_SIZE * TILE_SIZE] = {
    0xA757, 0xBF98, 0xC7B9, 0xAF57, 0xC77A, 0xFFDF, 0xCE78, 0xAD54, 0x9CB4, 0x83F2, 0x630F, 0x630F, 0x6B50, 0x8C33, 0x8413, 0x6B50,
    0xA757, 0xBF98, 0xC7B9, 0xAF57, 0xC77A, 0xFFDF, 0xCE78, 0xA533, 0x8C53, 0x8413, 0x8413, 0x8413, 0x8413, 0x8413, 0x7370, 0x528D,
    0xA757, 0xBF98, 0xC7B9, 0xAF57, 0xC77A, 0xFFDF, 0xCE78, 0x9CF2, 0x630E, 0x8413, 0xDE9C, 0xDE9C, 0xBDB9, 0x6B50, 0x528D, 0x528D,
    0xA757, 0xBF98, 0xC7B9, 0xAF57, 0xC77A, 0xFFDF, 0xCE78, 0x9CF2, 0x630E, 0x8C73, 0xEF5D, 0xEF5D, 0xCE5A, 0x6B70, 0x5AD1, 0x7357,
    0xAF57, 0xB798, 0xBF98, 0xA757, 0xC77A, 0xFFDF, 0xCE78, 0x9CF2, 0x630E, 0x9494, 0xFFDF, 0xFFDF, 0xD6BB, 0x7390, 0x6314, 0x8BDF,
    0xC7B9, 0xB778, 0xA757, 0xA757, 0xC77A, 0xFFDF, 0xCE78, 0x9CF2, 0x630E, 0x9494, 0xFFDF, 0xFFDF, 0xD6BB, 0x7390, 0x6314, 0x8BDF,
    0xBF98, 0xAF77, 0xA757, 0xBF79, 0xCF3A, 0xDEDA, 0xBE55, 0x9531, 0x632E, 0x9494, 0xFFDF, 0xFFDF, 0xD6BB, 0x7390, 0x5AD1, 0x7357,
    0xA757, 0xA757, 0xB758, 0xE7BD, 0xDEDA, 0xB594, 0xA611, 0x8DAE, 0x5B4D, 0x9494, 0xFFDF, 0xFFDF, 0xD6BB, 0x7390, 0x528D, 0x528D,
    0xA757, 0xC779, 0xD75B, 0xCEB9, 0xBE55, 0xA611, 0x9E4F, 0x8DAE, 0x5B4D, 0x9494, 0xFFDF, 0xDEDC, 0xBDB8, 0x9474, 0x9CB4, 0xB5B7,
    0xB758, 0xD75B, 0xDEFA, 0xBE15, 0xA611, 0x9E8F, 0x9E90, 0x8DCF, 0x5B4D, 0x8C73, 0xEF3D, 0xC61A, 0xB558, 0xB598, 0xD67B, 0xFFDF,
    0xE7BD, 0xCEB9, 0xBE15, 0xA631, 0x9E6F, 0x9E8F, 0x9EF2, 0x8E33, 0x636E, 0x7BB1, 0xBD98, 0xC5FA, 0xD67B, 0xE71C, 0xEF7E, 0xFFDF,
    0xDEDA, 0xBE55, 0xA611, 0x9E6F, 0x9EB0, 0x9ED2, 0x9F15, 0x9655, 0x636F, 0x7391, 0xAD17, 0xCE3A, 0xEF3D, 0xF79E, 0xF79E, 0xEF5D,
    0xB594, 0xA611, 0x9E8F, 0x9E8F, 0x9ED2, 0xA757, 0xA757, 0x9655, 0x636F, 0x7391, 0xAD17, 0xDEBB, 0xFFDF, 0xFFDF, 0xEF5D, 0xDE9C,
    0xDEDA, 0xBE55, 0xA612, 0x9ED3, 0x9F15, 0xA757, 0xA757, 0x9E96, 0x8CB3, 0x9CD5, 0xC5FA, 0xDE9B, 0xE71D, 0xE71D, 0xBDD9, 0x8413,
    0xE7BD, 0xCEB9, 0xBE36, 0xAEB6, 0xA716, 0xA757, 0xA757, 0x9EB6, 0x9D15, 0xB557, 0xDE9C, 0xDE9C, 0xD65B, 0xC5F9, 0x94B5, 0x5B50,
    0xB758, 0xD75B, 0xDF1B, 0xBE36, 0xAE75, 0xA757, 0xA757, 0x9675, 0x6BD0, 0x9474, 0xDE9C, 0xDE9C, 0xC5F9, 0x83F2, 0x7433, 0x7D99
};

const short poke_mart_interior_tile_218[TILE_SIZE * TILE_SIZE] = {
    0x6B50, 0x6B50, 0x6B50, 0x62EE, 0x528D, 0x62EE, 0x6B50, 0x6B50, 0x6B50, 0x6B50, 0x5ACE, 0x6B50, 0xBDB9, 0xE71D, 0xFFDF, 0xFFDF,
    0x7BD1, 0x8432, 0x5AEE, 0x528D, 0x528D, 0x528D, 0x5AEE, 0x8432, 0x7BD1, 0x528D, 0x528D, 0x6B50, 0xBDB9, 0xE71D, 0xFFDF, 0xFFDF,
    0xB5B7, 0xD6BB, 0x7390, 0x528D, 0x528D, 0x528D, 0x7390, 0xD6BB, 0xB5B7, 0x528D, 0x528D, 0x6B50, 0xBDB9, 0xE71D, 0xFFDF, 0xFFDF,
    0xC5FC, 0xDEDD, 0x8C39, 0x62F3, 0x528D, 0x62F3, 0x8C39, 0xDEDD, 0xC5FC, 0x7357, 0x5AD1, 0x6B50, 0xBDB9, 0xE71D, 0xFFDF, 0xFFDF,
    0xCE3F, 0xE6FF, 0x9C9F, 0x7357, 0x528D, 0x7357, 0x9C9F, 0xE6FF, 0xCE3F, 0x8BDF, 0x6314, 0x6B50, 0xBDB9, 0xE71D, 0xFFDF, 0xFFDF,
    0xCE3F, 0xE6FF, 0x9C9F, 0x7357, 0x528D, 0x7357, 0x9C9F, 0xE6FF, 0xCE3F, 0x8BDF, 0x6314, 0x6B50, 0xBDB9, 0xE71D, 0xFFDF, 0xFFDF,
    0x9CB7, 0xAD37, 0x7BB7, 0x62F3, 0x528D, 0x62F3, 0x7BB7, 0xAD37, 0x9CB7, 0x7357, 0x5AD1, 0x6B50, 0xBDB9, 0xE71D, 0xFFDF, 0xFFDF,
    0x528D, 0x528D, 0x528D, 0x528D, 0x528D, 0x528D, 0x528D, 0x528D, 0x528D, 0x528D, 0x528D, 0x6B50, 0xBDB9, 0xE71D, 0xFFDF, 0xFFDF,
    0xB5B7, 0xB5B7, 0xB5B7, 0xB5B7, 0xB5B7, 0xB5B7, 0xB597, 0xA516, 0xA4F6, 0xA4F6, 0x7370, 0x6B50, 0xBDB9, 0xD65B, 0xCE1A, 0xCE1A,
    0xFFDF, 0xFFDF, 0xFFDF, 0xFFDF, 0xFFDF, 0xFFDF, 0xF79E, 0xDEDC, 0xDE9C, 0xDE9C, 0x8413, 0x6B4F, 0xB578, 0xBDB9, 0xAD17, 0xAD17,
    0xFFDF, 0xFFDF, 0xFFDF, 0xFFDF, 0xFFDF, 0xFFDF, 0xF79E, 0xDEDC, 0xDE9C, 0xDE9C, 0x8413, 0x630F, 0x9CD5, 0xAD37, 0xAD17, 0xAD17,
    0xCE5A, 0xB5B7, 0xB5B7, 0xB5B7, 0xB5B7, 0xB5B7, 0xB597, 0xA516, 0xA4F6, 0xA4F6, 0x7370, 0x630F, 0x9495, 0xAD17, 0xAD17, 0xAD17,
    0x8413, 0x528D, 0x528D, 0x528D, 0x528D, 0x528D, 0x528D, 0x528D, 0x528D, 0x528D, 0x528D, 0x630F, 0x9495, 0xAD17, 0xAD17, 0xAD17,
    0x7451, 0x6C71, 0x6C71, 0x6C71, 0x6C71, 0x6C71, 0x6C71, 0x6C71, 0x6C71, 0x6C71, 0x5B4E, 0x630F, 0x9495, 0xAD17, 0xAD17, 0xAD17,
    0x74D3, 0x85D5, 0x85D5, 0x85D5, 0x85D4, 0x85D5, 0x85D5, 0x85D5, 0x85D5, 0x85D5, 0x63D0, 0x630F, 0x9495, 0xAD17, 0xAD17, 0xAD17,
    0x85F9, 0x863A, 0x863A, 0x8617, 0x85D4, 0x8617, 0x863A, 0x863A, 0x863A, 0x863A, 0x63F2, 0x630F, 0x9495, 0xAD17, 0xAD17, 0xAD17
};

const short poke_mart_interior_tile_219[TILE_SIZE * TILE_SIZE] = {
    0xEF3D, 0xBD98, 0x630D, 0x0000, 0x0000, 0x0000, 0x0000, 0x0000, 0x0000, 0x0000, 0x0000, 0x0000, 0x0000, 0x0000, 0x0000, 0x0000,
    0xEF3D, 0xBD98, 0x630D, 0x0000, 0x0000, 0x0000, 0x0000, 0x0000, 0x0000, 0x0000, 0x0000, 0x0000, 0x0000, 0x0000, 0x0000, 0x0000,
    0xEF3D, 0xBD98, 0x630D, 0x0000, 0x0000, 0x0000, 0x0000, 0x0000, 0x0000, 0x0000, 0x0000, 0x0000, 0x0000, 0x0000, 0x0000, 0x0000,
    0xEF3D, 0xBD98, 0x630D, 0x0000, 0x0000, 0x0000, 0x0000, 0x0000, 0x0000, 0x0000, 0x0000, 0x0000, 0x0000, 0x0000, 0x0000, 0x0000,
    0xEF3D, 0xBD98, 0x630D, 0x0000, 0x0000, 0x0000, 0x0000, 0x0000, 0x0000, 0x0000, 0x0000, 0x0000, 0x0000, 0x0000, 0x0000, 0x0000,
    0xEF3D, 0xBD98, 0x630D, 0x0000, 0x0000, 0x0000, 0x0000, 0x0000, 0x0000, 0x0000, 0x0000, 0x0000, 0x0000, 0x0000, 0x0000, 0x0000,
    0xE71C, 0x9CD5, 0x526B, 0x0000, 0x0000, 0x0000, 0x0000, 0x0000, 0x0000, 0x0000, 0x0000, 0x0000, 0x0000, 0x0000, 0x0000, 0x0000,
    0xD6BB, 0x7390, 0x3187, 0x0000, 0x0000, 0x0000, 0x0000, 0x0000, 0x0000, 0x0000, 0x0000, 0x0000, 0x0000, 0x0000, 0x0000, 0x0000,
    0xB577, 0x6B2F, 0x3187, 0x0000, 0x0000, 0x0000, 0x0000, 0x0000, 0x0000, 0x0000, 0x0000, 0x0000, 0x0000, 0x0000, 0x0000, 0x0000,
    0x9495, 0x630F, 0x3187, 0x0000, 0x0000, 0x0000, 0x0000, 0x0000, 0x0000, 0x0000, 0x0000, 0x0000, 0x0000, 0x0000, 0x0000, 0x0000,
    0x9495, 0x630F, 0x3187, 0x0000, 0x0000, 0x0000, 0x0000, 0x0000, 0x0000, 0x0000, 0x0000, 0x0000, 0x0000, 0x0000, 0x0000, 0x0000,
    0x9495, 0x630F, 0x3187, 0x0000, 0x0000, 0x0000, 0x0000, 0x0000, 0x0000, 0x0000, 0x0000, 0x0000, 0x0000, 0x0000, 0x0000, 0x0000,
    0x9495, 0x630F, 0x3187, 0x0000, 0x0000, 0x0000, 0x0000, 0x0000, 0x0000, 0x0000, 0x0000, 0x0000, 0x0000, 0x0000, 0x0000, 0x0000,
    0x9495, 0x630F, 0x3187, 0x0000, 0x0000, 0x0000, 0x0000, 0x0000, 0x0000, 0x0000, 0x0000, 0x0000, 0x0000, 0x0000, 0x0000, 0x0000,
    0x9495, 0x630F, 0x3187, 0x0000, 0x0000, 0x0000, 0x0000, 0x0000, 0x0000, 0x0000, 0x0000, 0x0000, 0x0000, 0x0000, 0x0000, 0x0000,
    0x9495, 0x630F, 0x3187, 0x0000, 0x0000, 0x0000, 0x0000, 0x0000, 0x0000, 0x0000, 0x0000, 0x0000, 0x0000, 0x0000, 0x0000, 0x0000
};

const short poke_mart_interior_tile_220[TILE_SIZE * TILE_SIZE] = {
    0x0000, 0x0000, 0x0000, 0x0000, 0x0000, 0x0000, 0x0000, 0x0000, 0x0000, 0x0000, 0x0000, 0x0000, 0x0000, 0x5B69, 0x9590, 0xA553,
    0x0000, 0x0000, 0x0000, 0x0000, 0x0000, 0x0000, 0x0000, 0x0000, 0x0000, 0x0000, 0x0000, 0x0000, 0x0000, 0x528A, 0x94D2, 0xC658,
    0x0000, 0x0000, 0x0000, 0x0000, 0x0000, 0x0000, 0x0000, 0x0000, 0x0000, 0x0000, 0x0000, 0x0000, 0x0000, 0x6B6D, 0xB5F5, 0xAE74,
    0x0000, 0x0000, 0x0000, 0x0000, 0x0000, 0x0000, 0x0000, 0x0000, 0x0000, 0x0000, 0x0000, 0x0000, 0x0000, 0x7C0F, 0xC6B7, 0xA691,
    0x0000, 0x0000, 0x0000, 0x0000, 0x0000, 0x0000, 0x0000, 0x0000, 0x0000, 0x0000, 0x0000, 0x0000, 0x0000, 0x7C0F, 0xC6B7, 0xA691,
    0x0000, 0x0000, 0x0000, 0x0000, 0x0000, 0x0000, 0x0000, 0x0000, 0x0000, 0x0000, 0x0000, 0x0000, 0x0000, 0x7C0F, 0xC6B7, 0xA691,
    0x0000, 0x0000, 0x0000, 0x0000, 0x0000, 0x0000, 0x0000, 0x0000, 0x0000, 0x0000, 0x0000, 0x0000, 0x0000, 0x7C0F, 0xC6B7, 0xA691,
    0x0000, 0x0000, 0x0000, 0x0000, 0x0000, 0x0000, 0x0000, 0x0000, 0x0000, 0x0000, 0x0000, 0x0000, 0x0000, 0x7C0F, 0xC6B7, 0xA691,
    0x0000, 0x0000, 0x0000, 0x0000, 0x0000, 0x0000, 0x0000, 0x0000, 0x0000, 0x0000, 0x0000, 0x0000, 0x0000, 0x7C0F, 0xC6B7, 0xA691,
    0x0000, 0x0000, 0x0000, 0x0000, 0x0000, 0x0000, 0x0000, 0x0000, 0x0000, 0x0000, 0x0000, 0x0000, 0x0000, 0x7C0F, 0xC6B7, 0xA691,
    0x0000, 0x0000, 0x0000, 0x0000, 0x0000, 0x0000, 0x0000, 0x0000, 0x0000, 0x0000, 0x0000, 0x0000, 0x0000, 0x7C0F, 0xC6B7, 0xA691,
    0x0000, 0x0000, 0x0000, 0x0000, 0x0000, 0x0000, 0x0000, 0x0000, 0x0000, 0x0000, 0x0000, 0x0000, 0x0000, 0x7C0F, 0xC6B7, 0xA691,
    0x0000, 0x0000, 0x0000, 0x0000, 0x0000, 0x0000, 0x0000, 0x0000, 0x0000, 0x0000, 0x0000, 0x0000, 0x0000, 0x7C0F, 0xC6B7, 0xA691,
    0x0000, 0x0000, 0x0000, 0x0000, 0x0000, 0x0000, 0x0000, 0x0000, 0x0000, 0x0000, 0x0000, 0x0000, 0x0000, 0x7C0F, 0xC6B7, 0xA691,
    0x0000, 0x0000, 0x0000, 0x0000, 0x0000, 0x0000, 0x0000, 0x0000, 0x0000, 0x0000, 0x0000, 0x0000, 0x0000, 0x7C0F, 0xC6B7, 0xA691,
    0x0000, 0x0000, 0x0000, 0x0000, 0x0000, 0x0000, 0x0000, 0x0000, 0x0000, 0x0000, 0x0000, 0x0000, 0x0000, 0x7C0F, 0xC6B7, 0xA691
};

const short poke_mart_interior_tile_221[TILE_SIZE * TILE_SIZE] = {
    0xADD5, 0xBEB5, 0xA691, 0x9E8F, 0xA68F, 0xA68F, 0xA68F, 0xA68F, 0xA68F, 0xA68F, 0xA68F, 0xA68F, 0xA68F, 0xA68F, 0xA68F, 0x9E8F,
    0xBEB5, 0x9E8F, 0x9E8F, 0x9E8F, 0xAEB0, 0xB6D1, 0xB6D1, 0xB6D1, 0xB6D1, 0xB6D1, 0xB6D1, 0xB6D1, 0xB6D1, 0xB6D1, 0xB6D1, 0xA6B0,
    0xA691, 0x9E8F, 0xA68F, 0xA6B0, 0xA68F, 0xA68F, 0xA68F, 0xA68F, 0xA68F, 0xA68F, 0xA68F, 0xA68F, 0xA68F, 0xA68F, 0xA68F, 0xA6B0,
    0x9E8F, 0x9E8F, 0xA6B0, 0xA6B0, 0x9E8F, 0x9E8F, 0x9E8F, 0x9E8F, 0x9E8F, 0x9E8F, 0x9E8F, 0x9E8F, 0x9E8F, 0x9E8F, 0x9E8F, 0xA68F,
    0xA68F, 0xAEB0, 0xA68F, 0x9E8F, 0x9E8F, 0x9E8F, 0x9E8F, 0x9E8F, 0x9E8F, 0x9E8F, 0x9E8F, 0x9E8F, 0x9E8F, 0x9E8F, 0x9E8F, 0x9E8F,
    0xA68F, 0xB6D1, 0xA68F, 0x9E8F, 0x9E8F, 0x9E8F, 0x9E8F, 0x9E8F, 0x9E8F, 0x9E8F, 0x9E8F, 0x9E8F, 0x9E8F, 0x9E8F, 0x9E8F, 0x9E8F,
    0xA68F, 0xB6D1, 0xA68F, 0x9E8F, 0x9E8F, 0x9E8F, 0x9E8F, 0x9E8F, 0x9E8F, 0x9E8F, 0x9E8F, 0x9E8F, 0x9E8F, 0x9E8F, 0x9E8F, 0x9E8F,
    0xA68F, 0xB6D1, 0xA68F, 0x9E8F, 0x9E8F, 0x9E8F, 0x9E8F, 0x9E8F, 0x9E8F, 0x9E8F, 0x9E8F, 0x9E8F, 0x9E8F, 0x9E8F, 0x9E8F, 0x9E8F,
    0xA68F, 0xB6D1, 0xA68F, 0x9E8F, 0x9E8F, 0x9E8F, 0x9E8F, 0x9E8F, 0x9E8F, 0x9E8F, 0x9E8F, 0x9E8F, 0x9E8F, 0x9E8F, 0x9E8F, 0x9E8F,
    0xA68F, 0xB6D1, 0xA68F, 0x9E8F, 0x9E8F, 0x9E8F, 0x9E8F, 0x9E8F, 0x9E8F, 0x9E8F, 0x9E8F, 0x9E8F, 0x9E8F, 0x9E8F, 0x9E8F, 0x9E8F,
    0xA68F, 0xB6D1, 0xA68F, 0x9E8F, 0x9E8F, 0x9E8F, 0x9E8F, 0x9E8F, 0x9E8F, 0x9E8F, 0x9E8F, 0x9E8F, 0x9E8F, 0x9E8F, 0x9E8F, 0x9E8F,
    0xA68F, 0xB6D1, 0xA68F, 0x9E8F, 0x9E8F, 0x9E8F, 0x9E8F, 0x9E8F, 0x9E8F, 0x9E8F, 0x9E8F, 0x9E8F, 0x9E8F, 0x9E8F, 0x9E8F, 0x9E8F,
    0xA68F, 0xB6D1, 0xA68F, 0x9E8F, 0x9E8F, 0x9E8F, 0x9E8F, 0x9E8F, 0x9E8F, 0x9E8F, 0x9E8F, 0x9E8F, 0x9E8F, 0x9E8F, 0x9E8F, 0x9E8F,
    0xA68F, 0xB6D1, 0xA68F, 0x9E8F, 0x9E8F, 0x9E8F, 0x9E8F, 0x9E8F, 0x9E8F, 0x9E8F, 0x9E8F, 0x9E8F, 0x9E8F, 0x9E8F, 0x9E8F, 0x9E8F,
    0xA68F, 0xB6D1, 0xA68F, 0x9E8F, 0x9E8F, 0x9E8F, 0x9E8F, 0x9E8F, 0x9E8F, 0x9E8F, 0x9E8F, 0x9E8F, 0x9E8F, 0x9E8F, 0x9E8F, 0x9E8F,
    0x9E8F, 0xA6B0, 0xA6B0, 0xA68F, 0x9E8F, 0x9E8F, 0x9E8F, 0x9E8F, 0x9E8F, 0x9E8F, 0x9E8F, 0x9E8F, 0x9E8F, 0x9E8F, 0x9E8F, 0x9E8F
};

const short poke_mart_interior_tile_222[TILE_SIZE * TILE_SIZE] = {
    0x9E8F, 0xAE93, 0xB675, 0xAD94, 0x9D72, 0x958F, 0x962F, 0x9E90, 0xA694, 0xB696, 0xCE78, 0xD71A, 0xCF9A, 0xAF58, 0xA757, 0xB778,
    0x9E8F, 0x9E8F, 0xA691, 0xC6B7, 0xB5D6, 0x8C51, 0x958F, 0x9E50, 0xADB3, 0xCE78, 0xFFDF, 0xC77A, 0xA757, 0xA757, 0xB778, 0xCFDA,
    0xA6B0, 0x9E8F, 0x9E8F, 0xAE92, 0xB654, 0xB5D6, 0x9D72, 0x9D92, 0xCE98, 0xD71A, 0xC77A, 0xAF58, 0xA757, 0xB798, 0xB798, 0xB778,
    0xAEB0, 0xA68F, 0x9E8F, 0x9E8F, 0xAE93, 0xD6DA, 0xA554, 0x9CF3, 0xE71C, 0xD79B, 0xA757, 0xA757, 0xAF78, 0xBF99, 0xB798, 0xA757,
    0x9E8F, 0xA6B0, 0xA6B0, 0x9E8F, 0xAE93, 0xD6DA, 0xA554, 0x9CF3, 0xE71C, 0xD79B, 0xA757, 0xB798, 0xBF99, 0xAF78, 0xA757, 0xA757,
    0x9E8F, 0xA6B0, 0xAEB0, 0x9E8F, 0xAE93, 0xD6DA, 0xA554, 0x9CF3, 0xE71C, 0xD79B, 0xA757, 0xBF98, 0xC7B9, 0xAF57, 0xA757, 0xA757,
    0x9E8F, 0xA6B0, 0xAEB0, 0x9E8F, 0xAE93, 0xD6DA, 0xA554, 0x9CF3, 0xE71C, 0xD79B, 0xA757, 0xBF98, 0xC7B9, 0xAF57, 0xA757, 0xA757,
    0x9E8F, 0xA6B0, 0xAEB0, 0x9E8F, 0xAE93, 0xD6DA, 0xA554, 0x9CF3, 0xE71C, 0xD79B, 0xA757, 0xBF98, 0xC7B9, 0xAF57, 0xA757, 0xA757,
    0x9E8F, 0xA6B0, 0xAEB0, 0x9E8F, 0xAE93, 0xD6DA, 0xA554, 0x9CF3, 0xE71C, 0xD79B, 0xA757, 0xBF98, 0xC7B9, 0xAF57, 0xA757, 0xA757,
    0x9E8F, 0xA6B0, 0xAEB0, 0x9E8F, 0xAE93, 0xD6DA, 0xA554, 0x9CF3, 0xE71C, 0xD79B, 0xA757, 0xBF98, 0xC7B9, 0xAF57, 0xA757, 0xA757,
    0x9E8F, 0xA6B0, 0xAEB0, 0x9E8F, 0xAE93, 0xD6DA, 0xA554, 0x9CF3, 0xE71C, 0xD79B, 0xA757, 0xBF98, 0xC7B9, 0xAF57, 0xA757, 0xA757,
    0x9E8F, 0xA6B0, 0xAEB0, 0x9E8F, 0xAE93, 0xD6DA, 0xA554, 0x9CF3, 0xE71C, 0xD79B, 0xA757, 0xBF98, 0xC7B9, 0xAF57, 0xA757, 0xA757,
    0x9E8F, 0xA6B0, 0xAEB0, 0x9E8F, 0xAE93, 0xD6DA, 0xA554, 0x9CF3, 0xE71C, 0xD79B, 0xA757, 0xBF98, 0xC7B9, 0xAF57, 0xA757, 0xA757,
    0x9E8F, 0xA6B0, 0xAEB0, 0x9E8F, 0xAE93, 0xD6DA, 0xA554, 0x9CF3, 0xE71C, 0xD79B, 0xA757, 0xBF98, 0xC7B9, 0xAF57, 0xA757, 0xA757,
    0x9E8F, 0xA6B0, 0xAEB0, 0x9E8F, 0xAE93, 0xD6DA, 0xA554, 0x9CF3, 0xE71C, 0xD79B, 0xA757, 0xBF98, 0xC7B9, 0xAF57, 0xA757, 0xA757,
    0xA68F, 0xA6B0, 0xA6B0, 0x9E8F, 0xAE93, 0xD6DA, 0xA554, 0x9CF3, 0xE71C, 0xD79B, 0xA757, 0xAF78, 0xB798, 0xB778, 0xAF77, 0xA757
};

const short poke_mart_interior_tile_223[TILE_SIZE * TILE_SIZE] = {
    0xB778, 0xB778, 0xB778, 0xB778, 0xB778, 0xB778, 0xB778, 0xB778, 0xB778, 0xB778, 0xA757, 0xAF58, 0xCF9A, 0xD71A, 0xCE78, 0xB696,
    0xCFDA, 0xCFDA, 0xCFDA, 0xCFDA, 0xCFDA, 0xCFDA, 0xCFDA, 0xCFDA, 0xCFDA, 0xCFDA, 0xB778, 0xA757, 0xA757, 0xC77A, 0xFFDF, 0xCE78,
    0xB778, 0xB778, 0xB778, 0xB778, 0xB778, 0xB778, 0xB778, 0xB778, 0xB778, 0xB778, 0xB798, 0xB798, 0xA757, 0xAF58, 0xC77A, 0xD71A,
    0xA757, 0xA757, 0xA757, 0xA757, 0xA757, 0xA757, 0xA757, 0xA757, 0xA757, 0xA757, 0xB798, 0xBF99, 0xAF78, 0xA757, 0xA757, 0xD79B,
    0xA757, 0xA757, 0xA757, 0xA757, 0xA757, 0xA757, 0xA757, 0xA757, 0xA757, 0xA757, 0xA757, 0xAF78, 0xBF99, 0xB798, 0xA757, 0xD79B,
    0xA757, 0xA757, 0xA757, 0xA757, 0xA757, 0xA757, 0xA757, 0xA757, 0xA757, 0xA757, 0xA757, 0xAF57, 0xC7B9, 0xBF98, 0xA757, 0xD79B,
    0xA757, 0xA757, 0xA757, 0xA757, 0xA757, 0xA757, 0xA757, 0xA757, 0xA757, 0xA757, 0xA757, 0xAF57, 0xC7B9, 0xBF98, 0xA757, 0xD79B,
    0xA757, 0xA757, 0xA757, 0xA757, 0xA757, 0xA757, 0xA757, 0xA757, 0xA757, 0xA757, 0xA757, 0xAF57, 0xC7B9, 0xBF98, 0xA757, 0xD79B,
    0xA757, 0xA757, 0xA757, 0xA757, 0xA757, 0xA757, 0xA757, 0xA757, 0xA757, 0xA757, 0xA757, 0xAF57, 0xC7B9, 0xBF98, 0xA757, 0xD79B,
    0xA757, 0xA757, 0xA757, 0xA757, 0xA757, 0xA757, 0xA757, 0xA757, 0xA757, 0xA757, 0xA757, 0xAF57, 0xC7B9, 0xBF98, 0xA757, 0xD79B,
    0xA757, 0xA757, 0xA757, 0xA757, 0xA757, 0xA757, 0xA757, 0xA757, 0xA757, 0xA757, 0xA757, 0xAF57, 0xC7B9, 0xBF98, 0xA757, 0xD79B,
    0xA757, 0xA757, 0xA757, 0xA757, 0xA757, 0xA757, 0xA757, 0xA757, 0xA757, 0xA757, 0xA757, 0xAF57, 0xC7B9, 0xBF98, 0xA757, 0xD79B,
    0xA757, 0xA757, 0xA757, 0xA757, 0xA757, 0xA757, 0xA757, 0xA757, 0xA757, 0xA757, 0xA757, 0xAF57, 0xC7B9, 0xBF98, 0xA757, 0xD79B,
    0xA757, 0xA757, 0xA757, 0xA757, 0xA757, 0xA757, 0xA757, 0xA757, 0xA757, 0xA757, 0xA757, 0xAF57, 0xC7B9, 0xBF98, 0xA757, 0xD79B,
    0xA757, 0xA757, 0xA757, 0xA757, 0xA757, 0xA757, 0xA757, 0xA757, 0xA757, 0xA757, 0xA757, 0xAF57, 0xC7B9, 0xBF98, 0xA757, 0xD79B,
    0xA757, 0xA757, 0xA757, 0xA757, 0xA757, 0xA757, 0xA757, 0xA757, 0xA757, 0xA757, 0xAF77, 0xB778, 0xB798, 0xAF78, 0xA757, 0xD79B
};

const short poke_mart_interior_tile_224[TILE_SIZE * TILE_SIZE] = {
    0xA6B6, 0xA736, 0xA6F6, 0xA695, 0xBE77, 0xCEB9, 0xD75B, 0xC779, 0xA757, 0xAF77, 0xB778, 0xB778, 0xB778, 0xB778, 0xB778, 0xB778,
    0xADD4, 0xA6F6, 0xA695, 0xB594, 0xDEDA, 0xE7BD, 0xB758, 0xA757, 0xA757, 0xBF98, 0xCFDA, 0xCFDA, 0xCFDA, 0xCFDA, 0xCFDA, 0xCFDA,
    0xD6B9, 0xB656, 0xBE77, 0xDEDA, 0xCF3A, 0xBF79, 0xA757, 0xAF77, 0xBF98, 0xB798, 0xB778, 0xB778, 0xB778, 0xB778, 0xB778, 0xB778,
    0xEF5C, 0xBDF6, 0xCE78, 0xFFDF, 0xC77A, 0xA757, 0xA757, 0xB778, 0xC7B9, 0xAF78, 0xA757, 0xA757, 0xA757, 0xA757, 0xA757, 0xA757,
    0xEF5C, 0xBDF6, 0xCE78, 0xFFDF, 0xC77A, 0xA757, 0xBF98, 0xB798, 0xAF57, 0xA757, 0xA757, 0xA757, 0xA757, 0xA757, 0xA757, 0xA757,
    0xEF5C, 0xBDF6, 0xCE78, 0xFFDF, 0xC77A, 0xAF57, 0xC7B9, 0xBF98, 0xA757, 0xA757, 0xA757, 0xA757, 0xA757, 0xA757, 0xA757, 0xA757,
    0xEF5C, 0xBDF6, 0xCE78, 0xFFDF, 0xC77A, 0xAF57, 0xC7B9, 0xBF98, 0xA757, 0xA757, 0xA757, 0xA757, 0xA757, 0xA757, 0xA757, 0xA757,
    0xEF5C, 0xBDF6, 0xCE78, 0xFFDF, 0xC77A, 0xAF57, 0xC7B9, 0xBF98, 0xA757, 0xA757, 0xA757, 0xA757, 0xA757, 0xA757, 0xA757, 0xA757,
    0xEF5C, 0xBDF6, 0xCE78, 0xFFDF, 0xC77A, 0xAF57, 0xC7B9, 0xBF98, 0xA757, 0xA757, 0xA757, 0xA757, 0xA757, 0xA757, 0xA757, 0xA757,
    0xEF5C, 0xBDF6, 0xCE78, 0xFFDF, 0xC77A, 0xAF57, 0xC7B9, 0xBF98, 0xA757, 0xA757, 0xA757, 0xA757, 0xA757, 0xA757, 0xA757, 0xA757,
    0xEF5C, 0xBDF6, 0xCE78, 0xFFDF, 0xC77A, 0xAF57, 0xC7B9, 0xBF98, 0xA757, 0xA757, 0xA757, 0xA757, 0xA757, 0xA757, 0xA757, 0xA757,
    0xEF5C, 0xBDF6, 0xCE78, 0xFFDF, 0xC77A, 0xAF57, 0xC7B9, 0xBF98, 0xA757, 0xA757, 0xA757, 0xA757, 0xA757, 0xA757, 0xA757, 0xA757,
    0xEF5C, 0xBDF6, 0xCE78, 0xFFDF, 0xC77A, 0xAF57, 0xC7B9, 0xBF98, 0xA757, 0xA757, 0xA757, 0xA757, 0xA757, 0xA757, 0xA757, 0xA757,
    0xEF5C, 0xBDF6, 0xCE78, 0xFFDF, 0xC77A, 0xAF57, 0xC7B9, 0xBF98, 0xA757, 0xA757, 0xA757, 0xA757, 0xA757, 0xA757, 0xA757, 0xA757,
    0xEF5C, 0xBDF6, 0xCE78, 0xFFDF, 0xC77A, 0xAF57, 0xC7B9, 0xBF98, 0xA757, 0xA757, 0xA757, 0xA757, 0xA757, 0xA757, 0xA757, 0xA757,
    0xEF5C, 0xBDF6, 0xCE78, 0xFFDF, 0xC77A, 0xA757, 0xB798, 0xB798, 0xB778, 0xA757, 0xA757, 0xA757, 0xA757, 0xA757, 0xA757, 0xA757
};

const short poke_mart_interior_tile_225[TILE_SIZE * TILE_SIZE] = {
    0xB778, 0xB778, 0xB778, 0xB778, 0xAF78, 0xA757, 0xB778, 0xD79B, 0xD6D9, 0xC677, 0xAE96, 0xA6D6, 0xA757, 0xA6D6, 0xAE96, 0xC677,
    0xCFDA, 0xCFDA, 0xCFDA, 0xCFDA, 0xC7B9, 0xAF57, 0xA757, 0xA757, 0xD79B, 0xEF5C, 0xBDF6, 0xAE35, 0xA757, 0xAE35, 0xBDF6, 0xEF5C,
    0xB778, 0xB778, 0xB778, 0xB778, 0xB778, 0xB798, 0xAF78, 0xA757, 0xB778, 0xCF5A, 0xD6FA, 0xC698, 0xAE35, 0xC698, 0xD6FA, 0xCF5A,
    0xA757, 0xA757, 0xA757, 0xA757, 0xA757, 0xBF98, 0xB798, 0xAF57, 0xA757, 0xB758, 0xE7BD, 0xDEDA, 0xB594, 0xDEDA, 0xE7BD, 0xB758,
    0xA757, 0xA757, 0xA757, 0xA757, 0xA757, 0xA757, 0xB778, 0xC7B9, 0xAF78, 0xB758, 0xE7BD, 0xDEDA, 0xB594, 0xDEDA, 0xE7BD, 0xB758,
    0xA757, 0xA757, 0xA757, 0xA757, 0xA757, 0xA757, 0xB778, 0xCFDA, 0xB778, 0xB758, 0xE7BD, 0xDEDA, 0xB594, 0xDEDA, 0xE7BD, 0xB758,
    0xA757, 0xA757, 0xA757, 0xA757, 0xA757, 0xA757, 0xB778, 0xCFDA, 0xB778, 0xB758, 0xE7BD, 0xDEDA, 0xB594, 0xDEDA, 0xE7BD, 0xB758,
    0xA757, 0xA757, 0xA757, 0xA757, 0xA757, 0xA757, 0xB778, 0xCFDA, 0xB778, 0xB758, 0xE7BD, 0xDEDA, 0xB594, 0xDEDA, 0xE7BD, 0xB758,
    0xA757, 0xA757, 0xA757, 0xA757, 0xA757, 0xA757, 0xB778, 0xCFDA, 0xB778, 0xB758, 0xE7BD, 0xDEDA, 0xB594, 0xDEDA, 0xE7BD, 0xB758,
    0xA757, 0xA757, 0xA757, 0xA757, 0xA757, 0xA757, 0xB778, 0xCFDA, 0xB778, 0xB758, 0xE7BD, 0xDEDA, 0xB594, 0xDEDA, 0xE7BD, 0xB758,
    0xA757, 0xA757, 0xA757, 0xA757, 0xA757, 0xA757, 0xB778, 0xCFDA, 0xB778, 0xB758, 0xE7BD, 0xDEDA, 0xB594, 0xDEDA, 0xE7BD, 0xB758,
    0xA757, 0xA757, 0xA757, 0xA757, 0xA757, 0xA757, 0xB778, 0xCFDA, 0xB778, 0xB758, 0xE7BD, 0xDEDA, 0xB594, 0xDEDA, 0xE7BD, 0xB758,
    0xA757, 0xA757, 0xA757, 0xA757, 0xA757, 0xA757, 0xB778, 0xCFDA, 0xB778, 0xB758, 0xE7BD, 0xDEDA, 0xB594, 0xDEDA, 0xE7BD, 0xB758,
    0xA757, 0xA757, 0xA757, 0xA757, 0xA757, 0xA757, 0xB778, 0xCFDA, 0xB778, 0xB758, 0xE7BD, 0xDEDA, 0xB594, 0xDEDA, 0xE7BD, 0xB758,
    0xA757, 0xA757, 0xA757, 0xA757, 0xA757, 0xA757, 0xB778, 0xCFDA, 0xB778, 0xB758, 0xE7BD, 0xDEDA, 0xB594, 0xDEDA, 0xE7BD, 0xB758,
    0xA757, 0xA757, 0xA757, 0xA757, 0xA757, 0xAF78, 0xB798, 0xBF98, 0xAF77, 0xB758, 0xE7BD, 0xDEDA, 0xB594, 0xDEDA, 0xE7BD, 0xB758
};

const short poke_mart_interior_tile_226[TILE_SIZE * TILE_SIZE] = {
    0xD6D9, 0xD79B, 0xB778, 0xA757, 0xAF78, 0xB778, 0xB778, 0xB778, 0xB778, 0xB778, 0xB778, 0xB778, 0xB778, 0xB778, 0xB778, 0xAF77,
    0xD79B, 0xA757, 0xA757, 0xAF57, 0xC7B9, 0xCFDA, 0xCFDA, 0xCFDA, 0xCFDA, 0xCFDA, 0xCFDA, 0xCFDA, 0xCFDA, 0xCFDA, 0xCFDA, 0xBF98,
    0xB778, 0xA757, 0xAF78, 0xB798, 0xB778, 0xB778, 0xB778, 0xB778, 0xB778, 0xB778, 0xB778, 0xB778, 0xB778, 0xB778, 0xB778, 0xB798,
    0xA757, 0xAF57, 0xB798, 0xBF98, 0xA757, 0xA757, 0xA757, 0xA757, 0xA757, 0xA757, 0xA757, 0xA757, 0xA757, 0xA757, 0xA757, 0xAF78,
    0xAF78, 0xC7B9, 0xB778, 0xA757, 0xA757, 0xA757, 0xA757, 0xA757, 0xA757, 0xA757, 0xA757, 0xA757, 0xA757, 0xA757, 0xA757, 0xA757,
    0xB778, 0xCFDA, 0xB778, 0xA757, 0xA757, 0xA757, 0xA757, 0xA757, 0xA757, 0xA757, 0xA757, 0xA757, 0xA757, 0xA757, 0xA757, 0xA757,
    0xB778, 0xCFDA, 0xB778, 0xA757, 0xA757, 0xA757, 0xA757, 0xA757, 0xA757, 0xA757, 0xA757, 0xA757, 0xA757, 0xA757, 0xA757, 0xA757,
    0xB778, 0xCFDA, 0xB778, 0xA757, 0xA757, 0xA757, 0xA757, 0xA757, 0xA757, 0xA757, 0xA757, 0xA757, 0xA757, 0xA757, 0xA757, 0xA757,
    0xB778, 0xCFDA, 0xB778, 0xA757, 0xA757, 0xA757, 0xA757, 0xA757, 0xA757, 0xA757, 0xA757, 0xA757, 0xA757, 0xA757, 0xA757, 0xA757,
    0xB778, 0xCFDA, 0xB778, 0xA757, 0xA757, 0xA757, 0xA757, 0xA757, 0xA757, 0xA757, 0xA757, 0xA757, 0xA757, 0xA757, 0xA757, 0xA757,
    0xB778, 0xCFDA, 0xB778, 0xA757, 0xA757, 0xA757, 0xA757, 0xA757, 0xA757, 0xA757, 0xA757, 0xA757, 0xA757, 0xA757, 0xA757, 0xA757,
    0xB778, 0xCFDA, 0xB778, 0xA757, 0xA757, 0xA757, 0xA757, 0xA757, 0xA757, 0xA757, 0xA757, 0xA757, 0xA757, 0xA757, 0xA757, 0xA757,
    0xB778, 0xCFDA, 0xB778, 0xA757, 0xA757, 0xA757, 0xA757, 0xA757, 0xA757, 0xA757, 0xA757, 0xA757, 0xA757, 0xA757, 0xA757, 0xA757,
    0xB778, 0xCFDA, 0xB778, 0xA757, 0xA757, 0xA757, 0xA757, 0xA757, 0xA757, 0xA757, 0xA757, 0xA757, 0xA757, 0xA757, 0xA757, 0xA757,
    0xB778, 0xCFDA, 0xB778, 0xA757, 0xA757, 0xA757, 0xA757, 0xA757, 0xA757, 0xA757, 0xA757, 0xA757, 0xA757, 0xA757, 0xA757, 0xA757,
    0xAF77, 0xBF98, 0xB798, 0xAF78, 0xA757, 0xA757, 0xA757, 0xA757, 0xA757, 0xA757, 0xA757, 0xA757, 0xA757, 0xA757, 0xA757, 0xA757
};

const short poke_mart_interior_tile_227[TILE_SIZE * TILE_SIZE] = {
    0xA757, 0xC779, 0xD75B, 0xCEB9, 0xBE77, 0xA695, 0xA6F6, 0xA736, 0xA6B6, 0xB696, 0xCE78, 0xD71A, 0xCF9A, 0xAF58, 0xA757, 0xB778,
    0xA757, 0xA757, 0xB758, 0xE7BD, 0xDEDA, 0xB594, 0xA695, 0xA6F6, 0xADD4, 0xCE78, 0xFFDF, 0xC77A, 0xA757, 0xA757, 0xB778, 0xCFDA,
    0xBF98, 0xAF77, 0xA757, 0xBF79, 0xCF3A, 0xDEDA, 0xBE77, 0xB656, 0xD6B9, 0xD71A, 0xC77A, 0xAF58, 0xA757, 0xB798, 0xB798, 0xB778,
    0xC7B9, 0xB778, 0xA757, 0xA757, 0xC77A, 0xFFDF, 0xCE78, 0xBDF6, 0xEF5C, 0xD79B, 0xA757, 0xA757, 0xAF78, 0xBF99, 0xB798, 0xA757,
    0xAF57, 0xB798, 0xBF98, 0xA757, 0xC77A, 0xFFDF, 0xCE78, 0xBDF6, 0xEF5C, 0xD79B, 0xA757, 0xB798, 0xBF99, 0xAF78, 0xA757, 0xA757,
    0xA757, 0xBF98, 0xC7B9, 0xAF57, 0xC77A, 0xFFDF, 0xCE78, 0xBDF6, 0xEF5C, 0xD79B, 0xA757, 0xBF98, 0xC7B9, 0xAF57, 0xA757, 0xA757,
    0xA757, 0xBF98, 0xC7B9, 0xAF57, 0xC77A, 0xFFDF, 0xCE78, 0xBDF6, 0xEF5C, 0xD79B, 0xA757, 0xBF98, 0xC7B9, 0xAF57, 0xA757, 0xA757,
    0xA757, 0xBF98, 0xC7B9, 0xAF57, 0xC77A, 0xFFDF, 0xCE78, 0xBDF6, 0xEF5C, 0xD79B, 0xA757, 0xBF98, 0xC7B9, 0xAF57, 0xA757, 0xA757,
    0xA757, 0xBF98, 0xC7B9, 0xAF57, 0xC77A, 0xFFDF, 0xCE78, 0xBDF6, 0xEF5C, 0xD79B, 0xA757, 0xBF98, 0xC7B9, 0xAF57, 0xA757, 0xA757,
    0xA757, 0xBF98, 0xC7B9, 0xAF57, 0xC77A, 0xFFDF, 0xCE78, 0xBDF6, 0xEF5C, 0xD79B, 0xA757, 0xBF98, 0xC7B9, 0xAF57, 0xA757, 0xA757,
    0xA757, 0xBF98, 0xC7B9, 0xAF57, 0xC77A, 0xFFDF, 0xCE78, 0xBDF6, 0xEF5C, 0xD79B, 0xA757, 0xBF98, 0xC7B9, 0xAF57, 0xA757, 0xA757,
    0xA757, 0xBF98, 0xC7B9, 0xAF57, 0xC77A, 0xFFDF, 0xCE78, 0xBDF6, 0xEF5C, 0xD79B, 0xA757, 0xBF98, 0xC7B9, 0xAF57, 0xA757, 0xA757,
    0xA757, 0xBF98, 0xC7B9, 0xAF57, 0xC77A, 0xFFDF, 0xCE78, 0xBDF6, 0xEF5C, 0xD79B, 0xA757, 0xBF98, 0xC7B9, 0xAF57, 0xA757, 0xA757,
    0xA757, 0xBF98, 0xC7B9, 0xAF57, 0xC77A, 0xFFDF, 0xCE78, 0xBDF6, 0xEF5C, 0xD79B, 0xA757, 0xBF98, 0xC7B9, 0xAF57, 0xA757, 0xA757,
    0xA757, 0xBF98, 0xC7B9, 0xAF57, 0xC77A, 0xFFDF, 0xCE78, 0xBDF6, 0xEF5C, 0xD79B, 0xA757, 0xBF98, 0xC7B9, 0xAF57, 0xA757, 0xA757,
    0xB778, 0xB798, 0xB798, 0xA757, 0xC77A, 0xFFDF, 0xCE78, 0xBDF6, 0xEF5C, 0xD79B, 0xA757, 0xAF78, 0xB798, 0xB778, 0xAF77, 0xA757
};

const short poke_mart_interior_tile_228[TILE_SIZE * TILE_SIZE] = {
    0xB778, 0xB778, 0xB778, 0xB778, 0xB778, 0xB778, 0xB778, 0xB778, 0xB778, 0xB778, 0xA757, 0xAF58, 0xCF9A, 0xD71A, 0xCE78, 0xB696,
    0xCFDA, 0xCFDA, 0xCFDA, 0xCFDA, 0xCFDA, 0xCFDA, 0xCFDA, 0xCFDA, 0xCFDA, 0xCFDA, 0xB778, 0xA757, 0xA757, 0xC77A, 0xFFDF, 0xCE78,
    0xB778, 0xB778, 0xB778, 0xB778, 0xB778, 0xB778, 0xB778, 0xB778, 0xB778, 0xB778, 0xB798, 0xB798, 0xA757, 0xAF58, 0xC77A, 0xD71A,
    0xA757, 0xA757, 0xA757, 0xA757, 0xA757, 0xA757, 0xA757, 0xA757, 0xA757, 0xA757, 0xB798, 0xBF99, 0xAF78, 0xA757, 0xA757, 0xD79B,
    0xA757, 0xA757, 0xA757, 0xA757, 0xA757, 0xA757, 0xA757, 0xA757, 0xA757, 0xA757, 0xA757, 0xAF78, 0xBF99, 0xB798, 0xA757, 0xD79B,
    0xA757, 0xA757, 0xA757, 0xA757, 0xA757, 0xA757, 0xA757, 0xA757, 0xA757, 0xA757, 0xA757, 0xAF57, 0xC7B9, 0xBF98, 0xA757, 0xD79B,
    0xA757, 0xA757, 0xA757, 0xA757, 0xA757, 0xA757, 0xA757, 0xA757, 0xA757, 0xA757, 0xA757, 0xAF57, 0xC7B9, 0xBF98, 0xA757, 0xD79B,
    0xA757, 0xA757, 0xA757, 0xA757, 0xA757, 0xA757, 0xA757, 0xA757, 0xA757, 0xA757, 0xA757, 0xAF57, 0xC7B9, 0xBF98, 0xA757, 0xD79B,
    0xA757, 0xA757, 0xA757, 0xA757, 0xA757, 0xA757, 0xA757, 0xA757, 0xA757, 0xA757, 0xA757, 0xAF57, 0xC7B9, 0xBF98, 0xA757, 0xD79B,
    0xA757, 0xA757, 0xA757, 0xA757, 0xA757, 0xA757, 0xA757, 0xA757, 0xA757, 0xA757, 0xA757, 0xAF57, 0xC7B9, 0xBF98, 0xA757, 0xD79B,
    0xA757, 0xA757, 0xA757, 0xA757, 0xA757, 0xA757, 0xA757, 0xA757, 0xA757, 0xA757, 0xA757, 0xAF57, 0xC7B9, 0xBF98, 0xA757, 0xD79B,
    0xA757, 0xA757, 0xA757, 0xA757, 0xA757, 0xA757, 0xA757, 0xA757, 0xA757, 0xA757, 0xA757, 0xAF57, 0xC7B9, 0xBF98, 0xA757, 0xD79B,
    0xA757, 0xA757, 0xA757, 0xA757, 0xA757, 0xA757, 0xA757, 0xA757, 0xA757, 0xA757, 0xA757, 0xAF57, 0xC7B9, 0xBF98, 0xA757, 0xD79B,
    0xA757, 0xA757, 0xA757, 0xA757, 0xA757, 0xA757, 0xA757, 0xA757, 0xA757, 0xA757, 0xA757, 0xAF57, 0xC7B9, 0xBF98, 0xA757, 0xD79B,
    0xA757, 0xA757, 0xA757, 0xA757, 0xA757, 0xA757, 0xA757, 0xA757, 0xA757, 0xA757, 0xA757, 0xAF57, 0xC7B9, 0xBF98, 0xA757, 0xD79B,
    0xA757, 0xA757, 0xA757, 0xA757, 0xA757, 0xA757, 0xA757, 0xA757, 0xA757, 0xA757, 0xAF77, 0xB778, 0xB798, 0xAF78, 0xA757, 0xD79B
};

const short poke_mart_interior_tile_229[TILE_SIZE * TILE_SIZE] = {
    0xA6B6, 0xA736, 0xA6F6, 0xA695, 0xBE77, 0xCEB9, 0xD75B, 0xC779, 0xA757, 0xAF77, 0xB778, 0xB778, 0xB778, 0xB778, 0xB778, 0xB778,
    0xADD4, 0xA6F6, 0xA695, 0xB594, 0xDEDA, 0xE7BD, 0xB758, 0xA757, 0xA757, 0xBF98, 0xCFDA, 0xCFDA, 0xCFDA, 0xCFDA, 0xCFDA, 0xCFDA,
    0xD6B9, 0xB656, 0xBE77, 0xDEDA, 0xCF3A, 0xBF79, 0xA757, 0xAF77, 0xBF98, 0xB798, 0xB778, 0xB778, 0xB778, 0xB778, 0xB778, 0xB778,
    0xEF5C, 0xBDF6, 0xCE78, 0xFFDF, 0xC77A, 0xA757, 0xA757, 0xB778, 0xC7B9, 0xAF78, 0xA757, 0xA757, 0xA757, 0xA757, 0xA757, 0xA757,
    0xEF5C, 0xBDF6, 0xCE78, 0xFFDF, 0xC77A, 0xA757, 0xBF98, 0xB798, 0xAF57, 0xA757, 0xA757, 0xA757, 0xA757, 0xA757, 0xA757, 0xA757,
    0xEF5C, 0xBDF6, 0xCE78, 0xFFDF, 0xC77A, 0xAF57, 0xC7B9, 0xBF98, 0xA757, 0xA757, 0xA757, 0xA757, 0xA757, 0xA757, 0xA757, 0xA757,
    0xEF5C, 0xBDF6, 0xCE78, 0xFFDF, 0xC77A, 0xAF57, 0xC7B9, 0xBF98, 0xA757, 0xA757, 0xA757, 0xA757, 0xA757, 0xA757, 0xA757, 0xA757,
    0xEF5C, 0xBDF6, 0xCE78, 0xFFDF, 0xC77A, 0xAF57, 0xC7B9, 0xBF98, 0xA757, 0xA757, 0xA757, 0xA757, 0xA757, 0xA757, 0xA757, 0xA757,
    0xEF5C, 0xBDF6, 0xCE78, 0xFFDF, 0xC77A, 0xAF57, 0xC7B9, 0xBF98, 0xA757, 0xA757, 0xA757, 0xA757, 0xA757, 0xA757, 0xA757, 0xA757,
    0xEF5C, 0xBDF6, 0xCE78, 0xFFDF, 0xC77A, 0xAF57, 0xC7B9, 0xBF98, 0xA757, 0xA757, 0xA757, 0xA757, 0xA757, 0xA757, 0xA757, 0xA757,
    0xEF5C, 0xBDF6, 0xCE78, 0xFFDF, 0xC77A, 0xAF57, 0xC7B9, 0xBF98, 0xA757, 0xA757, 0xA757, 0xA757, 0xA757, 0xA757, 0xA757, 0xA757,
    0xEF5C, 0xBDF6, 0xCE78, 0xFFDF, 0xC77A, 0xAF57, 0xC7B9, 0xBF98, 0xA757, 0xA757, 0xA757, 0xA757, 0xA757, 0xA757, 0xA757, 0xA757,
    0xEF5C, 0xBDF6, 0xCE78, 0xFFDF, 0xC77A, 0xAF57, 0xC7B9, 0xBF98, 0xA757, 0xA757, 0xA757, 0xA757, 0xA757, 0xA757, 0xA757, 0xA757,
    0xEF5C, 0xBDF6, 0xCE78, 0xFFDF, 0xC77A, 0xAF57, 0xC7B9, 0xBF98, 0xA757, 0xA757, 0xA757, 0xA757, 0xA757, 0xA757, 0xA757, 0xA757,
    0xEF5C, 0xBDF6, 0xCE78, 0xFFDF, 0xC77A, 0xAF57, 0xC7B9, 0xBF98, 0xA757, 0xA757, 0xA757, 0xA757, 0xA757, 0xA757, 0xA757, 0xA757,
    0xEF5C, 0xBDF6, 0xCE78, 0xFFDF, 0xC77A, 0xA757, 0xB798, 0xB798, 0xB778, 0xA757, 0xA757, 0xA757, 0xA757, 0xA757, 0xA757, 0xA757
};

const short poke_mart_interior_tile_230[TILE_SIZE * TILE_SIZE] = {
    0xB778, 0xB778, 0xB778, 0xB778, 0xAF78, 0xA757, 0xB778, 0xD79B, 0xD6D9, 0xC677, 0xAE96, 0xA6D6, 0xA757, 0x7471, 0x6B50, 0xBDB9,
    0xCFDA, 0xCFDA, 0xCFDA, 0xCFDA, 0xC7B9, 0xAF57, 0xA757, 0xA757, 0xD79B, 0xEF5C, 0xBDF6, 0xAE35, 0xA757, 0x7471, 0x6B50, 0xBDB9,
    0xB778, 0xB778, 0xB778, 0xB778, 0xB778, 0xB798, 0xAF78, 0xA757, 0xB778, 0xCF5A, 0xD6FA, 0xC698, 0xAE35, 0x73F0, 0x6B50, 0xBDB9,
    0xA757, 0xA757, 0xA757, 0xA757, 0xA757, 0xBF98, 0xB798, 0xAF57, 0xA757, 0xB758, 0xE7BD, 0xDEDA, 0xB594, 0x73AF, 0x6B4F, 0xB578,
    0xA757, 0xA757, 0xA757, 0xA757, 0xA757, 0xA757, 0xB778, 0xC7B9, 0xAF78, 0xB758, 0xE7BD, 0xDEDA, 0xB594, 0x73AF, 0x630F, 0x9CD5,
    0xA757, 0xA757, 0xA757, 0xA757, 0xA757, 0xA757, 0xB778, 0xCFDA, 0xB778, 0xB758, 0xE7BD, 0xDEDA, 0xB594, 0x73AF, 0x630F, 0x9495,
    0xA757, 0xA757, 0xA757, 0xA757, 0xA757, 0xA757, 0xB778, 0xCFDA, 0xB778, 0xB758, 0xE7BD, 0xDEDA, 0xB594, 0x73AF, 0x630F, 0x9495,
    0xA757, 0xA757, 0xA757, 0xA757, 0xA757, 0xA757, 0xB778, 0xCFDA, 0xB778, 0xB758, 0xE7BD, 0xDEDA, 0xB594, 0x73AF, 0x52AD, 0x6B50,
    0xA757, 0xA757, 0xA757, 0xA757, 0xA757, 0xA757, 0xB778, 0xCFDA, 0xB778, 0xB758, 0xE7BD, 0xDEDA, 0xB594, 0x73AF, 0x528D, 0x528D,
    0xA757, 0xA757, 0xA757, 0xA757, 0xA757, 0xA757, 0xB778, 0xCFDA, 0xB778, 0xB758, 0xE7BD, 0xDEDA, 0xB594, 0x73AF, 0x528D, 0x528D,
    0xA757, 0xA757, 0xA757, 0xA757, 0xA757, 0xA757, 0xB778, 0xCFDA, 0xB778, 0xB758, 0xE7BD, 0xDEDA, 0xB594, 0x73AF, 0x5ACE, 0x7BD1,
    0xA757, 0xA757, 0xA757, 0xA757, 0xA757, 0xA757, 0xB778, 0xCFDA, 0xB778, 0xB758, 0xE7BD, 0xDEDA, 0xB594, 0x73AF, 0x6B50, 0xBDB9,
    0xA757, 0xA757, 0xA757, 0xA757, 0xA757, 0xA757, 0xB778, 0xCFDA, 0xB778, 0xB758, 0xE7BD, 0xDEDA, 0xB594, 0x73AF, 0x6B50, 0xBDB9,
    0xA757, 0xA757, 0xA757, 0xA757, 0xA757, 0xA757, 0xB778, 0xCFDA, 0xB778, 0xB758, 0xE7BD, 0xDEDA, 0xB594, 0x73AF, 0x6B4F, 0xB578,
    0xA757, 0xA757, 0xA757, 0xA757, 0xA757, 0xA757, 0xB778, 0xCFDA, 0xB778, 0xB758, 0xE7BD, 0xDEDA, 0xB594, 0x73AF, 0x630F, 0x9CD5,
    0xA757, 0xA757, 0xA757, 0xA757, 0xA757, 0xAF78, 0xB798, 0xBF98, 0xAF77, 0xB758, 0xE7BD, 0xDEDA, 0xB594, 0x73AF, 0x630F, 0x9495
};

const short poke_mart_interior_tile_231[TILE_SIZE * TILE_SIZE] = {
    0xDE9C, 0xDE9C, 0x8413, 0x5B50, 0x7D99, 0x8E5C, 0x8E5C, 0x8E5C, 0x863A, 0x85D5, 0x85F7, 0x8E5C, 0x8E5C, 0x8E5C, 0x8E5C, 0x74D6,
    0xDE9C, 0xDE9C, 0x8413, 0x5B50, 0x7D99, 0x8E5C, 0x8E5C, 0x8E5C, 0x863A, 0x85D5, 0x85F7, 0x8E5C, 0x8E5C, 0x8E5C, 0x8E5C, 0x74D6,
    0xDE9C, 0xDE9C, 0x8413, 0x5B50, 0x7D99, 0x8E5C, 0x8E5C, 0x8E5C, 0x863A, 0x85D5, 0x85F7, 0x8E5C, 0x8E5C, 0x8E5C, 0x8E5C, 0x74D6,
    0xCE3B, 0xCE3B, 0x83F2, 0x5B2F, 0x7D77, 0x863A, 0x863A, 0x863A, 0x8E39, 0x8E17, 0x8E17, 0x863A, 0x863A, 0x863A, 0x863A, 0x74B5,
    0xB558, 0xB558, 0x73B1, 0x5B2E, 0x7D33, 0x85D5, 0x85D5, 0x85D5, 0x8E17, 0xAE9B, 0xA679, 0x85D5, 0x85D5, 0x85D5, 0x85D5, 0x6C92,
    0xAD17, 0xAD17, 0x7391, 0x5B4F, 0x8D96, 0x9E58, 0x9E58, 0x9E58, 0xA679, 0xBEDD, 0xB6BC, 0x9E58, 0x9E58, 0x9E58, 0x9E58, 0x7CD3,
    0xAD17, 0xAD17, 0x7391, 0x6B70, 0xB61B, 0xCF1F, 0xCF1F, 0xCF1F, 0xCF1F, 0xCF1F, 0xCF1F, 0xCF1F, 0xCF1F, 0xCF1F, 0xCF1F, 0x9D37,
    0x7391, 0x7391, 0x7BD2, 0x8413, 0x8454, 0x8454, 0x8454, 0x8454, 0x8454, 0x8454, 0x8454, 0x8454, 0x8454, 0x8454, 0x8454, 0x8433,
    0x5ACE, 0x6B50, 0x9494, 0xA4F6, 0x7BB1, 0x6B50, 0x6B50, 0x6B50, 0x6B50, 0x6B50, 0x6B50, 0x6B50, 0x6B50, 0x6B50, 0x6B50, 0x8413,
    0x7BD1, 0xBDB9, 0xC61A, 0xCE1A, 0xC5D9, 0xBDB9, 0xBDB9, 0xBDB9, 0xBDB9, 0xBDB9, 0xBDB9, 0xBDB9, 0xBDB9, 0xBDB9, 0xBDB9, 0xC5F9,
    0xA516, 0xDE9C, 0xCE3A, 0xC5FA, 0xC5FA, 0xC5FA, 0xC5FA, 0xC5FA, 0xC5FA, 0xC5FA, 0xC5FA, 0xC5FA, 0xC5FA, 0xC5FA, 0xC5FA, 0xC5FA,
    0xDE9C, 0xDE9C, 0xBD99, 0xAD17, 0xAD17, 0xAD17, 0xAD17, 0xAD17, 0xAD17, 0xAD17, 0xAD17, 0xAD17, 0xAD17, 0xAD17, 0xAD17, 0xAD17,
    0xCE3A, 0xBD99, 0xB557, 0xAD17, 0xAD17, 0xAD17, 0xAD17, 0xAD17, 0xAD17, 0xAD17, 0xAD17, 0xAD17, 0xAD17, 0xAD17, 0xAD17, 0xAD17,
    0xBDB9, 0xAD17, 0xAD17, 0xAD17, 0xAD17, 0xAD17, 0xAD17, 0xAD17, 0xAD17, 0xAD17, 0xAD17, 0xAD17, 0xAD17, 0xAD17, 0xAD17, 0xAD17,
    0xAD37, 0xAD17, 0xAD17, 0xAD17, 0xAD17, 0xAD17, 0xAD17, 0xAD17, 0xAD17, 0xAD17, 0xAD17, 0xAD17, 0xAD17, 0xAD17, 0xAD17, 0xAD17,
    0xAD17, 0xAD17, 0xAD17, 0xAD17, 0xAD17, 0xAD17, 0xAD17, 0xAD17, 0xAD17, 0xAD17, 0xAD17, 0xAD17, 0xAD17, 0xAD17, 0xAD17, 0xAD17
};

const short poke_mart_interior_tile_232[TILE_SIZE * TILE_SIZE] = {
    0x528D, 0x8413, 0xAD17, 0xAD17, 0xAD17, 0xAD17, 0x7391, 0x528D, 0x528D, 0x7391, 0xAD17, 0xAD17, 0xAD17, 0xAD17, 0x8413, 0x528D,
    0x528D, 0x8413, 0xAD17, 0xAD17, 0xAD17, 0xAD17, 0x7391, 0x528D, 0x528D, 0x7391, 0xAD17, 0xAD17, 0xAD17, 0xAD17, 0x8413, 0x528D,
    0x528D, 0x8413, 0xAD17, 0xAD17, 0xAD17, 0xAD17, 0x7391, 0x528D, 0x528D, 0x7391, 0xAD17, 0xAD17, 0xAD17, 0xAD17, 0x8413, 0x528D,
    0x528D, 0x8413, 0xAD17, 0xAD17, 0xAD17, 0xAD17, 0x7391, 0x528D, 0x528D, 0x7391, 0xAD17, 0xAD17, 0xAD17, 0xAD17, 0x8413, 0x528D,
    0x528D, 0x8413, 0xAD17, 0xAD17, 0xAD17, 0xAD17, 0x7391, 0x528D, 0x528D, 0x7391, 0xAD17, 0xAD17, 0xAD17, 0xAD17, 0x8413, 0x528D,
    0x528D, 0x8413, 0xAD17, 0xAD17, 0xAD17, 0xAD17, 0x7391, 0x528D, 0x528D, 0x7391, 0xAD17, 0xAD17, 0xAD17, 0xAD17, 0x8413, 0x528D,
    0x528D, 0x8413, 0xAD17, 0xAD17, 0xAD17, 0xAD17, 0x7391, 0x528D, 0x528D, 0x7391, 0xAD17, 0xAD17, 0xAD17, 0xAD17, 0x8413, 0x528D,
    0x8413, 0x9C95, 0xAD17, 0xAD17, 0xAD17, 0xAD17, 0x7391, 0x528D, 0x528D, 0x7391, 0xAD17, 0xAD17, 0xAD17, 0xAD17, 0x9C95, 0x8413,
    0xB558, 0xAD37, 0xAD17, 0xAD17, 0xAD17, 0xAD17, 0x7391, 0x528D, 0x528D, 0x7391, 0xAD17, 0xAD17, 0xAD17, 0xAD17, 0xAD37, 0xB558,
    0xCE3B, 0xB578, 0xAD17, 0xAD17, 0xAD17, 0xAD17, 0x7391, 0x528D, 0x528D, 0x7391, 0xAD17, 0xAD17, 0xAD17, 0xAD17, 0xB578, 0xCE3B,
    0xC5FA, 0xB558, 0xAD17, 0xAD17, 0xAD17, 0xAD17, 0x7391, 0x528D, 0x528D, 0x7391, 0xAD17, 0xAD17, 0xAD17, 0xAD17, 0xB558, 0xC5FA,
    0xAD17, 0xAD17, 0xAD17, 0xAD17, 0xAD17, 0xAD17, 0x7391, 0x528D, 0x528D, 0x7391, 0xAD17, 0xAD17, 0xAD17, 0xAD17, 0xAD17, 0xAD17,
    0xAD17, 0xAD17, 0xAD17, 0xAD17, 0xAD17, 0xAD17, 0x7391, 0x528D, 0x528D, 0x7391, 0xAD17, 0xAD17, 0xAD17, 0xAD17, 0xAD17, 0xAD17,
    0xAD17, 0xAD17, 0xAD17, 0xAD17, 0xAD17, 0xAD17, 0x7391, 0x528D, 0x528D, 0x7391, 0xAD17, 0xAD17, 0xAD17, 0xAD17, 0xAD17, 0xAD17,
    0xAD17, 0xAD17, 0xAD17, 0xAD17, 0xAD17, 0xAD17, 0x7391, 0x528D, 0x528D, 0x7391, 0xAD17, 0xAD17, 0xAD17, 0xAD17, 0xAD17, 0xAD17,
    0xAD17, 0xAD17, 0xAD17, 0xAD17, 0xAD17, 0xAD17, 0x7391, 0x528D, 0x528D, 0x7391, 0xAD17, 0xAD17, 0xAD17, 0xAD17, 0xAD17, 0xAD17
};

const short poke_mart_interior_tile_233[TILE_SIZE * TILE_SIZE] = {
    0x74D6, 0x8E5C, 0x8E5C, 0x8E5C, 0x8E5C, 0x85F7, 0x85D5, 0x863A, 0x8E5C, 0x8E5C, 0x8E5C, 0x7D99, 0x5B50, 0x8413, 0xDE9C, 0xDE9C,
    0x74D6, 0x8E5C, 0x8E5C, 0x8E5C, 0x8E5C, 0x85F7, 0x85D5, 0x863A, 0x8E5C, 0x8E5C, 0x8E5C, 0x7D99, 0x5B50, 0x8413, 0xDE9C, 0xDE9C,
    0x74D6, 0x8E5C, 0x8E5C, 0x8E5C, 0x8E5C, 0x85F7, 0x85D5, 0x863A, 0x8E5C, 0x8E5C, 0x8E5C, 0x7D99, 0x5B50, 0x8413, 0xDE9C, 0xDE9C,
    0x74B5, 0x863A, 0x863A, 0x863A, 0x863A, 0x8E17, 0x8E17, 0x8E39, 0x863A, 0x863A, 0x863A, 0x7D77, 0x5B2F, 0x83F2, 0xCE3B, 0xCE3B,
    0x6C92, 0x85D5, 0x85D5, 0x85D5, 0x85D5, 0xA679, 0xAE9B, 0x8E17, 0x85D5, 0x85D5, 0x85D5, 0x7D33, 0x5B2E, 0x73B1, 0xB558, 0xB558,
    0x7CD3, 0x9E58, 0x9E58, 0x9E58, 0x9E58, 0xB6BC, 0xBEDD, 0xA679, 0x9E58, 0x9E58, 0x9E58, 0x8D96, 0x5B4F, 0x7391, 0xAD17, 0xAD17,
    0x9D37, 0xCF1F, 0xCF1F, 0xCF1F, 0xCF1F, 0xCF1F, 0xCF1F, 0xCF1F, 0xCF1F, 0xCF1F, 0xCF1F, 0xB61B, 0x6B70, 0x7391, 0xAD17, 0xAD17,
    0x8433, 0x8454, 0x8454, 0x8454, 0x8454, 0x8454, 0x8454, 0x8454, 0x8454, 0x8454, 0x8454, 0x8454, 0x8413, 0x7BD2, 0x7391, 0x7391,
    0x8413, 0x6B50, 0x6B50, 0x6B50, 0x6B50, 0x6B50, 0x6B50, 0x6B50, 0x6B50, 0x6B50, 0x6B50, 0x7BB1, 0xA4F6, 0x9494, 0x6B50, 0x5ACE,
    0xC5F9, 0xBDB9, 0xBDB9, 0xBDB9, 0xBDB9, 0xBDB9, 0xBDB9, 0xBDB9, 0xBDB9, 0xBDB9, 0xBDB9, 0xC5D9, 0xCE1A, 0xC61A, 0xBDB9, 0x7BD1,
    0xC5FA, 0xC5FA, 0xC5FA, 0xC5FA, 0xC5FA, 0xC5FA, 0xC5FA, 0xC5FA, 0xC5FA, 0xC5FA, 0xC5FA, 0xC5FA, 0xC5FA, 0xCE3A, 0xDE9C, 0xA516,
    0xAD17, 0xAD17, 0xAD17, 0xAD17, 0xAD17, 0xAD17, 0xAD17, 0xAD17, 0xAD17, 0xAD17, 0xAD17, 0xAD17, 0xAD17, 0xBD99, 0xDE9C, 0xDE9C,
    0xAD17, 0xAD17, 0xAD17, 0xAD17, 0xAD17, 0xAD17, 0xAD17, 0xAD17, 0xAD17, 0xAD17, 0xAD17, 0xAD17, 0xAD17, 0xB557, 0xBD99, 0xCE3A,
    0xAD17, 0xAD17, 0xAD17, 0xAD17, 0xAD17, 0xAD17, 0xAD17, 0xAD17, 0xAD17, 0xAD17, 0xAD17, 0xAD17, 0xAD17, 0xAD17, 0xAD17, 0xBDB9,
    0xAD17, 0xAD17, 0xAD17, 0xAD17, 0xAD17, 0xAD17, 0xAD17, 0xAD17, 0xAD17, 0xAD17, 0xAD17, 0xAD17, 0xAD17, 0xAD17, 0xAD17, 0xAD37,
    0xAD17, 0xAD17, 0xAD17, 0xAD17, 0xAD17, 0xAD17, 0xAD17, 0xAD17, 0xAD17, 0xAD17, 0xAD17, 0xAD17, 0xAD17, 0xAD17, 0xAD17, 0xAD17
};

const short poke_mart_interior_tile_234[TILE_SIZE * TILE_SIZE] = {
    0xBDB9, 0x6B50, 0x6BCE, 0x958F, 0x9D72, 0xAD94, 0xB675, 0xAE93, 0x9E8F, 0x9E8F, 0xA68F, 0xA68F, 0xA68F, 0xA68F, 0xA68F, 0xA6D1,
    0xBDB9, 0x6B50, 0x632E, 0x8C51, 0xB5D6, 0xC6B7, 0xA691, 0x9E8F, 0x9E8F, 0xA6B0, 0xB6D1, 0xB6D1, 0xB6D1, 0xB6D1, 0xB6D1, 0xB6F2,
    0xBDB9, 0x6B50, 0x7BD0, 0xB5D6, 0xB654, 0xAE92, 0x9E8F, 0x9E8F, 0xA6B0, 0xA6B0, 0xA68F, 0xA68F, 0xA68F, 0xA68F, 0xA68F, 0xA6D1,
    0xB578, 0x6B4F, 0x8432, 0xD6DA, 0xAE93, 0x9E8F, 0x9E8F, 0xA68F, 0xAEB0, 0xA68F, 0x9E8F, 0x9E8F, 0x9E8F, 0x9E8F, 0x9E8F, 0x9EB0,
    0x9CD5, 0x630F, 0x8432, 0xD6DA, 0xAE93, 0x9E8F, 0xA6B0, 0xA6B0, 0x9E8F, 0x9E8F, 0x9E8F, 0x9E8F, 0x9E8F, 0x9E8F, 0x9E8F, 0x9EB0,
    0x9495, 0x630F, 0x8432, 0xD6DA, 0xAE93, 0x9E8F, 0xAEB0, 0xA6B0, 0x9E8F, 0x9E8F, 0x9E8F, 0x9E8F, 0x9E8F, 0x9E8F, 0x9E8F, 0x9EB0,
    0x9495, 0x630F, 0x8432, 0xD6DA, 0xAE93, 0x9E8F, 0xAEB0, 0xA6B0, 0x9E8F, 0x9E8F, 0x9E8F, 0x9E8F, 0x9E8F, 0x9E8F, 0x9E8F, 0x9EB0,
    0x6B50, 0x52AD, 0x8432, 0xD6DA, 0xAE93, 0x9E8F, 0xAEB0, 0xA6B0, 0x9E8F, 0x9E8F, 0x9E8F, 0x9E8F, 0x9E8F, 0x9E8F, 0x9E8F, 0x9EB0,
    0x528D, 0x528D, 0x8432, 0xD6DA, 0xAE93, 0x9E8F, 0xAEB0, 0xA6B0, 0x9E8F, 0x9E8F, 0x9E8F, 0x9E8F, 0x9E8F, 0x9E8F, 0x9E8F, 0x9EB0,
    0x528D, 0x528D, 0x8432, 0xD6DA, 0xAE93, 0x9E8F, 0xAEB0, 0xA6B0, 0x9E8F, 0x9E8F, 0x9E8F, 0x9E8F, 0x9E8F, 0x9E8F, 0x9E8F, 0x9EB0,
    0x7BD1, 0x5ACE, 0x8432, 0xD6DA, 0xAE93, 0x9E8F, 0xAEB0, 0xA6B0, 0x9E8F, 0x9E8F, 0x9E8F, 0x9E8F, 0x9E8F, 0x9E8F, 0x9E8F, 0x9EB0,
    0xBDB9, 0x6B50, 0x8432, 0xD6DA, 0xAE93, 0x9E8F, 0xAEB0, 0xA6B0, 0x9E8F, 0x9E8F, 0x9E8F, 0x9E8F, 0x9E8F, 0x9E8F, 0x9E8F, 0x9EB0,
    0xBDB9, 0x6B50, 0x8432, 0xD6DA, 0xAE93, 0x9E8F, 0xAEB0, 0xA6B0, 0x9E8F, 0x9E8F, 0x9E8F, 0x9E8F, 0x9E8F, 0x9E8F, 0x9E8F, 0x9EB0,
    0xB578, 0x6B4F, 0x8432, 0xD6DA, 0xAE93, 0x9E8F, 0xAEB0, 0xA6B0, 0x9E8F, 0x9E8F, 0x9E8F, 0x9E8F, 0x9E8F, 0x9E8F, 0x9E8F, 0x9EB0,
    0x9CD5, 0x630F, 0x8432, 0xD6DA, 0xAE93, 0x9E8F, 0xAEB0, 0xA6B0, 0x9E8F, 0x9E8F, 0x9E8F, 0x9E8F, 0x9E8F, 0x9E8F, 0x9E8F, 0x9EB0,
    0x9495, 0x630F, 0x8432, 0xD6DA, 0xAE93, 0x9E8F, 0xA6B0, 0xA6B0, 0xA68F, 0x9E8F, 0x9E8F, 0x9E8F, 0x9E8F, 0x9E8F, 0x9E8F, 0x9EB0
};

const short poke_mart_interior_tile_235[TILE_SIZE * TILE_SIZE] = {
    0xAF56, 0xB778, 0xB778, 0xB778, 0xAF78, 0xA757, 0xB778, 0xD79B, 0xD6D9, 0xC677, 0xAE96, 0xA6D6, 0xA757, 0xA6D6, 0xAE96, 0xC677,
    0xC798, 0xCFDA, 0xCFDA, 0xCFDA, 0xC7B9, 0xAF57, 0xA757, 0xA757, 0xD79B, 0xEF5C, 0xBDF6, 0xAE35, 0xA757, 0xAE35, 0xBDF6, 0xEF5C,
    0xAF56, 0xB778, 0xB778, 0xB778, 0xB778, 0xB798, 0xAF78, 0xA757, 0xB778, 0xCF5A, 0xD6FA, 0xC698, 0xAE35, 0xC698, 0xD6FA, 0xCF5A,
    0x9F15, 0xA757, 0xA757, 0xA757, 0xA757, 0xBF98, 0xB798, 0xAF57, 0xA757, 0xB758, 0xE7BD, 0xDEDA, 0xB594, 0xDEDA, 0xE7BD, 0xB758,
    0x9F15, 0xA757, 0xA757, 0xA757, 0xA757, 0xA757, 0xB778, 0xC7B9, 0xAF78, 0xB758, 0xE7BD, 0xDEDA, 0xB594, 0xDEDA, 0xE7BD, 0xB758,
    0x9F15, 0xA757, 0xA757, 0xA757, 0xA757, 0xA757, 0xB778, 0xCFDA, 0xB778, 0xB758, 0xE7BD, 0xDEDA, 0xB594, 0xDEDA, 0xE7BD, 0xB758,
    0x9F15, 0xA757, 0xA757, 0xA757, 0xA757, 0xA757, 0xB778, 0xCFDA, 0xB778, 0xB758, 0xE7BD, 0xDEDA, 0xB594, 0xDEDA, 0xE7BD, 0xB758,
    0x9F15, 0xA757, 0xA757, 0xA757, 0xA757, 0xA757, 0xB778, 0xCFDA, 0xB778, 0xB758, 0xE7BD, 0xDEDA, 0xB594, 0xDEDA, 0xE7BD, 0xB758,
    0x9F15, 0xA757, 0xA757, 0xA757, 0xA757, 0xA757, 0xB778, 0xCFDA, 0xB778, 0xB758, 0xE7BD, 0xDEDA, 0xB594, 0xDEDA, 0xE7BD, 0xB758,
    0x9F15, 0xA757, 0xA757, 0xA757, 0xA757, 0xA757, 0xB778, 0xCFDA, 0xB778, 0xB758, 0xE7BD, 0xDEDA, 0xB594, 0xDEDA, 0xE7BD, 0xB758,
    0x9F15, 0xA757, 0xA757, 0xA757, 0xA757, 0xA757, 0xB778, 0xCFDA, 0xB778, 0xB758, 0xE7BD, 0xDEDA, 0xB594, 0xDEDA, 0xE7BD, 0xB758,
    0x9F15, 0xA757, 0xA757, 0xA757, 0xA757, 0xA757, 0xB778, 0xCFDA, 0xB778, 0xB758, 0xE7BD, 0xDEDA, 0xB594, 0xDEDA, 0xE7BD, 0xB758,
    0x9F15, 0xA757, 0xA757, 0xA757, 0xA757, 0xA757, 0xB778, 0xCFDA, 0xB778, 0xB758, 0xE7BD, 0xDEDA, 0xB594, 0xDEDA, 0xE7BD, 0xB758,
    0x9F15, 0xA757, 0xA757, 0xA757, 0xA757, 0xA757, 0xB778, 0xCFDA, 0xB778, 0xB758, 0xE7BD, 0xDEDA, 0xB594, 0xDEDA, 0xE7BD, 0xB758,
    0x9F15, 0xA757, 0xA757, 0xA757, 0xA757, 0xA757, 0xB778, 0xCFDA, 0xB778, 0xB758, 0xE7BD, 0xDEDA, 0xB594, 0xDEDA, 0xE7BD, 0xB758,
    0x9F15, 0xA757, 0xA757, 0xA757, 0xA757, 0xAF78, 0xB798, 0xBF98, 0xAF77, 0xB758, 0xE7BD, 0xDEDA, 0xB594, 0xDEDA, 0xE7BD, 0xB758
};

const short poke_mart_interior_tile_236[TILE_SIZE * TILE_SIZE] = {
    0xD6D9, 0xD79B, 0xB778, 0xA757, 0xAF78, 0xB778, 0xB778, 0xB778, 0xB778, 0xB778, 0xB778, 0xB778, 0xB778, 0xB778, 0xB778, 0xAF77,
    0xD79B, 0xA757, 0xA757, 0xAF57, 0xC7B9, 0xCFDA, 0xCFDA, 0xCFDA, 0xCFDA, 0xCFDA, 0xCFDA, 0xCFDA, 0xCFDA, 0xCFDA, 0xCFDA, 0xBF98,
    0xB778, 0xA757, 0xAF78, 0xB798, 0xB778, 0xB778, 0xB778, 0xB778, 0xB778, 0xB778, 0xB778, 0xB778, 0xB778, 0xB778, 0xB778, 0xB798,
    0xA757, 0xAF57, 0xB798, 0xBF98, 0xA757, 0xA757, 0xA757, 0xA757, 0xA757, 0xA757, 0xA757, 0xA757, 0xA757, 0xA757, 0xA757, 0xAF78,
    0xAF78, 0xC7B9, 0xB778, 0xA757, 0xA757, 0xA757, 0xA757, 0xA757, 0xA757, 0xA757, 0xA757, 0xA757, 0xA757, 0xA757, 0xA757, 0xA757,
    0xB778, 0xCFDA, 0xB778, 0xA757, 0xA757, 0xA757, 0xA757, 0xA757, 0xA757, 0xA757, 0xA757, 0xA757, 0xA757, 0xA757, 0xA757, 0xA757,
    0xB778, 0xCFDA, 0xB778, 0xA757, 0xA757, 0xA757, 0xA757, 0xA757, 0xA757, 0xA757, 0xA757, 0xA757, 0xA757, 0xA757, 0xA757, 0xA757,
    0xB778, 0xCFDA, 0xB778, 0xA757, 0xA757, 0xA757, 0xA757, 0xA757, 0xA757, 0xA757, 0xA757, 0xA757, 0xA757, 0xA757, 0xA757, 0xA757,
    0xB778, 0xCFDA, 0xB778, 0xA757, 0xA757, 0xA757, 0xA757, 0xA757, 0xA757, 0xA757, 0xA757, 0xA757, 0xA757, 0xA757, 0xA757, 0xA757,
    0xB778, 0xCFDA, 0xB778, 0xA757, 0xA757, 0xA757, 0xA757, 0xA757, 0xA757, 0xA757, 0xA757, 0xA757, 0xA757, 0xA757, 0xA757, 0xA757,
    0xB778, 0xCFDA, 0xB778, 0xA757, 0xA757, 0xA757, 0xA757, 0xA757, 0xA757, 0xA757, 0xA757, 0xA757, 0xA757, 0xA757, 0xA757, 0xA757,
    0xB778, 0xCFDA, 0xB778, 0xA757, 0xA757, 0xA757, 0xA757, 0xA757, 0xA757, 0xA757, 0xA757, 0xA757, 0xA757, 0xA757, 0xA757, 0xA757,
    0xB778, 0xCFDA, 0xB778, 0xA757, 0xA757, 0xA757, 0xA757, 0xA757, 0xA757, 0xA757, 0xA757, 0xA757, 0xA757, 0xA757, 0xA757, 0xA757,
    0xB778, 0xCFDA, 0xB778, 0xA757, 0xA757, 0xA757, 0xA757, 0xA757, 0xA757, 0xA757, 0xA757, 0xA757, 0xA757, 0xA757, 0xA757, 0xA757,
    0xB778, 0xCFDA, 0xB778, 0xA757, 0xA757, 0xA757, 0xA757, 0xA757, 0xA757, 0xA757, 0xA757, 0xA757, 0xA757, 0xA757, 0xA757, 0xA757,
    0xAF77, 0xBF98, 0xB798, 0xAF78, 0xA757, 0xA757, 0xA757, 0xA757, 0xA757, 0xA757, 0xA757, 0xA757, 0xA757, 0xA757, 0xA757, 0xA757
};

const short poke_mart_interior_tile_237[TILE_SIZE * TILE_SIZE] = {
    0xA757, 0xC779, 0xD75B, 0xCEB9, 0xBE77, 0xA695, 0xA6F6, 0x9655, 0x636F, 0x8413, 0xDE9C, 0xDE9C, 0xBDB9, 0x6B50, 0x6413, 0x8E5C,
    0xA757, 0xA757, 0xB758, 0xE7BD, 0xDEDA, 0xB594, 0xA695, 0x9655, 0x636F, 0x8413, 0xDE9C, 0xDE9C, 0xBDB9, 0x6B50, 0x6413, 0x8E5C,
    0xBF98, 0xAF77, 0xA757, 0xBF79, 0xCF3A, 0xDEDA, 0xBE77, 0x9D73, 0x634E, 0x8413, 0xDE9C, 0xDE9C, 0xBDB9, 0x6B50, 0x6413, 0x8E5C,
    0xC7B9, 0xB778, 0xA757, 0xA757, 0xC77A, 0xFFDF, 0xCE78, 0x9CF2, 0x630E, 0x83F2, 0xCE3B, 0xCE3B, 0xB578, 0x6B4F, 0x63F2, 0x863A,
    0xAF57, 0xB798, 0xBF98, 0xA757, 0xC77A, 0xFFDF, 0xCE78, 0x9CF2, 0x630E, 0x73B1, 0xB558, 0xB558, 0x9CD5, 0x630F, 0x63D0, 0x85D5,
    0xA757, 0xBF98, 0xC7B9, 0xAF57, 0xC77A, 0xFFDF, 0xCE78, 0x9CF2, 0x630E, 0x7391, 0xAD17, 0xAD17, 0x9495, 0x630F, 0x6C11, 0x9E58,
    0xA757, 0xBF98, 0xC7B9, 0xAF57, 0xC77A, 0xFFDF, 0xCE78, 0x9CF2, 0x630E, 0x7391, 0xAD17, 0xAD17, 0x9495, 0x630F, 0x8454, 0xCF1F,
    0xA757, 0xBF98, 0xC7B9, 0xAF57, 0xC77A, 0xFFDF, 0xCE78, 0x9CF2, 0x630E, 0x5AEE, 0x7391, 0x7391, 0x7391, 0x83F2, 0x8433, 0x8454,
    0xA757, 0xBF98, 0xC7B9, 0xAF57, 0xC77A, 0xFFDF, 0xCE78, 0x9CF2, 0x630E, 0x528D, 0x528D, 0x62EE, 0x7BB1, 0xA4F6, 0x9494, 0x6B50,
    0xA757, 0xBF98, 0xC7B9, 0xAF57, 0xC77A, 0xFFDF, 0xCE78, 0x9CF2, 0x630E, 0x528D, 0x528D, 0x9474, 0xC5D9, 0xCE1A, 0xC61A, 0xBDB9,
    0xA757, 0xBF98, 0xC7B9, 0xAF57, 0xC77A, 0xFFDF, 0xCE78, 0x9CF2, 0x630E, 0x632F, 0x8413, 0xB598, 0xD67B, 0xCE1A, 0xC5FA, 0xC5FA,
    0xA757, 0xBF98, 0xC7B9, 0xAF57, 0xC77A, 0xFFDF, 0xCE78, 0x9CF2, 0x630E, 0x8413, 0xDE9C, 0xDE9C, 0xCE3B, 0xB558, 0xAD17, 0xAD17,
    0xA757, 0xBF98, 0xC7B9, 0xAF57, 0xC77A, 0xFFDF, 0xCE78, 0x9CF2, 0x630E, 0x8413, 0xDE9C, 0xC5FA, 0xB578, 0xAD37, 0xAD17, 0xAD17,
    0xA757, 0xBF98, 0xC7B9, 0xAF57, 0xC77A, 0xFFDF, 0xCE78, 0x9CF2, 0x630E, 0x83F2, 0xCE3B, 0xB578, 0xAD17, 0xAD17, 0xAD17, 0xAD17,
    0xA757, 0xBF98, 0xC7B9, 0xAF57, 0xC77A, 0xFFDF, 0xCE78, 0x9CF2, 0x630E, 0x73B1, 0xB558, 0xAD37, 0xAD17, 0xAD17, 0xAD17, 0xAD17,
    0xB778, 0xB798, 0xB798, 0xA757, 0xC77A, 0xFFDF, 0xCE78, 0x9CF2, 0x630E, 0x7391, 0xAD17, 0xAD17, 0xAD17, 0xAD17, 0xAD17, 0xAD17
};

const short poke_mart_interior_tile_238[TILE_SIZE * TILE_SIZE] = {
    0x8E5C, 0x8E5C, 0x8E5C, 0x8618, 0x85D4, 0x8618, 0x8E5C, 0x8E5C, 0x8E5C, 0x8E5C, 0x6413, 0x630F, 0x9495, 0xAD17, 0xAD17, 0xAD17,
    0x8E5C, 0x8E5C, 0x8E5C, 0x8618, 0x85D4, 0x8618, 0x8E5C, 0x8E5C, 0x8E5C, 0x8E5C, 0x6413, 0x630F, 0x9495, 0xAD17, 0xAD17, 0xAD17,
    0x8E5C, 0x8E5C, 0x8E5C, 0x8618, 0x85D4, 0x8618, 0x8E5C, 0x8E5C, 0x8E5C, 0x8E5C, 0x6413, 0x630F, 0x9495, 0xAD17, 0xAD17, 0xAD17,
    0x863A, 0x863A, 0x863A, 0x8E18, 0x8E16, 0x8E18, 0x863A, 0x863A, 0x863A, 0x863A, 0x63F2, 0x630F, 0x9495, 0xAD17, 0xAD17, 0xAD17,
    0x85D5, 0x85D5, 0x85D5, 0x9E38, 0xBEDC, 0x9E38, 0x85D5, 0x85D5, 0x85D5, 0x85D5, 0x63D0, 0x630F, 0x9495, 0xAD17, 0xAD17, 0xAD17,
    0x9E58, 0x9E58, 0x9E58, 0xAE9B, 0xCF1F, 0xAE9B, 0x9E58, 0x9E58, 0x9E58, 0x9E58, 0x6C11, 0x630F, 0x9495, 0xAD17, 0xAD17, 0xAD17,
    0xCF1F, 0xCF1F, 0xCF1F, 0xCF1F, 0xCF1F, 0xCF1F, 0xCF1F, 0xCF1F, 0xCF1F, 0xCF1F, 0x8454, 0x630F, 0x9495, 0xAD17, 0xAD17, 0xAD17,
    0x8454, 0x8454, 0x8454, 0x8454, 0x8454, 0x8454, 0x8454, 0x8454, 0x8454, 0x8454, 0x8433, 0x8C33, 0xA4D6, 0xAD17, 0xAD17, 0xAD17,
    0x6B50, 0x6B50, 0x6B50, 0x6B50, 0x6B50, 0x6B50, 0x6B50, 0x6B50, 0x6B50, 0x6B50, 0x9494, 0xB557, 0xAD17, 0xAD17, 0xAD17, 0xAD17,
    0xBDB9, 0xBDB9, 0xBDB9, 0xBDB9, 0xBDB9, 0xBDB9, 0xBDB9, 0xBDB9, 0xBDB9, 0xBDB9, 0xC61A, 0xC5FA, 0xB557, 0xAD17, 0xAD17, 0xAD17,
    0xC5FA, 0xC5FA, 0xC5FA, 0xC5FA, 0xC5FA, 0xC5FA, 0xC5FA, 0xC5FA, 0xC5FA, 0xC5FA, 0xC5FA, 0xBDB9, 0xAD37, 0xAD17, 0xAD17, 0xAD17,
    0xAD17, 0xAD17, 0xAD17, 0xAD17, 0xAD17, 0xAD17, 0xAD17, 0xAD17, 0xAD17, 0xAD17, 0xAD17, 0xAD17, 0xAD17, 0xAD17, 0xAD17, 0xAD17,
    0xAD17, 0xAD17, 0xAD17, 0xAD17, 0xAD17, 0xAD17, 0xAD17, 0xAD17, 0xAD17, 0xAD17, 0xAD17, 0xAD17, 0xAD17, 0xAD17, 0xAD17, 0xAD17,
    0xAD17, 0xAD17, 0xAD17, 0xAD17, 0xAD17, 0xAD17, 0xAD17, 0xAD17, 0xAD17, 0xAD17, 0xAD17, 0xAD17, 0xAD17, 0xAD17, 0xAD17, 0xAD17,
    0xAD17, 0xAD17, 0xAD17, 0xAD17, 0xAD17, 0xAD17, 0xAD17, 0xAD17, 0xAD17, 0xAD17, 0xAD17, 0xAD17, 0xAD17, 0xAD17, 0xAD17, 0xAD17,
    0xAD17, 0xAD17, 0xAD17, 0xAD17, 0xAD17, 0xAD17, 0xAD17, 0xAD17, 0xAD17, 0xAD17, 0xAD17, 0xAD17, 0xAD17, 0xAD17, 0xAD17, 0xAD17
};

const short poke_mart_interior_tile_239[TILE_SIZE * TILE_SIZE] = {
    0x9495, 0x630F, 0x3187, 0x0000, 0x0000, 0x0000, 0x0000, 0x0000, 0x0000, 0x0000, 0x0000, 0x0000, 0x0000, 0x0000, 0x0000, 0x0000,
    0x9495, 0x630F, 0x3187, 0x0000, 0x0000, 0x0000, 0x0000, 0x0000, 0x0000, 0x0000, 0x0000, 0x0000, 0x0000, 0x0000, 0x0000, 0x0000,
    0x9495, 0x630F, 0x3187, 0x0000, 0x0000, 0x0000, 0x0000, 0x0000, 0x0000, 0x0000, 0x0000, 0x0000, 0x0000, 0x0000, 0x0000, 0x0000,
    0x9495, 0x630F, 0x3187, 0x0000, 0x0000, 0x0000, 0x0000, 0x0000, 0x0000, 0x0000, 0x0000, 0x0000, 0x0000, 0x0000, 0x0000, 0x0000,
    0x9495, 0x630F, 0x3187, 0x0000, 0x0000, 0x0000, 0x0000, 0x0000, 0x0000, 0x0000, 0x0000, 0x0000, 0x0000, 0x0000, 0x0000, 0x0000,
    0x9495, 0x630F, 0x3187, 0x0000, 0x0000, 0x0000, 0x0000, 0x0000, 0x0000, 0x0000, 0x0000, 0x0000, 0x0000, 0x0000, 0x0000, 0x0000,
    0x9495, 0x630F, 0x3187, 0x0000, 0x0000, 0x0000, 0x0000, 0x0000, 0x0000, 0x0000, 0x0000, 0x0000, 0x0000, 0x0000, 0x0000, 0x0000,
    0x9495, 0x630F, 0x3187, 0x0000, 0x0000, 0x0000, 0x0000, 0x0000, 0x0000, 0x0000, 0x0000, 0x0000, 0x0000, 0x0000, 0x0000, 0x0000,
    0x9495, 0x630F, 0x3187, 0x0000, 0x0000, 0x0000, 0x0000, 0x0000, 0x0000, 0x0000, 0x0000, 0x0000, 0x0000, 0x0000, 0x0000, 0x0000,
    0x9495, 0x630F, 0x3187, 0x0000, 0x0000, 0x0000, 0x0000, 0x0000, 0x0000, 0x0000, 0x0000, 0x0000, 0x0000, 0x0000, 0x0000, 0x0000,
    0x9495, 0x630F, 0x3187, 0x0000, 0x0000, 0x0000, 0x0000, 0x0000, 0x0000, 0x0000, 0x0000, 0x0000, 0x0000, 0x0000, 0x0000, 0x0000,
    0x9495, 0x630F, 0x3187, 0x0000, 0x0000, 0x0000, 0x0000, 0x0000, 0x0000, 0x0000, 0x0000, 0x0000, 0x0000, 0x0000, 0x0000, 0x0000,
    0x9495, 0x630F, 0x3187, 0x0000, 0x0000, 0x0000, 0x0000, 0x0000, 0x0000, 0x0000, 0x0000, 0x0000, 0x0000, 0x0000, 0x0000, 0x0000,
    0x9495, 0x630F, 0x3187, 0x0000, 0x0000, 0x0000, 0x0000, 0x0000, 0x0000, 0x0000, 0x0000, 0x0000, 0x0000, 0x0000, 0x0000, 0x0000,
    0x9495, 0x630F, 0x3187, 0x0000, 0x0000, 0x0000, 0x0000, 0x0000, 0x0000, 0x0000, 0x0000, 0x0000, 0x0000, 0x0000, 0x0000, 0x0000,
    0x9495, 0x630F, 0x3187, 0x0000, 0x0000, 0x0000, 0x0000, 0x0000, 0x0000, 0x0000, 0x0000, 0x0000, 0x0000, 0x0000, 0x0000, 0x0000
};

const short poke_mart_interior_tile_240[TILE_SIZE * TILE_SIZE] = {
    0x0000, 0x0000, 0x0000, 0x0000, 0x0000, 0x0000, 0x0000, 0x0000, 0x0000, 0x0000, 0x0000, 0x0000, 0x0000, 0x7C0F, 0xC6B7, 0xA691,
    0x0000, 0x0000, 0x0000, 0x0000, 0x0000, 0x0000, 0x0000, 0x0000, 0x0000, 0x0000, 0x0000, 0x0000, 0x0000, 0x632C, 0xAD94, 0xB675,
    0x0000, 0x0000, 0x0000, 0x0000, 0x0000, 0x0000, 0x0000, 0x0000, 0x0000, 0x0000, 0x0000, 0x0000, 0x0000, 0x52CA, 0x9512, 0xB5F6,
    0x0000, 0x0000, 0x0000, 0x0000, 0x0000, 0x0000, 0x0000, 0x0000, 0x0000, 0x0000, 0x0000, 0x0000, 0x0000, 0x5BA9, 0x95D0, 0x9512,
    0x0000, 0x0000, 0x0000, 0x0000, 0x0000, 0x0000, 0x0000, 0x0000, 0x0000, 0x0000, 0x0000, 0x0000, 0x0000, 0x5BE9, 0x962F, 0x9570,
    0x0000, 0x0000, 0x0000, 0x0000, 0x0000, 0x0000, 0x0000, 0x0000, 0x0000, 0x0000, 0x0000, 0x0000, 0x0000, 0x5BE9, 0x9E8F, 0x9E8F,
    0x0000, 0x0000, 0x0000, 0x0000, 0x0000, 0x0000, 0x0000, 0x0000, 0x0000, 0x0000, 0x0000, 0x0000, 0x0000, 0x5BE9, 0x9E8F, 0x9E8F,
    0x0000, 0x0000, 0x0000, 0x0000, 0x0000, 0x0000, 0x0000, 0x0000, 0x0000, 0x0000, 0x0000, 0x0000, 0x0000, 0x5BE9, 0x9E8F, 0x9E8F,
    0x0000, 0x0000, 0x0000, 0x0000, 0x0000, 0x0000, 0x0000, 0x0000, 0x0000, 0x0000, 0x0000, 0x0000, 0x0000, 0x5BE9, 0x9E8F, 0x9E8F,
    0x0000, 0x0000, 0x0000, 0x0000, 0x0000, 0x0000, 0x0000, 0x0000, 0x0000, 0x0000, 0x0000, 0x0000, 0x0000, 0x5BE9, 0x964F, 0x95CF,
    0x0000, 0x0000, 0x0000, 0x0000, 0x0000, 0x0000, 0x0000, 0x0000, 0x0000, 0x0000, 0x0000, 0x0000, 0x0000, 0x5BE9, 0x960F, 0x8CB0,
    0x0000, 0x0000, 0x0000, 0x0000, 0x0000, 0x0000, 0x0000, 0x0000, 0x0000, 0x0000, 0x0000, 0x0000, 0x0000, 0x5309, 0x9551, 0xADB5,
    0x0000, 0x0000, 0x0000, 0x0000, 0x0000, 0x0000, 0x0000, 0x0000, 0x0000, 0x0000, 0x0000, 0x0000, 0x0000, 0x5ACB, 0xA533, 0xBE56,
    0x0000, 0x0000, 0x0000, 0x0000, 0x0000, 0x0000, 0x0000, 0x0000, 0x0000, 0x0000, 0x0000, 0x0000, 0x0000, 0x73CE, 0xBE56, 0xAE92,
    0x0000, 0x0000, 0x0000, 0x0000, 0x0000, 0x0000, 0x0000, 0x0000, 0x0000, 0x0000, 0x0000, 0x0000, 0x0000, 0x7C0F, 0xC6B7, 0xA691,
    0x0000, 0x0000, 0x0000, 0x0000, 0x0000, 0x0000, 0x0000, 0x0000, 0x0000, 0x0000, 0x0000, 0x0000, 0x0000, 0x7C0F, 0xC6B7, 0xA691
};

const short poke_mart_interior_tile_241[TILE_SIZE * TILE_SIZE] = {
    0x9E8F, 0x9E8F, 0xA6B0, 0xAEB0, 0x9E8F, 0x9E8F, 0x9E8F, 0x9E8F, 0x9E8F, 0x9E8F, 0x9E8F, 0x9E8F, 0x9E8F, 0x9E8F, 0x9E8F, 0xA68F,
    0xAE93, 0x9E8F, 0x9E8F, 0xA68F, 0xA6B0, 0xA6B0, 0xA6B0, 0xA6B0, 0xA6B0, 0xA6B0, 0xA6B0, 0xA6B0, 0xA6B0, 0xA6B0, 0xA6B0, 0xA6B0,
    0xB675, 0xA691, 0x9E8F, 0x9E8F, 0xA6B0, 0xAEB0, 0xAEB0, 0xAEB0, 0xAEB0, 0xAEB0, 0xAEB0, 0xAEB0, 0xAEB0, 0xAEB0, 0xAEB0, 0xA6B0,
    0xAD94, 0xC6B7, 0xAE92, 0x9E8F, 0x9E8F, 0x9E8F, 0x9E8F, 0x9E8F, 0x9E8F, 0x9E8F, 0x9E8F, 0x9E8F, 0x9E8F, 0x9E8F, 0x9E8F, 0x9E8F,
    0x9D72, 0xB5D6, 0xB654, 0xAE93, 0xAE93, 0xAE93, 0xAE93, 0xAE93, 0xAE93, 0xAE93, 0xAE93, 0xAE93, 0xAE93, 0xAE93, 0xAE93, 0xAE93,
    0x958F, 0x8C51, 0xB5D6, 0xD6DA, 0xD6DA, 0xD6DA, 0xD6DA, 0xD6DA, 0xD6DA, 0xD6DA, 0xD6DA, 0xD6DA, 0xD6DA, 0xD6DA, 0xD6DA, 0xD6DA,
    0x962F, 0x958F, 0x9D72, 0xA554, 0xA554, 0xA554, 0xA554, 0xA554, 0xA554, 0xA554, 0xA554, 0xA554, 0xA554, 0xA554, 0xA554, 0xA554,
    0x964F, 0x960F, 0x9551, 0x94D2, 0x94D2, 0x94D2, 0x94D2, 0x94D2, 0x94D2, 0x94D2, 0x94D2, 0x94D2, 0x94D2, 0x94D2, 0x94D2, 0x94D2,
    0x95CF, 0x8CB0, 0xADB5, 0xC658, 0xC658, 0xC658, 0xC658, 0xC658, 0xC658, 0xC658, 0xC658, 0xC658, 0xC658, 0xC658, 0xC658, 0xC658,
    0x9D71, 0xA554, 0xB615, 0xBEB5, 0xBEB5, 0xBEB5, 0xBEB5, 0xBEB5, 0xBEB5, 0xBEB5, 0xBEB5, 0xBEB5, 0xBEB5, 0xBEB5, 0xBEB5, 0xBEB5,
    0xA554, 0xD6DA, 0xAE93, 0x9E8F, 0x9E8F, 0x9E8F, 0x9E8F, 0x9E8F, 0x9E8F, 0x9E8F, 0x9E8F, 0x9E8F, 0x9E8F, 0x9E8F, 0x9E8F, 0x9E8F,
    0xB615, 0xAE93, 0xA690, 0x9E8F, 0xA6B0, 0xA6B0, 0xA6B0, 0xA6B0, 0xA6B0, 0xA6B0, 0xA6B0, 0xA6B0, 0xA6B0, 0xA6B0, 0xA6B0, 0xA68F,
    0xB6B4, 0x9E8F, 0x9E8F, 0xA68F, 0xAEB0, 0xAEB0, 0xAEB0, 0xAEB0, 0xAEB0, 0xAEB0, 0xAEB0, 0xAEB0, 0xAEB0, 0xAEB0, 0xAEB0, 0xA6B0,
    0x9E90, 0x9E8F, 0xA6B0, 0xAEB0, 0xA68F, 0x9E8F, 0x9E8F, 0x9E8F, 0x9E8F, 0x9E8F, 0x9E8F, 0x9E8F, 0x9E8F, 0x9E8F, 0x9E8F, 0xA68F,
    0x9E8F, 0xA68F, 0xA6B0, 0xA6B0, 0x9E8F, 0x9E8F, 0x9E8F, 0x9E8F, 0x9E8F, 0x9E8F, 0x9E8F, 0x9E8F, 0x9E8F, 0x9E8F, 0x9E8F, 0x9E8F,
    0xA68F, 0xB6D1, 0xA68F, 0x9E8F, 0x9E8F, 0x9E8F, 0x9E8F, 0x9E8F, 0x9E8F, 0x9E8F, 0x9E8F, 0x9E8F, 0x9E8F, 0x9E8F, 0x9E8F, 0x9E8F
};

const short poke_mart_interior_tile_242[TILE_SIZE * TILE_SIZE] = {
    0xB6D1, 0xA68F, 0x9E8F, 0x9E8F, 0xAE93, 0xD6DA, 0xA554, 0x9CF3, 0xE71C, 0xD79B, 0xA757, 0xA757, 0xAF57, 0xC7B9, 0xBF98, 0xA757,
    0xA68F, 0x9E8F, 0x9E90, 0xB6B4, 0xB615, 0xA554, 0x9D71, 0x9DD1, 0xC656, 0xD6D9, 0xD79B, 0xB778, 0xA757, 0xAF78, 0xB798, 0xBF98,
    0x9E8F, 0x9E90, 0xAE92, 0xBE56, 0xADB5, 0x8CB0, 0x95CF, 0x9E70, 0xADF3, 0xC677, 0xEF5C, 0xCF5A, 0xAF58, 0xA757, 0xAF78, 0xC7B9,
    0x9E8F, 0xB6B4, 0xBE56, 0xA533, 0x9551, 0x960F, 0x964F, 0x9E90, 0xA6D4, 0xAE96, 0xBDF6, 0xD6FA, 0xDF9C, 0xAF58, 0xA757, 0xAF57,
    0xAE93, 0xB615, 0xADB5, 0x9551, 0x95AF, 0x9E8F, 0x9E8F, 0x9EB0, 0x9F15, 0xA6D6, 0xAE35, 0xC698, 0xD6FA, 0xCF5A, 0xC77A, 0xC77A,
    0xD6DA, 0xA554, 0x8CB0, 0x960F, 0x9E8F, 0x9E8F, 0x9E8F, 0x9EB0, 0x9F15, 0xA757, 0xA757, 0xAE35, 0xBDF6, 0xEF5C, 0xFFDF, 0xFFDF,
    0xA554, 0x9D71, 0x95CF, 0x964F, 0x9E8F, 0x9E8F, 0x9E8F, 0x9EB0, 0x9F15, 0xA757, 0xA757, 0xA6D6, 0xAE96, 0xC677, 0xCE78, 0xCE78,
    0x94D2, 0x9DB1, 0x9E4F, 0x9E6F, 0x9E8F, 0x9E8F, 0x9E8F, 0x9EB0, 0x9F15, 0xA757, 0xA757, 0xA716, 0xAEB6, 0xBE36, 0xBDF6, 0xBDF6,
    0xC658, 0xB5F5, 0xA5D2, 0x9E4F, 0x9E8F, 0x9E8F, 0x9E8F, 0x9EB0, 0x9F15, 0xA757, 0xA757, 0xAE75, 0xBE36, 0xDF1B, 0xEF5C, 0xEF5C,
    0xBEB5, 0xBE56, 0xB5F5, 0x9DB1, 0x95EF, 0x9E8F, 0x9E8F, 0x9EB0, 0x9F15, 0xA6F6, 0xA695, 0xBE77, 0xCEB9, 0xD75B, 0xD79B, 0xD79B,
    0x9E8F, 0xBEB5, 0xC658, 0x94D2, 0x8D30, 0x9E8F, 0x9E8F, 0x9EB0, 0x9F15, 0xA695, 0xB594, 0xDEDA, 0xE7BD, 0xB758, 0xA757, 0xA757,
    0x9E8F, 0xA691, 0xAE74, 0xB5F5, 0xA593, 0x8D30, 0x95EF, 0x9E70, 0xA654, 0xBE77, 0xDEDA, 0xCF3A, 0xBF79, 0xA757, 0xAF77, 0xBF98,
    0x9E8F, 0x9E8F, 0xA690, 0xBEB6, 0xB5F5, 0x94D2, 0x9590, 0x9E10, 0xB5F4, 0xCEB9, 0xE7BD, 0xBF79, 0xA757, 0xA757, 0xB778, 0xC7B9,
    0xAEB0, 0xA68F, 0x9E8F, 0xA690, 0xAE74, 0xC658, 0xA553, 0x9D33, 0xD6DA, 0xD75B, 0xB758, 0xA757, 0xA757, 0xBF98, 0xB798, 0xAF57,
    0xA6B0, 0xA6B0, 0xA68F, 0x9E8F, 0xAE93, 0xD6DA, 0xA554, 0x9CF3, 0xE71C, 0xD79B, 0xA757, 0xAF77, 0xB778, 0xB798, 0xAF78, 0xA757,
    0x9E8F, 0xA6B0, 0xAEB0, 0x9E8F, 0xAE93, 0xD6DA, 0xA554, 0x9CF3, 0xE71C, 0xD79B, 0xA757, 0xBF98, 0xC7B9, 0xAF57, 0xA757, 0xA757
};

const short poke_mart_interior_tile_243[TILE_SIZE * TILE_SIZE] = {
    0xA757, 0xA757, 0xA757, 0xA757, 0xA757, 0xA757, 0xA757, 0xA757, 0xA757, 0xA757, 0xBF98, 0xC7B9, 0xAF57, 0xA757, 0xA757, 0xD79B,
    0xBF98, 0xBF98, 0xBF98, 0xBF98, 0xBF98, 0xBF98, 0xBF98, 0xBF98, 0xBF98, 0xBF98, 0xB798, 0xAF78, 0xA757, 0xB778, 0xD79B, 0xD6D9,
    0xC7B9, 0xC7B9, 0xC7B9, 0xC7B9, 0xC7B9, 0xC7B9, 0xC7B9, 0xC7B9, 0xC7B9, 0xC7B9, 0xAF78, 0xA757, 0xAF58, 0xCF5A, 0xEF5C, 0xC656,
    0xAF57, 0xAF57, 0xAF57, 0xAF57, 0xAF57, 0xAF57, 0xAF57, 0xAF57, 0xAF57, 0xAF57, 0xA757, 0xAF58, 0xDF9C, 0xD6FA, 0xBDF6, 0xAE32,
    0xC77A, 0xC77A, 0xC77A, 0xC77A, 0xC77A, 0xC77A, 0xC77A, 0xC77A, 0xC77A, 0xC77A, 0xC77A, 0xCF5A, 0xD6FA, 0xC677, 0xA5F2, 0x9E50,
    0xFFDF, 0xFFDF, 0xFFDF, 0xFFDF, 0xFFDF, 0xFFDF, 0xFFDF, 0xFFDF, 0xFFDF, 0xFFDF, 0xFFDF, 0xEF5C, 0xBDF6, 0xA5F2, 0x9E8F, 0x9E8F,
    0xCE78, 0xCE78, 0xCE78, 0xCE78, 0xCE78, 0xCE78, 0xCE78, 0xCE78, 0xCE78, 0xCE78, 0xCE78, 0xC656, 0xAE32, 0x9E50, 0x9E8F, 0x9ED1,
    0xBDF6, 0xBDF6, 0xBDF6, 0xBDF6, 0xBDF6, 0xBDF6, 0xBDF6, 0xBDF6, 0xBDF6, 0xBDF6, 0xBDF6, 0xBE15, 0xA631, 0x9E70, 0x9EB0, 0x9F14,
    0xEF5C, 0xEF5C, 0xEF5C, 0xEF5C, 0xEF5C, 0xEF5C, 0xEF5C, 0xEF5C, 0xEF5C, 0xEF5C, 0xEF5C, 0xDEFA, 0xBE15, 0xA654, 0x9F15, 0x9F36,
    0xD79B, 0xD79B, 0xD79B, 0xD79B, 0xD79B, 0xD79B, 0xD79B, 0xD79B, 0xD79B, 0xD79B, 0xD79B, 0xD75B, 0xCEB9, 0xBE77, 0xA695, 0xA6F6,
    0xA757, 0xA757, 0xA757, 0xA757, 0xA757, 0xA757, 0xA757, 0xA757, 0xA757, 0xA757, 0xA757, 0xB758, 0xE7BD, 0xDEDA, 0xB594, 0xA695,
    0xBF98, 0xBF98, 0xBF98, 0xBF98, 0xBF98, 0xBF98, 0xBF98, 0xBF98, 0xBF98, 0xBF98, 0xAF77, 0xA757, 0xBF79, 0xCF3A, 0xDEDA, 0xBE77,
    0xC7B9, 0xC7B9, 0xC7B9, 0xC7B9, 0xC7B9, 0xC7B9, 0xC7B9, 0xC7B9, 0xC7B9, 0xC7B9, 0xB778, 0xA757, 0xA757, 0xBF79, 0xE7BD, 0xCEB9,
    0xAF57, 0xAF57, 0xAF57, 0xAF57, 0xAF57, 0xAF57, 0xAF57, 0xAF57, 0xAF57, 0xAF57, 0xB798, 0xBF98, 0xA757, 0xA757, 0xB758, 0xD75B,
    0xA757, 0xA757, 0xA757, 0xA757, 0xA757, 0xA757, 0xA757, 0xA757, 0xA757, 0xA757, 0xAF78, 0xB798, 0xB778, 0xAF77, 0xA757, 0xD79B,
    0xA757, 0xA757, 0xA757, 0xA757, 0xA757, 0xA757, 0xA757, 0xA757, 0xA757, 0xA757, 0xA757, 0xAF57, 0xC7B9, 0xBF98, 0xA757, 0xD79B
};

const short poke_mart_interior_tile_244[TILE_SIZE * TILE_SIZE] = {
    0xEF5C, 0xBDF6, 0xCE78, 0xFFDF, 0xC77A, 0xA757, 0xA757, 0xB778, 0xCFDA, 0xB778, 0xA757, 0xA757, 0xA757, 0xA757, 0xA757, 0xA757,
    0xC656, 0xAE32, 0xB633, 0xCE78, 0xD71A, 0xCF9A, 0xAF58, 0xA757, 0xB778, 0xB798, 0xBF98, 0xBF98, 0xBF98, 0xBF98, 0xBF98, 0xBF98,
    0xA5D2, 0x9E4F, 0xA651, 0xADD4, 0xD6B9, 0xDF5C, 0xBF59, 0xAF58, 0xA757, 0xB798, 0xC7B9, 0xC7B9, 0xC7B9, 0xC7B9, 0xC7B9, 0xC7B9,
    0x9E4F, 0x9E6F, 0x9EB2, 0xA6F6, 0xB656, 0xC657, 0xDF5C, 0xCF9A, 0xA757, 0xA757, 0xAF57, 0xAF57, 0xAF57, 0xAF57, 0xAF57, 0xAF57,
    0x9E8F, 0x9ED1, 0x9EF4, 0xA757, 0xA6B5, 0xB656, 0xD6B9, 0xD71A, 0xC77A, 0xC77A, 0xC77A, 0xC77A, 0xC77A, 0xC77A, 0xC77A, 0xC77A,
    0x9EB0, 0x9F15, 0xA757, 0xA757, 0xA757, 0xA6F6, 0xADD4, 0xCE78, 0xFFDF, 0xFFDF, 0xFFDF, 0xFFDF, 0xFFDF, 0xFFDF, 0xFFDF, 0xFFDF,
    0x9F14, 0x9F36, 0xA757, 0xA757, 0xA757, 0xA736, 0xA6B6, 0xB696, 0xCE78, 0xCE78, 0xCE78, 0xCE78, 0xCE78, 0xCE78, 0xCE78, 0xCE78,
    0xA757, 0xA757, 0xA757, 0xA757, 0xA757, 0xA736, 0xA6F6, 0xAE96, 0xBDF6, 0xBDF6, 0xBDF6, 0xBDF6, 0xBDF6, 0xBDF6, 0xBDF6, 0xBDF6,
    0xA757, 0xA757, 0xA757, 0xA757, 0xA757, 0xA6F6, 0xAE35, 0xC677, 0xEF5C, 0xEF5C, 0xEF5C, 0xEF5C, 0xEF5C, 0xEF5C, 0xEF5C, 0xEF5C,
    0xA757, 0xA757, 0xA757, 0xA757, 0xA6D6, 0xAE96, 0xC677, 0xD6D9, 0xD79B, 0xD79B, 0xD79B, 0xD79B, 0xD79B, 0xD79B, 0xD79B, 0xD79B,
    0xA757, 0xA757, 0xA757, 0xA757, 0xAE35, 0xBDF6, 0xEF5C, 0xD79B, 0xA757, 0xA757, 0xA757, 0xA757, 0xA757, 0xA757, 0xA757, 0xA757,
    0xAE75, 0xA716, 0xA6D6, 0xAE35, 0xC698, 0xD6FA, 0xCF5A, 0xB778, 0xA757, 0xAF78, 0xBF98, 0xBF98, 0xBF98, 0xBF98, 0xBF98, 0xBF98,
    0xBE36, 0xAEB6, 0xAE96, 0xBDF6, 0xD6FA, 0xDF9C, 0xAF58, 0xA757, 0xAF57, 0xB798, 0xC7B9, 0xC7B9, 0xC7B9, 0xC7B9, 0xC7B9, 0xC7B9,
    0xDF1B, 0xBE36, 0xC677, 0xEF5C, 0xCF5A, 0xAF58, 0xA757, 0xAF78, 0xC7B9, 0xB778, 0xAF57, 0xAF57, 0xAF57, 0xAF57, 0xAF57, 0xAF57,
    0xEF5C, 0xBDF6, 0xCE78, 0xFFDF, 0xC77A, 0xA757, 0xAF78, 0xB798, 0xBF98, 0xAF77, 0xA757, 0xA757, 0xA757, 0xA757, 0xA757, 0xA757,
    0xEF5C, 0xBDF6, 0xCE78, 0xFFDF, 0xC77A, 0xAF57, 0xC7B9, 0xBF98, 0xA757, 0xA757, 0xA757, 0xA757, 0xA757, 0xA757, 0xA757, 0xA757
};

const short poke_mart_interior_tile_245[TILE_SIZE * TILE_SIZE] = {
    0xA757, 0xA757, 0xA757, 0xA757, 0xAF57, 0xC7B9, 0xBF98, 0xA757, 0xA757, 0xB758, 0xE7BD, 0xDEDA, 0xB594, 0xDEDA, 0xE7BD, 0xB758,
    0xBF98, 0xBF98, 0xBF98, 0xBF98, 0xB798, 0xB778, 0xAF77, 0xA757, 0xC779, 0xD75B, 0xCEB9, 0xBE55, 0xA611, 0xBE55, 0xCEB9, 0xD75B,
    0xC7B9, 0xC7B9, 0xC7B9, 0xC7B9, 0xBF98, 0xA757, 0xA757, 0xB758, 0xD75B, 0xDEFA, 0xBE15, 0xA611, 0x9E8F, 0xA612, 0xBE36, 0xDF1B,
    0xAF57, 0xAF57, 0xAF57, 0xAF57, 0xA757, 0xA757, 0xBF79, 0xE7BD, 0xCEB9, 0xBE15, 0xA631, 0x9E6F, 0x9E8F, 0x9ED3, 0xAEB6, 0xBE36,
    0xC77A, 0xC77A, 0xC77A, 0xC77A, 0xC77A, 0xC77A, 0xCF3A, 0xDEDA, 0xBE55, 0xA611, 0x9E6F, 0x9EB0, 0x9ED2, 0x9F15, 0xA716, 0xAE75,
    0xFFDF, 0xFFDF, 0xFFDF, 0xFFDF, 0xFFDF, 0xFFDF, 0xDEDA, 0xB594, 0xA611, 0x9E8F, 0x9E8F, 0x9ED2, 0xA757, 0xA757, 0xA757, 0xA757,
    0xCE78, 0xCE78, 0xCE78, 0xCE78, 0xCE78, 0xCE78, 0xBE55, 0xA611, 0x9E4F, 0x9E90, 0x9EF2, 0x9F15, 0xA757, 0xA757, 0xA757, 0xA757,
    0xBDF6, 0xBDF6, 0xBDF6, 0xBDF6, 0xBDF6, 0xBDF6, 0xB613, 0x9E50, 0x9E90, 0x9ED1, 0x9F35, 0xA757, 0xA757, 0x96B5, 0x9655, 0x9655,
    0xEF5C, 0xEF5C, 0xEF5C, 0xEF5C, 0xEF5C, 0xEF5C, 0xD6B8, 0xADB3, 0xA694, 0x9F35, 0xA736, 0xA757, 0xA757, 0x7CF2, 0x636F, 0x636F,
    0xD79B, 0xD79B, 0xD79B, 0xD79B, 0xD79B, 0xD79B, 0xD71A, 0xCE78, 0xB696, 0xA6B6, 0xA736, 0xA757, 0xA757, 0x7471, 0x5A8C, 0x82AA,
    0xA757, 0xA757, 0xA757, 0xA757, 0xA757, 0xA757, 0xC77A, 0xFFDF, 0xCE78, 0xADD4, 0xA6F6, 0xA757, 0xA757, 0x7471, 0x728B, 0xD2E7,
    0xBF98, 0xBF98, 0xBF98, 0xBF98, 0xB798, 0xA757, 0xAF58, 0xC77A, 0xD71A, 0xD6B9, 0xB656, 0xA6B5, 0xA757, 0x7471, 0x728B, 0xD2E7,
    0xC7B9, 0xC7B9, 0xC7B9, 0xC7B9, 0xBF99, 0xAF78, 0xA757, 0xA757, 0xCF9A, 0xDF5C, 0xC657, 0xB656, 0xA6F6, 0x7450, 0x728B, 0xD2E7,
    0xAF57, 0xAF57, 0xAF57, 0xAF57, 0xAF78, 0xBF99, 0xB798, 0xA757, 0xAF58, 0xBF59, 0xDF5C, 0xD6B9, 0xADD4, 0x73D0, 0x728B, 0xD2E7,
    0xA757, 0xA757, 0xA757, 0xA757, 0xA757, 0xB798, 0xB798, 0xB778, 0xA757, 0xB758, 0xE7BD, 0xDEDA, 0xB594, 0x73AF, 0x728B, 0xD2E7,
    0xA757, 0xA757, 0xA757, 0xA757, 0xA757, 0xA757, 0xB778, 0xCFDA, 0xB778, 0xB758, 0xE7BD, 0xDEDA, 0xB594, 0x73AF, 0x728B, 0xD2E7
};

const short poke_mart_interior_tile_246[TILE_SIZE * TILE_SIZE] = {
    0xA757, 0xA757, 0xBF98, 0xC7B9, 0xAF57, 0xA757, 0xA757, 0xA757, 0xA757, 0xA757, 0xA757, 0xA757, 0xA757, 0xA757, 0xA757, 0xB778,
    0xC779, 0xA757, 0xAF77, 0xB778, 0xB798, 0xBF98, 0xBF98, 0xBF98, 0xBF98, 0xBF98, 0xBF98, 0xBF98, 0xBF98, 0xBF98, 0xBF98, 0xB798,
    0xD75B, 0xB758, 0xA757, 0xA757, 0xBF98, 0xC7B9, 0xC7B9, 0xC7B9, 0xC7B9, 0xC7B9, 0xC7B9, 0xC7B9, 0xC7B9, 0xC7B9, 0xC7B9, 0xB798,
    0xCEB9, 0xE7BD, 0xBF79, 0xA757, 0xA757, 0xAF57, 0xAF57, 0xAF57, 0xAF57, 0xAF57, 0xAF57, 0xAF57, 0xAF57, 0xAF57, 0xAF57, 0xA757,
    0xBE77, 0xDEDA, 0xCF3A, 0xC77A, 0xC77A, 0xC77A, 0xC77A, 0xC77A, 0xC77A, 0xC77A, 0xC77A, 0xC77A, 0xC77A, 0xC77A, 0xC77A, 0xC77A,
    0xA695, 0xB594, 0xDEDA, 0xFFDF, 0xFFDF, 0xFFDF, 0xFFDF, 0xFFDF, 0xFFDF, 0xFFDF, 0xFFDF, 0xFFDF, 0xFFDF, 0xFFDF, 0xFFDF, 0xFFDF,
    0xA6F6, 0xA695, 0xBE77, 0xCE78, 0xCE78, 0xCE78, 0xCE78, 0xCE78, 0xCE78, 0xCE78, 0xCE78, 0xCE78, 0xCE78, 0xCE78, 0xCE78, 0xCE78,
    0x9655, 0x9655, 0x9D73, 0x9CF2, 0x9CF2, 0x9CF2, 0x9CF2, 0x9CF2, 0x9CF2, 0x9CF2, 0x9CF2, 0x9CF2, 0x9CF2, 0x9CF2, 0x9CF2, 0x9CF2,
    0x636F, 0x636F, 0x634E, 0x630E, 0x630E, 0x630E, 0x630E, 0x630E, 0x630E, 0x630E, 0x630E, 0x630E, 0x630E, 0x630E, 0x630E, 0x630E,
    0x92AA, 0x92AA, 0x92AA, 0x92AA, 0x92AA, 0x92AA, 0x92AA, 0x92AA, 0x92AA, 0x92AA, 0x92AA, 0x92AA, 0x92AA, 0x92AA, 0x92AA, 0x92AA,
    0xFB06, 0xFB06, 0xFB06, 0xFB06, 0xFB06, 0xFB06, 0xFB06, 0xFB06, 0xFB06, 0xFB06, 0xFB06, 0xFB06, 0xFB06, 0xFB06, 0xFB06, 0xFB06,
    0xF3E9, 0xED4E, 0xED4E, 0xED4E, 0xED4E, 0xED4E, 0xED4E, 0xED4E, 0xED4E, 0xED4E, 0xED4E, 0xED4E, 0xED4E, 0xED4E, 0xED4E, 0xED4E,
    0xF48B, 0xEED4, 0xEED4, 0xEE93, 0xEE31, 0xEE11, 0xEE11, 0xEE11, 0xEE11, 0xEE11, 0xEE11, 0xEE11, 0xEE11, 0xEE11, 0xEE11, 0xEE11,
    0xF48B, 0xEED4, 0xEED4, 0xEE31, 0xF44B, 0xF3C8, 0xF3C8, 0xF3C8, 0xF3C8, 0xF3C8, 0xF3C8, 0xF3C8, 0xF3C8, 0xF3C8, 0xF3C8, 0xF3C8,
    0xF48B, 0xEED4, 0xEED4, 0xEE11, 0xF3C8, 0xFB06, 0xFB06, 0xFB06, 0xFB06, 0xFB06, 0xFB06, 0xFB06, 0xFB06, 0xFB06, 0xFB06, 0xFB06,
    0xF48B, 0xEED4, 0xEED4, 0xEE11, 0xF3C8, 0xFB06, 0xFB06, 0xFB06, 0xFB06, 0xFB06, 0xFB06, 0xFB06, 0xFB06, 0xFB06, 0xFB06, 0xFB06
};

const short poke_mart_interior_tile_247[TILE_SIZE * TILE_SIZE] = {
    0xCFDA, 0xB778, 0xA757, 0xA757, 0xC77A, 0xFFDF, 0xCE78, 0xBDF6, 0xEF5C, 0xD79B, 0xA757, 0xA757, 0xAF57, 0xC7B9, 0xBF98, 0xA757,
    0xB778, 0xA757, 0xAF58, 0xCF9A, 0xD71A, 0xCE78, 0xB633, 0xAE32, 0xC656, 0xD6D9, 0xD79B, 0xB778, 0xA757, 0xAF78, 0xB798, 0xBF98,
    0xA757, 0xAF58, 0xBF59, 0xDF5C, 0xD6B8, 0xADB3, 0xA630, 0x9E70, 0xADF3, 0xC677, 0xEF5C, 0xCF5A, 0xAF58, 0xA757, 0xAF78, 0xC7B9,
    0xA757, 0xCF9A, 0xDF5C, 0xC657, 0xB613, 0x9E50, 0x9E6F, 0x9E90, 0xA6D4, 0xAE96, 0xBDF6, 0xD6FA, 0xDF9C, 0xAF58, 0xA757, 0xAF57,
    0xC77A, 0xD71A, 0xD6B8, 0xB613, 0xA630, 0x9E8F, 0x9EB0, 0x9EF3, 0x9F36, 0xA6D6, 0xAE35, 0xC698, 0xD6FA, 0xCF5A, 0xC77A, 0xC77A,
    0xFFDF, 0xCE78, 0xADB3, 0x9E50, 0x9E8F, 0x9E8F, 0x9EF3, 0xA757, 0xA757, 0xA757, 0xA757, 0xAE35, 0xBDF6, 0xEF5C, 0xFFDF, 0xFFDF,
    0xCE78, 0xB633, 0xA630, 0x9E6F, 0x9EB0, 0x9EF3, 0x9F35, 0xA757, 0xA757, 0xA757, 0xA757, 0xA6D6, 0xAE96, 0xC677, 0xCE78, 0xCE78,
    0x9CF2, 0x9570, 0x8DAE, 0x8DAE, 0x8DF1, 0x9655, 0x9655, 0x9655, 0x9655, 0x9655, 0x9655, 0x9655, 0x9614, 0x9D33, 0x9CF2, 0x9CF2,
    0x630E, 0x632D, 0x5B4D, 0x5B4D, 0x5B4E, 0x636F, 0x636F, 0x636F, 0x636F, 0x636F, 0x636F, 0x636F, 0x636E, 0x632E, 0x630E, 0x630E,
    0x92AA, 0x92AA, 0x92AA, 0x92AA, 0x92AA, 0x92AA, 0x92AA, 0x92AA, 0x92AA, 0x92AA, 0x92AA, 0x92AA, 0x92AA, 0x92AA, 0x92AA, 0x92AA,
    0xFB06, 0xFB06, 0xFB06, 0xFB06, 0xFB06, 0xFB06, 0xFB06, 0xFB06, 0xFB06, 0xFB06, 0xFB06, 0xFB06, 0xFB06, 0xFB06, 0xFB06, 0xFB06,
    0xED4E, 0xED4E, 0xED4E, 0xED4E, 0xED4E, 0xED4E, 0xED4E, 0xED4E, 0xED4E, 0xED4E, 0xED4E, 0xED4E, 0xED4E, 0xED4E, 0xED4E, 0xED4E,
    0xEE11, 0xEE11, 0xEE11, 0xEE11, 0xEE11, 0xEE11, 0xEE11, 0xEE11, 0xEE11, 0xEE11, 0xEE11, 0xEE11, 0xEE11, 0xEE11, 0xEE11, 0xEE11,
    0xF3C8, 0xF3C8, 0xF3C8, 0xF3C8, 0xF3C8, 0xF3C8, 0xF3C8, 0xF3C8, 0xF3C8, 0xF3C8, 0xF3C8, 0xF3C8, 0xF3C8, 0xF3C8, 0xF3C8, 0xF3C8,
    0xFB06, 0xFB06, 0xFB06, 0xFB06, 0xFB06, 0xFB06, 0xFB06, 0xFB06, 0xFB06, 0xFB06, 0xFB06, 0xFB06, 0xFB06, 0xFB06, 0xFB06, 0xFB06,
    0xFB06, 0xFB06, 0xFB06, 0xFB06, 0xFB06, 0xFB06, 0xFB06, 0xFB06, 0xFB06, 0xFB06, 0xFB06, 0xFB06, 0xFB06, 0xFB06, 0xFB06, 0xFB06
};

const short poke_mart_interior_tile_248[TILE_SIZE * TILE_SIZE] = {
    0xA757, 0xA757, 0xA757, 0xA757, 0xA757, 0xA757, 0xA757, 0xA757, 0xA757, 0xA757, 0xBF98, 0xC7B9, 0xAF57, 0xA757, 0xA757, 0xD79B,
    0xBF98, 0xBF98, 0xBF98, 0xBF98, 0xBF98, 0xBF98, 0xBF98, 0xBF98, 0xBF98, 0xBF98, 0xB798, 0xAF78, 0xA757, 0xB778, 0xD79B, 0xD6D9,
    0xC7B9, 0xC7B9, 0xC7B9, 0xC7B9, 0xC7B9, 0xC7B9, 0xC7B9, 0xC7B9, 0xC7B9, 0xC7B9, 0xAF78, 0xA757, 0xAF58, 0xCF5A, 0xEF5C, 0xC656,
    0xAF57, 0xAF57, 0xAF57, 0xAF57, 0xAF57, 0xAF57, 0xAF57, 0xAF57, 0xAF57, 0xAF57, 0xA757, 0xAF58, 0xDF9C, 0xD6FA, 0xBDF6, 0xAE32,
    0xC77A, 0xC77A, 0xC77A, 0xC77A, 0xC77A, 0xC77A, 0xC77A, 0xC77A, 0xC77A, 0xC77A, 0xC77A, 0xCF5A, 0xD6FA, 0xC677, 0xA5F2, 0x9E50,
    0xFFDF, 0xFFDF, 0xFFDF, 0xFFDF, 0xFFDF, 0xFFDF, 0xFFDF, 0xFFDF, 0xFFDF, 0xFFDF, 0xFFDF, 0xEF5C, 0xBDF6, 0xA5F2, 0x9E8F, 0x9E8F,
    0xCE78, 0xCE78, 0xCE78, 0xCE78, 0xCE78, 0xCE78, 0xCE78, 0xCE78, 0xCE78, 0xCE78, 0xCE78, 0xC656, 0xAE32, 0x9E50, 0x9E8F, 0x9ED1,
    0x9CF2, 0x9CF2, 0x9CF2, 0x9CF2, 0x9CF2, 0x9CF2, 0x9CF2, 0x9CF2, 0x9CF2, 0x9CF2, 0x9CF2, 0x9D11, 0x8D8F, 0x8DAE, 0x8DAE, 0x8E12,
    0x630E, 0x630E, 0x630E, 0x630E, 0x630E, 0x630E, 0x630E, 0x630E, 0x630E, 0x630E, 0x630E, 0x632E, 0x5B4D, 0x5B4D, 0x5B4D, 0x5B6E,
    0x92AA, 0x92AA, 0x92AA, 0x92AA, 0x92AA, 0x92AA, 0x92AA, 0x92AA, 0x92AA, 0x92AA, 0x92AA, 0x92AA, 0x92AA, 0x92AA, 0x92AA, 0x92AA,
    0xFB06, 0xFB06, 0xFB06, 0xFB06, 0xFB06, 0xFB06, 0xFB06, 0xFB06, 0xFB06, 0xFB06, 0xFB06, 0xFB06, 0xFB06, 0xFB06, 0xFB06, 0xFB06,
    0xED4E, 0xED4E, 0xED4E, 0xED4E, 0xED4E, 0xED4E, 0xED4E, 0xED4E, 0xED4E, 0xED4E, 0xED4E, 0xED4E, 0xED4E, 0xED4E, 0xED4E, 0xF3E9,
    0xEE11, 0xEE11, 0xEE11, 0xEE11, 0xEE11, 0xEE11, 0xEE11, 0xEE11, 0xEE11, 0xEE11, 0xEE11, 0xEE31, 0xEE93, 0xEED4, 0xEED4, 0xF48B,
    0xF3C8, 0xF3C8, 0xF3C8, 0xF3C8, 0xF3C8, 0xF3C8, 0xF3C8, 0xF3C8, 0xF3C8, 0xF3C8, 0xF3C8, 0xF44B, 0xEE31, 0xEED4, 0xEED4, 0xF48B,
    0xFB06, 0xFB06, 0xFB06, 0xFB06, 0xFB06, 0xFB06, 0xFB06, 0xFB06, 0xFB06, 0xFB06, 0xFB06, 0xF3C8, 0xEE11, 0xEED4, 0xEED4, 0xF48B,
    0xFB06, 0xFB06, 0xFB06, 0xFB06, 0xFB06, 0xFB06, 0xFB06, 0xFB06, 0xFB06, 0xFB06, 0xFB06, 0xF3C8, 0xEE11, 0xEED4, 0xEED4, 0xF48B
};

const short poke_mart_interior_tile_249[TILE_SIZE * TILE_SIZE] = {
    0xEF5C, 0xBDF6, 0xCE78, 0xFFDF, 0xC77A, 0xA757, 0xA757, 0xB778, 0xCFDA, 0xB778, 0xA757, 0xA757, 0xA757, 0xA757, 0xA757, 0xA757,
    0xC656, 0xAE32, 0xB633, 0xCE78, 0xD71A, 0xCF9A, 0xAF58, 0xA757, 0xB778, 0xB798, 0xBF98, 0xBF98, 0xBF98, 0xBF98, 0xBF98, 0xBF98,
    0xA5D2, 0x9E4F, 0xA651, 0xADD4, 0xD6B9, 0xDF5C, 0xBF59, 0xAF58, 0xA757, 0xB798, 0xC7B9, 0xC7B9, 0xC7B9, 0xC7B9, 0xC7B9, 0xC7B9,
    0x9E4F, 0x9E6F, 0x9EB2, 0xA6F6, 0xB656, 0xC657, 0xDF5C, 0xCF9A, 0xA757, 0xA757, 0xAF57, 0xAF57, 0xAF57, 0xAF57, 0xAF57, 0xAF57,
    0x9E8F, 0x9ED1, 0x9EF4, 0xA757, 0xA6B5, 0xB656, 0xD6B9, 0xD71A, 0xC77A, 0xC77A, 0xC77A, 0xC77A, 0xC77A, 0xC77A, 0xC77A, 0xC77A,
    0x9EB0, 0x9F15, 0xA757, 0xA757, 0xA757, 0xA6F6, 0xADD4, 0xCE78, 0xFFDF, 0xFFDF, 0xFFDF, 0xFFDF, 0xFFDF, 0xFFDF, 0xFFDF, 0xFFDF,
    0x9F14, 0x9F36, 0xA757, 0xA757, 0xA757, 0xA736, 0xA6B6, 0xB696, 0xCE78, 0xCE78, 0xCE78, 0xCE78, 0xCE78, 0xCE78, 0xCE78, 0xCE78,
    0x9655, 0x9655, 0x96B5, 0xA757, 0xA757, 0xA736, 0xA6F6, 0xAE96, 0xBDF6, 0xBDF6, 0xBDF6, 0xBDF6, 0xBDF6, 0xBDF6, 0xBDF6, 0xBDF6,
    0x636F, 0x636F, 0x7CF2, 0xA757, 0xA757, 0xA6F6, 0xAE35, 0xC677, 0xEF5C, 0xEF5C, 0xEF5C, 0xEF5C, 0xEF5C, 0xEF5C, 0xEF5C, 0xEF5C,
    0x82AA, 0x5A8C, 0x7471, 0xA757, 0xA6D6, 0xAE96, 0xC677, 0xD6D9, 0xD79B, 0xD79B, 0xD79B, 0xD79B, 0xD79B, 0xD79B, 0xD79B, 0xD79B,
    0xD2E7, 0x728B, 0x7471, 0xA757, 0xAE35, 0xBDF6, 0xEF5C, 0xD79B, 0xA757, 0xA757, 0xA757, 0xA757, 0xA757, 0xA757, 0xA757, 0xA757,
    0xD2E7, 0x728B, 0x73F0, 0xAE35, 0xC698, 0xD6FA, 0xCF5A, 0xB778, 0xA757, 0xAF78, 0xBF98, 0xBF98, 0xBF98, 0xBF98, 0xBF98, 0xBF98,
    0xD2E7, 0x728B, 0x7BF0, 0xBDF6, 0xD6FA, 0xDF9C, 0xAF58, 0xA757, 0xAF57, 0xB798, 0xC7B9, 0xC7B9, 0xC7B9, 0xC7B9, 0xC7B9, 0xC7B9,
    0xD2E7, 0x728B, 0x8C73, 0xEF5C, 0xCF5A, 0xAF58, 0xA757, 0xAF78, 0xC7B9, 0xB778, 0xAF57, 0xAF57, 0xAF57, 0xAF57, 0xAF57, 0xAF57,
    0xD2E7, 0x728B, 0x9494, 0xFFDF, 0xC77A, 0xA757, 0xAF78, 0xB798, 0xBF98, 0xAF77, 0xA757, 0xA757, 0xA757, 0xA757, 0xA757, 0xA757,
    0xD2E7, 0x728B, 0x9494, 0xFFDF, 0xC77A, 0xAF57, 0xC7B9, 0xBF98, 0xA757, 0xA757, 0xA757, 0xA757, 0xA757, 0xA757, 0xA757, 0xA757
};

const short poke_mart_interior_tile_250[TILE_SIZE * TILE_SIZE] = {
    0xA757, 0xA757, 0xA757, 0xA757, 0xAF57, 0xC7B9, 0xBF98, 0xA757, 0xA757, 0xB758, 0xE7BD, 0xDEDA, 0xB594, 0x73AF, 0x630F, 0x9495,
    0xBF98, 0xBF98, 0xBF98, 0xBF98, 0xB798, 0xB778, 0xAF77, 0xA757, 0xC779, 0xD75B, 0xCEB9, 0xBE55, 0xA611, 0x73EE, 0x630F, 0x9495,
    0xC7B9, 0xC7B9, 0xC7B9, 0xC7B9, 0xBF98, 0xA757, 0xA757, 0xB758, 0xD75B, 0xDEFA, 0xBE15, 0xA611, 0x9E8F, 0x6C0D, 0x630F, 0x9495,
    0xAF57, 0xAF57, 0xAF57, 0xAF57, 0xA757, 0xA757, 0xBF79, 0xE7BD, 0xCEB9, 0xBE15, 0xA631, 0x9E6F, 0x9E8F, 0x6C0D, 0x630F, 0x9495,
    0xC77A, 0xC77A, 0xC77A, 0xC77A, 0xC77A, 0xC77A, 0xCF3A, 0xDEDA, 0xBE55, 0xA611, 0x9E6F, 0x9EB0, 0x9ED2, 0x6C2F, 0x630F, 0x9495,
    0xFFDF, 0xFFDF, 0xFFDF, 0xFFDF, 0xFFDF, 0xFFDF, 0xDEDA, 0xB594, 0xA611, 0x9E8F, 0x9E8F, 0x9ED2, 0xA757, 0x7471, 0x630F, 0x9495,
    0xCE78, 0xCE78, 0xCE78, 0xCE78, 0xCE78, 0xCE78, 0xBE55, 0xA611, 0x9E4F, 0x9E90, 0x9EF2, 0x9F15, 0xA757, 0x8DD1, 0x7CAE, 0x73D0,
    0xBDF6, 0xBDF6, 0xBDF6, 0xBDF6, 0xBDF6, 0xBDF6, 0xB613, 0x9E50, 0x9E90, 0x9ED1, 0x9F35, 0xA757, 0xA757, 0x9EF3, 0x8DF0, 0x6BEE,
    0xEF5C, 0xEF5C, 0xEF5C, 0xEF5C, 0xEF5C, 0xEF5C, 0xD6B8, 0xADB3, 0xA694, 0x9F35, 0xA736, 0xA757, 0xA757, 0x9F36, 0x9ED4, 0x8DF0,
    0xD79B, 0xD79B, 0xD79B, 0xD79B, 0xD79B, 0xD79B, 0xD71A, 0xCE78, 0xB696, 0xA6B6, 0xA736, 0xA757, 0xA757, 0xA757, 0xA715, 0xA652,
    0xA757, 0xA757, 0xA757, 0xA757, 0xA757, 0xA757, 0xC77A, 0xFFDF, 0xCE78, 0xADD4, 0xA6F6, 0xA757, 0xA757, 0xA757, 0xA6F6, 0xADD4,
    0xBF98, 0xBF98, 0xBF98, 0xBF98, 0xB798, 0xA757, 0xAF58, 0xC77A, 0xD71A, 0xD6B9, 0xB656, 0xA6B5, 0xA757, 0xA6B5, 0xB656, 0xD6B9,
    0xC7B9, 0xC7B9, 0xC7B9, 0xC7B9, 0xBF99, 0xAF78, 0xA757, 0xA757, 0xCF9A, 0xDF5C, 0xC657, 0xB656, 0xA6F6, 0xB656, 0xC657, 0xDF5C,
    0xAF57, 0xAF57, 0xAF57, 0xAF57, 0xAF78, 0xBF99, 0xB798, 0xA757, 0xAF58, 0xBF59, 0xDF5C, 0xD6B9, 0xADD4, 0xD6B9, 0xDF5C, 0xBF59,
    0xA757, 0xA757, 0xA757, 0xA757, 0xA757, 0xB798, 0xB798, 0xB778, 0xA757, 0xB758, 0xE7BD, 0xDEDA, 0xB594, 0xDEDA, 0xE7BD, 0xB758,
    0xA757, 0xA757, 0xA757, 0xA757, 0xA757, 0xA757, 0xB778, 0xCFDA, 0xB778, 0xB758, 0xE7BD, 0xDEDA, 0xB594, 0xDEDA, 0xE7BD, 0xB758
};

const short poke_mart_interior_tile_251[TILE_SIZE * TILE_SIZE] = {
    0xAD17, 0xAD17, 0xAD17, 0xAD17, 0xAD17, 0xAD17, 0xAD17, 0xAD17, 0xAD17, 0xAD17, 0xAD17, 0xAD17, 0xAD17, 0xAD17, 0xAD17, 0xAD17,
    0xAD17, 0xAD17, 0xAD17, 0xAD17, 0xAD17, 0xAD17, 0xAD17, 0xAD17, 0xAD17, 0xAD17, 0xAD17, 0xAD17, 0xAD17, 0xAD17, 0xAD17, 0xAD17,
    0xAD17, 0xAD17, 0xAD17, 0xAD17, 0xAD17, 0xAD17, 0xAD17, 0xAD17, 0xAD17, 0xAD17, 0xAD17, 0xAD17, 0xAD17, 0xAD17, 0xAD17, 0xAD17,
    0xAD17, 0xAD17, 0xAD17, 0xAD17, 0xAD17, 0xAD17, 0xAD17, 0xAD17, 0xAD17, 0xAD17, 0xAD17, 0xAD17, 0xAD17, 0xAD17, 0xAD17, 0xAD17,
    0xAD17, 0xAD17, 0xAD17, 0xA4D6, 0x8C33, 0x8413, 0x8413, 0x8413, 0x8413, 0x8413, 0x8413, 0x8413, 0x8413, 0x8413, 0x8413, 0x8413,
    0xAD17, 0xAD17, 0xAD17, 0x9495, 0x630F, 0x528D, 0x528D, 0x528D, 0x528D, 0x528D, 0x528D, 0x528D, 0x528D, 0x528D, 0x528D, 0x528D,
    0x7391, 0x7391, 0x7391, 0x7390, 0x738F, 0x738F, 0x738F, 0x738F, 0x738F, 0x738F, 0x738F, 0x738F, 0x738F, 0x738F, 0x738F, 0x738F,
    0x5B2D, 0x5ACD, 0x632E, 0x73B0, 0x8C72, 0x94D2, 0x94D2, 0x94D2, 0x94D2, 0x94D2, 0x94D2, 0x94D2, 0x94D2, 0x94D2, 0x94D2, 0x94D2,
    0x84EF, 0x7BF0, 0x9D14, 0xBDF7, 0xBE38, 0xC658, 0xC658, 0xC658, 0xC658, 0xC658, 0xC658, 0xC658, 0xC658, 0xC658, 0xC658, 0xC658,
    0xA5D2, 0xA554, 0xB615, 0xBEB5, 0xBEB5, 0xBEB5, 0xBEB5, 0xBEB5, 0xBEB5, 0xBEB5, 0xBEB5, 0xBEB5, 0xBEB5, 0xBEB5, 0xBEB5, 0xBEB5,
    0xBE16, 0xD6DA, 0xAE93, 0x9E8F, 0x9E8F, 0x9E8F, 0x9E8F, 0x9E8F, 0x9E8F, 0x9E8F, 0x9E8F, 0x9E8F, 0x9E8F, 0x9E8F, 0x9E8F, 0x9E8F,
    0xCEF9, 0xB718, 0xA6B2, 0x9E8F, 0xA6B0, 0xA6B0, 0xA6B0, 0xA6B0, 0xA6B0, 0xA6B0, 0xA6B0, 0xA6B0, 0xA6B0, 0xA6B0, 0xA6B0, 0xA68F,
    0xCF9A, 0xA757, 0xA6F3, 0xA6D1, 0xAEB0, 0xAEB0, 0xAEB0, 0xAEB0, 0xAEB0, 0xAEB0, 0xAEB0, 0xAEB0, 0xAEB0, 0xAEB0, 0xAEB0, 0xA6B0,
    0xAF58, 0xA757, 0xB777, 0xBF56, 0xA6D1, 0x9E8F, 0x9E8F, 0x9E8F, 0x9E8F, 0x9E8F, 0x9E8F, 0x9E8F, 0x9E8F, 0x9E8F, 0x9E8F, 0xA68F,
    0xA757, 0xB778, 0xB798, 0xB777, 0xA6F3, 0x9EB0, 0x9E8F, 0x9E8F, 0x9E8F, 0x9E8F, 0x9E8F, 0x9E8F, 0x9E8F, 0x9E8F, 0x9E8F, 0x9E8F,
    0xB778, 0xCFDA, 0xB778, 0xA757, 0xA757, 0x9EF3, 0x9E8F, 0x9E8F, 0x9E8F, 0x9E8F, 0x9E8F, 0x9E8F, 0x9E8F, 0x9E8F, 0x9E8F, 0x9E8F
};

const short poke_mart_interior_tile_252[TILE_SIZE * TILE_SIZE] = {
    0xAD17, 0xAD17, 0xAD17, 0xAD17, 0xAD17, 0xAD17, 0x7391, 0x528D, 0x528D, 0x7391, 0xAD17, 0xAD17, 0xAD17, 0xAD17, 0xAD17, 0xAD17,
    0xAD17, 0xAD17, 0xAD17, 0xAD17, 0xAD17, 0xAD17, 0x7391, 0x528D, 0x528D, 0x7391, 0xAD17, 0xAD17, 0xAD17, 0xAD17, 0xAD17, 0xAD17,
    0xAD17, 0xAD17, 0xAD17, 0xAD17, 0xAD17, 0xAD17, 0x7391, 0x528D, 0x528D, 0x7391, 0xAD17, 0xAD17, 0xAD17, 0xAD17, 0xAD17, 0xAD17,
    0xAD17, 0xAD17, 0xAD17, 0xAD17, 0xAD17, 0xAD17, 0x7391, 0x528D, 0x528D, 0x7391, 0xAD17, 0xAD17, 0xAD17, 0xAD17, 0xAD17, 0xAD17,
    0x8413, 0x9C95, 0xAD17, 0xAD17, 0xAD17, 0xAD17, 0x7391, 0x528D, 0x528D, 0x7391, 0xAD17, 0xAD17, 0xAD17, 0xAD17, 0x9C95, 0x8413,
    0x528D, 0x8413, 0xAD17, 0xAD17, 0xAD17, 0xAD17, 0x7391, 0x528D, 0x528D, 0x7391, 0xAD17, 0xAD17, 0xAD17, 0xAD17, 0x8413, 0x528D,
    0x738F, 0x7390, 0x7391, 0x7391, 0x7391, 0x7391, 0x7C4F, 0x7CEE, 0x7CEE, 0x7C4F, 0x7391, 0x7391, 0x7391, 0x7391, 0x7390, 0x738F,
    0x94D2, 0x7BD0, 0x632E, 0x5B4D, 0x5B4D, 0x5B4D, 0x852E, 0x9E8F, 0x9E8F, 0x852E, 0x5B4D, 0x5B0D, 0x5AEE, 0x634F, 0x7BF0, 0x94D2,
    0xC658, 0xAD74, 0x9D11, 0x8D8F, 0x8DAE, 0x8DAE, 0x962E, 0x9E8F, 0x9E8F, 0x962E, 0x8DAE, 0x84AF, 0x8C51, 0xAD96, 0xBE17, 0xC658,
    0xBEB5, 0xBE56, 0xB5F5, 0x9DB1, 0x95EF, 0x9E8F, 0x9E8F, 0x9E8F, 0x9E8F, 0x962F, 0x958F, 0x9D72, 0xAD94, 0xB675, 0xBEB5, 0xBEB5,
    0x9E8F, 0xBEB5, 0xC658, 0x94D2, 0x8D30, 0x9E8F, 0x9E8F, 0x9E8F, 0x9E8F, 0x958F, 0x8C51, 0xB5D6, 0xC6B7, 0xA691, 0x9E8F, 0x9E8F,
    0x9E8F, 0xA691, 0xAE74, 0xB5F5, 0xA593, 0x8D30, 0x95EF, 0x962F, 0x9570, 0x9D72, 0xB5D6, 0xB654, 0xAE92, 0x9E8F, 0x9E8F, 0xA6B0,
    0x9E8F, 0x9E8F, 0xA690, 0xBEB6, 0xB5F5, 0x94D2, 0x9590, 0x95D0, 0x9512, 0xAD94, 0xC6B7, 0xAE92, 0x9E8F, 0x9E8F, 0xA68F, 0xAEB0,
    0xAEB0, 0xA68F, 0x9E8F, 0xA690, 0xAE74, 0xC658, 0xA553, 0x9512, 0xB5F6, 0xB675, 0xA691, 0x9E8F, 0x9E8F, 0xA6B0, 0xA6B0, 0x9E8F,
    0xA6B0, 0xA6B0, 0xA68F, 0x9E8F, 0xAE93, 0xD6DA, 0xA554, 0x94D2, 0xC658, 0xBEB5, 0x9E8F, 0x9E8F, 0xA68F, 0xA6B0, 0xA68F, 0x9E8F,
    0x9E8F, 0xA6B0, 0xAEB0, 0x9E8F, 0xAE93, 0xD6DA, 0xA554, 0x94D2, 0xC658, 0xBEB5, 0x9E8F, 0xA6B0, 0xAEB0, 0x9E8F, 0x9E8F, 0x9E8F
};

const short poke_mart_interior_tile_253[TILE_SIZE * TILE_SIZE] = {
    0xAD17, 0xAD17, 0xAD17, 0xAD17, 0xAD17, 0xAD17, 0xAD17, 0xAD17, 0xAD17, 0xAD17, 0xAD17, 0xAD17, 0xAD17, 0xAD17, 0xAD17, 0xAD17,
    0xAD17, 0xAD17, 0xAD17, 0xAD17, 0xAD17, 0xAD17, 0xAD17, 0xAD17, 0xAD17, 0xAD17, 0xAD17, 0xAD17, 0xAD17, 0xAD17, 0xAD17, 0xAD17,
    0xAD17, 0xAD17, 0xAD17, 0xAD17, 0xAD17, 0xAD17, 0xAD17, 0xAD17, 0xAD17, 0xAD17, 0xAD17, 0xAD17, 0xAD17, 0xAD17, 0xAD17, 0xAD17,
    0xAD17, 0xAD17, 0xAD17, 0xAD17, 0xAD17, 0xAD17, 0xAD17, 0xAD17, 0xAD17, 0xAD17, 0xAD17, 0xAD17, 0xAD17, 0xAD17, 0xAD17, 0xAD17,
    0x8413, 0x8413, 0x8413, 0x8413, 0x8413, 0x8413, 0x8413, 0x8413, 0x8413, 0x8413, 0x8413, 0x8C33, 0xA4D6, 0xAD17, 0xAD17, 0xAD17,
    0x528D, 0x528D, 0x528D, 0x528D, 0x528D, 0x528D, 0x528D, 0x528D, 0x528D, 0x528D, 0x528D, 0x630F, 0x9495, 0xAD17, 0xAD17, 0xAD17,
    0x738F, 0x738F, 0x738F, 0x738F, 0x738F, 0x738F, 0x738F, 0x738F, 0x738F, 0x738F, 0x738F, 0x738F, 0x7390, 0x7391, 0x7391, 0x7391,
    0x94D2, 0x94D2, 0x94D2, 0x94D2, 0x94D2, 0x94D2, 0x94D2, 0x94D2, 0x94D2, 0x94D2, 0x94D2, 0x8C71, 0x6B6F, 0x632E, 0x5B4D, 0x5B4D,
    0xC658, 0xC658, 0xC658, 0xC658, 0xC658, 0xC658, 0xC658, 0xC658, 0xC658, 0xC658, 0xC658, 0xBDF7, 0xA533, 0x9531, 0x8DAE, 0x8DAE,
    0xBEB5, 0xBEB5, 0xBEB5, 0xBEB5, 0xBEB5, 0xBEB5, 0xBEB5, 0xBEB5, 0xBEB5, 0xBEB5, 0xBEB5, 0xBE95, 0xBE36, 0xADD3, 0x958F, 0x962F,
    0x9E8F, 0x9E8F, 0x9E8F, 0x9E8F, 0x9E8F, 0x9E8F, 0x9E8F, 0x9E8F, 0x9E8F, 0x9E8F, 0x9E8F, 0xA691, 0xC6B7, 0xB5D6, 0x8C51, 0x958F,
    0xA6B0, 0xA6B0, 0xA6B0, 0xA6B0, 0xA6B0, 0xA6B0, 0xA6B0, 0xA6B0, 0xA6B0, 0xA6B0, 0x9E8F, 0x9E8F, 0xAE92, 0xB654, 0xB5D6, 0x9D72,
    0xAEB0, 0xAEB0, 0xAEB0, 0xAEB0, 0xAEB0, 0xAEB0, 0xAEB0, 0xAEB0, 0xAEB0, 0xAEB0, 0xA68F, 0x9E8F, 0x9E8F, 0xAE92, 0xC6B7, 0xAD94,
    0x9E8F, 0x9E8F, 0x9E8F, 0x9E8F, 0x9E8F, 0x9E8F, 0x9E8F, 0x9E8F, 0x9E8F, 0x9E8F, 0xA6B0, 0xA6B0, 0x9E8F, 0x9E8F, 0xA691, 0xB675,
    0x9E8F, 0x9E8F, 0x9E8F, 0x9E8F, 0x9E8F, 0x9E8F, 0x9E8F, 0x9E8F, 0x9E8F, 0x9E8F, 0xA68F, 0xA6B0, 0xA68F, 0x9E8F, 0x9E8F, 0xBEB5,
    0x9E8F, 0x9E8F, 0x9E8F, 0x9E8F, 0x9E8F, 0x9E8F, 0x9E8F, 0x9E8F, 0x9E8F, 0x9E8F, 0x9E8F, 0x9E8F, 0xAEB0, 0xA6B0, 0x9E8F, 0xBEB5
};

const short poke_mart_interior_tile_254[TILE_SIZE * TILE_SIZE] = {
    0x9495, 0x630F, 0x8432, 0xD6DA, 0xAE93, 0x9E8F, 0x9E8F, 0xA68F, 0xB6D1, 0xA68F, 0x9E8F, 0x9E8F, 0x9E8F, 0x9E8F, 0x9E8F, 0x9EB0,
    0x9495, 0x630F, 0x7390, 0xA554, 0xB615, 0xB6B4, 0x9E90, 0x9E8F, 0xA68F, 0xA6B0, 0xA6B0, 0xA6B0, 0xA6B0, 0xA6B0, 0xA6B0, 0xAED1,
    0x9495, 0x630F, 0x6B6E, 0x8CB0, 0xADB5, 0xBE56, 0xAE92, 0x9E90, 0x9E8F, 0xA6B0, 0xAEB0, 0xAEB0, 0xAEB0, 0xAEB0, 0xAEB0, 0xAEF2,
    0x9495, 0x630F, 0x6BEE, 0x960F, 0x9551, 0xA533, 0xBE56, 0xB6B4, 0x9E8F, 0x9E8F, 0x9E8F, 0x9E8F, 0x9E8F, 0x9E8F, 0x9E8F, 0x9EB1,
    0x9495, 0x630F, 0x6C0D, 0x9E8F, 0x95AF, 0x9551, 0xADB5, 0xB615, 0xAE93, 0xAE93, 0xAE93, 0xAE93, 0xAE93, 0xAE93, 0xAE93, 0xB6D4,
    0x9495, 0x630F, 0x6C0D, 0x9E8F, 0x9E8F, 0x960F, 0x8CB0, 0xA554, 0xD6DA, 0xD6DA, 0xD6DA, 0xD6DA, 0xD6DA, 0xD6DA, 0xD6DA, 0xDEFB,
    0x73D0, 0x7CAE, 0x858E, 0x9E8F, 0x9E8F, 0x964F, 0x95CF, 0x9D71, 0xA554, 0xA554, 0xA554, 0xA554, 0xA554, 0xA554, 0xA554, 0xAD75,
    0x6BED, 0x8DEE, 0x9E8F, 0x9E8F, 0x9E8F, 0x966F, 0x962F, 0x9590, 0x94D2, 0x94D2, 0x94D2, 0x94D2, 0x94D2, 0x94D2, 0x94D2, 0x9D13,
    0x8DEE, 0x964E, 0x9E8F, 0x9E8F, 0x9E8F, 0x962F, 0x8D10, 0xA553, 0xC658, 0xC658, 0xC658, 0xC658, 0xC658, 0xC658, 0xC658, 0xCE79,
    0x9E8F, 0x9E8F, 0x9E8F, 0x9E8F, 0x95EF, 0x9590, 0xA553, 0xADD5, 0xBEB5, 0xBEB5, 0xBEB5, 0xBEB5, 0xBEB5, 0xBEB5, 0xBEB5, 0xBED6,
    0x9E8F, 0x9E8F, 0x9E8F, 0x9E8F, 0x8D30, 0x94D2, 0xC658, 0xBEB5, 0x9E8F, 0x9E8F, 0x9E8F, 0x9E8F, 0x9E8F, 0x9E8F, 0x9E8F, 0x9EB0,
    0x9570, 0x962F, 0x95EF, 0x8D30, 0xA593, 0xB5F5, 0xAE74, 0xA691, 0x9E8F, 0xA68F, 0xA6B0, 0xA6B0, 0xA6B0, 0xA6B0, 0xA6B0, 0xAED1,
    0x9512, 0x95D0, 0x9590, 0x94D2, 0xB5F5, 0xBEB6, 0xA690, 0x9E8F, 0x9E8F, 0xA6B0, 0xAEB0, 0xAEB0, 0xAEB0, 0xAEB0, 0xAEB0, 0xAEF2,
    0xB5F6, 0x9512, 0xA553, 0xC658, 0xAE74, 0xA690, 0x9E8F, 0xA68F, 0xAEB0, 0xA68F, 0x9E8F, 0x9E8F, 0x9E8F, 0x9E8F, 0x9E8F, 0x9EB1,
    0xC658, 0x94D2, 0xA554, 0xD6DA, 0xAE93, 0x9E8F, 0xA68F, 0xA6B0, 0xA6B0, 0x9E8F, 0x9E8F, 0x9E8F, 0x9E8F, 0x9E8F, 0x9E8F, 0x9EB0,
    0xC658, 0x94D2, 0xA554, 0xD6DA, 0xAE93, 0x9E8F, 0xAEB0, 0xA6B0, 0x9E8F, 0x9E8F, 0x9E8F, 0x9E8F, 0x9E8F, 0x9E8F, 0x9E8F, 0x9EB0
};

const short poke_mart_interior_tile_255[TILE_SIZE * TILE_SIZE] = {
    0x9F15, 0xA757, 0xA757, 0xA757, 0xAF57, 0xC7B9, 0xBF98, 0xA757, 0xA757, 0xB758, 0xE7BD, 0xDEDA, 0xB594, 0xDEDA, 0xE7BD, 0xB758,
    0xB777, 0xBF98, 0xBF98, 0xBF98, 0xB798, 0xB778, 0xAF77, 0xA757, 0xC779, 0xD75B, 0xCEB9, 0xBE55, 0xA611, 0xBE55, 0xCEB9, 0xD75B,
    0xBF77, 0xC7B9, 0xC7B9, 0xC7B9, 0xBF98, 0xA757, 0xA757, 0xB758, 0xD75B, 0xDEFA, 0xBE15, 0xA611, 0x9E8F, 0xA612, 0xBE36, 0xDF1B,
    0xA736, 0xAF57, 0xAF57, 0xAF57, 0xA757, 0xA757, 0xBF79, 0xE7BD, 0xCEB9, 0xBE15, 0xA631, 0x9E6F, 0x9E8F, 0x9ED3, 0xAEB6, 0xBE36,
    0xBF58, 0xC77A, 0xC77A, 0xC77A, 0xC77A, 0xC77A, 0xCF3A, 0xDEDA, 0xBE55, 0xA611, 0x9E6F, 0x9EB0, 0x9ED2, 0x9F15, 0xA716, 0xAE75,
    0xF79E, 0xFFDF, 0xFFDF, 0xFFDF, 0xFFDF, 0xFFDF, 0xDEDA, 0xB594, 0xA611, 0x9E8F, 0x9E8F, 0x9ED2, 0xA757, 0xA757, 0xA757, 0xA757,
    0xC637, 0xCE78, 0xCE78, 0xCE78, 0xCE78, 0xCE78, 0xBE55, 0xA611, 0x9E4F, 0x9E90, 0x9EF2, 0x9F15, 0xA757, 0xA757, 0xA757, 0xA757,
    0xB5B5, 0xBDF6, 0xBDF6, 0xBDF6, 0xBDF6, 0xBDF6, 0xB613, 0x9E50, 0x9E90, 0x9ED1, 0x9F35, 0xA757, 0xA757, 0xA757, 0xA757, 0xA757,
    0xE71B, 0xEF5C, 0xEF5C, 0xEF5C, 0xEF5C, 0xEF5C, 0xD6B8, 0xADB3, 0xA694, 0x9F35, 0xA736, 0xA757, 0xA757, 0xA757, 0xA757, 0xA757,
    0xCF7A, 0xD79B, 0xD79B, 0xD79B, 0xD79B, 0xD79B, 0xD71A, 0xCE78, 0xB696, 0xA6B6, 0xA736, 0xA757, 0xA757, 0xA757, 0xA736, 0xA6B6,
    0x9F15, 0xA757, 0xA757, 0xA757, 0xA757, 0xA757, 0xC77A, 0xFFDF, 0xCE78, 0xADD4, 0xA6F6, 0xA757, 0xA757, 0xA757, 0xA6F6, 0xADD4,
    0xB777, 0xBF98, 0xBF98, 0xBF98, 0xB798, 0xA757, 0xAF58, 0xC77A, 0xD71A, 0xD6B9, 0xB656, 0xA6B5, 0xA757, 0xA6B5, 0xB656, 0xD6B9,
    0xBF77, 0xC7B9, 0xC7B9, 0xC7B9, 0xBF99, 0xAF78, 0xA757, 0xA757, 0xCF9A, 0xDF5C, 0xC657, 0xB656, 0xA6F6, 0xB656, 0xC657, 0xDF5C,
    0xA736, 0xAF57, 0xAF57, 0xAF57, 0xAF78, 0xBF99, 0xB798, 0xA757, 0xAF58, 0xBF59, 0xDF5C, 0xD6B9, 0xADD4, 0xD6B9, 0xDF5C, 0xBF59,
    0x9F15, 0xA757, 0xA757, 0xA757, 0xA757, 0xB798, 0xB798, 0xB778, 0xA757, 0xB758, 0xE7BD, 0xDEDA, 0xB594, 0xDEDA, 0xE7BD, 0xB758,
    0x9F15, 0xA757, 0xA757, 0xA757, 0xA757, 0xA757, 0xB778, 0xCFDA, 0xB778, 0xB758, 0xE7BD, 0xDEDA, 0xB594, 0xDEDA, 0xE7BD, 0xB758
};

const short poke_mart_interior_tile_256[TILE_SIZE * TILE_SIZE] = {
    0xA757, 0xA757, 0xBF98, 0xC7B9, 0xAF57, 0xA757, 0xA757, 0xA757, 0xA757, 0xA757, 0xA757, 0xA757, 0xA757, 0xA757, 0xA757, 0xB778,
    0xC779, 0xA757, 0xAF77, 0xB778, 0xB798, 0xBF98, 0xBF98, 0xBF98, 0xBF98, 0xBF98, 0xBF98, 0xBF98, 0xBF98, 0xBF98, 0xBF98, 0xB798,
    0xD75B, 0xB758, 0xA757, 0xA757, 0xBF98, 0xC7B9, 0xC7B9, 0xC7B9, 0xC7B9, 0xC7B9, 0xC7B9, 0xC7B9, 0xC7B9, 0xC7B9, 0xC7B9, 0xB798,
    0xCEB9, 0xE7BD, 0xBF79, 0xA757, 0xA757, 0xAF57, 0xAF57, 0xAF57, 0xAF57, 0xAF57, 0xAF57, 0xAF57, 0xAF57, 0xAF57, 0xAF57, 0xA757,
    0xBE77, 0xDEDA, 0xCF3A, 0xC77A, 0xC77A, 0xC77A, 0xC77A, 0xC77A, 0xC77A, 0xC77A, 0xC77A, 0xC77A, 0xC77A, 0xC77A, 0xC77A, 0xC77A,
    0xA695, 0xB594, 0xDEDA, 0xFFDF, 0xFFDF, 0xFFDF, 0xFFDF, 0xFFDF, 0xFFDF, 0xFFDF, 0xFFDF, 0xFFDF, 0xFFDF, 0xFFDF, 0xFFDF, 0xFFDF,
    0xA6F6, 0xA695, 0xBE77, 0xCE78, 0xCE78, 0xCE78, 0xCE78, 0xCE78, 0xCE78, 0xCE78, 0xCE78, 0xCE78, 0xCE78, 0xCE78, 0xCE78, 0xCE78,
    0xA736, 0xA6F6, 0xB656, 0xBDF6, 0xBDF6, 0xBDF6, 0xBDF6, 0xBDF6, 0xBDF6, 0xBDF6, 0xBDF6, 0xBDF6, 0xBDF6, 0xBDF6, 0xBDF6, 0xBDF6,
    0xA6B6, 0xADD4, 0xD6B9, 0xEF5C, 0xEF5C, 0xEF5C, 0xEF5C, 0xEF5C, 0xEF5C, 0xEF5C, 0xEF5C, 0xEF5C, 0xEF5C, 0xEF5C, 0xEF5C, 0xEF5C,
    0xB696, 0xCE78, 0xD71A, 0xD79B, 0xD79B, 0xD79B, 0xD79B, 0xD79B, 0xD79B, 0xD79B, 0xD79B, 0xD79B, 0xD79B, 0xD79B, 0xD79B, 0xD79B,
    0xCE78, 0xFFDF, 0xC77A, 0xA757, 0xA757, 0xA757, 0xA757, 0xA757, 0xA757, 0xA757, 0xA757, 0xA757, 0xA757, 0xA757, 0xA757, 0xA757,
    0xD71A, 0xC77A, 0xAF58, 0xA757, 0xB798, 0xBF98, 0xBF98, 0xBF98, 0xBF98, 0xBF98, 0xBF98, 0xBF98, 0xBF98, 0xBF98, 0xBF98, 0xAF78,
    0xCF9A, 0xA757, 0xA757, 0xAF78, 0xBF99, 0xC7B9, 0xC7B9, 0xC7B9, 0xC7B9, 0xC7B9, 0xC7B9, 0xC7B9, 0xC7B9, 0xC7B9, 0xC7B9, 0xB798,
    0xAF58, 0xA757, 0xB798, 0xBF99, 0xAF78, 0xAF57, 0xAF57, 0xAF57, 0xAF57, 0xAF57, 0xAF57, 0xAF57, 0xAF57, 0xAF57, 0xAF57, 0xB778,
    0xA757, 0xB778, 0xB798, 0xB798, 0xA757, 0xA757, 0xA757, 0xA757, 0xA757, 0xA757, 0xA757, 0xA757, 0xA757, 0xA757, 0xA757, 0xAF77,
    0xB778, 0xCFDA, 0xB778, 0xA757, 0xA757, 0xA757, 0xA757, 0xA757, 0xA757, 0xA757, 0xA757, 0xA757, 0xA757, 0xA757, 0xA757, 0xA757
};

const short poke_mart_interior_tile_257[TILE_SIZE * TILE_SIZE] = {
    0xCFDA, 0xB778, 0xA757, 0xA757, 0xC77A, 0xFFDF, 0xCE78, 0x9CF2, 0x630E, 0x7391, 0xAD17, 0xAD17, 0xAD17, 0xAD17, 0xAD17, 0xAD17,
    0xB778, 0xA757, 0xAF58, 0xCF9A, 0xD71A, 0xCE78, 0xB633, 0x9570, 0x632D, 0x7391, 0xAD17, 0xAD17, 0xAD17, 0xAD17, 0xAD17, 0xAD17,
    0xA757, 0xAF58, 0xBF59, 0xDF5C, 0xD6B8, 0xADB3, 0xA630, 0x8DAE, 0x5B4D, 0x7391, 0xAD17, 0xAD17, 0xAD17, 0xAD17, 0xAD17, 0xAD17,
    0xA757, 0xCF9A, 0xDF5C, 0xC657, 0xB613, 0x9E50, 0x9E6F, 0x8DAE, 0x5B4D, 0x7391, 0xAD17, 0xAD17, 0xAD17, 0xAD17, 0xAD17, 0xAD17,
    0xC77A, 0xD71A, 0xD6B8, 0xB613, 0xA630, 0x9E8F, 0x9EB0, 0x8DF1, 0x5B4E, 0x7391, 0xAD17, 0xAD17, 0xAD17, 0xAD17, 0x9C95, 0x8413,
    0xFFDF, 0xCE78, 0xADB3, 0x9E50, 0x9E8F, 0x9E8F, 0x9EF3, 0x9655, 0x636F, 0x7391, 0xAD17, 0xAD17, 0xAD17, 0xAD17, 0x8413, 0x528D,
    0xCE78, 0xB633, 0xA630, 0x9E6F, 0x9EB0, 0x9EF3, 0x9F35, 0x9ED5, 0x8570, 0x7C4F, 0x7391, 0x7391, 0x7391, 0x7391, 0x7390, 0x738F,
    0xBDF6, 0xAE32, 0x9E70, 0x9E90, 0x9EF3, 0xA757, 0xA757, 0x9F35, 0x9ED1, 0x854F, 0x5B4D, 0x5B0D, 0x5AEE, 0x634F, 0x7BF0, 0x94D2,
    0xEF5C, 0xC656, 0xADF3, 0xA6D4, 0x9F36, 0xA757, 0xA757, 0xA736, 0x9F35, 0x9692, 0x8DAE, 0x84AF, 0x8C51, 0xAD96, 0xBE17, 0xC658,
    0xD79B, 0xD6D9, 0xC677, 0xAE96, 0xA6D6, 0xA757, 0xA757, 0xA757, 0xA757, 0xA6D4, 0xA611, 0xA593, 0xAD94, 0xB675, 0xBEB5, 0xBEB5,
    0xA757, 0xD79B, 0xEF5C, 0xBDF6, 0xAE35, 0xA757, 0xA757, 0xA757, 0xA757, 0xA695, 0xB594, 0xC657, 0xC6B7, 0xA691, 0x9E8F, 0x9E8F,
    0xA757, 0xB778, 0xCF5A, 0xD6FA, 0xC698, 0xAE35, 0xA6D6, 0xA716, 0xAE75, 0xBE77, 0xDEDA, 0xC6F9, 0xAEF6, 0x9E90, 0x9E8F, 0xA6B0,
    0xAF57, 0xA757, 0xAF58, 0xDF9C, 0xD6FA, 0xBDF6, 0xAE96, 0xAEB6, 0xBE36, 0xCEB9, 0xE7BD, 0xBF79, 0xA735, 0xA6D2, 0xA6B1, 0xAEB0,
    0xC7B9, 0xAF78, 0xA757, 0xAF58, 0xCF5A, 0xEF5C, 0xC677, 0xBE36, 0xDF1B, 0xD75B, 0xB758, 0xA757, 0xA757, 0xBF77, 0xB734, 0x9E8F,
    0xBF98, 0xB798, 0xAF78, 0xA757, 0xC77A, 0xFFDF, 0xCE78, 0xBDF6, 0xEF5C, 0xD79B, 0xA757, 0xAF77, 0xB778, 0xB798, 0xAF56, 0x9ED2,
    0xA757, 0xBF98, 0xC7B9, 0xAF57, 0xC77A, 0xFFDF, 0xCE78, 0xBDF6, 0xEF5C, 0xD79B, 0xA757, 0xBF98, 0xC7B9, 0xAF57, 0xA757, 0xA757
};

const short poke_mart_interior_tile_258[TILE_SIZE * TILE_SIZE] = {
    0xAD17, 0xAD17, 0xAD17, 0xAD17, 0xAD17, 0xAD17, 0xAD17, 0xAD17, 0xAD17, 0xAD17, 0xAD17, 0xAD17, 0xAD17, 0xAD17, 0xAD17, 0xAD17,
    0xAD17, 0xAD17, 0xAD17, 0xAD17, 0xAD17, 0xAD17, 0xAD17, 0xAD17, 0xAD17, 0xAD17, 0xAD17, 0xAD17, 0xAD17, 0xAD17, 0xAD17, 0xAD17,
    0xAD17, 0xAD17, 0xAD17, 0xAD17, 0xAD17, 0xAD17, 0xAD17, 0xAD17, 0xAD17, 0xAD17, 0xAD17, 0xAD17, 0xAD17, 0xAD17, 0xAD17, 0xAD17,
    0xAD17, 0xAD17, 0xAD17, 0xAD17, 0xAD17, 0xAD17, 0xAD17, 0xAD17, 0xAD17, 0xAD17, 0xAD17, 0xAD17, 0xAD17, 0xAD17, 0xAD17, 0xAD17,
    0x8413, 0x8413, 0x8413, 0x8413, 0x8413, 0x8413, 0x8413, 0x8413, 0x8413, 0x8413, 0x8413, 0x8C33, 0xA4D6, 0xAD17, 0xAD17, 0xAD17,
    0x528D, 0x528D, 0x528D, 0x528D, 0x528D, 0x528D, 0x528D, 0x528D, 0x528D, 0x528D, 0x528D, 0x630F, 0x9495, 0xAD17, 0xAD17, 0xAD17,
    0x738F, 0x738F, 0x738F, 0x738F, 0x738F, 0x738F, 0x738F, 0x738F, 0x738F, 0x738F, 0x738F, 0x738F, 0x7390, 0x7391, 0x7391, 0x7391,
    0x94D2, 0x94D2, 0x94D2, 0x94D2, 0x94D2, 0x94D2, 0x94D2, 0x94D2, 0x94D2, 0x94D2, 0x94D2, 0x8C71, 0x6B6F, 0x632E, 0x5B4D, 0x5B4D,
    0xC658, 0xC658, 0xC658, 0xC658, 0xC658, 0xC658, 0xC658, 0xC658, 0xC658, 0xC658, 0xC658, 0xBDF7, 0xA533, 0x9531, 0x8DAE, 0x8DAE,
    0xBEB5, 0xBEB5, 0xBEB5, 0xBEB5, 0xBEB5, 0xBEB5, 0xBEB5, 0xBEB5, 0xBEB5, 0xBEB5, 0xBEB5, 0xBE95, 0xBE36, 0xADD3, 0x958F, 0x962F,
    0x9E8F, 0x9E8F, 0x9E8F, 0x9E8F, 0x9E8F, 0x9E8F, 0x9E8F, 0x9E8F, 0x9E8F, 0x9E8F, 0x9E8F, 0xA691, 0xC6B7, 0xB5D6, 0x8C51, 0x958F,
    0xA6B0, 0xA6B0, 0xA6B0, 0xA6B0, 0xA6B0, 0xA6B0, 0xA6B0, 0xA6B0, 0xA6B0, 0xA6B0, 0x9E8F, 0x9E8F, 0xAE92, 0xB654, 0xB5D6, 0x9D72,
    0xAEB0, 0xAEB0, 0xAEB0, 0xAEB0, 0xAEB0, 0xAEB0, 0xAEB0, 0xAEB0, 0xAEB0, 0xAEB0, 0xA68F, 0x9E8F, 0x9E8F, 0xAE92, 0xC6B7, 0xAD94,
    0x9E8F, 0x9E8F, 0x9E8F, 0x9E8F, 0x9E8F, 0x9E8F, 0x9E8F, 0x9E8F, 0x9E8F, 0x9E8F, 0xA6B0, 0xA6B0, 0x9E8F, 0x9E8F, 0xA691, 0xB675,
    0x9EB0, 0x9E8F, 0x9E8F, 0x9E8F, 0x9E8F, 0x9E8F, 0x9E8F, 0x9E8F, 0x9E8F, 0x9E8F, 0xA68F, 0xA6B0, 0xA68F, 0x9E8F, 0x9E8F, 0xBEB5,
    0x9ED2, 0x9E8F, 0x9E8F, 0x9E8F, 0x9E8F, 0x9E8F, 0x9E8F, 0x9E8F, 0x9E8F, 0x9E8F, 0x9E8F, 0x9E8F, 0xAEB0, 0xA6B0, 0x9E8F, 0xBEB5
};

const short poke_mart_interior_tile_259[TILE_SIZE * TILE_SIZE] = {
    0x9495, 0x630F, 0x3187, 0x0000, 0x0000, 0x0000, 0x0000, 0x0000, 0x0000, 0x0000, 0x0000, 0x0000, 0x0000, 0x0000, 0x0000, 0x0000,
    0x9495, 0x630F, 0x3187, 0x0000, 0x0000, 0x0000, 0x0000, 0x0000, 0x0000, 0x0000, 0x0000, 0x0000, 0x0000, 0x0000, 0x0000, 0x0000,
    0x9495, 0x630F, 0x3187, 0x0000, 0x0000, 0x0000, 0x0000, 0x0000, 0x0000, 0x0000, 0x0000, 0x0000, 0x0000, 0x0000, 0x0000, 0x0000,
    0x9495, 0x630F, 0x3187, 0x0000, 0x0000, 0x0000, 0x0000, 0x0000, 0x0000, 0x0000, 0x0000, 0x0000, 0x0000, 0x0000, 0x0000, 0x0000,
    0x9495, 0x630F, 0x3187, 0x0000, 0x0000, 0x0000, 0x0000, 0x0000, 0x0000, 0x0000, 0x0000, 0x0000, 0x0000, 0x0000, 0x0000, 0x0000,
    0x9495, 0x630F, 0x3187, 0x0000, 0x0000, 0x0000, 0x0000, 0x0000, 0x0000, 0x0000, 0x0000, 0x0000, 0x0000, 0x0000, 0x0000, 0x0000,
    0x73D0, 0x7CAE, 0x4AE8, 0x0000, 0x0000, 0x0000, 0x0000, 0x0000, 0x0000, 0x0000, 0x0000, 0x0000, 0x0000, 0x0000, 0x0000, 0x0000,
    0x6BED, 0x8DEE, 0x5BE9, 0x0000, 0x0000, 0x0000, 0x0000, 0x0000, 0x0000, 0x0000, 0x0000, 0x0000, 0x0000, 0x0000, 0x0000, 0x0000,
    0x8DEE, 0x964E, 0x5BE9, 0x0000, 0x0000, 0x0000, 0x0000, 0x0000, 0x0000, 0x0000, 0x0000, 0x0000, 0x0000, 0x0000, 0x0000, 0x0000,
    0x9E8F, 0x9E8F, 0x5BE9, 0x0000, 0x0000, 0x0000, 0x0000, 0x0000, 0x0000, 0x0000, 0x0000, 0x0000, 0x0000, 0x0000, 0x0000, 0x0000,
    0x9E8F, 0x9E8F, 0x5BE9, 0x0000, 0x0000, 0x0000, 0x0000, 0x0000, 0x0000, 0x0000, 0x0000, 0x0000, 0x0000, 0x0000, 0x0000, 0x0000,
    0x9570, 0x962F, 0x5BE9, 0x0000, 0x0000, 0x0000, 0x0000, 0x0000, 0x0000, 0x0000, 0x0000, 0x0000, 0x0000, 0x0000, 0x0000, 0x0000,
    0x9512, 0x95D0, 0x5BA9, 0x0000, 0x0000, 0x0000, 0x0000, 0x0000, 0x0000, 0x0000, 0x0000, 0x0000, 0x0000, 0x0000, 0x0000, 0x0000,
    0xB5F6, 0x9512, 0x52CA, 0x0000, 0x0000, 0x0000, 0x0000, 0x0000, 0x0000, 0x0000, 0x0000, 0x0000, 0x0000, 0x0000, 0x0000, 0x0000,
    0xC658, 0x94D2, 0x528A, 0x0000, 0x0000, 0x0000, 0x0000, 0x0000, 0x0000, 0x0000, 0x0000, 0x0000, 0x0000, 0x0000, 0x0000, 0x0000,
    0xC658, 0x94D2, 0x528A, 0x0000, 0x0000, 0x0000, 0x0000, 0x0000, 0x0000, 0x0000, 0x0000, 0x0000, 0x0000, 0x0000, 0x0000, 0x0000
};

const short poke_mart_interior_tile_260[TILE_SIZE * TILE_SIZE] = {
    0x0000, 0x0000, 0x0000, 0x0000, 0x0000, 0x0000, 0x0000, 0x0000, 0x0000, 0x0000, 0x0000, 0x0000, 0x0000, 0x7C0F, 0xC6B7, 0xA691,
    0x0000, 0x0000, 0x0000, 0x0000, 0x0000, 0x0000, 0x0000, 0x0000, 0x0000, 0x0000, 0x0000, 0x0000, 0x0000, 0x7C0F, 0xC6B7, 0xA691,
    0x0000, 0x0000, 0x0000, 0x0000, 0x0000, 0x0000, 0x0000, 0x0000, 0x0000, 0x0000, 0x0000, 0x0000, 0x0000, 0x7C0F, 0xC6B7, 0xA691,
    0x0000, 0x0000, 0x0000, 0x0000, 0x0000, 0x0000, 0x0000, 0x0000, 0x0000, 0x0000, 0x0000, 0x0000, 0x0000, 0x7C0F, 0xC6B7, 0xA691,
    0x0000, 0x0000, 0x0000, 0x0000, 0x0000, 0x0000, 0x0000, 0x0000, 0x0000, 0x0000, 0x0000, 0x0000, 0x0000, 0x7C0F, 0xC6B7, 0xA691,
    0x0000, 0x0000, 0x0000, 0x0000, 0x0000, 0x0000, 0x0000, 0x0000, 0x0000, 0x0000, 0x0000, 0x0000, 0x0000, 0x31A6, 0x636B, 0x8DCE,
    0x0000, 0x0000, 0x0000, 0x0000, 0x0000, 0x0000, 0x0000, 0x0000, 0x0000, 0x0000, 0x0000, 0x0000, 0x0000, 0x0000, 0x1902, 0x6429,
    0x0000, 0x0000, 0x0000, 0x0000, 0x0000, 0x0000, 0x0000, 0x0000, 0x0000, 0x0000, 0x0000, 0x0000, 0x0000, 0x0000, 0x0040, 0x1902,
    0x0000, 0x0000, 0x0000, 0x0000, 0x0000, 0x0000, 0x0000, 0x0000, 0x0000, 0x0000, 0x0000, 0x0000, 0x0000, 0x0000, 0x0000, 0x0000,
    0x0000, 0x0000, 0x0000, 0x0000, 0x0000, 0x0000, 0x0000, 0x0000, 0x0000, 0x0000, 0x0000, 0x0000, 0x0000, 0x0000, 0x0000, 0x0000,
    0x0000, 0x0000, 0x0000, 0x0000, 0x0000, 0x0000, 0x0000, 0x0000, 0x0000, 0x0000, 0x0000, 0x0000, 0x0000, 0x0000, 0x0000, 0x0000,
    0x0000, 0x0000, 0x0000, 0x0000, 0x0000, 0x0000, 0x0000, 0x0000, 0x0000, 0x0000, 0x0000, 0x0000, 0x0000, 0x0000, 0x0000, 0x0000,
    0x0000, 0x0000, 0x0000, 0x0000, 0x0000, 0x0000, 0x0000, 0x0000, 0x0000, 0x0000, 0x0000, 0x0000, 0x0000, 0x0000, 0x0000, 0x0000,
    0x0000, 0x0000, 0x0000, 0x0000, 0x0000, 0x0000, 0x0000, 0x0000, 0x0000, 0x0000, 0x0000, 0x0000, 0x0000, 0x0000, 0x0000, 0x0000,
    0x0000, 0x0000, 0x0000, 0x0000, 0x0000, 0x0000, 0x0000, 0x0000, 0x0000, 0x0000, 0x0000, 0x0000, 0x0000, 0x0000, 0x0000, 0x0000,
    0x0000, 0x0000, 0x0000, 0x0000, 0x0000, 0x0000, 0x0000, 0x0000, 0x0000, 0x0000, 0x0000, 0x0000, 0x0000, 0x0000, 0x0000, 0x0000
};

const short poke_mart_interior_tile_261[TILE_SIZE * TILE_SIZE] = {
    0xA68F, 0xB6D1, 0xA68F, 0x9E8F, 0x9E8F, 0x9E8F, 0x9E8F, 0x9E8F, 0x9E8F, 0x9E8F, 0x9E8F, 0x9E8F, 0x9E8F, 0x9E8F, 0x9E8F, 0x9E8F,
    0xA68F, 0xB6D1, 0xA68F, 0x9E8F, 0x9E8F, 0x9E8F, 0x9E8F, 0x9E8F, 0x9E8F, 0x9E8F, 0x9E8F, 0x9E8F, 0x9E8F, 0x9E8F, 0x9E8F, 0x9E8F,
    0xA68F, 0xB6D1, 0xA68F, 0x9E8F, 0x9E8F, 0x9E8F, 0x9E8F, 0x9E8F, 0x9E8F, 0x9E8F, 0x9E8F, 0x9E8F, 0x9E8F, 0x9E8F, 0x9E8F, 0x9E8F,
    0xA68F, 0xB6D1, 0xA68F, 0x9E8F, 0x9E8F, 0x9E8F, 0x9E8F, 0x9E8F, 0x9E8F, 0x9E8F, 0x9E8F, 0x9E8F, 0x9E8F, 0x9E8F, 0x9E8F, 0x9E8F,
    0xA68F, 0xB6D1, 0xA68F, 0x9E8F, 0x9E8F, 0x9E8F, 0x9E8F, 0x9E8F, 0x9E8F, 0x9E8F, 0x9E8F, 0x9E8F, 0x9E8F, 0x9E8F, 0x9E8F, 0x9E8F,
    0xA68F, 0xB6D1, 0xA68F, 0x9E8F, 0x9E8F, 0x9E8F, 0x9E8F, 0x9E8F, 0x9E8F, 0x9E8F, 0x9E8F, 0x9E8F, 0x9E8F, 0x9E8F, 0x9E8F, 0x9E8F,
    0x8DCE, 0xB6D1, 0xA68F, 0x9E8F, 0x9E8F, 0x9E8F, 0x9E8F, 0x9E8F, 0x9E8F, 0x9E8F, 0x9E8F, 0x9E8F, 0x9E8F, 0x9E8F, 0x9E8F, 0x9E8F,
    0x5B68, 0xB6D1, 0xA68F, 0x9E8F, 0x9E8F, 0x9E8F, 0x9E8F, 0x9E8F, 0x9E8F, 0x9E8F, 0x9E8F, 0x9E8F, 0x9E8F, 0x9E8F, 0x9E8F, 0x9E8F,
    0x29A4, 0x6C0A, 0x858D, 0x9E8F, 0x9E8F, 0x9E8F, 0x9E8F, 0x9E8F, 0x9E8F, 0x9E8F, 0x9E8F, 0x9E8F, 0x9E8F, 0x9E8F, 0x9E8F, 0x9E8F,
    0x0000, 0x0000, 0x5BE9, 0x9E8F, 0x9E8F, 0x9E8F, 0x9E8F, 0x9E8F, 0x9E8F, 0x9E8F, 0x9E8F, 0x9E8F, 0x9E8F, 0x9E8F, 0x9E8F, 0x9E8F,
    0x0000, 0x0000, 0x2183, 0x4B67, 0x85AD, 0x9E8F, 0x9E8F, 0x9E8F, 0x9E8F, 0x9E8F, 0x9E8F, 0x9E8F, 0x9E8F, 0x9E8F, 0x9E8F, 0x9E8F,
    0x0000, 0x0000, 0x0000, 0x1902, 0x6429, 0x8DCD, 0x9E8F, 0x9E8F, 0x9E8F, 0x9E8F, 0x9E8F, 0x9E8F, 0x9E8F, 0x9E8F, 0x9E8F, 0xA68F,
    0x0000, 0x0000, 0x0000, 0x0040, 0x1902, 0x5368, 0xAEB0, 0xAEB0, 0xAEB0, 0xAEB0, 0xAEB0, 0xAEB0, 0xAEB0, 0xAEB0, 0xAEB0, 0xA6B0,
    0x0000, 0x0000, 0x0000, 0x0000, 0x0000, 0x29A4, 0x6C0A, 0x8DAD, 0xA6B0, 0xA6B0, 0xA6B0, 0xA6B0, 0xA6B0, 0xA6B0, 0xA6B0, 0xA68F,
    0x0000, 0x0000, 0x0000, 0x0000, 0x0000, 0x0000, 0x0000, 0x5BE9, 0x9E8F, 0x9E8F, 0x9E8F, 0x9E8F, 0x9E8F, 0x9E8F, 0x9E8F, 0x9E8F,
    0x0000, 0x0000, 0x0000, 0x0000, 0x0000, 0x0000, 0x0000, 0x2183, 0x5369, 0xA5D2, 0xBEB5, 0xBEB5, 0xBEB5, 0xBEB5, 0xBEB5, 0xBEB5
};

const short poke_mart_interior_tile_262[TILE_SIZE * TILE_SIZE] = {
    0x9E8F, 0xA6B0, 0xAEB0, 0x9E8F, 0xAE93, 0xD6DA, 0xA554, 0x9CF3, 0xE71C, 0xD79B, 0xA757, 0xBF98, 0xC7B9, 0xAF57, 0xA757, 0xA757,
    0x9E8F, 0xA6B0, 0xAEB0, 0x9E8F, 0xAE93, 0xD6DA, 0xA554, 0x9CF3, 0xE71C, 0xD79B, 0xA757, 0xBF98, 0xC7B9, 0xAF57, 0xA757, 0xA757,
    0x9E8F, 0xA6B0, 0xAEB0, 0x9E8F, 0xAE93, 0xD6DA, 0xA554, 0x9CF3, 0xE71C, 0xD79B, 0xA757, 0xBF98, 0xC7B9, 0xAF57, 0xA757, 0xA757,
    0x9E8F, 0xA6B0, 0xAEB0, 0x9E8F, 0xAE93, 0xD6DA, 0xA554, 0x9CF3, 0xE71C, 0xD79B, 0xA757, 0xBF98, 0xC7B9, 0xAF57, 0xA757, 0xA757,
    0x9E8F, 0xA6B0, 0xAEB0, 0x9E8F, 0xAE93, 0xD6DA, 0xA554, 0x9CF3, 0xE71C, 0xD79B, 0xA757, 0xBF98, 0xC7B9, 0xAF57, 0xA757, 0xA757,
    0x9E8F, 0xA6B0, 0xAEB0, 0x9E8F, 0xAE93, 0xD6DA, 0xA554, 0x9CF3, 0xE71C, 0xD79B, 0xA757, 0xBF98, 0xC7B9, 0xAF57, 0xA757, 0xA757,
    0x9E8F, 0xA6B0, 0xAEB0, 0x9E8F, 0xAE93, 0xD6DA, 0xA554, 0x9CF3, 0xE71C, 0xD79B, 0xA757, 0xBF98, 0xC7B9, 0xAF57, 0xA757, 0xA757,
    0x9E8F, 0xA6B0, 0xAEB0, 0x9E8F, 0xAE93, 0xD6DA, 0xA554, 0x9CF3, 0xE71C, 0xD79B, 0xA757, 0xBF98, 0xC7B9, 0xAF57, 0xA757, 0xA757,
    0x9E8F, 0xA6B0, 0xAEB0, 0x9E8F, 0xAE93, 0xD6DA, 0xA554, 0x9CF3, 0xE71C, 0xD79B, 0xA757, 0xBF98, 0xC7B9, 0xAF57, 0xA757, 0xA757,
    0x9E8F, 0xA6B0, 0xAEB0, 0x9E8F, 0xAE93, 0xD6DA, 0xA554, 0x9CF3, 0xE71C, 0xD79B, 0xA757, 0xBF98, 0xC7B9, 0xAF57, 0xA757, 0xA757,
    0xA6B0, 0xA6B0, 0xA68F, 0x9E8F, 0xAE93, 0xD6DA, 0xA554, 0x9CF3, 0xE71C, 0xD79B, 0xA757, 0xAF77, 0xB778, 0xB798, 0xAF78, 0xA757,
    0xAEB0, 0xA68F, 0x9E8F, 0xA690, 0xAE74, 0xC658, 0xA553, 0x9D33, 0xD6DA, 0xD75B, 0xB758, 0xA757, 0xA757, 0xBF98, 0xB798, 0xAF57,
    0x9E8F, 0x9E8F, 0xA690, 0xBEB6, 0xB5F5, 0x94D2, 0x9590, 0x9E10, 0xB5F4, 0xCEB9, 0xE7BD, 0xBF79, 0xA757, 0xA757, 0xB778, 0xC7B9,
    0x9E8F, 0xA691, 0xAE74, 0xB5F5, 0xA593, 0x8D30, 0x95EF, 0x9E70, 0xA654, 0xBE77, 0xDEDA, 0xCF3A, 0xBF79, 0xA757, 0xAF77, 0xBF98,
    0x9E8F, 0xBEB5, 0xC658, 0x94D2, 0x8D30, 0x9E8F, 0x9E8F, 0x9EB0, 0x9F15, 0xA695, 0xB594, 0xDEDA, 0xE7BD, 0xB758, 0xA757, 0xA757,
    0xBEB5, 0xADD5, 0xA553, 0x9590, 0x95EF, 0x9E8F, 0x9E8F, 0x9EB0, 0x9F15, 0xA6F6, 0xA695, 0xBE77, 0xCEB9, 0xD75B, 0xD79B, 0xD79B
};

const short poke_mart_interior_tile_263[TILE_SIZE * TILE_SIZE] = {
    0xA757, 0xA757, 0xA757, 0xA757, 0xA757, 0xA757, 0xA757, 0xA757, 0xA757, 0xA757, 0xA757, 0xAF57, 0xC7B9, 0xBF98, 0xA757, 0xD79B,
    0xA757, 0xA757, 0xA757, 0xA757, 0xA757, 0xA757, 0xA757, 0xA757, 0xA757, 0xA757, 0xA757, 0xAF57, 0xC7B9, 0xBF98, 0xA757, 0xD79B,
    0xA757, 0xA757, 0xA757, 0xA757, 0xA757, 0xA757, 0xA757, 0xA757, 0xA757, 0xA757, 0xA757, 0xAF57, 0xC7B9, 0xBF98, 0xA757, 0xD79B,
    0xA757, 0xA757, 0xA757, 0xA757, 0xA757, 0xA757, 0xA757, 0xA757, 0xA757, 0xA757, 0xA757, 0xAF57, 0xC7B9, 0xBF98, 0xA757, 0xD79B,
    0xA757, 0xA757, 0xA757, 0xA757, 0xA757, 0xA757, 0xA757, 0xA757, 0xA757, 0xA757, 0xA757, 0xAF57, 0xC7B9, 0xBF98, 0xA757, 0xD79B,
    0xA757, 0xA757, 0xA757, 0xA757, 0xA757, 0xA757, 0xA757, 0xA757, 0xA757, 0xA757, 0xA757, 0xAF57, 0xC7B9, 0xBF98, 0xA757, 0xD79B,
    0xA757, 0xA757, 0xA757, 0xA757, 0xA757, 0xA757, 0xA757, 0xA757, 0xA757, 0xA757, 0xA757, 0xAF57, 0xC7B9, 0xBF98, 0xA757, 0xD79B,
    0xA757, 0xA757, 0xA757, 0xA757, 0xA757, 0xA757, 0xA757, 0xA757, 0xA757, 0xA757, 0xA757, 0xAF57, 0xC7B9, 0xBF98, 0xA757, 0xD79B,
    0xA757, 0xA757, 0xA757, 0xA757, 0xA757, 0xA757, 0xA757, 0xA757, 0xA757, 0xA757, 0xA757, 0xAF57, 0xC7B9, 0xBF98, 0xA757, 0xD79B,
    0xA757, 0xA757, 0xA757, 0xA757, 0xA757, 0xA757, 0xA757, 0xA757, 0xA757, 0xA757, 0xA757, 0xAF57, 0xC7B9, 0xBF98, 0xA757, 0xD79B,
    0xA757, 0xA757, 0xA757, 0xA757, 0xA757, 0xA757, 0xA757, 0xA757, 0xA757, 0xA757, 0xAF78, 0xB798, 0xB778, 0xAF77, 0xA757, 0xD79B,
    0xAF57, 0xAF57, 0xAF57, 0xAF57, 0xAF57, 0xAF57, 0xAF57, 0xAF57, 0xAF57, 0xAF57, 0xB798, 0xBF98, 0xA757, 0xA757, 0xB758, 0xD75B,
    0xC7B9, 0xC7B9, 0xC7B9, 0xC7B9, 0xC7B9, 0xC7B9, 0xC7B9, 0xC7B9, 0xC7B9, 0xC7B9, 0xB778, 0xA757, 0xA757, 0xBF79, 0xE7BD, 0xCEB9,
    0xBF98, 0xBF98, 0xBF98, 0xBF98, 0xBF98, 0xBF98, 0xBF98, 0xBF98, 0xBF98, 0xBF98, 0xAF77, 0xA757, 0xBF79, 0xCF3A, 0xDEDA, 0xBE55,
    0xA757, 0xA757, 0xA757, 0xA757, 0xA757, 0xA757, 0xA757, 0xA757, 0xA757, 0xA757, 0xA757, 0xB758, 0xE7BD, 0xDEDA, 0xB594, 0xA611,
    0xD79B, 0xD79B, 0xD79B, 0xD79B, 0xD79B, 0xD79B, 0xD79B, 0xD79B, 0xD79B, 0xD79B, 0xD79B, 0xD75B, 0xCEB9, 0xBE55, 0xA611, 0x9E4F
};

const short poke_mart_interior_tile_264[TILE_SIZE * TILE_SIZE] = {
    0xEF5C, 0xBDF6, 0xCE78, 0xFFDF, 0xC77A, 0xAF57, 0xC7B9, 0xBF98, 0xA757, 0xA757, 0xA757, 0xA757, 0xA757, 0xA757, 0xA757, 0xA757,
    0xEF5C, 0xBDF6, 0xCE78, 0xFFDF, 0xC77A, 0xAF57, 0xC7B9, 0xBF98, 0xA757, 0xA757, 0xA757, 0xA757, 0xA757, 0xA757, 0xA757, 0xA757,
    0xEF5C, 0xBDF6, 0xCE78, 0xFFDF, 0xC77A, 0xAF57, 0xC7B9, 0xBF98, 0xA757, 0xA757, 0xA757, 0xA757, 0xA757, 0xA757, 0xA757, 0xA757,
    0xEF5C, 0xBDF6, 0xCE78, 0xFFDF, 0xC77A, 0xAF57, 0xC7B9, 0xBF98, 0xA757, 0xA757, 0xA757, 0xA757, 0xA757, 0xA757, 0xA757, 0xA757,
    0xEF5C, 0xBDF6, 0xCE78, 0xFFDF, 0xC77A, 0xAF57, 0xC7B9, 0xBF98, 0xA757, 0xA757, 0xA757, 0xA757, 0xA757, 0xA757, 0xA757, 0xA757,
    0xEF5C, 0xBDF6, 0xCE78, 0xFFDF, 0xC77A, 0xAF57, 0xC7B9, 0xBF98, 0xA757, 0xA757, 0xA757, 0xA757, 0xA757, 0xA757, 0xA757, 0xA757,
    0xEF5C, 0xBDF6, 0xCE78, 0xFFDF, 0xC77A, 0xAF57, 0xC7B9, 0xBF98, 0xA757, 0xA757, 0xA757, 0xA757, 0xA757, 0xA757, 0xA757, 0xA757,
    0xEF5C, 0xBDF6, 0xCE78, 0xFFDF, 0xC77A, 0xAF57, 0xC7B9, 0xBF98, 0xA757, 0xA757, 0xA757, 0xA757, 0xA757, 0xA757, 0xA757, 0xA757,
    0xEF5C, 0xBDF6, 0xCE78, 0xFFDF, 0xC77A, 0xAF57, 0xC7B9, 0xBF98, 0xA757, 0xA757, 0xA757, 0xA757, 0xA757, 0xA757, 0xA757, 0xA757,
    0xEF5C, 0xBDF6, 0xCE78, 0xFFDF, 0xC77A, 0xAF57, 0xC7B9, 0xBF98, 0xA757, 0xA757, 0xA757, 0xA757, 0xA757, 0xA757, 0xA757, 0xA757,
    0xEF5C, 0xBDF6, 0xCE78, 0xFFDF, 0xC77A, 0xA757, 0xAF78, 0xB798, 0xBF98, 0xAF77, 0xA757, 0xA757, 0xA757, 0xA757, 0xA757, 0xA757,
    0xDEFA, 0xBE15, 0xC656, 0xEF5C, 0xCF5A, 0xAF58, 0xA757, 0xAF78, 0xC7B9, 0xB778, 0xAF57, 0xAF57, 0xAF57, 0xAF57, 0xAF57, 0xAF57,
    0xBE15, 0xA631, 0xAE32, 0xBDF6, 0xD6FA, 0xDF9C, 0xAF58, 0xA757, 0xAF57, 0xB798, 0xC7B9, 0xC7B9, 0xC7B9, 0xC7B9, 0xC7B9, 0xC7B9,
    0xA611, 0x9E6F, 0x9E71, 0xAE35, 0xC698, 0xD6FA, 0xCF5A, 0xB778, 0xA757, 0xAF78, 0xBF98, 0xBF98, 0xBF98, 0xBF98, 0xBF98, 0xBF98,
    0x9E8F, 0x9E8F, 0x9ED2, 0xA757, 0xAE35, 0xBDF6, 0xEF5C, 0xD79B, 0xA757, 0xA757, 0xA757, 0xA757, 0xA757, 0xA757, 0xA757, 0xA757,
    0x9E90, 0x9EF2, 0x9F15, 0xA757, 0xA6D6, 0xAE96, 0xC677, 0xD6D9, 0xD79B, 0xD79B, 0xD79B, 0xD79B, 0xD79B, 0xD79B, 0xD79B, 0xD79B
};

const short poke_mart_interior_tile_265[TILE_SIZE * TILE_SIZE] = {
    0xA757, 0xA757, 0xA757, 0xA757, 0xA757, 0xA757, 0xB778, 0xCFDA, 0xB778, 0xB758, 0xE7BD, 0xDEDA, 0xB594, 0x73AF, 0x728B, 0xD2E7,
    0xA757, 0xA757, 0xA757, 0xA757, 0xA757, 0xA757, 0xB778, 0xCFDA, 0xB778, 0xB758, 0xE7BD, 0xDEDA, 0xB594, 0x73AF, 0x728B, 0xD2E7,
    0xA757, 0xA757, 0xA757, 0xA757, 0xA757, 0xA757, 0xB778, 0xCFDA, 0xB778, 0xB758, 0xE7BD, 0xDEDA, 0xB594, 0x73AF, 0x728B, 0xD2E7,
    0xA757, 0xA757, 0xA757, 0xA757, 0xA757, 0xA757, 0xB778, 0xCFDA, 0xB778, 0xB758, 0xE7BD, 0xDEDA, 0xB594, 0x73AF, 0x728B, 0xD2E7,
    0xA757, 0xA757, 0xA757, 0xA757, 0xA757, 0xA757, 0xB778, 0xCFDA, 0xB778, 0xB758, 0xE7BD, 0xDEDA, 0xB594, 0x73AF, 0x728B, 0xD2E7,
    0xA757, 0xA757, 0xA757, 0xA757, 0xA757, 0xA757, 0xB778, 0xCFDA, 0xB778, 0xB758, 0xE7BD, 0xDEDA, 0xB594, 0x73AF, 0x728B, 0xD2E7,
    0xA757, 0xA757, 0xA757, 0xA757, 0xA757, 0xA757, 0xB778, 0xCFDA, 0xB778, 0xB758, 0xE7BD, 0xDEDA, 0xB594, 0x73AF, 0x728B, 0xD2E7,
    0xA757, 0xA757, 0xA757, 0xA757, 0xA757, 0xA757, 0xB778, 0xCFDA, 0xB778, 0xB758, 0xE7BD, 0xDEDA, 0xB594, 0x73AF, 0x728B, 0xD2E7,
    0xA757, 0xA757, 0xA757, 0xA757, 0xA757, 0xA757, 0xB778, 0xCFDA, 0xB778, 0xB758, 0xE7BD, 0xDEDA, 0xB594, 0x73AF, 0x728B, 0xD2E7,
    0xA757, 0xA757, 0xA757, 0xA757, 0xA757, 0xA757, 0xB778, 0xCFDA, 0xB778, 0xB758, 0xE7BD, 0xDEDA, 0xB594, 0x73AF, 0x728B, 0xD2E7,
    0xA757, 0xA757, 0xA757, 0xA757, 0xA757, 0xB798, 0xB798, 0xB778, 0xA757, 0xB758, 0xE7BD, 0xDEDA, 0xB594, 0x73AF, 0x728B, 0xD2E7,
    0xAF57, 0xAF57, 0xAF57, 0xAF57, 0xAF78, 0xBF99, 0xB798, 0xA757, 0xAF58, 0xBF59, 0xDF5C, 0xD6B8, 0xADB3, 0x73CF, 0x728B, 0xD2E7,
    0xC7B9, 0xC7B9, 0xC7B9, 0xC7B9, 0xBF99, 0xAF78, 0xA757, 0xA757, 0xCF9A, 0xDF5C, 0xC657, 0xB613, 0x9E50, 0x6C0E, 0x728B, 0xD2E7,
    0xBF98, 0xBF98, 0xBF98, 0xBF98, 0xB798, 0xA757, 0xAF58, 0xC77A, 0xD71A, 0xD6B8, 0xB613, 0xA630, 0x9E8F, 0x6C0D, 0x728B, 0xD2E7,
    0xA757, 0xA757, 0xA757, 0xA757, 0xA757, 0xA757, 0xC77A, 0xFFDF, 0xCE78, 0xADB3, 0x9E50, 0x9E8F, 0x9E8F, 0x6C0D, 0x728B, 0xD2E7,
    0xD79B, 0xD79B, 0xD79B, 0xD79B, 0xD79B, 0xD79B, 0xD71A, 0xCE78, 0xB633, 0xA630, 0x9E6F, 0x9EB0, 0x9EF3, 0x6C4F, 0x728B, 0xD2E7
};

const short poke_mart_interior_tile_266[TILE_SIZE * TILE_SIZE] = {
    0xF48B, 0xEED4, 0xEED4, 0xEE11, 0xF3C8, 0xFB06, 0xFB06, 0xFB06, 0xFB06, 0xFB06, 0xFB06, 0xFB06, 0xFB06, 0xFB06, 0xFB06, 0xFB06,
    0xF48B, 0xEED4, 0xEED4, 0xEE11, 0xF3C8, 0xFB06, 0xFB06, 0xFB06, 0xFB06, 0xFB06, 0xFB06, 0xFB06, 0xFB06, 0xFB06, 0xFB06, 0xFB06,
    0xF48B, 0xEED4, 0xEED4, 0xEE11, 0xF3C8, 0xFB06, 0xFB06, 0xFB06, 0xFB06, 0xFB06, 0xFB06, 0xFB06, 0xFB06, 0xFB06, 0xFB06, 0xFB06,
    0xF48B, 0xEED4, 0xEED4, 0xEE11, 0xF3C8, 0xFB06, 0xFB06, 0xFB06, 0xFB06, 0xFB06, 0xFB06, 0xFB06, 0xFB06, 0xFB06, 0xFB06, 0xFB06,
    0xF48B, 0xEED4, 0xEED4, 0xEE11, 0xF3C8, 0xFB06, 0xFB06, 0xFB06, 0xFB06, 0xFB06, 0xFB06, 0xFB06, 0xFB06, 0xFB06, 0xFB06, 0xFB06,
    0xF48B, 0xEED4, 0xEED4, 0xEE11, 0xF3C8, 0xFB06, 0xFB06, 0xFB06, 0xFB06, 0xFB06, 0xFB06, 0xFB06, 0xFB06, 0xFB06, 0xFB06, 0xFB06,
    0xF48B, 0xEED4, 0xEED4, 0xEE11, 0xF3C8, 0xFB06, 0xFB06, 0xFB06, 0xFB06, 0xFB06, 0xFB06, 0xFB06, 0xFB06, 0xFB06, 0xFB06, 0xFB06,
    0xF48B, 0xEED4, 0xEED4, 0xEE11, 0xF3C8, 0xFB06, 0xFB06, 0xFB06, 0xFB06, 0xFB06, 0xFB06, 0xFB06, 0xFB06, 0xFB06, 0xFB06, 0xFB06,
    0xF48B, 0xEED4, 0xEED4, 0xEE11, 0xF3C8, 0xFB06, 0xFB06, 0xFB06, 0xFB06, 0xFB06, 0xFB06, 0xFB06, 0xFB06, 0xFB06, 0xFB06, 0xFB06,
    0xF48B, 0xEED4, 0xEED4, 0xEE11, 0xF3C8, 0xFB06, 0xFB06, 0xFB06, 0xFB06, 0xFB06, 0xFB06, 0xFB06, 0xFB06, 0xFB06, 0xFB06, 0xFB06,
    0xF48B, 0xEED4, 0xEED4, 0xEE11, 0xF3C8, 0xFB06, 0xFB06, 0xFB06, 0xFB06, 0xFB06, 0xFB06, 0xFB06, 0xFB06, 0xFB06, 0xFB06, 0xFB06,
    0xF48B, 0xEED4, 0xEED4, 0xEE11, 0xF3C8, 0xFB06, 0xFB06, 0xFB06, 0xFB06, 0xFB06, 0xFB06, 0xFB06, 0xFB06, 0xFB06, 0xFB06, 0xFB06,
    0xF48B, 0xEED4, 0xEED4, 0xEE11, 0xF3C8, 0xFB06, 0xFB06, 0xFB06, 0xFB06, 0xFB06, 0xFB06, 0xFB06, 0xFB06, 0xFB06, 0xFB06, 0xFB06,
    0xF48B, 0xEED4, 0xEED4, 0xEE52, 0xF4ED, 0xF48B, 0xF48B, 0xF48B, 0xF48B, 0xF48B, 0xF48B, 0xF48B, 0xF48B, 0xF48B, 0xF48B, 0xF48B,
    0xF48B, 0xEED4, 0xEED4, 0xEED4, 0xEED4, 0xEED4, 0xEED4, 0xEED4, 0xEED4, 0xEED4, 0xEED4, 0xEED4, 0xEED4, 0xEED4, 0xEED4, 0xEED4,
    0xF388, 0xF48B, 0xF48B, 0xF48B, 0xF48B, 0xF48B, 0xF48B, 0xF48B, 0xF48B, 0xF48B, 0xF48B, 0xF48B, 0xF48B, 0xF48B, 0xF48B, 0xF48B
};

const short poke_mart_interior_tile_267[TILE_SIZE * TILE_SIZE] = {
    0xFB06, 0xFB06, 0xFB06, 0xFB06, 0xFB06, 0xFB06, 0xFB06, 0xFB06, 0xFB06, 0xFB06, 0xFB06, 0xFB06, 0xFB06, 0xFB06, 0xFB06, 0xFB06,
    0xFB06, 0xFB06, 0xFB06, 0xFB06, 0xFB06, 0xFB06, 0xFB06, 0xFB06, 0xFB06, 0xFB06, 0xFB06, 0xFB06, 0xFB06, 0xFB06, 0xFB06, 0xFB06,
    0xFB06, 0xFB06, 0xFB06, 0xFB06, 0xFB06, 0xFB06, 0xFB06, 0xFB06, 0xFB06, 0xFB06, 0xFB06, 0xFB06, 0xFB06, 0xFB06, 0xFB06, 0xFB06,
    0xFB06, 0xFB06, 0xFB06, 0xFB06, 0xFB06, 0xFB06, 0xFB06, 0xFB06, 0xFB06, 0xFB06, 0xFB06, 0xFB06, 0xFB06, 0xFB06, 0xFB06, 0xFB06,
    0xFB06, 0xFB06, 0xFB06, 0xFB06, 0xFB06, 0xFB06, 0xFB06, 0xFB06, 0xFB06, 0xFB06, 0xFB06, 0xFB06, 0xFB06, 0xFB06, 0xFB06, 0xFB06,
    0xFB06, 0xFB06, 0xFB06, 0xFB06, 0xFB06, 0xFB06, 0xFB06, 0xFB06, 0xFB06, 0xFB06, 0xFB06, 0xFB06, 0xFB06, 0xFB06, 0xFB06, 0xFB06,
    0xFB06, 0xFB06, 0xFB06, 0xFB06, 0xFB06, 0xFB06, 0xFB06, 0xFB06, 0xFB06, 0xFB06, 0xFB06, 0xFB06, 0xFB06, 0xFB06, 0xFB06, 0xFB06,
    0xFB06, 0xFB06, 0xFB06, 0xFB06, 0xFB06, 0xFB06, 0xFB06, 0xFB06, 0xFB06, 0xFB06, 0xFB06, 0xFB06, 0xFB06, 0xFB06, 0xFB06, 0xFB06,
    0xFB06, 0xFB06, 0xFB06, 0xFB06, 0xFB06, 0xFB06, 0xFB06, 0xFB06, 0xFB06, 0xFB06, 0xFB06, 0xFB06, 0xFB06, 0xFB06, 0xFB06, 0xFB06,
    0xFB06, 0xFB06, 0xFB06, 0xFB06, 0xFB06, 0xFB06, 0xFB06, 0xFB06, 0xFB06, 0xFB06, 0xFB06, 0xFB06, 0xFB06, 0xFB06, 0xFB06, 0xFB06,
    0xFB06, 0xFB06, 0xFB06, 0xFB06, 0xFB06, 0xFB06, 0xFB06, 0xFB06, 0xFB06, 0xFB06, 0xFB06, 0xFB06, 0xFB06, 0xFB06, 0xFB06, 0xFB06,
    0xFB06, 0xFB06, 0xFB06, 0xFB06, 0xFB06, 0xFB06, 0xFB06, 0xFB06, 0xFB06, 0xFB06, 0xFB06, 0xFB06, 0xFB06, 0xFB06, 0xFB06, 0xFB06,
    0xFB06, 0xFB06, 0xFB06, 0xFB06, 0xFB06, 0xFB06, 0xFB06, 0xFB06, 0xFB06, 0xFB06, 0xFB06, 0xFB06, 0xFB06, 0xFB06, 0xFB06, 0xFB06,
    0xF48B, 0xF48B, 0xF48B, 0xF48B, 0xF48B, 0xF48B, 0xF48B, 0xF48B, 0xF48B, 0xF48B, 0xF48B, 0xF48B, 0xF48B, 0xF48B, 0xF48B, 0xF48B,
    0xEED4, 0xEED4, 0xEED4, 0xEED4, 0xEED4, 0xEED4, 0xEED4, 0xEED4, 0xEED4, 0xEED4, 0xEED4, 0xEED4, 0xEED4, 0xEED4, 0xEED4, 0xEED4,
    0xF48B, 0xF48B, 0xF48B, 0xF48B, 0xF48B, 0xF48B, 0xF48B, 0xF48B, 0xF48B, 0xF48B, 0xF48B, 0xF48B, 0xF48B, 0xF48B, 0xF48B, 0xF48B
};

const short poke_mart_interior_tile_268[TILE_SIZE * TILE_SIZE] = {
    0xFB06, 0xFB06, 0xFB06, 0xFB06, 0xFB06, 0xFB06, 0xFB06, 0xFB06, 0xFB06, 0xFB06, 0xFB06, 0xF3C8, 0xEE11, 0xEED4, 0xEED4, 0xF48B,
    0xFB06, 0xFB06, 0xFB06, 0xFB06, 0xFB06, 0xFB06, 0xFB06, 0xFB06, 0xFB06, 0xFB06, 0xFB06, 0xF3C8, 0xEE11, 0xEED4, 0xEED4, 0xF48B,
    0xFB06, 0xFB06, 0xFB06, 0xFB06, 0xFB06, 0xFB06, 0xFB06, 0xFB06, 0xFB06, 0xFB06, 0xFB06, 0xF3C8, 0xEE11, 0xEED4, 0xEED4, 0xF48B,
    0xFB06, 0xFB06, 0xFB06, 0xFB06, 0xFB06, 0xFB06, 0xFB06, 0xFB06, 0xFB06, 0xFB06, 0xFB06, 0xF3C8, 0xEE11, 0xEED4, 0xEED4, 0xF48B,
    0xFB06, 0xFB06, 0xFB06, 0xFB06, 0xFB06, 0xFB06, 0xFB06, 0xFB06, 0xFB06, 0xFB06, 0xFB06, 0xF3C8, 0xEE11, 0xEED4, 0xEED4, 0xF48B,
    0xFB06, 0xFB06, 0xFB06, 0xFB06, 0xFB06, 0xFB06, 0xFB06, 0xFB06, 0xFB06, 0xFB06, 0xFB06, 0xF3C8, 0xEE11, 0xEED4, 0xEED4, 0xF48B,
    0xFB06, 0xFB06, 0xFB06, 0xFB06, 0xFB06, 0xFB06, 0xFB06, 0xFB06, 0xFB06, 0xFB06, 0xFB06, 0xF3C8, 0xEE11, 0xEED4, 0xEED4, 0xF48B,
    0xFB06, 0xFB06, 0xFB06, 0xFB06, 0xFB06, 0xFB06, 0xFB06, 0xFB06, 0xFB06, 0xFB06, 0xFB06, 0xF3C8, 0xEE11, 0xEED4, 0xEED4, 0xF48B,
    0xFB06, 0xFB06, 0xFB06, 0xFB06, 0xFB06, 0xFB06, 0xFB06, 0xFB06, 0xFB06, 0xFB06, 0xFB06, 0xF3C8, 0xEE11, 0xEED4, 0xEED4, 0xF48B,
    0xFB06, 0xFB06, 0xFB06, 0xFB06, 0xFB06, 0xFB06, 0xFB06, 0xFB06, 0xFB06, 0xFB06, 0xFB06, 0xF3C8, 0xEE11, 0xEED4, 0xEED4, 0xF48B,
    0xFB06, 0xFB06, 0xFB06, 0xFB06, 0xFB06, 0xFB06, 0xFB06, 0xFB06, 0xFB06, 0xFB06, 0xFB06, 0xF3C8, 0xEE11, 0xEED4, 0xEED4, 0xF48B,
    0xFB06, 0xFB06, 0xFB06, 0xFB06, 0xFB06, 0xFB06, 0xFB06, 0xFB06, 0xFB06, 0xFB06, 0xFB06, 0xF3C8, 0xEE11, 0xEED4, 0xEED4, 0xF48B,
    0xFB06, 0xFB06, 0xFB06, 0xFB06, 0xFB06, 0xFB06, 0xFB06, 0xFB06, 0xFB06, 0xFB06, 0xFB06, 0xF3C8, 0xEE11, 0xEED4, 0xEED4, 0xF48B,
    0xF48B, 0xF48B, 0xF48B, 0xF48B, 0xF48B, 0xF48B, 0xF48B, 0xF48B, 0xF48B, 0xF48B, 0xF48B, 0xF4ED, 0xEE52, 0xEED4, 0xEED4, 0xF48B,
    0xEED4, 0xEED4, 0xEED4, 0xEED4, 0xEED4, 0xEED4, 0xEED4, 0xEED4, 0xEED4, 0xEED4, 0xEED4, 0xEED4, 0xEED4, 0xEED4, 0xEED4, 0xF48B,
    0xF48B, 0xF48B, 0xF48B, 0xF48B, 0xF48B, 0xF48B, 0xF48B, 0xF48B, 0xF48B, 0xF48B, 0xF48B, 0xF48B, 0xF48B, 0xF48B, 0xF48B, 0xF388
};

const short poke_mart_interior_tile_269[TILE_SIZE * TILE_SIZE] = {
    0xD2E7, 0x728B, 0x9494, 0xFFDF, 0xC77A, 0xAF57, 0xC7B9, 0xBF98, 0xA757, 0xA757, 0xA757, 0xA757, 0xA757, 0xA757, 0xA757, 0xA757,
    0xD2E7, 0x728B, 0x9494, 0xFFDF, 0xC77A, 0xAF57, 0xC7B9, 0xBF98, 0xA757, 0xA757, 0xA757, 0xA757, 0xA757, 0xA757, 0xA757, 0xA757,
    0xD2E7, 0x728B, 0x9494, 0xFFDF, 0xC77A, 0xAF57, 0xC7B9, 0xBF98, 0xA757, 0xA757, 0xA757, 0xA757, 0xA757, 0xA757, 0xA757, 0xA757,
    0xD2E7, 0x728B, 0x9494, 0xFFDF, 0xC77A, 0xAF57, 0xC7B9, 0xBF98, 0xA757, 0xA757, 0xA757, 0xA757, 0xA757, 0xA757, 0xA757, 0xA757,
    0xD2E7, 0x728B, 0x9494, 0xFFDF, 0xC77A, 0xAF57, 0xC7B9, 0xBF98, 0xA757, 0xA757, 0xA757, 0xA757, 0xA757, 0xA757, 0xA757, 0xA757,
    0xD2E7, 0x728B, 0x9494, 0xFFDF, 0xC77A, 0xAF57, 0xC7B9, 0xBF98, 0xA757, 0xA757, 0xA757, 0xA757, 0xA757, 0xA757, 0xA757, 0xA757,
    0xD2E7, 0x728B, 0x9494, 0xFFDF, 0xC77A, 0xAF57, 0xC7B9, 0xBF98, 0xA757, 0xA757, 0xA757, 0xA757, 0xA757, 0xA757, 0xA757, 0xA757,
    0xD2E7, 0x728B, 0x9494, 0xFFDF, 0xC77A, 0xAF57, 0xC7B9, 0xBF98, 0xA757, 0xA757, 0xA757, 0xA757, 0xA757, 0xA757, 0xA757, 0xA757,
    0xD2E7, 0x728B, 0x9494, 0xFFDF, 0xC77A, 0xAF57, 0xC7B9, 0xBF98, 0xA757, 0xA757, 0xA757, 0xA757, 0xA757, 0xA757, 0xA757, 0xA757,
    0xD2E7, 0x728B, 0x9494, 0xFFDF, 0xC77A, 0xAF57, 0xC7B9, 0xBF98, 0xA757, 0xA757, 0xA757, 0xA757, 0xA757, 0xA757, 0xA757, 0xA757,
    0xD2E7, 0x728B, 0x9494, 0xFFDF, 0xC77A, 0xA757, 0xAF78, 0xB798, 0xBF98, 0xAF77, 0xA757, 0xA757, 0xA757, 0xA757, 0xA757, 0xA757,
    0xD2E7, 0x728B, 0x8C73, 0xEF5C, 0xCF5A, 0xAF58, 0xA757, 0xAF78, 0xC7B9, 0xB778, 0xAF57, 0xAF57, 0xAF57, 0xAF57, 0xAF57, 0xAF57,
    0xD2E7, 0x728B, 0x7BF0, 0xBDF6, 0xD6FA, 0xDF9C, 0xAF58, 0xA757, 0xAF57, 0xB798, 0xC7B9, 0xC7B9, 0xC7B9, 0xC7B9, 0xC7B9, 0xC7B9,
    0xD2E7, 0x728B, 0x73F0, 0xAE35, 0xC698, 0xD6FA, 0xCF5A, 0xB778, 0xA757, 0xAF78, 0xBF98, 0xBF98, 0xBF98, 0xBF98, 0xBF98, 0xBF98,
    0xD2E7, 0x728B, 0x7471, 0xA757, 0xAE35, 0xBDF6, 0xEF5C, 0xD79B, 0xA757, 0xA757, 0xA757, 0xA757, 0xA757, 0xA757, 0xA757, 0xA757,
    0xD2E7, 0x728B, 0x7471, 0xA757, 0xA6D6, 0xAE96, 0xC677, 0xD6D9, 0xD79B, 0xD79B, 0xD79B, 0xD79B, 0xD79B, 0xD79B, 0xD79B, 0xD79B
};

const short poke_mart_interior_tile_270[TILE_SIZE * TILE_SIZE] = {
    0xA757, 0xA757, 0xA757, 0xA757, 0xA757, 0xA757, 0xB778, 0xCFDA, 0xB778, 0xB758, 0xE7BD, 0xDEDA, 0xB594, 0xDEDA, 0xE7BD, 0xB758,
    0xA757, 0xA757, 0xA757, 0xA757, 0xA757, 0xA757, 0xB778, 0xCFDA, 0xB778, 0xB758, 0xE7BD, 0xDEDA, 0xB594, 0xDEDA, 0xE7BD, 0xB758,
    0xA757, 0xA757, 0xA757, 0xA757, 0xA757, 0xA757, 0xB778, 0xCFDA, 0xB778, 0xB758, 0xE7BD, 0xDEDA, 0xB594, 0xDEDA, 0xE7BD, 0xB758,
    0xA757, 0xA757, 0xA757, 0xA757, 0xA757, 0xA757, 0xB778, 0xCFDA, 0xB778, 0xB758, 0xE7BD, 0xDEDA, 0xB594, 0xDEDA, 0xE7BD, 0xB758,
    0xA757, 0xA757, 0xA757, 0xA757, 0xA757, 0xA757, 0xB778, 0xCFDA, 0xB778, 0xB758, 0xE7BD, 0xDEDA, 0xB594, 0xDEDA, 0xE7BD, 0xB758,
    0xA757, 0xA757, 0xA757, 0xA757, 0xA757, 0xA757, 0xB778, 0xCFDA, 0xB778, 0xB758, 0xE7BD, 0xDEDA, 0xB594, 0xDEDA, 0xE7BD, 0xB758,
    0xA757, 0xA757, 0xA757, 0xA757, 0xA757, 0xA757, 0xB778, 0xCFDA, 0xB778, 0xB758, 0xE7BD, 0xDEDA, 0xB594, 0xDEDA, 0xE7BD, 0xB758,
    0xA757, 0xA757, 0xA757, 0xA757, 0xA757, 0xA757, 0xB778, 0xCFDA, 0xB778, 0xB758, 0xE7BD, 0xDEDA, 0xB594, 0xDEDA, 0xE7BD, 0xB758,
    0xA757, 0xA757, 0xA757, 0xA757, 0xA757, 0xA757, 0xB778, 0xCFDA, 0xB778, 0xB758, 0xE7BD, 0xDEDA, 0xB594, 0xDEDA, 0xE7BD, 0xB758,
    0xA757, 0xA757, 0xA757, 0xA757, 0xA757, 0xA757, 0xB778, 0xCFDA, 0xB778, 0xB758, 0xE7BD, 0xDEDA, 0xB594, 0xDEDA, 0xE7BD, 0xB758,
    0xA757, 0xA757, 0xA757, 0xA757, 0xA757, 0xB798, 0xB798, 0xB778, 0xA757, 0xB758, 0xE7BD, 0xDEDA, 0xB594, 0xDEDA, 0xE7BD, 0xB758,
    0xAF57, 0xAF57, 0xAF57, 0xAF57, 0xAF78, 0xBF99, 0xB798, 0xA757, 0xAF58, 0xBF59, 0xDF5C, 0xD6B8, 0xADB3, 0xD6B8, 0xDF5C, 0xBF59,
    0xC7B9, 0xC7B9, 0xC7B9, 0xC7B9, 0xBF99, 0xAF78, 0xA757, 0xA757, 0xCF9A, 0xDF5C, 0xC657, 0xB613, 0x9E50, 0xB613, 0xC657, 0xDF5C,
    0xBF98, 0xBF98, 0xBF98, 0xBF98, 0xB798, 0xA757, 0xAF58, 0xC77A, 0xD71A, 0xD6B8, 0xB613, 0xA630, 0x9E8F, 0xA652, 0xB656, 0xD6B9,
    0xA757, 0xA757, 0xA757, 0xA757, 0xA757, 0xA757, 0xC77A, 0xFFDF, 0xCE78, 0xADB3, 0x9E50, 0x9E8F, 0x9E8F, 0x9EF3, 0xA6F6, 0xADD4,
    0xD79B, 0xD79B, 0xD79B, 0xD79B, 0xD79B, 0xD79B, 0xD71A, 0xCE78, 0xB633, 0xA630, 0x9E6F, 0x9EB0, 0x9EF3, 0x9F35, 0xA736, 0xA6B6
};

const short poke_mart_interior_tile_271[TILE_SIZE * TILE_SIZE] = {
    0xB778, 0xCFDA, 0xB778, 0xA757, 0xA757, 0x9F35, 0x9EF3, 0x9EB0, 0x9E8F, 0x9E8F, 0x9E8F, 0x9E8F, 0x9E8F, 0x9E8F, 0x9E8F, 0x9E8F,
    0xB778, 0xCFDA, 0xB778, 0xA757, 0xA757, 0xA757, 0xA757, 0x9EF3, 0x9EB0, 0x9E8F, 0x9E8F, 0x9E8F, 0x9E8F, 0x9E8F, 0x9E8F, 0x9E8F,
    0xB778, 0xCFDA, 0xB778, 0xA757, 0xA757, 0xA757, 0xA757, 0x9F36, 0x9EF4, 0x9EB0, 0x9E8F, 0x9E8F, 0x9E8F, 0x9E8F, 0x9E8F, 0x9E8F,
    0xB778, 0xCFDA, 0xB778, 0xA757, 0xA757, 0xA757, 0xA757, 0xA757, 0x9F36, 0x9EF3, 0x9EB0, 0x9E8F, 0x9E8F, 0x9E8F, 0x9E8F, 0x9E8F,
    0xB778, 0xCFDA, 0xB778, 0xA757, 0xA757, 0xA757, 0xA757, 0xA757, 0xA757, 0xA757, 0x9EF3, 0x9E8F, 0x9E8F, 0x9E8F, 0x9E8F, 0x9E8F,
    0xB778, 0xCFDA, 0xB778, 0xA757, 0xA757, 0xA757, 0xA757, 0xA757, 0xA757, 0xA757, 0x9F35, 0x9EF3, 0x9EF3, 0x9EF3, 0x9EF3, 0x9EF3,
    0xB778, 0xCFDA, 0xB778, 0xA757, 0xA757, 0xA757, 0xA757, 0xA757, 0xA757, 0xA757, 0xA757, 0xA757, 0xA757, 0xA757, 0xA757, 0xA757,
    0xB778, 0xCFDA, 0xB778, 0xA757, 0xA757, 0xA757, 0xA757, 0xA757, 0xA757, 0xA757, 0xA757, 0xA757, 0xA757, 0xA757, 0xA757, 0xA757,
    0xB778, 0xCFDA, 0xB778, 0xA757, 0xA757, 0xA757, 0xA757, 0xA757, 0xA757, 0xA757, 0xA757, 0xA757, 0xA757, 0xA757, 0xA757, 0xA757,
    0xB778, 0xCFDA, 0xB778, 0xA757, 0xA757, 0xA757, 0xA757, 0xA757, 0xA757, 0xA757, 0xA757, 0xA757, 0xA757, 0xA757, 0xA757, 0xA757,
    0xA757, 0xB778, 0xB798, 0xB798, 0xA757, 0xA757, 0xA757, 0xA757, 0xA757, 0xA757, 0xA757, 0xA757, 0xA757, 0xA757, 0xA757, 0xAF77,
    0xAF58, 0xA757, 0xB798, 0xBF99, 0xAF78, 0xAF57, 0xAF57, 0xAF57, 0xAF57, 0xAF57, 0xAF57, 0xAF57, 0xAF57, 0xAF57, 0xAF57, 0xB778,
    0xCF9A, 0xA757, 0xA757, 0xAF78, 0xBF99, 0xC7B9, 0xC7B9, 0xC7B9, 0xC7B9, 0xC7B9, 0xC7B9, 0xC7B9, 0xC7B9, 0xC7B9, 0xC7B9, 0xB798,
    0xD71A, 0xC77A, 0xAF58, 0xA757, 0xB798, 0xBF98, 0xBF98, 0xBF98, 0xBF98, 0xBF98, 0xBF98, 0xBF98, 0xBF98, 0xBF98, 0xBF98, 0xAF78,
    0xCE78, 0xFFDF, 0xC77A, 0xA757, 0xA757, 0xA757, 0xA757, 0xA757, 0xA757, 0xA757, 0xA757, 0xA757, 0xA757, 0xA757, 0xA757, 0xA757,
    0xB696, 0xCE78, 0xD71A, 0xD79B, 0xD79B, 0xD79B, 0xD79B, 0xD79B, 0xD79B, 0xD79B, 0xD79B, 0xD79B, 0xD79B, 0xD79B, 0xD79B, 0xD79B
};

const short poke_mart_interior_tile_272[TILE_SIZE * TILE_SIZE] = {
    0x9E8F, 0xA6B0, 0xAEB0, 0x9E8F, 0xAE93, 0xD6DA, 0xA554, 0x94D2, 0xC658, 0xBEB5, 0x9E8F, 0xA6B0, 0xAEB0, 0x9E8F, 0x9E8F, 0x9E8F,
    0x9E8F, 0xA6B0, 0xAEB0, 0x9E8F, 0xAE93, 0xD6DA, 0xA554, 0x94D2, 0xC658, 0xBEB5, 0x9E8F, 0xA6B0, 0xAEB0, 0x9E8F, 0x9E8F, 0x9E8F,
    0x9E8F, 0xA6B0, 0xAEB0, 0x9E8F, 0xAE93, 0xD6DA, 0xA554, 0x94D2, 0xC658, 0xBEB5, 0x9E8F, 0xA6B0, 0xAEB0, 0x9E8F, 0x9E8F, 0x9E8F,
    0x9E8F, 0xA6B0, 0xAEB0, 0x9E8F, 0xAE93, 0xD6DA, 0xA554, 0x94D2, 0xC658, 0xBEB5, 0x9E8F, 0xA6B0, 0xAEB0, 0x9E8F, 0x9E8F, 0x9E8F,
    0x9E8F, 0xA6B0, 0xAEB0, 0x9E8F, 0xAE93, 0xD6DA, 0xA554, 0x94D2, 0xC658, 0xBEB5, 0x9E8F, 0xA6B0, 0xAEB0, 0x9E8F, 0x9E8F, 0x9E8F,
    0x9EF3, 0xB735, 0xBF55, 0xA714, 0xBF37, 0xEF5D, 0xBDF6, 0xAD74, 0xDEFB, 0xCF39, 0x9EF3, 0xB735, 0xBF55, 0xA714, 0x9EF3, 0x9EF3,
    0xA757, 0xBF98, 0xC7B9, 0xAF57, 0xC77A, 0xFFDF, 0xCE78, 0xBDF6, 0xEF5C, 0xD79B, 0xA757, 0xBF98, 0xC7B9, 0xAF57, 0xA757, 0xA757,
    0xA757, 0xBF98, 0xC7B9, 0xAF57, 0xC77A, 0xFFDF, 0xCE78, 0xBDF6, 0xEF5C, 0xD79B, 0xA757, 0xBF98, 0xC7B9, 0xAF57, 0xA757, 0xA757,
    0xA757, 0xBF98, 0xC7B9, 0xAF57, 0xC77A, 0xFFDF, 0xCE78, 0xBDF6, 0xEF5C, 0xD79B, 0xA757, 0xBF98, 0xC7B9, 0xAF57, 0xA757, 0xA757,
    0xA757, 0xBF98, 0xC7B9, 0xAF57, 0xC77A, 0xFFDF, 0xCE78, 0xBDF6, 0xEF5C, 0xD79B, 0xA757, 0xBF98, 0xC7B9, 0xAF57, 0xA757, 0xA757,
    0xBF98, 0xB798, 0xAF78, 0xA757, 0xC77A, 0xFFDF, 0xCE78, 0xBDF6, 0xEF5C, 0xD79B, 0xA757, 0xAF77, 0xB778, 0xB798, 0xAF78, 0xA757,
    0xC7B9, 0xAF78, 0xA757, 0xAF58, 0xCF5A, 0xEF5C, 0xC656, 0xBE15, 0xDEFA, 0xD75B, 0xB758, 0xA757, 0xA757, 0xBF98, 0xB798, 0xAF57,
    0xAF57, 0xA757, 0xAF58, 0xDF9C, 0xD6FA, 0xBDF6, 0xAE32, 0xA631, 0xBE15, 0xCEB9, 0xE7BD, 0xBF79, 0xA757, 0xA757, 0xB778, 0xC7B9,
    0xA757, 0xB778, 0xCF5A, 0xD6FA, 0xC677, 0xA5F2, 0x9E50, 0x9E70, 0xA654, 0xBE77, 0xDEDA, 0xCF3A, 0xBF79, 0xA757, 0xAF77, 0xBF98,
    0xA757, 0xD79B, 0xEF5C, 0xBDF6, 0xA5F2, 0x9E8F, 0x9E8F, 0x9EB0, 0x9F15, 0xA695, 0xB594, 0xDEDA, 0xE7BD, 0xB758, 0xA757, 0xA757,
    0xD79B, 0xD6D9, 0xC656, 0xAE32, 0x9E50, 0x9E8F, 0x9ED1, 0x9F14, 0x9F36, 0xA6F6, 0xA695, 0xBE77, 0xCEB9, 0xD75B, 0xD79B, 0xD79B
};

const short poke_mart_interior_tile_273[TILE_SIZE * TILE_SIZE] = {
    0x9E8F, 0x9E8F, 0x9E8F, 0x9E8F, 0x9E8F, 0x9E8F, 0x9E8F, 0x9E8F, 0x9E8F, 0x9E8F, 0x9E8F, 0x9E8F, 0xAEB0, 0xA6B0, 0x9E8F, 0xBEB5,
    0x9E8F, 0x9E8F, 0x9E8F, 0x9E8F, 0x9E8F, 0x9E8F, 0x9E8F, 0x9E8F, 0x9E8F, 0x9E8F, 0x9E8F, 0x9E8F, 0xAEB0, 0xA6B0, 0x9E8F, 0xBEB5,
    0x9E8F, 0x9E8F, 0x9E8F, 0x9E8F, 0x9E8F, 0x9E8F, 0x9E8F, 0x9E8F, 0x9E8F, 0x9E8F, 0x9E8F, 0x9E8F, 0xAEB0, 0xA6B0, 0x9E8F, 0xBEB5,
    0x9E8F, 0x9E8F, 0x9E8F, 0x9E8F, 0x9E8F, 0x9E8F, 0x9E8F, 0x9E8F, 0x9E8F, 0x9E8F, 0x9E8F, 0x9E8F, 0xAEB0, 0xA6B0, 0x9E8F, 0xBEB5,
    0x9E8F, 0x9E8F, 0x9E8F, 0x9E8F, 0x9E8F, 0x9E8F, 0x9E8F, 0x9E8F, 0x9E8F, 0x9E8F, 0x9E8F, 0x9E8F, 0xAEB0, 0xA6B0, 0x9E8F, 0xBEB5,
    0x9EF3, 0x9EF3, 0x9EF3, 0x9EF3, 0x9EF3, 0x9EF3, 0x9EF3, 0x9EF3, 0x9EF3, 0x9EF3, 0x9EF3, 0xA714, 0xBF55, 0xB735, 0x9EF3, 0xCF39,
    0xA757, 0xA757, 0xA757, 0xA757, 0xA757, 0xA757, 0xA757, 0xA757, 0xA757, 0xA757, 0xA757, 0xAF57, 0xC7B9, 0xBF98, 0xA757, 0xD79B,
    0xA757, 0xA757, 0xA757, 0xA757, 0xA757, 0xA757, 0xA757, 0xA757, 0xA757, 0xA757, 0xA757, 0xAF57, 0xC7B9, 0xBF98, 0xA757, 0xD79B,
    0xA757, 0xA757, 0xA757, 0xA757, 0xA757, 0xA757, 0xA757, 0xA757, 0xA757, 0xA757, 0xA757, 0xAF57, 0xC7B9, 0xBF98, 0xA757, 0xD79B,
    0xA757, 0xA757, 0xA757, 0xA757, 0xA757, 0xA757, 0xA757, 0xA757, 0xA757, 0xA757, 0xA757, 0xAF57, 0xC7B9, 0xBF98, 0xA757, 0xD79B,
    0xA757, 0xA757, 0xA757, 0xA757, 0xA757, 0xA757, 0xA757, 0xA757, 0xA757, 0xA757, 0xAF78, 0xB798, 0xB778, 0xAF77, 0xA757, 0xD79B,
    0xAF57, 0xAF57, 0xAF57, 0xAF57, 0xAF57, 0xAF57, 0xAF57, 0xAF57, 0xAF57, 0xAF57, 0xB798, 0xBF98, 0xA757, 0xA757, 0xB758, 0xD75B,
    0xC7B9, 0xC7B9, 0xC7B9, 0xC7B9, 0xC7B9, 0xC7B9, 0xC7B9, 0xC7B9, 0xC7B9, 0xC7B9, 0xB778, 0xA757, 0xA757, 0xBF79, 0xE7BD, 0xCEB9,
    0xBF98, 0xBF98, 0xBF98, 0xBF98, 0xBF98, 0xBF98, 0xBF98, 0xBF98, 0xBF98, 0xBF98, 0xAF77, 0xA757, 0xBF79, 0xCF3A, 0xDEDA, 0xBE55,
    0xA757, 0xA757, 0xA757, 0xA757, 0xA757, 0xA757, 0xA757, 0xA757, 0xA757, 0xA757, 0xA757, 0xB758, 0xE7BD, 0xDEDA, 0xB594, 0xA611,
    0xD79B, 0xD79B, 0xD79B, 0xD79B, 0xD79B, 0xD79B, 0xD79B, 0xD79B, 0xD79B, 0xD79B, 0xD79B, 0xD75B, 0xCEB9, 0xBE55, 0xA611, 0x9E4F
};

const short poke_mart_interior_tile_274[TILE_SIZE * TILE_SIZE] = {
    0xC658, 0x94D2, 0xA554, 0xD6DA, 0xAE93, 0x9E8F, 0xAEB0, 0xA6B0, 0x9E8F, 0x9E8F, 0x9E8F, 0x9E8F, 0x9E8F, 0x9E8F, 0x9E8F, 0x9EB0,
    0xC658, 0x94D2, 0xA554, 0xD6DA, 0xAE93, 0x9E8F, 0xAEB0, 0xA6B0, 0x9E8F, 0x9E8F, 0x9E8F, 0x9E8F, 0x9E8F, 0x9E8F, 0x9E8F, 0x9EB0,
    0xC658, 0x94D2, 0xA554, 0xD6DA, 0xAE93, 0x9E8F, 0xAEB0, 0xA6B0, 0x9E8F, 0x9E8F, 0x9E8F, 0x9E8F, 0x9E8F, 0x9E8F, 0x9E8F, 0x9EB0,
    0xC658, 0x94D2, 0xA554, 0xD6DA, 0xAE93, 0x9E8F, 0xAEB0, 0xA6B0, 0x9E8F, 0x9E8F, 0x9E8F, 0x9E8F, 0x9E8F, 0x9E8F, 0x9E8F, 0x9EB0,
    0xC658, 0x94D2, 0xA554, 0xD6DA, 0xAE93, 0x9E8F, 0xAEB0, 0xA6B0, 0x9E8F, 0x9E8F, 0x9E8F, 0x9E8F, 0x9E8F, 0x9E8F, 0x9E8F, 0x9EB0,
    0xDEFB, 0xAD74, 0xBDF6, 0xEF5D, 0xBF37, 0xA714, 0xBF55, 0xB735, 0x9EF3, 0x9EF3, 0x9EF3, 0x9EF3, 0x9EF3, 0x9EF3, 0x9EF3, 0x9F14,
    0xEF5C, 0xBDF6, 0xCE78, 0xFFDF, 0xC77A, 0xAF57, 0xC7B9, 0xBF98, 0xA757, 0xA757, 0xA757, 0xA757, 0xA757, 0xA757, 0xA757, 0xA757,
    0xEF5C, 0xBDF6, 0xCE78, 0xFFDF, 0xC77A, 0xAF57, 0xC7B9, 0xBF98, 0xA757, 0xA757, 0xA757, 0xA757, 0xA757, 0xA757, 0xA757, 0xA757,
    0xEF5C, 0xBDF6, 0xCE78, 0xFFDF, 0xC77A, 0xAF57, 0xC7B9, 0xBF98, 0xA757, 0xA757, 0xA757, 0xA757, 0xA757, 0xA757, 0xA757, 0xA757,
    0xEF5C, 0xBDF6, 0xCE78, 0xFFDF, 0xC77A, 0xAF57, 0xC7B9, 0xBF98, 0xA757, 0xA757, 0xA757, 0xA757, 0xA757, 0xA757, 0xA757, 0xA757,
    0xEF5C, 0xBDF6, 0xCE78, 0xFFDF, 0xC77A, 0xA757, 0xAF78, 0xB798, 0xBF98, 0xAF77, 0xA757, 0xA757, 0xA757, 0xA757, 0xA757, 0xA757,
    0xDEFA, 0xBE15, 0xC656, 0xEF5C, 0xCF5A, 0xAF58, 0xA757, 0xAF78, 0xC7B9, 0xB778, 0xAF57, 0xAF57, 0xAF57, 0xAF57, 0xAF57, 0xAF57,
    0xBE15, 0xA631, 0xAE32, 0xBDF6, 0xD6FA, 0xDF9C, 0xAF58, 0xA757, 0xAF57, 0xB798, 0xC7B9, 0xC7B9, 0xC7B9, 0xC7B9, 0xC7B9, 0xC7B9,
    0xA611, 0x9E6F, 0x9E71, 0xAE35, 0xC698, 0xD6FA, 0xCF5A, 0xB778, 0xA757, 0xAF78, 0xBF98, 0xBF98, 0xBF98, 0xBF98, 0xBF98, 0xBF98,
    0x9E8F, 0x9E8F, 0x9ED2, 0xA757, 0xAE35, 0xBDF6, 0xEF5C, 0xD79B, 0xA757, 0xA757, 0xA757, 0xA757, 0xA757, 0xA757, 0xA757, 0xA757,
    0x9E90, 0x9EF2, 0x9F15, 0xA757, 0xA6D6, 0xAE96, 0xC677, 0xD6D9, 0xD79B, 0xD79B, 0xD79B, 0xD79B, 0xD79B, 0xD79B, 0xD79B, 0xD79B
};

const short poke_mart_interior_tile_275[TILE_SIZE * TILE_SIZE] = {
    0x9F15, 0xA757, 0xA757, 0xA757, 0xA757, 0xA757, 0xB778, 0xCFDA, 0xB778, 0xB758, 0xE7BD, 0xDEDA, 0xB594, 0xDEDA, 0xE7BD, 0xB758,
    0x9F15, 0xA757, 0xA757, 0xA757, 0xA757, 0xA757, 0xB778, 0xCFDA, 0xB778, 0xB758, 0xE7BD, 0xDEDA, 0xB594, 0xDEDA, 0xE7BD, 0xB758,
    0x9F15, 0xA757, 0xA757, 0xA757, 0xA757, 0xA757, 0xB778, 0xCFDA, 0xB778, 0xB758, 0xE7BD, 0xDEDA, 0xB594, 0xDEDA, 0xE7BD, 0xB758,
    0x9F15, 0xA757, 0xA757, 0xA757, 0xA757, 0xA757, 0xB778, 0xCFDA, 0xB778, 0xB758, 0xE7BD, 0xDEDA, 0xB594, 0xDEDA, 0xE7BD, 0xB758,
    0x9F15, 0xA757, 0xA757, 0xA757, 0xA757, 0xA757, 0xB778, 0xCFDA, 0xB778, 0xB758, 0xE7BD, 0xDEDA, 0xB594, 0xDEDA, 0xE7BD, 0xB758,
    0x9F36, 0xA757, 0xA757, 0xA757, 0xA757, 0xA757, 0xB778, 0xCFDA, 0xB778, 0xB758, 0xE7BD, 0xDEDA, 0xB594, 0xDEDA, 0xE7BD, 0xB758,
    0xA757, 0xA757, 0xA757, 0xA757, 0xA757, 0xA757, 0xB778, 0xCFDA, 0xB778, 0xB758, 0xE7BD, 0xDEDA, 0xB594, 0xDEDA, 0xE7BD, 0xB758,
    0xA757, 0xA757, 0xA757, 0xA757, 0xA757, 0xA757, 0xB778, 0xCFDA, 0xB778, 0xB758, 0xE7BD, 0xDEDA, 0xB594, 0xDEDA, 0xE7BD, 0xB758,
    0xA757, 0xA757, 0xA757, 0xA757, 0xA757, 0xA757, 0xB778, 0xCFDA, 0xB778, 0xB758, 0xE7BD, 0xDEDA, 0xB594, 0xDEDA, 0xE7BD, 0xB758,
    0xA757, 0xA757, 0xA757, 0xA757, 0xA757, 0xA757, 0xB778, 0xCFDA, 0xB778, 0xB758, 0xE7BD, 0xDEDA, 0xB594, 0xDEDA, 0xE7BD, 0xB758,
    0xA757, 0xA757, 0xA757, 0xA757, 0xA757, 0xB798, 0xB798, 0xB778, 0xA757, 0xB758, 0xE7BD, 0xDEDA, 0xB594, 0xDEDA, 0xE7BD, 0xB758,
    0xAF57, 0xAF57, 0xAF57, 0xAF57, 0xAF78, 0xBF99, 0xB798, 0xA757, 0xAF58, 0xBF59, 0xDF5C, 0xD6B8, 0xADB3, 0xD6B8, 0xDF5C, 0xBF59,
    0xC7B9, 0xC7B9, 0xC7B9, 0xC7B9, 0xBF99, 0xAF78, 0xA757, 0xA757, 0xCF9A, 0xDF5C, 0xC657, 0xB613, 0x9E50, 0xB613, 0xC657, 0xDF5C,
    0xBF98, 0xBF98, 0xBF98, 0xBF98, 0xB798, 0xA757, 0xAF58, 0xC77A, 0xD71A, 0xD6B8, 0xB613, 0xA630, 0x9E8F, 0xA652, 0xB656, 0xD6B9,
    0xA757, 0xA757, 0xA757, 0xA757, 0xA757, 0xA757, 0xC77A, 0xFFDF, 0xCE78, 0xADB3, 0x9E50, 0x9E8F, 0x9E8F, 0x9EF3, 0xA6F6, 0xADD4,
    0xD79B, 0xD79B, 0xD79B, 0xD79B, 0xD79B, 0xD79B, 0xD71A, 0xCE78, 0xB633, 0xA630, 0x9E6F, 0x9EB0, 0x9EF3, 0x9F35, 0xA736, 0xA6B6
};

const short poke_mart_interior_tile_276[TILE_SIZE * TILE_SIZE] = {
    0xB778, 0xCFDA, 0xB778, 0xA757, 0xA757, 0xA757, 0xA757, 0xA757, 0xA757, 0xA757, 0xA757, 0xA757, 0xA757, 0xA757, 0xA757, 0xA757,
    0xB778, 0xCFDA, 0xB778, 0xA757, 0xA757, 0xA757, 0xA757, 0xA757, 0xA757, 0xA757, 0xA757, 0xA757, 0xA757, 0xA757, 0xA757, 0xA757,
    0xB778, 0xCFDA, 0xB778, 0xA757, 0xA757, 0xA757, 0xA757, 0xA757, 0xA757, 0xA757, 0xA757, 0xA757, 0xA757, 0xA757, 0xA757, 0xA757,
    0xB778, 0xCFDA, 0xB778, 0xA757, 0xA757, 0xA757, 0xA757, 0xA757, 0xA757, 0xA757, 0xA757, 0xA757, 0xA757, 0xA757, 0xA757, 0xA757,
    0xB778, 0xCFDA, 0xB778, 0xA757, 0xA757, 0xA757, 0xA757, 0xA757, 0xA757, 0xA757, 0xA757, 0xA757, 0xA757, 0xA757, 0xA757, 0xA757,
    0xB778, 0xCFDA, 0xB778, 0xA757, 0xA757, 0xA757, 0xA757, 0xA757, 0xA757, 0xA757, 0xA757, 0xA757, 0xA757, 0xA757, 0xA757, 0xA757,
    0xB778, 0xCFDA, 0xB778, 0xA757, 0xA757, 0xA757, 0xA757, 0xA757, 0xA757, 0xA757, 0xA757, 0xA757, 0xA757, 0xA757, 0xA757, 0xA757,
    0xB778, 0xCFDA, 0xB778, 0xA757, 0xA757, 0xA757, 0xA757, 0xA757, 0xA757, 0xA757, 0xA757, 0xA757, 0xA757, 0xA757, 0xA757, 0xA757,
    0xB778, 0xCFDA, 0xB778, 0xA757, 0xA757, 0xA757, 0xA757, 0xA757, 0xA757, 0xA757, 0xA757, 0xA757, 0xA757, 0xA757, 0xA757, 0xA757,
    0xB778, 0xCFDA, 0xB778, 0xA757, 0xA757, 0xA757, 0xA757, 0xA757, 0xA757, 0xA757, 0xA757, 0xA757, 0xA757, 0xA757, 0xA757, 0xA757,
    0xA757, 0xB778, 0xB798, 0xB798, 0xA757, 0xA757, 0xA757, 0xA757, 0xA757, 0xA757, 0xA757, 0xA757, 0xA757, 0xA757, 0xA757, 0xAF77,
    0xAF58, 0xA757, 0xB798, 0xBF99, 0xAF78, 0xAF57, 0xAF57, 0xAF57, 0xAF57, 0xAF57, 0xAF57, 0xAF57, 0xAF57, 0xAF57, 0xAF57, 0xB778,
    0xCF9A, 0xA757, 0xA757, 0xAF78, 0xBF99, 0xC7B9, 0xC7B9, 0xC7B9, 0xC7B9, 0xC7B9, 0xC7B9, 0xC7B9, 0xC7B9, 0xC7B9, 0xC7B9, 0xB798,
    0xD71A, 0xC77A, 0xAF58, 0xA757, 0xB798, 0xBF98, 0xBF98, 0xBF98, 0xBF98, 0xBF98, 0xBF98, 0xBF98, 0xBF98, 0xBF98, 0xBF98, 0xAF78,
    0xCE78, 0xFFDF, 0xC77A, 0xA757, 0xA757, 0xA757, 0xA757, 0xA757, 0xA757, 0xA757, 0xA757, 0xA757, 0xA757, 0xA757, 0xA757, 0xA757,
    0xB696, 0xCE78, 0xD71A, 0xD79B, 0xD79B, 0xD79B, 0xD79B, 0xD79B, 0xD79B, 0xD79B, 0xD79B, 0xD79B, 0xD79B, 0xD79B, 0xD79B, 0xD79B
};

const short poke_mart_interior_tile_277[TILE_SIZE * TILE_SIZE] = {
    0xA757, 0xBF98, 0xC7B9, 0xAF57, 0xC77A, 0xFFDF, 0xCE78, 0xBDF6, 0xEF5C, 0xD79B, 0xA757, 0xBF98, 0xC7B9, 0xAF57, 0xA757, 0xA757,
    0xA757, 0xBF98, 0xC7B9, 0xAF57, 0xC77A, 0xFFDF, 0xCE78, 0xBDF6, 0xEF5C, 0xD79B, 0xA757, 0xBF98, 0xC7B9, 0xAF57, 0xA757, 0xA757,
    0xA757, 0xBF98, 0xC7B9, 0xAF57, 0xC77A, 0xFFDF, 0xCE78, 0xBDF6, 0xEF5C, 0xD79B, 0xA757, 0xBF98, 0xC7B9, 0xAF57, 0xA757, 0xA757,
    0xA757, 0xBF98, 0xC7B9, 0xAF57, 0xC77A, 0xFFDF, 0xCE78, 0xBDF6, 0xEF5C, 0xD79B, 0xA757, 0xBF98, 0xC7B9, 0xAF57, 0xA757, 0xA757,
    0xA757, 0xBF98, 0xC7B9, 0xAF57, 0xC77A, 0xFFDF, 0xCE78, 0xBDF6, 0xEF5C, 0xD79B, 0xA757, 0xBF98, 0xC7B9, 0xAF57, 0xA757, 0xA757,
    0xA757, 0xBF98, 0xC7B9, 0xAF57, 0xC77A, 0xFFDF, 0xCE78, 0xBDF6, 0xEF5C, 0xD79B, 0xA757, 0xBF98, 0xC7B9, 0xAF57, 0xA757, 0xA757,
    0xA757, 0xBF98, 0xC7B9, 0xAF57, 0xC77A, 0xFFDF, 0xCE78, 0xBDF6, 0xEF5C, 0xD79B, 0xA757, 0xBF98, 0xC7B9, 0xAF57, 0xA757, 0xA757,
    0xA757, 0xBF98, 0xC7B9, 0xAF57, 0xC77A, 0xFFDF, 0xCE78, 0xBDF6, 0xEF5C, 0xD79B, 0xA757, 0xBF98, 0xC7B9, 0xAF57, 0xA757, 0xA757,
    0xA757, 0xBF98, 0xC7B9, 0xAF57, 0xC77A, 0xFFDF, 0xCE78, 0xBDF6, 0xEF5C, 0xD79B, 0xA757, 0xBF98, 0xC7B9, 0xAF57, 0xA757, 0xA757,
    0xA757, 0xBF98, 0xC7B9, 0xAF57, 0xC77A, 0xFFDF, 0xCE78, 0xBDF6, 0xEF5C, 0xD79B, 0xA757, 0xBF98, 0xC7B9, 0xAF57, 0xA757, 0xA757,
    0xBF98, 0xB798, 0xAF78, 0xA757, 0xC77A, 0xFFDF, 0xCE78, 0xBDF6, 0xEF5C, 0xD79B, 0xA757, 0xAF77, 0xB778, 0xB798, 0xAF78, 0xA757,
    0xC7B9, 0xAF78, 0xA757, 0xAF58, 0xCF5A, 0xEF5C, 0xC656, 0xBE15, 0xDEFA, 0xD75B, 0xB758, 0xA757, 0xA757, 0xBF98, 0xB798, 0xAF57,
    0xAF57, 0xA757, 0xAF58, 0xDF9C, 0xD6FA, 0xBDF6, 0xAE32, 0xA631, 0xBE15, 0xCEB9, 0xE7BD, 0xBF79, 0xA757, 0xA757, 0xB778, 0xC7B9,
    0xA757, 0xB778, 0xCF5A, 0xD6FA, 0xC677, 0xA5F2, 0x9E50, 0x9E70, 0xA654, 0xBE77, 0xDEDA, 0xCF3A, 0xBF79, 0xA757, 0xAF77, 0xBF98,
    0xA757, 0xD79B, 0xEF5C, 0xBDF6, 0xA5F2, 0x9E8F, 0x9E8F, 0x9EB0, 0x9F15, 0xA695, 0xB594, 0xDEDA, 0xE7BD, 0xB758, 0xA757, 0xA757,
    0xD79B, 0xD6D9, 0xC656, 0xAE32, 0x9E50, 0x9E8F, 0x9ED1, 0x9F14, 0x9F36, 0xA6F6, 0xA695, 0xBE77, 0xCEB9, 0xD75B, 0xD79B, 0xD79B
};

const short poke_mart_interior_tile_278[TILE_SIZE * TILE_SIZE] = {
    0x9F15, 0x9EF2, 0x9E90, 0x9E8F, 0x9E8F, 0x9E8F, 0x9E8F, 0x9E8F, 0x9E8F, 0x9E8F, 0x9E8F, 0x9E8F, 0xAEB0, 0xA6B0, 0x9E8F, 0xBEB5,
    0xA757, 0x9F35, 0x9ED1, 0x9E90, 0x9E8F, 0x9E8F, 0x9E8F, 0x9E8F, 0x9E8F, 0x9E8F, 0x9E8F, 0x9E8F, 0xAEB0, 0xA6B0, 0x9E8F, 0xBEB5,
    0xA757, 0xA736, 0x9F35, 0x9EF2, 0x9E8F, 0x9E8F, 0x9E8F, 0x9E8F, 0x9E8F, 0x9E8F, 0x9E8F, 0x9E8F, 0xAEB0, 0xA6B0, 0x9E8F, 0xBEB5,
    0xA757, 0xA757, 0xA757, 0x9F15, 0x9ED2, 0x9EB0, 0x9E8F, 0x9E8F, 0x9E8F, 0x9E8F, 0x9E8F, 0x9E8F, 0xAEB0, 0xA6B0, 0x9E8F, 0xBEB5,
    0xA757, 0xA757, 0xA757, 0xA757, 0xA757, 0x9ED2, 0x9E8F, 0x9E8F, 0x9E8F, 0x9E8F, 0x9E8F, 0x9E8F, 0xAEB0, 0xA6B0, 0x9E8F, 0xBEB5,
    0xA757, 0xA757, 0xA757, 0xA757, 0xA757, 0x9F15, 0x9EF3, 0x9EF3, 0x9EF3, 0x9EF3, 0x9EF3, 0xA714, 0xBF55, 0xB735, 0x9EF3, 0xCF39,
    0xA757, 0xA757, 0xA757, 0xA757, 0xA757, 0xA757, 0xA757, 0xA757, 0xA757, 0xA757, 0xA757, 0xAF57, 0xC7B9, 0xBF98, 0xA757, 0xB6B8,
    0xA757, 0xA757, 0xA757, 0xA757, 0xA757, 0xA757, 0xA757, 0xA757, 0xA757, 0xA757, 0xA757, 0xAF57, 0xC7B9, 0xBF98, 0xA757, 0x5BCC,
    0xA757, 0xA757, 0xA757, 0xA757, 0xA757, 0xA757, 0xA757, 0xA757, 0xA757, 0xA757, 0xA757, 0xAF57, 0xC7B9, 0x9E75, 0x646D, 0x21C5,
    0xA757, 0xA757, 0xA757, 0xA757, 0xA757, 0xA757, 0xA757, 0xA757, 0xA757, 0xA757, 0xA757, 0xAF57, 0xC7B9, 0x7CAF, 0x0000, 0x0000,
    0xA757, 0xA757, 0xA757, 0xA757, 0xA757, 0xA757, 0xA757, 0xA757, 0xA757, 0xA757, 0xAF78, 0xA6B5, 0x63ED, 0x31C6, 0x0000, 0x0000,
    0xAF57, 0xAF57, 0xAF57, 0xAF57, 0xAF57, 0xAF57, 0xAF57, 0xAF57, 0xAF57, 0xAF57, 0xA6B5, 0x84F0, 0x2144, 0x0000, 0x0000, 0x0000,
    0xC7B9, 0xC7B9, 0xC7B9, 0xC7B9, 0xC7B9, 0xC7B9, 0xC7B9, 0xC7B9, 0xC7B9, 0xC7B9, 0x63ED, 0x2144, 0x0841, 0x0000, 0x0000, 0x0000,
    0xBF98, 0xBF98, 0xBF98, 0xBF98, 0xBF98, 0xBF98, 0xBF98, 0xBF98, 0x9E75, 0x7CAF, 0x31C6, 0x0000, 0x0000, 0x0000, 0x0000, 0x0000,
    0xA757, 0xA757, 0xA757, 0xA757, 0xA757, 0xA757, 0xA757, 0xA757, 0x646D, 0x0000, 0x0000, 0x0000, 0x0000, 0x0000, 0x0000, 0x0000,
    0xD79B, 0xD79B, 0xD79B, 0xD79B, 0xD79B, 0xD79B, 0xB6B8, 0x5BCC, 0x21C5, 0x0000, 0x0000, 0x0000, 0x0000, 0x0000, 0x0000, 0x0000
};

const short poke_mart_interior_tile_279[TILE_SIZE * TILE_SIZE] = {
    0xC658, 0x94D2, 0x528A, 0x0000, 0x0000, 0x0000, 0x0000, 0x0000, 0x0000, 0x0000, 0x0000, 0x0000, 0x0000, 0x0000, 0x0000, 0x0000,
    0xC658, 0x94D2, 0x528A, 0x0000, 0x0000, 0x0000, 0x0000, 0x0000, 0x0000, 0x0000, 0x0000, 0x0000, 0x0000, 0x0000, 0x0000, 0x0000,
    0xC658, 0x94D2, 0x528A, 0x0000, 0x0000, 0x0000, 0x0000, 0x0000, 0x0000, 0x0000, 0x0000, 0x0000, 0x0000, 0x0000, 0x0000, 0x0000,
    0xC658, 0x94D2, 0x528A, 0x0000, 0x0000, 0x0000, 0x0000, 0x0000, 0x0000, 0x0000, 0x0000, 0x0000, 0x0000, 0x0000, 0x0000, 0x0000,
    0xC658, 0x94D2, 0x528A, 0x0000, 0x0000, 0x0000, 0x0000, 0x0000, 0x0000, 0x0000, 0x0000, 0x0000, 0x0000, 0x0000, 0x0000, 0x0000,
    0xC638, 0x5ACB, 0x2104, 0x0000, 0x0000, 0x0000, 0x0000, 0x0000, 0x0000, 0x0000, 0x0000, 0x0000, 0x0000, 0x0000, 0x0000, 0x0000,
    0x9CF3, 0x2945, 0x0000, 0x0000, 0x0000, 0x0000, 0x0000, 0x0000, 0x0000, 0x0000, 0x0000, 0x0000, 0x0000, 0x0000, 0x0000, 0x0000,
    0x2945, 0x0841, 0x0000, 0x0000, 0x0000, 0x0000, 0x0000, 0x0000, 0x0000, 0x0000, 0x0000, 0x0000, 0x0000, 0x0000, 0x0000, 0x0000,
    0x0000, 0x0000, 0x0000, 0x0000, 0x0000, 0x0000, 0x0000, 0x0000, 0x0000, 0x0000, 0x0000, 0x0000, 0x0000, 0x0000, 0x0000, 0x0000,
    0x0000, 0x0000, 0x0000, 0x0000, 0x0000, 0x0000, 0x0000, 0x0000, 0x0000, 0x0000, 0x0000, 0x0000, 0x0000, 0x0000, 0x0000, 0x0000,
    0x0000, 0x0000, 0x0000, 0x0000, 0x0000, 0x0000, 0x0000, 0x0000, 0x0000, 0x0000, 0x0000, 0x0000, 0x0000, 0x0000, 0x0000, 0x0000,
    0x0000, 0x0000, 0x0000, 0x0000, 0x0000, 0x0000, 0x0000, 0x0000, 0x0000, 0x0000, 0x0000, 0x0000, 0x0000, 0x0000, 0x0000, 0x0000,
    0x0000, 0x0000, 0x0000, 0x0000, 0x0000, 0x0000, 0x0000, 0x0000, 0x0000, 0x0000, 0x0000, 0x0000, 0x0000, 0x0000, 0x0000, 0x0000,
    0x0000, 0x0000, 0x0000, 0x0000, 0x0000, 0x0000, 0x0000, 0x0000, 0x0000, 0x0000, 0x0000, 0x0000, 0x0000, 0x0000, 0x0000, 0x0000,
    0x0000, 0x0000, 0x0000, 0x0000, 0x0000, 0x0000, 0x0000, 0x0000, 0x0000, 0x0000, 0x0000, 0x0000, 0x0000, 0x0000, 0x0000, 0x0000,
    0x0000, 0x0000, 0x0000, 0x0000, 0x0000, 0x0000, 0x0000, 0x0000, 0x0000, 0x0000, 0x0000, 0x0000, 0x0000, 0x0000, 0x0000, 0x0000
};

const short poke_mart_interior_tile_280[TILE_SIZE * TILE_SIZE] = {
    0x0000, 0x0000, 0x0000, 0x0000, 0x0000, 0x0000, 0x0000, 0x0000, 0x0000, 0x0000, 0x0000, 0x0000, 0x0000, 0x0000, 0x0000, 0x0000,
    0x0000, 0x0000, 0x0000, 0x0000, 0x0000, 0x0000, 0x0000, 0x0000, 0x0000, 0x0000, 0x0000, 0x0000, 0x0000, 0x0000, 0x0000, 0x0000,
    0x0000, 0x0000, 0x0000, 0x0000, 0x0000, 0x0000, 0x0000, 0x0000, 0x0000, 0x0000, 0x0000, 0x0000, 0x0000, 0x0000, 0x0000, 0x0000,
    0x0000, 0x0000, 0x0000, 0x0000, 0x0000, 0x0000, 0x0000, 0x0000, 0x0000, 0x0000, 0x0000, 0x0000, 0x0000, 0x0000, 0x0000, 0x0000,
    0x0000, 0x0000, 0x0000, 0x0000, 0x0000, 0x0000, 0x0000, 0x0000, 0x0000, 0x0000, 0x0000, 0x0000, 0x0000, 0x0000, 0x0000, 0x0000,
    0x0000, 0x0000, 0x0000, 0x0000, 0x0000, 0x0000, 0x0000, 0x0000, 0x0000, 0x0000, 0x0000, 0x0000, 0x0000, 0x0000, 0x0000, 0x0000,
    0x0000, 0x0000, 0x0000, 0x0000, 0x0000, 0x0000, 0x0000, 0x0000, 0x0000, 0x0000, 0x0000, 0x0000, 0x0000, 0x0000, 0x0000, 0x0000,
    0x0000, 0x0000, 0x0000, 0x0000, 0x0000, 0x0000, 0x0000, 0x0000, 0x0000, 0x0000, 0x0000, 0x0000, 0x0000, 0x0000, 0x0000, 0x0000,
    0x0000, 0x0000, 0x0000, 0x0000, 0x0000, 0x0000, 0x0000, 0x0000, 0x0000, 0x0000, 0x0000, 0x0000, 0x0000, 0x0000, 0x0000, 0x0000,
    0x0000, 0x0000, 0x0000, 0x0000, 0x0000, 0x0000, 0x0000, 0x0000, 0x0000, 0x0000, 0x0000, 0x0000, 0x0000, 0x0000, 0x0000, 0x0000,
    0x0000, 0x0000, 0x0000, 0x0000, 0x0000, 0x0000, 0x0000, 0x0000, 0x0000, 0x0000, 0x0000, 0x0000, 0x0000, 0x0000, 0x0000, 0x0000,
    0x0000, 0x0000, 0x0000, 0x0000, 0x0000, 0x0000, 0x0000, 0x0000, 0x0000, 0x0000, 0x0000, 0x0000, 0x0000, 0x0000, 0x0000, 0x0000,
    0x0000, 0x0000, 0x0000, 0x0000, 0x0000, 0x0000, 0x0000, 0x0000, 0x0000, 0x0000, 0x0000, 0x0000, 0x0000, 0x0000, 0x0000, 0x0000,
    0x0000, 0x0000, 0x0000, 0x0000, 0x0000, 0x0000, 0x0000, 0x0000, 0x0000, 0x0000, 0x0000, 0x0000, 0x0000, 0x0000, 0x0000, 0x0000,
    0x0000, 0x0000, 0x0000, 0x0000, 0x0000, 0x0000, 0x0000, 0x0000, 0x0000, 0x0000, 0x0000, 0x0000, 0x0000, 0x0000, 0x0000, 0x0000,
    0x0000, 0x0000, 0x0000, 0x0000, 0x0000, 0x0000, 0x0000, 0x0000, 0x0000, 0x0000, 0x0000, 0x0000, 0x0000, 0x0000, 0x0000, 0x0000
};

const short poke_mart_interior_tile_281[TILE_SIZE * TILE_SIZE] = {
    0x0000, 0x0000, 0x0000, 0x0000, 0x0000, 0x0000, 0x0000, 0x0000, 0x2104, 0x8450, 0xB5D6, 0xC658, 0xC658, 0xC658, 0xC658, 0xC658,
    0x0000, 0x0000, 0x0000, 0x0000, 0x0000, 0x0000, 0x0000, 0x0000, 0x0841, 0x2104, 0x52AA, 0x94D2, 0x94D2, 0x94D2, 0x94D2, 0x94D2,
    0x0000, 0x0000, 0x0000, 0x0000, 0x0000, 0x0000, 0x0000, 0x0000, 0x0000, 0x0000, 0x2104, 0x528A, 0x528A, 0x528A, 0x528A, 0x528A,
    0x0000, 0x0000, 0x0000, 0x0000, 0x0000, 0x0000, 0x0000, 0x0000, 0x0000, 0x0000, 0x0000, 0x0000, 0x0000, 0x0000, 0x0000, 0x0000,
    0x0000, 0x0000, 0x0000, 0x0000, 0x0000, 0x0000, 0x0000, 0x0000, 0x0000, 0x0000, 0x0000, 0x0000, 0x0000, 0x0000, 0x0000, 0x0000,
    0x0000, 0x0000, 0x0000, 0x0000, 0x0000, 0x0000, 0x0000, 0x0000, 0x0000, 0x0000, 0x0000, 0x0000, 0x0000, 0x0000, 0x0000, 0x0000,
    0x0000, 0x0000, 0x0000, 0x0000, 0x0000, 0x0000, 0x0000, 0x0000, 0x0000, 0x0000, 0x0000, 0x0000, 0x0000, 0x0000, 0x0000, 0x0000,
    0x0000, 0x0000, 0x0000, 0x0000, 0x0000, 0x0000, 0x0000, 0x0000, 0x0000, 0x0000, 0x0000, 0x0000, 0x0000, 0x0000, 0x0000, 0x0000,
    0x0000, 0x0000, 0x0000, 0x0000, 0x0000, 0x0000, 0x0000, 0x0000, 0x0000, 0x0000, 0x0000, 0x0000, 0x0000, 0x0000, 0x0000, 0x0000,
    0x0000, 0x0000, 0x0000, 0x0000, 0x0000, 0x0000, 0x0000, 0x0000, 0x0000, 0x0000, 0x0000, 0x0000, 0x0000, 0x0000, 0x0000, 0x0000,
    0x0000, 0x0000, 0x0000, 0x0000, 0x0000, 0x0000, 0x0000, 0x0000, 0x0000, 0x0000, 0x0000, 0x0000, 0x0000, 0x0000, 0x0000, 0x0000,
    0x0000, 0x0000, 0x0000, 0x0000, 0x0000, 0x0000, 0x0000, 0x0000, 0x0000, 0x0000, 0x0000, 0x0000, 0x0000, 0x0000, 0x0000, 0x0000,
    0x0000, 0x0000, 0x0000, 0x0000, 0x0000, 0x0000, 0x0000, 0x0000, 0x0000, 0x0000, 0x0000, 0x0000, 0x0000, 0x0000, 0x0000, 0x0000,
    0x0000, 0x0000, 0x0000, 0x0000, 0x0000, 0x0000, 0x0000, 0x0000, 0x0000, 0x0000, 0x0000, 0x0000, 0x0000, 0x0000, 0x0000, 0x0000,
    0x0000, 0x0000, 0x0000, 0x0000, 0x0000, 0x0000, 0x0000, 0x0000, 0x0000, 0x0000, 0x0000, 0x0000, 0x0000, 0x0000, 0x0000, 0x0000,
    0x0000, 0x0000, 0x0000, 0x0000, 0x0000, 0x0000, 0x0000, 0x0000, 0x0000, 0x0000, 0x0000, 0x0000, 0x0000, 0x0000, 0x0000, 0x0000
};

const short poke_mart_interior_tile_282[TILE_SIZE * TILE_SIZE] = {
    0xC658, 0xA553, 0x8D10, 0x962F, 0x9E8F, 0x9E8F, 0x9E8F, 0x9EB0, 0x9F15, 0xA757, 0xA757, 0xAE75, 0xBE36, 0xDF1B, 0xEF5C, 0xEF5C,
    0x94D2, 0x9590, 0x962F, 0x966F, 0x9E8F, 0x9E8F, 0x9E8F, 0x9EB0, 0x9F15, 0xA757, 0xA757, 0xA716, 0xAEB6, 0xBE36, 0xBDF6, 0xBDF6,
    0x528A, 0x5B69, 0x5BE9, 0x5BE9, 0x5BE9, 0x5BE9, 0x5BE9, 0x5C0A, 0x5C4C, 0x646D, 0x646D, 0x646D, 0x642D, 0x6B8C, 0x6B4C, 0x6B4C,
    0x0000, 0x0000, 0x0000, 0x0000, 0x0000, 0x0000, 0x0000, 0x0000, 0x0000, 0x0000, 0x0000, 0x0000, 0x0000, 0x0000, 0x0000, 0x0000,
    0x0000, 0x0000, 0x0000, 0x0000, 0x0000, 0x0000, 0x0000, 0x0000, 0x0000, 0x0000, 0x0000, 0x0000, 0x0000, 0x0000, 0x0000, 0x0000,
    0x0000, 0x0000, 0x0000, 0x0000, 0x0000, 0x0000, 0x0000, 0x0000, 0x0000, 0x0000, 0x0000, 0x0000, 0x0000, 0x0000, 0x0000, 0x0000,
    0x0000, 0x0000, 0x0000, 0x0000, 0x0000, 0x0000, 0x0000, 0x0000, 0x0000, 0x0000, 0x0000, 0x0000, 0x0000, 0x0000, 0x0000, 0x0000,
    0x0000, 0x0000, 0x0000, 0x0000, 0x0000, 0x0000, 0x0000, 0x0000, 0x0000, 0x0000, 0x0000, 0x0000, 0x0000, 0x0000, 0x0000, 0x0000,
    0x0000, 0x0000, 0x0000, 0x0000, 0x0000, 0x0000, 0x0000, 0x0000, 0x0000, 0x0000, 0x0000, 0x0000, 0x0000, 0x0000, 0x0000, 0x0000,
    0x0000, 0x0000, 0x0000, 0x0000, 0x0000, 0x0000, 0x0000, 0x0000, 0x0000, 0x0000, 0x0000, 0x0000, 0x0000, 0x0000, 0x0000, 0x0000,
    0x0000, 0x0000, 0x0000, 0x0000, 0x0000, 0x0000, 0x0000, 0x0000, 0x0000, 0x0000, 0x0000, 0x0000, 0x0000, 0x0000, 0x0000, 0x0000,
    0x0000, 0x0000, 0x0000, 0x0000, 0x0000, 0x0000, 0x0000, 0x0000, 0x0000, 0x0000, 0x0000, 0x0000, 0x0000, 0x0000, 0x0000, 0x0000,
    0x0000, 0x0000, 0x0000, 0x0000, 0x0000, 0x0000, 0x0000, 0x0000, 0x0000, 0x0000, 0x0000, 0x0000, 0x0000, 0x0000, 0x0000, 0x0000,
    0x0000, 0x0000, 0x0000, 0x0000, 0x0000, 0x0000, 0x0000, 0x0000, 0x0000, 0x0000, 0x0000, 0x0000, 0x0000, 0x0000, 0x0000, 0x0000,
    0x0000, 0x0000, 0x0000, 0x0000, 0x0000, 0x0000, 0x0000, 0x0000, 0x0000, 0x0000, 0x0000, 0x0000, 0x0000, 0x0000, 0x0000, 0x0000,
    0x0000, 0x0000, 0x0000, 0x0000, 0x0000, 0x0000, 0x0000, 0x0000, 0x0000, 0x0000, 0x0000, 0x0000, 0x0000, 0x0000, 0x0000, 0x0000
};

const short poke_mart_interior_tile_283[TILE_SIZE * TILE_SIZE] = {
    0xEF5C, 0xEF5C, 0xEF5C, 0xEF5C, 0xEF5C, 0xEF5C, 0xEF5C, 0xEF5C, 0xEF5C, 0xEF5C, 0xEF5C, 0xDEFA, 0xBE15, 0xA611, 0x9E8F, 0x9E90,
    0xBDF6, 0xBDF6, 0xBDF6, 0xBDF6, 0xBDF6, 0xBDF6, 0xBDF6, 0xBDF6, 0xBDF6, 0xBDF6, 0xBDF6, 0xBE15, 0xA631, 0x9E6F, 0x9E8F, 0x9EF2,
    0x6B4C, 0x6B4C, 0x6B4C, 0x6B4C, 0x6B4C, 0x6B4C, 0x6B4C, 0x6B4C, 0x6B4C, 0x6B4C, 0x6B4C, 0x636B, 0x5BC9, 0x5BE9, 0x5BE9, 0x5C2B,
    0x0000, 0x0000, 0x0000, 0x0000, 0x0000, 0x0000, 0x0000, 0x0000, 0x0000, 0x0000, 0x0000, 0x0000, 0x0000, 0x0000, 0x0000, 0x0000,
    0x0000, 0x0000, 0x0000, 0x0000, 0x0000, 0x0000, 0x0000, 0x0000, 0x0000, 0x0000, 0x0000, 0x0000, 0x0000, 0x0000, 0x0000, 0x0000,
    0x0000, 0x0000, 0x0000, 0x0000, 0x0000, 0x0000, 0x0000, 0x0000, 0x0000, 0x0000, 0x0000, 0x0000, 0x0000, 0x0000, 0x0000, 0x0000,
    0x0000, 0x0000, 0x0000, 0x0000, 0x0000, 0x0000, 0x0000, 0x0000, 0x0000, 0x0000, 0x0000, 0x0000, 0x0000, 0x0000, 0x0000, 0x0000,
    0x0000, 0x0000, 0x0000, 0x0000, 0x0000, 0x0000, 0x0000, 0x0000, 0x0000, 0x0000, 0x0000, 0x0000, 0x0000, 0x0000, 0x0000, 0x0000,
    0x0000, 0x0000, 0x0000, 0x0000, 0x0000, 0x0000, 0x0000, 0x0000, 0x0000, 0x0000, 0x0000, 0x0000, 0x0000, 0x0000, 0x0000, 0x0000,
    0x0000, 0x0000, 0x0000, 0x0000, 0x0000, 0x0000, 0x0000, 0x0000, 0x0000, 0x0000, 0x0000, 0x0000, 0x0000, 0x0000, 0x0000, 0x0000,
    0x0000, 0x0000, 0x0000, 0x0000, 0x0000, 0x0000, 0x0000, 0x0000, 0x0000, 0x0000, 0x0000, 0x0000, 0x0000, 0x0000, 0x0000, 0x0000,
    0x0000, 0x0000, 0x0000, 0x0000, 0x0000, 0x0000, 0x0000, 0x0000, 0x0000, 0x0000, 0x0000, 0x0000, 0x0000, 0x0000, 0x0000, 0x0000,
    0x0000, 0x0000, 0x0000, 0x0000, 0x0000, 0x0000, 0x0000, 0x0000, 0x0000, 0x0000, 0x0000, 0x0000, 0x0000, 0x0000, 0x0000, 0x0000,
    0x0000, 0x0000, 0x0000, 0x0000, 0x0000, 0x0000, 0x0000, 0x0000, 0x0000, 0x0000, 0x0000, 0x0000, 0x0000, 0x0000, 0x0000, 0x0000,
    0x0000, 0x0000, 0x0000, 0x0000, 0x0000, 0x0000, 0x0000, 0x0000, 0x0000, 0x0000, 0x0000, 0x0000, 0x0000, 0x0000, 0x0000, 0x0000,
    0x0000, 0x0000, 0x0000, 0x0000, 0x0000, 0x0000, 0x0000, 0x0000, 0x0000, 0x0000, 0x0000, 0x0000, 0x0000, 0x0000, 0x0000, 0x0000
};

const short poke_mart_interior_tile_284[TILE_SIZE * TILE_SIZE] = {
    0x9ED1, 0x9F35, 0xA757, 0xA757, 0xA757, 0xA6F6, 0xAE35, 0xC677, 0xEF5C, 0xEF5C, 0xEF5C, 0xEF5C, 0xEF5C, 0xEF5C, 0xEF5C, 0xEF5C,
    0x9F35, 0xA736, 0xA757, 0xA757, 0xA757, 0xA736, 0xA6F6, 0xAE96, 0xBDF6, 0xBDF6, 0xBDF6, 0xBDF6, 0xBDF6, 0xBDF6, 0xBDF6, 0xBDF6,
    0x646D, 0x646D, 0x646D, 0x646D, 0x646D, 0x646D, 0x646D, 0x63ED, 0x6B4C, 0x6B4C, 0x6B4C, 0x6B4C, 0x6B4C, 0x6B4C, 0x6B4C, 0x6B4C,
    0x0000, 0x0000, 0x0000, 0x0000, 0x0000, 0x0000, 0x0000, 0x0000, 0x0000, 0x0000, 0x0000, 0x0000, 0x0000, 0x0000, 0x0000, 0x0000,
    0x0000, 0x0000, 0x0000, 0x0000, 0x0000, 0x0000, 0x0000, 0x0000, 0x0000, 0x0000, 0x0000, 0x0000, 0x0000, 0x0000, 0x0000, 0x0000,
    0x0000, 0x0000, 0x0000, 0x0000, 0x0000, 0x0000, 0x0000, 0x0000, 0x0000, 0x0000, 0x0000, 0x0000, 0x0000, 0x0000, 0x0000, 0x0000,
    0x0000, 0x0000, 0x0000, 0x0000, 0x0000, 0x0000, 0x0000, 0x0000, 0x0000, 0x0000, 0x0000, 0x0000, 0x0000, 0x0000, 0x0000, 0x0000,
    0x0000, 0x0000, 0x0000, 0x0000, 0x0000, 0x0000, 0x0000, 0x0000, 0x0000, 0x0000, 0x0000, 0x0000, 0x0000, 0x0000, 0x0000, 0x0000,
    0x0000, 0x0000, 0x0000, 0x0000, 0x0000, 0x0000, 0x0000, 0x0000, 0x0000, 0x0000, 0x0000, 0x0000, 0x0000, 0x0000, 0x0000, 0x0000,
    0x0000, 0x0000, 0x0000, 0x0000, 0x0000, 0x0000, 0x0000, 0x0000, 0x0000, 0x0000, 0x0000, 0x0000, 0x0000, 0x0000, 0x0000, 0x0000,
    0x0000, 0x0000, 0x0000, 0x0000, 0x0000, 0x0000, 0x0000, 0x0000, 0x0000, 0x0000, 0x0000, 0x0000, 0x0000, 0x0000, 0x0000, 0x0000,
    0x0000, 0x0000, 0x0000, 0x0000, 0x0000, 0x0000, 0x0000, 0x0000, 0x0000, 0x0000, 0x0000, 0x0000, 0x0000, 0x0000, 0x0000, 0x0000,
    0x0000, 0x0000, 0x0000, 0x0000, 0x0000, 0x0000, 0x0000, 0x0000, 0x0000, 0x0000, 0x0000, 0x0000, 0x0000, 0x0000, 0x0000, 0x0000,
    0x0000, 0x0000, 0x0000, 0x0000, 0x0000, 0x0000, 0x0000, 0x0000, 0x0000, 0x0000, 0x0000, 0x0000, 0x0000, 0x0000, 0x0000, 0x0000,
    0x0000, 0x0000, 0x0000, 0x0000, 0x0000, 0x0000, 0x0000, 0x0000, 0x0000, 0x0000, 0x0000, 0x0000, 0x0000, 0x0000, 0x0000, 0x0000,
    0x0000, 0x0000, 0x0000, 0x0000, 0x0000, 0x0000, 0x0000, 0x0000, 0x0000, 0x0000, 0x0000, 0x0000, 0x0000, 0x0000, 0x0000, 0x0000
};

const short poke_mart_interior_tile_285[TILE_SIZE * TILE_SIZE] = {
    0xEF5C, 0xEF5C, 0xEF5C, 0xEF5C, 0xEF5C, 0xEF5C, 0xD6B8, 0xADB3, 0xA630, 0x9E8F, 0x9EB0, 0x9EF3, 0xA757, 0x7471, 0x6A8B, 0xBAC8,
    0xBDF6, 0xBDF6, 0xBDF6, 0xBDF6, 0xBDF6, 0xBDF6, 0xB613, 0x9E50, 0x9E6F, 0x9EB0, 0x9EF4, 0x9F36, 0xA757, 0x7471, 0x528C, 0x6A8B,
    0x6B4C, 0x6B4C, 0x6B4C, 0x6B4C, 0x6B4C, 0x6B4C, 0x638A, 0x5BE9, 0x5BE9, 0x5C0A, 0x5C4C, 0x646D, 0x646D, 0x42AA, 0x3187, 0x3187,
    0x0000, 0x0000, 0x0000, 0x0000, 0x0000, 0x0000, 0x0000, 0x0000, 0x0000, 0x0000, 0x0000, 0x0000, 0x0000, 0x0000, 0x0000, 0x0000,
    0x0000, 0x0000, 0x0000, 0x0000, 0x0000, 0x0000, 0x0000, 0x0000, 0x0000, 0x0000, 0x0000, 0x0000, 0x0000, 0x0000, 0x0000, 0x0000,
    0x0000, 0x0000, 0x0000, 0x0000, 0x0000, 0x0000, 0x0000, 0x0000, 0x0000, 0x0000, 0x0000, 0x0000, 0x0000, 0x0000, 0x0000, 0x0000,
    0x0000, 0x0000, 0x0000, 0x0000, 0x0000, 0x0000, 0x0000, 0x0000, 0x0000, 0x0000, 0x0000, 0x0000, 0x0000, 0x0000, 0x0000, 0x0000,
    0x0000, 0x0000, 0x0000, 0x0000, 0x0000, 0x0000, 0x0000, 0x0000, 0x0000, 0x0000, 0x0000, 0x0000, 0x0000, 0x0000, 0x0000, 0x0000,
    0x0000, 0x0000, 0x0000, 0x0000, 0x0000, 0x0000, 0x0000, 0x0000, 0x0000, 0x0000, 0x0000, 0x0000, 0x0000, 0x0000, 0x0000, 0x0000,
    0x0000, 0x0000, 0x0000, 0x0000, 0x0000, 0x0000, 0x0000, 0x0000, 0x0000, 0x0000, 0x0000, 0x0000, 0x0000, 0x0000, 0x0000, 0x0000,
    0x0000, 0x0000, 0x0000, 0x0000, 0x0000, 0x0000, 0x0000, 0x0000, 0x0000, 0x0000, 0x0000, 0x0000, 0x0000, 0x0000, 0x0000, 0x0000,
    0x0000, 0x0000, 0x0000, 0x0000, 0x0000, 0x0000, 0x0000, 0x0000, 0x0000, 0x0000, 0x0000, 0x0000, 0x0000, 0x0000, 0x0000, 0x0000,
    0x0000, 0x0000, 0x0000, 0x0000, 0x0000, 0x0000, 0x0000, 0x0000, 0x0000, 0x0000, 0x0000, 0x0000, 0x0000, 0x0000, 0x0000, 0x0000,
    0x0000, 0x0000, 0x0000, 0x0000, 0x0000, 0x0000, 0x0000, 0x0000, 0x0000, 0x0000, 0x0000, 0x0000, 0x0000, 0x0000, 0x0000, 0x0000,
    0x0000, 0x0000, 0x0000, 0x0000, 0x0000, 0x0000, 0x0000, 0x0000, 0x0000, 0x0000, 0x0000, 0x0000, 0x0000, 0x0000, 0x0000, 0x0000,
    0x0000, 0x0000, 0x0000, 0x0000, 0x0000, 0x0000, 0x0000, 0x0000, 0x0000, 0x0000, 0x0000, 0x0000, 0x0000, 0x0000, 0x0000, 0x0000
};

const short poke_mart_interior_tile_286[TILE_SIZE * TILE_SIZE] = {
    0xD2E7, 0xD2E7, 0xD2E7, 0xD2E7, 0xD2E7, 0xD2E7, 0xD2E7, 0xD2E7, 0xD2E7, 0xD2E7, 0xD2E7, 0xD2E7, 0xD2E7, 0xD2E7, 0xD2E7, 0xD2E7,
    0x728B, 0x728B, 0x728B, 0x728B, 0x728B, 0x728B, 0x728B, 0x728B, 0x728B, 0x728B, 0x728B, 0x728B, 0x728B, 0x728B, 0x728B, 0x728B,
    0x3187, 0x3187, 0x3187, 0x3187, 0x3187, 0x3187, 0x3187, 0x3187, 0x3187, 0x3187, 0x3187, 0x3187, 0x3187, 0x3187, 0x3187, 0x3187,
    0x0000, 0x0000, 0x0000, 0x0000, 0x0000, 0x0000, 0x0000, 0x0000, 0x0000, 0x0000, 0x0000, 0x0000, 0x0000, 0x0000, 0x0000, 0x0000,
    0x0000, 0x0000, 0x0000, 0x0000, 0x0000, 0x0000, 0x0000, 0x0000, 0x0000, 0x0000, 0x0000, 0x0000, 0x0000, 0x0000, 0x0000, 0x0000,
    0x0000, 0x0000, 0x0000, 0x0000, 0x0000, 0x0000, 0x0000, 0x0000, 0x0000, 0x0000, 0x0000, 0x0000, 0x0000, 0x0000, 0x0000, 0x0000,
    0x0000, 0x0000, 0x0000, 0x0000, 0x0000, 0x0000, 0x0000, 0x0000, 0x0000, 0x0000, 0x0000, 0x0000, 0x0000, 0x0000, 0x0000, 0x0000,
    0x0000, 0x0000, 0x0000, 0x0000, 0x0000, 0x0000, 0x0000, 0x0000, 0x0000, 0x0000, 0x0000, 0x0000, 0x0000, 0x0000, 0x0000, 0x0000,
    0x0000, 0x0000, 0x0000, 0x0000, 0x0000, 0x0000, 0x0000, 0x0000, 0x0000, 0x0000, 0x0000, 0x0000, 0x0000, 0x0000, 0x0000, 0x0000,
    0x0000, 0x0000, 0x0000, 0x0000, 0x0000, 0x0000, 0x0000, 0x0000, 0x0000, 0x0000, 0x0000, 0x0000, 0x0000, 0x0000, 0x0000, 0x0000,
    0x0000, 0x0000, 0x0000, 0x0000, 0x0000, 0x0000, 0x0000, 0x0000, 0x0000, 0x0000, 0x0000, 0x0000, 0x0000, 0x0000, 0x0000, 0x0000,
    0x0000, 0x0000, 0x0000, 0x0000, 0x0000, 0x0000, 0x0000, 0x0000, 0x0000, 0x0000, 0x0000, 0x0000, 0x0000, 0x0000, 0x0000, 0x0000,
    0x0000, 0x0000, 0x0000, 0x0000, 0x0000, 0x0000, 0x0000, 0x0000, 0x0000, 0x0000, 0x0000, 0x0000, 0x0000, 0x0000, 0x0000, 0x0000,
    0x0000, 0x0000, 0x0000, 0x0000, 0x0000, 0x0000, 0x0000, 0x0000, 0x0000, 0x0000, 0x0000, 0x0000, 0x0000, 0x0000, 0x0000, 0x0000,
    0x0000, 0x0000, 0x0000, 0x0000, 0x0000, 0x0000, 0x0000, 0x0000, 0x0000, 0x0000, 0x0000, 0x0000, 0x0000, 0x0000, 0x0000, 0x0000,
    0x0000, 0x0000, 0x0000, 0x0000, 0x0000, 0x0000, 0x0000, 0x0000, 0x0000, 0x0000, 0x0000, 0x0000, 0x0000, 0x0000, 0x0000, 0x0000
};

const short poke_mart_interior_tile_287[TILE_SIZE * TILE_SIZE] = {
    0xD2E7, 0xD2E7, 0xD2E7, 0xD2E7, 0xD2E7, 0xD2E7, 0xD2E7, 0xD2E7, 0xD2E7, 0xD2E7, 0xD2E7, 0xD2E7, 0xD2E7, 0xD2E7, 0xD2E7, 0xD2E7,
    0x728B, 0x728B, 0x728B, 0x728B, 0x728B, 0x728B, 0x728B, 0x728B, 0x728B, 0x728B, 0x728B, 0x728B, 0x728B, 0x728B, 0x728B, 0x728B,
    0x3187, 0x3187, 0x3187, 0x3187, 0x3187, 0x3187, 0x3187, 0x3187, 0x3187, 0x3187, 0x3187, 0x3187, 0x3187, 0x3187, 0x3187, 0x3187,
    0x0000, 0x0000, 0x0000, 0x0000, 0x0000, 0x0000, 0x0000, 0x0000, 0x0000, 0x0000, 0x0000, 0x0000, 0x0000, 0x0000, 0x0000, 0x0000,
    0x0000, 0x0000, 0x0000, 0x0000, 0x0000, 0x0000, 0x0000, 0x0000, 0x0000, 0x0000, 0x0000, 0x0000, 0x0000, 0x0000, 0x0000, 0x0000,
    0x0000, 0x0000, 0x0000, 0x0000, 0x0000, 0x0000, 0x0000, 0x0000, 0x0000, 0x0000, 0x0000, 0x0000, 0x0000, 0x0000, 0x0000, 0x0000,
    0x0000, 0x0000, 0x0000, 0x0000, 0x0000, 0x0000, 0x0000, 0x0000, 0x0000, 0x0000, 0x0000, 0x0000, 0x0000, 0x0000, 0x0000, 0x0000,
    0x0000, 0x0000, 0x0000, 0x0000, 0x0000, 0x0000, 0x0000, 0x0000, 0x0000, 0x0000, 0x0000, 0x0000, 0x0000, 0x0000, 0x0000, 0x0000,
    0x0000, 0x0000, 0x0000, 0x0000, 0x0000, 0x0000, 0x0000, 0x0000, 0x0000, 0x0000, 0x0000, 0x0000, 0x0000, 0x0000, 0x0000, 0x0000,
    0x0000, 0x0000, 0x0000, 0x0000, 0x0000, 0x0000, 0x0000, 0x0000, 0x0000, 0x0000, 0x0000, 0x0000, 0x0000, 0x0000, 0x0000, 0x0000,
    0x0000, 0x0000, 0x0000, 0x0000, 0x0000, 0x0000, 0x0000, 0x0000, 0x0000, 0x0000, 0x0000, 0x0000, 0x0000, 0x0000, 0x0000, 0x0000,
    0x0000, 0x0000, 0x0000, 0x0000, 0x0000, 0x0000, 0x0000, 0x0000, 0x0000, 0x0000, 0x0000, 0x0000, 0x0000, 0x0000, 0x0000, 0x0000,
    0x0000, 0x0000, 0x0000, 0x0000, 0x0000, 0x0000, 0x0000, 0x0000, 0x0000, 0x0000, 0x0000, 0x0000, 0x0000, 0x0000, 0x0000, 0x0000,
    0x0000, 0x0000, 0x0000, 0x0000, 0x0000, 0x0000, 0x0000, 0x0000, 0x0000, 0x0000, 0x0000, 0x0000, 0x0000, 0x0000, 0x0000, 0x0000,
    0x0000, 0x0000, 0x0000, 0x0000, 0x0000, 0x0000, 0x0000, 0x0000, 0x0000, 0x0000, 0x0000, 0x0000, 0x0000, 0x0000, 0x0000, 0x0000,
    0x0000, 0x0000, 0x0000, 0x0000, 0x0000, 0x0000, 0x0000, 0x0000, 0x0000, 0x0000, 0x0000, 0x0000, 0x0000, 0x0000, 0x0000, 0x0000
};

const short poke_mart_interior_tile_288[TILE_SIZE * TILE_SIZE] = {
    0xD2E7, 0xD2E7, 0xD2E7, 0xD2E7, 0xD2E7, 0xD2E7, 0xD2E7, 0xD2E7, 0xD2E7, 0xD2E7, 0xD2E7, 0xD2E7, 0xD2E7, 0xD2E7, 0xD2E7, 0xD2E7,
    0x728B, 0x728B, 0x728B, 0x728B, 0x728B, 0x728B, 0x728B, 0x728B, 0x728B, 0x728B, 0x728B, 0x728B, 0x728B, 0x728B, 0x728B, 0x728B,
    0x3187, 0x3187, 0x3187, 0x3187, 0x3187, 0x3187, 0x3187, 0x3187, 0x3187, 0x3187, 0x3187, 0x3187, 0x3187, 0x3187, 0x3187, 0x3187,
    0x0000, 0x0000, 0x0000, 0x0000, 0x0000, 0x0000, 0x0000, 0x0000, 0x0000, 0x0000, 0x0000, 0x0000, 0x0000, 0x0000, 0x0000, 0x0000,
    0x0000, 0x0000, 0x0000, 0x0000, 0x0000, 0x0000, 0x0000, 0x0000, 0x0000, 0x0000, 0x0000, 0x0000, 0x0000, 0x0000, 0x0000, 0x0000,
    0x0000, 0x0000, 0x0000, 0x0000, 0x0000, 0x0000, 0x0000, 0x0000, 0x0000, 0x0000, 0x0000, 0x0000, 0x0000, 0x0000, 0x0000, 0x0000,
    0x0000, 0x0000, 0x0000, 0x0000, 0x0000, 0x0000, 0x0000, 0x0000, 0x0000, 0x0000, 0x0000, 0x0000, 0x0000, 0x0000, 0x0000, 0x0000,
    0x0000, 0x0000, 0x0000, 0x0000, 0x0000, 0x0000, 0x0000, 0x0000, 0x0000, 0x0000, 0x0000, 0x0000, 0x0000, 0x0000, 0x0000, 0x0000,
    0x0000, 0x0000, 0x0000, 0x0000, 0x0000, 0x0000, 0x0000, 0x0000, 0x0000, 0x0000, 0x0000, 0x0000, 0x0000, 0x0000, 0x0000, 0x0000,
    0x0000, 0x0000, 0x0000, 0x0000, 0x0000, 0x0000, 0x0000, 0x0000, 0x0000, 0x0000, 0x0000, 0x0000, 0x0000, 0x0000, 0x0000, 0x0000,
    0x0000, 0x0000, 0x0000, 0x0000, 0x0000, 0x0000, 0x0000, 0x0000, 0x0000, 0x0000, 0x0000, 0x0000, 0x0000, 0x0000, 0x0000, 0x0000,
    0x0000, 0x0000, 0x0000, 0x0000, 0x0000, 0x0000, 0x0000, 0x0000, 0x0000, 0x0000, 0x0000, 0x0000, 0x0000, 0x0000, 0x0000, 0x0000,
    0x0000, 0x0000, 0x0000, 0x0000, 0x0000, 0x0000, 0x0000, 0x0000, 0x0000, 0x0000, 0x0000, 0x0000, 0x0000, 0x0000, 0x0000, 0x0000,
    0x0000, 0x0000, 0x0000, 0x0000, 0x0000, 0x0000, 0x0000, 0x0000, 0x0000, 0x0000, 0x0000, 0x0000, 0x0000, 0x0000, 0x0000, 0x0000,
    0x0000, 0x0000, 0x0000, 0x0000, 0x0000, 0x0000, 0x0000, 0x0000, 0x0000, 0x0000, 0x0000, 0x0000, 0x0000, 0x0000, 0x0000, 0x0000,
    0x0000, 0x0000, 0x0000, 0x0000, 0x0000, 0x0000, 0x0000, 0x0000, 0x0000, 0x0000, 0x0000, 0x0000, 0x0000, 0x0000, 0x0000, 0x0000
};

const short poke_mart_interior_tile_289[TILE_SIZE * TILE_SIZE] = {
    0xBAC8, 0x6A8B, 0x7471, 0xA757, 0xA757, 0xA6F6, 0xAE35, 0xC677, 0xEF5C, 0xEF5C, 0xEF5C, 0xEF5C, 0xEF5C, 0xEF5C, 0xEF5C, 0xEF5C,
    0x6A8B, 0x528C, 0x7471, 0xA757, 0xA757, 0xA736, 0xA6F6, 0xAE96, 0xBDF6, 0xBDF6, 0xBDF6, 0xBDF6, 0xBDF6, 0xBDF6, 0xBDF6, 0xBDF6,
    0x3187, 0x3187, 0x42AA, 0x646D, 0x646D, 0x646D, 0x646D, 0x63ED, 0x6B4C, 0x6B4C, 0x6B4C, 0x6B4C, 0x6B4C, 0x6B4C, 0x6B4C, 0x6B4C,
    0x0000, 0x0000, 0x0000, 0x0000, 0x0000, 0x0000, 0x0000, 0x0000, 0x0000, 0x0000, 0x0000, 0x0000, 0x0000, 0x0000, 0x0000, 0x0000,
    0x0000, 0x0000, 0x0000, 0x0000, 0x0000, 0x0000, 0x0000, 0x0000, 0x0000, 0x0000, 0x0000, 0x0000, 0x0000, 0x0000, 0x0000, 0x0000,
    0x0000, 0x0000, 0x0000, 0x0000, 0x0000, 0x0000, 0x0000, 0x0000, 0x0000, 0x0000, 0x0000, 0x0000, 0x0000, 0x0000, 0x0000, 0x0000,
    0x0000, 0x0000, 0x0000, 0x0000, 0x0000, 0x0000, 0x0000, 0x0000, 0x0000, 0x0000, 0x0000, 0x0000, 0x0000, 0x0000, 0x0000, 0x0000,
    0x0000, 0x0000, 0x0000, 0x0000, 0x0000, 0x0000, 0x0000, 0x0000, 0x0000, 0x0000, 0x0000, 0x0000, 0x0000, 0x0000, 0x0000, 0x0000,
    0x0000, 0x0000, 0x0000, 0x0000, 0x0000, 0x0000, 0x0000, 0x0000, 0x0000, 0x0000, 0x0000, 0x0000, 0x0000, 0x0000, 0x0000, 0x0000,
    0x0000, 0x0000, 0x0000, 0x0000, 0x0000, 0x0000, 0x0000, 0x0000, 0x0000, 0x0000, 0x0000, 0x0000, 0x0000, 0x0000, 0x0000, 0x0000,
    0x0000, 0x0000, 0x0000, 0x0000, 0x0000, 0x0000, 0x0000, 0x0000, 0x0000, 0x0000, 0x0000, 0x0000, 0x0000, 0x0000, 0x0000, 0x0000,
    0x0000, 0x0000, 0x0000, 0x0000, 0x0000, 0x0000, 0x0000, 0x0000, 0x0000, 0x0000, 0x0000, 0x0000, 0x0000, 0x0000, 0x0000, 0x0000,
    0x0000, 0x0000, 0x0000, 0x0000, 0x0000, 0x0000, 0x0000, 0x0000, 0x0000, 0x0000, 0x0000, 0x0000, 0x0000, 0x0000, 0x0000, 0x0000,
    0x0000, 0x0000, 0x0000, 0x0000, 0x0000, 0x0000, 0x0000, 0x0000, 0x0000, 0x0000, 0x0000, 0x0000, 0x0000, 0x0000, 0x0000, 0x0000,
    0x0000, 0x0000, 0x0000, 0x0000, 0x0000, 0x0000, 0x0000, 0x0000, 0x0000, 0x0000, 0x0000, 0x0000, 0x0000, 0x0000, 0x0000, 0x0000,
    0x0000, 0x0000, 0x0000, 0x0000, 0x0000, 0x0000, 0x0000, 0x0000, 0x0000, 0x0000, 0x0000, 0x0000, 0x0000, 0x0000, 0x0000, 0x0000
};

const short poke_mart_interior_tile_290[TILE_SIZE * TILE_SIZE] = {
    0xEF5C, 0xEF5C, 0xEF5C, 0xEF5C, 0xEF5C, 0xEF5C, 0xD6B8, 0xADB3, 0xA630, 0x9E8F, 0x9EB0, 0x9EF3, 0xA757, 0xA757, 0xA757, 0xA757,
    0xBDF6, 0xBDF6, 0xBDF6, 0xBDF6, 0xBDF6, 0xBDF6, 0xB613, 0x9E50, 0x9E6F, 0x9EB0, 0x9EF4, 0x9F36, 0xA757, 0xA757, 0xA757, 0xA757,
    0x6B4C, 0x6B4C, 0x6B4C, 0x6B4C, 0x6B4C, 0x6B4C, 0x638A, 0x5BE9, 0x5BE9, 0x5C0A, 0x5C4C, 0x646D, 0x646D, 0x646D, 0x646D, 0x646D,
    0x0000, 0x0000, 0x0000, 0x0000, 0x0000, 0x0000, 0x0000, 0x0000, 0x0000, 0x0000, 0x0000, 0x0000, 0x0000, 0x0000, 0x0000, 0x0000,
    0x0000, 0x0000, 0x0000, 0x0000, 0x0000, 0x0000, 0x0000, 0x0000, 0x0000, 0x0000, 0x0000, 0x0000, 0x0000, 0x0000, 0x0000, 0x0000,
    0x0000, 0x0000, 0x0000, 0x0000, 0x0000, 0x0000, 0x0000, 0x0000, 0x0000, 0x0000, 0x0000, 0x0000, 0x0000, 0x0000, 0x0000, 0x0000,
    0x0000, 0x0000, 0x0000, 0x0000, 0x0000, 0x0000, 0x0000, 0x0000, 0x0000, 0x0000, 0x0000, 0x0000, 0x0000, 0x0000, 0x0000, 0x0000,
    0x0000, 0x0000, 0x0000, 0x0000, 0x0000, 0x0000, 0x0000, 0x0000, 0x0000, 0x0000, 0x0000, 0x0000, 0x0000, 0x0000, 0x0000, 0x0000,
    0x0000, 0x0000, 0x0000, 0x0000, 0x0000, 0x0000, 0x0000, 0x0000, 0x0000, 0x0000, 0x0000, 0x0000, 0x0000, 0x0000, 0x0000, 0x0000,
    0x0000, 0x0000, 0x0000, 0x0000, 0x0000, 0x0000, 0x0000, 0x0000, 0x0000, 0x0000, 0x0000, 0x0000, 0x0000, 0x0000, 0x0000, 0x0000,
    0x0000, 0x0000, 0x0000, 0x0000, 0x0000, 0x0000, 0x0000, 0x0000, 0x0000, 0x0000, 0x0000, 0x0000, 0x0000, 0x0000, 0x0000, 0x0000,
    0x0000, 0x0000, 0x0000, 0x0000, 0x0000, 0x0000, 0x0000, 0x0000, 0x0000, 0x0000, 0x0000, 0x0000, 0x0000, 0x0000, 0x0000, 0x0000,
    0x0000, 0x0000, 0x0000, 0x0000, 0x0000, 0x0000, 0x0000, 0x0000, 0x0000, 0x0000, 0x0000, 0x0000, 0x0000, 0x0000, 0x0000, 0x0000,
    0x0000, 0x0000, 0x0000, 0x0000, 0x0000, 0x0000, 0x0000, 0x0000, 0x0000, 0x0000, 0x0000, 0x0000, 0x0000, 0x0000, 0x0000, 0x0000,
    0x0000, 0x0000, 0x0000, 0x0000, 0x0000, 0x0000, 0x0000, 0x0000, 0x0000, 0x0000, 0x0000, 0x0000, 0x0000, 0x0000, 0x0000, 0x0000,
    0x0000, 0x0000, 0x0000, 0x0000, 0x0000, 0x0000, 0x0000, 0x0000, 0x0000, 0x0000, 0x0000, 0x0000, 0x0000, 0x0000, 0x0000, 0x0000
};

const short poke_mart_interior_tile_291[TILE_SIZE * TILE_SIZE] = {
    0xA6B6, 0xADD4, 0xD6B9, 0xEF5C, 0xEF5C, 0xEF5C, 0xEF5C, 0xEF5C, 0xEF5C, 0xEF5C, 0xEF5C, 0xEF5C, 0xEF5C, 0xEF5C, 0xEF5C, 0xEF5C,
    0xA736, 0xA6F6, 0xB656, 0xBDF6, 0xBDF6, 0xBDF6, 0xBDF6, 0xBDF6, 0xBDF6, 0xBDF6, 0xBDF6, 0xBDF6, 0xBDF6, 0xBDF6, 0xBDF6, 0xBDF6,
    0x646D, 0x646D, 0x63AC, 0x6B4C, 0x6B4C, 0x6B4C, 0x6B4C, 0x6B4C, 0x6B4C, 0x6B4C, 0x6B4C, 0x6B4C, 0x6B4C, 0x6B4C, 0x6B4C, 0x6B4C,
    0x0000, 0x0000, 0x0000, 0x0000, 0x0000, 0x0000, 0x0000, 0x0000, 0x0000, 0x0000, 0x0000, 0x0000, 0x0000, 0x0000, 0x0000, 0x0000,
    0x0000, 0x0000, 0x0000, 0x0000, 0x0000, 0x0000, 0x0000, 0x0000, 0x0000, 0x0000, 0x0000, 0x0000, 0x0000, 0x0000, 0x0000, 0x0000,
    0x0000, 0x0000, 0x0000, 0x0000, 0x0000, 0x0000, 0x0000, 0x0000, 0x0000, 0x0000, 0x0000, 0x0000, 0x0000, 0x0000, 0x0000, 0x0000,
    0x0000, 0x0000, 0x0000, 0x0000, 0x0000, 0x0000, 0x0000, 0x0000, 0x0000, 0x0000, 0x0000, 0x0000, 0x0000, 0x0000, 0x0000, 0x0000,
    0x0000, 0x0000, 0x0000, 0x0000, 0x0000, 0x0000, 0x0000, 0x0000, 0x0000, 0x0000, 0x0000, 0x0000, 0x0000, 0x0000, 0x0000, 0x0000,
    0x0000, 0x0000, 0x0000, 0x0000, 0x0000, 0x0000, 0x0000, 0x0000, 0x0000, 0x0000, 0x0000, 0x0000, 0x0000, 0x0000, 0x0000, 0x0000,
    0x0000, 0x0000, 0x0000, 0x0000, 0x0000, 0x0000, 0x0000, 0x0000, 0x0000, 0x0000, 0x0000, 0x0000, 0x0000, 0x0000, 0x0000, 0x0000,
    0x0000, 0x0000, 0x0000, 0x0000, 0x0000, 0x0000, 0x0000, 0x0000, 0x0000, 0x0000, 0x0000, 0x0000, 0x0000, 0x0000, 0x0000, 0x0000,
    0x0000, 0x0000, 0x0000, 0x0000, 0x0000, 0x0000, 0x0000, 0x0000, 0x0000, 0x0000, 0x0000, 0x0000, 0x0000, 0x0000, 0x0000, 0x0000,
    0x0000, 0x0000, 0x0000, 0x0000, 0x0000, 0x0000, 0x0000, 0x0000, 0x0000, 0x0000, 0x0000, 0x0000, 0x0000, 0x0000, 0x0000, 0x0000,
    0x0000, 0x0000, 0x0000, 0x0000, 0x0000, 0x0000, 0x0000, 0x0000, 0x0000, 0x0000, 0x0000, 0x0000, 0x0000, 0x0000, 0x0000, 0x0000,
    0x0000, 0x0000, 0x0000, 0x0000, 0x0000, 0x0000, 0x0000, 0x0000, 0x0000, 0x0000, 0x0000, 0x0000, 0x0000, 0x0000, 0x0000, 0x0000,
    0x0000, 0x0000, 0x0000, 0x0000, 0x0000, 0x0000, 0x0000, 0x0000, 0x0000, 0x0000, 0x0000, 0x0000, 0x0000, 0x0000, 0x0000, 0x0000
};

const short poke_mart_interior_tile_292[TILE_SIZE * TILE_SIZE] = {
    0xEF5C, 0xC656, 0xA5D2, 0x9E4F, 0x9E8F, 0x9EB0, 0x9F14, 0xA757, 0xA757, 0xA757, 0xA757, 0xAE75, 0xBE36, 0xDF1B, 0xEF5C, 0xEF5C,
    0xBDF6, 0xAE32, 0x9E4F, 0x9E6F, 0x9ED1, 0x9F15, 0x9F36, 0xA757, 0xA757, 0xA757, 0xA757, 0xA716, 0xAEB6, 0xBE36, 0xBDF6, 0xBDF6,
    0x6B4C, 0x63AA, 0x5BE9, 0x5BE9, 0x5C0B, 0x646D, 0x646D, 0x646D, 0x646D, 0x646D, 0x646D, 0x646D, 0x642D, 0x6B8C, 0x6B4C, 0x6B4C,
    0x0000, 0x0000, 0x0000, 0x0000, 0x0000, 0x0000, 0x0000, 0x0000, 0x0000, 0x0000, 0x0000, 0x0000, 0x0000, 0x0000, 0x0000, 0x0000,
    0x0000, 0x0000, 0x0000, 0x0000, 0x0000, 0x0000, 0x0000, 0x0000, 0x0000, 0x0000, 0x0000, 0x0000, 0x0000, 0x0000, 0x0000, 0x0000,
    0x0000, 0x0000, 0x0000, 0x0000, 0x0000, 0x0000, 0x0000, 0x0000, 0x0000, 0x0000, 0x0000, 0x0000, 0x0000, 0x0000, 0x0000, 0x0000,
    0x0000, 0x0000, 0x0000, 0x0000, 0x0000, 0x0000, 0x0000, 0x0000, 0x0000, 0x0000, 0x0000, 0x0000, 0x0000, 0x0000, 0x0000, 0x0000,
    0x0000, 0x0000, 0x0000, 0x0000, 0x0000, 0x0000, 0x0000, 0x0000, 0x0000, 0x0000, 0x0000, 0x0000, 0x0000, 0x0000, 0x0000, 0x0000,
    0x0000, 0x0000, 0x0000, 0x0000, 0x0000, 0x0000, 0x0000, 0x0000, 0x0000, 0x0000, 0x0000, 0x0000, 0x0000, 0x0000, 0x0000, 0x0000,
    0x0000, 0x0000, 0x0000, 0x0000, 0x0000, 0x0000, 0x0000, 0x0000, 0x0000, 0x0000, 0x0000, 0x0000, 0x0000, 0x0000, 0x0000, 0x0000,
    0x0000, 0x0000, 0x0000, 0x0000, 0x0000, 0x0000, 0x0000, 0x0000, 0x0000, 0x0000, 0x0000, 0x0000, 0x0000, 0x0000, 0x0000, 0x0000,
    0x0000, 0x0000, 0x0000, 0x0000, 0x0000, 0x0000, 0x0000, 0x0000, 0x0000, 0x0000, 0x0000, 0x0000, 0x0000, 0x0000, 0x0000, 0x0000,
    0x0000, 0x0000, 0x0000, 0x0000, 0x0000, 0x0000, 0x0000, 0x0000, 0x0000, 0x0000, 0x0000, 0x0000, 0x0000, 0x0000, 0x0000, 0x0000,
    0x0000, 0x0000, 0x0000, 0x0000, 0x0000, 0x0000, 0x0000, 0x0000, 0x0000, 0x0000, 0x0000, 0x0000, 0x0000, 0x0000, 0x0000, 0x0000,
    0x0000, 0x0000, 0x0000, 0x0000, 0x0000, 0x0000, 0x0000, 0x0000, 0x0000, 0x0000, 0x0000, 0x0000, 0x0000, 0x0000, 0x0000, 0x0000,
    0x0000, 0x0000, 0x0000, 0x0000, 0x0000, 0x0000, 0x0000, 0x0000, 0x0000, 0x0000, 0x0000, 0x0000, 0x0000, 0x0000, 0x0000, 0x0000
};

const short poke_mart_interior_tile_293[TILE_SIZE * TILE_SIZE] = {
    0xEF5C, 0xEF5C, 0xEF5C, 0xEF5C, 0xEF5C, 0xEF5C, 0xEF5C, 0xEF5C, 0xEF5C, 0xEF5C, 0xEF5C, 0xDEFA, 0xBE15, 0xA611, 0x9E8F, 0x9E90,
    0xBDF6, 0xBDF6, 0xBDF6, 0xBDF6, 0xBDF6, 0xBDF6, 0xBDF6, 0xBDF6, 0xBDF6, 0xBDF6, 0xBDF6, 0xBE15, 0xA631, 0x9E6F, 0x9E8F, 0x9EF2,
    0x6B4C, 0x6B4C, 0x6B4C, 0x6B4C, 0x6B4C, 0x6B4C, 0x6B4C, 0x6B4C, 0x6B4C, 0x6B4C, 0x6B4C, 0x636B, 0x5BC9, 0x5BE9, 0x5BE9, 0x5C2B,
    0x0000, 0x0000, 0x0000, 0x0000, 0x0000, 0x0000, 0x0000, 0x0000, 0x0000, 0x0000, 0x0000, 0x0000, 0x0000, 0x0000, 0x0000, 0x0000,
    0x0000, 0x0000, 0x0000, 0x0000, 0x0000, 0x0000, 0x0000, 0x0000, 0x0000, 0x0000, 0x0000, 0x0000, 0x0000, 0x0000, 0x0000, 0x0000,
    0x0000, 0x0000, 0x0000, 0x0000, 0x0000, 0x0000, 0x0000, 0x0000, 0x0000, 0x0000, 0x0000, 0x0000, 0x0000, 0x0000, 0x0000, 0x0000,
    0x0000, 0x0000, 0x0000, 0x0000, 0x0000, 0x0000, 0x0000, 0x0000, 0x0000, 0x0000, 0x0000, 0x0000, 0x0000, 0x0000, 0x0000, 0x0000,
    0x0000, 0x0000, 0x0000, 0x0000, 0x0000, 0x0000, 0x0000, 0x0000, 0x0000, 0x0000, 0x0000, 0x0000, 0x0000, 0x0000, 0x0000, 0x0000,
    0x0000, 0x0000, 0x0000, 0x0000, 0x0000, 0x0000, 0x0000, 0x0000, 0x0000, 0x0000, 0x0000, 0x0000, 0x0000, 0x0000, 0x0000, 0x0000,
    0x0000, 0x0000, 0x0000, 0x0000, 0x0000, 0x0000, 0x0000, 0x0000, 0x0000, 0x0000, 0x0000, 0x0000, 0x0000, 0x0000, 0x0000, 0x0000,
    0x0000, 0x0000, 0x0000, 0x0000, 0x0000, 0x0000, 0x0000, 0x0000, 0x0000, 0x0000, 0x0000, 0x0000, 0x0000, 0x0000, 0x0000, 0x0000,
    0x0000, 0x0000, 0x0000, 0x0000, 0x0000, 0x0000, 0x0000, 0x0000, 0x0000, 0x0000, 0x0000, 0x0000, 0x0000, 0x0000, 0x0000, 0x0000,
    0x0000, 0x0000, 0x0000, 0x0000, 0x0000, 0x0000, 0x0000, 0x0000, 0x0000, 0x0000, 0x0000, 0x0000, 0x0000, 0x0000, 0x0000, 0x0000,
    0x0000, 0x0000, 0x0000, 0x0000, 0x0000, 0x0000, 0x0000, 0x0000, 0x0000, 0x0000, 0x0000, 0x0000, 0x0000, 0x0000, 0x0000, 0x0000,
    0x0000, 0x0000, 0x0000, 0x0000, 0x0000, 0x0000, 0x0000, 0x0000, 0x0000, 0x0000, 0x0000, 0x0000, 0x0000, 0x0000, 0x0000, 0x0000,
    0x0000, 0x0000, 0x0000, 0x0000, 0x0000, 0x0000, 0x0000, 0x0000, 0x0000, 0x0000, 0x0000, 0x0000, 0x0000, 0x0000, 0x0000, 0x0000
};

const short poke_mart_interior_tile_294[TILE_SIZE * TILE_SIZE] = {
    0x9ED1, 0x9F35, 0xA757, 0xA757, 0xA757, 0xA6F6, 0xAE35, 0xC677, 0xEF5C, 0xEF5C, 0xEF5C, 0xEF5C, 0xEF5C, 0xEF5C, 0xEF5C, 0xEF5C,
    0x9F35, 0xA736, 0xA757, 0xA757, 0xA757, 0xA736, 0xA6F6, 0xAE96, 0xBDF6, 0xBDF6, 0xBDF6, 0xBDF6, 0xBDF6, 0xBDF6, 0xBDF6, 0xBDF6,
    0x646D, 0x646D, 0x646D, 0x646D, 0x646D, 0x646D, 0x646D, 0x63ED, 0x6B4C, 0x6B4C, 0x6B4C, 0x6B4C, 0x6B4C, 0x6B4C, 0x6B4C, 0x6B4C,
    0x0000, 0x0000, 0x0000, 0x0000, 0x0000, 0x0000, 0x0000, 0x0000, 0x0000, 0x0000, 0x0000, 0x0000, 0x0000, 0x0000, 0x0000, 0x0000,
    0x0000, 0x0000, 0x0000, 0x0000, 0x0000, 0x0000, 0x0000, 0x0000, 0x0000, 0x0000, 0x0000, 0x0000, 0x0000, 0x0000, 0x0000, 0x0000,
    0x0000, 0x0000, 0x0000, 0x0000, 0x0000, 0x0000, 0x0000, 0x0000, 0x0000, 0x0000, 0x0000, 0x0000, 0x0000, 0x0000, 0x0000, 0x0000,
    0x0000, 0x0000, 0x0000, 0x0000, 0x0000, 0x0000, 0x0000, 0x0000, 0x0000, 0x0000, 0x0000, 0x0000, 0x0000, 0x0000, 0x0000, 0x0000,
    0x0000, 0x0000, 0x0000, 0x0000, 0x0000, 0x0000, 0x0000, 0x0000, 0x0000, 0x0000, 0x0000, 0x0000, 0x0000, 0x0000, 0x0000, 0x0000,
    0x0000, 0x0000, 0x0000, 0x0000, 0x0000, 0x0000, 0x0000, 0x0000, 0x0000, 0x0000, 0x0000, 0x0000, 0x0000, 0x0000, 0x0000, 0x0000,
    0x0000, 0x0000, 0x0000, 0x0000, 0x0000, 0x0000, 0x0000, 0x0000, 0x0000, 0x0000, 0x0000, 0x0000, 0x0000, 0x0000, 0x0000, 0x0000,
    0x0000, 0x0000, 0x0000, 0x0000, 0x0000, 0x0000, 0x0000, 0x0000, 0x0000, 0x0000, 0x0000, 0x0000, 0x0000, 0x0000, 0x0000, 0x0000,
    0x0000, 0x0000, 0x0000, 0x0000, 0x0000, 0x0000, 0x0000, 0x0000, 0x0000, 0x0000, 0x0000, 0x0000, 0x0000, 0x0000, 0x0000, 0x0000,
    0x0000, 0x0000, 0x0000, 0x0000, 0x0000, 0x0000, 0x0000, 0x0000, 0x0000, 0x0000, 0x0000, 0x0000, 0x0000, 0x0000, 0x0000, 0x0000,
    0x0000, 0x0000, 0x0000, 0x0000, 0x0000, 0x0000, 0x0000, 0x0000, 0x0000, 0x0000, 0x0000, 0x0000, 0x0000, 0x0000, 0x0000, 0x0000,
    0x0000, 0x0000, 0x0000, 0x0000, 0x0000, 0x0000, 0x0000, 0x0000, 0x0000, 0x0000, 0x0000, 0x0000, 0x0000, 0x0000, 0x0000, 0x0000,
    0x0000, 0x0000, 0x0000, 0x0000, 0x0000, 0x0000, 0x0000, 0x0000, 0x0000, 0x0000, 0x0000, 0x0000, 0x0000, 0x0000, 0x0000, 0x0000
};

const short poke_mart_interior_tile_295[TILE_SIZE * TILE_SIZE] = {
    0xEF5C, 0xEF5C, 0xEF5C, 0xEF5C, 0xEF5C, 0xEF5C, 0xD6B8, 0xADB3, 0xA630, 0x9E8F, 0x9EB0, 0x9EF3, 0xA757, 0xA757, 0xA757, 0xA757,
    0xBDF6, 0xBDF6, 0xBDF6, 0xBDF6, 0xBDF6, 0xBDF6, 0xB613, 0x9E50, 0x9E6F, 0x9EB0, 0x9EF4, 0x9F36, 0xA757, 0xA757, 0xA757, 0xA757,
    0x6B4C, 0x6B4C, 0x6B4C, 0x6B4C, 0x6B4C, 0x6B4C, 0x638A, 0x5BE9, 0x5BE9, 0x5C0A, 0x5C4C, 0x646D, 0x646D, 0x646D, 0x646D, 0x646D,
    0x0000, 0x0000, 0x0000, 0x0000, 0x0000, 0x0000, 0x0000, 0x0000, 0x0000, 0x0000, 0x0000, 0x0000, 0x0000, 0x0000, 0x0000, 0x0000,
    0x0000, 0x0000, 0x0000, 0x0000, 0x0000, 0x0000, 0x0000, 0x0000, 0x0000, 0x0000, 0x0000, 0x0000, 0x0000, 0x0000, 0x0000, 0x0000,
    0x0000, 0x0000, 0x0000, 0x0000, 0x0000, 0x0000, 0x0000, 0x0000, 0x0000, 0x0000, 0x0000, 0x0000, 0x0000, 0x0000, 0x0000, 0x0000,
    0x0000, 0x0000, 0x0000, 0x0000, 0x0000, 0x0000, 0x0000, 0x0000, 0x0000, 0x0000, 0x0000, 0x0000, 0x0000, 0x0000, 0x0000, 0x0000,
    0x0000, 0x0000, 0x0000, 0x0000, 0x0000, 0x0000, 0x0000, 0x0000, 0x0000, 0x0000, 0x0000, 0x0000, 0x0000, 0x0000, 0x0000, 0x0000,
    0x0000, 0x0000, 0x0000, 0x0000, 0x0000, 0x0000, 0x0000, 0x0000, 0x0000, 0x0000, 0x0000, 0x0000, 0x0000, 0x0000, 0x0000, 0x0000,
    0x0000, 0x0000, 0x0000, 0x0000, 0x0000, 0x0000, 0x0000, 0x0000, 0x0000, 0x0000, 0x0000, 0x0000, 0x0000, 0x0000, 0x0000, 0x0000,
    0x0000, 0x0000, 0x0000, 0x0000, 0x0000, 0x0000, 0x0000, 0x0000, 0x0000, 0x0000, 0x0000, 0x0000, 0x0000, 0x0000, 0x0000, 0x0000,
    0x0000, 0x0000, 0x0000, 0x0000, 0x0000, 0x0000, 0x0000, 0x0000, 0x0000, 0x0000, 0x0000, 0x0000, 0x0000, 0x0000, 0x0000, 0x0000,
    0x0000, 0x0000, 0x0000, 0x0000, 0x0000, 0x0000, 0x0000, 0x0000, 0x0000, 0x0000, 0x0000, 0x0000, 0x0000, 0x0000, 0x0000, 0x0000,
    0x0000, 0x0000, 0x0000, 0x0000, 0x0000, 0x0000, 0x0000, 0x0000, 0x0000, 0x0000, 0x0000, 0x0000, 0x0000, 0x0000, 0x0000, 0x0000,
    0x0000, 0x0000, 0x0000, 0x0000, 0x0000, 0x0000, 0x0000, 0x0000, 0x0000, 0x0000, 0x0000, 0x0000, 0x0000, 0x0000, 0x0000, 0x0000,
    0x0000, 0x0000, 0x0000, 0x0000, 0x0000, 0x0000, 0x0000, 0x0000, 0x0000, 0x0000, 0x0000, 0x0000, 0x0000, 0x0000, 0x0000, 0x0000
};

const short poke_mart_interior_tile_296[TILE_SIZE * TILE_SIZE] = {
    0xA6B6, 0xADD4, 0xD6B9, 0xEF5C, 0xEF5C, 0xEF5C, 0xEF5C, 0xEF5C, 0xEF5C, 0xEF5C, 0xEF5C, 0xEF5C, 0xEF5C, 0xEF5C, 0xEF5C, 0xEF5C,
    0xA736, 0xA6F6, 0xB656, 0xBDF6, 0xBDF6, 0xBDF6, 0xBDF6, 0xBDF6, 0xBDF6, 0xBDF6, 0xBDF6, 0xBDF6, 0xBDF6, 0xBDF6, 0xBDF6, 0xBDF6,
    0x646D, 0x646D, 0x63AC, 0x6B4C, 0x6B4C, 0x6B4C, 0x6B4C, 0x6B4C, 0x6B4C, 0x6B4C, 0x6B4C, 0x6B4C, 0x6B4C, 0x6B4C, 0x6B4C, 0x6B4C,
    0x0000, 0x0000, 0x0000, 0x0000, 0x0000, 0x0000, 0x0000, 0x0000, 0x0000, 0x0000, 0x0000, 0x0000, 0x0000, 0x0000, 0x0000, 0x0000,
    0x0000, 0x0000, 0x0000, 0x0000, 0x0000, 0x0000, 0x0000, 0x0000, 0x0000, 0x0000, 0x0000, 0x0000, 0x0000, 0x0000, 0x0000, 0x0000,
    0x0000, 0x0000, 0x0000, 0x0000, 0x0000, 0x0000, 0x0000, 0x0000, 0x0000, 0x0000, 0x0000, 0x0000, 0x0000, 0x0000, 0x0000, 0x0000,
    0x0000, 0x0000, 0x0000, 0x0000, 0x0000, 0x0000, 0x0000, 0x0000, 0x0000, 0x0000, 0x0000, 0x0000, 0x0000, 0x0000, 0x0000, 0x0000,
    0x0000, 0x0000, 0x0000, 0x0000, 0x0000, 0x0000, 0x0000, 0x0000, 0x0000, 0x0000, 0x0000, 0x0000, 0x0000, 0x0000, 0x0000, 0x0000,
    0x0000, 0x0000, 0x0000, 0x0000, 0x0000, 0x0000, 0x0000, 0x0000, 0x0000, 0x0000, 0x0000, 0x0000, 0x0000, 0x0000, 0x0000, 0x0000,
    0x0000, 0x0000, 0x0000, 0x0000, 0x0000, 0x0000, 0x0000, 0x0000, 0x0000, 0x0000, 0x0000, 0x0000, 0x0000, 0x0000, 0x0000, 0x0000,
    0x0000, 0x0000, 0x0000, 0x0000, 0x0000, 0x0000, 0x0000, 0x0000, 0x0000, 0x0000, 0x0000, 0x0000, 0x0000, 0x0000, 0x0000, 0x0000,
    0x0000, 0x0000, 0x0000, 0x0000, 0x0000, 0x0000, 0x0000, 0x0000, 0x0000, 0x0000, 0x0000, 0x0000, 0x0000, 0x0000, 0x0000, 0x0000,
    0x0000, 0x0000, 0x0000, 0x0000, 0x0000, 0x0000, 0x0000, 0x0000, 0x0000, 0x0000, 0x0000, 0x0000, 0x0000, 0x0000, 0x0000, 0x0000,
    0x0000, 0x0000, 0x0000, 0x0000, 0x0000, 0x0000, 0x0000, 0x0000, 0x0000, 0x0000, 0x0000, 0x0000, 0x0000, 0x0000, 0x0000, 0x0000,
    0x0000, 0x0000, 0x0000, 0x0000, 0x0000, 0x0000, 0x0000, 0x0000, 0x0000, 0x0000, 0x0000, 0x0000, 0x0000, 0x0000, 0x0000, 0x0000,
    0x0000, 0x0000, 0x0000, 0x0000, 0x0000, 0x0000, 0x0000, 0x0000, 0x0000, 0x0000, 0x0000, 0x0000, 0x0000, 0x0000, 0x0000, 0x0000
};

const short poke_mart_interior_tile_297[TILE_SIZE * TILE_SIZE] = {
    0xEF5C, 0xC656, 0xA5D2, 0x9E4F, 0x9E8F, 0x9EB0, 0x9F14, 0xA757, 0xA757, 0xA757, 0xA757, 0xAE75, 0xBE36, 0xDF1B, 0xEF5C, 0xEF5C,
    0xBDF6, 0xAE32, 0x9E4F, 0x9E6F, 0x9ED1, 0x9F15, 0x9F36, 0xA757, 0xA757, 0xA757, 0xA757, 0xA716, 0xAEB6, 0xBE36, 0xBDF6, 0xBDF6,
    0x6B4C, 0x63AA, 0x5BE9, 0x5BE9, 0x5C0B, 0x646D, 0x646D, 0x646D, 0x646D, 0x646D, 0x646D, 0x646D, 0x642D, 0x6B8C, 0x6B4C, 0x6B4C,
    0x0000, 0x0000, 0x0000, 0x0000, 0x0000, 0x0000, 0x0000, 0x0000, 0x0000, 0x0000, 0x0000, 0x0000, 0x0000, 0x0000, 0x0000, 0x0000,
    0x0000, 0x0000, 0x0000, 0x0000, 0x0000, 0x0000, 0x0000, 0x0000, 0x0000, 0x0000, 0x0000, 0x0000, 0x0000, 0x0000, 0x0000, 0x0000,
    0x0000, 0x0000, 0x0000, 0x0000, 0x0000, 0x0000, 0x0000, 0x0000, 0x0000, 0x0000, 0x0000, 0x0000, 0x0000, 0x0000, 0x0000, 0x0000,
    0x0000, 0x0000, 0x0000, 0x0000, 0x0000, 0x0000, 0x0000, 0x0000, 0x0000, 0x0000, 0x0000, 0x0000, 0x0000, 0x0000, 0x0000, 0x0000,
    0x0000, 0x0000, 0x0000, 0x0000, 0x0000, 0x0000, 0x0000, 0x0000, 0x0000, 0x0000, 0x0000, 0x0000, 0x0000, 0x0000, 0x0000, 0x0000,
    0x0000, 0x0000, 0x0000, 0x0000, 0x0000, 0x0000, 0x0000, 0x0000, 0x0000, 0x0000, 0x0000, 0x0000, 0x0000, 0x0000, 0x0000, 0x0000,
    0x0000, 0x0000, 0x0000, 0x0000, 0x0000, 0x0000, 0x0000, 0x0000, 0x0000, 0x0000, 0x0000, 0x0000, 0x0000, 0x0000, 0x0000, 0x0000,
    0x0000, 0x0000, 0x0000, 0x0000, 0x0000, 0x0000, 0x0000, 0x0000, 0x0000, 0x0000, 0x0000, 0x0000, 0x0000, 0x0000, 0x0000, 0x0000,
    0x0000, 0x0000, 0x0000, 0x0000, 0x0000, 0x0000, 0x0000, 0x0000, 0x0000, 0x0000, 0x0000, 0x0000, 0x0000, 0x0000, 0x0000, 0x0000,
    0x0000, 0x0000, 0x0000, 0x0000, 0x0000, 0x0000, 0x0000, 0x0000, 0x0000, 0x0000, 0x0000, 0x0000, 0x0000, 0x0000, 0x0000, 0x0000,
    0x0000, 0x0000, 0x0000, 0x0000, 0x0000, 0x0000, 0x0000, 0x0000, 0x0000, 0x0000, 0x0000, 0x0000, 0x0000, 0x0000, 0x0000, 0x0000,
    0x0000, 0x0000, 0x0000, 0x0000, 0x0000, 0x0000, 0x0000, 0x0000, 0x0000, 0x0000, 0x0000, 0x0000, 0x0000, 0x0000, 0x0000, 0x0000,
    0x0000, 0x0000, 0x0000, 0x0000, 0x0000, 0x0000, 0x0000, 0x0000, 0x0000, 0x0000, 0x0000, 0x0000, 0x0000, 0x0000, 0x0000, 0x0000
};

const short poke_mart_interior_tile_298[TILE_SIZE * TILE_SIZE] = {
    0xEF5C, 0xEF5C, 0xEF5C, 0xEF5C, 0xEF5C, 0xD6BA, 0x9CF3, 0x2945, 0x0000, 0x0000, 0x0000, 0x0000, 0x0000, 0x0000, 0x0000, 0x0000,
    0xBDF6, 0xBDF6, 0xBDF6, 0xBDF6, 0xBDF6, 0x6B4C, 0x2945, 0x0841, 0x0000, 0x0000, 0x0000, 0x0000, 0x0000, 0x0000, 0x0000, 0x0000,
    0x6B4C, 0x6B4C, 0x6B4C, 0x6B4C, 0x6B4C, 0x2944, 0x0000, 0x0000, 0x0000, 0x0000, 0x0000, 0x0000, 0x0000, 0x0000, 0x0000, 0x0000,
    0x0000, 0x0000, 0x0000, 0x0000, 0x0000, 0x0000, 0x0000, 0x0000, 0x0000, 0x0000, 0x0000, 0x0000, 0x0000, 0x0000, 0x0000, 0x0000,
    0x0000, 0x0000, 0x0000, 0x0000, 0x0000, 0x0000, 0x0000, 0x0000, 0x0000, 0x0000, 0x0000, 0x0000, 0x0000, 0x0000, 0x0000, 0x0000,
    0x0000, 0x0000, 0x0000, 0x0000, 0x0000, 0x0000, 0x0000, 0x0000, 0x0000, 0x0000, 0x0000, 0x0000, 0x0000, 0x0000, 0x0000, 0x0000,
    0x0000, 0x0000, 0x0000, 0x0000, 0x0000, 0x0000, 0x0000, 0x0000, 0x0000, 0x0000, 0x0000, 0x0000, 0x0000, 0x0000, 0x0000, 0x0000,
    0x0000, 0x0000, 0x0000, 0x0000, 0x0000, 0x0000, 0x0000, 0x0000, 0x0000, 0x0000, 0x0000, 0x0000, 0x0000, 0x0000, 0x0000, 0x0000,
    0x0000, 0x0000, 0x0000, 0x0000, 0x0000, 0x0000, 0x0000, 0x0000, 0x0000, 0x0000, 0x0000, 0x0000, 0x0000, 0x0000, 0x0000, 0x0000,
    0x0000, 0x0000, 0x0000, 0x0000, 0x0000, 0x0000, 0x0000, 0x0000, 0x0000, 0x0000, 0x0000, 0x0000, 0x0000, 0x0000, 0x0000, 0x0000,
    0x0000, 0x0000, 0x0000, 0x0000, 0x0000, 0x0000, 0x0000, 0x0000, 0x0000, 0x0000, 0x0000, 0x0000, 0x0000, 0x0000, 0x0000, 0x0000,
    0x0000, 0x0000, 0x0000, 0x0000, 0x0000, 0x0000, 0x0000, 0x0000, 0x0000, 0x0000, 0x0000, 0x0000, 0x0000, 0x0000, 0x0000, 0x0000,
    0x0000, 0x0000, 0x0000, 0x0000, 0x0000, 0x0000, 0x0000, 0x0000, 0x0000, 0x0000, 0x0000, 0x0000, 0x0000, 0x0000, 0x0000, 0x0000,
    0x0000, 0x0000, 0x0000, 0x0000, 0x0000, 0x0000, 0x0000, 0x0000, 0x0000, 0x0000, 0x0000, 0x0000, 0x0000, 0x0000, 0x0000, 0x0000,
    0x0000, 0x0000, 0x0000, 0x0000, 0x0000, 0x0000, 0x0000, 0x0000, 0x0000, 0x0000, 0x0000, 0x0000, 0x0000, 0x0000, 0x0000, 0x0000,
    0x0000, 0x0000, 0x0000, 0x0000, 0x0000, 0x0000, 0x0000, 0x0000, 0x0000, 0x0000, 0x0000, 0x0000, 0x0000, 0x0000, 0x0000, 0x0000
};

const short poke_mart_interior_tile_299[TILE_SIZE * TILE_SIZE] = {
    0x0000, 0x0000, 0x0000, 0x0000, 0x0000, 0x0000, 0x0000, 0x0000, 0x0000, 0x0000, 0x0000, 0x0000, 0x0000, 0x0000, 0x0000, 0x0000,
    0x0000, 0x0000, 0x0000, 0x0000, 0x0000, 0x0000, 0x0000, 0x0000, 0x0000, 0x0000, 0x0000, 0x0000, 0x0000, 0x0000, 0x0000, 0x0000,
    0x0000, 0x0000, 0x0000, 0x0000, 0x0000, 0x0000, 0x0000, 0x0000, 0x0000, 0x0000, 0x0000, 0x0000, 0x0000, 0x0000, 0x0000, 0x0000,
    0x0000, 0x0000, 0x0000, 0x0000, 0x0000, 0x0000, 0x0000, 0x0000, 0x0000, 0x0000, 0x0000, 0x0000, 0x0000, 0x0000, 0x0000, 0x0000,
    0x0000, 0x0000, 0x0000, 0x0000, 0x0000, 0x0000, 0x0000, 0x0000, 0x0000, 0x0000, 0x0000, 0x0000, 0x0000, 0x0000, 0x0000, 0x0000,
    0x0000, 0x0000, 0x0000, 0x0000, 0x0000, 0x0000, 0x0000, 0x0000, 0x0000, 0x0000, 0x0000, 0x0000, 0x0000, 0x0000, 0x0000, 0x0000,
    0x0000, 0x0000, 0x0000, 0x0000, 0x0000, 0x0000, 0x0000, 0x0000, 0x0000, 0x0000, 0x0000, 0x0000, 0x0000, 0x0000, 0x0000, 0x0000,
    0x0000, 0x0000, 0x0000, 0x0000, 0x0000, 0x0000, 0x0000, 0x0000, 0x0000, 0x0000, 0x0000, 0x0000, 0x0000, 0x0000, 0x0000, 0x0000,
    0x0000, 0x0000, 0x0000, 0x0000, 0x0000, 0x0000, 0x0000, 0x0000, 0x0000, 0x0000, 0x0000, 0x0000, 0x0000, 0x0000, 0x0000, 0x0000,
    0x0000, 0x0000, 0x0000, 0x0000, 0x0000, 0x0000, 0x0000, 0x0000, 0x0000, 0x0000, 0x0000, 0x0000, 0x0000, 0x0000, 0x0000, 0x0000,
    0x0000, 0x0000, 0x0000, 0x0000, 0x0000, 0x0000, 0x0000, 0x0000, 0x0000, 0x0000, 0x0000, 0x0000, 0x0000, 0x0000, 0x0000, 0x0000,
    0x0000, 0x0000, 0x0000, 0x0000, 0x0000, 0x0000, 0x0000, 0x0000, 0x0000, 0x0000, 0x0000, 0x0000, 0x0000, 0x0000, 0x0000, 0x0000,
    0x0000, 0x0000, 0x0000, 0x0000, 0x0000, 0x0000, 0x0000, 0x0000, 0x0000, 0x0000, 0x0000, 0x0000, 0x0000, 0x0000, 0x0000, 0x0000,
    0x0000, 0x0000, 0x0000, 0x0000, 0x0000, 0x0000, 0x0000, 0x0000, 0x0000, 0x0000, 0x0000, 0x0000, 0x0000, 0x0000, 0x0000, 0x0000,
    0x0000, 0x0000, 0x0000, 0x0000, 0x0000, 0x0000, 0x0000, 0x0000, 0x0000, 0x0000, 0x0000, 0x0000, 0x0000, 0x0000, 0x0000, 0x0000,
    0x0000, 0x0000, 0x0000, 0x0000, 0x0000, 0x0000, 0x0000, 0x0000, 0x0000, 0x0000, 0x0000, 0x0000, 0x0000, 0x0000, 0x0000, 0x0000
};

const short* const poke_mart_interior_tiles[300] = {
    poke_mart_interior_tile_0,
    poke_mart_interior_tile_1,
    poke_mart_interior_tile_2,
    poke_mart_interior_tile_3,
    poke_mart_interior_tile_4,
    poke_mart_interior_tile_5,
    poke_mart_interior_tile_6,
    poke_mart_interior_tile_7,
    poke_mart_interior_tile_8,
    poke_mart_interior_tile_9,
    poke_mart_interior_tile_10,
    poke_mart_interior_tile_11,
    poke_mart_interior_tile_12,
    poke_mart_interior_tile_13,
    poke_mart_interior_tile_14,
    poke_mart_interior_tile_15,
    poke_mart_interior_tile_16,
    poke_mart_interior_tile_17,
    poke_mart_interior_tile_18,
    poke_mart_interior_tile_19,
    poke_mart_interior_tile_20,
    poke_mart_interior_tile_21,
    poke_mart_interior_tile_22,
    poke_mart_interior_tile_23,
    poke_mart_interior_tile_24,
    poke_mart_interior_tile_25,
    poke_mart_interior_tile_26,
    poke_mart_interior_tile_27,
    poke_mart_interior_tile_28,
    poke_mart_interior_tile_29,
    poke_mart_interior_tile_30,
    poke_mart_interior_tile_31,
    poke_mart_interior_tile_32,
    poke_mart_interior_tile_33,
    poke_mart_interior_tile_34,
    poke_mart_interior_tile_35,
    poke_mart_interior_tile_36,
    poke_mart_interior_tile_37,
    poke_mart_interior_tile_38,
    poke_mart_interior_tile_39,
    poke_mart_interior_tile_40,
    poke_mart_interior_tile_41,
    poke_mart_interior_tile_42,
    poke_mart_interior_tile_43,
    poke_mart_interior_tile_44,
    poke_mart_interior_tile_45,
    poke_mart_interior_tile_46,
    poke_mart_interior_tile_47,
    poke_mart_interior_tile_48,
    poke_mart_interior_tile_49,
    poke_mart_interior_tile_50,
    poke_mart_interior_tile_51,
    poke_mart_interior_tile_52,
    poke_mart_interior_tile_53,
    poke_mart_interior_tile_54,
    poke_mart_interior_tile_55,
    poke_mart_interior_tile_56,
    poke_mart_interior_tile_57,
    poke_mart_interior_tile_58,
    poke_mart_interior_tile_59,
    poke_mart_interior_tile_60,
    poke_mart_interior_tile_61,
    poke_mart_interior_tile_62,
    poke_mart_interior_tile_63,
    poke_mart_interior_tile_64,
    poke_mart_interior_tile_65,
    poke_mart_interior_tile_66,
    poke_mart_interior_tile_67,
    poke_mart_interior_tile_68,
    poke_mart_interior_tile_69,
    poke_mart_interior_tile_70,
    poke_mart_interior_tile_71,
    poke_mart_interior_tile_72,
    poke_mart_interior_tile_73,
    poke_mart_interior_tile_74,
    poke_mart_interior_tile_75,
    poke_mart_interior_tile_76,
    poke_mart_interior_tile_77,
    poke_mart_interior_tile_78,
    poke_mart_interior_tile_79,
    poke_mart_interior_tile_80,
    poke_mart_interior_tile_81,
    poke_mart_interior_tile_82,
    poke_mart_interior_tile_83,
    poke_mart_interior_tile_84,
    poke_mart_interior_tile_85,
    poke_mart_interior_tile_86,
    poke_mart_interior_tile_87,
    poke_mart_interior_tile_88,
    poke_mart_interior_tile_89,
    poke_mart_interior_tile_90,
    poke_mart_interior_tile_91,
    poke_mart_interior_tile_92,
    poke_mart_interior_tile_93,
    poke_mart_interior_tile_94,
    poke_mart_interior_tile_95,
    poke_mart_interior_tile_96,
    poke_mart_interior_tile_97,
    poke_mart_interior_tile_98,
    poke_mart_interior_tile_99,
    poke_mart_interior_tile_100,
    poke_mart_interior_tile_101,
    poke_mart_interior_tile_102,
    poke_mart_interior_tile_103,
    poke_mart_interior_tile_104,
    poke_mart_interior_tile_105,
    poke_mart_interior_tile_106,
    poke_mart_interior_tile_107,
    poke_mart_interior_tile_108,
    poke_mart_interior_tile_109,
    poke_mart_interior_tile_110,
    poke_mart_interior_tile_111,
    poke_mart_interior_tile_112,
    poke_mart_interior_tile_113,
    poke_mart_interior_tile_114,
    poke_mart_interior_tile_115,
    poke_mart_interior_tile_116,
    poke_mart_interior_tile_117,
    poke_mart_interior_tile_118,
    poke_mart_interior_tile_119,
    poke_mart_interior_tile_120,
    poke_mart_interior_tile_121,
    poke_mart_interior_tile_122,
    poke_mart_interior_tile_123,
    poke_mart_interior_tile_124,
    poke_mart_interior_tile_125,
    poke_mart_interior_tile_126,
    poke_mart_interior_tile_127,
    poke_mart_interior_tile_128,
    poke_mart_interior_tile_129,
    poke_mart_interior_tile_130,
    poke_mart_interior_tile_131,
    poke_mart_interior_tile_132,
    poke_mart_interior_tile_133,
    poke_mart_interior_tile_134,
    poke_mart_interior_tile_135,
    poke_mart_interior_tile_136,
    poke_mart_interior_tile_137,
    poke_mart_interior_tile_138,
    poke_mart_interior_tile_139,
    poke_mart_interior_tile_140,
    poke_mart_interior_tile_141,
    poke_mart_interior_tile_142,
    poke_mart_interior_tile_143,
    poke_mart_interior_tile_144,
    poke_mart_interior_tile_145,
    poke_mart_interior_tile_146,
    poke_mart_interior_tile_147,
    poke_mart_interior_tile_148,
    poke_mart_interior_tile_149,
    poke_mart_interior_tile_150,
    poke_mart_interior_tile_151,
    poke_mart_interior_tile_152,
    poke_mart_interior_tile_153,
    poke_mart_interior_tile_154,
    poke_mart_interior_tile_155,
    poke_mart_interior_tile_156,
    poke_mart_interior_tile_157,
    poke_mart_interior_tile_158,
    poke_mart_interior_tile_159,
    poke_mart_interior_tile_160,
    poke_mart_interior_tile_161,
    poke_mart_interior_tile_162,
    poke_mart_interior_tile_163,
    poke_mart_interior_tile_164,
    poke_mart_interior_tile_165,
    poke_mart_interior_tile_166,
    poke_mart_interior_tile_167,
    poke_mart_interior_tile_168,
    poke_mart_interior_tile_169,
    poke_mart_interior_tile_170,
    poke_mart_interior_tile_171,
    poke_mart_interior_tile_172,
    poke_mart_interior_tile_173,
    poke_mart_interior_tile_174,
    poke_mart_interior_tile_175,
    poke_mart_interior_tile_176,
    poke_mart_interior_tile_177,
    poke_mart_interior_tile_178,
    poke_mart_interior_tile_179,
    poke_mart_interior_tile_180,
    poke_mart_interior_tile_181,
    poke_mart_interior_tile_182,
    poke_mart_interior_tile_183,
    poke_mart_interior_tile_184,
    poke_mart_interior_tile_185,
    poke_mart_interior_tile_186,
    poke_mart_interior_tile_187,
    poke_mart_interior_tile_188,
    poke_mart_interior_tile_189,
    poke_mart_interior_tile_190,
    poke_mart_interior_tile_191,
    poke_mart_interior_tile_192,
    poke_mart_interior_tile_193,
    poke_mart_interior_tile_194,
    poke_mart_interior_tile_195,
    poke_mart_interior_tile_196,
    poke_mart_interior_tile_197,
    poke_mart_interior_tile_198,
    poke_mart_interior_tile_199,
    poke_mart_interior_tile_200,
    poke_mart_interior_tile_201,
    poke_mart_interior_tile_202,
    poke_mart_interior_tile_203,
    poke_mart_interior_tile_204,
    poke_mart_interior_tile_205,
    poke_mart_interior_tile_206,
    poke_mart_interior_tile_207,
    poke_mart_interior_tile_208,
    poke_mart_interior_tile_209,
    poke_mart_interior_tile_210,
    poke_mart_interior_tile_211,
    poke_mart_interior_tile_212,
    poke_mart_interior_tile_213,
    poke_mart_interior_tile_214,
    poke_mart_interior_tile_215,
    poke_mart_interior_tile_216,
    poke_mart_interior_tile_217,
    poke_mart_interior_tile_218,
    poke_mart_interior_tile_219,
    poke_mart_interior_tile_220,
    poke_mart_interior_tile_221,
    poke_mart_interior_tile_222,
    poke_mart_interior_tile_223,
    poke_mart_interior_tile_224,
    poke_mart_interior_tile_225,
    poke_mart_interior_tile_226,
    poke_mart_interior_tile_227,
    poke_mart_interior_tile_228,
    poke_mart_interior_tile_229,
    poke_mart_interior_tile_230,
    poke_mart_interior_tile_231,
    poke_mart_interior_tile_232,
    poke_mart_interior_tile_233,
    poke_mart_interior_tile_234,
    poke_mart_interior_tile_235,
    poke_mart_interior_tile_236,
    poke_mart_interior_tile_237,
    poke_mart_interior_tile_238,
    poke_mart_interior_tile_239,
    poke_mart_interior_tile_240,
    poke_mart_interior_tile_241,
    poke_mart_interior_tile_242,
    poke_mart_interior_tile_243,
    poke_mart_interior_tile_244,
    poke_mart_interior_tile_245,
    poke_mart_interior_tile_246,
    poke_mart_interior_tile_247,
    poke_mart_interior_tile_248,
    poke_mart_interior_tile_249,
    poke_mart_interior_tile_250,
    poke_mart_interior_tile_251,
    poke_mart_interior_tile_252,
    poke_mart_interior_tile_253,
    poke_mart_interior_tile_254,
    poke_mart_interior_tile_255,
    poke_mart_interior_tile_256,
    poke_mart_interior_tile_257,
    poke_mart_interior_tile_258,
    poke_mart_interior_tile_259,
    poke_mart_interior_tile_260,
    poke_mart_interior_tile_261,
    poke_mart_interior_tile_262,
    poke_mart_interior_tile_263,
    poke_mart_interior_tile_264,
    poke_mart_interior_tile_265,
    poke_mart_interior_tile_266,
    poke_mart_interior_tile_267,
    poke_mart_interior_tile_268,
    poke_mart_interior_tile_269,
    poke_mart_interior_tile_270,
    poke_mart_interior_tile_271,
    poke_mart_interior_tile_272,
    poke_mart_interior_tile_273,
    poke_mart_interior_tile_274,
    poke_mart_interior_tile_275,
    poke_mart_interior_tile_276,
    poke_mart_interior_tile_277,
    poke_mart_interior_tile_278,
    poke_mart_interior_tile_279,
    poke_mart_interior_tile_280,
    poke_mart_interior_tile_281,
    poke_mart_interior_tile_282,
    poke_mart_interior_tile_283,
    poke_mart_interior_tile_284,
    poke_mart_interior_tile_285,
    poke_mart_interior_tile_286,
    poke_mart_interior_tile_287,
    poke_mart_interior_tile_288,
    poke_mart_interior_tile_289,
    poke_mart_interior_tile_290,
    poke_mart_interior_tile_291,
    poke_mart_interior_tile_292,
    poke_mart_interior_tile_293,
    poke_mart_interior_tile_294,
    poke_mart_interior_tile_295,
    poke_mart_interior_tile_296,
    poke_mart_interior_tile_297,
    poke_mart_interior_tile_298,
    poke_mart_interior_tile_299
};

const TileId preset_poke_mart_interior[MAP_HEIGHT][MAP_WIDTH] = {
    { TILE_POKE_MART_INTERIOR_START + 0, TILE_POKE_MART_INTERIOR_START + 1, TILE_POKE_MART_INTERIOR_START + 2, TILE_POKE_MART_INTERIOR_START + 3, TILE_POKE_MART_INTERIOR_START + 4, TILE_POKE_MART_INTERIOR_START + 5, TILE_POKE_MART_INTERIOR_START + 6, TILE_POKE_MART_INTERIOR_START + 7, TILE_POKE_MART_INTERIOR_START + 8, TILE_POKE_MART_INTERIOR_START + 9, TILE_POKE_MART_INTERIOR_START + 10, TILE_POKE_MART_INTERIOR_START + 11, TILE_POKE_MART_INTERIOR_START + 12, TILE_POKE_MART_INTERIOR_START + 13, TILE_POKE_MART_INTERIOR_START + 14, TILE_POKE_MART_INTERIOR_START + 15, TILE_POKE_MART_INTERIOR_START + 16, TILE_POKE_MART_INTERIOR_START + 17, TILE_POKE_MART_INTERIOR_START + 18, TILE_POKE_MART_INTERIOR_START + 19 },
    { TILE_POKE_MART_INTERIOR_START + 20, TILE_POKE_MART_INTERIOR_START + 21, TILE_POKE_MART_INTERIOR_START + 22, TILE_POKE_MART_INTERIOR_START + 23, TILE_POKE_MART_INTERIOR_START + 24, TILE_POKE_MART_INTERIOR_START + 25, TILE_POKE_MART_INTERIOR_START + 26, TILE_POKE_MART_INTERIOR_START + 27, TILE_POKE_MART_INTERIOR_START + 28, TILE_POKE_MART_INTERIOR_START + 29, TILE_POKE_MART_INTERIOR_START + 30, TILE_POKE_MART_INTERIOR_START + 31, TILE_POKE_MART_INTERIOR_START + 32, TILE_POKE_MART_INTERIOR_START + 33, TILE_POKE_MART_INTERIOR_START + 34, TILE_POKE_MART_INTERIOR_START + 35, TILE_POKE_MART_INTERIOR_START + 36, TILE_POKE_MART_INTERIOR_START + 37, TILE_POKE_MART_INTERIOR_START + 38, TILE_POKE_MART_INTERIOR_START + 39 },
    { TILE_POKE_MART_INTERIOR_START + 40, TILE_POKE_MART_INTERIOR_START + 41, TILE_POKE_MART_INTERIOR_START + 42, TILE_POKE_MART_INTERIOR_START + 43, TILE_POKE_MART_INTERIOR_START + 44, TILE_POKE_MART_INTERIOR_START + 45, TILE_POKE_MART_INTERIOR_START + 46, TILE_POKE_MART_INTERIOR_START + 47, TILE_POKE_MART_INTERIOR_START + 48, TILE_POKE_MART_INTERIOR_START + 49, TILE_POKE_MART_INTERIOR_START + 50, TILE_POKE_MART_INTERIOR_START + 51, TILE_POKE_MART_INTERIOR_START + 52, TILE_POKE_MART_INTERIOR_START + 53, TILE_POKE_MART_INTERIOR_START + 54, TILE_POKE_MART_INTERIOR_START + 55, TILE_POKE_MART_INTERIOR_START + 56, TILE_POKE_MART_INTERIOR_START + 57, TILE_POKE_MART_INTERIOR_START + 58, TILE_POKE_MART_INTERIOR_START + 59 },
    { TILE_POKE_MART_INTERIOR_START + 60, TILE_POKE_MART_INTERIOR_START + 61, TILE_POKE_MART_INTERIOR_START + 62, TILE_POKE_MART_INTERIOR_START + 63, TILE_POKE_MART_INTERIOR_START + 64, TILE_POKE_MART_INTERIOR_START + 65, TILE_POKE_MART_INTERIOR_START + 66, TILE_POKE_MART_INTERIOR_START + 67, TILE_POKE_MART_INTERIOR_START + 68, TILE_POKE_MART_INTERIOR_START + 69, TILE_POKE_MART_INTERIOR_START + 70, TILE_POKE_MART_INTERIOR_START + 71, TILE_POKE_MART_INTERIOR_START + 72, TILE_POKE_MART_INTERIOR_START + 73, TILE_POKE_MART_INTERIOR_START + 74, TILE_POKE_MART_INTERIOR_START + 75, TILE_POKE_MART_INTERIOR_START + 76, TILE_POKE_MART_INTERIOR_START + 77, TILE_POKE_MART_INTERIOR_START + 78, TILE_POKE_MART_INTERIOR_START + 79 },
    { TILE_POKE_MART_INTERIOR_START + 80, TILE_POKE_MART_INTERIOR_START + 81, TILE_POKE_MART_INTERIOR_START + 82, TILE_POKE_MART_INTERIOR_START + 83, TILE_POKE_MART_INTERIOR_START + 84, TILE_POKE_MART_INTERIOR_START + 85, TILE_POKE_MART_INTERIOR_START + 86, TILE_POKE_MART_INTERIOR_START + 87, TILE_POKE_MART_INTERIOR_START + 88, TILE_POKE_MART_INTERIOR_START + 89, TILE_POKE_MART_INTERIOR_START + 90, TILE_POKE_MART_INTERIOR_START + 91, TILE_POKE_MART_INTERIOR_START + 92, TILE_POKE_MART_INTERIOR_START + 93, TILE_POKE_MART_INTERIOR_START + 94, TILE_POKE_MART_INTERIOR_START + 95, TILE_POKE_MART_INTERIOR_START + 96, TILE_POKE_MART_INTERIOR_START + 97, TILE_POKE_MART_INTERIOR_START + 98, TILE_POKE_MART_INTERIOR_START + 99 },
    { TILE_POKE_MART_INTERIOR_START + 100, TILE_POKE_MART_INTERIOR_START + 101, TILE_POKE_MART_INTERIOR_START + 102, TILE_POKE_MART_INTERIOR_START + 103, TILE_POKE_MART_INTERIOR_START + 104, TILE_POKE_MART_INTERIOR_START + 105, TILE_POKE_MART_INTERIOR_START + 106, TILE_POKE_MART_INTERIOR_START + 107, TILE_POKE_MART_INTERIOR_START + 108, TILE_POKE_MART_INTERIOR_START + 109, TILE_POKE_MART_INTERIOR_START + 110, TILE_POKE_MART_INTERIOR_START + 111, TILE_POKE_MART_INTERIOR_START + 112, TILE_POKE_MART_INTERIOR_START + 113, TILE_POKE_MART_INTERIOR_START + 114, TILE_POKE_MART_INTERIOR_START + 115, TILE_POKE_MART_INTERIOR_START + 116, TILE_POKE_MART_INTERIOR_START + 117, TILE_POKE_MART_INTERIOR_START + 118, TILE_POKE_MART_INTERIOR_START + 119 },
    { TILE_POKE_MART_INTERIOR_START + 120, TILE_POKE_MART_INTERIOR_START + 121, TILE_POKE_MART_INTERIOR_START + 122, TILE_POKE_MART_INTERIOR_START + 123, TILE_POKE_MART_INTERIOR_START + 124, TILE_POKE_MART_INTERIOR_START + 125, TILE_POKE_MART_INTERIOR_START + 126, TILE_POKE_MART_INTERIOR_START + 127, TILE_POKE_MART_INTERIOR_START + 128, TILE_POKE_MART_INTERIOR_START + 129, TILE_POKE_MART_INTERIOR_START + 130, TILE_POKE_MART_INTERIOR_START + 131, TILE_POKE_MART_INTERIOR_START + 132, TILE_POKE_MART_INTERIOR_START + 133, TILE_POKE_MART_INTERIOR_START + 134, TILE_POKE_MART_INTERIOR_START + 135, TILE_POKE_MART_INTERIOR_START + 136, TILE_POKE_MART_INTERIOR_START + 137, TILE_POKE_MART_INTERIOR_START + 138, TILE_POKE_MART_INTERIOR_START + 139 },
    { TILE_POKE_MART_INTERIOR_START + 140, TILE_POKE_MART_INTERIOR_START + 141, TILE_POKE_MART_INTERIOR_START + 142, TILE_POKE_MART_INTERIOR_START + 143, TILE_POKE_MART_INTERIOR_START + 144, TILE_POKE_MART_INTERIOR_START + 145, TILE_POKE_MART_INTERIOR_START + 146, TILE_POKE_MART_INTERIOR_START + 147, TILE_POKE_MART_INTERIOR_START + 148, TILE_POKE_MART_INTERIOR_START + 149, TILE_POKE_MART_INTERIOR_START + 150, TILE_POKE_MART_INTERIOR_START + 151, TILE_POKE_MART_INTERIOR_START + 152, TILE_POKE_MART_INTERIOR_START + 153, TILE_POKE_MART_INTERIOR_START + 154, TILE_POKE_MART_INTERIOR_START + 155, TILE_POKE_MART_INTERIOR_START + 156, TILE_POKE_MART_INTERIOR_START + 157, TILE_POKE_MART_INTERIOR_START + 158, TILE_POKE_MART_INTERIOR_START + 159 },
    { TILE_POKE_MART_INTERIOR_START + 160, TILE_POKE_MART_INTERIOR_START + 161, TILE_POKE_MART_INTERIOR_START + 162, TILE_POKE_MART_INTERIOR_START + 163, TILE_POKE_MART_INTERIOR_START + 164, TILE_POKE_MART_INTERIOR_START + 165, TILE_POKE_MART_INTERIOR_START + 166, TILE_POKE_MART_INTERIOR_START + 167, TILE_POKE_MART_INTERIOR_START + 168, TILE_POKE_MART_INTERIOR_START + 169, TILE_POKE_MART_INTERIOR_START + 170, TILE_POKE_MART_INTERIOR_START + 171, TILE_POKE_MART_INTERIOR_START + 172, TILE_POKE_MART_INTERIOR_START + 173, TILE_POKE_MART_INTERIOR_START + 174, TILE_POKE_MART_INTERIOR_START + 175, TILE_POKE_MART_INTERIOR_START + 176, TILE_POKE_MART_INTERIOR_START + 177, TILE_POKE_MART_INTERIOR_START + 178, TILE_POKE_MART_INTERIOR_START + 179 },
    { TILE_POKE_MART_INTERIOR_START + 180, TILE_POKE_MART_INTERIOR_START + 181, TILE_POKE_MART_INTERIOR_START + 182, TILE_POKE_MART_INTERIOR_START + 183, TILE_POKE_MART_INTERIOR_START + 184, TILE_POKE_MART_INTERIOR_START + 185, TILE_POKE_MART_INTERIOR_START + 186, TILE_POKE_MART_INTERIOR_START + 187, TILE_POKE_MART_INTERIOR_START + 188, TILE_POKE_MART_INTERIOR_START + 189, TILE_POKE_MART_INTERIOR_START + 190, TILE_POKE_MART_INTERIOR_START + 191, TILE_POKE_MART_INTERIOR_START + 192, TILE_POKE_MART_INTERIOR_START + 193, TILE_POKE_MART_INTERIOR_START + 194, TILE_POKE_MART_INTERIOR_START + 195, TILE_POKE_MART_INTERIOR_START + 196, TILE_POKE_MART_INTERIOR_START + 197, TILE_POKE_MART_INTERIOR_START + 198, TILE_POKE_MART_INTERIOR_START + 199 },
    { TILE_POKE_MART_INTERIOR_START + 200, TILE_POKE_MART_INTERIOR_START + 201, TILE_POKE_MART_INTERIOR_START + 202, TILE_POKE_MART_INTERIOR_START + 203, TILE_POKE_MART_INTERIOR_START + 204, TILE_POKE_MART_INTERIOR_START + 205, TILE_POKE_MART_INTERIOR_START + 206, TILE_POKE_MART_INTERIOR_START + 207, TILE_POKE_MART_INTERIOR_START + 208, TILE_POKE_MART_INTERIOR_START + 209, TILE_POKE_MART_INTERIOR_START + 210, TILE_POKE_MART_INTERIOR_START + 211, TILE_POKE_MART_INTERIOR_START + 212, TILE_POKE_MART_INTERIOR_START + 213, TILE_POKE_MART_INTERIOR_START + 214, TILE_POKE_MART_INTERIOR_START + 215, TILE_POKE_MART_INTERIOR_START + 216, TILE_POKE_MART_INTERIOR_START + 217, TILE_POKE_MART_INTERIOR_START + 218, TILE_POKE_MART_INTERIOR_START + 219 },
    { TILE_POKE_MART_INTERIOR_START + 220, TILE_POKE_MART_INTERIOR_START + 221, TILE_POKE_MART_INTERIOR_START + 222, TILE_POKE_MART_INTERIOR_START + 223, TILE_POKE_MART_INTERIOR_START + 224, TILE_POKE_MART_INTERIOR_START + 225, TILE_POKE_MART_INTERIOR_START + 226, TILE_POKE_MART_INTERIOR_START + 227, TILE_POKE_MART_INTERIOR_START + 228, TILE_POKE_MART_INTERIOR_START + 229, TILE_POKE_MART_INTERIOR_START + 230, TILE_POKE_MART_INTERIOR_START + 231, TILE_POKE_MART_INTERIOR_START + 232, TILE_POKE_MART_INTERIOR_START + 233, TILE_POKE_MART_INTERIOR_START + 234, TILE_POKE_MART_INTERIOR_START + 235, TILE_POKE_MART_INTERIOR_START + 236, TILE_POKE_MART_INTERIOR_START + 237, TILE_POKE_MART_INTERIOR_START + 238, TILE_POKE_MART_INTERIOR_START + 239 },
    { TILE_POKE_MART_INTERIOR_START + 240, TILE_POKE_MART_INTERIOR_START + 241, TILE_POKE_MART_INTERIOR_START + 242, TILE_POKE_MART_INTERIOR_START + 243, TILE_POKE_MART_INTERIOR_START + 244, TILE_POKE_MART_INTERIOR_START + 245, TILE_POKE_MART_INTERIOR_START + 246, TILE_POKE_MART_INTERIOR_START + 247, TILE_POKE_MART_INTERIOR_START + 248, TILE_POKE_MART_INTERIOR_START + 249, TILE_POKE_MART_INTERIOR_START + 250, TILE_POKE_MART_INTERIOR_START + 251, TILE_POKE_MART_INTERIOR_START + 252, TILE_POKE_MART_INTERIOR_START + 253, TILE_POKE_MART_INTERIOR_START + 254, TILE_POKE_MART_INTERIOR_START + 255, TILE_POKE_MART_INTERIOR_START + 256, TILE_POKE_MART_INTERIOR_START + 257, TILE_POKE_MART_INTERIOR_START + 258, TILE_POKE_MART_INTERIOR_START + 259 },
    { TILE_POKE_MART_INTERIOR_START + 260, TILE_POKE_MART_INTERIOR_START + 261, TILE_POKE_MART_INTERIOR_START + 262, TILE_POKE_MART_INTERIOR_START + 263, TILE_POKE_MART_INTERIOR_START + 264, TILE_POKE_MART_INTERIOR_START + 265, TILE_POKE_MART_INTERIOR_START + 266, TILE_POKE_MART_INTERIOR_START + 267, TILE_POKE_MART_INTERIOR_START + 268, TILE_POKE_MART_INTERIOR_START + 269, TILE_POKE_MART_INTERIOR_START + 270, TILE_POKE_MART_INTERIOR_START + 271, TILE_POKE_MART_INTERIOR_START + 272, TILE_POKE_MART_INTERIOR_START + 273, TILE_POKE_MART_INTERIOR_START + 274, TILE_POKE_MART_INTERIOR_START + 275, TILE_POKE_MART_INTERIOR_START + 276, TILE_POKE_MART_INTERIOR_START + 277, TILE_POKE_MART_INTERIOR_START + 278, TILE_POKE_MART_INTERIOR_START + 279 },
    { TILE_POKE_MART_INTERIOR_START + 280, TILE_POKE_MART_INTERIOR_START + 281, TILE_POKE_MART_INTERIOR_START + 282, TILE_POKE_MART_INTERIOR_START + 283, TILE_POKE_MART_INTERIOR_START + 284, TILE_POKE_MART_INTERIOR_START + 285, TILE_POKE_MART_INTERIOR_START + 286, TILE_POKE_MART_INTERIOR_START + 287, TILE_POKE_MART_INTERIOR_START + 288, TILE_POKE_MART_INTERIOR_START + 289, TILE_POKE_MART_INTERIOR_START + 290, TILE_POKE_MART_INTERIOR_START + 291, TILE_POKE_MART_INTERIOR_START + 292, TILE_POKE_MART_INTERIOR_START + 293, TILE_POKE_MART_INTERIOR_START + 294, TILE_POKE_MART_INTERIOR_START + 295, TILE_POKE_MART_INTERIOR_START + 296, TILE_POKE_MART_INTERIOR_START + 297, TILE_POKE_MART_INTERIOR_START + 298, TILE_POKE_MART_INTERIOR_START + 299 }
};
