#include "battleUIBackgroundSprite.h"

const unsigned short battleUIBackgroundSprite[BATTLE_UI_BACKGROUND_WIDTH * BATTLE_UI_BACKGROUND_HEIGHT] = {
    0x9613, 0x9613, 0x9613, 0x9613, 0x9613, 0x9613, 0x9613, 0x9613, 0x9613, 0x9613, 0x9613, 0x9613, 0x9613, 0x9E95, 0xA6F6, 0xA717,
    0xA717, 0xA717, 0xA717, 0xA717, 0xA717, 0xA717, 0xA717, 0xA717, 0xA717, 0xA717, 0xA717, 0xA717, 0xA717, 0xA717, 0xA717, 0xA717,
    0xA717, 0xA717, 0xA717, 0xA717, 0xA717, 0xA717, 0xA717, 0xA717, 0x9EF6, 0x9EB5, 0x9674, 0x9633, 0x9613, 0x9613, 0x9613, 0x9E56,
    0x9E79, 0x9E78, 0x9E56, 0x9E55, 0x9E95, 0x9EB5, 0xA6D5, 0xAEF5, 0xAF36, 0xAF57, 0xB777, 0xB777, 0xB757, 0xAF56, 0xAF16, 0xA6D5,
    0xA6B5, 0x9E95, 0x9654, 0x9613, 0x9613, 0x9613, 0x9614, 0x9636, 0x9E56, 0x9E56, 0x9E56, 0x9E56, 0x9636, 0x9636, 0x9636, 0x9636,
    0x9636, 0x9614, 0x9613, 0x9633, 0x9E74, 0x9EB6, 0x9ED7, 0x9EB7, 0x9E77, 0x9E56, 0x9E56, 0x9636, 0x9636, 0x9636, 0x9636, 0x9636,
    0x9E56, 0x9E56, 0x9E56, 0x9E56, 0x9635, 0x9613, 0x9613, 0x9613, 0x9633, 0x9674, 0x9EB5, 0xA6D5, 0xA6D5, 0x9EB5, 0x9E95, 0x9654,
    0x9613, 0x9613, 0x9613, 0x9633, 0x9674, 0x9EB5, 0x9EF6, 0xA717, 0xA717, 0xA717, 0xA717, 0xA717, 0xA717, 0xA717, 0xA717, 0xA717,
    0xA717, 0xA717, 0xA717, 0xA717, 0xA717, 0xA717, 0xA717, 0xA717, 0xA717, 0xA717, 0xA717, 0xA717, 0xA717, 0xA717, 0xA717, 0xA717,
    0xA717, 0xA717, 0xA717, 0xA717, 0xA717, 0xA717, 0xA717, 0xA717, 0xA717, 0xA717, 0xA717, 0xA717, 0xA717, 0xA717, 0xA717, 0xA717,
    0xA717, 0xA717, 0xA717, 0xA717, 0xA717, 0xA717, 0xA717, 0xA717, 0xA717, 0xA717, 0xA717, 0xA717, 0xA717, 0xA717, 0xA717, 0xA717,
    0xA717, 0xA717, 0xA717, 0xA717, 0xA717, 0xA717, 0xA717, 0xA717, 0xA717, 0xA717, 0xA717, 0xA717, 0xA717, 0x9EF6, 0x9EB5, 0x9674,
    0x9633, 0x9613, 0x9613, 0x9613, 0xA673, 0xB6D3, 0xBEF3, 0xBEF3, 0xBED4, 0xBEB4, 0xAE74, 0x9E33, 0x9E33, 0xAE93, 0xB6D3, 0xBEF3,
    0xBEF3, 0xAE93, 0x9E53, 0xA633, 0xAE34, 0xBE35, 0xC655, 0xC655, 0xBE55, 0xAE34, 0x9E13, 0x9613, 0x9613, 0x9E13, 0xB635, 0xCE56,
    0xCE56, 0xCE56, 0xCE56, 0xCE56, 0xCE56, 0xCE56, 0xCE56, 0xCE56, 0xCE56, 0xCE56, 0xCE56, 0xCE56, 0xBE35, 0xAE34, 0x9E13, 0x9613,
    0x9613, 0x9613, 0x9613, 0xAE34, 0xCE56, 0xCE56, 0xCE56, 0xCE56, 0xCE56, 0xBE35, 0xAE34, 0xA633, 0xA653, 0xA673, 0xAEB3, 0xBED3,
    0xBEF3, 0xBEF3, 0xB6B3, 0xAE93, 0xAE53, 0xAE34, 0xBE35, 0xC655, 0xCE56, 0xCE56, 0xCE56, 0xCE56, 0xCE56, 0xCE56, 0xCE56, 0xCE56,
    0xCE56, 0xCE56, 0xC635, 0xA614, 0x9613, 0x9613, 0x9613, 0x9633, 0x9674, 0x9674, 0x9674, 0x9654, 0x9613, 0x9613, 0x9613, 0x9613,
    0x9613, 0x9613, 0x9613, 0x9613, 0x9613, 0x9613, 0x9633, 0x9674, 0x9EB5, 0x9EF6, 0xA717, 0xA717, 0xA717, 0xA717, 0xA717, 0xA717,
    0xA717, 0xA717, 0xA717, 0xA717, 0x9EF6, 0x9EB5, 0x9674, 0x9633, 0x9613, 0x9613, 0x9613, 0x9613, 0x9613, 0x9613, 0x9613, 0x9613,
    0x9613, 0x9613, 0x9613, 0x9613, 0x9613, 0x9613, 0x9613, 0x9613, 0x9613, 0x9613, 0x9613, 0x9613, 0x9613, 0x9E95, 0x9EF6, 0xA6F6,
    0xA717, 0xA717, 0xA717, 0xA717, 0xA717, 0xA717, 0xA717, 0xA717, 0xA717, 0xA717, 0xA717, 0xA717, 0xA717, 0xA717, 0xA717, 0xA717,
    0xA717, 0xA717, 0xA717, 0xA717, 0xA717, 0xA717, 0xA717, 0xA717, 0x9ED6, 0x9654, 0x9613, 0x9613, 0x9613, 0x9613, 0x9613, 0x9E56,
    0x9E79, 0x9E57, 0x9613, 0x9674, 0x9ED6, 0xAF37, 0xB777, 0xBF97, 0xBF97, 0xBF97, 0xBF97, 0xBF97, 0xBF97, 0xBF97, 0xBF97, 0xBF97,
    0xAF57, 0xA717, 0x9EB5, 0x9633, 0x9613, 0x9613, 0x9635, 0x9E78, 0x9E99, 0xA699, 0x9E78, 0x9635, 0x9613, 0x9613, 0x9613, 0x9613,
    0x9613, 0x9613, 0x9613, 0x9674, 0x9EF6, 0xA717, 0xA717, 0xA6F7, 0xA6B9, 0x9E78, 0x9635, 0x9613, 0x9613, 0x9613, 0x9613, 0x9613,
    0x9E56, 0x9E99, 0xA699, 0x9E99, 0x9E57, 0x9614, 0x9613, 0x9613, 0x9654, 0x9ED5, 0xA717, 0xB757, 0xB777, 0xAF37, 0x9EF6, 0x9E74,
    0x9613, 0x9613, 0x9613, 0x9613, 0x9613, 0x9674, 0x9ED6, 0xA717, 0xA717, 0xA717, 0xA717, 0xA717, 0xA717, 0xA717, 0xA717, 0xA717,
    0xA717, 0xA717, 0xA717, 0xA717, 0xA717, 0xA717, 0xA717, 0xA717, 0xA717, 0xA717, 0xA717, 0xA717, 0xA717, 0xA717, 0xA717, 0xA717,
    0xA717, 0xA717, 0xA717, 0xA717, 0xA717, 0xA717, 0xA717, 0xA717, 0xA717, 0xA717, 0xA717, 0xA717, 0xA717, 0xA717, 0xA717, 0xA717,
    0xA717, 0xA717, 0xA717, 0xA717, 0xA717, 0xA717, 0xA717, 0xA717, 0xA717, 0xA717, 0xA717, 0xA717, 0xA717, 0xA717, 0xA717, 0xA717,
    0xA717, 0xA717, 0xA717, 0xA717, 0xA717, 0xA717, 0xA717, 0xA717, 0xA717, 0xA717, 0xA717, 0xA717, 0xA717, 0x9ED6, 0x9654, 0x9613,
    0x9613, 0x9613, 0x9613, 0x9613, 0xA693, 0xBEF3, 0xC714, 0xBEF4, 0xBEB4, 0xB674, 0xA634, 0x9E13, 0x9E53, 0xB6B3, 0xC714, 0xC714,
    0xBEF3, 0xB6B3, 0xA673, 0x9E53, 0x9613, 0xAE34, 0xC635, 0xBE55, 0xB655, 0xA634, 0x9613, 0x9613, 0x9613, 0x9E13, 0xB635, 0xC656,
    0xCE56, 0xCE56, 0xCE56, 0xCE56, 0xCE56, 0xCE56, 0xCE56, 0xCE56, 0xCE56, 0xCE56, 0xCE56, 0xC656, 0xBE35, 0x9E13, 0x9613, 0x9613,
    0x9613, 0x9613, 0x9613, 0xAE34, 0xCE56, 0xCE56, 0xC656, 0xC656, 0xC655, 0xB634, 0x9E13, 0x9E33, 0xA673, 0xAEB3, 0xBEF3, 0xC714,
    0xC714, 0xC714, 0xC714, 0xBEF3, 0xA673, 0x9613, 0xAE34, 0xC635, 0xC656, 0xCE56, 0xCE56, 0xCE56, 0xCE56, 0xCE56, 0xCE56, 0xCE56,
    0xCE56, 0xCE56, 0xC635, 0xA614, 0x9613, 0x9613, 0x9613, 0x9613, 0x9613, 0x9613, 0x9613, 0x9613, 0x9613, 0x9613, 0x9613, 0x9613,
    0x9613, 0x9613, 0x9613, 0x9613, 0x9613, 0x9613, 0x9613, 0x9613, 0x9674, 0x9EF6, 0xA717, 0xA717, 0xA717, 0xA717, 0xA717, 0xA717,
    0xA717, 0xA717, 0xA717, 0xA6F6, 0x9EF6, 0x9674, 0x9613, 0x9613, 0x9613, 0x9613, 0x9613, 0x9613, 0x9613, 0x9613, 0x9613, 0x9613,
    0x9613, 0x9613, 0x9613, 0x9613, 0x9613, 0x9613, 0x9613, 0x9613, 0x9613, 0x9613, 0x9613, 0x9613, 0x9613, 0x9654, 0x9E95, 0x9EB5,
    0x9EF6, 0xA717, 0xA717, 0xA717, 0xA717, 0xA717, 0xA717, 0xA717, 0xA717, 0xA717, 0xA717, 0xA717, 0xA717, 0xA717, 0xA717, 0xA717,
    0xA717, 0xA717, 0xA717, 0xA717, 0xA717, 0xA717, 0xA717, 0xA717, 0x9ED6, 0x9654, 0x9613, 0x9613, 0x9613, 0x9634, 0x9E56, 0x9E56,
    0x9E56, 0x9E75, 0x9E75, 0x9ED5, 0xAF36, 0xB757, 0xB777, 0xBF97, 0xBF97, 0xBF97, 0xBF97, 0xBF97, 0xBF97, 0xBF97, 0xBF97, 0xBF97,
    0xB777, 0xAF57, 0xAF16, 0xA6D5, 0x9E94, 0x9633, 0x9614, 0x9635, 0x9E57, 0x9E97, 0x9EB7, 0x9E96, 0x9E75, 0x9E55, 0x9E36, 0x9634,
    0x9613, 0x9633, 0x9674, 0x9EB5, 0x9EF6, 0xA717, 0xA717, 0xA6F7, 0xA6D8, 0x9EB8, 0x9E77, 0x9636, 0x9614, 0x9613, 0x9654, 0x9E95,
    0x9EB6, 0xA6D8, 0x9E97, 0x9E56, 0x9635, 0x9613, 0x9633, 0x9674, 0x9EB5, 0xA716, 0xAF57, 0xB777, 0xB777, 0xB757, 0xAF36, 0xA6D5,
    0x9E95, 0x9654, 0x9613, 0x9613, 0x9613, 0x9674, 0x9ED6, 0xA717, 0xA717, 0xA717, 0xA717, 0xA717, 0xA717, 0xA717, 0xA717, 0xA717,
    0xA717, 0xA717, 0xA717, 0xA717, 0xA717, 0xA717, 0xA717, 0xA717, 0xA717, 0xA717, 0xA717, 0xA717, 0xA717, 0xA717, 0xA717, 0xA717,
    0xA717, 0xA717, 0xA717, 0xA717, 0xA717, 0xA717, 0xA717, 0xA717, 0xA717, 0xA717, 0xA717, 0xA717, 0xA717, 0xA717, 0xA717, 0xA717,
    0xA717, 0xA717, 0xA717, 0xA717, 0xA717, 0xA717, 0xA717, 0xA717, 0xA717, 0xA717, 0xA717, 0xA717, 0xA717, 0xA717, 0xA717, 0xA717,
    0xA717, 0xA717, 0xA717, 0xA717, 0xA717, 0xA717, 0xA717, 0xA717, 0xA717, 0xA717, 0xA717, 0xA717, 0xA717, 0x9ED6, 0x9654, 0x9613,
    0x9613, 0x9613, 0x9633, 0x9E53, 0xAE93, 0xBEF3, 0xBED4, 0xBEB4, 0xB694, 0xB654, 0xA634, 0x9E13, 0x9E53, 0xB6B3, 0xC714, 0xC714,
    0xBEF3, 0xBED3, 0xB6B3, 0xA653, 0x9613, 0xAE34, 0xC635, 0xBE35, 0xA634, 0x9E13, 0x9613, 0x9613, 0x9613, 0x9E13, 0xAE34, 0xBE55,
    0xC655, 0xCE56, 0xCE56, 0xCE56, 0xCE56, 0xCE56, 0xCE56, 0xCE56, 0xCE56, 0xCE56, 0xC655, 0xBE55, 0xB634, 0x9E13, 0x9613, 0xA653,
    0xA673, 0x9E33, 0x9613, 0xAE34, 0xCE56, 0xC655, 0xBE55, 0xB635, 0xAE34, 0xAE54, 0xAE73, 0xAE93, 0xB6B3, 0xB6D3, 0xBEF3, 0xC714,
    0xC714, 0xC714, 0xC714, 0xBEF4, 0xB6B3, 0xAE93, 0xAE54, 0xAE34, 0xBE35, 0xC635, 0xCE56, 0xCE56, 0xCE56, 0xCE56, 0xCE56, 0xCE56,
    0xCE56, 0xCE56, 0xC635, 0xB634, 0x9E33, 0x9613, 0x9613, 0x9613, 0x9613, 0x9613, 0x9613, 0x9613, 0x9E33, 0x9E53, 0xA673, 0xAE93,
    0xAE93, 0xA673, 0xA653, 0x9E33, 0x9613, 0x9613, 0x9613, 0x9613, 0x9674, 0x9EF6, 0xA717, 0xA717, 0xA717, 0xA717, 0xA717, 0xA717,
    0xA717, 0xA717, 0x9EF6, 0x9EB5, 0x9674, 0x9633, 0x9613, 0x9613, 0x9613, 0x9613, 0x9613, 0x9613, 0x9613, 0x9613, 0x9613, 0x9613,
    0x9613, 0x9613, 0x9613, 0x9613, 0x9613, 0x9613, 0x9613, 0x9613, 0x9613, 0x9613, 0x9613, 0x9613, 0x9613, 0x9613, 0x9613, 0x9674,
    0x9EF6, 0xA717, 0xA717, 0xA717, 0xA717, 0xA717, 0xA717, 0xA717, 0xA717, 0xA717, 0xA717, 0xA717, 0xA717, 0xA717, 0xA717, 0xA717,
    0xA717, 0xA717, 0xA717, 0xA717, 0xA717, 0xA717, 0xA717, 0xA717, 0x9ED6, 0x9654, 0x9613, 0x9613, 0x9613, 0x9E56, 0x9E79, 0x9E56,
    0x9613, 0x9674, 0x9EF6, 0xAF36, 0xB777, 0xB797, 0xBF97, 0xBF97, 0xBF97, 0xBF97, 0xBF97, 0xBF97, 0xBF97, 0xBF97, 0xBF97, 0xBF97,
    0xBF97, 0xB797, 0xB777, 0xB776, 0xAEF5, 0x9653, 0x9613, 0x9613, 0x9654, 0x9EB5, 0xA6F7, 0xA6F7, 0x9EF7, 0x9EB8, 0x9E79, 0x9636,
    0x9613, 0x9674, 0x9EF6, 0xA6F6, 0xA717, 0xA717, 0xA717, 0xA717, 0xA6F7, 0xA6F7, 0xA6B8, 0x9E78, 0x9635, 0x9613, 0x9E95, 0x9EF6,
    0xA6F7, 0xA6F7, 0x9E95, 0x9613, 0x9613, 0x9613, 0x9654, 0x9ED6, 0xA716, 0xB757, 0xB797, 0xBF97, 0xBF97, 0xBF97, 0xB777, 0xAF36,
    0x9EF6, 0x9E95, 0x9613, 0x9613, 0x9613, 0x9674, 0x9ED6, 0xA717, 0xA717, 0xA717, 0xA717, 0xA717, 0xA717, 0xA717, 0xA717, 0xA717,
    0xA717, 0xA717, 0xA717, 0xA717, 0xA717, 0xA717, 0xA717, 0xA717, 0xA717, 0xA717, 0xA717, 0xA717, 0xA717, 0xA717, 0xA717, 0xA717,
    0xA717, 0xA717, 0xA717, 0xA717, 0xA717, 0xA717, 0xA717, 0xA717, 0xA717, 0xA717, 0xA717, 0xA717, 0xA717, 0xA717, 0xA717, 0xA717,
    0xA717, 0xA717, 0xA717, 0xA717, 0xA717, 0xA717, 0xA717, 0xA717, 0xA717, 0xA717, 0xA717, 0xA717, 0xA717, 0xA717, 0xA717, 0xA717,
    0xA717, 0xA717, 0xA717, 0xA717, 0xA717, 0xA717, 0xA717, 0xA717, 0xA717, 0xA717, 0xA717, 0xA717, 0xA717, 0x9ED6, 0x9654, 0x9613,
    0x9613, 0x9613, 0x9E53, 0xA693, 0xB6B3, 0xBEF3, 0xBEB4, 0xB654, 0xB655, 0xB655, 0xA634, 0x9E13, 0x9E53, 0xB6B3, 0xC714, 0xC714,
    0xC714, 0xBF14, 0xBEF3, 0xA673, 0x9613, 0xAE34, 0xC635, 0xB634, 0x9E13, 0x9613, 0x9613, 0x9613, 0x9613, 0x9E13, 0xA634, 0xB655,
    0xBE55, 0xCE56, 0xCE56, 0xCE56, 0xCE56, 0xCE56, 0xCE56, 0xCE56, 0xCE56, 0xCE56, 0xC655, 0xB655, 0xA634, 0x9E13, 0x9E33, 0xB6B3,
    0xB6D3, 0xA673, 0x9613, 0xAE34, 0xC656, 0xBE55, 0xB655, 0xA634, 0x9613, 0xA673, 0xBED3, 0xBEF4, 0xBEF4, 0xBEF4, 0xC714, 0xC714,
    0xC714, 0xC714, 0xC714, 0xC714, 0xBEF4, 0xBEF3, 0xAE93, 0x9613, 0xAE34, 0xC635, 0xCE56, 0xCE56, 0xCE56, 0xCE56, 0xCE56, 0xCE56,
    0xCE56, 0xCE56, 0xC655, 0xBE55, 0xAE34, 0x9E33, 0x9613, 0x9613, 0x9613, 0x9613, 0x9613, 0x9E33, 0xA673, 0xAEB3, 0xBEF3, 0xBEF4,
    0xBEF4, 0xBEF3, 0xB6B3, 0xA673, 0x9E33, 0x9613, 0x9613, 0x9613, 0x9674, 0x9EF6, 0xA717, 0xA717, 0xA717, 0xA717, 0xA717, 0xA717,
    0xA717, 0xA717, 0x9ED6, 0x9674, 0x9613, 0x9613, 0x9613, 0x9613, 0x9613, 0x9613, 0x9613, 0x9613, 0x9613, 0x9613, 0x9613, 0x9613,
    0x9613, 0x9613, 0x9613, 0x9613, 0x9613, 0x9613, 0x9613, 0x9613, 0x9613, 0x9613, 0x9613, 0x9613, 0x9613, 0x9613, 0x9613, 0x9674,
    0x9EF6, 0xA717, 0xA717, 0xA717, 0xA717, 0xA717, 0xA717, 0xA717, 0xA717, 0xA717, 0xA717, 0xA717, 0xA717, 0xA717, 0xA717, 0xA717,
    0xA717, 0xA717, 0xA717, 0xA717, 0xA717, 0xA717, 0xA717, 0xA717, 0x9ED6, 0x9654, 0x9613, 0x9613, 0x9613, 0x9635, 0x9E56, 0x9635,
    0x9613, 0x9E94, 0xAF16, 0xAF57, 0xB777, 0xBF97, 0xBF97, 0xBF97, 0xBF97, 0xBF97, 0xBF97, 0xBF97, 0xBF97, 0xBF97, 0xBF97, 0xBF97,
    0xBF97, 0xBF97, 0xBF97, 0xBF97, 0xAF36, 0x9EB5, 0x9654, 0x9613, 0x9634, 0x9E96, 0xA6D8, 0xA6F7, 0xA6F7, 0xA6D8, 0x9EB8, 0x9E96,
    0x9674, 0x9EB5, 0x9EF6, 0xA717, 0xA717, 0xA717, 0xA717, 0xA717, 0xA717, 0xA6F7, 0xA6D8, 0x9EB8, 0x9E96, 0x9E95, 0x9ED6, 0xA717,
    0xA6F7, 0xA6D8, 0x9E76, 0x9613, 0x9633, 0x9674, 0x9EB5, 0xA716, 0xAF57, 0xB777, 0xBF97, 0xBF97, 0xBF97, 0xBF97, 0xB777, 0xB757,
    0xAF36, 0x9EB5, 0x9613, 0x9613, 0x9613, 0x9633, 0x9E74, 0x9EB5, 0x9EF6, 0xA717, 0xA717, 0xA717, 0xA717, 0xA717, 0xA717, 0xA717,
    0xA717, 0xA717, 0xA717, 0xA717, 0xA717, 0xA717, 0xA717, 0xA717, 0xA717, 0xA717, 0xA717, 0xA717, 0xA717, 0xA717, 0xA717, 0xA717,
    0xA717, 0xA717, 0xA717, 0xA717, 0xA717, 0xA717, 0xA717, 0xA717, 0xA717, 0xA717, 0xA717, 0xA717, 0xA717, 0xA717, 0xA717, 0xA717,
    0xA717, 0xA717, 0xA717, 0xA717, 0xA717, 0xA717, 0xA717, 0xA717, 0xA717, 0xA717, 0xA717, 0xA717, 0xA717, 0xA717, 0xA717, 0xA717,
    0xA717, 0xA717, 0xA717, 0xA717, 0xA717, 0xA717, 0xA717, 0xA717, 0xA717, 0xA717, 0xA717, 0xA717, 0xA717, 0x9ED6, 0x9654, 0x9613,
    0x9613, 0x9613, 0xA673, 0xB6B3, 0xBED3, 0xBEF4, 0xBEB4, 0xBE55, 0xB635, 0xA634, 0x9E33, 0x9E33, 0xA673, 0xB6D3, 0xC714, 0xC714,
    0xC714, 0xC714, 0xBEF4, 0xB6B3, 0xA673, 0xAE54, 0xAE34, 0xA614, 0x9613, 0x9633, 0xA653, 0xA673, 0x9E53, 0x9E33, 0x9E33, 0xAE34,
    0xBE35, 0xCE56, 0xCE56, 0xCE56, 0xCE56, 0xCE56, 0xCE56, 0xCE56, 0xCE56, 0xCE56, 0xBE35, 0xAE34, 0xA633, 0x9E33, 0xA673, 0xB6D3,
    0xBED3, 0xA673, 0x9613, 0xA613, 0xAE34, 0xAE34, 0xA634, 0xA653, 0xA673, 0xAEB3, 0xBEF3, 0xC714, 0xC714, 0xC714, 0xC714, 0xC714,
    0xC714, 0xC714, 0xC714, 0xC714, 0xC714, 0xBEF4, 0xAEB3, 0x9E53, 0xA633, 0xAE34, 0xBE35, 0xC635, 0xCE56, 0xCE56, 0xCE56, 0xCE56,
    0xCE56, 0xCE56, 0xC655, 0xBE55, 0xAE34, 0x9E33, 0x9613, 0x9613, 0x9613, 0x9613, 0x9E33, 0xA673, 0xAEB3, 0xB6D3, 0xBEF3, 0xC714,
    0xC714, 0xBEF3, 0xB6D3, 0xAEB3, 0x9E53, 0x9613, 0x9613, 0x9613, 0x9654, 0x9E95, 0x9ED6, 0x9EF6, 0xA717, 0xA717, 0xA717, 0xA717,
    0xA717, 0xA717, 0x9ED6, 0x9674, 0x9613, 0x9613, 0x9613, 0x9613, 0x9613, 0x9613, 0x9613, 0x9613, 0x9613, 0x9613, 0x9613, 0x9613,
    0x9613, 0x9613, 0x9613, 0x9613, 0x9613, 0x9613, 0x9613, 0x9613, 0x9613, 0x9613, 0x9613, 0x9613, 0x9613, 0x9613, 0x9613, 0x9674,
    0x9EF6, 0xA717, 0xA717, 0xA717, 0xA717, 0xA717, 0xA717, 0xA717, 0xA717, 0xA717, 0xA717, 0xA717, 0xA717, 0xA717, 0xA717, 0xA717,
    0xA717, 0xA717, 0xA717, 0xA717, 0xA717, 0xA717, 0xA717, 0xA717, 0x9ED6, 0x9654, 0x9613, 0x9613, 0x9613, 0x9613, 0x9613, 0x9613,
    0x9613, 0xA6B4, 0xB756, 0xB777, 0xBF97, 0xBF97, 0xBF97, 0xBF97, 0xBF97, 0xBF97, 0xBF97, 0xBF97, 0xBF97, 0xBF97, 0xBF97, 0xBF97,
    0xBF97, 0xBF97, 0xBF97, 0xBF97, 0xAF56, 0xA716, 0x9EB5, 0x9633, 0x9634, 0x9E77, 0xA6B9, 0xA6D8, 0xA717, 0xA6F7, 0xA6F7, 0x9EF7,
    0x9EF6, 0x9EF6, 0xA717, 0xA717, 0xA717, 0xA717, 0xA717, 0xA717, 0xA717, 0xA717, 0xA6F7, 0xA6F7, 0x9EF6, 0x9EF6, 0x9EF6, 0xA6F7,
    0xA6D8, 0xA699, 0x9E56, 0x9613, 0x9654, 0x9ED6, 0xA716, 0xB756, 0xB777, 0xB797, 0xBF97, 0xBF97, 0xBF97, 0xBF97, 0xBF97, 0xB777,
    0xB776, 0xA6D5, 0x9613, 0x9613, 0x9613, 0x9613, 0x9613, 0x9674, 0x9ED6, 0xA717, 0xA717, 0xA717, 0xA717, 0xA717, 0xA717, 0xA717,
    0xA717, 0xA717, 0xA717, 0xA717, 0xA717, 0xA717, 0xA717, 0xA717, 0xA717, 0xA717, 0xA717, 0xA717, 0xA717, 0xA717, 0xA717, 0xA717,
    0xA717, 0xA717, 0xA717, 0xA717, 0xA717, 0xA717, 0xA717, 0xA717, 0xA717, 0xA717, 0xA717, 0xA717, 0xA717, 0xA717, 0xA717, 0xA717,
    0xA717, 0xA717, 0xA717, 0xA717, 0xA717, 0xA717, 0xA717, 0xA717, 0xA717, 0xA717, 0xA717, 0xA717, 0xA717, 0xA717, 0xA717, 0xA717,
    0xA717, 0xA717, 0xA717, 0xA717, 0xA717, 0xA717, 0xA717, 0xA717, 0xA717, 0xA717, 0xA717, 0xA717, 0xA717, 0x9ED6, 0x9654, 0x9613,
    0x9613, 0x9613, 0xAE93, 0xBEF3, 0xBEF3, 0xC714, 0xC6B4, 0xC655, 0xB634, 0x9E13, 0x9E33, 0xA673, 0xAE93, 0xBED3, 0xC714, 0xC714,
    0xC714, 0xC714, 0xC714, 0xBEF3, 0xBEF3, 0xAE93, 0x9613, 0x9613, 0x9613, 0x9E53, 0xB6D3, 0xB6D3, 0xAE93, 0xA673, 0x9E33, 0x9E13,
    0xB635, 0xCE56, 0xCE56, 0xCE56, 0xCE56, 0xCE56, 0xCE56, 0xCE56, 0xCE56, 0xCE56, 0xB635, 0x9E13, 0x9E33, 0xA653, 0xAE93, 0xBED3,
    0xBED3, 0xA673, 0x9613, 0x9613, 0x9613, 0x9613, 0x9613, 0xA673, 0xBED3, 0xBEF3, 0xBEF4, 0xC714, 0xC714, 0xC714, 0xC714, 0xC714,
    0xC714, 0xC714, 0xC714, 0xC714, 0xC714, 0xBF14, 0xB6D3, 0xA673, 0x9E53, 0x9613, 0xA614, 0xBE35, 0xCE56, 0xCE56, 0xCE56, 0xCE56,
    0xCE56, 0xCE56, 0xC655, 0xBE55, 0xAE34, 0x9E33, 0x9613, 0x9613, 0x9613, 0x9E33, 0xA673, 0xAEB3, 0xBEF3, 0xBEF3, 0xBEF4, 0xC714,
    0xC714, 0xBF14, 0xBEF3, 0xBED3, 0xA673, 0x9613, 0x9613, 0x9613, 0x9613, 0x9613, 0x9674, 0x9EF6, 0xA717, 0xA717, 0xA717, 0xA717,
    0xA717, 0xA717, 0x9ED6, 0x9674, 0x9613, 0x9613, 0x9613, 0x9613, 0x9613, 0x9613, 0x9613, 0x9613, 0x9613, 0x9613, 0x9613, 0x9613,
    0x9613, 0x9613, 0x9613, 0x9613, 0x9613, 0x9613, 0x9613, 0x9613, 0x9613, 0x9613, 0x9613, 0x9613, 0x9613, 0x9613, 0x9613, 0x9674,
    0x9EF6, 0xA717, 0xA717, 0xA717, 0xA717, 0xA717, 0xA717, 0xA717, 0xA717, 0xA717, 0xA717, 0xA717, 0xA717, 0xA717, 0xA717, 0xA717,
    0xA717, 0xA717, 0xA717, 0xA717, 0xA717, 0xA717, 0x9EF6, 0x9EB5, 0x9E95, 0x9633, 0x9613, 0x9613, 0x9613, 0x9613, 0x9613, 0x9633,
    0x9674, 0xA6D5, 0xB776, 0xBF97, 0xBF97, 0xBF97, 0xBF97, 0xBF97, 0xBF97, 0xB777, 0xB777, 0xAF56, 0xAF16, 0xAEF5, 0xAF36, 0xAF57,
    0xB777, 0xB797, 0xBF97, 0xBF97, 0xB777, 0xAF57, 0xA6D5, 0x9654, 0x9613, 0x9636, 0x9E77, 0x9ED7, 0xA717, 0xA717, 0xA717, 0xA717,
    0xA717, 0xA717, 0xA717, 0xA717, 0xA717, 0xA717, 0xA717, 0xA717, 0xA717, 0xA717, 0xA717, 0xA717, 0xA717, 0xA717, 0xA717, 0xA6F7,
    0x9EB7, 0x9E57, 0x9635, 0x9613, 0x9E74, 0xA716, 0xAF57, 0xB777, 0xBF97, 0xBF97, 0xB777, 0xB757, 0xB757, 0xB777, 0xBF97, 0xBF97,
    0xB777, 0xA6F5, 0x9674, 0x9633, 0x9613, 0x9613, 0x9613, 0x9654, 0x9ED6, 0xA717, 0xA717, 0xA717, 0xA717, 0xA717, 0xA717, 0xA717,
    0xA717, 0xA717, 0xA717, 0xA717, 0xA717, 0xA717, 0xA717, 0xA717, 0xA717, 0xA717, 0xA717, 0xA717, 0xA717, 0xA717, 0xA717, 0xA717,
    0xA717, 0xA717, 0xA717, 0xA717, 0xA717, 0xA717, 0xA717, 0xA717, 0xA717, 0xA717, 0xA717, 0xA717, 0xA717, 0xA717, 0xA717, 0xA717,
    0xA717, 0xA717, 0xA717, 0xA717, 0xA717, 0xA717, 0xA717, 0xA717, 0xA717, 0xA717, 0xA717, 0xA717, 0xA717, 0xA717, 0xA717, 0xA717,
    0xA717, 0xA717, 0xA717, 0xA717, 0xA717, 0xA717, 0xA717, 0xA717, 0xA717, 0xA717, 0xA717, 0xA717, 0xA717, 0x9ED6, 0x9654, 0x9613,
    0x9613, 0x9613, 0xAE93, 0xC714, 0xC6F4, 0xC6B4, 0xC695, 0xC655, 0xB634, 0x9E13, 0x9E33, 0xAE93, 0xB6D3, 0xBEF3, 0xC714, 0xC714,
    0xC714, 0xC714, 0xC714, 0xC714, 0xC714, 0xB6B3, 0xA673, 0x9E53, 0x9E33, 0xA673, 0xBED3, 0xBEF3, 0xB6D3, 0xAE93, 0x9E33, 0x9E13,
    0xB634, 0xCE56, 0xCE56, 0xCE56, 0xCE56, 0xCE56, 0xCE56, 0xCE56, 0xC655, 0xC655, 0xAE34, 0x9E13, 0x9E33, 0xAE93, 0xB6D3, 0xBEF3,
    0xBEF3, 0xAE93, 0x9E33, 0x9E33, 0x9E33, 0x9E53, 0xA673, 0xAEB3, 0xBEF3, 0xC714, 0xC714, 0xC714, 0xC714, 0xC714, 0xC714, 0xC714,
    0xC714, 0xC714, 0xC714, 0xC714, 0xC714, 0xC714, 0xBED3, 0xB6B3, 0xA673, 0x9613, 0xA614, 0xBE35, 0xCE56, 0xCE56, 0xCE56, 0xCE56,
    0xCE56, 0xCE56, 0xC635, 0xB634, 0xA634, 0x9E13, 0x9613, 0x9613, 0x9E33, 0xA673, 0xAEB3, 0xB6D3, 0xBEF3, 0xC714, 0xC714, 0xC714,
    0xC714, 0xC714, 0xC714, 0xBEF3, 0xAE93, 0x9E33, 0x9613, 0x9613, 0x9613, 0x9613, 0x9674, 0x9EF6, 0xA717, 0xA717, 0xA717, 0xA717,
    0x9EF6, 0x9ED6, 0x9E95, 0x9633, 0x9613, 0x9613, 0x9613, 0x9613, 0x9613, 0x9613, 0x9613, 0x9613, 0x9613, 0x9613, 0x9613, 0x9613,
    0x9613, 0x9613, 0x9613, 0x9613, 0x9613, 0x9613, 0x9613, 0x9613, 0x9613, 0x9613, 0x9613, 0x9613, 0x9613, 0x9613, 0x9613, 0x9674,
    0x9EF6, 0xA717, 0xA717, 0xA717, 0xA717, 0xA717, 0xA717, 0xA717, 0xA717, 0xA717, 0xA717, 0xA717, 0xA717, 0xA717, 0xA717, 0xA717,
    0xA717, 0xA717, 0xA717, 0xA717, 0xA717, 0xA717, 0x9ED6, 0x9674, 0x9633, 0x9613, 0x9613, 0x9613, 0x9613, 0x9613, 0x9613, 0x9674,
    0x9ED6, 0xAF36, 0xB776, 0xBF97, 0xBF97, 0xBF97, 0xBF97, 0xBF97, 0xBF97, 0xB777, 0xAF37, 0xA6F6, 0x9E95, 0x9653, 0x9EB5, 0xA717,
    0xAF57, 0xB777, 0xBF97, 0xBF97, 0xB777, 0xB777, 0xAF15, 0x9E54, 0x9613, 0x9613, 0x9634, 0x9EB5, 0xA717, 0xA717, 0xA717, 0xA717,
    0xA717, 0xA717, 0xA717, 0xA717, 0xA717, 0xA717, 0xA717, 0xA717, 0xA717, 0xA717, 0xA717, 0xA717, 0xA717, 0xA717, 0xA717, 0x9EF6,
    0x9E95, 0x9614, 0x9613, 0x9613, 0x9E94, 0xAF36, 0xB777, 0xB777, 0xBF97, 0xBF97, 0xB777, 0xAF37, 0xA737, 0xB757, 0xBF97, 0xBF97,
    0xB797, 0xAF36, 0x9EF6, 0x9E74, 0x9613, 0x9613, 0x9613, 0x9654, 0x9ED6, 0xA717, 0xA717, 0xA717, 0xA717, 0xA717, 0xA717, 0xA717,
    0xA717, 0xA717, 0xA717, 0xA717, 0xA717, 0xA717, 0xA717, 0xA717, 0xA717, 0xA717, 0xA717, 0xA717, 0xA717, 0xA717, 0xA717, 0xA717,
    0xA717, 0xA717, 0xA717, 0xA717, 0xA717, 0xA717, 0xA717, 0xA717, 0xA717, 0xA717, 0xA717, 0xA717, 0xA717, 0xA717, 0xA717, 0xA717,
    0xA717, 0xA717, 0xA717, 0xA717, 0xA717, 0xA717, 0xA717, 0xA717, 0xA717, 0xA717, 0xA717, 0xA717, 0xA717, 0xA717, 0xA717, 0xA717,
    0xA717, 0xA717, 0xA717, 0xA717, 0xA717, 0xA717, 0xA717, 0xA717, 0xA717, 0xA717, 0xA717, 0xA717, 0xA717, 0x9ED6, 0x9654, 0x9613,
    0x9613, 0x9613, 0xAE93, 0xC714, 0xC6B4, 0xC675, 0xC655, 0xCE56, 0xB634, 0x9E13, 0x9E53, 0xB6B3, 0xBEF3, 0xBEF3, 0xC714, 0xC714,
    0xC714, 0xC714, 0xC714, 0xC714, 0xC714, 0xBEF3, 0xBED3, 0xB6B3, 0xA673, 0xAEB3, 0xBEF3, 0xBEF3, 0xBEF3, 0xB6B3, 0x9E53, 0x9E13,
    0xB634, 0xCE56, 0xCE56, 0xCE56, 0xCE56, 0xCE56, 0xCE56, 0xCE56, 0xC655, 0xB655, 0xAE34, 0x9613, 0x9E53, 0xB6B3, 0xBEF3, 0xBEF3,
    0xBEF3, 0xAEB3, 0xA673, 0xA673, 0xA673, 0xAEB3, 0xBED3, 0xBEF3, 0xBEF4, 0xC714, 0xC714, 0xC714, 0xC714, 0xC714, 0xC714, 0xC714,
    0xC714, 0xC714, 0xC714, 0xC714, 0xC714, 0xC714, 0xBEF3, 0xBEF3, 0xAE93, 0x9613, 0xA614, 0xBE35, 0xCE56, 0xCE56, 0xCE56, 0xCE56,
    0xCE56, 0xCE56, 0xC635, 0xAE34, 0x9613, 0x9613, 0x9613, 0x9E33, 0xA673, 0xAEB3, 0xBEF3, 0xBEF3, 0xBEF4, 0xC714, 0xC714, 0xC714,
    0xC714, 0xC714, 0xC714, 0xBEF3, 0xB6B3, 0xA673, 0x9E33, 0x9613, 0x9613, 0x9613, 0x9674, 0x9EF6, 0xA717, 0xA717, 0xA717, 0xA717,
    0x9ED6, 0x9674, 0x9633, 0x9613, 0x9613, 0x9613, 0x9613, 0x9613, 0x9613, 0x9613, 0x9613, 0x9613, 0x9613, 0x9613, 0x9613, 0x9613,
    0x9633, 0x9613, 0x9613, 0x9613, 0x9613, 0x9613, 0x9613, 0x9613, 0x9613, 0x9613, 0x9613, 0x9613, 0x9613, 0x9613, 0x9613, 0x9654,
    0x9EB5, 0x9EB5, 0x9EB5, 0x9EB5, 0x9EB5, 0x9EB5, 0x9EB5, 0x9EB5, 0x9EB5, 0x9EB5, 0x9EF6, 0xA717, 0xA717, 0xA717, 0xA717, 0xA717,
    0xA717, 0xA717, 0xA717, 0xA717, 0xA717, 0xA717, 0x9ED6, 0x9654, 0x9613, 0x9613, 0x9613, 0x9613, 0x9613, 0x9633, 0x9654, 0x9EB5,
    0xA716, 0xAF57, 0xB777, 0xBF97, 0xBF97, 0xBF97, 0xBF97, 0xB777, 0xB777, 0xAF36, 0xA6F6, 0x9EB5, 0x9674, 0x9654, 0x9E95, 0x9EB5,
    0xA6F6, 0xAF56, 0xB777, 0xB777, 0xBF97, 0xBF97, 0xAF36, 0x9E95, 0x9654, 0x9613, 0x9633, 0x9EB5, 0xA717, 0xA717, 0xA717, 0xA717,
    0xA717, 0xA717, 0xA717, 0x9EF6, 0x9EB5, 0x9EB5, 0x9EB5, 0x9EB5, 0x9EB5, 0x9EB5, 0x9EB5, 0x9EB5, 0x9EB5, 0x9EB5, 0x9ED7, 0x9ED7,
    0x9E75, 0x9613, 0x9633, 0x9654, 0xA6D5, 0xB756, 0xBF97, 0xBF97, 0xB777, 0xB777, 0xAF36, 0xA6F6, 0x9ED5, 0xAF16, 0xB757, 0xB777,
    0xBF97, 0xB757, 0xAF37, 0x9EB5, 0x9633, 0x9613, 0x9613, 0x9654, 0x9ED6, 0xA717, 0xA717, 0xA717, 0xA717, 0xA717, 0xA717, 0xA717,
    0xA717, 0xA717, 0xA717, 0xA717, 0xA717, 0xA717, 0xA717, 0xA717, 0xA717, 0xA717, 0xA717, 0xA717, 0xA717, 0xA717, 0xA717, 0xA717,
    0xA717, 0xA717, 0xA717, 0xA717, 0xA717, 0xA717, 0xA717, 0xA717, 0xA717, 0xA717, 0xA717, 0xA717, 0xA717, 0xA717, 0xA717, 0xA717,
    0xA717, 0xA717, 0xA717, 0xA717, 0xA717, 0xA717, 0xA717, 0xA717, 0xA717, 0xA717, 0xA717, 0xA717, 0xA717, 0xA717, 0xA717, 0xA717,
    0xA717, 0xA717, 0xA717, 0xA717, 0xA717, 0xA717, 0xA717, 0xA717, 0xA717, 0xA717, 0xA717, 0xA717, 0xA717, 0x9ED6, 0x9654, 0x9613,
    0x9613, 0x9613, 0xAE93, 0xC714, 0xC6B5, 0xC655, 0xCE56, 0xCE56, 0xB634, 0x9E13, 0x9E53, 0xB6D3, 0xC714, 0xC714, 0xC714, 0xC714,
    0xC714, 0xC714, 0xC714, 0xC714, 0xC714, 0xC714, 0xC714, 0xBED3, 0xB6B3, 0xB6D3, 0xBEF3, 0xC714, 0xC714, 0xB6D3, 0xA673, 0x9E33,
    0xAE34, 0xBE35, 0xC635, 0xCE56, 0xCE56, 0xCE56, 0xCE56, 0xCE56, 0xBE35, 0xAE34, 0xA634, 0xA653, 0xAE93, 0xB6D3, 0xC714, 0xC714,
    0xBEF3, 0xB6D3, 0xB6B3, 0xB6B3, 0xB6B3, 0xBED3, 0xBF14, 0xC714, 0xC714, 0xC714, 0xC714, 0xC714, 0xC714, 0xC714, 0xC714, 0xC714,
    0xC714, 0xC714, 0xC714, 0xC714, 0xC714, 0xC714, 0xC714, 0xC714, 0xAEB3, 0x9E53, 0xA633, 0xB634, 0xBE35, 0xC635, 0xCE56, 0xCE56,
    0xC655, 0xC655, 0xBE35, 0xA614, 0x9613, 0x9613, 0x9E33, 0xA673, 0xAEB3, 0xB6D3, 0xBEF3, 0xBEF4, 0xBED4, 0xBED4, 0xBED4, 0xBED4,
    0xBED4, 0xBED4, 0xBEF4, 0xBEF3, 0xB6D3, 0xAEB3, 0x9E53, 0x9613, 0x9613, 0x9613, 0x9674, 0x9EF6, 0xA717, 0xA717, 0xA717, 0xA717,
    0x9ED6, 0x9654, 0x9613, 0x9613, 0x9613, 0x9613, 0x9613, 0x9613, 0x9613, 0x9613, 0x9613, 0x9613, 0x9613, 0x9613, 0x9613, 0x9613,
    0x9E73, 0x9613, 0x9613, 0x9613, 0x9613, 0x9613, 0x9613, 0x9613, 0x9613, 0x9613, 0x9613, 0x9613, 0x9613, 0x9613, 0x9613, 0x9613,
    0x9633, 0x9633, 0x9633, 0x9633, 0x9633, 0x9633, 0x9633, 0x9633, 0x9633, 0x9654, 0x9EB5, 0xA717, 0xA717, 0xA717, 0xA717, 0xA717,
    0xA717, 0xA717, 0xA717, 0xA717, 0xA717, 0xA717, 0x9ED6, 0x9654, 0x9613, 0x9613, 0x9613, 0x9613, 0x9613, 0x9674, 0x9ED6, 0xA716,
    0xB777, 0xB777, 0xB797, 0xBF97, 0xBF97, 0xBF97, 0xBF97, 0xB777, 0xAF37, 0xA6F6, 0x9E95, 0x9654, 0x9E95, 0x9ED6, 0x9E74, 0x9633,
    0x9EB5, 0xA716, 0xAF57, 0xB777, 0xBF97, 0xBF97, 0xB756, 0xA6F6, 0x9E95, 0x9654, 0x9633, 0x9EB5, 0xA717, 0xA717, 0xA717, 0xA717,
    0xA717, 0xA717, 0xA717, 0x9EB5, 0x9654, 0x9633, 0x9633, 0x9633, 0x9633, 0x9633, 0x9633, 0x9633, 0x9633, 0x9654, 0x9E77, 0x9E99,
    0x9E56, 0x9613, 0x9654, 0x9EB5, 0xA716, 0xB776, 0xBF97, 0xBF97, 0xB777, 0xAF37, 0xA6F6, 0x9E94, 0x9654, 0x9ED5, 0xA737, 0xAF57,
    0xBF97, 0xB777, 0xB777, 0xA6D5, 0x9633, 0x9613, 0x9613, 0x9654, 0x9ED6, 0xA717, 0xA717, 0xA717, 0xA717, 0xA717, 0xA717, 0xA717,
    0xA717, 0xA717, 0xA717, 0xA717, 0xA717, 0xA717, 0xA717, 0xA717, 0xA717, 0xA717, 0xA717, 0xA717, 0xA717, 0xA717, 0xA717, 0xA717,
    0xA717, 0xA717, 0xA717, 0xA717, 0xA717, 0xA717, 0xA717, 0xA717, 0xA717, 0xA717, 0xA717, 0xA717, 0xA717, 0xA717, 0xA717, 0xA717,
    0xA717, 0xA717, 0xA717, 0xA717, 0xA717, 0xA717, 0xA717, 0xA717, 0xA717, 0xA717, 0xA717, 0xA717, 0xA717, 0xA717, 0xA717, 0xA717,
    0xA717, 0xA717, 0xA717, 0xA717, 0xA717, 0xA717, 0xA717, 0xA717, 0xA717, 0xA717, 0xA717, 0xA717, 0xA717, 0x9ED6, 0x9654, 0x9613,
    0x9613, 0x9613, 0xAE93, 0xC714, 0xC6B5, 0xC655, 0xCE56, 0xCE56, 0xB634, 0x9E13, 0x9E53, 0xB6D3, 0xC714, 0xC714, 0xC714, 0xC714,
    0xC714, 0xC714, 0xC714, 0xC714, 0xC714, 0xC714, 0xC714, 0xBEF3, 0xBEF3, 0xBEF3, 0xBEF4, 0xC714, 0xC714, 0xBEF3, 0xAE93, 0xA653,
    0x9E33, 0xA613, 0xB635, 0xCE56, 0xCE56, 0xCE56, 0xCE56, 0xCE56, 0xB635, 0x9E13, 0xA653, 0xB6B3, 0xBED3, 0xBEF3, 0xC714, 0xC714,
    0xBEF4, 0xBEF3, 0xBEF3, 0xBEF3, 0xBEF3, 0xBEF3, 0xC714, 0xC714, 0xC714, 0xC714, 0xC714, 0xC714, 0xC714, 0xC714, 0xC714, 0xC714,
    0xC714, 0xC714, 0xC714, 0xC714, 0xC714, 0xC714, 0xC714, 0xC714, 0xB6D3, 0xA673, 0xA653, 0x9E13, 0xAE14, 0xBE35, 0xCE56, 0xCE56,
    0xC655, 0xBE55, 0xB634, 0x9E13, 0x9613, 0x9E33, 0xA673, 0xAEB3, 0xBEF3, 0xBEF3, 0xBEF4, 0xBED4, 0xB694, 0xB674, 0xB674, 0xB674,
    0xB674, 0xB694, 0xBED4, 0xBEF4, 0xBEF3, 0xBED3, 0xA673, 0x9613, 0x9613, 0x9613, 0x9674, 0x9EF6, 0xA717, 0xA717, 0xA717, 0xA717,
    0x9ED6, 0x9654, 0x9613, 0x9613, 0x9613, 0x9613, 0x9613, 0x9613, 0x9613, 0x9613, 0x9613, 0x9613, 0x9613, 0x9613, 0x9613, 0x9613,
    0x9EB3, 0x9673, 0x9653, 0x9653, 0x9633, 0x9613, 0x9613, 0x9613, 0x9613, 0x9613, 0x9613, 0x9613, 0x9613, 0x9613, 0x9613, 0x9613,
    0x9613, 0x9613, 0x9613, 0x9613, 0x9613, 0x9613, 0x9613, 0x9613, 0x9613, 0x9613, 0x9674, 0x9EB5, 0x9EB5, 0x9EB5, 0x9EB5, 0x9EB5,
    0x9ED6, 0x9EF6, 0xA717, 0xA717, 0xA717, 0xA717, 0x9ED6, 0x9654, 0x9613, 0x9613, 0x9613, 0x9613, 0x9613, 0x9E95, 0xA737, 0xAF57,
    0xB777, 0xBF97, 0xBF97, 0xBF97, 0xBF97, 0xBF97, 0xBF97, 0xB756, 0xA6F6, 0x9E95, 0x9654, 0x9633, 0x9EB5, 0xA716, 0xA6D5, 0x9E74,
    0x9E94, 0x9EB5, 0xA716, 0xB776, 0xBF97, 0xBF97, 0xB777, 0xAF37, 0xA6F6, 0x9654, 0x9633, 0x9E96, 0xA6F7, 0xA6F7, 0xA6F7, 0x9EF6,
    0x9EB5, 0x9EB5, 0x9EB5, 0x9E94, 0x9633, 0x9E33, 0x9E53, 0x9E53, 0x9E53, 0x9E53, 0x9E53, 0x9E53, 0x9E33, 0x9633, 0x9E55, 0x9E78,
    0x9635, 0x9613, 0x9E94, 0xA716, 0xAF57, 0xB777, 0xBF97, 0xBF97, 0xB756, 0xA6F6, 0x9EB5, 0x9674, 0x9654, 0x9E95, 0x9ED6, 0xAF36,
    0xBF97, 0xBF97, 0xBF97, 0xA6D5, 0x9633, 0x9613, 0x9613, 0x9633, 0x9E95, 0x9ED6, 0x9EF6, 0xA717, 0xA717, 0xA717, 0xA717, 0xA717,
    0xA717, 0xA717, 0xA717, 0xA717, 0xA717, 0xA717, 0xA717, 0xA717, 0xA717, 0xA717, 0xA717, 0xA717, 0xA717, 0xA717, 0xA717, 0xA717,
    0xA717, 0xA717, 0xA717, 0xA717, 0xA717, 0xA717, 0xA717, 0xA717, 0xA717, 0xA717, 0xA717, 0xA717, 0xA717, 0xA717, 0xA717, 0xA717,
    0xA717, 0xA717, 0xA717, 0xA717, 0xA717, 0xA717, 0xA717, 0xA717, 0xA717, 0xA717, 0xA717, 0xA717, 0xA717, 0xA717, 0xA717, 0xA717,
    0xA717, 0xA717, 0xA717, 0xA717, 0xA717, 0xA717, 0xA717, 0xA717, 0xA717, 0xA717, 0xA717, 0xA717, 0xA717, 0x9ED6, 0x9654, 0x9613,
    0x9613, 0x9613, 0xAE93, 0xC714, 0xC6B5, 0xC655, 0xCE56, 0xCE56, 0xB634, 0x9E13, 0x9E53, 0xB6D3, 0xC714, 0xC714, 0xC714, 0xC714,
    0xBEF4, 0xBED3, 0xB6B3, 0xB6B3, 0xB6B3, 0xB6D3, 0xBEF3, 0xBEF3, 0xBEF4, 0xC714, 0xC714, 0xC714, 0xC714, 0xBEF3, 0xB6D3, 0xAE93,
    0x9E33, 0x9613, 0xA614, 0xBE35, 0xC635, 0xCE56, 0xC635, 0xBE35, 0xAE34, 0xA653, 0xAE93, 0xBED3, 0xC714, 0xC714, 0xC714, 0xC714,
    0xC714, 0xC714, 0xC714, 0xC714, 0xC714, 0xC714, 0xC714, 0xC714, 0xC714, 0xC714, 0xC714, 0xC714, 0xC714, 0xC714, 0xC714, 0xC714,
    0xC714, 0xC714, 0xC714, 0xC714, 0xC714, 0xC714, 0xC714, 0xC714, 0xBED3, 0xB6B3, 0xA673, 0x9613, 0xA613, 0xBE35, 0xCE56, 0xCE56,
    0xC635, 0xB635, 0xA634, 0x9E13, 0x9613, 0xA653, 0xAEB3, 0xB6D3, 0xBEF3, 0xBEF4, 0xBED4, 0xBEB4, 0xB654, 0xB655, 0xB655, 0xB655,
    0xB674, 0xB694, 0xBED4, 0xC714, 0xC714, 0xBEF3, 0xA673, 0x9613, 0x9613, 0x9613, 0x9674, 0x9EF6, 0xA717, 0xA717, 0x9EF6, 0x9ED6,
    0x9E95, 0x9633, 0x9613, 0x9613, 0x9613, 0x9613, 0x9613, 0x9613, 0x9613, 0x9613, 0x9613, 0x9613, 0x9613, 0x9613, 0x9633, 0x9653,
    0x9EF3, 0x9ED3, 0x9EB3, 0x9EB3, 0x9E93, 0x9633, 0x9613, 0x9613, 0x9613, 0x9613, 0x9613, 0x9613, 0x9613, 0x9613, 0x9613, 0x9613,
    0x9613, 0x9613, 0x9613, 0x9613, 0x9613, 0x9613, 0x9613, 0x9613, 0x9613, 0x9613, 0x9633, 0x9654, 0x9654, 0x9654, 0x9654, 0x9654,
    0x9E95, 0x9EF6, 0xA717, 0xA717, 0xA717, 0xA717, 0x9ED6, 0x9654, 0x9613, 0x9613, 0x9613, 0x9613, 0x9613, 0xA6D5, 0xB777, 0xB777,
    0xBF97, 0xBF97, 0xBF97, 0xBF97, 0xBF97, 0xBF97, 0xBF97, 0xAF36, 0x9EB4, 0x9633, 0x9613, 0x9633, 0xA6D5, 0xB756, 0xAF36, 0xAF15,
    0xA6B5, 0x9654, 0xA6D5, 0xB756, 0xBF97, 0xBF97, 0xB777, 0xB777, 0xAF16, 0x9E74, 0x9614, 0x9E76, 0xA6B9, 0xA6D7, 0x9EF6, 0x9EB5,
    0x9654, 0x9654, 0x9654, 0x9E53, 0xA673, 0xA673, 0xB6B3, 0xB6B3, 0xB6B3, 0xB6B3, 0xB6B3, 0xB6B3, 0xAE93, 0xA653, 0x9E34, 0x9634,
    0x9613, 0x9613, 0x9E94, 0xAF56, 0xB777, 0xB777, 0xBF97, 0xBF97, 0xAF36, 0x9E94, 0x9654, 0x9E95, 0x9EB5, 0x9674, 0x9674, 0xAEF5,
    0xBF97, 0xBF97, 0xBF97, 0xA6D5, 0x9633, 0x9613, 0x9613, 0x9613, 0x9633, 0x9674, 0x9ED6, 0xA717, 0xA717, 0xA717, 0xA717, 0xA717,
    0xA717, 0xA717, 0xA717, 0xA717, 0xA717, 0xA717, 0xA717, 0xA717, 0xA717, 0xA717, 0xA717, 0xA717, 0xA717, 0xA717, 0xA717, 0xA717,
    0xA717, 0xA717, 0xA717, 0xA717, 0xA717, 0xA717, 0xA717, 0xA717, 0xA717, 0xA717, 0xA717, 0xA717, 0xA717, 0xA717, 0xA717, 0xA717,
    0xA717, 0xA717, 0xA717, 0xA717, 0xA717, 0xA717, 0xA717, 0xA717, 0xA717, 0xA717, 0xA717, 0xA717, 0xA717, 0xA717, 0xA717, 0xA717,
    0xA717, 0xA717, 0xA717, 0xA717, 0xA717, 0xA717, 0xA717, 0xA717, 0xA717, 0xA717, 0xA717, 0xA717, 0xA717, 0x9ED6, 0x9654, 0x9613,
    0x9613, 0x9613, 0xAE93, 0xC714, 0xC6B5, 0xC655, 0xCE56, 0xCE56, 0xB634, 0x9E13, 0x9E53, 0xB6D3, 0xC714, 0xC714, 0xC714, 0xC714,
    0xBEF3, 0xAE93, 0x9E53, 0x9E53, 0x9E53, 0xA673, 0xAE93, 0xB6D3, 0xBEF3, 0xC714, 0xC714, 0xC714, 0xC714, 0xBEF3, 0xBEF3, 0xB6B3,
    0x9E53, 0x9613, 0x9E13, 0xA613, 0xB634, 0xC656, 0xB635, 0xA614, 0xA653, 0xB6B3, 0xB6D3, 0xBEF3, 0xC714, 0xC714, 0xC714, 0xC714,
    0xC714, 0xC714, 0xC714, 0xC714, 0xC714, 0xC714, 0xC714, 0xC714, 0xC714, 0xC714, 0xC714, 0xC714, 0xC714, 0xC714, 0xC714, 0xC714,
    0xC714, 0xC714, 0xC714, 0xC714, 0xC714, 0xC714, 0xC714, 0xC714, 0xBEF3, 0xBEF3, 0xAE93, 0x9633, 0xA613, 0xBE35, 0xCE56, 0xCE56,
    0xBE35, 0xAE34, 0x9E13, 0x9613, 0x9613, 0xA673, 0xBEF3, 0xBEF3, 0xBF14, 0xBED4, 0xB694, 0xB674, 0xB654, 0xB655, 0xBE55, 0xC675,
    0xBEB4, 0xBED4, 0xBEF4, 0xC714, 0xC714, 0xBEF3, 0xA673, 0x9613, 0x9613, 0x9613, 0x9674, 0x9EF6, 0xA717, 0xA717, 0x9ED6, 0x9674,
    0x9633, 0x9613, 0x9613, 0x9613, 0x9613, 0x9613, 0x9613, 0x9613, 0x9613, 0x9613, 0x9613, 0x9613, 0x9613, 0x9653, 0x9E93, 0x9EB3,
    0xA714, 0xA714, 0xA714, 0xA714, 0x9ED3, 0x9673, 0x9633, 0x9613, 0x9613, 0x9613, 0x9613, 0x9613, 0x9613, 0x9613, 0x9613, 0x9613,
    0x9613, 0x9613, 0x9613, 0x9613, 0x9613, 0x9613, 0x9613, 0x9613, 0x9613, 0x9613, 0x9613, 0x9613, 0x9613, 0x9613, 0x9613, 0x9613,
    0x9654, 0x9EB5, 0x9ED6, 0x9ED6, 0x9EF6, 0x9EF6, 0x9ED6, 0x9654, 0x9613, 0x9613, 0x9613, 0x9613, 0x9613, 0xA6D5, 0xBF97, 0xBF97,
    0xBF97, 0xBF97, 0xBF97, 0xBF97, 0xBF97, 0xBF97, 0xBF97, 0xAF36, 0x9E74, 0x9613, 0x9613, 0x9633, 0xAEF5, 0xBF97, 0xBF97, 0xBF97,
    0xA6D5, 0x9613, 0xA6B4, 0xB756, 0xBF97, 0xBF97, 0xBF97, 0xBF97, 0xAF36, 0x9E74, 0x9613, 0x9E56, 0x9E78, 0x9EB7, 0x9ED6, 0x9674,
    0x9613, 0x9613, 0x9613, 0x9E53, 0xAE93, 0xB6B3, 0xBEF3, 0xC714, 0xC714, 0xC714, 0xC714, 0xBEF3, 0xB6D3, 0xAE93, 0x9E53, 0x9613,
    0x9613, 0x9613, 0xA6B4, 0xB776, 0xBF97, 0xBF97, 0xB777, 0xB777, 0xAF15, 0x9E74, 0x9633, 0x9ED5, 0xA6F6, 0x9E74, 0x9633, 0xA6D5,
    0xBF97, 0xBF97, 0xBF97, 0xA6D5, 0x9633, 0x9613, 0x9613, 0x9613, 0x9613, 0x9654, 0x9EB5, 0xA717, 0xA717, 0xA717, 0xA717, 0xA717,
    0xA717, 0xA717, 0x9EF6, 0x9ED6, 0x9ED6, 0x9ED6, 0x9ED6, 0x9ED6, 0x9ED6, 0x9ED6, 0x9ED6, 0x9ED6, 0x9ED6, 0x9ED6, 0x9ED6, 0x9ED6,
    0x9ED6, 0x9ED6, 0x9ED6, 0x9EF6, 0xA6F6, 0xA717, 0xA717, 0xA717, 0xA717, 0xA717, 0xA717, 0xA717, 0xA717, 0xA717, 0xA717, 0xA717,
    0xA717, 0xA717, 0xA717, 0xA717, 0xA717, 0xA717, 0xA717, 0xA717, 0xA717, 0xA717, 0xA717, 0xA717, 0xA717, 0xA717, 0xA717, 0xA717,
    0xA717, 0xA717, 0xA717, 0xA717, 0xA717, 0xA717, 0xA717, 0xA717, 0xA717, 0xA717, 0xA717, 0xA717, 0xA717, 0x9ED6, 0x9654, 0x9613,
    0x9613, 0x9613, 0xAE93, 0xC714, 0xC6B4, 0xC675, 0xC655, 0xCE56, 0xB634, 0x9E13, 0x9E53, 0xB6D3, 0xC714, 0xC714, 0xBEF4, 0xBEF3,
    0xB6D3, 0xA673, 0x9613, 0x9E13, 0x9E13, 0x9E33, 0xA673, 0xAE93, 0xBED3, 0xBEF3, 0xBEF4, 0xC714, 0xC714, 0xC714, 0xC714, 0xBEF3,
    0xAE93, 0x9E33, 0x9613, 0x9613, 0xA614, 0xBE35, 0xAE34, 0x9E13, 0xA673, 0xBEF3, 0xC714, 0xC714, 0xC714, 0xC714, 0xC714, 0xC714,
    0xC714, 0xC714, 0xC714, 0xC714, 0xC714, 0xC714, 0xC714, 0xC714, 0xC714, 0xBEF3, 0xBEF3, 0xBEF3, 0xB6D3, 0xB6D3, 0xB6D3, 0xB6D3,
    0xB6D3, 0xB6D3, 0xBED3, 0xBEF3, 0xBEF3, 0xC714, 0xC714, 0xC714, 0xC714, 0xC714, 0xAEB3, 0x9E33, 0x9E13, 0xB634, 0xBE35, 0xBE35,
    0xB635, 0x9E13, 0x9613, 0x9613, 0x9E33, 0xAE93, 0xC714, 0xBEF4, 0xBED4, 0xBE94, 0xB654, 0xB655, 0xB655, 0xBE55, 0xC655, 0xC675,
    0xC6D4, 0xC714, 0xC714, 0xC714, 0xC714, 0xBEF3, 0xA673, 0x9613, 0x9613, 0x9613, 0x9674, 0x9EF6, 0xA717, 0xA717, 0x9EB5, 0x9654,
    0x9613, 0x9613, 0x9613, 0x9613, 0x9613, 0x9613, 0x9613, 0x9613, 0x9613, 0x9613, 0x9633, 0x9633, 0x9633, 0x9673, 0x9ED3, 0xA714,
    0xA714, 0xA714, 0xA714, 0xA714, 0x9EF3, 0x9ED3, 0x9E93, 0x9633, 0x9613, 0x9613, 0x9613, 0x9613, 0x9613, 0x9613, 0x9613, 0x9613,
    0x9613, 0x9613, 0x9613, 0x9613, 0x9613, 0x9613, 0x9613, 0x9613, 0x9613, 0x9613, 0x9613, 0x9613, 0x9613, 0x9613, 0x9613, 0x9613,
    0x9633, 0x9654, 0x9654, 0x9654, 0x9E95, 0x9ED6, 0x9ED6, 0x9654, 0x9613, 0x9613, 0x9613, 0x9613, 0x9613, 0xA6D5, 0xBF97, 0xBF97,
    0xBF97, 0xBF97, 0xBF97, 0xBF97, 0xBF97, 0xBF97, 0xBF97, 0xAF36, 0x9E74, 0x9613, 0x9613, 0x9633, 0xAEF5, 0xBF97, 0xBF97, 0xBF97,
    0xA6D5, 0x9613, 0xA6B4, 0xB756, 0xBF97, 0xBF97, 0xBF97, 0xBF97, 0xAF36, 0x9E74, 0x9613, 0x9614, 0x9635, 0x9654, 0x9654, 0x9633,
    0x9613, 0x9633, 0x9E53, 0xAE93, 0xB6D3, 0xBEF3, 0xBEF3, 0xC714, 0xC714, 0xC714, 0xC714, 0xBEF3, 0xBEF3, 0xB6D3, 0xAE93, 0xA653,
    0x9E33, 0x9613, 0xA6B4, 0xB776, 0xBF97, 0xBF97, 0xB777, 0xAF37, 0xA6D5, 0x9654, 0x9653, 0xA6F5, 0xAF36, 0x9E94, 0x9633, 0xA6D5,
    0xBF97, 0xBF97, 0xBF97, 0xA6D5, 0x9633, 0x9613, 0x9613, 0x9613, 0x9613, 0x9654, 0x9EB5, 0xA717, 0xA717, 0xA717, 0xA717, 0xA717,
    0xA717, 0xA717, 0x9EB5, 0x9674, 0x9654, 0x9654, 0x9654, 0x9654, 0x9654, 0x9654, 0x9654, 0x9654, 0x9654, 0x9654, 0x9654, 0x9654,
    0x9654, 0x9654, 0x9654, 0x9EB5, 0x9EF6, 0xA717, 0xA717, 0xA717, 0xA717, 0xA717, 0xA717, 0xA717, 0xA717, 0xA717, 0xA717, 0xA717,
    0xA717, 0xA717, 0xA717, 0xA717, 0xA717, 0xA717, 0xA717, 0xA717, 0xA717, 0xA717, 0xA717, 0xA717, 0xA717, 0xA717, 0xA717, 0xA717,
    0xA717, 0xA717, 0xA717, 0xA717, 0xA717, 0xA717, 0xA717, 0xA717, 0xA717, 0xA717, 0xA717, 0xA717, 0xA717, 0x9ED6, 0x9654, 0x9613,
    0x9613, 0x9613, 0xAE93, 0xC714, 0xC6F4, 0xC6D4, 0xC695, 0xC655, 0xB634, 0x9E13, 0x9E53, 0xB6D3, 0xC714, 0xC714, 0xBEF3, 0xB6D3,
    0xAE93, 0xAE73, 0xA634, 0xAE34, 0xB635, 0xAE34, 0x9E33, 0xA673, 0xAE93, 0xB6D3, 0xBEF3, 0xC714, 0xC714, 0xC714, 0xC714, 0xBEF3,
    0xB6D3, 0xAE93, 0x9E53, 0x9613, 0x9E13, 0xA613, 0xA633, 0xA653, 0xAE93, 0xBEF3, 0xC714, 0xC714, 0xC714, 0xC714, 0xC714, 0xC714,
    0xC714, 0xC714, 0xC714, 0xC714, 0xC714, 0xC714, 0xC714, 0xC714, 0xC714, 0xBEF3, 0xB6B3, 0xAE93, 0xA673, 0x9E53, 0x9E53, 0x9E53,
    0x9E53, 0xA673, 0xAE93, 0xB6B3, 0xBED3, 0xC714, 0xC714, 0xC714, 0xC714, 0xC714, 0xAEB3, 0x9E33, 0x9613, 0x9E13, 0xA614, 0xA614,
    0x9E13, 0x9613, 0x9613, 0x9E33, 0xA673, 0xB6B3, 0xC714, 0xBED4, 0xB694, 0xB674, 0xB655, 0xB655, 0xBE55, 0xC655, 0xC655, 0xC675,
    0xC6D4, 0xC714, 0xC714, 0xC714, 0xC714, 0xBEF3, 0xA673, 0x9613, 0x9613, 0x9613, 0x9674, 0x9EF6, 0xA717, 0xA717, 0x9EB5, 0x9654,
    0x9613, 0x9613, 0x9613, 0x9613, 0x9613, 0x9613, 0x9613, 0x9613, 0x9613, 0x9653, 0x9EB3, 0x9EB3, 0x9EB3, 0x9ED3, 0x9EF3, 0xA714,
    0xA714, 0xA714, 0xA714, 0xA714, 0xA714, 0xA714, 0x9ED3, 0x9673, 0x9633, 0x9613, 0x9613, 0x9613, 0x9613, 0x9613, 0x9613, 0x9613,
    0x9613, 0x9613, 0x9613, 0x9613, 0x9613, 0x9613, 0x9613, 0x9613, 0x9613, 0x9613, 0x9613, 0x9613, 0x9613, 0x9613, 0x9613, 0x9613,
    0x9613, 0x9613, 0x9613, 0x9613, 0x9654, 0x9EB5, 0x9EB5, 0x9654, 0x9613, 0x9613, 0x9613, 0x9613, 0x9653, 0xA6F5, 0xBF97, 0xBF97,
    0xBF97, 0xBF97, 0xBF97, 0xBF97, 0xBF97, 0xBF97, 0xBF97, 0xAF36, 0x9E74, 0x9613, 0x9613, 0x9633, 0xA6D5, 0xB777, 0xB777, 0xB777,
    0xA6D5, 0x9613, 0xA6B4, 0xB756, 0xBF97, 0xBF97, 0xBF97, 0xBF97, 0xAF36, 0x9E94, 0x9633, 0x9613, 0x9613, 0x9613, 0x9613, 0x9613,
    0x9613, 0x9E53, 0xAE93, 0xB6D3, 0xBEF3, 0xC714, 0xC714, 0xC714, 0xC714, 0xC714, 0xC714, 0xC714, 0xC714, 0xBEF3, 0xB6D3, 0xAE93,
    0x9E53, 0x9613, 0xA6B4, 0xB756, 0xB777, 0xB797, 0xB757, 0xA717, 0x9EB5, 0x9654, 0x9653, 0xAEF5, 0xAF36, 0x9E94, 0x9633, 0xA6D5,
    0xBF97, 0xBF97, 0xBF97, 0xAEF5, 0x9654, 0x9613, 0x9613, 0x9613, 0x9613, 0x9633, 0x9E95, 0x9ED6, 0x9ED6, 0x9ED6, 0x9ED6, 0x9ED6,
    0x9ED6, 0x9ED6, 0x9674, 0x9613, 0x9613, 0x9613, 0x9613, 0x9613, 0x9613, 0x9613, 0x9613, 0x9613, 0x9613, 0x9613, 0x9613, 0x9613,
    0x9613, 0x9613, 0x9613, 0x9674, 0x9ED6, 0x9ED6, 0x9ED6, 0x9EF6, 0x9EF6, 0xA717, 0xA717, 0xA717, 0xA717, 0xA717, 0xA717, 0xA717,
    0xA717, 0xA717, 0xA717, 0xA717, 0xA717, 0xA717, 0xA717, 0xA717, 0xA717, 0xA717, 0xA717, 0xA717, 0xA717, 0xA717, 0xA717, 0xA717,
    0xA717, 0xA717, 0xA717, 0xA717, 0xA717, 0xA717, 0xA717, 0xA717, 0xA717, 0xA717, 0xA717, 0xA717, 0xA717, 0x9ED6, 0x9654, 0x9613,
    0x9613, 0x9613, 0xAE93, 0xBEF3, 0xBEF3, 0xC714, 0xC6B4, 0xC655, 0xB634, 0x9E13, 0x9E53, 0xB6D3, 0xC714, 0xC714, 0xBEF3, 0xAEB3,
    0xA673, 0xAE54, 0xB655, 0xBE55, 0xCE56, 0xB634, 0x9E13, 0x9E33, 0xA673, 0xAEB3, 0xBEF3, 0xBEF3, 0xBEF3, 0xBEF3, 0xBEF3, 0xC714,
    0xC714, 0xBEF3, 0xAE93, 0x9633, 0x9633, 0x9633, 0xA653, 0xAE93, 0xB6D3, 0xBEF3, 0xC714, 0xC714, 0xC714, 0xC714, 0xC714, 0xC714,
    0xBEF4, 0xBEF3, 0xBEF3, 0xBEF3, 0xC714, 0xC714, 0xC714, 0xBEF3, 0xBEF3, 0xB6B3, 0xA693, 0xA653, 0x9E33, 0x9E13, 0x9E13, 0x9E13,
    0x9E13, 0x9E13, 0xA653, 0xA673, 0xB6B3, 0xBEF3, 0xBEF3, 0xC714, 0xC714, 0xC714, 0xB6B3, 0x9E33, 0x9613, 0x9613, 0x9613, 0x9613,
    0x9613, 0x9613, 0x9633, 0xA673, 0xAE93, 0xB6D3, 0xBEF4, 0xB694, 0xB654, 0xB655, 0xB655, 0xBE55, 0xC655, 0xCE56, 0xCE56, 0xC675,
    0xC6D4, 0xC714, 0xC714, 0xBF14, 0xBEF3, 0xBEF3, 0xA673, 0x9613, 0x9613, 0x9613, 0x9654, 0x9ED5, 0x9ED6, 0x9ED6, 0x9E95, 0x9633,
    0x9613, 0x9613, 0x9613, 0x9613, 0x9613, 0x9613, 0x9613, 0x9613, 0x9633, 0x9E93, 0x9EF3, 0xA714, 0xA714, 0xA714, 0xA714, 0xA714,
    0xA714, 0xA714, 0xA714, 0xA714, 0xA714, 0xA714, 0x9EF3, 0x9ED3, 0x9E93, 0x9633, 0x9613, 0x9613, 0x9613, 0x9613, 0x9613, 0x9613,
    0x9613, 0x9613, 0x9613, 0x9613, 0x9613, 0x9613, 0x9613, 0x9613, 0x9613, 0x9613, 0x9613, 0x9613, 0x9613, 0x9613, 0x9613, 0x9613,
    0x9613, 0x9613, 0x9613, 0x9613, 0x9613, 0x9654, 0x9654, 0x9613, 0x9613, 0x9613, 0x9613, 0x9674, 0x9EB5, 0xAF16, 0xBF97, 0xBF97,
    0xBF97, 0xBF97, 0xBF97, 0xBF97, 0xBF97, 0xBF97, 0xBF97, 0xAF36, 0x9E74, 0x9613, 0x9613, 0x9633, 0x9EB5, 0xAF37, 0xAF37, 0xAF37,
    0x9EB5, 0x9613, 0xA6B4, 0xB756, 0xBF97, 0xBF97, 0xBF97, 0xBF97, 0xB756, 0xA6F6, 0x9E95, 0x9633, 0x9613, 0x9613, 0x9613, 0x9E33,
    0x9E53, 0xAE93, 0xB6D3, 0xBEF3, 0xBEF3, 0xC714, 0xC714, 0xC714, 0xC714, 0xC714, 0xC714, 0xC714, 0xC714, 0xBEF4, 0xBEF3, 0xB6D3,
    0xA673, 0x9613, 0x9E94, 0xA716, 0xAF57, 0xB777, 0xB757, 0xA717, 0x9EB5, 0x9654, 0x9633, 0xA6D5, 0xA716, 0x9E74, 0x9633, 0xA6D5,
    0xBF97, 0xBF97, 0xBF97, 0xAF36, 0x9EB5, 0x9674, 0x9613, 0x9613, 0x9613, 0x9613, 0x9654, 0x9674, 0x9674, 0x9674, 0x9674, 0x9674,
    0x9674, 0x9674, 0x9633, 0x9613, 0x9613, 0x9613, 0x9613, 0x9613, 0x9613, 0x9613, 0x9613, 0x9613, 0x9613, 0x9613, 0x9613, 0x9613,
    0x9613, 0x9613, 0x9613, 0x9633, 0x9654, 0x9674, 0x9674, 0x9E95, 0x9EF6, 0xA717, 0xA717, 0xA717, 0xA717, 0xA717, 0xA717, 0xA717,
    0xA717, 0xA717, 0xA717, 0xA717, 0xA717, 0xA717, 0xA717, 0xA717, 0xA717, 0xA717, 0xA717, 0xA717, 0xA717, 0xA717, 0xA717, 0xA717,
    0xA717, 0xA717, 0xA717, 0xA717, 0xA717, 0xA717, 0xA717, 0xA717, 0xA717, 0xA717, 0xA717, 0xA717, 0xA717, 0x9ED6, 0x9654, 0x9613,
    0x9613, 0x9613, 0xA673, 0xB6B3, 0xBED3, 0xBEF4, 0xC6B4, 0xC655, 0xB634, 0x9E13, 0x9E53, 0xB6D3, 0xC714, 0xC714, 0xBED3, 0xA673,
    0x9E33, 0xAE34, 0xBE55, 0xC655, 0xCE56, 0xBE35, 0xB634, 0xAE34, 0x9E33, 0xA673, 0xBED3, 0xBEF3, 0xB6D3, 0xB6D3, 0xBEF3, 0xC714,
    0xC714, 0xBEF4, 0xB6D3, 0xAE93, 0xAE93, 0xAE93, 0xB6B3, 0xB6D3, 0xBEF3, 0xBEF3, 0xC714, 0xC714, 0xC714, 0xC714, 0xC714, 0xC714,
    0xBEF3, 0xB6D3, 0xB6B3, 0xBED3, 0xC714, 0xC714, 0xC714, 0xB6B3, 0xA673, 0x9E53, 0x9E33, 0xA633, 0xAE34, 0xB634, 0xB634, 0xB634,
    0xB634, 0xAE34, 0xA633, 0x9E33, 0xA673, 0xB6B3, 0xBED3, 0xBEF4, 0xC714, 0xC714, 0xB6D3, 0xA673, 0x9E33, 0x9613, 0x9613, 0x9613,
    0x9613, 0x9E33, 0xA673, 0xAE93, 0xB6D3, 0xB6B4, 0xB694, 0xB674, 0xB655, 0xB655, 0xBE55, 0xC655, 0xC655, 0xCE56, 0xCE56, 0xC675,
    0xC6D4, 0xC714, 0xC714, 0xBEF3, 0xB6D3, 0xAEB3, 0xA653, 0x9613, 0x9613, 0x9613, 0x9633, 0x9654, 0x9674, 0x9674, 0x9654, 0x9613,
    0x9613, 0x9613, 0x9613, 0x9613, 0x9613, 0x9613, 0x9613, 0x9653, 0x9E93, 0x9ED3, 0x9EF4, 0xA714, 0xA714, 0xA714, 0xA714, 0xA714,
    0xA714, 0xA714, 0xA714, 0xA714, 0xA714, 0xA714, 0xA714, 0xA714, 0x9ED3, 0x9673, 0x9613, 0x9613, 0x9613, 0x9613, 0x9613, 0x9613,
    0x9613, 0x9613, 0x9613, 0x9613, 0x9613, 0x9613, 0x9613, 0x9613, 0x9613, 0x9613, 0x9613, 0x9613, 0x9613, 0x9613, 0x9613, 0x9613,
    0x9613, 0x9613, 0x9613, 0x9613, 0x9613, 0x9613, 0x9613, 0x9613, 0x9613, 0x9613, 0x9633, 0x9E95, 0xA717, 0xAF57, 0xBF97, 0xBF97,
    0xBF97, 0xBF97, 0xBF97, 0xBF97, 0xBF97, 0xBF97, 0xBF97, 0xAF36, 0x9E74, 0x9613, 0x9613, 0x9613, 0x9E95, 0x9EF6, 0x9EF6, 0x9EF6,
    0x9E74, 0x9613, 0xA6B4, 0xB756, 0xBF97, 0xBF97, 0xBF97, 0xBF97, 0xB777, 0xAF37, 0x9EF6, 0x9674, 0x9613, 0x9613, 0x9613, 0x9E53,
    0xAE93, 0xB6D3, 0xBEF3, 0xC714, 0xC714, 0xC714, 0xC714, 0xC714, 0xC714, 0xC714, 0xC714, 0xC714, 0xC714, 0xC714, 0xC714, 0xBEF4,
    0xAE93, 0x9613, 0x9E74, 0x9ED6, 0xAF36, 0xB776, 0xB757, 0xA717, 0x9EB5, 0x9654, 0x9633, 0x9E95, 0x9ED6, 0x9654, 0x9633, 0xA6D5,
    0xBF97, 0xBF97, 0xBF97, 0xAF57, 0xA717, 0x9EB5, 0x9633, 0x9613, 0x9613, 0x9613, 0x9613, 0x9613, 0x9613, 0x9613, 0x9613, 0x9613,
    0x9613, 0x9613, 0x9613, 0x9613, 0x9613, 0x9613, 0x9613, 0x9613, 0x9613, 0x9613, 0x9613, 0x9613, 0x9613, 0x9613, 0x9613, 0x9613,
    0x9613, 0x9613, 0x9613, 0x9613, 0x9613, 0x9613, 0x9613, 0x9654, 0x9EB5, 0x9EF6, 0x9EF6, 0xA717, 0xA717, 0xA717, 0xA717, 0xA717,
    0xA717, 0xA717, 0xA717, 0xA717, 0xA717, 0xA717, 0xA717, 0xA717, 0xA717, 0xA717, 0xA717, 0xA717, 0xA717, 0xA717, 0xA717, 0xA717,
    0xA717, 0xA717, 0xA717, 0xA717, 0xA717, 0xA717, 0xA717, 0xA717, 0xA717, 0xA717, 0xA717, 0xA717, 0xA717, 0x9ED6, 0x9654, 0x9613,
    0x9613, 0x9613, 0x9E53, 0xA673, 0xB6B3, 0xBEF3, 0xC6B4, 0xC655, 0xB634, 0x9E13, 0x9E53, 0xB6B3, 0xBEF3, 0xBEF4, 0xB6D3, 0xA653,
    0x9613, 0xB634, 0xCE56, 0xC656, 0xC656, 0xC656, 0xCE56, 0xB634, 0x9613, 0xA653, 0xB6D3, 0xBED3, 0xAEB3, 0xAEB3, 0xBED3, 0xBEF3,
    0xBEF4, 0xC714, 0xC714, 0xC714, 0xC714, 0xC714, 0xC714, 0xC714, 0xC714, 0xC714, 0xC714, 0xC714, 0xC714, 0xC714, 0xBF14, 0xBEF3,
    0xBEF3, 0xB6B3, 0xAE93, 0xB6D3, 0xC714, 0xBEF3, 0xBEF3, 0xAE93, 0x9613, 0x9613, 0x9613, 0xA614, 0xBE35, 0xC655, 0xC655, 0xC655,
    0xC656, 0xC635, 0xAE34, 0x9613, 0x9E53, 0xA673, 0xB6B3, 0xBEF3, 0xC714, 0xC714, 0xBED3, 0xAEB3, 0xA673, 0x9633, 0x9613, 0x9613,
    0x9613, 0xA673, 0xAE93, 0xB6D3, 0xBEF4, 0xB694, 0xB655, 0xB655, 0xB655, 0xBE55, 0xC655, 0xCE56, 0xCE56, 0xCE56, 0xCE56, 0xC675,
    0xC6D4, 0xC714, 0xC714, 0xBEF3, 0xB6B3, 0xA673, 0x9E33, 0x9613, 0x9613, 0x9613, 0x9613, 0x9613, 0x9613, 0x9613, 0x9613, 0x9613,
    0x9613, 0x9613, 0x9613, 0x9613, 0x9613, 0x9613, 0x9613, 0x9E93, 0xA6F4, 0xA714, 0xA714, 0xA714, 0xA714, 0xA714, 0xA714, 0xA714,
    0xA714, 0xA714, 0xA714, 0xA714, 0xA714, 0xA714, 0xA714, 0xA714, 0x9EF3, 0x9EB3, 0x9E93, 0x9633, 0x9613, 0x9613, 0x9613, 0x9613,
    0x9613, 0x9613, 0x9613, 0x9613, 0x9613, 0x9613, 0x9613, 0x9613, 0x9613, 0x9613, 0x9613, 0x9613, 0x9613, 0x9613, 0x9613, 0x9613,
    0x9613, 0x9613, 0x9613, 0x9613, 0x9613, 0x9613, 0x9613, 0x9613, 0x9613, 0x9613, 0x9633, 0x9E95, 0xA717, 0xAF57, 0xBF97, 0xBF97,
    0xBF97, 0xBF97, 0xBF97, 0xBF97, 0xBF97, 0xBF97, 0xBF97, 0xAF36, 0x9E74, 0x9613, 0x9613, 0x9613, 0x9654, 0x9674, 0x9674, 0x9674,
    0x9633, 0x9613, 0xA6B4, 0xB756, 0xBF97, 0xBF97, 0xBF97, 0xBF97, 0xB777, 0xB757, 0xAF16, 0x9E74, 0x9613, 0x9613, 0x9613, 0xA673,
    0xB6D3, 0xBEF3, 0xBEF4, 0xC714, 0xC714, 0xC714, 0xC714, 0xC714, 0xC714, 0xC714, 0xC714, 0xC714, 0xC714, 0xC714, 0xC714, 0xBEF4,
    0xAEB3, 0x9E53, 0x9E53, 0x9E74, 0xA6D5, 0xB756, 0xB757, 0xA717, 0x9EB5, 0x9654, 0x9613, 0x9654, 0x9674, 0x9633, 0x9633, 0xA6D5,
    0xBF97, 0xBF97, 0xBF97, 0xAF57, 0xA717, 0x9EB5, 0x9633, 0x9613, 0x9613, 0x9613, 0x9613, 0x9613, 0x9613, 0x9613, 0x9613, 0x9613,
    0x9613, 0x9613, 0x9613, 0x9613, 0x9613, 0x9613, 0x9613, 0x9613, 0x9613, 0x9613, 0x9613, 0x9613, 0x9613, 0x9613, 0x9613, 0x9613,
    0x9613, 0x9613, 0x9613, 0x9613, 0x9613, 0x9613, 0x9613, 0x9633, 0x9654, 0x9E95, 0x9ED6, 0xA717, 0xA717, 0xA717, 0xA717, 0xA717,
    0xA717, 0xA717, 0xA717, 0xA717, 0xA717, 0xA717, 0xA717, 0xA717, 0xA717, 0xA717, 0xA717, 0xA717, 0xA717, 0xA717, 0xA717, 0xA717,
    0xA717, 0xA717, 0xA717, 0xA717, 0xA717, 0xA717, 0xA717, 0xA717, 0xA717, 0xA717, 0xA717, 0xA717, 0xA717, 0x9ED6, 0x9654, 0x9613,
    0x9613, 0x9613, 0x9613, 0x9E33, 0xAE93, 0xBEF3, 0xC6B4, 0xC655, 0xB634, 0x9E13, 0x9E33, 0xAE93, 0xB6D3, 0xBEF3, 0xB6D3, 0xA653,
    0x9613, 0xB634, 0xC656, 0xBE76, 0xB6B6, 0xBE76, 0xC656, 0xB634, 0x9613, 0x9E53, 0xAE93, 0xB6D3, 0xB6D3, 0xB6D3, 0xB6D3, 0xB6D3,
    0xBEF3, 0xC714, 0xC714, 0xC714, 0xC714, 0xC714, 0xC714, 0xC714, 0xC714, 0xC714, 0xC714, 0xC714, 0xC714, 0xC714, 0xBEF3, 0xB6D3,
    0xB6B3, 0xB6D3, 0xB6D3, 0xBEF3, 0xBEF4, 0xB6B3, 0xA673, 0x9E53, 0x9613, 0x9613, 0x9E14, 0xAE34, 0xB635, 0xBE55, 0xBE55, 0xBE55,
    0xC655, 0xC635, 0xBE35, 0xAE34, 0xA633, 0x9E33, 0xAE93, 0xBEF3, 0xC714, 0xC714, 0xBEF3, 0xB6D3, 0xAE93, 0x9E33, 0x9613, 0x9613,
    0x9633, 0xAE93, 0xB6D3, 0xBEF3, 0xBEF4, 0xB694, 0xB655, 0xB655, 0xBE55, 0xC655, 0xC655, 0xCE56, 0xCE56, 0xCE56, 0xCE56, 0xC675,
    0xC6D4, 0xC714, 0xC714, 0xBEF3, 0xAE93, 0x9E33, 0x9613, 0x9613, 0x9613, 0x9613, 0x9613, 0x9613, 0x9613, 0x9613, 0x9613, 0x9613,
    0x9613, 0x9613, 0x9613, 0x9613, 0x9613, 0x9613, 0x9613, 0x9E93, 0xA6F4, 0xA714, 0xA714, 0xA714, 0xA714, 0xA714, 0xA714, 0xA714,
    0xA714, 0xA714, 0xA714, 0xA714, 0xA714, 0xA714, 0xA714, 0xA6F4, 0x9EF4, 0x9EF4, 0x9EF3, 0x9673, 0x9613, 0x9613, 0x9613, 0x9613,
    0x9613, 0x9613, 0x9613, 0x9613, 0x9613, 0x9613, 0x9613, 0x9613, 0x9613, 0x9613, 0x9613, 0x9613, 0x9613, 0x9613, 0x9613, 0x9613,
    0x9613, 0x9613, 0x9613, 0x9613, 0x9613, 0x9613, 0x9613, 0x9613, 0x9613, 0x9613, 0x9633, 0x9E95, 0xA717, 0xAF57, 0xBF97, 0xBF97,
    0xBF97, 0xBF97, 0xBF97, 0xBF97, 0xBF97, 0xBF97, 0xBF97, 0xAF36, 0x9E74, 0x9613, 0x9613, 0x9613, 0x9613, 0x9613, 0x9613, 0x9613,
    0x9613, 0x9613, 0xA6B4, 0xB756, 0xBF97, 0xBF97, 0xBF97, 0xBF97, 0xBF97, 0xBF97, 0xB756, 0x9E94, 0x9613, 0x9613, 0x9613, 0xAE93,
    0xBEF4, 0xC714, 0xC714, 0xC714, 0xC714, 0xC714, 0xC714, 0xC714, 0xC714, 0xC714, 0xC714, 0xC714, 0xC714, 0xC714, 0xC714, 0xBEF4,
    0xB6D3, 0xAE93, 0x9E53, 0x9613, 0x9E94, 0xB756, 0xB757, 0xA717, 0x9EB5, 0x9654, 0x9613, 0x9613, 0x9613, 0x9613, 0x9633, 0xA6D5,
    0xBF97, 0xBF97, 0xBF97, 0xAF57, 0xA717, 0x9EB5, 0x9633, 0x9613, 0x9613, 0x9613, 0x9613, 0x9613, 0x9613, 0x9613, 0x9613, 0x9613,
    0x9613, 0x9613, 0x9613, 0x9613, 0x9613, 0x9613, 0x9613, 0x9613, 0x9613, 0x9613, 0x9613, 0x9613, 0x9613, 0x9613, 0x9613, 0x9613,
    0x9613, 0x9613, 0x9613, 0x9613, 0x9613, 0x9613, 0x9613, 0x9613, 0x9613, 0x9654, 0x9EB5, 0x9EF6, 0xA717, 0xA717, 0xA717, 0xA717,
    0xA717, 0xA717, 0xA717, 0xA717, 0xA717, 0xA717, 0xA717, 0xA717, 0xA717, 0xA717, 0xA717, 0xA717, 0xA717, 0xA717, 0xA717, 0xA717,
    0xA717, 0xA717, 0xA717, 0xA717, 0xA717, 0xA717, 0xA717, 0xA717, 0xA717, 0xA717, 0xA717, 0xA717, 0xA717, 0x9ED6, 0x9674, 0x9613,
    0x9613, 0x9613, 0x9613, 0x9613, 0xA673, 0xBEF3, 0xC6B4, 0xC655, 0xB634, 0x9E13, 0x9E33, 0xA673, 0xAE93, 0xBED3, 0xB6D3, 0xA653,
    0x9613, 0xB634, 0xC656, 0xB6B6, 0xA717, 0xB6B6, 0xC656, 0xB634, 0x9613, 0x9E33, 0xA673, 0xAEB3, 0xBEF3, 0xBEF3, 0xAEB3, 0xAE93,
    0xB6D3, 0xC714, 0xC714, 0xC714, 0xC714, 0xC714, 0xC714, 0xC714, 0xC714, 0xC714, 0xC714, 0xC714, 0xC714, 0xC714, 0xBEF3, 0xB6B3,
    0xAE93, 0xB6D3, 0xC714, 0xBF14, 0xBEF3, 0xAE93, 0x9613, 0x9613, 0x9613, 0x9E33, 0xAE54, 0xB655, 0xB655, 0xB655, 0xB655, 0xB655,
    0xC655, 0xCE56, 0xCE56, 0xC635, 0xAE34, 0x9613, 0xA693, 0xBEF3, 0xC714, 0xC714, 0xC714, 0xC714, 0xB6B3, 0x9E33, 0x9613, 0x9613,
    0x9E33, 0xB6B3, 0xC714, 0xC6F4, 0xBEF4, 0xB694, 0xB655, 0xBE55, 0xC655, 0xCE56, 0xCE56, 0xCE56, 0xCE56, 0xCE56, 0xCE56, 0xC675,
    0xC6D4, 0xC714, 0xC714, 0xBEF3, 0xA673, 0x9613, 0x9613, 0x9613, 0x9613, 0x9613, 0x9613, 0x9613, 0x9613, 0x9613, 0x9613, 0x9613,
    0x9613, 0x9613, 0x9613, 0x9613, 0x9613, 0x9613, 0x9613, 0x9E93, 0x9EF3, 0x9EF4, 0x9EF4, 0x9EF4, 0x9EF4, 0x9EF4, 0x9EF4, 0x9EF4,
    0xA714, 0xA714, 0xA714, 0xA714, 0xA714, 0xA714, 0x9EF3, 0x9EB3, 0x9E93, 0x9E93, 0x9673, 0x9633, 0x9613, 0x9613, 0x9613, 0x9633,
    0x9673, 0x9E93, 0x9E93, 0x9653, 0x9613, 0x9613, 0x9E13, 0xA634, 0xAE34, 0xAE34, 0xA634, 0x9E33, 0x9613, 0x9613, 0x9613, 0x9613,
    0x9613, 0x9613, 0x9613, 0x9613, 0x9613, 0x9613, 0x9613, 0x9613, 0x9613, 0x9613, 0x9633, 0x9E95, 0xA717, 0xAF57, 0xBF97, 0xBF97,
    0xBF97, 0xBF97, 0xBF97, 0xBF97, 0xBF97, 0xBF97, 0xBF97, 0xAF36, 0x9E74, 0x9613, 0x9613, 0x9613, 0x9613, 0x9613, 0x9613, 0x9613,
    0x9613, 0x9613, 0xA6B4, 0xB756, 0xBF97, 0xBF97, 0xBF97, 0xBF97, 0xBF97, 0xBF97, 0xB756, 0x9E94, 0x9613, 0x9633, 0x9E53, 0xAEB3,
    0xBF14, 0xC714, 0xC714, 0xC714, 0xC714, 0xC714, 0xC714, 0xC714, 0xC714, 0xC714, 0xC714, 0xC714, 0xC714, 0xC714, 0xC714, 0xC714,
    0xBEF3, 0xB6D3, 0xA673, 0x9613, 0x9E94, 0xB756, 0xB757, 0xA717, 0x9EB5, 0x9654, 0x9613, 0x9613, 0x9613, 0x9613, 0x9633, 0xA6D5,
    0xBF97, 0xBF97, 0xBF97, 0xAF57, 0xA717, 0x9EB5, 0x9633, 0x9613, 0x9613, 0x9613, 0x9613, 0x9613, 0x9613, 0x9613, 0x9613, 0x9613,
    0x9613, 0x9613, 0x9613, 0x9613, 0x9613, 0x9613, 0x9633, 0x9673, 0x9E93, 0x9E93, 0x9E93, 0x9E93, 0x9E93, 0x9E93, 0x9E93, 0x9E93,
    0x9E73, 0x9633, 0x9613, 0x9613, 0x9613, 0x9613, 0x9613, 0x9613, 0x9613, 0x9633, 0x9674, 0x9EB5, 0x9ED6, 0xA717, 0xA717, 0xA717,
    0xA717, 0xA717, 0xA717, 0xA717, 0xA717, 0xA717, 0xA717, 0xA717, 0xA717, 0xA717, 0xA717, 0xA717, 0xA717, 0xA717, 0xA717, 0xA717,
    0xA717, 0xA717, 0xA717, 0xA717, 0xA717, 0xA717, 0xA717, 0xA717, 0xA717, 0xA717, 0xA717, 0xA717, 0xA717, 0x9EF6, 0x9EB5, 0x9674,
    0x9633, 0x9613, 0x9613, 0x9613, 0xA673, 0xBEF3, 0xC6D4, 0xC6B4, 0xBE74, 0xB634, 0xA634, 0xA633, 0xA673, 0xB6D3, 0xB6D3, 0xA653,
    0x9613, 0xB634, 0xC656, 0xBED6, 0xAF57, 0xAEF6, 0xB6B6, 0xAE75, 0xA634, 0x9E33, 0x9E33, 0xA673, 0xB6D3, 0xBEF3, 0xAEB3, 0xAE93,
    0xB6D3, 0xC714, 0xC714, 0xC714, 0xC714, 0xC714, 0xC714, 0xC714, 0xC714, 0xC714, 0xC714, 0xC714, 0xC714, 0xC714, 0xBEF3, 0xB6B3,
    0xAE93, 0xB6D3, 0xBEF3, 0xBED3, 0xB6B3, 0xA673, 0x9613, 0x9633, 0x9674, 0xA6B5, 0xB6D5, 0xB6F6, 0xB6F6, 0xB6D6, 0xAEB6, 0xAE96,
    0xBE76, 0xCE56, 0xCE56, 0xC635, 0xAE34, 0x9613, 0xA693, 0xBEF3, 0xC714, 0xC714, 0xC714, 0xC714, 0xB6B3, 0x9E33, 0x9613, 0x9E33,
    0xA673, 0xB6D3, 0xBEF4, 0xBED4, 0xB694, 0xB674, 0xB655, 0xBE55, 0xC655, 0xCE56, 0xCE56, 0xCE56, 0xCE56, 0xC655, 0xC695, 0xC6B4,
    0xC6F4, 0xC714, 0xC714, 0xBEF3, 0xA673, 0x9613, 0x9613, 0x9613, 0x9613, 0x9613, 0x9613, 0x9613, 0x9613, 0x9613, 0x9613, 0x9613,
    0x9613, 0x9613, 0x9613, 0x9613, 0x9613, 0x9613, 0x9613, 0x9653, 0x9E93, 0x9E93, 0x9E93, 0x9E93, 0x9E93, 0x9E93, 0x9E93, 0x9EB3,
    0xA714, 0xA714, 0xA714, 0xA714, 0xA714, 0xA714, 0x9ED3, 0x9653, 0x9613, 0x9613, 0x9613, 0x9613, 0x9613, 0x9613, 0x9613, 0x9673,
    0x9EF3, 0x9EF4, 0x9EF4, 0x9EB3, 0x9633, 0x9E13, 0xA634, 0xB655, 0xBE55, 0xC655, 0xBE55, 0xAE34, 0x9E13, 0x9613, 0x9613, 0x9613,
    0x9613, 0x9613, 0x9613, 0x9613, 0x9613, 0x9613, 0x9613, 0x9613, 0x9613, 0x9613, 0x9633, 0x9E95, 0xA717, 0xAF57, 0xBF97, 0xBF97,
    0xBF97, 0xBF97, 0xBF97, 0xBF97, 0xBF97, 0xBF97, 0xBF97, 0xAF36, 0x9E74, 0x9613, 0x9613, 0x9613, 0x9613, 0x9613, 0x9613, 0x9613,
    0x9613, 0x9613, 0xA6B4, 0xB756, 0xBF97, 0xBF97, 0xBF97, 0xBF97, 0xBF97, 0xBF97, 0xB756, 0x9E94, 0x9613, 0x9E53, 0xAE93, 0xB6D3,
    0xBF14, 0xC714, 0xC714, 0xC714, 0xC714, 0xC714, 0xC714, 0xC714, 0xC714, 0xC714, 0xC714, 0xC714, 0xC714, 0xC714, 0xC714, 0xC714,
    0xC714, 0xBEF4, 0xAE93, 0x9613, 0x9E94, 0xB756, 0xB757, 0xA717, 0x9EB5, 0x9654, 0x9613, 0x9613, 0x9613, 0x9613, 0x9633, 0xA6D5,
    0xBF97, 0xBF97, 0xBF97, 0xAF57, 0xA717, 0x9EB5, 0x9633, 0x9613, 0x9613, 0x9613, 0x9613, 0x9613, 0x9613, 0x9613, 0x9613, 0x9613,
    0x9613, 0x9613, 0x9613, 0x9613, 0x9613, 0x9613, 0x9653, 0x9ED3, 0x9EF4, 0x9EF4, 0x9EF4, 0x9EF4, 0x9EF4, 0x9EF4, 0x9EF4, 0x9EF4,
    0x9EF3, 0x9673, 0x9613, 0x9613, 0x9613, 0x9613, 0x9613, 0x9613, 0x9613, 0x9613, 0x9613, 0x9654, 0x9EB5, 0xA717, 0xA717, 0xA717,
    0xA717, 0xA717, 0xA717, 0xA717, 0xA717, 0xA717, 0xA717, 0xA717, 0xA717, 0xA717, 0xA717, 0xA717, 0xA717, 0xA717, 0xA717, 0xA717,
    0xA717, 0xA717, 0xA717, 0xA717, 0xA717, 0xA717, 0xA717, 0xA717, 0xA717, 0xA717, 0xA717, 0xA717, 0xA717, 0xA717, 0xA6F6, 0x9ED6,
    0x9674, 0x9613, 0x9613, 0x9613, 0xA673, 0xBEF3, 0xC714, 0xC6F4, 0xC6B4, 0xC675, 0xB635, 0x9E13, 0x9E53, 0xB6B3, 0xB6D3, 0xA653,
    0x9613, 0xB634, 0xC656, 0xBEF6, 0xB777, 0xAF57, 0xA717, 0xA6B6, 0xAE55, 0xA634, 0x9613, 0x9E53, 0xB6D3, 0xBEF3, 0xAEB3, 0xAE93,
    0xB6D3, 0xC714, 0xC714, 0xC714, 0xC714, 0xC714, 0xC714, 0xC714, 0xC714, 0xC714, 0xC714, 0xC714, 0xC714, 0xC714, 0xBEF3, 0xB6B3,
    0xAE93, 0xB6D3, 0xBEF3, 0xB6B3, 0xAE93, 0x9E53, 0x9613, 0x9674, 0x9EF6, 0xAF36, 0xB776, 0xBF77, 0xBF77, 0xB757, 0xA717, 0xAED6,
    0xBE96, 0xCE56, 0xCE56, 0xC635, 0xAE34, 0x9613, 0xA693, 0xBEF3, 0xC714, 0xC714, 0xC714, 0xC714, 0xB6B3, 0x9E33, 0x9613, 0xA653,
    0xAE93, 0xB6D3, 0xBEF4, 0xB694, 0xB655, 0xB655, 0xB655, 0xBE55, 0xC655, 0xCE56, 0xCE56, 0xCE56, 0xCE56, 0xC675, 0xC6D4, 0xC6F4,
    0xC714, 0xC714, 0xC714, 0xBEF3, 0xA673, 0x9613, 0x9613, 0x9613, 0x9613, 0x9613, 0x9613, 0x9613, 0x9613, 0x9613, 0x9613, 0x9613,
    0x9613, 0x9613, 0x9613, 0x9613, 0x9613, 0x9613, 0x9613, 0x9613, 0x9613, 0x9613, 0x9613, 0x9613, 0x9613, 0x9613, 0x9613, 0x9653,
    0xA714, 0xA714, 0xA714, 0xA714, 0x9EF3, 0x9EB3, 0x9673, 0x9633, 0x9613, 0x9653, 0x9673, 0x9673, 0x9673, 0x9673, 0x9673, 0x9EB3,
    0x9EF3, 0x9ED3, 0x9EB3, 0x9673, 0x9613, 0x9E13, 0xB634, 0xBE55, 0xC655, 0xC655, 0xC655, 0xBE35, 0xB634, 0xA614, 0x9E13, 0x9613,
    0x9613, 0x9613, 0x9613, 0x9613, 0x9613, 0x9613, 0x9613, 0x9613, 0x9613, 0x9613, 0x9633, 0x9E95, 0xA717, 0xAF57, 0xBF97, 0xBF97,
    0xBF97, 0xBF97, 0xBF97, 0xBF97, 0xBF97, 0xBF97, 0xBF97, 0xAF36, 0x9E74, 0x9613, 0x9613, 0x9613, 0x9613, 0x9613, 0x9613, 0x9613,
    0x9633, 0x9674, 0xA6F5, 0xB776, 0xBF97, 0xBF97, 0xBF97, 0xBF97, 0xBF97, 0xBF97, 0xB756, 0x9E94, 0x9613, 0xA673, 0xB6B3, 0xBED3,
    0xC714, 0xC714, 0xC714, 0xC714, 0xC714, 0xC714, 0xC714, 0xC714, 0xC714, 0xC714, 0xC714, 0xC714, 0xC714, 0xC714, 0xC714, 0xC714,
    0xC714, 0xC714, 0xAE93, 0x9613, 0x9E94, 0xB756, 0xB757, 0xA717, 0x9EB5, 0x9654, 0x9613, 0x9613, 0x9613, 0x9613, 0x9633, 0xA6D5,
    0xBF97, 0xBF97, 0xBF97, 0xAF57, 0xA717, 0x9EB5, 0x9633, 0x9613, 0x9613, 0x9613, 0x9653, 0x9673, 0x9673, 0x9673, 0x9673, 0x9673,
    0x9673, 0x9673, 0x9633, 0x9613, 0x9613, 0x9613, 0x9633, 0x9673, 0x9EB3, 0x9EF3, 0xA714, 0xA714, 0xA714, 0xA714, 0xA714, 0xA714,
    0x9EF4, 0x9EB3, 0x9673, 0x9673, 0x9673, 0x9653, 0x9613, 0x9613, 0x9613, 0x9613, 0x9613, 0x9633, 0x9674, 0x9EB5, 0x9ED6, 0xA717,
    0xA717, 0xA717, 0xA717, 0xA717, 0xA717, 0xA717, 0xA717, 0xA717, 0xA717, 0xA717, 0xA717, 0xA717, 0xA717, 0xA717, 0xA717, 0xA717,
    0xA717, 0xA717, 0xA717, 0xA717, 0xA717, 0xA717, 0xA717, 0xA717, 0xA717, 0xA717, 0xA717, 0xA717, 0xA717, 0xA717, 0xA717, 0x9EF6,
    0x9674, 0x9613, 0x9613, 0x9613, 0xA673, 0xB6D3, 0xBEF3, 0xBEF3, 0xC6B4, 0xC675, 0xB635, 0x9E13, 0x9E53, 0xB6B3, 0xB6D3, 0xA653,
    0x9613, 0xA655, 0xB6B6, 0xB716, 0xBF97, 0xB757, 0xAF37, 0xAED6, 0xAE75, 0xA634, 0x9613, 0x9E53, 0xB6D3, 0xBEF3, 0xB6D3, 0xB6D3,
    0xBEF3, 0xC714, 0xC714, 0xC714, 0xC714, 0xC714, 0xC714, 0xC714, 0xC714, 0xC714, 0xC714, 0xC714, 0xC714, 0xC714, 0xBEF3, 0xB6D3,
    0xB6D3, 0xBEF3, 0xBEF3, 0xAE93, 0x9E53, 0x9E73, 0x9674, 0x9ED5, 0xAF36, 0xB757, 0xB777, 0xBF97, 0xBF97, 0xB777, 0xAF57, 0xAF16,
    0xB6D6, 0xBE96, 0xC676, 0xC635, 0xAE34, 0x9613, 0xA693, 0xBEF3, 0xC714, 0xC714, 0xC714, 0xC714, 0xB6B3, 0x9E33, 0x9E33, 0xAE93,
    0xB6D3, 0xBEF3, 0xBEF4, 0xB694, 0xB655, 0xB655, 0xBE55, 0xC655, 0xC656, 0xCE56, 0xCE56, 0xCE56, 0xCE56, 0xC675, 0xC6D4, 0xC714,
    0xC714, 0xBEF3, 0xBED3, 0xB6B3, 0xA653, 0x9613, 0x9613, 0x9613, 0x9613, 0x9613, 0x9613, 0x9613, 0x9613, 0x9613, 0x9613, 0x9613,
    0x9613, 0x9613, 0x9613, 0x9613, 0x9613, 0x9653, 0x9673, 0x9673, 0x9673, 0x9673, 0x9673, 0x9673, 0x9673, 0x9653, 0x9613, 0x9633,
    0xA714, 0xA714, 0xA714, 0xA714, 0x9ED3, 0x9653, 0x9613, 0x9613, 0x9633, 0x9E93, 0x9EF3, 0x9EF3, 0x9EF3, 0x9EF3, 0x9EF3, 0x9EF3,
    0xA714, 0x9EB3, 0x9633, 0x9613, 0x9613, 0x9E13, 0xB635, 0xC655, 0xC656, 0xCE56, 0xC655, 0xC655, 0xC635, 0xC635, 0xAE34, 0x9613,
    0x9613, 0x9613, 0x9613, 0x9613, 0x9613, 0x9613, 0x9613, 0x9613, 0x9613, 0x9613, 0x9633, 0x9E95, 0xA717, 0xAF57, 0xBF97, 0xBF97,
    0xBF97, 0xBF97, 0xBF97, 0xBF97, 0xBF97, 0xBF97, 0xBF97, 0xAF36, 0x9E74, 0x9613, 0x9613, 0x9613, 0x9613, 0x9613, 0x9613, 0x9613,
    0x9674, 0x9ED6, 0xAF36, 0xB777, 0xBF97, 0xBF97, 0xBF97, 0xBF97, 0xBF97, 0xBF97, 0xB756, 0x9E94, 0x9613, 0xAE93, 0xBEF3, 0xBEF3,
    0xC714, 0xC714, 0xC714, 0xC714, 0xC714, 0xC714, 0xC714, 0xC714, 0xC714, 0xC714, 0xC714, 0xC714, 0xC714, 0xC714, 0xC714, 0xC714,
    0xC714, 0xC714, 0xAE93, 0x9613, 0x9E94, 0xB756, 0xB757, 0xA717, 0x9EB5, 0x9654, 0x9613, 0x9613, 0x9613, 0x9613, 0x9633, 0xA6D5,
    0xBF97, 0xBF97, 0xBF97, 0xAF57, 0xA717, 0x9EB5, 0x9633, 0x9613, 0x9613, 0x9633, 0x9EB3, 0x9EF3, 0x9EF3, 0x9EF3, 0x9EF3, 0x9EF3,
    0x9EF3, 0x9EF3, 0x9E73, 0x9613, 0x9613, 0x9613, 0x9613, 0x9613, 0x9673, 0x9ED3, 0xA714, 0xA714, 0xA714, 0xA714, 0xA714, 0xA714,
    0xA714, 0x9EF3, 0x9EF3, 0x9EF3, 0x9EF3, 0x9E93, 0x9633, 0x9613, 0x9613, 0x9613, 0x9613, 0x9613, 0x9613, 0x9654, 0x9EB5, 0xA717,
    0xA717, 0xA717, 0xA717, 0xA717, 0xA717, 0xA717, 0xA717, 0xA717, 0xA717, 0xA717, 0xA717, 0xA717, 0xA717, 0xA717, 0xA717, 0xA717,
    0xA717, 0xA717, 0xA717, 0xA717, 0xA717, 0xA717, 0xA717, 0xA717, 0xA717, 0xA717, 0xA717, 0xA717, 0xA717, 0xA717, 0xA717, 0x9EF6,
    0x9674, 0x9613, 0x9613, 0x9613, 0x9E53, 0xAE93, 0xB6B3, 0xBEF3, 0xC6B4, 0xC675, 0xB635, 0x9E13, 0x9E53, 0xB6B3, 0xB6D3, 0xA653,
    0x9633, 0x9E95, 0xA6F6, 0xAF37, 0xBF97, 0xB777, 0xB777, 0xB6F6, 0xB675, 0xA634, 0x9613, 0x9E53, 0xB6D3, 0xBF14, 0xBEF3, 0xBEF3,
    0xBEF4, 0xC714, 0xC714, 0xC714, 0xC714, 0xC714, 0xC714, 0xC714, 0xC714, 0xC714, 0xC714, 0xC714, 0xC714, 0xC714, 0xBF14, 0xBEF3,
    0xBEF3, 0xBEF4, 0xBEF3, 0xA673, 0x9613, 0x9E74, 0x9EF6, 0xAF36, 0xB777, 0xB777, 0xBF97, 0xBF97, 0xBF97, 0xB797, 0xB777, 0xB757,
    0xAF16, 0xAED6, 0xBE96, 0xC635, 0xAE34, 0x9613, 0xA693, 0xBEF3, 0xC714, 0xC714, 0xC714, 0xC714, 0xB6B3, 0x9E33, 0x9E53, 0xB6B3,
    0xBEF3, 0xBEF4, 0xBEF4, 0xB694, 0xB655, 0xBE55, 0xC655, 0xC656, 0xCE56, 0xCE56, 0xCE56, 0xCE56, 0xCE56, 0xC675, 0xC6D4, 0xC714,
    0xC714, 0xBEF3, 0xB6B3, 0xA673, 0x9E33, 0x9613, 0x9613, 0x9613, 0x9613, 0x9613, 0x9613, 0x9613, 0x9613, 0x9613, 0x9613, 0x9613,
    0x9613, 0x9613, 0x9613, 0x9613, 0x9613, 0x9E93, 0x9EF3, 0x9EF3, 0x9EF3, 0x9EF3, 0x9EF3, 0x9EF3, 0x9EF3, 0x9E93, 0x9633, 0x9613,
    0xA714, 0xA714, 0x9ED3, 0x9EB3, 0x9E93, 0x9673, 0x9673, 0x9673, 0x9E93, 0x9ED3, 0xA714, 0xA714, 0xA714, 0xA714, 0xA714, 0xA714,
    0xA714, 0x9E93, 0x9633, 0x9613, 0x9E13, 0xA634, 0xBE74, 0xC695, 0xC695, 0xC695, 0xC675, 0xCE55, 0xC675, 0xC695, 0xB654, 0x9E33,
    0x9613, 0x9613, 0x9633, 0x9653, 0x9653, 0x9613, 0x9613, 0x9613, 0x9613, 0x9613, 0x9633, 0x9E95, 0xA717, 0xAF57, 0xBF97, 0xBF97,
    0xBF97, 0xBF97, 0xBF97, 0xBF97, 0xBF97, 0xBF97, 0xBF97, 0xB736, 0xA6B5, 0x9654, 0x9633, 0x9613, 0x9613, 0x9613, 0x9613, 0x9613,
    0x9E94, 0xAF16, 0xAF57, 0xB777, 0xBF97, 0xBF97, 0xBF97, 0xBF97, 0xBF97, 0xBF97, 0xB756, 0x9E94, 0x9613, 0xA653, 0xAE93, 0xAE93,
    0xAE93, 0xAE93, 0xAE93, 0xAE93, 0xAE93, 0xAE93, 0xAE93, 0xAE93, 0xAE93, 0xAE93, 0xAE93, 0xAE93, 0xAE93, 0xAE93, 0xAE93, 0xAE93,
    0xAE93, 0xAE93, 0xA653, 0x9613, 0x9E94, 0xB756, 0xB777, 0xAF57, 0xA6F5, 0x9654, 0x9613, 0x9613, 0x9613, 0x9633, 0x9E74, 0xAEF5,
    0xBF97, 0xBF97, 0xBF97, 0xAF57, 0xA717, 0x9EB5, 0x9633, 0x9613, 0x9613, 0x9653, 0x9EB3, 0xA714, 0xA714, 0xA714, 0xA714, 0xA714,
    0xA714, 0xA714, 0x9EB3, 0x9673, 0x9673, 0x9673, 0x9653, 0x9613, 0x9633, 0x9E73, 0x9EB3, 0x9EF3, 0xA714, 0xA714, 0xA714, 0xA714,
    0xA714, 0xA714, 0xA714, 0xA714, 0xA714, 0x9ED3, 0x9673, 0x9653, 0x9613, 0x9613, 0x9613, 0x9613, 0x9613, 0x9613, 0x9674, 0x9EB5,
    0x9ED6, 0xA717, 0xA717, 0xA717, 0xA717, 0xA717, 0xA717, 0xA717, 0xA717, 0xA717, 0xA717, 0xA717, 0xA717, 0xA717, 0xA717, 0xA717,
    0xA717, 0xA717, 0xA717, 0xA717, 0xA717, 0xA717, 0xA717, 0xA717, 0xA717, 0xA717, 0xA717, 0xA717, 0xA717, 0xA717, 0xA717, 0x9EF6,
    0x9674, 0x9613, 0x9613, 0x9613, 0x9633, 0x9E53, 0xAE93, 0xBEF3, 0xC6D4, 0xC6B5, 0xB674, 0x9E33, 0x9E53, 0xB6B3, 0xB6D3, 0xA653,
    0x9633, 0x9EB5, 0xAF37, 0xB757, 0xBF97, 0xB777, 0xAF57, 0xAED5, 0xA654, 0x9E13, 0x9613, 0x9E53, 0xB6D3, 0xC714, 0xC714, 0xC714,
    0xC714, 0xC714, 0xC714, 0xC714, 0xC714, 0xC714, 0xC714, 0xC714, 0xC714, 0xC714, 0xC714, 0xC714, 0xC714, 0xC714, 0xC714, 0xC714,
    0xBEF3, 0xBEF3, 0xB6D3, 0xA653, 0x9613, 0x9E95, 0xAF36, 0xB757, 0xB777, 0xBF97, 0xBF97, 0xBF97, 0xBF97, 0xBF97, 0xBF97, 0xB777,
    0xAF37, 0xA6F6, 0xBE96, 0xC635, 0xAE34, 0x9613, 0xA693, 0xBEF3, 0xC714, 0xC714, 0xC714, 0xC714, 0xB6B3, 0x9E33, 0x9E53, 0xB6B3,
    0xBEF4, 0xBED4, 0xBEB4, 0xB674, 0xB655, 0xBE55, 0xCE56, 0xCE56, 0xCE56, 0xCE56, 0xCE56, 0xC655, 0xC675, 0xC6B4, 0xC6F4, 0xC714,
    0xC714, 0xBEF3, 0xAE93, 0x9E53, 0x9633, 0x9613, 0x9613, 0x9613, 0x9613, 0x9613, 0x9613, 0x9613, 0x9613, 0x9613, 0x9613, 0x9653,
    0x9673, 0x9673, 0x9673, 0x9673, 0x9673, 0x9ED3, 0xA714, 0xA714, 0xA714, 0xA714, 0xA714, 0xA714, 0xA714, 0x9ED3, 0x9E93, 0x9673,
    0xA714, 0xA714, 0x9EB3, 0x9653, 0x9653, 0x9EB3, 0x9ED3, 0x9ED3, 0x9EF3, 0x9EF3, 0xA714, 0xA714, 0xA714, 0xA714, 0xA714, 0xA714,
    0xA714, 0x9E93, 0x9633, 0x9E13, 0xA634, 0xB674, 0xBEB4, 0xC6F4, 0xC6F4, 0xC6D4, 0xC695, 0xC655, 0xC695, 0xC6F4, 0xB694, 0xAE34,
    0x9E34, 0x9613, 0x9653, 0x9EB3, 0x9E93, 0x9633, 0x9613, 0x9613, 0x9613, 0x9613, 0x9633, 0x9E95, 0xA717, 0xAF57, 0xBF97, 0xBF97,
    0xBF97, 0xBF97, 0xBF97, 0xBF97, 0xBF97, 0xBF97, 0xBF97, 0xB756, 0xA716, 0x9EB5, 0x9654, 0x9613, 0x9613, 0x9613, 0x9613, 0x9613,
    0xA6B4, 0xB756, 0xB777, 0xB797, 0xBF97, 0xBF97, 0xBF97, 0xBF97, 0xBF97, 0xBF97, 0xB756, 0x9E94, 0x9613, 0x9613, 0x9633, 0x9633,
    0x9633, 0x9633, 0x9633, 0x9633, 0x9633, 0x9633, 0x9633, 0x9633, 0x9633, 0x9633, 0x9633, 0x9633, 0x9633, 0x9633, 0x9633, 0x9633,
    0x9633, 0x9633, 0x9613, 0x9613, 0x9E94, 0xB756, 0xB777, 0xB777, 0xAF15, 0x9E74, 0x9613, 0x9613, 0x9633, 0x9E95, 0xA6F6, 0xAF36,
    0xBF97, 0xBF97, 0xBF97, 0xAF57, 0xA717, 0x9EB5, 0x9633, 0x9613, 0x9613, 0x9653, 0x9EB3, 0xA714, 0xA714, 0xA714, 0xA714, 0xA714,
    0xA714, 0xA714, 0x9EF3, 0x9ED3, 0x9ED3, 0x9ED3, 0x9E93, 0x9633, 0x9613, 0x9613, 0x9653, 0x9ED3, 0xA714, 0xA714, 0xA714, 0xA714,
    0xA714, 0xA714, 0xA714, 0xA714, 0xA714, 0x9EF3, 0x9EF3, 0x9E93, 0x9633, 0x9613, 0x9613, 0x9613, 0x9613, 0x9613, 0x9613, 0x9653,
    0x9EB5, 0xA717, 0xA717, 0xA717, 0xA717, 0xA717, 0xA717, 0xA717, 0xA717, 0xA717, 0xA717, 0xA717, 0xA717, 0xA717, 0xA717, 0xA717,
    0xA717, 0xA717, 0xA717, 0xA717, 0xA717, 0xA717, 0xA717, 0xA717, 0xA717, 0xA717, 0xA717, 0xA717, 0xA717, 0xA717, 0xA717, 0x9EF6,
    0x9674, 0x9613, 0x9613, 0x9613, 0x9613, 0x9613, 0xA673, 0xBEF3, 0xC6F4, 0xC6F4, 0xB6B3, 0x9E33, 0x9E53, 0xB6B3, 0xB6D3, 0xA653,
    0x9633, 0xA6D5, 0xB777, 0xB777, 0xBF97, 0xAF57, 0xA717, 0x9EB5, 0x9633, 0x9613, 0x9613, 0x9E53, 0xB6D3, 0xC714, 0xC714, 0xC714,
    0xC714, 0xC714, 0xC714, 0xC714, 0xC714, 0xC714, 0xC714, 0xC714, 0xC714, 0xC714, 0xC714, 0xC714, 0xC714, 0xC714, 0xC714, 0xC714,
    0xBEF3, 0xB6B3, 0xAE93, 0x9E53, 0x9613, 0xA6B5, 0xB776, 0xB777, 0xBF97, 0xBF97, 0xBF97, 0xBF97, 0xBF97, 0xBF97, 0xBF97, 0xB777,
    0xAF37, 0xA6F6, 0xBE96, 0xC635, 0xAE34, 0x9613, 0xA693, 0xBEF3, 0xC714, 0xC714, 0xC714, 0xC714, 0xB6B3, 0x9E33, 0x9E53, 0xB6B3,
    0xBEF4, 0xB694, 0xB654, 0xB654, 0xB655, 0xBE55, 0xCE56, 0xCE56, 0xCE56, 0xCE56, 0xCE56, 0xC675, 0xC6D4, 0xC6F4, 0xC6F4, 0xC714,
    0xC714, 0xBED3, 0xA673, 0x9613, 0x9613, 0x9613, 0x9613, 0x9613, 0x9613, 0x9613, 0x9613, 0x9613, 0x9613, 0x9613, 0x9653, 0x9EB3,
    0x9ED3, 0x9ED3, 0x9ED3, 0x9ED3, 0x9EF3, 0x9EF3, 0xA714, 0xA714, 0xA714, 0xA714, 0xA714, 0xA714, 0xA714, 0x9EF3, 0x9EF3, 0x9ED3,
    0xA714, 0xA714, 0x9ED3, 0x9673, 0x9E93, 0x9ED3, 0xA714, 0xA714, 0xA714, 0xA714, 0xA714, 0xA714, 0xA714, 0xA714, 0xA714, 0xA714,
    0xA714, 0x9E93, 0x9633, 0x9E13, 0xB634, 0xBE75, 0xBED4, 0xC714, 0xC714, 0xC6F4, 0xC695, 0xC655, 0xC695, 0xC6D4, 0xBE95, 0xBE55,
    0xA634, 0x9613, 0x9673, 0x9ED3, 0x9EB3, 0x9633, 0x9613, 0x9613, 0x9613, 0x9613, 0x9633, 0x9E95, 0xA717, 0xAF57, 0xBF97, 0xBF97,
    0xBF97, 0xBF97, 0xBF97, 0xBF97, 0xBF97, 0xBF97, 0xBF97, 0xB777, 0xAF57, 0xA716, 0x9E95, 0x9654, 0x9633, 0x9613, 0x9633, 0x9654,
    0xA6F5, 0xB776, 0xBF97, 0xBF97, 0xBF97, 0xBF97, 0xBF97, 0xBF97, 0xBF97, 0xBF97, 0xB756, 0x9E94, 0x9613, 0x9613, 0x9613, 0x9613,
    0x9613, 0x9E13, 0xA613, 0xA614, 0xA614, 0xA614, 0xA614, 0xA614, 0xA614, 0xA614, 0xA614, 0xA614, 0xA614, 0xA613, 0x9E13, 0x9613,
    0x9613, 0x9613, 0x9613, 0x9613, 0x9E94, 0xB756, 0xBF97, 0xBF97, 0xAF36, 0x9EB5, 0x9654, 0x9654, 0x9674, 0xA6D6, 0xAF37, 0xB757,
    0xBF97, 0xBF97, 0xBF97, 0xAF57, 0xA717, 0x9EB5, 0x9633, 0x9613, 0x9613, 0x9653, 0x9EB3, 0xA714, 0xA714, 0xA714, 0xA714, 0xA714,
    0xA714, 0xA714, 0xA714, 0xA714, 0xA714, 0xA714, 0x9ED3, 0x9673, 0x9633, 0x9613, 0x9633, 0x9E73, 0x9EB3, 0x9EF3, 0xA714, 0xA714,
    0xA714, 0xA714, 0xA714, 0xA714, 0xA714, 0xA714, 0xA714, 0x9ED3, 0x9673, 0x9633, 0x9613, 0x9613, 0x9633, 0x9653, 0x9653, 0x9673,
    0x9EB5, 0xA717, 0xA717, 0xA717, 0x9ED6, 0x9EB5, 0x9EB5, 0x9EB5, 0x9EB5, 0x9EB5, 0x9ED6, 0x9EF6, 0xA717, 0xA717, 0xA717, 0xA717,
    0xA717, 0xA717, 0xA717, 0xA717, 0xA717, 0xA717, 0xA717, 0xA717, 0xA717, 0xA717, 0xA717, 0xA717, 0xA717, 0xA717, 0xA717, 0x9EF6,
    0x9E95, 0x9654, 0x9633, 0x9613, 0x9613, 0x9613, 0xA653, 0xB6D3, 0xBEF3, 0xBEF3, 0xB6B3, 0x9E53, 0x9E33, 0xAE93, 0xB6B3, 0x9E53,
    0x9633, 0xAEF5, 0xBF97, 0xBF97, 0xBF97, 0xAF16, 0x9EB5, 0x9674, 0x9613, 0x9613, 0x9613, 0x9E53, 0xB6D3, 0xC714, 0xC714, 0xC714,
    0xC714, 0xC714, 0xC714, 0xC714, 0xC714, 0xC714, 0xC714, 0xC714, 0xC714, 0xC714, 0xC714, 0xC714, 0xC714, 0xC714, 0xC714, 0xC714,
    0xBEF3, 0xAE93, 0x9E53, 0x9633, 0x9613, 0x9E94, 0xAEF5, 0xAF36, 0xB756, 0xB777, 0xB777, 0xBF97, 0xBF97, 0xBF97, 0xBF97, 0xB777,
    0xAF37, 0xA6F6, 0xBE96, 0xC635, 0xAE34, 0x9613, 0xA693, 0xBEF3, 0xC714, 0xC714, 0xC714, 0xC714, 0xB6B3, 0x9E33, 0x9E53, 0xB6B3,
    0xBEF4, 0xB694, 0xB655, 0xB655, 0xBE55, 0xC655, 0xCE56, 0xCE56, 0xCE56, 0xCE56, 0xCE56, 0xC695, 0xC6F4, 0xC714, 0xC714, 0xBEF3,
    0xBEF3, 0xB6B3, 0x9E53, 0x9613, 0x9613, 0x9613, 0x9613, 0x9613, 0x9613, 0x9613, 0x9633, 0x9653, 0x9653, 0x9653, 0x9E93, 0x9ED3,
    0xA714, 0xA714, 0xA714, 0xA714, 0xA714, 0xA714, 0xA714, 0xA714, 0xA714, 0xA714, 0xA714, 0xA714, 0xA714, 0xA714, 0xA714, 0xA714,
    0xA714, 0xA714, 0x9EF3, 0x9ED3, 0x9ED3, 0x9EF3, 0xA714, 0xA714, 0xA714, 0xA714, 0xA714, 0xA714, 0xA714, 0xA714, 0xA714, 0xA714,
    0xA714, 0x9E93, 0x9633, 0xA613, 0xBE35, 0xC675, 0xC6D4, 0xC714, 0xC714, 0xC6F4, 0xC695, 0xCE56, 0xC655, 0xC675, 0xC655, 0xC655,
    0xAE34, 0x9613, 0x9673, 0x9ED3, 0x9EB3, 0x9633, 0x9613, 0x9613, 0x9613, 0x9613, 0x9633, 0x9E95, 0xA717, 0xAF57, 0xBF97, 0xBF97,
    0xBF97, 0xBF97, 0xBF97, 0xBF97, 0xBF97, 0xBF97, 0xBF97, 0xB777, 0xB777, 0xAF56, 0xA716, 0x9EB5, 0x9654, 0x9613, 0x9674, 0x9ED6,
    0xAF36, 0xB777, 0xBF97, 0xBF97, 0xBF97, 0xBF97, 0xBF97, 0xBF97, 0xBF97, 0xBF97, 0xB756, 0x9E94, 0x9613, 0x9613, 0x9613, 0x9613,
    0x9613, 0xA614, 0xBE35, 0xBE35, 0xBE35, 0xBE35, 0xBE35, 0xBE35, 0xBE35, 0xBE35, 0xBE35, 0xBE35, 0xBE35, 0xBE35, 0xA614, 0x9613,
    0x9613, 0x9613, 0x9613, 0x9613, 0x9E94, 0xB756, 0xBF97, 0xBF97, 0xB756, 0xA6F6, 0x9ED6, 0x9ED6, 0xA6F6, 0xAF36, 0xB777, 0xB777,
    0xBF97, 0xBF97, 0xBF97, 0xAF57, 0xA717, 0x9EB5, 0x9633, 0x9613, 0x9613, 0x9653, 0x9EB3, 0xA714, 0xA714, 0xA714, 0xA714, 0xA714,
    0xA714, 0xA714, 0xA714, 0xA714, 0xA714, 0xA714, 0x9EF3, 0x9ED3, 0x9E93, 0x9633, 0x9613, 0x9633, 0x9653, 0x9EB3, 0xA714, 0xA714,
    0xA714, 0xA714, 0xA714, 0xA714, 0xA714, 0xA714, 0xA714, 0x9EF3, 0x9ED3, 0x9E93, 0x9633, 0x9633, 0x9E93, 0x9ED3, 0x9ED3, 0x9ED4,
    0x9EF5, 0xA717, 0xA717, 0xA717, 0x9EB5, 0x9654, 0x9633, 0x9633, 0x9633, 0x9633, 0x9674, 0x9ED6, 0xA717, 0xA717, 0xA717, 0xA717,
    0xA717, 0xA717, 0xA717, 0xA717, 0xA717, 0xA717, 0xA717, 0xA717, 0xA717, 0xA717, 0xA717, 0xA717, 0xA717, 0xA717, 0xA717, 0x9EF6,
    0x9EF6, 0x9EB5, 0x9674, 0x9613, 0x9613, 0x9613, 0x9E53, 0xAE93, 0xB6D3, 0xBEF3, 0xB6B3, 0x9E53, 0x9633, 0xA673, 0xAE93, 0x9E33,
    0x9633, 0xAEF5, 0xBF97, 0xBF97, 0xBF97, 0xA6F5, 0x9654, 0x9633, 0x9613, 0x9613, 0x9613, 0x9E53, 0xB6D3, 0xC714, 0xC714, 0xC714,
    0xC714, 0xC714, 0xC714, 0xC714, 0xC714, 0xC714, 0xC714, 0xC714, 0xC714, 0xC714, 0xC714, 0xC714, 0xC714, 0xC714, 0xC714, 0xC714,
    0xBEF3, 0xA673, 0x9613, 0x9613, 0x9613, 0x9633, 0x9E53, 0x9EB5, 0xA716, 0xAF57, 0xB777, 0xBF97, 0xBF97, 0xBF97, 0xBF97, 0xB777,
    0xAF37, 0xA6F6, 0xBE96, 0xC635, 0xAE34, 0x9613, 0xA693, 0xBEF3, 0xC714, 0xC714, 0xC714, 0xC714, 0xB6B3, 0x9E33, 0x9E53, 0xB6B3,
    0xBEF4, 0xB694, 0xB655, 0xBE55, 0xC655, 0xC655, 0xCE56, 0xCE56, 0xCE56, 0xCE56, 0xCE56, 0xC695, 0xC6F4, 0xC714, 0xC714, 0xBEF3,
    0xB6B3, 0xAE93, 0x9E33, 0x9613, 0x9613, 0x9613, 0x9613, 0x9613, 0x9613, 0x9613, 0x9653, 0x9EB3, 0x9ED3, 0x9ED3, 0x9ED3, 0x9EF3,
    0xA714, 0xA714, 0xA714, 0xA714, 0xA714, 0xA714, 0xA714, 0xA714, 0xA714, 0xA714, 0xA714, 0xA714, 0xA714, 0xA714, 0xA714, 0xA714,
    0xA714, 0xA714, 0xA714, 0xA714, 0xA714, 0xA714, 0xA714, 0xA714, 0xA714, 0xA714, 0xA714, 0xA714, 0xA714, 0xA714, 0xA714, 0xA714,
    0xA714, 0x9E93, 0x9633, 0xA613, 0xB635, 0xC675, 0xC6B4, 0xC6D4, 0xC6D4, 0xC6B4, 0xC675, 0xCE56, 0xCE56, 0xCE56, 0xCE56, 0xCE56,
    0xAE34, 0x9613, 0x9673, 0x9ED3, 0x9EB3, 0x9633, 0x9613, 0x9613, 0x9613, 0x9613, 0x9613, 0x9674, 0x9ED6, 0xAF36, 0xBF97, 0xBF97,
    0xBF97, 0xBF97, 0xBF97, 0xBF97, 0xBF97, 0xBF97, 0xBF97, 0xBF97, 0xBF97, 0xB777, 0xAF57, 0xA716, 0x9EB5, 0x9E74, 0xA6D5, 0xA737,
    0xAF57, 0xB777, 0xBF97, 0xBF97, 0xBF97, 0xBF97, 0xBF97, 0xBF97, 0xBF97, 0xBF97, 0xB756, 0x9E94, 0x9613, 0x9613, 0x9613, 0x9613,
    0x9613, 0xAE34, 0xC635, 0xCE56, 0xCE56, 0xCE56, 0xCE56, 0xCE56, 0xCE56, 0xCE56, 0xCE56, 0xCE56, 0xCE56, 0xC635, 0xAE34, 0x9613,
    0x9613, 0x9613, 0x9613, 0x9613, 0x9E94, 0xB756, 0xBF97, 0xBF97, 0xB777, 0xAF37, 0xA737, 0xA737, 0xAF37, 0xB757, 0xBF97, 0xBF97,
    0xBF97, 0xBF97, 0xBF97, 0xAF57, 0xA717, 0x9EB5, 0x9633, 0x9613, 0x9613, 0x9653, 0x9EB3, 0xA714, 0xA714, 0xA714, 0xA714, 0xA714,
    0xA714, 0xA714, 0xA714, 0xA714, 0xA714, 0xA714, 0xA714, 0xA714, 0x9ED3, 0x9673, 0x9633, 0x9613, 0x9633, 0x9EB3, 0xA714, 0xA714,
    0xA714, 0xA714, 0xA714, 0xA714, 0xA714, 0xA714, 0xA714, 0xA714, 0xA714, 0x9ED3, 0x9673, 0x9673, 0x9ED3, 0x9EF3, 0x9ED3, 0x9EB3,
    0x9EB5, 0x9EB5, 0x9EB5, 0x9EB5, 0x9674, 0x9613, 0x9613, 0x9613, 0x9613, 0x9613, 0x9654, 0x9EB5, 0xA717, 0xA717, 0xA717, 0xA717,
    0xA717, 0xA717, 0xA717, 0xA717, 0xA717, 0xA717, 0xA717, 0xA717, 0xA717, 0xA717, 0xA717, 0xA717, 0xA717, 0xA717, 0xA717, 0xA717,
    0xA717, 0x9EF6, 0x9674, 0x9613, 0x9613, 0x9613, 0x9633, 0xA653, 0xAE93, 0xB6D3, 0xAEB3, 0x9E33, 0x9613, 0xA673, 0xA673, 0x9E33,
    0x9633, 0xAEF5, 0xBF97, 0xB777, 0xB777, 0xA6B5, 0x9613, 0x9613, 0x9633, 0x9633, 0x9613, 0x9E53, 0xB6D3, 0xC714, 0xC714, 0xC714,
    0xC714, 0xC714, 0xC714, 0xC714, 0xC714, 0xC714, 0xC714, 0xC714, 0xC714, 0xC714, 0xC714, 0xC714, 0xC714, 0xC714, 0xC714, 0xC714,
    0xBED3, 0xA673, 0x9613, 0x9613, 0x9613, 0x9613, 0x9613, 0x9654, 0x9EB5, 0xA716, 0xB776, 0xBF97, 0xBF97, 0xBF97, 0xBF97, 0xB777,
    0xAF37, 0xA6F6, 0xB696, 0xBE35, 0xA634, 0x9613, 0xA693, 0xBEF3, 0xC714, 0xC714, 0xC714, 0xC714, 0xB6B3, 0x9E53, 0xA653, 0xB6D3,
    0xBEF4, 0xB694, 0xB655, 0xBE55, 0xCE56, 0xCE56, 0xCE56, 0xCE56, 0xCE56, 0xC655, 0xC675, 0xC6B4, 0xC6F4, 0xC714, 0xC714, 0xBED3,
    0xAE93, 0x9E53, 0x9633, 0x9613, 0x9613, 0x9613, 0x9633, 0x9653, 0x9653, 0x9653, 0x9E93, 0x9EF3, 0xA714, 0xA714, 0xA714, 0xA714,
    0xA714, 0xA714, 0xA714, 0xA714, 0xA714, 0xA714, 0xA714, 0xA714, 0xA714, 0xA714, 0xA714, 0xA714, 0xA714, 0xA714, 0xA714, 0xA714,
    0xA714, 0xA714, 0xA714, 0xA714, 0xA714, 0xA714, 0xA714, 0xA714, 0xA714, 0xA714, 0xA714, 0xA714, 0xA714, 0xA714, 0xA714, 0xA714,
    0xA714, 0x9E93, 0x9633, 0x9E13, 0xAE34, 0xBE55, 0xC675, 0xC675, 0xC675, 0xC675, 0xC655, 0xCE56, 0xCE56, 0xCE56, 0xCE56, 0xCE56,
    0xAE34, 0x9613, 0x9673, 0x9ED3, 0x9EB3, 0x9633, 0x9613, 0x9613, 0x9613, 0x9613, 0x9613, 0x9633, 0x9654, 0xA6F5, 0xBF97, 0xBF97,
    0xBF97, 0xBF97, 0xBF97, 0xBF97, 0xBF97, 0xBF97, 0xBF97, 0xBF97, 0xBF97, 0xB777, 0xB777, 0xB756, 0xAF36, 0xAF36, 0xAF36, 0xB777,
    0xB777, 0xBF97, 0xBF97, 0xBF97, 0xBF97, 0xBF97, 0xBF97, 0xBF97, 0xBF97, 0xBF97, 0xB756, 0x9E94, 0x9613, 0x9613, 0x9613, 0x9613,
    0x9613, 0xAE34, 0xC635, 0xCE56, 0xCE56, 0xCE56, 0xCE56, 0xCE56, 0xCE56, 0xCE56, 0xCE56, 0xCE56, 0xCE56, 0xC635, 0xAE34, 0x9613,
    0x9613, 0x9613, 0x9613, 0x9613, 0x9E94, 0xB756, 0xBF97, 0xBF97, 0xB777, 0xB777, 0xB777, 0xB777, 0xB777, 0xB777, 0xBF97, 0xBF97,
    0xBF97, 0xBF97, 0xBF97, 0xAF57, 0xA717, 0x9EB5, 0x9633, 0x9613, 0x9613, 0x9653, 0x9EB3, 0xA714, 0xA714, 0xA714, 0xA714, 0xA714,
    0xA714, 0xA714, 0xA714, 0xA714, 0xA714, 0xA714, 0xA714, 0xA714, 0x9EF3, 0x9ED3, 0x9E93, 0x9633, 0x9633, 0x9EB3, 0xA714, 0xA714,
    0xA714, 0xA714, 0xA714, 0xA714, 0xA714, 0xA714, 0xA714, 0xA714, 0xA714, 0x9EF3, 0x9ED3, 0x9ED3, 0x9EF3, 0x9EF3, 0x9E93, 0x9653,
    0x9653, 0x9654, 0x9654, 0x9654, 0x9633, 0x9613, 0x9613, 0x9613, 0x9613, 0x9613, 0x9654, 0x9EB5, 0xA717, 0xA717, 0xA717, 0xA717,
    0xA717, 0xA717, 0xA717, 0xA717, 0xA717, 0xA717, 0xA717, 0xA717, 0xA717, 0xA717, 0xA717, 0xA717, 0xA717, 0xA717, 0xA717, 0xA717,
    0xA717, 0x9EF6, 0x9674, 0x9613, 0x9613, 0x9613, 0x9613, 0x9613, 0x9E53, 0xAE93, 0xA673, 0x9633, 0x9613, 0xA673, 0xA673, 0x9E33,
    0x9633, 0xAEF5, 0xB777, 0xAF57, 0xA737, 0x9E95, 0x9613, 0x9654, 0x9EB5, 0x9E74, 0x9633, 0x9E53, 0xB6D3, 0xC714, 0xC714, 0xC714,
    0xC714, 0xC714, 0xC714, 0xC714, 0xC714, 0xC714, 0xC714, 0xC714, 0xC714, 0xC714, 0xC714, 0xC714, 0xC714, 0xC714, 0xC714, 0xC714,
    0xBED3, 0xA673, 0x9613, 0x9613, 0x9613, 0x9613, 0x9613, 0x9613, 0x9654, 0xA6B5, 0xB756, 0xBF97, 0xBF97, 0xBF97, 0xBF97, 0xB777,
    0xAF37, 0xA6F6, 0xAE95, 0xB635, 0xA634, 0x9613, 0xA693, 0xBEF3, 0xC714, 0xC714, 0xC714, 0xC714, 0xB6D3, 0xAE93, 0xAE93, 0xB6D3,
    0xBEF4, 0xB694, 0xB655, 0xBE55, 0xCE56, 0xCE56, 0xCE56, 0xCE56, 0xCE56, 0xC675, 0xC6D4, 0xC6F4, 0xC6F4, 0xC714, 0xC714, 0xB6D3,
    0xA673, 0x9613, 0x9613, 0x9613, 0x9613, 0x9613, 0x9673, 0x9EB3, 0x9EB3, 0x9EB3, 0x9ED3, 0x9EF4, 0xA714, 0xA714, 0xA714, 0xA714,
    0xA714, 0xA714, 0xA714, 0xA714, 0xA714, 0xA714, 0xA714, 0xA714, 0xA714, 0xA714, 0xA714, 0xA714, 0xA714, 0xA714, 0xA714, 0xA714,
    0xA714, 0xA714, 0xA714, 0xA714, 0xA714, 0xA714, 0xA714, 0xA714, 0xA714, 0xA714, 0xA714, 0xA714, 0xA714, 0xA714, 0xA714, 0xA714,
    0xA714, 0x9E93, 0x9633, 0x9E13, 0xA634, 0xB634, 0xBE35, 0xC655, 0xC655, 0xCE56, 0xCE56, 0xC656, 0xC655, 0xC655, 0xC635, 0xBE35,
    0xAE34, 0x9633, 0x9673, 0x9EB3, 0x9E93, 0x9633, 0x9613, 0x9633, 0x9633, 0x9613, 0x9613, 0x9613, 0x9613, 0xA6D5, 0xBF97, 0xBF97,
    0xBF97, 0xBF97, 0xBF97, 0xBF97, 0xBF97, 0xBF97, 0xBF97, 0xBF97, 0xBF97, 0xBF97, 0xBF97, 0xBF97, 0xBF97, 0xBF97, 0xBF97, 0xBF97,
    0xBF97, 0xBF97, 0xBF97, 0xBF97, 0xBF97, 0xBF97, 0xBF97, 0xBF97, 0xBF97, 0xBF97, 0xB756, 0x9E94, 0x9613, 0x9613, 0x9613, 0x9613,
    0x9613, 0xA634, 0xBE35, 0xC655, 0xC656, 0xCE56, 0xCE56, 0xCE56, 0xCE56, 0xCE56, 0xCE56, 0xC656, 0xC655, 0xBE35, 0xA634, 0x9613,
    0x9613, 0x9613, 0x9613, 0x9633, 0xA6B5, 0xB756, 0xBF97, 0xBF97, 0xBF97, 0xBF97, 0xBF97, 0xBF97, 0xBF97, 0xBF97, 0xBF97, 0xBF97,
    0xBF97, 0xBF97, 0xBF97, 0xAF36, 0x9EF6, 0x9E95, 0x9633, 0x9613, 0x9613, 0x9653, 0x9EB3, 0xA714, 0xA714, 0xA714, 0xA714, 0xA714,
    0xA714, 0xA714, 0xA714, 0xA714, 0xA714, 0xA714, 0xA714, 0xA714, 0xA714, 0xA714, 0x9ED3, 0x9673, 0x9653, 0x9EB3, 0xA714, 0xA714,
    0xA714, 0xA714, 0xA714, 0xA714, 0xA714, 0xA714, 0xA714, 0xA714, 0xA714, 0xA714, 0xA714, 0x9EF3, 0x9EF3, 0x9EB3, 0x9653, 0x9613,
    0x9613, 0x9613, 0x9613, 0x9613, 0x9613, 0x9613, 0x9613, 0x9613, 0x9613, 0x9613, 0x9654, 0x9EB5, 0xA717, 0xA717, 0xA717, 0xA717,
    0xA717, 0xA717, 0xA717, 0xA717, 0xA717, 0xA717, 0xA717, 0xA717, 0xA717, 0xA717, 0xA717, 0xA717, 0xA717, 0xA717, 0xA717, 0xA717,
    0xA717, 0x9EF6, 0x9674, 0x9613, 0x9613, 0x9613, 0x9613, 0x9613, 0x9633, 0xA653, 0x9E53, 0x9613, 0x9613, 0x9E53, 0xA653, 0x9633,
    0x9633, 0xAEF5, 0xB777, 0xAF37, 0xA717, 0x9E95, 0x9613, 0x9E74, 0xA6F6, 0x9EB5, 0x9633, 0x9E53, 0xB6D3, 0xC714, 0xC714, 0xC714,
    0xC714, 0xC714, 0xC714, 0xC714, 0xC714, 0xC714, 0xC714, 0xC714, 0xC714, 0xC714, 0xC714, 0xC714, 0xC714, 0xC714, 0xC714, 0xC714,
    0xBED3, 0xA673, 0x9613, 0x9633, 0x9E53, 0x9633, 0x9613, 0x9613, 0x9613, 0x9E94, 0xAF36, 0xB777, 0xB777, 0xBF97, 0xBF97, 0xB777,
    0xAF37, 0xA6F6, 0xA695, 0xAE34, 0x9E33, 0x9613, 0xAE93, 0xBEF3, 0xC714, 0xC714, 0xC714, 0xC714, 0xBEF3, 0xB6B3, 0xB6B3, 0xBEF3,
    0xBEF4, 0xB694, 0xB655, 0xBE55, 0xCE56, 0xCE56, 0xCE56, 0xC655, 0xC675, 0xC6B4, 0xC6F4, 0xC714, 0xC714, 0xBEF3, 0xBED3, 0xAE93,
    0x9E53, 0x9613, 0x9613, 0x9613, 0x9633, 0x9653, 0x9EB3, 0xA714, 0xA714, 0xA714, 0xA714, 0xA714, 0xA714, 0xA714, 0xA714, 0xA714,
    0xA714, 0xA714, 0xA714, 0xA714, 0xA714, 0xA714, 0xA714, 0xA714, 0xA714, 0xA714, 0xA714, 0xA714, 0xA714, 0xA714, 0xA714, 0xA714,
    0xA714, 0xA714, 0xA714, 0xA714, 0xA714, 0xA714, 0xA714, 0xA714, 0xA714, 0xA714, 0xA714, 0xA714, 0xA714, 0xA714, 0xA714, 0xA714,
    0xA714, 0x9E93, 0x9633, 0x9613, 0x9E13, 0xA634, 0xB634, 0xBE55, 0xC655, 0xCE56, 0xCE56, 0xC655, 0xBE55, 0xB655, 0xAE34, 0xA614,
    0x9E53, 0x9EB3, 0x9E93, 0x9673, 0x9633, 0x9613, 0x9633, 0x9E73, 0x9E93, 0x9633, 0x9613, 0x9613, 0x9613, 0xA6D5, 0xBF97, 0xBF97,
    0xBF97, 0xBF97, 0xBF97, 0xBF97, 0xBF97, 0xBF97, 0xBF97, 0xBF97, 0xBF97, 0xBF97, 0xBF97, 0xBF97, 0xBF97, 0xBF97, 0xBF97, 0xBF97,
    0xBF97, 0xBF97, 0xBF97, 0xBF97, 0xBF97, 0xBF97, 0xBF97, 0xBF97, 0xBF97, 0xBF97, 0xB756, 0x9E94, 0x9613, 0x9613, 0x9613, 0x9613,
    0x9613, 0xA634, 0xB635, 0xBE55, 0xC655, 0xCE56, 0xCE56, 0xCE56, 0xCE56, 0xCE56, 0xCE56, 0xC655, 0xBE55, 0xB635, 0xA634, 0x9613,
    0x9613, 0x9613, 0x9654, 0x9E95, 0xA6F6, 0xB776, 0xBF97, 0xBF97, 0xBF97, 0xBF97, 0xBF97, 0xBF97, 0xBF97, 0xBF97, 0xBF97, 0xBF97,
    0xBF97, 0xBF97, 0xBF97, 0xAEF5, 0x9E74, 0x9633, 0x9613, 0x9613, 0x9613, 0x9653, 0x9EB3, 0xA714, 0xA714, 0xA714, 0xA714, 0xA714,
    0xA714, 0xA714, 0xA714, 0xA714, 0xA714, 0xA714, 0xA714, 0xA714, 0xA714, 0xA714, 0x9EF3, 0x9ED3, 0x9EB3, 0x9EF3, 0xA714, 0xA714,
    0xA714, 0xA714, 0xA714, 0xA714, 0xA714, 0xA714, 0xA714, 0xA714, 0xA714, 0xA714, 0xA714, 0x9ED3, 0x9E93, 0x9653, 0x9613, 0x9613,
    0x9613, 0x9613, 0x9613, 0x9613, 0x9613, 0x9613, 0x9613, 0x9613, 0x9613, 0x9613, 0x9654, 0x9EB5, 0xA717, 0xA717, 0xA717, 0xA717,
    0xA717, 0xA717, 0xA717, 0xA717, 0xA717, 0xA717, 0xA717, 0xA717, 0xA717, 0xA717, 0xA717, 0xA717, 0xA717, 0xA717, 0xA717, 0xA717,
    0xA717, 0x9EF6, 0x9674, 0x9613, 0x9613, 0x9613, 0x9613, 0x9613, 0x9613, 0x9633, 0x9613, 0x9613, 0x9613, 0x9613, 0x9633, 0x9613,
    0x9633, 0xAEF5, 0xB777, 0xAF37, 0xA717, 0x9E95, 0x9613, 0x9E94, 0xAF36, 0xA6F5, 0x9653, 0x9E53, 0xB6D3, 0xC714, 0xC714, 0xC714,
    0xC714, 0xC714, 0xC714, 0xC714, 0xC714, 0xC714, 0xC714, 0xC714, 0xC714, 0xC714, 0xC714, 0xC714, 0xC714, 0xC714, 0xC714, 0xC714,
    0xBED3, 0xA673, 0x9613, 0x9E94, 0xAEF5, 0x9E94, 0x9613, 0x9613, 0x9613, 0x9E74, 0xA6F6, 0xAF57, 0xB777, 0xBF97, 0xBF97, 0xB777,
    0xAF37, 0x9EF6, 0x9E74, 0x9E13, 0x9E33, 0xA653, 0xB6B3, 0xBEF3, 0xC714, 0xC714, 0xC714, 0xC714, 0xBEF3, 0xBEF3, 0xBEF3, 0xBEF3,
    0xBEF4, 0xB694, 0xB655, 0xBE55, 0xCE56, 0xCE56, 0xCE56, 0xC695, 0xC6B4, 0xC6F4, 0xC6F4, 0xC714, 0xC714, 0xB6D3, 0xA693, 0x9E53,
    0x9613, 0x9613, 0x9613, 0x9613, 0x9673, 0x9EB3, 0x9ED3, 0xA714, 0xA714, 0xA714, 0xA714, 0xA714, 0xA714, 0xA714, 0xA714, 0xA714,
    0xA714, 0xA714, 0xA714, 0xA714, 0xA714, 0xA714, 0xA714, 0xA714, 0xA714, 0xA714, 0xA714, 0xA714, 0xA714, 0xA714, 0xA714, 0xA714,
    0xA714, 0xA714, 0xA714, 0xA714, 0xA714, 0xA714, 0xA714, 0xA714, 0xA714, 0xA714, 0xA714, 0xA714, 0xA714, 0x9EF3, 0x9ED3, 0x9ED3,
    0x9ED3, 0x9E93, 0x9633, 0x9613, 0x9613, 0x9613, 0xA634, 0xB634, 0xBE35, 0xBE35, 0xBE35, 0xBE35, 0xB635, 0xAE34, 0x9E33, 0x9633,
    0x9673, 0x9ED3, 0x9E93, 0x9633, 0x9613, 0x9633, 0x9673, 0x9ED3, 0x9ED3, 0x9653, 0x9613, 0x9613, 0x9613, 0xA6D5, 0xB777, 0xB777,
    0xBF97, 0xBF97, 0xBF97, 0xBF97, 0xBF97, 0xBF97, 0xBF97, 0xBF97, 0xBF97, 0xBF97, 0xBF97, 0xBF97, 0xBF97, 0xBF97, 0xBF97, 0xBF97,
    0xBF97, 0xBF97, 0xBF97, 0xBF97, 0xBF97, 0xBF97, 0xBF97, 0xBF97, 0xBF97, 0xBF97, 0xB756, 0xA6B4, 0x9633, 0x9613, 0x9613, 0x9613,
    0x9633, 0xA633, 0xAE34, 0xB635, 0xC655, 0xC655, 0xC656, 0xCE56, 0xCE56, 0xC656, 0xC655, 0xC655, 0xB635, 0xAE34, 0x9E33, 0x9613,
    0x9613, 0x9613, 0x9E74, 0xA6F6, 0xAF37, 0xB777, 0xBF97, 0xBF97, 0xBF97, 0xBF97, 0xBF97, 0xBF97, 0xBF97, 0xBF97, 0xBF97, 0xBF97,
    0xBF97, 0xBF97, 0xBF97, 0xA6D5, 0x9633, 0x9613, 0x9613, 0x9613, 0x9633, 0x9673, 0x9ED3, 0xA714, 0xA714, 0xA714, 0xA714, 0xA714,
    0xA714, 0xA714, 0xA714, 0xA714, 0xA714, 0xA714, 0xA714, 0xA714, 0xA714, 0xA714, 0xA714, 0xA714, 0x9EF4, 0x9EF3, 0x9ED3, 0x9ED3,
    0x9ED3, 0x9ED3, 0x9ED3, 0x9EF3, 0xA714, 0xA714, 0xA714, 0xA714, 0xA714, 0x9EF4, 0x9EF3, 0x9EB3, 0x9653, 0x9613, 0x9613, 0x9613,
    0x9613, 0x9613, 0x9613, 0x9613, 0x9613, 0x9613, 0x9613, 0x9613, 0x9613, 0x9613, 0x9654, 0x9EB5, 0x9EF6, 0x9EF6, 0x9EF6, 0x9EF6,
    0xA717, 0xA717, 0xA717, 0xA717, 0xA717, 0xA717, 0xA717, 0xA717, 0xA717, 0xA717, 0xA717, 0xA717, 0xA717, 0x9EF6, 0x9EF6, 0x9ED6,
    0x9ED6, 0x9ED6, 0x9674, 0x9613, 0x9613, 0x9613, 0x9613, 0x9613, 0x9613, 0x9613, 0x9613, 0x9613, 0x9613, 0x9613, 0x9613, 0x9613,
    0x9633, 0xA6D5, 0xB777, 0xAF37, 0xA717, 0x9E95, 0x9613, 0x9E94, 0xB756, 0xAEF5, 0x9653, 0x9E53, 0xB6D3, 0xC714, 0xC714, 0xC714,
    0xC714, 0xC714, 0xC714, 0xC714, 0xC714, 0xC714, 0xC714, 0xC714, 0xC714, 0xC714, 0xC714, 0xC714, 0xC714, 0xC714, 0xC714, 0xC714,
    0xBED3, 0xA673, 0x9633, 0xA6D5, 0xB776, 0xA6D5, 0x9613, 0x9613, 0x9613, 0x9674, 0x9ED6, 0xAF37, 0xB777, 0xBF97, 0xBF97, 0xB777,
    0xAF37, 0x9ED6, 0x9674, 0x9613, 0x9E53, 0xAE93, 0xB6D3, 0xBEF4, 0xC714, 0xC714, 0xC714, 0xC714, 0xC714, 0xC714, 0xC714, 0xC714,
    0xBEF4, 0xB694, 0xB655, 0xBE55, 0xCE56, 0xC655, 0xC675, 0xC6B4, 0xC6F4, 0xC714, 0xC714, 0xBEF3, 0xBEF3, 0xAE93, 0x9E33, 0x9613,
    0x9613, 0x9613, 0x9613, 0x9613, 0x9E93, 0x9ED3, 0x9ED3, 0x9ED3, 0x9EF3, 0xA714, 0xA714, 0xA714, 0xA714, 0xA714, 0xA714, 0xA714,
    0xA714, 0xA714, 0xA714, 0xA714, 0xA714, 0xA714, 0xA714, 0xA714, 0xA714, 0x9EF3, 0x9EF3, 0x9ED3, 0x9ED3, 0x9ED3, 0x9ED3, 0x9ED3,
    0xA714, 0xA714, 0xA714, 0xA714, 0xA714, 0xA714, 0xA714, 0xA714, 0xA714, 0xA714, 0xA714, 0xA714, 0x9EF4, 0x9EB3, 0x9673, 0x9673,
    0x9673, 0x9633, 0x9613, 0x9613, 0x9613, 0x9613, 0x9E13, 0x9E13, 0xA614, 0xA614, 0xA614, 0xA614, 0xA613, 0x9E33, 0x9E53, 0x9E93,
    0x9E93, 0x9673, 0x9633, 0x9613, 0x9633, 0x9E73, 0x9EB3, 0x9EF3, 0x9ED3, 0x9653, 0x9613, 0x9613, 0x9613, 0x9EB5, 0xAF37, 0xB757,
    0xB777, 0xBF97, 0xBF97, 0xBF97, 0xBF97, 0xBF97, 0xBF97, 0xBF97, 0xBF97, 0xBF97, 0xBF97, 0xBF97, 0xBF97, 0xBF97, 0xBF97, 0xBF97,
    0xBF97, 0xBF97, 0xBF97, 0xBF97, 0xBF97, 0xBF97, 0xBF97, 0xBF97, 0xBF97, 0xBF97, 0xB756, 0xA6F6, 0x9E95, 0x9654, 0x9613, 0x9E53,
    0xAE93, 0xA673, 0x9E33, 0xA634, 0xB635, 0xBE55, 0xC655, 0xCE56, 0xCE56, 0xC655, 0xBE55, 0xB635, 0xA634, 0x9E33, 0x9E33, 0x9E53,
    0x9633, 0x9613, 0x9E94, 0xAF36, 0xB777, 0xB777, 0xBF97, 0xBF97, 0xBF97, 0xBF97, 0xBF97, 0xBF97, 0xBF97, 0xBF97, 0xBF97, 0xBF97,
    0xBF97, 0xBF97, 0xBF97, 0xA6D5, 0x9633, 0x9613, 0x9613, 0x9633, 0x9E73, 0x9EB3, 0x9EF3, 0xA714, 0xA714, 0xA714, 0xA714, 0xA714,
    0xA714, 0xA714, 0xA714, 0xA714, 0xA714, 0xA714, 0xA714, 0xA714, 0xA714, 0xA714, 0xA714, 0xA714, 0x9EF3, 0x9E93, 0x9673, 0x9673,
    0x9673, 0x9673, 0x9673, 0x9EB3, 0x9EF3, 0xA714, 0xA714, 0xA714, 0xA714, 0x9ED3, 0x9E93, 0x9653, 0x9613, 0x9613, 0x9613, 0x9613,
    0x9613, 0x9613, 0x9613, 0x9613, 0x9613, 0x9613, 0x9613, 0x9613, 0x9613, 0x9613, 0x9654, 0x9EB5, 0x9EF6, 0x9E95, 0x9674, 0x9ED6,
    0xA717, 0xA717, 0xA717, 0xA717, 0xA717, 0xA717, 0xA717, 0xA717, 0xA717, 0xA717, 0xA717, 0xA717, 0xA717, 0x9EF6, 0x9E95, 0x9674,
    0x9674, 0x9654, 0x9633, 0x9613, 0x9613, 0x9613, 0x9613, 0x9613, 0x9613, 0x9613, 0x9613, 0x9613, 0x9613, 0x9613, 0x9613, 0x9613,
    0x9633, 0x9EB5, 0xAF37, 0xA717, 0xA717, 0x9E95, 0x9613, 0x9E74, 0xA716, 0xA6D5, 0x9633, 0x9E53, 0xB6D3, 0xC714, 0xC714, 0xC714,
    0xC714, 0xC714, 0xC714, 0xC714, 0xC714, 0xC714, 0xC714, 0xC714, 0xC714, 0xC714, 0xC714, 0xC714, 0xC714, 0xC714, 0xC714, 0xC714,
    0xBED3, 0xA673, 0x9633, 0xA6D5, 0xB776, 0xA6D5, 0x9613, 0x9613, 0x9613, 0x9674, 0x9ED6, 0xAF37, 0xB777, 0xBF97, 0xBF97, 0xB777,
    0xAF37, 0x9ED6, 0x9674, 0x9613, 0xA673, 0xB6D3, 0xBEF3, 0xBF14, 0xC714, 0xC714, 0xC714, 0xC714, 0xC714, 0xC714, 0xC714, 0xC714,
    0xBEF4, 0xB694, 0xB655, 0xBE55, 0xCE55, 0xC695, 0xC6B4, 0xC6D4, 0xC6F4, 0xC714, 0xC714, 0xB6D3, 0xAE93, 0x9E53, 0x9613, 0x9613,
    0x9613, 0x9613, 0x9613, 0x9613, 0x9633, 0x9673, 0x9673, 0x9673, 0x9EB3, 0x9EF3, 0xA714, 0xA714, 0xA714, 0xA714, 0xA714, 0xA714,
    0xA714, 0xA714, 0xA714, 0xA714, 0xA714, 0xA714, 0xA714, 0xA714, 0xA714, 0x9EB3, 0x9673, 0x9673, 0x9673, 0x9673, 0x9673, 0x9673,
    0x9EF3, 0xA6F4, 0xA714, 0xA714, 0xA714, 0xA714, 0xA714, 0xA714, 0xA714, 0xA714, 0xA714, 0xA714, 0x9EF4, 0x9E93, 0x9613, 0x9613,
    0x9613, 0x9613, 0x9613, 0x9613, 0x9613, 0x9613, 0x9613, 0x9613, 0x9613, 0x9613, 0x9613, 0x9613, 0x9613, 0x9613, 0x9673, 0x9EF3,
    0x9E93, 0x9613, 0x9613, 0x9613, 0x9673, 0x9ED3, 0xA714, 0xA714, 0x9ED3, 0x9653, 0x9613, 0x9613, 0x9613, 0x9E95, 0x9EF6, 0xAF36,
    0xB777, 0xBF97, 0xBF97, 0xBF97, 0xBF97, 0xBF97, 0xBF97, 0xBF97, 0xBF97, 0xBF97, 0xBF97, 0xBF97, 0xBF97, 0xBF97, 0xBF97, 0xBF97,
    0xBF97, 0xBF97, 0xBF97, 0xBF97, 0xBF97, 0xBF97, 0xBF97, 0xBF97, 0xBF97, 0xBF97, 0xB777, 0xAF37, 0xA6F6, 0x9E74, 0x9613, 0xAE93,
    0xBEF3, 0xAE93, 0x9633, 0x9E33, 0xAE34, 0xB635, 0xBE35, 0xC635, 0xC635, 0xBE35, 0xB635, 0xAE34, 0x9E13, 0x9613, 0x9E53, 0xA673,
    0x9E53, 0x9613, 0xA6B4, 0xB776, 0xBF97, 0xBF97, 0xBF97, 0xBF97, 0xBF97, 0xBF97, 0xBF97, 0xBF97, 0xBF97, 0xBF97, 0xBF97, 0xBF97,
    0xBF97, 0xB777, 0xB777, 0xA6D5, 0x9633, 0x9613, 0x9613, 0x9653, 0x9ED3, 0xA714, 0xA714, 0xA714, 0xA714, 0xA714, 0xA714, 0xA714,
    0xA714, 0xA714, 0xA714, 0xA714, 0xA714, 0xA714, 0xA714, 0xA714, 0xA714, 0xA714, 0xA714, 0xA714, 0x9ED3, 0x9673, 0x9613, 0x9613,
    0x9613, 0x9613, 0x9613, 0x9673, 0x9ED3, 0x9EF3, 0xA6F4, 0x9EF4, 0x9EF3, 0x9EB3, 0x9633, 0x9613, 0x9613, 0x9613, 0x9613, 0x9613,
    0x9613, 0x9613, 0x9613, 0x9613, 0x9613, 0x9613, 0x9613, 0x9613, 0x9613, 0x9613, 0x9654, 0x9ED5, 0x9ED6, 0x9654, 0x9633, 0x9E95,
    0x9EF6, 0x9EF6, 0xA717, 0xA717, 0xA717, 0xA717, 0xA717, 0xA717, 0xA717, 0xA717, 0xA717, 0x9EF6, 0x9EF6, 0x9EB5, 0x9654, 0x9613,
    0x9613, 0x9613, 0x9613, 0x9613, 0x9613, 0x9613, 0x9613, 0x9613, 0x9613, 0x9613, 0x9613, 0x9613, 0x9613, 0x9613, 0x9613, 0x9613,
    0x9613, 0x9E95, 0x9EF6, 0x9EF6, 0xA717, 0x9E95, 0x9613, 0x9674, 0x9ED6, 0x9E95, 0x9633, 0x9E53, 0xB6D3, 0xC714, 0xC714, 0xC714,
    0xC714, 0xC714, 0xC714, 0xC714, 0xC714, 0xC714, 0xC714, 0xC714, 0xC714, 0xC714, 0xC714, 0xC714, 0xC714, 0xC714, 0xC714, 0xC714,
    0xBED3, 0xA673, 0x9633, 0xA6D5, 0xB776, 0xA6B5, 0x9613, 0x9613, 0x9613, 0x9674, 0x9ED6, 0xAF37, 0xB777, 0xBF97, 0xBF97, 0xB776,
    0xA716, 0x9ED6, 0x9674, 0x9633, 0xAE93, 0xC714, 0xC714, 0xC714, 0xC714, 0xC714, 0xC714, 0xC714, 0xBEF4, 0xBEF3, 0xBEF3, 0xBEF4,
    0xBEF4, 0xB694, 0xB655, 0xBE55, 0xC655, 0xC6B4, 0xC714, 0xC714, 0xC714, 0xBEF4, 0xBEF3, 0xAE93, 0x9E33, 0x9613, 0x9613, 0x9613,
    0x9613, 0x9613, 0x9613, 0x9613, 0x9613, 0x9613, 0x9613, 0x9613, 0x9673, 0x9ED3, 0x9EF3, 0xA6F4, 0xA714, 0xA714, 0xA714, 0xA714,
    0xA714, 0xA714, 0xA714, 0xA714, 0xA714, 0x9EF3, 0x9EF3, 0x9EF3, 0x9EF3, 0x9E93, 0x9613, 0x9613, 0x9613, 0x9613, 0x9613, 0x9613,
    0x9EB3, 0x9EF3, 0xA714, 0xA714, 0xA714, 0xA714, 0xA714, 0xA714, 0xA714, 0xA714, 0xA714, 0xA714, 0x9EF4, 0x9E93, 0x9613, 0x9653,
    0x9E93, 0x9E93, 0x9E93, 0x9E93, 0x9E93, 0x9E93, 0x9E93, 0x9E93, 0x9E93, 0x9E93, 0x9E93, 0x9E93, 0x9653, 0x9613, 0x9633, 0x9673,
    0x9653, 0x9613, 0x9633, 0x9E73, 0x9EB3, 0x9EF3, 0xA714, 0xA714, 0x9ED3, 0x9653, 0x9613, 0x9613, 0x9613, 0x9634, 0x9674, 0xA6F5,
    0xB776, 0xBF97, 0xBF97, 0xBF97, 0xBF97, 0xBF97, 0xBF97, 0xBF97, 0xBF97, 0xBF97, 0xBF97, 0xBF97, 0xBF97, 0xBF97, 0xBF97, 0xBF97,
    0xBF97, 0xBF97, 0xBF97, 0xBF97, 0xBF97, 0xBF97, 0xBF97, 0xBF97, 0xBF97, 0xBF97, 0xB777, 0xB757, 0xAF36, 0x9E94, 0x9613, 0xA673,
    0xB6B3, 0xAEB3, 0xAE93, 0xA673, 0xA633, 0xA634, 0xA634, 0xAE34, 0xAE34, 0xA634, 0xA634, 0x9E13, 0x9613, 0x9613, 0x9E53, 0xA673,
    0x9E53, 0x9613, 0xA6B4, 0xB776, 0xBF97, 0xBF97, 0xBF97, 0xBF97, 0xBF97, 0xBF97, 0xBF97, 0xBF97, 0xBF97, 0xBF97, 0xBF97, 0xBF97,
    0xBF97, 0xB757, 0xAF37, 0x9EB5, 0x9633, 0x9613, 0x9613, 0x9653, 0x9ED3, 0xA714, 0xA714, 0xA714, 0xA714, 0xA714, 0xA714, 0xA714,
    0xA714, 0xA714, 0xA714, 0xA714, 0xA714, 0xA714, 0xA714, 0xA714, 0xA714, 0xA714, 0xA714, 0xA714, 0x9ED3, 0x9673, 0x9613, 0x9E13,
    0xA634, 0x9E13, 0x9613, 0x9633, 0x9673, 0x9EB3, 0x9EF3, 0x9ED3, 0x9E93, 0x9653, 0x9613, 0x9613, 0x9613, 0x9613, 0x9613, 0x9613,
    0x9613, 0x9613, 0x9613, 0x9613, 0x9613, 0x9613, 0x9613, 0x9613, 0x9633, 0x9673, 0x9EB4, 0x9EF6, 0x9ED6, 0x9654, 0x9613, 0x9654,
    0x9E95, 0x9ED6, 0xA717, 0xA717, 0xA717, 0xA717, 0xA717, 0xA717, 0xA717, 0xA717, 0xA717, 0x9ED6, 0x9E95, 0x9654, 0x9633, 0x9613,
    0x9613, 0x9613, 0x9613, 0x9613, 0x9613, 0x9613, 0x9613, 0x9613, 0x9633, 0x9673, 0x9673, 0x9633, 0x9613, 0x9613, 0x9613, 0x9613,
    0x9613, 0x9654, 0x9674, 0x9ED6, 0xA717, 0x9E95, 0x9613, 0x9633, 0x9674, 0x9654, 0x9613, 0x9E53, 0xB6D3, 0xC714, 0xC714, 0xC714,
    0xC714, 0xC714, 0xC714, 0xC714, 0xC714, 0xC714, 0xC714, 0xC714, 0xC714, 0xC714, 0xC714, 0xC714, 0xC714, 0xC714, 0xC714, 0xC714,
    0xBED3, 0xA673, 0x9613, 0x9EB5, 0xAF36, 0x9E95, 0x9613, 0x9613, 0x9613, 0x9674, 0x9ED6, 0xAF37, 0xB777, 0xBF97, 0xBF97, 0xB756,
    0xA6D5, 0x9E74, 0x9E53, 0xA653, 0xB6B3, 0xC714, 0xC714, 0xC714, 0xC714, 0xC714, 0xC714, 0xC714, 0xBEF3, 0xB6D3, 0xB6D3, 0xBEF3,
    0xBEF4, 0xBED4, 0xBEB4, 0xBEB4, 0xC6B4, 0xC6D4, 0xC714, 0xC714, 0xC714, 0xB6D3, 0xAE93, 0x9E53, 0x9613, 0x9613, 0x9613, 0x9633,
    0x9673, 0x9E93, 0x9E93, 0x9E93, 0x9E93, 0x9E93, 0x9653, 0x9613, 0x9633, 0x9673, 0x9EB3, 0x9EF3, 0xA714, 0xA714, 0xA714, 0xA714,
    0xA714, 0xA714, 0xA714, 0xA714, 0x9EF3, 0x9EB3, 0x9673, 0x9673, 0x9673, 0x9633, 0x9613, 0x9613, 0x9613, 0x9613, 0x9613, 0x9613,
    0x9673, 0x9ED3, 0x9EF4, 0x9EF4, 0xA6F4, 0xA714, 0xA714, 0xA714, 0xA714, 0xA714, 0xA714, 0xA714, 0x9EF4, 0x9E93, 0x9613, 0x9673,
    0x9EF3, 0x9EF4, 0x9EF4, 0xA6F4, 0xA714, 0xA714, 0xA714, 0xA714, 0xA714, 0xA714, 0xA6F4, 0x9EF3, 0x9673, 0x9613, 0x9613, 0x9613,
    0x9613, 0x9613, 0x9673, 0x9ED3, 0x9EF4, 0x9EF4, 0x9EF4, 0xA714, 0x9ED3, 0x9673, 0x9613, 0x9613, 0x9613, 0x9613, 0x9613, 0xA6B4,
    0xB776, 0xBF97, 0xBF97, 0xBF97, 0xBF97, 0xBF97, 0xBF97, 0xBF97, 0xBF97, 0xBF97, 0xBF97, 0xBF97, 0xBF97, 0xBF97, 0xBF97, 0xBF97,
    0xBF97, 0xBF97, 0xBF97, 0xBF97, 0xBF97, 0xBF97, 0xBF97, 0xBF97, 0xBF97, 0xBF97, 0xBF97, 0xBF97, 0xB756, 0xA6B4, 0x9613, 0x9E53,
    0xA673, 0xB6B3, 0xBEF3, 0xAEB3, 0x9E33, 0x9613, 0x9613, 0x9613, 0x9613, 0x9613, 0x9613, 0x9613, 0x9613, 0x9613, 0x9E53, 0xA673,
    0x9E53, 0x9613, 0xA6B4, 0xB776, 0xBF97, 0xBF97, 0xBF97, 0xBF97, 0xBF97, 0xBF97, 0xBF97, 0xBF97, 0xBF97, 0xBF97, 0xBF97, 0xBF97,
    0xBF97, 0xAF56, 0xA716, 0x9E95, 0x9613, 0x9613, 0x9613, 0x9653, 0x9ED3, 0xA714, 0xA714, 0xA714, 0xA714, 0xA714, 0xA714, 0xA714,
    0xA6F4, 0x9EF4, 0x9EF4, 0x9EF4, 0x9EF4, 0x9EF4, 0x9EF4, 0x9EF4, 0xA6F4, 0xA714, 0xA714, 0xA714, 0x9ED3, 0x9673, 0x9613, 0xA634,
    0xAE34, 0xA634, 0x9613, 0x9613, 0x9613, 0x9673, 0x9ED3, 0x9EB3, 0x9633, 0x9613, 0x9613, 0x9613, 0x9613, 0x9613, 0x9613, 0x9613,
    0x9613, 0x9613, 0x9613, 0x9613, 0x9613, 0x9613, 0x9613, 0x9613, 0x9653, 0x9ED3, 0xA714, 0x9EF6, 0x9ED6, 0x9654, 0x9613, 0x9613,
    0x9613, 0x9E95, 0x9EF6, 0xA6F6, 0xA717, 0xA717, 0xA717, 0xA717, 0xA717, 0xA717, 0x9EF6, 0x9EB5, 0x9654, 0x9613, 0x9613, 0x9613,
    0x9613, 0x9613, 0x9613, 0x9613, 0x9613, 0x9613, 0x9613, 0x9613, 0x9673, 0x9ED3, 0x9EB3, 0x9653, 0x9613, 0x9613, 0x9613, 0x9613,
    0x9613, 0x9613, 0x9613, 0x9E95, 0xA717, 0x9E95, 0x9613, 0x9613, 0x9613, 0x9613, 0x9613, 0x9E53, 0xB6D3, 0xC714, 0xC714, 0xC714,
    0xC714, 0xC714, 0xC714, 0xC714, 0xC714, 0xC714, 0xC714, 0xC714, 0xC714, 0xC714, 0xC714, 0xC714, 0xC714, 0xC714, 0xC714, 0xC714,
    0xBED3, 0xA673, 0x9613, 0x9E95, 0x9EF6, 0x9E74, 0x9613, 0x9613, 0x9613, 0x9674, 0x9ED6, 0xAF37, 0xB777, 0xBF97, 0xB797, 0xB736,
    0x9E94, 0x9613, 0x9E53, 0xAE93, 0xB6D3, 0xC714, 0xC714, 0xC714, 0xC714, 0xC714, 0xC714, 0xC714, 0xBED3, 0xAE93, 0xAE93, 0xBEF3,
    0xC714, 0xC714, 0xC714, 0xC714, 0xC714, 0xBF14, 0xBEF4, 0xBEF4, 0xBEF4, 0xAE93, 0x9633, 0x9613, 0x9613, 0x9613, 0x9613, 0x9653,
    0x9EB3, 0xA714, 0xA714, 0xA714, 0xA714, 0x9EF3, 0x9E93, 0x9613, 0x9613, 0x9613, 0x9673, 0x9ED3, 0xA6F4, 0xA714, 0xA714, 0xA714,
    0xA714, 0xA714, 0xA714, 0xA6F4, 0x9EF3, 0x9673, 0x9613, 0x9613, 0x9613, 0x9613, 0x9613, 0x9613, 0x9613, 0x9613, 0x9613, 0x9613,
    0x9633, 0x9673, 0x9E93, 0x9E93, 0x9EB3, 0x9EF3, 0xA714, 0xA714, 0xA714, 0xA714, 0xA714, 0xA714, 0xA6F4, 0x9ED3, 0x9E93, 0x9E93,
    0x9E93, 0x9E93, 0x9E93, 0x9EB3, 0x9EF3, 0xA714, 0xA714, 0xA714, 0xA714, 0x9EF3, 0x9EB3, 0x9673, 0x9633, 0x9613, 0x9613, 0x9613,
    0x9613, 0x9613, 0x9633, 0x9673, 0x9E93, 0x9E93, 0x9EB3, 0x9ED3, 0x9EF3, 0x9EB3, 0x9673, 0x9633, 0x9613, 0x9613, 0x9613, 0x9E94,
    0xAF36, 0xB757, 0xB777, 0xBF97, 0xBF97, 0xBF97, 0xBF97, 0xBF97, 0xBF97, 0xBF97, 0xBF97, 0xBF97, 0xBF97, 0xBF97, 0xBF97, 0xBF97,
    0xBF97, 0xBF97, 0xBF97, 0xBF97, 0xBF97, 0xBF97, 0xBF97, 0xBF97, 0xBF97, 0xBF97, 0xBF97, 0xBF97, 0xB776, 0xA6F5, 0x9E94, 0x9E74,
    0x9E53, 0xAE93, 0xBEF3, 0xB6D3, 0xAE93, 0xAE93, 0xAE93, 0xAE93, 0xAE93, 0xAE93, 0xAE93, 0xAE93, 0xAE93, 0xA673, 0xA673, 0x9E53,
    0x9E74, 0x9E94, 0xA6F5, 0xB776, 0xBF97, 0xBF97, 0xBF97, 0xBF97, 0xBF97, 0xBF97, 0xBF97, 0xBF97, 0xBF97, 0xBF97, 0xBF97, 0xBF97,
    0xB777, 0xAF16, 0x9E95, 0x9654, 0x9613, 0x9613, 0x9613, 0x9653, 0x9ED3, 0xA714, 0xA714, 0xA714, 0xA714, 0xA714, 0xA714, 0x9EF4,
    0x9EB3, 0x9E93, 0x9E93, 0x9E93, 0x9E93, 0x9E93, 0x9E93, 0x9E93, 0x9EB3, 0x9EF3, 0xA714, 0xA714, 0x9ED3, 0x9673, 0x9613, 0x9E13,
    0xA634, 0xA614, 0xAE34, 0x9E13, 0x9613, 0x9633, 0x9673, 0x9653, 0x9613, 0x9613, 0x9613, 0x9613, 0x9613, 0x9613, 0x9613, 0x9613,
    0x9613, 0x9613, 0x9613, 0x9613, 0x9613, 0x9613, 0x9613, 0x9613, 0x9653, 0x9ED3, 0x9EF4, 0x9EB4, 0x9674, 0x9633, 0x9613, 0x9613,
    0x9613, 0x9654, 0x9E95, 0x9ED6, 0xA6F6, 0xA717, 0xA717, 0xA717, 0xA717, 0x9ED6, 0x9EB5, 0x9674, 0x9633, 0x9613, 0x9613, 0x9613,
    0x9613, 0x9613, 0x9613, 0x9613, 0x9633, 0x9E73, 0x9E93, 0x9E93, 0x9EB3, 0x9EF3, 0x9ED3, 0x9EB3, 0x9673, 0x9633, 0x9613, 0x9613,
    0x9613, 0x9613, 0x9613, 0x9E95, 0xA717, 0x9E95, 0x9613, 0x9613, 0x9613, 0x9613, 0x9613, 0x9E53, 0xB6D3, 0xC714, 0xC714, 0xC714,
    0xC714, 0xC714, 0xC714, 0xC714, 0xC714, 0xC714, 0xC714, 0xC714, 0xC714, 0xC714, 0xC714, 0xC714, 0xC714, 0xC714, 0xC714, 0xC714,
    0xBED3, 0xA673, 0x9613, 0x9654, 0x9E74, 0x9654, 0x9613, 0x9613, 0x9613, 0x9674, 0x9ED6, 0xAF37, 0xB777, 0xB777, 0xAF57, 0xA716,
    0x9E74, 0x9613, 0xA673, 0xB6D3, 0xBEF3, 0xC714, 0xC714, 0xC714, 0xC714, 0xC714, 0xC714, 0xC714, 0xB6D3, 0xA673, 0xA673, 0xB6D3,
    0xC714, 0xC714, 0xC714, 0xC714, 0xBEF4, 0xBED3, 0xB6D3, 0xAEB3, 0xAE93, 0x9E53, 0x9613, 0x9613, 0x9613, 0x9633, 0x9673, 0x9EB3,
    0x9ED3, 0xA714, 0xA714, 0xA714, 0xA714, 0x9EF4, 0x9ED3, 0x9E93, 0x9E93, 0x9E93, 0x9E93, 0x9E93, 0x9EB3, 0x9EF3, 0xA714, 0xA714,
    0xA714, 0xA714, 0x9EF3, 0x9EB3, 0x9673, 0x9633, 0x9613, 0x9613, 0x9613, 0x9613, 0x9613, 0x9633, 0x9673, 0x9E93, 0x9E93, 0x9E93,
    0x9613, 0x9613, 0x9613, 0x9613, 0x9653, 0x9ED3, 0xA714, 0xA714, 0xA714, 0xA714, 0xA714, 0xA714, 0xA714, 0xA6F4, 0x9EF4, 0x9E93,
    0x9613, 0x9613, 0x9613, 0x9653, 0x9ED3, 0xA714, 0xA714, 0xA714, 0xA714, 0x9ED3, 0x9673, 0x9613, 0x9613, 0x9613, 0x9613, 0x9613,
    0x9613, 0x9613, 0x9613, 0x9613, 0x9613, 0x9613, 0x9653, 0x9EB3, 0xA714, 0xA6F4, 0x9ED3, 0x9673, 0x9613, 0x9613, 0x9613, 0x9E94,
    0xA6F6, 0xAF37, 0xB777, 0xBF97, 0xBF97, 0xBF97, 0xBF97, 0xBF97, 0xBF97, 0xBF97, 0xBF97, 0xBF97, 0xBF97, 0xBF97, 0xBF97, 0xBF97,
    0xBF97, 0xBF97, 0xBF97, 0xBF97, 0xBF97, 0xBF97, 0xBF97, 0xBF97, 0xBF97, 0xBF97, 0xBF97, 0xBF97, 0xB777, 0xAF36, 0x9EF6, 0x9E74,
    0x9613, 0xA673, 0xBEF3, 0xBEF4, 0xBEF4, 0xBEF4, 0xBEF4, 0xBEF4, 0xBEF4, 0xBEF4, 0xBEF4, 0xBEF4, 0xBEF4, 0xBEF3, 0xA673, 0x9613,
    0x9E94, 0x9EF6, 0xAF36, 0xB777, 0xBF97, 0xBF97, 0xBF97, 0xBF97, 0xBF97, 0xBF97, 0xBF97, 0xBF97, 0xBF97, 0xBF97, 0xBF97, 0xBF97,
    0xB776, 0xA6D5, 0x9613, 0x9613, 0x9613, 0x9613, 0x9613, 0x9653, 0x9ED3, 0xA714, 0xA714, 0xA714, 0xA714, 0xA714, 0xA714, 0x9EF3,
    0x9E73, 0x9613, 0x9613, 0x9613, 0x9613, 0x9613, 0x9613, 0x9613, 0x9653, 0x9ED3, 0xA714, 0xA714, 0x9ED3, 0x9673, 0x9613, 0x9613,
    0x9613, 0xAE34, 0xC655, 0xAE34, 0x9613, 0x9613, 0x9613, 0x9613, 0x9613, 0x9613, 0x9613, 0x9613, 0x9613, 0x9613, 0x9613, 0x9613,
    0x9613, 0x9613, 0x9613, 0x9613, 0x9613, 0x9613, 0x9613, 0x9613, 0x9653, 0x9ED3, 0x9EB3, 0x9653, 0x9613, 0x9613, 0x9613, 0x9613,
    0x9613, 0x9613, 0x9613, 0x9E95, 0x9EF6, 0xA717, 0xA717, 0xA717, 0xA717, 0x9EB5, 0x9654, 0x9613, 0x9613, 0x9613, 0x9613, 0x9613,
    0x9613, 0x9613, 0x9613, 0x9613, 0x9673, 0x9EF3, 0x9EF4, 0x9EF4, 0xA6F4, 0xA714, 0xA714, 0x9EF4, 0x9EB3, 0x9653, 0x9613, 0x9613,
    0x9613, 0x9613, 0x9613, 0x9E95, 0xA717, 0x9E95, 0x9613, 0x9613, 0x9613, 0x9613, 0x9613, 0x9E53, 0xB6D3, 0xC714, 0xC714, 0xC714,
    0xC714, 0xC714, 0xC714, 0xC714, 0xC714, 0xC714, 0xC714, 0xC714, 0xC714, 0xC714, 0xC714, 0xC714, 0xC714, 0xC714, 0xC714, 0xC714,
    0xBED3, 0xA673, 0x9613, 0x9613, 0x9613, 0x9613, 0x9613, 0x9613, 0x9613, 0x9674, 0x9ED6, 0xAF37, 0xB777, 0xB777, 0xA737, 0x9ED6,
    0x9654, 0x9633, 0xAE93, 0xBEF4, 0xC714, 0xC714, 0xC714, 0xC714, 0xC714, 0xC714, 0xC714, 0xC714, 0xB6B3, 0x9E53, 0x9E53, 0xB6B3,
    0xC714, 0xC714, 0xC714, 0xC714, 0xBEF3, 0xB6D3, 0xAE93, 0x9E53, 0x9613, 0x9613, 0x9613, 0x9613, 0x9613, 0x9653, 0x9EB3, 0x9EF4,
    0xA714, 0xA714, 0xA714, 0xA714, 0xA714, 0xA714, 0xA6F4, 0x9EF4, 0x9EF4, 0x9EF4, 0x9E93, 0x9633, 0x9673, 0x9ED3, 0xA714, 0xA714,
    0xA714, 0xA714, 0x9ED3, 0x9673, 0x9613, 0x9613, 0x9613, 0x9613, 0x9613, 0x9613, 0x9613, 0x9673, 0x9ED3, 0x9EF4, 0x9EF4, 0x9EF4,
    0x9613, 0x9613, 0x9613, 0x9613, 0x9633, 0x9673, 0x9E93, 0x9E93, 0x9EB3, 0x9ED3, 0xA714, 0xA714, 0xA714, 0xA714, 0xA714, 0x9ED3,
    0x9E93, 0x9653, 0x9613, 0x9633, 0x9673, 0x9E93, 0x9E93, 0x9E93, 0x9E93, 0x9E73, 0x9633, 0x9613, 0x9613, 0x9613, 0x9633, 0x9674,
    0x9674, 0x9674, 0x9674, 0x9674, 0x9654, 0x9613, 0x9633, 0x9673, 0x9E93, 0x9E93, 0x9E73, 0x9633, 0x9613, 0x9613, 0x9613, 0x9654,
    0x9E95, 0xA6D6, 0xAF36, 0xB757, 0xB777, 0xBF97, 0xBF97, 0xBF97, 0xBF97, 0xBF97, 0xBF97, 0xBF97, 0xBF97, 0xBF97, 0xBF97, 0xBF97,
    0xBF97, 0xBF97, 0xBF97, 0xBF97, 0xBF97, 0xBF97, 0xBF97, 0xBF97, 0xBF97, 0xBF97, 0xBF97, 0xBF97, 0xB777, 0xB757, 0xAF36, 0xA6D5,
    0x9674, 0xA694, 0xAE93, 0xAEB3, 0xB6D3, 0xBED3, 0xBEF3, 0xC714, 0xC714, 0xC714, 0xC714, 0xBEF3, 0xB6B3, 0xAE93, 0x9E94, 0x9E74,
    0xA6D5, 0xAF36, 0xB757, 0xB777, 0xBF97, 0xBF97, 0xBF97, 0xBF97, 0xBF97, 0xBF97, 0xBF97, 0xBF97, 0xBF97, 0xBF97, 0xB777, 0xB777,
    0xAF56, 0x9EB5, 0x9613, 0x9613, 0x9613, 0x9633, 0x9673, 0x9EB3, 0x9EF3, 0xA714, 0xA714, 0x9EF3, 0x9EB3, 0x9E93, 0x9E93, 0x9E93,
    0x9653, 0x9613, 0x9613, 0x9613, 0x9613, 0x9613, 0x9613, 0x9613, 0x9633, 0x9673, 0x9E93, 0x9E93, 0x9673, 0x9633, 0x9613, 0x9613,
    0x9613, 0xAE34, 0xBE55, 0xB635, 0xAE34, 0x9E13, 0x9613, 0x9613, 0x9613, 0x9613, 0x9613, 0x9613, 0x9613, 0x9613, 0x9613, 0x9613,
    0x9613, 0x9613, 0x9613, 0x9613, 0x9613, 0x9613, 0x9633, 0x9673, 0x9EB3, 0x9EF3, 0x9ED3, 0x9E93, 0x9653, 0x9633, 0x9613, 0x9613,
    0x9613, 0x9613, 0x9613, 0x9E95, 0x9EF6, 0xA717, 0xA717, 0x9ED6, 0x9EB5, 0x9674, 0x9633, 0x9613, 0x9613, 0x9613, 0x9613, 0x9613,
    0x9653, 0x9673, 0x9673, 0x9673, 0x9EB3, 0x9EF4, 0xA714, 0xA714, 0xA714, 0xA714, 0xA714, 0xA714, 0x9EF3, 0x9E93, 0x9673, 0x9633,
    0x9613, 0x9633, 0x9E53, 0x9E74, 0x9E95, 0x9654, 0x9613, 0x9613, 0x9613, 0x9613, 0x9E33, 0xA673, 0xB6D3, 0xC714, 0xC714, 0xC714,
    0xC714, 0xC714, 0xC714, 0xC714, 0xC714, 0xC714, 0xC714, 0xC714, 0xC714, 0xC714, 0xC714, 0xC714, 0xC714, 0xC714, 0xC714, 0xC714,
    0xBED3, 0xA673, 0x9613, 0x9613, 0x9613, 0x9613, 0x9613, 0x9613, 0x9613, 0x9674, 0x9ED6, 0xA717, 0xAF37, 0xAF16, 0x9ED5, 0x9E94,
    0xA674, 0xAE93, 0xB6D3, 0xC714, 0xC714, 0xC714, 0xC714, 0xC714, 0xC714, 0xC714, 0xBEF3, 0xB6D3, 0xAE93, 0x9E33, 0x9633, 0xA673,
    0xAE93, 0xAE93, 0xAE93, 0xAE93, 0xAE93, 0xA673, 0x9E53, 0x9633, 0x9613, 0x9613, 0x9613, 0x9633, 0x9673, 0x9E93, 0x9EF3, 0xA714,
    0xA714, 0xA714, 0xA714, 0xA714, 0xA714, 0xA714, 0xA714, 0xA714, 0xA714, 0xA714, 0x9ED3, 0x9E93, 0x9EB3, 0x9EF3, 0xA714, 0xA714,
    0x9EF3, 0x9EB3, 0x9E73, 0x9633, 0x9613, 0x9613, 0x9613, 0x9633, 0x9673, 0x9673, 0x9673, 0x9EB3, 0x9EF3, 0xA714, 0xA714, 0xA714,
    0x9613, 0x9613, 0x9613, 0x9613, 0x9613, 0x9613, 0x9613, 0x9613, 0x9653, 0x9EB3, 0xA714, 0xA714, 0xA714, 0xA714, 0xA714, 0x9EF4,
    0x9EF3, 0x9E93, 0x9633, 0x9613, 0x9613, 0x9613, 0x9613, 0x9613, 0x9613, 0x9613, 0x9613, 0x9613, 0x9613, 0x9613, 0x9674, 0x9EF6,
    0x9EF6, 0x9EF6, 0x9EF6, 0x9EF6, 0x9EB5, 0x9633, 0x9613, 0x9613, 0x9613, 0x9613, 0x9613, 0x9613, 0x9613, 0x9613, 0x9613, 0x9613,
    0x9613, 0x9E94, 0xA6F6, 0xAF37, 0xB777, 0xBF97, 0xBF97, 0xBF97, 0xBF97, 0xBF97, 0xBF97, 0xBF97, 0xBF97, 0xBF97, 0xBF97, 0xBF97,
    0xBF97, 0xBF97, 0xBF97, 0xBF97, 0xBF97, 0xBF97, 0xBF97, 0xBF97, 0xBF97, 0xBF97, 0xBF97, 0xBF97, 0xBF97, 0xB777, 0xB777, 0xAF36,
    0x9EF6, 0x9E95, 0x9633, 0x9E53, 0xA673, 0xB6B3, 0xBEF3, 0xC714, 0xC714, 0xC714, 0xC714, 0xBED3, 0xA673, 0x9633, 0x9E95, 0x9EF6,
    0xAF36, 0xB777, 0xB777, 0xBF97, 0xBF97, 0xBF97, 0xBF97, 0xBF97, 0xBF97, 0xBF97, 0xBF97, 0xBF97, 0xBF97, 0xBF97, 0xB777, 0xAF57,
    0xA716, 0x9E95, 0x9613, 0x9613, 0x9613, 0x9653, 0x9ED3, 0x9EF3, 0xA6F4, 0xA714, 0xA714, 0x9ED3, 0x9673, 0x9613, 0x9613, 0x9613,
    0x9613, 0x9613, 0x9613, 0x9613, 0x9613, 0x9613, 0x9613, 0x9613, 0x9613, 0x9613, 0x9613, 0x9613, 0x9613, 0x9613, 0x9613, 0x9613,
    0x9613, 0xA634, 0xB655, 0xBE55, 0xC635, 0xAE34, 0x9613, 0x9613, 0x9613, 0x9613, 0x9613, 0x9613, 0x9613, 0x9613, 0x9613, 0x9613,
    0x9613, 0x9613, 0x9613, 0x9613, 0x9613, 0x9613, 0x9653, 0x9ED3, 0x9EF3, 0xA6F4, 0x9EF4, 0x9EF3, 0x9EB3, 0x9653, 0x9613, 0x9613,
    0x9613, 0x9613, 0x9613, 0x9E95, 0x9EF6, 0xA717, 0xA717, 0x9EB5, 0x9633, 0x9613, 0x9613, 0x9613, 0x9613, 0x9613, 0x9613, 0x9633,
    0x9E93, 0x9EF3, 0x9EF3, 0x9EF3, 0x9EF3, 0xA714, 0xA714, 0xA714, 0xA714, 0xA714, 0xA714, 0xA714, 0x9EF4, 0x9EF3, 0x9ED3, 0x9653,
    0x9613, 0x9E53, 0xA673, 0x9E53, 0x9613, 0x9613, 0x9613, 0x9613, 0x9613, 0x9633, 0xA673, 0xAE93, 0xBEF3, 0xC714, 0xC714, 0xC714,
    0xC714, 0xC714, 0xC714, 0xC714, 0xC714, 0xC714, 0xC714, 0xC714, 0xC714, 0xC714, 0xC714, 0xC714, 0xC714, 0xC714, 0xC714, 0xC714,
    0xBED3, 0xA673, 0x9613, 0x9613, 0x9613, 0x9613, 0x9613, 0x9613, 0x9613, 0x9674, 0x9ED6, 0xA717, 0xA717, 0x9ED6, 0x9654, 0x9E53,
    0xAEB3, 0xBEF3, 0xBEF4, 0xC714, 0xC714, 0xC714, 0xC714, 0xC714, 0xC714, 0xC714, 0xBED3, 0xAEB3, 0xA673, 0x9633, 0x9613, 0x9613,
    0x9613, 0x9613, 0x9613, 0x9613, 0x9613, 0x9613, 0x9613, 0x9613, 0x9613, 0x9613, 0x9613, 0x9653, 0x9ED3, 0x9EF3, 0x9EF4, 0xA714,
    0xA714, 0xA714, 0xA714, 0xA714, 0xA714, 0xA714, 0xA714, 0xA714, 0xA714, 0xA714, 0x9EF4, 0x9EF3, 0x9EF3, 0xA6F4, 0xA714, 0xA714,
    0x9ED3, 0x9673, 0x9613, 0x9613, 0x9613, 0x9613, 0x9613, 0x9673, 0x9EF3, 0x9EF3, 0x9EF3, 0x9EF3, 0xA6F4, 0xA714, 0xA714, 0xA714,
    0x9673, 0x9673, 0x9653, 0x9613, 0x9613, 0x9613, 0x9613, 0x9613, 0x9613, 0x9673, 0x9EB3, 0x9ED3, 0xA714, 0xA714, 0xA714, 0xA714,
    0xA714, 0x9ED3, 0x9673, 0x9673, 0x9673, 0x9673, 0x9673, 0x9673, 0x9673, 0x9653, 0x9633, 0x9613, 0x9613, 0x9613, 0x9E95, 0x9EF6,
    0xA717, 0xA717, 0xA717, 0xA717, 0x9ED6, 0x9E95, 0x9674, 0x9674, 0x9654, 0x9633, 0x9613, 0x9613, 0x9613, 0x9613, 0x9613, 0x9613,
    0x9613, 0x9654, 0x9E95, 0xA6F6, 0xB756, 0xBF97, 0xBF97, 0xBF97, 0xBF97, 0xBF97, 0xBF97, 0xBF97, 0xBF97, 0xBF97, 0xBF97, 0xBF97,
    0xBF97, 0xBF97, 0xBF97, 0xBF97, 0xBF97, 0xBF97, 0xBF97, 0xBF97, 0xBF97, 0xBF97, 0xBF97, 0xBF97, 0xBF97, 0xBF97, 0xB777, 0xB757,
    0xAF37, 0xA6D5, 0x9674, 0x9E73, 0x9E53, 0xA673, 0xAE93, 0xAE93, 0xAE93, 0xAE93, 0xAE93, 0xAE93, 0x9E74, 0x9E74, 0xA6D5, 0xAF37,
    0xB757, 0xBF97, 0xBF97, 0xBF97, 0xBF97, 0xBF97, 0xBF97, 0xBF97, 0xBF97, 0xBF97, 0xBF97, 0xBF97, 0xBF97, 0xBF97, 0xB776, 0xA716,
    0x9E95, 0x9654, 0x9613, 0x9613, 0x9613, 0x9673, 0x9ED3, 0x9EF3, 0x9EB3, 0x9E93, 0x9E93, 0x9E93, 0x9633, 0x9613, 0x9613, 0x9613,
    0x9613, 0x9613, 0x9613, 0x9613, 0x9613, 0x9613, 0x9613, 0x9613, 0x9613, 0x9613, 0x9613, 0x9613, 0x9613, 0x9613, 0x9613, 0x9613,
    0x9613, 0x9E13, 0xA634, 0xB635, 0xC655, 0xBE35, 0xAE34, 0x9E13, 0x9613, 0x9613, 0x9613, 0x9613, 0x9613, 0x9613, 0x9613, 0x9613,
    0x9613, 0x9613, 0x9633, 0x9673, 0x9673, 0x9673, 0x9EB3, 0x9EF3, 0xA714, 0xA714, 0xA714, 0xA714, 0x9EF3, 0x9E93, 0x9653, 0x9633,
    0x9613, 0x9613, 0x9613, 0x9654, 0x9E95, 0x9E95, 0x9E95, 0x9674, 0x9613, 0x9613, 0x9613, 0x9613, 0x9613, 0x9613, 0x9653, 0x9673,
    0x9ED3, 0xA714, 0xA714, 0xA714, 0xA714, 0xA714, 0xA714, 0xA714, 0xA714, 0xA714, 0xA714, 0xA714, 0xA714, 0xA714, 0x9ED3, 0x9653,
    0x9613, 0xA673, 0xB6B3, 0xAE93, 0xA673, 0xA673, 0xA673, 0xA673, 0xA673, 0xA673, 0xAEB3, 0xB6D3, 0xBEF3, 0xC714, 0xC714, 0xC714,
    0xC714, 0xC714, 0xC714, 0xC714, 0xC714, 0xC714, 0xC714, 0xC714, 0xC714, 0xC714, 0xC714, 0xC714, 0xC714, 0xC714, 0xC714, 0xC714,
    0xBEF3, 0xAE93, 0x9E33, 0x9613, 0x9613, 0x9613, 0x9613, 0x9613, 0x9613, 0x9633, 0x9E95, 0x9E95, 0x9E95, 0x9E94, 0x9E53, 0xA653,
    0xB6B3, 0xC714, 0xC714, 0xC714, 0xC714, 0xC714, 0xC714, 0xC714, 0xC714, 0xC714, 0xB6D3, 0xA673, 0x9E33, 0x9613, 0x9613, 0x9613,
    0x9613, 0x9613, 0x9613, 0x9613, 0x9613, 0x9613, 0x9613, 0x9633, 0x9673, 0x9673, 0x9673, 0x9E93, 0x9EF3, 0xA714, 0xA714, 0xA714,
    0xA714, 0xA714, 0xA714, 0xA714, 0xA714, 0xA714, 0xA714, 0xA714, 0xA714, 0xA714, 0xA714, 0xA714, 0xA714, 0xA714, 0xA714, 0xA714,
    0x9ED3, 0x9653, 0x9613, 0x9613, 0x9613, 0x9633, 0x9673, 0x9EB3, 0xA6F4, 0xA714, 0xA714, 0xA714, 0xA714, 0xA714, 0xA714, 0xA714,
    0x9ED3, 0x9ED3, 0x9E93, 0x9633, 0x9613, 0x9613, 0x9613, 0x9613, 0x9613, 0x9613, 0x9653, 0x9EB3, 0xA714, 0xA714, 0xA714, 0xA714,
    0xA714, 0x9EF3, 0x9EF3, 0x9ED3, 0x9ED3, 0x9ED3, 0x9ED3, 0x9ED3, 0x9ED3, 0x9EB3, 0x9653, 0x9613, 0x9613, 0x9613, 0x9E95, 0x9EF6,
    0xA717, 0xA717, 0xA717, 0xA717, 0x9EF6, 0x9EF6, 0x9ED6, 0x9ED6, 0x9EB5, 0x9654, 0x9613, 0x9613, 0x9613, 0x9613, 0x9613, 0x9613,
    0x9613, 0x9613, 0x9633, 0xA6B4, 0xB756, 0xBF97, 0xBF97, 0xBF97, 0xBF97, 0xBF97, 0xBF97, 0xBF97, 0xBF97, 0xBF97, 0xBF97, 0xBF97,
    0xBF97, 0xBF97, 0xBF97, 0xBF97, 0xBF97, 0xBF97, 0xBF97, 0xBF97, 0xBF97, 0xBF97, 0xBF97, 0xBF97, 0xBF97, 0xBF97, 0xBF97, 0xB777,
    0xB777, 0xAF36, 0x9EF6, 0x9E95, 0x9633, 0x9613, 0x9633, 0x9633, 0x9633, 0x9633, 0x9633, 0x9E53, 0x9E95, 0xA6F6, 0xAF36, 0xB777,
    0xB777, 0xBF97, 0xBF97, 0xBF97, 0xBF97, 0xBF97, 0xBF97, 0xBF97, 0xBF97, 0xBF97, 0xBF97, 0xBF97, 0xBF97, 0xBF97, 0xB776, 0xA6D5,
    0x9633, 0x9613, 0x9613, 0x9613, 0x9613, 0x9673, 0x9ED3, 0x9EB3, 0x9653, 0x9633, 0x9633, 0x9633, 0x9613, 0x9613, 0x9613, 0x9613,
    0x9613, 0x9613, 0x9613, 0x9613, 0x9613, 0x9613, 0x9613, 0x9613, 0x9613, 0x9613, 0x9613, 0x9613, 0x9613, 0x9613, 0x9613, 0x9613,
    0x9613, 0x9613, 0x9613, 0xAE34, 0xC635, 0xC635, 0xC635, 0xAE34, 0x9E13, 0x9613, 0x9613, 0x9613, 0x9613, 0x9613, 0x9613, 0x9613,
    0x9613, 0x9613, 0x9673, 0x9ED3, 0x9ED3, 0x9ED3, 0x9EF3, 0x9EF4, 0xA714, 0xA714, 0xA714, 0xA714, 0x9EF4, 0x9EF3, 0x9EB3, 0x9653,
    0x9613, 0x9613, 0x9613, 0x9613, 0x9633, 0x9633, 0x9633, 0x9613, 0x9613, 0x9613, 0x9613, 0x9613, 0x9613, 0x9633, 0x9E93, 0x9EF3,
    0x9EF3, 0xA714, 0xA714, 0xA714, 0xA714, 0xA714, 0xA714, 0xA714, 0xA714, 0xA714, 0xA714, 0xA714, 0xA714, 0xA714, 0x9ED3, 0x9653,
    0x9613, 0xAE93, 0xBEF3, 0xBEF3, 0xBED3, 0xBED3, 0xBED3, 0xBED3, 0xBED3, 0xBEF3, 0xBEF3, 0xBEF3, 0xBEF4, 0xC714, 0xC714, 0xC714,
    0xC714, 0xC714, 0xC714, 0xC714, 0xC714, 0xC714, 0xC714, 0xC714, 0xC714, 0xC714, 0xC714, 0xC714, 0xC714, 0xC714, 0xC714, 0xC714,
    0xBEF3, 0xAEB3, 0xA673, 0x9E33, 0x9613, 0x9613, 0x9613, 0x9613, 0x9613, 0x9613, 0x9633, 0x9633, 0x9633, 0x9633, 0x9E53, 0xAE93,
    0xB6D3, 0xC714, 0xC714, 0xC714, 0xC714, 0xC714, 0xC714, 0xC714, 0xC714, 0xC714, 0xB6B3, 0x9E33, 0x9613, 0x9613, 0x9613, 0x9613,
    0x9613, 0x9613, 0x9613, 0x9613, 0x9613, 0x9613, 0x9613, 0x9673, 0x9ED3, 0x9ED3, 0x9ED3, 0x9EF3, 0x9EF4, 0xA714, 0xA714, 0xA714,
    0xA714, 0xA714, 0xA714, 0xA714, 0xA714, 0xA714, 0xA714, 0xA714, 0xA714, 0xA714, 0xA714, 0xA714, 0xA714, 0xA714, 0xA714, 0xA714,
    0x9ED3, 0x9653, 0x9613, 0x9613, 0x9613, 0x9E73, 0x9ED3, 0x9EF3, 0xA714, 0xA714, 0xA714, 0xA714, 0xA714, 0xA714, 0xA714, 0xA714,
    0xA714, 0xA714, 0x9ED3, 0x9673, 0x9653, 0x9653, 0x9653, 0x9613, 0x9613, 0x9613, 0x9613, 0x9673, 0x9EB3, 0x9ED3, 0xA714, 0xA714,
    0xA714, 0xA714, 0xA714, 0xA714, 0xA714, 0xA714, 0xA714, 0xA714, 0xA714, 0x9ED3, 0x9673, 0x9613, 0x9613, 0x9613, 0x9E95, 0x9EF6,
    0xA717, 0xA717, 0xA717, 0xA717, 0xA717, 0xA717, 0xA717, 0xA717, 0x9EF6, 0x9E95, 0x9654, 0x9654, 0x9654, 0x9633, 0x9613, 0x9613,
    0x9613, 0x9613, 0x9613, 0x9E74, 0xA6D5, 0xAF36, 0xB776, 0xBF97, 0xBF97, 0xBF97, 0xBF97, 0xBF97, 0xBF97, 0xBF97, 0xBF97, 0xBF97,
    0xBF97, 0xBF97, 0xBF97, 0xBF97, 0xBF97, 0xBF97, 0xBF97, 0xBF97, 0xBF97, 0xBF97, 0xBF97, 0xBF97, 0xBF97, 0xBF97, 0xBF97, 0xBF97,
    0xBF97, 0xB757, 0xAF37, 0xA6F6, 0x9E94, 0x9E74, 0x9654, 0x9654, 0x9654, 0x9654, 0x9E74, 0x9E94, 0xA6F6, 0xAF37, 0xB757, 0xBF97,
    0xBF97, 0xBF97, 0xBF97, 0xBF97, 0xBF97, 0xBF97, 0xBF97, 0xBF97, 0xBF97, 0xBF97, 0xBF97, 0xBF97, 0xB776, 0xB736, 0xAEF5, 0x9E74,
    0x9613, 0x9613, 0x9613, 0x9633, 0x9653, 0x9E93, 0x9EF3, 0x9EB3, 0x9633, 0x9613, 0x9613, 0x9613, 0x9613, 0x9613, 0x9613, 0x9613,
    0x9613, 0x9613, 0x9613, 0x9613, 0x9613, 0x9613, 0x9613, 0x9613, 0x9613, 0x9613, 0x9613, 0x9613, 0x9613, 0x9613, 0x9613, 0x9613,
    0x9613, 0x9613, 0x9613, 0xA613, 0xB634, 0xBE35, 0xC655, 0xBE35, 0xAE14, 0x9E13, 0x9613, 0x9613, 0x9613, 0x9613, 0x9633, 0x9653,
    0x9653, 0x9653, 0x9EB3, 0xA6F4, 0xA714, 0xA714, 0xA714, 0xA714, 0xA714, 0xA714, 0xA714, 0xA714, 0xA714, 0xA714, 0x9ED3, 0x9673,
    0x9613, 0x9613, 0x9613, 0x9613, 0x9613, 0x9613, 0x9613, 0x9613, 0x9613, 0x9613, 0x9613, 0x9613, 0x9613, 0x9633, 0x9673, 0x9EB3,
    0x9EB3, 0x9EB3, 0x9ED3, 0xA714, 0xA714, 0xA714, 0xA714, 0xA714, 0xA714, 0xA714, 0xA714, 0xA714, 0xA714, 0xA714, 0x9ED3, 0x9653,
    0x9613, 0xAE93, 0xBED3, 0xBEF3, 0xC714, 0xC714, 0xC714, 0xC714, 0xC714, 0xC714, 0xC714, 0xC714, 0xC714, 0xC714, 0xC714, 0xC714,
    0xC714, 0xC714, 0xC714, 0xC714, 0xC714, 0xC714, 0xC714, 0xC714, 0xC714, 0xC714, 0xC714, 0xC714, 0xC714, 0xC714, 0xC714, 0xC714,
    0xBEF3, 0xB6D3, 0xAEB3, 0xA673, 0x9E53, 0x9E53, 0x9E53, 0x9E53, 0x9E53, 0x9E53, 0x9E53, 0x9E53, 0x9E53, 0xA673, 0xAE93, 0xB6B3,
    0xBEF3, 0xC714, 0xC714, 0xC714, 0xC714, 0xC714, 0xC714, 0xC714, 0xBEF3, 0xBED3, 0xAE93, 0x9633, 0x9613, 0x9613, 0x9613, 0x9633,
    0x9653, 0x9653, 0x9653, 0x9653, 0x9653, 0x9653, 0x9653, 0x9EB3, 0x9EF4, 0xA714, 0xA714, 0xA714, 0xA714, 0xA714, 0xA714, 0xA714,
    0xA714, 0xA714, 0xA714, 0xA714, 0xA714, 0xA714, 0xA714, 0xA714, 0xA714, 0xA714, 0xA714, 0xA714, 0x9EF3, 0x9ED3, 0x9EB3, 0x9EB3,
    0x9E93, 0x9633, 0x9613, 0x9613, 0x9613, 0x9E93, 0xA714, 0xA714, 0xA714, 0xA714, 0xA714, 0xA714, 0xA714, 0xA714, 0xA714, 0xA714,
    0xA714, 0xA714, 0x9EF3, 0x9ED3, 0x9ED3, 0x9ED3, 0x9EB3, 0x9653, 0x9613, 0x9613, 0x9613, 0x9613, 0x9653, 0x9EB3, 0xA6F4, 0xA714,
    0xA714, 0xA714, 0xA714, 0xA714, 0xA714, 0xA714, 0xA714, 0xA714, 0xA714, 0x9ED3, 0x9673, 0x9613, 0x9613, 0x9613, 0x9E95, 0x9EF6,
    0xA717, 0xA717, 0xA717, 0xA717, 0xA717, 0xA717, 0xA717, 0xA717, 0x9EF6, 0x9EF6, 0x9ED6, 0x9ED6, 0x9EB5, 0x9674, 0x9613, 0x9613,
    0x9613, 0x9613, 0x9613, 0x9613, 0x9653, 0xA6B4, 0xB736, 0xBF97, 0xBF97, 0xBF97, 0xBF97, 0xBF97, 0xBF97, 0xBF97, 0xBF97, 0xBF97,
    0xBF97, 0xBF97, 0xBF97, 0xBF97, 0xBF97, 0xBF97, 0xBF97, 0xBF97, 0xBF97, 0xBF97, 0xBF97, 0xBF97, 0xBF97, 0xBF97, 0xBF97, 0xBF97,
    0xBF97, 0xB777, 0xB777, 0xB756, 0xB736, 0xAF16, 0xA6F6, 0x9ED6, 0x9ED6, 0xA6F6, 0xAF16, 0xB736, 0xB756, 0xB777, 0xB777, 0xBF97,
    0xBF97, 0xBF97, 0xBF97, 0xBF97, 0xBF97, 0xBF97, 0xBF97, 0xBF97, 0xBF97, 0xBF97, 0xBF97, 0xBF97, 0xB756, 0xA6D5, 0x9653, 0x9633,
    0x9613, 0x9613, 0x9613, 0x9653, 0x9EB3, 0x9EF3, 0x9EF4, 0x9EB3, 0x9633, 0x9613, 0x9613, 0x9613, 0x9613, 0x9613, 0x9613, 0x9613,
    0x9613, 0x9613, 0x9613, 0x9613, 0x9613, 0x9613, 0x9613, 0x9613, 0x9613, 0x9613, 0x9613, 0x9613, 0x9613, 0x9613, 0x9613, 0x9613,
    0x9613, 0x9613, 0x9613, 0x9613, 0x9E13, 0xAE34, 0xC635, 0xC635, 0xBE35, 0xB634, 0x9E13, 0x9613, 0x9613, 0x9633, 0x9E93, 0x9ED3,
    0x9ED3, 0x9ED3, 0x9EF3, 0xA714, 0xA714, 0xA714, 0xA714, 0xA714, 0xA714, 0xA714, 0xA714, 0xA714, 0xA714, 0xA714, 0x9ED3, 0x9673,
    0x9613, 0x9613, 0x9613, 0x9613, 0x9613, 0x9613, 0x9613, 0x9613, 0x9613, 0x9613, 0x9613, 0x9613, 0x9613, 0x9613, 0x9633, 0x9633,
    0x9633, 0x9653, 0x9EB3, 0xA714, 0xA714, 0xA714, 0xA714, 0xA714, 0xA714, 0xA714, 0xA714, 0xA714, 0xA714, 0xA714, 0x9ED3, 0x9653,
    0x9613, 0xA653, 0xAEB3, 0xB6D3, 0xC714, 0xC714, 0xC714, 0xC714, 0xC714, 0xC714, 0xC714, 0xC714, 0xC714, 0xC714, 0xC714, 0xC714,
    0xC714, 0xC714, 0xC714, 0xC714, 0xC714, 0xC714, 0xC714, 0xC714, 0xC714, 0xC714, 0xC714, 0xC714, 0xC714, 0xC714, 0xC714, 0xC714,
    0xBEF4, 0xBEF3, 0xBEF3, 0xBED3, 0xB6D3, 0xB6D3, 0xB6D3, 0xB6D3, 0xB6D3, 0xB6D3, 0xB6D3, 0xB6D3, 0xB6D3, 0xBED3, 0xBEF3, 0xBEF3,
    0xBEF3, 0xC714, 0xC714, 0xC714, 0xC714, 0xC714, 0xC714, 0xC714, 0xBED3, 0xAEB3, 0xA673, 0x9613, 0x9613, 0x9613, 0x9633, 0x9E93,
    0x9ED3, 0x9ED3, 0x9ED3, 0x9ED3, 0x9ED3, 0x9ED3, 0x9ED3, 0x9EF3, 0xA6F4, 0xA714, 0xA714, 0xA714, 0xA714, 0xA714, 0xA714, 0xA714,
    0xA714, 0xA714, 0xA714, 0xA714, 0xA714, 0xA714, 0xA714, 0xA714, 0xA714, 0xA714, 0xA714, 0xA714, 0x9EB3, 0x9673, 0x9633, 0x9633,
    0x9633, 0x9613, 0x9613, 0x9613, 0x9613, 0x9E93, 0xA714, 0xA714, 0xA714, 0xA714, 0xA714, 0xA714, 0xA714, 0xA714, 0xA714, 0xA714,
    0xA714, 0xA714, 0xA714, 0xA714, 0xA714, 0xA714, 0x9ED3, 0x9E93, 0x9633, 0x9613, 0x9613, 0x9613, 0x9613, 0x9E93, 0xA6F4, 0xA714,
    0xA714, 0xA714, 0xA714, 0xA714, 0xA714, 0xA714, 0xA714, 0xA714, 0xA714, 0x9ED3, 0x9673, 0x9613, 0x9613, 0x9613, 0x9E95, 0x9EF6,
    0xA717, 0xA717, 0xA717, 0xA717, 0xA717, 0xA717, 0xA717, 0xA717, 0xA717, 0xA717, 0xA717, 0xA717, 0x9EF6, 0x9E95, 0x9654, 0x9633,
    0x9613, 0x9613, 0x9613, 0x9613, 0x9613, 0x9E53, 0xA6D5, 0xB736, 0xB776, 0xBF97, 0xBF97, 0xBF97, 0xBF97, 0xBF97, 0xBF97, 0xBF97,
    0xBF97, 0xBF97, 0xBF97, 0xBF97, 0xBF97, 0xBF97, 0xBF97, 0xBF97, 0xBF97, 0xBF97, 0xBF97, 0xBF97, 0xBF97, 0xBF97, 0xBF97, 0xBF97,
    0xBF97, 0xBF97, 0xBF97, 0xBF97, 0xBF97, 0xB777, 0xAF37, 0xA737, 0xA737, 0xAF37, 0xB777, 0xBF97, 0xBF97, 0xBF97, 0xBF97, 0xBF97,
    0xBF97, 0xBF97, 0xBF97, 0xBF97, 0xBF97, 0xBF97, 0xBF97, 0xBF97, 0xBF97, 0xBF97, 0xB776, 0xB736, 0xAEF5, 0x9E74, 0x9613, 0x9613,
    0x9613, 0x9633, 0x9653, 0x9E93, 0x9EF3, 0xA714, 0xA714, 0x9ED3, 0x9673, 0x9633, 0x9613, 0x9613, 0x9613, 0x9613, 0x9613, 0x9613,
    0x9613, 0x9613, 0x9613, 0x9613, 0x9613, 0x9613, 0x9613, 0x9613, 0x9613, 0x9613, 0x9613, 0x9613, 0x9613, 0x9613, 0x9613, 0x9613,
    0x9613, 0x9613, 0x9613, 0x9613, 0x9613, 0xA614, 0xBE35, 0xC655, 0xC655, 0xBE35, 0xAE14, 0x9E13, 0x9613, 0x9633, 0x9673, 0x9ED3,
    0x9EF3, 0xA714, 0xA714, 0xA714, 0xA714, 0xA714, 0xA714, 0xA714, 0xA714, 0xA714, 0xA714, 0xA714, 0x9EF3, 0x9ED3, 0x9EB3, 0x9653,
    0x9613, 0x9613, 0x9613, 0x9613, 0x9613, 0x9613, 0x9613, 0x9613, 0x9633, 0x9653, 0x9653, 0x9653, 0x9653, 0x9653, 0x9653, 0x9633,
    0x9613, 0x9613, 0x9673, 0x9EB3, 0x9EB3, 0x9EB3, 0x9ED3, 0x9EF4, 0xA714, 0xA714, 0xA714, 0xA714, 0xA714, 0xA714, 0x9ED3, 0x9653,
    0x9613, 0x9E33, 0xA673, 0xB6B3, 0xC714, 0xC714, 0xC714, 0xC714, 0xC714, 0xC714, 0xC714, 0xC714, 0xC714, 0xC714, 0xC714, 0xC714,
    0xC714, 0xC714, 0xC714, 0xC714, 0xC714, 0xC714, 0xC714, 0xC714, 0xC714, 0xC714, 0xC714, 0xC714, 0xC714, 0xC714, 0xC714, 0xC714,
    0xC714, 0xC714, 0xC714, 0xC714, 0xC714, 0xC714, 0xC714, 0xC714, 0xC714, 0xC714, 0xC714, 0xC714, 0xC714, 0xC714, 0xC714, 0xC714,
    0xC714, 0xC714, 0xC714, 0xC714, 0xC714, 0xC714, 0xBEF3, 0xBEF3, 0xAEB3, 0xA673, 0x9E33, 0x9613, 0x9613, 0x9633, 0x9673, 0x9ED3,
    0xA714, 0xA714, 0xA714, 0xA714, 0xA714, 0xA714, 0xA714, 0xA714, 0xA714, 0xA714, 0xA714, 0xA714, 0xA714, 0xA714, 0xA714, 0xA714,
    0xA714, 0xA714, 0xA714, 0xA714, 0xA714, 0xA714, 0xA714, 0xA714, 0x9EF3, 0x9ED3, 0x9EB3, 0x9EB3, 0x9E73, 0x9633, 0x9613, 0x9613,
    0x9613, 0x9613, 0x9613, 0x9613, 0x9613, 0x9E93, 0xA714, 0xA714, 0xA714, 0xA714, 0xA714, 0xA714, 0xA714, 0xA714, 0xA714, 0xA714,
    0xA714, 0xA714, 0xA714, 0xA714, 0xA714, 0xA714, 0x9EF3, 0x9ED3, 0x9E93, 0x9653, 0x9613, 0x9613, 0x9613, 0x9E93, 0xA6F4, 0xA714,
    0xA714, 0xA714, 0xA714, 0xA714, 0xA714, 0xA714, 0xA714, 0xA714, 0xA714, 0x9ED3, 0x9673, 0x9613, 0x9613, 0x9613, 0x9E95, 0x9EF6,
    0xA717, 0xA717, 0xA717, 0xA717, 0xA717, 0xA717, 0xA717, 0xA717, 0xA717, 0xA717, 0xA717, 0xA717, 0xA6F6, 0x9ED6, 0x9EB5, 0x9674,
    0x9613, 0x9613, 0x9613, 0x9613, 0x9613, 0x9613, 0x9E53, 0xA6B4, 0xAF36, 0xBF97, 0xBF97, 0xBF97, 0xBF97, 0xBF97, 0xBF97, 0xBF97,
    0xBF97, 0xBF97, 0xBF97, 0xBF97, 0xBF97, 0xBF97, 0xBF97, 0xBF97, 0xBF97, 0xBF97, 0xBF97, 0xBF97, 0xBF97, 0xBF97, 0xBF97, 0xBF97,
    0xBF97, 0xBF97, 0xBF97, 0xBF97, 0xBF97, 0xB777, 0xB777, 0xB777, 0xB777, 0xB777, 0xB777, 0xBF97, 0xBF97, 0xBF97, 0xBF97, 0xBF97,
    0xBF97, 0xBF97, 0xBF97, 0xBF97, 0xBF97, 0xBF97, 0xBF97, 0xBF97, 0xBF97, 0xBF97, 0xB756, 0xA6D5, 0x9E53, 0x9633, 0x9613, 0x9613,
    0x9613, 0x9653, 0x9EB3, 0x9ED3, 0x9EF4, 0xA714, 0xA714, 0x9EF3, 0x9ED3, 0x9E93, 0x9633, 0x9613, 0x9613, 0x9613, 0x9613, 0x9613,
    0x9613, 0x9613, 0x9613, 0x9613, 0x9613, 0x9613, 0x9613, 0x9613, 0x9613, 0x9613, 0x9613, 0x9613, 0x9613, 0x9613, 0x9613, 0x9613,
    0x9613, 0x9613, 0x9613, 0x9613, 0x9613, 0x9E13, 0xB635, 0xBE55, 0xC655, 0xC635, 0xBE35, 0xB634, 0x9E13, 0x9613, 0x9633, 0x9653,
    0x9EB3, 0xA714, 0xA714, 0xA714, 0xA714, 0xA714, 0xA714, 0xA714, 0xA714, 0xA714, 0xA714, 0xA714, 0x9ED3, 0x9E93, 0x9633, 0x9613,
    0x9613, 0x9613, 0x9613, 0x9613, 0x9613, 0x9613, 0x9613, 0x9653, 0x9EB3, 0x9EB3, 0x9EB3, 0x9EB3, 0x9EB3, 0x9EB3, 0x9EB3, 0x9EB3,
    0x9653, 0x9613, 0x9633, 0x9653, 0x9653, 0x9653, 0x9E93, 0x9EF3, 0xA714, 0xA714, 0xA714, 0xA714, 0xA714, 0xA714, 0x9ED3, 0x9653,
    0x9613, 0x9613, 0x9E33, 0xAE93, 0xC714, 0xC714, 0xC714, 0xC714, 0xC714, 0xC714, 0xC714, 0xC714, 0xC714, 0xC714, 0xC714, 0xC714,
    0xC714, 0xC714, 0xC714, 0xC714, 0xC714, 0xC714, 0xC714, 0xC714, 0xC714, 0xC714, 0xC714, 0xC714, 0xC714, 0xC714, 0xC714, 0xC714,
    0xC714, 0xC714, 0xC714, 0xC714, 0xC714, 0xC714, 0xC714, 0xC714, 0xC714, 0xC714, 0xC714, 0xC714, 0xC714, 0xC714, 0xC714, 0xC714,
    0xC714, 0xC714, 0xC714, 0xC714, 0xC714, 0xC714, 0xB6D3, 0xAEB3, 0xA673, 0x9E33, 0x9613, 0x9613, 0x9633, 0x9E93, 0x9ED3, 0x9EF3,
    0xA714, 0xA714, 0xA714, 0xA714, 0xA714, 0xA714, 0xA714, 0xA714, 0xA714, 0xA714, 0xA714, 0xA714, 0xA714, 0xA714, 0xA714, 0xA714,
    0xA714, 0xA714, 0xA714, 0xA714, 0xA714, 0xA714, 0xA714, 0xA714, 0x9EB3, 0x9653, 0x9653, 0x9653, 0x9633, 0x9613, 0x9613, 0x9613,
    0x9613, 0x9613, 0x9613, 0x9613, 0x9613, 0x9E93, 0xA714, 0xA714, 0xA714, 0xA714, 0xA714, 0xA714, 0xA714, 0xA714, 0xA714, 0xA714,
    0xA714, 0xA714, 0xA714, 0xA714, 0xA714, 0xA714, 0xA714, 0xA714, 0x9ED3, 0x9673, 0x9613, 0x9613, 0x9613, 0x9673, 0x9ED3, 0x9EF3,
    0xA6F4, 0xA714, 0xA714, 0xA714, 0xA714, 0xA714, 0xA714, 0xA714, 0xA714, 0x9EF3, 0x9E93, 0x9633, 0x9613, 0x9613, 0x9674, 0x9ED6,
    0x9EF6, 0xA6F6, 0xA717, 0xA717, 0xA717, 0xA717, 0xA717, 0xA717, 0xA717, 0xA717, 0xA717, 0xA717, 0xA717, 0xA717, 0xA717, 0x9EB5,
    0x9654, 0x9633, 0x9613, 0x9613, 0x9613, 0x9613, 0x9613, 0x9E53, 0xA6D5, 0xB736, 0xB756, 0xB777, 0xB777, 0xBF97, 0xBF97, 0xBF97,
    0xBF97, 0xBF97, 0xBF97, 0xBF97, 0xBF97, 0xBF97, 0xBF97, 0xBF97, 0xBF97, 0xBF97, 0xBF97, 0xBF97, 0xBF97, 0xBF97, 0xBF97, 0xBF97,
    0xBF97, 0xBF97, 0xBF97, 0xBF97, 0xBF97, 0xBF97, 0xBF97, 0xBF97, 0xBF97, 0xBF97, 0xBF97, 0xBF97, 0xBF97, 0xBF97, 0xBF97, 0xBF97,
    0xBF97, 0xBF97, 0xBF97, 0xBF97, 0xBF97, 0xBF97, 0xBF97, 0xBF97, 0xB776, 0xB756, 0xAEF5, 0x9E74, 0x9613, 0x9613, 0x9613, 0x9613,
    0x9633, 0x9E93, 0x9EF4, 0xA714, 0xA714, 0xA714, 0xA714, 0xA714, 0xA714, 0x9ED3, 0x9673, 0x9633, 0x9613, 0x9613, 0x9613, 0x9613,
    0x9613, 0x9613, 0x9613, 0x9613, 0x9613, 0x9613, 0x9613, 0x9613, 0x9613, 0x9613, 0x9613, 0x9613, 0x9613, 0x9613, 0x9613, 0x9613,
    0x9613, 0x9613, 0x9633, 0x9613, 0x9613, 0x9E13, 0xA634, 0xB635, 0xC655, 0xCE56, 0xCE56, 0xBE35, 0xAE14, 0x9E13, 0x9613, 0x9613,
    0x9673, 0x9ED3, 0x9ED3, 0x9ED3, 0x9ED3, 0x9ED3, 0x9EF3, 0x9EF4, 0xA714, 0xA714, 0x9EF3, 0x9ED3, 0x9EB3, 0x9653, 0x9613, 0x9613,
    0x9613, 0x9613, 0x9613, 0x9613, 0x9633, 0x9633, 0x9633, 0x9E93, 0x9EF3, 0xA714, 0xA714, 0xA714, 0xA714, 0xA714, 0xA714, 0x9EF3,
    0x9E93, 0x9633, 0x9633, 0x9633, 0x9613, 0x9613, 0x9673, 0x9EF3, 0xA714, 0xA714, 0xA714, 0xA714, 0xA714, 0xA714, 0x9ED3, 0x9E93,
    0x9633, 0x9613, 0x9613, 0xA673, 0xBEF3, 0xBED3, 0xB6D3, 0xBEF3, 0xBEF4, 0xC714, 0xC714, 0xC714, 0xC714, 0xC714, 0xC714, 0xC714,
    0xC714, 0xC714, 0xC714, 0xC714, 0xC714, 0xC714, 0xC714, 0xC714, 0xC714, 0xC714, 0xC714, 0xC714, 0xC714, 0xC714, 0xC714, 0xC714,
    0xC714, 0xC714, 0xC714, 0xC714, 0xC714, 0xC714, 0xC714, 0xC714, 0xC714, 0xBEF3, 0xBEF3, 0xBEF3, 0xBEF3, 0xC714, 0xC714, 0xC714,
    0xC714, 0xC714, 0xC714, 0xBF14, 0xBEF3, 0xBEF3, 0xAEB3, 0xA673, 0x9E33, 0x9613, 0x9613, 0x9613, 0x9653, 0x9ED3, 0xA714, 0xA714,
    0xA714, 0xA714, 0xA714, 0xA714, 0xA714, 0xA714, 0xA714, 0xA714, 0xA714, 0xA714, 0xA714, 0xA714, 0xA714, 0xA714, 0xA714, 0xA714,
    0xA714, 0xA714, 0xA714, 0xA714, 0xA714, 0xA714, 0x9EF3, 0x9ED3, 0x9673, 0x9613, 0x9613, 0x9613, 0x9613, 0x9633, 0x9633, 0x9633,
    0x9633, 0x9633, 0x9633, 0x9633, 0x9653, 0x9EB3, 0xA714, 0xA714, 0xA714, 0xA714, 0xA714, 0xA714, 0xA714, 0xA714, 0xA714, 0xA714,
    0xA714, 0xA714, 0xA714, 0xA714, 0xA714, 0xA714, 0xA714, 0xA714, 0x9ED3, 0x9673, 0x9613, 0x9613, 0x9613, 0x9633, 0x9653, 0x9EB3,
    0x9EF3, 0xA714, 0xA714, 0xA714, 0xA714, 0xA714, 0xA714, 0xA714, 0xA714, 0x9EF3, 0x9ED3, 0x9E93, 0x9653, 0x9613, 0x9633, 0x9654,
    0x9EB5, 0x9EF6, 0xA717, 0xA717, 0xA717, 0xA717, 0xA717, 0xA717, 0xA717, 0xA717, 0xA717, 0xA717, 0xA717, 0xA717, 0xA717, 0x9ED6,
    0x9EB5, 0x9674, 0x9613, 0x9613, 0x9613, 0x9613, 0x9613, 0x9613, 0x9E53, 0x9E94, 0xA6F6, 0xAF37, 0xB757, 0xBF97, 0xBF97, 0xBF97,
    0xBF97, 0xBF97, 0xBF97, 0xBF97, 0xBF97, 0xBF97, 0xBF97, 0xBF97, 0xBF97, 0xBF97, 0xBF97, 0xBF97, 0xBF97, 0xBF97, 0xBF97, 0xBF97,
    0xBF97, 0xBF97, 0xBF97, 0xBF97, 0xBF97, 0xBF97, 0xBF97, 0xBF97, 0xBF97, 0xBF97, 0xBF97, 0xBF97, 0xBF97, 0xBF97, 0xBF97, 0xBF97,
    0xBF97, 0xBF97, 0xBF97, 0xBF97, 0xBF97, 0xBF97, 0xBF97, 0xBF97, 0xB736, 0xA6D5, 0x9E74, 0x9633, 0x9613, 0x9613, 0x9613, 0x9673,
    0x9EB3, 0x9ED3, 0xA6F4, 0xA714, 0xA714, 0xA714, 0xA714, 0xA714, 0xA714, 0x9EF3, 0x9ED3, 0x9E93, 0x9633, 0x9613, 0x9613, 0x9613,
    0x9613, 0x9613, 0x9613, 0x9613, 0x9613, 0x9613, 0x9613, 0x9613, 0x9613, 0x9613, 0x9613, 0x9613, 0x9613, 0x9613, 0x9613, 0x9613,
    0x9613, 0x9653, 0x9EB3, 0x9653, 0x9613, 0x9613, 0x9E13, 0xAE34, 0xBE35, 0xCE56, 0xCE56, 0xC635, 0xBE35, 0xB634, 0x9E13, 0x9613,
    0x9633, 0x9653, 0x9653, 0x9653, 0x9653, 0x9653, 0x9E93, 0x9EF3, 0xA714, 0xA714, 0x9ED3, 0x9E93, 0x9653, 0x9613, 0x9613, 0x9613,
    0x9613, 0x9613, 0x9613, 0x9653, 0x9EB3, 0x9EB3, 0x9EB3, 0x9ED3, 0x9EF3, 0xA714, 0xA714, 0xA714, 0xA714, 0xA714, 0xA714, 0x9EF3,
    0x9ED3, 0x9EB3, 0x9EB3, 0x9EB3, 0x9653, 0x9613, 0x9673, 0x9EF3, 0xA714, 0xA714, 0xA714, 0xA714, 0xA714, 0xA714, 0x9EF3, 0x9ED3,
    0x9E93, 0x9653, 0x9613, 0xA653, 0xB6B3, 0xAE93, 0xA653, 0xAE93, 0xBEF3, 0xC714, 0xC714, 0xC714, 0xC714, 0xC714, 0xC714, 0xC714,
    0xC714, 0xC714, 0xC714, 0xC714, 0xC714, 0xC714, 0xC714, 0xC714, 0xC714, 0xC714, 0xC714, 0xC714, 0xC714, 0xC714, 0xC714, 0xC714,
    0xC714, 0xC714, 0xC714, 0xC714, 0xC714, 0xC714, 0xC714, 0xC714, 0xC714, 0xBEF3, 0xB6B3, 0xB6D3, 0xBEF3, 0xC714, 0xC714, 0xC714,
    0xC714, 0xC714, 0xC714, 0xBEF3, 0xB6D3, 0xAEB3, 0xA673, 0x9E33, 0x9613, 0x9613, 0x9613, 0x9613, 0x9653, 0x9ED3, 0xA714, 0xA714,
    0xA714, 0xA714, 0xA714, 0xA714, 0xA714, 0xA714, 0xA714, 0xA714, 0xA714, 0xA714, 0xA714, 0xA714, 0xA714, 0xA714, 0xA714, 0xA714,
    0xA714, 0xA714, 0xA714, 0xA714, 0xA714, 0x9EF4, 0x9EB3, 0x9653, 0x9633, 0x9613, 0x9613, 0x9613, 0x9633, 0x9E93, 0x9EB3, 0x9EB3,
    0x9EB3, 0x9EB3, 0x9EB3, 0x9EB3, 0x9EB3, 0x9ED3, 0xA714, 0xA714, 0xA714, 0xA714, 0xA714, 0xA714, 0xA714, 0xA714, 0xA714, 0xA714,
    0xA714, 0xA714, 0xA714, 0xA714, 0xA714, 0xA714, 0xA714, 0xA714, 0x9EF3, 0x9673, 0x9633, 0x9613, 0x9613, 0x9613, 0x9613, 0x9673,
    0x9EF3, 0xA714, 0xA714, 0xA714, 0xA714, 0xA714, 0xA714, 0xA714, 0xA714, 0xA714, 0xA714, 0x9EF3, 0x9673, 0x9613, 0x9613, 0x9613,
    0x9674, 0x9EF6, 0xA717, 0xA717, 0xA717, 0xA717, 0xA717, 0xA717, 0xA717, 0xA717, 0xA717, 0xA717, 0xA717, 0xA717, 0xA717, 0xA717,
    0xA717, 0x9EB5, 0x9654, 0x9613, 0x9613, 0x9613, 0x9613, 0x9613, 0x9613, 0x9633, 0x9E95, 0xA6F6, 0xAF36, 0xB756, 0xB756, 0xB777,
    0xB777, 0xBF97, 0xBF97, 0xBF97, 0xBF97, 0xBF97, 0xBF97, 0xBF97, 0xBF97, 0xBF97, 0xBF97, 0xBF97, 0xBF97, 0xBF97, 0xBF97, 0xBF97,
    0xBF97, 0xBF97, 0xBF97, 0xBF97, 0xBF97, 0xBF97, 0xBF97, 0xBF97, 0xBF97, 0xBF97, 0xBF97, 0xBF97, 0xBF97, 0xBF97, 0xBF97, 0xBF97,
    0xBF97, 0xBF97, 0xBF97, 0xBF97, 0xB777, 0xB777, 0xB776, 0xB756, 0xAEF5, 0x9E53, 0x9613, 0x9613, 0x9613, 0x9613, 0x9633, 0x9EB3,
    0xA714, 0xA714, 0xA714, 0xA714, 0xA714, 0xA714, 0xA714, 0xA714, 0xA714, 0xA714, 0xA714, 0x9ED3, 0x9673, 0x9633, 0x9633, 0x9633,
    0x9613, 0x9613, 0x9613, 0x9613, 0x9613, 0x9613, 0x9613, 0x9613, 0x9613, 0x9613, 0x9613, 0x9613, 0x9613, 0x9613, 0x9633, 0x9633,
    0x9633, 0x9E93, 0xA714, 0x9E93, 0x9633, 0x9613, 0x9613, 0xA613, 0xB635, 0xC635, 0xC655, 0xCE56, 0xCE56, 0xC635, 0xAE34, 0x9613,
    0x9613, 0x9613, 0x9613, 0x9613, 0x9613, 0x9613, 0x9653, 0x9EB3, 0x9ED3, 0x9ED3, 0x9EB3, 0x9633, 0x9613, 0x9613, 0x9613, 0x9613,
    0x9613, 0x9613, 0x9633, 0x9E93, 0x9EF4, 0xA714, 0xA714, 0xA714, 0xA714, 0xA714, 0xA714, 0xA714, 0xA714, 0xA714, 0xA714, 0xA714,
    0xA714, 0xA714, 0xA714, 0xA714, 0x9E93, 0x9633, 0x9E93, 0x9EF3, 0xA714, 0xA714, 0xA714, 0xA714, 0xA714, 0xA714, 0xA714, 0xA714,
    0x9EF3, 0x9673, 0x9613, 0x9E33, 0xA673, 0x9E33, 0x9613, 0xA653, 0xB6D3, 0xBED3, 0xBED3, 0xBEF3, 0xBEF3, 0xBEF3, 0xBEF3, 0xC714,
    0xC714, 0xC714, 0xC714, 0xC714, 0xC714, 0xC714, 0xC714, 0xC714, 0xC714, 0xC714, 0xC714, 0xC714, 0xC714, 0xC714, 0xC714, 0xC714,
    0xC714, 0xC714, 0xC714, 0xC714, 0xC714, 0xC714, 0xC714, 0xBEF3, 0xBEF3, 0xB6D3, 0xAE93, 0xAE93, 0xBEF3, 0xC714, 0xC714, 0xBEF4,
    0xBEF3, 0xBEF3, 0xBEF3, 0xB6D3, 0xAEB3, 0xA673, 0x9E33, 0x9613, 0x9613, 0x9613, 0x9613, 0x9633, 0x9673, 0x9ED3, 0xA714, 0xA714,
    0xA714, 0xA714, 0xA714, 0xA714, 0xA714, 0xA714, 0xA714, 0xA714, 0xA714, 0xA714, 0xA714, 0xA714, 0xA714, 0xA714, 0xA714, 0xA714,
    0xA714, 0xA714, 0xA714, 0xA714, 0xA714, 0x9EF3, 0x9E73, 0x9613, 0x9613, 0x9613, 0x9613, 0x9633, 0x9673, 0x9ED3, 0xA714, 0xA714,
    0xA714, 0xA714, 0xA714, 0xA714, 0xA714, 0xA714, 0xA714, 0xA714, 0xA714, 0xA714, 0xA714, 0xA714, 0xA714, 0xA714, 0xA714, 0xA714,
    0xA714, 0xA714, 0xA714, 0xA714, 0xA714, 0xA714, 0xA714, 0xA714, 0x9EF3, 0x9ED3, 0x9E93, 0x9653, 0x9613, 0x9613, 0x9613, 0x9673,
    0x9EF3, 0xA714, 0xA714, 0xA714, 0xA714, 0xA714, 0xA714, 0xA714, 0xA714, 0xA714, 0xA714, 0x9EF3, 0x9673, 0x9613, 0x9613, 0x9613,
    0x9674, 0x9EF6, 0xA717, 0xA717, 0xA717, 0xA717, 0xA717, 0xA717, 0xA717, 0xA717, 0xA717, 0xA717, 0xA717, 0xA717, 0xA717, 0xA717,
    0xA717, 0x9ED6, 0x9EB5, 0x9674, 0x9613, 0x9613, 0x9613, 0x9613, 0x9613, 0x9613, 0x9654, 0x9674, 0x9E94, 0xA694, 0xA6F5, 0xAF37,
    0xB757, 0xB777, 0xBF97, 0xBF97, 0xBF97, 0xBF97, 0xBF97, 0xBF97, 0xBF97, 0xBF97, 0xBF97, 0xBF97, 0xBF97, 0xBF97, 0xBF97, 0xBF97,
    0xBF97, 0xBF97, 0xBF97, 0xBF97, 0xBF97, 0xBF97, 0xBF97, 0xBF97, 0xBF97, 0xBF97, 0xBF97, 0xBF97, 0xBF97, 0xBF97, 0xBF97, 0xBF97,
    0xBF97, 0xBF97, 0xBF97, 0xBF97, 0xB777, 0xAF37, 0xA6F6, 0xA6B5, 0x9E74, 0x9633, 0x9613, 0x9613, 0x9613, 0x9673, 0x9EB3, 0x9ED3,
    0xA714, 0xA714, 0xA714, 0xA714, 0xA714, 0xA714, 0xA714, 0xA714, 0xA714, 0xA714, 0xA714, 0x9EF3, 0x9ED3, 0x9E93, 0x9E93, 0x9E93,
    0x9653, 0x9613, 0x9613, 0x9613, 0x9613, 0x9613, 0x9613, 0x9613, 0x9613, 0x9613, 0x9613, 0x9613, 0x9613, 0x9673, 0x9E93, 0x9E93,
    0x9EB3, 0x9ED3, 0xA714, 0x9ED3, 0x9EB3, 0x9673, 0x9613, 0x9613, 0xA613, 0xAE34, 0xC635, 0xCE56, 0xCE56, 0xC635, 0xBE35, 0xAE34,
    0x9E13, 0x9613, 0x9613, 0x9613, 0x9613, 0x9613, 0x9633, 0x9653, 0x9673, 0x9673, 0x9653, 0x9613, 0x9613, 0x9613, 0x9613, 0x9613,
    0x9613, 0x9653, 0x9EB3, 0x9ED3, 0xA6F4, 0xA714, 0xA714, 0xA714, 0xA714, 0xA714, 0xA714, 0xA714, 0xA714, 0xA714, 0xA714, 0xA714,
    0xA714, 0xA714, 0xA714, 0xA714, 0x9ED3, 0x9EB3, 0x9ED3, 0x9EF4, 0xA714, 0xA714, 0xA714, 0xA714, 0xA714, 0xA714, 0xA714, 0xA714,
    0x9EF3, 0x9673, 0x9613, 0x9613, 0x9E33, 0x9613, 0x9613, 0x9633, 0xA653, 0xA673, 0xA673, 0xA673, 0xAEB3, 0xB6D3, 0xBEF3, 0xC714,
    0xC714, 0xC714, 0xC714, 0xC714, 0xC714, 0xC714, 0xC714, 0xC714, 0xC714, 0xC714, 0xC714, 0xC714, 0xC714, 0xC714, 0xC714, 0xC714,
    0xC714, 0xC714, 0xC714, 0xC714, 0xC714, 0xC714, 0xC714, 0xBED3, 0xB6B3, 0xAE93, 0x9E53, 0xA673, 0xBED3, 0xC714, 0xC714, 0xBEF3,
    0xB6D3, 0xAEB3, 0xAE93, 0xA673, 0x9E53, 0x9E33, 0x9613, 0x9613, 0x9613, 0x9613, 0x9633, 0x9E93, 0x9ED3, 0x9EF3, 0xA714, 0xA714,
    0xA714, 0xA714, 0xA714, 0xA714, 0xA714, 0xA714, 0xA714, 0xA714, 0xA714, 0xA714, 0xA714, 0xA714, 0xA714, 0xA714, 0xA714, 0xA714,
    0xA714, 0xA714, 0xA714, 0xA714, 0xA714, 0x9EF3, 0x9E73, 0x9613, 0x9613, 0x9613, 0x9653, 0x9E93, 0x9ED3, 0x9EF3, 0xA714, 0xA714,
    0xA714, 0xA714, 0xA714, 0xA714, 0xA714, 0xA714, 0xA714, 0xA714, 0xA714, 0xA714, 0xA714, 0xA714, 0xA714, 0xA714, 0xA714, 0xA714,
    0xA714, 0xA714, 0xA714, 0xA714, 0xA714, 0xA714, 0xA714, 0xA714, 0xA714, 0xA714, 0x9EF3, 0x9673, 0x9613, 0x9613, 0x9613, 0x9673,
    0x9ED3, 0x9EF3, 0x9EF3, 0x9EF3, 0xA6F4, 0xA714, 0xA714, 0xA714, 0xA714, 0xA714, 0xA714, 0x9EF3, 0x9673, 0x9613, 0x9613, 0x9613,
    0x9674, 0x9EF6, 0xA717, 0xA717, 0xA717, 0xA717, 0xA717, 0xA717, 0xA717, 0xA717, 0xA717, 0xA717, 0xA717, 0xA717, 0xA717, 0xA717,
    0xA717, 0xA717, 0xA717, 0x9EB5, 0x9654, 0x9613, 0x9613, 0x9613, 0x9613, 0x9613, 0x9613, 0x9613, 0x9613, 0x9613, 0x9E74, 0x9EF6,
    0xAF36, 0xB756, 0xB776, 0xB776, 0xB776, 0xB776, 0xB777, 0xB797, 0xBF97, 0xBF97, 0xBF97, 0xBF97, 0xBF97, 0xBF97, 0xBF97, 0xBF97,
    0xBF97, 0xBF97, 0xBF97, 0xBF97, 0xBF97, 0xBF97, 0xBF97, 0xBF97, 0xBF97, 0xBF97, 0xBF97, 0xBF97, 0xBF97, 0xBF97, 0xB777, 0xB777,
    0xB776, 0xB776, 0xB776, 0xB776, 0xAF36, 0xA6F6, 0x9E95, 0x9633, 0x9613, 0x9613, 0x9613, 0x9613, 0x9633, 0x9E93, 0x9EF3, 0x9EF4,
    0xA714, 0xA714, 0xA714, 0xA714, 0xA714, 0xA714, 0xA714, 0xA714, 0xA714, 0xA714, 0xA714, 0xA714, 0xA714, 0xA714, 0xA714, 0x9EF3,
    0x9E93, 0x9613, 0x9613, 0x9613, 0x9613, 0x9613, 0x9613, 0x9613, 0x9613, 0x9613, 0x9613, 0x9613, 0x9653, 0x9EB3, 0xA714, 0xA714,
    0xA714, 0xA714, 0xA714, 0xA714, 0xA714, 0x9EB3, 0x9633, 0x9613, 0x9613, 0x9E13, 0xB635, 0xC635, 0xC655, 0xCE56, 0xCE56, 0xC635,
    0xAE34, 0x9613, 0x9613, 0x9613, 0x9613, 0x9613, 0x9613, 0x9613, 0x9613, 0x9613, 0x9613, 0x9613, 0x9613, 0x9613, 0x9613, 0x9613,
    0x9613, 0x9E93, 0x9EF3, 0x9EF3, 0x9EF3, 0x9EF3, 0x9EF3, 0x9EF3, 0xA6F4, 0xA714, 0xA714, 0xA714, 0xA714, 0xA714, 0xA714, 0xA714,
    0xA714, 0xA714, 0xA714, 0xA714, 0xA714, 0xA714, 0xA714, 0xA714, 0xA714, 0xA714, 0xA714, 0xA714, 0xA714, 0xA714, 0xA714, 0xA714,
    0x9EF3, 0x9673, 0x9613, 0x9613, 0x9613, 0x9613, 0x9613, 0x9613, 0x9613, 0x9613, 0x9613, 0x9E33, 0xA673, 0xAE93, 0xB6D3, 0xBEF3,
    0xBEF4, 0xC714, 0xC714, 0xC714, 0xC714, 0xC714, 0xC714, 0xC714, 0xC714, 0xC714, 0xC714, 0xC714, 0xC714, 0xC714, 0xC714, 0xC714,
    0xC714, 0xC714, 0xC714, 0xBEF3, 0xBEF3, 0xBEF3, 0xBEF3, 0xB6B3, 0xAE93, 0x9E53, 0x9613, 0x9E53, 0xB6B3, 0xBEF3, 0xBEF3, 0xB6D3,
    0xAE93, 0xA673, 0x9E33, 0x9613, 0x9613, 0x9613, 0x9613, 0x9613, 0x9613, 0x9613, 0x9673, 0x9ED3, 0xA714, 0xA714, 0xA714, 0xA714,
    0xA714, 0xA714, 0xA714, 0xA714, 0xA714, 0xA714, 0xA714, 0xA714, 0xA714, 0xA714, 0xA714, 0xA714, 0xA714, 0xA714, 0xA714, 0xA714,
    0xA714, 0xA714, 0xA714, 0xA714, 0x9EF3, 0x9EF3, 0x9673, 0x9613, 0x9613, 0x9613, 0x9673, 0x9EF3, 0xA714, 0xA714, 0xA714, 0xA714,
    0xA714, 0xA714, 0xA714, 0xA714, 0xA714, 0xA714, 0xA714, 0xA714, 0xA714, 0xA714, 0xA714, 0xA714, 0xA714, 0xA714, 0xA714, 0xA714,
    0xA714, 0xA714, 0xA714, 0xA714, 0xA714, 0xA714, 0xA714, 0xA714, 0xA714, 0xA714, 0x9EF3, 0x9673, 0x9613, 0x9613, 0x9613, 0x9633,
    0x9673, 0x9673, 0x9673, 0x9EB3, 0x9EF3, 0xA714, 0xA714, 0xA714, 0xA714, 0xA714, 0xA714, 0x9EF3, 0x9673, 0x9613, 0x9613, 0x9613,
    0x9674, 0x9EF6, 0xA717, 0xA717, 0xA717, 0xA717, 0xA717, 0xA717, 0xA717, 0xA717, 0xA717, 0xA717, 0xA717, 0xA717, 0xA717, 0xA717,
    0xA717, 0xA717, 0xA717, 0x9ED6, 0x9EB5, 0x9674, 0x9633, 0x9613, 0x9613, 0x9613, 0x9613, 0x9613, 0x9613, 0x9613, 0x9633, 0x9674,
    0x9E94, 0xA6B4, 0xA6B4, 0xA6B4, 0xA6D5, 0xAF36, 0xAF57, 0xB777, 0xBF97, 0xBF97, 0xBF97, 0xBF97, 0xBF97, 0xBF97, 0xBF97, 0xBF97,
    0xBF97, 0xBF97, 0xBF97, 0xBF97, 0xBF97, 0xBF97, 0xBF97, 0xBF97, 0xBF97, 0xBF97, 0xBF97, 0xBF97, 0xBF97, 0xB777, 0xB757, 0xAF36,
    0xA6F5, 0xA6B4, 0xA6B4, 0xA6B4, 0x9E94, 0x9E74, 0x9654, 0x9613, 0x9613, 0x9613, 0x9613, 0x9613, 0x9613, 0x9653, 0x9E93, 0x9ED3,
    0xA714, 0xA714, 0xA714, 0xA714, 0xA714, 0xA714, 0xA714, 0xA714, 0xA714, 0xA714, 0xA714, 0xA714, 0xA714, 0xA714, 0xA714, 0x9EF4,
    0x9ED3, 0x9E93, 0x9E93, 0x9E93, 0x9E93, 0x9E93, 0x9E93, 0x9E93, 0x9E93, 0x9E93, 0x9E93, 0x9E93, 0x9EB3, 0x9ED3, 0xA714, 0xA714,
    0xA714, 0xA714, 0xA714, 0xA714, 0xA714, 0x9ED3, 0x9EB3, 0x9673, 0x9613, 0x9613, 0xA614, 0xAE34, 0xBE35, 0xCE56, 0xCE56, 0xC655,
    0xBE35, 0xAE34, 0xAE34, 0xAE34, 0xAE34, 0xA634, 0x9E13, 0x9613, 0x9613, 0x9613, 0x9613, 0x9613, 0x9613, 0x9613, 0x9613, 0x9613,
    0x9613, 0x9653, 0x9673, 0x9673, 0x9673, 0x9673, 0x9673, 0x9EB3, 0x9EF3, 0xA714, 0xA714, 0xA714, 0xA714, 0xA714, 0xA714, 0xA714,
    0xA714, 0xA714, 0xA714, 0xA714, 0xA714, 0xA714, 0xA714, 0xA714, 0xA714, 0xA714, 0xA714, 0xA714, 0xA714, 0xA714, 0xA714, 0xA714,
    0x9EF3, 0x9ED3, 0x9E93, 0x9653, 0x9613, 0x9613, 0x9613, 0x9613, 0x9E53, 0xA673, 0xAE93, 0xA673, 0x9E53, 0xA653, 0xAE93, 0xB6D3,
    0xBEF3, 0xC714, 0xC714, 0xC714, 0xC714, 0xC714, 0xC714, 0xC714, 0xC714, 0xC714, 0xC714, 0xC714, 0xC714, 0xC714, 0xC714, 0xC714,
    0xC714, 0xC714, 0xBEF3, 0xBED3, 0xB6B3, 0xAE93, 0xA673, 0xA653, 0x9E33, 0x9633, 0x9613, 0x9633, 0xA653, 0xA673, 0xA673, 0xA673,
    0x9E53, 0x9E33, 0x9613, 0x9613, 0x9613, 0x9613, 0x9613, 0x9613, 0x9633, 0x9E93, 0x9EB3, 0x9EF3, 0xA714, 0xA714, 0xA714, 0xA714,
    0xA714, 0xA714, 0xA714, 0xA714, 0xA714, 0xA714, 0xA714, 0xA714, 0xA714, 0xA714, 0xA714, 0xA714, 0xA714, 0xA714, 0xA714, 0xA714,
    0xA714, 0xA714, 0xA714, 0x9EF3, 0x9EB3, 0x9673, 0x9633, 0x9613, 0x9653, 0x9E93, 0x9ED3, 0x9EF3, 0xA714, 0xA714, 0xA714, 0xA714,
    0xA714, 0xA714, 0xA714, 0xA714, 0xA714, 0xA714, 0xA714, 0xA714, 0xA714, 0xA714, 0xA714, 0xA714, 0xA714, 0xA714, 0xA714, 0xA714,
    0xA714, 0xA714, 0xA714, 0xA714, 0xA714, 0xA714, 0xA714, 0xA714, 0xA714, 0xA714, 0x9EF3, 0x9673, 0x9613, 0x9613, 0x9613, 0x9613,
    0x9613, 0x9613, 0x9613, 0x9653, 0x9ED3, 0x9EF4, 0x9EF4, 0x9EF4, 0xA714, 0xA714, 0xA714, 0x9EF3, 0x9673, 0x9613, 0x9613, 0x9613,
    0x9674, 0x9EF6, 0xA6F6, 0xA717, 0xA717, 0xA717, 0xA717, 0xA717, 0xA717, 0xA717, 0xA717, 0xA717, 0xA717, 0xA717, 0xA717, 0xA717,
    0xA717, 0xA717, 0xA717, 0xA6F7, 0x9EF6, 0x9EB5, 0x9633, 0x9613, 0x9613, 0x9613, 0x9613, 0x9613, 0x9613, 0x9613, 0x9613, 0x9613,
    0x9613, 0x9613, 0x9613, 0x9613, 0x9654, 0x9ED6, 0xA716, 0xB756, 0xB776, 0xB776, 0xB776, 0xB776, 0xB776, 0xB776, 0xB776, 0xB776,
    0xB776, 0xB776, 0xB776, 0xB776, 0xB776, 0xB776, 0xB776, 0xB776, 0xB776, 0xB776, 0xB776, 0xB776, 0xB776, 0xB776, 0xAF36, 0x9EF6,
    0x9E74, 0x9613, 0x9613, 0x9613, 0x9613, 0x9613, 0x9613, 0x9613, 0x9613, 0x9613, 0x9613, 0x9613, 0x9613, 0x9613, 0x9613, 0x9E93,
    0x9EF4, 0xA6F4, 0xA714, 0xA714, 0xA714, 0xA714, 0xA714, 0xA714, 0xA714, 0xA714, 0xA714, 0xA714, 0xA714, 0xA714, 0xA714, 0xA714,
    0xA714, 0xA714, 0xA714, 0xA714, 0xA714, 0xA714, 0xA714, 0xA714, 0xA714, 0xA714, 0xA714, 0xA714, 0xA714, 0xA714, 0xA714, 0xA714,
    0xA714, 0xA714, 0xA714, 0xA714, 0xA714, 0xA6F4, 0x9EF4, 0x9EB3, 0x9633, 0x9613, 0x9613, 0x9E13, 0xB635, 0xCE56, 0xCE56, 0xCE56,
    0xCE56, 0xCE56, 0xCE56, 0xCE56, 0xBE55, 0xB655, 0xA634, 0x9613, 0x9613, 0x9613, 0x9613, 0x9613, 0x9613, 0x9613, 0x9613, 0x9613,
    0x9613, 0x9613, 0x9613, 0x9613, 0x9613, 0x9613, 0x9613, 0x9673, 0x9ED3, 0x9EF4, 0x9EF4, 0x9EF4, 0xA714, 0xA714, 0xA714, 0xA714,
    0xA714, 0xA714, 0xA714, 0xA714, 0xA714, 0xA714, 0xA714, 0xA714, 0xA714, 0xA714, 0xA714, 0xA714, 0xA714, 0xA714, 0xA714, 0xA714,
    0xA714, 0xA6F4, 0x9EF3, 0x9673, 0x9613, 0x9613, 0x9613, 0x9E33, 0xA673, 0xB6B3, 0xBEF3, 0xB6B3, 0x9E53, 0x9613, 0xA653, 0xAE93,
    0xB6D3, 0xBEF4, 0xC714, 0xC714, 0xC714, 0xC714, 0xC714, 0xC714, 0xC714, 0xC714, 0xC714, 0xC714, 0xC714, 0xC714, 0xC714, 0xBF14,
    0xBEF4, 0xBEF4, 0xBEF3, 0xB6B3, 0xA673, 0x9E53, 0x9613, 0x9613, 0x9613, 0x9613, 0x9613, 0x9613, 0x9613, 0x9613, 0x9613, 0x9613,
    0x9613, 0x9613, 0x9613, 0x9613, 0x9613, 0x9613, 0x9613, 0x9613, 0x9673, 0x9EF3, 0xA714, 0xA714, 0xA714, 0xA714, 0xA714, 0xA714,
    0xA714, 0xA714, 0xA714, 0xA714, 0xA714, 0xA714, 0xA714, 0xA714, 0xA714, 0xA714, 0xA714, 0xA714, 0xA714, 0xA714, 0xA714, 0xA714,
    0xA714, 0xA714, 0xA714, 0x9EF3, 0x9673, 0x9613, 0x9613, 0x9613, 0x9E73, 0x9EF3, 0xA714, 0xA714, 0xA714, 0xA714, 0xA714, 0xA714,
    0xA714, 0xA714, 0xA714, 0xA714, 0xA714, 0xA714, 0xA714, 0xA714, 0xA714, 0xA714, 0xA714, 0xA714, 0xA714, 0xA714, 0xA714, 0xA714,
    0xA714, 0xA714, 0xA714, 0xA714, 0xA714, 0xA714, 0xA714, 0xA714, 0xA714, 0xA714, 0x9EF3, 0x9673, 0x9613, 0x9613, 0x9613, 0x9613,
    0x9613, 0x9613, 0x9613, 0x9633, 0x9673, 0x9E93, 0x9E93, 0x9E93, 0x9ED3, 0xA714, 0xA714, 0x9EF3, 0x9EB3, 0x9E93, 0x9653, 0x9613,
    0x9633, 0x9674, 0x9EB5, 0x9EF6, 0xA717, 0xA717, 0xA717, 0xA717, 0xA717, 0xA717, 0xA717, 0xA717, 0xA717, 0xA717, 0xA717, 0xA717,
    0xA717, 0xA717, 0xA717, 0x9ED6, 0x9E95, 0x9654, 0x9613, 0x9613, 0x9613, 0x9613, 0x9635, 0x9636, 0x9614, 0x9613, 0x9613, 0x9613,
    0x9613, 0x9613, 0x9613, 0x9613, 0x9633, 0x9674, 0x9E95, 0xA6B5, 0xA6D5, 0xA6D5, 0xA6D5, 0xA6D5, 0xA6D5, 0xA6D5, 0xA6D5, 0xA6D5,
    0xA6D5, 0xA6D5, 0xA6D5, 0xA6D5, 0xA6D5, 0xA6D5, 0xA6D5, 0xA6D5, 0xA6D5, 0xA6D5, 0xA6D5, 0xA6D5, 0xA6D5, 0xA6B5, 0x9E95, 0x9E74,
    0x9654, 0x9613, 0x9613, 0x9613, 0x9613, 0x9613, 0x9613, 0x9613, 0x9613, 0x9613, 0x9613, 0x9613, 0x9613, 0x9613, 0x9613, 0x9653,
    0x9E93, 0x9ED3, 0xA6F4, 0xA714, 0xA714, 0xA714, 0xA714, 0xA714, 0xA714, 0xA714, 0xA714, 0xA714, 0xA714, 0xA714, 0xA714, 0xA714,
    0xA714, 0xA714, 0xA714, 0xA714, 0xA714, 0xA714, 0xA714, 0xA714, 0xA714, 0xA714, 0xA714, 0xA714, 0xA714, 0xA714, 0xA714, 0xA714,
    0xA714, 0xA714, 0xA714, 0xA714, 0xA714, 0x9ED3, 0x9E93, 0x9653, 0x9613, 0x9613, 0x9613, 0x9E13, 0xB635, 0xCE56, 0xCE56, 0xCE56,
    0xCE56, 0xCE56, 0xCE56, 0xCE56, 0xC655, 0xBE55, 0xB635, 0xAE34, 0xAE34, 0xAE34, 0xAE34, 0xAE34, 0xAE34, 0xA634, 0x9E13, 0x9613,
    0x9613, 0x9613, 0x9613, 0x9613, 0x9613, 0x9613, 0x9613, 0x9633, 0x9673, 0x9E93, 0x9E93, 0x9EB3, 0x9ED3, 0xA714, 0xA714, 0xA714,
    0xA714, 0xA714, 0xA714, 0xA714, 0xA714, 0xA714, 0xA714, 0xA714, 0xA714, 0xA714, 0xA714, 0xA714, 0xA714, 0xA714, 0xA714, 0xA714,
    0x9EF3, 0x9EB3, 0x9E73, 0x9633, 0x9613, 0x9E33, 0xA673, 0xAE93, 0xB6B3, 0xB6D3, 0xB6D3, 0xAE93, 0x9E33, 0x9613, 0x9E33, 0xA653,
    0xAE93, 0xB6D3, 0xBEF3, 0xC714, 0xC714, 0xC714, 0xC714, 0xC714, 0xC714, 0xC714, 0xC714, 0xC714, 0xC714, 0xC714, 0xBEF3, 0xBED3,
    0xB6B3, 0xAE93, 0xA673, 0xA653, 0x9E53, 0x9633, 0x9613, 0x9613, 0x9613, 0x9613, 0x9E33, 0xA653, 0xA673, 0xA673, 0x9E53, 0x9E33,
    0x9613, 0x9613, 0x9613, 0x9613, 0x9613, 0x9613, 0x9633, 0x9E73, 0x9EB3, 0x9EF3, 0xA714, 0xA714, 0xA714, 0xA714, 0xA714, 0xA714,
    0xA714, 0xA714, 0xA714, 0xA714, 0xA714, 0xA714, 0xA714, 0xA714, 0xA714, 0xA714, 0xA714, 0xA714, 0xA714, 0xA714, 0xA714, 0xA714,
    0xA714, 0xA714, 0xA714, 0x9EF3, 0x9673, 0x9613, 0x9653, 0x9E93, 0x9EB3, 0x9EF4, 0xA714, 0xA714, 0xA714, 0xA714, 0xA714, 0xA714,
    0xA714, 0xA714, 0xA714, 0xA714, 0xA714, 0xA714, 0xA714, 0xA714, 0xA714, 0xA714, 0xA714, 0xA714, 0xA714, 0xA714, 0xA714, 0xA714,
    0xA714, 0xA714, 0xA714, 0xA714, 0xA714, 0xA714, 0xA714, 0xA714, 0xA714, 0xA714, 0x9EF3, 0x9673, 0x9613, 0x9613, 0x9613, 0x9613,
    0x9613, 0x9613, 0x9613, 0x9613, 0x9613, 0x9613, 0x9613, 0x9653, 0x9EB3, 0xA714, 0xA714, 0xA714, 0xA6F4, 0x9EF3, 0x9E93, 0x9613,
    0x9613, 0x9613, 0x9674, 0x9ED6, 0xA717, 0xA717, 0xA717, 0xA717, 0xA717, 0xA717, 0xA717, 0xA717, 0xA717, 0xA717, 0xA717, 0xA717,
    0xA717, 0xA717, 0xA717, 0x9EB5, 0x9633, 0x9613, 0x9613, 0x9613, 0x9613, 0x9614, 0x9E57, 0x9E79, 0x9635, 0x9613, 0x9613, 0x9613,
    0x9613, 0x9613, 0x9613, 0x9613, 0x9613, 0x9613, 0x9613, 0x9613, 0x9613, 0x9613, 0x9613, 0x9613, 0x9613, 0x9613, 0x9613, 0x9613,
    0x9613, 0x9613, 0x9613, 0x9613, 0x9613, 0x9613, 0x9613, 0x9613, 0x9613, 0x9613, 0x9613, 0x9613, 0x9613, 0x9613, 0x9613, 0x9613,
    0x9613, 0x9613, 0x9613, 0x9613, 0x9613, 0x9613, 0x9613, 0x9613, 0x9613, 0x9613, 0x9613, 0x9613, 0x9613, 0x9613, 0x9613, 0x9613,
    0x9613, 0x9E93, 0x9EF4, 0xA714, 0xA714, 0xA714, 0xA714, 0xA714, 0xA714, 0xA714, 0xA714, 0xA714, 0xA714, 0xA714, 0xA714, 0xA714,
    0xA714, 0xA714, 0xA714, 0xA714, 0xA714, 0xA714, 0xA714, 0xA714, 0xA714, 0xA714, 0xA714, 0xA714, 0xA714, 0xA714, 0xA714, 0xA714,
    0xA714, 0xA714, 0xA714, 0xA714, 0xA714, 0x9E93, 0x9633, 0x9613, 0x9613, 0x9613, 0x9613, 0x9E13, 0xB635, 0xCE56, 0xCE56, 0xCE56,
    0xCE56, 0xCE56, 0xCE56, 0xCE56, 0xCE56, 0xC656, 0xC656, 0xC655, 0xC655, 0xC655, 0xC655, 0xC655, 0xC655, 0xB655, 0xAE34, 0x9E13,
    0x9613, 0x9613, 0x9613, 0x9613, 0x9613, 0x9613, 0x9613, 0x9613, 0x9613, 0x9613, 0x9613, 0x9653, 0x9EB3, 0xA714, 0xA714, 0xA714,
    0xA714, 0xA714, 0xA714, 0xA714, 0xA714, 0xA714, 0xA714, 0xA714, 0xA714, 0xA714, 0xA714, 0xA714, 0xA714, 0xA714, 0xA714, 0xA714,
    0x9EF3, 0x9673, 0x9613, 0x9613, 0x9613, 0xA673, 0xBEF3, 0xBEF4, 0xBEF4, 0xB6D3, 0xAE93, 0xA673, 0x9633, 0x9613, 0x9613, 0x9613,
    0xA653, 0xAE93, 0xB6D3, 0xC714, 0xC714, 0xC714, 0xC714, 0xC714, 0xC714, 0xC714, 0xC714, 0xC714, 0xC714, 0xC714, 0xBEF3, 0xB6B3,
    0xA673, 0x9E33, 0x9613, 0x9613, 0x9613, 0x9613, 0x9613, 0x9613, 0x9613, 0x9E33, 0xA673, 0xAEB3, 0xBEF3, 0xBED3, 0xAE93, 0xA673,
    0x9E33, 0x9613, 0x9613, 0x9613, 0x9613, 0x9613, 0x9E73, 0x9EF3, 0xA6F4, 0xA714, 0xA714, 0xA714, 0xA714, 0xA714, 0xA714, 0xA714,
    0xA714, 0xA714, 0xA714, 0xA714, 0xA714, 0xA714, 0xA714, 0xA714, 0xA714, 0xA714, 0xA714, 0xA714, 0xA714, 0xA714, 0xA714, 0xA714,
    0xA714, 0xA714, 0xA714, 0x9EF3, 0x9673, 0x9613, 0x9E93, 0x9EF4, 0xA6F4, 0xA714, 0xA714, 0xA714, 0xA714, 0xA714, 0xA714, 0xA714,
    0xA714, 0xA714, 0xA714, 0xA714, 0xA714, 0xA714, 0xA714, 0xA714, 0xA714, 0xA714, 0xA714, 0xA714, 0xA714, 0xA714, 0xA714, 0xA714,
    0xA714, 0xA714, 0xA714, 0xA714, 0xA714, 0xA714, 0xA714, 0xA714, 0xA714, 0xA714, 0x9EF3, 0x9EB3, 0x9673, 0x9673, 0x9673, 0x9673,
    0x9673, 0x9653, 0x9613, 0x9613, 0x9613, 0x9613, 0x9613, 0x9613, 0x9673, 0x9EB3, 0x9ED3, 0xA714, 0xA714, 0x9EF4, 0x9E93, 0x9613,
    0x9613, 0x9613, 0x9674, 0x9ED6, 0xA717, 0xA717, 0xA717, 0xA717, 0xA717, 0xA717, 0xA717, 0xA717, 0xA717, 0xA717, 0xA717, 0xA717,
    0xA717, 0xA717, 0xA717, 0x9EB5, 0x9633, 0x9613, 0x9613, 0x9613, 0x9635, 0x9E56, 0x9E78, 0x9E79, 0x9E57, 0x9636, 0x9636, 0x9636,
    0x9636, 0x9636, 0x9636, 0x9636, 0x9635, 0x9613, 0x9613, 0x9613, 0x9613, 0x9613, 0x9613, 0x9613, 0x9613, 0x9613, 0x9613, 0x9613,
    0x9613, 0x9613, 0x9613, 0x9613, 0x9613, 0x9613, 0x9613, 0x9613, 0x9613, 0x9613, 0x9613, 0x9613, 0x9613, 0x9613, 0x9613, 0x9613,
    0x9614, 0x9636, 0x9636, 0x9636, 0x9636, 0x9636, 0x9635, 0x9613, 0x9613, 0x9613, 0x9613, 0x9613, 0x9613, 0x9613, 0x9613, 0x9613,
    0x9613, 0x9653, 0x9E93, 0x9E93, 0x9E93, 0x9EB3, 0x9EF3, 0xA714, 0xA714, 0xA714, 0xA714, 0xA714, 0xA714, 0xA714, 0xA714, 0xA714,
    0xA714, 0xA714, 0xA714, 0xA714, 0xA714, 0xA714, 0xA714, 0xA714, 0xA714, 0xA714, 0xA714, 0xA714, 0xA714, 0xA714, 0xA714, 0xA714,
    0xA714, 0xA714, 0xA714, 0xA714, 0xA714, 0x9E93, 0x9633, 0x9613, 0x9613, 0x9613, 0x9E13, 0xA634, 0xBE35, 0xCE56, 0xCE56, 0xCE56,
    0xCE56, 0xCE56, 0xCE56, 0xCE56, 0xCE56, 0xCE56, 0xCE56, 0xCE56, 0xCE56, 0xCE56, 0xCE56, 0xCE56, 0xC655, 0xBE55, 0xBE35, 0xB634,
    0xA634, 0xA634, 0x9E13, 0x9613, 0x9613, 0x9613, 0x9613, 0x9613, 0x9613, 0x9613, 0x9613, 0x9633, 0x9673, 0x9E93, 0x9E93, 0x9EB3,
    0x9ED3, 0xA714, 0xA714, 0xA714, 0xA714, 0xA714, 0xA714, 0xA714, 0xA714, 0xA714, 0xA714, 0xA714, 0xA714, 0xA714, 0xA714, 0xA714,
    0x9EF3, 0x9673, 0x9613, 0x9613, 0x9E33, 0xAE93, 0xBEF3, 0xBEF3, 0xB6D3, 0xAE93, 0xA673, 0xA653, 0xA673, 0xA673, 0x9E53, 0x9E33,
    0x9E53, 0x9E53, 0xA673, 0xAE93, 0xAE93, 0xAE93, 0xAE93, 0xAE93, 0xAE93, 0xAE93, 0xAE93, 0xAE93, 0xAE93, 0xAE93, 0xAE93, 0xA673,
    0x9E33, 0x9613, 0x9613, 0x9613, 0x9613, 0x9E33, 0xA673, 0xA653, 0x9E33, 0x9E53, 0x9E53, 0xA673, 0xAE93, 0xAE93, 0xB6B3, 0xB6B3,
    0xAE93, 0xA673, 0x9E33, 0x9613, 0x9613, 0x9613, 0x9653, 0x9E93, 0x9ED3, 0x9EF3, 0xA714, 0xA714, 0xA714, 0xA714, 0xA714, 0xA714,
    0xA714, 0xA714, 0xA714, 0xA714, 0x9EF4, 0x9ED3, 0x9E93, 0x9E93, 0x9E93, 0x9E93, 0x9E93, 0x9E93, 0x9E93, 0x9E93, 0x9E93, 0x9EB3,
    0x9EF3, 0xA714, 0xA714, 0x9EF3, 0x9673, 0x9613, 0x9E93, 0xA714, 0xA714, 0xA714, 0xA714, 0xA714, 0xA714, 0xA714, 0xA714, 0xA714,
    0xA714, 0xA714, 0xA714, 0xA714, 0xA714, 0xA714, 0xA714, 0xA714, 0xA714, 0xA714, 0xA714, 0xA714, 0xA714, 0xA714, 0xA714, 0xA714,
    0xA714, 0xA714, 0xA714, 0xA714, 0xA714, 0xA714, 0xA714, 0xA714, 0xA714, 0xA714, 0xA714, 0x9EF3, 0x9EF3, 0x9EF3, 0x9EF3, 0x9EF3,
    0x9EF3, 0x9E93, 0x9633, 0x9613, 0x9613, 0x9613, 0x9613, 0x9613, 0x9613, 0x9633, 0x9EB3, 0xA714, 0xA714, 0x9EF4, 0x9E93, 0x9613,
    0x9613, 0x9613, 0x9674, 0x9ED6, 0xA717, 0xA717, 0xA717, 0xA717, 0xA717, 0xA717, 0xA717, 0xA717, 0xA717, 0xA717, 0xA717, 0xA717,
    0xA717, 0xA717, 0xA717, 0x9EB5, 0x9633, 0x9613, 0x9613, 0x9614, 0x9E57, 0x9E79, 0x9E79, 0xA699, 0x9E79, 0x9E79, 0x9E79, 0x9E79,
    0x9E79, 0x9E79, 0x9E79, 0x9E79, 0x9E57, 0x9614, 0x9613, 0x9613, 0x9613, 0x9613, 0x9613, 0x9613, 0x9613, 0x9613, 0x9613, 0x9613,
    0x9613, 0x9613, 0x9613, 0x9613, 0x9613, 0x9613, 0x9613, 0x9613, 0x9613, 0x9613, 0x9613, 0x9613, 0x9613, 0x9613, 0x9613, 0x9613,
    0x9636, 0x9E79, 0x9E79, 0x9E79, 0x9E79, 0x9E79, 0x9E57, 0x9614, 0x9613, 0x9613, 0x9613, 0x9613, 0x9613, 0x9613, 0x9613, 0x9613,
    0x9613, 0x9613, 0x9613, 0x9613, 0x9613, 0x9673, 0x9ED3, 0xA714, 0xA714, 0xA714, 0xA714, 0xA714, 0xA714, 0xA714, 0xA714, 0xA714,
    0xA714, 0xA714, 0xA714, 0xA714, 0xA714, 0xA714, 0xA714, 0xA714, 0xA714, 0xA714, 0xA714, 0xA714, 0xA714, 0xA714, 0xA714, 0xA714,
    0xA714, 0xA714, 0xA714, 0xA714, 0xA714, 0x9E93, 0x9633, 0x9613, 0x9613, 0x9E13, 0xA634, 0xB635, 0xBE55, 0xCE56, 0xCE56, 0xCE56,
    0xCE56, 0xCE56, 0xCE56, 0xCE56, 0xCE56, 0xCE56, 0xCE56, 0xCE56, 0xCE56, 0xCE56, 0xCE56, 0xCE56, 0xC656, 0xC655, 0xC655, 0xC635,
    0xC635, 0xB635, 0xAE34, 0x9E33, 0x9613, 0x9613, 0x9613, 0x9613, 0x9613, 0x9613, 0x9613, 0x9613, 0x9613, 0x9613, 0x9613, 0x9633,
    0x9EB3, 0xA714, 0xA714, 0xA714, 0xA714, 0xA714, 0xA714, 0xA714, 0xA714, 0xA714, 0xA714, 0xA714, 0xA714, 0xA714, 0xA714, 0xA714,
    0x9EF3, 0x9673, 0x9613, 0x9E53, 0xA673, 0xB6B3, 0xBEF3, 0xB6D3, 0xAE93, 0xA673, 0x9633, 0x9E53, 0xB6B3, 0xB6D3, 0xAE93, 0xA673,
    0x9E33, 0x9613, 0x9613, 0x9613, 0x9613, 0x9613, 0x9613, 0x9613, 0x9613, 0x9613, 0x9613, 0x9613, 0x9613, 0x9613, 0x9613, 0x9613,
    0x9613, 0x9613, 0x9613, 0x9613, 0x9613, 0xA673, 0xBEF3, 0xB6B3, 0xAE93, 0x9E53, 0x9613, 0x9613, 0x9613, 0x9E53, 0xB6B3, 0xBEF3,
    0xBEF3, 0xB6D3, 0xA653, 0x9613, 0x9613, 0x9613, 0x9613, 0x9613, 0x9673, 0x9EF3, 0xA714, 0xA714, 0xA714, 0xA714, 0xA714, 0xA714,
    0xA714, 0xA714, 0xA714, 0xA714, 0x9EF3, 0x9E93, 0x9613, 0x9613, 0x9613, 0x9613, 0x9613, 0x9613, 0x9613, 0x9613, 0x9613, 0x9653,
    0x9EB3, 0xA714, 0xA714, 0x9EF3, 0x9673, 0x9613, 0x9E93, 0xA714, 0xA714, 0xA714, 0xA714, 0xA714, 0xA714, 0xA714, 0xA714, 0xA714,
    0xA714, 0xA714, 0xA714, 0xA714, 0xA714, 0xA714, 0xA714, 0xA714, 0xA714, 0xA714, 0xA714, 0xA714, 0xA714, 0xA714, 0xA714, 0xA714,
    0xA714, 0xA714, 0xA714, 0xA714, 0xA714, 0xA714, 0xA714, 0xA714, 0xA714, 0xA714, 0xA714, 0xA714, 0xA714, 0xA714, 0xA714, 0xA714,
    0xA714, 0x9ED3, 0x9673, 0x9673, 0x9673, 0x9653, 0x9613, 0x9613, 0x9613, 0x9633, 0x9E93, 0xA714, 0xA714, 0xA6F4, 0x9EB3, 0x9673,
    0x9633, 0x9613, 0x9633, 0x9E95, 0x9ED6, 0x9EF6, 0xA717, 0xA717, 0xA717, 0xA717, 0xA717, 0xA717, 0xA717, 0xA717, 0xA717, 0xA717,
    0xA717, 0x9ED6, 0x9EB5, 0x9674, 0x9613, 0x9613, 0x9613, 0x9614, 0x9E77, 0xA69A, 0xA69A, 0xA69A, 0xA69A, 0xA69A, 0xA69A, 0xA69A,
    0xA69A, 0xA69A, 0xA69A, 0xA69A, 0x9E78, 0x9E56, 0x9635, 0x9635, 0x9635, 0x9635, 0x9635, 0x9635, 0x9635, 0x9635, 0x9635, 0x9635,
    0x9635, 0x9635, 0x9635, 0x9635, 0x9635, 0x9635, 0x9635, 0x9635, 0x9635, 0x9635, 0x9635, 0x9635, 0x9635, 0x9635, 0x9635, 0x9635,
    0x9E57, 0xA699, 0xA69A, 0xA69A, 0xA69A, 0xA69A, 0x9E78, 0x9E56, 0x9635, 0x9613, 0x9613, 0x9613, 0x9613, 0x9633, 0x9654, 0x9633,
    0x9613, 0x9613, 0x9613, 0x9613, 0x9613, 0x9633, 0x9E93, 0x9E93, 0x9E93, 0x9EB3, 0x9EF3, 0xA714, 0xA714, 0xA714, 0xA714, 0xA714,
    0xA714, 0xA714, 0xA714, 0xA714, 0xA714, 0xA714, 0xA714, 0xA714, 0xA714, 0xA714, 0xA714, 0xA714, 0xA714, 0xA714, 0xA714, 0xA714,
    0xA714, 0xA714, 0xA714, 0x9ED3, 0x9EB3, 0x9673, 0x9613, 0x9613, 0x9613, 0x9E13, 0xAE34, 0xBE55, 0xC655, 0xCE56, 0xCE56, 0xCE56,
    0xCE56, 0xCE56, 0xCE56, 0xCE56, 0xBE35, 0xB635, 0xB634, 0xB634, 0xB634, 0xB634, 0xB634, 0xB634, 0xB634, 0xB634, 0xB634, 0xB634,
    0xB634, 0xAE34, 0xA634, 0x9E53, 0x9673, 0x9673, 0x9673, 0x9673, 0x9673, 0x9653, 0x9613, 0x9613, 0x9613, 0x9613, 0x9613, 0x9613,
    0x9673, 0x9E93, 0x9E93, 0x9EB3, 0x9ED3, 0xA6F4, 0xA714, 0xA714, 0xA714, 0xA714, 0xA714, 0xA714, 0xA714, 0xA714, 0xA714, 0xA714,
    0x9EF3, 0x9673, 0x9613, 0xA653, 0xB6B3, 0xB6D3, 0xB6D3, 0xAE93, 0xA673, 0xA653, 0xA673, 0xAE93, 0xBED3, 0xBED3, 0xAE93, 0x9E53,
    0x9613, 0x9613, 0x9613, 0x9613, 0x9614, 0x9635, 0x9635, 0x9635, 0x9635, 0x9635, 0x9635, 0x9635, 0x9635, 0x9635, 0x9635, 0x9613,
    0x9613, 0x9613, 0x9613, 0x9613, 0x9613, 0xA673, 0xB6D3, 0xB6D3, 0xB6B3, 0xAE93, 0xA673, 0x9E53, 0x9613, 0x9E33, 0xA673, 0xB6B3,
    0xBEF3, 0xBEF3, 0xAE93, 0x9E33, 0x9613, 0x9613, 0x9613, 0x9613, 0x9673, 0x9EF3, 0xA714, 0xA714, 0xA714, 0xA714, 0xA714, 0xA714,
    0x9EF3, 0x9ED3, 0x9E93, 0x9E93, 0x9E93, 0x9E53, 0x9E13, 0x9E13, 0x9E13, 0x9613, 0x9613, 0x9613, 0x9613, 0x9613, 0x9653, 0x9E93,
    0x9ED3, 0xA714, 0xA714, 0x9EF3, 0x9EB3, 0x9673, 0x9EB3, 0xA714, 0xA714, 0xA714, 0xA714, 0xA714, 0xA714, 0xA714, 0xA714, 0xA714,
    0xA714, 0xA714, 0xA714, 0xA714, 0xA714, 0xA714, 0xA714, 0xA714, 0xA714, 0xA714, 0xA714, 0xA714, 0xA714, 0xA714, 0xA714, 0xA714,
    0xA714, 0xA714, 0xA714, 0xA714, 0xA714, 0xA714, 0xA714, 0xA714, 0xA714, 0xA714, 0xA714, 0xA714, 0xA714, 0xA714, 0xA714, 0xA714,
    0xA714, 0x9EF3, 0x9EF3, 0x9ED3, 0x9ED3, 0x9EB3, 0x9633, 0x9613, 0x9613, 0x9633, 0x9E93, 0xA714, 0xA714, 0xA714, 0x9EF3, 0x9ED3,
    0x9E73, 0x9613, 0x9613, 0x9633, 0x9674, 0x9ED6, 0xA717, 0xA717, 0xA717, 0xA717, 0xA717, 0xA717, 0xA717, 0xA717, 0xA717, 0xA717,
    0xA717, 0x9EB5, 0x9654, 0x9613, 0x9613, 0x9613, 0x9613, 0x9614, 0x9E77, 0xA69A, 0xA69A, 0xA69A, 0xA69A, 0xA69A, 0xA69A, 0xA69A,
    0xA69A, 0xA69A, 0xA69A, 0xA69A, 0x9E79, 0x9E79, 0x9E79, 0x9E79, 0x9E79, 0x9E79, 0x9E79, 0x9E79, 0x9E79, 0x9E79, 0x9E79, 0x9E79,
    0x9E79, 0x9E79, 0x9E79, 0x9E79, 0x9E79, 0x9E79, 0x9E79, 0x9E79, 0x9E79, 0x9E79, 0x9E79, 0x9E79, 0x9E79, 0x9E79, 0x9E79, 0x9E79,
    0x9E79, 0xA69A, 0xA69A, 0xA69A, 0xA69A, 0xA69A, 0x9E79, 0x9E79, 0x9E57, 0x9614, 0x9613, 0x9613, 0x9633, 0x9E95, 0x9ED6, 0x9674,
    0x9613, 0x9613, 0x9613, 0x9613, 0x9613, 0x9613, 0x9633, 0x9633, 0x9633, 0x9673, 0x9ED3, 0xA714, 0xA714, 0xA714, 0xA714, 0xA714,
    0xA714, 0xA714, 0xA714, 0xA714, 0xA714, 0xA714, 0xA714, 0xA714, 0xA714, 0xA714, 0xA714, 0xA714, 0xA714, 0xA714, 0xA714, 0xA714,
    0xA714, 0xA714, 0xA714, 0x9E93, 0x9633, 0x9613, 0x9613, 0x9613, 0x9613, 0x9E13, 0xB635, 0xC655, 0xC656, 0xCE56, 0xCE56, 0xCE56,
    0xCE56, 0xCE56, 0xCE56, 0xCE56, 0xB634, 0x9E13, 0x9E13, 0x9E13, 0x9E13, 0x9E13, 0x9E13, 0x9E13, 0x9E13, 0x9E13, 0x9E13, 0x9E13,
    0x9E13, 0x9613, 0x9613, 0x9E73, 0x9ED3, 0x9ED3, 0x9ED3, 0x9ED3, 0x9ED3, 0x9E93, 0x9633, 0x9613, 0x9613, 0x9613, 0x9613, 0x9613,
    0x9613, 0x9633, 0x9633, 0x9633, 0x9E93, 0x9EF3, 0xA714, 0xA714, 0xA714, 0xA714, 0xA714, 0xA714, 0xA714, 0xA714, 0xA714, 0xA714,
    0x9EF3, 0x9673, 0x9613, 0xA693, 0xBEF3, 0xB6D3, 0xAE93, 0xA673, 0x9633, 0xA653, 0xB6B3, 0xBEF3, 0xBEF4, 0xB6D3, 0xA653, 0x9613,
    0x9613, 0x9613, 0x9613, 0x9613, 0x9636, 0x9E78, 0x9E79, 0x9E79, 0x9E79, 0x9E79, 0x9E79, 0x9E79, 0x9E79, 0x9E79, 0x9E57, 0x9634,
    0x9613, 0x9613, 0x9613, 0x9613, 0x9613, 0x9E53, 0xAE93, 0xB6B3, 0xBEF3, 0xBEF3, 0xBEF3, 0xAE93, 0x9E33, 0x9613, 0x9613, 0x9E53,
    0xB6B3, 0xBEF3, 0xAEB3, 0xA673, 0x9E33, 0x9613, 0x9613, 0x9613, 0x9673, 0x9EF3, 0xA714, 0xA714, 0xA714, 0xA714, 0xA714, 0xA714,
    0x9ED3, 0x9673, 0x9633, 0x9633, 0x9633, 0xA634, 0xAE34, 0xAE34, 0xAE34, 0xA634, 0x9613, 0x9613, 0x9613, 0x9653, 0x9EB3, 0x9EF3,
    0x9EF3, 0xA714, 0xA714, 0xA6F4, 0x9EF3, 0x9ED3, 0x9EF3, 0xA714, 0xA714, 0xA714, 0xA714, 0xA714, 0xA714, 0xA714, 0xA714, 0xA714,
    0xA714, 0xA714, 0xA714, 0xA714, 0xA714, 0xA714, 0xA714, 0xA714, 0xA714, 0xA714, 0xA714, 0xA714, 0xA714, 0xA714, 0xA714, 0xA714,
    0xA714, 0xA714, 0xA714, 0xA714, 0xA714, 0xA714, 0xA714, 0xA714, 0xA714, 0xA714, 0xA714, 0xA714, 0xA714, 0xA714, 0xA714, 0xA714,
    0xA714, 0xA714, 0xA714, 0xA714, 0xA714, 0x9ED3, 0x9E93, 0x9653, 0x9613, 0x9613, 0x9673, 0x9EB3, 0x9ED3, 0xA714, 0xA714, 0xA714,
    0x9E93, 0x9613, 0x9613, 0x9613, 0x9633, 0x9E95, 0x9ED6, 0x9EF6, 0xA717, 0xA717, 0xA717, 0xA717, 0xA717, 0xA717, 0xA717, 0xA717,
    0xA717, 0x9E95, 0x9633, 0x9613, 0x9613, 0x9613, 0x9614, 0x9E56, 0x9E78, 0xA69A, 0xA69A, 0xA69A, 0xA69A, 0xA69A, 0xA69A, 0xA69A,
    0xA69A, 0xA69A, 0xA69A, 0xA69A, 0xA69A, 0xA69A, 0xA69A, 0xA69A, 0xA69A, 0xA69A, 0xA69A, 0xA69A, 0xA69A, 0xA69A, 0xA69A, 0xA69A,
    0xA69A, 0xA69A, 0xA69A, 0xA69A, 0xA69A, 0xA69A, 0xA69A, 0xA69A, 0xA69A, 0xA69A, 0xA69A, 0xA69A, 0xA69A, 0xA69A, 0xA69A, 0xA69A,
    0xA69A, 0xA69A, 0xA69A, 0xA69A, 0xA69A, 0xA69A, 0xA69A, 0xA69A, 0x9E78, 0x9634, 0x9613, 0x9613, 0x9633, 0x9E95, 0x9EF6, 0x9EB5,
    0x9654, 0x9654, 0x9654, 0x9633, 0x9613, 0x9613, 0x9613, 0x9613, 0x9613, 0x9633, 0x9E73, 0x9EB3, 0x9EB3, 0x9EB3, 0x9ED3, 0xA714,
    0xA714, 0xA714, 0xA714, 0xA714, 0xA714, 0xA714, 0xA714, 0xA714, 0xA714, 0xA714, 0xA714, 0xA714, 0xA714, 0xA714, 0xA714, 0xA714,
    0xA714, 0xA714, 0xA714, 0x9E93, 0x9613, 0x9613, 0x9613, 0x9613, 0x9E13, 0xA634, 0xBE35, 0xCE56, 0xCE56, 0xCE56, 0xCE56, 0xCE56,
    0xCE56, 0xCE56, 0xCE56, 0xCE56, 0xAE34, 0x9613, 0x9613, 0x9653, 0x9653, 0x9653, 0x9653, 0x9653, 0x9653, 0x9653, 0x9653, 0x9653,
    0x9653, 0x9653, 0x9653, 0x9EB3, 0x9EF4, 0xA714, 0xA714, 0xA714, 0xA714, 0x9ED3, 0x9673, 0x9653, 0x9653, 0x9653, 0x9613, 0x9613,
    0x9613, 0x9613, 0x9613, 0x9613, 0x9653, 0x9EB3, 0x9EB3, 0x9EB3, 0x9ED3, 0x9EF3, 0xA714, 0xA714, 0xA714, 0xA714, 0x9EF3, 0x9ED3,
    0x9E93, 0x9653, 0x9613, 0xAE93, 0xC714, 0xBED3, 0xB6B3, 0xAE93, 0xA673, 0xAE93, 0xBEF3, 0xBEF3, 0xB6D3, 0xAE93, 0xA673, 0x9E53,
    0x9E33, 0x9633, 0x9613, 0x9613, 0x9E56, 0xA699, 0xA69A, 0xA69A, 0xA69A, 0xA69A, 0xA69A, 0xA69A, 0x9E79, 0x9E78, 0x9E56, 0x9614,
    0x9613, 0x9613, 0x9E33, 0x9E33, 0x9E33, 0x9E53, 0xA653, 0xA673, 0xAEB3, 0xB6D3, 0xBEF3, 0xB6D3, 0xA673, 0x9E53, 0x9E33, 0x9E53,
    0xB6B3, 0xBEF3, 0xB6D3, 0xAE93, 0x9E53, 0x9613, 0x9613, 0x9613, 0x9653, 0x9E93, 0x9ED3, 0x9EF3, 0x9EF3, 0x9ED3, 0x9EB3, 0x9EB3,
    0x9E93, 0x9E53, 0x9E13, 0x9E13, 0xA614, 0xAE34, 0xBE55, 0xAE34, 0xA634, 0x9E13, 0x9613, 0x9613, 0x9653, 0x9E93, 0x9ED3, 0xA714,
    0xA714, 0xA714, 0xA714, 0xA714, 0xA714, 0xA714, 0xA714, 0xA714, 0xA714, 0xA714, 0xA714, 0xA714, 0xA714, 0xA714, 0xA714, 0xA714,
    0xA714, 0xA714, 0xA714, 0xA714, 0xA714, 0xA714, 0xA714, 0xA714, 0xA714, 0xA714, 0xA714, 0xA714, 0xA714, 0xA714, 0xA714, 0xA714,
    0xA714, 0xA714, 0xA714, 0xA714, 0xA714, 0xA714, 0xA714, 0xA714, 0xA714, 0xA714, 0xA714, 0xA714, 0xA714, 0xA714, 0xA714, 0xA714,
    0xA714, 0xA714, 0xA714, 0xA714, 0xA714, 0x9EF3, 0x9ED3, 0x9EB3, 0x9653, 0x9613, 0x9633, 0x9653, 0x9EB3, 0xA714, 0xA714, 0xA714,
    0x9E93, 0x9613, 0x9613, 0x9613, 0x9613, 0x9633, 0x9674, 0x9ED6, 0xA717, 0xA717, 0xA717, 0xA717, 0xA717, 0xA717, 0xA717, 0xA717,
    0xA717, 0x9E95, 0x9633, 0x9613, 0x9613, 0x9614, 0x9E57, 0x9E78, 0x9E79, 0xA69A, 0xA69A, 0xA69A, 0xA69A, 0xA69A, 0xA69A, 0xA69A,
    0xA69A, 0xA69A, 0xA69A, 0xA69A, 0xA69A, 0xA69A, 0xA69A, 0xA69A, 0xA69A, 0xA69A, 0xA69A, 0xA69A, 0xA69A, 0xA69A, 0xA69A, 0xA69A,
    0xA69A, 0xA69A, 0xA69A, 0xA69A, 0xA69A, 0xA69A, 0xA69A, 0xA69A, 0xA69A, 0xA69A, 0xA69A, 0xA69A, 0xA69A, 0xA69A, 0xA69A, 0xA69A,
    0xA69A, 0xA69A, 0xA69A, 0xA69A, 0xA69A, 0xA69A, 0xA69A, 0xA69A, 0x9E78, 0x9634, 0x9613, 0x9613, 0x9633, 0x9E95, 0xA6F6, 0x9EF6,
    0x9ED6, 0x9ED6, 0x9ED6, 0x9674, 0x9613, 0x9613, 0x9613, 0x9613, 0x9613, 0x9613, 0x9633, 0x9633, 0x9633, 0x9653, 0x9EB3, 0xA714,
    0xA714, 0xA714, 0xA714, 0xA714, 0xA714, 0xA714, 0xA714, 0xA714, 0xA714, 0xA714, 0xA714, 0xA714, 0xA714, 0xA714, 0xA714, 0xA714,
    0xA714, 0xA714, 0xA714, 0x9E93, 0x9613, 0x9613, 0x9613, 0x9E13, 0xA634, 0xB635, 0xC635, 0xCE56, 0xCE56, 0xCE56, 0xCE56, 0xCE56,
    0xCE56, 0xCE56, 0xCE56, 0xCE56, 0xAE34, 0x9613, 0x9653, 0x9EB3, 0x9ED3, 0x9ED3, 0x9ED3, 0x9ED3, 0x9ED3, 0x9ED3, 0x9ED3, 0x9ED3,
    0x9ED3, 0x9ED3, 0x9ED3, 0x9EF3, 0xA714, 0xA714, 0xA714, 0xA714, 0xA714, 0x9EF3, 0x9ED3, 0x9ED3, 0x9ED3, 0x9EB3, 0x9653, 0x9613,
    0x9613, 0x9613, 0x9613, 0x9613, 0x9613, 0x9633, 0x9633, 0x9633, 0x9E93, 0x9EF3, 0xA714, 0xA714, 0xA714, 0xA714, 0x9ED3, 0x9E93,
    0x9633, 0x9613, 0x9613, 0xAE93, 0xC714, 0xBEF3, 0xBEF3, 0xBED3, 0xB6D3, 0xBEF3, 0xBEF4, 0xB6D3, 0xA673, 0xA653, 0xAEB3, 0xB6B3,
    0xAE93, 0xA653, 0x9E33, 0x9613, 0x9E56, 0xA699, 0xA69A, 0xA69A, 0xA69A, 0xA69A, 0xA69A, 0xA69A, 0x9E78, 0x9635, 0x9614, 0x9613,
    0x9613, 0x9E53, 0xA673, 0xA673, 0xA673, 0x9E53, 0x9613, 0x9633, 0x9E33, 0xAE93, 0xBEF3, 0xBEF3, 0xBED3, 0xB6B3, 0xAE93, 0xAE93,
    0xB6D3, 0xBEF4, 0xBEF3, 0xBED3, 0xA673, 0x9613, 0x9613, 0x9613, 0x9613, 0x9633, 0x9E93, 0x9EF3, 0x9ED3, 0x9673, 0x9633, 0x9633,
    0x9633, 0xA634, 0xAE34, 0xB635, 0xBE35, 0xC635, 0xC655, 0xAE34, 0x9E13, 0x9613, 0x9613, 0x9653, 0x9EB3, 0x9ED3, 0x9EF3, 0xA714,
    0xA714, 0xA714, 0xA714, 0xA714, 0xA714, 0xA714, 0xA714, 0xA714, 0xA714, 0xA714, 0xA714, 0xA714, 0xA714, 0xA714, 0xA714, 0xA714,
    0xA714, 0xA714, 0xA714, 0xA714, 0xA714, 0xA714, 0xA714, 0xA714, 0xA714, 0xA714, 0xA714, 0xA714, 0xA714, 0xA714, 0xA714, 0xA714,
    0xA714, 0xA714, 0xA714, 0xA714, 0xA714, 0xA714, 0xA714, 0xA714, 0xA714, 0xA714, 0xA714, 0xA714, 0xA714, 0xA714, 0xA714, 0xA714,
    0xA714, 0xA714, 0xA714, 0xA714, 0xA714, 0xA714, 0xA714, 0x9ED3, 0x9653, 0x9613, 0x9613, 0x9613, 0x9E93, 0xA714, 0xA714, 0xA714,
    0x9EB3, 0x9653, 0x9633, 0x9613, 0x9613, 0x9613, 0x9633, 0x9E95, 0x9ED6, 0x9EF6, 0xA717, 0xA717, 0xA717, 0xA717, 0xA717, 0xA717,
    0xA717, 0x9E95, 0x9633, 0x9613, 0x9613, 0x9635, 0x9E78, 0xA69A, 0xA69A, 0xA69A, 0xA69A, 0xA69A, 0xA69A, 0xA69A, 0xA69A, 0xA69A,
    0xA69A, 0xA69A, 0xA69A, 0xA69A, 0xA69A, 0xA69A, 0xA69A, 0xA69A, 0xA69A, 0xA69A, 0xA69A, 0xA69A, 0x9E79, 0x9E78, 0x9E78, 0x9E79,
    0xA69A, 0xA69A, 0xA69A, 0xA69A, 0xA69A, 0xA69A, 0xA69A, 0xA69A, 0xA69A, 0xA69A, 0xA69A, 0xA69A, 0xA69A, 0xA69A, 0xA69A, 0xA69A,
    0xA69A, 0xA69A, 0xA69A, 0xA69A, 0xA69A, 0xA69A, 0xA69A, 0xA69A, 0x9E78, 0x9634, 0x9613, 0x9613, 0x9633, 0x9E95, 0xA717, 0xA717,
    0xA717, 0xA717, 0xA717, 0x9EB5, 0x9654, 0x9654, 0x9654, 0x9633, 0x9613, 0x9613, 0x9613, 0x9613, 0x9613, 0x9613, 0x9673, 0x9ED3,
    0x9EF3, 0xA714, 0xA714, 0xA714, 0xA714, 0xA714, 0xA714, 0xA714, 0xA714, 0xA714, 0xA714, 0xA714, 0xA714, 0xA714, 0xA714, 0xA714,
    0xA6F4, 0x9ED3, 0x9EB3, 0x9673, 0x9613, 0x9613, 0x9613, 0x9E13, 0xAE34, 0xB635, 0xBE35, 0xBE35, 0xBE35, 0xBE35, 0xC635, 0xCE56,
    0xCE56, 0xCE56, 0xCE56, 0xCE56, 0xAE34, 0x9613, 0x9673, 0x9ED3, 0xA714, 0xA714, 0xA714, 0xA714, 0xA714, 0xA714, 0xA714, 0xA714,
    0xA714, 0xA714, 0xA714, 0xA714, 0xA714, 0xA714, 0xA714, 0xA714, 0xA714, 0xA714, 0xA714, 0xA714, 0xA714, 0x9ED3, 0x9E93, 0x9653,
    0x9653, 0x9653, 0x9613, 0x9613, 0x9613, 0x9613, 0x9613, 0x9613, 0x9653, 0x9E93, 0x9EB3, 0x9EB3, 0x9ED3, 0x9EF3, 0x9ED3, 0x9653,
    0x9613, 0x9613, 0x9613, 0xAE93, 0xC714, 0xC714, 0xC714, 0xC714, 0xC714, 0xBEF3, 0xB6D3, 0xAE93, 0xA673, 0xA673, 0xB6D3, 0xBEF3,
    0xB6B3, 0xA673, 0x9E33, 0x9613, 0x9635, 0x9E78, 0x9E79, 0xA699, 0xA69A, 0xA69A, 0x9E79, 0x9E78, 0x9E56, 0x9614, 0x9613, 0x9613,
    0x9613, 0xA673, 0xAEB3, 0xAEB3, 0xAE93, 0xA673, 0x9633, 0x9613, 0x9613, 0xA653, 0xB6D3, 0xBEF3, 0xBEF3, 0xBEF3, 0xB6B3, 0xB6B3,
    0xBEF3, 0xC714, 0xC714, 0xBEF3, 0xA673, 0x9613, 0x9613, 0x9613, 0x9613, 0x9613, 0x9653, 0x9E93, 0x9E93, 0x9633, 0x9613, 0x9E13,
    0xA614, 0xAE34, 0xBE55, 0xC655, 0xC656, 0xC655, 0xC655, 0xAE34, 0x9613, 0x9613, 0x9613, 0x9673, 0x9ED3, 0x9EF3, 0x9ED3, 0x9EB3,
    0x9EB3, 0x9EB3, 0x9EB3, 0x9EB3, 0x9EB3, 0x9ED3, 0x9EF3, 0xA714, 0xA714, 0xA714, 0xA714, 0xA714, 0xA714, 0xA714, 0xA714, 0xA714,
    0xA714, 0xA714, 0xA714, 0xA714, 0xA714, 0xA714, 0xA714, 0xA714, 0xA714, 0xA714, 0xA714, 0xA714, 0xA714, 0xA714, 0xA714, 0xA714,
    0xA714, 0xA714, 0xA714, 0xA714, 0xA714, 0xA714, 0xA714, 0xA714, 0xA714, 0xA714, 0xA714, 0xA714, 0xA714, 0xA714, 0xA714, 0xA714,
    0xA714, 0xA714, 0xA714, 0xA714, 0xA714, 0xA714, 0xA714, 0x9ED3, 0x9653, 0x9613, 0x9613, 0x9613, 0x9E93, 0xA714, 0xA714, 0xA714,
    0x9EF3, 0x9ED3, 0x9673, 0x9633, 0x9613, 0x9613, 0x9613, 0x9633, 0x9674, 0x9ED6, 0xA717, 0xA717, 0xA717, 0xA717, 0xA717, 0xA717,
    0xA717, 0x9E95, 0x9633, 0x9613, 0x9613, 0x9635, 0x9E78, 0xA69A, 0xA69A, 0xA69A, 0xA69A, 0xA69A, 0xA69A, 0xA69A, 0xA69A, 0xA69A,
    0xA69A, 0xA69A, 0xA69A, 0xA69A, 0xA69A, 0xA69A, 0xA69A, 0xA69A, 0xA69A, 0xA69A, 0xA69A, 0xA69A, 0x9E79, 0x9E57, 0x9635, 0x9E57,
    0xA699, 0xA69A, 0xA69A, 0xA69A, 0xA69A, 0xA69A, 0xA69A, 0xA69A, 0xA69A, 0xA69A, 0xA69A, 0xA69A, 0xA69A, 0xA69A, 0xA69A, 0xA69A,
    0xA69A, 0xA69A, 0xA69A, 0xA69A, 0xA69A, 0xA69A, 0xA69A, 0xA69A, 0x9E78, 0x9634, 0x9613, 0x9613, 0x9633, 0x9E95, 0xA717, 0xA717,
    0xA717, 0xA717, 0xA717, 0x9EF6, 0x9ED6, 0x9EB5, 0x9EB5, 0x9E95, 0x9633, 0x9613, 0x9613, 0x9613, 0x9613, 0x9613, 0x9633, 0x9653,
    0x9EB3, 0xA714, 0xA714, 0xA714, 0xA714, 0xA714, 0xA714, 0xA714, 0xA714, 0xA714, 0xA714, 0xA714, 0xA714, 0xA714, 0xA714, 0xA714,
    0x9EF4, 0x9EB3, 0x9653, 0x9633, 0x9613, 0x9613, 0x9613, 0xA613, 0xBE35, 0xBE35, 0xA614, 0x9E13, 0x9E13, 0xA614, 0xBE35, 0xCE56,
    0xCE56, 0xCE56, 0xCE56, 0xCE56, 0xAE34, 0x9613, 0x9673, 0x9ED3, 0xA714, 0xA714, 0xA714, 0xA714, 0xA714, 0xA714, 0xA714, 0xA714,
    0xA714, 0xA714, 0xA714, 0xA714, 0xA714, 0xA714, 0xA714, 0xA714, 0xA714, 0xA714, 0xA714, 0xA714, 0xA714, 0x9EF3, 0x9ED3, 0x9EB3,
    0x9EB3, 0x9EB3, 0x9653, 0x9613, 0x9613, 0x9613, 0x9613, 0x9613, 0x9613, 0x9633, 0x9653, 0x9653, 0x9673, 0x9ED3, 0x9ED3, 0x9653,
    0x9613, 0x9613, 0x9613, 0xAE93, 0xC714, 0xC714, 0xC714, 0xC714, 0xC714, 0xB6D3, 0xA673, 0xA673, 0xAEB3, 0xB6D3, 0xBEF3, 0xBEF3,
    0xB6B3, 0xA673, 0x9E33, 0x9613, 0x9613, 0x9634, 0x9E57, 0x9E79, 0xA69A, 0xA69A, 0x9E78, 0x9635, 0x9614, 0x9613, 0x9613, 0x9613,
    0x9633, 0xAE93, 0xBEF3, 0xBEF3, 0xBED3, 0xAEB3, 0xA673, 0x9E33, 0x9613, 0x9E33, 0xAE93, 0xB6D3, 0xBEF3, 0xBEF3, 0xBEF3, 0xBEF3,
    0xBEF3, 0xC714, 0xC714, 0xBEF3, 0xA673, 0x9613, 0x9613, 0x9613, 0x9613, 0x9613, 0x9613, 0x9633, 0x9633, 0x9613, 0x9E13, 0xAE34,
    0xBE35, 0xBE35, 0xC655, 0xC655, 0xC656, 0xBE55, 0xB655, 0xA634, 0x9613, 0x9613, 0x9613, 0x9673, 0x9ED3, 0x9ED3, 0x9673, 0x9653,
    0x9653, 0x9653, 0x9653, 0x9653, 0x9653, 0x9653, 0x9EB3, 0xA714, 0xA714, 0xA714, 0xA714, 0xA714, 0xA714, 0xA714, 0xA714, 0xA714,
    0xA714, 0xA714, 0xA714, 0xA714, 0xA714, 0xA714, 0xA714, 0xA714, 0xA714, 0xA714, 0xA714, 0xA714, 0xA714, 0xA714, 0xA714, 0xA714,
    0xA714, 0xA714, 0xA714, 0xA714, 0xA714, 0xA714, 0xA714, 0xA714, 0xA714, 0xA714, 0xA714, 0xA714, 0xA714, 0xA714, 0xA714, 0xA714,
    0xA714, 0xA714, 0xA714, 0xA714, 0xA714, 0xA714, 0xA714, 0x9ED3, 0x9673, 0x9633, 0x9613, 0x9613, 0x9E93, 0xA714, 0xA714, 0xA714,
    0xA714, 0xA714, 0x9EB3, 0x9653, 0x9633, 0x9613, 0x9613, 0x9613, 0x9633, 0x9E95, 0x9ED6, 0x9EF6, 0xA717, 0xA717, 0xA717, 0xA717,
    0xA717, 0x9E95, 0x9633, 0x9613, 0x9613, 0x9635, 0x9E78, 0xA69A, 0xA69A, 0xA69A, 0xA69A, 0xA69A, 0xA69A, 0xA69A, 0xA69A, 0xA69A,
    0xA69A, 0xA69A, 0xA69A, 0xA69A, 0xA69A, 0xA69A, 0xA69A, 0xA69A, 0xA69A, 0xA69A, 0x9E79, 0x9E79, 0x9E58, 0x9635, 0x9613, 0x9635,
    0x9E78, 0x9E79, 0xA699, 0xA69A, 0xA69A, 0xA69A, 0xA69A, 0xA69A, 0xA69A, 0xA69A, 0xA69A, 0xA69A, 0xA69A, 0xA69A, 0xA69A, 0xA69A,
    0xA69A, 0xA69A, 0xA69A, 0xA69A, 0xA69A, 0xA69A, 0xA69A, 0xA69A, 0x9E78, 0x9634, 0x9613, 0x9613, 0x9633, 0x9E95, 0xA717, 0xA717,
    0xA717, 0xA717, 0xA717, 0xA717, 0xA717, 0xA717, 0xA717, 0x9ED6, 0x9674, 0x9633, 0x9633, 0x9633, 0x9613, 0x9613, 0x9613, 0x9613,
    0x9673, 0x9ED3, 0x9ED3, 0x9ED3, 0x9EF3, 0x9EF4, 0xA714, 0xA714, 0xA714, 0xA714, 0xA714, 0xA714, 0xA714, 0xA714, 0xA714, 0xA714,
    0x9EF3, 0x9E73, 0x9613, 0x9613, 0x9613, 0x9613, 0x9613, 0xA614, 0xB635, 0xB634, 0x9E33, 0x9633, 0x9633, 0x9E33, 0xAE34, 0xBE35,
    0xC635, 0xCE56, 0xCE56, 0xCE56, 0xAE34, 0x9613, 0x9673, 0x9ED3, 0xA714, 0xA714, 0xA714, 0xA714, 0xA714, 0xA714, 0xA714, 0xA714,
    0xA714, 0xA714, 0xA714, 0xA714, 0xA714, 0xA714, 0xA714, 0xA714, 0xA714, 0xA714, 0xA714, 0xA714, 0xA714, 0xA714, 0xA714, 0xA714,
    0xA714, 0x9EF3, 0x9E93, 0x9633, 0x9633, 0x9633, 0x9633, 0x9613, 0x9613, 0x9613, 0x9613, 0x9613, 0x9633, 0x9E93, 0x9EB3, 0x9653,
    0x9613, 0x9613, 0x9613, 0xAE93, 0xC714, 0xC714, 0xC714, 0xC714, 0xC714, 0xB6B3, 0x9E53, 0xA653, 0xB6D3, 0xBEF3, 0xBEF3, 0xB6D3,
    0xAE93, 0xA673, 0x9E53, 0x9E33, 0x9613, 0x9613, 0x9636, 0x9E79, 0xA69A, 0xA69A, 0x9E57, 0x9614, 0x9613, 0x9613, 0x9613, 0x9613,
    0x9633, 0xA693, 0xB6D3, 0xBEF3, 0xBEF4, 0xB6D3, 0xAE93, 0xA673, 0x9E53, 0x9E53, 0xA673, 0xB6B3, 0xBEF3, 0xC714, 0xC714, 0xC714,
    0xC714, 0xC714, 0xC714, 0xBEF3, 0xA673, 0x9613, 0x9613, 0x9613, 0x9613, 0x9613, 0x9613, 0x9613, 0x9613, 0x9613, 0xA614, 0xBE35,
    0xCE56, 0xCE56, 0xCE56, 0xCE56, 0xC655, 0xBE55, 0xB655, 0xA634, 0x9613, 0x9613, 0x9613, 0x9653, 0x9EB3, 0x9E93, 0x9633, 0x9613,
    0x9613, 0x9613, 0x9613, 0x9613, 0x9613, 0x9613, 0x9E93, 0xA714, 0xA714, 0xA714, 0xA714, 0xA714, 0xA714, 0xA714, 0xA714, 0xA714,
    0xA714, 0xA714, 0xA714, 0xA714, 0xA714, 0xA714, 0xA714, 0xA714, 0xA714, 0xA714, 0xA714, 0xA714, 0xA714, 0xA714, 0xA714, 0xA714,
    0xA714, 0xA714, 0xA714, 0xA714, 0xA714, 0xA714, 0xA714, 0xA714, 0xA714, 0xA714, 0xA714, 0xA714, 0xA714, 0xA714, 0xA714, 0xA714,
    0xA714, 0xA714, 0xA714, 0xA714, 0xA714, 0xA714, 0xA714, 0x9EF3, 0x9ED3, 0x9E93, 0x9653, 0x9613, 0x9E93, 0xA714, 0xA714, 0xA714,
    0xA714, 0xA714, 0x9EF3, 0x9EB3, 0x9673, 0x9633, 0x9613, 0x9613, 0x9613, 0x9633, 0x9674, 0x9EB5, 0xA717, 0xA717, 0xA717, 0xA717,
    0xA717, 0x9E95, 0x9633, 0x9613, 0x9613, 0x9635, 0x9E78, 0xA69A, 0xA69A, 0xA69A, 0xA69A, 0xA69A, 0xA69A, 0xA69A, 0xA69A, 0xA69A,
    0xA69A, 0xA69A, 0xA69A, 0xA69A, 0xA69A, 0xA69A, 0xA69A, 0xA69A, 0xA69A, 0xA69A, 0x9E79, 0x9E57, 0x9635, 0x9613, 0x9613, 0x9614,
    0x9635, 0x9E57, 0x9E79, 0xA69A, 0xA69A, 0xA69A, 0xA69A, 0xA69A, 0xA69A, 0xA69A, 0xA69A, 0xA69A, 0xA69A, 0xA69A, 0xA69A, 0xA69A,
    0xA69A, 0xA69A, 0xA69A, 0xA69A, 0xA69A, 0xA69A, 0xA69A, 0xA69A, 0x9E78, 0x9634, 0x9613, 0x9613, 0x9633, 0x9E95, 0xA717, 0xA717,
    0xA717, 0xA717, 0xA717, 0xA717, 0xA717, 0xA717, 0xA717, 0x9EF6, 0x9ED6, 0x9EB5, 0x9EB5, 0x9E95, 0x9633, 0x9613, 0x9613, 0x9613,
    0x9633, 0x9653, 0x9653, 0x9653, 0x9E93, 0x9EF3, 0xA714, 0xA714, 0xA714, 0xA714, 0xA714, 0xA714, 0xA714, 0xA714, 0xA714, 0xA714,
    0x9EF3, 0x9E73, 0x9613, 0x9613, 0x9613, 0x9E13, 0xA634, 0xA634, 0xA614, 0xA653, 0x9E93, 0x9EB3, 0x9EB3, 0x9E93, 0x9E53, 0xA614,
    0xBE35, 0xCE56, 0xCE56, 0xCE56, 0xAE34, 0x9613, 0x9673, 0x9ED3, 0xA714, 0xA714, 0xA714, 0xA714, 0xA714, 0xA714, 0xA714, 0xA714,
    0xA714, 0xA714, 0xA714, 0xA714, 0xA714, 0xA714, 0xA714, 0xA714, 0xA714, 0xA714, 0xA714, 0xA714, 0xA714, 0xA714, 0xA714, 0xA714,
    0xA714, 0x9EF4, 0x9ED3, 0x9EB3, 0x9EB3, 0x9EB3, 0x9673, 0x9613, 0x9613, 0x9613, 0x9613, 0x9613, 0x9613, 0x9633, 0x9653, 0x9613,
    0x9613, 0x9613, 0x9613, 0xAE93, 0xC714, 0xC714, 0xC714, 0xC714, 0xC714, 0xB6D3, 0xA673, 0xAE93, 0xBED3, 0xBEF3, 0xB6D3, 0xAE93,
    0xA653, 0x9E33, 0xA673, 0xAEB3, 0xA653, 0x9613, 0x9636, 0x9E79, 0xA69A, 0xA69A, 0x9E57, 0x9614, 0x9613, 0x9E53, 0x9E53, 0x9613,
    0x9613, 0x9E33, 0xA673, 0xB6B3, 0xC714, 0xBEF3, 0xBED3, 0xB6D3, 0xB6B3, 0xAEB3, 0xAE93, 0xB6B3, 0xBEF3, 0xC714, 0xC714, 0xC714,
    0xC714, 0xC714, 0xC714, 0xBEF3, 0xA673, 0x9613, 0x9E13, 0xA634, 0x9E13, 0x9613, 0x9613, 0x9613, 0x9613, 0xA634, 0xAE34, 0xBE35,
    0xCE56, 0xCE56, 0xCE56, 0xCE56, 0xC655, 0xBE55, 0xB655, 0xA634, 0x9613, 0x9613, 0x9613, 0x9613, 0x9653, 0x9633, 0x9613, 0x9613,
    0x9E13, 0xA634, 0x9E13, 0x9613, 0x9613, 0x9613, 0x9E93, 0xA714, 0xA714, 0xA714, 0xA714, 0xA714, 0xA714, 0xA714, 0xA714, 0xA714,
    0xA714, 0xA714, 0xA714, 0xA714, 0xA714, 0xA714, 0xA714, 0xA714, 0xA714, 0xA714, 0xA714, 0xA714, 0xA714, 0xA714, 0xA714, 0xA714,
    0xA714, 0xA714, 0xA714, 0xA714, 0xA714, 0xA714, 0xA714, 0xA714, 0xA714, 0xA714, 0xA714, 0xA714, 0xA714, 0xA714, 0xA714, 0xA714,
    0xA714, 0xA714, 0xA714, 0xA714, 0xA714, 0xA714, 0xA714, 0xA714, 0xA714, 0x9ED3, 0x9673, 0x9613, 0x9E93, 0xA714, 0xA714, 0xA714,
    0xA714, 0xA714, 0xA714, 0xA714, 0x9EB3, 0x9653, 0x9613, 0x9613, 0x9613, 0x9613, 0x9633, 0x9E95, 0x9ED6, 0x9ED6, 0x9ED6, 0x9EF6,
    0xA717, 0x9E95, 0x9633, 0x9613, 0x9613, 0x9635, 0x9E78, 0xA69A, 0xA69A, 0xA69A, 0xA69A, 0xA69A, 0xA69A, 0xA69A, 0xA69A, 0xA69A,
    0xA69A, 0xA69A, 0xA69A, 0xA69A, 0xA69A, 0xA69A, 0xA69A, 0xA69A, 0x9E79, 0x9E79, 0x9E58, 0x9635, 0x9613, 0x9613, 0x9613, 0x9613,
    0x9613, 0x9635, 0x9E78, 0x9E79, 0xA699, 0xA69A, 0xA69A, 0xA69A, 0xA69A, 0xA69A, 0xA69A, 0xA69A, 0xA69A, 0xA69A, 0xA69A, 0xA69A,
    0xA69A, 0xA69A, 0xA69A, 0xA69A, 0xA69A, 0xA69A, 0x9E79, 0x9E79, 0x9E57, 0x9614, 0x9613, 0x9613, 0x9654, 0x9EB5, 0xA717, 0xA717,
    0xA717, 0xA717, 0xA717, 0xA717, 0xA717, 0xA717, 0xA717, 0xA717, 0xA717, 0xA717, 0xA717, 0x9ED6, 0x9674, 0x9633, 0x9613, 0x9613,
    0x9613, 0x9613, 0x9613, 0x9613, 0x9653, 0x9ED3, 0x9ED3, 0x9ED3, 0x9EF3, 0x9EF4, 0xA714, 0xA714, 0xA714, 0xA714, 0xA6F4, 0x9EF3,
    0x9ED3, 0x9673, 0x9613, 0x9613, 0x9613, 0x9E13, 0xA634, 0xA634, 0x9633, 0x9673, 0x9ED3, 0xA714, 0xA714, 0x9EF3, 0x9673, 0x9633,
    0xAE34, 0xC635, 0xC635, 0xC655, 0xAE34, 0x9613, 0x9673, 0x9ED3, 0xA714, 0xA714, 0xA714, 0xA714, 0xA714, 0xA714, 0xA714, 0xA714,
    0xA714, 0xA714, 0xA714, 0xA714, 0xA714, 0xA714, 0xA714, 0xA714, 0xA714, 0xA714, 0xA714, 0xA714, 0xA714, 0xA714, 0xA714, 0xA714,
    0xA714, 0xA714, 0xA714, 0xA714, 0xA714, 0xA714, 0x9EB3, 0x9653, 0x9633, 0x9633, 0x9613, 0x9613, 0x9613, 0x9613, 0x9613, 0x9613,
    0x9613, 0x9613, 0x9613, 0xA693, 0xBEF3, 0xBEF3, 0xC714, 0xC714, 0xC714, 0xBED3, 0xAEB3, 0xB6B3, 0xBEF3, 0xBEF3, 0xAE93, 0xA673,
    0x9E53, 0x9E33, 0xAE93, 0xBEF3, 0xA673, 0x9613, 0x9636, 0x9E79, 0xA69A, 0xA69A, 0x9E57, 0x9614, 0x9633, 0xA673, 0xA673, 0x9E53,
    0x9633, 0x9613, 0x9633, 0xAE93, 0xBED3, 0xBEF3, 0xBEF3, 0xBEF3, 0xC714, 0xBED3, 0xAEB3, 0xB6B3, 0xBEF3, 0xC714, 0xC714, 0xC714,
    0xC714, 0xBF14, 0xBEF3, 0xBED3, 0xA673, 0x9613, 0xA634, 0xB655, 0xA634, 0x9E13, 0x9613, 0x9613, 0x9E13, 0xAE34, 0xB655, 0xC655,
    0xCE55, 0xC655, 0xC655, 0xC655, 0xC655, 0xBE35, 0xAE34, 0x9E13, 0x9613, 0x9613, 0x9613, 0x9613, 0x9613, 0x9E13, 0x9E13, 0x9E13,
    0xA634, 0xA634, 0x9E13, 0x9613, 0x9613, 0x9633, 0x9E93, 0xA714, 0xA714, 0xA714, 0xA714, 0xA714, 0xA714, 0xA714, 0xA714, 0xA714,
    0xA714, 0xA714, 0xA714, 0xA714, 0xA714, 0xA714, 0xA714, 0xA714, 0xA714, 0xA714, 0xA714, 0xA714, 0xA714, 0xA714, 0xA714, 0x9EF4,
    0xA714, 0xA714, 0xA714, 0xA714, 0xA714, 0xA714, 0xA714, 0xA714, 0xA714, 0xA714, 0xA714, 0xA714, 0xA714, 0xA714, 0xA714, 0xA714,
    0xA714, 0xA714, 0xA714, 0xA714, 0xA714, 0xA714, 0xA714, 0xA714, 0xA714, 0x9ED3, 0x9673, 0x9613, 0x9E93, 0xA714, 0xA714, 0xA714,
    0xA714, 0xA714, 0xA714, 0xA714, 0x9EF3, 0x9EB3, 0x9673, 0x9633, 0x9613, 0x9613, 0x9613, 0x9633, 0x9674, 0x9674, 0x9674, 0x9EB5,
    0x9EF6, 0x9E95, 0x9633, 0x9613, 0x9613, 0x9635, 0x9E78, 0xA69A, 0xA69A, 0xA69A, 0xA69A, 0xA69A, 0xA69A, 0xA69A, 0xA69A, 0xA69A,
    0xA69A, 0xA69A, 0xA69A, 0xA69A, 0xA69A, 0xA69A, 0xA69A, 0xA69A, 0x9E79, 0x9E57, 0x9635, 0x9613, 0x9613, 0x9613, 0x9613, 0x9613,
    0x9613, 0x9614, 0x9635, 0x9E57, 0x9E79, 0xA69A, 0xA69A, 0xA69A, 0xA69A, 0xA69A, 0xA69A, 0xA69A, 0xA69A, 0xA69A, 0xA69A, 0xA69A,
    0xA69A, 0xA69A, 0xA69A, 0xA69A, 0xA69A, 0xA69A, 0x9E78, 0x9E56, 0x9635, 0x9613, 0x9633, 0x9674, 0x9EB5, 0x9ED6, 0xA717, 0xA717,
    0xA717, 0xA717, 0xA717, 0xA717, 0xA717, 0xA717, 0xA717, 0xA717, 0xA717, 0xA717, 0xA717, 0x9EF6, 0x9ED6, 0x9E95, 0x9654, 0x9613,
    0x9613, 0x9613, 0x9613, 0x9613, 0x9633, 0x9653, 0x9673, 0x9673, 0x9E93, 0x9ED3, 0xA714, 0xA714, 0xA714, 0xA714, 0x9EF3, 0x9EB3,
    0x9673, 0x9633, 0x9613, 0x9613, 0x9613, 0x9613, 0x9E13, 0x9E53, 0x9E93, 0x9EB3, 0x9EF3, 0xA714, 0xA714, 0x9EF3, 0x9ED3, 0x9E93,
    0xA653, 0xA614, 0xB634, 0xBE55, 0xA634, 0x9613, 0x9673, 0x9ED3, 0xA714, 0xA714, 0xA714, 0xA714, 0xA714, 0xA714, 0xA714, 0xA714,
    0xA714, 0xA714, 0xA714, 0xA714, 0xA714, 0xA714, 0xA714, 0xA714, 0xA714, 0xA714, 0xA714, 0xA714, 0xA714, 0xA714, 0xA714, 0xA714,
    0xA714, 0xA714, 0xA714, 0xA714, 0xA714, 0xA714, 0x9ED3, 0x9EB3, 0x9E93, 0x9E93, 0x9673, 0x9633, 0x9613, 0x9613, 0x9613, 0x9613,
    0x9613, 0x9613, 0x9613, 0xA653, 0xB6B3, 0xBED3, 0xBEF4, 0xC714, 0xC714, 0xBEF3, 0xBED3, 0xBED3, 0xBEF3, 0xB6D3, 0xA673, 0x9E53,
    0xA673, 0xAEB3, 0xB6B3, 0xB6B3, 0xA653, 0x9613, 0x9636, 0x9E79, 0xA69A, 0xA69A, 0x9E57, 0x9614, 0x9633, 0xA673, 0xAE93, 0xAE93,
    0xAE93, 0xA673, 0x9E53, 0xA653, 0xA673, 0xAE93, 0xB6B3, 0xBED3, 0xBEF3, 0xBEF3, 0xBED3, 0xBED3, 0xBEF3, 0xC714, 0xC714, 0xC714,
    0xC714, 0xBEF3, 0xB6D3, 0xAEB3, 0x9E53, 0x9613, 0xA634, 0xBE55, 0xB635, 0xA634, 0x9E13, 0x9613, 0x9E13, 0xAE34, 0xB655, 0xC655,
    0xC655, 0xC695, 0xC6B4, 0xC675, 0xC655, 0xB634, 0x9E13, 0x9613, 0x9613, 0x9E13, 0xA634, 0xAE34, 0xB634, 0xB634, 0xB634, 0xAE34,
    0xA614, 0x9E13, 0x9613, 0x9613, 0x9653, 0x9EB3, 0x9ED3, 0xA714, 0xA714, 0xA714, 0xA714, 0xA714, 0xA714, 0xA714, 0xA714, 0xA714,
    0xA714, 0xA714, 0xA714, 0xA714, 0xA714, 0xA714, 0xA714, 0xA714, 0xA714, 0xA714, 0xA714, 0xA714, 0xA714, 0xA714, 0xA714, 0x9ED3,
    0xA714, 0xA714, 0xA714, 0xA714, 0xA714, 0xA714, 0xA714, 0xA714, 0xA714, 0xA714, 0xA714, 0xA714, 0xA714, 0xA714, 0xA714, 0xA714,
    0xA714, 0xA714, 0xA714, 0xA714, 0xA714, 0xA714, 0xA714, 0xA714, 0xA714, 0x9EF3, 0x9673, 0x9633, 0x9E93, 0xA714, 0xA714, 0xA714,
    0xA714, 0xA714, 0xA714, 0xA714, 0xA714, 0xA714, 0x9ED3, 0x9653, 0x9613, 0x9613, 0x9613, 0x9613, 0x9613, 0x9613, 0x9613, 0x9674,
    0x9EF6, 0x9E95, 0x9613, 0x9613, 0x9613, 0x9634, 0x9E57, 0x9E79, 0x9E79, 0xA69A, 0xA69A, 0xA69A, 0xA69A, 0xA69A, 0xA69A, 0xA69A,
    0xA69A, 0xA69A, 0xA69A, 0xA69A, 0xA69A, 0xA69A, 0x9E79, 0x9E79, 0x9E57, 0x9635, 0x9613, 0x9613, 0x9613, 0x9613, 0x9613, 0x9613,
    0x9613, 0x9613, 0x9613, 0x9635, 0x9E78, 0x9E79, 0xA699, 0xA69A, 0xA69A, 0xA69A, 0xA69A, 0xA69A, 0xA69A, 0xA69A, 0xA69A, 0xA69A,
    0xA69A, 0xA69A, 0xA69A, 0xA69A, 0xA69A, 0xA69A, 0x9E57, 0x9614, 0x9613, 0x9613, 0x9633, 0x9EB5, 0xA717, 0xA717, 0xA717, 0xA717,
    0xA717, 0xA717, 0xA717, 0xA717, 0xA717, 0xA717, 0xA717, 0xA717, 0xA717, 0xA717, 0xA717, 0xA717, 0xA717, 0x9EF6, 0x9674, 0x9613,
    0x9613, 0x9613, 0x9613, 0x9613, 0x9613, 0x9613, 0x9613, 0x9613, 0x9653, 0x9EB3, 0x9EF3, 0x9EF4, 0xA714, 0xA714, 0x9EF3, 0x9673,
    0x9613, 0x9613, 0x9613, 0x9613, 0x9613, 0x9613, 0x9613, 0x9673, 0x9ED3, 0xA714, 0xA714, 0xA714, 0xA714, 0xA714, 0xA714, 0x9EF3,
    0x9E93, 0x9613, 0x9E34, 0xAE34, 0xA634, 0x9613, 0x9673, 0x9ED3, 0xA714, 0xA714, 0xA714, 0xA714, 0xA714, 0xA714, 0xA714, 0xA714,
    0xA714, 0xA714, 0xA714, 0xA714, 0xA714, 0xA714, 0xA714, 0xA714, 0xA714, 0xA714, 0xA714, 0xA714, 0xA714, 0xA714, 0xA714, 0xA714,
    0xA714, 0xA714, 0xA714, 0xA714, 0xA714, 0xA714, 0xA714, 0xA714, 0xA714, 0xA714, 0x9EB3, 0x9653, 0x9613, 0x9613, 0x9613, 0x9613,
    0x9613, 0x9613, 0x9613, 0x9E53, 0xA673, 0xB6B3, 0xBEF3, 0xC714, 0xC714, 0xC714, 0xC714, 0xC714, 0xC714, 0xB6D3, 0xA673, 0x9E53,
    0xB6B3, 0xBEF3, 0xB6B3, 0xA673, 0x9E33, 0x9613, 0x9635, 0x9E78, 0x9E79, 0x9E79, 0x9E57, 0x9614, 0x9633, 0xA653, 0xAE93, 0xBED3,
    0xBEF3, 0xB6B3, 0xAE93, 0x9E53, 0x9613, 0x9E53, 0xA693, 0xB6B3, 0xBEF3, 0xC714, 0xC714, 0xC714, 0xC714, 0xC714, 0xC714, 0xC714,
    0xC714, 0xBEF3, 0xB6B3, 0xA673, 0x9E33, 0x9613, 0xAE34, 0xC655, 0xBE55, 0xB655, 0xA634, 0x9613, 0x9E13, 0xA634, 0xB655, 0xC655,
    0xC675, 0xC6D4, 0xC6F4, 0xC695, 0xC635, 0xAE34, 0x9613, 0x9613, 0x9613, 0xA634, 0xAE34, 0xBE55, 0xC655, 0xC655, 0xC635, 0xB635,
    0x9E13, 0x9613, 0x9613, 0x9633, 0x9EB3, 0xA714, 0xA714, 0xA714, 0xA714, 0xA714, 0xA714, 0xA714, 0xA714, 0xA714, 0xA714, 0xA714,
    0xA714, 0xA714, 0xA714, 0xA714, 0xA714, 0xA714, 0xA714, 0xA714, 0xA714, 0xA714, 0xA714, 0xA714, 0xA714, 0x9EF4, 0x9EF3, 0x9EB3,
    0xA714, 0xA714, 0xA714, 0xA714, 0xA714, 0xA714, 0xA714, 0xA714, 0xA714, 0xA714, 0xA714, 0xA714, 0xA714, 0xA714, 0xA714, 0xA714,
    0xA714, 0xA714, 0xA714, 0xA714, 0xA714, 0xA714, 0xA714, 0xA714, 0xA714, 0x9EF3, 0x9EB3, 0x9E93, 0x9ED3, 0xA714, 0xA714, 0xA714,
    0xA714, 0xA714, 0xA714, 0xA714, 0xA714, 0xA714, 0x9EF3, 0x9EB3, 0x9673, 0x9633, 0x9613, 0x9613, 0x9613, 0x9613, 0x9613, 0x9633,
    0x9674, 0x9654, 0x9613, 0x9613, 0x9613, 0x9613, 0x9635, 0x9E57, 0x9E78, 0xA69A, 0xA69A, 0xA69A, 0xA69A, 0xA69A, 0xA69A, 0xA69A,
    0xA69A, 0xA69A, 0xA69A, 0xA69A, 0xA69A, 0xA69A, 0x9E78, 0x9E57, 0x9635, 0x9613, 0x9613, 0x9613, 0x9613, 0x9654, 0x9E95, 0x9654,
    0x9613, 0x9613, 0x9613, 0x9614, 0x9635, 0x9E57, 0x9E79, 0xA69A, 0xA69A, 0xA69A, 0xA69A, 0xA69A, 0xA69A, 0xA69A, 0xA69A, 0xA69A,
    0xA69A, 0xA69A, 0xA69A, 0xA69A, 0xA69A, 0xA69A, 0x9E57, 0x9614, 0x9613, 0x9613, 0x9633, 0x9EB5, 0xA717, 0xA717, 0xA717, 0xA717,
    0xA717, 0xA717, 0xA717, 0xA717, 0xA717, 0xA717, 0xA717, 0xA717, 0xA717, 0xA717, 0xA717, 0xA717, 0xA717, 0x9EF6, 0x9ED6, 0x9E95,
    0x9E94, 0x9E93, 0x9653, 0x9613, 0x9613, 0x9613, 0x9613, 0x9613, 0x9633, 0x9653, 0x9E93, 0x9ED3, 0xA714, 0xA714, 0x9EF3, 0x9673,
    0x9613, 0x9613, 0x9613, 0x9653, 0x9E93, 0x9E93, 0x9E93, 0x9EB3, 0x9EF3, 0xA714, 0xA714, 0xA714, 0xA714, 0xA714, 0xA714, 0x9EF3,
    0x9ED3, 0x9E93, 0x9E53, 0x9E33, 0x9E13, 0x9613, 0x9673, 0x9ED3, 0xA714, 0xA714, 0xA714, 0xA714, 0xA714, 0xA714, 0xA714, 0xA714,
    0xA714, 0xA714, 0xA714, 0xA714, 0xA714, 0xA714, 0xA714, 0xA714, 0xA714, 0xA714, 0xA714, 0xA714, 0xA714, 0xA714, 0xA714, 0xA714,
    0xA714, 0xA714, 0xA714, 0xA714, 0xA714, 0xA714, 0xA714, 0xA714, 0xA714, 0xA714, 0x9EF3, 0x9EB3, 0x9673, 0x9633, 0x9613, 0x9613,
    0x9613, 0x9613, 0x9613, 0x9613, 0x9E33, 0xAE93, 0xBEF3, 0xC714, 0xC714, 0xC714, 0xC714, 0xC714, 0xC714, 0xBEF3, 0xB6B3, 0xAEB3,
    0xBED3, 0xBEF3, 0xAE93, 0x9E33, 0x9613, 0x9613, 0x9614, 0x9635, 0x9636, 0x9636, 0x9635, 0x9613, 0x9613, 0x9E33, 0xA673, 0xB6D3,
    0xBEF3, 0xBED3, 0xB6D3, 0xAEB3, 0xAE93, 0xAE93, 0xAE93, 0xB6B3, 0xBEF3, 0xC714, 0xC714, 0xC714, 0xC714, 0xC714, 0xC714, 0xC714,
    0xC714, 0xBEF3, 0xAE93, 0x9E33, 0x9E33, 0xA634, 0xB635, 0xC655, 0xC655, 0xBE55, 0xAE34, 0x9613, 0x9613, 0x9E13, 0xA654, 0xBE94,
    0xC6B4, 0xC6F4, 0xC6F4, 0xC695, 0xC655, 0xBE35, 0xAE34, 0xAE34, 0xA634, 0xAE34, 0xBE35, 0xBE55, 0xBE55, 0xB635, 0xAE34, 0xA614,
    0x9613, 0x9613, 0x9653, 0x9E93, 0x9ED3, 0xA714, 0xA714, 0xA714, 0xA714, 0xA714, 0xA714, 0xA714, 0xA714, 0xA714, 0xA714, 0xA714,
    0xA714, 0xA714, 0xA714, 0xA714, 0xA714, 0xA714, 0xA714, 0xA714, 0xA714, 0xA714, 0xA714, 0xA714, 0xA714, 0x9ED3, 0x9E93, 0x9653,
    0xA714, 0xA714, 0xA714, 0xA714, 0xA714, 0xA714, 0xA714, 0xA714, 0xA714, 0xA714, 0xA714, 0xA714, 0xA714, 0xA714, 0xA714, 0xA714,
    0xA714, 0xA714, 0xA714, 0xA714, 0xA714, 0xA714, 0xA714, 0xA714, 0xA714, 0xA714, 0xA714, 0xA714, 0xA714, 0xA714, 0xA714, 0xA714,
    0xA714, 0xA714, 0xA714, 0xA714, 0xA714, 0xA714, 0xA714, 0xA714, 0x9ED3, 0x9673, 0x9613, 0x9613, 0x9613, 0x9613, 0x9613, 0x9613,
    0x9613, 0x9613, 0x9613, 0x9613, 0x9613, 0x9613, 0x9613, 0x9614, 0x9E57, 0x9E79, 0x9E79, 0x9E99, 0xA699, 0xA69A, 0xA69A, 0xA69A,
    0xA69A, 0xA69A, 0xA69A, 0xA69A, 0xA699, 0x9E99, 0x9E57, 0x9614, 0x9613, 0x9613, 0x9613, 0x9613, 0x9633, 0x9E95, 0x9EF6, 0x9E95,
    0x9613, 0x9613, 0x9613, 0x9613, 0x9613, 0x9635, 0x9E78, 0x9E79, 0x9E79, 0x9E99, 0xA699, 0xA69A, 0xA69A, 0xA69A, 0xA69A, 0xA69A,
    0xA69A, 0xA69A, 0xA69A, 0xA69A, 0xA699, 0x9E99, 0x9E57, 0x9614, 0x9613, 0x9613, 0x9633, 0x9EB5, 0xA717, 0xA717, 0xA717, 0xA717,
    0xA717, 0xA717, 0xA717, 0xA717, 0xA717, 0xA717, 0xA717, 0xA717, 0xA717, 0xA717, 0xA717, 0xA717, 0xA717, 0xA717, 0xA717, 0xA716,
    0xA715, 0xA714, 0x9E93, 0x9613, 0x9613, 0x9613, 0x9613, 0x9613, 0x9613, 0x9613, 0x9653, 0x9EB3, 0xA714, 0xA6F4, 0x9ED3, 0x9673,
    0x9613, 0x9613, 0x9613, 0x9E73, 0x9EF3, 0xA714, 0xA714, 0xA714, 0xA714, 0xA714, 0xA714, 0xA714, 0xA714, 0xA714, 0xA714, 0xA714,
    0xA714, 0x9EF4, 0x9E93, 0x9613, 0x9613, 0x9613, 0x9673, 0x9ED3, 0xA714, 0xA714, 0xA714, 0xA714, 0xA714, 0xA714, 0xA714, 0xA714,
    0xA714, 0xA714, 0xA714, 0xA714, 0xA714, 0xA714, 0xA714, 0xA714, 0xA714, 0xA714, 0xA714, 0xA714, 0xA714, 0xA714, 0xA714, 0xA714,
    0xA714, 0xA714, 0xA714, 0xA714, 0xA714, 0xA714, 0xA714, 0xA714, 0xA714, 0xA714, 0xA714, 0xA714, 0x9ED3, 0x9653, 0x9613, 0x9613,
    0x9613, 0x9613, 0x9613, 0x9613, 0x9613, 0xA673, 0xBEF3, 0xBEF4, 0xBEF4, 0xBF14, 0xC714, 0xC714, 0xC714, 0xC714, 0xBF14, 0xBEF4,
    0xBEF4, 0xBEF3, 0xA673, 0x9613, 0x9613, 0x9613, 0x9613, 0x9613, 0x9613, 0x9613, 0x9613, 0x9613, 0x9613, 0x9613, 0x9E33, 0xB6B3,
    0xBEF4, 0xBEF4, 0xC714, 0xC714, 0xBEF4, 0xB6D3, 0xAE93, 0xB6B3, 0xBEF3, 0xC714, 0xC714, 0xC714, 0xC714, 0xC714, 0xC714, 0xC714,
    0xBEF4, 0xBED3, 0xA673, 0x9613, 0xA634, 0xB655, 0xBE55, 0xC656, 0xCE56, 0xCE56, 0xB634, 0x9E13, 0x9613, 0x9613, 0x9E53, 0xB6B3,
    0xBEF4, 0xC714, 0xC6F4, 0xC695, 0xCE56, 0xCE56, 0xCE56, 0xBE55, 0xB655, 0xBE55, 0xC655, 0xBE55, 0xB655, 0xA634, 0x9E13, 0x9613,
    0x9613, 0x9633, 0x9EB3, 0xA714, 0xA714, 0xA714, 0xA714, 0xA714, 0xA714, 0xA714, 0xA714, 0xA714, 0xA714, 0xA714, 0xA714, 0xA714,
    0xA714, 0xA714, 0xA714, 0xA714, 0xA714, 0xA714, 0xA714, 0xA714, 0xA714, 0xA714, 0xA714, 0xA714, 0xA714, 0x9EB3, 0x9633, 0x9613,
    0xA714, 0xA714, 0xA714, 0xA714, 0xA714, 0xA714, 0xA714, 0xA714, 0xA714, 0xA714, 0xA714, 0xA714, 0xA714, 0xA714, 0xA714, 0xA714,
    0xA714, 0xA714, 0xA714, 0xA714, 0xA714, 0xA714, 0xA714, 0xA714, 0xA714, 0xA714, 0xA714, 0xA714, 0xA714, 0xA714, 0xA714, 0xA714,
    0xA714, 0xA714, 0xA714, 0xA714, 0xA714, 0xA714, 0xA714, 0xA714, 0x9EF3, 0x9EB3, 0x9673, 0x9633, 0x9613, 0x9613, 0x9613, 0x9613,
    0x9613, 0x9613, 0x9613, 0x9613, 0x9613, 0x9613, 0x9613, 0x9613, 0x9635, 0x9E56, 0x9E56, 0x9E56, 0x9E78, 0xA69A, 0xA69A, 0xA69A,
    0xA69A, 0xA69A, 0xA69A, 0xA69A, 0x9E78, 0x9E57, 0x9635, 0x9613, 0x9613, 0x9613, 0x9613, 0x9654, 0x9E95, 0x9ED6, 0x9EF6, 0x9ED6,
    0x9E95, 0x9654, 0x9613, 0x9613, 0x9613, 0x9614, 0x9635, 0x9E56, 0x9E56, 0x9E57, 0x9E78, 0xA69A, 0xA69A, 0xA69A, 0xA69A, 0xA69A,
    0xA69A, 0xA69A, 0xA69A, 0xA69A, 0x9E78, 0x9E57, 0x9635, 0x9613, 0x9633, 0x9654, 0x9E95, 0x9ED6, 0xA717, 0xA717, 0xA717, 0xA717,
    0xA717, 0xA717, 0xA717, 0xA717, 0xA717, 0xA717, 0xA717, 0xA717, 0xA717, 0xA717, 0xA717, 0xA717, 0xA717, 0xA717, 0xA717, 0xA716,
    0xA716, 0xA715, 0x9ED5, 0x9E95, 0x9E95, 0x9E95, 0x9654, 0x9613, 0x9613, 0x9613, 0x9653, 0x9EB3, 0x9EF3, 0x9EB3, 0x9673, 0x9633,
    0x9613, 0x9653, 0x9E93, 0x9EB3, 0x9EF4, 0xA714, 0xA714, 0xA714, 0xA714, 0xA714, 0xA714, 0xA714, 0xA714, 0xA714, 0xA714, 0xA714,
    0xA714, 0xA6F4, 0x9ED3, 0x9E93, 0x9E93, 0x9E93, 0x9EB3, 0x9EF3, 0xA714, 0xA714, 0xA714, 0xA714, 0xA714, 0xA714, 0xA714, 0xA714,
    0xA714, 0xA714, 0xA714, 0xA714, 0xA714, 0xA714, 0xA714, 0xA714, 0xA714, 0xA714, 0xA714, 0xA714, 0xA714, 0xA714, 0xA714, 0xA714,
    0xA714, 0xA714, 0xA714, 0xA714, 0xA714, 0xA714, 0xA714, 0xA714, 0xA714, 0xA714, 0xA714, 0xA714, 0x9EF3, 0x9EB3, 0x9673, 0x9633,
    0x9613, 0x9613, 0x9613, 0x9613, 0x9613, 0x9E33, 0xA673, 0xAE93, 0xB6B3, 0xBED3, 0xBEF3, 0xC714, 0xC714, 0xBEF3, 0xBED3, 0xB6B3,
    0xAE93, 0xA673, 0x9E33, 0x9613, 0x9613, 0x9613, 0x9613, 0x9613, 0x9613, 0x9613, 0x9613, 0x9613, 0x9613, 0x9613, 0x9613, 0xA653,
    0xAE93, 0xB6D3, 0xC714, 0xC714, 0xC714, 0xBEF3, 0xB6D3, 0xBED3, 0xBEF3, 0xC714, 0xC714, 0xC714, 0xC714, 0xC714, 0xC714, 0xBEF3,
    0xB6B3, 0xA673, 0xA653, 0xA634, 0xAE34, 0xBE55, 0xC655, 0xC656, 0xCE56, 0xCE56, 0xBE35, 0xA634, 0x9E13, 0x9613, 0x9E33, 0xAE93,
    0xB6D3, 0xBEF3, 0xC6F4, 0xC695, 0xCE56, 0xCE56, 0xCE56, 0xC655, 0xBE55, 0xC655, 0xC655, 0xBE35, 0xA634, 0x9E13, 0x9613, 0x9613,
    0x9653, 0x9E93, 0x9ED3, 0xA714, 0xA714, 0xA714, 0xA714, 0xA714, 0xA714, 0xA714, 0xA714, 0xA714, 0xA714, 0xA714, 0xA714, 0xA714,
    0xA714, 0xA714, 0xA714, 0xA714, 0xA714, 0xA714, 0xA714, 0xA714, 0xA714, 0xA714, 0xA714, 0xA714, 0xA714, 0x9EB3, 0x9633, 0x9613,
    0xA714, 0xA714, 0xA714, 0xA714, 0xA714, 0xA714, 0xA714, 0xA714, 0xA714, 0xA714, 0xA714, 0xA714, 0xA714, 0xA714, 0xA714, 0xA714,
    0xA714, 0xA714, 0xA714, 0xA714, 0xA714, 0xA714, 0xA714, 0xA714, 0xA714, 0xA714, 0xA714, 0xA714, 0xA714, 0xA714, 0xA714, 0xA714,
    0xA714, 0xA714, 0xA714, 0xA714, 0xA714, 0xA714, 0xA714, 0xA714, 0xA714, 0xA6F4, 0x9ED3, 0x9673, 0x9613, 0x9613, 0x9613, 0x9613,
    0x9613, 0x9613, 0x9613, 0x9613, 0x9613, 0x9613, 0x9613, 0x9613, 0x9613, 0x9613, 0x9613, 0x9614, 0x9E57, 0xA69A, 0xA69A, 0xA69A,
    0xA69A, 0xA69A, 0xA69A, 0xA69A, 0x9E57, 0x9614, 0x9613, 0x9613, 0x9613, 0x9613, 0x9633, 0x9E95, 0x9EF6, 0xA6F7, 0xA717, 0xA6F6,
    0x9EF6, 0x9E95, 0x9613, 0x9613, 0x9613, 0x9613, 0x9613, 0x9613, 0x9613, 0x9614, 0x9E57, 0xA69A, 0xA69A, 0xA69A, 0xA69A, 0xA69A,
    0xA69A, 0xA69A, 0xA69A, 0xA69A, 0x9E57, 0x9614, 0x9613, 0x9613, 0x9654, 0x9EB5, 0x9EF6, 0xA717, 0xA717, 0xA717, 0xA717, 0xA717,
    0xA717, 0xA717, 0xA717, 0xA717, 0xA717, 0xA717, 0xA717, 0xA717, 0xA717, 0xA717, 0xA717, 0xA717, 0xA717, 0xA717, 0xA717, 0xA717,
    0xA717, 0xA716, 0xA6F6, 0x9EF6, 0x9EF6, 0x9EF6, 0x9EB5, 0x9633, 0x9613, 0x9613, 0x9653, 0x9EB3, 0x9ED3, 0x9673, 0x9613, 0x9613,
    0x9613, 0x9E93, 0x9EF4, 0xA6F4, 0xA714, 0xA714, 0xA714, 0xA714, 0xA714, 0xA714, 0xA714, 0xA714, 0xA714, 0xA714, 0xA714, 0xA714,
    0xA714, 0xA714, 0xA6F4, 0x9EF4, 0x9EF4, 0x9EF4, 0xA6F4, 0xA714, 0xA714, 0xA714, 0xA714, 0xA714, 0xA714, 0xA714, 0xA714, 0xA714,
    0xA714, 0xA714, 0xA714, 0xA714, 0xA714, 0xA714, 0xA714, 0xA714, 0xA714, 0xA714, 0xA714, 0xA714, 0xA714, 0xA714, 0xA714, 0xA714,
    0xA714, 0xA714, 0xA714, 0xA714, 0xA714, 0xA714, 0xA714, 0xA714, 0xA714, 0xA714, 0xA714, 0xA714, 0xA714, 0xA6F4, 0x9ED3, 0x9653,
    0x9613, 0x9613, 0x9613, 0x9613, 0x9613, 0x9613, 0x9613, 0x9E33, 0xA673, 0xB6B3, 0xBEF3, 0xC714, 0xC714, 0xBEF3, 0xB6B3, 0xA673,
    0x9E33, 0x9613, 0x9613, 0x9613, 0x9613, 0x9613, 0x9613, 0x9613, 0x9613, 0x9613, 0x9613, 0x9613, 0x9613, 0x9613, 0x9613, 0x9613,
    0x9E33, 0xAEB3, 0xC714, 0xC714, 0xC714, 0xC714, 0xBEF4, 0xBF14, 0xC714, 0xC714, 0xC714, 0xC714, 0xC714, 0xC714, 0xC714, 0xB6D3,
    0xA673, 0x9613, 0xA634, 0xB655, 0xBE55, 0xC656, 0xCE56, 0xCE56, 0xCE56, 0xCE56, 0xBE55, 0xB655, 0xA634, 0x9613, 0x9633, 0xA673,
    0xAE93, 0xBED3, 0xC6F4, 0xC695, 0xCE56, 0xCE56, 0xCE56, 0xCE56, 0xC656, 0xCE56, 0xCE56, 0xB635, 0x9E13, 0x9613, 0x9613, 0x9633,
    0x9EB3, 0x9EF4, 0xA6F4, 0xA714, 0xA714, 0xA714, 0xA714, 0xA714, 0xA714, 0xA714, 0xA714, 0xA714, 0xA714, 0xA714, 0xA714, 0xA714,
    0xA714, 0xA714, 0xA714, 0xA714, 0xA714, 0xA714, 0xA714, 0xA714, 0xA714, 0xA714, 0xA714, 0xA714, 0xA714, 0x9EB3, 0x9633, 0x9613,
    0xA714, 0xA714, 0xA714, 0xA714, 0xA714, 0xA714, 0xA714, 0xA714, 0xA714, 0xA714, 0xA714, 0xA714, 0xA714, 0xA714, 0xA714, 0xA714,
    0xA714, 0xA714, 0xA714, 0xA714, 0xA714, 0xA714, 0xA714, 0xA714, 0xA714, 0xA714, 0xA714, 0xA714, 0xA714, 0xA714, 0xA714, 0xA714,
    0xA714, 0xA714, 0xA714, 0xA714, 0xA714, 0xA714, 0xA714, 0xA714, 0xA714, 0xA714, 0x9EF3, 0x9EB3, 0x9673, 0x9673, 0x9673, 0x9633,
    0x9613, 0x9613, 0x9613, 0x9613, 0x9613, 0x9613, 0x9613, 0x9613, 0x9613, 0x9613, 0x9613, 0x9613, 0x9635, 0x9E56, 0x9E56, 0x9E56,
    0x9E56, 0x9E56, 0x9E56, 0x9E56, 0x9635, 0x9613, 0x9633, 0x9654, 0x9674, 0x9674, 0x9E95, 0x9ED6, 0xA717, 0xA717, 0xA717, 0xA717,
    0xA717, 0x9ED6, 0x9E95, 0x9674, 0x9674, 0x9654, 0x9613, 0x9613, 0x9613, 0x9613, 0x9635, 0x9E56, 0x9E56, 0x9E56, 0x9E56, 0x9E56,
    0x9E56, 0x9E56, 0x9E56, 0x9E56, 0x9635, 0x9613, 0x9633, 0x9654, 0x9E95, 0x9ED6, 0xA717, 0xA717, 0x9EF6, 0x9EB5, 0x9E95, 0x9ED6,
    0xA717, 0xA717, 0xA717, 0xA717, 0xA717, 0xA717, 0xA717, 0xA717, 0xA717, 0xA717, 0xA717, 0xA717, 0xA717, 0xA717, 0xA717, 0xA717,
    0xA717, 0xA717, 0xA717, 0xA717, 0x9ED6, 0x9E95, 0x9654, 0x9613, 0x9613, 0x9613, 0x9653, 0x9EB3, 0x9ED3, 0x9673, 0x9613, 0x9613,
    0x9613, 0x9E93, 0xA714, 0xA714, 0xA714, 0xA714, 0xA714, 0xA714, 0xA714, 0xA714, 0xA714, 0xA714, 0xA714, 0xA714, 0xA714, 0xA714,
    0xA714, 0xA714, 0xA714, 0xA714, 0xA714, 0xA714, 0xA714, 0xA714, 0xA714, 0xA714, 0xA714, 0xA714, 0xA714, 0xA714, 0xA714, 0xA714,
    0xA714, 0xA714, 0xA714, 0xA714, 0xA714, 0xA714, 0xA714, 0xA714, 0xA714, 0xA714, 0xA714, 0xA714, 0xA714, 0xA714, 0xA714, 0xA714,
    0xA714, 0xA714, 0xA714, 0xA714, 0xA714, 0xA714, 0xA714, 0xA714, 0xA714, 0xA714, 0xA714, 0xA714, 0xA714, 0xA714, 0x9EF3, 0x9EB3,
    0x9673, 0x9633, 0x9613, 0x9613, 0x9613, 0x9613, 0x9613, 0x9613, 0x9E53, 0xA673, 0xAE93, 0xAE93, 0xAE93, 0xAE93, 0xA653, 0x9E33,
    0x9613, 0x9613, 0x9613, 0x9613, 0x9613, 0x9E13, 0xA653, 0xA673, 0xA673, 0xA673, 0xA673, 0xA673, 0xA673, 0x9E53, 0x9E33, 0x9613,
    0x9613, 0xA653, 0xAE93, 0xB6B3, 0xB6D3, 0xBEF3, 0xC714, 0xC714, 0xC714, 0xC714, 0xC714, 0xBEF3, 0xBED3, 0xB6B3, 0xAEB3, 0xA673,
    0x9E33, 0x9613, 0xAE34, 0xBE55, 0xC655, 0xCE56, 0xCE56, 0xCE56, 0xCE56, 0xCE56, 0xC655, 0xBE55, 0xAE34, 0x9E13, 0x9613, 0x9E33,
    0xA673, 0xB6D3, 0xC6F4, 0xC695, 0xCE56, 0xCE56, 0xCE56, 0xCE56, 0xCE56, 0xC655, 0xBE55, 0xAE34, 0x9E13, 0x9633, 0x9653, 0x9E93,
    0x9ED3, 0xA714, 0xA714, 0xA714, 0xA714, 0xA714, 0xA714, 0xA714, 0xA714, 0xA714, 0xA714, 0xA714, 0xA714, 0xA714, 0xA714, 0xA714,
    0xA714, 0xA714, 0xA714, 0xA714, 0xA714, 0xA714, 0xA714, 0xA714, 0xA714, 0xA714, 0xA714, 0x9ED3, 0x9EB3, 0x9673, 0x9613, 0x9613,
    0xA714, 0xA714, 0xA714, 0xA714, 0xA714, 0xA714, 0xA714, 0xA714, 0xA714, 0xA714, 0xA714, 0xA714, 0xA714, 0xA714, 0xA714, 0xA714,
    0xA714, 0xA714, 0xA714, 0xA714, 0xA714, 0xA714, 0xA714, 0xA714, 0xA714, 0xA714, 0xA714, 0xA714, 0xA714, 0xA714, 0xA714, 0xA714,
    0xA714, 0xA714, 0xA714, 0xA714, 0xA714, 0xA714, 0xA714, 0xA714, 0xA714, 0xA714, 0xA6F4, 0x9EF3, 0x9EF3, 0x9EF3, 0x9EF3, 0x9E73,
    0x9613, 0x9613, 0x9613, 0x9613, 0x9613, 0x9613, 0x9613, 0x9613, 0x9613, 0x9613, 0x9613, 0x9613, 0x9613, 0x9613, 0x9613, 0x9613,
    0x9613, 0x9613, 0x9613, 0x9613, 0x9613, 0x9613, 0x9654, 0x9EB5, 0x9EF6, 0x9EF6, 0x9EF6, 0x9EF6, 0xA717, 0xA717, 0xA717, 0xA717,
    0xA717, 0x9EF6, 0x9EF6, 0x9EF6, 0x9EF6, 0x9E95, 0x9633, 0x9613, 0x9613, 0x9613, 0x9613, 0x9613, 0x9613, 0x9613, 0x9613, 0x9613,
    0x9613, 0x9613, 0x9613, 0x9613, 0x9613, 0x9613, 0x9654, 0x9EB5, 0x9EF6, 0x9EF6, 0xA717, 0xA717, 0x9EF6, 0x9674, 0x9633, 0x9E95,
    0xA717, 0xA717, 0xA717, 0xA717, 0xA717, 0xA717, 0xA717, 0xA717, 0xA717, 0xA717, 0xA717, 0xA717, 0xA717, 0xA717, 0xA717, 0xA717,
    0xA717, 0xA717, 0xA717, 0xA717, 0x9EB5, 0x9633, 0x9613, 0x9613, 0x9613, 0x9613, 0x9653, 0x9EB3, 0x9ED3, 0x9673, 0x9613, 0x9613,
    0x9613, 0x9E93, 0xA714, 0xA714, 0xA714, 0xA714, 0xA714, 0xA714, 0xA714, 0xA714, 0xA714, 0xA714, 0xA714, 0xA714, 0xA714, 0xA714,
    0xA714, 0xA714, 0xA714, 0xA714, 0xA714, 0xA714, 0xA714, 0xA714, 0xA714, 0xA714, 0xA714, 0xA714, 0xA714, 0xA714, 0xA714, 0xA714,
    0xA714, 0xA714, 0xA714, 0xA714, 0xA714, 0xA714, 0xA714, 0xA714, 0xA714, 0xA714, 0xA714, 0xA714, 0xA714, 0xA714, 0xA714, 0xA714,
    0xA714, 0xA714, 0xA714, 0xA714, 0xA714, 0xA714, 0xA714, 0xA714, 0xA714, 0xA714, 0xA714, 0xA714, 0xA714, 0xA714, 0xA6F4, 0x9EF3,
    0x9ED3, 0x9673, 0x9613, 0x9613, 0x9613, 0x9613, 0x9613, 0x9613, 0x9613, 0x9613, 0x9613, 0x9613, 0x9613, 0x9613, 0x9613, 0x9613,
    0x9613, 0x9613, 0x9613, 0x9613, 0x9E33, 0xAE34, 0xB694, 0xBED4, 0xBEF3, 0xBEF3, 0xBEF3, 0xBEF3, 0xB6D3, 0xAE93, 0xA673, 0x9633,
    0x9613, 0x9613, 0x9633, 0xA653, 0xAE93, 0xB6D3, 0xBEF4, 0xC714, 0xC714, 0xC714, 0xC714, 0xBED3, 0xAEB3, 0xA673, 0x9E33, 0x9613,
    0x9613, 0x9613, 0xB634, 0xC655, 0xC656, 0xCE56, 0xCE56, 0xCE56, 0xCE56, 0xCE56, 0xC656, 0xC655, 0xB635, 0x9E13, 0x9613, 0x9613,
    0x9E33, 0xB6B3, 0xC6F4, 0xC695, 0xCE56, 0xCE56, 0xCE56, 0xCE56, 0xCE56, 0xBE55, 0xB655, 0xA634, 0x9613, 0x9653, 0x9EB3, 0x9EF3,
    0x9EF4, 0xA714, 0xA714, 0xA714, 0xA714, 0xA714, 0xA714, 0xA714, 0xA714, 0xA714, 0xA714, 0xA714, 0xA714, 0xA714, 0xA714, 0xA714,
    0xA714, 0xA714, 0xA714, 0xA714, 0xA714, 0xA714, 0xA714, 0xA714, 0xA714, 0xA714, 0xA714, 0x9EB3, 0x9633, 0x9613, 0x9613, 0x9613,
    0xA714, 0xA714, 0xA714, 0xA714, 0x9EF3, 0x9EB3, 0x9E93, 0x9E93, 0x9EB3, 0x9ED3, 0xA714, 0xA714, 0xA714, 0xA714, 0xA714, 0xA714,
    0xA714, 0xA714, 0xA714, 0xA714, 0xA714, 0xA714, 0xA714, 0xA714, 0xA714, 0xA714, 0xA714, 0xA714, 0xA714, 0xA714, 0xA714, 0xA714,
    0xA714, 0xA714, 0xA714, 0xA714, 0xA714, 0xA714, 0xA714, 0xA714, 0xA714, 0xA714, 0xA714, 0xA714, 0xA714, 0xA714, 0xA6F4, 0x9E93,
    0x9613, 0x9613, 0x9613, 0x9613, 0x9613, 0x9613, 0x9654, 0x9654, 0x9613, 0x9613, 0x9613, 0x9613, 0x9613, 0x9613, 0x9613, 0x9613,
    0x9613, 0x9613, 0x9613, 0x9613, 0x9633, 0x9654, 0x9E95, 0x9ED6, 0xA717, 0xA717, 0xA717, 0xA717, 0xA717, 0xA717, 0xA717, 0xA717,
    0xA717, 0xA717, 0xA717, 0xA717, 0xA717, 0x9ED6, 0x9E95, 0x9654, 0x9613, 0x9613, 0x9613, 0x9613, 0x9613, 0x9613, 0x9613, 0x9613,
    0x9613, 0x9613, 0x9613, 0x9613, 0x9633, 0x9654, 0x9E95, 0x9EF6, 0xA717, 0xA717, 0xA717, 0xA717, 0x9ED6, 0x9674, 0x9613, 0x9654,
    0x9EB5, 0x9ED6, 0xA6F6, 0xA717, 0xA717, 0xA717, 0xA717, 0xA717, 0xA717, 0xA717, 0xA717, 0xA717, 0xA717, 0xA717, 0xA717, 0xA717,
    0xA717, 0xA717, 0x9ED6, 0x9EB5, 0x9654, 0x9613, 0x9613, 0x9613, 0x9613, 0x9653, 0x9673, 0x9E93, 0x9E93, 0x9633, 0x9613, 0x9633,
    0x9673, 0x9EB3, 0xA714, 0xA714, 0xA714, 0xA714, 0xA714, 0xA714, 0xA714, 0xA714, 0xA714, 0xA714, 0xA714, 0xA714, 0xA714, 0xA714,
    0xA714, 0xA714, 0xA714, 0xA714, 0xA714, 0xA714, 0xA714, 0xA714, 0xA714, 0xA714, 0xA714, 0xA714, 0xA714, 0xA714, 0xA714, 0xA714,
    0xA714, 0xA714, 0xA714, 0xA714, 0xA714, 0xA714, 0xA714, 0xA714, 0xA714, 0xA714, 0xA714, 0xA714, 0xA714, 0xA714, 0xA714, 0xA714,
    0xA714, 0xA714, 0xA714, 0xA714, 0xA714, 0xA714, 0xA714, 0xA714, 0xA714, 0xA714, 0xA714, 0xA714, 0xA714, 0xA714, 0xA714, 0xA714,
    0x9EF3, 0x9EB3, 0x9673, 0x9633, 0x9613, 0x9613, 0x9613, 0x9613, 0x9613, 0x9613, 0x9613, 0x9613, 0x9613, 0x9613, 0x9613, 0x9613,
    0x9613, 0x9613, 0x9613, 0x9E33, 0xAE54, 0xB694, 0xBED4, 0xBEF4, 0xC714, 0xC714, 0xC714, 0xC714, 0xBEF3, 0xB6D3, 0xAEB3, 0xA673,
    0xA653, 0x9633, 0x9613, 0x9E33, 0x9E53, 0xA673, 0xAE93, 0xAE93, 0xAE93, 0xAE93, 0xAE93, 0xAE93, 0xA673, 0x9E33, 0x9613, 0x9613,
    0x9E13, 0xA634, 0xB635, 0xCE56, 0xCE56, 0xCE56, 0xCE56, 0xCE56, 0xCE56, 0xCE56, 0xCE56, 0xCE56, 0xB635, 0x9E13, 0x9613, 0x9613,
    0x9E33, 0xAEB3, 0xC6F4, 0xC695, 0xCE55, 0xC675, 0xC695, 0xC675, 0xCE56, 0xBE35, 0xAE34, 0x9E13, 0x9613, 0x9653, 0x9ED3, 0xA714,
    0xA714, 0xA714, 0xA714, 0xA714, 0xA714, 0xA714, 0xA714, 0xA714, 0xA714, 0xA714, 0xA714, 0xA714, 0xA714, 0xA714, 0xA714, 0xA714,
    0xA714, 0xA714, 0xA714, 0xA714, 0xA714, 0xA714, 0xA714, 0xA714, 0xA714, 0xA714, 0xA714, 0x9E93, 0x9633, 0x9613, 0x9613, 0x9613,
    0xA714, 0xA714, 0xA714, 0xA714, 0x9ED3, 0x9673, 0x9633, 0x9633, 0x9653, 0x9EB3, 0xA714, 0xA714, 0xA714, 0xA714, 0xA714, 0xA714,
    0xA714, 0xA714, 0xA714, 0xA714, 0xA714, 0xA714, 0xA714, 0xA714, 0xA714, 0xA714, 0xA714, 0xA714, 0xA714, 0xA714, 0xA714, 0xA714,
    0xA714, 0xA714, 0xA714, 0xA714, 0xA714, 0xA714, 0xA714, 0xA714, 0xA714, 0xA714, 0xA714, 0xA714, 0xA714, 0xA714, 0xA6F4, 0x9E93,
    0x9613, 0x9613, 0x9613, 0x9613, 0x9613, 0x9654, 0x9EB5, 0x9EB5, 0x9654, 0x9613, 0x9613, 0x9613, 0x9613, 0x9613, 0x9613, 0x9613,
    0x9613, 0x9613, 0x9613, 0x9613, 0x9654, 0x9EB5, 0x9EF6, 0x9EF6, 0xA717, 0xA717, 0xA717, 0xA717, 0xA717, 0xA717, 0xA717, 0xA717,
    0xA717, 0xA717, 0xA717, 0xA717, 0xA717, 0x9EF6, 0x9EF6, 0x9EB5, 0x9633, 0x9613, 0x9613, 0x9613, 0x9613, 0x9613, 0x9613, 0x9613,
    0x9613, 0x9613, 0x9613, 0x9613, 0x9654, 0x9EB5, 0x9EF6, 0x9EF6, 0xA717, 0xA717, 0xA717, 0xA717, 0x9ED6, 0x9674, 0x9613, 0x9613,
    0x9633, 0x9E95, 0x9EF6, 0xA717, 0xA717, 0xA717, 0xA717, 0xA717, 0xA717, 0xA717, 0xA717, 0xA717, 0xA717, 0xA717, 0xA717, 0xA717,
    0xA717, 0xA717, 0x9E95, 0x9633, 0x9613, 0x9613, 0x9613, 0x9613, 0x9653, 0x9EB3, 0x9EB3, 0x9653, 0x9633, 0x9613, 0x9613, 0x9E93,
    0x9ED3, 0x9EF3, 0xA714, 0xA714, 0xA714, 0xA714, 0xA714, 0xA714, 0xA714, 0xA714, 0xA714, 0xA714, 0xA714, 0xA714, 0xA714, 0xA714,
    0xA714, 0xA714, 0xA714, 0xA714, 0xA714, 0xA714, 0xA714, 0xA714, 0xA714, 0xA714, 0xA714, 0xA714, 0xA714, 0xA714, 0xA714, 0xA714,
    0xA714, 0xA714, 0xA714, 0xA714, 0xA714, 0xA714, 0xA714, 0xA714, 0xA714, 0xA714, 0xA714, 0xA714, 0xA714, 0xA714, 0xA714, 0xA714,
    0xA714, 0xA714, 0xA714, 0xA714, 0xA714, 0xA714, 0xA714, 0xA714, 0xA714, 0xA714, 0xA714, 0xA714, 0xA714, 0xA714, 0xA714, 0xA714,
    0xA6F4, 0x9EF3, 0x9ED3, 0x9673, 0x9613, 0x9613, 0x9613, 0x9613, 0x9613, 0x9613, 0x9613, 0x9613, 0x9613, 0x9613, 0x9613, 0x9613,
    0x9613, 0x9613, 0x9E34, 0xAE54, 0xB694, 0xBEF4, 0xBEF4, 0xC714, 0xC714, 0xC714, 0xC714, 0xC714, 0xBEF4, 0xBEF3, 0xBEF3, 0xBEF3,
    0xB6B3, 0x9E53, 0x9613, 0x9613, 0x9613, 0x9613, 0x9633, 0x9633, 0x9633, 0x9633, 0x9633, 0x9633, 0x9613, 0x9613, 0x9613, 0x9613,
    0xA634, 0xAE34, 0xBE35, 0xCE56, 0xCE56, 0xCE56, 0xCE56, 0xCE56, 0xCE56, 0xCE56, 0xCE56, 0xCE56, 0xB635, 0x9E13, 0x9613, 0x9613,
    0x9E33, 0xAEB3, 0xC6F4, 0xC695, 0xC655, 0xC695, 0xC6F4, 0xC695, 0xC655, 0xB634, 0x9E13, 0x9613, 0x9613, 0x9653, 0x9ED3, 0xA714,
    0xA714, 0xA714, 0xA714, 0xA714, 0xA714, 0xA714, 0xA714, 0xA714, 0xA714, 0xA714, 0xA714, 0xA714, 0xA714, 0xA714, 0xA714, 0xA714,
    0xA714, 0xA714, 0xA714, 0xA714, 0xA714, 0xA714, 0xA714, 0xA714, 0xA714, 0xA714, 0xA714, 0x9E93, 0x9633, 0x9613, 0x9613, 0x9613,
    0xA714, 0xA714, 0x9EF3, 0x9ED3, 0x9E73, 0x9633, 0x9613, 0x9613, 0x9633, 0x9EB3, 0xA714, 0xA714, 0xA714, 0xA714, 0xA714, 0xA714,
    0xA714, 0xA714, 0xA714, 0xA714, 0xA714, 0xA714, 0xA714, 0xA714, 0xA714, 0xA714, 0xA714, 0xA714, 0xA714, 0xA714, 0xA714, 0xA714,
    0xA714, 0xA714, 0xA714, 0xA714, 0xA714, 0xA714, 0xA714, 0xA714, 0xA714, 0xA714, 0xA714, 0xA714, 0xA714, 0xA714, 0xA6F4, 0x9E93,
    0x9613, 0x9613, 0x9613, 0x9613, 0x9654, 0x9E95, 0x9ED6, 0x9ED6, 0x9654, 0x9613, 0x9613, 0x9613, 0x9633, 0x9654, 0x9654, 0x9654,
    0x9633, 0x9613, 0x9613, 0x9613, 0x9654, 0x9ED6, 0xA717, 0xA717, 0xA717, 0xA717, 0xA717, 0xA717, 0xA717, 0xA717, 0xA717, 0xA717,
    0xA717, 0xA717, 0xA717, 0xA717, 0xA717, 0xA717, 0xA717, 0x9EB5, 0x9654, 0x9613, 0x9613, 0x9613, 0x9633, 0x9654, 0x9E74, 0x9E74,
    0x9E74, 0x9654, 0x9633, 0x9613, 0x9654, 0x9E95, 0x9ED6, 0x9EF6, 0xA717, 0xA717, 0xA717, 0xA717, 0x9ED6, 0x9674, 0x9613, 0x9613,
    0x9613, 0x9654, 0x9EB5, 0x9EB5, 0x9EB5, 0x9ED6, 0x9EF6, 0xA717, 0xA717, 0xA717, 0xA717, 0xA6F7, 0xA6F7, 0x9ED7, 0x9ED6, 0x9EB5,
    0x9EB5, 0x9EB5, 0x9654, 0x9613, 0x9613, 0x9613, 0x9613, 0x9653, 0x9E93, 0x9ED3, 0x9ED3, 0x9653, 0x9613, 0x9613, 0x9633, 0x9E93,
    0xA714, 0xA714, 0xA714, 0xA714, 0xA714, 0xA714, 0xA714, 0xA714, 0xA714, 0xA714, 0xA714, 0xA714, 0xA714, 0xA714, 0xA714, 0xA714,
    0xA714, 0xA714, 0xA714, 0xA714, 0xA714, 0xA714, 0xA714, 0xA714, 0xA714, 0xA714, 0xA714, 0xA714, 0xA714, 0xA714, 0xA714, 0xA714,
    0xA714, 0xA714, 0xA714, 0xA714, 0xA714, 0xA714, 0xA714, 0xA714, 0xA714, 0xA714, 0xA714, 0xA714, 0xA714, 0xA714, 0xA714, 0xA714,
    0xA714, 0xA714, 0xA714, 0xA714, 0xA714, 0xA714, 0xA714, 0xA714, 0xA714, 0xA714, 0xA714, 0xA714, 0xA714, 0xA714, 0xA714, 0xA714,
    0xA714, 0xA714, 0x9EF3, 0x9673, 0x9613, 0x9613, 0x9613, 0x9613, 0x9613, 0x9613, 0x9613, 0x9613, 0x9613, 0x9613, 0x9613, 0x9613,
    0x9613, 0x9E13, 0xA634, 0xB655, 0xBEB4, 0xC714, 0xC714, 0xC714, 0xC714, 0xC714, 0xC714, 0xC714, 0xC714, 0xC714, 0xC714, 0xC714,
    0xBEF3, 0xAE93, 0x9E53, 0x9E33, 0x9633, 0x9613, 0x9613, 0x9613, 0x9613, 0x9613, 0x9613, 0x9613, 0x9613, 0x9613, 0x9613, 0x9E13,
    0xAE34, 0xBE55, 0xC655, 0xCE56, 0xCE56, 0xCE56, 0xCE56, 0xCE56, 0xCE56, 0xCE56, 0xC655, 0xC655, 0xB634, 0x9E13, 0x9613, 0x9613,
    0x9E33, 0xAEB3, 0xC6F4, 0xC6B4, 0xC695, 0xC6D4, 0xC714, 0xC6B4, 0xC655, 0xB634, 0x9613, 0x9613, 0x9653, 0x9E93, 0x9ED3, 0xA714,
    0xA714, 0xA714, 0xA714, 0xA714, 0xA714, 0xA714, 0xA714, 0xA714, 0xA714, 0xA714, 0xA714, 0xA714, 0xA714, 0xA714, 0xA714, 0xA714,
    0xA714, 0xA714, 0xA714, 0xA714, 0xA714, 0xA714, 0xA714, 0xA714, 0xA714, 0x9ED3, 0x9EB3, 0x9673, 0x9613, 0x9613, 0x9613, 0x9613,
    0xA714, 0xA714, 0x9EB3, 0x9673, 0x9633, 0x9613, 0x9613, 0x9613, 0x9633, 0x9EB3, 0xA714, 0xA714, 0xA714, 0xA714, 0xA714, 0xA714,
    0xA714, 0xA714, 0xA714, 0xA714, 0xA714, 0xA714, 0xA714, 0xA714, 0xA714, 0xA714, 0xA714, 0xA714, 0xA714, 0xA714, 0xA714, 0xA714,
    0xA714, 0xA714, 0xA714, 0xA714, 0xA714, 0xA714, 0xA714, 0xA714, 0xA714, 0xA714, 0xA714, 0xA714, 0xA714, 0xA714, 0xA6F4, 0x9E93,
    0x9613, 0x9613, 0x9613, 0x9654, 0x9EB5, 0x9ED6, 0x9EF6, 0x9ED6, 0x9654, 0x9613, 0x9613, 0x9613, 0x9E74, 0x9ED6, 0x9ED6, 0x9ED6,
    0x9674, 0x9613, 0x9613, 0x9613, 0x9654, 0x9ED6, 0xA717, 0xA717, 0xA717, 0xA717, 0xA717, 0xA717, 0xA717, 0xA717, 0xA717, 0xA717,
    0xA717, 0xA717, 0xA717, 0xA717, 0xA717, 0xA717, 0xA717, 0x9EB5, 0x9654, 0x9613, 0x9613, 0x9633, 0x9E95, 0x9ED6, 0xA716, 0xAF36,
    0xA716, 0x9ED6, 0x9674, 0x9613, 0x9613, 0x9633, 0x9674, 0x9ED6, 0xA717, 0xA717, 0xA717, 0xA717, 0x9ED6, 0x9674, 0x9613, 0x9613,
    0x9613, 0x9613, 0x9633, 0x9633, 0x9633, 0x9E95, 0x9EF6, 0xA717, 0xA717, 0xA717, 0xA717, 0xA6F7, 0xA6D8, 0x9E98, 0x9E76, 0x9633,
    0x9633, 0x9633, 0x9613, 0x9613, 0x9613, 0x9613, 0x9653, 0x9EB3, 0x9ED3, 0x9EF3, 0x9ED3, 0x9653, 0x9613, 0x9613, 0x9633, 0x9E93,
    0xA714, 0xA714, 0xA714, 0xA714, 0xA714, 0xA714, 0xA714, 0xA714, 0xA714, 0xA714, 0xA714, 0xA714, 0xA714, 0xA714, 0xA714, 0xA714,
    0xA714, 0xA714, 0xA714, 0xA714, 0xA714, 0xA714, 0xA714, 0xA714, 0xA714, 0xA714, 0xA714, 0xA714, 0xA714, 0xA714, 0xA714, 0xA714,
    0xA714, 0xA714, 0xA714, 0xA714, 0xA714, 0xA714, 0xA714, 0xA714, 0xA714, 0xA714, 0xA714, 0xA714, 0xA714, 0xA714, 0xA714, 0xA714,
    0xA714, 0xA714, 0xA714, 0xA714, 0xA714, 0xA714, 0xA714, 0xA714, 0xA714, 0xA714, 0xA714, 0xA714, 0xA714, 0xA714, 0xA714, 0xA714,
    0xA714, 0xA714, 0x9EF3, 0x9673, 0x9613, 0x9613, 0x9613, 0x9613, 0x9613, 0x9613, 0x9613, 0x9613, 0x9613, 0x9613, 0x9613, 0x9613,
    0xA634, 0xAE34, 0xAE34, 0xB655, 0xBEB4, 0xC714, 0xC714, 0xC714, 0xC714, 0xC714, 0xC714, 0xC714, 0xC714, 0xC714, 0xC714, 0xC714,
    0xBEF4, 0xBEF3, 0xB6D3, 0xAE93, 0xA673, 0x9E33, 0x9613, 0x9613, 0x9613, 0x9613, 0x9613, 0x9613, 0x9613, 0x9613, 0x9613, 0x9E13,
    0xB634, 0xC655, 0xC655, 0xCE56, 0xCE56, 0xCE56, 0xCE56, 0xCE56, 0xCE56, 0xCE56, 0xC655, 0xBE55, 0xAE34, 0x9E13, 0x9613, 0x9613,
    0x9E33, 0xAEB3, 0xC6F4, 0xC6F4, 0xC6D4, 0xC6F4, 0xC714, 0xC6B4, 0xC655, 0xB634, 0x9613, 0x9653, 0x9EB3, 0x9ED3, 0x9EF3, 0xA714,
    0xA714, 0xA714, 0xA714, 0xA714, 0xA714, 0xA714, 0xA714, 0xA714, 0xA714, 0xA714, 0xA714, 0xA714, 0xA714, 0xA714, 0xA714, 0xA714,
    0xA714, 0xA714, 0xA714, 0xA714, 0xA714, 0xA714, 0xA714, 0xA714, 0xA714, 0x9EB3, 0x9653, 0x9633, 0x9613, 0x9613, 0x9613, 0x9613,
    0x9EF3, 0x9ED3, 0x9E73, 0x9633, 0x9613, 0x9613, 0x9613, 0x9613, 0x9633, 0x9673, 0x9ED3, 0x9EF3, 0xA714, 0xA714, 0xA714, 0xA714,
    0xA714, 0xA714, 0xA714, 0xA714, 0xA714, 0xA714, 0xA714, 0xA6F4, 0xA6F4, 0xAED4, 0xA6F4, 0xA6F4, 0xA6F4, 0xAED4, 0xA6F4, 0xA714,
    0xA6F4, 0xAED4, 0xA6F4, 0xA6F4, 0xA714, 0xA714, 0xA714, 0xA714, 0xA714, 0xA714, 0xA714, 0xA714, 0xA714, 0xA714, 0xA6F4, 0x9E93,
    0x9613, 0x9613, 0x9613, 0x9674, 0x9ED6, 0xA717, 0xA717, 0x9ED6, 0x9654, 0x9613, 0x9633, 0x9674, 0x9ED5, 0xA737, 0xA737, 0xA737,
    0x9EB5, 0x9654, 0x9633, 0x9613, 0x9654, 0x9ED6, 0xA717, 0xA717, 0xA717, 0xA717, 0xA717, 0xA717, 0xA717, 0xA717, 0xA717, 0xA717,
    0xA717, 0xA717, 0xA717, 0xA717, 0xA717, 0xA717, 0xA717, 0x9EB5, 0x9654, 0x9613, 0x9633, 0x9674, 0xA6D5, 0xAF37, 0xB757, 0xB797,
    0xAF57, 0xA737, 0x9ED5, 0x9654, 0x9633, 0x9613, 0x9654, 0x9ED6, 0xA717, 0xA717, 0xA717, 0xA717, 0x9ED6, 0x9674, 0x9613, 0x9613,
    0x9613, 0x9613, 0x9613, 0x9613, 0x9613, 0x9654, 0x9E95, 0x9EB5, 0x9EB5, 0x9EB5, 0x9EB5, 0x9EB6, 0x9E97, 0x9E57, 0x9635, 0x9613,
    0x9613, 0x9613, 0x9613, 0x9613, 0x9613, 0x9613, 0x9673, 0x9ED3, 0x9EF3, 0x9ED3, 0x9E93, 0x9633, 0x9613, 0x9613, 0x9633, 0x9E93,
    0xA714, 0xA714, 0xA714, 0xA714, 0xA714, 0xA714, 0xA714, 0xA714, 0xA714, 0xA714, 0xA714, 0xA714, 0xA714, 0xA714, 0xA714, 0xA714,
    0xA714, 0xA714, 0xA714, 0xA714, 0xA714, 0xA714, 0xA714, 0xA714, 0xA714, 0xA714, 0xA714, 0xA714, 0xA714, 0xA714, 0xA714, 0xA714,
    0xA714, 0xA714, 0xA714, 0xA714, 0xA714, 0xA714, 0xA714, 0xA714, 0xA714, 0xA714, 0xA714, 0xA714, 0xA714, 0xA714, 0xA714, 0xA714,
    0xA714, 0xA714, 0xA714, 0xA714, 0xA714, 0xA714, 0xA714, 0xA714, 0xA714, 0xA714, 0xA714, 0xA714, 0xA714, 0xA714, 0xA714, 0xA714,
    0xA714, 0xA714, 0x9EF3, 0x9EB3, 0x9653, 0x9633, 0x9613, 0x9613, 0x9613, 0x9613, 0x9613, 0x9613, 0x9613, 0x9613, 0x9E13, 0xA614,
    0xAE34, 0xB655, 0xB655, 0xB655, 0xBEB4, 0xC714, 0xC714, 0xC714, 0xC714, 0xC714, 0xC714, 0xC714, 0xC714, 0xC714, 0xC714, 0xC714,
    0xC714, 0xC714, 0xBEF3, 0xB6D3, 0xAE93, 0x9E53, 0x9613, 0x9613, 0x9E13, 0x9E13, 0x9E13, 0x9613, 0x9613, 0x9613, 0x9613, 0x9E13,
    0xAE14, 0xBE35, 0xBE35, 0xC655, 0xC655, 0xCE56, 0xCE56, 0xCE56, 0xC655, 0xC655, 0xBE35, 0xAE34, 0xA614, 0x9613, 0x9613, 0x9613,
    0x9E33, 0xAEB3, 0xC714, 0xC714, 0xC6F4, 0xC6F4, 0xC6D4, 0xC695, 0xCE55, 0xB634, 0x9613, 0x9673, 0x9ED3, 0xA714, 0xA714, 0xA714,
    0xA714, 0xA714, 0xA714, 0xA714, 0xA714, 0xA714, 0xA6F4, 0xAED4, 0xA6F4, 0xA6F4, 0xA714, 0xA714, 0xA714, 0xA714, 0xA714, 0xA714,
    0xA714, 0xA714, 0xA714, 0xA714, 0xA714, 0xA714, 0xA714, 0xA714, 0xA714, 0x9E93, 0x9613, 0x9613, 0x9613, 0x9613, 0x9613, 0x9613,
    0x9EB3, 0x9673, 0x9633, 0x9613, 0x9613, 0x9613, 0x9613, 0x9613, 0x9613, 0x9633, 0x9653, 0x9EB3, 0xA714, 0xA714, 0xA714, 0xA714,
    0xA714, 0xA714, 0xA714, 0xA714, 0xA714, 0xA714, 0xA714, 0xA6F4, 0xB6B5, 0xBE95, 0xAED4, 0xA6F4, 0xB6B4, 0xBE75, 0xAEB4, 0xA6F4,
    0xAED4, 0xBE95, 0xB6B4, 0xA6F4, 0xA714, 0xA714, 0xA714, 0xA714, 0xA714, 0xA714, 0xA714, 0xA714, 0xA714, 0xA714, 0xA6F4, 0x9E93,
    0x9613, 0x9613, 0x9613, 0x9674, 0x9ED6, 0xA717, 0xA717, 0x9ED6, 0x9654, 0x9633, 0x9E74, 0x9ED6, 0xAF36, 0xB777, 0xB777, 0xB777,
    0xA716, 0x9ED6, 0x9674, 0x9613, 0x9654, 0x9ED6, 0xA717, 0xA717, 0xA717, 0xA717, 0xA717, 0xA717, 0xA717, 0xA717, 0xA717, 0xA717,
    0xA717, 0xA717, 0xA717, 0xA717, 0xA717, 0xA717, 0xA717, 0x9EB5, 0x9654, 0x9633, 0x9E95, 0x9ED6, 0xAF36, 0xB777, 0xB777, 0xBF97,
    0xB777, 0xB777, 0xAF16, 0x9ED6, 0x9674, 0x9613, 0x9654, 0x9ED6, 0xA717, 0xA717, 0xA717, 0xA717, 0x9ED6, 0x9674, 0x9613, 0x9613,
    0x9613, 0x9613, 0x9613, 0x9613, 0x9613, 0x9613, 0x9633, 0x9654, 0x9654, 0x9654, 0x9654, 0x9654, 0x9634, 0x9614, 0x9613, 0x9613,
    0x9613, 0x9613, 0x9613, 0x9613, 0x9613, 0x9613, 0x9673, 0x9ED3, 0x9ED3, 0x9673, 0x9633, 0x9613, 0x9613, 0x9613, 0x9633, 0x9E93,
    0xA714, 0xA714, 0xA714, 0xA714, 0xA714, 0xA714, 0xA714, 0xA714, 0xA714, 0xA714, 0xA714, 0xA714, 0xA714, 0xA714, 0xA714, 0xA714,
    0xA714, 0xA714, 0xA714, 0xA714, 0xA714, 0xA714, 0xA714, 0xA714, 0xA714, 0xA714, 0xA714, 0xA714, 0xA714, 0xA714, 0xA714, 0xA714,
    0xA714, 0xA714, 0xA714, 0xA714, 0xA714, 0xA714, 0xA714, 0xA714, 0xA714, 0xA714, 0xA714, 0xA714, 0xA714, 0xA714, 0xA714, 0xA714,
    0xA714, 0xA714, 0xA714, 0xA714, 0xA714, 0xA714, 0xA714, 0xA714, 0xA714, 0xA714, 0xA714, 0xA714, 0xA714, 0xA714, 0xA714, 0xA714,
    0xA714, 0xA714, 0xA6F4, 0x9ED3, 0x9EB3, 0x9673, 0x9613, 0x9613, 0x9613, 0x9613, 0x9613, 0x9613, 0x9613, 0x9E13, 0xAE14, 0xBE35,
    0xBE35, 0xC655, 0xB655, 0xB655, 0xBEB4, 0xC714, 0xC714, 0xC714, 0xC714, 0xC714, 0xC714, 0xC714, 0xC714, 0xC714, 0xC714, 0xC714,
    0xC714, 0xC714, 0xBEF4, 0xBEF3, 0xBED3, 0xA673, 0x9613, 0xA614, 0xB635, 0xB634, 0xAE34, 0xA614, 0x9613, 0x9613, 0x9613, 0x9613,
    0x9E13, 0xA614, 0xAE34, 0xBE55, 0xC655, 0xCE56, 0xCE56, 0xCE56, 0xC655, 0xBE55, 0xAE34, 0x9E13, 0x9613, 0x9613, 0x9613, 0x9613,
    0x9E33, 0xAEB3, 0xC714, 0xC714, 0xC6F4, 0xC6B4, 0xC675, 0xC655, 0xCE56, 0xB634, 0x9613, 0x9673, 0x9ED3, 0xA714, 0xA714, 0xA714,
    0xA714, 0xA714, 0xA714, 0xA714, 0xA714, 0xA6F4, 0xAEB4, 0xBE75, 0xB6B4, 0xA6F4, 0xA714, 0xA714, 0xA714, 0xA714, 0xA714, 0xA714,
    0xA714, 0xA714, 0xA714, 0xA714, 0xA714, 0xA714, 0xA714, 0xA714, 0xA714, 0x9E93, 0x9613, 0x9613, 0x9613, 0x9613, 0x9613, 0x9613,
    0x9E73, 0x9613, 0x9613, 0x9613, 0x9613, 0x9613, 0x9613, 0x9613, 0x9613, 0x9613, 0x9613, 0x9E93, 0xA714, 0xA714, 0xA714, 0xA714,
    0xA714, 0xA6F4, 0xA6F4, 0xA6F4, 0xA6F4, 0xA714, 0xA714, 0xAED4, 0xBE95, 0xC655, 0xAEB4, 0xA6F4, 0xB695, 0xC656, 0xB6B5, 0xA6F4,
    0xB6B4, 0xC655, 0xBE95, 0xA6F4, 0xA6F4, 0xA6F4, 0xA6F4, 0xA6F4, 0xA6F4, 0xA6F4, 0xA6F4, 0xA6F4, 0xA714, 0xA714, 0xA6F4, 0x9E93,
    0x9613, 0x9613, 0x9613, 0x9674, 0x9ED6, 0xA717, 0xA717, 0x9ED6, 0x9654, 0x9633, 0x9EB5, 0xA737, 0xB757, 0xBF97, 0xBF97, 0xBF97,
    0xAF57, 0xA737, 0x9EB5, 0x9633, 0x9654, 0x9ED6, 0xA717, 0xA717, 0xA717, 0xA717, 0xA717, 0xA717, 0xA717, 0xA717, 0xA717, 0xA717,
    0xA717, 0xA717, 0xA717, 0xA717, 0xA717, 0xA717, 0xA717, 0x9EB5, 0x9654, 0x9633, 0x9ED5, 0xAF37, 0xB757, 0xBF97, 0xBF97, 0xBF97,
    0xBF97, 0xBF97, 0xB757, 0xA737, 0x9EB5, 0x9633, 0x9654, 0x9ED6, 0x9EF6, 0x9ED6, 0x9ED6, 0x9ED6, 0x9EB5, 0x9654, 0x9613, 0x9613,
    0x9613, 0x9613, 0x9613, 0x9613, 0x9613, 0x9613, 0x9613, 0x9613, 0x9613, 0x9613, 0x9613, 0x9613, 0x9613, 0x9613, 0x9613, 0x9613,
    0x9613, 0x9613, 0x9613, 0x9613, 0x9613, 0x9613, 0x9653, 0x9EB3, 0x9E93, 0x9633, 0x9613, 0x9613, 0x9613, 0x9613, 0x9633, 0x9E93,
    0xA714, 0xA714, 0xA714, 0xA714, 0xA714, 0xA714, 0xA714, 0xA714, 0xA714, 0xA714, 0xA714, 0xA714, 0xA714, 0xA714, 0xA714, 0xA714,
    0xA714, 0xA714, 0xA714, 0xA714, 0xA714, 0xA714, 0xA714, 0xA714, 0xA714, 0xA714, 0xA714, 0xA714, 0xA714, 0xA714, 0xA714, 0xA714,
    0xA714, 0xA714, 0xA714, 0xA714, 0xA714, 0xA714, 0xA714, 0xA714, 0xA714, 0xA714, 0xA714, 0xA714, 0xA714, 0xA714, 0xA714, 0xA714,
    0xA714, 0xA714, 0xA714, 0xA714, 0xA714, 0xA714, 0xA714, 0xA714, 0xA714, 0xA714, 0xA714, 0xA714, 0xA714, 0xA714, 0xA714, 0xA714,
    0xA714, 0xA714, 0xA714, 0xA714, 0xA714, 0x9E93, 0x9613, 0x9613, 0x9613, 0x9613, 0x9613, 0x9613, 0x9E13, 0xA614, 0xBE35, 0xCE56,
    0xCE56, 0xC655, 0xB635, 0xAE34, 0xB694, 0xC6F4, 0xC714, 0xC714, 0xC714, 0xC714, 0xC714, 0xC714, 0xC714, 0xC714, 0xC714, 0xC714,
    0xC714, 0xC714, 0xC714, 0xC714, 0xBEF4, 0xAE93, 0x9613, 0xAE34, 0xC635, 0xC655, 0xBE55, 0xAE34, 0xA613, 0x9E13, 0x9613, 0x9613,
    0x9613, 0x9613, 0x9E14, 0xAE34, 0xB635, 0xBE35, 0xBE35, 0xBE35, 0xB635, 0xAE34, 0xA634, 0x9613, 0x9613, 0x9613, 0x9613, 0x9613,
    0x9E53, 0xB6B3, 0xC714, 0xC714, 0xC6F4, 0xC695, 0xCE56, 0xC655, 0xC655, 0xAE34, 0x9613, 0x9673, 0x9ED3, 0xA714, 0xA714, 0xA6F4,
    0xA6F4, 0xA6F4, 0xA6F4, 0xA714, 0xA714, 0xA6F4, 0xB695, 0xCE56, 0xB695, 0xA6F4, 0xA714, 0xA714, 0xA6F4, 0xA6F4, 0xA6F4, 0xA6F4,
    0xA714, 0xA714, 0xA6F4, 0xA6F4, 0xA6F4, 0xA6F4, 0xA714, 0xA714, 0xA714, 0x9E93, 0x9613, 0x9613, 0x9613, 0x9613, 0x9613, 0x9613,
    0x9633, 0x9613, 0x9613, 0x9613, 0x9613, 0x9613, 0x9613, 0x9613, 0x9613, 0x9613, 0x9613, 0x9E93, 0xA714, 0xA714, 0xA714, 0xA714,
    0xA714, 0xAED4, 0xB695, 0xB6B4, 0xA6F4, 0xA714, 0xA714, 0xAED4, 0xBE95, 0xC655, 0xAEB4, 0xA6F4, 0xB695, 0xC656, 0xB6B5, 0xA6F4,
    0xB6B4, 0xC655, 0xBE95, 0xA6F4, 0xAED4, 0xB695, 0xB6B5, 0xA6F4, 0xA6F4, 0xB6B4, 0xBE95, 0xAED4, 0xA714, 0xA714, 0xA6F4, 0x9E93,
    0x9613, 0x9613, 0x9613, 0x9674, 0x9ED6, 0xA717, 0xA717, 0x9ED6, 0x9654, 0x9633, 0xA6F5, 0xB757, 0xB777, 0xBF97, 0xBF97, 0xBF97,
    0xB777, 0xB757, 0xA6D5, 0x9633, 0x9654, 0x9ED6, 0xA717, 0xA717, 0xA717, 0xA717, 0xA717, 0xA717, 0xA717, 0xA717, 0xA717, 0xA717,
    0xA717, 0xA717, 0xA717, 0xA717, 0xA717, 0xA717, 0xA717, 0x9EB5, 0x9654, 0x9653, 0xA6F5, 0xB777, 0xB777, 0xBF97, 0xBF97, 0xBF97,
    0xBF97, 0xBF97, 0xB777, 0xB757, 0xA6D5, 0x9633, 0x9654, 0x9ED6, 0x9ED6, 0x9E95, 0x9654, 0x9654, 0x9654, 0x9613, 0x9613, 0x9613,
    0x9613, 0x9613, 0x9613, 0x9613, 0x9613, 0x9613, 0x9613, 0x9613, 0x9613, 0x9613, 0x9613, 0x9613, 0x9613, 0x9613, 0x9613, 0x9613,
    0x9613, 0x9613, 0x9613, 0x9613, 0x9613, 0x9613, 0x9613, 0x9653, 0x9633, 0x9613, 0x9613, 0x9613, 0x9613, 0x9613, 0x9633, 0x9E93,
    0xA714, 0xA714, 0xA714, 0xA714, 0xA714, 0xA714, 0xA714, 0xA714, 0xA714, 0xA714, 0xA714, 0xA714, 0xA714, 0xA714, 0xA714, 0xA714,
    0xA714, 0xA714, 0xA714, 0xA714, 0xA714, 0xA714, 0xA714, 0xA714, 0xA714, 0xA714, 0xA714, 0xA714, 0xA714, 0xA714, 0xA714, 0xA714,
    0xA714, 0xA714, 0xA714, 0xA714, 0xA714, 0xA714, 0xA714, 0xA714, 0xA714, 0xA714, 0xA714, 0xA714, 0xA714, 0xA714, 0xA714, 0xA714,
    0xA714, 0xA714, 0xA714, 0xA714, 0xA714, 0xA714, 0xA714, 0xA714, 0xA714, 0xA714, 0xA714, 0xA714, 0xA714, 0xA714, 0xA714, 0xA714,
    0xA714, 0xA714, 0xA714, 0xA714, 0xA714, 0x9E93, 0x9613, 0x9613, 0x9613, 0x9613, 0x9613, 0x9E13, 0xAE14, 0xBE35, 0xC635, 0xCE56,
    0xCE56, 0xC635, 0xAE34, 0x9E33, 0xAE93, 0xBEF4, 0xC714, 0xC714, 0xC714, 0xC714, 0xC714, 0xC714, 0xC714, 0xC714, 0xC714, 0xC714,
    0xC714, 0xC714, 0xC714, 0xC714, 0xBEF4, 0xAE93, 0x9613, 0xAE34, 0xC635, 0xC655, 0xC655, 0xBE35, 0xBE35, 0xAE14, 0x9E13, 0x9613,
    0x9613, 0x9613, 0x9613, 0x9E13, 0x9E13, 0xA614, 0xA614, 0xA614, 0x9E13, 0x9E13, 0x9613, 0x9613, 0x9613, 0x9613, 0x9613, 0x9E53,
    0xA673, 0xB6D3, 0xC714, 0xC714, 0xC6F4, 0xC695, 0xCE56, 0xC655, 0xBE55, 0xA634, 0x9613, 0x9673, 0x9ED3, 0xA714, 0xA714, 0xA6F4,
    0xB6B4, 0xB695, 0xAED4, 0xA714, 0xA714, 0xA6F4, 0xB695, 0xCE56, 0xB695, 0xA6F4, 0xA714, 0xA714, 0xAED4, 0xB695, 0xB6B5, 0xA6F4,
    0xA714, 0xA714, 0xA6F4, 0xB6B4, 0xBE95, 0xAED4, 0xA714, 0xA714, 0xA714, 0x9E93, 0x9613, 0x9613, 0x9613, 0x9613, 0x9613, 0x9613,
    0x9613, 0x9613, 0x9613, 0x9613, 0x9613, 0x9613, 0x9613, 0x9613, 0x9613, 0x9613, 0x9613, 0x9E93, 0xA714, 0xA714, 0xA714, 0xA714,
    0xA714, 0xAEB4, 0xC655, 0xBE95, 0xAED4, 0xA714, 0xA714, 0xAED4, 0xBE95, 0xC655, 0xAEB4, 0xA6F4, 0xB695, 0xC656, 0xB695, 0xA6F4,
    0xB6B5, 0xC655, 0xBE95, 0xA6F4, 0xAED4, 0xBE75, 0xBE75, 0xAED4, 0xA6D4, 0xBE95, 0xC655, 0xB6B5, 0xA6F4, 0xA6F4, 0xA6F4, 0x9E93,
    0x9613, 0x9613, 0x9613, 0x9674, 0x9ED6, 0xA717, 0xA717, 0x9ED6, 0x9654, 0x9653, 0xAEF5, 0xBF97, 0xBF97, 0xBF97, 0xBF97, 0xBF97,
    0xBF97, 0xBF97, 0xAEF5, 0x9633, 0x9654, 0x9ED6, 0xA717, 0xA717, 0xA717, 0xA717, 0xA717, 0xA717, 0xA717, 0xA717, 0xA717, 0xA717,
    0xA717, 0xA717, 0xA717, 0xA717, 0xA717, 0xA717, 0xA717, 0x9EB5, 0x9654, 0x9E53, 0xAF15, 0xBF97, 0xBF97, 0xBF97, 0xBF97, 0xBF97,
    0xBF97, 0xBF97, 0xB777, 0xB777, 0xA6F5, 0x9633, 0x9654, 0x9EB5, 0x9EB5, 0x9633, 0x9613, 0x9613, 0x9613, 0x9613, 0x9613, 0x9613,
    0x9613, 0x9613, 0x9613, 0x9613, 0x9613, 0x9613, 0x9613, 0x9613, 0x9613, 0x9613, 0x9613, 0x9613, 0x9613, 0x9613, 0x9613, 0x9613,
    0x9613, 0x9613, 0x9613, 0x9613, 0x9613, 0x9613, 0x9613, 0x9613, 0x9613, 0x9613, 0x9613, 0x9613, 0x9613, 0x9613, 0x9653, 0x9EB3,
    0xA714, 0xA714, 0xA714, 0xA714, 0xA714, 0xA714, 0xA714, 0xA714, 0xA714, 0xA714, 0xA714, 0xA714, 0xA714, 0xA714, 0xA714, 0xA714,
    0xA714, 0xA714, 0xA714, 0xA714, 0xA714, 0xA714, 0xA714, 0xA714, 0xA714, 0xA714, 0xA714, 0xA714, 0xA714, 0xA714, 0xA714, 0xA714,
    0xA6F4, 0x9EF3, 0x9ED3, 0x9ED3, 0x9ED3, 0x9EF3, 0xA6F4, 0xA714, 0xA714, 0xA714, 0xA714, 0xA714, 0xA714, 0xA714, 0xA714, 0xA714,
    0xA714, 0xA714, 0xA714, 0xA714, 0xA714, 0xA714, 0xA714, 0xA714, 0xA714, 0xA714, 0xA714, 0xA714, 0xA714, 0xA714, 0xA714, 0xA714,
    0xA714, 0xA6F3, 0xA6F3, 0xA6F3, 0xA714, 0x9E93, 0x9613, 0x9613, 0x9613, 0x9613, 0x9613, 0xA614, 0xBE35, 0xCE56, 0xCE56, 0xCE56,
    0xCE56, 0xC635, 0xA614, 0x9613, 0xAE93, 0xBEF4, 0xC714, 0xC714, 0xC714, 0xC714, 0xC714, 0xC714, 0xC714, 0xC714, 0xC714, 0xC714,
    0xC714, 0xC714, 0xC714, 0xC714, 0xBEF4, 0xAE93, 0x9613, 0xAE34, 0xC635, 0xCE56, 0xCE56, 0xCE56, 0xCE56, 0xBE35, 0xA614, 0x9613,
    0x9613, 0x9613, 0x9613, 0x9613, 0x9613, 0x9613, 0x9613, 0x9613, 0x9613, 0x9613, 0x9613, 0x9613, 0x9613, 0x9613, 0x9633, 0xA673,
    0xAEB3, 0xBED3, 0xC714, 0xC714, 0xC6F4, 0xC695, 0xCE56, 0xBE35, 0xAE34, 0xA634, 0x9613, 0x9673, 0x9ED3, 0xA714, 0xA714, 0xAED4,
    0xBE75, 0xC675, 0xAEB4, 0xA714, 0xA714, 0xA6F4, 0xB695, 0xCE56, 0xBE95, 0xAED4, 0xA6F4, 0xA6F4, 0xAED4, 0xC675, 0xBE75, 0xAEB4,
    0xA6F4, 0xA6F4, 0xA6F4, 0xBE95, 0xC655, 0xB6B4, 0xA714, 0x9EF3, 0x9ED3, 0x9E73, 0x9613, 0x9613, 0x9613, 0x9613, 0x9613, 0x9613,
    0x9613, 0x9613, 0x9613, 0x9613, 0x9613, 0x9613, 0x9613, 0x9613, 0x9613, 0x9613, 0x9613, 0x9E93, 0xA714, 0xA714, 0xA714, 0xA714,
    0xA714, 0xAEB4, 0xC655, 0xBE95, 0xAED4, 0xA714, 0xA714, 0xAED4, 0xBE95, 0xC655, 0xAEB4, 0xA6F4, 0xB695, 0xC656, 0xC675, 0xBE95,
    0xBE75, 0xC655, 0xBE95, 0xA6F4, 0xAED4, 0xBE75, 0xBE75, 0xAED4, 0xA6D4, 0xBE95, 0xC655, 0xBE75, 0xB695, 0xAED4, 0xA6F4, 0x9E93,
    0x9613, 0x9613, 0x9613, 0x9674, 0x9ED6, 0xA717, 0xA717, 0x9ED6, 0x9654, 0x9653, 0xAEF5, 0xBF97, 0xBF97, 0xBF97, 0xBF97, 0xBF97,
    0xBF97, 0xBF97, 0xAEF5, 0x9633, 0x9654, 0x9ED6, 0xA717, 0xA717, 0xA717, 0xA717, 0xA717, 0xA717, 0xA717, 0xA717, 0xA717, 0xA717,
    0xA717, 0xA717, 0xA717, 0xA717, 0xA717, 0xA717, 0xA717, 0x9EB5, 0x9654, 0x9E53, 0xAF15, 0xBF97, 0xBF97, 0xBF97, 0xBF97, 0xBF97,
    0xBF97, 0xBF97, 0xB757, 0xAF37, 0x9ED5, 0x9633, 0x9613, 0x9654, 0x9654, 0x9613, 0x9613, 0x9613, 0x9613, 0x9613, 0x9613, 0x9613,
    0x9613, 0x9613, 0x9613, 0x9613, 0x9613, 0x9613, 0x9613, 0x9613, 0x9613, 0x9613, 0x9613, 0x9613, 0x9613, 0x9613, 0x9613, 0x9613,
    0x9E13, 0xA634, 0xA634, 0xA634, 0x9E13, 0x9613, 0x9613, 0x9613, 0x9613, 0x9613, 0x9613, 0x9613, 0x9613, 0x9673, 0x9EB3, 0x9ED3,
    0xA714, 0xA714, 0xA714, 0xA714, 0xA714, 0xA714, 0xA714, 0xA714, 0xA714, 0xA714, 0xA714, 0xA714, 0xA714, 0xA714, 0xA714, 0xA714,
    0xA714, 0xA714, 0xA714, 0xA714, 0xA714, 0xA714, 0xA714, 0xA714, 0xA714, 0xA714, 0xA714, 0xA714, 0xA714, 0xA714, 0xA714, 0xA714,
    0x9EF3, 0x9EB3, 0x9673, 0x9673, 0x9673, 0x9EB3, 0x9EF3, 0xA714, 0xA714, 0xA714, 0xA714, 0xA714, 0xA714, 0xA714, 0xA714, 0xA714,
    0xA714, 0xA714, 0xA714, 0xA714, 0xA714, 0xA714, 0xA714, 0xA714, 0xA714, 0xA714, 0xA714, 0xA714, 0xA714, 0xA714, 0xA714, 0xA714,
    0xA6F3, 0xA6D3, 0xA6B3, 0xA6D3, 0xA714, 0x9E93, 0x9613, 0x9613, 0x9613, 0x9613, 0xA634, 0xAE34, 0xBE35, 0xCE56, 0xCE56, 0xCE56,
    0xCE56, 0xC635, 0xA614, 0x9613, 0xAE93, 0xBEF4, 0xC714, 0xC714, 0xC714, 0xC714, 0xC714, 0xC714, 0xC714, 0xC714, 0xC714, 0xC714,
    0xC714, 0xC714, 0xC714, 0xC714, 0xBEF4, 0xAE93, 0x9613, 0xAE34, 0xC635, 0xCE56, 0xCE56, 0xCE56, 0xCE56, 0xC635, 0xBE35, 0xAE34,
    0xAE34, 0xA634, 0x9E13, 0x9613, 0x9613, 0x9613, 0x9613, 0x9613, 0x9613, 0x9613, 0x9613, 0x9613, 0x9613, 0x9613, 0x9E33, 0xAE93,
    0xBED3, 0xBEF3, 0xC714, 0xC714, 0xC6F4, 0xC695, 0xCE56, 0xB634, 0x9E13, 0x9613, 0x9613, 0x9673, 0x9ED3, 0xA714, 0xA714, 0xAED4,
    0xBE75, 0xC675, 0xAEB4, 0xA714, 0xA714, 0xA6F4, 0xB695, 0xCE56, 0xC675, 0xBE95, 0xAEB4, 0xA6F4, 0xAED4, 0xC675, 0xC655, 0xBE75,
    0xB6B5, 0xAEF4, 0xA6F4, 0xBE95, 0xC655, 0xB6B4, 0x9EF4, 0x9EB3, 0x9673, 0x9633, 0x9613, 0x9613, 0x9613, 0x9613, 0x9613, 0x9613,
    0x9613, 0x9613, 0x9613, 0x9613, 0x9613, 0x9613, 0x9613, 0x9613, 0x9613, 0x9613, 0x9613, 0x9E93, 0x9EF3, 0x9EF3, 0xA714, 0xA6F4,
    0xA6F4, 0xB6B4, 0xC655, 0xBE75, 0xAED4, 0xA6F4, 0xA6F4, 0xAED4, 0xBE95, 0xC655, 0xB6B4, 0xA6F4, 0xBE95, 0xCE56, 0xCE56, 0xCE56,
    0xCE56, 0xCE56, 0xBE95, 0xA6F4, 0xAED4, 0xBE75, 0xBE75, 0xAED4, 0xA6D4, 0xBE95, 0xCE56, 0xCE56, 0xC655, 0xB6B5, 0xA6F4, 0x9E73,
    0x9613, 0x9613, 0x9613, 0x9674, 0x9ED6, 0xA717, 0xA717, 0x9ED6, 0x9654, 0x9653, 0xAEF5, 0xB777, 0xB777, 0xBF97, 0xBF97, 0xBF97,
    0xB777, 0xB777, 0xA6F5, 0x9633, 0x9654, 0x9ED6, 0xA717, 0xA717, 0xA717, 0xA717, 0xA717, 0xA717, 0xA717, 0xA717, 0xA717, 0xA717,
    0xA717, 0xA717, 0xA717, 0xA717, 0xA717, 0xA717, 0xA717, 0x9EB5, 0x9654, 0x9E53, 0xAF15, 0xB777, 0xB777, 0xBF97, 0xBF97, 0xBF97,
    0xB776, 0xB776, 0xAF36, 0xA6F6, 0x9E95, 0x9633, 0x9613, 0x9613, 0x9613, 0x9613, 0x9613, 0x9613, 0x9613, 0x9613, 0x9613, 0x9613,
    0x9613, 0x9613, 0x9613, 0x9613, 0x9613, 0x9613, 0x9613, 0x9613, 0x9613, 0x9613, 0x9613, 0x9613, 0x9613, 0x9613, 0x9613, 0x9613,
    0xA634, 0xB655, 0xB655, 0xB655, 0xA634, 0x9E13, 0x9613, 0x9613, 0x9613, 0x9613, 0x9613, 0x9613, 0x9633, 0x9EB3, 0xA714, 0xA714,
    0xA714, 0xA714, 0xA714, 0xA714, 0xA714, 0xA714, 0xA714, 0xA714, 0xA714, 0xA714, 0xA714, 0xA714, 0xA714, 0xA714, 0xA714, 0xA714,
    0xA714, 0xA714, 0xA714, 0xA714, 0xA714, 0xA714, 0xA714, 0xA714, 0xA714, 0xA714, 0xA714, 0xA714, 0xA714, 0xA714, 0xA6F4, 0x9EF3,
    0x9ED3, 0x9673, 0x9613, 0x9613, 0x9613, 0x9673, 0x9ED3, 0x9EF3, 0xA6F4, 0xA714, 0xA714, 0xA714, 0xA714, 0xA714, 0xA714, 0xA714,
    0xA714, 0xA714, 0xA714, 0xA714, 0xA714, 0xA714, 0xA714, 0xA714, 0xA714, 0xA714, 0xA714, 0xA714, 0xA714, 0xA714, 0xA714, 0xA714,
    0xA6F3, 0xA6B3, 0xA693, 0xA6D3, 0xA714, 0x9E93, 0x9613, 0x9613, 0x9613, 0x9E13, 0xAE34, 0xB655, 0xC655, 0xCE56, 0xCE56, 0xCE56,
    0xCE56, 0xC635, 0xA614, 0x9613, 0xAE93, 0xBEF4, 0xC714, 0xC714, 0xC714, 0xC714, 0xC714, 0xC714, 0xC714, 0xC714, 0xC714, 0xC714,
    0xC714, 0xC714, 0xC714, 0xC714, 0xBEF4, 0xAE93, 0x9613, 0xAE34, 0xC635, 0xCE56, 0xCE56, 0xCE56, 0xCE56, 0xCE56, 0xCE56, 0xC655,
    0xBE55, 0xAE34, 0xA633, 0x9613, 0x9613, 0x9613, 0x9613, 0x9613, 0x9613, 0x9613, 0x9613, 0x9613, 0x9613, 0x9613, 0x9E53, 0xB6B3,
    0xBEF3, 0xBEF4, 0xC714, 0xC714, 0xC6F4, 0xC694, 0xC635, 0xAE34, 0x9613, 0x9613, 0x9613, 0x9653, 0x9ED3, 0x9EF3, 0x9EF3, 0xA6D4,
    0xBE75, 0xBE75, 0xAEB4, 0xA714, 0xA6F4, 0xA6F4, 0xB695, 0xCE56, 0xCE56, 0xCE56, 0xBE95, 0xA6F4, 0xAED4, 0xC675, 0xCE56, 0xCE56,
    0xBE75, 0xAED4, 0xA6F4, 0xBE95, 0xC655, 0xB6B4, 0x9EF4, 0x9E93, 0x9613, 0x9613, 0x9613, 0x9613, 0x9613, 0x9613, 0x9613, 0x9613,
    0x9613, 0x9613, 0x9613, 0x9613, 0x9613, 0x9613, 0x9613, 0x9613, 0x9613, 0x9613, 0x9613, 0x9653, 0x9673, 0x9EB3, 0xA714, 0xAED4,
    0xB6B5, 0xBE75, 0xC655, 0xC675, 0xBE95, 0xB6B4, 0xA6F4, 0xAED4, 0xBE95, 0xC655, 0xBE75, 0xBE95, 0xC675, 0xCE56, 0xCE56, 0xCE56,
    0xCE56, 0xCE56, 0xBE95, 0xA6F4, 0xAED4, 0xBE75, 0xBE75, 0xAED4, 0xA6D4, 0xBE95, 0xCE56, 0xCE56, 0xC655, 0xBE75, 0xB695, 0xA654,
    0x9613, 0x9613, 0x9613, 0x9674, 0x9ED6, 0xA717, 0xA717, 0x9ED6, 0x9654, 0x9633, 0xA6D5, 0xAF57, 0xB777, 0xBF97, 0xBF97, 0xBF97,
    0xB757, 0xAF37, 0xA6B5, 0x9633, 0x9654, 0x9ED6, 0xA717, 0xA717, 0xA717, 0xA717, 0xA717, 0xA717, 0xA717, 0xA717, 0xA717, 0xA717,
    0xA717, 0xA717, 0xA717, 0xA717, 0xA717, 0xA717, 0xA717, 0x9EB5, 0x9654, 0x9653, 0xA6D5, 0xAF57, 0xB777, 0xBF97, 0xBF97, 0xB776,
    0xAF15, 0xA6B4, 0x9E94, 0x9E74, 0x9654, 0x9613, 0x9613, 0x9613, 0x9613, 0x9613, 0x9613, 0x9613, 0x9613, 0x9E13, 0xA634, 0x9E13,
    0x9613, 0x9613, 0x9613, 0x9613, 0x9613, 0x9613, 0x9613, 0x9613, 0x9613, 0x9613, 0x9613, 0x9613, 0x9E13, 0xA634, 0xAE34, 0xB634,
    0xB635, 0xBE55, 0xBE55, 0xBE55, 0xB635, 0xB634, 0xAE34, 0xA634, 0x9E13, 0x9613, 0x9613, 0x9613, 0x9633, 0x9EB3, 0xA714, 0xA714,
    0xA714, 0xA714, 0xA714, 0xA714, 0xA714, 0xA714, 0xA714, 0xA714, 0xA714, 0xA714, 0xA714, 0xA714, 0xA714, 0xA714, 0xA714, 0xA714,
    0xA714, 0xA714, 0xA714, 0xA714, 0xA714, 0xA714, 0xA714, 0xA714, 0xA714, 0xA714, 0xA714, 0xA714, 0xA714, 0xA714, 0x9EF3, 0x9EB3,
    0x9673, 0x9633, 0x9613, 0x9613, 0x9613, 0x9633, 0x9673, 0x9EB3, 0x9EF3, 0xA714, 0xA714, 0xA714, 0xA714, 0xA714, 0xA714, 0xA714,
    0xA714, 0xA714, 0xA714, 0xA714, 0xA714, 0xA714, 0xA714, 0xA714, 0xA714, 0xA714, 0xA714, 0xA714, 0xA714, 0xA714, 0xA714, 0xA714,
    0x9EF3, 0x9E93, 0x9E53, 0x9EB3, 0xA714, 0x9E93, 0x9613, 0x9613, 0x9613, 0x9E13, 0xAE34, 0xB655, 0xC655, 0xCE56, 0xCE56, 0xCE56,
    0xCE56, 0xC635, 0xA614, 0x9613, 0xAE93, 0xBEF4, 0xC714, 0xC714, 0xC714, 0xC714, 0xC714, 0xC714, 0xC714, 0xC714, 0xC714, 0xC714,
    0xC714, 0xC714, 0xC714, 0xC714, 0xBEF4, 0xAE93, 0x9613, 0xAE34, 0xC635, 0xCE56, 0xCE56, 0xCE56, 0xCE56, 0xCE56, 0xCE56, 0xC655,
    0xC655, 0xBE35, 0xB635, 0xAE34, 0xAE34, 0xAE34, 0xAE34, 0xA634, 0x9E13, 0x9613, 0x9613, 0x9613, 0x9613, 0x9613, 0x9E33, 0xAE93,
    0xB6D3, 0xBEF3, 0xC714, 0xC714, 0xBEF4, 0xB694, 0xAE34, 0x9E13, 0x9613, 0x9613, 0x9613, 0x9633, 0x9673, 0x9673, 0x9673, 0x9E73,
    0xB654, 0xB675, 0xAEB4, 0xA6F4, 0xAED4, 0xB695, 0xBE75, 0xCE56, 0xCE56, 0xCE56, 0xBE95, 0xA6F4, 0xAED4, 0xC675, 0xCE56, 0xCE56,
    0xBE75, 0xAED4, 0xA6F4, 0xBE95, 0xC655, 0xB6B4, 0x9EF4, 0x9E93, 0x9613, 0x9613, 0x9613, 0x9613, 0x9613, 0x9613, 0x9613, 0x9613,
    0x9613, 0x9613, 0x9613, 0x9613, 0x9613, 0x9613, 0x9613, 0x9613, 0x9613, 0x9613, 0x9613, 0x9613, 0x9613, 0x9E93, 0xA6F4, 0xB6B4,
    0xC655, 0xCE56, 0xCE56, 0xCE56, 0xCE56, 0xBE75, 0xAED4, 0xAED4, 0xBE75, 0xCE56, 0xCE56, 0xCE56, 0xCE56, 0xCE56, 0xCE56, 0xCE56,
    0xCE56, 0xCE56, 0xBE95, 0xA6F4, 0xAED4, 0xC675, 0xBE75, 0xAED4, 0xAED4, 0xBE95, 0xCE56, 0xCE56, 0xCE56, 0xCE56, 0xC656, 0xAE34,
    0x9613, 0x9613, 0x9613, 0x9674, 0x9ED6, 0xA717, 0xA717, 0x9ED6, 0x9654, 0x9633, 0x9EB5, 0xA716, 0xAF57, 0xB777, 0xB777, 0xB777,
    0xAF57, 0xA716, 0x9E95, 0x9633, 0x9654, 0x9ED6, 0xA717, 0xA717, 0xA717, 0xA717, 0xA717, 0xA717, 0xA717, 0xA717, 0xA717, 0xA717,
    0xA717, 0xA717, 0xA717, 0xA717, 0xA717, 0xA717, 0xA717, 0x9EB5, 0x9654, 0x9633, 0x9EB5, 0xA716, 0xAF57, 0xB777, 0xB776, 0xB776,
    0xA6B4, 0x9613, 0x9613, 0x9613, 0x9613, 0x9613, 0x9613, 0x9613, 0x9613, 0x9613, 0x9613, 0x9613, 0x9613, 0xA634, 0xAE34, 0x9E13,
    0x9613, 0x9613, 0x9613, 0x9613, 0x9613, 0x9613, 0x9613, 0x9613, 0x9613, 0x9613, 0x9613, 0x9E13, 0xA634, 0xB655, 0xBE55, 0xCE56,
    0xCE56, 0xCE56, 0xCE56, 0xCE56, 0xCE56, 0xCE56, 0xC655, 0xB655, 0xA634, 0x9E13, 0x9613, 0x9613, 0x9633, 0x9EB3, 0xA714, 0xA714,
    0xA714, 0xA714, 0xA714, 0xA714, 0xA714, 0xA714, 0xA714, 0xA714, 0xA714, 0xA714, 0xA714, 0xA714, 0xA714, 0xA714, 0xA714, 0xA714,
    0xA714, 0xA714, 0xA714, 0xA714, 0xA714, 0xA714, 0xA714, 0xA714, 0xA714, 0xA714, 0xA714, 0xA714, 0xA714, 0xA714, 0x9ED3, 0x9673,
    0x9613, 0x9613, 0x9613, 0x9613, 0x9613, 0x9613, 0x9613, 0x9673, 0x9ED3, 0xA6F4, 0xA714, 0xA714, 0xA714, 0xA714, 0xA714, 0xA714,
    0xA714, 0xA714, 0xA714, 0xA714, 0xA714, 0xA714, 0xA714, 0xA714, 0xA714, 0xA714, 0xA714, 0xA714, 0xA714, 0xA714, 0xA714, 0xA714,
    0x9EF3, 0x9673, 0x9613, 0x9E93, 0xA714, 0x9E93, 0x9613, 0x9613, 0x9613, 0x9E13, 0xAE34, 0xB655, 0xC655, 0xCE56, 0xCE56, 0xCE56,
    0xC656, 0xC635, 0xA614, 0x9613, 0xAE93, 0xBEF4, 0xC714, 0xC714, 0xC714, 0xC714, 0xC714, 0xC714, 0xC714, 0xC714, 0xC714, 0xC714,
    0xC714, 0xC714, 0xC714, 0xC714, 0xBEF4, 0xAE93, 0x9613, 0xAE34, 0xC635, 0xCE56, 0xCE56, 0xCE56, 0xCE56, 0xCE56, 0xCE56, 0xCE56,
    0xCE56, 0xCE56, 0xCE56, 0xCE56, 0xCE56, 0xCE56, 0xBE55, 0xB655, 0xA634, 0x9613, 0x9613, 0x9613, 0x9613, 0x9613, 0x9613, 0xA653,
    0xAE93, 0xB6D3, 0xC714, 0xC714, 0xBEF3, 0xA673, 0x9613, 0x9613, 0x9613, 0x9613, 0x9613, 0x9613, 0x9613, 0x9613, 0x9613, 0x9613,
    0xA634, 0xAE74, 0xA6B4, 0xA6F4, 0xB695, 0xC655, 0xC656, 0xC656, 0xCE56, 0xCE56, 0xBE95, 0xA6F4, 0xAEB4, 0xC675, 0xCE56, 0xCE56,
    0xC675, 0xAED4, 0xA6F4, 0xBE95, 0xC655, 0xB6B4, 0x9EF4, 0x9E93, 0x9613, 0x9613, 0x9613, 0x9613, 0x9613, 0x9613, 0x9613, 0x9613,
    0x9613, 0x9613, 0x9613, 0x9613, 0x9613, 0x9613, 0x9613, 0x9613, 0x9613, 0x9613, 0x9613, 0x9613, 0x9613, 0x9E93, 0xA6F4, 0xB6B4,
    0xC655, 0xCE56, 0xCE56, 0xCE56, 0xCE56, 0xC655, 0xBE95, 0xBE95, 0xC675, 0xCE56, 0xCE56, 0xCE56, 0xCE56, 0xCE56, 0xCE56, 0xCE56,
    0xCE56, 0xCE56, 0xC675, 0xB695, 0xBE95, 0xC655, 0xC655, 0xBE95, 0xBE95, 0xC675, 0xCE56, 0xCE56, 0xCE56, 0xCE56, 0xC656, 0xAE34,
    0x9613, 0x9613, 0x9613, 0x9674, 0x9ED6, 0xA717, 0xA717, 0x9ED6, 0x9654, 0x9613, 0x9654, 0x9E95, 0xA6F6, 0xAF57, 0xAF57, 0xAF57,
    0xA6F6, 0x9E95, 0x9654, 0x9613, 0x9654, 0x9ED6, 0xA717, 0xA717, 0xA717, 0xA717, 0xA717, 0xA717, 0xA717, 0xA717, 0xA717, 0xA717,
    0xA717, 0xA717, 0xA717, 0xA717, 0xA717, 0xA717, 0xA717, 0x9EB5, 0x9654, 0x9613, 0x9654, 0x9E95, 0xA6F6, 0xAF36, 0xA6F5, 0xA6B4,
    0x9E74, 0x9613, 0x9613, 0x9613, 0x9613, 0x9613, 0x9613, 0x9E13, 0xA634, 0xAE34, 0xAE34, 0xA634, 0xA634, 0xA614, 0x9E33, 0x9613,
    0x9613, 0x9613, 0x9613, 0x9613, 0x9613, 0x9613, 0x9613, 0x9613, 0x9613, 0x9613, 0xA614, 0xAE34, 0xB635, 0xBE55, 0xC655, 0xCE56,
    0xCE56, 0xCE56, 0xCE56, 0xCE56, 0xCE56, 0xCE56, 0xC655, 0xBE55, 0xAE34, 0x9E13, 0x9613, 0x9613, 0x9633, 0x9EB3, 0xA714, 0xA714,
    0xA714, 0xA714, 0xA714, 0xA714, 0xA714, 0xA714, 0xA714, 0xA714, 0xA714, 0xA714, 0xA714, 0xA714, 0xA714, 0xA714, 0xA714, 0xA714,
    0xA714, 0xA714, 0xA714, 0xA714, 0xA714, 0xA714, 0xA714, 0xA714, 0xA714, 0xA714, 0xA714, 0xA714, 0xA714, 0xA714, 0x9ED3, 0x9673,
    0x9613, 0x9653, 0x9E93, 0x9E93, 0x9E93, 0x9653, 0x9613, 0x9633, 0x9673, 0x9EB3, 0x9EF3, 0xA714, 0xA714, 0xA714, 0xA714, 0xA714,
    0xA714, 0xA714, 0xA714, 0xA714, 0xA714, 0xA714, 0xA714, 0xA714, 0xA714, 0xA714, 0xA714, 0xA714, 0xA714, 0xA714, 0xA714, 0xA714,
    0x9EF3, 0x9E93, 0x9E53, 0x9EB3, 0xA714, 0x9E93, 0x9613, 0x9613, 0x9613, 0x9613, 0x9E13, 0xAE34, 0xBE35, 0xCE56, 0xCE56, 0xC655,
    0xC655, 0xB635, 0xA614, 0x9613, 0xAE93, 0xBEF4, 0xC714, 0xC714, 0xC714, 0xC714, 0xC714, 0xC714, 0xC714, 0xC714, 0xC714, 0xC714,
    0xC714, 0xC714, 0xC714, 0xC714, 0xBEF4, 0xAE93, 0x9613, 0xAE34, 0xC635, 0xCE56, 0xCE56, 0xCE56, 0xCE56, 0xCE56, 0xCE56, 0xCE56,
    0xCE56, 0xCE56, 0xCE56, 0xCE56, 0xCE56, 0xCE56, 0xC655, 0xBE55, 0xB634, 0xA634, 0x9E13, 0x9613, 0x9613, 0x9613, 0x9613, 0x9E33,
    0xA673, 0xB6D3, 0xC714, 0xC714, 0xBEF3, 0xA673, 0x9613, 0x9613, 0x9613, 0x9613, 0x9613, 0x9613, 0x9613, 0x9613, 0x9613, 0x9613,
    0x9E13, 0x9E33, 0x9E73, 0x9E73, 0xA654, 0xAE34, 0xB635, 0xBE55, 0xC655, 0xC656, 0xC675, 0xB695, 0xBE95, 0xC655, 0xCE56, 0xCE56,
    0xC655, 0xBE95, 0xB695, 0xC675, 0xC655, 0xB6B4, 0x9EF4, 0x9E93, 0x9613, 0x9613, 0x9613, 0x9613, 0x9613, 0x9613, 0x9613, 0x9613,
    0x9613, 0x9613, 0x9613, 0x9613, 0x9613, 0x9613, 0x9613, 0x9613, 0x9613, 0x9613, 0x9613, 0x9613, 0x9613, 0x9E93, 0xA6F4, 0xB6B4,
    0xC655, 0xCE56, 0xCE56, 0xCE56, 0xCE56, 0xCE56, 0xC656, 0xC656, 0xC656, 0xCE56, 0xCE56, 0xCE56, 0xCE56, 0xCE56, 0xCE56, 0xCE56,
    0xCE56, 0xCE56, 0xC656, 0xC656, 0xC656, 0xCE56, 0xCE56, 0xC656, 0xC656, 0xC656, 0xCE56, 0xCE56, 0xCE56, 0xCE56, 0xC656, 0xAE34,
    0x9613, 0x9613, 0x9613, 0x9674, 0x9ED6, 0xA717, 0xA717, 0x9ED6, 0x9654, 0x9613, 0x9613, 0x9633, 0x9E95, 0xA717, 0xA717, 0xA717,
    0x9E95, 0x9613, 0x9613, 0x9613, 0x9654, 0x9ED6, 0xA717, 0xA717, 0xA717, 0xA717, 0xA717, 0xA717, 0xA717, 0xA717, 0xA717, 0xA717,
    0xA717, 0xA717, 0xA717, 0xA717, 0xA717, 0xA717, 0xA717, 0x9EB5, 0x9654, 0x9613, 0x9613, 0x9633, 0x9EB5, 0x9EF6, 0x9E74, 0x9613,
    0x9613, 0x9613, 0x9613, 0x9613, 0x9613, 0x9613, 0x9E13, 0xAE34, 0xB655, 0xC655, 0xC655, 0xB655, 0xAE34, 0x9E13, 0x9613, 0x9613,
    0x9613, 0x9613, 0x9613, 0x9613, 0x9613, 0x9613, 0x9613, 0x9613, 0x9613, 0x9E13, 0xB635, 0xC655, 0xC656, 0xC656, 0xCE56, 0xCE56,
    0xCE56, 0xCE56, 0xCE56, 0xCE56, 0xCE56, 0xCE56, 0xCE56, 0xC656, 0xB635, 0x9E13, 0x9613, 0x9613, 0x9633, 0x9EB3, 0xA714, 0xA714,
    0xA714, 0xA714, 0xA714, 0xA714, 0xA714, 0xA714, 0xA714, 0xA714, 0xA714, 0xA714, 0xA714, 0xA714, 0xA714, 0xA714, 0xA714, 0xA714,
    0xA714, 0xA714, 0xA714, 0xA714, 0xA714, 0xA714, 0xA714, 0xA714, 0xA714, 0xA714, 0xA714, 0xA714, 0xA714, 0xA714, 0x9ED3, 0x9673,
    0x9613, 0x9E93, 0x9EF4, 0x9EF4, 0x9EF4, 0x9E93, 0x9613, 0x9613, 0x9613, 0x9653, 0x9ED3, 0xA714, 0xA714, 0xA714, 0xA714, 0xA714,
    0xA714, 0xA714, 0xA714, 0xA714, 0xA714, 0xA714, 0xA714, 0xA714, 0xA714, 0xA714, 0xA714, 0xA714, 0xA714, 0xA714, 0xA714, 0xA714,
    0xA6F3, 0xA6B3, 0xA693, 0xA6D3, 0xA714, 0x9E93, 0x9613, 0x9613, 0x9613, 0x9613, 0x9613, 0xA613, 0xBE35, 0xCE56, 0xCE56, 0xC655,
    0xBE55, 0xAE34, 0x9E13, 0x9613, 0xAE93, 0xBEF4, 0xC714, 0xC714, 0xC714, 0xC714, 0xC714, 0xC714, 0xC714, 0xC714, 0xC714, 0xC714,
    0xC714, 0xC714, 0xC714, 0xC714, 0xBEF4, 0xAE93, 0x9613, 0xAE34, 0xC635, 0xCE56, 0xCE56, 0xCE56, 0xCE56, 0xCE56, 0xCE56, 0xCE56,
    0xCE56, 0xCE56, 0xCE56, 0xCE56, 0xCE56, 0xCE56, 0xCE56, 0xC656, 0xBE55, 0xB655, 0xA634, 0x9613, 0x9613, 0x9613, 0x9613, 0x9613,
    0x9E33, 0xB6B3, 0xC714, 0xC714, 0xBEF3, 0xA673, 0x9613, 0x9613, 0x9613, 0x9613, 0x9613, 0x9613, 0x9613, 0x9613, 0x9613, 0x9613,
    0x9613, 0x9613, 0x9613, 0x9613, 0x9613, 0x9613, 0xA634, 0xB655, 0xBE55, 0xC655, 0xC656, 0xC656, 0xC656, 0xCE56, 0xCE56, 0xCE56,
    0xCE56, 0xC656, 0xC656, 0xC656, 0xC655, 0xB6B4, 0x9EF4, 0x9E93, 0x9613, 0x9613, 0x9613, 0x9613, 0x9613, 0x9613, 0x9613, 0x9613,
    0x9613, 0x9613, 0x9613, 0x9613, 0x9613, 0x9613, 0x9613, 0x9613, 0x9613, 0x9613, 0x9613, 0x9613, 0x9613, 0xA653, 0xB6B4, 0xBE75,
    0xC655, 0xCE56, 0xCE56, 0xCE56, 0xCE56, 0xCE56, 0xCE56, 0xCE56, 0xCE56, 0xCE56, 0xCE56, 0xCE56, 0xCE56, 0xCE56, 0xCE56, 0xCE56,
    0xCE56, 0xCE56, 0xCE56, 0xCE56, 0xCE56, 0xCE56, 0xCE56, 0xCE56, 0xCE56, 0xCE56, 0xCE56, 0xCE56, 0xCE56, 0xCE56, 0xC656, 0xAE34,
    0x9613, 0x9613, 0x9613, 0x9674, 0x9ED6, 0xA717, 0xA717, 0x9EF6, 0x9E95, 0x9654, 0x9633, 0x9613, 0x9654, 0x9E95, 0x9E95, 0x9E95,
    0x9654, 0x9613, 0x9633, 0x9674, 0x9EB5, 0x9EF6, 0xA717, 0xA717, 0xA717, 0xA717, 0xA717, 0xA717, 0xA717, 0xA717, 0xA717, 0xA717,
    0xA717, 0xA717, 0xA717, 0xA717, 0xA717, 0xA717, 0xA717, 0x9ED6, 0x9E95, 0x9654, 0x9633, 0x9613, 0x9654, 0x9E95, 0x9634, 0x9613,
    0x9613, 0x9613, 0x9613, 0x9E13, 0xA634, 0xA634, 0xAE34, 0xB635, 0xBE55, 0xBE55, 0xBE35, 0xAE34, 0x9E34, 0x9613, 0x9613, 0x9613,
    0x9613, 0x9613, 0x9613, 0x9613, 0x9613, 0x9613, 0x9613, 0x9613, 0x9E13, 0xAE34, 0xBE35, 0xCE56, 0xCE56, 0xCE56, 0xCE56, 0xCE56,
    0xCE56, 0xCE56, 0xCE56, 0xCE56, 0xCE56, 0xCE56, 0xCE56, 0xCE56, 0xB635, 0x9E13, 0x9613, 0x9613, 0x9633, 0x9EB3, 0xA714, 0xA714,
    0xA714, 0xA714, 0xA714, 0xA714, 0xA714, 0xA714, 0xA714, 0xA714, 0xA714, 0xA714, 0xA714, 0xA714, 0xA714, 0xA714, 0xA714, 0xA714,
    0xA714, 0xA714, 0xA714, 0xA714, 0xA714, 0xA714, 0xA714, 0xA714, 0xA714, 0xA714, 0xA714, 0xA714, 0x9EF3, 0x9EB3, 0x9E73, 0x9633,
    0x9613, 0x9E93, 0xA714, 0xA714, 0xA714, 0x9ED3, 0x9E93, 0x9653, 0x9613, 0x9653, 0x9ED3, 0xA714, 0xA714, 0xA714, 0xA714, 0xA714,
    0xA714, 0xA714, 0xA714, 0xA714, 0xA714, 0xA714, 0xA714, 0xA714, 0xA714, 0xA714, 0xA714, 0xA714, 0xA714, 0xA714, 0xA714, 0xA714,
    0xA6F3, 0xA6D3, 0xA6B3, 0xA6F3, 0xA714, 0x9ED3, 0x9673, 0x9653, 0x9613, 0x9613, 0x9613, 0x9E13, 0xBE35, 0xCE56, 0xCE56, 0xC635,
    0xB634, 0xA634, 0x9E33, 0x9E53, 0xAEB3, 0xBEF4, 0xC714, 0xC714, 0xC714, 0xC714, 0xC714, 0xC714, 0xC714, 0xC714, 0xC714, 0xC714,
    0xC714, 0xC714, 0xC714, 0xC714, 0xBEF4, 0xAE93, 0x9613, 0xA634, 0xBE35, 0xC655, 0xC655, 0xCE56, 0xCE56, 0xCE56, 0xCE56, 0xCE56,
    0xCE56, 0xCE56, 0xCE56, 0xCE56, 0xCE56, 0xCE56, 0xCE56, 0xCE56, 0xC655, 0xBE55, 0xB634, 0xA634, 0x9E13, 0x9613, 0x9613, 0x9613,
    0x9633, 0xAE93, 0xB6D3, 0xBEB4, 0xC6B4, 0xAE53, 0x9613, 0x9613, 0x9613, 0x9613, 0x9613, 0x9613, 0x9613, 0x9613, 0x9613, 0x9613,
    0x9613, 0x9613, 0x9613, 0x9613, 0x9613, 0x9613, 0x9E13, 0xA634, 0xAE34, 0xAE34, 0xAE34, 0xAE34, 0xB635, 0xBE35, 0xC655, 0xC655,
    0xCE56, 0xCE56, 0xCE56, 0xCE56, 0xC655, 0xAE74, 0x9E93, 0x9653, 0x9613, 0x9613, 0x9613, 0x9613, 0x9613, 0x9613, 0x9613, 0x9613,
    0x9613, 0x9613, 0x9613, 0x9613, 0x9613, 0x9613, 0x9613, 0x9613, 0x9613, 0x9613, 0x9613, 0x9613, 0x9613, 0xAE34, 0xC655, 0xC655,
    0xCE56, 0xCE56, 0xCE56, 0xCE56, 0xCE56, 0xCE56, 0xCE56, 0xCE56, 0xCE56, 0xCE56, 0xCE56, 0xCE56, 0xCE56, 0xCE56, 0xCE56, 0xCE56,
    0xCE56, 0xCE56, 0xCE56, 0xCE56, 0xCE56, 0xCE56, 0xCE56, 0xCE56, 0xCE56, 0xCE56, 0xCE56, 0xCE56, 0xCE56, 0xCE56, 0xC656, 0xAE34,
    0x9613, 0x9613, 0x9613, 0x9674, 0x9ED6, 0xA717, 0xA717, 0x9EF6, 0x9EF6, 0x9ED6, 0x9654, 0x9613, 0x9613, 0x9613, 0x9613, 0x9613,
    0x9613, 0x9613, 0x9674, 0x9ED6, 0x9EF6, 0xA6F6, 0xA717, 0xA717, 0xA717, 0xA717, 0xA717, 0xA717, 0xA717, 0xA717, 0xA717, 0xA717,
    0xA717, 0xA717, 0xA717, 0xA717, 0xA717, 0xA717, 0xA717, 0x9EF6, 0x9EF6, 0x9EB5, 0x9654, 0x9613, 0x9613, 0x9613, 0x9613, 0x9613,
    0x9613, 0x9613, 0x9E13, 0xAE34, 0xB635, 0xC635, 0xC635, 0xC655, 0xC655, 0xBE55, 0xAE34, 0x9E13, 0x9613, 0x9613, 0x9613, 0x9613,
    0x9613, 0x9613, 0x9613, 0x9613, 0x9613, 0x9613, 0x9613, 0x9E13, 0xA634, 0xB635, 0xC655, 0xCE56, 0xCE56, 0xCE56, 0xCE56, 0xCE56,
    0xCE56, 0xCE56, 0xCE56, 0xCE56, 0xCE56, 0xCE56, 0xCE56, 0xCE56, 0xB635, 0x9E13, 0x9613, 0x9613, 0x9633, 0x9EB3, 0xA714, 0xA714,
    0xA714, 0xA714, 0xA714, 0xA714, 0xA714, 0xA714, 0xA714, 0xA714, 0xA714, 0xA714, 0xA714, 0xA714, 0xA714, 0xA714, 0xA714, 0xA714,
    0xA714, 0xA714, 0xA714, 0xA714, 0xA714, 0xA714, 0xA714, 0xA714, 0xA714, 0xA714, 0xA714, 0xA714, 0x9ED3, 0x9673, 0x9613, 0x9613,
    0x9613, 0x9E93, 0xA714, 0xA714, 0xA714, 0x9EF4, 0x9EF3, 0x9E93, 0x9633, 0x9653, 0x9ED3, 0xA714, 0xA714, 0xA714, 0xA714, 0xA714,
    0xA714, 0xA714, 0xA714, 0xA714, 0xA714, 0xA714, 0xA714, 0xA714, 0xA714, 0xA714, 0xA714, 0xA714, 0xA714, 0xA714, 0xA714, 0xA714,
    0xA714, 0xA6F3, 0xA6F3, 0xA6F4, 0xA714, 0x9EF4, 0x9EF3, 0x9E93, 0x9633, 0x9613, 0x9613, 0x9E13, 0xBE35, 0xCE56, 0xCE56, 0xBE35,
    0xA614, 0x9613, 0x9E53, 0xA673, 0xB6D3, 0xBF14, 0xC714, 0xC714, 0xC714, 0xC714, 0xC714, 0xC714, 0xC714, 0xC714, 0xC714, 0xC714,
    0xC714, 0xC714, 0xC714, 0xC714, 0xBEF4, 0xAE93, 0x9613, 0x9E33, 0xAE34, 0xBE55, 0xC655, 0xCE56, 0xCE56, 0xCE56, 0xCE56, 0xCE56,
    0xCE56, 0xCE56, 0xCE56, 0xCE56, 0xCE56, 0xCE56, 0xCE56, 0xCE56, 0xC656, 0xC655, 0xBE55, 0xB635, 0xA634, 0x9613, 0x9613, 0x9613,
    0x9613, 0xA673, 0xAE93, 0xBE74, 0xC655, 0xAE34, 0x9613, 0x9613, 0x9613, 0x9613, 0x9613, 0x9613, 0x9613, 0x9613, 0x9613, 0x9613,
    0x9613, 0x9613, 0x9613, 0x9613, 0x9613, 0x9613, 0x9613, 0x9613, 0x9613, 0x9613, 0x9613, 0x9613, 0x9E13, 0xAE34, 0xBE55, 0xC655,
    0xCE56, 0xCE56, 0xCE56, 0xCE56, 0xC635, 0xAE34, 0x9613, 0x9613, 0x9613, 0x9613, 0x9613, 0x9613, 0x9613, 0x9613, 0x9613, 0x9613
};
